symbol,entry,exit,status,factor_entry,factor_exit,class
SBS,2019-01-04,2019-01-18,VALID,0.1584375,0.15844875346260387,NO_ADJUSTMENT_IN_WINDOW
INSM,2019-01-08,2019-01-23,VALID,1.0,1.0,NO_ADJUSTMENT_IN_WINDOW
LXFT,2019-01-08,2019-01-23,VALID,1.0,1.0,NO_ADJUSTMENT_IN_WINDOW
QEP,2019-01-08,2019-01-23,VALID,0.9799307958477509,0.9799760191846523,NO_ADJUSTMENT_IN_WINDOW
AXSM,2019-01-09,2019-01-24,VALID,1.0,1.0,NO_ADJUSTMENT_IN_WINDOW
VNE,2019-01-09,2019-01-24,VALID,1.0,1.0,NO_ADJUSTMENT_IN_WINDOW
GMED,2019-01-10,2019-01-25,VALID,1.0,1.0,NO_ADJUSTMENT_IN_WINDOW
NEO,2019-01-10,2019-01-25,VALID,1.0,1.0,NO_ADJUSTMENT_IN_WINDOW
MBOT,2019-01-17,2019-02-01,VALID,1.0,1.0,NO_ADJUSTMENT_IN_WINDOW
CARS,2019-01-18,2019-02-04,VALID,1.0,1.0,NO_ADJUSTMENT_IN_WINDOW
MBOT,2019-01-18,2019-02-04,VALID,1.0,1.0,NO_ADJUSTMENT_IN_WINDOW
OZK,2019-01-22,2019-02-05,VALID,0.7599752551809466,0.7600633914421553,SMALL_UNLISTED_FACTOR_CHANGE_<=0.2pct (dividend or raw cent-rounding noise)
AZPN,2019-01-25,2019-02-08,VALID,1.0,1.0,NO_ADJUSTMENT_IN_WINDOW
MTOR,2019-01-30,2019-02-13,VALID,1.0,1.0,NO_ADJUSTMENT_IN_WINDOW
WWD,2019-01-30,2019-02-13,VALID,0.955043227665706,0.9549702633814784,NO_ADJUSTMENT_IN_WINDOW
EVR,2019-01-31,2019-02-14,VALID,0.8484147952443857,0.8483698079499777,NO_ADJUSTMENT_IN_WINDOW
COHR,2019-02-01,2019-02-15,VALID,1.0,1.0,NO_ADJUSTMENT_IN_WINDOW
FLEX,2019-02-01,2019-02-15,VALID,0.7274043433298862,0.7274146341463416,NO_ADJUSTMENT_IN_WINDOW
IIVI,2019-02-01,2019-02-15,VALID,0.967640094711918,0.9676591375770021,NO_ADJUSTMENT_IN_WINDOW
CTLT,2019-02-06,2019-02-21,VALID,1.0,1.0,NO_ADJUSTMENT_IN_WINDOW
SBH,2019-02-06,2019-02-21,VALID,1.0,1.0,NO_ADJUSTMENT_IN_WINDOW
MGNX,2019-02-07,2019-02-22,VALID,1.0,1.0,NO_ADJUSTMENT_IN_WINDOW
PLT,2019-02-07,2019-02-22,VALID,0.7386744966442953,0.7409224730127576,"UNLISTED_FACTOR_CHANGE_>0.2pct (dividend/special distribution/other, not in CA metadata)"
POLY,2019-02-07,2019-02-22,VALID,0.9723154362416108,0.9752698724239449,"UNLISTED_FACTOR_CHANGE_>0.2pct (dividend/special distribution/other, not in CA metadata)"
COLM,2019-02-11,2019-02-26,VALID,0.9022640454672506,0.9023092274066331,NO_ADJUSTMENT_IN_WINDOW
COTY,2019-02-11,2019-02-26,VALID,0.9466666666666667,0.9463327370304114,SMALL_UNLISTED_FACTOR_CHANGE_<=0.2pct (dividend or raw cent-rounding noise)
MAT,2019-02-11,2019-02-26,VALID,1.0,1.0,NO_ADJUSTMENT_IN_WINDOW
UI,2019-02-11,2019-02-26,VALID,0.9324313632407627,0.9341664959366249,SMALL_UNLISTED_FACTOR_CHANGE_<=0.2pct (dividend or raw cent-rounding noise)
NSP,2019-02-12,2019-02-27,VALID,0.7885692657077972,0.7884966283220944,NO_ADJUSTMENT_IN_WINDOW
NUVA,2019-02-12,2019-02-27,VALID,1.0,1.0,NO_ADJUSTMENT_IN_WINDOW
CHGG,2019-02-13,2019-02-28,VALID,1.0,1.0,NO_ADJUSTMENT_IN_WINDOW
MIME,2019-02-13,2019-02-28,VALID,1.0,1.0,NO_ADJUSTMENT_IN_WINDOW
IRWD,2019-02-14,2019-03-01,VALID,1.0,1.0,NO_ADJUSTMENT_IN_WINDOW
NGVT,2019-02-15,2019-03-04,VALID,1.0,1.0,NO_ADJUSTMENT_IN_WINDOW
YETI,2019-02-15,2019-03-04,VALID,1.0,1.0,NO_ADJUSTMENT_IN_WINDOW
TLND,2019-02-19,2019-03-05,VALID,1.0,1.0,NO_ADJUSTMENT_IN_WINDOW
TNET,2019-02-19,2019-03-05,VALID,0.9565360013121207,0.9566146261298274,NO_ADJUSTMENT_IN_WINDOW
ATTU,2019-02-22,2019-03-08,VALID,1.0,1.0,NO_ADJUSTMENT_IN_WINDOW
CAR,2019-02-22,2019-03-08,VALID,0.9500580720092916,0.9501166861143524,NO_ADJUSTMENT_IN_WINDOW
LOPE,2019-02-22,2019-03-08,VALID,1.0,1.0,NO_ADJUSTMENT_IN_WINDOW
BYD,2019-02-25,2019-03-11,VALID,0.9431309904153354,0.9430422919508867,NO_ADJUSTMENT_IN_WINDOW
CRSP,2019-02-26,2019-03-12,VALID,1.0,1.0,NO_ADJUSTMENT_IN_WINDOW
QURE,2019-02-26,2019-03-12,VALID,1.0,1.0,NO_ADJUSTMENT_IN_WINDOW
RGNX,2019-02-26,2019-03-12,VALID,1.0,1.0,NO_ADJUSTMENT_IN_WINDOW
DDS,2019-02-27,2019-03-13,VALID,0.75575,0.7557336280740536,NO_ADJUSTMENT_IN_WINDOW
JBTM,2019-02-27,2019-03-13,VALID,0.9728231908771182,0.9738426179271096,SMALL_UNLISTED_FACTOR_CHANGE_<=0.2pct (dividend or raw cent-rounding noise)
MNK,2019-02-27,2019-03-13,VALID,1.0,1.0,NO_ADJUSTMENT_IN_WINDOW
THC,2019-02-27,2019-03-13,VALID,1.0,1.0,NO_ADJUSTMENT_IN_WINDOW
SE,2019-02-28,2019-03-14,VALID,1.0,1.0,NO_ADJUSTMENT_IN_WINDOW
VSM,2019-02-28,2019-03-14,VALID,0.9969499796665311,0.9969635627530364,NO_ADJUSTMENT_IN_WINDOW
CRC,2019-03-01,2019-03-15,VALID,0.8789782244556114,0.8789649415692821,NO_ADJUSTMENT_IN_WINDOW
HZNP,2019-03-01,2019-03-15,VALID,1.0,1.0,NO_ADJUSTMENT_IN_WINDOW
AMC,2019-03-04,2019-03-18,VALID,3.1545623836126633,3.198,"UNLISTED_FACTOR_CHANGE_>0.2pct (dividend/special distribution/other, not in CA metadata)"
BIO,2019-03-04,2019-03-18,VALID,1.0,1.0,NO_ADJUSTMENT_IN_WINDOW
PBYI,2019-03-04,2019-03-18,VALID,1.0,1.0,NO_ADJUSTMENT_IN_WINDOW
PTLA,2019-03-04,2019-03-18,VALID,1.0,1.0,NO_ADJUSTMENT_IN_WINDOW
ASND,2019-03-05,2019-03-19,VALID,1.0,1.0,NO_ADJUSTMENT_IN_WINDOW
ANF,2019-03-07,2019-03-21,VALID,0.949126213592233,0.9488188976377954,SMALL_UNLISTED_FACTOR_CHANGE_<=0.2pct (dividend or raw cent-rounding noise)
AVAV,2019-03-07,2019-03-21,VALID,1.0,1.0,NO_ADJUSTMENT_IN_WINDOW
EAF,2019-03-08,2019-03-22,VALID,9.521487603305784,9.52124183006536,NO_ADJUSTMENT_IN_WINDOW
HIIQ,2019-03-08,2019-03-22,VALID,1.0,1.0,NO_ADJUSTMENT_IN_WINDOW
AKTX,2019-03-14,2019-03-28,VALID,799.9999999999999,800.0,NO_ADJUSTMENT_IN_WINDOW
AKTX,2019-03-15,2019-03-29,VALID,800.0,800.0,NO_ADJUSTMENT_IN_WINDOW
ATOS,2019-03-15,2019-03-29,VALID,15.0,15.0,NO_ADJUSTMENT_IN_WINDOW
HUCK,2019-03-15,2019-03-29,VALID,1.0,1.0,NO_ADJUSTMENT_IN_WINDOW
AXSM,2019-03-28,2019-04-11,VALID,1.0,1.0,NO_ADJUSTMENT_IN_WINDOW
SHOE,2019-03-28,2019-04-11,VALID,0.43848834092736527,0.43949970913321695,"UNLISTED_FACTOR_CHANGE_>0.2pct (dividend/special distribution/other, not in CA metadata)"
QTNA,2019-03-29,2019-04-12,VALID,1.0,1.0,NO_ADJUSTMENT_IN_WINDOW
BB,2019-04-01,2019-04-15,VALID,1.0,1.0,NO_ADJUSTMENT_IN_WINDOW
EXP,2019-04-01,2019-04-15,VALID,0.9630109553539875,0.9641739130434782,SMALL_UNLISTED_FACTOR_CHANGE_<=0.2pct (dividend or raw cent-rounding noise)
PRGS,2019-04-01,2019-04-15,VALID,0.9227833894500561,0.9227242960052391,NO_ADJUSTMENT_IN_WINDOW
HTT,2019-04-15,2019-04-30,VALID,1.0,1.0,NO_ADJUSTMENT_IN_WINDOW
ADSW,2019-04-16,2019-05-01,VALID,1.0,1.0,NO_ADJUSTMENT_IN_WINDOW
EFII,2019-04-16,2019-05-01,VALID,1.0,1.0,NO_ADJUSTMENT_IN_WINDOW
MDSO,2019-04-23,2019-05-07,VALID,1.0,1.0,NO_ADJUSTMENT_IN_WINDOW
EHTH,2019-04-29,2019-05-13,VALID,1.0,1.0,NO_ADJUSTMENT_IN_WINDOW
GDI,2019-04-30,2019-05-14,VALID,1.0,1.0,NO_ADJUSTMENT_IN_WINDOW
IR,2019-04-30,2019-05-14,VALID,1.0871842267406038,1.0870574579222287,SMALL_UNLISTED_FACTOR_CHANGE_<=0.2pct (dividend or raw cent-rounding noise)
VRNS,2019-05-01,2019-05-15,VALID,0.33328639819769085,0.3333333333333333,SMALL_UNLISTED_FACTOR_CHANGE_<=0.2pct (dividend or raw cent-rounding noise)
WAGE,2019-05-01,2019-05-15,VALID,1.0,1.0,NO_ADJUSTMENT_IN_WINDOW
ENPH,2019-05-02,2019-05-16,VALID,1.0,1.0,NO_ADJUSTMENT_IN_WINDOW
NUS,2019-05-02,2019-05-16,VALID,0.7627906976744186,0.7628571428571428,NO_ADJUSTMENT_IN_WINDOW
PCRX,2019-05-02,2019-05-16,VALID,1.0,1.0,NO_ADJUSTMENT_IN_WINDOW
BRKR,2019-05-06,2019-05-20,VALID,0.9747604580509466,0.9748719199804831,SMALL_UNLISTED_FACTOR_CHANGE_<=0.2pct (dividend or raw cent-rounding noise)
SBGI,2019-05-07,2019-05-21,VALID,0.6839445802770986,0.6838664074924898,SMALL_UNLISTED_FACTOR_CHANGE_<=0.2pct (dividend or raw cent-rounding noise)
SEDG,2019-05-08,2019-05-22,VALID,1.0,1.0,NO_ADJUSTMENT_IN_WINDOW
AVLR,2019-05-09,2019-05-23,VALID,1.0,1.0,NO_ADJUSTMENT_IN_WINDOW
TSG,2019-05-10,2019-05-24,VALID,1.0,1.0,NO_ADJUSTMENT_IN_WINDOW
BPL,2019-05-13,2019-05-28,VALID,0.9643287539166063,0.9819070904645476,"UNLISTED_FACTOR_CHANGE_>0.2pct (dividend/special distribution/other, not in CA metadata)"
GH,2019-05-13,2019-05-28,VALID,1.0,1.0,NO_ADJUSTMENT_IN_WINDOW
ZG,2019-05-13,2019-05-28,VALID,1.0,1.0,NO_ADJUSTMENT_IN_WINDOW
AGIO,2019-05-17,2019-06-03,VALID,1.0,1.0,NO_ADJUSTMENT_IN_WINDOW
IOVA,2019-05-17,2019-06-03,VALID,1.0,1.0,NO_ADJUSTMENT_IN_WINDOW
CRAY,2019-05-20,2019-06-04,VALID,1.0,1.0,NO_ADJUSTMENT_IN_WINDOW
DY,2019-05-22,2019-06-06,VALID,1.0,1.0,NO_ADJUSTMENT_IN_WINDOW
PLAN,2019-05-29,2019-06-12,VALID,1.0,1.0,NO_ADJUSTMENT_IN_WINDOW
PRKS,2019-05-29,2019-06-12,VALID,1.0,1.0,NO_ADJUSTMENT_IN_WINDOW
SOLY,2019-05-30,2019-06-13,VALID,1.0,1.0,NO_ADJUSTMENT_IN_WINDOW
TVRD,2019-05-30,2019-06-13,VALID,36.0,35.99999999999999,NO_ADJUSTMENT_IN_WINDOW
ELTK,2019-06-03,2019-06-17,VALID,0.9436011904761905,0.9436194895591649,NO_ADJUSTMENT_IN_WINDOW
SOLY,2019-06-05,2019-06-19,VALID,1.0,1.0,NO_ADJUSTMENT_IN_WINDOW
CRON,2019-06-06,2019-06-20,VALID,1.0,1.0,NO_ADJUSTMENT_IN_WINDOW
SFIX,2019-06-07,2019-06-21,VALID,1.0,1.0,NO_ADJUSTMENT_IN_WINDOW
BKS,2019-06-10,2019-06-24,VALID,0.9776772247360483,0.9775449101796408,SMALL_UNLISTED_FACTOR_CHANGE_<=0.2pct (dividend or raw cent-rounding noise)
LJPC,2019-06-10,2019-06-24,VALID,1.0,1.0,NO_ADJUSTMENT_IN_WINDOW
TLRY,2019-06-11,2019-06-25,VALID,10.0,10.0,NO_ADJUSTMENT_IN_WINDOW
UPLD,2019-06-11,2019-06-25,VALID,10.0,10.0,NO_ADJUSTMENT_IN_WINDOW
AVNT,2019-06-12,2019-06-26,VALID,0.8179357021996616,0.8234100135317998,"UNLISTED_FACTOR_CHANGE_>0.2pct (dividend/special distribution/other, not in CA metadata)"
CASY,2019-06-12,2019-06-26,VALID,0.9562886038145658,0.9563419117647058,NO_ADJUSTMENT_IN_WINDOW
RRGB,2019-06-14,2019-06-28,VALID,1.0,1.0,NO_ADJUSTMENT_IN_WINDOW
ARQL,2019-06-17,2019-07-01,VALID,1.0,1.0,NO_ADJUSTMENT_IN_WINDOW
AXTA,2019-06-20,2019-07-05,VALID,1.0,1.0,NO_ADJUSTMENT_IN_WINDOW
MLNT,2019-06-20,2019-07-05,VALID,1.0,1.0,NO_ADJUSTMENT_IN_WINDOW
MLNT,2019-06-21,2019-07-08,VALID,1.0,1.0,NO_ADJUSTMENT_IN_WINDOW
MLKN,2019-06-28,2019-07-15,VALID,0.8189402480270574,0.8188308790718429,SMALL_UNLISTED_FACTOR_CHANGE_<=0.2pct (dividend or raw cent-rounding noise)
ZGNX,2019-06-28,2019-07-15,VALID,1.0,1.0,NO_ADJUSTMENT_IN_WINDOW
KPTI,2019-07-08,2019-07-22,VALID,15.000000000000002,15.0,NO_ADJUSTMENT_IN_WINDOW
ACIA,2019-07-10,2019-07-24,VALID,1.0,1.0,NO_ADJUSTMENT_IN_WINDOW
HELE,2019-07-11,2019-07-25,VALID,1.0,1.0,NO_ADJUSTMENT_IN_WINDOW
MCRN,2019-07-15,2019-07-29,VALID,1.0,1.0,NO_ADJUSTMENT_IN_WINDOW
LKFT,2019-07-16,2019-07-30,VALID,1.0,1.0,NO_ADJUSTMENT_IN_WINDOW
SGEN,2019-07-18,2019-08-01,VALID,1.0,1.0,NO_ADJUSTMENT_IN_WINDOW
ATRA,2019-07-22,2019-08-05,VALID,25.0,25.0,NO_ADJUSTMENT_IN_WINDOW
RLGY,2019-07-24,2019-08-07,VALID,0.9855241264559068,0.985515873015873,NO_ADJUSTMENT_IN_WINDOW
ALKS,2019-07-26,2019-08-09,VALID,1.0,1.0,NO_ADJUSTMENT_IN_WINDOW
MTH,2019-07-26,2019-08-09,VALID,0.465400061785604,0.4652655222204396,SMALL_UNLISTED_FACTOR_CHANGE_<=0.2pct (dividend or raw cent-rounding noise)
EHTH,2019-07-29,2019-08-12,VALID,1.0,1.0,NO_ADJUSTMENT_IN_WINDOW
MEDP,2019-07-31,2019-08-14,VALID,1.0,1.0,NO_ADJUSTMENT_IN_WINDOW
VRNS,2019-07-31,2019-08-14,VALID,0.33333333333333326,0.3333815028901734,SMALL_UNLISTED_FACTOR_CHANGE_<=0.2pct (dividend or raw cent-rounding noise)
LSCC,2019-08-01,2019-08-15,VALID,1.0,1.0,NO_ADJUSTMENT_IN_WINDOW
AJRD,2019-08-02,2019-08-16,VALID,0.9010309278350516,0.9010141987829615,NO_ADJUSTMENT_IN_WINDOW
BOOT,2019-08-02,2019-08-16,VALID,1.0,1.0,NO_ADJUSTMENT_IN_WINDOW
CHDN,2019-08-02,2019-08-16,VALID,0.4879422497223544,0.487962962962963,NO_ADJUSTMENT_IN_WINDOW
CROX,2019-08-02,2019-08-16,VALID,1.0,1.0,NO_ADJUSTMENT_IN_WINDOW
FIVN,2019-08-02,2019-08-16,VALID,1.0,1.0,NO_ADJUSTMENT_IN_WINDOW
TCF,2019-08-02,2019-08-16,VALID,0.9298669891172915,0.9386454183266933,"UNLISTED_FACTOR_CHANGE_>0.2pct (dividend/special distribution/other, not in CA metadata)"
APHA,2019-08-05,2019-08-19,VALID,1.0,1.0,NO_ADJUSTMENT_IN_WINDOW
BL,2019-08-05,2019-08-19,VALID,1.0,1.0,NO_ADJUSTMENT_IN_WINDOW
CDNA,2019-08-05,2019-08-19,VALID,1.0,1.0,NO_ADJUSTMENT_IN_WINDOW
CLDR,2019-08-05,2019-08-19,VALID,1.0,1.0,NO_ADJUSTMENT_IN_WINDOW
FND,2019-08-05,2019-08-19,VALID,1.0,1.0,NO_ADJUSTMENT_IN_WINDOW
SVMK,2019-08-05,2019-08-19,VALID,1.0,1.0,NO_ADJUSTMENT_IN_WINDOW
TNDM,2019-08-05,2019-08-19,VALID,1.0,1.0,NO_ADJUSTMENT_IN_WINDOW
ANSS,2019-08-07,2019-08-21,VALID,1.0,1.0,NO_ADJUSTMENT_IN_WINDOW
EXPD,2019-08-07,2019-08-21,VALID,0.9215356592405771,0.9215519682809402,NO_ADJUSTMENT_IN_WINDOW
PODD,2019-08-07,2019-08-21,VALID,1.0,1.0,NO_ADJUSTMENT_IN_WINDOW
SYNH,2019-08-07,2019-08-21,VALID,1.0,1.0,NO_ADJUSTMENT_IN_WINDOW
VG,2019-08-07,2019-08-21,VALID,0.987887963663891,0.9881481481481481,SMALL_UNLISTED_FACTOR_CHANGE_<=0.2pct (dividend or raw cent-rounding noise)
CBM,2019-08-08,2019-08-22,VALID,1.0,1.0,NO_ADJUSTMENT_IN_WINDOW
GH,2019-08-08,2019-08-22,VALID,1.0,1.0,NO_ADJUSTMENT_IN_WINDOW
GWPH,2019-08-08,2019-08-22,VALID,1.0,1.0,NO_ADJUSTMENT_IN_WINDOW
SAIL,2019-08-08,2019-08-22,VALID,1.0,1.0,NO_ADJUSTMENT_IN_WINDOW
SEDG,2019-08-08,2019-08-22,VALID,1.0,1.0,NO_ADJUSTMENT_IN_WINDOW
WW,2019-08-08,2019-08-22,VALID,1.0,1.0,NO_ADJUSTMENT_IN_WINDOW
AVLR,2019-08-09,2019-08-23,VALID,1.0,1.0,NO_ADJUSTMENT_IN_WINDOW
AZPN,2019-08-09,2019-08-23,VALID,1.0,1.0,NO_ADJUSTMENT_IN_WINDOW
FSCT,2019-08-09,2019-08-23,VALID,1.0,1.0,NO_ADJUSTMENT_IN_WINDOW
FTDR,2019-08-09,2019-08-23,VALID,1.0,1.0,NO_ADJUSTMENT_IN_WINDOW
G,2019-08-09,2019-08-23,VALID,0.9081779053084648,0.9080141129032259,SMALL_UNLISTED_FACTOR_CHANGE_<=0.2pct (dividend or raw cent-rounding noise)
HUN,2019-08-09,2019-08-23,VALID,0.7618821292775666,0.7620064034151548,SMALL_UNLISTED_FACTOR_CHANGE_<=0.2pct (dividend or raw cent-rounding noise)
JACK,2019-08-09,2019-08-23,VALID,0.8761363636363636,0.8801115241635689,"UNLISTED_FACTOR_CHANGE_>0.2pct (dividend/special distribution/other, not in CA metadata)"
RLGY,2019-08-09,2019-08-23,VALID,0.9855855855855856,1.0,"UNLISTED_FACTOR_CHANGE_>0.2pct (dividend/special distribution/other, not in CA metadata)"
STMP,2019-08-09,2019-08-23,VALID,1.0,1.0,NO_ADJUSTMENT_IN_WINDOW
ALRM,2019-08-12,2019-08-26,VALID,1.0,1.0,NO_ADJUSTMENT_IN_WINDOW
CALY,2019-08-12,2019-08-26,VALID,0.9612903225806451,0.9615384615384616,SMALL_UNLISTED_FACTOR_CHANGE_<=0.2pct (dividend or raw cent-rounding noise)
ELY,2019-08-12,2019-08-26,VALID,0.9983870967741935,0.9982248520710061,SMALL_UNLISTED_FACTOR_CHANGE_<=0.2pct (dividend or raw cent-rounding noise)
YELP,2019-08-12,2019-08-26,VALID,1.0,1.0,NO_ADJUSTMENT_IN_WINDOW
RKDA,2019-08-13,2019-08-27,VALID,39.99999999999999,40.0,NO_ADJUSTMENT_IN_WINDOW
REAL,2019-08-15,2019-08-29,VALID,1.0,1.0,NO_ADJUSTMENT_IN_WINDOW
PVTL,2019-08-16,2019-08-30,VALID,1.0,1.0,NO_ADJUSTMENT_IN_WINDOW
RKDA,2019-08-16,2019-08-30,VALID,40.00000000000001,40.0,NO_ADJUSTMENT_IN_WINDOW
VIPS,2019-08-16,2019-08-30,VALID,0.9048780487804878,0.9048984468339307,NO_ADJUSTMENT_IN_WINDOW
HGV,2019-08-21,2019-09-05,VALID,1.0,1.0,NO_ADJUSTMENT_IN_WINDOW
BJ,2019-08-23,2019-09-09,VALID,1.0,1.0,NO_ADJUSTMENT_IN_WINDOW
P,2019-08-23,2019-09-09,VALID,1.0,1.0,NO_ADJUSTMENT_IN_WINDOW
RKDA,2019-08-27,2019-09-11,VALID,39.99999999999999,40.0,NO_ADJUSTMENT_IN_WINDOW
TECD,2019-08-30,2019-09-16,VALID,1.0,1.0,NO_ADJUSTMENT_IN_WINDOW
AMBA,2019-09-03,2019-09-17,VALID,1.0,1.0,NO_ADJUSTMENT_IN_WINDOW
MIK,2019-09-05,2019-09-19,VALID,1.0,1.0,NO_ADJUSTMENT_IN_WINDOW
CLDR,2019-09-06,2019-09-20,VALID,1.0,1.0,NO_ADJUSTMENT_IN_WINDOW
GBT,2019-09-06,2019-09-20,VALID,1.0,1.0,NO_ADJUSTMENT_IN_WINDOW
GIII,2019-09-06,2019-09-20,VALID,0.9866611087953315,0.9866999168744804,NO_ADJUSTMENT_IN_WINDOW
SIG,2019-09-06,2019-09-20,VALID,0.8999269539810081,0.8998133167392658,SMALL_UNLISTED_FACTOR_CHANGE_<=0.2pct (dividend or raw cent-rounding noise)
ACAD,2019-09-10,2019-09-24,VALID,1.0,1.0,NO_ADJUSTMENT_IN_WINDOW
ALDR,2019-09-17,2019-10-01,VALID,1.0,1.0,NO_ADJUSTMENT_IN_WINDOW
CLR,2019-09-17,2019-10-01,VALID,0.9715982442550996,0.9716666666666666,NO_ADJUSTMENT_IN_WINDOW
CNX,2019-09-17,2019-10-01,VALID,1.0,1.0,NO_ADJUSTMENT_IN_WINDOW
CRC,2019-09-17,2019-10-01,VALID,0.8791692888609188,0.8790769230769231,SMALL_UNLISTED_FACTOR_CHANGE_<=0.2pct (dividend or raw cent-rounding noise)
CRZO,2019-09-17,2019-10-01,VALID,1.0,1.0,NO_ADJUSTMENT_IN_WINDOW
MUR,2019-09-17,2019-10-01,VALID,0.7829457364341085,0.783210332103321,SMALL_UNLISTED_FACTOR_CHANGE_<=0.2pct (dividend or raw cent-rounding noise)
PE,2019-09-17,2019-10-01,VALID,0.9797979797979797,0.9814585908529049,SMALL_UNLISTED_FACTOR_CHANGE_<=0.2pct (dividend or raw cent-rounding noise)
PR,2019-09-17,2019-10-01,VALID,0.869352014010508,0.8693627450980392,NO_ADJUSTMENT_IN_WINDOW
PTEN,2019-09-17,2019-10-01,VALID,0.828688524590164,0.828708133971292,NO_ADJUSTMENT_IN_WINDOW
PUMP,2019-09-17,2019-10-01,VALID,1.0,1.0,NO_ADJUSTMENT_IN_WINDOW
RRC,2019-09-17,2019-10-01,VALID,0.9526732673267327,0.9525568181818183,SMALL_UNLISTED_FACTOR_CHANGE_<=0.2pct (dividend or raw cent-rounding noise)
SM,2019-09-17,2019-10-01,VALID,0.8859005704971474,0.8861419068736143,SMALL_UNLISTED_FACTOR_CHANGE_<=0.2pct (dividend or raw cent-rounding noise)
VAL,2019-09-17,2019-10-01,VALID,1.0,1.0,NO_ADJUSTMENT_IN_WINDOW
WLL,2019-09-17,2019-10-01,VALID,0.9926739926739927,0.9928374655647384,SMALL_UNLISTED_FACTOR_CHANGE_<=0.2pct (dividend or raw cent-rounding noise)
WPX,2019-09-17,2019-10-01,VALID,1.0,1.0,NO_ADJUSTMENT_IN_WINDOW
CRC,2019-09-23,2019-10-07,VALID,0.8790718835304822,0.8790834312573443,NO_ADJUSTMENT_IN_WINDOW
SNX,2019-09-26,2019-10-10,VALID,0.926943878003369,0.9300941552673654,"UNLISTED_FACTOR_CHANGE_>0.2pct (dividend/special distribution/other, not in CA metadata)"
DOVA,2019-10-01,2019-10-15,VALID,1.0,1.0,NO_ADJUSTMENT_IN_WINDOW
THO,2019-10-01,2019-10-15,VALID,0.8632888888888889,0.8632586705202312,NO_ADJUSTMENT_IN_WINDOW
TSG,2019-10-03,2019-10-17,VALID,1.0,1.0,NO_ADJUSTMENT_IN_WINDOW
LVGO,2019-10-08,2019-10-22,VALID,1.0,1.0,NO_ADJUSTMENT_IN_WINDOW
PUMP,2019-10-11,2019-10-25,VALID,1.0,1.0,NO_ADJUSTMENT_IN_WINDOW
RARX,2019-10-11,2019-10-25,VALID,1.0,1.0,NO_ADJUSTMENT_IN_WINDOW
SES,2019-10-15,2019-10-29,VALID,1.0,1.0,NO_ADJUSTMENT_IN_WINDOW
APHA,2019-10-16,2019-10-30,VALID,1.0,1.0,NO_ADJUSTMENT_IN_WINDOW
RETA,2019-10-16,2019-10-30,VALID,1.0,1.0,NO_ADJUSTMENT_IN_WINDOW
TECD,2019-10-17,2019-10-31,VALID,1.0,1.0,NO_ADJUSTMENT_IN_WINDOW
CRON,2019-10-18,2019-11-01,VALID,1.0,1.0,NO_ADJUSTMENT_IN_WINDOW
POOL,2019-10-18,2019-11-01,VALID,0.9140774657758257,0.9140485497804159,NO_ADJUSTMENT_IN_WINDOW
PETS,2019-10-22,2019-11-05,VALID,0.817903596021423,0.8273730684326711,"UNLISTED_FACTOR_CHANGE_>0.2pct (dividend/special distribution/other, not in CA metadata)"
STMP,2019-10-23,2019-11-06,VALID,1.0,1.0,NO_ADJUSTMENT_IN_WINDOW
MKSI,2019-10-25,2019-11-08,VALID,0.9511278195488722,0.9510763209393346,NO_ADJUSTMENT_IN_WINDOW
PTC,2019-10-25,2019-11-08,VALID,1.0,1.0,NO_ADJUSTMENT_IN_WINDOW
VC,2019-10-25,2019-11-08,VALID,0.9843226294734567,0.9843020789138736,NO_ADJUSTMENT_IN_WINDOW
RMD,2019-10-28,2019-11-11,VALID,0.9398376240371937,0.9423825410063943,"UNLISTED_FACTOR_CHANGE_>0.2pct (dividend/special distribution/other, not in CA metadata)"
XNET,2019-10-29,2019-11-12,VALID,1.0,1.0,NO_ADJUSTMENT_IN_WINDOW
SHOO,2019-10-30,2019-11-13,VALID,0.8744525547445254,0.8744827586206896,NO_ADJUSTMENT_IN_WINDOW
TXRH,2019-10-30,2019-11-13,VALID,0.8950978751882215,0.8951995779848778,SMALL_UNLISTED_FACTOR_CHANGE_<=0.2pct (dividend or raw cent-rounding noise)
AXE,2019-10-31,2019-11-14,VALID,1.0,1.0,NO_ADJUSTMENT_IN_WINDOW
INSM,2019-10-31,2019-11-14,VALID,1.0,1.0,NO_ADJUSTMENT_IN_WINDOW
IPHI,2019-10-31,2019-11-14,VALID,1.0,1.0,NO_ADJUSTMENT_IN_WINDOW
MAT,2019-10-31,2019-11-14,VALID,1.0,1.0,NO_ADJUSTMENT_IN_WINDOW
MUSA,2019-11-01,2019-11-15,VALID,0.968248577977757,0.9682675083169837,NO_ADJUSTMENT_IN_WINDOW
BRKR,2019-11-04,2019-11-18,VALID,0.9767025089605734,0.9765407554671969,SMALL_UNLISTED_FACTOR_CHANGE_<=0.2pct (dividend or raw cent-rounding noise)
CRC,2019-11-04,2019-11-18,VALID,0.8790671217292378,0.879127358490566,NO_ADJUSTMENT_IN_WINDOW
ONC,2019-11-04,2019-11-18,VALID,1.0,1.0,NO_ADJUSTMENT_IN_WINDOW
KOS,2019-11-05,2019-11-19,VALID,0.975780089153046,0.9758720930232558,NO_ADJUSTMENT_IN_WINDOW
MZTI,2019-11-05,2019-11-19,VALID,0.8646830051237729,0.864694894146949,NO_ADJUSTMENT_IN_WINDOW
CHGG,2019-11-06,2019-11-20,VALID,1.0,1.0,NO_ADJUSTMENT_IN_WINDOW
INMD,2019-11-06,2019-11-20,VALID,0.5001273236567354,0.5,SMALL_UNLISTED_FACTOR_CHANGE_<=0.2pct (dividend or raw cent-rounding noise)
AYR,2019-11-07,2019-11-21,VALID,0.9801550387596899,0.9801611903285804,NO_ADJUSTMENT_IN_WINDOW
INGN,2019-11-07,2019-11-21,VALID,1.0,1.0,NO_ADJUSTMENT_IN_WINDOW
LVGO,2019-11-08,2019-11-22,VALID,1.0,1.0,NO_ADJUSTMENT_IN_WINDOW
RAMP,2019-11-08,2019-11-22,VALID,1.0,1.0,NO_ADJUSTMENT_IN_WINDOW
SBH,2019-11-08,2019-11-22,VALID,1.0,1.0,NO_ADJUSTMENT_IN_WINDOW
AAXN,2019-11-11,2019-11-25,VALID,1.0,1.0,NO_ADJUSTMENT_IN_WINDOW
AXON,2019-11-11,2019-11-25,VALID,1.0,1.0,NO_ADJUSTMENT_IN_WINDOW
STMP,2019-11-11,2019-11-25,VALID,1.0,1.0,NO_ADJUSTMENT_IN_WINDOW
UI,2019-11-11,2019-11-25,VALID,0.9385142857142857,0.9400434760628885,SMALL_UNLISTED_FACTOR_CHANGE_<=0.2pct (dividend or raw cent-rounding noise)
YELP,2019-11-11,2019-11-25,VALID,1.0,1.0,NO_ADJUSTMENT_IN_WINDOW
ZG,2019-11-11,2019-11-25,VALID,1.0,1.0,NO_ADJUSTMENT_IN_WINDOW
CARB,2019-11-12,2019-11-26,VALID,1.0,1.0,NO_ADJUSTMENT_IN_WINDOW
AEIS,2019-11-13,2019-11-27,VALID,0.9798226841944359,0.9798072510325836,NO_ADJUSTMENT_IN_WINDOW
ICUI,2019-11-13,2019-11-27,VALID,1.0,1.0,NO_ADJUSTMENT_IN_WINDOW
KEM,2019-11-13,2019-11-27,VALID,0.9472868217054263,0.9472511144130757,NO_ADJUSTMENT_IN_WINDOW
CDLX,2019-11-14,2019-11-29,VALID,10.0,10.0,NO_ADJUSTMENT_IN_WINDOW
DDOG,2019-11-14,2019-11-29,VALID,1.0,1.0,NO_ADJUSTMENT_IN_WINDOW
ENR,2019-11-14,2019-11-29,VALID,0.766734693877551,0.7712968530767689,"UNLISTED_FACTOR_CHANGE_>0.2pct (dividend/special distribution/other, not in CA metadata)"
KNSL,2019-11-14,2019-11-29,VALID,0.9859688652191724,0.9867667390874975,SMALL_UNLISTED_FACTOR_CHANGE_<=0.2pct (dividend or raw cent-rounding noise)
DDS,2019-11-15,2019-12-02,VALID,0.759846547314578,0.7598771464470194,NO_ADJUSTMENT_IN_WINDOW
MYOV,2019-11-20,2019-12-05,VALID,1.0,1.0,NO_ADJUSTMENT_IN_WINDOW
CRC,2019-11-21,2019-12-06,VALID,0.8790419161676647,0.8791293213828425,NO_ADJUSTMENT_IN_WINDOW
DRNA,2019-11-26,2019-12-11,VALID,1.0,1.0,NO_ADJUSTMENT_IN_WINDOW
CCXI,2019-11-27,2019-12-12,VALID,1.0,1.0,NO_ADJUSTMENT_IN_WINDOW
GBT,2019-11-27,2019-12-12,VALID,1.0,1.0,NO_ADJUSTMENT_IN_WINDOW
KOD,2019-12-03,2019-12-17,VALID,1.0,1.0,NO_ADJUSTMENT_IN_WINDOW
AXSM,2019-12-04,2019-12-18,VALID,1.0,1.0,NO_ADJUSTMENT_IN_WINDOW
BOLD,2019-12-04,2019-12-18,VALID,1.0,1.0,NO_ADJUSTMENT_IN_WINDOW
QURE,2019-12-04,2019-12-18,VALID,1.0,1.0,NO_ADJUSTMENT_IN_WINDOW
HQY,2019-12-05,2019-12-19,VALID,1.0,1.0,NO_ADJUSTMENT_IN_WINDOW
KOD,2019-12-05,2019-12-19,VALID,1.0,1.0,NO_ADJUSTMENT_IN_WINDOW
ACAD,2019-12-06,2019-12-20,VALID,1.0,1.0,NO_ADJUSTMENT_IN_WINDOW
AUPH,2019-12-06,2019-12-20,VALID,1.0,1.0,NO_ADJUSTMENT_IN_WINDOW
FIZZ,2019-12-09,2019-12-23,VALID,0.33726719527936566,0.337351666980599,SMALL_UNLISTED_FACTOR_CHANGE_<=0.2pct (dividend or raw cent-rounding noise)
AGIO,2019-12-10,2019-12-24,VALID,1.0,1.0,NO_ADJUSTMENT_IN_WINDOW
ARQL,2019-12-10,2019-12-24,VALID,1.0,1.0,NO_ADJUSTMENT_IN_WINDOW
DTIL,2019-12-10,2019-12-24,VALID,29.999999999999996,30.0,NO_ADJUSTMENT_IN_WINDOW
AXSM,2019-12-17,2020-01-02,VALID,1.0,1.0,NO_ADJUSTMENT_IN_WINDOW
REGI,2019-12-18,2020-01-03,VALID,1.0,1.0,NO_ADJUSTMENT_IN_WINDOW
RAD,2019-12-20,2020-01-07,VALID,1.0,1.0,NO_ADJUSTMENT_IN_WINDOW
MBOT,2019-12-26,2020-01-10,VALID,1.0,1.0,NO_ADJUSTMENT_IN_WINDOW
FLNA,2019-12-31,2020-01-15,VALID,1.0,1.0,NO_ADJUSTMENT_IN_WINDOW
FLNA,2020-01-03,2020-01-17,VALID,1.0,1.0,NO_ADJUSTMENT_IN_WINDOW
WLL,2020-01-06,2020-01-21,VALID,0.9929016189290163,0.9929499072356216,NO_ADJUSTMENT_IN_WINDOW
MRNA,2020-01-13,2020-01-28,VALID,1.0,1.0,NO_ADJUSTMENT_IN_WINDOW
RARE,2020-01-13,2020-01-28,VALID,1.0,1.0,NO_ADJUSTMENT_IN_WINDOW
SNX,2020-01-13,2020-01-28,VALID,0.9301089918256129,0.9326284203757947,"UNLISTED_FACTOR_CHANGE_>0.2pct (dividend/special distribution/other, not in CA metadata)"
CDLX,2020-01-14,2020-01-29,VALID,9.999999999999998,10.0,NO_ADJUSTMENT_IN_WINDOW
MBOT,2020-01-14,2020-01-29,VALID,1.0,1.0,NO_ADJUSTMENT_IN_WINDOW
TERP,2020-01-14,2020-01-29,VALID,0.9760514018691588,0.9762039660056658,SMALL_UNLISTED_FACTOR_CHANGE_<=0.2pct (dividend or raw cent-rounding noise)
MNTA,2020-01-16,2020-01-31,VALID,1.0,1.0,NO_ADJUSTMENT_IN_WINDOW
SIG,2020-01-17,2020-02-03,VALID,0.920469798657718,0.9336924989639453,"UNLISTED_FACTOR_CHANGE_>0.2pct (dividend/special distribution/other, not in CA metadata)"
XPO,2020-01-17,2020-02-03,VALID,0.6085759661196399,0.6086040580995676,NO_ADJUSTMENT_IN_WINDOW
PLAY,2020-01-21,2020-02-04,VALID,1.0,1.0,NO_ADJUSTMENT_IN_WINDOW
PRGS,2020-01-21,2020-02-04,VALID,0.9335650040883074,0.933681235051098,SMALL_UNLISTED_FACTOR_CHANGE_<=0.2pct (dividend or raw cent-rounding noise)
NVAX,2020-01-22,2020-02-05,VALID,1.0,1.0,NO_ADJUSTMENT_IN_WINDOW
GATX,2020-01-24,2020-02-07,VALID,0.8772864930345246,0.8772572624967286,NO_ADJUSTMENT_IN_WINDOW
NVAX,2020-01-24,2020-02-07,VALID,1.0,1.0,NO_ADJUSTMENT_IN_WINDOW
SLM,2020-01-24,2020-02-07,VALID,0.8739510489510489,0.8739592559787424,NO_ADJUSTMENT_IN_WINDOW
EHTH,2020-01-27,2020-02-10,VALID,1.0,1.0,NO_ADJUSTMENT_IN_WINDOW
NNVC,2020-01-27,2020-02-10,VALID,1.0,1.0,NO_ADJUSTMENT_IN_WINDOW
INO,2020-01-28,2020-02-11,VALID,12.000000000000002,12.0,NO_ADJUSTMENT_IN_WINDOW
NNVC,2020-01-28,2020-02-11,VALID,1.0,1.0,NO_ADJUSTMENT_IN_WINDOW
NVAX,2020-01-28,2020-02-11,VALID,1.0,1.0,NO_ADJUSTMENT_IN_WINDOW
DLPH,2020-01-29,2020-02-12,VALID,1.0,1.0,NO_ADJUSTMENT_IN_WINDOW
LAUR,2020-01-29,2020-02-12,VALID,0.4652513421181064,0.4652257444764649,NO_ADJUSTMENT_IN_WINDOW
XLRN,2020-01-29,2020-02-12,VALID,1.0,1.0,NO_ADJUSTMENT_IN_WINDOW
CVLT,2020-01-30,2020-02-13,VALID,1.0,1.0,NO_ADJUSTMENT_IN_WINDOW
NNVC,2020-01-30,2020-02-13,VALID,1.0,1.0,NO_ADJUSTMENT_IN_WINDOW
NNVC,2020-01-31,2020-02-14,VALID,1.0,1.0,NO_ADJUSTMENT_IN_WINDOW
ADNT,2020-02-03,2020-02-18,VALID,1.0,1.0,NO_ADJUSTMENT_IN_WINDOW
NAV,2020-02-03,2020-02-18,VALID,1.0,1.0,NO_ADJUSTMENT_IN_WINDOW
NNVC,2020-02-03,2020-02-18,VALID,1.0,1.0,NO_ADJUSTMENT_IN_WINDOW
AIMT,2020-02-04,2020-02-19,VALID,1.0,1.0,NO_ADJUSTMENT_IN_WINDOW
CTLT,2020-02-04,2020-02-19,VALID,1.0,1.0,NO_ADJUSTMENT_IN_WINDOW
INSM,2020-02-04,2020-02-19,VALID,1.0,1.0,NO_ADJUSTMENT_IN_WINDOW
FLNA,2020-02-05,2020-02-20,VALID,1.0,1.0,NO_ADJUSTMENT_IN_WINDOW
DB,2020-02-07,2020-02-24,VALID,0.8871029836381136,0.8870331950207468,NO_ADJUSTMENT_IN_WINDOW
FSCT,2020-02-07,2020-02-24,VALID,1.0,1.0,NO_ADJUSTMENT_IN_WINDOW
MT,2020-02-07,2020-02-24,VALID,0.9314677327241575,0.9309428950863213,SMALL_UNLISTED_FACTOR_CHANGE_<=0.2pct (dividend or raw cent-rounding noise)
BILL,2020-02-10,2020-02-25,VALID,1.0,1.0,NO_ADJUSTMENT_IN_WINDOW
SYNA,2020-02-10,2020-02-25,VALID,1.0,1.0,NO_ADJUSTMENT_IN_WINDOW
EPC,2020-02-11,2020-02-26,VALID,0.894188167839458,0.8941901979876664,NO_ADJUSTMENT_IN_WINDOW
MAC,2020-02-11,2020-02-26,VALID,0.5163498098859316,0.5333644423705086,"UNLISTED_FACTOR_CHANGE_>0.2pct (dividend/special distribution/other, not in CA metadata)"
APT,2020-02-14,2020-03-02,VALID,1.0,1.0,NO_ADJUSTMENT_IN_WINDOW
LM,2020-02-19,2020-03-04,VALID,0.9837623762376237,0.9837577702025266,NO_ADJUSTMENT_IN_WINDOW
CAR,2020-02-21,2020-03-06,VALID,0.9501714746822675,0.950269374222959,SMALL_UNLISTED_FACTOR_CHANGE_<=0.2pct (dividend or raw cent-rounding noise)
STMP,2020-02-21,2020-03-06,VALID,1.0,1.0,NO_ADJUSTMENT_IN_WINDOW
ZG,2020-02-21,2020-03-06,VALID,1.0,1.0,NO_ADJUSTMENT_IN_WINDOW
SFM,2020-02-24,2020-03-09,VALID,1.0,1.0,NO_ADJUSTMENT_IN_WINDOW
APT,2020-02-25,2020-03-10,VALID,1.0,1.0,NO_ADJUSTMENT_IN_WINDOW
NNVC,2020-02-25,2020-03-10,VALID,1.0,1.0,NO_ADJUSTMENT_IN_WINDOW
MMSI,2020-02-26,2020-03-11,VALID,1.0,1.0,NO_ADJUSTMENT_IN_WINDOW
BGS,2020-02-27,2020-03-12,VALID,0.5338541666666666,0.533877901977644,NO_ADJUSTMENT_IN_WINDOW
EYE,2020-02-27,2020-03-12,VALID,1.0,1.0,NO_ADJUSTMENT_IN_WINDOW
MIDD,2020-02-27,2020-03-12,VALID,0.8044213263979195,0.8044580886278697,NO_ADJUSTMENT_IN_WINDOW
APT,2020-02-28,2020-03-13,VALID,1.0,1.0,NO_ADJUSTMENT_IN_WINDOW
NNVC,2020-02-28,2020-03-13,VALID,1.0,1.0,NO_ADJUSTMENT_IN_WINDOW
NVAX,2020-02-28,2020-03-13,VALID,1.0,1.0,NO_ADJUSTMENT_IN_WINDOW
VIR,2020-02-28,2020-03-13,VALID,1.0,1.0,NO_ADJUSTMENT_IN_WINDOW
FTSV,2020-03-02,2020-03-16,VALID,1.0,1.0,NO_ADJUSTMENT_IN_WINDOW
LAKE,2020-03-02,2020-03-16,VALID,0.9784028126569563,0.9784824462061156,NO_ADJUSTMENT_IN_WINDOW
NNVC,2020-03-02,2020-03-16,VALID,1.0,1.0,NO_ADJUSTMENT_IN_WINDOW
NVAX,2020-03-02,2020-03-16,VALID,1.0,1.0,NO_ADJUSTMENT_IN_WINDOW
VIR,2020-03-02,2020-03-16,VALID,1.0,1.0,NO_ADJUSTMENT_IN_WINDOW
BLDP,2020-03-03,2020-03-17,VALID,1.0,1.0,NO_ADJUSTMENT_IN_WINDOW
KPTI,2020-03-03,2020-03-17,VALID,14.999999999999998,14.999999999999998,NO_ADJUSTMENT_IN_WINDOW
BRSL,2020-03-04,2020-03-18,VALID,0.6469083155650319,0.6678100263852244,"UNLISTED_FACTOR_CHANGE_>0.2pct (dividend/special distribution/other, not in CA metadata)"
NNVC,2020-03-09,2020-03-23,VALID,1.0,1.0,NO_ADJUSTMENT_IN_WINDOW
AIM,2020-03-10,2020-03-24,VALID,0.25306513409961684,0.253,SMALL_UNLISTED_FACTOR_CHANGE_<=0.2pct (dividend or raw cent-rounding noise)
AZUL,2020-03-11,2020-03-25,VALID,1.0,1.0,NO_ADJUSTMENT_IN_WINDOW
BLDP,2020-03-11,2020-03-25,VALID,1.0,1.0,NO_ADJUSTMENT_IN_WINDOW
CADE,2020-03-11,2020-03-25,VALID,0.7809881847475832,0.7810289389067524,NO_ADJUSTMENT_IN_WINDOW
CLB,2020-03-11,2020-03-25,VALID,0.9861644888547272,0.9863680623174296,SMALL_UNLISTED_FACTOR_CHANGE_<=0.2pct (dividend or raw cent-rounding noise)
CNQ,2020-03-11,2020-03-25,VALID,0.3541454081632653,0.36819541375872383,"UNLISTED_FACTOR_CHANGE_>0.2pct (dividend/special distribution/other, not in CA metadata)"
DCP,2020-03-11,2020-03-25,VALID,0.7935953420669578,0.7935483870967741,NO_ADJUSTMENT_IN_WINDOW
DKS,2020-03-11,2020-03-25,VALID,0.8110506727741196,0.8261494252873564,"UNLISTED_FACTOR_CHANGE_>0.2pct (dividend/special distribution/other, not in CA metadata)"
GEL,2020-03-11,2020-03-25,VALID,0.6741935483870968,0.6742382271468145,NO_ADJUSTMENT_IN_WINDOW
INSG,2020-03-11,2020-03-25,VALID,10.0,10.0,NO_ADJUSTMENT_IN_WINDOW
PDCE,2020-03-11,2020-03-25,VALID,0.942964824120603,0.9429667519181585,NO_ADJUSTMENT_IN_WINDOW
WES,2020-03-11,2020-03-25,VALID,0.5596302003081665,0.5595588235294118,SMALL_UNLISTED_FACTOR_CHANGE_<=0.2pct (dividend or raw cent-rounding noise)
VIR,2020-03-12,2020-03-26,VALID,1.0,1.0,NO_ADJUSTMENT_IN_WINDOW
VIR,2020-03-13,2020-03-27,VALID,1.0,1.0,NO_ADJUSTMENT_IN_WINDOW
ARGX,2020-03-16,2020-03-30,VALID,1.0,1.0,NO_ADJUSTMENT_IN_WINDOW
AZUL,2020-03-16,2020-03-30,VALID,1.0,1.0,NO_ADJUSTMENT_IN_WINDOW
BHF,2020-03-16,2020-03-30,VALID,1.0,1.0,NO_ADJUSTMENT_IN_WINDOW
BJ,2020-03-16,2020-03-30,VALID,1.0,1.0,NO_ADJUSTMENT_IN_WINDOW
BWXT,2020-03-16,2020-03-30,VALID,0.9269709543568464,0.9270811380400421,SMALL_UNLISTED_FACTOR_CHANGE_<=0.2pct (dividend or raw cent-rounding noise)
CADE,2020-03-16,2020-03-30,VALID,0.7809531245933214,0.7809880239520958,NO_ADJUSTMENT_IN_WINDOW
CNH,2020-03-16,2020-03-30,VALID,0.8572784810126582,0.8571917808219178,SMALL_UNLISTED_FACTOR_CHANGE_<=0.2pct (dividend or raw cent-rounding noise)
CXW,2020-03-16,2020-03-30,VALID,0.9634782608695652,0.963210702341137,SMALL_UNLISTED_FACTOR_CHANGE_<=0.2pct (dividend or raw cent-rounding noise)
DB,2020-03-16,2020-03-30,VALID,0.8870775347912524,0.8870967741935485,NO_ADJUSTMENT_IN_WINDOW
DCP,2020-03-16,2020-03-30,VALID,0.7934891485809683,0.7934328358208955,NO_ADJUSTMENT_IN_WINDOW
DIN,2020-03-16,2020-03-30,VALID,0.7710601719197708,0.8072842998585572,"UNLISTED_FACTOR_CHANGE_>0.2pct (dividend/special distribution/other, not in CA metadata)"
DKNG,2020-03-16,2020-03-30,VALID,1.0,1.0,NO_ADJUSTMENT_IN_WINDOW
EMBJ,2020-03-16,2020-03-30,VALID,0.9886749716874292,0.9886426592797785,NO_ADJUSTMENT_IN_WINDOW
EPR,2020-03-16,2020-03-30,VALID,0.6685467816854678,0.679416403785489,"UNLISTED_FACTOR_CHANGE_>0.2pct (dividend/special distribution/other, not in CA metadata)"
EQNR,2020-03-16,2020-03-30,VALID,0.662622950819672,0.6626643295354951,NO_ADJUSTMENT_IN_WINDOW
ERIC,2020-03-16,2020-03-30,VALID,0.8707766212970376,0.8708701134930643,SMALL_UNLISTED_FACTOR_CHANGE_<=0.2pct (dividend or raw cent-rounding noise)
FBP,2020-03-16,2020-03-30,VALID,0.8214145383104126,0.8215094339622642,SMALL_UNLISTED_FACTOR_CHANGE_<=0.2pct (dividend or raw cent-rounding noise)
FCAU,2020-03-16,2020-03-30,VALID,0.8744245524296675,0.8743185078909613,SMALL_UNLISTED_FACTOR_CHANGE_<=0.2pct (dividend or raw cent-rounding noise)
FRO,2020-03-16,2020-03-30,VALID,0.53925,0.5391840607210626,SMALL_UNLISTED_FACTOR_CHANGE_<=0.2pct (dividend or raw cent-rounding noise)
FSLY,2020-03-16,2020-03-30,VALID,1.0,1.0,NO_ADJUSTMENT_IN_WINDOW
FUN,2020-03-16,2020-03-30,VALID,0.9448407037565383,0.9448453608247422,NO_ADJUSTMENT_IN_WINDOW
GEL,2020-03-16,2020-03-30,VALID,0.6741682974559686,0.6739999999999999,SMALL_UNLISTED_FACTOR_CHANGE_<=0.2pct (dividend or raw cent-rounding noise)
GEO,2020-03-16,2020-03-30,VALID,0.8746924428822496,0.8750000000000001,SMALL_UNLISTED_FACTOR_CHANGE_<=0.2pct (dividend or raw cent-rounding noise)
GKOS,2020-03-16,2020-03-30,VALID,1.0,1.0,NO_ADJUSTMENT_IN_WINDOW
GLNG,2020-03-16,2020-03-30,VALID,0.8945454545454545,0.8945945945945946,NO_ADJUSTMENT_IN_WINDOW
GTN,2020-03-16,2020-03-30,VALID,0.7686567164179104,0.7686813186813187,NO_ADJUSTMENT_IN_WINDOW
IVR,2020-03-16,2020-03-30,VALID,1.480952380952381,1.6482191780821918,"UNLISTED_FACTOR_CHANGE_>0.2pct (dividend/special distribution/other, not in CA metadata)"
MAIN,2020-03-16,2020-03-30,VALID,0.6025088200705605,0.608290638099674,"UNLISTED_FACTOR_CHANGE_>0.2pct (dividend/special distribution/other, not in CA metadata)"
MDLA,2020-03-16,2020-03-30,VALID,1.0,1.0,NO_ADJUSTMENT_IN_WINDOW
MGP,2020-03-16,2020-03-30,VALID,0.8678481012658228,0.8865721434528775,"UNLISTED_FACTOR_CHANGE_>0.2pct (dividend/special distribution/other, not in CA metadata)"
MT,2020-03-16,2020-03-30,VALID,0.9312093628088426,0.9312217194570135,NO_ADJUSTMENT_IN_WINDOW
MUR,2020-03-16,2020-03-30,VALID,0.8003257328990228,0.8003502626970228,NO_ADJUSTMENT_IN_WINDOW
PAGS,2020-03-16,2020-03-30,VALID,0.899,0.8992805755395683,SMALL_UNLISTED_FACTOR_CHANGE_<=0.2pct (dividend or raw cent-rounding noise)
PEB,2020-03-16,2020-03-30,VALID,0.9816842105263158,0.982905982905983,SMALL_UNLISTED_FACTOR_CHANGE_<=0.2pct (dividend or raw cent-rounding noise)
PK,2020-03-16,2020-03-30,VALID,0.66225,0.697924297924298,"UNLISTED_FACTOR_CHANGE_>0.2pct (dividend/special distribution/other, not in CA metadata)"
PRKS,2020-03-16,2020-03-30,VALID,1.0,1.0,NO_ADJUSTMENT_IN_WINDOW
RAD,2020-03-16,2020-03-30,VALID,1.0,1.0,NO_ADJUSTMENT_IN_WINDOW
RRR,2020-03-16,2020-03-30,VALID,0.7900140646976089,0.7900107411385607,NO_ADJUSTMENT_IN_WINDOW
RUN,2020-03-16,2020-03-30,VALID,1.0,1.0,NO_ADJUSTMENT_IN_WINDOW
RVLV,2020-03-16,2020-03-30,VALID,1.0,1.0,NO_ADJUSTMENT_IN_WINDOW
SBS,2020-03-16,2020-03-30,VALID,0.16171875,0.16171574903969269,NO_ADJUSTMENT_IN_WINDOW
SBSW,2020-03-16,2020-03-30,VALID,0.7937655860349128,0.7937625754527163,NO_ADJUSTMENT_IN_WINDOW
SDC,2020-03-16,2020-03-30,VALID,1.0,1.0,NO_ADJUSTMENT_IN_WINDOW
SGMS,2020-03-16,2020-03-30,VALID,1.0,1.0,NO_ADJUSTMENT_IN_WINDOW
SITC,2020-03-16,2020-03-30,VALID,0.36635761589403976,0.3664092664092664,SMALL_UNLISTED_FACTOR_CHANGE_<=0.2pct (dividend or raw cent-rounding noise)
STLA,2020-03-16,2020-03-30,VALID,0.5540920716112532,0.5540889526542324,NO_ADJUSTMENT_IN_WINDOW
STWD,2020-03-16,2020-03-30,VALID,0.506375,0.5259127337488869,"UNLISTED_FACTOR_CHANGE_>0.2pct (dividend/special distribution/other, not in CA metadata)"
TECK,2020-03-16,2020-03-30,VALID,0.9254593175853018,0.9253256150506513,SMALL_UNLISTED_FACTOR_CHANGE_<=0.2pct (dividend or raw cent-rounding noise)
THC,2020-03-16,2020-03-30,VALID,1.0,1.0,NO_ADJUSTMENT_IN_WINDOW
TS,2020-03-16,2020-03-30,VALID,0.7972132904608789,0.7972408026755853,NO_ADJUSTMENT_IN_WINDOW
TSU,2020-03-16,2020-03-30,VALID,1.0,1.0,NO_ADJUSTMENT_IN_WINDOW
VIV,2020-03-16,2020-03-30,VALID,0.6938492063492063,0.6938669438669439,NO_ADJUSTMENT_IN_WINDOW
WES,2020-03-16,2020-03-30,VALID,0.5596928982725528,0.559807073954984,SMALL_UNLISTED_FACTOR_CHANGE_<=0.2pct (dividend or raw cent-rounding noise)
XP,2020-03-16,2020-03-30,VALID,0.8800430338891877,0.8799805636540331,NO_ADJUSTMENT_IN_WINDOW
NNVC,2020-03-17,2020-03-31,VALID,1.0,1.0,NO_ADJUSTMENT_IN_WINDOW
AIMT,2020-03-18,2020-04-01,VALID,1.0,1.0,NO_ADJUSTMENT_IN_WINDOW
BNTX,2020-03-18,2020-04-01,VALID,0.99037504148689,0.9903628117913831,NO_ADJUSTMENT_IN_WINDOW
GFI,2020-03-18,2020-04-01,VALID,0.8205533596837945,0.8206122448979591,NO_ADJUSTMENT_IN_WINDOW
NG,2020-03-18,2020-04-01,VALID,1.0,1.0,NO_ADJUSTMENT_IN_WINDOW
PFSI,2020-03-18,2020-04-01,VALID,0.9214542190305206,0.9216216216216216,SMALL_UNLISTED_FACTOR_CHANGE_<=0.2pct (dividend or raw cent-rounding noise)
APRN,2020-03-19,2020-04-02,VALID,12.0,12.0,NO_ADJUSTMENT_IN_WINDOW
BNTX,2020-03-19,2020-04-02,VALID,0.9903846153846154,0.9903356176418907,NO_ADJUSTMENT_IN_WINDOW
IAA,2020-03-19,2020-04-02,VALID,1.0,1.0,NO_ADJUSTMENT_IN_WINDOW
AGO,2020-03-20,2020-04-03,VALID,0.8847081524360829,0.8846507352941175,NO_ADJUSTMENT_IN_WINDOW
APRN,2020-03-20,2020-04-03,VALID,12.0,12.000000000000002,NO_ADJUSTMENT_IN_WINDOW
ARGX,2020-03-20,2020-04-03,VALID,1.0,1.0,NO_ADJUSTMENT_IN_WINDOW
ARI,2020-03-20,2020-04-03,VALID,0.3060333761232349,0.3203389830508475,"UNLISTED_FACTOR_CHANGE_>0.2pct (dividend/special distribution/other, not in CA metadata)"
BMRA,2020-03-20,2020-04-03,VALID,8.0,8.0,NO_ADJUSTMENT_IN_WINDOW
CIM,2020-03-20,2020-04-03,VALID,1.3192584963954685,1.3769553072625698,"UNLISTED_FACTOR_CHANGE_>0.2pct (dividend/special distribution/other, not in CA metadata)"
CLB,2020-03-20,2020-04-03,VALID,0.9859737638748739,0.9859595959595958,NO_ADJUSTMENT_IN_WINDOW
ESI,2020-03-20,2020-04-03,VALID,0.9243708609271524,0.9244530244530245,NO_ADJUSTMENT_IN_WINDOW
IVR,2020-03-20,2020-04-03,VALID,1.4806569343065694,1.6482051282051282,"UNLISTED_FACTOR_CHANGE_>0.2pct (dividend/special distribution/other, not in CA metadata)"
PLAY,2020-03-20,2020-04-03,VALID,1.0,1.0,NO_ADJUSTMENT_IN_WINDOW
SHLX,2020-03-20,2020-04-03,VALID,0.7339021615472128,0.7339130434782609,NO_ADJUSTMENT_IN_WINDOW
AZUL,2020-03-23,2020-04-06,VALID,1.0,1.0,NO_ADJUSTMENT_IN_WINDOW
BJRI,2020-03-23,2020-04-06,VALID,1.0,1.0,NO_ADJUSTMENT_IN_WINDOW
CHL,2020-03-23,2020-04-06,VALID,0.9492649178437591,0.9494647747074931,SMALL_UNLISTED_FACTOR_CHANGE_<=0.2pct (dividend or raw cent-rounding noise)
EPR,2020-03-23,2020-04-06,VALID,0.6687150837988828,0.6793711291090996,"UNLISTED_FACTOR_CHANGE_>0.2pct (dividend/special distribution/other, not in CA metadata)"
GNMK,2020-03-23,2020-04-06,VALID,1.0,1.0,NO_ADJUSTMENT_IN_WINDOW
IHG,2020-03-23,2020-04-06,VALID,0.8990336554481839,0.9192609465957986,"UNLISTED_FACTOR_CHANGE_>0.2pct (dividend/special distribution/other, not in CA metadata)"
MT,2020-03-23,2020-04-06,VALID,0.9312977099236641,0.9312169312169314,NO_ADJUSTMENT_IN_WINDOW
PFGC,2020-03-23,2020-04-06,VALID,1.0,1.0,NO_ADJUSTMENT_IN_WINDOW
PK,2020-03-23,2020-04-06,VALID,0.6622222222222222,0.6979166666666667,"UNLISTED_FACTOR_CHANGE_>0.2pct (dividend/special distribution/other, not in CA metadata)"
PMT,2020-03-23,2020-04-06,VALID,0.4636856368563686,0.4635668789808917,SMALL_UNLISTED_FACTOR_CHANGE_<=0.2pct (dividend or raw cent-rounding noise)
RRR,2020-03-23,2020-04-06,VALID,0.790053050397878,0.7899357601713063,SMALL_UNLISTED_FACTOR_CHANGE_<=0.2pct (dividend or raw cent-rounding noise)
SBRA,2020-03-23,2020-04-06,VALID,0.5993273542600897,0.599406528189911,SMALL_UNLISTED_FACTOR_CHANGE_<=0.2pct (dividend or raw cent-rounding noise)
APRN,2020-03-24,2020-04-07,VALID,12.0,12.0,NO_ADJUSTMENT_IN_WINDOW
BLMN,2020-03-24,2020-04-07,VALID,0.8435897435897436,0.8435745937961596,NO_ADJUSTMENT_IN_WINDOW
BNTX,2020-03-24,2020-04-07,VALID,0.9903225806451613,0.9903508771929823,NO_ADJUSTMENT_IN_WINDOW
PUK,2020-03-24,2020-04-07,VALID,0.8570774163994505,0.8759630200308165,"UNLISTED_FACTOR_CHANGE_>0.2pct (dividend/special distribution/other, not in CA metadata)"
VG,2020-03-24,2020-04-07,VALID,0.9879139072847681,0.987917737789203,NO_ADJUSTMENT_IN_WINDOW
AA,2020-03-25,2020-04-08,VALID,0.9501891551071879,0.950275482093664,NO_ADJUSTMENT_IN_WINDOW
AG,2020-03-25,2020-04-08,VALID,0.9869503546099291,0.986875,NO_ADJUSTMENT_IN_WINDOW
AGI,2020-03-25,2020-04-08,VALID,0.9524074074074073,0.9525684931506849,SMALL_UNLISTED_FACTOR_CHANGE_<=0.2pct (dividend or raw cent-rounding noise)
ALV,2020-03-25,2020-04-08,VALID,0.8457335014712065,0.8458287394340316,SMALL_UNLISTED_FACTOR_CHANGE_<=0.2pct (dividend or raw cent-rounding noise)
APLE,2020-03-25,2020-04-08,VALID,0.7344913151364764,0.7344701583434835,NO_ADJUSTMENT_IN_WINDOW
AXSM,2020-03-25,2020-04-08,VALID,1.0,1.0,NO_ADJUSTMENT_IN_WINDOW
BJRI,2020-03-25,2020-04-08,VALID,1.0,1.0,NO_ADJUSTMENT_IN_WINDOW
BLMN,2020-03-25,2020-04-08,VALID,0.8435419440745673,0.8436197916666667,NO_ADJUSTMENT_IN_WINDOW
BNTX,2020-03-25,2020-04-08,VALID,0.9904903971657654,0.9904338153503893,NO_ADJUSTMENT_IN_WINDOW
BYD,2020-03-25,2020-04-08,VALID,0.952351863164325,0.9525032092426188,SMALL_UNLISTED_FACTOR_CHANGE_<=0.2pct (dividend or raw cent-rounding noise)
CAKE,2020-03-25,2020-04-08,VALID,0.8895976447497547,0.8896103896103896,NO_ADJUSTMENT_IN_WINDOW
CAR,2020-03-25,2020-04-08,VALID,0.9502617801047119,0.9500693481276005,SMALL_UNLISTED_FACTOR_CHANGE_<=0.2pct (dividend or raw cent-rounding noise)
CEF,2020-03-25,2020-04-08,VALID,1.0,1.0,NO_ADJUSTMENT_IN_WINDOW
CHDN,2020-03-25,2020-04-08,VALID,0.4902197802197802,0.49013425549227013,SMALL_UNLISTED_FACTOR_CHANGE_<=0.2pct (dividend or raw cent-rounding noise)
CMBT,2020-03-25,2020-04-08,VALID,0.5343329886246122,0.5344008264462811,SMALL_UNLISTED_FACTOR_CHANGE_<=0.2pct (dividend or raw cent-rounding noise)
COTY,2020-03-25,2020-04-08,VALID,1.0,1.0,NO_ADJUSTMENT_IN_WINDOW
CSTM,2020-03-25,2020-04-08,VALID,1.0,1.0,NO_ADJUSTMENT_IN_WINDOW
DAN,2020-03-25,2020-04-08,VALID,0.8698453608247423,0.8698630136986302,NO_ADJUSTMENT_IN_WINDOW
DB,2020-03-25,2020-04-08,VALID,0.8870014771048745,0.8870030581039755,NO_ADJUSTMENT_IN_WINDOW
DIN,2020-03-25,2020-04-08,VALID,0.8073426573426573,0.8072916666666667,NO_ADJUSTMENT_IN_WINDOW
EAT,2020-03-25,2020-04-08,VALID,1.0,1.0,NO_ADJUSTMENT_IN_WINDOW
EGO,2020-03-25,2020-04-08,VALID,0.9953124999999999,0.9952173913043477,NO_ADJUSTMENT_IN_WINDOW
EQNR,2020-03-25,2020-04-08,VALID,0.6626353790613718,0.6626587005227781,NO_ADJUSTMENT_IN_WINDOW
FUN,2020-03-25,2020-04-08,VALID,0.9449081803005008,0.9447483588621444,SMALL_UNLISTED_FACTOR_CHANGE_<=0.2pct (dividend or raw cent-rounding noise)
GFI,2020-03-25,2020-04-08,VALID,0.820446735395189,0.8205263157894735,NO_ADJUSTMENT_IN_WINDOW
HMC,2020-03-25,2020-04-08,VALID,0.8898563343491511,0.8897424310890195,SMALL_UNLISTED_FACTOR_CHANGE_<=0.2pct (dividend or raw cent-rounding noise)
ING,2020-03-25,2020-04-08,VALID,0.7007949125596185,0.7008680555555555,SMALL_UNLISTED_FACTOR_CHANGE_<=0.2pct (dividend or raw cent-rounding noise)
JACK,2020-03-25,2020-04-08,VALID,0.889846153846154,0.8896740369272852,SMALL_UNLISTED_FACTOR_CHANGE_<=0.2pct (dividend or raw cent-rounding noise)
KBH,2020-03-25,2020-04-08,VALID,0.9033760186263097,0.9034888989578614,SMALL_UNLISTED_FACTOR_CHANGE_<=0.2pct (dividend or raw cent-rounding noise)
KL,2020-03-25,2020-04-08,VALID,0.9670949545596992,0.970842011306159,"UNLISTED_FACTOR_CHANGE_>0.2pct (dividend/special distribution/other, not in CA metadata)"
MAIN,2020-03-25,2020-04-08,VALID,0.6081424936386769,0.6081845885938181,NO_ADJUSTMENT_IN_WINDOW
MGP,2020-03-25,2020-04-08,VALID,0.8675,0.8865710560625814,"UNLISTED_FACTOR_CHANGE_>0.2pct (dividend/special distribution/other, not in CA metadata)"
MLCO,2020-03-25,2020-04-08,VALID,1.0,1.0,NO_ADJUSTMENT_IN_WINDOW
MT,2020-03-25,2020-04-08,VALID,0.9312026002166848,0.9312256809338523,NO_ADJUSTMENT_IN_WINDOW
NG,2020-03-25,2020-04-08,VALID,1.0,1.0,NO_ADJUSTMENT_IN_WINDOW
PFGC,2020-03-25,2020-04-08,VALID,1.0,1.0,NO_ADJUSTMENT_IN_WINDOW
PK,2020-03-25,2020-04-08,VALID,0.6621651785714285,0.6978696741854636,"UNLISTED_FACTOR_CHANGE_>0.2pct (dividend/special distribution/other, not in CA metadata)"
PLAY,2020-03-25,2020-04-08,VALID,1.0,1.0,NO_ADJUSTMENT_IN_WINDOW
PLCE,2020-03-25,2020-04-08,VALID,1.0,1.0,NO_ADJUSTMENT_IN_WINDOW
PRKS,2020-03-25,2020-04-08,VALID,1.0,1.0,NO_ADJUSTMENT_IN_WINDOW
PUK,2020-03-25,2020-04-08,VALID,0.8570198105081825,0.8756735950731331,"UNLISTED_FACTOR_CHANGE_>0.2pct (dividend/special distribution/other, not in CA metadata)"
PVG,2020-03-25,2020-04-08,VALID,1.0,1.0,NO_ADJUSTMENT_IN_WINDOW
RDN,2020-03-25,2020-04-08,VALID,0.8151593453919036,0.8152727272727274,SMALL_UNLISTED_FACTOR_CHANGE_<=0.2pct (dividend or raw cent-rounding noise)
RRR,2020-03-25,2020-04-08,VALID,0.7900107411385607,0.7899898887765419,NO_ADJUSTMENT_IN_WINDOW
SBSW,2020-03-25,2020-04-08,VALID,0.7938380281690142,0.7937799043062203,NO_ADJUSTMENT_IN_WINDOW
SGMS,2020-03-25,2020-04-08,VALID,1.0,1.0,NO_ADJUSTMENT_IN_WINDOW
SKYW,2020-03-25,2020-04-08,VALID,0.9946865037194473,1.0,"UNLISTED_FACTOR_CHANGE_>0.2pct (dividend/special distribution/other, not in CA metadata)"
SSRM,2020-03-25,2020-04-08,VALID,0.9540740740740742,0.9538123167155425,SMALL_UNLISTED_FACTOR_CHANGE_<=0.2pct (dividend or raw cent-rounding noise)
STWD,2020-03-25,2020-04-08,VALID,0.5063740856844305,0.5259729944400318,"UNLISTED_FACTOR_CHANGE_>0.2pct (dividend/special distribution/other, not in CA metadata)"
SVC,2020-03-25,2020-04-08,VALID,3.8359073359073363,3.8365553602811944,SMALL_UNLISTED_FACTOR_CHANGE_<=0.2pct (dividend or raw cent-rounding noise)
TECK,2020-03-25,2020-04-08,VALID,0.9254047322540474,0.9254278728606358,NO_ADJUSTMENT_IN_WINDOW
UBS,2020-03-25,2020-04-08,VALID,0.8126651982378854,0.8126173096976017,NO_ADJUSTMENT_IN_WINDOW
UNM,2020-03-25,2020-04-08,VALID,0.7898975109809663,0.789612097304405,SMALL_UNLISTED_FACTOR_CHANGE_<=0.2pct (dividend or raw cent-rounding noise)
WPC,2020-03-25,2020-04-08,VALID,0.6597588545591561,0.6712109061748196,"UNLISTED_FACTOR_CHANGE_>0.2pct (dividend/special distribution/other, not in CA metadata)"
ALGT,2020-03-26,2020-04-09,VALID,0.9665625000000001,0.96651866074643,NO_ADJUSTMENT_IN_WINDOW
ARI,2020-03-26,2020-04-09,VALID,0.3060646900269542,0.32038834951456313,"UNLISTED_FACTOR_CHANGE_>0.2pct (dividend/special distribution/other, not in CA metadata)"
AZUL,2020-03-26,2020-04-09,VALID,1.0,1.0,NO_ADJUSTMENT_IN_WINDOW
BJRI,2020-03-26,2020-04-09,VALID,1.0,1.0,NO_ADJUSTMENT_IN_WINDOW
DIN,2020-03-26,2020-04-09,VALID,0.8070116861435727,0.8071150639244025,SMALL_UNLISTED_FACTOR_CHANGE_<=0.2pct (dividend or raw cent-rounding noise)
EPR,2020-03-26,2020-04-09,VALID,0.6687500000000001,0.6794370602032839,"UNLISTED_FACTOR_CHANGE_>0.2pct (dividend/special distribution/other, not in CA metadata)"
PK,2020-03-26,2020-04-09,VALID,0.6622384937238494,0.697939393939394,"UNLISTED_FACTOR_CHANGE_>0.2pct (dividend/special distribution/other, not in CA metadata)"
PMT,2020-03-26,2020-04-09,VALID,0.4635879218472469,0.4636707663197729,SMALL_UNLISTED_FACTOR_CHANGE_<=0.2pct (dividend or raw cent-rounding noise)
SABR,2020-03-26,2020-04-09,VALID,1.0,1.0,NO_ADJUSTMENT_IN_WINDOW
SKYW,2020-03-26,2020-04-09,VALID,0.9949072389959986,1.0,"UNLISTED_FACTOR_CHANGE_>0.2pct (dividend/special distribution/other, not in CA metadata)"
VIR,2020-03-26,2020-04-09,VALID,1.0,1.0,NO_ADJUSTMENT_IN_WINDOW
VSLR,2020-03-26,2020-04-09,VALID,1.0,1.0,NO_ADJUSTMENT_IN_WINDOW
WGO,2020-03-26,2020-04-09,VALID,0.8613928329952671,0.8613363153480569,NO_ADJUSTMENT_IN_WINDOW
BNTX,2020-03-27,2020-04-13,VALID,0.990333758891118,0.9904099736274276,NO_ADJUSTMENT_IN_WINDOW
CIM,2020-03-27,2020-04-13,VALID,1.3194915254237287,1.3763297872340425,"UNLISTED_FACTOR_CHANGE_>0.2pct (dividend/special distribution/other, not in CA metadata)"
GPMT,2020-03-27,2020-04-13,VALID,0.5157142857142857,0.5156716417910447,NO_ADJUSTMENT_IN_WINDOW
LADR,2020-03-27,2020-04-13,VALID,0.5807213930348258,0.5807262569832402,NO_ADJUSTMENT_IN_WINDOW
PBF,2020-03-27,2020-04-13,VALID,0.8929333333333334,0.8929133858267717,NO_ADJUSTMENT_IN_WINDOW
RWT,2020-03-27,2020-04-13,VALID,0.5077777777777778,0.5076294277929155,SMALL_UNLISTED_FACTOR_CHANGE_<=0.2pct (dividend or raw cent-rounding noise)
SIG,2020-03-27,2020-04-13,VALID,0.9336046511627907,0.9335917312661498,NO_ADJUSTMENT_IN_WINDOW
STWD,2020-03-27,2020-04-13,VALID,0.5064166666666666,0.5259776536312849,"UNLISTED_FACTOR_CHANGE_>0.2pct (dividend/special distribution/other, not in CA metadata)"
TLRY,2020-03-27,2020-04-13,VALID,10.0,10.0,NO_ADJUSTMENT_IN_WINDOW
LADR,2020-03-30,2020-04-14,VALID,0.5806896551724138,0.5807113543091655,NO_ADJUSTMENT_IN_WINDOW
TLRY,2020-03-30,2020-04-14,VALID,9.999999999999998,10.0,NO_ADJUSTMENT_IN_WINDOW
ACH,2020-03-31,2020-04-15,VALID,0.9991561181434598,0.9990909090909091,NO_ADJUSTMENT_IN_WINDOW
APRN,2020-03-31,2020-04-15,VALID,12.0,12.0,NO_ADJUSTMENT_IN_WINDOW
APT,2020-03-31,2020-04-15,VALID,1.0,1.0,NO_ADJUSTMENT_IN_WINDOW
CAKE,2020-03-31,2020-04-15,VALID,0.8896882494004796,0.8897818599311136,SMALL_UNLISTED_FACTOR_CHANGE_<=0.2pct (dividend or raw cent-rounding noise)
PBF,2020-03-31,2020-04-15,VALID,0.8929280397022332,0.8928895612708018,NO_ADJUSTMENT_IN_WINDOW
ACH,2020-04-01,2020-04-16,VALID,0.9991515151515152,0.999163179916318,NO_ADJUSTMENT_IN_WINDOW
INSG,2020-04-02,2020-04-17,VALID,10.0,10.000000000000002,NO_ADJUSTMENT_IN_WINDOW
BMRA,2020-04-03,2020-04-20,VALID,8.0,8.0,NO_ADJUSTMENT_IN_WINDOW
FATE,2020-04-06,2020-04-21,VALID,1.0,1.0,NO_ADJUSTMENT_IN_WINDOW
ARI,2020-04-07,2020-04-22,VALID,0.32033898305084746,0.32038834951456313,SMALL_UNLISTED_FACTOR_CHANGE_<=0.2pct (dividend or raw cent-rounding noise)
ARR,2020-04-07,2020-04-22,VALID,1.5871121718377088,1.5866983372921615,SMALL_UNLISTED_FACTOR_CHANGE_<=0.2pct (dividend or raw cent-rounding noise)
BHF,2020-04-07,2020-04-22,VALID,1.0,1.0,NO_ADJUSTMENT_IN_WINDOW
BLMN,2020-04-07,2020-04-22,VALID,0.8436363636363636,0.8435536294691224,NO_ADJUSTMENT_IN_WINDOW
CIM,2020-04-07,2020-04-22,VALID,1.3770270270270268,1.3768506056527592,SMALL_UNLISTED_FACTOR_CHANGE_<=0.2pct (dividend or raw cent-rounding noise)
CNK,2020-04-07,2020-04-22,VALID,0.9793906810035842,0.9792498004788508,SMALL_UNLISTED_FACTOR_CHANGE_<=0.2pct (dividend or raw cent-rounding noise)
COTY,2020-04-07,2020-04-22,VALID,1.0,1.0,NO_ADJUSTMENT_IN_WINDOW
DIN,2020-04-07,2020-04-22,VALID,0.8072727272727273,0.8072100313479624,NO_ADJUSTMENT_IN_WINDOW
IHG,2020-04-07,2020-04-22,VALID,0.9192982456140351,0.919279363593823,NO_ADJUSTMENT_IN_WINDOW
IMMU,2020-04-07,2020-04-22,VALID,1.0,1.0,NO_ADJUSTMENT_IN_WINDOW
ING,2020-04-07,2020-04-22,VALID,0.7008474576271185,0.7007889546351084,NO_ADJUSTMENT_IN_WINDOW
LGIH,2020-04-07,2020-04-22,VALID,1.0,1.0,NO_ADJUSTMENT_IN_WINDOW
OUT,2020-04-07,2020-04-22,VALID,0.7198795180722892,0.7198697068403909,NO_ADJUSTMENT_IN_WINDOW
PK,2020-04-07,2020-04-22,VALID,0.6979418886198547,0.6979224376731302,NO_ADJUSTMENT_IN_WINDOW
PLAY,2020-04-07,2020-04-22,VALID,1.0,1.0,NO_ADJUSTMENT_IN_WINDOW
PMT,2020-04-07,2020-04-22,VALID,0.4636363636363637,0.47495183044315986,"UNLISTED_FACTOR_CHANGE_>0.2pct (dividend/special distribution/other, not in CA metadata)"
PUK,2020-04-07,2020-04-22,VALID,0.8759747493501671,0.8758921490880254,NO_ADJUSTMENT_IN_WINDOW
RRR,2020-04-07,2020-04-22,VALID,0.7900274473924978,0.7899661781285231,NO_ADJUSTMENT_IN_WINDOW
RYAAY,2020-04-07,2020-04-22,VALID,0.3846153846153846,0.38454610951008644,SMALL_UNLISTED_FACTOR_CHANGE_<=0.2pct (dividend or raw cent-rounding noise)
SBSW,2020-04-07,2020-04-22,VALID,0.7938095238095239,0.7937142857142857,SMALL_UNLISTED_FACTOR_CHANGE_<=0.2pct (dividend or raw cent-rounding noise)
SGMS,2020-04-07,2020-04-22,VALID,1.0,1.0,NO_ADJUSTMENT_IN_WINDOW
SKT,2020-04-07,2020-04-22,VALID,0.7523102310231023,0.7524084778420037,SMALL_UNLISTED_FACTOR_CHANGE_<=0.2pct (dividend or raw cent-rounding noise)
TXRH,2020-04-07,2020-04-22,VALID,0.9068069572686278,0.9068309554690879,NO_ADJUSTMENT_IN_WINDOW
VIR,2020-04-07,2020-04-22,VALID,1.0,1.0,NO_ADJUSTMENT_IN_WINDOW
WTFC,2020-04-07,2020-04-22,VALID,0.8912984548658174,0.8913656884875847,NO_ADJUSTMENT_IN_WINDOW
ABR,2020-04-08,2020-04-23,VALID,0.486106346483705,0.48615635179153094,SMALL_UNLISTED_FACTOR_CHANGE_<=0.2pct (dividend or raw cent-rounding noise)
ADS,2020-04-08,2020-04-23,VALID,0.7972222222222222,0.7972270363951474,NO_ADJUSTMENT_IN_WINDOW
AER,2020-04-08,2020-04-23,VALID,0.9846917666528754,0.9847533632286996,NO_ADJUSTMENT_IN_WINDOW
AKER,2020-04-08,2020-04-23,VALID,2.0,2.0,NO_ADJUSTMENT_IN_WINDOW
ARR,2020-04-08,2020-04-23,VALID,1.5866666666666667,1.5873959571938168,SMALL_UNLISTED_FACTOR_CHANGE_<=0.2pct (dividend or raw cent-rounding noise)
ATI,2020-04-08,2020-04-23,VALID,1.0,1.0,NO_ADJUSTMENT_IN_WINDOW
BFH,2020-04-08,2020-04-23,VALID,0.7319444444444445,0.731864322852191,SMALL_UNLISTED_FACTOR_CHANGE_<=0.2pct (dividend or raw cent-rounding noise)
BLMN,2020-04-08,2020-04-23,VALID,0.8435393258426966,0.8435569755058573,NO_ADJUSTMENT_IN_WINDOW
CAR,2020-04-08,2020-04-23,VALID,0.950280112044818,0.9500416319733556,SMALL_UNLISTED_FACTOR_CHANGE_<=0.2pct (dividend or raw cent-rounding noise)
CNK,2020-04-08,2020-04-23,VALID,0.9794871794871797,0.9789719626168225,SMALL_UNLISTED_FACTOR_CHANGE_<=0.2pct (dividend or raw cent-rounding noise)
COTY,2020-04-08,2020-04-23,VALID,1.0,1.0,NO_ADJUSTMENT_IN_WINDOW
CPA,2020-04-08,2020-04-23,VALID,0.819541375872383,0.8196945967110415,SMALL_UNLISTED_FACTOR_CHANGE_<=0.2pct (dividend or raw cent-rounding noise)
CPRI,2020-04-08,2020-04-23,VALID,1.0,1.0,NO_ADJUSTMENT_IN_WINDOW
DIN,2020-04-08,2020-04-23,VALID,0.8073068218558034,0.8071312803889789,SMALL_UNLISTED_FACTOR_CHANGE_<=0.2pct (dividend or raw cent-rounding noise)
EAT,2020-04-08,2020-04-23,VALID,1.0,1.0,NO_ADJUSTMENT_IN_WINDOW
FUN,2020-04-08,2020-04-23,VALID,0.9449922158796057,0.9448178280863107,SMALL_UNLISTED_FACTOR_CHANGE_<=0.2pct (dividend or raw cent-rounding noise)
IHG,2020-04-08,2020-04-23,VALID,0.9192207175100973,0.9193889541715629,SMALL_UNLISTED_FACTOR_CHANGE_<=0.2pct (dividend or raw cent-rounding noise)
JACK,2020-04-08,2020-04-23,VALID,0.8896969696969698,0.8898148148148147,SMALL_UNLISTED_FACTOR_CHANGE_<=0.2pct (dividend or raw cent-rounding noise)
LADR,2020-04-08,2020-04-23,VALID,0.5806228373702421,0.5806818181818182,SMALL_UNLISTED_FACTOR_CHANGE_<=0.2pct (dividend or raw cent-rounding noise)
LEVI,2020-04-08,2020-04-23,VALID,0.8627450980392157,0.8681229773462784,"UNLISTED_FACTOR_CHANGE_>0.2pct (dividend/special distribution/other, not in CA metadata)"
MAC,2020-04-08,2020-04-23,VALID,0.5333333333333333,0.7465430016863406,"UNLISTED_FACTOR_CHANGE_>0.2pct (dividend/special distribution/other, not in CA metadata)"
MAIN,2020-04-08,2020-04-23,VALID,0.6084229390681003,0.6134113411341134,"UNLISTED_FACTOR_CHANGE_>0.2pct (dividend/special distribution/other, not in CA metadata)"
PK,2020-04-08,2020-04-23,VALID,0.697940797940798,0.697913769123783,NO_ADJUSTMENT_IN_WINDOW
PLAY,2020-04-08,2020-04-23,VALID,1.0,1.0,NO_ADJUSTMENT_IN_WINDOW
PLCE,2020-04-08,2020-04-23,VALID,1.0,1.0,NO_ADJUSTMENT_IN_WINDOW
PMT,2020-04-08,2020-04-23,VALID,0.46367567567567564,0.47495126705653024,"UNLISTED_FACTOR_CHANGE_>0.2pct (dividend/special distribution/other, not in CA metadata)"
PRKS,2020-04-08,2020-04-23,VALID,1.0,1.0,NO_ADJUSTMENT_IN_WINDOW
PVH,2020-04-08,2020-04-23,VALID,0.9909625893232451,0.9909319899244332,NO_ADJUSTMENT_IN_WINDOW
QCLS,2020-04-08,2020-04-23,VALID,6000.0,6000.0,NO_ADJUSTMENT_IN_WINDOW
RRR,2020-04-08,2020-04-23,VALID,0.7900205761316872,0.7899683210137275,NO_ADJUSTMENT_IN_WINDOW
RUN,2020-04-08,2020-04-23,VALID,1.0,1.0,NO_ADJUSTMENT_IN_WINDOW
SABR,2020-04-08,2020-04-23,VALID,1.0,1.0,NO_ADJUSTMENT_IN_WINDOW
SBSW,2020-04-08,2020-04-23,VALID,0.7937898089171975,0.7938076416337286,NO_ADJUSTMENT_IN_WINDOW
SGMS,2020-04-08,2020-04-23,VALID,1.0,1.0,NO_ADJUSTMENT_IN_WINDOW
SIG,2020-04-08,2020-04-23,VALID,0.9335724533715926,0.9336021505376343,NO_ADJUSTMENT_IN_WINDOW
SKT,2020-04-08,2020-04-23,VALID,0.7523121387283238,0.7523722627737226,NO_ADJUSTMENT_IN_WINDOW
SKYW,2020-04-08,2020-04-23,VALID,1.0,1.0,NO_ADJUSTMENT_IN_WINDOW
TNL,2020-04-08,2020-04-23,VALID,0.7811775614279092,0.7813891362422084,SMALL_UNLISTED_FACTOR_CHANGE_<=0.2pct (dividend or raw cent-rounding noise)
TSU,2020-04-08,2020-04-23,VALID,1.0,1.0,NO_ADJUSTMENT_IN_WINDOW
VAC,2020-04-08,2020-04-23,VALID,0.8487790526625478,0.8488447983291999,NO_ADJUSTMENT_IN_WINDOW
WH,2020-04-08,2020-04-23,VALID,0.8971409792967466,0.8970331588132635,SMALL_UNLISTED_FACTOR_CHANGE_<=0.2pct (dividend or raw cent-rounding noise)
WYND,2020-04-08,2020-04-23,VALID,0.9675475197032917,0.9679430097951913,SMALL_UNLISTED_FACTOR_CHANGE_<=0.2pct (dividend or raw cent-rounding noise)
AKER,2020-04-09,2020-04-24,VALID,2.0,2.0,NO_ADJUSTMENT_IN_WINDOW
APT,2020-04-09,2020-04-24,VALID,1.0,1.0,NO_ADJUSTMENT_IN_WINDOW
LADR,2020-04-09,2020-04-24,VALID,0.5806944444444444,0.5807246376811593,NO_ADJUSTMENT_IN_WINDOW
NVAX,2020-04-09,2020-04-24,VALID,1.0,1.0,NO_ADJUSTMENT_IN_WINDOW
QCLS,2020-04-09,2020-04-24,VALID,6000.0,6000.0,NO_ADJUSTMENT_IN_WINDOW
ABR,2020-04-13,2020-04-27,VALID,0.486125,0.48615635179153094,NO_ADJUSTMENT_IN_WINDOW
ADS,2020-04-13,2020-04-27,VALID,0.7973009446693657,0.7972940323749698,NO_ADJUSTMENT_IN_WINDOW
BFH,2020-04-13,2020-04-27,VALID,0.7317139001349529,0.7318192800193283,SMALL_UNLISTED_FACTOR_CHANGE_<=0.2pct (dividend or raw cent-rounding noise)
BLMN,2020-04-13,2020-04-27,VALID,0.8435483870967742,0.8435946462715105,NO_ADJUSTMENT_IN_WINDOW
BNTX,2020-04-13,2020-04-27,VALID,0.9904389395914819,0.9904858299595142,NO_ADJUSTMENT_IN_WINDOW
CHEF,2020-04-13,2020-04-27,VALID,1.0,1.0,NO_ADJUSTMENT_IN_WINDOW
GPMT,2020-04-13,2020-04-27,VALID,0.5157232704402516,0.5158508158508158,SMALL_UNLISTED_FACTOR_CHANGE_<=0.2pct (dividend or raw cent-rounding noise)
LADR,2020-04-13,2020-04-27,VALID,0.5806912991656734,0.5806818181818182,NO_ADJUSTMENT_IN_WINDOW
MAC,2020-04-13,2020-04-27,VALID,0.5333678756476684,0.7465875370919881,"UNLISTED_FACTOR_CHANGE_>0.2pct (dividend/special distribution/other, not in CA metadata)"
MAIN,2020-04-13,2020-04-27,VALID,0.6085185185185185,0.6135040745052387,"UNLISTED_FACTOR_CHANGE_>0.2pct (dividend/special distribution/other, not in CA metadata)"
MUR,2020-04-13,2020-04-27,VALID,0.800344827586207,0.800327868852459,NO_ADJUSTMENT_IN_WINDOW
PBF,2020-04-13,2020-04-27,VALID,0.8929594272076371,0.8929866989117292,NO_ADJUSTMENT_IN_WINDOW
PRKS,2020-04-13,2020-04-27,VALID,1.0,1.0,NO_ADJUSTMENT_IN_WINDOW
WES,2020-04-13,2020-04-27,VALID,0.5596666666666666,0.5597014925373134,NO_ADJUSTMENT_IN_WINDOW
CHEF,2020-04-14,2020-04-28,VALID,1.0,1.0,NO_ADJUSTMENT_IN_WINDOW
GPMT,2020-04-14,2020-04-28,VALID,0.5156862745098039,0.5156903765690376,NO_ADJUSTMENT_IN_WINDOW
TRTX,2020-04-14,2020-04-28,VALID,0.43502109704641345,0.4349930843706777,NO_ADJUSTMENT_IN_WINDOW
GME,2020-04-15,2020-04-29,VALID,0.25,0.25,NO_ADJUSTMENT_IN_WINDOW
IOVA,2020-04-15,2020-04-29,VALID,1.0,1.0,NO_ADJUSTMENT_IN_WINDOW
YETI,2020-04-15,2020-04-29,VALID,1.0,1.0,NO_ADJUSTMENT_IN_WINDOW
JACK,2020-04-17,2020-05-01,VALID,0.8897566291318562,0.8898020798389802,NO_ADJUSTMENT_IN_WINDOW
BLMN,2020-04-20,2020-05-04,VALID,0.8435412026726058,0.8435700575815738,NO_ADJUSTMENT_IN_WINDOW
CNK,2020-04-20,2020-05-04,VALID,0.9792467332820908,0.9795620437956205,SMALL_UNLISTED_FACTOR_CHANGE_<=0.2pct (dividend or raw cent-rounding noise)
DIN,2020-04-20,2020-05-04,VALID,0.8071875,0.8071117932975185,NO_ADJUSTMENT_IN_WINDOW
EAT,2020-04-20,2020-05-04,VALID,1.0,1.0,NO_ADJUSTMENT_IN_WINDOW
FUN,2020-04-20,2020-05-04,VALID,0.9450021824530772,0.9450261780104713,NO_ADJUSTMENT_IN_WINDOW
MAC,2020-04-20,2020-05-04,VALID,0.5333839150227618,0.746600566572238,"UNLISTED_FACTOR_CHANGE_>0.2pct (dividend/special distribution/other, not in CA metadata)"
SKT,2020-04-20,2020-05-04,VALID,0.7522768670309653,0.7905631659056316,"UNLISTED_FACTOR_CHANGE_>0.2pct (dividend/special distribution/other, not in CA metadata)"
TCF,2020-04-20,2020-05-04,VALID,0.9540133779264214,0.9540489642184556,NO_ADJUSTMENT_IN_WINDOW
TSG,2020-04-20,2020-05-04,VALID,1.0,1.0,NO_ADJUSTMENT_IN_WINDOW
CODX,2020-04-21,2020-05-05,VALID,30.0,30.0,NO_ADJUSTMENT_IN_WINDOW
EXEL,2020-04-21,2020-05-05,VALID,1.0,1.0,NO_ADJUSTMENT_IN_WINDOW
MAC,2020-04-22,2020-05-06,VALID,0.7465378421900162,0.7466360856269113,SMALL_UNLISTED_FACTOR_CHANGE_<=0.2pct (dividend or raw cent-rounding noise)
NAT,2020-04-22,2020-05-06,VALID,0.5428044280442805,0.5428571428571429,NO_ADJUSTMENT_IN_WINDOW
STNG,2020-04-22,2020-05-06,VALID,0.8525252525252526,0.8524159663865547,SMALL_UNLISTED_FACTOR_CHANGE_<=0.2pct (dividend or raw cent-rounding noise)
BNTX,2020-04-23,2020-05-07,VALID,0.9903448275862069,0.990470397404704,SMALL_UNLISTED_FACTOR_CHANGE_<=0.2pct (dividend or raw cent-rounding noise)
NAT,2020-04-24,2020-05-08,VALID,0.5428571428571428,0.5427734375,SMALL_UNLISTED_FACTOR_CHANGE_<=0.2pct (dividend or raw cent-rounding noise)
DKNG,2020-04-27,2020-05-11,VALID,1.0,1.0,NO_ADJUSTMENT_IN_WINDOW
EXE,2020-04-27,2020-05-11,VALID,0.7873715124816447,0.7875968992248062,SMALL_UNLISTED_FACTOR_CHANGE_<=0.2pct (dividend or raw cent-rounding noise)
MESO,2020-04-27,2020-05-11,VALID,2.0,2.0,NO_ADJUSTMENT_IN_WINDOW
MMSI,2020-04-27,2020-05-11,VALID,1.0,1.0,NO_ADJUSTMENT_IN_WINDOW
PLUR,2020-04-27,2020-05-11,VALID,8.0,8.0,NO_ADJUSTMENT_IN_WINDOW
PSTI,2020-04-27,2020-05-11,VALID,1.0,1.0,NO_ADJUSTMENT_IN_WINDOW
TKO,2020-04-27,2020-05-11,VALID,0.9136563876651982,0.9135719108710332,NO_ADJUSTMENT_IN_WINDOW
WWE,2020-04-27,2020-05-11,VALID,0.9731277533039647,0.9732162952959712,NO_ADJUSTMENT_IN_WINDOW
AXSM,2020-04-28,2020-05-12,VALID,1.0,1.0,NO_ADJUSTMENT_IN_WINDOW
DKNG,2020-04-28,2020-05-12,VALID,1.0,1.0,NO_ADJUSTMENT_IN_WINDOW
NAT,2020-04-28,2020-05-12,VALID,0.5428393524283935,0.5427402862985685,SMALL_UNLISTED_FACTOR_CHANGE_<=0.2pct (dividend or raw cent-rounding noise)
EQH,2020-04-29,2020-05-13,VALID,0.846153846153846,0.8461538461538461,NO_ADJUSTMENT_IN_WINDOW
EXE,2020-04-29,2020-05-13,VALID,0.78732747804266,0.7873958333333334,NO_ADJUSTMENT_IN_WINDOW
SDC,2020-04-29,2020-05-13,VALID,1.0,1.0,NO_ADJUSTMENT_IN_WINDOW
TCF,2020-04-29,2020-05-13,VALID,0.9541192230408573,0.9542656112576957,SMALL_UNLISTED_FACTOR_CHANGE_<=0.2pct (dividend or raw cent-rounding noise)
BCS,2020-04-30,2020-05-14,VALID,0.828996282527881,0.8289915966386555,NO_ADJUSTMENT_IN_WINDOW
CAPR,2020-04-30,2020-05-14,VALID,1.0,1.0,NO_ADJUSTMENT_IN_WINDOW
DIN,2020-04-30,2020-05-14,VALID,0.8071144498453381,0.8071367884451996,NO_ADJUSTMENT_IN_WINDOW
EAT,2020-04-30,2020-05-14,VALID,1.0,1.0,NO_ADJUSTMENT_IN_WINDOW
HELE,2020-04-30,2020-05-14,VALID,1.0,1.0,NO_ADJUSTMENT_IN_WINDOW
LGND,2020-04-30,2020-05-14,VALID,1.0,1.0,NO_ADJUSTMENT_IN_WINDOW
MAC,2020-04-30,2020-05-14,VALID,0.7465771812080537,0.7466129032258063,NO_ADJUSTMENT_IN_WINDOW
MRCY,2020-04-30,2020-05-14,VALID,1.0,1.0,NO_ADJUSTMENT_IN_WINDOW
MTDR,2020-04-30,2020-05-14,VALID,0.9165986394557823,0.9164963503649635,SMALL_UNLISTED_FACTOR_CHANGE_<=0.2pct (dividend or raw cent-rounding noise)
PBF,2020-04-30,2020-05-14,VALID,0.8929680365296805,0.8929881337648329,NO_ADJUSTMENT_IN_WINDOW
SAIA,2020-04-30,2020-05-14,VALID,1.0,1.0,NO_ADJUSTMENT_IN_WINDOW
WW,2020-04-30,2020-05-14,VALID,1.0,1.0,NO_ADJUSTMENT_IN_WINDOW
NXH,2020-05-01,2020-05-15,VALID,1.0,1.0,NO_ADJUSTMENT_IN_WINDOW
OSTK,2020-05-01,2020-05-15,VALID,1.0,1.0,NO_ADJUSTMENT_IN_WINDOW
EXE,2020-05-04,2020-05-18,VALID,0.787561146051712,0.7874299439551642,SMALL_UNLISTED_FACTOR_CHANGE_<=0.2pct (dividend or raw cent-rounding noise)
STML,2020-05-05,2020-05-19,VALID,1.0,1.0,NO_ADJUSTMENT_IN_WINDOW
ACHC,2020-05-06,2020-05-20,VALID,1.0,1.0,NO_ADJUSTMENT_IN_WINDOW
AER,2020-05-06,2020-05-20,VALID,0.9846689895470384,0.9847841472045292,SMALL_UNLISTED_FACTOR_CHANGE_<=0.2pct (dividend or raw cent-rounding noise)
CEMI,2020-05-06,2020-05-20,VALID,1.0,1.0,NO_ADJUSTMENT_IN_WINDOW
CEQP,2020-05-06,2020-05-20,VALID,0.6577019150707744,0.6933985330073349,"UNLISTED_FACTOR_CHANGE_>0.2pct (dividend/special distribution/other, not in CA metadata)"
EXE,2020-05-06,2020-05-20,VALID,0.7875,0.7871698113207547,SMALL_UNLISTED_FACTOR_CHANGE_<=0.2pct (dividend or raw cent-rounding noise)
GNMK,2020-05-06,2020-05-20,VALID,1.0,1.0,NO_ADJUSTMENT_IN_WINDOW
IPGP,2020-05-06,2020-05-20,VALID,1.0,1.0,NO_ADJUSTMENT_IN_WINDOW
NRZ,2020-05-06,2020-05-20,VALID,0.8935483870967742,0.893562874251497,NO_ADJUSTMENT_IN_WINDOW
RITM,2020-05-06,2020-05-20,VALID,0.5368663594470047,0.5368263473053893,NO_ADJUSTMENT_IN_WINDOW
TGTX,2020-05-06,2020-05-20,VALID,1.0,1.0,NO_ADJUSTMENT_IN_WINDOW
VRNS,2020-05-06,2020-05-20,VALID,0.33328550932568146,0.33329081632653057,NO_ADJUSTMENT_IN_WINDOW
WWD,2020-05-06,2020-05-20,VALID,0.9631436314363144,0.9645974781765276,SMALL_UNLISTED_FACTOR_CHANGE_<=0.2pct (dividend or raw cent-rounding noise)
APT,2020-05-07,2020-05-21,VALID,1.0,1.0,NO_ADJUSTMENT_IN_WINDOW
HZNP,2020-05-07,2020-05-21,VALID,1.0,1.0,NO_ADJUSTMENT_IN_WINDOW
MED,2020-05-07,2020-05-21,VALID,0.861995034980817,0.8619499568593616,NO_ADJUSTMENT_IN_WINDOW
NTNX,2020-05-07,2020-05-21,VALID,1.0,1.0,NO_ADJUSTMENT_IN_WINDOW
NXST,2020-05-07,2020-05-21,VALID,0.815845824411135,0.8224609874648247,"UNLISTED_FACTOR_CHANGE_>0.2pct (dividend/special distribution/other, not in CA metadata)"
SDC,2020-05-07,2020-05-21,VALID,1.0,1.0,NO_ADJUSTMENT_IN_WINDOW
AAWW,2020-05-08,2020-05-22,VALID,1.0,1.0,NO_ADJUSTMENT_IN_WINDOW
FSLY,2020-05-08,2020-05-22,VALID,1.0,1.0,NO_ADJUSTMENT_IN_WINDOW
FVRR,2020-05-08,2020-05-22,VALID,1.0,1.0,NO_ADJUSTMENT_IN_WINDOW
GNMK,2020-05-08,2020-05-22,VALID,1.0,1.0,NO_ADJUSTMENT_IN_WINDOW
LAMR,2020-05-08,2020-05-22,VALID,0.7449633699633701,0.7449009324009325,NO_ADJUSTMENT_IN_WINDOW
LBTYA,2020-05-08,2020-05-22,VALID,0.515083295812697,0.5149988000959923,SMALL_UNLISTED_FACTOR_CHANGE_<=0.2pct (dividend or raw cent-rounding noise)
LNC,2020-05-08,2020-05-22,VALID,0.7386808272778088,0.7385714285714287,SMALL_UNLISTED_FACTOR_CHANGE_<=0.2pct (dividend or raw cent-rounding noise)
NUS,2020-05-08,2020-05-22,VALID,0.7950958286358513,0.7950958286358513,NO_ADJUSTMENT_IN_WINDOW
STAY,2020-05-08,2020-05-22,VALID,0.9686057248384118,0.9686940966010734,NO_ADJUSTMENT_IN_WINDOW
CWH,2020-05-11,2020-05-26,VALID,0.7467248908296943,0.7472035794183445,SMALL_UNLISTED_FACTOR_CHANGE_<=0.2pct (dividend or raw cent-rounding noise)
HLF,2020-05-11,2020-05-26,VALID,1.0,1.0,NO_ADJUSTMENT_IN_WINDOW
PLUR,2020-05-11,2020-05-26,VALID,8.0,8.0,NO_ADJUSTMENT_IN_WINDOW
PSTI,2020-05-11,2020-05-26,VALID,1.0,1.0,NO_ADJUSTMENT_IN_WINDOW
PTGX,2020-05-11,2020-05-26,VALID,1.0,1.0,NO_ADJUSTMENT_IN_WINDOW
SKYW,2020-05-11,2020-05-26,VALID,1.0,1.0,NO_ADJUSTMENT_IN_WINDOW
UI,2020-05-11,2020-05-26,VALID,0.9419758412424505,0.9436267703415717,SMALL_UNLISTED_FACTOR_CHANGE_<=0.2pct (dividend or raw cent-rounding noise)
AMC,2020-05-12,2020-05-27,VALID,3.4131944444444446,3.4125,SMALL_UNLISTED_FACTOR_CHANGE_<=0.2pct (dividend or raw cent-rounding noise)
MYOK,2020-05-12,2020-05-27,VALID,1.0,1.0,NO_ADJUSTMENT_IN_WINDOW
NKLA,2020-05-12,2020-05-27,VALID,30.0,30.0,NO_ADJUSTMENT_IN_WINDOW
BCRX,2020-05-13,2020-05-28,VALID,1.0,1.0,NO_ADJUSTMENT_IN_WINDOW
BHF,2020-05-13,2020-05-28,VALID,1.0,1.0,NO_ADJUSTMENT_IN_WINDOW
CDLX,2020-05-13,2020-05-28,VALID,10.0,10.0,NO_ADJUSTMENT_IN_WINDOW
COHR,2020-05-13,2020-05-28,VALID,1.0,1.0,NO_ADJUSTMENT_IN_WINDOW
GDOT,2020-05-13,2020-05-28,VALID,1.0,1.0,NO_ADJUSTMENT_IN_WINDOW
IIVI,2020-05-13,2020-05-28,VALID,0.9677495291902072,0.9677280550774526,NO_ADJUSTMENT_IN_WINDOW
UPWK,2020-05-13,2020-05-28,VALID,1.0,1.0,NO_ADJUSTMENT_IN_WINDOW
SNX,2020-05-14,2020-05-29,VALID,0.9326666666666666,0.9326769807782466,NO_ADJUSTMENT_IN_WINDOW
UNFI,2020-05-14,2020-05-29,VALID,1.0,1.0,NO_ADJUSTMENT_IN_WINDOW
ALLO,2020-05-15,2020-06-01,VALID,1.0,1.0,NO_ADJUSTMENT_IN_WINDOW
ACB,2020-05-18,2020-06-02,VALID,10.0,10.000000000000002,NO_ADJUSTMENT_IN_WINDOW
NEWR,2020-05-18,2020-06-02,VALID,1.0,1.0,NO_ADJUSTMENT_IN_WINDOW
ADNT,2020-05-19,2020-06-03,VALID,1.0,1.0,NO_ADJUSTMENT_IN_WINDOW
EXE,2020-05-19,2020-06-03,VALID,0.7872174590802805,0.7871853546910755,NO_ADJUSTMENT_IN_WINDOW
FTI,2020-05-19,2020-06-03,VALID,0.6858321870701514,0.6858597285067873,NO_ADJUSTMENT_IN_WINDOW
MESO,2020-05-19,2020-06-03,VALID,2.0,2.0,NO_ADJUSTMENT_IN_WINDOW
MTDR,2020-05-19,2020-06-03,VALID,0.9165083135391924,0.9165105386416863,NO_ADJUSTMENT_IN_WINDOW
OVV,2020-05-19,2020-06-03,VALID,0.85,0.8499432463110103,NO_ADJUSTMENT_IN_WINDOW
PK,2020-05-19,2020-06-03,VALID,0.6979357798165138,0.697918552036199,NO_ADJUSTMENT_IN_WINDOW
RYAAY,2020-05-19,2020-06-03,VALID,0.3845108695652174,0.3845089903181189,NO_ADJUSTMENT_IN_WINDOW
VIR,2020-05-19,2020-06-03,VALID,1.0,1.0,NO_ADJUSTMENT_IN_WINDOW
DY,2020-05-20,2020-06-04,VALID,1.0,1.0,NO_ADJUSTMENT_IN_WINDOW
RAMP,2020-05-26,2020-06-09,VALID,1.0,1.0,NO_ADJUSTMENT_IN_WINDOW
ALT,2020-05-27,2020-06-10,VALID,1.0,1.0,NO_ADJUSTMENT_IN_WINDOW
ARGX,2020-05-27,2020-06-10,VALID,1.0,1.0,NO_ADJUSTMENT_IN_WINDOW
ARNC,2020-05-27,2020-06-10,VALID,1.0,1.0,NO_ADJUSTMENT_IN_WINDOW
EMBJ,2020-05-27,2020-06-10,VALID,0.988679245283019,0.9885826771653544,NO_ADJUSTMENT_IN_WINDOW
PBR.A,2020-05-27,2020-06-10,VALID,0.28519999999999995,0.28518518518518515,NO_ADJUSTMENT_IN_WINDOW
PLAY,2020-05-27,2020-06-10,VALID,1.0,1.0,NO_ADJUSTMENT_IN_WINDOW
RRR,2020-05-27,2020-06-10,VALID,0.7897768178545717,0.7897996357012751,NO_ADJUSTMENT_IN_WINDOW
RWT,2020-05-27,2020-06-10,VALID,0.5077060931899642,0.50768156424581,NO_ADJUSTMENT_IN_WINDOW
RYAAY,2020-05-27,2020-06-10,VALID,0.3845939545897757,0.38455424559544316,SMALL_UNLISTED_FACTOR_CHANGE_<=0.2pct (dividend or raw cent-rounding noise)
ESNT,2020-05-28,2020-06-11,VALID,0.8790931989924434,0.8833718244803695,"UNLISTED_FACTOR_CHANGE_>0.2pct (dividend/special distribution/other, not in CA metadata)"
PAGS,2020-05-28,2020-06-11,VALID,0.8990353697749196,0.8991063707120208,NO_ADJUSTMENT_IN_WINDOW
SKYW,2020-05-28,2020-06-11,VALID,1.0,1.0,NO_ADJUSTMENT_IN_WINDOW
ORKA,2020-05-29,2020-06-12,VALID,6.453956834532374,6.453277545327755,SMALL_UNLISTED_FACTOR_CHANGE_<=0.2pct (dividend or raw cent-rounding noise)
SMTC,2020-05-29,2020-06-12,VALID,1.0,1.0,NO_ADJUSTMENT_IN_WINDOW
ALT,2020-06-01,2020-06-15,VALID,1.0,1.0,NO_ADJUSTMENT_IN_WINDOW
AAXN,2020-06-02,2020-06-16,VALID,1.0,1.0,NO_ADJUSTMENT_IN_WINDOW
AXON,2020-06-02,2020-06-16,VALID,1.0,1.0,NO_ADJUSTMENT_IN_WINDOW
NTLA,2020-06-02,2020-06-16,VALID,1.0,1.0,NO_ADJUSTMENT_IN_WINDOW
AZUL,2020-06-04,2020-06-18,VALID,1.0,1.0,NO_ADJUSTMENT_IN_WINDOW
EMBJ,2020-06-04,2020-06-18,VALID,0.9886567164179104,0.9886363636363638,NO_ADJUSTMENT_IN_WINDOW
AZUL,2020-06-08,2020-06-22,VALID,1.0,1.0,NO_ADJUSTMENT_IN_WINDOW
BLMN,2020-06-08,2020-06-22,VALID,0.8439024390243902,0.8435672514619883,SMALL_UNLISTED_FACTOR_CHANGE_<=0.2pct (dividend or raw cent-rounding noise)
CAKE,2020-06-08,2020-06-22,VALID,0.889564336372847,0.8895297249334517,NO_ADJUSTMENT_IN_WINDOW
CHEF,2020-06-08,2020-06-22,VALID,1.0,1.0,NO_ADJUSTMENT_IN_WINDOW
CIM,2020-06-08,2020-06-22,VALID,1.3773087071240107,1.4170040485829958,"UNLISTED_FACTOR_CHANGE_>0.2pct (dividend/special distribution/other, not in CA metadata)"
CIT,2020-06-08,2020-06-22,VALID,0.9423282306870772,0.9420479302832244,SMALL_UNLISTED_FACTOR_CHANGE_<=0.2pct (dividend or raw cent-rounding noise)
CMA,2020-06-08,2020-06-22,VALID,0.7568943572337717,0.7707280080889787,"UNLISTED_FACTOR_CHANGE_>0.2pct (dividend/special distribution/other, not in CA metadata)"
CNK,2020-06-08,2020-06-22,VALID,0.9793495095508518,0.9795342272406493,SMALL_UNLISTED_FACTOR_CHANGE_<=0.2pct (dividend or raw cent-rounding noise)
DDS,2020-06-08,2020-06-22,VALID,0.7642546663257479,0.7643434732383521,SMALL_UNLISTED_FACTOR_CHANGE_<=0.2pct (dividend or raw cent-rounding noise)
DRH,2020-06-08,2020-06-22,VALID,0.8770025839793282,0.8771126760563381,SMALL_UNLISTED_FACTOR_CHANGE_<=0.2pct (dividend or raw cent-rounding noise)
EXE,2020-06-08,2020-06-22,VALID,0.7873820168902136,0.7874392220421395,NO_ADJUSTMENT_IN_WINDOW
LNC,2020-06-08,2020-06-22,VALID,0.7386042759177087,0.7385773624091381,NO_ADJUSTMENT_IN_WINDOW
MAC,2020-06-08,2020-06-22,VALID,0.7465818759936407,0.746629213483146,NO_ADJUSTMENT_IN_WINDOW
MDP,2020-06-08,2020-06-22,VALID,1.0,1.0,NO_ADJUSTMENT_IN_WINDOW
MTG,2020-06-08,2020-06-22,VALID,0.8647817460317461,0.8647820965842167,NO_ADJUSTMENT_IN_WINDOW
OMF,2020-06-08,2020-06-22,VALID,0.5159337157425112,0.5158057054741712,SMALL_UNLISTED_FACTOR_CHANGE_<=0.2pct (dividend or raw cent-rounding noise)
PBF,2020-06-08,2020-06-22,VALID,0.8926666666666667,0.8926598263614839,NO_ADJUSTMENT_IN_WINDOW
PFGC,2020-06-08,2020-06-22,VALID,1.0,1.0,NO_ADJUSTMENT_IN_WINDOW
RHP,2020-06-08,2020-06-22,VALID,0.8438604240282686,0.8436619718309859,SMALL_UNLISTED_FACTOR_CHANGE_<=0.2pct (dividend or raw cent-rounding noise)
RUTH,2020-06-08,2020-06-22,VALID,0.9635416666666666,0.9632155907429963,SMALL_UNLISTED_FACTOR_CHANGE_<=0.2pct (dividend or raw cent-rounding noise)
SABR,2020-06-08,2020-06-22,VALID,1.0,1.0,NO_ADJUSTMENT_IN_WINDOW
STL,2020-06-08,2020-06-22,VALID,0.974,0.9738134206219312,SMALL_UNLISTED_FACTOR_CHANGE_<=0.2pct (dividend or raw cent-rounding noise)
TCBI,2020-06-08,2020-06-22,VALID,0.9960264900662252,0.9958146487294469,SMALL_UNLISTED_FACTOR_CHANGE_<=0.2pct (dividend or raw cent-rounding noise)
USFD,2020-06-08,2020-06-22,VALID,1.0,1.0,NO_ADJUSTMENT_IN_WINDOW
AZUL,2020-06-09,2020-06-23,VALID,1.0,1.0,NO_ADJUSTMENT_IN_WINDOW
DGLY,2020-06-09,2020-06-23,VALID,40000.0,40000.0,NO_ADJUSTMENT_IN_WINDOW
IVR,2020-06-09,2020-06-23,VALID,3.606201550387597,3.605263157894737,SMALL_UNLISTED_FACTOR_CHANGE_<=0.2pct (dividend or raw cent-rounding noise)
KUST,2020-06-09,2020-06-23,VALID,6000000.0,6000000.0,NO_ADJUSTMENT_IN_WINDOW
MAC,2020-06-09,2020-06-23,VALID,0.7465765004226543,0.7465478841870823,NO_ADJUSTMENT_IN_WINDOW
MIK,2020-06-09,2020-06-23,VALID,1.0,1.0,NO_ADJUSTMENT_IN_WINDOW
MITT,2020-06-09,2020-06-23,VALID,1.4893917963224892,1.489071038251366,SMALL_UNLISTED_FACTOR_CHANGE_<=0.2pct (dividend or raw cent-rounding noise)
NBR,2020-06-09,2020-06-23,VALID,1.0,1.0,NO_ADJUSTMENT_IN_WINDOW
RWT,2020-06-09,2020-06-23,VALID,0.5076829268292684,0.5168831168831168,"UNLISTED_FACTOR_CHANGE_>0.2pct (dividend/special distribution/other, not in CA metadata)"
SABR,2020-06-09,2020-06-23,VALID,1.0,1.0,NO_ADJUSTMENT_IN_WINDOW
SRG,2020-06-09,2020-06-23,VALID,1.0,1.0,NO_ADJUSTMENT_IN_WINDOW
SSL,2020-06-09,2020-06-23,VALID,0.901560975609756,0.9016355140186916,NO_ADJUSTMENT_IN_WINDOW
IMRN,2020-06-10,2020-06-24,VALID,1.0,1.0,NO_ADJUSTMENT_IN_WINDOW
AMC,2020-06-11,2020-06-25,VALID,3.4122965641952985,3.412177985948478,NO_ADJUSTMENT_IN_WINDOW
APT,2020-06-11,2020-06-25,VALID,1.0,1.0,NO_ADJUSTMENT_IN_WINDOW
IBRX,2020-06-12,2020-06-26,VALID,1.0,1.0,NO_ADJUSTMENT_IN_WINDOW
NK,2020-06-12,2020-06-26,VALID,1.0,1.0,NO_ADJUSTMENT_IN_WINDOW
RETA,2020-06-12,2020-06-26,VALID,1.0,1.0,NO_ADJUSTMENT_IN_WINDOW
WAFU,2020-06-12,2020-06-26,VALID,1.0,1.0,NO_ADJUSTMENT_IN_WINDOW
ALGT,2020-06-15,2020-06-29,VALID,0.9665125931515893,0.9664964615246798,NO_ADJUSTMENT_IN_WINDOW
AMC,2020-06-15,2020-06-29,VALID,3.4128440366972477,3.411764705882353,SMALL_UNLISTED_FACTOR_CHANGE_<=0.2pct (dividend or raw cent-rounding noise)
AZUL,2020-06-15,2020-06-29,VALID,1.0,1.0,NO_ADJUSTMENT_IN_WINDOW
CEQP,2020-06-15,2020-06-29,VALID,0.6933756166314307,0.6934108527131783,NO_ADJUSTMENT_IN_WINDOW
CHEF,2020-06-15,2020-06-29,VALID,1.0,1.0,NO_ADJUSTMENT_IN_WINDOW
CNST,2020-06-15,2020-06-29,VALID,1.0,1.0,NO_ADJUSTMENT_IN_WINDOW
NBR,2020-06-15,2020-06-29,VALID,1.0,1.0,NO_ADJUSTMENT_IN_WINDOW
NXH,2020-06-15,2020-06-29,VALID,1.0,1.0,NO_ADJUSTMENT_IN_WINDOW
OSTK,2020-06-15,2020-06-29,VALID,1.0,1.0,NO_ADJUSTMENT_IN_WINDOW
PRSP,2020-06-15,2020-06-29,VALID,0.9912863070539418,0.9912778020061056,NO_ADJUSTMENT_IN_WINDOW
PVAC,2020-06-15,2020-06-29,VALID,1.0,1.0,NO_ADJUSTMENT_IN_WINDOW
RHP,2020-06-15,2020-06-29,VALID,0.8437589260211369,0.8438967136150236,SMALL_UNLISTED_FACTOR_CHANGE_<=0.2pct (dividend or raw cent-rounding noise)
RRR,2020-06-15,2020-06-29,VALID,0.7899742930591259,0.7899814471243043,NO_ADJUSTMENT_IN_WINDOW
RUTH,2020-06-15,2020-06-29,VALID,0.9632468996617815,0.963208685162847,NO_ADJUSTMENT_IN_WINDOW
RWT,2020-06-15,2020-06-29,VALID,0.5077380952380952,0.516931982633864,"UNLISTED_FACTOR_CHANGE_>0.2pct (dividend/special distribution/other, not in CA metadata)"
SGMS,2020-06-15,2020-06-29,VALID,1.0,1.0,NO_ADJUSTMENT_IN_WINDOW
SKYW,2020-06-15,2020-06-29,VALID,1.0,1.0,NO_ADJUSTMENT_IN_WINDOW
SRG,2020-06-15,2020-06-29,VALID,1.0,1.0,NO_ADJUSTMENT_IN_WINDOW
SSL,2020-06-15,2020-06-29,VALID,0.9016189290161893,0.9015404364569961,NO_ADJUSTMENT_IN_WINDOW
SVC,2020-06-15,2020-06-29,VALID,3.8423913043478266,3.842391304347826,NO_ADJUSTMENT_IN_WINDOW
DGLY,2020-06-16,2020-06-30,VALID,40000.0,40000.0,NO_ADJUSTMENT_IN_WINDOW
JFIN,2020-06-16,2020-06-30,VALID,0.7898550724637682,0.7900255754475703,SMALL_UNLISTED_FACTOR_CHANGE_<=0.2pct (dividend or raw cent-rounding noise)
KUST,2020-06-16,2020-06-30,VALID,6000000.0,6000000.0,NO_ADJUSTMENT_IN_WINDOW
DDS,2020-06-17,2020-07-01,VALID,0.7643400138217,0.7690140845070422,"UNLISTED_FACTOR_CHANGE_>0.2pct (dividend/special distribution/other, not in CA metadata)"
MAC,2020-06-17,2020-07-01,VALID,0.7465767634854772,0.7465517241379311,NO_ADJUSTMENT_IN_WINDOW
NBR,2020-06-17,2020-07-01,VALID,1.0,1.0,NO_ADJUSTMENT_IN_WINDOW
PVAC,2020-06-17,2020-07-01,VALID,1.0,1.0,NO_ADJUSTMENT_IN_WINDOW
SKT,2020-06-17,2020-07-01,VALID,0.79064039408867,0.7906382978723404,NO_ADJUSTMENT_IN_WINDOW
SRG,2020-06-17,2020-07-01,VALID,1.0,1.0,NO_ADJUSTMENT_IN_WINDOW
SSL,2020-06-17,2020-07-01,VALID,0.9016000000000001,0.9015957446808511,NO_ADJUSTMENT_IN_WINDOW
WW,2020-06-17,2020-07-01,VALID,1.0,1.0,NO_ADJUSTMENT_IN_WINDOW
AMC,2020-06-22,2020-07-07,VALID,3.4124087591240873,3.414043583535109,SMALL_UNLISTED_FACTOR_CHANGE_<=0.2pct (dividend or raw cent-rounding noise)
IMRN,2020-06-22,2020-07-07,VALID,1.0,1.0,NO_ADJUSTMENT_IN_WINDOW
NETE,2020-06-22,2020-07-07,VALID,1.0,1.0,NO_ADJUSTMENT_IN_WINDOW
HYLN,2020-06-23,2020-07-08,VALID,1.0,1.0,NO_ADJUSTMENT_IN_WINDOW
SHLL,2020-06-23,2020-07-08,VALID,1.0,1.0,NO_ADJUSTMENT_IN_WINDOW
WKHS,2020-06-24,2020-07-09,VALID,3000.0,3000.0000000000005,NO_ADJUSTMENT_IN_WINDOW
CHRN,2020-06-26,2020-07-13,VALID,14.999999999999998,14.999999999999998,NO_ADJUSTMENT_IN_WINDOW
RAD,2020-06-26,2020-07-13,VALID,1.0,1.0,NO_ADJUSTMENT_IN_WINDOW
CHRN,2020-06-29,2020-07-14,VALID,15.0,15.0,NO_ADJUSTMENT_IN_WINDOW
ZGNX,2020-06-29,2020-07-14,VALID,1.0,1.0,NO_ADJUSTMENT_IN_WINDOW
PCRX,2020-06-30,2020-07-15,VALID,1.0,1.0,NO_ADJUSTMENT_IN_WINDOW
AYI,2020-07-01,2020-07-16,VALID,0.9816921803889118,0.9830457160157432,SMALL_UNLISTED_FACTOR_CHANGE_<=0.2pct (dividend or raw cent-rounding noise)
BE,2020-07-01,2020-07-16,VALID,1.0,1.0,NO_ADJUSTMENT_IN_WINDOW
BLNK,2020-07-01,2020-07-16,VALID,1.0,1.0,NO_ADJUSTMENT_IN_WINDOW
LCA,2020-07-01,2020-07-16,VALID,1.0,1.0,NO_ADJUSTMENT_IN_WINDOW
BLNK,2020-07-06,2020-07-20,VALID,1.0,1.0,NO_ADJUSTMENT_IN_WINDOW
NUS,2020-07-06,2020-07-20,VALID,0.8029332782482959,0.8028761061946902,NO_ADJUSTMENT_IN_WINDOW
BLDP,2020-07-07,2020-07-21,VALID,1.0,1.0,NO_ADJUSTMENT_IN_WINDOW
BLNK,2020-07-07,2020-07-21,VALID,1.0,1.0,NO_ADJUSTMENT_IN_WINDOW
FABC,2020-07-07,2020-07-21,VALID,128.0,128.0,NO_ADJUSTMENT_IN_WINDOW
FUTU,2020-07-07,2020-07-21,VALID,0.962431693989071,0.9623022551329519,SMALL_UNLISTED_FACTOR_CHANGE_<=0.2pct (dividend or raw cent-rounding noise)
SBH,2020-07-07,2020-07-21,VALID,1.0,1.0,NO_ADJUSTMENT_IN_WINDOW
SINA,2020-07-07,2020-07-21,VALID,1.0,1.0,NO_ADJUSTMENT_IN_WINDOW
RUN,2020-07-08,2020-07-22,VALID,1.0,1.0,NO_ADJUSTMENT_IN_WINDOW
VSLR,2020-07-08,2020-07-22,VALID,1.0,1.0,NO_ADJUSTMENT_IN_WINDOW
CRVS,2020-07-09,2020-07-23,VALID,1.0,1.0,NO_ADJUSTMENT_IN_WINDOW
NGHC,2020-07-09,2020-07-23,VALID,0.9970414201183434,0.9971947438358187,SMALL_UNLISTED_FACTOR_CHANGE_<=0.2pct (dividend or raw cent-rounding noise)
SYNA,2020-07-09,2020-07-23,VALID,1.0,1.0,NO_ADJUSTMENT_IN_WINDOW
LCA,2020-07-10,2020-07-24,VALID,1.0,1.0,NO_ADJUSTMENT_IN_WINDOW
BFYT,2020-07-14,2020-07-28,VALID,1.0,1.0,NO_ADJUSTMENT_IN_WINDOW
NETE,2020-07-14,2020-07-28,VALID,1.0,1.0,NO_ADJUSTMENT_IN_WINDOW
INMB,2020-07-15,2020-07-29,VALID,1.0,1.0,NO_ADJUSTMENT_IN_WINDOW
PRCP,2020-07-15,2020-07-29,VALID,1.0,1.0,NO_ADJUSTMENT_IN_WINDOW
FSCT,2020-07-16,2020-07-30,VALID,1.0,1.0,NO_ADJUSTMENT_IN_WINDOW
RDNW,2020-07-20,2020-08-03,VALID,1.0,1.0,NO_ADJUSTMENT_IN_WINDOW
DQ,2020-07-21,2020-08-04,VALID,0.19996365948941586,0.19996779906617293,NO_ADJUSTMENT_IN_WINDOW
IMRN,2020-07-21,2020-08-04,VALID,1.0,1.0,NO_ADJUSTMENT_IN_WINDOW
ACH,2020-07-22,2020-08-05,VALID,0.9996236356793375,0.9992982456140351,SMALL_UNLISTED_FACTOR_CHANGE_<=0.2pct (dividend or raw cent-rounding noise)
IMRN,2020-07-22,2020-08-05,VALID,1.0,1.0,NO_ADJUSTMENT_IN_WINDOW
OPK,2020-07-22,2020-08-05,VALID,1.0,1.0,NO_ADJUSTMENT_IN_WINDOW
BLNK,2020-07-23,2020-08-06,VALID,1.0,1.0,NO_ADJUSTMENT_IN_WINDOW
JAMF,2020-07-23,2020-08-06,VALID,1.0,1.0,NO_ADJUSTMENT_IN_WINDOW
MXC,2020-07-23,2020-08-06,VALID,0.9575418994413407,0.9576070901033974,NO_ADJUSTMENT_IN_WINDOW
WSO,2020-07-24,2020-08-07,VALID,0.842672036420942,0.842672504525744,NO_ADJUSTMENT_IN_WINDOW
ECOM,2020-07-27,2020-08-10,VALID,1.0,1.0,NO_ADJUSTMENT_IN_WINDOW
MNOV,2020-07-28,2020-08-11,VALID,1.0,1.0,NO_ADJUSTMENT_IN_WINDOW
SBSW,2020-07-28,2020-08-11,VALID,0.7937702265372168,0.7937962962962963,NO_ADJUSTMENT_IN_WINDOW
SOGO,2020-07-28,2020-08-11,VALID,1.0,1.0,NO_ADJUSTMENT_IN_WINDOW
AJRD,2020-07-29,2020-08-12,VALID,0.9010782934833568,0.9010285714285715,NO_ADJUSTMENT_IN_WINDOW
MEDP,2020-07-29,2020-08-12,VALID,1.0,1.0,NO_ADJUSTMENT_IN_WINDOW
OMF,2020-07-29,2020-08-12,VALID,0.5158813263525306,0.5563783237967015,"UNLISTED_FACTOR_CHANGE_>0.2pct (dividend/special distribution/other, not in CA metadata)"
BCO,2020-07-30,2020-08-13,VALID,0.9357157961514062,0.9355867346938775,SMALL_UNLISTED_FACTOR_CHANGE_<=0.2pct (dividend or raw cent-rounding noise)
FEYE,2020-07-30,2020-08-13,VALID,1.0,1.0,NO_ADJUSTMENT_IN_WINDOW
SMG,2020-07-30,2020-08-13,VALID,0.7850617283950617,0.7850501816390617,NO_ADJUSTMENT_IN_WINDOW
TENB,2020-07-30,2020-08-13,VALID,1.0,1.0,NO_ADJUSTMENT_IN_WINDOW
EDSA,2020-07-31,2020-08-14,VALID,7.000000000000001,7.0,NO_ADJUSTMENT_IN_WINDOW
HOME,2020-07-31,2020-08-14,VALID,1.0,1.0,NO_ADJUSTMENT_IN_WINDOW
KNDI,2020-07-31,2020-08-14,VALID,1.0,1.0,NO_ADJUSTMENT_IN_WINDOW
MTSI,2020-07-31,2020-08-14,VALID,1.0,1.0,NO_ADJUSTMENT_IN_WINDOW
PRPO,2020-07-31,2020-08-14,VALID,20.0,20.0,NO_ADJUSTMENT_IN_WINDOW
TAOP,2020-07-31,2020-08-14,VALID,300.0,300.0,NO_ADJUSTMENT_IN_WINDOW
CODX,2020-08-04,2020-08-18,VALID,30.0,30.0,NO_ADJUSTMENT_IN_WINDOW
BLNK,2020-08-05,2020-08-19,VALID,1.0,1.0,NO_ADJUSTMENT_IN_WINDOW
DPHC,2020-08-05,2020-08-19,VALID,1.0,1.0,NO_ADJUSTMENT_IN_WINDOW
GGAL,2020-08-05,2020-08-19,VALID,0.7710843373493976,0.7713596914175507,SMALL_UNLISTED_FACTOR_CHANGE_<=0.2pct (dividend or raw cent-rounding noise)
VRNS,2020-08-05,2020-08-19,VALID,0.3333619652980588,0.3333333333333333,NO_ADJUSTMENT_IN_WINDOW
CPRI,2020-08-06,2020-08-20,VALID,1.0,1.0,NO_ADJUSTMENT_IN_WINDOW
DOYU,2020-08-06,2020-08-20,VALID,1.8672834682586816,1.8673469387755102,NO_ADJUSTMENT_IN_WINDOW
FVRR,2020-08-06,2020-08-20,VALID,1.0,1.0,NO_ADJUSTMENT_IN_WINDOW
HUYA,2020-08-06,2020-08-20,VALID,0.3931809938338774,0.3930459536396909,SMALL_UNLISTED_FACTOR_CHANGE_<=0.2pct (dividend or raw cent-rounding noise)
APPS,2020-08-07,2020-08-21,VALID,1.0,1.0,NO_ADJUSTMENT_IN_WINDOW
BFAM,2020-08-07,2020-08-21,VALID,1.0,1.0,NO_ADJUSTMENT_IN_WINDOW
BHC,2020-08-07,2020-08-21,VALID,1.0,1.0,NO_ADJUSTMENT_IN_WINDOW
DNLI,2020-08-07,2020-08-21,VALID,1.0,1.0,NO_ADJUSTMENT_IN_WINDOW
EDIT,2020-08-07,2020-08-21,VALID,1.0,1.0,NO_ADJUSTMENT_IN_WINDOW
MNOV,2020-08-07,2020-08-21,VALID,1.0,1.0,NO_ADJUSTMENT_IN_WINDOW
PVG,2020-08-07,2020-08-21,VALID,1.0,1.0,NO_ADJUSTMENT_IN_WINDOW
VISN,2020-08-07,2020-08-21,VALID,0.27821330902461255,0.27820636451301833,NO_ADJUSTMENT_IN_WINDOW
AAOI,2020-08-10,2020-08-24,VALID,1.0,1.0,NO_ADJUSTMENT_IN_WINDOW
CHRS,2020-08-10,2020-08-24,VALID,1.0,1.0,NO_ADJUSTMENT_IN_WINDOW
GRPN,2020-08-10,2020-08-24,VALID,1.0,1.0,NO_ADJUSTMENT_IN_WINDOW
PFSI,2020-08-10,2020-08-24,VALID,0.9253215588404684,0.9280406726632773,"UNLISTED_FACTOR_CHANGE_>0.2pct (dividend/special distribution/other, not in CA metadata)"
SAIL,2020-08-10,2020-08-24,VALID,1.0,1.0,NO_ADJUSTMENT_IN_WINDOW
TDC,2020-08-10,2020-08-24,VALID,1.0,1.0,NO_ADJUSTMENT_IN_WINDOW
ZG,2020-08-10,2020-08-24,VALID,1.0,1.0,NO_ADJUSTMENT_IN_WINDOW
OMER,2020-08-11,2020-08-25,VALID,1.0,1.0,NO_ADJUSTMENT_IN_WINDOW
EQ,2020-08-12,2020-08-26,VALID,1.0,1.0,NO_ADJUSTMENT_IN_WINDOW
ICUI,2020-08-12,2020-08-26,VALID,1.0,1.0,NO_ADJUSTMENT_IN_WINDOW
JCOM,2020-08-12,2020-08-26,VALID,1.0,1.0,NO_ADJUSTMENT_IN_WINDOW
ZD,2020-08-12,2020-08-26,VALID,1.0,1.0,NO_ADJUSTMENT_IN_WINDOW
BLDR,2020-08-13,2020-08-27,VALID,1.0,1.0,NO_ADJUSTMENT_IN_WINDOW
AZPN,2020-08-14,2020-08-28,VALID,1.0,1.0,NO_ADJUSTMENT_IN_WINDOW
JOYY,2020-08-14,2020-08-28,VALID,0.6930176077717062,0.693069306930693,NO_ADJUSTMENT_IN_WINDOW
RVLV,2020-08-14,2020-08-28,VALID,1.0,1.0,NO_ADJUSTMENT_IN_WINDOW
MESO,2020-08-17,2020-08-31,VALID,2.0,2.0,NO_ADJUSTMENT_IN_WINDOW
GRWG,2020-08-19,2020-09-02,VALID,1.0,1.0,NO_ADJUSTMENT_IN_WINDOW
CGIX,2020-08-25,2020-09-09,VALID,1.0,1.0,NO_ADJUSTMENT_IN_WINDOW
CAPR,2020-08-26,2020-09-10,VALID,1.0,1.0,NO_ADJUSTMENT_IN_WINDOW
BKU,2020-08-27,2020-09-11,VALID,0.8249282492824929,0.8250868055555557,SMALL_UNLISTED_FACTOR_CHANGE_<=0.2pct (dividend or raw cent-rounding noise)
DPHC,2020-08-27,2020-09-11,VALID,1.0,1.0,NO_ADJUSTMENT_IN_WINDOW
TRUP,2020-08-27,2020-09-11,VALID,1.0,1.0,NO_ADJUSTMENT_IN_WINDOW
URBN,2020-08-27,2020-09-11,VALID,1.0,1.0,NO_ADJUSTMENT_IN_WINDOW
ANF,2020-08-28,2020-09-14,VALID,1.0,1.0,NO_ADJUSTMENT_IN_WINDOW
BMCH,2020-08-28,2020-09-14,VALID,1.0,1.0,NO_ADJUSTMENT_IN_WINDOW
AIMT,2020-09-01,2020-09-16,VALID,1.0,1.0,NO_ADJUSTMENT_IN_WINDOW
GOGO,2020-09-02,2020-09-17,VALID,1.0,1.0,NO_ADJUSTMENT_IN_WINDOW
AMC,2020-09-03,2020-09-18,VALID,3.413544668587896,3.412698412698413,SMALL_UNLISTED_FACTOR_CHANGE_<=0.2pct (dividend or raw cent-rounding noise)
FEAC,2020-09-03,2020-09-18,VALID,0.9817073170731708,0.982101167315175,SMALL_UNLISTED_FACTOR_CHANGE_<=0.2pct (dividend or raw cent-rounding noise)
FIRY,2020-09-03,2020-09-18,VALID,20.0,20.0,NO_ADJUSTMENT_IN_WINDOW
FLGT,2020-09-04,2020-09-21,VALID,1.0,1.0,NO_ADJUSTMENT_IN_WINDOW
KYNB,2020-09-04,2020-09-21,VALID,25.0,25.0,NO_ADJUSTMENT_IN_WINDOW
HUCK,2020-09-08,2020-09-22,VALID,1.0,1.0,NO_ADJUSTMENT_IN_WINDOW
NLS,2020-09-10,2020-09-24,VALID,1.0,1.0,NO_ADJUSTMENT_IN_WINDOW
TRIL,2020-09-10,2020-09-24,VALID,1.0,1.0,NO_ADJUSTMENT_IN_WINDOW
NAV,2020-09-11,2020-09-25,VALID,1.0,1.0,NO_ADJUSTMENT_IN_WINDOW
SLQT,2020-09-11,2020-09-25,VALID,1.0,1.0,NO_ADJUSTMENT_IN_WINDOW
VRTU,2020-09-11,2020-09-25,VALID,1.0,1.0,NO_ADJUSTMENT_IN_WINDOW
DQ,2020-09-14,2020-09-28,VALID,0.20003486446439464,0.19996921182266011,SMALL_UNLISTED_FACTOR_CHANGE_<=0.2pct (dividend or raw cent-rounding noise)
DPHC,2020-09-15,2020-09-29,VALID,1.0,1.0,NO_ADJUSTMENT_IN_WINDOW
FLNA,2020-09-15,2020-09-29,VALID,1.0,1.0,NO_ADJUSTMENT_IN_WINDOW
GME,2020-09-15,2020-09-29,VALID,0.25,0.250048309178744,SMALL_UNLISTED_FACTOR_CHANGE_<=0.2pct (dividend or raw cent-rounding noise)
SGMS,2020-09-15,2020-09-29,VALID,1.0,1.0,NO_ADJUSTMENT_IN_WINDOW
FCAU,2020-09-16,2020-09-30,VALID,0.8740157480314961,0.8739770867430441,NO_ADJUSTMENT_IN_WINDOW
IPOB,2020-09-16,2020-09-30,VALID,1.0,1.0,NO_ADJUSTMENT_IN_WINDOW
OPEN,2020-09-16,2020-09-30,VALID,1.0,1.0,NO_ADJUSTMENT_IN_WINDOW
STLA,2020-09-16,2020-09-30,VALID,0.5541732283464568,0.5541734860883797,NO_ADJUSTMENT_IN_WINDOW
AMCX,2020-09-17,2020-10-01,VALID,1.0,1.0,NO_ADJUSTMENT_IN_WINDOW
ARWR,2020-09-17,2020-10-01,VALID,1.0,1.0,NO_ADJUSTMENT_IN_WINDOW
MLKN,2020-09-18,2020-10-02,VALID,0.8311499272197962,0.8312035661218425,NO_ADJUSTMENT_IN_WINDOW
BLNK,2020-09-23,2020-10-07,VALID,1.0,1.0,NO_ADJUSTMENT_IN_WINDOW
LGND,2020-09-24,2020-10-08,VALID,1.0,1.0,NO_ADJUSTMENT_IN_WINDOW
ACH,2020-09-25,2020-10-09,VALID,0.9995066600888013,0.9996206373292869,SMALL_UNLISTED_FACTOR_CHANGE_<=0.2pct (dividend or raw cent-rounding noise)
JEF,2020-09-25,2020-10-09,VALID,0.8371191135734072,0.8370332996972755,SMALL_UNLISTED_FACTOR_CHANGE_<=0.2pct (dividend or raw cent-rounding noise)
FMCI,2020-09-29,2020-10-13,VALID,1.0,1.0,NO_ADJUSTMENT_IN_WINDOW
LAC,2020-09-29,2020-10-13,VALID,0.6194923857868021,0.6195158850226928,NO_ADJUSTMENT_IN_WINDOW
WPX,2020-09-29,2020-10-13,VALID,1.0,1.0,NO_ADJUSTMENT_IN_WINDOW
PECK,2020-10-01,2020-10-15,VALID,1.0,1.0,NO_ADJUSTMENT_IN_WINDOW
AMAG,2020-10-02,2020-10-16,VALID,1.0,1.0,NO_ADJUSTMENT_IN_WINDOW
SAIL,2020-10-02,2020-10-16,VALID,1.0,1.0,NO_ADJUSTMENT_IN_WINDOW
ENLV,2020-10-06,2020-10-20,VALID,15.0,15.0,NO_ADJUSTMENT_IN_WINDOW
LAC,2020-10-06,2020-10-20,VALID,0.6195337114051671,0.6194888178913739,NO_ADJUSTMENT_IN_WINDOW
LEVI,2020-10-08,2020-10-22,VALID,0.8679974243399872,0.8682779456193352,SMALL_UNLISTED_FACTOR_CHANGE_<=0.2pct (dividend or raw cent-rounding noise)
PECK,2020-10-08,2020-10-22,VALID,1.0,1.0,NO_ADJUSTMENT_IN_WINDOW
PPSI,2020-10-08,2020-10-22,VALID,0.5554982817869416,0.5554006968641115,SMALL_UNLISTED_FACTOR_CHANGE_<=0.2pct (dividend or raw cent-rounding noise)
CDNA,2020-10-09,2020-10-23,VALID,1.0,1.0,NO_ADJUSTMENT_IN_WINDOW
EV,2020-10-09,2020-10-23,VALID,0.9113049201908836,0.911376087657106,NO_ADJUSTMENT_IN_WINDOW
ACB,2020-10-12,2020-10-26,VALID,10.0,10.0,NO_ADJUSTMENT_IN_WINDOW
ALKS,2020-10-13,2020-10-27,VALID,1.0,1.0,NO_ADJUSTMENT_IN_WINDOW
DDS,2020-10-13,2020-10-27,VALID,0.772760917838638,0.7727466894489534,NO_ADJUSTMENT_IN_WINDOW
DOYU,2020-10-13,2020-10-27,VALID,1.867334167709637,1.8673670387393304,NO_ADJUSTMENT_IN_WINDOW
ALT,2020-10-14,2020-10-28,VALID,1.0,1.0,NO_ADJUSTMENT_IN_WINDOW
PECK,2020-10-14,2020-10-28,VALID,1.0,1.0,NO_ADJUSTMENT_IN_WINDOW
CIT,2020-10-19,2020-11-02,VALID,0.9592,0.9594638770840145,SMALL_UNLISTED_FACTOR_CHANGE_<=0.2pct (dividend or raw cent-rounding noise)
FLEX,2020-10-19,2020-11-02,VALID,0.7275935074100212,0.7274709302325582,SMALL_UNLISTED_FACTOR_CHANGE_<=0.2pct (dividend or raw cent-rounding noise)
FLDM,2020-10-20,2020-11-03,VALID,1.0,1.0,NO_ADJUSTMENT_IN_WINDOW
LAB,2020-10-20,2020-11-03,VALID,1.0,1.0,NO_ADJUSTMENT_IN_WINDOW
OSUR,2020-10-20,2020-11-03,VALID,1.0,1.0,NO_ADJUSTMENT_IN_WINDOW
CRSR,2020-10-21,2020-11-04,VALID,1.0,1.0,NO_ADJUSTMENT_IN_WINDOW
LOGI,2020-10-21,2020-11-04,VALID,0.9297547332185888,0.9297423887587822,NO_ADJUSTMENT_IN_WINDOW
CALX,2020-10-22,2020-11-05,VALID,1.0,1.0,NO_ADJUSTMENT_IN_WINDOW
CRSR,2020-10-22,2020-11-05,VALID,1.0,1.0,NO_ADJUSTMENT_IN_WINDOW
MSP,2020-10-22,2020-11-05,VALID,1.0,1.0,NO_ADJUSTMENT_IN_WINDOW
BEAM,2020-10-23,2020-11-06,VALID,1.0,1.0,NO_ADJUSTMENT_IN_WINDOW
SDC,2020-10-23,2020-11-06,VALID,1.0,1.0,NO_ADJUSTMENT_IN_WINDOW
FLNA,2020-10-26,2020-11-09,VALID,1.0,1.0,NO_ADJUSTMENT_IN_WINDOW
DSS,2020-10-27,2020-11-10,VALID,20.0,20.0,NO_ADJUSTMENT_IN_WINDOW
LRN,2020-10-28,2020-11-11,VALID,1.0,1.0,NO_ADJUSTMENT_IN_WINDOW
SRRK,2020-10-28,2020-11-11,VALID,1.0,1.0,NO_ADJUSTMENT_IN_WINDOW
VRNS,2020-10-28,2020-11-11,VALID,0.3333610648918469,0.33330534094726233,SMALL_UNLISTED_FACTOR_CHANGE_<=0.2pct (dividend or raw cent-rounding noise)
EGHT,2020-10-30,2020-11-13,VALID,1.0,1.0,NO_ADJUSTMENT_IN_WINDOW
GMED,2020-10-30,2020-11-13,VALID,1.0,1.0,NO_ADJUSTMENT_IN_WINDOW
MGI,2020-11-02,2020-11-16,VALID,1.0,1.0,NO_ADJUSTMENT_IN_WINDOW
MHK,2020-11-02,2020-11-16,VALID,1.0,1.0,NO_ADJUSTMENT_IN_WINDOW
TRUP,2020-11-02,2020-11-16,VALID,1.0,1.0,NO_ADJUSTMENT_IN_WINDOW
AIV,2020-11-04,2020-11-18,VALID,0.04637037037037037,0.04639208173690933,SMALL_UNLISTED_FACTOR_CHANGE_<=0.2pct (dividend or raw cent-rounding noise)
CRUS,2020-11-04,2020-11-18,VALID,1.0,1.0,NO_ADJUSTMENT_IN_WINDOW
INSP,2020-11-04,2020-11-18,VALID,1.0,1.0,NO_ADJUSTMENT_IN_WINDOW
MED,2020-11-04,2020-11-18,VALID,0.8750776493974407,0.8751038329180018,NO_ADJUSTMENT_IN_WINDOW
FLNA,2020-11-05,2020-11-19,VALID,1.0,1.0,NO_ADJUSTMENT_IN_WINDOW
APHA,2020-11-06,2020-11-20,VALID,1.0,1.0,NO_ADJUSTMENT_IN_WINDOW
TLRY,2020-11-06,2020-11-20,VALID,10.0,9.999999999999998,NO_ADJUSTMENT_IN_WINDOW
TS,2020-11-06,2020-11-20,VALID,0.8152902698282911,0.8150406504065041,SMALL_UNLISTED_FACTOR_CHANGE_<=0.2pct (dividend or raw cent-rounding noise)
UPWK,2020-11-06,2020-11-20,VALID,1.0,1.0,NO_ADJUSTMENT_IN_WINDOW
APPN,2020-11-09,2020-11-23,VALID,1.0,1.0,NO_ADJUSTMENT_IN_WINDOW
GLUU,2020-11-09,2020-11-23,VALID,1.0,1.0,NO_ADJUSTMENT_IN_WINDOW
GPRO,2020-11-09,2020-11-23,VALID,1.0,1.0,NO_ADJUSTMENT_IN_WINDOW
HALO,2020-11-09,2020-11-23,VALID,1.0,1.0,NO_ADJUSTMENT_IN_WINDOW
NWSA,2020-11-09,2020-11-23,VALID,0.9491525423728813,0.9491620111731843,NO_ADJUSTMENT_IN_WINDOW
ADS,2020-11-10,2020-11-24,VALID,0.804940739682993,0.8074873434585664,"UNLISTED_FACTOR_CHANGE_>0.2pct (dividend/special distribution/other, not in CA metadata)"
AER,2020-11-10,2020-11-24,VALID,0.984643179765131,0.9847619047619047,SMALL_UNLISTED_FACTOR_CHANGE_<=0.2pct (dividend or raw cent-rounding noise)
AFG,2020-11-10,2020-11-24,VALID,0.5697055693508337,0.5697551709582102,NO_ADJUSTMENT_IN_WINDOW
ALGT,2020-11-10,2020-11-24,VALID,0.9665315727546085,0.9665401459854015,NO_ADJUSTMENT_IN_WINDOW
ALK,2020-11-10,2020-11-24,VALID,1.0,1.0,NO_ADJUSTMENT_IN_WINDOW
APHA,2020-11-10,2020-11-24,VALID,1.0,1.0,NO_ADJUSTMENT_IN_WINDOW
APVO,2020-11-10,2020-11-24,VALID,586080.0,586080.0,NO_ADJUSTMENT_IN_WINDOW
ARMK,2020-11-10,2020-11-24,VALID,0.673572228443449,0.6733423545331528,SMALL_UNLISTED_FACTOR_CHANGE_<=0.2pct (dividend or raw cent-rounding noise)
ASB,2020-11-10,2020-11-24,VALID,0.7931472081218274,0.7928571428571428,SMALL_UNLISTED_FACTOR_CHANGE_<=0.2pct (dividend or raw cent-rounding noise)
ATI,2020-11-10,2020-11-24,VALID,1.0,1.0,NO_ADJUSTMENT_IN_WINDOW
AZUL,2020-11-10,2020-11-24,VALID,1.0,1.0,NO_ADJUSTMENT_IN_WINDOW
BCS,2020-11-10,2020-11-24,VALID,0.8289813486370158,0.8290523690773067,NO_ADJUSTMENT_IN_WINDOW
BFH,2020-11-10,2020-11-24,VALID,0.7388262173354276,0.7412736477484678,"UNLISTED_FACTOR_CHANGE_>0.2pct (dividend/special distribution/other, not in CA metadata)"
BLMN,2020-11-10,2020-11-24,VALID,0.8433292533659731,0.8437499999999999,SMALL_UNLISTED_FACTOR_CHANGE_<=0.2pct (dividend or raw cent-rounding noise)
BRX,2020-11-10,2020-11-24,VALID,0.7652846099789178,0.7654761904761904,SMALL_UNLISTED_FACTOR_CHANGE_<=0.2pct (dividend or raw cent-rounding noise)
CAKE,2020-11-10,2020-11-24,VALID,0.8894806924101198,0.889537971322358,NO_ADJUSTMENT_IN_WINDOW
CBRL,2020-11-10,2020-11-24,VALID,0.8092206366630076,0.8092159559834937,NO_ADJUSTMENT_IN_WINDOW
CCEP,2020-11-10,2020-11-24,VALID,0.8307808184785339,0.8524627202892001,"UNLISTED_FACTOR_CHANGE_>0.2pct (dividend/special distribution/other, not in CA metadata)"
CHH,2020-11-10,2020-11-24,VALID,0.9508889107160396,0.9509202453987731,NO_ADJUSTMENT_IN_WINDOW
CHPT,2020-11-10,2020-11-24,VALID,20.0,20.0,NO_ADJUSTMENT_IN_WINDOW
CINF,2020-11-10,2020-11-24,VALID,0.8622873900293255,0.8622423328305681,NO_ADJUSTMENT_IN_WINDOW
CLR,2020-11-10,2020-11-24,VALID,0.9748603351955307,0.9748571428571428,NO_ADJUSTMENT_IN_WINDOW
CMA,2020-11-10,2020-11-24,VALID,0.7842849274830181,0.7843927459241619,SMALL_UNLISTED_FACTOR_CHANGE_<=0.2pct (dividend or raw cent-rounding noise)
CNQ,2020-11-10,2020-11-24,VALID,0.3805624074987667,0.3805683242791475,NO_ADJUSTMENT_IN_WINDOW
CPA,2020-11-10,2020-11-24,VALID,0.8195588235294117,0.8195573340002502,NO_ADJUSTMENT_IN_WINDOW
CPRI,2020-11-10,2020-11-24,VALID,1.0,1.0,NO_ADJUSTMENT_IN_WINDOW
CR,2020-11-10,2020-11-24,VALID,0.6096917751771881,0.6097931034482759,SMALL_UNLISTED_FACTOR_CHANGE_<=0.2pct (dividend or raw cent-rounding noise)
CRON,2020-11-10,2020-11-24,VALID,1.0,1.0,NO_ADJUSTMENT_IN_WINDOW
CTLT,2020-11-10,2020-11-24,VALID,1.0,1.0,NO_ADJUSTMENT_IN_WINDOW
CW,2020-11-10,2020-11-24,VALID,0.9779000284548989,0.9793459552495696,SMALL_UNLISTED_FACTOR_CHANGE_<=0.2pct (dividend or raw cent-rounding noise)
CYRX,2020-11-10,2020-11-24,VALID,1.0,1.0,NO_ADJUSTMENT_IN_WINDOW
DEO,2020-11-10,2020-11-24,VALID,0.8667993323918346,0.8668243718432326,NO_ADJUSTMENT_IN_WINDOW
DIN,2020-11-10,2020-11-24,VALID,0.8072214473888114,0.8071256764882743,SMALL_UNLISTED_FACTOR_CHANGE_<=0.2pct (dividend or raw cent-rounding noise)
DINO,2020-11-10,2020-11-24,VALID,0.8221238938053096,0.8348837209302326,"UNLISTED_FACTOR_CHANGE_>0.2pct (dividend/special distribution/other, not in CA metadata)"
EAT,2020-11-10,2020-11-24,VALID,1.0,1.0,NO_ADJUSTMENT_IN_WINDOW
EEFT,2020-11-10,2020-11-24,VALID,1.0,1.0,NO_ADJUSTMENT_IN_WINDOW
EPR,2020-11-10,2020-11-24,VALID,0.6884950435566237,0.6884881422924902,NO_ADJUSTMENT_IN_WINDOW
EQH,2020-11-10,2020-11-24,VALID,0.8602728400165357,0.8661387631975866,"UNLISTED_FACTOR_CHANGE_>0.2pct (dividend/special distribution/other, not in CA metadata)"
EQNR,2020-11-10,2020-11-24,VALID,0.676215856095936,0.6795413397706699,"UNLISTED_FACTOR_CHANGE_>0.2pct (dividend/special distribution/other, not in CA metadata)"
FLS,2020-11-10,2020-11-24,VALID,0.8887867647058824,0.8887043189368772,NO_ADJUSTMENT_IN_WINDOW
FTI,2020-11-10,2020-11-24,VALID,0.6859191655801825,0.6859358841778697,NO_ADJUSTMENT_IN_WINDOW
FUN,2020-11-10,2020-11-24,VALID,0.9450428058547362,0.945018069179143,NO_ADJUSTMENT_IN_WINDOW
GRA,2020-11-10,2020-11-24,VALID,0.9892662326236143,0.9945132743362831,"UNLISTED_FACTOR_CHANGE_>0.2pct (dividend/special distribution/other, not in CA metadata)"
GRPN,2020-11-10,2020-11-24,VALID,1.0,1.0,NO_ADJUSTMENT_IN_WINDOW
H,2020-11-10,2020-11-24,VALID,0.9853731343283582,0.9852802160702228,NO_ADJUSTMENT_IN_WINDOW
HES,2020-11-10,2020-11-24,VALID,0.9391127206880943,0.9392244593586876,SMALL_UNLISTED_FACTOR_CHANGE_<=0.2pct (dividend or raw cent-rounding noise)
HFC,2020-11-10,2020-11-24,VALID,0.9756637168141593,0.9906976744186046,"UNLISTED_FACTOR_CHANGE_>0.2pct (dividend/special distribution/other, not in CA metadata)"
HGV,2020-11-10,2020-11-24,VALID,1.0,1.0,NO_ADJUSTMENT_IN_WINDOW
HP,2020-11-10,2020-11-24,VALID,0.7953151143335192,0.8071841453344344,"UNLISTED_FACTOR_CHANGE_>0.2pct (dividend/special distribution/other, not in CA metadata)"
HSBC,2020-11-10,2020-11-24,VALID,0.7137047580317203,0.7138034508627157,SMALL_UNLISTED_FACTOR_CHANGE_<=0.2pct (dividend or raw cent-rounding noise)
HTHT,2020-11-10,2020-11-24,VALID,0.8609226594301221,0.8610104861773116,SMALL_UNLISTED_FACTOR_CHANGE_<=0.2pct (dividend or raw cent-rounding noise)
HXL,2020-11-10,2020-11-24,VALID,0.960136120563928,0.9601971190295678,NO_ADJUSTMENT_IN_WINDOW
ING,2020-11-10,2020-11-24,VALID,0.7008083140877598,0.7008789062499999,SMALL_UNLISTED_FACTOR_CHANGE_<=0.2pct (dividend or raw cent-rounding noise)
KEX,2020-11-10,2020-11-24,VALID,1.0,1.0,NO_ADJUSTMENT_IN_WINDOW
KIM,2020-11-10,2020-11-24,VALID,0.7717872968980798,0.7718729747245625,SMALL_UNLISTED_FACTOR_CHANGE_<=0.2pct (dividend or raw cent-rounding noise)
KRC,2020-11-10,2020-11-24,VALID,0.7281849130980111,0.7283470688850879,SMALL_UNLISTED_FACTOR_CHANGE_<=0.2pct (dividend or raw cent-rounding noise)
LAC,2020-11-10,2020-11-24,VALID,0.6195436507936508,0.6195305164319248,NO_ADJUSTMENT_IN_WINDOW
LAMR,2020-11-10,2020-11-24,VALID,0.7553370423081899,0.755369044680326,NO_ADJUSTMENT_IN_WINDOW
LNC,2020-11-10,2020-11-24,VALID,0.7557894736842106,0.7558436456491848,NO_ADJUSTMENT_IN_WINDOW
MAC,2020-11-10,2020-11-24,VALID,0.7771493212669683,0.7770642201834863,SMALL_UNLISTED_FACTOR_CHANGE_<=0.2pct (dividend or raw cent-rounding noise)
MLCO,2020-11-10,2020-11-24,VALID,1.0,1.0,NO_ADJUSTMENT_IN_WINDOW
MSGS,2020-11-10,2020-11-24,VALID,0.9552283118579658,0.9552017348627518,NO_ADJUSTMENT_IN_WINDOW
MTDR,2020-11-10,2020-11-24,VALID,0.9165501165501165,0.9168096054888507,SMALL_UNLISTED_FACTOR_CHANGE_<=0.2pct (dividend or raw cent-rounding noise)
MUR,2020-11-10,2020-11-24,VALID,0.8160714285714286,0.8284339457567804,"UNLISTED_FACTOR_CHANGE_>0.2pct (dividend/special distribution/other, not in CA metadata)"
NCR,2020-11-10,2020-11-24,VALID,1.0,1.0,NO_ADJUSTMENT_IN_WINDOW
NOV,2020-11-10,2020-11-24,VALID,0.9056277056277057,0.9057142857142857,NO_ADJUSTMENT_IN_WINDOW
NUVA,2020-11-10,2020-11-24,VALID,1.0,1.0,NO_ADJUSTMENT_IN_WINDOW
OUT,2020-11-10,2020-11-24,VALID,0.7198464912280703,0.7199180747567844,NO_ADJUSTMENT_IN_WINDOW
OVV,2020-11-10,2020-11-24,VALID,0.8689201053555751,0.8686943620178041,SMALL_UNLISTED_FACTOR_CHANGE_<=0.2pct (dividend or raw cent-rounding noise)
PBF,2020-11-10,2020-11-24,VALID,0.8930131004366811,0.892991239048811,NO_ADJUSTMENT_IN_WINDOW
PBR.A,2020-11-10,2020-11-24,VALID,0.28514492753623194,0.28521916411824666,SMALL_UNLISTED_FACTOR_CHANGE_<=0.2pct (dividend or raw cent-rounding noise)
PFGC,2020-11-10,2020-11-24,VALID,1.0,1.0,NO_ADJUSTMENT_IN_WINDOW
PK,2020-11-10,2020-11-24,VALID,0.6979396615158204,0.6980906921241049,SMALL_UNLISTED_FACTOR_CHANGE_<=0.2pct (dividend or raw cent-rounding noise)
PLAY,2020-11-10,2020-11-24,VALID,1.0,1.0,NO_ADJUSTMENT_IN_WINDOW
PLCE,2020-11-10,2020-11-24,VALID,1.0,1.0,NO_ADJUSTMENT_IN_WINDOW
PRKS,2020-11-10,2020-11-24,VALID,1.0,1.0,NO_ADJUSTMENT_IN_WINDOW
PVH,2020-11-10,2020-11-24,VALID,0.9908810325476991,0.9909701319749942,NO_ADJUSTMENT_IN_WINDOW
RDS.B,2020-11-10,2020-11-24,VALID,0.9498327759197325,0.9604854642957945,"UNLISTED_FACTOR_CHANGE_>0.2pct (dividend/special distribution/other, not in CA metadata)"
REG,2020-11-10,2020-11-24,VALID,0.7845484221980412,0.7845870055339209,NO_ADJUSTMENT_IN_WINDOW
RETA,2020-11-10,2020-11-24,VALID,1.0,1.0,NO_ADJUSTMENT_IN_WINDOW
RGA,2020-11-10,2020-11-24,VALID,0.8817127986751834,0.887143315165117,"UNLISTED_FACTOR_CHANGE_>0.2pct (dividend/special distribution/other, not in CA metadata)"
RHP,2020-11-10,2020-11-24,VALID,0.843832251272153,0.8437308868501529,SMALL_UNLISTED_FACTOR_CHANGE_<=0.2pct (dividend or raw cent-rounding noise)
RRR,2020-11-10,2020-11-24,VALID,0.7901578458681523,0.7901451825780906,NO_ADJUSTMENT_IN_WINDOW
RYAAY,2020-11-10,2020-11-24,VALID,0.3844947564441831,0.3844991975833097,NO_ADJUSTMENT_IN_WINDOW
SABR,2020-11-10,2020-11-24,VALID,1.0,1.0,NO_ADJUSTMENT_IN_WINDOW
SBE,2020-11-10,2020-11-24,VALID,1.0,1.0,NO_ADJUSTMENT_IN_WINDOW
SBNY,2020-11-10,2020-11-24,VALID,0.9740351586179026,0.9740683496479479,NO_ADJUSTMENT_IN_WINDOW
SHAK,2020-11-10,2020-11-24,VALID,1.0,1.0,NO_ADJUSTMENT_IN_WINDOW
SHO,2020-11-10,2020-11-24,VALID,0.8725274725274725,0.8724745134383689,NO_ADJUSTMENT_IN_WINDOW
SIG,2020-11-10,2020-11-24,VALID,0.9336569579288025,0.9336538461538462,NO_ADJUSTMENT_IN_WINDOW
SLG,2020-11-10,2020-11-24,VALID,0.6264918473693057,0.6264497422680413,NO_ADJUSTMENT_IN_WINDOW
STL,2020-11-10,2020-11-24,VALID,0.9853569249542403,0.9853886616014027,NO_ADJUSTMENT_IN_WINDOW
TCF,2020-11-10,2020-11-24,VALID,0.980891719745223,0.9917222963951935,"UNLISTED_FACTOR_CHANGE_>0.2pct (dividend/special distribution/other, not in CA metadata)"
TNL,2020-11-10,2020-11-24,VALID,0.8015302573614653,0.8015300546448088,NO_ADJUSTMENT_IN_WINDOW
TRGP,2020-11-10,2020-11-24,VALID,0.8920682730923694,0.8920634920634921,NO_ADJUSTMENT_IN_WINDOW
TRIP,2020-11-10,2020-11-24,VALID,1.0,1.0,NO_ADJUSTMENT_IN_WINDOW
TS,2020-11-10,2020-11-24,VALID,0.8150375939849623,0.8232415902140673,"UNLISTED_FACTOR_CHANGE_>0.2pct (dividend/special distribution/other, not in CA metadata)"
TXRH,2020-11-10,2020-11-24,VALID,0.9067828251400125,0.9067731135719805,NO_ADJUSTMENT_IN_WINDOW
TXT,2020-11-10,2020-11-24,VALID,0.9934640522875817,0.9936069292637657,SMALL_UNLISTED_FACTOR_CHANGE_<=0.2pct (dividend or raw cent-rounding noise)
UNM,2020-11-10,2020-11-24,VALID,0.8326261197548326,0.8326306913996627,NO_ADJUSTMENT_IN_WINDOW
UNVR,2020-11-10,2020-11-24,VALID,1.0,1.0,NO_ADJUSTMENT_IN_WINDOW
URBN,2020-11-10,2020-11-24,VALID,1.0,1.0,NO_ADJUSTMENT_IN_WINDOW
USFD,2020-11-10,2020-11-24,VALID,1.0,1.0,NO_ADJUSTMENT_IN_WINDOW
VAC,2020-11-10,2020-11-24,VALID,0.8488143070984006,0.8487775878724828,NO_ADJUSTMENT_IN_WINDOW
VER,2020-11-10,2020-11-24,VALID,4.7280334728033475,4.729251700680272,SMALL_UNLISTED_FACTOR_CHANGE_<=0.2pct (dividend or raw cent-rounding noise)
VNO,2020-11-10,2020-11-24,VALID,0.830665978316985,0.8305449330783938,SMALL_UNLISTED_FACTOR_CHANGE_<=0.2pct (dividend or raw cent-rounding noise)
VYX,2020-11-10,2020-11-24,VALID,1.0,1.0,NO_ADJUSTMENT_IN_WINDOW
WAL,2020-11-10,2020-11-24,VALID,0.8850354474037172,0.8893245410800213,"UNLISTED_FACTOR_CHANGE_>0.2pct (dividend/special distribution/other, not in CA metadata)"
WH,2020-11-10,2020-11-24,VALID,0.9001081860800577,0.9001525682319037,NO_ADJUSTMENT_IN_WINDOW
WPX,2020-11-10,2020-11-24,VALID,1.0,1.0,NO_ADJUSTMENT_IN_WINDOW
WTFC,2020-11-10,2020-11-24,VALID,0.9087488240827846,0.9086619480957195,NO_ADJUSTMENT_IN_WINDOW
WYND,2020-11-10,2020-11-24,VALID,0.993044284720612,0.9932240437158469,SMALL_UNLISTED_FACTOR_CHANGE_<=0.2pct (dividend or raw cent-rounding noise)
XEC,2020-11-10,2020-11-24,VALID,0.9811676082862524,0.9876256767208044,"UNLISTED_FACTOR_CHANGE_>0.2pct (dividend/special distribution/other, not in CA metadata)"
YELP,2020-11-10,2020-11-24,VALID,1.0,1.0,NO_ADJUSTMENT_IN_WINDOW
FLGT,2020-11-11,2020-11-25,VALID,1.0,1.0,NO_ADJUSTMENT_IN_WINDOW
GTEC,2020-11-11,2020-11-25,VALID,1.0,1.0,NO_ADJUSTMENT_IN_WINDOW
MGNI,2020-11-11,2020-11-25,VALID,1.0,1.0,NO_ADJUSTMENT_IN_WINDOW
AZTA,2020-11-12,2020-11-27,VALID,0.9943603443158208,0.9943858688210325,NO_ADJUSTMENT_IN_WINDOW
BRKS,2020-11-12,2020-11-27,VALID,0.9952508162659544,0.9952074489935644,NO_ADJUSTMENT_IN_WINDOW
FPRX,2020-11-12,2020-11-27,VALID,1.0,1.0,NO_ADJUSTMENT_IN_WINDOW
FUBO,2020-11-12,2020-11-27,VALID,12.000000000000002,11.999999999999998,NO_ADJUSTMENT_IN_WINDOW
ZLAB,2020-11-12,2020-11-27,VALID,1.0,1.0,NO_ADJUSTMENT_IN_WINDOW
CELH,2020-11-13,2020-11-30,VALID,0.33343720785291364,0.3333333333333333,SMALL_UNLISTED_FACTOR_CHANGE_<=0.2pct (dividend or raw cent-rounding noise)
CBAT,2020-11-16,2020-12-01,VALID,1.0,1.0,NO_ADJUSTMENT_IN_WINDOW
CBAT,2020-11-17,2020-12-02,VALID,1.0,1.0,NO_ADJUSTMENT_IN_WINDOW
CRNC,2020-11-17,2020-12-02,VALID,1.0,1.0,NO_ADJUSTMENT_IN_WINDOW
SABR,2020-11-17,2020-12-02,VALID,1.0,1.0,NO_ADJUSTMENT_IN_WINDOW
CORT,2020-11-20,2020-12-07,VALID,1.0,1.0,NO_ADJUSTMENT_IN_WINDOW
SBGI,2020-11-20,2020-12-07,VALID,0.713463751438435,0.718836565096953,"UNLISTED_FACTOR_CHANGE_>0.2pct (dividend/special distribution/other, not in CA metadata)"
SONO,2020-11-20,2020-12-07,VALID,1.0,1.0,NO_ADJUSTMENT_IN_WINDOW
FABC,2020-11-23,2020-12-08,VALID,128.0,128.0,NO_ADJUSTMENT_IN_WINDOW
FEYE,2020-11-23,2020-12-08,VALID,1.0,1.0,NO_ADJUSTMENT_IN_WINDOW
KXIN,2020-11-23,2020-12-08,VALID,404999.99999999994,404999.99999999994,NO_ADJUSTMENT_IN_WINDOW
BFLY,2020-11-24,2020-12-09,VALID,1.0,1.0,NO_ADJUSTMENT_IN_WINDOW
GP,2020-11-24,2020-12-09,VALID,10.0,9.999999999999998,NO_ADJUSTMENT_IN_WINDOW
GTEC,2020-11-24,2020-12-09,VALID,1.0,1.0,NO_ADJUSTMENT_IN_WINDOW
KXIN,2020-11-24,2020-12-09,VALID,405000.0,405000.0,NO_ADJUSTMENT_IN_WINDOW
LGVW,2020-11-24,2020-12-09,VALID,1.0,1.0,NO_ADJUSTMENT_IN_WINDOW
UMC,2020-11-24,2020-12-09,VALID,0.7855072463768116,0.7855971896955504,SMALL_UNLISTED_FACTOR_CHANGE_<=0.2pct (dividend or raw cent-rounding noise)
BFLY,2020-11-25,2020-12-10,VALID,1.0,1.0,NO_ADJUSTMENT_IN_WINDOW
FTEK,2020-11-25,2020-12-10,VALID,1.0,1.0,NO_ADJUSTMENT_IN_WINDOW
GP,2020-11-25,2020-12-10,VALID,10.0,10.000000000000002,NO_ADJUSTMENT_IN_WINDOW
LGVW,2020-11-25,2020-12-10,VALID,1.0,1.0,NO_ADJUSTMENT_IN_WINDOW
MP,2020-11-25,2020-12-10,VALID,1.0,1.0,NO_ADJUSTMENT_IN_WINDOW
PIC,2020-11-25,2020-12-10,VALID,1.0,1.0,NO_ADJUSTMENT_IN_WINDOW
SPRU,2020-11-25,2020-12-10,VALID,8.0,8.0,NO_ADJUSTMENT_IN_WINDOW
NBAC,2020-11-27,2020-12-11,VALID,1.0,1.0,NO_ADJUSTMENT_IN_WINDOW
VNET,2020-11-27,2020-12-11,VALID,1.0,1.0,NO_ADJUSTMENT_IN_WINDOW
APXT,2020-11-30,2020-12-14,VALID,1.0,1.0,NO_ADJUSTMENT_IN_WINDOW
AVPT,2020-11-30,2020-12-14,VALID,1.0,1.0,NO_ADJUSTMENT_IN_WINDOW
LCA,2020-11-30,2020-12-14,VALID,1.0,1.0,NO_ADJUSTMENT_IN_WINDOW
MVST,2020-11-30,2020-12-14,VALID,1.0,1.0,NO_ADJUSTMENT_IN_WINDOW
PIC,2020-11-30,2020-12-14,VALID,1.0,1.0,NO_ADJUSTMENT_IN_WINDOW
RMG,2020-11-30,2020-12-14,VALID,1.0,1.0,NO_ADJUSTMENT_IN_WINDOW
SPRU,2020-11-30,2020-12-14,VALID,8.0,8.0,NO_ADJUSTMENT_IN_WINDOW
THCB,2020-11-30,2020-12-14,VALID,1.0,1.0,NO_ADJUSTMENT_IN_WINDOW
APXT,2020-12-01,2020-12-15,VALID,1.0,1.0,NO_ADJUSTMENT_IN_WINDOW
AVPT,2020-12-01,2020-12-15,VALID,1.0,1.0,NO_ADJUSTMENT_IN_WINDOW
CAAS,2020-12-01,2020-12-15,VALID,0.8353317346123101,0.8351233671988388,SMALL_UNLISTED_FACTOR_CHANGE_<=0.2pct (dividend or raw cent-rounding noise)
GMHI,2020-12-01,2020-12-15,DATA_MISSING_EXIT,,,NO_RAW_PAIR
MARA,2020-12-01,2020-12-15,VALID,1.0,1.0,NO_ADJUSTMENT_IN_WINDOW
MSTR,2020-12-01,2020-12-15,VALID,0.0999074074074074,0.09993351761783126,SMALL_UNLISTED_FACTOR_CHANGE_<=0.2pct (dividend or raw cent-rounding noise)
ALT,2020-12-02,2020-12-16,VALID,1.0,1.0,NO_ADJUSTMENT_IN_WINDOW
CAAS,2020-12-02,2020-12-16,VALID,0.8351109351249857,0.8351032448377581,NO_ADJUSTMENT_IN_WINDOW
LCA,2020-12-04,2020-12-18,VALID,1.0,1.0,NO_ADJUSTMENT_IN_WINDOW
WDR,2020-12-04,2020-12-18,VALID,0.9803767660910518,0.9801350814461661,SMALL_UNLISTED_FACTOR_CHANGE_<=0.2pct (dividend or raw cent-rounding noise)
BCRX,2020-12-07,2020-12-21,VALID,1.0,1.0,NO_ADJUSTMENT_IN_WINDOW
CLDR,2020-12-07,2020-12-21,VALID,1.0,1.0,NO_ADJUSTMENT_IN_WINDOW
HUCK,2020-12-07,2020-12-21,VALID,1.0,1.0,NO_ADJUSTMENT_IN_WINDOW
PD,2020-12-07,2020-12-21,VALID,1.0,1.0,NO_ADJUSTMENT_IN_WINDOW
STEM,2020-12-07,2020-12-21,VALID,20.0,20.0,NO_ADJUSTMENT_IN_WINDOW
UMC,2020-12-07,2020-12-21,VALID,0.7855319148936171,0.7855106888361045,NO_ADJUSTMENT_IN_WINDOW
ATRA,2020-12-08,2020-12-22,VALID,25.0,25.0,NO_ADJUSTMENT_IN_WINDOW
BCRX,2020-12-08,2020-12-22,VALID,1.0,1.0,NO_ADJUSTMENT_IN_WINDOW
FATE,2020-12-08,2020-12-22,VALID,1.0,1.0,NO_ADJUSTMENT_IN_WINDOW
GTEC,2020-12-08,2020-12-22,VALID,1.0,1.0,NO_ADJUSTMENT_IN_WINDOW
HCAC,2020-12-08,2020-12-22,DATA_MISSING_EXIT,,,NO_RAW_PAIR
KURA,2020-12-08,2020-12-22,VALID,1.0,1.0,NO_ADJUSTMENT_IN_WINDOW
TRNE,2020-12-08,2020-12-22,DATA_MISSING_EXIT,,,NO_RAW_PAIR
BFT,2020-12-09,2020-12-23,VALID,1.0,1.0,NO_ADJUSTMENT_IN_WINDOW
PSFE,2020-12-09,2020-12-23,VALID,12.0,12.0,NO_ADJUSTMENT_IN_WINDOW
SUMO,2020-12-09,2020-12-23,VALID,1.0,1.0,NO_ADJUSTMENT_IN_WINDOW
GLSI,2020-12-10,2020-12-24,VALID,1.0,1.0,NO_ADJUSTMENT_IN_WINDOW
MTSC,2020-12-10,2020-12-24,VALID,1.0,1.0,NO_ADJUSTMENT_IN_WINDOW
MVST,2020-12-10,2020-12-24,VALID,1.0,1.0,NO_ADJUSTMENT_IN_WINDOW
OMCL,2020-12-10,2020-12-24,VALID,1.0,1.0,NO_ADJUSTMENT_IN_WINDOW
PIC,2020-12-10,2020-12-24,DATA_MISSING_EXIT,,,NO_RAW_PAIR
RCKT,2020-12-10,2020-12-24,VALID,1.0,1.0,NO_ADJUSTMENT_IN_WINDOW
SPRU,2020-12-10,2020-12-24,VALID,8.0,8.0,NO_ADJUSTMENT_IN_WINDOW
THCB,2020-12-10,2020-12-24,VALID,1.0,1.0,NO_ADJUSTMENT_IN_WINDOW
ASAN,2020-12-11,2020-12-28,VALID,1.0,1.0,NO_ADJUSTMENT_IN_WINDOW
EDIT,2020-12-11,2020-12-28,VALID,1.0,1.0,NO_ADJUSTMENT_IN_WINDOW
EGHT,2020-12-11,2020-12-28,VALID,1.0,1.0,NO_ADJUSTMENT_IN_WINDOW
GLSI,2020-12-11,2020-12-28,VALID,1.0,1.0,NO_ADJUSTMENT_IN_WINDOW
IMMP,2020-12-11,2020-12-28,VALID,20.0,20.0,NO_ADJUSTMENT_IN_WINDOW
SSPK,2020-12-11,2020-12-28,VALID,1.0,1.0,NO_ADJUSTMENT_IN_WINDOW
TGTX,2020-12-11,2020-12-28,VALID,1.0,1.0,NO_ADJUSTMENT_IN_WINDOW
GIK,2020-12-14,2020-12-29,VALID,1.0,1.0,NO_ADJUSTMENT_IN_WINDOW
RMG,2020-12-14,2020-12-29,VALID,1.0,1.0,NO_ADJUSTMENT_IN_WINDOW
SNOA,2020-12-14,2020-12-29,VALID,20.0,20.0,NO_ADJUSTMENT_IN_WINDOW
ZEV,2020-12-14,2020-12-29,VALID,20.0,20.0,NO_ADJUSTMENT_IN_WINDOW
ARVN,2020-12-15,2020-12-30,VALID,1.0,1.0,NO_ADJUSTMENT_IN_WINDOW
INSG,2020-12-15,2020-12-30,VALID,10.0,10.0,NO_ADJUSTMENT_IN_WINDOW
VERU,2020-12-15,2020-12-30,VALID,10.0,10.0,NO_ADJUSTMENT_IN_WINDOW
AIV,2020-12-16,2020-12-31,VALID,0.34808853118712274,0.3481060606060606,NO_ADJUSTMENT_IN_WINDOW
BCDA,2020-12-16,2020-12-31,VALID,15.0,15.0,NO_ADJUSTMENT_IN_WINDOW
SNOA,2020-12-21,2021-01-06,VALID,20.0,19.999999999999996,NO_ADJUSTMENT_IN_WINDOW
AGIO,2020-12-22,2021-01-07,VALID,1.0,1.0,NO_ADJUSTMENT_IN_WINDOW
AJRD,2020-12-22,2021-01-07,VALID,0.9011240236235473,0.9011857707509882,NO_ADJUSTMENT_IN_WINDOW
IBRX,2020-12-22,2021-01-07,VALID,1.0,1.0,NO_ADJUSTMENT_IN_WINDOW
NK,2020-12-22,2021-01-07,VALID,1.0,1.0,NO_ADJUSTMENT_IN_WINDOW
SPRU,2020-12-22,2021-01-07,VALID,8.0,8.0,NO_ADJUSTMENT_IN_WINDOW
BEAM,2020-12-23,2021-01-08,VALID,1.0,1.0,NO_ADJUSTMENT_IN_WINDOW
BFLY,2020-12-23,2021-01-08,VALID,1.0,1.0,NO_ADJUSTMENT_IN_WINDOW
LGVW,2020-12-23,2021-01-08,VALID,1.0,1.0,NO_ADJUSTMENT_IN_WINDOW
RMG,2020-12-23,2021-01-08,DATA_MISSING_EXIT,,,NO_RAW_PAIR
SMPL,2020-12-23,2021-01-08,VALID,1.0,1.0,NO_ADJUSTMENT_IN_WINDOW
SPWH,2020-12-23,2021-01-08,VALID,1.0,1.0,NO_ADJUSTMENT_IN_WINDOW
UAVS,2020-12-23,2021-01-08,VALID,1000.0000000000001,1000.0,NO_ADJUSTMENT_IN_WINDOW
CLNE,2020-12-24,2021-01-11,VALID,1.0,1.0,NO_ADJUSTMENT_IN_WINDOW
FRSX,2020-12-24,2021-01-11,VALID,126.0,126.00000000000001,NO_ADJUSTMENT_IN_WINDOW
MGA,2020-12-24,2021-01-11,VALID,0.8419536287556592,0.8419009370816599,NO_ADJUSTMENT_IN_WINDOW
UAVS,2020-12-24,2021-01-11,VALID,1000.0,1000.0,NO_ADJUSTMENT_IN_WINDOW
ACY,2020-12-29,2021-01-13,VALID,0.19999999999999998,0.2,NO_ADJUSTMENT_IN_WINDOW
ASTS,2020-12-29,2021-01-13,VALID,1.0,1.0,NO_ADJUSTMENT_IN_WINDOW
BTBT,2020-12-29,2021-01-13,VALID,1.0,1.0,NO_ADJUSTMENT_IN_WINDOW
CLSK,2020-12-29,2021-01-13,VALID,1.0,1.0,NO_ADJUSTMENT_IN_WINDOW
DPW,2020-12-29,2021-01-13,VALID,1.0,1.0,NO_ADJUSTMENT_IN_WINDOW
MPU,2020-12-29,2021-01-13,VALID,4.0,4.0,NO_ADJUSTMENT_IN_WINDOW
MYOV,2020-12-29,2021-01-13,VALID,1.0,1.0,NO_ADJUSTMENT_IN_WINDOW
NILE,2020-12-29,2021-01-13,VALID,1.0,1.0,NO_ADJUSTMENT_IN_WINDOW
NPA,2020-12-29,2021-01-13,VALID,1.0,1.0,NO_ADJUSTMENT_IN_WINDOW
UAVS,2020-12-29,2021-01-13,VALID,1000.0,1000.0,NO_ADJUSTMENT_IN_WINDOW
IMMR,2020-12-30,2021-01-14,VALID,0.874698795180723,0.874698795180723,NO_ADJUSTMENT_IN_WINDOW
KNDI,2020-12-30,2021-01-14,VALID,1.0,1.0,NO_ADJUSTMENT_IN_WINDOW
BTBT,2020-12-31,2021-01-15,VALID,1.0,1.0,NO_ADJUSTMENT_IN_WINDOW
NETE,2020-12-31,2021-01-15,VALID,1.0,1.0,NO_ADJUSTMENT_IN_WINDOW
CAN,2021-01-04,2021-01-19,VALID,1.0,1.0,NO_ADJUSTMENT_IN_WINDOW
CELH,2021-01-04,2021-01-19,VALID,0.33339662046705903,0.3332854268467951,SMALL_UNLISTED_FACTOR_CHANGE_<=0.2pct (dividend or raw cent-rounding noise)
EBON,2021-01-04,2021-01-19,VALID,29.999999999999996,29.999999999999996,NO_ADJUSTMENT_IN_WINDOW
CAN,2021-01-05,2021-01-20,VALID,1.0,1.0,NO_ADJUSTMENT_IN_WINDOW
EBON,2021-01-05,2021-01-20,VALID,30.0,29.999999999999996,NO_ADJUSTMENT_IN_WINDOW
MGLN,2021-01-05,2021-01-20,VALID,1.0,1.0,NO_ADJUSTMENT_IN_WINDOW
NCTY,2021-01-05,2021-01-20,VALID,10.0,10.0,NO_ADJUSTMENT_IN_WINDOW
CLNE,2021-01-07,2021-01-22,VALID,1.0,1.0,NO_ADJUSTMENT_IN_WINDOW
CRON,2021-01-07,2021-01-22,VALID,1.0,1.0,NO_ADJUSTMENT_IN_WINDOW
NCTY,2021-01-07,2021-01-22,VALID,10.0,10.0,NO_ADJUSTMENT_IN_WINDOW
BEEM,2021-01-08,2021-01-25,VALID,1.0,1.0,NO_ADJUSTMENT_IN_WINDOW
CBAT,2021-01-08,2021-01-25,VALID,1.0,1.0,NO_ADJUSTMENT_IN_WINDOW
EBON,2021-01-08,2021-01-25,VALID,30.0,30.0,NO_ADJUSTMENT_IN_WINDOW
FTFT,2021-01-08,2021-01-25,VALID,3199.9999999999995,3200.0,NO_ADJUSTMENT_IN_WINDOW
NCTY,2021-01-08,2021-01-25,VALID,10.0,10.0,NO_ADJUSTMENT_IN_WINDOW
CATM,2021-01-11,2021-01-26,VALID,1.0,1.0,NO_ADJUSTMENT_IN_WINDOW
NEWR,2021-01-11,2021-01-26,VALID,1.0,1.0,NO_ADJUSTMENT_IN_WINDOW
WDFC,2021-01-11,2021-01-26,VALID,0.9138023992451814,0.9159533073929962,"UNLISTED_FACTOR_CHANGE_>0.2pct (dividend/special distribution/other, not in CA metadata)"
CROX,2021-01-12,2021-01-27,VALID,1.0,1.0,NO_ADJUSTMENT_IN_WINDOW
ACTC,2021-01-13,2021-01-28,VALID,1.0,1.0,NO_ADJUSTMENT_IN_WINDOW
EXPC,2021-01-13,2021-01-28,VALID,1.0,1.0,NO_ADJUSTMENT_IN_WINDOW
MATX,2021-01-13,2021-01-28,VALID,0.9282238442822384,0.9282489519509836,NO_ADJUSTMENT_IN_WINDOW
SRTA,2021-01-13,2021-01-28,VALID,1.0,1.0,NO_ADJUSTMENT_IN_WINDOW
STEM,2021-01-13,2021-01-28,VALID,20.0,20.0,NO_ADJUSTMENT_IN_WINDOW
UAVS,2021-01-13,2021-01-28,VALID,1000.0,999.9999999999999,NO_ADJUSTMENT_IN_WINDOW
GLNG,2021-01-14,2021-01-29,VALID,0.8946153846153847,0.8945521698984303,NO_ADJUSTMENT_IN_WINDOW
WIMI,2021-01-14,2021-01-29,VALID,20.0,20.0,NO_ADJUSTMENT_IN_WINDOW
ASTS,2021-01-15,2021-02-01,VALID,1.0,1.0,NO_ADJUSTMENT_IN_WINDOW
AVAV,2021-01-15,2021-02-01,VALID,1.0,1.0,NO_ADJUSTMENT_IN_WINDOW
DPW,2021-01-15,2021-02-01,VALID,1.0,1.0,NO_ADJUSTMENT_IN_WINDOW
IBRX,2021-01-15,2021-02-01,VALID,1.0,1.0,NO_ADJUSTMENT_IN_WINDOW
MAXR,2021-01-15,2021-02-01,VALID,0.9969989281886388,0.9970224461749887,NO_ADJUSTMENT_IN_WINDOW
MNTS,2021-01-15,2021-02-01,VALID,12495.000119249205,12495.000000000002,NO_ADJUSTMENT_IN_WINDOW
NILE,2021-01-15,2021-02-01,VALID,1.0,1.0,NO_ADJUSTMENT_IN_WINDOW
NK,2021-01-15,2021-02-01,VALID,1.0,1.0,NO_ADJUSTMENT_IN_WINDOW
NPA,2021-01-15,2021-02-01,VALID,1.0,1.0,NO_ADJUSTMENT_IN_WINDOW
SRAC,2021-01-15,2021-02-01,VALID,1.0,1.0,NO_ADJUSTMENT_IN_WINDOW
STLA,2021-01-15,2021-02-01,VALID,0.736842105263158,0.7368421052631579,NO_ADJUSTMENT_IN_WINDOW
CRNT,2021-01-20,2021-02-03,VALID,1.0,1.0,NO_ADJUSTMENT_IN_WINDOW
POLA,2021-01-20,2021-02-03,VALID,6.999747328369079,6.999999999999999,NO_ADJUSTMENT_IN_WINDOW
STEM,2021-01-20,2021-02-03,VALID,20.000000000000004,20.0,NO_ADJUSTMENT_IN_WINDOW
STLA,2021-01-20,2021-02-03,VALID,0.7365339578454333,0.7365421152628246,NO_ADJUSTMENT_IN_WINDOW
CLCT,2021-01-21,2021-02-04,VALID,1.0,1.0,NO_ADJUSTMENT_IN_WINDOW
DMYD,2021-01-21,2021-02-04,VALID,1.0,1.0,NO_ADJUSTMENT_IN_WINDOW
GENI,2021-01-21,2021-02-04,VALID,1.0,1.0,NO_ADJUSTMENT_IN_WINDOW
CRDF,2021-01-22,2021-02-05,VALID,1.0,1.0,NO_ADJUSTMENT_IN_WINDOW
FSRV,2021-01-22,2021-02-05,VALID,1.0,1.0,NO_ADJUSTMENT_IN_WINDOW
KPLT,2021-01-22,2021-02-05,VALID,25.0,24.999999999999996,NO_ADJUSTMENT_IN_WINDOW
WPRT,2021-01-22,2021-02-05,VALID,10.000000000000002,10.0,NO_ADJUSTMENT_IN_WINDOW
CLII,2021-01-25,2021-02-08,VALID,1.0,1.0,NO_ADJUSTMENT_IN_WINDOW
EVGO,2021-01-25,2021-02-08,VALID,1.0,1.0,NO_ADJUSTMENT_IN_WINDOW
AMTX,2021-01-26,2021-02-09,VALID,1.0,1.0,NO_ADJUSTMENT_IN_WINDOW
AQMS,2021-01-26,2021-02-09,VALID,200.0,200.0,NO_ADJUSTMENT_IN_WINDOW
AUPH,2021-01-26,2021-02-09,VALID,1.0,1.0,NO_ADJUSTMENT_IN_WINDOW
CBAT,2021-01-26,2021-02-09,VALID,1.0,1.0,NO_ADJUSTMENT_IN_WINDOW
OEG,2021-01-26,2021-02-09,VALID,1.0,1.0,NO_ADJUSTMENT_IN_WINDOW
VIVO,2021-01-26,2021-02-09,VALID,9.999999999999998,10.0,NO_ADJUSTMENT_IN_WINDOW
AMBR,2021-01-27,2021-02-10,VALID,10.0,10.0,NO_ADJUSTMENT_IN_WINDOW
AQMS,2021-01-27,2021-02-10,VALID,200.0,200.0,NO_ADJUSTMENT_IN_WINDOW
KOSS,2021-01-27,2021-02-10,VALID,1.0,1.0,NO_ADJUSTMENT_IN_WINDOW
OEG,2021-01-27,2021-02-10,VALID,1.0,1.0,NO_ADJUSTMENT_IN_WINDOW
PRTS,2021-01-27,2021-02-10,VALID,10.0,10.0,NO_ADJUSTMENT_IN_WINDOW
HZO,2021-01-28,2021-02-11,VALID,1.0,1.0,NO_ADJUSTMENT_IN_WINDOW
KODK,2021-01-28,2021-02-11,VALID,1.0,1.0,NO_ADJUSTMENT_IN_WINDOW
KOSS,2021-01-28,2021-02-11,VALID,1.0,1.0,NO_ADJUSTMENT_IN_WINDOW
PRSP,2021-01-28,2021-02-11,VALID,0.9975778546712802,0.9975870389520854,NO_ADJUSTMENT_IN_WINDOW
TR,2021-01-28,2021-02-11,VALID,0.8134049509574964,0.8133677752663869,NO_ADJUSTMENT_IN_WINDOW
UONE,2021-01-28,2021-02-11,VALID,10.0,10.0,NO_ADJUSTMENT_IN_WINDOW
BPOP,2021-01-29,2021-02-12,VALID,0.8643274853801168,0.8642054574638846,SMALL_UNLISTED_FACTOR_CHANGE_<=0.2pct (dividend or raw cent-rounding noise)
CDE,2021-01-29,2021-02-12,VALID,0.9988408851422549,0.9989010989010989,NO_ADJUSTMENT_IN_WINDOW
FFAI,2021-01-29,2021-02-12,VALID,1440000.0,1440000.0,NO_ADJUSTMENT_IN_WINDOW
FSM,2021-01-29,2021-02-12,VALID,1.0,1.0,NO_ADJUSTMENT_IN_WINDOW
HIMS,2021-01-29,2021-02-12,VALID,1.0,1.0,NO_ADJUSTMENT_IN_WINDOW
HL,2021-01-29,2021-02-12,VALID,0.9759016393442624,0.9758508914100487,NO_ADJUSTMENT_IN_WINDOW
IRDM,2021-01-29,2021-02-12,VALID,0.9333990147783251,0.9335016835016834,SMALL_UNLISTED_FACTOR_CHANGE_<=0.2pct (dividend or raw cent-rounding noise)
PSAC,2021-01-29,2021-02-12,VALID,1.0,1.0,NO_ADJUSTMENT_IN_WINDOW
TTEK,2021-01-29,2021-02-12,VALID,0.19266561514195585,0.19286460665771013,SMALL_UNLISTED_FACTOR_CHANGE_<=0.2pct (dividend or raw cent-rounding noise)
XM,2021-01-29,2021-02-12,VALID,1.0,1.0,NO_ADJUSTMENT_IN_WINDOW
CRIS,2021-02-01,2021-02-16,VALID,399.99999999999994,400.0,NO_ADJUSTMENT_IN_WINDOW
CVM,2021-02-01,2021-02-16,VALID,30.0,29.999999999999996,NO_ADJUSTMENT_IN_WINDOW
FFAI,2021-02-01,2021-02-16,VALID,1440000.0,1439999.9999999998,NO_ADJUSTMENT_IN_WINDOW
FSM,2021-02-01,2021-02-16,VALID,1.0,1.0,NO_ADJUSTMENT_IN_WINDOW
PSAC,2021-02-01,2021-02-16,VALID,1.0,1.0,NO_ADJUSTMENT_IN_WINDOW
AMTX,2021-02-02,2021-02-17,VALID,1.0,1.0,NO_ADJUSTMENT_IN_WINDOW
BCRX,2021-02-02,2021-02-17,VALID,1.0,1.0,NO_ADJUSTMENT_IN_WINDOW
CDE,2021-02-02,2021-02-17,VALID,0.9988855116514692,0.9988814317673378,NO_ADJUSTMENT_IN_WINDOW
CHRS,2021-02-02,2021-02-17,VALID,1.0,1.0,NO_ADJUSTMENT_IN_WINDOW
EXK,2021-02-02,2021-02-17,VALID,1.0,1.0,NO_ADJUSTMENT_IN_WINDOW
FSM,2021-02-02,2021-02-17,VALID,1.0,1.0,NO_ADJUSTMENT_IN_WINDOW
HL,2021-02-02,2021-02-17,VALID,0.9759202453987731,0.976,NO_ADJUSTMENT_IN_WINDOW
MVST,2021-02-02,2021-02-17,VALID,1.0,1.0,NO_ADJUSTMENT_IN_WINDOW
NKTR,2021-02-02,2021-02-17,VALID,15.0,14.999999999999998,NO_ADJUSTMENT_IN_WINDOW
PSLV,2021-02-02,2021-02-17,VALID,1.0,1.0,NO_ADJUSTMENT_IN_WINDOW
THCB,2021-02-02,2021-02-17,VALID,1.0,1.0,NO_ADJUSTMENT_IN_WINDOW
VIE,2021-02-02,2021-02-17,VALID,1.0,1.0,NO_ADJUSTMENT_IN_WINDOW
ATER,2021-02-03,2021-02-18,VALID,12.0,12.0,NO_ADJUSTMENT_IN_WINDOW
ATKR,2021-02-03,2021-02-18,VALID,0.9568663594470046,0.9569331158238172,NO_ADJUSTMENT_IN_WINDOW
HAE,2021-02-03,2021-02-18,VALID,1.0,1.0,NO_ADJUSTMENT_IN_WINDOW
HOL,2021-02-03,2021-02-18,VALID,1.0,1.0,NO_ADJUSTMENT_IN_WINDOW
MBRX,2021-02-03,2021-02-18,VALID,374.99999999999994,375.0,NO_ADJUSTMENT_IN_WINDOW
MWK,2021-02-03,2021-02-18,VALID,1.0,1.0,NO_ADJUSTMENT_IN_WINDOW
CPSH,2021-02-04,2021-02-19,VALID,1.0,1.0,NO_ADJUSTMENT_IN_WINDOW
FTOC,2021-02-04,2021-02-19,VALID,1.0,1.0,NO_ADJUSTMENT_IN_WINDOW
ISBC,2021-02-04,2021-02-19,VALID,0.9524959742351047,0.963021243115657,"UNLISTED_FACTOR_CHANGE_>0.2pct (dividend/special distribution/other, not in CA metadata)"
PAYO,2021-02-04,2021-02-19,VALID,1.0,1.0,NO_ADJUSTMENT_IN_WINDOW
SLS,2021-02-04,2021-02-19,VALID,1.0,1.0,NO_ADJUSTMENT_IN_WINDOW
SOGP,2021-02-04,2021-02-19,VALID,8.802016498625115,8.801495016611296,NO_ADJUSTMENT_IN_WINDOW
ZGNX,2021-02-04,2021-02-19,VALID,1.0,1.0,NO_ADJUSTMENT_IN_WINDOW
CRNT,2021-02-05,2021-02-22,VALID,1.0,1.0,NO_ADJUSTMENT_IN_WINDOW
EBON,2021-02-05,2021-02-22,VALID,30.0,30.0,NO_ADJUSTMENT_IN_WINDOW
KLIC,2021-02-05,2021-02-22,VALID,0.9174488567990373,0.9173076923076924,SMALL_UNLISTED_FACTOR_CHANGE_<=0.2pct (dividend or raw cent-rounding noise)
MNKD,2021-02-05,2021-02-22,VALID,1.0,1.0,NO_ADJUSTMENT_IN_WINDOW
MXL,2021-02-05,2021-02-22,VALID,1.0,1.0,NO_ADJUSTMENT_IN_WINDOW
POWW,2021-02-05,2021-02-22,VALID,1.0,1.0,NO_ADJUSTMENT_IN_WINDOW
SIMO,2021-02-05,2021-02-22,VALID,0.8878750658010177,0.8928453130175554,"UNLISTED_FACTOR_CHANGE_>0.2pct (dividend/special distribution/other, not in CA metadata)"
SOGP,2021-02-05,2021-02-22,VALID,8.801846153846155,8.801971326164875,NO_ADJUSTMENT_IN_WINDOW
AAME,2021-02-08,2021-02-23,VALID,0.9548979591836735,0.954875283446712,NO_ADJUSTMENT_IN_WINDOW
AREC,2021-02-08,2021-02-23,VALID,0.9846737481031866,0.9846456692913386,NO_ADJUSTMENT_IN_WINDOW
EGO,2021-02-08,2021-02-23,VALID,0.9954648526077097,0.9950819672131148,SMALL_UNLISTED_FACTOR_CHANGE_<=0.2pct (dividend or raw cent-rounding noise)
MDGL,2021-02-08,2021-02-23,VALID,1.0,1.0,NO_ADJUSTMENT_IN_WINDOW
NCTY,2021-02-08,2021-02-23,VALID,10.0,10.0,NO_ADJUSTMENT_IN_WINDOW
PLT,2021-02-08,2021-02-23,VALID,0.7598387861545756,0.7597370983446934,SMALL_UNLISTED_FACTOR_CHANGE_<=0.2pct (dividend or raw cent-rounding noise)
POLY,2021-02-08,2021-02-23,VALID,1.0,1.0,NO_ADJUSTMENT_IN_WINDOW
TDC,2021-02-08,2021-02-23,VALID,1.0,1.0,NO_ADJUSTMENT_IN_WINDOW
BFLY,2021-02-09,2021-02-24,VALID,1.0,1.0,NO_ADJUSTMENT_IN_WINDOW
BKKT,2021-02-09,2021-02-24,VALID,25.0,25.0,NO_ADJUSTMENT_IN_WINDOW
BSQR,2021-02-09,2021-02-24,VALID,1.0,1.0,NO_ADJUSTMENT_IN_WINDOW
CAN,2021-02-09,2021-02-24,VALID,1.0,1.0,NO_ADJUSTMENT_IN_WINDOW
FTFT,2021-02-09,2021-02-24,VALID,3200.0,3200.0,NO_ADJUSTMENT_IN_WINDOW
GOVX,2021-02-09,2021-02-24,VALID,375.0,375.0,NO_ADJUSTMENT_IN_WINDOW
JG,2021-02-09,2021-02-24,VALID,20.000000000000004,20.0,NO_ADJUSTMENT_IN_WINDOW
LGVW,2021-02-09,2021-02-24,DATA_MISSING_EXIT,,,NO_RAW_PAIR
NCTY,2021-02-09,2021-02-24,VALID,10.0,10.000000000000002,NO_ADJUSTMENT_IN_WINDOW
VERU,2021-02-09,2021-02-24,VALID,10.0,10.0,NO_ADJUSTMENT_IN_WINDOW
VIH,2021-02-09,2021-02-24,VALID,1.0,1.0,NO_ADJUSTMENT_IN_WINDOW
WPRT,2021-02-09,2021-02-24,VALID,10.0,10.0,NO_ADJUSTMENT_IN_WINDOW
XONE,2021-02-09,2021-02-24,VALID,0.8346358792184726,0.834721170830179,SMALL_UNLISTED_FACTOR_CHANGE_<=0.2pct (dividend or raw cent-rounding noise)
AEVA,2021-02-10,2021-02-25,VALID,4.999999999999999,5.000000000000001,NO_ADJUSTMENT_IN_WINDOW
CAN,2021-02-10,2021-02-25,VALID,1.0,1.0,NO_ADJUSTMENT_IN_WINDOW
GLUU,2021-02-10,2021-02-25,VALID,1.0,1.0,NO_ADJUSTMENT_IN_WINDOW
HTBX,2021-02-10,2021-02-25,VALID,1.0,1.0,NO_ADJUSTMENT_IN_WINDOW
IPV,2021-02-10,2021-02-25,VALID,1.0,1.0,NO_ADJUSTMENT_IN_WINDOW
NCTY,2021-02-10,2021-02-25,VALID,10.000143482315806,10.000000000000002,NO_ADJUSTMENT_IN_WINDOW
PERI,2021-02-10,2021-02-25,VALID,1.0,1.0,NO_ADJUSTMENT_IN_WINDOW
SLQT,2021-02-10,2021-02-25,VALID,1.0,1.0,NO_ADJUSTMENT_IN_WINDOW
ABCL,2021-02-11,2021-02-26,VALID,1.0,1.0,NO_ADJUSTMENT_IN_WINDOW
ACHR,2021-02-11,2021-02-26,VALID,1.0,1.0,NO_ADJUSTMENT_IN_WINDOW
BSQR,2021-02-11,2021-02-26,VALID,1.0,1.0,NO_ADJUSTMENT_IN_WINDOW
CGIX,2021-02-11,2021-02-26,VALID,1.0,1.0,NO_ADJUSTMENT_IN_WINDOW
CMLF,2021-02-11,2021-02-26,VALID,1.0,1.0,NO_ADJUSTMENT_IN_WINDOW
CRON,2021-02-11,2021-02-26,VALID,1.0,1.0,NO_ADJUSTMENT_IN_WINDOW
CRTO,2021-02-11,2021-02-26,VALID,1.0,1.0,NO_ADJUSTMENT_IN_WINDOW
EGOV,2021-02-11,2021-02-26,VALID,0.9973844812554491,0.9974070872947276,NO_ADJUSTMENT_IN_WINDOW
JG,2021-02-11,2021-02-26,VALID,20.0,20.0,NO_ADJUSTMENT_IN_WINDOW
KOPN,2021-02-11,2021-02-26,VALID,1.0,1.0,NO_ADJUSTMENT_IN_WINDOW
QFIN,2021-02-11,2021-02-26,VALID,0.7357692307692307,0.7358087921468203,NO_ADJUSTMENT_IN_WINDOW
VFF,2021-02-11,2021-02-26,VALID,1.0,1.0,NO_ADJUSTMENT_IN_WINDOW
WGS,2021-02-11,2021-02-26,VALID,32.99999999999999,33.0,NO_ADJUSTMENT_IN_WINDOW
ZYNE,2021-02-11,2021-02-26,VALID,1.0,1.0,NO_ADJUSTMENT_IN_WINDOW
CRIS,2021-02-12,2021-03-01,VALID,400.00000000000006,400.0,NO_ADJUSTMENT_IN_WINDOW
CRNT,2021-02-12,2021-03-01,VALID,1.0,1.0,NO_ADJUSTMENT_IN_WINDOW
CRTO,2021-02-12,2021-03-01,VALID,1.0,1.0,NO_ADJUSTMENT_IN_WINDOW
GNMK,2021-02-12,2021-03-01,VALID,1.0,1.0,NO_ADJUSTMENT_IN_WINDOW
ORIO,2021-02-12,2021-03-01,VALID,3.0,3.0,NO_ADJUSTMENT_IN_WINDOW
PI,2021-02-12,2021-03-01,VALID,1.0,1.0,NO_ADJUSTMENT_IN_WINDOW
RCMT,2021-02-12,2021-03-01,VALID,1.0,1.0,NO_ADJUSTMENT_IN_WINDOW
SGI,2021-02-12,2021-03-01,VALID,0.9433962264150944,0.9454493252942866,"UNLISTED_FACTOR_CHANGE_>0.2pct (dividend/special distribution/other, not in CA metadata)"
SONO,2021-02-12,2021-03-01,VALID,1.0,1.0,NO_ADJUSTMENT_IN_WINDOW
TLND,2021-02-12,2021-03-01,VALID,1.0,1.0,NO_ADJUSTMENT_IN_WINDOW
YI,2021-02-12,2021-03-01,VALID,10.0,10.0,NO_ADJUSTMENT_IN_WINDOW
CMLF,2021-02-16,2021-03-02,VALID,1.0,1.0,NO_ADJUSTMENT_IN_WINDOW
GP,2021-02-16,2021-03-02,VALID,10.0,10.0,NO_ADJUSTMENT_IN_WINDOW
WGS,2021-02-16,2021-03-02,VALID,33.0,33.0,NO_ADJUSTMENT_IN_WINDOW
AACQ,2021-02-17,2021-03-03,VALID,1.0,1.0,NO_ADJUSTMENT_IN_WINDOW
AREC,2021-02-17,2021-03-03,VALID,0.9846860643185298,0.9846153846153848,NO_ADJUSTMENT_IN_WINDOW
DPW,2021-02-17,2021-03-03,VALID,1.0,1.0,NO_ADJUSTMENT_IN_WINDOW
EBON,2021-02-17,2021-03-03,VALID,30.0,30.0,NO_ADJUSTMENT_IN_WINDOW
FTFT,2021-02-17,2021-03-03,VALID,3200.0,3200.0000000000005,NO_ADJUSTMENT_IN_WINDOW
KMPH,2021-02-17,2021-03-03,VALID,1.0,1.0,NO_ADJUSTMENT_IN_WINDOW
KOPN,2021-02-17,2021-03-03,VALID,1.0,1.0,NO_ADJUSTMENT_IN_WINDOW
NCTY,2021-02-17,2021-03-03,VALID,10.0,10.000000000000002,NO_ADJUSTMENT_IN_WINDOW
NILE,2021-02-17,2021-03-03,VALID,1.0,1.0,NO_ADJUSTMENT_IN_WINDOW
SGLY,2021-02-17,2021-03-03,VALID,140.0,140.00000000000003,NO_ADJUSTMENT_IN_WINDOW
SINO,2021-02-17,2021-03-03,VALID,1.0,1.0,NO_ADJUSTMENT_IN_WINDOW
ZVRA,2021-02-17,2021-03-03,VALID,1.0,1.0,NO_ADJUSTMENT_IN_WINDOW
ACHR,2021-02-18,2021-03-04,VALID,1.0,1.0,NO_ADJUSTMENT_IN_WINDOW
AQMS,2021-02-18,2021-03-04,VALID,200.0,200.0,NO_ADJUSTMENT_IN_WINDOW
CLPS,2021-02-18,2021-03-04,VALID,0.808792372881356,0.808695652173913,SMALL_UNLISTED_FACTOR_CHANGE_<=0.2pct (dividend or raw cent-rounding noise)
CNET,2021-02-18,2021-03-04,VALID,20.0,20.0,NO_ADJUSTMENT_IN_WINDOW
CSOD,2021-02-18,2021-03-04,VALID,1.0,1.0,NO_ADJUSTMENT_IN_WINDOW
KRNT,2021-02-18,2021-03-04,VALID,1.0,1.0,NO_ADJUSTMENT_IN_WINDOW
NKTR,2021-02-18,2021-03-04,VALID,15.0,15.0,NO_ADJUSTMENT_IN_WINDOW
CAPA,2021-02-19,2021-03-05,VALID,1.0,1.0,NO_ADJUSTMENT_IN_WINDOW
GTEC,2021-02-19,2021-03-05,VALID,1.0,1.0,NO_ADJUSTMENT_IN_WINDOW
QSI,2021-02-19,2021-03-05,VALID,1.0,1.0,NO_ADJUSTMENT_IN_WINDOW
BODI,2021-02-22,2021-03-08,VALID,50.0,50.0,NO_ADJUSTMENT_IN_WINDOW
EOLS,2021-02-22,2021-03-08,VALID,1.0,1.0,NO_ADJUSTMENT_IN_WINDOW
FRX,2021-02-22,2021-03-08,VALID,1.0,1.0,NO_ADJUSTMENT_IN_WINDOW
HASI,2021-02-22,2021-03-08,VALID,0.7551154035030283,0.7551697229808818,NO_ADJUSTMENT_IN_WINDOW
VIOT,2021-02-22,2021-03-08,VALID,0.9250398724082934,0.9251533742331289,SMALL_UNLISTED_FACTOR_CHANGE_<=0.2pct (dividend or raw cent-rounding noise)
WATT,2021-02-22,2021-03-08,VALID,600.0,600.0,NO_ADJUSTMENT_IN_WINDOW
BODI,2021-02-23,2021-03-09,VALID,50.0,50.0,NO_ADJUSTMENT_IN_WINDOW
CTB,2021-02-23,2021-03-09,VALID,0.996416412829242,0.99825388510564,SMALL_UNLISTED_FACTOR_CHANGE_<=0.2pct (dividend or raw cent-rounding noise)
ENVX,2021-02-23,2021-03-09,VALID,1.0,1.0,NO_ADJUSTMENT_IN_WINDOW
FRX,2021-02-23,2021-03-09,VALID,1.0,1.0,NO_ADJUSTMENT_IN_WINDOW
RSVA,2021-02-23,2021-03-09,VALID,1.0,1.0,NO_ADJUSTMENT_IN_WINDOW
VIOT,2021-02-23,2021-03-09,VALID,0.9253081943437274,0.9252132701421799,SMALL_UNLISTED_FACTOR_CHANGE_<=0.2pct (dividend or raw cent-rounding noise)
VUZI,2021-02-23,2021-03-09,VALID,1.0,1.0,NO_ADJUSTMENT_IN_WINDOW
ACH,2021-02-25,2021-03-11,VALID,0.9997021149836164,0.9997257268239167,NO_ADJUSTMENT_IN_WINDOW
PRAH,2021-02-25,2021-03-11,VALID,1.0,1.0,NO_ADJUSTMENT_IN_WINDOW
PUBM,2021-02-25,2021-03-11,VALID,1.0,1.0,NO_ADJUSTMENT_IN_WINDOW
SYPR,2021-02-25,2021-03-11,VALID,1.0,1.0,NO_ADJUSTMENT_IN_WINDOW
PAND,2021-02-26,2021-03-12,VALID,1.0,1.0,NO_ADJUSTMENT_IN_WINDOW
RVLV,2021-02-26,2021-03-12,VALID,1.0,1.0,NO_ADJUSTMENT_IN_WINDOW
TNDM,2021-02-26,2021-03-12,VALID,1.0,1.0,NO_ADJUSTMENT_IN_WINDOW
TS,2021-02-26,2021-03-12,VALID,0.8232491662696523,0.8232538330494037,NO_ADJUSTMENT_IN_WINDOW
AMTX,2021-03-02,2021-03-16,VALID,1.0,1.0,NO_ADJUSTMENT_IN_WINDOW
DRNA,2021-03-02,2021-03-16,VALID,1.0,1.0,NO_ADJUSTMENT_IN_WINDOW
FRSX,2021-03-02,2021-03-16,VALID,126.0,126.00000000000001,NO_ADJUSTMENT_IN_WINDOW
FTFT,2021-03-02,2021-03-16,VALID,3200.0,3200.0,NO_ADJUSTMENT_IN_WINDOW
KMPH,2021-03-02,2021-03-16,VALID,1.0,1.0,NO_ADJUSTMENT_IN_WINDOW
RKLB,2021-03-02,2021-03-16,VALID,1.0,1.0,NO_ADJUSTMENT_IN_WINDOW
TAOP,2021-03-02,2021-03-16,VALID,300.0,300.0,NO_ADJUSTMENT_IN_WINDOW
VACQ,2021-03-02,2021-03-16,VALID,1.0,1.0,NO_ADJUSTMENT_IN_WINDOW
WIMI,2021-03-02,2021-03-16,VALID,20.0,19.999999999999996,NO_ADJUSTMENT_IN_WINDOW
ZVRA,2021-03-02,2021-03-16,VALID,1.0,1.0,NO_ADJUSTMENT_IN_WINDOW
ATOM,2021-03-03,2021-03-17,VALID,1.0,1.0,NO_ADJUSTMENT_IN_WINDOW
KOPN,2021-03-03,2021-03-17,VALID,1.0,1.0,NO_ADJUSTMENT_IN_WINDOW
NNVC,2021-03-03,2021-03-17,VALID,1.0,1.0,NO_ADJUSTMENT_IN_WINDOW
PERI,2021-03-03,2021-03-17,VALID,1.0,1.0,NO_ADJUSTMENT_IN_WINDOW
SUNE,2021-03-03,2021-03-17,VALID,351184.8335745297,351184.83478260867,NO_ADJUSTMENT_IN_WINDOW
TMDX,2021-03-03,2021-03-17,VALID,1.0,1.0,NO_ADJUSTMENT_IN_WINDOW
HTBX,2021-03-04,2021-03-18,VALID,1.0,1.0,NO_ADJUSTMENT_IN_WINDOW
KMPH,2021-03-04,2021-03-18,VALID,1.0,1.0,NO_ADJUSTMENT_IN_WINDOW
MRVI,2021-03-04,2021-03-18,VALID,1.0,1.0,NO_ADJUSTMENT_IN_WINDOW
QTRX,2021-03-04,2021-03-18,VALID,1.0,1.0,NO_ADJUSTMENT_IN_WINDOW
SLE,2021-03-04,2021-03-18,VALID,9600.0,9600.0,NO_ADJUSTMENT_IN_WINDOW
TAOP,2021-03-04,2021-03-18,VALID,300.0,300.0,NO_ADJUSTMENT_IN_WINDOW
ZVRA,2021-03-04,2021-03-18,VALID,1.0,1.0,NO_ADJUSTMENT_IN_WINDOW
AHCO,2021-03-05,2021-03-19,VALID,1.0,1.0,NO_ADJUSTMENT_IN_WINDOW
FPRX,2021-03-05,2021-03-19,VALID,1.0,1.0,NO_ADJUSTMENT_IN_WINDOW
ATER,2021-03-08,2021-03-22,VALID,12.0,12.0,NO_ADJUSTMENT_IN_WINDOW
LFMD,2021-03-08,2021-03-22,VALID,1.0,1.0,NO_ADJUSTMENT_IN_WINDOW
MWK,2021-03-08,2021-03-22,VALID,1.0,1.0,NO_ADJUSTMENT_IN_WINDOW
PR,2021-03-08,2021-03-22,VALID,0.8693728357060407,0.869406392694064,NO_ADJUSTMENT_IN_WINDOW
AER,2021-03-09,2021-03-23,VALID,0.984713828652684,0.9846614950634697,NO_ADJUSTMENT_IN_WINDOW
ATH,2021-03-09,2021-03-23,VALID,1.0,1.0,NO_ADJUSTMENT_IN_WINDOW
IMVT,2021-03-09,2021-03-23,VALID,1.0,1.0,NO_ADJUSTMENT_IN_WINDOW
MCFE,2021-03-09,2021-03-23,VALID,0.8436497019715726,0.8436703483432455,NO_ADJUSTMENT_IN_WINDOW
SEER,2021-03-09,2021-03-23,VALID,1.0,1.0,NO_ADJUSTMENT_IN_WINDOW
AMTX,2021-03-10,2021-03-24,VALID,1.0,1.0,NO_ADJUSTMENT_IN_WINDOW
BTBT,2021-03-10,2021-03-24,VALID,1.0,1.0,NO_ADJUSTMENT_IN_WINDOW
GLSI,2021-03-10,2021-03-24,VALID,1.0,1.0,NO_ADJUSTMENT_IN_WINDOW
SOGP,2021-03-10,2021-03-24,VALID,8.801097393689986,8.802310654685494,SMALL_UNLISTED_FACTOR_CHANGE_<=0.2pct (dividend or raw cent-rounding noise)
TAOP,2021-03-10,2021-03-24,VALID,300.0,300.0,NO_ADJUSTMENT_IN_WINDOW
AEVA,2021-03-11,2021-03-25,VALID,5.0,5.0,NO_ADJUSTMENT_IN_WINDOW
BEEM,2021-03-11,2021-03-25,VALID,1.0,1.0,NO_ADJUSTMENT_IN_WINDOW
BTBT,2021-03-11,2021-03-25,VALID,1.0,1.0,NO_ADJUSTMENT_IN_WINDOW
FTFT,2021-03-11,2021-03-25,VALID,3200.0,3199.9999999999995,NO_ADJUSTMENT_IN_WINDOW
IBRX,2021-03-11,2021-03-25,VALID,1.0,1.0,NO_ADJUSTMENT_IN_WINDOW
IPV,2021-03-11,2021-03-25,DATA_MISSING_EXIT,,,NO_RAW_PAIR
TLND,2021-03-11,2021-03-25,VALID,1.0,1.0,NO_ADJUSTMENT_IN_WINDOW
UAVS,2021-03-11,2021-03-25,VALID,1000.0,1000.0,NO_ADJUSTMENT_IN_WINDOW
UNFI,2021-03-11,2021-03-25,VALID,1.0,1.0,NO_ADJUSTMENT_IN_WINDOW
ANAB,2021-03-12,2021-03-26,VALID,0.6665124884366327,0.6666666666666666,SMALL_UNLISTED_FACTOR_CHANGE_<=0.2pct (dividend or raw cent-rounding noise)
ASAN,2021-03-12,2021-03-26,VALID,1.0,1.0,NO_ADJUSTMENT_IN_WINDOW
AVEO,2021-03-12,2021-03-26,VALID,1.0,1.0,NO_ADJUSTMENT_IN_WINDOW
FINV,2021-03-12,2021-03-26,VALID,0.7696335078534031,0.7696092619392184,NO_ADJUSTMENT_IN_WINDOW
RSI,2021-03-12,2021-03-26,VALID,1.0,1.0,NO_ADJUSTMENT_IN_WINDOW
WIMI,2021-03-12,2021-03-26,VALID,20.000000000000004,20.0,NO_ADJUSTMENT_IN_WINDOW
FRSX,2021-03-15,2021-03-29,VALID,126.0,126.0,NO_ADJUSTMENT_IN_WINDOW
NCEL,2021-03-15,2021-03-29,VALID,400.0,400.0,NO_ADJUSTMENT_IN_WINDOW
CBAT,2021-03-16,2021-03-30,VALID,1.0,1.0,NO_ADJUSTMENT_IN_WINDOW
GNMK,2021-03-16,2021-03-30,VALID,1.0,1.0,NO_ADJUSTMENT_IN_WINDOW
STAY,2021-03-16,2021-03-30,VALID,1.0,1.0,NO_ADJUSTMENT_IN_WINDOW
YALA,2021-03-16,2021-03-30,VALID,1.0,1.0,NO_ADJUSTMENT_IN_WINDOW
ZKIN,2021-03-16,2021-03-30,VALID,7.0,7.000000000000001,NO_ADJUSTMENT_IN_WINDOW
KMPH,2021-03-17,2021-03-31,VALID,1.0,1.0,NO_ADJUSTMENT_IN_WINDOW
XNET,2021-03-17,2021-03-31,VALID,1.0,1.0,NO_ADJUSTMENT_IN_WINDOW
ZVRA,2021-03-17,2021-03-31,VALID,1.0,1.0,NO_ADJUSTMENT_IN_WINDOW
IMTX,2021-03-18,2021-04-01,VALID,1.0,1.0,NO_ADJUSTMENT_IN_WINDOW
SGLY,2021-03-19,2021-04-05,VALID,140.0,140.0,NO_ADJUSTMENT_IN_WINDOW
SINO,2021-03-19,2021-04-05,VALID,1.0,1.0,NO_ADJUSTMENT_IN_WINDOW
VCEL,2021-03-19,2021-04-05,VALID,1.0,1.0,NO_ADJUSTMENT_IN_WINDOW
ZKIN,2021-03-22,2021-04-06,VALID,7.000000000000001,7.0,NO_ADJUSTMENT_IN_WINDOW
BNTC,2021-03-24,2021-04-08,VALID,17.0,17.0,NO_ADJUSTMENT_IN_WINDOW
FREQ,2021-03-25,2021-04-09,VALID,50.0,50.0,NO_ADJUSTMENT_IN_WINDOW
KRRO,2021-03-25,2021-04-09,VALID,50.0,50.0,NO_ADJUSTMENT_IN_WINDOW
ZKIN,2021-03-25,2021-04-09,VALID,6.999999999999999,7.0,NO_ADJUSTMENT_IN_WINDOW
FRMM,2021-03-29,2021-04-13,VALID,3800.0,3800.0000000000005,NO_ADJUSTMENT_IN_WINDOW
FTFT,2021-03-29,2021-04-13,VALID,3200.0,3200.0,NO_ADJUSTMENT_IN_WINDOW
MX,2021-03-29,2021-04-13,VALID,1.0,1.0,NO_ADJUSTMENT_IN_WINDOW
TLS,2021-03-29,2021-04-13,VALID,1.0,1.0,NO_ADJUSTMENT_IN_WINDOW
WAFU,2021-03-29,2021-04-13,VALID,1.0,1.0,NO_ADJUSTMENT_IN_WINDOW
ORIO,2021-03-30,2021-04-14,VALID,3.0,3.0000000000000004,NO_ADJUSTMENT_IN_WINDOW
ABCL,2021-03-31,2021-04-15,VALID,1.0,1.0,NO_ADJUSTMENT_IN_WINDOW
VTSI,2021-03-31,2021-04-15,VALID,1.0,1.0,NO_ADJUSTMENT_IN_WINDOW
ACTC,2021-04-05,2021-04-19,VALID,1.0,1.0,NO_ADJUSTMENT_IN_WINDOW
ACY,2021-04-05,2021-04-19,VALID,0.19999999999999998,0.2,NO_ADJUSTMENT_IN_WINDOW
FTFT,2021-04-05,2021-04-19,VALID,3200.0,3200.0,NO_ADJUSTMENT_IN_WINDOW
MPU,2021-04-05,2021-04-19,VALID,4.0,4.0,NO_ADJUSTMENT_IN_WINDOW
UAVS,2021-04-05,2021-04-19,VALID,1000.0,999.9999999999999,NO_ADJUSTMENT_IN_WINDOW
UTHR,2021-04-05,2021-04-19,VALID,1.0,1.0,NO_ADJUSTMENT_IN_WINDOW
CEMI,2021-04-06,2021-04-20,VALID,1.0,1.0,NO_ADJUSTMENT_IN_WINDOW
MUDS,2021-04-07,2021-04-21,VALID,1.0,1.0,NO_ADJUSTMENT_IN_WINDOW
SJ,2021-04-07,2021-04-21,VALID,1.0,1.0,NO_ADJUSTMENT_IN_WINDOW
TVRD,2021-04-07,2021-04-21,VALID,36.0,36.0,NO_ADJUSTMENT_IN_WINDOW
ORBC,2021-04-09,2021-04-23,VALID,1.0,1.0,NO_ADJUSTMENT_IN_WINDOW
RICE,2021-04-09,2021-04-23,VALID,1.0,1.0,NO_ADJUSTMENT_IN_WINDOW
GLSI,2021-04-12,2021-04-26,VALID,1.0,1.0,NO_ADJUSTMENT_IN_WINDOW
LMNX,2021-04-13,2021-04-27,VALID,0.9972870320130222,0.9972840847365562,NO_ADJUSTMENT_IN_WINDOW
PLBY,2021-04-13,2021-04-27,VALID,1.0,1.0,NO_ADJUSTMENT_IN_WINDOW
ZLAB,2021-04-14,2021-04-28,VALID,1.0,1.0,NO_ADJUSTMENT_IN_WINDOW
TV,2021-04-15,2021-04-29,VALID,0.7895424836601307,0.7894736842105263,NO_ADJUSTMENT_IN_WINDOW
INO,2021-04-16,2021-04-30,VALID,11.999999999999998,12.0,NO_ADJUSTMENT_IN_WINDOW
TAOP,2021-04-16,2021-04-30,VALID,299.99999999999994,300.0,NO_ADJUSTMENT_IN_WINDOW
CLNE,2021-04-20,2021-05-04,VALID,1.0,1.0,NO_ADJUSTMENT_IN_WINDOW
HOG,2021-04-20,2021-05-04,VALID,0.888367939272159,0.8884944664856963,SMALL_UNLISTED_FACTOR_CHANGE_<=0.2pct (dividend or raw cent-rounding noise)
LFMD,2021-04-20,2021-05-04,VALID,1.0,1.0,NO_ADJUSTMENT_IN_WINDOW
HZO,2021-04-23,2021-05-07,VALID,1.0,1.0,NO_ADJUSTMENT_IN_WINDOW
XM,2021-04-23,2021-05-07,VALID,1.0,1.0,NO_ADJUSTMENT_IN_WINDOW
SLAB,2021-04-26,2021-05-10,VALID,1.0,1.0,NO_ADJUSTMENT_IN_WINDOW
AXSM,2021-04-27,2021-05-11,VALID,1.0,1.0,NO_ADJUSTMENT_IN_WINDOW
SJ,2021-04-27,2021-05-11,VALID,1.0,1.0,NO_ADJUSTMENT_IN_WINDOW
ALDX,2021-04-28,2021-05-12,VALID,1.0,1.0,NO_ADJUSTMENT_IN_WINDOW
FLWS,2021-04-30,2021-05-14,VALID,1.0,1.0,NO_ADJUSTMENT_IN_WINDOW
VER,2021-04-30,2021-05-14,VALID,0.9769993669550537,0.9771466607499445,SMALL_UNLISTED_FACTOR_CHANGE_<=0.2pct (dividend or raw cent-rounding noise)
UFS,2021-05-05,2021-05-19,VALID,1.0,1.0,NO_ADJUSTMENT_IN_WINDOW
HAYW,2021-05-06,2021-05-20,VALID,1.0,1.0,NO_ADJUSTMENT_IN_WINDOW
MED,2021-05-06,2021-05-20,VALID,0.8856613589784014,0.8856755820180827,NO_ADJUSTMENT_IN_WINDOW
OPLN,2021-05-06,2021-05-20,VALID,1.0,1.0,NO_ADJUSTMENT_IN_WINDOW
VERU,2021-05-06,2021-05-20,VALID,10.0,10.000000000000002,NO_ADJUSTMENT_IN_WINDOW
HOME,2021-05-07,2021-05-21,VALID,1.0,1.0,NO_ADJUSTMENT_IN_WINDOW
SBH,2021-05-07,2021-05-21,VALID,1.0,1.0,NO_ADJUSTMENT_IN_WINDOW
GPRO,2021-05-10,2021-05-24,VALID,1.0,1.0,NO_ADJUSTMENT_IN_WINDOW
TWST,2021-05-10,2021-05-24,VALID,1.0,1.0,NO_ADJUSTMENT_IN_WINDOW
FOE,2021-05-12,2021-05-26,VALID,1.0,1.0,NO_ADJUSTMENT_IN_WINDOW
UFS,2021-05-12,2021-05-26,VALID,1.0,1.0,NO_ADJUSTMENT_IN_WINDOW
VANI,2021-05-13,2021-05-27,VALID,3.0000000000000004,3.0,NO_ADJUSTMENT_IN_WINDOW
CELH,2021-05-14,2021-05-28,VALID,0.33333333333333337,0.3333841928593225,SMALL_UNLISTED_FACTOR_CHANGE_<=0.2pct (dividend or raw cent-rounding noise)
IHT,2021-05-14,2021-05-28,VALID,0.9506361323155217,0.9505747126436781,NO_ADJUSTMENT_IN_WINDOW
GEVO,2021-05-17,2021-06-01,VALID,1.0,1.0,NO_ADJUSTMENT_IN_WINDOW
IHT,2021-05-17,2021-06-01,VALID,0.9505882352941177,0.9505714285714285,NO_ADJUSTMENT_IN_WINDOW
PUBM,2021-05-17,2021-06-01,VALID,1.0,1.0,NO_ADJUSTMENT_IN_WINDOW
RETA,2021-05-20,2021-06-04,VALID,1.0,1.0,NO_ADJUSTMENT_IN_WINDOW
ALLO,2021-05-21,2021-06-07,VALID,1.0,1.0,NO_ADJUSTMENT_IN_WINDOW
IHT,2021-05-21,2021-06-07,VALID,0.950589970501475,0.9506462984723855,NO_ADJUSTMENT_IN_WINDOW
PLCE,2021-05-21,2021-06-07,VALID,1.0,1.0,NO_ADJUSTMENT_IN_WINDOW
IHT,2021-05-24,2021-06-08,VALID,0.9506191950464397,0.9506493506493506,NO_ADJUSTMENT_IN_WINDOW
YALA,2021-05-24,2021-06-08,VALID,1.0,1.0,NO_ADJUSTMENT_IN_WINDOW
PRVB,2021-05-26,2021-06-10,VALID,1.0,1.0,NO_ADJUSTMENT_IN_WINDOW
URBN,2021-05-27,2021-06-11,VALID,1.0,1.0,NO_ADJUSTMENT_IN_WINDOW
ABTS,2021-05-28,2021-06-14,VALID,15.00015154729791,15.0,NO_ADJUSTMENT_IN_WINDOW
BTBT,2021-05-28,2021-06-14,VALID,1.0,1.0,NO_ADJUSTMENT_IN_WINDOW
LNTH,2021-05-28,2021-06-14,VALID,1.0,1.0,NO_ADJUSTMENT_IN_WINDOW
MOXC,2021-05-28,2021-06-14,VALID,1.0,1.0,NO_ADJUSTMENT_IN_WINDOW
ORGO,2021-05-28,2021-06-14,VALID,1.0,1.0,NO_ADJUSTMENT_IN_WINDOW
KOSS,2021-06-01,2021-06-15,VALID,1.0,1.0,NO_ADJUSTMENT_IN_WINDOW
YEXT,2021-06-01,2021-06-15,VALID,1.0,1.0,NO_ADJUSTMENT_IN_WINDOW
OEG,2021-06-02,2021-06-16,VALID,1.0,1.0,NO_ADJUSTMENT_IN_WINDOW
BCTX,2021-06-03,2021-06-17,VALID,150.0,150.0,NO_ADJUSTMENT_IN_WINDOW
CNST,2021-06-03,2021-06-17,VALID,1.0,1.0,NO_ADJUSTMENT_IN_WINDOW
CLNE,2021-06-07,2021-06-21,VALID,1.0,1.0,NO_ADJUSTMENT_IN_WINDOW
NCTY,2021-06-07,2021-06-21,VALID,10.0,10.0,NO_ADJUSTMENT_IN_WINDOW
CLNE,2021-06-08,2021-06-22,VALID,1.0,1.0,NO_ADJUSTMENT_IN_WINDOW
RMED,2021-06-08,2021-06-22,VALID,50.0,50.0,NO_ADJUSTMENT_IN_WINDOW
USCR,2021-06-08,2021-06-22,VALID,1.0,1.0,NO_ADJUSTMENT_IN_WINDOW
VTAK,2021-06-08,2021-06-22,VALID,9500.0,9500.0,NO_ADJUSTMENT_IN_WINDOW
NEXT,2021-06-09,2021-06-23,VALID,1.0,1.0,NO_ADJUSTMENT_IN_WINDOW
PDSB,2021-06-09,2021-06-23,VALID,1.0,1.0,NO_ADJUSTMENT_IN_WINDOW
SLQT,2021-06-09,2021-06-23,VALID,1.0,1.0,NO_ADJUSTMENT_IN_WINDOW
NCTY,2021-06-10,2021-06-24,VALID,10.0,10.0,NO_ADJUSTMENT_IN_WINDOW
ROOT,2021-06-10,2021-06-24,VALID,18.0,18.0,NO_ADJUSTMENT_IN_WINDOW
SCNX,2021-06-11,2021-06-25,VALID,9.344884488448846,9.343815513626835,SMALL_UNLISTED_FACTOR_CHANGE_<=0.2pct (dividend or raw cent-rounding noise)
CCXI,2021-06-14,2021-06-28,VALID,1.0,1.0,NO_ADJUSTMENT_IN_WINDOW
MX,2021-06-14,2021-06-28,VALID,1.0,1.0,NO_ADJUSTMENT_IN_WINDOW
RCON,2021-06-14,2021-06-28,VALID,3600.0,3599.9999999999995,NO_ADJUSTMENT_IN_WINDOW
ENOB,2021-06-15,2021-06-29,VALID,1.0,1.0,NO_ADJUSTMENT_IN_WINDOW
LNAI,2021-06-15,2021-06-29,VALID,80.0,80.0,NO_ADJUSTMENT_IN_WINDOW
TRCH,2021-06-16,2021-06-30,DATA_MISSING_EXIT,,,NO_RAW_PAIR
APRE,2021-06-17,2021-07-01,VALID,19.999999999999996,20.0,NO_ADJUSTMENT_IN_WINDOW
BCTX,2021-06-17,2021-07-01,VALID,150.0,150.0,NO_ADJUSTMENT_IN_WINDOW
KIN,2021-06-17,2021-07-01,VALID,1.0,1.0,NO_ADJUSTMENT_IN_WINDOW
HIND,2021-06-18,2021-07-02,VALID,290000.0,290000.0,NO_ADJUSTMENT_IN_WINDOW
CAI,2021-06-21,2021-07-06,VALID,0.9946236559139785,0.9946428571428572,NO_ADJUSTMENT_IN_WINDOW
FXHO,2021-06-21,2021-07-06,VALID,1250000.0,1250000.0,NO_ADJUSTMENT_IN_WINDOW
SYKE,2021-06-21,2021-07-06,VALID,1.0,1.0,NO_ADJUSTMENT_IN_WINDOW
AEI,2021-06-22,2021-07-07,VALID,20.0,20.0,NO_ADJUSTMENT_IN_WINDOW
ENOB,2021-06-22,2021-07-07,VALID,1.0,1.0,NO_ADJUSTMENT_IN_WINDOW
LDL,2021-06-22,2021-07-07,VALID,1.0,1.0,NO_ADJUSTMENT_IN_WINDOW
LNAI,2021-06-22,2021-07-07,VALID,80.0,80.0,NO_ADJUSTMENT_IN_WINDOW
RAVN,2021-06-22,2021-07-07,VALID,1.0,1.0,NO_ADJUSTMENT_IN_WINDOW
SAFM,2021-06-23,2021-07-08,VALID,0.9906389463372156,0.9906044642372237,NO_ADJUSTMENT_IN_WINDOW
ENTX,2021-06-24,2021-07-09,VALID,1.0,1.0,NO_ADJUSTMENT_IN_WINDOW
RCUS,2021-06-25,2021-07-12,VALID,1.0,1.0,NO_ADJUSTMENT_IN_WINDOW
BEAM,2021-06-29,2021-07-14,VALID,1.0,1.0,NO_ADJUSTMENT_IN_WINDOW
EDIT,2021-06-29,2021-07-14,VALID,1.0,1.0,NO_ADJUSTMENT_IN_WINDOW
HIND,2021-06-29,2021-07-14,VALID,290000.0,290000.0,NO_ADJUSTMENT_IN_WINDOW
RSLS,2021-06-29,2021-07-14,VALID,72500.0,72500.0,NO_ADJUSTMENT_IN_WINDOW
AUUD,2021-06-30,2021-07-15,VALID,3272.500810372772,3272.5,NO_ADJUSTMENT_IN_WINDOW
BSQR,2021-06-30,2021-07-15,VALID,1.0,1.0,NO_ADJUSTMENT_IN_WINDOW
DBGI,2021-06-30,2021-07-15,VALID,5000000.0,5000000.0,NO_ADJUSTMENT_IN_WINDOW
ASTS,2021-07-01,2021-07-16,VALID,1.0,1.0,NO_ADJUSTMENT_IN_WINDOW
HCM,2021-07-01,2021-07-16,VALID,1.0,1.0,NO_ADJUSTMENT_IN_WINDOW
BLIN,2021-07-02,2021-07-19,VALID,1.0,1.0,NO_ADJUSTMENT_IN_WINDOW
ALEC,2021-07-06,2021-07-20,VALID,1.0,1.0,NO_ADJUSTMENT_IN_WINDOW
CRNC,2021-07-06,2021-07-20,VALID,1.0,1.0,NO_ADJUSTMENT_IN_WINDOW
SC,2021-07-06,2021-07-20,VALID,0.9896270684119536,0.9894036471168063,SMALL_UNLISTED_FACTOR_CHANGE_<=0.2pct (dividend or raw cent-rounding noise)
NXPL,2021-07-07,2021-07-21,VALID,10.000000000000002,10.0,NO_ADJUSTMENT_IN_WINDOW
OSAT,2021-07-07,2021-07-21,VALID,1.0,1.0,NO_ADJUSTMENT_IN_WINDOW
DTST,2021-07-08,2021-07-22,VALID,1.0,1.0,NO_ADJUSTMENT_IN_WINDOW
DBGI,2021-07-09,2021-07-23,VALID,5000000.0,5000000.0,NO_ADJUSTMENT_IN_WINDOW
COHN,2021-07-12,2021-07-26,VALID,0.5332502078137988,0.5331129476584022,SMALL_UNLISTED_FACTOR_CHANGE_<=0.2pct (dividend or raw cent-rounding noise)
ASTS,2021-07-13,2021-07-27,VALID,1.0,1.0,NO_ADJUSTMENT_IN_WINDOW
CLDX,2021-07-13,2021-07-27,VALID,1.0,1.0,NO_ADJUSTMENT_IN_WINDOW
MTSL,2021-07-13,2021-07-27,VALID,1.0,1.0,NO_ADJUSTMENT_IN_WINDOW
SBET,2021-07-13,2021-07-27,VALID,240.0,239.99999999999997,NO_ADJUSTMENT_IN_WINDOW
TPST,2021-07-13,2021-07-27,VALID,13.000000000000002,13.0,NO_ADJUSTMENT_IN_WINDOW
MSEX,2021-07-14,2021-07-28,VALID,0.9021267809209167,0.90220566018733,NO_ADJUSTMENT_IN_WINDOW
NXPL,2021-07-14,2021-07-28,VALID,10.0,10.0,NO_ADJUSTMENT_IN_WINDOW
OSAT,2021-07-14,2021-07-28,VALID,1.0,1.0,NO_ADJUSTMENT_IN_WINDOW
CMP,2021-07-15,2021-07-29,VALID,0.9482352941176471,0.9482060185185186,NO_ADJUSTMENT_IN_WINDOW
AEHR,2021-07-20,2021-08-03,VALID,1.0,1.0,NO_ADJUSTMENT_IN_WINDOW
CYTK,2021-07-20,2021-08-03,VALID,1.0,1.0,NO_ADJUSTMENT_IN_WINDOW
NRXP,2021-07-20,2021-08-03,VALID,10.0,10.0,NO_ADJUSTMENT_IN_WINDOW
AEHR,2021-07-21,2021-08-04,VALID,1.0,1.0,NO_ADJUSTMENT_IN_WINDOW
IMNM,2021-07-21,2021-08-04,VALID,1.0,1.0,NO_ADJUSTMENT_IN_WINDOW
LEXX,2021-07-22,2021-08-05,VALID,15.0,15.0,NO_ADJUSTMENT_IN_WINDOW
SCNX,2021-07-22,2021-08-05,VALID,9.344954128440367,9.343629343629344,SMALL_UNLISTED_FACTOR_CHANGE_<=0.2pct (dividend or raw cent-rounding noise)
FFAI,2021-07-23,2021-08-06,VALID,1440000.0,1440000.0,NO_ADJUSTMENT_IN_WINDOW
HYFT,2021-07-23,2021-08-06,VALID,1.0,1.0,NO_ADJUSTMENT_IN_WINDOW
NRXP,2021-07-23,2021-08-06,VALID,10.0,10.0,NO_ADJUSTMENT_IN_WINDOW
ALZN,2021-07-26,2021-08-09,VALID,1350.0,1350.0,NO_ADJUSTMENT_IN_WINDOW
ANVS,2021-07-26,2021-08-09,VALID,1.0,1.0,NO_ADJUSTMENT_IN_WINDOW
SCKT,2021-07-26,2021-08-09,VALID,1.0,1.0,NO_ADJUSTMENT_IN_WINDOW
VNE,2021-07-26,2021-08-09,VALID,1.0,1.0,NO_ADJUSTMENT_IN_WINDOW
CAN,2021-07-27,2021-08-10,VALID,1.0,1.0,NO_ADJUSTMENT_IN_WINDOW
FLOW,2021-07-27,2021-08-10,VALID,0.9335035254072453,0.9336006013530443,SMALL_UNLISTED_FACTOR_CHANGE_<=0.2pct (dividend or raw cent-rounding noise)
NCTY,2021-07-27,2021-08-10,VALID,10.000000000000002,10.0,NO_ADJUSTMENT_IN_WINDOW
RBC,2021-07-27,2021-08-10,VALID,1.0,1.0,NO_ADJUSTMENT_IN_WINDOW
ROLL,2021-07-27,2021-08-10,VALID,1.0,1.0,NO_ADJUSTMENT_IN_WINDOW
SPRT,2021-07-27,2021-08-10,VALID,1.0,1.0,NO_ADJUSTMENT_IN_WINDOW
NXPL,2021-07-28,2021-08-11,VALID,10.0,10.0,NO_ADJUSTMENT_IN_WINDOW
OSAT,2021-07-28,2021-08-11,VALID,1.0,1.0,NO_ADJUSTMENT_IN_WINDOW
SPRT,2021-07-29,2021-08-12,VALID,1.0,1.0,NO_ADJUSTMENT_IN_WINDOW
YMM,2021-07-29,2021-08-12,VALID,0.9526901669758813,0.9520383693045564,SMALL_UNLISTED_FACTOR_CHANGE_<=0.2pct (dividend or raw cent-rounding noise)
HAPN,2021-07-30,2021-08-13,VALID,1.0,1.0,NO_ADJUSTMENT_IN_WINDOW
ZSTK,2021-07-30,2021-08-13,VALID,779.9994086164583,780.0,NO_ADJUSTMENT_IN_WINDOW
DLPN,2021-08-03,2021-08-17,VALID,2.0,2.0,NO_ADJUSTMENT_IN_WINDOW
ARCT,2021-08-04,2021-08-18,VALID,1.0,1.0,NO_ADJUSTMENT_IN_WINDOW
AGNT,2021-08-05,2021-08-19,VALID,0.911864406779661,0.9124160238865391,SMALL_UNLISTED_FACTOR_CHANGE_<=0.2pct (dividend or raw cent-rounding noise)
COUR,2021-08-05,2021-08-19,VALID,1.0,1.0,NO_ADJUSTMENT_IN_WINDOW
GBT,2021-08-05,2021-08-19,VALID,1.0,1.0,NO_ADJUSTMENT_IN_WINDOW
INSP,2021-08-05,2021-08-19,VALID,1.0,1.0,NO_ADJUSTMENT_IN_WINDOW
NYT,2021-08-05,2021-08-19,VALID,0.9483870967741935,0.9482687551525143,SMALL_UNLISTED_FACTOR_CHANGE_<=0.2pct (dividend or raw cent-rounding noise)
AHCO,2021-08-06,2021-08-20,VALID,1.0,1.0,NO_ADJUSTMENT_IN_WINDOW
KLIC,2021-08-06,2021-08-20,VALID,0.9223841493368266,0.9224272755708477,NO_ADJUSTMENT_IN_WINDOW
MVIS,2021-08-06,2021-08-20,VALID,14.999854638485914,15.0,NO_ADJUSTMENT_IN_WINDOW
SCR,2021-08-06,2021-08-20,VALID,1.0,1.0,NO_ADJUSTMENT_IN_WINDOW
SSYS,2021-08-06,2021-08-20,VALID,1.0,1.0,NO_ADJUSTMENT_IN_WINDOW
VNE,2021-08-06,2021-08-20,VALID,1.0,1.0,NO_ADJUSTMENT_IN_WINDOW
ZY,2021-08-06,2021-08-20,VALID,1.0,1.0,NO_ADJUSTMENT_IN_WINDOW
AUPH,2021-08-09,2021-08-23,VALID,1.0,1.0,NO_ADJUSTMENT_IN_WINDOW
CSOD,2021-08-09,2021-08-23,VALID,1.0,1.0,NO_ADJUSTMENT_IN_WINDOW
GRPN,2021-08-09,2021-08-23,VALID,1.0,1.0,NO_ADJUSTMENT_IN_WINDOW
MGNI,2021-08-09,2021-08-23,VALID,1.0,1.0,NO_ADJUSTMENT_IN_WINDOW
MVST,2021-08-09,2021-08-23,VALID,1.0,1.0,NO_ADJUSTMENT_IN_WINDOW
RAMP,2021-08-09,2021-08-23,VALID,1.0,1.0,NO_ADJUSTMENT_IN_WINDOW
SWCH,2021-08-09,2021-08-23,VALID,0.9892915980230642,0.9916666666666667,"UNLISTED_FACTOR_CHANGE_>0.2pct (dividend/special distribution/other, not in CA metadata)"
XENT,2021-08-09,2021-08-23,VALID,1.0,1.0,NO_ADJUSTMENT_IN_WINDOW
YELP,2021-08-09,2021-08-23,VALID,1.0,1.0,NO_ADJUSTMENT_IN_WINDOW
CAN,2021-08-10,2021-08-24,VALID,1.0,1.0,NO_ADJUSTMENT_IN_WINDOW
DRK,2021-08-10,2021-08-24,VALID,70.0,70.0,NO_ADJUSTMENT_IN_WINDOW
GNOG,2021-08-10,2021-08-24,VALID,1.0,1.0,NO_ADJUSTMENT_IN_WINDOW
KEEL,2021-08-10,2021-08-24,VALID,1.0,1.0,NO_ADJUSTMENT_IN_WINDOW
MVST,2021-08-10,2021-08-24,VALID,1.0,1.0,NO_ADJUSTMENT_IN_WINDOW
SPRT,2021-08-10,2021-08-24,VALID,1.0,1.0,NO_ADJUSTMENT_IN_WINDOW
ARCT,2021-08-11,2021-08-25,VALID,1.0,1.0,NO_ADJUSTMENT_IN_WINDOW
HALO,2021-08-11,2021-08-25,VALID,1.0,1.0,NO_ADJUSTMENT_IN_WINDOW
LU,2021-08-11,2021-08-25,VALID,1.5086419753086422,1.5089285714285712,SMALL_UNLISTED_FACTOR_CHANGE_<=0.2pct (dividend or raw cent-rounding noise)
ZEV,2021-08-11,2021-08-25,VALID,20.000000000000004,20.0,NO_ADJUSTMENT_IN_WINDOW
DOCS,2021-08-12,2021-08-26,VALID,1.0,1.0,NO_ADJUSTMENT_IN_WINDOW
DYAI,2021-08-12,2021-08-26,VALID,1.0,1.0,NO_ADJUSTMENT_IN_WINDOW
MDIA,2021-08-12,2021-08-26,VALID,1.0,1.0,NO_ADJUSTMENT_IN_WINDOW
MRVI,2021-08-12,2021-08-26,VALID,1.0,1.0,NO_ADJUSTMENT_IN_WINDOW
HIMS,2021-08-13,2021-08-27,VALID,1.0,1.0,NO_ADJUSTMENT_IN_WINDOW
RIDE,2021-08-13,2021-08-27,VALID,15.0,15.0,NO_ADJUSTMENT_IN_WINDOW
SONO,2021-08-13,2021-08-27,VALID,1.0,1.0,NO_ADJUSTMENT_IN_WINDOW
XONE,2021-08-13,2021-08-27,VALID,0.8344883815735833,0.8347790169351508,SMALL_UNLISTED_FACTOR_CHANGE_<=0.2pct (dividend or raw cent-rounding noise)
PPC,2021-08-16,2021-08-30,VALID,0.8472527472527472,0.8471521268925739,SMALL_UNLISTED_FACTOR_CHANGE_<=0.2pct (dividend or raw cent-rounding noise)
SPRT,2021-08-16,2021-08-30,VALID,1.0,1.0,NO_ADJUSTMENT_IN_WINDOW
TVTX,2021-08-17,2021-08-31,VALID,1.0,1.0,NO_ADJUSTMENT_IN_WINDOW
JOBY,2021-08-18,2021-09-01,VALID,1.0,1.0,NO_ADJUSTMENT_IN_WINDOW
MNDY,2021-08-18,2021-09-01,VALID,1.0,1.0,NO_ADJUSTMENT_IN_WINDOW
ALC,2021-08-19,2021-09-02,VALID,0.987631184407796,0.9875724937862469,NO_ADJUSTMENT_IN_WINDOW
DLO,2021-08-20,2021-09-03,VALID,0.9373210788006628,0.9373252905693689,NO_ADJUSTMENT_IN_WINDOW
SNOA,2021-08-20,2021-09-03,VALID,20.0,20.0,NO_ADJUSTMENT_IN_WINDOW
GOVX,2021-08-23,2021-09-07,VALID,375.0,375.0,NO_ADJUSTMENT_IN_WINDOW
QFIN,2021-08-23,2021-09-07,VALID,0.7357310897955375,0.7359208523592085,SMALL_UNLISTED_FACTOR_CHANGE_<=0.2pct (dividend or raw cent-rounding noise)
ALXO,2021-08-24,2021-09-08,VALID,1.0,1.0,NO_ADJUSTMENT_IN_WINDOW
AXSM,2021-08-24,2021-09-08,VALID,1.0,1.0,NO_ADJUSTMENT_IN_WINDOW
TRIL,2021-08-24,2021-09-08,VALID,1.0,1.0,NO_ADJUSTMENT_IN_WINDOW
VVOS,2021-08-24,2021-09-08,VALID,25.0,25.0,NO_ADJUSTMENT_IN_WINDOW
TVRD,2021-08-25,2021-09-09,VALID,36.0,36.0,NO_ADJUSTMENT_IN_WINDOW
OPCH,2021-08-26,2021-09-10,VALID,1.0,1.0,NO_ADJUSTMENT_IN_WINDOW
RGC,2021-08-26,2021-09-10,VALID,0.026316359696641384,0.0263159893657425,NO_ADJUSTMENT_IN_WINDOW
ASND,2021-08-27,2021-09-13,VALID,1.0,1.0,NO_ADJUSTMENT_IN_WINDOW
NRXP,2021-08-27,2021-09-13,VALID,10.0,10.0,NO_ADJUSTMENT_IN_WINDOW
P,2021-08-27,2021-09-13,VALID,1.0,1.0,NO_ADJUSTMENT_IN_WINDOW
RIDE,2021-08-27,2021-09-13,VALID,15.000787277594078,15.0,NO_ADJUSTMENT_IN_WINDOW
ATER,2021-08-31,2021-09-15,VALID,12.0,12.0,NO_ADJUSTMENT_IN_WINDOW
KPLT,2021-08-31,2021-09-15,VALID,25.0,25.0,NO_ADJUSTMENT_IN_WINDOW
MQ,2021-08-31,2021-09-15,VALID,4.0,4.0,NO_ADJUSTMENT_IN_WINDOW
ROOT,2021-08-31,2021-09-15,VALID,18.00024985165058,18.0,NO_ADJUSTMENT_IN_WINDOW
ACIU,2021-09-01,2021-09-16,VALID,1.0,1.0,NO_ADJUSTMENT_IN_WINDOW
AMBA,2021-09-02,2021-09-17,VALID,1.0,1.0,NO_ADJUSTMENT_IN_WINDOW
GSM,2021-09-03,2021-09-20,VALID,0.9641884816753926,0.9641791044776119,NO_ADJUSTMENT_IN_WINDOW
APOP,2021-09-07,2021-09-21,VALID,4.0,4.0,NO_ADJUSTMENT_IN_WINDOW
PD,2021-09-07,2021-09-21,VALID,1.0,1.0,NO_ADJUSTMENT_IN_WINDOW
QNRX,2021-09-07,2021-09-21,VALID,21000.0,21000.0,NO_ADJUSTMENT_IN_WINDOW
CXP,2021-09-08,2021-09-22,VALID,1.0,1.0,NO_ADJUSTMENT_IN_WINDOW
RKLB,2021-09-08,2021-09-22,VALID,1.0,1.0,NO_ADJUSTMENT_IN_WINDOW
ICUI,2021-09-09,2021-09-23,VALID,1.0,1.0,NO_ADJUSTMENT_IN_WINDOW
KDMN,2021-09-09,2021-09-23,VALID,1.0,1.0,NO_ADJUSTMENT_IN_WINDOW
LOVE,2021-09-10,2021-09-24,VALID,1.0,1.0,NO_ADJUSTMENT_IN_WINDOW
PLAY,2021-09-13,2021-09-27,VALID,1.0,1.0,NO_ADJUSTMENT_IN_WINDOW
ATYR,2021-09-14,2021-09-28,VALID,1.0,1.0,NO_ADJUSTMENT_IN_WINDOW
IRTC,2021-09-14,2021-09-28,VALID,1.0,1.0,NO_ADJUSTMENT_IN_WINDOW
LIFE,2021-09-14,2021-09-28,VALID,1.0,1.0,NO_ADJUSTMENT_IN_WINDOW
RGNX,2021-09-14,2021-09-28,VALID,1.0,1.0,NO_ADJUSTMENT_IN_WINDOW
GSKY,2021-09-16,2021-09-30,VALID,1.0,1.0,NO_ADJUSTMENT_IN_WINDOW
INDP,2021-09-16,2021-09-30,VALID,28.0,28.0,NO_ADJUSTMENT_IN_WINDOW
IPHA,2021-09-16,2021-09-30,VALID,1.0,1.0,NO_ADJUSTMENT_IN_WINDOW
TMC,2021-09-17,2021-10-01,VALID,1.0,1.0,NO_ADJUSTMENT_IN_WINDOW
ABCL,2021-09-20,2021-10-04,VALID,1.0,1.0,NO_ADJUSTMENT_IN_WINDOW
CRVS,2021-09-20,2021-10-04,VALID,1.0,1.0,NO_ADJUSTMENT_IN_WINDOW
HLBZ,2021-09-20,2021-10-04,VALID,50.0,50.0,NO_ADJUSTMENT_IN_WINDOW
IPHA,2021-09-20,2021-10-04,VALID,1.0,1.0,NO_ADJUSTMENT_IN_WINDOW
EDSA,2021-09-21,2021-10-05,VALID,7.0,7.0,NO_ADJUSTMENT_IN_WINDOW
NNVC,2021-09-22,2021-10-06,VALID,1.0,1.0,NO_ADJUSTMENT_IN_WINDOW
AEMD,2021-09-23,2021-10-07,VALID,40000.0,40000.0,NO_ADJUSTMENT_IN_WINDOW
TRAW,2021-09-23,2021-10-07,VALID,25.0,25.0,NO_ADJUSTMENT_IN_WINDOW
MRM,2021-09-24,2021-10-08,VALID,1.0,1.0,NO_ADJUSTMENT_IN_WINDOW
AEHR,2021-09-27,2021-10-11,VALID,1.0,1.0,NO_ADJUSTMENT_IN_WINDOW
MDP,2021-09-27,2021-10-11,VALID,1.0,1.0,NO_ADJUSTMENT_IN_WINDOW
APOP,2021-09-28,2021-10-12,VALID,1.0,1.0,NO_ADJUSTMENT_IN_WINDOW
QNRX,2021-09-28,2021-10-12,VALID,5250.0,5250.000000000001,NO_ADJUSTMENT_IN_WINDOW
GOGO,2021-09-29,2021-10-13,VALID,1.0,1.0,NO_ADJUSTMENT_IN_WINDOW
AMTX,2021-10-01,2021-10-15,VALID,1.0,1.0,NO_ADJUSTMENT_IN_WINDOW
OPRX,2021-10-01,2021-10-15,VALID,1.0,1.0,NO_ADJUSTMENT_IN_WINDOW
AVIR,2021-10-04,2021-10-18,VALID,1.0,1.0,NO_ADJUSTMENT_IN_WINDOW
BMRA,2021-10-04,2021-10-18,VALID,8.0,8.0,NO_ADJUSTMENT_IN_WINDOW
KEEL,2021-10-04,2021-10-18,VALID,1.0,1.0,NO_ADJUSTMENT_IN_WINDOW
NEO,2021-10-04,2021-10-18,VALID,1.0,1.0,NO_ADJUSTMENT_IN_WINDOW
RIDE,2021-10-04,2021-10-18,VALID,14.999999999999998,15.0,NO_ADJUSTMENT_IN_WINDOW
RYM,2021-10-06,2021-10-20,VALID,2999.9999999999995,3000.0,NO_ADJUSTMENT_IN_WINDOW
AZPN,2021-10-08,2021-10-22,VALID,1.0,1.0,NO_ADJUSTMENT_IN_WINDOW
NFE,2021-10-08,2021-10-22,VALID,44.4981981981982,44.49795017344686,NO_ADJUSTMENT_IN_WINDOW
GWH,2021-10-13,2021-10-27,VALID,15.000000000000002,15.0,NO_ADJUSTMENT_IN_WINDOW
JSPR,2021-10-14,2021-10-28,VALID,10.0,9.999999999999998,NO_ADJUSTMENT_IN_WINDOW
PENG,2021-10-14,2021-10-28,VALID,0.5,0.5000932314003356,SMALL_UNLISTED_FACTOR_CHANGE_<=0.2pct (dividend or raw cent-rounding noise)
GRVI,2021-10-15,2021-10-29,VALID,1.0,1.0,NO_ADJUSTMENT_IN_WINDOW
NRXP,2021-10-15,2021-10-29,VALID,10.000000000000002,9.999999999999998,NO_ADJUSTMENT_IN_WINDOW
OPAD,2021-10-15,2021-10-29,VALID,149.99999999999997,150.0,NO_ADJUSTMENT_IN_WINDOW
UPXI,2021-10-15,2021-10-29,VALID,19.999678073592378,20.0,NO_ADJUSTMENT_IN_WINDOW
SNOA,2021-10-18,2021-11-01,VALID,20.0,20.0,NO_ADJUSTMENT_IN_WINDOW
RDUS,2021-10-21,2021-11-04,VALID,0.9340845070422534,0.9343269678621332,SMALL_UNLISTED_FACTOR_CHANGE_<=0.2pct (dividend or raw cent-rounding noise)
AHG,2021-10-22,2021-11-05,VALID,1.0,1.0,NO_ADJUSTMENT_IN_WINDOW
HX,2021-10-22,2021-11-05,VALID,1.0,1.0,NO_ADJUSTMENT_IN_WINDOW
BE,2021-10-26,2021-11-09,VALID,1.0,1.0,NO_ADJUSTMENT_IN_WINDOW
BKKT,2021-10-26,2021-11-09,VALID,24.999999999999996,25.0,NO_ADJUSTMENT_IN_WINDOW
IBN,2021-10-26,2021-11-09,VALID,0.9672280382339554,0.967314069161535,NO_ADJUSTMENT_IN_WINDOW
BRPM,2021-10-27,2021-11-10,VALID,1.0,1.0,NO_ADJUSTMENT_IN_WINDOW
LIDR,2021-10-27,2021-11-10,VALID,30.0,30.000000000000004,NO_ADJUSTMENT_IN_WINDOW
MEDP,2021-10-27,2021-11-10,VALID,1.0,1.0,NO_ADJUSTMENT_IN_WINDOW
WBX,2021-10-27,2021-11-10,VALID,20.0,19.999999999999996,NO_ADJUSTMENT_IN_WINDOW
MXL,2021-10-29,2021-11-12,VALID,1.0,1.0,NO_ADJUSTMENT_IN_WINDOW
CADE,2021-11-01,2021-11-15,VALID,0.8693433140523987,0.8692307692307693,SMALL_UNLISTED_FACTOR_CHANGE_<=0.2pct (dividend or raw cent-rounding noise)
WBX,2021-11-01,2021-11-15,VALID,20.0,20.0,NO_ADJUSTMENT_IN_WINDOW
ABVC,2021-11-02,2021-11-16,VALID,10.0,10.000000000000002,NO_ADJUSTMENT_IN_WINDOW
JOBS,2021-11-03,2021-11-17,VALID,1.0,1.0,NO_ADJUSTMENT_IN_WINDOW
ROG,2021-11-03,2021-11-17,VALID,1.0,1.0,NO_ADJUSTMENT_IN_WINDOW
UA,2021-11-03,2021-11-17,VALID,1.0,1.0,NO_ADJUSTMENT_IN_WINDOW
WIMI,2021-11-03,2021-11-17,VALID,20.0,19.999999999999996,NO_ADJUSTMENT_IN_WINDOW
ACH,2021-11-04,2021-11-18,VALID,1.0,1.0,NO_ADJUSTMENT_IN_WINDOW
CDLX,2021-11-04,2021-11-18,VALID,10.0,10.0,NO_ADJUSTMENT_IN_WINDOW
CPRI,2021-11-04,2021-11-18,VALID,1.0,1.0,NO_ADJUSTMENT_IN_WINDOW
GKOS,2021-11-04,2021-11-18,VALID,1.0,1.0,NO_ADJUSTMENT_IN_WINDOW
HUDI,2021-11-04,2021-11-18,VALID,1.0,1.0,NO_ADJUSTMENT_IN_WINDOW
IRTC,2021-11-04,2021-11-18,VALID,1.0,1.0,NO_ADJUSTMENT_IN_WINDOW
PRG,2021-11-04,2021-11-18,VALID,0.9584745762711864,0.9585578118524658,NO_ADJUSTMENT_IN_WINDOW
RRD,2021-11-04,2021-11-18,VALID,1.0,1.0,NO_ADJUSTMENT_IN_WINDOW
AUR,2021-11-05,2021-11-19,VALID,1.0,1.0,NO_ADJUSTMENT_IN_WINDOW
EVAX,2021-11-05,2021-11-19,VALID,50.0,50.0,NO_ADJUSTMENT_IN_WINDOW
GDDY,2021-11-05,2021-11-19,VALID,1.0,1.0,NO_ADJUSTMENT_IN_WINDOW
MAXR,2021-11-05,2021-11-19,VALID,0.9978260869565218,0.9979953224189777,SMALL_UNLISTED_FACTOR_CHANGE_<=0.2pct (dividend or raw cent-rounding noise)
NPTN,2021-11-05,2021-11-19,VALID,1.0,1.0,NO_ADJUSTMENT_IN_WINDOW
PLNT,2021-11-05,2021-11-19,VALID,1.0,1.0,NO_ADJUSTMENT_IN_WINDOW
RPD,2021-11-05,2021-11-19,VALID,1.0,1.0,NO_ADJUSTMENT_IN_WINDOW
SSYS,2021-11-05,2021-11-19,VALID,1.0,1.0,NO_ADJUSTMENT_IN_WINDOW
WBX,2021-11-05,2021-11-19,VALID,20.0,20.0,NO_ADJUSTMENT_IN_WINDOW
AMN,2021-11-08,2021-11-22,VALID,1.0,1.0,NO_ADJUSTMENT_IN_WINDOW
ASTH,2021-11-08,2021-11-22,VALID,1.0,1.0,NO_ADJUSTMENT_IN_WINDOW
CDXS,2021-11-08,2021-11-22,VALID,1.0,1.0,NO_ADJUSTMENT_IN_WINDOW
CMRC,2021-11-08,2021-11-22,VALID,1.0,1.0,NO_ADJUSTMENT_IN_WINDOW
FROG,2021-11-08,2021-11-22,VALID,1.0,1.0,NO_ADJUSTMENT_IN_WINDOW
GOOS,2021-11-08,2021-11-22,VALID,1.0,1.0,NO_ADJUSTMENT_IN_WINDOW
GPRO,2021-11-08,2021-11-22,VALID,1.0,1.0,NO_ADJUSTMENT_IN_WINDOW
GT,2021-11-08,2021-11-22,VALID,1.0,1.0,NO_ADJUSTMENT_IN_WINDOW
IHRT,2021-11-08,2021-11-22,VALID,1.0,1.0,NO_ADJUSTMENT_IN_WINDOW
NWSA,2021-11-08,2021-11-22,VALID,0.9570552147239263,0.9572192513368983,SMALL_UNLISTED_FACTOR_CHANGE_<=0.2pct (dividend or raw cent-rounding noise)
SYNA,2021-11-08,2021-11-22,VALID,1.0,1.0,NO_ADJUSTMENT_IN_WINDOW
BLNK,2021-11-09,2021-11-23,VALID,1.0,1.0,NO_ADJUSTMENT_IN_WINDOW
EVGO,2021-11-09,2021-11-23,VALID,1.0,1.0,NO_ADJUSTMENT_IN_WINDOW
IONQ,2021-11-09,2021-11-23,VALID,1.0,1.0,NO_ADJUSTMENT_IN_WINDOW
PTRA,2021-11-09,2021-11-23,VALID,1.0,1.0,NO_ADJUSTMENT_IN_WINDOW
VLTA,2021-11-09,2021-11-23,VALID,1.0,1.0,NO_ADJUSTMENT_IN_WINDOW
ATER,2021-11-10,2021-11-24,VALID,12.000000000000002,12.0,NO_ADJUSTMENT_IN_WINDOW
ENVX,2021-11-10,2021-11-24,VALID,1.0,1.0,NO_ADJUSTMENT_IN_WINDOW
NEWR,2021-11-10,2021-11-24,VALID,1.0,1.0,NO_ADJUSTMENT_IN_WINDOW
REAL,2021-11-10,2021-11-24,VALID,1.0,1.0,NO_ADJUSTMENT_IN_WINDOW
PUBM,2021-11-11,2021-11-26,VALID,1.0,1.0,NO_ADJUSTMENT_IN_WINDOW
RNXT,2021-11-11,2021-11-26,VALID,1.0,1.0,NO_ADJUSTMENT_IN_WINDOW
SAIL,2021-11-11,2021-11-26,VALID,1.0,1.0,NO_ADJUSTMENT_IN_WINDOW
CELH,2021-11-12,2021-11-29,VALID,0.33329847312277766,0.33328623905057925,NO_ADJUSTMENT_IN_WINDOW
DUOL,2021-11-12,2021-11-29,VALID,1.0,1.0,NO_ADJUSTMENT_IN_WINDOW
FOSL,2021-11-12,2021-11-29,VALID,1.0,1.0,NO_ADJUSTMENT_IN_WINDOW
RIDE,2021-11-12,2021-11-29,VALID,15.0,15.000000000000002,NO_ADJUSTMENT_IN_WINDOW
ROOT,2021-11-12,2021-11-29,VALID,18.0,18.0,NO_ADJUSTMENT_IN_WINDOW
ZIP,2021-11-12,2021-11-29,VALID,1.0,1.0,NO_ADJUSTMENT_IN_WINDOW
MRAM,2021-11-15,2021-11-30,VALID,1.0,1.0,NO_ADJUSTMENT_IN_WINDOW
AXON,2021-11-17,2021-12-02,VALID,1.0,1.0,NO_ADJUSTMENT_IN_WINDOW
PLBY,2021-11-17,2021-12-02,VALID,1.0,1.0,NO_ADJUSTMENT_IN_WINDOW
PRCH,2021-11-17,2021-12-02,VALID,1.0,1.0,NO_ADJUSTMENT_IN_WINDOW
BTLN,2021-11-18,2021-12-03,VALID,8.000116036203295,8.0,NO_ADJUSTMENT_IN_WINDOW
CPA,2021-11-19,2021-12-06,VALID,0.8195522483802682,0.8195468561469366,NO_ADJUSTMENT_IN_WINDOW
DRNA,2021-11-19,2021-12-06,VALID,1.0,1.0,NO_ADJUSTMENT_IN_WINDOW
LGVN,2021-11-19,2021-12-06,VALID,100.0,100.0,NO_ADJUSTMENT_IN_WINDOW
WEJOQ,2021-11-19,2021-12-06,VALID,1.0,1.0,NO_ADJUSTMENT_IN_WINDOW
ZTO,2021-11-19,2021-12-06,VALID,0.8891671884783969,0.8893528183716075,SMALL_UNLISTED_FACTOR_CHANGE_<=0.2pct (dividend or raw cent-rounding noise)
GTEC,2021-11-22,2021-12-07,VALID,1.0,1.0,NO_ADJUSTMENT_IN_WINDOW
UWMC,2021-11-22,2021-12-07,VALID,0.6721439749608764,0.6721030042918456,NO_ADJUSTMENT_IN_WINDOW
ISPC,2021-11-23,2021-12-08,VALID,800.0,800.0,NO_ADJUSTMENT_IN_WINDOW
ISPC,2021-11-24,2021-12-09,VALID,800.0,800.0,NO_ADJUSTMENT_IN_WINDOW
KTTA,2021-11-24,2021-12-09,VALID,20.0,20.0,NO_ADJUSTMENT_IN_WINDOW
ORMP,2021-11-26,2021-12-10,VALID,0.9321052631578948,0.9322459222082811,SMALL_UNLISTED_FACTOR_CHANGE_<=0.2pct (dividend or raw cent-rounding noise)
SLI,2021-11-26,2021-12-10,VALID,1.0,1.0,NO_ADJUSTMENT_IN_WINDOW
VIR,2021-11-29,2021-12-13,VALID,1.0,1.0,NO_ADJUSTMENT_IN_WINDOW
ADGI,2021-11-30,2021-12-14,VALID,1.0,1.0,NO_ADJUSTMENT_IN_WINDOW
IVVD,2021-11-30,2021-12-14,VALID,1.0,1.0,NO_ADJUSTMENT_IN_WINDOW
KRYS,2021-11-30,2021-12-14,VALID,1.0,1.0,NO_ADJUSTMENT_IN_WINDOW
NRXP,2021-11-30,2021-12-14,VALID,10.0,10.0,NO_ADJUSTMENT_IN_WINDOW
CPIX,2021-12-01,2021-12-15,VALID,0.7890776699029126,0.7891489361702128,NO_ADJUSTMENT_IN_WINDOW
VIR,2021-12-01,2021-12-15,VALID,1.0,1.0,NO_ADJUSTMENT_IN_WINDOW
BOX,2021-12-02,2021-12-16,VALID,1.0,1.0,NO_ADJUSTMENT_IN_WINDOW
CNTX,2021-12-02,2021-12-16,VALID,1.0,1.0,NO_ADJUSTMENT_IN_WINDOW
CFVI,2021-12-03,2021-12-17,VALID,1.0,1.0,NO_ADJUSTMENT_IN_WINDOW
RUM,2021-12-03,2021-12-17,VALID,1.0,1.0,NO_ADJUSTMENT_IN_WINDOW
VIR,2021-12-03,2021-12-17,VALID,1.0,1.0,NO_ADJUSTMENT_IN_WINDOW
PRCH,2021-12-06,2021-12-20,VALID,1.0,1.0,NO_ADJUSTMENT_IN_WINDOW
ACET,2021-12-07,2021-12-21,VALID,16.0,16.0,NO_ADJUSTMENT_IN_WINDOW
GCP,2021-12-07,2021-12-21,VALID,1.0,1.0,NO_ADJUSTMENT_IN_WINDOW
ISIG,2021-12-07,2021-12-21,VALID,1.0,1.0,NO_ADJUSTMENT_IN_WINDOW
TULP,2021-12-07,2021-12-21,VALID,1.0,1.0,NO_ADJUSTMENT_IN_WINDOW
ACAD,2021-12-08,2021-12-22,VALID,1.0,1.0,NO_ADJUSTMENT_IN_WINDOW
GEVO,2021-12-08,2021-12-22,VALID,1.0,1.0,NO_ADJUSTMENT_IN_WINDOW
JMIA,2021-12-08,2021-12-22,VALID,1.0,1.0,NO_ADJUSTMENT_IN_WINDOW
MNTV,2021-12-08,2021-12-22,VALID,1.0,1.0,NO_ADJUSTMENT_IN_WINDOW
SWAG,2021-12-08,2021-12-22,VALID,1.0,1.0,NO_ADJUSTMENT_IN_WINDOW
HCP,2021-12-10,2021-12-27,VALID,1.0,1.0,NO_ADJUSTMENT_IN_WINDOW
CNTX,2021-12-13,2021-12-28,VALID,1.0,1.0,NO_ADJUSTMENT_IN_WINDOW
RADI,2021-12-13,2021-12-28,VALID,1.0,1.0,NO_ADJUSTMENT_IN_WINDOW
FHTX,2021-12-14,2021-12-29,VALID,1.0,1.0,NO_ADJUSTMENT_IN_WINDOW
HOG,2021-12-14,2021-12-29,VALID,0.8984168865435356,0.8983413590155163,NO_ADJUSTMENT_IN_WINDOW
TMX,2021-12-15,2021-12-30,VALID,1.0,1.0,NO_ADJUSTMENT_IN_WINDOW
CCMP,2021-12-16,2021-12-31,VALID,0.9950782302352087,0.9975481245761386,"UNLISTED_FACTOR_CHANGE_>0.2pct (dividend/special distribution/other, not in CA metadata)"
EPAY,2021-12-20,2022-01-04,VALID,1.0,1.0,NO_ADJUSTMENT_IN_WINDOW
SPRB,2021-12-20,2022-01-04,VALID,1.0,1.0,NO_ADJUSTMENT_IN_WINDOW
BRG,2021-12-21,2022-01-05,VALID,0.9815094339622642,0.9875939849624059,"UNLISTED_FACTOR_CHANGE_>0.2pct (dividend/special distribution/other, not in CA metadata)"
BRZE,2021-12-22,2022-01-06,VALID,1.0,1.0,NO_ADJUSTMENT_IN_WINDOW
EMBJ,2021-12-22,2022-01-06,VALID,0.9888613861386139,0.9886634844868735,SMALL_UNLISTED_FACTOR_CHANGE_<=0.2pct (dividend or raw cent-rounding noise)
EZRA,2021-12-22,2022-01-06,VALID,9894.0,9894.0,NO_ADJUSTMENT_IN_WINDOW
ENSC,2021-12-27,2022-01-10,VALID,3600.0000000000005,3600.0,NO_ADJUSTMENT_IN_WINDOW
MBOT,2021-12-28,2022-01-11,VALID,1.0,1.0,NO_ADJUSTMENT_IN_WINDOW
EZRA,2021-12-29,2022-01-12,VALID,9893.999999999998,9894.000000000002,NO_ADJUSTMENT_IN_WINDOW
CALX,2021-12-30,2022-01-13,VALID,1.0,1.0,NO_ADJUSTMENT_IN_WINDOW
EZRA,2021-12-31,2022-01-14,VALID,9894.0,9894.0,NO_ADJUSTMENT_IN_WINDOW
NTRB,2022-01-03,2022-01-18,VALID,0.8571265678449259,0.8571428571428571,NO_ADJUSTMENT_IN_WINDOW
ISPC,2022-01-05,2022-01-20,VALID,800.0,800.0,NO_ADJUSTMENT_IN_WINDOW
LGVN,2022-01-06,2022-01-21,VALID,100.0,100.0,NO_ADJUSTMENT_IN_WINDOW
VCRA,2022-01-07,2022-01-24,VALID,1.0,1.0,NO_ADJUSTMENT_IN_WINDOW
DCT,2022-01-10,2022-01-25,VALID,1.0,1.0,NO_ADJUSTMENT_IN_WINDOW
APR,2022-01-11,2022-01-26,VALID,1.0,1.0,NO_ADJUSTMENT_IN_WINDOW
BTCS,2022-01-14,2022-01-31,VALID,0.989,0.9890151515151515,NO_ADJUSTMENT_IN_WINDOW
ISPC,2022-01-14,2022-01-31,VALID,800.0,800.0,NO_ADJUSTMENT_IN_WINDOW
QUCY,2022-01-19,2022-02-02,VALID,40.0,40.0,NO_ADJUSTMENT_IN_WINDOW
ZGNX,2022-01-20,2022-02-03,VALID,1.0,1.0,NO_ADJUSTMENT_IN_WINDOW
BALY,2022-01-26,2022-02-09,VALID,1.0,1.0,NO_ADJUSTMENT_IN_WINDOW
SRRA,2022-01-26,2022-02-09,VALID,1.0,1.0,NO_ADJUSTMENT_IN_WINDOW
JKS,2022-01-27,2022-02-10,VALID,0.7706976744186047,0.7705375843611822,SMALL_UNLISTED_FACTOR_CHANGE_<=0.2pct (dividend or raw cent-rounding noise)
LRN,2022-01-27,2022-02-10,VALID,1.0,1.0,NO_ADJUSTMENT_IN_WINDOW
EEFT,2022-01-28,2022-02-11,VALID,1.0,1.0,NO_ADJUSTMENT_IN_WINDOW
HZO,2022-01-28,2022-02-11,VALID,1.0,1.0,NO_ADJUSTMENT_IN_WINDOW
LKFT,2022-01-28,2022-02-11,VALID,1.0,1.0,NO_ADJUSTMENT_IN_WINDOW
CLFD,2022-01-31,2022-02-14,VALID,1.0,1.0,NO_ADJUSTMENT_IN_WINDOW
ATI,2022-02-03,2022-02-17,VALID,1.0,1.0,NO_ADJUSTMENT_IN_WINDOW
EAT,2022-02-03,2022-02-17,VALID,1.0,1.0,NO_ADJUSTMENT_IN_WINDOW
AGCO,2022-02-09,2022-02-24,VALID,0.8621091927204851,0.8634055517941773,SMALL_UNLISTED_FACTOR_CHANGE_<=0.2pct (dividend or raw cent-rounding noise)
HOG,2022-02-09,2022-02-24,VALID,0.8983131385127109,0.898406374501992,SMALL_UNLISTED_FACTOR_CHANGE_<=0.2pct (dividend or raw cent-rounding noise)
TDC,2022-02-09,2022-02-24,VALID,1.0,1.0,NO_ADJUSTMENT_IN_WINDOW
ECOL,2022-02-10,2022-02-25,VALID,1.0,1.0,NO_ADJUSTMENT_IN_WINDOW
NCR,2022-02-10,2022-02-25,VALID,1.0,1.0,NO_ADJUSTMENT_IN_WINDOW
PFGC,2022-02-10,2022-02-25,VALID,1.0,1.0,NO_ADJUSTMENT_IN_WINDOW
VYX,2022-02-10,2022-02-25,VALID,1.0,1.0,NO_ADJUSTMENT_IN_WINDOW
BRCC,2022-02-14,2022-03-01,VALID,10.0,10.0,NO_ADJUSTMENT_IN_WINDOW
RARE,2022-02-14,2022-03-01,VALID,1.0,1.0,NO_ADJUSTMENT_IN_WINDOW
XPEL,2022-02-14,2022-03-01,VALID,1.0,1.0,NO_ADJUSTMENT_IN_WINDOW
ZG,2022-02-14,2022-03-01,VALID,1.0,1.0,NO_ADJUSTMENT_IN_WINDOW
BDSI,2022-02-15,2022-03-02,VALID,1.0,1.0,NO_ADJUSTMENT_IN_WINDOW
MGI,2022-02-16,2022-03-03,VALID,1.0,1.0,NO_ADJUSTMENT_IN_WINDOW
TSEM,2022-02-16,2022-03-03,VALID,1.0,1.0,NO_ADJUSTMENT_IN_WINDOW
CRSR,2022-02-17,2022-03-04,VALID,1.0,1.0,NO_ADJUSTMENT_IN_WINDOW
ACVA,2022-02-18,2022-03-07,VALID,1.0,1.0,NO_ADJUSTMENT_IN_WINDOW
GLBE,2022-02-18,2022-03-07,VALID,1.0,1.0,NO_ADJUSTMENT_IN_WINDOW
KNBE,2022-02-18,2022-03-07,VALID,1.0,1.0,NO_ADJUSTMENT_IN_WINDOW
TNET,2022-02-18,2022-03-07,VALID,0.9565669400485157,0.9565720903300521,NO_ADJUSTMENT_IN_WINDOW
AMN,2022-02-22,2022-03-08,VALID,1.0,1.0,NO_ADJUSTMENT_IN_WINDOW
APPN,2022-02-22,2022-03-08,VALID,1.0,1.0,NO_ADJUSTMENT_IN_WINDOW
CGNX,2022-02-22,2022-03-08,VALID,0.9685823754789272,0.969406674907293,SMALL_UNLISTED_FACTOR_CHANGE_<=0.2pct (dividend or raw cent-rounding noise)
NRGV,2022-02-22,2022-03-08,VALID,1.0,1.0,NO_ADJUSTMENT_IN_WINDOW
HMHC,2022-02-23,2022-03-09,VALID,1.0,1.0,NO_ADJUSTMENT_IN_WINDOW
MTOR,2022-02-23,2022-03-09,VALID,1.0,1.0,NO_ADJUSTMENT_IN_WINDOW
INDO,2022-02-24,2022-03-10,VALID,1.0,1.0,NO_ADJUSTMENT_IN_WINDOW
REGI,2022-02-24,2022-03-10,VALID,1.0,1.0,NO_ADJUSTMENT_IN_WINDOW
SKIN,2022-02-24,2022-03-10,VALID,1.0,1.0,NO_ADJUSTMENT_IN_WINDOW
LNTH,2022-02-25,2022-03-11,VALID,1.0,1.0,NO_ADJUSTMENT_IN_WINDOW
SJI,2022-02-25,2022-03-11,VALID,0.9647563591786699,0.9647160068846816,NO_ADJUSTMENT_IN_WINDOW
ABCL,2022-02-28,2022-03-14,VALID,1.0,1.0,NO_ADJUSTMENT_IN_WINDOW
CARG,2022-02-28,2022-03-14,VALID,1.0,1.0,NO_ADJUSTMENT_IN_WINDOW
CRI,2022-02-28,2022-03-14,VALID,0.8210515313055293,0.827589979214528,"UNLISTED_FACTOR_CHANGE_>0.2pct (dividend/special distribution/other, not in CA metadata)"
OPLN,2022-02-28,2022-03-14,VALID,1.0,1.0,NO_ADJUSTMENT_IN_WINDOW
PLTK,2022-02-28,2022-03-14,VALID,0.8588516746411483,0.8584905660377359,SMALL_UNLISTED_FACTOR_CHANGE_<=0.2pct (dividend or raw cent-rounding noise)
TREE,2022-02-28,2022-03-14,VALID,1.0,1.0,NO_ADJUSTMENT_IN_WINDOW
INDO,2022-03-01,2022-03-15,VALID,1.0,1.0,NO_ADJUSTMENT_IN_WINDOW
REGI,2022-03-01,2022-03-15,VALID,1.0,1.0,NO_ADJUSTMENT_IN_WINDOW
DDD,2022-03-02,2022-03-16,VALID,1.0,1.0,NO_ADJUSTMENT_IN_WINDOW
EDIT,2022-03-02,2022-03-16,VALID,1.0,1.0,NO_ADJUSTMENT_IN_WINDOW
JOBS,2022-03-02,2022-03-16,VALID,1.0,1.0,NO_ADJUSTMENT_IN_WINDOW
TASK,2022-03-02,2022-03-16,VALID,0.6516148325358851,0.6517520215633423,SMALL_UNLISTED_FACTOR_CHANGE_<=0.2pct (dividend or raw cent-rounding noise)
IQ,2022-03-03,2022-03-17,VALID,1.0,1.0,NO_ADJUSTMENT_IN_WINDOW
SGMS,2022-03-03,2022-03-17,VALID,1.0,1.0,NO_ADJUSTMENT_IN_WINDOW
AI,2022-03-04,2022-03-18,VALID,1.0,1.0,NO_ADJUSTMENT_IN_WINDOW
CAN,2022-03-04,2022-03-18,VALID,1.0,1.0,NO_ADJUSTMENT_IN_WINDOW
IOT,2022-03-04,2022-03-18,VALID,1.0,1.0,NO_ADJUSTMENT_IN_WINDOW
SG,2022-03-07,2022-03-21,VALID,1.0,1.0,NO_ADJUSTMENT_IN_WINDOW
CRNC,2022-03-08,2022-03-22,VALID,1.0,1.0,NO_ADJUSTMENT_IN_WINDOW
BSIN,2022-03-09,2022-03-23,VALID,0.9549152542372882,0.9548623853211008,NO_ADJUSTMENT_IN_WINDOW
IOT,2022-03-09,2022-03-23,VALID,1.0,1.0,NO_ADJUSTMENT_IN_WINDOW
MXC,2022-03-09,2022-03-23,VALID,0.9577777777777778,0.95752688172043,SMALL_UNLISTED_FACTOR_CHANGE_<=0.2pct (dividend or raw cent-rounding noise)
ASTS,2022-03-10,2022-03-24,VALID,1.0,1.0,NO_ADJUSTMENT_IN_WINDOW
FIGS,2022-03-10,2022-03-24,VALID,1.0,1.0,NO_ADJUSTMENT_IN_WINDOW
STLA,2022-03-10,2022-03-24,VALID,0.7568287808127915,0.7571964956195244,SMALL_UNLISTED_FACTOR_CHANGE_<=0.2pct (dividend or raw cent-rounding noise)
SHLS,2022-03-14,2022-03-28,VALID,1.0,1.0,NO_ADJUSTMENT_IN_WINDOW
KSCP,2022-03-15,2022-03-29,VALID,50.0,50.0,NO_ADJUSTMENT_IN_WINDOW
GTLB,2022-03-16,2022-03-30,VALID,1.0,1.0,NO_ADJUSTMENT_IN_WINDOW
ACMR,2022-03-17,2022-03-31,VALID,0.3332758620689655,1.0,LISTED_FORWARD_SPLITS
API,2022-03-17,2022-03-31,VALID,1.0,1.0,NO_ADJUSTMENT_IN_WINDOW
ATHM,2022-03-17,2022-03-31,VALID,0.7794168096054889,0.7938178230845117,"UNLISTED_FACTOR_CHANGE_>0.2pct (dividend/special distribution/other, not in CA metadata)"
AVAV,2022-03-17,2022-03-31,VALID,1.0,1.0,NO_ADJUSTMENT_IN_WINDOW
DQ,2022-03-17,2022-03-31,VALID,1.0,1.0,NO_ADJUSTMENT_IN_WINDOW
GDS,2022-03-17,2022-03-31,VALID,1.0,1.0,NO_ADJUSTMENT_IN_WINDOW
HTHT,2022-03-17,2022-03-31,VALID,0.8609271523178808,0.8657168839042133,"UNLISTED_FACTOR_CHANGE_>0.2pct (dividend/special distribution/other, not in CA metadata)"
JBL,2022-03-17,2022-03-31,VALID,0.9876322213181448,0.9876883201036774,NO_ADJUSTMENT_IN_WINDOW
JOYY,2022-03-17,2022-03-31,VALID,0.7874720357941835,0.7873672747073238,SMALL_UNLISTED_FACTOR_CHANGE_<=0.2pct (dividend or raw cent-rounding noise)
KC,2022-03-17,2022-03-31,VALID,1.0,1.0,NO_ADJUSTMENT_IN_WINDOW
MLCO,2022-03-17,2022-03-31,VALID,1.0,1.0,NO_ADJUSTMENT_IN_WINDOW
MOMO,2022-03-17,2022-03-31,VALID,0.6754169688179841,0.675432525951557,NO_ADJUSTMENT_IN_WINDOW
NBP,2022-03-17,2022-03-31,VALID,1.0,1.0,NO_ADJUSTMENT_IN_WINDOW
ONC,2022-03-17,2022-03-31,VALID,1.0,1.0,NO_ADJUSTMENT_IN_WINDOW
QFIN,2022-03-17,2022-03-31,VALID,0.7453001819284415,0.7452891487979207,NO_ADJUSTMENT_IN_WINDOW
VIPS,2022-03-17,2022-03-31,VALID,0.9048780487804878,0.9048888888888889,NO_ADJUSTMENT_IN_WINDOW
VNET,2022-03-17,2022-03-31,VALID,1.0,1.0,NO_ADJUSTMENT_IN_WINDOW
WB,2022-03-17,2022-03-31,VALID,0.7184385382059801,0.7184822521419828,NO_ADJUSTMENT_IN_WINDOW
YMM,2022-03-17,2022-03-31,VALID,0.952373417721519,0.9524737631184408,SMALL_UNLISTED_FACTOR_CHANGE_<=0.2pct (dividend or raw cent-rounding noise)
ZLAB,2022-03-17,2022-03-31,VALID,1.0,1.0,NO_ADJUSTMENT_IN_WINDOW
PD,2022-03-18,2022-04-01,VALID,1.0,1.0,NO_ADJUSTMENT_IN_WINDOW
NRSN,2022-03-22,2022-04-05,VALID,20.0,20.0,NO_ADJUSTMENT_IN_WINDOW
Y,2022-03-22,2022-04-05,VALID,1.0,1.0,NO_ADJUSTMENT_IN_WINDOW
POLY,2022-03-29,2022-04-12,VALID,1.0,1.0,NO_ADJUSTMENT_IN_WINDOW
STAA,2022-03-29,2022-04-12,VALID,1.0,1.0,NO_ADJUSTMENT_IN_WINDOW
LOVE,2022-03-30,2022-04-13,VALID,1.0,1.0,NO_ADJUSTMENT_IN_WINDOW
ADGI,2022-03-31,2022-04-14,VALID,1.0,1.0,NO_ADJUSTMENT_IN_WINDOW
IVVD,2022-03-31,2022-04-14,VALID,1.0,1.0,NO_ADJUSTMENT_IN_WINDOW
MLKN,2022-03-31,2022-04-14,VALID,0.8543123543123543,0.8544673011974209,SMALL_UNLISTED_FACTOR_CHANGE_<=0.2pct (dividend or raw cent-rounding noise)
VIR,2022-03-31,2022-04-14,VALID,1.0,1.0,NO_ADJUSTMENT_IN_WINDOW
VNET,2022-04-04,2022-04-19,VALID,1.0,1.0,NO_ADJUSTMENT_IN_WINDOW
YMM,2022-04-04,2022-04-19,VALID,0.952342704149933,0.9523654159869495,NO_ADJUSTMENT_IN_WINDOW
JMIA,2022-04-05,2022-04-20,VALID,1.0,1.0,NO_ADJUSTMENT_IN_WINDOW
RCUS,2022-04-06,2022-04-21,VALID,1.0,1.0,NO_ADJUSTMENT_IN_WINDOW
SBFM,2022-04-06,2022-04-21,VALID,20000.0,20000.0,NO_ADJUSTMENT_IN_WINDOW
SST,2022-04-06,2022-04-21,VALID,10.0,9.999999999999998,NO_ADJUSTMENT_IN_WINDOW
ARRY,2022-04-07,2022-04-22,VALID,1.0,1.0,NO_ADJUSTMENT_IN_WINDOW
CDK,2022-04-08,2022-04-25,VALID,0.9972497249724973,0.9972477064220183,NO_ADJUSTMENT_IN_WINDOW
CMBT,2022-04-08,2022-04-25,VALID,0.6422442244224422,0.6422583404619333,NO_ADJUSTMENT_IN_WINDOW
SST,2022-04-08,2022-04-25,VALID,10.0,10.0,NO_ADJUSTMENT_IN_WINDOW
WDFC,2022-04-11,2022-04-26,VALID,0.9269796624837733,0.930872375661093,"UNLISTED_FACTOR_CHANGE_>0.2pct (dividend/special distribution/other, not in CA metadata)"
MSP,2022-04-12,2022-04-27,VALID,1.0,1.0,NO_ADJUSTMENT_IN_WINDOW
VNET,2022-04-12,2022-04-27,VALID,1.0,1.0,NO_ADJUSTMENT_IN_WINDOW
ATRS,2022-04-14,2022-04-29,VALID,1.0,1.0,NO_ADJUSTMENT_IN_WINDOW
SRRA,2022-04-14,2022-04-29,VALID,1.0,1.0,NO_ADJUSTMENT_IN_WINDOW
RAD,2022-04-18,2022-05-02,VALID,1.0,1.0,NO_ADJUSTMENT_IN_WINDOW
AXSM,2022-04-20,2022-05-04,VALID,1.0,1.0,NO_ADJUSTMENT_IN_WINDOW
KLRS,2022-04-21,2022-05-05,VALID,22.999999999999996,23.0,NO_ADJUSTMENT_IN_WINDOW
NBP,2022-04-21,2022-05-05,VALID,1.0,1.0,NO_ADJUSTMENT_IN_WINDOW
LBRT,2022-04-22,2022-05-06,VALID,0.9365079365079364,0.9363525091799266,SMALL_UNLISTED_FACTOR_CHANGE_<=0.2pct (dividend or raw cent-rounding noise)
BBAI,2022-04-26,2022-05-10,VALID,1.0,1.0,NO_ADJUSTMENT_IN_WINDOW
PSB,2022-04-26,2022-05-10,VALID,0.994355396985995,0.9943805191329945,NO_ADJUSTMENT_IN_WINDOW
ALKS,2022-04-28,2022-05-12,VALID,1.0,1.0,NO_ADJUSTMENT_IN_WINDOW
JBTM,2022-04-28,2022-05-12,VALID,0.9843709299296692,0.9843254667136315,NO_ADJUSTMENT_IN_WINDOW
VRT,2022-04-28,2022-05-12,VALID,0.9953775038520801,0.9952107279693487,SMALL_UNLISTED_FACTOR_CHANGE_<=0.2pct (dividend or raw cent-rounding noise)
ZNTL,2022-04-28,2022-05-12,VALID,1.0,1.0,NO_ADJUSTMENT_IN_WINDOW
HAPN,2022-04-29,2022-05-13,VALID,1.0,1.0,NO_ADJUSTMENT_IN_WINDOW
MXL,2022-04-29,2022-05-13,VALID,1.0,1.0,NO_ADJUSTMENT_IN_WINDOW
PTC,2022-04-29,2022-05-13,VALID,1.0,1.0,NO_ADJUSTMENT_IN_WINDOW
UPWK,2022-04-29,2022-05-13,VALID,1.0,1.0,NO_ADJUSTMENT_IN_WINDOW
BZ,2022-05-02,2022-05-16,VALID,0.9483954900260192,0.9482378854625549,SMALL_UNLISTED_FACTOR_CHANGE_<=0.2pct (dividend or raw cent-rounding noise)
GDS,2022-05-02,2022-05-16,VALID,1.0,1.0,NO_ADJUSTMENT_IN_WINDOW
HUBG,2022-05-02,2022-05-16,VALID,0.48279935036173044,0.4828828828828829,SMALL_UNLISTED_FACTOR_CHANGE_<=0.2pct (dividend or raw cent-rounding noise)
LNTH,2022-05-02,2022-05-16,VALID,1.0,1.0,NO_ADJUSTMENT_IN_WINDOW
MHK,2022-05-02,2022-05-16,VALID,1.0,1.0,NO_ADJUSTMENT_IN_WINDOW
RDBX,2022-05-02,2022-05-16,VALID,1.0,1.0,NO_ADJUSTMENT_IN_WINDOW
YMM,2022-05-02,2022-05-16,VALID,0.9524617996604415,0.9523584905660377,SMALL_UNLISTED_FACTOR_CHANGE_<=0.2pct (dividend or raw cent-rounding noise)
HTH,2022-05-03,2022-05-17,VALID,0.9078295341922696,0.9125989445910291,"UNLISTED_FACTOR_CHANGE_>0.2pct (dividend/special distribution/other, not in CA metadata)"
ATKR,2022-05-04,2022-05-18,VALID,0.9569090909090909,0.956906502500962,NO_ADJUSTMENT_IN_WINDOW
LITE,2022-05-05,2022-05-19,VALID,1.0,1.0,NO_ADJUSTMENT_IN_WINDOW
SMCI,2022-05-05,2022-05-19,VALID,0.1,0.09999999999999999,NO_ADJUSTMENT_IN_WINDOW
ICPT,2022-05-06,2022-05-20,VALID,1.0,1.0,NO_ADJUSTMENT_IN_WINDOW
STAA,2022-05-06,2022-05-20,VALID,1.0,1.0,NO_ADJUSTMENT_IN_WINDOW
VISN,2022-05-06,2022-05-20,VALID,0.27817679558011044,0.2781710914454277,NO_ADJUSTMENT_IN_WINDOW
CCXI,2022-05-09,2022-05-23,VALID,1.0,1.0,NO_ADJUSTMENT_IN_WINDOW
IRTC,2022-05-09,2022-05-23,VALID,1.0,1.0,NO_ADJUSTMENT_IN_WINDOW
ONC,2022-05-11,2022-05-25,VALID,1.0,1.0,NO_ADJUSTMENT_IN_WINDOW
RCUS,2022-05-11,2022-05-25,VALID,1.0,1.0,NO_ADJUSTMENT_IN_WINDOW
TREX,2022-05-11,2022-05-25,VALID,1.0,1.0,NO_ADJUSTMENT_IN_WINDOW
CALY,2022-05-12,2022-05-26,VALID,0.9628876461616674,0.9627684964200478,SMALL_UNLISTED_FACTOR_CHANGE_<=0.2pct (dividend or raw cent-rounding noise)
CELH,2022-05-12,2022-05-26,VALID,0.3333262155409878,0.33338396111786145,SMALL_UNLISTED_FACTOR_CHANGE_<=0.2pct (dividend or raw cent-rounding noise)
ELY,2022-05-12,2022-05-26,VALID,1.0,1.0,NO_ADJUSTMENT_IN_WINDOW
GO,2022-05-12,2022-05-26,VALID,1.0,1.0,NO_ADJUSTMENT_IN_WINDOW
ENVX,2022-05-13,2022-05-27,VALID,1.0,1.0,NO_ADJUSTMENT_IN_WINDOW
AOSL,2022-05-16,2022-05-31,VALID,1.0,1.0,NO_ADJUSTMENT_IN_WINDOW
DUOL,2022-05-16,2022-05-31,VALID,1.0,1.0,NO_ADJUSTMENT_IN_WINDOW
EDR,2022-05-16,2022-05-31,VALID,0.9841188524590164,0.9841549295774649,NO_ADJUSTMENT_IN_WINDOW
MANT,2022-05-17,2022-06-01,VALID,0.9956517128009332,0.9956910141881239,NO_ADJUSTMENT_IN_WINDOW
JMIA,2022-05-18,2022-06-02,VALID,1.0,1.0,NO_ADJUSTMENT_IN_WINDOW
ONON,2022-05-18,2022-06-02,VALID,1.0,1.0,NO_ADJUSTMENT_IN_WINDOW
DLO,2022-05-19,2022-06-03,VALID,0.9373848987108656,0.9374788779993241,SMALL_UNLISTED_FACTOR_CHANGE_<=0.2pct (dividend or raw cent-rounding noise)
EBS,2022-05-20,2022-06-06,VALID,1.0,1.0,NO_ADJUSTMENT_IN_WINDOW
CVET,2022-05-23,2022-06-07,VALID,1.0,1.0,NO_ADJUSTMENT_IN_WINDOW
EBS,2022-05-24,2022-06-08,VALID,1.0,1.0,NO_ADJUSTMENT_IN_WINDOW
CAL,2022-05-26,2022-06-10,VALID,0.9366812227074235,0.9390642002176278,"UNLISTED_FACTOR_CHANGE_>0.2pct (dividend/special distribution/other, not in CA metadata)"
DY,2022-05-26,2022-06-10,VALID,1.0,1.0,NO_ADJUSTMENT_IN_WINDOW
PMVP,2022-05-31,2022-06-14,VALID,1.0,1.0,NO_ADJUSTMENT_IN_WINDOW
INDO,2022-06-01,2022-06-15,VALID,1.0,1.0,NO_ADJUSTMENT_IN_WINDOW
ARRY,2022-06-07,2022-06-22,VALID,1.0,1.0,NO_ADJUSTMENT_IN_WINDOW
BZ,2022-06-07,2022-06-22,VALID,0.9484126984126984,0.9482902418682234,SMALL_UNLISTED_FACTOR_CHANGE_<=0.2pct (dividend or raw cent-rounding noise)
SHLS,2022-06-07,2022-06-22,VALID,1.0,1.0,NO_ADJUSTMENT_IN_WINDOW
YMM,2022-06-07,2022-06-22,VALID,0.9524137931034483,0.9524239007891772,NO_ADJUSTMENT_IN_WINDOW
GTLB,2022-06-08,2022-06-23,VALID,1.0,1.0,NO_ADJUSTMENT_IN_WINDOW
YMM,2022-06-09,2022-06-24,VALID,0.9524103831891224,0.9523497267759563,NO_ADJUSTMENT_IN_WINDOW
COGT,2022-06-13,2022-06-28,VALID,1.0,1.0,NO_ADJUSTMENT_IN_WINDOW
EDU,2022-06-13,2022-06-28,VALID,0.9687325516471246,0.9684267827980402,SMALL_UNLISTED_FACTOR_CHANGE_<=0.2pct (dividend or raw cent-rounding noise)
EDU,2022-06-14,2022-06-29,VALID,0.9683406113537117,0.9687189672293943,SMALL_UNLISTED_FACTOR_CHANGE_<=0.2pct (dividend or raw cent-rounding noise)
BRZE,2022-06-15,2022-06-30,VALID,1.0,1.0,NO_ADJUSTMENT_IN_WINDOW
EYE,2022-06-15,2022-06-30,VALID,1.0,1.0,NO_ADJUSTMENT_IN_WINDOW
INDO,2022-06-15,2022-06-30,VALID,1.0,1.0,NO_ADJUSTMENT_IN_WINDOW
SIDU,2022-06-17,2022-07-05,VALID,100.0,100.0,NO_ADJUSTMENT_IN_WINDOW
ONC,2022-06-22,2022-07-07,VALID,1.0,1.0,NO_ADJUSTMENT_IN_WINDOW
PTCT,2022-06-22,2022-07-07,VALID,1.0,1.0,NO_ADJUSTMENT_IN_WINDOW
FLNG,2022-06-24,2022-07-11,VALID,0.6234701223902087,0.6236481614996395,SMALL_UNLISTED_FACTOR_CHANGE_<=0.2pct (dividend or raw cent-rounding noise)
AXSM,2022-06-28,2022-07-13,VALID,1.0,1.0,NO_ADJUSTMENT_IN_WINDOW
HTHT,2022-06-29,2022-07-14,VALID,0.8658817507038649,0.8657407407407406,SMALL_UNLISTED_FACTOR_CHANGE_<=0.2pct (dividend or raw cent-rounding noise)
MLCO,2022-06-29,2022-07-14,VALID,1.0,1.0,NO_ADJUSTMENT_IN_WINDOW
ASPN,2022-07-01,2022-07-18,VALID,1.0,1.0,NO_ADJUSTMENT_IN_WINDOW
COWN,2022-07-06,2022-07-20,VALID,0.9907407407407408,0.990891959798995,SMALL_UNLISTED_FACTOR_CHANGE_<=0.2pct (dividend or raw cent-rounding noise)
RFP,2022-07-07,2022-07-21,VALID,1.0,1.0,NO_ADJUSTMENT_IN_WINDOW
FFAI,2022-07-08,2022-07-22,VALID,1440000.0,1440000.0,NO_ADJUSTMENT_IN_WINDOW
IRTC,2022-07-11,2022-07-25,VALID,1.0,1.0,NO_ADJUSTMENT_IN_WINDOW
SRG,2022-07-11,2022-07-25,VALID,1.0,1.0,NO_ADJUSTMENT_IN_WINDOW
DJT,2022-07-12,2022-07-26,VALID,1.0,1.0,NO_ADJUSTMENT_IN_WINDOW
PLRX,2022-07-12,2022-07-26,VALID,1.0,1.0,NO_ADJUSTMENT_IN_WINDOW
INMD,2022-07-13,2022-07-27,VALID,1.0,1.0,NO_ADJUSTMENT_IN_WINDOW
ALLO,2022-07-18,2022-08-01,VALID,1.0,1.0,NO_ADJUSTMENT_IN_WINDOW
LPX,2022-07-20,2022-08-03,VALID,0.942366026289181,0.9423263327948304,NO_ADJUSTMENT_IN_WINDOW
SI,2022-07-20,2022-08-03,VALID,1.0,1.0,NO_ADJUSTMENT_IN_WINDOW
WFG,2022-07-20,2022-08-03,VALID,0.9398907103825137,0.939940272093795,NO_ADJUSTMENT_IN_WINDOW
SMCI,2022-07-22,2022-08-05,VALID,0.09999999999999999,0.09999999999999999,NO_ADJUSTMENT_IN_WINDOW
HNGR,2022-07-25,2022-08-08,VALID,1.0,1.0,NO_ADJUSTMENT_IN_WINDOW
NOVT,2022-07-25,2022-08-08,VALID,1.0,1.0,NO_ADJUSTMENT_IN_WINDOW
LBRT,2022-07-27,2022-08-10,VALID,0.9360955056179775,0.9363295880149813,SMALL_UNLISTED_FACTOR_CHANGE_<=0.2pct (dividend or raw cent-rounding noise)
SHLX,2022-07-27,2022-08-10,VALID,0.9812967581047383,1.0,"UNLISTED_FACTOR_CHANGE_>0.2pct (dividend/special distribution/other, not in CA metadata)"
AERC,2022-07-28,2022-08-11,VALID,1.0,1.0,NO_ADJUSTMENT_IN_WINDOW
MKUL,2022-07-28,2022-08-11,VALID,1.0,1.0,NO_ADJUSTMENT_IN_WINDOW
ARRY,2022-07-29,2022-08-12,VALID,1.0,1.0,NO_ADJUSTMENT_IN_WINDOW
BE,2022-07-29,2022-08-12,VALID,1.0,1.0,NO_ADJUSTMENT_IN_WINDOW
EVGO,2022-07-29,2022-08-12,VALID,1.0,1.0,NO_ADJUSTMENT_IN_WINDOW
FLS,2022-07-29,2022-08-12,VALID,0.9257334963325183,0.9258312020460359,SMALL_UNLISTED_FACTOR_CHANGE_<=0.2pct (dividend or raw cent-rounding noise)
PI,2022-07-29,2022-08-12,VALID,1.0,1.0,NO_ADJUSTMENT_IN_WINDOW
SHLS,2022-07-29,2022-08-12,VALID,1.0,1.0,NO_ADJUSTMENT_IN_WINDOW
STEM,2022-07-29,2022-08-12,VALID,20.0,20.0,NO_ADJUSTMENT_IN_WINDOW
SRPT,2022-08-01,2022-08-15,VALID,1.0,1.0,NO_ADJUSTMENT_IN_WINDOW
EVOP,2022-08-02,2022-08-16,VALID,1.0,1.0,NO_ADJUSTMENT_IN_WINDOW
AMTD,2022-08-03,2022-08-17,VALID,6.000000000000001,6.0,NO_ADJUSTMENT_IN_WINDOW
HRMY,2022-08-03,2022-08-17,VALID,1.0,1.0,NO_ADJUSTMENT_IN_WINDOW
EVH,2022-08-04,2022-08-18,VALID,1.0,1.0,NO_ADJUSTMENT_IN_WINDOW
NTLA,2022-08-04,2022-08-18,VALID,1.0,1.0,NO_ADJUSTMENT_IN_WINDOW
PING,2022-08-04,2022-08-18,VALID,1.0,1.0,NO_ADJUSTMENT_IN_WINDOW
UNM,2022-08-04,2022-08-18,VALID,0.8969243557772234,0.897036664992466,SMALL_UNLISTED_FACTOR_CHANGE_<=0.2pct (dividend or raw cent-rounding noise)
BCRX,2022-08-05,2022-08-19,VALID,1.0,1.0,NO_ADJUSTMENT_IN_WINDOW
CDAY,2022-08-05,2022-08-19,VALID,1.0,1.0,NO_ADJUSTMENT_IN_WINDOW
GBT,2022-08-05,2022-08-19,VALID,1.0,1.0,NO_ADJUSTMENT_IN_WINDOW
BHF,2022-08-08,2022-08-22,VALID,1.0,1.0,NO_ADJUSTMENT_IN_WINDOW
PCTY,2022-08-08,2022-08-22,VALID,1.0,1.0,NO_ADJUSTMENT_IN_WINDOW
PGNY,2022-08-08,2022-08-22,VALID,1.0,1.0,NO_ADJUSTMENT_IN_WINDOW
YELP,2022-08-08,2022-08-22,VALID,1.0,1.0,NO_ADJUSTMENT_IN_WINDOW
ASAN,2022-08-09,2022-08-23,VALID,1.0,1.0,NO_ADJUSTMENT_IN_WINDOW
MNDY,2022-08-09,2022-08-23,VALID,1.0,1.0,NO_ADJUSTMENT_IN_WINDOW
QNRX,2022-08-09,2022-08-23,VALID,420.0,420.0,NO_ADJUSTMENT_IN_WINDOW
SGFY,2022-08-09,2022-08-23,VALID,1.0,1.0,NO_ADJUSTMENT_IN_WINDOW
ZLAB,2022-08-09,2022-08-23,VALID,1.0,1.0,NO_ADJUSTMENT_IN_WINDOW
GDRX,2022-08-10,2022-08-24,VALID,1.0,1.0,NO_ADJUSTMENT_IN_WINDOW
LMND,2022-08-10,2022-08-24,VALID,1.0,1.0,NO_ADJUSTMENT_IN_WINDOW
ARRY,2022-08-11,2022-08-25,VALID,1.0,1.0,NO_ADJUSTMENT_IN_WINDOW
JMIA,2022-08-11,2022-08-25,VALID,1.0,1.0,NO_ADJUSTMENT_IN_WINDOW
KRNT,2022-08-11,2022-08-25,VALID,1.0,1.0,NO_ADJUSTMENT_IN_WINDOW
WK,2022-08-11,2022-08-25,VALID,1.0,1.0,NO_ADJUSTMENT_IN_WINDOW
BROS,2022-08-12,2022-08-26,VALID,1.0,1.0,NO_ADJUSTMENT_IN_WINDOW
DDS,2022-08-12,2022-08-26,VALID,0.8113475177304964,0.8113188780584842,NO_ADJUSTMENT_IN_WINDOW
ENVX,2022-08-12,2022-08-26,VALID,1.0,1.0,NO_ADJUSTMENT_IN_WINDOW
GOOS,2022-08-12,2022-08-26,VALID,1.0,1.0,NO_ADJUSTMENT_IN_WINDOW
PAYO,2022-08-15,2022-08-29,VALID,1.0,1.0,NO_ADJUSTMENT_IN_WINDOW
VEEE,2022-08-15,2022-08-29,VALID,370.0,370.00000000000006,NO_ADJUSTMENT_IN_WINDOW
VEEE,2022-08-16,2022-08-30,VALID,370.0,370.0,NO_ADJUSTMENT_IN_WINDOW
FN,2022-08-17,2022-08-31,VALID,1.0,1.0,NO_ADJUSTMENT_IN_WINDOW
GLBE,2022-08-17,2022-08-31,VALID,1.0,1.0,NO_ADJUSTMENT_IN_WINDOW
IONQ,2022-08-17,2022-08-31,VALID,1.0,1.0,NO_ADJUSTMENT_IN_WINDOW
APRN,2022-08-18,2022-09-01,VALID,12.0,12.0,NO_ADJUSTMENT_IN_WINDOW
BWV,2022-08-18,2022-09-01,VALID,1.0,1.0,NO_ADJUSTMENT_IN_WINDOW
FLNA,2022-08-18,2022-09-01,VALID,1.0,1.0,NO_ADJUSTMENT_IN_WINDOW
ONCO,2022-08-18,2022-09-01,VALID,170000.0,170000.0,NO_ADJUSTMENT_IN_WINDOW
QNRX,2022-08-18,2022-09-01,VALID,419.99999999999994,420.0,NO_ADJUSTMENT_IN_WINDOW
SGFY,2022-08-23,2022-09-07,VALID,1.0,1.0,NO_ADJUSTMENT_IN_WINDOW
AERI,2022-08-24,2022-09-08,VALID,1.0,1.0,NO_ADJUSTMENT_IN_WINDOW
INDO,2022-08-24,2022-09-08,VALID,1.0,1.0,NO_ADJUSTMENT_IN_WINDOW
NERV,2022-08-25,2022-09-09,VALID,1.0,1.0,NO_ADJUSTMENT_IN_WINDOW
FMTX,2022-09-02,2022-09-19,VALID,1.0,1.0,NO_ADJUSTMENT_IN_WINDOW
NTNX,2022-09-02,2022-09-19,VALID,1.0,1.0,NO_ADJUSTMENT_IN_WINDOW
HCP,2022-09-06,2022-09-20,VALID,1.0,1.0,NO_ADJUSTMENT_IN_WINDOW
NCNO,2022-09-06,2022-09-20,VALID,1.0,1.0,NO_ADJUSTMENT_IN_WINDOW
PR,2022-09-06,2022-09-20,VALID,0.869375,0.869357045143639,NO_ADJUSTMENT_IN_WINDOW
OUT,2022-09-07,2022-09-21,VALID,0.7577235772357724,0.7578263437684584,SMALL_UNLISTED_FACTOR_CHANGE_<=0.2pct (dividend or raw cent-rounding noise)
AMLX,2022-09-09,2022-09-23,VALID,1.0,1.0,NO_ADJUSTMENT_IN_WINDOW
ASAN,2022-09-09,2022-09-23,VALID,1.0,1.0,NO_ADJUSTMENT_IN_WINDOW
RETA,2022-09-09,2022-09-23,VALID,1.0,1.0,NO_ADJUSTMENT_IN_WINDOW
RLAY,2022-09-09,2022-09-23,VALID,1.0,1.0,NO_ADJUSTMENT_IN_WINDOW
INM,2022-09-13,2022-09-27,VALID,20.0,20.0,NO_ADJUSTMENT_IN_WINDOW
HKD,2022-09-16,2022-09-30,VALID,1.0,1.0,NO_ADJUSTMENT_IN_WINDOW
MTVA,2022-09-16,2022-09-30,VALID,88.0,88.0,NO_ADJUSTMENT_IN_WINDOW
KNBE,2022-09-20,2022-10-04,VALID,1.0,1.0,NO_ADJUSTMENT_IN_WINDOW
MTVA,2022-09-23,2022-10-07,VALID,88.0,88.0,NO_ADJUSTMENT_IN_WINDOW
LESL,2022-09-27,2022-10-11,VALID,19.999999999999996,20.0,NO_ADJUSTMENT_IN_WINDOW
MLCO,2022-09-27,2022-10-11,VALID,1.0,1.0,NO_ADJUSTMENT_IN_WINDOW
SKIN,2022-09-28,2022-10-12,VALID,1.0,1.0,NO_ADJUSTMENT_IN_WINDOW
ABOS,2022-09-29,2022-10-13,VALID,1.0,1.0,NO_ADJUSTMENT_IN_WINDOW
BTRS,2022-09-29,2022-10-13,VALID,1.0,1.0,NO_ADJUSTMENT_IN_WINDOW
PRTA,2022-09-29,2022-10-13,VALID,1.0,1.0,NO_ADJUSTMENT_IN_WINDOW
INM,2022-10-03,2022-10-17,VALID,20.0,20.0,NO_ADJUSTMENT_IN_WINDOW
FNGR,2022-10-04,2022-10-18,VALID,1.0,1.0,NO_ADJUSTMENT_IN_WINDOW
MYOV,2022-10-04,2022-10-18,VALID,1.0,1.0,NO_ADJUSTMENT_IN_WINDOW
SBS,2022-10-04,2022-10-18,VALID,0.16991869918699187,0.1698874296435272,SMALL_UNLISTED_FACTOR_CHANGE_<=0.2pct (dividend or raw cent-rounding noise)
VSAT,2022-10-04,2022-10-18,VALID,1.0,1.0,NO_ADJUSTMENT_IN_WINDOW
AERC,2022-10-05,2022-10-19,VALID,1.0,1.0,NO_ADJUSTMENT_IN_WINDOW
FNGR,2022-10-05,2022-10-19,VALID,1.0,1.0,NO_ADJUSTMENT_IN_WINDOW
MKUL,2022-10-05,2022-10-19,VALID,1.0,1.0,NO_ADJUSTMENT_IN_WINDOW
PLTK,2022-10-05,2022-10-19,VALID,0.8587128712871287,0.8587737843551797,NO_ADJUSTMENT_IN_WINDOW
POSH,2022-10-05,2022-10-19,VALID,1.0,1.0,NO_ADJUSTMENT_IN_WINDOW
VISN,2022-10-05,2022-10-19,VALID,0.2781619654231119,0.27817299919159255,NO_ADJUSTMENT_IN_WINDOW
TOPS,2022-10-06,2022-10-20,VALID,12.0,12.0,NO_ADJUSTMENT_IN_WINDOW
BEAT,2022-10-07,2022-10-21,VALID,1.0,1.0,NO_ADJUSTMENT_IN_WINDOW
DICE,2022-10-12,2022-10-26,VALID,1.0,1.0,NO_ADJUSTMENT_IN_WINDOW
FORG,2022-10-12,2022-10-26,VALID,1.0,1.0,NO_ADJUSTMENT_IN_WINDOW
HKD,2022-10-13,2022-10-27,VALID,1.0,1.0,NO_ADJUSTMENT_IN_WINDOW
KNBE,2022-10-13,2022-10-27,VALID,1.0,1.0,NO_ADJUSTMENT_IN_WINDOW
SUNE,2022-10-13,2022-10-27,VALID,150000.0,150000.0,NO_ADJUSTMENT_IN_WINDOW
NTNX,2022-10-17,2022-10-31,VALID,1.0,1.0,NO_ADJUSTMENT_IN_WINDOW
LFG,2022-10-18,2022-11-01,VALID,1.0,1.0,NO_ADJUSTMENT_IN_WINDOW
AVEO,2022-10-19,2022-11-02,VALID,1.0,1.0,NO_ADJUSTMENT_IN_WINDOW
SMCI,2022-10-21,2022-11-04,VALID,0.09999983509262024,0.1,NO_ADJUSTMENT_IN_WINDOW
PCVX,2022-10-25,2022-11-08,VALID,1.0,1.0,NO_ADJUSTMENT_IN_WINDOW
MEDP,2022-10-26,2022-11-09,VALID,1.0,1.0,NO_ADJUSTMENT_IN_WINDOW
AIMC,2022-10-28,2022-11-11,VALID,0.9969909729187563,0.9970367788042532,NO_ADJUSTMENT_IN_WINDOW
PI,2022-10-28,2022-11-11,VALID,1.0,1.0,NO_ADJUSTMENT_IN_WINDOW
FBC,2022-10-31,2022-11-14,VALID,0.9312678989846396,1.0,"UNLISTED_FACTOR_CHANGE_>0.2pct (dividend/special distribution/other, not in CA metadata)"
PFSI,2022-10-31,2022-11-14,VALID,0.9529197080291971,0.9567068843151172,"UNLISTED_FACTOR_CHANGE_>0.2pct (dividend/special distribution/other, not in CA metadata)"
GDS,2022-11-02,2022-11-16,VALID,1.0,1.0,NO_ADJUSTMENT_IN_WINDOW
HTHT,2022-11-02,2022-11-16,VALID,0.8657105606258149,0.8657346346610394,NO_ADJUSTMENT_IN_WINDOW
MLCO,2022-11-02,2022-11-16,VALID,1.0,1.0,NO_ADJUSTMENT_IN_WINDOW
CHGG,2022-11-03,2022-11-17,VALID,1.0,1.0,NO_ADJUSTMENT_IN_WINDOW
BRKR,2022-11-04,2022-11-18,VALID,0.9852186089933095,0.9853474320241692,SMALL_UNLISTED_FACTOR_CHANGE_<=0.2pct (dividend or raw cent-rounding noise)
VCYT,2022-11-04,2022-11-18,VALID,1.0,1.0,NO_ADJUSTMENT_IN_WINDOW
ADNT,2022-11-07,2022-11-21,VALID,1.0,1.0,NO_ADJUSTMENT_IN_WINDOW
BE,2022-11-07,2022-11-21,VALID,1.0,1.0,NO_ADJUSTMENT_IN_WINDOW
BL,2022-11-07,2022-11-21,VALID,1.0,1.0,NO_ADJUSTMENT_IN_WINDOW
BZ,2022-11-07,2022-11-21,VALID,0.9487004103967168,0.9483537766300839,SMALL_UNLISTED_FACTOR_CHANGE_<=0.2pct (dividend or raw cent-rounding noise)
GFI,2022-11-07,2022-11-21,VALID,0.8742724097788126,0.8742481203007518,NO_ADJUSTMENT_IN_WINDOW
HKD,2022-11-07,2022-11-21,VALID,1.0,1.0,NO_ADJUSTMENT_IN_WINDOW
MLCO,2022-11-07,2022-11-21,VALID,1.0,1.0,NO_ADJUSTMENT_IN_WINDOW
PUK,2022-11-07,2022-11-21,VALID,0.9247002398081535,0.9248021108179421,SMALL_UNLISTED_FACTOR_CHANGE_<=0.2pct (dividend or raw cent-rounding noise)
VIR,2022-11-07,2022-11-21,VALID,1.0,1.0,NO_ADJUSTMENT_IN_WINDOW
DJT,2022-11-08,2022-11-22,VALID,1.0,1.0,NO_ADJUSTMENT_IN_WINDOW
VERU,2022-11-08,2022-11-22,VALID,10.000000000000002,10.0,NO_ADJUSTMENT_IN_WINDOW
HUDI,2022-11-09,2022-11-23,VALID,1.0,1.0,NO_ADJUSTMENT_IN_WINDOW
OSH,2022-11-09,2022-11-23,VALID,1.0,1.0,NO_ADJUSTMENT_IN_WINDOW
ARRY,2022-11-10,2022-11-25,VALID,1.0,1.0,NO_ADJUSTMENT_IN_WINDOW
COHR,2022-11-10,2022-11-25,VALID,1.0,1.0,NO_ADJUSTMENT_IN_WINDOW
FVRR,2022-11-10,2022-11-25,VALID,1.0,1.0,NO_ADJUSTMENT_IN_WINDOW
APP,2022-11-11,2022-11-28,VALID,1.0,1.0,NO_ADJUSTMENT_IN_WINDOW
APPS,2022-11-11,2022-11-28,VALID,1.0,1.0,NO_ADJUSTMENT_IN_WINDOW
BROS,2022-11-11,2022-11-28,VALID,1.0,1.0,NO_ADJUSTMENT_IN_WINDOW
BZ,2022-11-11,2022-11-28,VALID,0.9485714285714285,0.9482758620689655,SMALL_UNLISTED_FACTOR_CHANGE_<=0.2pct (dividend or raw cent-rounding noise)
CELH,2022-11-11,2022-11-28,VALID,0.3332959641255605,0.3333333333333333,SMALL_UNLISTED_FACTOR_CHANGE_<=0.2pct (dividend or raw cent-rounding noise)
DDS,2022-11-11,2022-11-28,VALID,0.8119527279407261,0.8119273650513301,NO_ADJUSTMENT_IN_WINDOW
DT,2022-11-11,2022-11-28,VALID,1.0,1.0,NO_ADJUSTMENT_IN_WINDOW
FIGS,2022-11-11,2022-11-28,VALID,1.0,1.0,NO_ADJUSTMENT_IN_WINDOW
GDS,2022-11-11,2022-11-28,VALID,1.0,1.0,NO_ADJUSTMENT_IN_WINDOW
GTLB,2022-11-11,2022-11-28,VALID,1.0,1.0,NO_ADJUSTMENT_IN_WINDOW
HCP,2022-11-11,2022-11-28,VALID,1.0,1.0,NO_ADJUSTMENT_IN_WINDOW
JXN,2022-11-11,2022-11-28,VALID,0.8379542395693136,0.8380697050938339,SMALL_UNLISTED_FACTOR_CHANGE_<=0.2pct (dividend or raw cent-rounding noise)
MQ,2022-11-11,2022-11-28,VALID,4.0,4.0,NO_ADJUSTMENT_IN_WINDOW
NICE,2022-11-11,2022-11-28,VALID,1.0,1.0,NO_ADJUSTMENT_IN_WINDOW
RNG,2022-11-11,2022-11-28,VALID,0.994550408719346,0.9945433658816772,NO_ADJUSTMENT_IN_WINDOW
S,2022-11-11,2022-11-28,VALID,1.0,1.0,NO_ADJUSTMENT_IN_WINDOW
SKIN,2022-11-11,2022-11-28,VALID,1.0,1.0,NO_ADJUSTMENT_IN_WINDOW
SPT,2022-11-11,2022-11-28,VALID,1.0,1.0,NO_ADJUSTMENT_IN_WINDOW
TGTX,2022-11-11,2022-11-28,VALID,1.0,1.0,NO_ADJUSTMENT_IN_WINDOW
WIX,2022-11-11,2022-11-28,VALID,1.0,1.0,NO_ADJUSTMENT_IN_WINDOW
WRBY,2022-11-11,2022-11-28,VALID,1.0,1.0,NO_ADJUSTMENT_IN_WINDOW
YETI,2022-11-11,2022-11-28,VALID,1.0,1.0,NO_ADJUSTMENT_IN_WINDOW
ZLAB,2022-11-11,2022-11-28,VALID,1.0,1.0,NO_ADJUSTMENT_IN_WINDOW
DOCS,2022-11-14,2022-11-29,VALID,1.0,1.0,NO_ADJUSTMENT_IN_WINDOW
GDS,2022-11-14,2022-11-29,VALID,1.0,1.0,NO_ADJUSTMENT_IN_WINDOW
MNDY,2022-11-15,2022-11-30,VALID,1.0,1.0,NO_ADJUSTMENT_IN_WINDOW
AZTA,2022-11-16,2022-12-01,VALID,1.0,1.0,NO_ADJUSTMENT_IN_WINDOW
GDS,2022-11-16,2022-12-01,VALID,1.0,1.0,NO_ADJUSTMENT_IN_WINDOW
LPX,2022-11-16,2022-12-01,VALID,0.9495238095238095,0.9495263239633484,NO_ADJUSTMENT_IN_WINDOW
PATH,2022-11-16,2022-12-01,VALID,1.0,1.0,NO_ADJUSTMENT_IN_WINDOW
SHLS,2022-11-16,2022-12-01,VALID,1.0,1.0,NO_ADJUSTMENT_IN_WINDOW
ATKR,2022-11-21,2022-12-06,VALID,0.9569369830306131,0.9569126103506925,NO_ADJUSTMENT_IN_WINDOW
CLFD,2022-11-21,2022-12-06,VALID,1.0,1.0,NO_ADJUSTMENT_IN_WINDOW
ISEE,2022-11-21,2022-12-06,VALID,1.0,1.0,NO_ADJUSTMENT_IN_WINDOW
STNE,2022-11-21,2022-12-06,VALID,0.8261174408413672,0.8260948905109489,NO_ADJUSTMENT_IN_WINDOW
TWST,2022-11-21,2022-12-06,VALID,1.0,1.0,NO_ADJUSTMENT_IN_WINDOW
IMGO,2022-11-22,2022-12-07,VALID,1.0,1.0,NO_ADJUSTMENT_IN_WINDOW
SHC,2022-11-22,2022-12-07,VALID,1.0,1.0,NO_ADJUSTMENT_IN_WINDOW
ANF,2022-11-23,2022-12-08,VALID,1.0,1.0,NO_ADJUSTMENT_IN_WINDOW
MANU,2022-11-25,2022-12-09,VALID,1.0,1.0,NO_ADJUSTMENT_IN_WINDOW
BZ,2022-11-30,2022-12-14,VALID,0.9484126984126984,0.9481891348088533,SMALL_UNLISTED_FACTOR_CHANGE_<=0.2pct (dividend or raw cent-rounding noise)
WOOF,2022-12-01,2022-12-15,VALID,1.0,1.0,NO_ADJUSTMENT_IN_WINDOW
PVH,2022-12-02,2022-12-16,VALID,0.9935660506502396,0.9935613106309915,NO_ADJUSTMENT_IN_WINDOW
AVXL,2022-12-05,2022-12-19,VALID,1.0,1.0,NO_ADJUSTMENT_IN_WINDOW
SPB,2022-12-05,2022-12-19,VALID,0.9130171238066375,0.9129144851657941,SMALL_UNLISTED_FACTOR_CHANGE_<=0.2pct (dividend or raw cent-rounding noise)
DBGI,2022-12-06,2022-12-20,VALID,50000.0,50000.0,NO_ADJUSTMENT_IN_WINDOW
GDS,2022-12-06,2022-12-20,VALID,1.0,1.0,NO_ADJUSTMENT_IN_WINDOW
IOVA,2022-12-06,2022-12-20,VALID,1.0,1.0,NO_ADJUSTMENT_IN_WINDOW
GTLB,2022-12-07,2022-12-21,VALID,1.0,1.0,NO_ADJUSTMENT_IN_WINDOW
SIG,2022-12-07,2022-12-21,VALID,0.9489896848947295,0.949009324009324,NO_ADJUSTMENT_IN_WINDOW
VVNT,2022-12-07,2022-12-21,VALID,1.0,1.0,NO_ADJUSTMENT_IN_WINDOW
RXDX,2022-12-08,2022-12-22,VALID,1.0,1.0,NO_ADJUSTMENT_IN_WINDOW
PHVS,2022-12-09,2022-12-23,VALID,1.0,1.0,NO_ADJUSTMENT_IN_WINDOW
APPS,2022-12-14,2022-12-29,VALID,1.0,1.0,NO_ADJUSTMENT_IN_WINDOW
GLBE,2022-12-14,2022-12-29,VALID,1.0,1.0,NO_ADJUSTMENT_IN_WINDOW
NFE,2022-12-14,2022-12-29,VALID,45.10802405142028,45.10796670630202,NO_ADJUSTMENT_IN_WINDOW
SAIA,2022-12-14,2022-12-29,VALID,1.0,1.0,NO_ADJUSTMENT_IN_WINDOW
KYMR,2022-12-15,2022-12-30,VALID,1.0,1.0,NO_ADJUSTMENT_IN_WINDOW
RNA,2022-12-15,2022-12-30,VALID,1.0,1.0,NO_ADJUSTMENT_IN_WINDOW
MAXR,2022-12-19,2023-01-04,VALID,0.999805144193297,0.9998039215686275,NO_ADJUSTMENT_IN_WINDOW
VKTX,2022-12-20,2023-01-05,VALID,1.0,1.0,NO_ADJUSTMENT_IN_WINDOW
QS,2022-12-21,2023-01-06,VALID,1.0,1.0,NO_ADJUSTMENT_IN_WINDOW
KALA,2022-12-29,2023-01-13,VALID,50.0,50.0,NO_ADJUSTMENT_IN_WINDOW
KALA,2022-12-30,2023-01-17,VALID,49.99999999999999,50.0,NO_ADJUSTMENT_IN_WINDOW
PALI,2023-01-03,2023-01-18,VALID,15.0,15.0,NO_ADJUSTMENT_IN_WINDOW
FRMM,2023-01-04,2023-01-19,VALID,189.99999999999997,190.0,NO_ADJUSTMENT_IN_WINDOW
HKD,2023-01-06,2023-01-23,VALID,1.0,1.0,NO_ADJUSTMENT_IN_WINDOW
ZLAB,2023-01-06,2023-01-23,VALID,1.0,1.0,NO_ADJUSTMENT_IN_WINDOW
AEHR,2023-01-09,2023-01-24,VALID,1.0,1.0,NO_ADJUSTMENT_IN_WINDOW
TKO,2023-01-09,2023-01-24,VALID,0.9361374407582939,0.9361799816345271,NO_ADJUSTMENT_IN_WINDOW
WWE,2023-01-09,2023-01-24,VALID,0.9972748815165876,0.9973599632690542,NO_ADJUSTMENT_IN_WINDOW
DCT,2023-01-10,2023-01-25,VALID,1.0,1.0,NO_ADJUSTMENT_IN_WINDOW
PAYA,2023-01-10,2023-01-25,VALID,1.0,1.0,NO_ADJUSTMENT_IN_WINDOW
FRO,2023-01-11,2023-01-26,VALID,0.6384168482207698,0.6383694839192222,NO_ADJUSTMENT_IN_WINDOW
OSH,2023-01-11,2023-01-26,VALID,1.0,1.0,NO_ADJUSTMENT_IN_WINDOW
SHC,2023-01-11,2023-01-26,VALID,1.0,1.0,NO_ADJUSTMENT_IN_WINDOW
VISN,2023-01-13,2023-01-30,VALID,0.2782352941176471,0.2781326781326781,SMALL_UNLISTED_FACTOR_CHANGE_<=0.2pct (dividend or raw cent-rounding noise)
NATI,2023-01-17,2023-01-31,VALID,0.9852724594992637,0.9851851851851853,NO_ADJUSTMENT_IN_WINDOW
SPCE,2023-01-17,2023-01-31,VALID,20.0,20.000000000000004,NO_ADJUSTMENT_IN_WINDOW
NATI,2023-01-18,2023-02-01,VALID,0.985209373799462,0.9853184070471646,SMALL_UNLISTED_FACTOR_CHANGE_<=0.2pct (dividend or raw cent-rounding noise)
CNCE,2023-01-20,2023-02-03,VALID,1.0,1.0,NO_ADJUSTMENT_IN_WINDOW
COSM,2023-01-23,2023-02-06,VALID,20.0,20.000000000000004,NO_ADJUSTMENT_IN_WINDOW
AQUA,2023-01-24,2023-02-07,VALID,1.0,1.0,NO_ADJUSTMENT_IN_WINDOW
PLRX,2023-01-24,2023-02-07,VALID,1.0,1.0,NO_ADJUSTMENT_IN_WINDOW
TOL,2023-01-25,2023-02-08,VALID,0.9698438341410878,0.9699093862198666,NO_ADJUSTMENT_IN_WINDOW
LRN,2023-01-26,2023-02-09,VALID,1.0,1.0,NO_ADJUSTMENT_IN_WINDOW
XM,2023-01-27,2023-02-10,VALID,1.0,1.0,NO_ADJUSTMENT_IN_WINDOW
MSGM,2023-02-01,2023-02-15,VALID,1.0,1.0,NO_ADJUSTMENT_IN_WINDOW
DT,2023-02-02,2023-02-16,VALID,1.0,1.0,NO_ADJUSTMENT_IN_WINDOW
MSGM,2023-02-02,2023-02-16,VALID,1.0,1.0,NO_ADJUSTMENT_IN_WINDOW
ALGT,2023-02-03,2023-02-17,VALID,0.9665,0.9665338645418327,NO_ADJUSTMENT_IN_WINDOW
ELF,2023-02-03,2023-02-17,VALID,1.0,1.0,NO_ADJUSTMENT_IN_WINDOW
FOCS,2023-02-03,2023-02-17,VALID,1.0,1.0,NO_ADJUSTMENT_IN_WINDOW
BBAI,2023-02-07,2023-02-22,VALID,1.0,1.0,NO_ADJUSTMENT_IN_WINDOW
LSI,2023-02-07,2023-02-22,VALID,0.9850992014489174,0.9851261401922918,NO_ADJUSTMENT_IN_WINDOW
LAC,2023-02-08,2023-02-23,VALID,0.6193798449612403,0.6195559350982066,SMALL_UNLISTED_FACTOR_CHANGE_<=0.2pct (dividend or raw cent-rounding noise)
EHC,2023-02-09,2023-02-24,VALID,0.9716253895358373,0.9716041182331451,NO_ADJUSTMENT_IN_WINDOW
MANU,2023-02-09,2023-02-24,VALID,1.0,1.0,NO_ADJUSTMENT_IN_WINDOW
NEWR,2023-02-09,2023-02-24,VALID,1.0,1.0,NO_ADJUSTMENT_IN_WINDOW
ZWS,2023-02-09,2023-02-24,VALID,0.9635842880523732,0.9664780148019155,"UNLISTED_FACTOR_CHANGE_>0.2pct (dividend/special distribution/other, not in CA metadata)"
APP,2023-02-10,2023-02-27,VALID,1.0,1.0,NO_ADJUSTMENT_IN_WINDOW
FLNC,2023-02-10,2023-02-27,VALID,1.0,1.0,NO_ADJUSTMENT_IN_WINDOW
SONO,2023-02-10,2023-02-27,VALID,1.0,1.0,NO_ADJUSTMENT_IN_WINDOW
FSLY,2023-02-14,2023-03-01,VALID,1.0,1.0,NO_ADJUSTMENT_IN_WINDOW
MNDY,2023-02-14,2023-03-01,VALID,1.0,1.0,NO_ADJUSTMENT_IN_WINDOW
CYH,2023-02-17,2023-03-06,VALID,1.0,1.0,NO_ADJUSTMENT_IN_WINDOW
FRHC,2023-02-17,2023-03-06,VALID,1.0,1.0,NO_ADJUSTMENT_IN_WINDOW
NTRA,2023-02-17,2023-03-06,VALID,1.0,1.0,NO_ADJUSTMENT_IN_WINDOW
TA,2023-02-17,2023-03-06,VALID,1.0,1.0,NO_ADJUSTMENT_IN_WINDOW
SGML,2023-02-22,2023-03-08,VALID,1.0,1.0,NO_ADJUSTMENT_IN_WINDOW
VIR,2023-02-22,2023-03-08,VALID,1.0,1.0,NO_ADJUSTMENT_IN_WINDOW
FVRR,2023-02-23,2023-03-09,VALID,1.0,1.0,NO_ADJUSTMENT_IN_WINDOW
VRT,2023-02-23,2023-03-09,VALID,0.9962264150943396,0.9960988296488946,SMALL_UNLISTED_FACTOR_CHANGE_<=0.2pct (dividend or raw cent-rounding noise)
WIX,2023-02-23,2023-03-09,VALID,1.0,1.0,NO_ADJUSTMENT_IN_WINDOW
ENVX,2023-02-24,2023-03-10,VALID,1.0,1.0,NO_ADJUSTMENT_IN_WINDOW
LNTH,2023-02-24,2023-03-10,VALID,1.0,1.0,NO_ADJUSTMENT_IN_WINDOW
LUNR,2023-02-24,2023-03-10,VALID,1.0,1.0,NO_ADJUSTMENT_IN_WINDOW
TMDX,2023-02-24,2023-03-10,VALID,1.0,1.0,NO_ADJUSTMENT_IN_WINDOW
VCYT,2023-02-24,2023-03-10,VALID,1.0,1.0,NO_ADJUSTMENT_IN_WINDOW
BYND,2023-02-27,2023-03-13,VALID,30.0,29.999999999999996,NO_ADJUSTMENT_IN_WINDOW
LUNR,2023-02-27,2023-03-13,VALID,1.0,1.0,NO_ADJUSTMENT_IN_WINDOW
RLAY,2023-02-27,2023-03-13,VALID,1.0,1.0,NO_ADJUSTMENT_IN_WINDOW
HIMS,2023-03-01,2023-03-15,VALID,1.0,1.0,NO_ADJUSTMENT_IN_WINDOW
KTB,2023-03-01,2023-03-15,VALID,0.8864234674689733,0.8944853673103723,"UNLISTED_FACTOR_CHANGE_>0.2pct (dividend/special distribution/other, not in CA metadata)"
PGNY,2023-03-01,2023-03-15,VALID,1.0,1.0,NO_ADJUSTMENT_IN_WINDOW
RVMD,2023-03-01,2023-03-15,VALID,1.0,1.0,NO_ADJUSTMENT_IN_WINDOW
SKIN,2023-03-01,2023-03-15,VALID,1.0,1.0,NO_ADJUSTMENT_IN_WINDOW
XRAY,2023-03-01,2023-03-15,VALID,0.915064935064935,0.915076592313894,NO_ADJUSTMENT_IN_WINDOW
BGS,2023-03-02,2023-03-16,VALID,0.6660447761194032,0.6659560293137908,SMALL_UNLISTED_FACTOR_CHANGE_<=0.2pct (dividend or raw cent-rounding noise)
DUOL,2023-03-02,2023-03-16,VALID,1.0,1.0,NO_ADJUSTMENT_IN_WINDOW
DY,2023-03-02,2023-03-16,VALID,1.0,1.0,NO_ADJUSTMENT_IN_WINDOW
AGL,2023-03-03,2023-03-17,VALID,25.0,25.0,NO_ADJUSTMENT_IN_WINDOW
SFM,2023-03-03,2023-03-17,VALID,1.0,1.0,NO_ADJUSTMENT_IN_WINDOW
IOT,2023-03-06,2023-03-20,VALID,1.0,1.0,NO_ADJUSTMENT_IN_WINDOW
XPOF,2023-03-06,2023-03-20,VALID,1.0,1.0,NO_ADJUSTMENT_IN_WINDOW
AZUL,2023-03-07,2023-03-21,VALID,1.0,1.0,NO_ADJUSTMENT_IN_WINDOW
BBIO,2023-03-07,2023-03-21,VALID,1.0,1.0,NO_ADJUSTMENT_IN_WINDOW
CIEN,2023-03-07,2023-03-21,VALID,1.0,1.0,NO_ADJUSTMENT_IN_WINDOW
KALA,2023-03-07,2023-03-21,VALID,50.0,50.0,NO_ADJUSTMENT_IN_WINDOW
PTGX,2023-03-08,2023-03-22,VALID,1.0,1.0,NO_ADJUSTMENT_IN_WINDOW
WW,2023-03-08,2023-03-22,VALID,1.0,1.0,NO_ADJUSTMENT_IN_WINDOW
DSEY,2023-03-09,2023-03-23,VALID,1.0,1.0,NO_ADJUSTMENT_IN_WINDOW
ASAN,2023-03-10,2023-03-24,VALID,1.0,1.0,NO_ADJUSTMENT_IN_WINDOW
PRVB,2023-03-14,2023-03-28,VALID,1.0,1.0,NO_ADJUSTMENT_IN_WINDOW
AMLX,2023-03-15,2023-03-29,VALID,1.0,1.0,NO_ADJUSTMENT_IN_WINDOW
BOH,2023-03-15,2023-03-29,VALID,0.8566176470588235,0.856628105442822,NO_ADJUSTMENT_IN_WINDOW
CUBI,2023-03-15,2023-03-29,VALID,1.0,1.0,NO_ADJUSTMENT_IN_WINDOW
CVBF,2023-03-15,2023-03-29,VALID,0.8493589743589745,0.849112426035503,SMALL_UNLISTED_FACTOR_CHANGE_<=0.2pct (dividend or raw cent-rounding noise)
MNTV,2023-03-15,2023-03-29,VALID,1.0,1.0,NO_ADJUSTMENT_IN_WINDOW
SBCF,2023-03-15,2023-03-29,VALID,0.910097997443545,0.9101307189542484,NO_ADJUSTMENT_IN_WINDOW
UCB,2023-03-15,2023-03-29,VALID,0.8914307871267932,0.89159604519774,SMALL_UNLISTED_FACTOR_CHANGE_<=0.2pct (dividend or raw cent-rounding noise)
UMBF,2023-03-15,2023-03-29,VALID,0.942765787370104,0.942684766214178,NO_ADJUSTMENT_IN_WINDOW
UNVR,2023-03-15,2023-03-29,VALID,1.0,1.0,NO_ADJUSTMENT_IN_WINDOW
ONON,2023-03-22,2023-04-05,VALID,1.0,1.0,NO_ADJUSTMENT_IN_WINDOW
OLLI,2023-03-23,2023-04-06,VALID,1.0,1.0,NO_ADJUSTMENT_IN_WINDOW
BLKB,2023-03-28,2023-04-12,VALID,1.0,1.0,NO_ADJUSTMENT_IN_WINDOW
BMEA,2023-03-29,2023-04-13,VALID,1.0,1.0,NO_ADJUSTMENT_IN_WINDOW
OSCR,2023-03-29,2023-04-13,VALID,1.0,1.0,NO_ADJUSTMENT_IN_WINDOW
PVH,2023-03-29,2023-04-13,VALID,0.9940364439536169,0.9939580483356133,NO_ADJUSTMENT_IN_WINDOW
VKTX,2023-03-29,2023-04-13,VALID,1.0,1.0,NO_ADJUSTMENT_IN_WINDOW
EBS,2023-03-30,2023-04-14,VALID,1.0,1.0,NO_ADJUSTMENT_IN_WINDOW
FLNC,2023-03-31,2023-04-17,VALID,1.0,1.0,NO_ADJUSTMENT_IN_WINDOW
MCB,2023-04-03,2023-04-18,VALID,0.9870090634441088,0.9870129870129869,NO_ADJUSTMENT_IN_WINDOW
GFAI,2023-04-04,2023-04-19,VALID,1.0,1.0,NO_ADJUSTMENT_IN_WINDOW
HSKA,2023-04-04,2023-04-19,VALID,1.0,1.0,NO_ADJUSTMENT_IN_WINDOW
CDLX,2023-04-05,2023-04-20,VALID,10.0,10.0,NO_ADJUSTMENT_IN_WINDOW
IFRX,2023-04-06,2023-04-21,VALID,1.0,1.0,NO_ADJUSTMENT_IN_WINDOW
GFAI,2023-04-11,2023-04-25,VALID,1.0,1.0,NO_ADJUSTMENT_IN_WINDOW
PKX,2023-04-11,2023-04-25,VALID,0.93686327077748,0.9369138959931799,NO_ADJUSTMENT_IN_WINDOW
WW,2023-04-12,2023-04-26,VALID,1.0,1.0,NO_ADJUSTMENT_IN_WINDOW
TRTN,2023-04-13,2023-04-27,VALID,0.9832530120481927,0.9833111621719677,NO_ADJUSTMENT_IN_WINDOW
CXAI,2023-04-14,2023-04-28,VALID,50.0,50.0,NO_ADJUSTMENT_IN_WINDOW
BFRG,2023-04-17,2023-05-01,VALID,1.0,1.0,NO_ADJUSTMENT_IN_WINDOW
CXAI,2023-04-17,2023-05-01,VALID,50.0,50.0,NO_ADJUSTMENT_IN_WINDOW
PCVX,2023-04-18,2023-05-02,VALID,1.0,1.0,NO_ADJUSTMENT_IN_WINDOW
ROIV,2023-04-18,2023-05-02,VALID,1.0,1.0,NO_ADJUSTMENT_IN_WINDOW
LEGN,2023-04-20,2023-05-04,VALID,1.0,1.0,NO_ADJUSTMENT_IN_WINDOW
MCB,2023-04-20,2023-05-04,VALID,0.986920671026443,0.986908358509567,NO_ADJUSTMENT_IN_WINDOW
CALX,2023-04-21,2023-05-05,VALID,1.0,1.0,NO_ADJUSTMENT_IN_WINDOW
KC,2023-04-21,2023-05-05,VALID,1.0,1.0,NO_ADJUSTMENT_IN_WINDOW
XPO,2023-04-21,2023-05-05,VALID,1.0,1.0,NO_ADJUSTMENT_IN_WINDOW
LOGC,2023-04-24,2023-05-08,VALID,1.0,1.0,NO_ADJUSTMENT_IN_WINDOW
PHG,2023-04-25,2023-05-09,VALID,0.8552507095553452,0.8554216867469879,SMALL_UNLISTED_FACTOR_CHANGE_<=0.2pct (dividend or raw cent-rounding noise)
ARWR,2023-04-26,2023-05-10,VALID,1.0,1.0,NO_ADJUSTMENT_IN_WINDOW
MEDP,2023-04-26,2023-05-10,VALID,1.0,1.0,NO_ADJUSTMENT_IN_WINDOW
VRT,2023-04-27,2023-05-11,VALID,0.9964285714285713,0.9960861056751468,SMALL_UNLISTED_FACTOR_CHANGE_<=0.2pct (dividend or raw cent-rounding noise)
HUDI,2023-05-01,2023-05-15,VALID,1.0,1.0,NO_ADJUSTMENT_IN_WINDOW
TOP,2023-05-01,2023-05-15,VALID,4.999999999999999,5.0,NO_ADJUSTMENT_IN_WINDOW
CDLX,2023-05-02,2023-05-16,VALID,10.0,10.0,NO_ADJUSTMENT_IN_WINDOW
FLS,2023-05-03,2023-05-17,VALID,0.945545936889137,0.9455801900374318,NO_ADJUSTMENT_IN_WINDOW
SFM,2023-05-03,2023-05-17,VALID,1.0,1.0,NO_ADJUSTMENT_IN_WINDOW
WWD,2023-05-03,2023-05-17,VALID,0.9809923255398894,0.9809325863003795,NO_ADJUSTMENT_IN_WINDOW
BCRX,2023-05-04,2023-05-18,VALID,1.0,1.0,NO_ADJUSTMENT_IN_WINDOW
FRSH,2023-05-04,2023-05-18,VALID,1.0,1.0,NO_ADJUSTMENT_IN_WINDOW
GDC,2023-05-04,2023-05-18,VALID,250.0,250.0,NO_ADJUSTMENT_IN_WINDOW
RUTH,2023-05-04,2023-05-18,VALID,1.0,1.0,NO_ADJUSTMENT_IN_WINDOW
ARNC,2023-05-05,2023-05-19,VALID,1.0,1.0,NO_ADJUSTMENT_IN_WINDOW
GDC,2023-05-05,2023-05-19,VALID,250.00000000000003,250.0,NO_ADJUSTMENT_IN_WINDOW
PCOR,2023-05-05,2023-05-19,VALID,1.0,1.0,NO_ADJUSTMENT_IN_WINDOW
FIVN,2023-05-08,2023-05-22,VALID,1.0,1.0,NO_ADJUSTMENT_IN_WINDOW
NCR,2023-05-08,2023-05-22,VALID,1.0,1.0,NO_ADJUSTMENT_IN_WINDOW
VYX,2023-05-08,2023-05-22,VALID,1.0,1.0,NO_ADJUSTMENT_IN_WINDOW
HLIT,2023-05-10,2023-05-24,VALID,1.0,1.0,NO_ADJUSTMENT_IN_WINDOW
NVAX,2023-05-10,2023-05-24,VALID,1.0,1.0,NO_ADJUSTMENT_IN_WINDOW
SHLS,2023-05-10,2023-05-24,VALID,1.0,1.0,NO_ADJUSTMENT_IN_WINDOW
CARG,2023-05-11,2023-05-25,VALID,1.0,1.0,NO_ADJUSTMENT_IN_WINDOW
DAR,2023-05-11,2023-05-25,VALID,1.0,1.0,NO_ADJUSTMENT_IN_WINDOW
IAC,2023-05-11,2023-05-25,VALID,0.8238589553468446,0.8237830070055685,NO_ADJUSTMENT_IN_WINDOW
PPLI,2023-05-11,2023-05-25,VALID,0.8238589553468446,0.8237830070055685,NO_ADJUSTMENT_IN_WINDOW
RNG,2023-05-11,2023-05-25,VALID,0.994717728623308,0.9945762711864407,SMALL_UNLISTED_FACTOR_CHANGE_<=0.2pct (dividend or raw cent-rounding noise)
UPST,2023-05-11,2023-05-25,VALID,1.0,1.0,NO_ADJUSTMENT_IN_WINDOW
APP,2023-05-12,2023-05-26,VALID,1.0,1.0,NO_ADJUSTMENT_IN_WINDOW
FLNC,2023-05-12,2023-05-26,VALID,1.0,1.0,NO_ADJUSTMENT_IN_WINDOW
GT,2023-05-12,2023-05-26,VALID,1.0,1.0,NO_ADJUSTMENT_IN_WINDOW
SPRY,2023-05-15,2023-05-30,VALID,1.0,1.0,NO_ADJUSTMENT_IN_WINDOW
MMP,2023-05-16,2023-05-31,VALID,0.9803889524432098,0.9804019265902674,NO_ADJUSTMENT_IN_WINDOW
APLD,2023-05-17,2023-06-01,VALID,1.0,1.0,NO_ADJUSTMENT_IN_WINDOW
GDC,2023-05-17,2023-06-01,VALID,250.0,249.99999999999997,NO_ADJUSTMENT_IN_WINDOW
GDC,2023-05-18,2023-06-02,VALID,250.0,250.0,NO_ADJUSTMENT_IN_WINDOW
OMH,2023-05-18,2023-06-02,VALID,500.0,499.99999999999994,NO_ADJUSTMENT_IN_WINDOW
DLO,2023-05-19,2023-06-05,VALID,0.9372384937238494,0.9373727087576375,SMALL_UNLISTED_FACTOR_CHANGE_<=0.2pct (dividend or raw cent-rounding noise)
GOOS,2023-05-19,2023-06-05,VALID,1.0,1.0,NO_ADJUSTMENT_IN_WINDOW
GSIT,2023-05-22,2023-06-06,VALID,1.0,1.0,NO_ADJUSTMENT_IN_WINDOW
MNK,2023-05-22,2023-06-06,VALID,1.0,1.0,NO_ADJUSTMENT_IN_WINDOW
YELP,2023-05-24,2023-06-08,VALID,1.0,1.0,NO_ADJUSTMENT_IN_WINDOW
ANF,2023-05-25,2023-06-09,VALID,1.0,1.0,NO_ADJUSTMENT_IN_WINDOW
RETA,2023-05-25,2023-06-09,VALID,1.0,1.0,NO_ADJUSTMENT_IN_WINDOW
URBN,2023-05-25,2023-06-09,VALID,1.0,1.0,NO_ADJUSTMENT_IN_WINDOW
APLD,2023-05-26,2023-06-12,VALID,1.0,1.0,NO_ADJUSTMENT_IN_WINDOW
DISH,2023-05-26,2023-06-12,VALID,1.0,1.0,NO_ADJUSTMENT_IN_WINDOW
ELF,2023-05-26,2023-06-12,VALID,1.0,1.0,NO_ADJUSTMENT_IN_WINDOW
GFAI,2023-05-26,2023-06-12,VALID,1.0,1.0,NO_ADJUSTMENT_IN_WINDOW
GSIT,2023-05-26,2023-06-12,VALID,1.0,1.0,NO_ADJUSTMENT_IN_WINDOW
NTNX,2023-05-26,2023-06-12,VALID,1.0,1.0,NO_ADJUSTMENT_IN_WINDOW
VRT,2023-05-26,2023-06-12,VALID,0.9962606837606838,0.9962103268593084,NO_ADJUSTMENT_IN_WINDOW
RCUS,2023-05-30,2023-06-13,VALID,1.0,1.0,NO_ADJUSTMENT_IN_WINDOW
EVA,2023-05-31,2023-06-14,VALID,1.0,1.0,NO_ADJUSTMENT_IN_WINDOW
IOVA,2023-05-31,2023-06-14,VALID,1.0,1.0,NO_ADJUSTMENT_IN_WINDOW
TOP,2023-05-31,2023-06-14,VALID,5.0,5.0,NO_ADJUSTMENT_IN_WINDOW
UCAR,2023-06-02,2023-06-16,VALID,20000.0,20000.0,NO_ADJUSTMENT_IN_WINDOW
CC,2023-06-05,2023-06-20,VALID,0.8931003849570625,0.8930576070901034,NO_ADJUSTMENT_IN_WINDOW
IOT,2023-06-05,2023-06-20,VALID,1.0,1.0,NO_ADJUSTMENT_IN_WINDOW
UCAR,2023-06-05,2023-06-20,VALID,20000.0,20000.0,NO_ADJUSTMENT_IN_WINDOW
THO,2023-06-07,2023-06-22,VALID,0.9327014218009478,0.9327075203037655,NO_ADJUSTMENT_IN_WINDOW
PLAY,2023-06-08,2023-06-23,VALID,1.0,1.0,NO_ADJUSTMENT_IN_WINDOW
YEXT,2023-06-08,2023-06-23,VALID,1.0,1.0,NO_ADJUSTMENT_IN_WINDOW
SMTC,2023-06-09,2023-06-26,VALID,1.0,1.0,NO_ADJUSTMENT_IN_WINDOW
BRZE,2023-06-12,2023-06-27,VALID,1.0,1.0,NO_ADJUSTMENT_IN_WINDOW
KDNY,2023-06-13,2023-06-28,VALID,1.0,1.0,NO_ADJUSTMENT_IN_WINDOW
MANU,2023-06-14,2023-06-29,VALID,1.0,1.0,NO_ADJUSTMENT_IN_WINDOW
MVIS,2023-06-16,2023-07-03,VALID,15.001064962726305,14.999999999999998,NO_ADJUSTMENT_IN_WINDOW
ENVX,2023-06-20,2023-07-05,VALID,1.0,1.0,NO_ADJUSTMENT_IN_WINDOW
DICE,2023-06-21,2023-07-06,VALID,1.0,1.0,NO_ADJUSTMENT_IN_WINDOW
VCIG,2023-06-21,2023-07-06,VALID,26413168.14084507,26460000.0,SMALL_UNLISTED_FACTOR_CHANGE_<=0.2pct (dividend or raw cent-rounding noise)
TRUP,2023-06-26,2023-07-11,VALID,1.0,1.0,NO_ADJUSTMENT_IN_WINDOW
MLTX,2023-06-27,2023-07-12,VALID,1.0,1.0,NO_ADJUSTMENT_IN_WINDOW
BDTX,2023-06-28,2023-07-13,VALID,1.0,1.0,NO_ADJUSTMENT_IN_WINDOW
NERV,2023-06-29,2023-07-14,VALID,1.0,1.0,NO_ADJUSTMENT_IN_WINDOW
XPOF,2023-06-29,2023-07-14,VALID,1.0,1.0,NO_ADJUSTMENT_IN_WINDOW
TOP,2023-07-03,2023-07-18,VALID,5.0,5.0,NO_ADJUSTMENT_IN_WINDOW
MP,2023-07-06,2023-07-20,VALID,1.0,1.0,NO_ADJUSTMENT_IN_WINDOW
CRBU,2023-07-07,2023-07-21,VALID,1.0,1.0,NO_ADJUSTMENT_IN_WINDOW
SG,2023-07-07,2023-07-21,VALID,1.0,1.0,NO_ADJUSTMENT_IN_WINDOW
TOP,2023-07-10,2023-07-24,VALID,5.0,5.0,NO_ADJUSTMENT_IN_WINDOW
HELE,2023-07-11,2023-07-25,VALID,1.0,1.0,NO_ADJUSTMENT_IN_WINDOW
IEP,2023-07-11,2023-07-25,VALID,0.48656294200848654,0.48660170523751517,NO_ADJUSTMENT_IN_WINDOW
ELOX,2023-07-13,2023-07-27,VALID,11.000000000000002,11.0,NO_ADJUSTMENT_IN_WINDOW
RXRX,2023-07-13,2023-07-27,VALID,1.0,1.0,NO_ADJUSTMENT_IN_WINDOW
ACAD,2023-07-17,2023-07-31,VALID,1.0,1.0,NO_ADJUSTMENT_IN_WINDOW
PRFX,2023-07-17,2023-07-31,VALID,120.0,120.0,NO_ADJUSTMENT_IN_WINDOW
BKI,2023-07-18,2023-08-01,VALID,1.0,1.0,NO_ADJUSTMENT_IN_WINDOW
PRFX,2023-07-18,2023-08-01,VALID,120.0,120.0,NO_ADJUSTMENT_IN_WINDOW
PRFX,2023-07-21,2023-08-04,VALID,120.0,120.0,NO_ADJUSTMENT_IN_WINDOW
PSQH,2023-07-21,2023-08-04,VALID,15.000000000000002,15.000000000000002,NO_ADJUSTMENT_IN_WINDOW
DJT,2023-07-24,2023-08-07,VALID,1.0,1.0,NO_ADJUSTMENT_IN_WINDOW
GFAI,2023-07-24,2023-08-07,VALID,1.0,1.0,NO_ADJUSTMENT_IN_WINDOW
PKX,2023-07-25,2023-08-08,VALID,0.94131876706984,0.9413118527042578,NO_ADJUSTMENT_IN_WINDOW
TENB,2023-07-27,2023-08-10,VALID,1.0,1.0,NO_ADJUSTMENT_IN_WINDOW
TSEM,2023-07-27,2023-08-10,VALID,1.0,1.0,NO_ADJUSTMENT_IN_WINDOW
VICR,2023-07-27,2023-08-10,VALID,1.0,1.0,NO_ADJUSTMENT_IN_WINDOW
WW,2023-07-27,2023-08-10,VALID,1.0,1.0,NO_ADJUSTMENT_IN_WINDOW
NXT,2023-07-28,2023-08-11,VALID,1.0,1.0,NO_ADJUSTMENT_IN_WINDOW
SAM,2023-07-31,2023-08-14,VALID,1.0,1.0,NO_ADJUSTMENT_IN_WINDOW
ACHR,2023-08-01,2023-08-15,VALID,1.0,1.0,NO_ADJUSTMENT_IN_WINDOW
AURC,2023-08-01,2023-08-15,VALID,1.0,1.0,NO_ADJUSTMENT_IN_WINDOW
BETR,2023-08-01,2023-08-15,VALID,50.0,50.0,NO_ADJUSTMENT_IN_WINDOW
GDRX,2023-08-01,2023-08-15,VALID,1.0,1.0,NO_ADJUSTMENT_IN_WINDOW
NEWR,2023-08-01,2023-08-15,VALID,1.0,1.0,NO_ADJUSTMENT_IN_WINDOW
AMSC,2023-08-02,2023-08-16,VALID,1.0,1.0,NO_ADJUSTMENT_IN_WINDOW
VRNS,2023-08-02,2023-08-16,VALID,1.0,1.0,NO_ADJUSTMENT_IN_WINDOW
ERIE,2023-08-03,2023-08-17,VALID,0.9524587612822906,0.9524548532731378,NO_ADJUSTMENT_IN_WINDOW
FRSH,2023-08-03,2023-08-17,VALID,1.0,1.0,NO_ADJUSTMENT_IN_WINDOW
YOU,2023-08-03,2023-08-17,VALID,0.8958677685950414,0.8987455197132616,"UNLISTED_FACTOR_CHANGE_>0.2pct (dividend/special distribution/other, not in CA metadata)"
AURC,2023-08-04,2023-08-18,VALID,1.0,1.0,NO_ADJUSTMENT_IN_WINDOW
AURE,2023-08-04,2023-08-18,VALID,10.0,10.000000000000002,NO_ADJUSTMENT_IN_WINDOW
BETR,2023-08-04,2023-08-18,VALID,50.00000000000001,50.0,NO_ADJUSTMENT_IN_WINDOW
BOOT,2023-08-04,2023-08-18,VALID,1.0,1.0,NO_ADJUSTMENT_IN_WINDOW
CSTL,2023-08-04,2023-08-18,VALID,1.0,1.0,NO_ADJUSTMENT_IN_WINDOW
FSLY,2023-08-04,2023-08-18,VALID,1.0,1.0,NO_ADJUSTMENT_IN_WINDOW
PWM,2023-08-04,2023-08-18,VALID,1.0,1.0,NO_ADJUSTMENT_IN_WINDOW
RELY,2023-08-04,2023-08-18,VALID,1.0,1.0,NO_ADJUSTMENT_IN_WINDOW
UPWK,2023-08-04,2023-08-18,VALID,1.0,1.0,NO_ADJUSTMENT_IN_WINDOW
AAOI,2023-08-07,2023-08-21,VALID,1.0,1.0,NO_ADJUSTMENT_IN_WINDOW
FIGS,2023-08-07,2023-08-21,VALID,1.0,1.0,NO_ADJUSTMENT_IN_WINDOW
FLR,2023-08-07,2023-08-21,VALID,1.0,1.0,NO_ADJUSTMENT_IN_WINDOW
IRTC,2023-08-07,2023-08-21,VALID,1.0,1.0,NO_ADJUSTMENT_IN_WINDOW
NTRA,2023-08-07,2023-08-21,VALID,1.0,1.0,NO_ADJUSTMENT_IN_WINDOW
QLYS,2023-08-07,2023-08-21,VALID,1.0,1.0,NO_ADJUSTMENT_IN_WINDOW
TDS,2023-08-07,2023-08-21,VALID,0.956140350877193,0.9566184649610678,SMALL_UNLISTED_FACTOR_CHANGE_<=0.2pct (dividend or raw cent-rounding noise)
TRUP,2023-08-07,2023-08-21,VALID,1.0,1.0,NO_ADJUSTMENT_IN_WINDOW
TWST,2023-08-07,2023-08-21,VALID,1.0,1.0,NO_ADJUSTMENT_IN_WINDOW
VRTV,2023-08-08,2023-08-22,VALID,0.9962633451957296,1.0,"UNLISTED_FACTOR_CHANGE_>0.2pct (dividend/special distribution/other, not in CA metadata)"
VTGN,2023-08-08,2023-08-22,VALID,1.0,1.0,NO_ADJUSTMENT_IN_WINDOW
AD,2023-08-09,2023-08-23,VALID,0.4571428571428572,0.457099849473156,NO_ADJUSTMENT_IN_WINDOW
CHGG,2023-08-09,2023-08-23,VALID,1.0,1.0,NO_ADJUSTMENT_IN_WINDOW
HIMS,2023-08-09,2023-08-23,VALID,1.0,1.0,NO_ADJUSTMENT_IN_WINDOW
KD,2023-08-09,2023-08-23,VALID,1.0,1.0,NO_ADJUSTMENT_IN_WINDOW
WW,2023-08-09,2023-08-23,VALID,1.0,1.0,NO_ADJUSTMENT_IN_WINDOW
AZTA,2023-08-10,2023-08-24,VALID,1.0,1.0,NO_ADJUSTMENT_IN_WINDOW
MQ,2023-08-10,2023-08-24,VALID,4.0,4.0,NO_ADJUSTMENT_IN_WINDOW
RKLB,2023-08-10,2023-08-24,VALID,1.0,1.0,NO_ADJUSTMENT_IN_WINDOW
RPD,2023-08-10,2023-08-24,VALID,1.0,1.0,NO_ADJUSTMENT_IN_WINDOW
TNGX,2023-08-10,2023-08-24,VALID,1.0,1.0,NO_ADJUSTMENT_IN_WINDOW
VTGN,2023-08-10,2023-08-24,VALID,1.0,1.0,NO_ADJUSTMENT_IN_WINDOW
APP,2023-08-11,2023-08-25,VALID,1.0,1.0,NO_ADJUSTMENT_IN_WINDOW
YETI,2023-08-11,2023-08-25,VALID,1.0,1.0,NO_ADJUSTMENT_IN_WINDOW
ACHR,2023-08-14,2023-08-28,VALID,1.0,1.0,NO_ADJUSTMENT_IN_WINDOW
DCTH,2023-08-16,2023-08-30,VALID,1.0,1.0,NO_ADJUSTMENT_IN_WINDOW
DLO,2023-08-17,2023-08-31,VALID,0.9376208897485494,0.9375,SMALL_UNLISTED_FACTOR_CHANGE_<=0.2pct (dividend or raw cent-rounding noise)
APLD,2023-08-23,2023-09-07,VALID,1.0,1.0,NO_ADJUSTMENT_IN_WINDOW
FN,2023-08-23,2023-09-07,VALID,1.0,1.0,NO_ADJUSTMENT_IN_WINDOW
FULC,2023-08-23,2023-09-07,VALID,1.0,1.0,NO_ADJUSTMENT_IN_WINDOW
ANF,2023-08-24,2023-09-08,VALID,1.0,1.0,NO_ADJUSTMENT_IN_WINDOW
VCIG,2023-08-24,2023-09-08,VALID,26460000.0,26459999.999999996,NO_ADJUSTMENT_IN_WINDOW
CIEN,2023-09-01,2023-09-18,VALID,1.0,1.0,NO_ADJUSTMENT_IN_WINDOW
ESTC,2023-09-05,2023-09-19,VALID,1.0,1.0,NO_ADJUSTMENT_IN_WINDOW
NTNX,2023-09-05,2023-09-19,VALID,1.0,1.0,NO_ADJUSTMENT_IN_WINDOW
AVAV,2023-09-07,2023-09-21,VALID,1.0,1.0,NO_ADJUSTMENT_IN_WINDOW
NXGN,2023-09-07,2023-09-21,VALID,1.0,1.0,NO_ADJUSTMENT_IN_WINDOW
MLTX,2023-09-13,2023-09-27,VALID,1.0,1.0,NO_ADJUSTMENT_IN_WINDOW
RCKT,2023-09-14,2023-09-28,VALID,1.0,1.0,NO_ADJUSTMENT_IN_WINDOW
IOVA,2023-09-18,2023-10-02,VALID,1.0,1.0,NO_ADJUSTMENT_IN_WINDOW
CART,2023-09-20,2023-10-04,VALID,1.0,1.0,NO_ADJUSTMENT_IN_WINDOW
BHC,2023-09-21,2023-10-05,VALID,1.0,1.0,NO_ADJUSTMENT_IN_WINDOW
ICPT,2023-09-27,2023-10-11,VALID,1.0,1.0,NO_ADJUSTMENT_IN_WINDOW
IMVT,2023-09-27,2023-10-11,VALID,1.0,1.0,NO_ADJUSTMENT_IN_WINDOW
ROIV,2023-09-27,2023-10-11,VALID,1.0,1.0,NO_ADJUSTMENT_IN_WINDOW
BHVN,2023-09-28,2023-10-12,VALID,1.0,1.0,NO_ADJUSTMENT_IN_WINDOW
MLKN,2023-09-28,2023-10-12,VALID,0.9018974566007267,0.9016921837228041,SMALL_UNLISTED_FACTOR_CHANGE_<=0.2pct (dividend or raw cent-rounding noise)
GPCR,2023-10-02,2023-10-16,VALID,1.0,1.0,NO_ADJUSTMENT_IN_WINDOW
ODD,2023-10-04,2023-10-18,VALID,1.0,1.0,NO_ADJUSTMENT_IN_WINDOW
PNT,2023-10-04,2023-10-18,VALID,1.0,1.0,NO_ADJUSTMENT_IN_WINDOW
CMBT,2023-10-06,2023-10-20,VALID,0.6937826844857641,0.6938202247191011,NO_ADJUSTMENT_IN_WINDOW
VFS,2023-10-06,2023-10-20,VALID,1.0,1.0,NO_ADJUSTMENT_IN_WINDOW
COHR,2023-10-11,2023-10-25,VALID,1.0,1.0,NO_ADJUSTMENT_IN_WINDOW
TPST,2023-10-12,2023-10-26,VALID,13.000000000000002,13.0,NO_ADJUSTMENT_IN_WINDOW
VSAT,2023-10-13,2023-10-27,VALID,1.0,1.0,NO_ADJUSTMENT_IN_WINDOW
WH,2023-10-18,2023-11-01,VALID,0.9419259656652361,0.9418332184700207,NO_ADJUSTMENT_IN_WINDOW
EEFT,2023-10-23,2023-11-06,VALID,1.0,1.0,NO_ADJUSTMENT_IN_WINDOW
LOGI,2023-10-25,2023-11-08,VALID,0.9705428350913302,0.970512029611351,NO_ADJUSTMENT_IN_WINDOW
LRN,2023-10-26,2023-11-09,VALID,1.0,1.0,NO_ADJUSTMENT_IN_WINDOW
EDR,2023-10-27,2023-11-10,VALID,0.9869310500225326,0.9868366927190456,NO_ADJUSTMENT_IN_WINDOW
GSHD,2023-10-27,2023-11-10,VALID,0.9464097546289326,0.9464260929909785,NO_ADJUSTMENT_IN_WINDOW
PI,2023-10-27,2023-11-10,VALID,1.0,1.0,NO_ADJUSTMENT_IN_WINDOW
ARCB,2023-10-30,2023-11-13,VALID,0.9852843444412798,0.9862660944206009,SMALL_UNLISTED_FACTOR_CHANGE_<=0.2pct (dividend or raw cent-rounding noise)
COUR,2023-10-30,2023-11-13,VALID,1.0,1.0,NO_ADJUSTMENT_IN_WINDOW
JNPR,2023-10-30,2023-11-13,VALID,0.9569288389513109,0.9568452380952381,NO_ADJUSTMENT_IN_WINDOW
LITE,2023-10-31,2023-11-14,VALID,1.0,1.0,NO_ADJUSTMENT_IN_WINDOW
HRMY,2023-11-01,2023-11-15,VALID,1.0,1.0,NO_ADJUSTMENT_IN_WINDOW
CRSP,2023-11-02,2023-11-16,VALID,1.0,1.0,NO_ADJUSTMENT_IN_WINDOW
FTDR,2023-11-02,2023-11-16,VALID,1.0,1.0,NO_ADJUSTMENT_IN_WINDOW
TGTX,2023-11-02,2023-11-16,VALID,1.0,1.0,NO_ADJUSTMENT_IN_WINDOW
FSLY,2023-11-03,2023-11-17,VALID,1.0,1.0,NO_ADJUSTMENT_IN_WINDOW
INMD,2023-11-03,2023-11-17,VALID,1.0,1.0,NO_ADJUSTMENT_IN_WINDOW
JOBY,2023-11-03,2023-11-17,VALID,1.0,1.0,NO_ADJUSTMENT_IN_WINDOW
LMND,2023-11-03,2023-11-17,VALID,1.0,1.0,NO_ADJUSTMENT_IN_WINDOW
MOD,2023-11-03,2023-11-17,VALID,0.9207288215806909,0.9207606973058637,NO_ADJUSTMENT_IN_WINDOW
RPD,2023-11-03,2023-11-17,VALID,1.0,1.0,NO_ADJUSTMENT_IN_WINDOW
SEE,2023-11-03,2023-11-17,VALID,0.9445597391046546,0.9447447447447449,SMALL_UNLISTED_FACTOR_CHANGE_<=0.2pct (dividend or raw cent-rounding noise)
DOCN,2023-11-06,2023-11-20,VALID,1.0,1.0,NO_ADJUSTMENT_IN_WINDOW
PRTA,2023-11-06,2023-11-20,VALID,1.0,1.0,NO_ADJUSTMENT_IN_WINDOW
PRVA,2023-11-06,2023-11-20,VALID,1.0,1.0,NO_ADJUSTMENT_IN_WINDOW
SPT,2023-11-06,2023-11-20,VALID,1.0,1.0,NO_ADJUSTMENT_IN_WINDOW
FRPT,2023-11-07,2023-11-21,VALID,1.0,1.0,NO_ADJUSTMENT_IN_WINDOW
MSPR,2023-11-07,2023-11-21,VALID,175.0,175.0,NO_ADJUSTMENT_IN_WINDOW
PKX,2023-11-07,2023-11-21,VALID,0.9446308724832214,0.944578313253012,NO_ADJUSTMENT_IN_WINDOW
TMDX,2023-11-08,2023-11-22,VALID,1.0,1.0,NO_ADJUSTMENT_IN_WINDOW
ENVX,2023-11-09,2023-11-24,VALID,1.0,1.0,NO_ADJUSTMENT_IN_WINDOW
KD,2023-11-09,2023-11-24,VALID,1.0,1.0,NO_ADJUSTMENT_IN_WINDOW
UPWK,2023-11-09,2023-11-24,VALID,1.0,1.0,NO_ADJUSTMENT_IN_WINDOW
YOU,2023-11-09,2023-11-24,VALID,0.8985581874356332,0.9279368213228035,"UNLISTED_FACTOR_CHANGE_>0.2pct (dividend/special distribution/other, not in CA metadata)"
BE,2023-11-10,2023-11-27,VALID,1.0,1.0,NO_ADJUSTMENT_IN_WINDOW
NTRA,2023-11-10,2023-11-27,VALID,1.0,1.0,NO_ADJUSTMENT_IN_WINDOW
VSAT,2023-11-10,2023-11-27,VALID,1.0,1.0,NO_ADJUSTMENT_IN_WINDOW
DOCS,2023-11-13,2023-11-28,VALID,1.0,1.0,NO_ADJUSTMENT_IN_WINDOW
MSPR,2023-11-14,2023-11-29,VALID,175.0,175.0,NO_ADJUSTMENT_IN_WINDOW
PEN,2023-11-14,2023-11-29,VALID,1.0,1.0,NO_ADJUSTMENT_IN_WINDOW
AZTA,2023-11-15,2023-11-30,VALID,1.0,1.0,NO_ADJUSTMENT_IN_WINDOW
MSPR,2023-11-15,2023-11-30,VALID,175.0,175.0,NO_ADJUSTMENT_IN_WINDOW
SLG,2023-11-15,2023-11-30,VALID,0.8558636626227615,0.8624555646704949,"UNLISTED_FACTOR_CHANGE_>0.2pct (dividend/special distribution/other, not in CA metadata)"
SIRI,2023-11-16,2023-12-01,VALID,8.93358633776091,8.932377049180328,SMALL_UNLISTED_FACTOR_CHANGE_<=0.2pct (dividend or raw cent-rounding noise)
YPF,2023-11-21,2023-12-06,VALID,1.0,1.0,NO_ADJUSTMENT_IN_WINDOW
DY,2023-11-22,2023-12-07,VALID,1.0,1.0,NO_ADJUSTMENT_IN_WINDOW
SYM,2023-11-22,2023-12-07,VALID,1.0,1.0,NO_ADJUSTMENT_IN_WINDOW
FLNC,2023-11-30,2023-12-14,VALID,1.0,1.0,NO_ADJUSTMENT_IN_WINDOW
GME,2023-11-30,2023-12-14,VALID,1.0,1.0,NO_ADJUSTMENT_IN_WINDOW
VVOS,2023-11-30,2023-12-14,VALID,1.0,1.0,NO_ADJUSTMENT_IN_WINDOW
VFS,2023-12-01,2023-12-15,VALID,1.0,1.0,NO_ADJUSTMENT_IN_WINDOW
IOT,2023-12-04,2023-12-18,VALID,1.0,1.0,NO_ADJUSTMENT_IN_WINDOW
SPRC,2023-12-04,2023-12-18,VALID,189.0,189.0,NO_ADJUSTMENT_IN_WINDOW
BNKK,2023-12-05,2023-12-19,VALID,35.0,35.0,NO_ADJUSTMENT_IN_WINDOW
EYPT,2023-12-05,2023-12-19,VALID,1.0,1.0,NO_ADJUSTMENT_IN_WINDOW
QXO,2023-12-05,2023-12-19,VALID,6.665529010238909,6.665970772442589,NO_ADJUSTMENT_IN_WINDOW
SHOT,2023-12-05,2023-12-19,VALID,1.0,1.0,NO_ADJUSTMENT_IN_WINDOW
VKTX,2023-12-05,2023-12-19,VALID,1.0,1.0,NO_ADJUSTMENT_IN_WINDOW
ALT,2023-12-07,2023-12-21,VALID,1.0,1.0,NO_ADJUSTMENT_IN_WINDOW
MLGO,2023-12-07,2023-12-21,VALID,6000.0,6000.0,NO_ADJUSTMENT_IN_WINDOW
SERA,2023-12-07,2023-12-21,VALID,1.0,1.0,NO_ADJUSTMENT_IN_WINDOW
JBLU,2023-12-08,2023-12-22,VALID,1.0,1.0,NO_ADJUSTMENT_IN_WINDOW
SMTC,2023-12-08,2023-12-22,VALID,1.0,1.0,NO_ADJUSTMENT_IN_WINDOW
QXO,2023-12-12,2023-12-27,VALID,6.665738161559889,6.665900383141762,NO_ADJUSTMENT_IN_WINDOW
CCCC,2023-12-14,2023-12-29,VALID,1.0,1.0,NO_ADJUSTMENT_IN_WINDOW
QXO,2023-12-14,2023-12-29,VALID,6.6658986175115205,6.666277030976038,NO_ADJUSTMENT_IN_WINDOW
SPRC,2023-12-14,2023-12-29,VALID,189.0,189.00000000000003,NO_ADJUSTMENT_IN_WINDOW
