symbol,gap_day,prev_session,entry,exit,status,named,sources,cik,id_method,vol0_prev,vol0_gap,vol0_entry,vol0_exit,vol0_in_elig20,first_traded,last_traded,symbol_zero_volume_rows,interval_covers_D_entry_exit,cik_on_entry,renamed_out_before_D,renamed_in_after_D,f345_link_by_D,f345_conflict_by_D,f345_link_only_after_D,f345_last_issuer_by_D,r1a_needed,sp_on_D,sp_first,sp_ever_by_D,r1a_qual_2019_by_D,r1a_qual_pre2019_by_entry,r1a_history_truncated,current_sic,dated_sic_r7,bench_used_gateD,bench_assigned_cik_current_sic,bench_dated_sic_r7
SBS,2019-01-03,2019-01-02,2019-01-04,2019-01-18,VALID,True,A,0001170858,SEC_TICKERS,False,False,False,False,0,2018-11-01,2023-12-29,0,True,0001170858,[],[],False,False,False,,False,False,,False,False,False,True,4941,4941,SPY,SPY,SPY
INSM,2019-01-07,2019-01-04,2019-01-08,2019-01-23,VALID,True,A,0001104506,SEC_TICKERS,False,False,False,False,0,2018-11-01,2023-12-29,0,True,0001104506,[],[],True,False,False,0001104506,False,False,,False,False,True,False,2834,2834,XBI,XBI,XBI
LXFT,2019-01-07,2019-01-04,2019-01-08,2019-01-23,VALID,True,A,,UNMAPPED,False,False,False,False,0,2018-11-01,2019-06-13,0,False,,[],[],False,False,False,,False,False,,False,False,False,False,,,SPY,SPY,SPY
QEP,2019-01-07,2019-01-04,2019-01-08,2019-01-23,VALID,True,AC,0001108827,FORM345_TICKER,False,False,False,False,0,2018-11-01,2021-03-16,0,True,0001108827,[],[],True,False,False,0001108827,False,False,2010-07-01,True,False,True,False,1311,1311,XLE,XLE,XLE
AXSM,2019-01-08,2019-01-07,2019-01-09,2019-01-24,VALID,True,A,0001579428,SEC_TICKERS,False,False,False,False,0,2018-11-01,2023-12-29,0,True,0001579428,[],[],False,False,True,,False,False,,False,False,True,False,2834,2834,XBI,XBI,XBI
VNE,2019-01-08,2019-01-07,2019-01-09,2019-01-24,VALID,True,AC,0001733186,FORM345_TICKER,False,False,False,False,0,2018-11-01,2022-03-31,0,True,0001733186,[],[],False,False,True,,False,False,,False,False,True,False,3714,3714,XLI,XLI,XLI
GMED,2019-01-09,2019-01-08,2019-01-10,2019-01-25,VALID,True,A,0001237831,SEC_TICKERS,False,False,False,False,0,2018-11-01,2023-12-29,0,True,0001237831,[],[],False,False,True,,False,False,,False,False,True,False,3841,3841,XLV,XLV,XLV
NEO,2019-01-09,2019-01-08,2019-01-10,2019-01-25,VALID,True,A,0001077183,SEC_TICKERS,False,False,False,False,0,2018-11-01,2023-12-29,0,True,0001077183,[],[],False,False,True,,False,False,,False,False,True,False,8734,8734,SPY,SPY,SPY
MBOT,2019-01-16,2019-01-15,2019-01-17,2019-02-01,VALID,True,A,0000883975,SEC_TICKERS,False,False,False,False,0,2018-11-01,2023-12-29,0,True,0000883975,[],[],False,False,True,,False,False,,False,False,True,False,3841,3841,XLV,XLV,XLV
CARS,2019-01-17,2019-01-16,2019-01-18,2019-02-04,VALID,True,A,0001683606,SEC_TICKERS,False,False,False,False,0,2018-11-01,2023-12-29,0,True,0001683606,[],[],True,False,False,0001683606,False,False,,False,False,True,False,7374,7374,XLK,XLK,XLK
MBOT,2019-01-17,2019-01-16,2019-01-18,2019-02-04,VALID,True,A,0000883975,SEC_TICKERS,False,False,False,False,0,2018-11-01,2023-12-29,0,True,0000883975,[],[],False,False,True,,False,False,,False,False,True,False,3841,3841,XLV,XLV,XLV
OZK,2019-01-18,2019-01-17,2019-01-22,2019-02-05,VALID,True,A,0001569650,SEC_TICKERS,False,False,False,False,0,2018-11-01,2023-12-29,0,True,0001569650,[],[],False,False,False,,False,False,,False,False,False,False,,,SPY,SPY,SPY
AZPN,2019-01-24,2019-01-23,2019-01-25,2019-02-08,VALID,True,A,,FORM345_AMBIGUOUS,False,False,False,False,0,2018-11-01,2023-12-29,0,False,,[],[],False,True,False,0000929940,False,False,,False,False,False,False,,,SPY,SPY,SPY
MTOR,2019-01-29,2019-01-28,2019-01-30,2019-02-13,VALID,True,AC,0001113256,FORM345_TICKER,False,False,False,False,0,2018-11-01,2022-08-02,0,True,0001113256,[],[],True,False,False,0001113256,False,False,,False,False,True,False,3714,3714,XLI,XLI,XLI
WWD,2019-01-29,2019-01-28,2019-01-30,2019-02-13,VALID,True,A,0000108312,SEC_TICKERS,False,False,False,False,0,2018-11-01,2023-12-29,0,True,0000108312,[],[],True,False,False,0000108312,False,False,,False,False,True,False,3620,3620,XLI,XLI,XLI
EVR,2019-01-30,2019-01-29,2019-01-31,2019-02-14,VALID,True,A,0001360901,SEC_TICKERS,False,False,False,False,0,2018-11-01,2023-12-29,0,True,0001360901,[],[],False,False,True,,False,False,,False,False,True,False,6282,6282,XLF,XLF,XLF
COHR,2019-01-31,2019-01-30,2019-02-01,2019-02-15,VALID,True,AC,0000820318,SEC_TICKERS,False,False,False,False,0,2018-11-01,2023-12-29,0,False,,[],"[[""2022-10-18"", ""IIVI""]]",False,False,True,,False,False,2026-03-23,False,False,True,False,3827,3827,SPY,SPY,SPY
FLEX,2019-01-31,2019-01-30,2019-02-01,2019-02-15,VALID,True,A,0000866374,SEC_TICKERS,False,False,False,False,0,2018-11-01,2023-12-29,0,True,0000866374,[],[],True,False,False,0000866374,False,False,2026-06-22,False,False,True,False,3672,3672,XLI,XLI,XLI
IIVI,2019-01-31,2019-01-30,2019-02-01,2019-02-15,VALID,True,BC,0000820318,RENAME_CHAIN_FWD,False,False,False,False,0,2018-11-01,2023-06-30,118,False,,[],"[[""2023-02-23"", ""IIVIP""]]",True,False,False,0000820318,False,False,,False,False,True,False,3827,3827,SPY,SPY,SPY
CTLT,2019-02-05,2019-02-04,2019-02-06,2019-02-21,VALID,False,D,0001596783,FORM345_TICKER,False,False,False,False,0,2018-11-01,2023-12-29,0,True,0001596783,[],[],True,False,False,0001596783,True,False,2020-09-21,False,True,False,False,2834,2834,XBI,XBI,XBI
SBH,2019-02-05,2019-02-04,2019-02-06,2019-02-21,VALID,True,A,0001368458,SEC_TICKERS,False,False,False,False,0,2018-11-01,2023-12-29,0,True,0001368458,[],[],True,False,False,0001368458,False,False,,False,True,False,False,5990,5990,SPY,SPY,SPY
MGNX,2019-02-06,2019-02-05,2019-02-07,2019-02-22,VALID,True,A,0001125345,SEC_TICKERS,False,False,False,False,0,2018-11-01,2023-12-29,0,True,0001125345,[],[],True,False,False,0001125345,False,False,,False,False,True,False,2834,2834,XBI,XBI,XBI
PLT,2019-02-06,2019-02-05,2019-02-07,2019-02-22,VALID,True,B,0000914025,FORM345_TICKER,False,False,False,False,0,2018-11-01,2021-05-21,0,True,0000914025,[],[],False,False,True,,False,False,,False,True,False,False,3661,3661,XLI,XLI,XLI
POLY,2019-02-06,2019-02-05,2019-02-07,2019-02-22,VALID,True,AC,0000914025,FORM345_TICKER,False,False,False,False,0,2018-11-01,2022-08-26,0,False,,[],"[[""2021-05-24"", ""PLT""]]",False,False,True,,False,False,,False,True,False,False,3661,3661,SPY,XLI,XLI
COLM,2019-02-08,2019-02-07,2019-02-11,2019-02-26,VALID,True,A,0001050797,SEC_TICKERS,False,False,False,False,0,2018-11-01,2023-12-29,0,True,0001050797,[],[],True,False,False,0001050797,False,False,,False,False,True,False,2300,2300,SPY,SPY,SPY
COTY,2019-02-08,2019-02-07,2019-02-11,2019-02-26,VALID,True,AD,0001024305,SEC_TICKERS,False,False,False,False,0,2018-11-01,2023-12-29,0,True,0001024305,[],[],True,False,False,0001024305,False,True,2016-10-03,True,True,False,False,2844,2844,SPY,SPY,SPY
MAT,2019-02-08,2019-02-07,2019-02-11,2019-02-26,VALID,True,AD,0000063276,SEC_TICKERS,False,False,False,False,0,2018-11-01,2023-12-29,0,True,0000063276,[],[],True,False,False,0000063276,False,True,1996-01-02,True,False,True,False,3942,3942,SPY,SPY,SPY
UI,2019-02-08,2019-02-07,2019-02-11,2019-02-26,VALID,True,A,0001511737,SEC_TICKERS,False,False,False,False,0,2018-11-01,2023-12-29,0,True,0001511737,[],[],False,False,True,,False,False,,False,True,False,False,3663,3663,XLI,XLI,XLI
NSP,2019-02-11,2019-02-08,2019-02-12,2019-02-27,VALID,True,A,0001000753,SEC_TICKERS,False,False,False,False,0,2018-11-01,2023-12-29,0,True,0001000753,[],[],False,False,True,,False,False,,False,True,False,False,7363,7363,SPY,SPY,SPY
NUVA,2019-02-11,2019-02-08,2019-02-12,2019-02-27,VALID,False,C,0001142596,FORM345_TICKER,False,False,False,False,0,2018-11-01,2023-08-31,1,True,0001142596,[],[],True,False,False,0001142596,True,False,,False,False,True,False,3841,3841,XLV,XLV,XLV
CHGG,2019-02-12,2019-02-11,2019-02-13,2019-02-28,VALID,True,A,0001364954,SEC_TICKERS,False,False,False,False,0,2018-11-01,2023-12-29,0,True,0001364954,[],[],True,False,False,0001364954,False,False,,False,False,True,False,8200,8200,SPY,SPY,SPY
MIME,2019-02-12,2019-02-11,2019-02-13,2019-02-28,VALID,True,AC,0001644675,FORM345_TICKER,False,False,False,False,0,2018-11-01,2022-05-18,0,True,0001644675,[],[],True,False,False,0001644675,False,False,,False,True,False,False,7372,7372,XLK,XLK,XLK
IRWD,2019-02-13,2019-02-12,2019-02-14,2019-03-01,VALID,True,A,0001446847,SEC_TICKERS,False,False,False,False,0,2018-11-01,2023-12-29,0,True,0001446847,[],[],True,False,False,0001446847,False,False,,False,False,True,False,2834,2834,XBI,XBI,XBI
NGVT,2019-02-14,2019-02-13,2019-02-15,2019-03-04,VALID,True,A,0001653477,SEC_TICKERS,False,False,False,False,0,2018-11-01,2023-12-29,0,True,0001653477,[],[],False,False,True,,False,False,,False,False,True,False,2800,2800,SPY,SPY,SPY
YETI,2019-02-14,2019-02-13,2019-02-15,2019-03-04,VALID,True,A,0001670592,SEC_TICKERS,False,False,False,False,0,2018-11-01,2023-12-29,0,True,0001670592,[],[],True,False,False,0001670592,False,False,,False,False,True,False,3949,3949,SPY,SPY,SPY
TLND,2019-02-15,2019-02-14,2019-02-19,2019-03-05,VALID,True,AC,0001668105,FORM345_TICKER,False,False,False,False,0,2018-11-01,2021-07-29,0,True,0001668105,[],[],True,False,False,0001668105,False,False,,False,False,False,False,7372,7372,XLK,XLK,XLK
TNET,2019-02-15,2019-02-14,2019-02-19,2019-03-05,VALID,True,A,0000937098,SEC_TICKERS,False,False,False,False,0,2018-11-01,2023-12-29,0,True,0000937098,[],[],True,False,False,0000937098,False,False,,False,True,False,False,7389,7389,SPY,SPY,SPY
ATTU,2019-02-21,2019-02-20,2019-02-22,2019-03-08,VALID,True,A,,UNMAPPED,False,False,False,False,0,2018-11-01,2019-05-03,0,False,,[],[],False,False,False,,False,False,,False,False,False,False,,,SPY,SPY,SPY
CAR,2019-02-21,2019-02-20,2019-02-22,2019-03-08,VALID,True,A,0000723612,SEC_TICKERS,False,False,False,False,0,2018-11-01,2023-12-29,0,True,0000723612,[],[],True,False,False,0000723612,False,False,1996-01-02,True,True,False,False,7510,7510,SPY,SPY,SPY
LOPE,2019-02-21,2019-02-20,2019-02-22,2019-03-08,VALID,True,A,0001434588,SEC_TICKERS,False,False,False,False,0,2018-11-01,2023-12-29,0,True,0001434588,[],[],True,False,False,0001434588,False,False,,False,True,False,False,8200,8200,SPY,SPY,SPY
BYD,2019-02-22,2019-02-21,2019-02-25,2019-03-11,VALID,True,A,0000906553,SEC_TICKERS,False,False,False,False,0,2018-11-01,2023-12-29,0,True,0000906553,[],[],True,False,False,0000906553,False,False,,False,False,True,False,7011,7011,SPY,SPY,SPY
CRSP,2019-02-25,2019-02-22,2019-02-26,2019-03-12,VALID,True,A,0001674416,SEC_TICKERS,False,False,False,False,0,2018-11-01,2023-12-29,1,True,0001674416,[],[],True,False,False,0001674416,False,False,,False,True,False,False,2836,2836,XBI,XBI,XBI
QURE,2019-02-25,2019-02-22,2019-02-26,2019-03-12,VALID,True,A,0001590560,SEC_TICKERS,False,False,False,False,0,2018-11-01,2023-12-29,0,True,0001590560,[],[],True,False,False,0001590560,False,False,,False,False,True,False,2834,2834,XBI,XBI,XBI
RGNX,2019-02-25,2019-02-22,2019-02-26,2019-03-12,VALID,True,A,0001590877,SEC_TICKERS,False,False,False,False,0,2018-11-01,2023-12-29,0,True,0001590877,[],[],True,False,False,0001590877,False,False,,False,False,True,False,2836,2836,XBI,XBI,XBI
DDS,2019-02-26,2019-02-25,2019-02-27,2019-03-13,VALID,True,A,0000028917,SEC_TICKERS,False,False,False,False,0,2018-11-01,2023-12-29,0,True,0000028917,[],[],True,False,False,0000028917,False,False,1996-01-02,True,False,True,False,5311,5311,SPY,SPY,SPY
JBTM,2019-02-26,2019-02-25,2019-02-27,2019-03-13,VALID,True,A,0001433660,SEC_TICKERS,False,False,False,False,0,2018-11-01,2023-12-29,0,False,,[],"[[""2025-01-03"", ""JBT""]]",False,False,False,,False,False,,False,False,True,False,3550,3550,SPY,SPY,SPY
MNK,2019-02-26,2019-02-25,2019-02-27,2019-03-13,VALID,False,B,0001567892,FORM345_TICKER,False,False,False,False,0,2018-11-01,2023-08-25,516,True,0001567892,[],[],True,False,False,0001567892,True,False,2014-08-19,True,True,False,False,2834,2834,XBI,XBI,XBI
THC,2019-02-26,2019-02-25,2019-02-27,2019-03-13,VALID,True,A,0000070318,SEC_TICKERS,False,False,False,False,0,2018-11-01,2023-12-29,0,True,0000070318,[],[],True,False,False,0000070318,False,False,1996-01-02,True,True,False,False,8062,8062,SPY,SPY,SPY
SE,2019-02-27,2019-02-26,2019-02-28,2019-03-14,VALID,True,A,0001703399,SEC_TICKERS,False,False,False,False,0,2018-11-01,2023-12-29,0,True,0001703399,[],[],False,False,False,,False,False,2007-01-03,True,False,False,False,7380,7380,SPY,SPY,SPY
VSM,2019-02-27,2019-02-26,2019-02-28,2019-03-14,VALID,True,A,0001660690,FORM345_TICKER,False,False,False,False,0,2018-11-01,2019-10-04,0,True,0001660690,[],[],True,False,False,0001660690,False,False,,False,True,False,False,2890,2890,SPY,SPY,SPY
CRC,2019-02-28,2019-02-27,2019-03-01,2019-03-15,VALID,True,A,0001609253,SEC_TICKERS,False,False,False,False,0,2018-11-01,2023-12-29,73,True,0001609253,[],[],True,False,False,0001609253,False,False,,False,True,False,False,1311,1311,XLE,XLE,XLE
HZNP,2019-02-28,2019-02-27,2019-03-01,2019-03-15,VALID,False,C,0001492426,FORM345_TICKER,False,False,False,False,0,2018-11-01,2023-10-05,2,True,0001492426,[],[],True,False,False,0001492426,True,False,,False,True,False,False,2834,2834,XBI,XBI,XBI
AMC,2019-03-01,2019-02-28,2019-03-04,2019-03-18,VALID,True,A,0001411579,SEC_TICKERS,False,False,False,False,0,2018-11-01,2023-12-29,0,True,0001411579,[],[],True,False,False,0001411579,False,False,,False,True,False,False,7830,7830,SPY,SPY,SPY
BIO,2019-03-01,2019-02-28,2019-03-04,2019-03-18,VALID,True,AD,0000012208,SEC_TICKERS,False,False,False,False,0,2018-11-01,2023-12-29,0,True,0000012208,[],[],False,False,False,,False,False,2020-06-22,False,False,True,False,3826,3826,SPY,SPY,SPY
PBYI,2019-03-01,2019-02-28,2019-03-04,2019-03-18,VALID,True,A,0001401667,SEC_TICKERS,False,False,False,False,0,2018-11-01,2023-12-29,0,True,0001401667,[],[],True,False,False,0001401667,False,False,,False,True,False,False,2834,2834,XBI,XBI,XBI
PTLA,2019-03-01,2019-02-28,2019-03-04,2019-03-18,VALID,True,AC,0001269021,FORM345_TICKER,False,False,False,False,0,2018-11-01,2020-07-01,0,True,0001269021,[],[],True,False,False,0001269021,False,False,,False,True,False,False,2834,2834,XBI,XBI,XBI
ASND,2019-03-04,2019-03-01,2019-03-05,2019-03-19,VALID,True,A,0001612042,SEC_TICKERS,False,False,False,False,0,2018-11-01,2023-12-29,0,True,0001612042,[],[],False,False,False,,False,False,1998-06-12,True,False,False,False,2834,2834,XBI,XBI,XBI
ANF,2019-03-06,2019-03-05,2019-03-07,2019-03-21,VALID,True,A,0001018840,SEC_TICKERS,False,False,False,False,0,2018-11-01,2023-12-29,0,True,0001018840,[],[],True,False,False,0001018840,False,False,2007-03-29,True,False,True,False,5651,5651,SPY,SPY,SPY
AVAV,2019-03-06,2019-03-05,2019-03-07,2019-03-21,VALID,True,A,0001368622,SEC_TICKERS,False,False,False,False,0,2018-11-01,2023-12-29,0,True,0001368622,[],[],True,False,False,0001368622,False,False,,False,True,False,False,3721,3721,XLI,XLI,XLI
EAF,2019-03-07,2019-03-06,2019-03-08,2019-03-22,VALID,True,A,0000931148,SEC_TICKERS,False,False,False,False,0,2018-11-01,2023-12-29,0,True,0000931148,[],[],True,False,False,0000931148,False,False,,False,True,False,False,3620,3620,XLI,XLI,XLI
HIIQ,2019-03-07,2019-03-06,2019-03-08,2019-03-22,VALID,True,B,0001561387,FORM345_TICKER,False,False,False,False,0,2018-11-01,2020-03-05,0,True,0001561387,[],[],True,False,False,0001561387,False,False,,False,False,True,False,6411,6411,XLF,XLF,XLF
AKTX,2019-03-13,2019-03-12,2019-03-14,2019-03-28,VALID,True,A,0001541157,SEC_TICKERS,False,False,False,False,0,2018-11-01,2023-12-29,0,True,0001541157,[],[],False,False,False,,False,False,,False,False,True,False,2834,2834,XBI,XBI,XBI
AKTX,2019-03-14,2019-03-13,2019-03-15,2019-03-29,VALID,True,A,0001541157,SEC_TICKERS,False,False,False,False,0,2018-11-01,2023-12-29,0,True,0001541157,[],[],False,False,False,,False,False,,False,False,True,False,2834,2834,XBI,XBI,XBI
ATOS,2019-03-14,2019-03-13,2019-03-15,2019-03-29,VALID,True,A,0001488039,SEC_TICKERS,False,False,False,False,0,2018-11-01,2023-12-29,0,True,0001488039,[],[],True,False,False,0001488039,False,False,,False,False,True,False,2834,2834,XBI,XBI,XBI
HUCK,2019-03-14,2019-03-13,2019-03-15,2019-03-29,VALID,True,A,0001505952,SEC_TICKERS,False,False,False,False,0,2018-11-01,2023-12-29,0,False,,[],"[[""2026-09-24"", ""DOMO""]]",False,False,False,,False,False,,False,False,True,False,7372,7372,SPY,XLK,XLK
AXSM,2019-03-27,2019-03-26,2019-03-28,2019-04-11,VALID,True,A,0001579428,SEC_TICKERS,False,False,False,False,0,2018-11-01,2023-12-29,0,True,0001579428,[],[],True,False,False,0001579428,False,False,,False,True,False,False,2834,2834,XBI,XBI,XBI
SHOE,2019-03-27,2019-03-26,2019-03-28,2019-04-11,VALID,True,A,0000895447,SEC_TICKERS,False,False,False,False,0,2018-11-01,2023-12-29,0,False,,[],"[[""2026-06-12"", ""SCVL""]]",False,False,False,,False,False,,False,False,True,False,5661,5661,SPY,SPY,SPY
QTNA,2019-03-28,2019-03-27,2019-03-29,2019-04-12,VALID,True,A,0001370702,FORM345_TICKER,False,False,False,False,0,2018-11-01,2019-06-18,0,True,0001370702,[],[],True,False,False,0001370702,False,False,,False,True,False,False,3674,3674,XLI,XLI,XLI
BB,2019-03-29,2019-03-28,2019-04-01,2019-04-15,VALID,True,A,0001070235,SEC_TICKERS,False,False,False,False,0,2018-11-01,2023-12-29,0,True,0001070235,[],[],False,False,True,,False,False,,False,False,False,True,7372,7372,XLK,XLK,XLK
EXP,2019-03-29,2019-03-28,2019-04-01,2019-04-15,VALID,True,A,0000918646,SEC_TICKERS,False,False,False,False,0,2018-11-01,2023-12-29,0,True,0000918646,[],[],True,False,False,0000918646,False,False,,False,True,False,False,3241,3241,SPY,SPY,SPY
PRGS,2019-03-29,2019-03-28,2019-04-01,2019-04-15,VALID,True,A,0000876167,SEC_TICKERS,False,False,False,False,0,2018-11-01,2023-12-29,0,True,0000876167,[],[],True,False,False,0000876167,False,False,,False,True,False,False,7372,7372,XLK,XLK,XLK
HTT,2019-04-12,2019-04-11,2019-04-15,2019-04-30,VALID,True,A,0001692705,SEC_TICKERS,False,False,False,False,0,2018-11-01,2023-12-29,0,False,,[],"[[""2025-12-22"", ""QD""]]",False,False,False,,False,False,,False,False,False,False,6199,6199,SPY,XLF,XLF
ADSW,2019-04-15,2019-04-12,2019-04-16,2019-05-01,VALID,True,AC,0001585790,FORM345_TICKER,False,False,False,False,0,2018-11-01,2020-10-29,0,True,0001585790,[],[],True,False,False,0001585790,False,False,,False,True,False,False,4953,4953,SPY,SPY,SPY
EFII,2019-04-15,2019-04-12,2019-04-16,2019-05-01,VALID,True,A,0000867374,FORM345_TICKER,False,False,False,False,0,2018-11-01,2019-07-22,0,True,0000867374,[],[],True,False,False,0000867374,False,False,,False,True,False,False,3576,3576,XLK,XLK,XLK
MDSO,2019-04-22,2019-04-18,2019-04-23,2019-05-07,VALID,True,A,0001453814,FORM345_TICKER,False,False,False,False,0,2018-11-01,2019-10-28,0,True,0001453814,[],[],True,False,False,0001453814,False,False,,False,True,False,False,7372,7372,XLK,XLK,XLK
EHTH,2019-04-26,2019-04-25,2019-04-29,2019-05-13,VALID,True,A,0001333493,SEC_TICKERS,False,False,False,False,0,2018-11-01,2023-12-29,0,True,0001333493,[],[],True,False,False,0001333493,False,False,,False,True,False,False,6411,6411,XLF,XLF,XLF
GDI,2019-04-29,2019-04-26,2019-04-30,2019-05-14,VALID,True,B,0001699150,RENAME_CHAIN_FWD,False,False,False,False,0,2018-11-01,2020-02-28,0,True,0001699150,[],[],True,False,False,0001699150,False,False,,False,True,False,False,3560,3560,SPY,SPY,SPY
IR,2019-04-29,2019-04-26,2019-04-30,2019-05-14,VALID,True,ABD,0001466258,RENAME_CHAIN_FWD,False,False,False,False,0,2018-11-01,2023-12-29,0,False,,[],"[[""2020-03-02"", ""GDI""]]",True,False,False,0001466258,False,True,1996-01-02,True,True,False,False,3822,3822,SPY,SPY,SPY
VRNS,2019-04-30,2019-04-29,2019-05-01,2019-05-15,VALID,True,A,0001361113,SEC_TICKERS,False,False,False,False,0,2018-11-01,2023-12-29,0,True,0001361113,[],[],True,False,False,0001361113,False,False,,False,True,False,False,7372,7372,XLK,XLK,XLK
WAGE,2019-04-30,2019-04-29,2019-05-01,2019-05-15,VALID,True,A,0001158863,FORM345_TICKER,False,False,False,False,0,2018-11-01,2019-08-29,0,True,0001158863,[],[],True,False,False,0001158863,False,False,,False,True,False,False,7389,7389,SPY,SPY,SPY
ENPH,2019-05-01,2019-04-30,2019-05-02,2019-05-16,VALID,True,AD,0001463101,SEC_TICKERS,False,False,False,False,0,2018-11-01,2023-12-29,0,True,0001463101,[],[],True,False,False,0001463101,False,False,2021-01-07,False,True,False,False,3674,3674,XLI,XLI,XLI
NUS,2019-05-01,2019-04-30,2019-05-02,2019-05-16,VALID,True,A,0001021561,SEC_TICKERS,False,False,False,False,0,2018-11-01,2023-12-29,0,True,0001021561,[],[],True,False,False,0001021561,False,False,,False,True,False,False,5122,5122,SPY,SPY,SPY
PCRX,2019-05-01,2019-04-30,2019-05-02,2019-05-16,VALID,True,A,0001396814,SEC_TICKERS,False,False,False,False,0,2018-11-01,2023-12-29,0,True,0001396814,[],[],True,False,False,0001396814,False,False,,False,True,False,False,2834,2834,XBI,XBI,XBI
BRKR,2019-05-03,2019-05-02,2019-05-06,2019-05-20,VALID,True,A,0001109354,SEC_TICKERS,False,False,False,False,0,2018-11-01,2023-12-29,0,True,0001109354,[],[],True,False,False,0001109354,False,False,,False,True,False,False,3826,3826,SPY,SPY,SPY
SBGI,2019-05-06,2019-05-03,2019-05-07,2019-05-21,VALID,True,AC,0001971213,SEC_TICKERS,False,False,False,False,0,2018-11-01,2023-12-29,0,True,0001971213,[],[],False,True,True,0000912752,False,False,,False,False,False,False,4833,4833,SPY,SPY,SPY
SEDG,2019-05-07,2019-05-06,2019-05-08,2019-05-22,VALID,True,AD,0001419612,SEC_TICKERS,False,False,False,False,0,2018-11-01,2023-12-29,0,True,0001419612,[],[],False,False,True,,False,False,2021-12-20,False,True,False,False,3674,3674,XLI,XLI,XLI
AVLR,2019-05-08,2019-05-07,2019-05-09,2019-05-23,VALID,False,C,0001348036,FORM345_TICKER,False,False,False,False,0,2018-11-01,2022-10-18,0,True,0001348036,[],[],True,False,False,0001348036,True,False,,False,True,False,False,7372,7372,XLK,XLK,XLK
TSG,2019-05-09,2019-05-08,2019-05-10,2019-05-24,VALID,True,AC,,UNMAPPED,False,False,False,False,0,2018-11-01,2020-05-04,0,False,,[],[],False,False,False,,False,False,2000-03-16,True,False,False,False,,,SPY,SPY,SPY
BPL,2019-05-10,2019-05-09,2019-05-13,2019-05-28,VALID,True,A,0000805022,FORM345_TICKER,False,False,False,False,0,2018-11-01,2019-10-31,0,True,0000805022,[],[],True,False,False,0000805022,False,False,,False,True,False,False,4610,4610,SPY,SPY,SPY
GH,2019-05-10,2019-05-09,2019-05-13,2019-05-28,VALID,True,A,0001576280,SEC_TICKERS,False,False,False,False,0,2018-11-01,2023-12-29,0,True,0001576280,[],[],True,False,False,0001576280,False,False,,False,True,False,False,8071,8071,SPY,SPY,SPY
ZG,2019-05-10,2019-05-09,2019-05-13,2019-05-28,VALID,True,A,0001617640,SEC_TICKERS,False,False,False,False,0,2018-11-01,2023-12-29,0,True,0001617640,[],[],False,False,False,,False,False,,False,True,False,False,7389,7389,SPY,SPY,SPY
AGIO,2019-05-16,2019-05-15,2019-05-17,2019-06-03,VALID,True,A,0001439222,SEC_TICKERS,False,False,False,False,0,2018-11-01,2023-12-29,0,True,0001439222,[],[],True,False,False,0001439222,False,False,,False,True,False,False,2834,2834,XBI,XBI,XBI
IOVA,2019-05-16,2019-05-15,2019-05-17,2019-06-03,VALID,True,A,0001425205,SEC_TICKERS,False,False,False,False,0,2018-11-01,2023-12-29,0,True,0001425205,[],[],True,False,False,0001425205,False,False,,False,True,False,False,2836,2836,XBI,XBI,XBI
CRAY,2019-05-17,2019-05-16,2019-05-20,2019-06-04,VALID,True,A,0000949158,FORM345_TICKER,False,False,False,False,0,2018-11-01,2019-09-24,0,True,0000949158,[],[],True,False,False,0000949158,False,False,,False,True,False,False,3571,3571,XLK,XLK,XLK
DY,2019-05-21,2019-05-20,2019-05-22,2019-06-06,VALID,True,A,0000067215,SEC_TICKERS,False,False,False,False,0,2018-11-01,2023-12-29,0,True,0000067215,[],[],True,False,False,0000067215,False,False,,False,True,False,False,1623,1623,SPY,SPY,SPY
PLAN,2019-05-28,2019-05-24,2019-05-29,2019-06-12,VALID,True,AC,0001540755,FORM345_TICKER,False,False,False,False,0,2018-11-01,2022-06-21,0,True,0001540755,[],[],True,False,False,0001540755,False,False,,False,True,False,False,7372,7372,XLK,XLK,XLK
PRKS,2019-05-28,2019-05-24,2019-05-29,2019-06-12,VALID,True,A,0001564902,SEC_TICKERS,False,False,False,False,0,2018-11-01,2023-12-29,0,False,,[],"[[""2024-02-13"", ""SEAS""]]",False,False,False,,False,False,,False,True,False,False,7990,7990,SPY,SPY,SPY
SOLY,2019-05-29,2019-05-28,2019-05-30,2019-06-13,VALID,True,AC,0001548187,FORM345_TICKER,False,False,False,False,0,2019-02-19,2021-12-15,0,True,0001548187,[],[],True,False,False,0001548187,False,False,,False,True,False,False,3841,3841,XLV,XLV,XLV
TVRD,2019-05-29,2019-05-28,2019-05-30,2019-06-13,VALID,True,A,0001346830,SEC_TICKERS,False,False,False,False,0,2018-11-01,2023-12-29,0,False,,[],"[[""2025-04-16"", ""CARA""]]",False,False,False,,False,False,,False,True,False,False,2834,2834,SPY,XBI,XBI
ELTK,2019-05-31,2019-05-30,2019-06-03,2019-06-17,VALID,True,A,0001024672,SEC_TICKERS,False,False,False,False,0,2018-11-01,2023-12-29,25,True,0001024672,[],[],False,False,False,,False,False,,False,False,False,False,3672,3672,XLI,XLI,XLI
SOLY,2019-06-04,2019-06-03,2019-06-05,2019-06-19,VALID,True,AC,0001548187,FORM345_TICKER,False,False,False,False,0,2019-02-19,2021-12-15,0,True,0001548187,[],[],True,False,False,0001548187,False,False,,False,True,False,False,3841,3841,XLV,XLV,XLV
CRON,2019-06-05,2019-06-04,2019-06-06,2019-06-20,VALID,True,A,0001656472,SEC_TICKERS,False,False,False,False,0,2018-11-01,2023-12-29,0,True,0001656472,[],[],False,False,True,,False,False,,False,False,False,False,2833,2833,XBI,XBI,XBI
SFIX,2019-06-06,2019-06-05,2019-06-07,2019-06-21,VALID,True,A,0001576942,SEC_TICKERS,False,False,False,False,0,2018-11-01,2023-12-29,0,True,0001576942,[],[],True,False,False,0001576942,False,False,,False,True,False,False,5961,5961,SPY,SPY,SPY
BKS,2019-06-07,2019-06-06,2019-06-10,2019-06-24,VALID,True,A,0000890491,FORM345_TICKER,False,False,False,False,0,2018-11-01,2019-08-06,0,True,0000890491,[],[],True,False,False,0000890491,False,False,,False,True,False,False,5940,5940,SPY,SPY,SPY
LJPC,2019-06-07,2019-06-06,2019-06-10,2019-06-24,VALID,True,AC,0000920465,FORM345_TICKER,False,False,False,False,0,2018-11-01,2022-08-19,0,True,0000920465,[],[],True,False,False,0000920465,False,False,,False,True,False,False,2836,2836,XBI,XBI,XBI
TLRY,2019-06-10,2019-06-07,2019-06-11,2019-06-25,VALID,True,A,0001731348,SEC_TICKERS,False,False,False,False,0,2018-11-01,2023-12-29,0,True,0001731348,[],[],True,False,False,0001731348,False,False,,False,True,False,False,2833,2833,XBI,XBI,XBI
UPLD,2019-06-10,2019-06-07,2019-06-11,2019-06-25,VALID,True,A,0001505155,SEC_TICKERS,False,False,False,False,0,2018-11-01,2023-12-29,0,True,0001505155,[],[],True,False,False,0001505155,False,False,,False,True,False,False,7372,7372,XLK,XLK,XLK
AVNT,2019-06-11,2019-06-10,2019-06-12,2019-06-26,VALID,True,A,0001122976,SEC_TICKERS,False,False,False,False,0,2018-11-01,2023-12-29,0,False,,[],"[[""2020-07-13"", ""POL""]]",False,False,True,,False,False,,False,True,False,False,2821,2821,SPY,SPY,SPY
CASY,2019-06-11,2019-06-10,2019-06-12,2019-06-26,VALID,True,A,0000726958,SEC_TICKERS,False,False,False,False,0,2018-11-01,2023-12-29,0,True,0000726958,[],[],True,False,False,0000726958,False,False,2026-04-09,False,True,False,False,5500,5500,SPY,SPY,SPY
RRGB,2019-06-13,2019-06-12,2019-06-14,2019-06-28,VALID,True,A,0001171759,SEC_TICKERS,False,False,False,False,0,2018-11-01,2023-12-29,0,True,0001171759,[],[],True,False,False,0001171759,False,False,,False,True,False,False,5812,5812,SPY,SPY,SPY
ARQL,2019-06-14,2019-06-13,2019-06-17,2019-07-01,VALID,True,A,0001019695,FORM345_TICKER,False,False,False,False,0,2018-11-01,2020-01-15,0,True,0001019695,[],[],True,False,False,0001019695,False,False,,False,True,False,False,2834,2834,XBI,XBI,XBI
AXTA,2019-06-19,2019-06-18,2019-06-20,2019-07-05,VALID,True,A,0001616862,SEC_TICKERS,False,False,False,False,0,2018-11-01,2023-12-29,0,True,0001616862,[],[],True,False,False,0001616862,False,False,,False,True,False,False,2851,2851,SPY,SPY,SPY
MLNT,2019-06-19,2019-06-18,2019-06-20,2019-07-05,VALID,True,A,0001461993,FORM345_TICKER,False,False,False,False,0,2018-11-01,2020-01-10,0,True,0001461993,[],[],True,False,False,0001461993,False,False,,False,True,False,False,2834,2834,XBI,XBI,XBI
MLNT,2019-06-20,2019-06-19,2019-06-21,2019-07-08,VALID,True,A,0001461993,FORM345_TICKER,False,False,False,False,0,2018-11-01,2020-01-10,0,True,0001461993,[],[],True,False,False,0001461993,False,False,,False,True,False,False,2834,2834,XBI,XBI,XBI
MLKN,2019-06-27,2019-06-26,2019-06-28,2019-07-15,VALID,True,A,0000066382,SEC_TICKERS,False,False,False,False,0,2018-11-01,2023-12-29,0,False,,[],"[[""2021-11-01"", ""MLHR""]]",False,False,True,,False,False,,False,True,False,False,2520,2520,SPY,SPY,SPY
ZGNX,2019-06-27,2019-06-26,2019-06-28,2019-07-15,VALID,True,A,0001375151,FORM345_TICKER,False,False,False,False,0,2018-11-01,2022-03-04,0,True,0001375151,[],[],True,False,False,0001375151,False,False,,False,True,False,False,2834,2834,XBI,XBI,XBI
KPTI,2019-07-05,2019-07-03,2019-07-08,2019-07-22,VALID,True,A,0001503802,SEC_TICKERS,False,False,False,False,0,2018-11-01,2023-12-29,0,True,0001503802,[],[],True,False,False,0001503802,False,False,,False,True,False,False,2834,2834,XBI,XBI,XBI
ACIA,2019-07-09,2019-07-08,2019-07-10,2019-07-24,VALID,True,AC,0001651235,FORM345_TICKER,False,False,False,False,0,2018-11-01,2021-02-26,0,True,0001651235,[],[],True,False,False,0001651235,False,False,,False,True,False,False,3674,3674,XLI,XLI,XLI
HELE,2019-07-10,2019-07-09,2019-07-11,2019-07-25,VALID,True,A,0000916789,SEC_TICKERS,False,False,False,False,0,2018-11-01,2023-12-29,0,True,0000916789,[],[],True,False,False,0000916789,False,False,,False,True,False,False,3634,3634,XLI,XLI,XLI
MCRN,2019-07-12,2019-07-11,2019-07-15,2019-07-29,VALID,True,A,0001637913,FORM345_TICKER,False,False,False,False,0,2018-11-01,2019-11-20,0,True,0001637913,[],[],True,False,False,0001637913,False,False,,False,True,False,False,3559,3559,SPY,SPY,SPY
LKFT,2019-07-15,2019-07-12,2019-07-16,2019-07-30,VALID,True,A,0001421876,SEC_TICKERS,False,False,False,False,0,2018-11-01,2023-12-29,0,False,,[],"[[""2026-05-08"", ""GLPG""]]",False,False,False,,False,False,,False,False,False,False,2834,2834,SPY,XBI,XBI
SGEN,2019-07-17,2019-07-16,2019-07-18,2019-08-01,VALID,False,C,0001060736,FORM345_TICKER,False,False,False,False,0,2018-11-01,2023-12-13,0,True,0001060736,[],[],True,False,False,0001060736,True,False,,False,True,False,False,2836,2836,XBI,XBI,XBI
ATRA,2019-07-19,2019-07-18,2019-07-22,2019-08-05,VALID,True,A,0001604464,SEC_TICKERS,False,False,False,False,0,2018-11-01,2023-12-29,0,True,0001604464,[],[],True,False,False,0001604464,False,False,,False,True,False,False,2836,2836,XBI,XBI,XBI
RLGY,2019-07-23,2019-07-22,2019-07-24,2019-08-07,VALID,False,B,0001398987,FORM345_TICKER,False,False,False,False,0,2018-11-01,2022-06-08,0,True,0001398987,[],[],True,False,False,0001398987,True,False,,False,True,False,False,6531,6531,XLF,XLF,XLF
ALKS,2019-07-25,2019-07-24,2019-07-26,2019-08-09,VALID,True,A,0001520262,SEC_TICKERS,False,False,False,False,0,2018-11-02,2023-12-29,2,True,0001520262,[],[],True,False,False,0001520262,False,False,,False,True,False,False,2834,2834,XBI,XBI,XBI
MTH,2019-07-25,2019-07-24,2019-07-26,2019-08-09,VALID,True,A,0000833079,SEC_TICKERS,False,False,False,False,0,2018-11-01,2023-12-29,0,True,0000833079,[],[],True,False,False,0000833079,False,False,,False,True,False,False,1531,1531,SPY,SPY,SPY
EHTH,2019-07-26,2019-07-25,2019-07-29,2019-08-12,VALID,True,A,0001333493,SEC_TICKERS,False,False,False,False,0,2018-11-01,2023-12-29,0,True,0001333493,[],[],True,False,False,0001333493,False,False,,False,True,False,False,6411,6411,XLF,XLF,XLF
MEDP,2019-07-30,2019-07-29,2019-07-31,2019-08-14,VALID,True,A,0001668397,SEC_TICKERS,False,False,False,False,0,2018-11-01,2023-12-29,0,True,0001668397,[],[],True,False,False,0001668397,False,False,,False,True,False,False,8731,8731,SPY,SPY,SPY
VRNS,2019-07-30,2019-07-29,2019-07-31,2019-08-14,VALID,True,A,0001361113,SEC_TICKERS,False,False,False,False,0,2018-11-01,2023-12-29,0,True,0001361113,[],[],True,False,False,0001361113,False,False,,False,True,False,False,7372,7372,XLK,XLK,XLK
LSCC,2019-07-31,2019-07-30,2019-08-01,2019-08-15,VALID,True,A,0000855658,SEC_TICKERS,False,False,False,False,0,2018-11-01,2023-12-29,0,True,0000855658,[],[],True,False,False,0000855658,False,False,,False,True,False,False,3674,3674,XLI,XLI,XLI
AJRD,2019-08-01,2019-07-31,2019-08-02,2019-08-16,VALID,False,C,0000040888,FORM345_TICKER,False,False,False,False,0,2018-11-01,2023-07-27,0,True,0000040888,[],[],True,False,False,0000040888,True,False,,False,True,False,False,3760,3760,XLI,XLI,XLI
BOOT,2019-08-01,2019-07-31,2019-08-02,2019-08-16,VALID,True,A,0001610250,SEC_TICKERS,False,False,False,False,0,2018-11-01,2023-12-29,0,True,0001610250,[],[],True,False,False,0001610250,False,False,,False,True,False,False,5661,5661,SPY,SPY,SPY
CHDN,2019-08-01,2019-07-31,2019-08-02,2019-08-16,VALID,True,A,0000020212,SEC_TICKERS,False,False,False,False,0,2018-11-01,2023-12-29,0,True,0000020212,[],[],True,False,False,0000020212,False,False,,False,True,False,False,7948,7948,SPY,SPY,SPY
CROX,2019-08-01,2019-07-31,2019-08-02,2019-08-16,VALID,True,A,0001334036,SEC_TICKERS,False,False,False,False,0,2018-11-01,2023-12-29,0,True,0001334036,[],[],True,False,False,0001334036,False,False,,False,True,False,False,3021,3021,SPY,SPY,SPY
FIVN,2019-08-01,2019-07-31,2019-08-02,2019-08-16,VALID,True,A,0001288847,SEC_TICKERS,False,False,False,False,0,2018-11-01,2023-12-29,0,True,0001288847,[],[],True,False,False,0001288847,False,False,,False,True,False,False,7374,7374,XLK,XLK,XLK
TCF,2019-08-01,2019-07-31,2019-08-02,2019-08-16,VALID,True,AC,,FORM345_AMBIGUOUS,False,False,False,False,0,2018-11-01,2021-06-08,0,False,,[],[],False,True,False,0000814184,False,False,,False,False,False,False,,,SPY,SPY,SPY
APHA,2019-08-02,2019-08-01,2019-08-05,2019-08-19,VALID,True,AC,,UNMAPPED,False,False,False,False,0,2018-11-02,2021-04-30,0,False,,[],[],False,False,False,,False,False,,False,False,False,False,,,SPY,SPY,SPY
BL,2019-08-02,2019-08-01,2019-08-05,2019-08-19,VALID,True,A,0001666134,SEC_TICKERS,False,False,False,False,0,2018-11-01,2023-12-29,0,True,0001666134,[],[],True,False,False,0001666134,False,False,,False,True,False,False,7372,7372,XLK,XLK,XLK
CDNA,2019-08-02,2019-08-01,2019-08-05,2019-08-19,VALID,True,A,0001217234,SEC_TICKERS,False,False,False,False,0,2018-11-01,2023-12-29,0,True,0001217234,[],[],True,False,False,0001217234,False,False,,False,True,False,False,8071,8071,SPY,SPY,SPY
CLDR,2019-08-02,2019-08-01,2019-08-05,2019-08-19,VALID,True,AC,0001535379,FORM345_TICKER,False,False,False,False,0,2018-11-01,2021-10-07,0,True,0001535379,[],[],True,False,False,0001535379,False,False,,False,True,False,False,7372,7372,XLK,XLK,XLK
FND,2019-08-02,2019-08-01,2019-08-05,2019-08-19,VALID,True,A,0001507079,SEC_TICKERS,False,False,False,False,0,2018-11-01,2023-12-29,0,True,0001507079,[],[],True,False,False,0001507079,False,False,,False,True,False,False,5211,5211,SPY,SPY,SPY
SVMK,2019-08-02,2019-08-01,2019-08-05,2019-08-19,VALID,False,B,0001739936,FORM345_TICKER,False,False,False,False,0,2018-11-01,2021-06-14,0,True,0001739936,[],[],True,False,False,0001739936,True,False,,False,True,False,False,7370,7370,XLK,XLK,XLK
TNDM,2019-08-02,2019-08-01,2019-08-05,2019-08-19,VALID,True,A,0001438133,SEC_TICKERS,False,False,False,False,0,2018-11-01,2023-12-29,0,True,0001438133,[],[],True,False,False,0001438133,False,False,,False,True,False,False,3841,3841,XLV,XLV,XLV
ANSS,2019-08-06,2019-08-05,2019-08-07,2019-08-21,VALID,False,D,0001013462,FORM345_TICKER,False,False,False,False,0,2018-11-01,2023-12-29,0,True,0001013462,[],[],True,False,False,0001013462,True,True,2017-06-19,True,True,False,False,7372,7372,XLK,XLK,XLK
EXPD,2019-08-06,2019-08-05,2019-08-07,2019-08-21,VALID,True,AD,0000746515,SEC_TICKERS,False,False,False,False,0,2018-11-01,2023-12-29,0,True,0000746515,[],[],True,False,False,0000746515,False,True,2007-10-10,True,True,False,False,4731,4731,SPY,SPY,SPY
PODD,2019-08-06,2019-08-05,2019-08-07,2019-08-21,VALID,True,AD,0001145197,SEC_TICKERS,False,False,False,False,0,2018-11-01,2023-12-29,0,True,0001145197,[],[],True,False,False,0001145197,False,False,2023-03-15,False,True,False,False,3841,3841,XLV,XLV,XLV
SYNH,2019-08-06,2019-08-05,2019-08-07,2019-08-21,VALID,False,C,0001610950,FORM345_TICKER,False,False,False,False,0,2018-11-01,2023-09-27,1,True,0001610950,[],[],True,False,False,0001610950,True,False,,False,True,False,False,8731,8731,SPY,SPY,SPY
VG,2019-08-06,2019-08-05,2019-08-07,2019-08-21,VALID,True,AC,0002007855,SEC_TICKERS,False,False,False,False,0,2018-11-01,2022-07-20,364,True,0002007855,[],[],False,True,False,0001272830,False,False,,False,False,False,False,4924,4924,SPY,SPY,SPY
CBM,2019-08-07,2019-08-06,2019-08-08,2019-08-22,VALID,True,A,0000820081,FORM345_TICKER,False,False,False,False,0,2018-11-01,2019-12-03,0,True,0000820081,[],[],True,False,False,0000820081,False,False,,False,True,False,False,2834,2834,XBI,XBI,XBI
GH,2019-08-07,2019-08-06,2019-08-08,2019-08-22,VALID,True,A,0001576280,SEC_TICKERS,False,False,False,False,0,2018-11-01,2023-12-29,0,True,0001576280,[],[],True,False,False,0001576280,False,False,,False,True,False,False,8071,8071,SPY,SPY,SPY
GWPH,2019-08-07,2019-08-06,2019-08-08,2019-08-22,VALID,True,AC,0001351288,FORM345_TICKER,False,False,False,False,0,2018-11-01,2021-05-04,0,True,0001351288,[],[],True,False,False,0001351288,False,False,,False,True,False,False,2834,2834,XBI,XBI,XBI
SAIL,2019-08-07,2019-08-06,2019-08-08,2019-08-22,VALID,True,AC,0002030781,SEC_TICKERS,False,False,False,False,0,2018-11-01,2022-08-15,346,True,0002030781,[],[],False,True,False,0001627857,False,False,,False,False,False,False,7372,7372,XLK,XLK,XLK
SEDG,2019-08-07,2019-08-06,2019-08-08,2019-08-22,VALID,True,AD,0001419612,SEC_TICKERS,False,False,False,False,0,2018-11-01,2023-12-29,0,True,0001419612,[],[],True,False,False,0001419612,False,False,2021-12-20,False,True,False,False,3674,3674,XLI,XLI,XLI
WW,2019-08-07,2019-08-06,2019-08-08,2019-08-22,VALID,True,A,0000105319,FORM345_TICKER,False,False,False,False,0,2019-04-22,2023-12-29,0,False,,[],"[[""2025-07-08"", ""WGHW""]]",True,False,False,0000105319,False,False,,False,True,False,False,7200,7200,SPY,SPY,SPY
AVLR,2019-08-08,2019-08-07,2019-08-09,2019-08-23,VALID,False,C,0001348036,FORM345_TICKER,False,False,False,False,0,2018-11-01,2022-10-18,0,True,0001348036,[],[],True,False,False,0001348036,True,False,,False,True,False,False,7372,7372,XLK,XLK,XLK
AZPN,2019-08-08,2019-08-07,2019-08-09,2019-08-23,VALID,True,A,,FORM345_AMBIGUOUS,False,False,False,False,0,2018-11-01,2023-12-29,0,False,,[],[],False,True,False,0000929940,False,False,,False,False,False,False,,,SPY,SPY,SPY
FSCT,2019-08-08,2019-08-07,2019-08-09,2019-08-23,VALID,True,AC,0001145057,FORM345_TICKER,False,False,False,False,0,2018-11-01,2020-08-14,0,True,0001145057,[],[],True,False,False,0001145057,False,False,,False,True,False,False,3577,3577,XLK,XLK,XLK
FTDR,2019-08-08,2019-08-07,2019-08-09,2019-08-23,VALID,True,A,0001727263,SEC_TICKERS,False,False,False,False,0,2018-11-01,2023-12-29,0,True,0001727263,[],[],True,False,False,0001727263,False,False,,False,True,False,False,7340,7340,SPY,SPY,SPY
G,2019-08-08,2019-08-07,2019-08-09,2019-08-23,VALID,True,A,0001398659,SEC_TICKERS,False,False,False,False,0,2018-11-01,2023-12-29,0,True,0001398659,[],[],True,False,False,0001398659,False,False,1996-01-02,True,True,False,False,8742,8742,SPY,SPY,SPY
HUN,2019-08-08,2019-08-07,2019-08-09,2019-08-23,VALID,True,A,0001307954,SEC_TICKERS,False,False,False,False,0,2018-11-01,2023-12-29,0,True,0001307954,[],[],True,False,False,0001307954,False,False,,False,True,False,False,2800,2800,SPY,SPY,SPY
JACK,2019-08-08,2019-08-07,2019-08-09,2019-08-23,VALID,True,A,0000807882,SEC_TICKERS,False,False,False,False,0,2018-11-01,2023-12-29,0,True,0000807882,[],[],True,False,False,0000807882,False,False,,False,True,False,False,5812,5812,SPY,SPY,SPY
RLGY,2019-08-08,2019-08-07,2019-08-09,2019-08-23,VALID,False,B,0001398987,FORM345_TICKER,False,False,False,False,0,2018-11-01,2022-06-08,0,True,0001398987,[],[],True,False,False,0001398987,True,False,,False,True,False,False,6531,6531,XLF,XLF,XLF
STMP,2019-08-08,2019-08-07,2019-08-09,2019-08-23,VALID,True,AC,0001082923,FORM345_TICKER,False,False,False,False,0,2018-11-01,2021-10-04,0,True,0001082923,[],[],True,False,False,0001082923,False,False,,False,True,False,False,7389,7389,SPY,SPY,SPY
ALRM,2019-08-09,2019-08-08,2019-08-12,2019-08-26,VALID,True,A,0001459200,SEC_TICKERS,False,False,False,False,0,2018-11-01,2023-12-29,0,True,0001459200,[],[],True,False,False,0001459200,False,False,,False,True,False,False,7372,7372,XLK,XLK,XLK
CALY,2019-08-09,2019-08-08,2019-08-12,2019-08-26,VALID,True,A,0000837465,UNIQUE_NAME_MATCH,False,False,False,False,0,2018-11-01,2023-12-29,0,False,,[],"[[""2026-01-16"", ""MODG""]]",False,False,False,,False,False,,False,True,False,False,3949,3949,SPY,SPY,SPY
ELY,2019-08-09,2019-08-08,2019-08-12,2019-08-26,VALID,False,B,0000837465,RENAME_CHAIN_FWD,False,False,False,False,0,2018-11-01,2022-09-06,0,True,0000837465,[],[],True,False,False,0000837465,True,False,,False,True,False,False,3949,3949,SPY,SPY,SPY
YELP,2019-08-09,2019-08-08,2019-08-12,2019-08-26,VALID,True,A,0001345016,SEC_TICKERS,False,False,False,False,0,2018-11-01,2023-12-29,0,True,0001345016,[],[],True,False,False,0001345016,False,False,,False,True,False,False,7200,7200,SPY,SPY,SPY
RKDA,2019-08-12,2019-08-09,2019-08-13,2019-08-27,VALID,True,A,0001469443,SEC_TICKERS,False,False,False,False,0,2018-11-01,2023-12-29,0,True,0001469443,[],[],True,False,False,0001469443,False,False,,False,True,False,False,1311,0100,XLE,XLE,SPY
REAL,2019-08-14,2019-08-13,2019-08-15,2019-08-29,VALID,True,A,0001573221,SEC_TICKERS,False,False,False,False,0,2019-06-28,2023-12-29,0,True,0001573221,[],[],True,False,False,0001573221,False,False,,False,True,False,False,5900,5900,SPY,SPY,SPY
PVTL,2019-08-15,2019-08-14,2019-08-16,2019-08-30,VALID,True,A,0001574135,FORM345_TICKER,False,False,False,False,0,2018-11-01,2019-12-27,0,True,0001574135,[],[],True,False,False,0001574135,False,False,,False,True,False,False,7372,7372,XLK,XLK,XLK
RKDA,2019-08-15,2019-08-14,2019-08-16,2019-08-30,VALID,True,A,0001469443,SEC_TICKERS,False,False,False,False,0,2018-11-01,2023-12-29,0,True,0001469443,[],[],True,False,False,0001469443,False,False,,False,True,False,False,1311,0100,XLE,XLE,SPY
VIPS,2019-08-15,2019-08-14,2019-08-16,2019-08-30,VALID,True,A,0001529192,SEC_TICKERS,False,False,False,False,0,2018-11-01,2023-12-29,0,True,0001529192,[],[],False,False,False,,False,False,,False,False,False,False,5961,5961,SPY,SPY,SPY
HGV,2019-08-20,2019-08-19,2019-08-21,2019-09-05,VALID,True,A,0001674168,SEC_TICKERS,False,False,False,False,0,2018-11-01,2023-12-29,0,True,0001674168,[],[],True,False,False,0001674168,False,False,,False,True,False,False,7000,7000,SPY,SPY,SPY
BJ,2019-08-22,2019-08-21,2019-08-23,2019-09-09,VALID,True,A,0001531152,SEC_TICKERS,False,False,False,False,0,2018-11-01,2023-12-29,0,True,0001531152,[],[],True,False,False,0001531152,False,False,,False,True,False,False,5331,5331,SPY,SPY,SPY
P,2019-08-22,2019-08-21,2019-08-23,2019-09-09,VALID,True,A,0001474432,SEC_TICKERS,False,False,False,False,0,2018-11-01,2023-12-29,0,False,,[],"[[""2026-04-17"", ""PSTG""]]",False,True,False,0001230276,False,False,,False,True,False,False,3572,3572,SPY,XLK,XLK
RKDA,2019-08-26,2019-08-23,2019-08-27,2019-09-11,VALID,True,A,0001469443,SEC_TICKERS,False,False,False,False,0,2018-11-01,2023-12-29,0,True,0001469443,[],[],True,False,False,0001469443,False,False,,False,True,False,False,1311,0100,XLE,XLE,SPY
TECD,2019-08-29,2019-08-28,2019-08-30,2019-09-16,VALID,True,AC,0000790703,FORM345_TICKER,False,False,False,False,0,2018-11-01,2020-06-29,0,True,0000790703,[],[],True,False,False,0000790703,False,False,,False,True,False,False,5045,5045,SPY,SPY,SPY
AMBA,2019-08-30,2019-08-29,2019-09-03,2019-09-17,VALID,True,A,0001280263,SEC_TICKERS,False,False,False,False,0,2018-11-01,2023-12-29,0,True,0001280263,[],[],True,False,False,0001280263,False,False,,False,True,False,False,3674,3674,XLI,XLI,XLI
MIK,2019-09-04,2019-09-03,2019-09-05,2019-09-19,VALID,True,AC,0001593936,FORM345_TICKER,False,False,False,False,0,2018-11-01,2021-04-14,0,True,0001593936,[],[],True,False,False,0001593936,False,False,,False,True,False,False,5945,5945,SPY,SPY,SPY
CLDR,2019-09-05,2019-09-04,2019-09-06,2019-09-20,VALID,True,AC,0001535379,FORM345_TICKER,False,False,False,False,0,2018-11-01,2021-10-07,0,True,0001535379,[],[],True,False,False,0001535379,False,False,,False,True,False,False,7372,7372,XLK,XLK,XLK
GBT,2019-09-05,2019-09-04,2019-09-06,2019-09-20,VALID,False,C,0001629137,FORM345_TICKER,False,False,False,False,0,2018-11-01,2022-10-04,0,True,0001629137,[],[],True,False,False,0001629137,True,False,,False,True,False,False,2834,2834,XBI,XBI,XBI
GIII,2019-09-05,2019-09-04,2019-09-06,2019-09-20,VALID,True,A,0000821002,SEC_TICKERS,False,False,False,False,0,2018-11-01,2023-12-29,0,True,0000821002,[],[],True,False,False,0000821002,False,False,,False,True,False,False,2300,2300,SPY,SPY,SPY
SIG,2019-09-05,2019-09-04,2019-09-06,2019-09-20,VALID,True,A,0000832988,SEC_TICKERS,False,False,False,False,0,2018-11-01,2023-12-29,0,True,0000832988,[],[],True,False,False,0000832988,False,False,2015-07-29,True,True,False,False,5944,5944,SPY,SPY,SPY
ACAD,2019-09-09,2019-09-06,2019-09-10,2019-09-24,VALID,True,A,0001070494,SEC_TICKERS,False,False,False,False,0,2018-11-01,2023-12-29,1,True,0001070494,[],[],True,False,False,0001070494,False,False,,False,True,False,False,2834,2834,XBI,XBI,XBI
ALDR,2019-09-16,2019-09-13,2019-09-17,2019-10-01,VALID,True,A,0001423824,FORM345_TICKER,False,False,False,False,0,2018-11-01,2019-10-21,0,True,0001423824,[],[],True,False,False,0001423824,False,False,,False,True,False,False,2834,2834,XBI,XBI,XBI
CLR,2019-09-16,2019-09-13,2019-09-17,2019-10-01,VALID,False,C,0000732834,FORM345_TICKER,False,False,False,False,0,2018-11-01,2022-11-22,0,True,0000732834,[],[],True,False,False,0000732834,True,False,,False,True,False,False,1311,1311,XLE,XLE,XLE
CNX,2019-09-16,2019-09-13,2019-09-17,2019-10-01,VALID,True,A,0001070412,SEC_TICKERS,False,False,False,False,0,2018-11-01,2023-12-29,0,True,0001070412,[],[],True,False,False,0001070412,False,False,2006-06-28,True,True,False,False,1311,1311,XLE,XLE,XLE
CRC,2019-09-16,2019-09-13,2019-09-17,2019-10-01,VALID,True,A,0001609253,SEC_TICKERS,False,False,False,False,0,2018-11-01,2023-12-29,73,True,0001609253,[],[],True,False,False,0001609253,False,False,,False,True,False,False,1311,1311,XLE,XLE,XLE
CRZO,2019-09-16,2019-09-13,2019-09-17,2019-10-01,VALID,True,A,0001040593,FORM345_TICKER,False,False,False,False,0,2018-11-01,2019-12-20,0,True,0001040593,[],[],True,False,False,0001040593,False,False,,False,True,False,False,1311,1311,XLE,XLE,XLE
MUR,2019-09-16,2019-09-13,2019-09-17,2019-10-01,VALID,True,A,0000717423,SEC_TICKERS,False,False,False,False,0,2018-11-01,2023-12-29,0,True,0000717423,[],[],True,False,False,0000717423,False,False,2005-08-15,True,True,False,False,1311,1311,XLE,XLE,XLE
PE,2019-09-16,2019-09-13,2019-09-17,2019-10-01,VALID,True,AC,0001594466,FORM345_TICKER,False,False,False,False,0,2018-11-01,2021-01-12,0,True,0001594466,[],[],True,False,False,0001594466,False,False,,False,True,False,False,1311,1311,XLE,XLE,XLE
PR,2019-09-16,2019-09-13,2019-09-17,2019-10-01,VALID,True,A,0001658566,SEC_TICKERS,False,False,False,False,0,2018-11-01,2023-12-29,0,True,0001658566,[],[],False,False,True,,False,False,,False,True,False,False,1311,1311,XLE,XLE,XLE
PTEN,2019-09-16,2019-09-13,2019-09-17,2019-10-01,VALID,True,A,0000889900,SEC_TICKERS,False,False,False,False,0,2018-11-01,2023-12-29,0,True,0000889900,[],[],True,False,False,0000889900,False,False,,False,True,False,False,1381,1381,XLE,XLE,XLE
PUMP,2019-09-16,2019-09-13,2019-09-17,2019-10-01,VALID,True,A,0001680247,SEC_TICKERS,False,False,False,False,0,2018-11-01,2023-12-29,0,True,0001680247,[],[],True,False,False,0001680247,False,False,,False,True,False,False,1389,1389,XLE,XLE,XLE
RRC,2019-09-16,2019-09-13,2019-09-17,2019-10-01,VALID,True,A,0000315852,SEC_TICKERS,False,False,False,False,0,2018-11-01,2023-12-29,0,True,0000315852,[],[],True,False,False,0000315852,False,False,2007-12-21,True,True,False,False,1311,1311,XLE,XLE,XLE
SM,2019-09-16,2019-09-13,2019-09-17,2019-10-01,VALID,True,A,0000893538,SEC_TICKERS,False,False,False,False,0,2018-11-01,2023-12-29,0,True,0000893538,[],[],True,False,False,0000893538,False,False,,False,True,False,False,1311,1311,XLE,XLE,XLE
VAL,2019-09-16,2019-09-13,2019-09-17,2019-10-01,VALID,True,A,0000314808,SEC_TICKERS,False,False,False,False,0,2018-11-01,2023-12-29,178,True,0000314808,[],[],True,False,False,0000314808,False,False,,False,True,False,False,1381,1381,XLE,XLE,XLE
WLL,2019-09-16,2019-09-13,2019-09-17,2019-10-01,VALID,True,AC,0001255474,FORM345_TICKER,False,False,False,False,0,2018-11-01,2022-06-30,0,True,0001255474,[],[],True,False,False,0001255474,False,False,1996-01-02,True,True,False,False,1311,1311,XLE,XLE,XLE
WPX,2019-09-16,2019-09-13,2019-09-17,2019-10-01,VALID,True,AC,0001518832,FORM345_TICKER,False,False,False,False,0,2018-11-01,2021-01-06,0,True,0001518832,[],[],True,False,False,0001518832,False,False,2012-01-03,True,True,False,False,1311,1311,XLE,XLE,XLE
CRC,2019-09-20,2019-09-19,2019-09-23,2019-10-07,VALID,True,A,0001609253,SEC_TICKERS,False,False,False,False,0,2018-11-01,2023-12-29,73,True,0001609253,[],[],True,False,False,0001609253,False,False,,False,True,False,False,1311,1311,XLE,XLE,XLE
SNX,2019-09-25,2019-09-24,2019-09-26,2019-10-10,VALID,True,A,0001177394,SEC_TICKERS,False,False,False,False,0,2018-11-01,2023-12-29,0,True,0001177394,[],[],True,False,False,0001177394,False,False,,False,True,False,False,5045,5045,SPY,SPY,SPY
DOVA,2019-09-30,2019-09-27,2019-10-01,2019-10-15,VALID,True,A,0001685071,FORM345_TICKER,False,False,False,False,0,2018-11-01,2019-11-11,0,True,0001685071,[],[],True,False,False,0001685071,False,False,,False,True,False,False,2834,2834,XBI,XBI,XBI
THO,2019-09-30,2019-09-27,2019-10-01,2019-10-15,VALID,True,A,0000730263,SEC_TICKERS,False,False,False,False,0,2018-11-01,2023-12-29,0,True,0000730263,[],[],True,False,False,0000730263,False,False,,False,True,False,False,3716,3716,XLI,XLI,XLI
TSG,2019-10-02,2019-10-01,2019-10-03,2019-10-17,VALID,True,AC,,UNMAPPED,False,False,False,False,0,2018-11-01,2020-05-04,0,False,,[],[],False,False,False,,False,False,2000-03-16,True,False,False,False,,,SPY,SPY,SPY
LVGO,2019-10-07,2019-10-04,2019-10-08,2019-10-22,VALID,True,AC,0001639225,FORM345_TICKER,False,False,False,False,0,2019-07-25,2020-10-29,0,True,0001639225,[],[],True,False,False,0001639225,False,False,,False,True,False,False,7370,7370,XLK,XLK,XLK
PUMP,2019-10-10,2019-10-09,2019-10-11,2019-10-25,VALID,True,A,0001680247,SEC_TICKERS,False,False,False,False,0,2018-11-01,2023-12-29,0,True,0001680247,[],[],True,False,False,0001680247,False,False,,False,True,False,False,1389,1389,XLE,XLE,XLE
RARX,2019-10-10,2019-10-09,2019-10-11,2019-10-25,VALID,True,A,0001481512,FORM345_TICKER,False,False,False,False,0,2018-11-01,2020-04-01,0,True,0001481512,[],[],True,False,False,0001481512,False,False,,False,True,False,False,2834,2834,XBI,XBI,XBI
SES,2019-10-14,2019-10-11,2019-10-15,2019-10-29,VALID,True,A,0001819142,SEC_TICKERS,False,False,False,False,0,2018-11-01,2023-12-29,434,False,,[],"[[""2022-02-04"", ""IVAN""]]",False,False,True,,False,False,,False,False,False,False,3690,3690,SPY,XLI,XLI
APHA,2019-10-15,2019-10-14,2019-10-16,2019-10-30,VALID,True,AC,,UNMAPPED,False,False,False,False,0,2018-11-02,2021-04-30,0,False,,[],[],False,False,False,,False,False,,False,False,False,False,,,SPY,SPY,SPY
RETA,2019-10-15,2019-10-14,2019-10-16,2019-10-30,VALID,False,C,0001358762,FORM345_TICKER,False,False,False,False,0,2018-11-01,2023-09-25,2,True,0001358762,[],[],True,False,False,0001358762,True,False,,False,True,False,False,2834,2834,XBI,XBI,XBI
TECD,2019-10-16,2019-10-15,2019-10-17,2019-10-31,VALID,True,AC,0000790703,FORM345_TICKER,False,False,False,False,0,2018-11-01,2020-06-29,0,True,0000790703,[],[],True,False,False,0000790703,False,False,,False,True,False,False,5045,5045,SPY,SPY,SPY
CRON,2019-10-17,2019-10-16,2019-10-18,2019-11-01,VALID,True,A,0001656472,SEC_TICKERS,False,False,False,False,0,2018-11-01,2023-12-29,0,True,0001656472,[],[],False,False,True,,False,False,,False,False,False,False,2833,2833,XBI,XBI,XBI
POOL,2019-10-17,2019-10-16,2019-10-18,2019-11-01,VALID,True,AD,0000945841,SEC_TICKERS,False,False,False,False,0,2018-11-01,2023-12-29,0,True,0000945841,[],[],True,False,False,0000945841,False,False,2020-10-07,False,True,False,False,5090,5090,SPY,SPY,SPY
PETS,2019-10-21,2019-10-18,2019-10-22,2019-11-05,VALID,True,A,0001040130,SEC_TICKERS,False,False,False,False,0,2018-11-01,2023-12-29,0,True,0001040130,[],[],True,False,False,0001040130,False,False,,False,True,False,False,5912,5912,SPY,SPY,SPY
STMP,2019-10-22,2019-10-21,2019-10-23,2019-11-06,VALID,True,AC,0001082923,FORM345_TICKER,False,False,False,False,0,2018-11-01,2021-10-04,0,True,0001082923,[],[],True,False,False,0001082923,False,False,,False,True,False,False,7389,7389,SPY,SPY,SPY
MKSI,2019-10-24,2019-10-23,2019-10-25,2019-11-08,VALID,True,A,0001049502,SEC_TICKERS,False,False,False,False,0,2018-11-01,2023-12-29,0,True,0001049502,[],[],True,False,False,0001049502,False,False,,False,True,False,False,3823,3823,SPY,SPY,SPY
PTC,2019-10-24,2019-10-23,2019-10-25,2019-11-08,VALID,True,AD,0000857005,SEC_TICKERS,False,False,False,False,0,2018-11-01,2023-12-29,0,True,0000857005,[],[],True,False,False,0000857005,False,False,1997-04-03,True,True,False,False,7372,7372,XLK,XLK,XLK
VC,2019-10-24,2019-10-23,2019-10-25,2019-11-08,VALID,True,A,0001111335,SEC_TICKERS,False,False,False,False,0,2018-11-01,2023-12-29,0,True,0001111335,[],[],True,False,False,0001111335,False,False,,False,True,False,False,3714,3714,XLI,XLI,XLI
RMD,2019-10-25,2019-10-24,2019-10-28,2019-11-11,VALID,True,AD,0000943819,SEC_TICKERS,False,False,False,False,0,2018-11-01,2023-12-29,0,True,0000943819,[],[],True,False,False,0000943819,False,True,2017-07-26,True,True,False,False,3841,3841,XLV,XLV,XLV
XNET,2019-10-28,2019-10-25,2019-10-29,2019-11-12,VALID,True,A,0001510593,SEC_TICKERS,False,False,False,False,0,2018-11-01,2023-12-29,0,True,0001510593,[],[],False,False,False,,False,False,,False,False,False,False,7372,7372,XLK,XLK,XLK
SHOO,2019-10-29,2019-10-28,2019-10-30,2019-11-13,VALID,True,A,0000913241,SEC_TICKERS,False,False,False,False,0,2018-11-01,2023-12-29,0,True,0000913241,[],[],True,False,False,0000913241,False,False,,False,True,False,False,3140,3140,SPY,SPY,SPY
TXRH,2019-10-29,2019-10-28,2019-10-30,2019-11-13,VALID,True,A,0001289460,SEC_TICKERS,False,False,False,False,0,2018-11-01,2023-12-29,0,True,0001289460,[],[],True,False,False,0001289460,False,False,,False,True,False,False,5812,5812,SPY,SPY,SPY
AXE,2019-10-30,2019-10-29,2019-10-31,2019-11-14,VALID,True,A,0000052795,FORM345_TICKER,False,False,False,False,0,2018-11-01,2020-06-19,0,True,0000052795,[],[],True,False,False,0000052795,False,False,,False,True,False,False,5063,5063,SPY,SPY,SPY
INSM,2019-10-30,2019-10-29,2019-10-31,2019-11-14,VALID,True,A,0001104506,SEC_TICKERS,False,False,False,False,0,2018-11-01,2023-12-29,0,True,0001104506,[],[],True,False,False,0001104506,False,False,,False,True,False,False,2834,2834,XBI,XBI,XBI
IPHI,2019-10-30,2019-10-29,2019-10-31,2019-11-14,VALID,True,AC,0001160958,FORM345_TICKER,False,False,False,False,0,2018-11-01,2021-04-20,0,True,0001160958,[],[],True,False,False,0001160958,False,False,,False,True,False,False,3674,3674,XLI,XLI,XLI
MAT,2019-10-30,2019-10-29,2019-10-31,2019-11-14,VALID,True,AD,0000063276,SEC_TICKERS,False,False,False,False,0,2018-11-01,2023-12-29,0,True,0000063276,[],[],True,False,False,0000063276,False,False,1996-01-02,True,True,False,False,3942,3942,SPY,SPY,SPY
MUSA,2019-10-31,2019-10-30,2019-11-01,2019-11-15,VALID,True,A,0001573516,SEC_TICKERS,False,False,False,False,0,2018-11-01,2023-12-29,0,True,0001573516,[],[],True,False,False,0001573516,False,False,,False,True,False,False,5500,5500,SPY,SPY,SPY
BRKR,2019-11-01,2019-10-31,2019-11-04,2019-11-18,VALID,True,A,0001109354,SEC_TICKERS,False,False,False,False,0,2018-11-01,2023-12-29,0,True,0001109354,[],[],True,False,False,0001109354,False,False,,False,True,False,False,3826,3826,SPY,SPY,SPY
CRC,2019-11-01,2019-10-31,2019-11-04,2019-11-18,VALID,True,A,0001609253,SEC_TICKERS,False,False,False,False,0,2018-11-01,2023-12-29,73,True,0001609253,[],[],True,False,False,0001609253,False,False,,False,True,False,False,1311,1311,XLE,XLE,XLE
ONC,2019-11-01,2019-10-31,2019-11-04,2019-11-18,VALID,True,A,0001651308,SEC_TICKERS,False,False,False,False,0,2018-11-01,2023-12-29,0,False,,[],"[[""2025-01-02"", ""BGNE""]]",False,False,False,,False,False,,False,True,False,False,2834,2834,SPY,XBI,XBI
KOS,2019-11-04,2019-11-01,2019-11-05,2019-11-19,VALID,True,A,0001509991,SEC_TICKERS,False,False,False,False,0,2018-11-01,2023-12-29,0,True,0001509991,[],[],True,False,False,0001509991,False,False,,False,True,False,False,1311,1311,XLE,XLE,XLE
MZTI,2019-11-04,2019-11-01,2019-11-05,2019-11-19,VALID,True,A,0000057515,SEC_TICKERS,False,False,False,False,0,2018-11-01,2023-12-29,0,False,,[],"[[""2025-07-01"", ""LANC""]]",False,False,False,,False,False,,False,True,False,False,2030,2030,SPY,SPY,SPY
CHGG,2019-11-05,2019-11-04,2019-11-06,2019-11-20,VALID,True,A,0001364954,SEC_TICKERS,False,False,False,False,0,2018-11-01,2023-12-29,0,True,0001364954,[],[],True,False,False,0001364954,False,False,,False,True,False,False,8200,8200,SPY,SPY,SPY
INMD,2019-11-05,2019-11-04,2019-11-06,2019-11-20,VALID,True,A,0001742692,SEC_TICKERS,False,False,False,False,0,2019-08-08,2023-12-29,0,True,0001742692,[],[],False,False,False,,False,False,,False,False,False,False,3845,3845,XLV,XLV,XLV
AYR,2019-11-06,2019-11-05,2019-11-07,2019-11-21,VALID,True,A,0001362988,SEC_TICKERS,False,False,False,False,0,2018-11-01,2020-03-27,0,True,0001362988,[],[],True,False,False,0001362988,False,False,,False,True,False,False,7359,7359,SPY,SPY,SPY
INGN,2019-11-06,2019-11-05,2019-11-07,2019-11-21,VALID,True,A,0001294133,SEC_TICKERS,False,False,False,False,0,2018-11-01,2023-12-29,0,True,0001294133,[],[],True,False,False,0001294133,False,False,,False,True,False,False,3842,3842,XLV,XLV,XLV
LVGO,2019-11-07,2019-11-06,2019-11-08,2019-11-22,VALID,True,AC,0001639225,FORM345_TICKER,False,False,False,False,0,2019-07-25,2020-10-29,0,True,0001639225,[],[],True,False,False,0001639225,False,False,,False,True,False,False,7370,7370,XLK,XLK,XLK
RAMP,2019-11-07,2019-11-06,2019-11-08,2019-11-22,VALID,True,A,0000733269,SEC_TICKERS,False,False,False,False,0,2018-11-01,2023-12-29,0,True,0000733269,[],[],True,False,False,0000733269,False,False,,False,True,False,False,7374,7374,XLK,XLK,XLK
SBH,2019-11-07,2019-11-06,2019-11-08,2019-11-22,VALID,True,A,0001368458,SEC_TICKERS,False,False,False,False,0,2018-11-01,2023-12-29,0,True,0001368458,[],[],True,False,False,0001368458,False,False,,False,True,False,False,5990,5990,SPY,SPY,SPY
AAXN,2019-11-08,2019-11-07,2019-11-11,2019-11-25,VALID,True,B,0001069183,RENAME_CHAIN_FWD,False,False,False,False,0,2018-11-01,2021-01-25,0,True,0001069183,[],[],True,False,False,0001069183,False,False,,False,True,False,False,3480,3480,SPY,SPY,SPY
AXON,2019-11-08,2019-11-07,2019-11-11,2019-11-25,VALID,True,AD,0001069183,SEC_TICKERS,False,False,False,False,0,2018-11-01,2023-12-29,0,False,,[],"[[""2021-01-26"", ""AAXN""]]",False,True,True,0001636050,False,False,2023-05-04,False,True,False,False,3480,3480,SPY,SPY,SPY
STMP,2019-11-08,2019-11-07,2019-11-11,2019-11-25,VALID,True,AC,0001082923,FORM345_TICKER,False,False,False,False,0,2018-11-01,2021-10-04,0,True,0001082923,[],[],True,False,False,0001082923,False,False,,False,True,False,False,7389,7389,SPY,SPY,SPY
UI,2019-11-08,2019-11-07,2019-11-11,2019-11-25,VALID,True,A,0001511737,SEC_TICKERS,False,False,False,False,0,2018-11-01,2023-12-29,0,True,0001511737,[],[],False,False,True,,False,False,,False,True,False,False,3663,3663,XLI,XLI,XLI
YELP,2019-11-08,2019-11-07,2019-11-11,2019-11-25,VALID,True,A,0001345016,SEC_TICKERS,False,False,False,False,0,2018-11-01,2023-12-29,0,True,0001345016,[],[],True,False,False,0001345016,False,False,,False,True,False,False,7200,7200,SPY,SPY,SPY
ZG,2019-11-08,2019-11-07,2019-11-11,2019-11-25,VALID,True,A,0001617640,SEC_TICKERS,False,False,False,False,0,2018-11-01,2023-12-29,0,True,0001617640,[],[],False,False,False,,False,False,,False,True,False,False,7389,7389,SPY,SPY,SPY
CARB,2019-11-11,2019-11-08,2019-11-12,2019-11-26,VALID,True,A,0001340127,FORM345_TICKER,False,False,False,False,0,2018-11-01,2019-12-23,0,True,0001340127,[],[],True,False,False,0001340127,False,False,,False,True,False,False,7374,7374,XLK,XLK,XLK
AEIS,2019-11-12,2019-11-11,2019-11-13,2019-11-27,VALID,True,A,0000927003,SEC_TICKERS,False,False,False,False,0,2018-11-01,2023-12-29,0,True,0000927003,[],[],True,False,False,0000927003,False,False,,False,True,False,False,3679,3679,XLI,XLI,XLI
ICUI,2019-11-12,2019-11-11,2019-11-13,2019-11-27,VALID,True,A,0000883984,SEC_TICKERS,False,False,False,False,0,2018-11-01,2023-12-29,0,True,0000883984,[],[],True,False,False,0000883984,False,False,,False,True,False,False,3841,3841,XLV,XLV,XLV
KEM,2019-11-12,2019-11-11,2019-11-13,2019-11-27,VALID,False,C,0000887730,FORM345_TICKER,False,False,False,False,0,2018-11-01,2023-12-29,826,True,0000887730,[],[],True,False,False,0000887730,True,False,,False,True,False,False,3670,3670,XLI,XLI,XLI
CDLX,2019-11-13,2019-11-12,2019-11-14,2019-11-29,VALID,True,A,0001666071,SEC_TICKERS,False,False,False,False,0,2018-11-01,2023-12-29,0,True,0001666071,[],[],True,False,False,0001666071,False,False,,False,True,False,False,7370,7370,XLK,XLK,XLK
DDOG,2019-11-13,2019-11-12,2019-11-14,2019-11-29,VALID,True,A,0001561550,SEC_TICKERS,False,False,False,False,0,2019-09-19,2023-12-29,0,True,0001561550,[],[],True,False,False,0001561550,False,False,2025-07-09,False,True,False,False,7372,7372,XLK,XLK,XLK
ENR,2019-11-13,2019-11-12,2019-11-14,2019-11-29,VALID,True,A,0001632790,SEC_TICKERS,False,False,False,False,0,2018-11-01,2023-12-29,0,True,0001632790,[],[],True,False,False,0001632790,False,False,,False,True,False,False,3690,3690,XLI,XLI,XLI
KNSL,2019-11-13,2019-11-12,2019-11-14,2019-11-29,VALID,True,A,0001669162,SEC_TICKERS,False,False,False,False,0,2018-11-01,2023-12-29,0,True,0001669162,[],[],True,False,False,0001669162,False,False,,False,True,False,False,6331,6331,XLF,XLF,XLF
DDS,2019-11-14,2019-11-13,2019-11-15,2019-12-02,VALID,True,A,0000028917,SEC_TICKERS,False,False,False,False,0,2018-11-01,2023-12-29,0,True,0000028917,[],[],True,False,False,0000028917,False,False,1996-01-02,True,True,False,False,5311,5311,SPY,SPY,SPY
MYOV,2019-11-19,2019-11-18,2019-11-20,2019-12-05,VALID,False,C,0001679082,FORM345_TICKER,False,False,False,False,0,2018-11-01,2023-03-09,0,True,0001679082,[],[],True,False,False,0001679082,True,False,,False,True,False,False,2834,2834,XBI,XBI,XBI
CRC,2019-11-20,2019-11-19,2019-11-21,2019-12-06,VALID,True,A,0001609253,SEC_TICKERS,False,False,False,False,0,2018-11-01,2023-12-29,73,True,0001609253,[],[],True,False,False,0001609253,False,False,,False,True,False,False,1311,1311,XLE,XLE,XLE
DRNA,2019-11-25,2019-11-22,2019-11-26,2019-12-11,VALID,True,AC,0001399529,FORM345_TICKER,False,False,False,False,0,2018-11-01,2021-12-27,0,True,0001399529,[],[],True,False,False,0001399529,False,False,,False,True,False,False,2834,2834,XBI,XBI,XBI
CCXI,2019-11-26,2019-11-25,2019-11-27,2019-12-12,VALID,True,AC,0002074973,SEC_TICKERS,False,False,False,False,0,2018-11-01,2022-10-19,1,True,0002074973,[],[],False,True,False,0001340652,False,False,,False,False,False,False,3569,3569,SPY,SPY,SPY
GBT,2019-11-26,2019-11-25,2019-11-27,2019-12-12,VALID,False,C,0001629137,FORM345_TICKER,False,False,False,False,0,2018-11-01,2022-10-04,0,True,0001629137,[],[],True,False,False,0001629137,True,False,,False,True,False,False,2834,2834,XBI,XBI,XBI
KOD,2019-12-02,2019-11-29,2019-12-03,2019-12-17,VALID,True,A,0001468748,SEC_TICKERS,False,False,False,False,0,2018-11-01,2023-12-29,0,True,0001468748,[],[],True,False,False,0001468748,False,False,,False,True,False,False,2836,2836,XBI,XBI,XBI
AXSM,2019-12-03,2019-12-02,2019-12-04,2019-12-18,VALID,True,A,0001579428,SEC_TICKERS,False,False,False,False,0,2018-11-01,2023-12-29,0,True,0001579428,[],[],True,False,False,0001579428,False,False,,False,True,False,False,2834,2834,XBI,XBI,XBI
BOLD,2019-12-03,2019-12-02,2019-12-04,2019-12-18,VALID,True,A,0001782303,SEC_TICKERS,False,False,False,False,0,2018-11-01,2020-01-14,997,True,0001782303,[],[],False,True,False,0001628738,False,False,,False,False,False,False,2834,2834,XBI,XBI,XBI
QURE,2019-12-03,2019-12-02,2019-12-04,2019-12-18,VALID,True,A,0001590560,SEC_TICKERS,False,False,False,False,0,2018-11-01,2023-12-29,0,True,0001590560,[],[],True,False,False,0001590560,False,False,,False,True,False,False,2834,2834,XBI,XBI,XBI
HQY,2019-12-04,2019-12-03,2019-12-05,2019-12-19,VALID,True,A,0001428336,SEC_TICKERS,False,False,False,False,0,2018-11-01,2023-12-29,0,True,0001428336,[],[],True,False,False,0001428336,False,False,,False,True,False,False,7389,7389,SPY,SPY,SPY
KOD,2019-12-04,2019-12-03,2019-12-05,2019-12-19,VALID,True,A,0001468748,SEC_TICKERS,False,False,False,False,0,2018-11-01,2023-12-29,0,True,0001468748,[],[],True,False,False,0001468748,False,False,,False,True,False,False,2836,2836,XBI,XBI,XBI
ACAD,2019-12-05,2019-12-04,2019-12-06,2019-12-20,VALID,True,A,0001070494,SEC_TICKERS,False,False,False,False,0,2018-11-01,2023-12-29,1,True,0001070494,[],[],True,False,False,0001070494,False,False,,False,True,False,False,2834,2834,XBI,XBI,XBI
AUPH,2019-12-05,2019-12-04,2019-12-06,2019-12-20,VALID,True,A,0001600620,SEC_TICKERS,False,False,False,False,0,2018-11-01,2023-12-29,0,True,0001600620,[],[],False,False,True,,False,False,,False,False,False,False,2834,2834,XBI,XBI,XBI
FIZZ,2019-12-06,2019-12-05,2019-12-09,2019-12-23,VALID,True,A,0000069891,SEC_TICKERS,False,False,False,False,0,2018-11-01,2023-12-29,0,True,0000069891,[],[],True,False,False,0000069891,False,False,,False,True,False,False,2086,2086,SPY,SPY,SPY
AGIO,2019-12-09,2019-12-06,2019-12-10,2019-12-24,VALID,True,A,0001439222,SEC_TICKERS,False,False,False,False,0,2018-11-01,2023-12-29,0,True,0001439222,[],[],True,False,False,0001439222,False,False,,False,True,False,False,2834,2834,XBI,XBI,XBI
ARQL,2019-12-09,2019-12-06,2019-12-10,2019-12-24,VALID,True,A,0001019695,FORM345_TICKER,False,False,False,False,0,2018-11-01,2020-01-15,0,True,0001019695,[],[],True,False,False,0001019695,False,False,,False,True,False,False,2834,2834,XBI,XBI,XBI
DTIL,2019-12-09,2019-12-06,2019-12-10,2019-12-24,VALID,True,A,0001357874,SEC_TICKERS,False,False,False,False,0,2019-03-28,2023-12-29,0,True,0001357874,[],[],True,False,False,0001357874,False,False,,False,True,False,False,2836,2836,XBI,XBI,XBI
AXSM,2019-12-16,2019-12-13,2019-12-17,2020-01-02,VALID,True,A,0001579428,SEC_TICKERS,False,False,False,False,0,2018-11-01,2023-12-29,0,True,0001579428,[],[],True,False,False,0001579428,False,False,,False,True,False,False,2834,2834,XBI,XBI,XBI
REGI,2019-12-17,2019-12-16,2019-12-18,2020-01-03,VALID,True,AC,0001463258,FORM345_TICKER,False,False,False,False,0,2018-11-01,2022-06-10,0,True,0001463258,[],[],True,False,False,0001463258,False,False,,False,True,False,False,2860,2860,SPY,SPY,SPY
RAD,2019-12-19,2019-12-18,2019-12-20,2020-01-07,VALID,False,B,0000084129,FORM345_TICKER,False,False,False,False,0,2019-04-22,2023-10-13,1,True,0000084129,[],[],True,False,False,0000084129,True,False,1996-01-02,True,True,False,False,5912,5912,SPY,SPY,SPY
MBOT,2019-12-24,2019-12-23,2019-12-26,2020-01-10,VALID,True,A,0000883975,SEC_TICKERS,False,False,False,False,0,2018-11-01,2023-12-29,0,True,0000883975,[],[],True,False,False,0000883975,False,False,,False,True,False,False,3841,3841,XLV,XLV,XLV
FLNA,2019-12-30,2019-12-27,2019-12-31,2020-01-15,VALID,True,A,0001069530,SEC_TICKERS,False,False,False,False,0,2018-11-01,2023-12-29,0,False,,[],"[[""2026-03-11"", ""SAVA""]]",False,False,False,,False,False,,False,True,False,False,2834,2834,SPY,XBI,XBI
FLNA,2020-01-02,2019-12-31,2020-01-03,2020-01-17,VALID,True,A,0001069530,SEC_TICKERS,False,False,False,False,0,2018-11-01,2023-12-29,0,False,,[],"[[""2026-03-11"", ""SAVA""]]",False,False,False,,False,False,,False,True,False,False,2834,2834,SPY,XBI,XBI
WLL,2020-01-03,2020-01-02,2020-01-06,2020-01-21,VALID,True,AC,0001255474,FORM345_TICKER,False,False,False,False,0,2018-11-01,2022-06-30,0,True,0001255474,[],[],True,False,False,0001255474,False,False,1996-01-02,True,True,False,False,1311,1311,XLE,XLE,XLE
MRNA,2020-01-10,2020-01-09,2020-01-13,2020-01-28,VALID,True,AD,0001682852,SEC_TICKERS,False,False,False,False,0,2018-12-07,2023-12-29,0,True,0001682852,[],[],True,False,False,0001682852,False,False,2021-07-21,False,True,False,False,2836,2836,XBI,XBI,XBI
RARE,2020-01-10,2020-01-09,2020-01-13,2020-01-28,VALID,True,A,0001515673,SEC_TICKERS,False,False,False,False,0,2018-11-01,2023-12-29,0,True,0001515673,[],[],True,False,False,0001515673,False,False,,False,True,False,False,2834,2834,XBI,XBI,XBI
SNX,2020-01-10,2020-01-09,2020-01-13,2020-01-28,VALID,True,A,0001177394,SEC_TICKERS,False,False,False,False,0,2018-11-01,2023-12-29,0,True,0001177394,[],[],True,False,False,0001177394,False,False,,False,True,False,False,5045,5045,SPY,SPY,SPY
CDLX,2020-01-13,2020-01-10,2020-01-14,2020-01-29,VALID,True,A,0001666071,SEC_TICKERS,False,False,False,False,0,2018-11-01,2023-12-29,0,True,0001666071,[],[],True,False,False,0001666071,False,False,,False,True,False,False,7370,7370,XLK,XLK,XLK
MBOT,2020-01-13,2020-01-10,2020-01-14,2020-01-29,VALID,True,A,0000883975,SEC_TICKERS,False,False,False,False,0,2018-11-01,2023-12-29,0,True,0000883975,[],[],True,False,False,0000883975,False,False,,False,True,False,False,3841,3841,XLV,XLV,XLV
TERP,2020-01-13,2020-01-10,2020-01-14,2020-01-29,VALID,True,AC,0001599947,FORM345_TICKER,False,False,False,False,0,2018-11-01,2020-07-30,0,True,0001599947,[],[],True,False,False,0001599947,False,False,,False,True,False,False,4911,4911,SPY,SPY,SPY
MNTA,2020-01-15,2020-01-14,2020-01-16,2020-01-31,VALID,True,AC,0001235010,FORM345_TICKER,False,False,False,False,0,2018-11-01,2020-09-30,0,True,0001235010,[],[],True,False,False,0001235010,False,False,,False,True,False,False,2836,2836,XBI,XBI,XBI
SIG,2020-01-16,2020-01-15,2020-01-17,2020-02-03,VALID,True,A,0000832988,SEC_TICKERS,False,False,False,False,0,2018-11-01,2023-12-29,0,True,0000832988,[],[],True,False,False,0000832988,False,False,2015-07-29,True,True,False,False,5944,5944,SPY,SPY,SPY
XPO,2020-01-16,2020-01-15,2020-01-17,2020-02-03,VALID,True,A,0001166003,SEC_TICKERS,False,False,False,False,0,2018-11-01,2023-12-29,0,True,0001166003,[],[],True,False,False,0001166003,False,False,,False,True,False,False,4700,4700,SPY,SPY,SPY
PLAY,2020-01-17,2020-01-16,2020-01-21,2020-02-04,VALID,True,A,0001525769,SEC_TICKERS,False,False,False,False,0,2018-11-01,2023-12-29,0,True,0001525769,[],[],True,False,False,0001525769,False,False,,False,True,False,False,5812,5812,SPY,SPY,SPY
PRGS,2020-01-17,2020-01-16,2020-01-21,2020-02-04,VALID,True,A,0000876167,SEC_TICKERS,False,False,False,False,0,2018-11-01,2023-12-29,0,True,0000876167,[],[],True,False,False,0000876167,False,False,,False,True,False,False,7372,7372,XLK,XLK,XLK
NVAX,2020-01-21,2020-01-17,2020-01-22,2020-02-05,VALID,True,A,0001000694,SEC_TICKERS,False,False,False,False,0,2018-11-01,2023-12-29,1,True,0001000694,[],[],True,False,False,0001000694,False,False,,False,True,False,False,2836,2836,XBI,XBI,XBI
GATX,2020-01-23,2020-01-22,2020-01-24,2020-02-07,VALID,True,A,0000040211,SEC_TICKERS,False,False,False,False,0,2018-11-01,2023-12-29,0,True,0000040211,[],[],True,False,False,0000040211,False,False,,False,True,False,False,4700,4700,SPY,SPY,SPY
NVAX,2020-01-23,2020-01-22,2020-01-24,2020-02-07,VALID,True,A,0001000694,SEC_TICKERS,False,False,False,False,0,2018-11-01,2023-12-29,1,True,0001000694,[],[],True,False,False,0001000694,False,False,,False,True,False,False,2836,2836,XBI,XBI,XBI
SLM,2020-01-23,2020-01-22,2020-01-24,2020-02-07,VALID,True,A,0001032033,SEC_TICKERS,False,False,False,False,0,2018-11-01,2023-12-29,0,True,0001032033,[],[],True,False,False,0001032033,False,False,1998-07-01,True,True,False,False,6141,6141,XLF,XLF,XLF
EHTH,2020-01-24,2020-01-23,2020-01-27,2020-02-10,VALID,True,A,0001333493,SEC_TICKERS,False,False,False,False,0,2018-11-01,2023-12-29,0,True,0001333493,[],[],True,False,False,0001333493,False,False,,False,True,False,False,6411,6411,XLF,XLF,XLF
NNVC,2020-01-24,2020-01-23,2020-01-27,2020-02-10,VALID,True,A,0001379006,SEC_TICKERS,False,False,False,False,0,2018-11-01,2023-12-29,0,True,0001379006,[],[],True,False,False,0001379006,False,False,,False,True,False,False,2834,2834,XBI,XBI,XBI
INO,2020-01-27,2020-01-24,2020-01-28,2020-02-11,VALID,True,A,0001055726,SEC_TICKERS,False,False,False,False,0,2018-11-01,2023-12-29,0,True,0001055726,[],[],True,False,False,0001055726,False,False,,False,True,False,False,2834,3841,XBI,XBI,XLV
NNVC,2020-01-27,2020-01-24,2020-01-28,2020-02-11,VALID,True,A,0001379006,SEC_TICKERS,False,False,False,False,0,2018-11-01,2023-12-29,0,True,0001379006,[],[],True,False,False,0001379006,False,False,,False,True,False,False,2834,2834,XBI,XBI,XBI
NVAX,2020-01-27,2020-01-24,2020-01-28,2020-02-11,VALID,True,A,0001000694,SEC_TICKERS,False,False,False,False,0,2018-11-01,2023-12-29,1,True,0001000694,[],[],True,False,False,0001000694,False,False,,False,True,False,False,2836,2836,XBI,XBI,XBI
DLPH,2020-01-28,2020-01-27,2020-01-29,2020-02-12,VALID,True,AC,0001707092,FORM345_TICKER,False,False,False,False,0,2018-11-01,2020-10-01,0,True,0001707092,[],[],True,False,False,0001707092,False,False,,False,True,False,False,3714,3714,XLI,XLI,XLI
LAUR,2020-01-28,2020-01-27,2020-01-29,2020-02-12,VALID,True,A,0000912766,SEC_TICKERS,False,False,False,False,0,2018-11-01,2023-12-29,0,True,0000912766,[],[],True,False,False,0000912766,False,False,,False,True,False,False,8200,8200,SPY,SPY,SPY
XLRN,2020-01-28,2020-01-27,2020-01-29,2020-02-12,VALID,True,AC,0001280600,FORM345_TICKER,False,False,False,False,0,2018-11-01,2021-11-19,0,True,0001280600,[],[],True,False,False,0001280600,False,False,,False,True,False,False,2836,2836,XBI,XBI,XBI
CVLT,2020-01-29,2020-01-28,2020-01-30,2020-02-13,VALID,True,A,0001169561,SEC_TICKERS,False,False,False,False,0,2018-11-01,2023-12-29,0,True,0001169561,[],[],True,False,False,0001169561,False,False,,False,True,False,False,7372,7372,XLK,XLK,XLK
NNVC,2020-01-29,2020-01-28,2020-01-30,2020-02-13,VALID,True,A,0001379006,SEC_TICKERS,False,False,False,False,0,2018-11-01,2023-12-29,0,True,0001379006,[],[],True,False,False,0001379006,False,False,,False,True,False,False,2834,2834,XBI,XBI,XBI
NNVC,2020-01-30,2020-01-29,2020-01-31,2020-02-14,VALID,True,A,0001379006,SEC_TICKERS,False,False,False,False,0,2018-11-01,2023-12-29,0,True,0001379006,[],[],True,False,False,0001379006,False,False,,False,True,False,False,2834,2834,XBI,XBI,XBI
ADNT,2020-01-31,2020-01-30,2020-02-03,2020-02-18,VALID,True,A,0001670541,SEC_TICKERS,False,False,False,False,0,2018-11-01,2023-12-29,0,True,0001670541,[],[],True,False,False,0001670541,False,False,,False,True,False,False,3714,3714,XLI,XLI,XLI
NAV,2020-01-31,2020-01-30,2020-02-03,2020-02-18,VALID,True,AC,0000808450,FORM345_TICKER,False,False,False,False,0,2018-11-01,2021-06-30,0,True,0000808450,[],[],True,False,False,0000808450,False,False,1996-01-02,True,True,False,False,3711,3711,XLI,XLI,XLI
NNVC,2020-01-31,2020-01-30,2020-02-03,2020-02-18,VALID,True,A,0001379006,SEC_TICKERS,False,False,False,False,0,2018-11-01,2023-12-29,0,True,0001379006,[],[],True,False,False,0001379006,False,False,,False,True,False,False,2834,2834,XBI,XBI,XBI
AIMT,2020-02-03,2020-01-31,2020-02-04,2020-02-19,VALID,True,AC,0001631650,FORM345_TICKER,False,False,False,False,0,2018-11-01,2020-10-12,1,True,0001631650,[],[],True,False,False,0001631650,False,False,,False,True,False,False,2834,2834,XBI,XBI,XBI
CTLT,2020-02-03,2020-01-31,2020-02-04,2020-02-19,VALID,False,D,0001596783,FORM345_TICKER,False,False,False,False,0,2018-11-01,2023-12-29,0,True,0001596783,[],[],True,False,False,0001596783,True,False,2020-09-21,False,True,False,False,2834,2834,XBI,XBI,XBI
INSM,2020-02-03,2020-01-31,2020-02-04,2020-02-19,VALID,True,A,0001104506,SEC_TICKERS,False,False,False,False,0,2018-11-01,2023-12-29,0,True,0001104506,[],[],True,False,False,0001104506,False,False,,False,True,False,False,2834,2834,XBI,XBI,XBI
FLNA,2020-02-04,2020-02-03,2020-02-05,2020-02-20,VALID,True,A,0001069530,SEC_TICKERS,False,False,False,False,0,2018-11-01,2023-12-29,0,False,,[],"[[""2026-03-11"", ""SAVA""]]",False,False,False,,False,False,,False,True,False,False,2834,2834,SPY,XBI,XBI
DB,2020-02-06,2020-02-05,2020-02-07,2020-02-24,VALID,True,A,0001159508,SEC_TICKERS,False,False,False,False,0,2018-11-01,2023-12-29,0,True,0001159508,[],[],False,False,False,,False,False,,False,False,False,True,6022,6022,XLF,XLF,XLF
FSCT,2020-02-06,2020-02-05,2020-02-07,2020-02-24,VALID,True,AC,0001145057,FORM345_TICKER,False,False,False,False,0,2018-11-01,2020-08-14,0,True,0001145057,[],[],True,False,False,0001145057,False,False,,False,True,False,False,3577,3577,XLK,XLK,XLK
MT,2020-02-06,2020-02-05,2020-02-07,2020-02-24,VALID,True,A,0001243429,SEC_TICKERS,False,False,False,False,0,2018-11-01,2023-12-29,0,True,0001243429,[],[],False,False,False,,False,False,,False,False,False,True,3312,3312,SPY,SPY,SPY
BILL,2020-02-07,2020-02-06,2020-02-10,2020-02-25,VALID,True,A,0001786352,SEC_TICKERS,False,False,False,False,0,2019-12-12,2023-12-29,0,True,0001786352,[],[],True,False,False,0001786352,False,False,,False,False,False,False,7372,7372,XLK,XLK,XLK
SYNA,2020-02-07,2020-02-06,2020-02-10,2020-02-25,VALID,True,A,0000817720,SEC_TICKERS,False,False,False,False,0,2018-11-01,2023-12-29,0,True,0000817720,[],[],True,False,False,0000817720,False,False,,False,True,False,False,3674,3674,XLI,XLI,XLI
EPC,2020-02-10,2020-02-07,2020-02-11,2020-02-26,VALID,True,A,0001096752,SEC_TICKERS,False,False,False,False,0,2018-11-01,2023-12-29,0,True,0001096752,[],[],True,False,False,0001096752,False,False,,False,True,False,False,2844,2844,SPY,SPY,SPY
MAC,2020-02-10,2020-02-07,2020-02-11,2020-02-26,VALID,True,AD,0000912242,SEC_TICKERS,False,False,False,False,0,2018-11-01,2023-12-29,0,True,0000912242,[],[],True,False,False,0000912242,False,False,2013-05-09,True,True,False,False,6798,6798,XLF,XLF,XLF
APT,2020-02-13,2020-02-12,2020-02-14,2020-03-02,VALID,True,A,0000884269,SEC_TICKERS,False,False,False,False,0,2018-11-01,2023-12-29,0,True,0000884269,[],[],True,False,False,0000884269,False,False,,False,True,False,False,3842,3842,XLV,XLV,XLV
LM,2020-02-18,2020-02-14,2020-02-19,2020-03-04,VALID,True,AC,0000704051,FORM345_TICKER,False,False,False,False,0,2018-11-01,2020-07-31,0,True,0000704051,[],[],True,False,False,0000704051,False,False,2006-04-24,True,True,False,False,6282,6282,XLF,XLF,XLF
CAR,2020-02-20,2020-02-19,2020-02-21,2020-03-06,VALID,True,A,0000723612,SEC_TICKERS,False,False,False,False,0,2018-11-01,2023-12-29,0,True,0000723612,[],[],True,False,False,0000723612,False,False,1996-01-02,True,True,False,False,7510,7510,SPY,SPY,SPY
STMP,2020-02-20,2020-02-19,2020-02-21,2020-03-06,VALID,True,AC,0001082923,FORM345_TICKER,False,False,False,False,0,2018-11-01,2021-10-04,0,True,0001082923,[],[],True,False,False,0001082923,False,False,,False,True,False,False,7389,7389,SPY,SPY,SPY
ZG,2020-02-20,2020-02-19,2020-02-21,2020-03-06,VALID,True,A,0001617640,SEC_TICKERS,False,False,False,False,0,2018-11-01,2023-12-29,0,True,0001617640,[],[],False,False,False,,False,False,,False,True,False,False,7389,7389,SPY,SPY,SPY
SFM,2020-02-21,2020-02-20,2020-02-24,2020-03-09,VALID,True,A,0001575515,SEC_TICKERS,False,False,False,False,0,2018-11-01,2023-12-29,0,True,0001575515,[],[],True,False,False,0001575515,False,False,,False,True,False,False,5411,5411,SPY,SPY,SPY
APT,2020-02-24,2020-02-21,2020-02-25,2020-03-10,VALID,True,A,0000884269,SEC_TICKERS,False,False,False,False,0,2018-11-01,2023-12-29,0,True,0000884269,[],[],True,False,False,0000884269,False,False,,False,True,False,False,3842,3842,XLV,XLV,XLV
NNVC,2020-02-24,2020-02-21,2020-02-25,2020-03-10,VALID,True,A,0001379006,SEC_TICKERS,False,False,False,False,0,2018-11-01,2023-12-29,0,True,0001379006,[],[],True,False,False,0001379006,False,False,,False,True,False,False,2834,2834,XBI,XBI,XBI
MMSI,2020-02-25,2020-02-24,2020-02-26,2020-03-11,VALID,True,A,0000856982,SEC_TICKERS,False,False,False,False,0,2018-11-01,2023-12-29,0,True,0000856982,[],[],True,False,False,0000856982,False,False,,False,True,False,False,3841,3841,XLV,XLV,XLV
BGS,2020-02-26,2020-02-25,2020-02-27,2020-03-12,VALID,True,A,0001278027,SEC_TICKERS,False,False,False,False,0,2018-11-01,2023-12-29,0,True,0001278027,[],[],True,False,False,0001278027,False,False,,False,True,False,False,2000,2000,SPY,SPY,SPY
EYE,2020-02-26,2020-02-25,2020-02-27,2020-03-12,VALID,True,A,0001710155,SEC_TICKERS,False,False,False,False,0,2018-11-01,2023-12-29,0,True,0001710155,[],[],True,False,False,0001710155,False,False,,False,True,False,False,3851,3851,XLV,XLV,XLV
MIDD,2020-02-26,2020-02-25,2020-02-27,2020-03-12,VALID,True,A,0000769520,SEC_TICKERS,False,False,False,False,0,2018-11-01,2023-12-29,0,False,,[],"[[""2026-07-08"", ""MIDDV""]]",True,False,False,0000769520,False,False,,False,True,False,False,3580,3580,SPY,SPY,SPY
APT,2020-02-27,2020-02-26,2020-02-28,2020-03-13,VALID,True,A,0000884269,SEC_TICKERS,False,False,False,False,0,2018-11-01,2023-12-29,0,True,0000884269,[],[],True,False,False,0000884269,False,False,,False,True,False,False,3842,3842,XLV,XLV,XLV
NNVC,2020-02-27,2020-02-26,2020-02-28,2020-03-13,VALID,True,A,0001379006,SEC_TICKERS,False,False,False,False,0,2018-11-01,2023-12-29,0,True,0001379006,[],[],True,False,False,0001379006,False,False,,False,True,False,False,2834,2834,XBI,XBI,XBI
NVAX,2020-02-27,2020-02-26,2020-02-28,2020-03-13,VALID,True,A,0001000694,SEC_TICKERS,False,False,False,False,0,2018-11-01,2023-12-29,1,True,0001000694,[],[],True,False,False,0001000694,False,False,,False,True,False,False,2836,2836,XBI,XBI,XBI
VIR,2020-02-27,2020-02-26,2020-02-28,2020-03-13,VALID,True,A,0001706431,SEC_TICKERS,False,False,False,False,0,2019-10-11,2023-12-29,0,True,0001706431,[],[],True,False,False,0001706431,False,False,,False,True,False,False,2836,2836,XBI,XBI,XBI
FTSV,2020-02-28,2020-02-27,2020-03-02,2020-03-16,VALID,True,A,0001667633,FORM345_TICKER,False,False,False,False,0,2018-11-01,2020-04-06,0,True,0001667633,[],[],True,False,False,0001667633,False,False,,False,True,False,False,2834,2834,XBI,XBI,XBI
LAKE,2020-02-28,2020-02-27,2020-03-02,2020-03-16,VALID,True,A,0000798081,SEC_TICKERS,False,False,False,False,0,2018-11-01,2023-12-29,0,True,0000798081,[],[],True,False,False,0000798081,False,False,,False,True,False,False,3842,3842,XLV,XLV,XLV
NNVC,2020-02-28,2020-02-27,2020-03-02,2020-03-16,VALID,True,A,0001379006,SEC_TICKERS,False,False,False,False,0,2018-11-01,2023-12-29,0,True,0001379006,[],[],True,False,False,0001379006,False,False,,False,True,False,False,2834,2834,XBI,XBI,XBI
NVAX,2020-02-28,2020-02-27,2020-03-02,2020-03-16,VALID,True,A,0001000694,SEC_TICKERS,False,False,False,False,0,2018-11-01,2023-12-29,1,True,0001000694,[],[],True,False,False,0001000694,False,False,,False,True,False,False,2836,2836,XBI,XBI,XBI
VIR,2020-02-28,2020-02-27,2020-03-02,2020-03-16,VALID,True,A,0001706431,SEC_TICKERS,False,False,False,False,0,2019-10-11,2023-12-29,0,True,0001706431,[],[],True,False,False,0001706431,False,False,,False,True,False,False,2836,2836,XBI,XBI,XBI
BLDP,2020-03-02,2020-02-28,2020-03-03,2020-03-17,VALID,True,A,0001453015,SEC_TICKERS,False,False,False,False,0,2018-11-01,2023-12-29,0,True,0001453015,[],[],False,False,False,,False,False,,False,False,False,False,3620,3620,XLI,XLI,XLI
KPTI,2020-03-02,2020-02-28,2020-03-03,2020-03-17,VALID,True,A,0001503802,SEC_TICKERS,False,False,False,False,0,2018-11-01,2023-12-29,0,True,0001503802,[],[],True,False,False,0001503802,False,False,,False,True,False,False,2834,2834,XBI,XBI,XBI
BRSL,2020-03-03,2020-03-02,2020-03-04,2020-03-18,VALID,True,A,0001619762,SEC_TICKERS,False,False,False,False,0,2018-11-01,2023-12-29,0,False,,[],"[[""2025-07-02"", ""IGT""]]",False,False,False,,False,False,,False,False,False,False,7990,7990,SPY,SPY,SPY
NNVC,2020-03-06,2020-03-05,2020-03-09,2020-03-23,VALID,True,A,0001379006,SEC_TICKERS,False,False,False,False,0,2018-11-01,2023-12-29,0,True,0001379006,[],[],True,False,False,0001379006,False,False,,False,True,False,False,2834,2834,XBI,XBI,XBI
AIM,2020-03-09,2020-03-06,2020-03-10,2020-03-24,VALID,True,A,0000946644,FORM345_TICKER,False,False,False,False,0,2019-09-03,2023-12-29,0,False,,[],"[[""2025-06-17"", ""AIMID""]]",True,False,False,0000946644,False,False,,False,True,False,False,2836,2836,SPY,XBI,XBI
AZUL,2020-03-10,2020-03-09,2020-03-11,2020-03-25,VALID,True,A,,UNMAPPED,False,False,False,False,0,2018-11-01,2023-12-29,0,False,,[],"[[""2026-06-01"", ""AZLUY""]]",False,False,False,,False,False,,False,False,False,False,,,SPY,SPY,SPY
BLDP,2020-03-10,2020-03-09,2020-03-11,2020-03-25,VALID,True,A,0001453015,SEC_TICKERS,False,False,False,False,0,2018-11-01,2023-12-29,0,True,0001453015,[],[],False,False,False,,False,False,,False,False,False,False,3620,3620,XLI,XLI,XLI
CADE,2020-03-10,2020-03-09,2020-03-11,2020-03-25,VALID,True,AC,0001614184,FORM345_TICKER,False,False,False,False,0,2018-11-01,2023-12-29,0,False,,[],"[[""2021-10-29"", ""BXS""]]",True,False,False,0001614184,False,False,,False,True,False,False,6021,6021,SPY,XLF,XLF
CLB,2020-03-10,2020-03-09,2020-03-11,2020-03-25,VALID,True,AC,0001958086,SEC_TICKERS,False,False,False,False,0,2018-11-01,2023-12-29,0,True,0001958086,[],[],False,True,True,0001000229,False,False,,False,False,False,False,1389,1389,XLE,XLE,XLE
CNQ,2020-03-10,2020-03-09,2020-03-11,2020-03-25,VALID,True,A,0001017413,SEC_TICKERS,False,False,False,False,0,2018-11-01,2023-12-29,0,True,0001017413,[],[],False,False,False,,False,False,,False,False,False,False,1311,1311,XLE,XLE,XLE
DCP,2020-03-10,2020-03-09,2020-03-11,2020-03-25,VALID,False,C,0001338065,FORM345_TICKER,False,False,False,False,0,2018-11-01,2023-06-14,0,True,0001338065,[],[],True,False,False,0001338065,True,False,,False,True,False,False,4922,4922,SPY,SPY,SPY
DKS,2020-03-10,2020-03-09,2020-03-11,2020-03-25,VALID,True,A,0001089063,SEC_TICKERS,False,False,False,False,0,2018-11-01,2023-12-29,0,True,0001089063,[],[],True,False,False,0001089063,False,False,,False,True,False,False,5940,5940,SPY,SPY,SPY
GEL,2020-03-10,2020-03-09,2020-03-11,2020-03-25,VALID,True,A,0001022321,SEC_TICKERS,False,False,False,False,0,2018-11-01,2023-12-29,0,True,0001022321,[],[],True,False,False,0001022321,False,False,,False,True,False,False,4610,4610,SPY,SPY,SPY
INSG,2020-03-10,2020-03-09,2020-03-11,2020-03-25,VALID,True,A,0001022652,SEC_TICKERS,False,False,False,False,0,2018-11-01,2023-12-29,0,True,0001022652,[],[],True,False,False,0001022652,False,False,,False,True,False,False,3669,3669,XLI,XLI,XLI
PDCE,2020-03-10,2020-03-09,2020-03-11,2020-03-25,VALID,False,C,0000077877,FORM345_TICKER,False,False,False,False,0,2018-11-01,2023-08-04,1,True,0000077877,[],[],True,False,False,0000077877,True,False,,False,True,False,False,1311,1311,XLE,XLE,XLE
WES,2020-03-10,2020-03-09,2020-03-11,2020-03-25,VALID,True,A,0001423902,SEC_TICKERS,False,False,False,False,0,2018-11-01,2023-12-29,0,True,0001423902,[],[],True,False,False,0001423902,False,False,,False,True,False,False,4922,4922,SPY,SPY,SPY
VIR,2020-03-11,2020-03-10,2020-03-12,2020-03-26,VALID,True,A,0001706431,SEC_TICKERS,False,False,False,False,0,2019-10-11,2023-12-29,0,True,0001706431,[],[],True,False,False,0001706431,False,False,,False,True,False,False,2836,2836,XBI,XBI,XBI
VIR,2020-03-12,2020-03-11,2020-03-13,2020-03-27,VALID,True,A,0001706431,SEC_TICKERS,False,False,False,False,0,2019-10-11,2023-12-29,0,True,0001706431,[],[],True,False,False,0001706431,False,False,,False,True,False,False,2836,2836,XBI,XBI,XBI
ARGX,2020-03-13,2020-03-12,2020-03-16,2020-03-30,VALID,True,A,0001697862,SEC_TICKERS,False,False,False,False,0,2018-11-01,2023-12-29,0,True,0001697862,[],[],False,False,False,,False,False,,False,False,False,False,2836,2836,XBI,XBI,XBI
AZUL,2020-03-13,2020-03-12,2020-03-16,2020-03-30,VALID,True,A,,UNMAPPED,False,False,False,False,0,2018-11-01,2023-12-29,0,False,,[],"[[""2026-06-01"", ""AZLUY""]]",False,False,False,,False,False,,False,False,False,False,,,SPY,SPY,SPY
BHF,2020-03-13,2020-03-12,2020-03-16,2020-03-30,VALID,True,AD,0001685040,SEC_TICKERS,False,False,False,False,0,2018-11-01,2023-12-29,0,True,0001685040,[],[],True,False,False,0001685040,False,False,2017-08-07,True,True,False,False,6311,6311,XLF,XLF,XLF
BJ,2020-03-13,2020-03-12,2020-03-16,2020-03-30,VALID,True,A,0001531152,SEC_TICKERS,False,False,False,False,0,2018-11-01,2023-12-29,0,True,0001531152,[],[],True,False,False,0001531152,False,False,,False,True,False,False,5331,5331,SPY,SPY,SPY
BWXT,2020-03-13,2020-03-12,2020-03-16,2020-03-30,VALID,True,A,0001486957,SEC_TICKERS,False,False,False,False,0,2018-11-01,2023-12-29,0,True,0001486957,[],[],True,False,False,0001486957,False,False,,False,True,False,False,3510,3510,SPY,SPY,SPY
CADE,2020-03-13,2020-03-12,2020-03-16,2020-03-30,VALID,True,AC,0001614184,FORM345_TICKER,False,False,False,False,0,2018-11-01,2023-12-29,0,False,,[],"[[""2021-10-29"", ""BXS""]]",True,False,False,0001614184,False,False,,False,True,False,False,6021,6021,SPY,XLF,XLF
CNH,2020-03-13,2020-03-12,2020-03-16,2020-03-30,VALID,True,A,0001567094,SEC_TICKERS,False,False,False,False,0,2018-11-01,2023-12-29,0,False,,[],"[[""2024-05-20"", ""CNHI""]]",False,False,False,,False,False,,False,False,False,False,3531,3531,SPY,SPY,SPY
CXW,2020-03-13,2020-03-12,2020-03-16,2020-03-30,VALID,True,A,0001070985,SEC_TICKERS,False,False,False,False,0,2018-11-01,2023-12-29,0,True,0001070985,[],[],True,False,False,0001070985,False,False,,False,True,False,False,6798,6798,XLF,XLF,XLF
DB,2020-03-13,2020-03-12,2020-03-16,2020-03-30,VALID,True,A,0001159508,SEC_TICKERS,False,False,False,False,0,2018-11-01,2023-12-29,0,True,0001159508,[],[],False,False,False,,False,False,,False,False,False,True,6022,6022,XLF,XLF,XLF
DCP,2020-03-13,2020-03-12,2020-03-16,2020-03-30,VALID,False,C,0001338065,FORM345_TICKER,False,False,False,False,0,2018-11-01,2023-06-14,0,True,0001338065,[],[],True,False,False,0001338065,True,False,,False,True,False,False,4922,4922,SPY,SPY,SPY
DIN,2020-03-13,2020-03-12,2020-03-16,2020-03-30,VALID,True,A,0000049754,SEC_TICKERS,False,False,False,False,0,2018-11-01,2023-12-29,0,True,0000049754,[],[],True,False,False,0000049754,False,False,,False,True,False,False,5812,5812,SPY,SPY,SPY
DKNG,2020-03-13,2020-03-12,2020-03-16,2020-03-30,VALID,True,AC,0001883685,SEC_TICKERS,False,False,False,False,0,2019-07-25,2023-12-29,55,True,0001883685,[],[],False,False,True,,False,False,,False,False,False,False,7990,7990,SPY,SPY,SPY
EMBJ,2020-03-13,2020-03-12,2020-03-16,2020-03-30,VALID,True,A,0001355444,SEC_TICKERS,False,False,False,False,0,2018-11-01,2023-12-29,0,False,,[],"[[""2025-11-03"", ""ERJ""]]",False,False,False,,False,False,,False,False,False,True,3721,3721,SPY,XLI,XLI
EPR,2020-03-13,2020-03-12,2020-03-16,2020-03-30,VALID,True,A,0001045450,SEC_TICKERS,False,False,False,False,0,2018-11-01,2023-12-29,0,True,0001045450,[],[],True,False,False,0001045450,False,False,,False,True,False,False,6798,6798,XLF,XLF,XLF
EQNR,2020-03-13,2020-03-12,2020-03-16,2020-03-30,VALID,True,A,0001140625,SEC_TICKERS,False,False,False,False,0,2018-11-01,2023-12-29,0,True,0001140625,[],[],False,False,False,,False,False,,False,False,False,True,2911,2911,XLE,XLE,XLE
ERIC,2020-03-13,2020-03-12,2020-03-16,2020-03-30,VALID,True,A,0000717826,SEC_TICKERS,False,False,False,False,0,2018-11-01,2023-12-29,0,True,0000717826,[],[],False,False,False,,False,False,,False,False,False,False,3663,3663,XLI,XLI,XLI
FBP,2020-03-13,2020-03-12,2020-03-16,2020-03-30,VALID,True,A,0001057706,SEC_TICKERS,False,False,False,False,0,2018-11-01,2023-12-29,0,True,0001057706,[],[],True,False,False,0001057706,False,False,,False,True,False,False,6022,6022,XLF,XLF,XLF
FCAU,2020-03-13,2020-03-12,2020-03-16,2020-03-30,VALID,True,B,0001605484,RENAME_CHAIN_FWD,False,False,False,False,0,2018-11-01,2021-01-15,0,True,0001605484,[],[],False,False,False,,False,False,,False,False,False,False,3711,3711,XLI,XLI,XLI
FRO,2020-03-13,2020-03-12,2020-03-16,2020-03-30,VALID,True,A,0000913290,SEC_TICKERS,False,False,False,False,0,2018-11-01,2023-12-29,0,True,0000913290,[],[],False,False,False,,False,False,1997-01-02,True,False,False,False,4412,4412,SPY,SPY,SPY
FSLY,2020-03-13,2020-03-12,2020-03-16,2020-03-30,VALID,True,A,0001517413,SEC_TICKERS,False,False,False,False,0,2019-05-17,2023-12-29,0,True,0001517413,[],[],True,False,False,0001517413,False,False,,False,True,False,False,7372,7372,XLK,XLK,XLK
FUN,2020-03-13,2020-03-12,2020-03-16,2020-03-30,VALID,True,A,0001999001,SEC_TICKERS,False,False,False,False,0,2018-11-01,2023-12-29,0,True,0001999001,[],[],False,True,False,0000811532,False,False,,False,False,False,False,7900,7900,SPY,SPY,SPY
GEL,2020-03-13,2020-03-12,2020-03-16,2020-03-30,VALID,True,A,0001022321,SEC_TICKERS,False,False,False,False,0,2018-11-01,2023-12-29,0,True,0001022321,[],[],True,False,False,0001022321,False,False,,False,True,False,False,4610,4610,SPY,SPY,SPY
GEO,2020-03-13,2020-03-12,2020-03-16,2020-03-30,VALID,True,A,0000923796,SEC_TICKERS,False,False,False,False,0,2018-11-01,2023-12-29,0,True,0000923796,[],[],True,False,False,0000923796,False,False,,False,True,False,False,1520,1520,SPY,SPY,SPY
GKOS,2020-03-13,2020-03-12,2020-03-16,2020-03-30,VALID,True,A,0001192448,SEC_TICKERS,False,False,False,False,0,2018-11-01,2023-12-29,0,True,0001192448,[],[],True,False,False,0001192448,False,False,,False,True,False,False,3841,3841,XLV,XLV,XLV
GLNG,2020-03-13,2020-03-12,2020-03-16,2020-03-30,VALID,True,A,0001207179,SEC_TICKERS,False,False,False,False,0,2018-11-01,2023-12-29,0,True,0001207179,[],[],False,False,False,,False,False,,False,False,False,False,4400,4400,SPY,SPY,SPY
GTN,2020-03-13,2020-03-12,2020-03-16,2020-03-30,VALID,True,A,0000043196,SEC_TICKERS,False,False,False,False,0,2018-11-01,2023-12-29,0,True,0000043196,[],[],True,False,False,0000043196,False,False,,False,True,False,False,4833,4833,SPY,SPY,SPY
IVR,2020-03-13,2020-03-12,2020-03-16,2020-03-30,VALID,True,A,0001437071,SEC_TICKERS,False,False,False,False,0,2018-11-01,2023-12-29,0,True,0001437071,[],[],True,False,False,0001437071,False,False,,False,True,False,False,6798,6798,XLF,XLF,XLF
MAIN,2020-03-13,2020-03-12,2020-03-16,2020-03-30,VALID,True,A,0001396440,SEC_TICKERS,False,False,False,False,0,2018-11-01,2023-12-29,0,True,0001396440,[],[],True,False,False,0001396440,False,False,,False,True,False,False,,,SPY,SPY,SPY
MDLA,2020-03-13,2020-03-12,2020-03-16,2020-03-30,VALID,True,AC,0001540184,FORM345_TICKER,False,False,False,False,0,2019-07-19,2021-10-28,0,True,0001540184,[],[],True,False,False,0001540184,False,False,,False,True,False,False,7370,7370,XLK,XLK,XLK
MGP,2020-03-13,2020-03-12,2020-03-16,2020-03-30,VALID,True,AC,0001656936,FORM345_TICKER,False,False,False,False,0,2018-11-01,2022-04-28,0,True,0001656936,[],[],True,False,False,0001656936,False,False,,False,True,False,False,6798,6798,XLF,XLF,XLF
MT,2020-03-13,2020-03-12,2020-03-16,2020-03-30,VALID,True,A,0001243429,SEC_TICKERS,False,False,False,False,0,2018-11-01,2023-12-29,0,True,0001243429,[],[],False,False,False,,False,False,,False,False,False,True,3312,3312,SPY,SPY,SPY
MUR,2020-03-13,2020-03-12,2020-03-16,2020-03-30,VALID,True,A,0000717423,SEC_TICKERS,False,False,False,False,0,2018-11-01,2023-12-29,0,True,0000717423,[],[],True,False,False,0000717423,False,False,2005-08-15,True,True,False,False,1311,1311,XLE,XLE,XLE
PAGS,2020-03-13,2020-03-12,2020-03-16,2020-03-30,VALID,True,A,0001712807,SEC_TICKERS,False,False,False,False,0,2018-11-01,2023-12-29,0,True,0001712807,[],[],False,False,False,,False,False,,False,False,False,False,7374,7374,XLK,XLK,XLK
PEB,2020-03-13,2020-03-12,2020-03-16,2020-03-30,VALID,True,A,0001474098,SEC_TICKERS,False,False,False,False,0,2018-11-01,2023-12-29,0,True,0001474098,[],[],True,False,False,0001474098,False,False,,False,True,False,False,6798,6798,XLF,XLF,XLF
PK,2020-03-13,2020-03-12,2020-03-16,2020-03-30,VALID,True,A,0001617406,SEC_TICKERS,False,False,False,False,0,2018-11-01,2023-12-29,0,True,0001617406,[],[],True,False,False,0001617406,False,False,,False,True,False,False,7011,7011,SPY,SPY,SPY
PRKS,2020-03-13,2020-03-12,2020-03-16,2020-03-30,VALID,True,A,0001564902,SEC_TICKERS,False,False,False,False,0,2018-11-01,2023-12-29,0,False,,[],"[[""2024-02-13"", ""SEAS""]]",False,False,False,,False,False,,False,True,False,False,7990,7990,SPY,SPY,SPY
RAD,2020-03-13,2020-03-12,2020-03-16,2020-03-30,VALID,False,B,0000084129,FORM345_TICKER,False,False,False,False,0,2019-04-22,2023-10-13,1,True,0000084129,[],[],True,False,False,0000084129,True,False,1996-01-02,True,True,False,False,5912,5912,SPY,SPY,SPY
RRR,2020-03-13,2020-03-12,2020-03-16,2020-03-30,VALID,True,A,0001653653,SEC_TICKERS,False,False,False,False,0,2018-11-01,2023-12-29,0,True,0001653653,[],[],True,False,False,0001653653,False,False,,False,True,False,False,7011,7011,SPY,SPY,SPY
RUN,2020-03-13,2020-03-12,2020-03-16,2020-03-30,VALID,True,A,0001469367,SEC_TICKERS,False,False,False,False,0,2018-11-01,2023-12-29,0,True,0001469367,[],[],True,False,False,0001469367,False,False,,False,True,False,False,1700,3690,SPY,SPY,XLI
RVLV,2020-03-13,2020-03-12,2020-03-16,2020-03-30,VALID,True,A,0001746618,SEC_TICKERS,False,False,False,False,0,2019-06-07,2023-12-29,0,True,0001746618,[],[],True,False,False,0001746618,False,False,,False,True,False,False,5961,5961,SPY,SPY,SPY
SBS,2020-03-13,2020-03-12,2020-03-16,2020-03-30,VALID,True,A,0001170858,SEC_TICKERS,False,False,False,False,0,2018-11-01,2023-12-29,0,True,0001170858,[],[],False,False,False,,False,False,,False,False,False,True,4941,4941,SPY,SPY,SPY
SBSW,2020-03-13,2020-03-12,2020-03-16,2020-03-30,VALID,True,A,0001786909,SEC_TICKERS,False,False,False,False,0,2018-11-01,2023-12-29,0,True,0001786909,[],[],False,False,False,,False,False,,False,False,False,False,1040,1040,XLE,XLE,XLE
SDC,2020-03-13,2020-03-12,2020-03-16,2020-03-30,VALID,False,B,0001775625,FORM345_TICKER,False,False,False,False,0,2019-09-12,2023-10-03,0,True,0001775625,[],[],True,False,False,0001775625,True,False,,False,True,False,False,3843,3843,XLV,XLV,XLV
SGMS,2020-03-13,2020-03-12,2020-03-16,2020-03-30,VALID,False,B,0000750004,RENAME_CHAIN_FWD,False,False,False,False,0,2018-11-01,2022-04-28,0,True,0000750004,[],[],True,False,False,0000750004,True,False,,False,True,False,False,7373,7373,XLK,XLK,XLK
SITC,2020-03-13,2020-03-12,2020-03-16,2020-03-30,VALID,True,A,0000894315,SEC_TICKERS,False,False,False,False,0,2018-11-01,2023-12-29,0,True,0000894315,[],[],True,False,False,0000894315,False,False,,False,True,False,False,6798,6798,XLF,XLF,XLF
STLA,2020-03-13,2020-03-12,2020-03-16,2020-03-30,VALID,True,A,0001605484,SEC_TICKERS,False,False,False,False,0,2018-11-01,2023-12-29,0,False,,[],"[[""2021-01-19"", ""FCAU""]]",False,False,False,,False,False,,False,False,False,False,3711,3711,SPY,XLI,XLI
STWD,2020-03-13,2020-03-12,2020-03-16,2020-03-30,VALID,True,A,0001465128,SEC_TICKERS,False,False,False,False,0,2018-11-01,2023-12-29,0,True,0001465128,[],[],True,False,False,0001465128,False,False,,False,True,False,False,6798,6798,XLF,XLF,XLF
TECK,2020-03-13,2020-03-12,2020-03-16,2020-03-30,VALID,True,A,0000886986,SEC_TICKERS,False,False,False,False,0,2018-11-01,2023-12-29,0,True,0000886986,[],[],False,False,False,,False,False,,False,False,False,True,1400,1400,XLE,XLE,XLE
THC,2020-03-13,2020-03-12,2020-03-16,2020-03-30,VALID,True,A,0000070318,SEC_TICKERS,False,False,False,False,0,2018-11-01,2023-12-29,0,True,0000070318,[],[],True,False,False,0000070318,False,False,1996-01-02,True,True,False,False,8062,8062,SPY,SPY,SPY
TS,2020-03-13,2020-03-12,2020-03-16,2020-03-30,VALID,True,A,0001190723,SEC_TICKERS,False,False,False,False,0,2018-11-01,2023-12-29,0,True,0001190723,[],[],False,False,False,,False,False,,False,False,False,False,3312,3312,SPY,SPY,SPY
TSU,2020-03-13,2020-03-12,2020-03-16,2020-03-30,VALID,True,ABC,,UNMAPPED,False,False,False,False,0,2018-11-01,2020-10-12,0,False,,[],[],False,False,False,,False,False,,False,False,False,False,,,SPY,SPY,SPY
VIV,2020-03-13,2020-03-12,2020-03-16,2020-03-30,VALID,True,AB,0001066119,SEC_TICKERS,False,False,False,False,0,2018-11-01,2023-12-29,4,True,0001066119,[],[],False,False,False,,False,False,,False,False,False,True,4813,4813,SPY,SPY,SPY
WES,2020-03-13,2020-03-12,2020-03-16,2020-03-30,VALID,True,A,0001423902,SEC_TICKERS,False,False,False,False,0,2018-11-01,2023-12-29,0,True,0001423902,[],[],True,False,False,0001423902,False,False,,False,True,False,False,4922,4922,SPY,SPY,SPY
XP,2020-03-13,2020-03-12,2020-03-16,2020-03-30,VALID,True,A,0001787425,SEC_TICKERS,False,False,False,False,0,2019-12-11,2023-12-29,0,True,0001787425,[],[],False,False,False,,False,False,,False,False,False,False,6211,6211,XLF,XLF,XLF
NNVC,2020-03-16,2020-03-13,2020-03-17,2020-03-31,VALID,True,A,0001379006,SEC_TICKERS,False,False,False,False,0,2018-11-01,2023-12-29,0,True,0001379006,[],[],True,False,False,0001379006,False,False,,False,True,False,False,2834,2834,XBI,XBI,XBI
AIMT,2020-03-17,2020-03-16,2020-03-18,2020-04-01,VALID,True,AC,0001631650,FORM345_TICKER,False,False,False,False,0,2018-11-01,2020-10-12,1,True,0001631650,[],[],True,False,False,0001631650,False,False,,False,True,False,False,2834,2834,XBI,XBI,XBI
BNTX,2020-03-17,2020-03-16,2020-03-18,2020-04-01,VALID,True,A,0001776985,SEC_TICKERS,False,False,False,False,0,2019-10-10,2023-12-29,0,True,0001776985,[],[],False,False,False,,False,False,,False,False,False,False,2836,2836,XBI,XBI,XBI
GFI,2020-03-17,2020-03-16,2020-03-18,2020-04-01,VALID,True,A,0001172724,SEC_TICKERS,False,False,False,False,0,2018-11-01,2023-12-29,0,True,0001172724,[],[],False,False,False,,False,False,,False,False,False,True,1040,1040,XLE,XLE,XLE
NG,2020-03-17,2020-03-16,2020-03-18,2020-04-01,VALID,True,A,0001173420,SEC_TICKERS,False,False,False,False,0,2018-11-01,2023-12-29,0,True,0001173420,[],[],True,False,False,0001173420,False,False,,False,True,False,False,1040,1040,XLE,XLE,XLE
PFSI,2020-03-17,2020-03-16,2020-03-18,2020-04-01,VALID,True,A,0001745916,SEC_TICKERS,False,False,False,False,0,2018-11-01,2023-12-29,0,True,0001745916,[],[],True,False,False,0001745916,False,False,,False,True,False,False,6162,6162,XLF,XLF,XLF
APRN,2020-03-18,2020-03-17,2020-03-19,2020-04-02,VALID,False,C,0001701114,FORM345_TICKER,False,False,False,False,0,2018-11-01,2023-11-10,1,True,0001701114,[],[],True,False,False,0001701114,True,False,,False,True,False,False,5961,5961,SPY,SPY,SPY
BNTX,2020-03-18,2020-03-17,2020-03-19,2020-04-02,VALID,True,A,0001776985,SEC_TICKERS,False,False,False,False,0,2019-10-10,2023-12-29,0,True,0001776985,[],[],False,False,False,,False,False,,False,False,False,False,2836,2836,XBI,XBI,XBI
IAA,2020-03-18,2020-03-17,2020-03-19,2020-04-02,VALID,False,C,0001745041,FORM345_TICKER,False,False,False,False,0,2019-06-28,2023-03-20,0,True,0001745041,[],[],True,False,False,0001745041,True,False,,False,True,False,False,5500,5500,SPY,SPY,SPY
AGO,2020-03-19,2020-03-18,2020-03-20,2020-04-03,VALID,True,A,0001273813,SEC_TICKERS,False,False,False,False,0,2018-11-01,2023-12-29,0,True,0001273813,[],[],True,False,False,0001273813,False,False,,False,True,False,False,6351,6351,XLF,XLF,XLF
APRN,2020-03-19,2020-03-18,2020-03-20,2020-04-03,VALID,False,C,0001701114,FORM345_TICKER,False,False,False,False,0,2018-11-01,2023-11-10,1,True,0001701114,[],[],True,False,False,0001701114,True,False,,False,True,False,False,5961,5961,SPY,SPY,SPY
ARGX,2020-03-19,2020-03-18,2020-03-20,2020-04-03,VALID,True,A,0001697862,SEC_TICKERS,False,False,False,False,0,2018-11-01,2023-12-29,0,True,0001697862,[],[],False,False,False,,False,False,,False,False,False,False,2836,2836,XBI,XBI,XBI
ARI,2020-03-19,2020-03-18,2020-03-20,2020-04-03,VALID,True,A,0001467760,SEC_TICKERS,False,False,False,False,0,2018-11-01,2023-12-29,0,True,0001467760,[],[],True,False,False,0001467760,False,False,,False,True,False,False,6798,6798,XLF,XLF,XLF
BMRA,2020-03-19,2020-03-18,2020-03-20,2020-04-03,VALID,True,A,0000073290,SEC_TICKERS,False,False,False,False,0,2018-11-01,2023-12-29,2,True,0000073290,[],[],True,False,False,0000073290,False,False,,False,True,False,False,2835,2835,XBI,XBI,XBI
CIM,2020-03-19,2020-03-18,2020-03-20,2020-04-03,VALID,True,A,0001409493,SEC_TICKERS,False,False,False,False,0,2018-11-01,2023-12-29,0,True,0001409493,[],[],True,False,False,0001409493,False,False,,False,True,False,False,6798,6798,XLF,XLF,XLF
CLB,2020-03-19,2020-03-18,2020-03-20,2020-04-03,VALID,True,AC,0001958086,SEC_TICKERS,False,False,False,False,0,2018-11-01,2023-12-29,0,True,0001958086,[],[],False,True,True,0001000229,False,False,,False,False,False,False,1389,1389,XLE,XLE,XLE
ESI,2020-03-19,2020-03-18,2020-03-20,2020-04-03,VALID,True,A,0001590714,SEC_TICKERS,False,False,False,False,0,2018-11-01,2023-12-29,0,True,0001590714,[],[],True,False,False,0001590714,False,False,,False,True,False,False,2890,2890,SPY,SPY,SPY
IVR,2020-03-19,2020-03-18,2020-03-20,2020-04-03,VALID,True,A,0001437071,SEC_TICKERS,False,False,False,False,0,2018-11-01,2023-12-29,0,True,0001437071,[],[],True,False,False,0001437071,False,False,,False,True,False,False,6798,6798,XLF,XLF,XLF
PLAY,2020-03-19,2020-03-18,2020-03-20,2020-04-03,VALID,True,A,0001525769,SEC_TICKERS,False,False,False,False,0,2018-11-01,2023-12-29,0,True,0001525769,[],[],True,False,False,0001525769,False,False,,False,True,False,False,5812,5812,SPY,SPY,SPY
SHLX,2020-03-19,2020-03-18,2020-03-20,2020-04-03,VALID,False,C,0001610466,FORM345_TICKER,False,False,False,False,0,2018-11-01,2022-10-18,0,True,0001610466,[],[],True,False,False,0001610466,True,False,,False,True,False,False,4610,4610,SPY,SPY,SPY
AZUL,2020-03-20,2020-03-19,2020-03-23,2020-04-06,VALID,True,A,,UNMAPPED,False,False,False,False,0,2018-11-01,2023-12-29,0,False,,[],"[[""2026-06-01"", ""AZLUY""]]",False,False,False,,False,False,,False,False,False,False,,,SPY,SPY,SPY
BJRI,2020-03-20,2020-03-19,2020-03-23,2020-04-06,VALID,True,A,0001013488,SEC_TICKERS,False,False,False,False,0,2018-11-01,2023-12-29,0,True,0001013488,[],[],True,False,False,0001013488,False,False,,False,True,False,False,5812,5812,SPY,SPY,SPY
CHL,2020-03-20,2020-03-19,2020-03-23,2020-04-06,VALID,True,A,,UNMAPPED,False,False,False,False,0,2018-11-01,2021-01-08,0,False,,[],[],False,False,False,,False,False,,False,False,False,False,,,SPY,SPY,SPY
EPR,2020-03-20,2020-03-19,2020-03-23,2020-04-06,VALID,True,A,0001045450,SEC_TICKERS,False,False,False,False,0,2018-11-01,2023-12-29,0,True,0001045450,[],[],True,False,False,0001045450,False,False,,False,True,False,False,6798,6798,XLF,XLF,XLF
GNMK,2020-03-20,2020-03-19,2020-03-23,2020-04-06,VALID,True,AC,0001487371,FORM345_TICKER,False,False,False,False,0,2018-11-01,2021-04-21,0,True,0001487371,[],[],True,False,False,0001487371,False,False,,False,True,False,False,3841,3841,XLV,XLV,XLV
IHG,2020-03-20,2020-03-19,2020-03-23,2020-04-06,VALID,True,A,0000858446,SEC_TICKERS,False,False,False,False,0,2018-11-01,2023-12-29,0,True,0000858446,[],[],False,False,False,,False,False,,False,False,False,True,7011,7011,SPY,SPY,SPY
MT,2020-03-20,2020-03-19,2020-03-23,2020-04-06,VALID,True,A,0001243429,SEC_TICKERS,False,False,False,False,0,2018-11-01,2023-12-29,0,True,0001243429,[],[],False,False,False,,False,False,,False,False,False,True,3312,3312,SPY,SPY,SPY
PFGC,2020-03-20,2020-03-19,2020-03-23,2020-04-06,VALID,True,A,0001618673,SEC_TICKERS,False,False,False,False,0,2018-11-01,2023-12-29,0,True,0001618673,[],[],True,False,False,0001618673,False,False,,False,True,False,False,5141,5141,SPY,SPY,SPY
PK,2020-03-20,2020-03-19,2020-03-23,2020-04-06,VALID,True,A,0001617406,SEC_TICKERS,False,False,False,False,0,2018-11-01,2023-12-29,0,True,0001617406,[],[],True,False,False,0001617406,False,False,,False,True,False,False,7011,7011,SPY,SPY,SPY
PMT,2020-03-20,2020-03-19,2020-03-23,2020-04-06,VALID,True,A,0001464423,SEC_TICKERS,False,False,False,False,0,2018-11-01,2023-12-29,0,True,0001464423,[],[],True,False,False,0001464423,False,False,,False,True,False,False,6798,6798,XLF,XLF,XLF
RRR,2020-03-20,2020-03-19,2020-03-23,2020-04-06,VALID,True,A,0001653653,SEC_TICKERS,False,False,False,False,0,2018-11-01,2023-12-29,0,True,0001653653,[],[],True,False,False,0001653653,False,False,,False,True,False,False,7011,7011,SPY,SPY,SPY
SBRA,2020-03-20,2020-03-19,2020-03-23,2020-04-06,VALID,True,A,0001492298,SEC_TICKERS,False,False,False,False,0,2018-11-01,2023-12-29,0,True,0001492298,[],[],True,False,False,0001492298,False,False,,False,True,False,False,6798,6798,XLF,XLF,XLF
APRN,2020-03-23,2020-03-20,2020-03-24,2020-04-07,VALID,False,C,0001701114,FORM345_TICKER,False,False,False,False,0,2018-11-01,2023-11-10,1,True,0001701114,[],[],True,False,False,0001701114,True,False,,False,True,False,False,5961,5961,SPY,SPY,SPY
BLMN,2020-03-23,2020-03-20,2020-03-24,2020-04-07,VALID,True,A,0001546417,SEC_TICKERS,False,False,False,False,0,2018-11-01,2023-12-29,0,True,0001546417,[],[],True,False,False,0001546417,False,False,,False,True,False,False,5812,5812,SPY,SPY,SPY
BNTX,2020-03-23,2020-03-20,2020-03-24,2020-04-07,VALID,True,A,0001776985,SEC_TICKERS,False,False,False,False,0,2019-10-10,2023-12-29,0,True,0001776985,[],[],False,False,False,,False,False,,False,False,False,False,2836,2836,XBI,XBI,XBI
PUK,2020-03-23,2020-03-20,2020-03-24,2020-04-07,VALID,True,A,0001116578,SEC_TICKERS,False,False,False,False,0,2018-11-01,2023-12-29,0,True,0001116578,[],[],False,False,False,,False,False,,False,False,False,False,6311,6311,XLF,XLF,XLF
VG,2020-03-23,2020-03-20,2020-03-24,2020-04-07,VALID,True,AC,0002007855,SEC_TICKERS,False,False,False,False,0,2018-11-01,2022-07-20,364,True,0002007855,[],[],False,True,False,0001272830,False,False,,False,False,False,False,4924,4924,SPY,SPY,SPY
AA,2020-03-24,2020-03-23,2020-03-25,2020-04-08,VALID,True,A,0001675149,SEC_TICKERS,False,False,False,False,0,2018-11-01,2023-12-29,0,True,0001675149,[],[],True,False,False,0001675149,False,False,,False,True,False,False,3334,3334,SPY,SPY,SPY
AG,2020-03-24,2020-03-23,2020-03-25,2020-04-08,VALID,True,A,0001308648,SEC_TICKERS,False,False,False,False,0,2018-11-01,2023-12-29,0,True,0001308648,[],[],True,False,False,0001308648,False,False,,False,False,False,False,1040,1040,XLE,XLE,XLE
AGI,2020-03-24,2020-03-23,2020-03-25,2020-04-08,VALID,True,A,0001178819,SEC_TICKERS,False,False,False,False,0,2018-11-01,2023-12-29,0,True,0001178819,[],[],False,False,False,,False,False,,False,False,False,False,1040,1040,XLE,XLE,XLE
ALV,2020-03-24,2020-03-23,2020-03-25,2020-04-08,VALID,True,A,0001034670,SEC_TICKERS,False,False,False,False,0,2018-11-01,2023-12-29,0,True,0001034670,[],[],True,False,False,0001034670,False,False,,False,True,False,False,3714,3714,XLI,XLI,XLI
APLE,2020-03-24,2020-03-23,2020-03-25,2020-04-08,VALID,True,A,0001418121,SEC_TICKERS,False,False,False,False,0,2018-11-01,2023-12-29,0,True,0001418121,[],[],True,False,False,0001418121,False,False,,False,True,False,False,6798,6798,XLF,XLF,XLF
AXSM,2020-03-24,2020-03-23,2020-03-25,2020-04-08,VALID,True,A,0001579428,SEC_TICKERS,False,False,False,False,0,2018-11-01,2023-12-29,0,True,0001579428,[],[],True,False,False,0001579428,False,False,,False,True,False,False,2834,2834,XBI,XBI,XBI
BJRI,2020-03-24,2020-03-23,2020-03-25,2020-04-08,VALID,True,A,0001013488,SEC_TICKERS,False,False,False,False,0,2018-11-01,2023-12-29,0,True,0001013488,[],[],True,False,False,0001013488,False,False,,False,True,False,False,5812,5812,SPY,SPY,SPY
BLMN,2020-03-24,2020-03-23,2020-03-25,2020-04-08,VALID,True,A,0001546417,SEC_TICKERS,False,False,False,False,0,2018-11-01,2023-12-29,0,True,0001546417,[],[],True,False,False,0001546417,False,False,,False,True,False,False,5812,5812,SPY,SPY,SPY
BNTX,2020-03-24,2020-03-23,2020-03-25,2020-04-08,VALID,True,A,0001776985,SEC_TICKERS,False,False,False,False,0,2019-10-10,2023-12-29,0,True,0001776985,[],[],False,False,False,,False,False,,False,False,False,False,2836,2836,XBI,XBI,XBI
BYD,2020-03-24,2020-03-23,2020-03-25,2020-04-08,VALID,True,A,0000906553,SEC_TICKERS,False,False,False,False,0,2018-11-01,2023-12-29,0,True,0000906553,[],[],True,False,False,0000906553,False,False,,False,True,False,False,7011,7011,SPY,SPY,SPY
CAKE,2020-03-24,2020-03-23,2020-03-25,2020-04-08,VALID,True,A,0000887596,SEC_TICKERS,False,False,False,False,0,2018-11-01,2023-12-29,0,True,0000887596,[],[],True,False,False,0000887596,False,False,,False,True,False,False,5812,5812,SPY,SPY,SPY
CAR,2020-03-24,2020-03-23,2020-03-25,2020-04-08,VALID,True,A,0000723612,SEC_TICKERS,False,False,False,False,0,2018-11-01,2023-12-29,0,True,0000723612,[],[],True,False,False,0000723612,False,False,1996-01-02,True,True,False,False,7510,7510,SPY,SPY,SPY
CEF,2020-03-24,2020-03-23,2020-03-25,2020-04-08,VALID,True,A,0001726122,SEC_TICKERS,False,False,False,False,0,2018-11-01,2023-12-29,0,True,0001726122,[],[],False,False,False,,False,False,,False,False,False,False,6221,6221,XLF,XLF,XLF
CHDN,2020-03-24,2020-03-23,2020-03-25,2020-04-08,VALID,True,A,0000020212,SEC_TICKERS,False,False,False,False,0,2018-11-01,2023-12-29,0,True,0000020212,[],[],True,False,False,0000020212,False,False,,False,True,False,False,7948,7948,SPY,SPY,SPY
CMBT,2020-03-24,2020-03-23,2020-03-25,2020-04-08,VALID,True,A,0001604481,SEC_TICKERS,False,False,False,False,0,2018-11-01,2023-12-29,0,True,0001604481,[],[],False,False,False,,False,False,,False,False,False,False,4412,4412,SPY,SPY,SPY
COTY,2020-03-24,2020-03-23,2020-03-25,2020-04-08,VALID,True,AD,0001024305,SEC_TICKERS,False,False,False,False,0,2018-11-01,2023-12-29,0,True,0001024305,[],[],True,False,False,0001024305,False,True,2016-10-03,True,True,False,False,2844,2844,SPY,SPY,SPY
CSTM,2020-03-24,2020-03-23,2020-03-25,2020-04-08,VALID,True,A,0001563411,SEC_TICKERS,False,False,False,False,0,2018-11-01,2023-12-29,0,True,0001563411,[],[],False,False,False,,False,False,,False,False,False,False,3341,3341,SPY,SPY,SPY
DAN,2020-03-24,2020-03-23,2020-03-25,2020-04-08,VALID,True,A,0000026780,SEC_TICKERS,False,False,False,False,0,2018-11-01,2023-12-29,0,True,0000026780,[],[],True,False,False,0000026780,False,False,,False,True,False,False,3714,3714,XLI,XLI,XLI
DB,2020-03-24,2020-03-23,2020-03-25,2020-04-08,VALID,True,A,0001159508,SEC_TICKERS,False,False,False,False,0,2018-11-01,2023-12-29,0,True,0001159508,[],[],False,False,False,,False,False,,False,False,False,True,6022,6022,XLF,XLF,XLF
DIN,2020-03-24,2020-03-23,2020-03-25,2020-04-08,VALID,True,A,0000049754,SEC_TICKERS,False,False,False,False,0,2018-11-01,2023-12-29,0,True,0000049754,[],[],True,False,False,0000049754,False,False,,False,True,False,False,5812,5812,SPY,SPY,SPY
EAT,2020-03-24,2020-03-23,2020-03-25,2020-04-08,VALID,True,A,0000703351,SEC_TICKERS,False,False,False,False,0,2018-11-01,2023-12-29,0,True,0000703351,[],[],True,False,False,0000703351,False,False,,False,True,False,False,5812,5812,SPY,SPY,SPY
EGO,2020-03-24,2020-03-23,2020-03-25,2020-04-08,VALID,True,A,0000918608,SEC_TICKERS,False,False,False,False,0,2018-11-01,2023-12-29,0,True,0000918608,[],[],False,False,False,,False,False,,False,False,False,True,1040,1040,XLE,XLE,XLE
EQNR,2020-03-24,2020-03-23,2020-03-25,2020-04-08,VALID,True,A,0001140625,SEC_TICKERS,False,False,False,False,0,2018-11-01,2023-12-29,0,True,0001140625,[],[],False,False,False,,False,False,,False,False,False,True,2911,2911,XLE,XLE,XLE
FUN,2020-03-24,2020-03-23,2020-03-25,2020-04-08,VALID,True,A,0001999001,SEC_TICKERS,False,False,False,False,0,2018-11-01,2023-12-29,0,True,0001999001,[],[],False,True,False,0000811532,False,False,,False,False,False,False,7900,7900,SPY,SPY,SPY
GFI,2020-03-24,2020-03-23,2020-03-25,2020-04-08,VALID,True,A,0001172724,SEC_TICKERS,False,False,False,False,0,2018-11-01,2023-12-29,0,True,0001172724,[],[],False,False,False,,False,False,,False,False,False,True,1040,1040,XLE,XLE,XLE
HMC,2020-03-24,2020-03-23,2020-03-25,2020-04-08,VALID,True,A,0000715153,SEC_TICKERS,False,False,False,False,0,2018-11-01,2023-12-29,0,True,0000715153,[],[],False,False,False,,False,False,,False,False,False,False,3711,3711,XLI,XLI,XLI
ING,2020-03-24,2020-03-23,2020-03-25,2020-04-08,VALID,True,A,0001039765,SEC_TICKERS,False,False,False,False,0,2018-11-01,2023-12-29,0,True,0001039765,[],[],False,False,False,,False,False,,False,False,False,True,6029,6029,XLF,XLF,XLF
JACK,2020-03-24,2020-03-23,2020-03-25,2020-04-08,VALID,True,A,0000807882,SEC_TICKERS,False,False,False,False,0,2018-11-01,2023-12-29,0,True,0000807882,[],[],True,False,False,0000807882,False,False,,False,True,False,False,5812,5812,SPY,SPY,SPY
KBH,2020-03-24,2020-03-23,2020-03-25,2020-04-08,VALID,True,A,0000795266,SEC_TICKERS,False,False,False,False,0,2018-11-01,2023-12-29,0,True,0000795266,[],[],True,False,False,0000795266,False,False,1996-01-02,True,True,False,False,1531,1531,SPY,SPY,SPY
KL,2020-03-24,2020-03-23,2020-03-25,2020-04-08,VALID,True,AC,,UNMAPPED,False,False,False,False,0,2018-11-01,2022-02-08,0,False,,[],[],False,False,False,,False,False,,False,False,False,False,,,SPY,SPY,SPY
MAIN,2020-03-24,2020-03-23,2020-03-25,2020-04-08,VALID,True,A,0001396440,SEC_TICKERS,False,False,False,False,0,2018-11-01,2023-12-29,0,True,0001396440,[],[],True,False,False,0001396440,False,False,,False,True,False,False,,,SPY,SPY,SPY
MGP,2020-03-24,2020-03-23,2020-03-25,2020-04-08,VALID,True,AC,0001656936,FORM345_TICKER,False,False,False,False,0,2018-11-01,2022-04-28,0,True,0001656936,[],[],True,False,False,0001656936,False,False,,False,True,False,False,6798,6798,XLF,XLF,XLF
MLCO,2020-03-24,2020-03-23,2020-03-25,2020-04-08,VALID,True,A,0001381640,SEC_TICKERS,False,False,False,False,0,2018-11-01,2023-12-29,0,True,0001381640,[],[],False,False,False,,False,False,,False,False,False,False,7011,7011,SPY,SPY,SPY
MT,2020-03-24,2020-03-23,2020-03-25,2020-04-08,VALID,True,A,0001243429,SEC_TICKERS,False,False,False,False,0,2018-11-01,2023-12-29,0,True,0001243429,[],[],False,False,False,,False,False,,False,False,False,True,3312,3312,SPY,SPY,SPY
NG,2020-03-24,2020-03-23,2020-03-25,2020-04-08,VALID,True,A,0001173420,SEC_TICKERS,False,False,False,False,0,2018-11-01,2023-12-29,0,True,0001173420,[],[],True,False,False,0001173420,False,False,,False,True,False,False,1040,1040,XLE,XLE,XLE
PFGC,2020-03-24,2020-03-23,2020-03-25,2020-04-08,VALID,True,A,0001618673,SEC_TICKERS,False,False,False,False,0,2018-11-01,2023-12-29,0,True,0001618673,[],[],True,False,False,0001618673,False,False,,False,True,False,False,5141,5141,SPY,SPY,SPY
PK,2020-03-24,2020-03-23,2020-03-25,2020-04-08,VALID,True,A,0001617406,SEC_TICKERS,False,False,False,False,0,2018-11-01,2023-12-29,0,True,0001617406,[],[],True,False,False,0001617406,False,False,,False,True,False,False,7011,7011,SPY,SPY,SPY
PLAY,2020-03-24,2020-03-23,2020-03-25,2020-04-08,VALID,True,A,0001525769,SEC_TICKERS,False,False,False,False,0,2018-11-01,2023-12-29,0,True,0001525769,[],[],True,False,False,0001525769,False,False,,False,True,False,False,5812,5812,SPY,SPY,SPY
PLCE,2020-03-24,2020-03-23,2020-03-25,2020-04-08,VALID,True,A,0001041859,SEC_TICKERS,False,False,False,False,0,2018-11-01,2023-12-29,0,True,0001041859,[],[],True,False,False,0001041859,False,False,,False,True,False,False,5651,5651,SPY,SPY,SPY
PRKS,2020-03-24,2020-03-23,2020-03-25,2020-04-08,VALID,True,A,0001564902,SEC_TICKERS,False,False,False,False,0,2018-11-01,2023-12-29,0,False,,[],"[[""2024-02-13"", ""SEAS""]]",False,False,False,,False,False,,False,True,False,False,7990,7990,SPY,SPY,SPY
PUK,2020-03-24,2020-03-23,2020-03-25,2020-04-08,VALID,True,A,0001116578,SEC_TICKERS,False,False,False,False,0,2018-11-01,2023-12-29,0,True,0001116578,[],[],False,False,False,,False,False,,False,False,False,False,6311,6311,XLF,XLF,XLF
PVG,2020-03-24,2020-03-23,2020-03-25,2020-04-08,VALID,True,A,0001508844,UNIQUE_NAME_MATCH,False,False,False,False,0,2018-11-01,2022-03-08,0,True,0001508844,[],[],False,False,False,,False,False,,False,False,False,False,1000,1000,XLE,XLE,XLE
RDN,2020-03-24,2020-03-23,2020-03-25,2020-04-08,VALID,True,A,0000890926,SEC_TICKERS,False,False,False,False,0,2018-11-01,2023-12-29,0,True,0000890926,[],[],True,False,False,0000890926,False,False,,False,True,False,False,6351,6351,XLF,XLF,XLF
RRR,2020-03-24,2020-03-23,2020-03-25,2020-04-08,VALID,True,A,0001653653,SEC_TICKERS,False,False,False,False,0,2018-11-01,2023-12-29,0,True,0001653653,[],[],True,False,False,0001653653,False,False,,False,True,False,False,7011,7011,SPY,SPY,SPY
SBSW,2020-03-24,2020-03-23,2020-03-25,2020-04-08,VALID,True,A,0001786909,SEC_TICKERS,False,False,False,False,0,2018-11-01,2023-12-29,0,True,0001786909,[],[],False,False,False,,False,False,,False,False,False,False,1040,1040,XLE,XLE,XLE
SGMS,2020-03-24,2020-03-23,2020-03-25,2020-04-08,VALID,False,B,0000750004,RENAME_CHAIN_FWD,False,False,False,False,0,2018-11-01,2022-04-28,0,True,0000750004,[],[],True,False,False,0000750004,True,False,,False,True,False,False,7373,7373,XLK,XLK,XLK
SKYW,2020-03-24,2020-03-23,2020-03-25,2020-04-08,VALID,True,A,0000793733,SEC_TICKERS,False,False,False,False,0,2018-11-01,2023-12-29,0,True,0000793733,[],[],True,False,False,0000793733,False,False,,False,True,False,False,4512,4512,SPY,SPY,SPY
SSRM,2020-03-24,2020-03-23,2020-03-25,2020-04-08,VALID,True,A,0000921638,SEC_TICKERS,False,False,False,False,0,2018-11-01,2023-12-29,0,True,0000921638,[],[],False,False,True,,False,False,,False,False,False,True,6795,6795,XLF,XLF,XLF
STWD,2020-03-24,2020-03-23,2020-03-25,2020-04-08,VALID,True,A,0001465128,SEC_TICKERS,False,False,False,False,0,2018-11-01,2023-12-29,0,True,0001465128,[],[],True,False,False,0001465128,False,False,,False,True,False,False,6798,6798,XLF,XLF,XLF
SVC,2020-03-24,2020-03-23,2020-03-25,2020-04-08,VALID,True,A,0000945394,SEC_TICKERS,False,False,False,False,0,2018-11-01,2023-12-29,0,True,0000945394,[],[],True,False,False,0000945394,False,False,,False,True,False,False,6798,6798,XLF,XLF,XLF
TECK,2020-03-24,2020-03-23,2020-03-25,2020-04-08,VALID,True,A,0000886986,SEC_TICKERS,False,False,False,False,0,2018-11-01,2023-12-29,0,True,0000886986,[],[],False,False,False,,False,False,,False,False,False,True,1400,1400,XLE,XLE,XLE
UBS,2020-03-24,2020-03-23,2020-03-25,2020-04-08,VALID,True,A,0001610520,SEC_TICKERS,False,False,False,False,0,2018-11-01,2023-12-29,0,True,0001610520,[],[],False,False,False,,False,False,,False,False,False,True,6021,6021,XLF,XLF,XLF
UNM,2020-03-24,2020-03-23,2020-03-25,2020-04-08,VALID,True,AD,0000005513,SEC_TICKERS,False,False,False,False,0,2018-11-01,2023-12-29,0,True,0000005513,[],[],True,False,False,0000005513,False,True,1996-01-02,True,True,False,False,6321,6321,XLF,XLF,XLF
WPC,2020-03-24,2020-03-23,2020-03-25,2020-04-08,VALID,True,A,0001025378,SEC_TICKERS,False,False,False,False,0,2018-11-01,2023-12-29,0,True,0001025378,[],[],True,False,False,0001025378,False,False,,False,True,False,False,6798,6798,XLF,XLF,XLF
ALGT,2020-03-25,2020-03-24,2020-03-26,2020-04-09,VALID,True,A,0001362468,SEC_TICKERS,False,False,False,False,0,2018-11-01,2023-12-29,0,True,0001362468,[],[],True,False,False,0001362468,False,False,,False,True,False,False,4512,4512,SPY,SPY,SPY
ARI,2020-03-25,2020-03-24,2020-03-26,2020-04-09,VALID,True,A,0001467760,SEC_TICKERS,False,False,False,False,0,2018-11-01,2023-12-29,0,True,0001467760,[],[],True,False,False,0001467760,False,False,,False,True,False,False,6798,6798,XLF,XLF,XLF
AZUL,2020-03-25,2020-03-24,2020-03-26,2020-04-09,VALID,True,A,,UNMAPPED,False,False,False,False,0,2018-11-01,2023-12-29,0,False,,[],"[[""2026-06-01"", ""AZLUY""]]",False,False,False,,False,False,,False,False,False,False,,,SPY,SPY,SPY
BJRI,2020-03-25,2020-03-24,2020-03-26,2020-04-09,VALID,True,A,0001013488,SEC_TICKERS,False,False,False,False,0,2018-11-01,2023-12-29,0,True,0001013488,[],[],True,False,False,0001013488,False,False,,False,True,False,False,5812,5812,SPY,SPY,SPY
DIN,2020-03-25,2020-03-24,2020-03-26,2020-04-09,VALID,True,A,0000049754,SEC_TICKERS,False,False,False,False,0,2018-11-01,2023-12-29,0,True,0000049754,[],[],True,False,False,0000049754,False,False,,False,True,False,False,5812,5812,SPY,SPY,SPY
EPR,2020-03-25,2020-03-24,2020-03-26,2020-04-09,VALID,True,A,0001045450,SEC_TICKERS,False,False,False,False,0,2018-11-01,2023-12-29,0,True,0001045450,[],[],True,False,False,0001045450,False,False,,False,True,False,False,6798,6798,XLF,XLF,XLF
PK,2020-03-25,2020-03-24,2020-03-26,2020-04-09,VALID,True,A,0001617406,SEC_TICKERS,False,False,False,False,0,2018-11-01,2023-12-29,0,True,0001617406,[],[],True,False,False,0001617406,False,False,,False,True,False,False,7011,7011,SPY,SPY,SPY
PMT,2020-03-25,2020-03-24,2020-03-26,2020-04-09,VALID,True,A,0001464423,SEC_TICKERS,False,False,False,False,0,2018-11-01,2023-12-29,0,True,0001464423,[],[],True,False,False,0001464423,False,False,,False,True,False,False,6798,6798,XLF,XLF,XLF
SABR,2020-03-25,2020-03-24,2020-03-26,2020-04-09,VALID,True,A,0001597033,SEC_TICKERS,False,False,False,False,0,2018-11-01,2023-12-29,0,True,0001597033,[],[],True,False,False,0001597033,False,False,,False,True,False,False,7370,7370,XLK,XLK,XLK
SKYW,2020-03-25,2020-03-24,2020-03-26,2020-04-09,VALID,True,A,0000793733,SEC_TICKERS,False,False,False,False,0,2018-11-01,2023-12-29,0,True,0000793733,[],[],True,False,False,0000793733,False,False,,False,True,False,False,4512,4512,SPY,SPY,SPY
VIR,2020-03-25,2020-03-24,2020-03-26,2020-04-09,VALID,True,A,0001706431,SEC_TICKERS,False,False,False,False,0,2019-10-11,2023-12-29,0,True,0001706431,[],[],True,False,False,0001706431,False,False,,False,True,False,False,2836,2836,XBI,XBI,XBI
VSLR,2020-03-25,2020-03-24,2020-03-26,2020-04-09,VALID,True,AC,0001607716,FORM345_TICKER,False,False,False,False,0,2018-11-01,2020-10-07,0,True,0001607716,[],[],True,False,False,0001607716,False,False,,False,True,False,False,3433,3433,SPY,SPY,SPY
WGO,2020-03-25,2020-03-24,2020-03-26,2020-04-09,VALID,True,A,0000107687,SEC_TICKERS,False,False,False,False,0,2018-11-01,2023-12-29,0,True,0000107687,[],[],True,False,False,0000107687,False,False,,False,True,False,False,3716,3716,XLI,XLI,XLI
BNTX,2020-03-26,2020-03-25,2020-03-27,2020-04-13,VALID,True,A,0001776985,SEC_TICKERS,False,False,False,False,0,2019-10-10,2023-12-29,0,True,0001776985,[],[],False,False,False,,False,False,,False,False,False,False,2836,2836,XBI,XBI,XBI
CIM,2020-03-26,2020-03-25,2020-03-27,2020-04-13,VALID,True,A,0001409493,SEC_TICKERS,False,False,False,False,0,2018-11-01,2023-12-29,0,True,0001409493,[],[],True,False,False,0001409493,False,False,,False,True,False,False,6798,6798,XLF,XLF,XLF
GPMT,2020-03-26,2020-03-25,2020-03-27,2020-04-13,VALID,True,A,0001703644,SEC_TICKERS,False,False,False,False,0,2018-11-01,2023-12-29,0,True,0001703644,[],[],True,False,False,0001703644,False,False,,False,True,False,False,6798,6798,XLF,XLF,XLF
LADR,2020-03-26,2020-03-25,2020-03-27,2020-04-13,VALID,True,A,0001577670,SEC_TICKERS,False,False,False,False,0,2018-11-01,2023-12-29,0,True,0001577670,[],[],True,False,False,0001577670,False,False,,False,True,False,False,6798,6798,XLF,XLF,XLF
PBF,2020-03-26,2020-03-25,2020-03-27,2020-04-13,VALID,True,A,0001534504,SEC_TICKERS,False,False,False,False,0,2018-11-01,2023-12-29,0,True,0001534504,[],[],True,False,False,0001534504,False,False,,False,True,False,False,2911,2911,XLE,XLE,XLE
RWT,2020-03-26,2020-03-25,2020-03-27,2020-04-13,VALID,True,A,0000930236,SEC_TICKERS,False,False,False,False,0,2018-11-01,2023-12-29,0,True,0000930236,[],[],True,False,False,0000930236,False,False,,False,True,False,False,6798,6798,XLF,XLF,XLF
SIG,2020-03-26,2020-03-25,2020-03-27,2020-04-13,VALID,True,A,0000832988,SEC_TICKERS,False,False,False,False,0,2018-11-01,2023-12-29,0,True,0000832988,[],[],True,False,False,0000832988,False,False,2015-07-29,True,True,False,False,5944,5944,SPY,SPY,SPY
STWD,2020-03-26,2020-03-25,2020-03-27,2020-04-13,VALID,True,A,0001465128,SEC_TICKERS,False,False,False,False,0,2018-11-01,2023-12-29,0,True,0001465128,[],[],True,False,False,0001465128,False,False,,False,True,False,False,6798,6798,XLF,XLF,XLF
TLRY,2020-03-26,2020-03-25,2020-03-27,2020-04-13,VALID,True,A,0001731348,SEC_TICKERS,False,False,False,False,0,2018-11-01,2023-12-29,0,True,0001731348,[],[],True,False,False,0001731348,False,False,,False,True,False,False,2833,2833,XBI,XBI,XBI
LADR,2020-03-27,2020-03-26,2020-03-30,2020-04-14,VALID,True,A,0001577670,SEC_TICKERS,False,False,False,False,0,2018-11-01,2023-12-29,0,True,0001577670,[],[],True,False,False,0001577670,False,False,,False,True,False,False,6798,6798,XLF,XLF,XLF
TLRY,2020-03-27,2020-03-26,2020-03-30,2020-04-14,VALID,True,A,0001731348,SEC_TICKERS,False,False,False,False,0,2018-11-01,2023-12-29,0,True,0001731348,[],[],True,False,False,0001731348,False,False,,False,True,False,False,2833,2833,XBI,XBI,XBI
ACH,2020-03-30,2020-03-27,2020-03-31,2020-04-15,VALID,True,A,0000075252,SEC_TICKERS,False,False,False,False,0,2018-11-01,2023-12-29,0,False,,[],"[[""2026-01-02"", ""OMI""]]",False,False,False,,False,False,,False,True,False,False,5047,5047,SPY,SPY,SPY
APRN,2020-03-30,2020-03-27,2020-03-31,2020-04-15,VALID,False,C,0001701114,FORM345_TICKER,False,False,False,False,0,2018-11-01,2023-11-10,1,True,0001701114,[],[],True,False,False,0001701114,True,False,,False,True,False,False,5961,5961,SPY,SPY,SPY
APT,2020-03-30,2020-03-27,2020-03-31,2020-04-15,VALID,True,A,0000884269,SEC_TICKERS,False,False,False,False,0,2018-11-01,2023-12-29,0,True,0000884269,[],[],True,False,False,0000884269,False,False,,False,True,False,False,3842,3842,XLV,XLV,XLV
CAKE,2020-03-30,2020-03-27,2020-03-31,2020-04-15,VALID,True,A,0000887596,SEC_TICKERS,False,False,False,False,0,2018-11-01,2023-12-29,0,True,0000887596,[],[],True,False,False,0000887596,False,False,,False,True,False,False,5812,5812,SPY,SPY,SPY
PBF,2020-03-30,2020-03-27,2020-03-31,2020-04-15,VALID,True,A,0001534504,SEC_TICKERS,False,False,False,False,0,2018-11-01,2023-12-29,0,True,0001534504,[],[],True,False,False,0001534504,False,False,,False,True,False,False,2911,2911,XLE,XLE,XLE
ACH,2020-03-31,2020-03-30,2020-04-01,2020-04-16,VALID,True,A,0000075252,SEC_TICKERS,False,False,False,False,0,2018-11-01,2023-12-29,0,False,,[],"[[""2026-01-02"", ""OMI""]]",False,False,False,,False,False,,False,True,False,False,5047,5047,SPY,SPY,SPY
INSG,2020-04-01,2020-03-31,2020-04-02,2020-04-17,VALID,True,A,0001022652,SEC_TICKERS,False,False,False,False,0,2018-11-01,2023-12-29,0,True,0001022652,[],[],True,False,False,0001022652,False,False,,False,True,False,False,3669,3669,XLI,XLI,XLI
BMRA,2020-04-02,2020-04-01,2020-04-03,2020-04-20,VALID,True,A,0000073290,SEC_TICKERS,False,False,False,False,0,2018-11-01,2023-12-29,2,True,0000073290,[],[],True,False,False,0000073290,False,False,,False,True,False,False,2835,2835,XBI,XBI,XBI
FATE,2020-04-03,2020-04-02,2020-04-06,2020-04-21,VALID,True,A,0001434316,SEC_TICKERS,False,False,False,False,0,2018-11-01,2023-12-29,0,True,0001434316,[],[],True,False,False,0001434316,False,False,,False,True,False,False,2836,2836,XBI,XBI,XBI
ARI,2020-04-06,2020-04-03,2020-04-07,2020-04-22,VALID,True,A,0001467760,SEC_TICKERS,False,False,False,False,0,2018-11-01,2023-12-29,0,True,0001467760,[],[],True,False,False,0001467760,False,False,,False,True,False,False,6798,6798,XLF,XLF,XLF
ARR,2020-04-06,2020-04-03,2020-04-07,2020-04-22,VALID,True,A,0001428205,SEC_TICKERS,False,False,False,False,0,2018-11-01,2023-12-29,0,True,0001428205,[],[],True,False,False,0001428205,False,False,,False,True,False,False,6798,6798,XLF,XLF,XLF
BHF,2020-04-06,2020-04-03,2020-04-07,2020-04-22,VALID,True,AD,0001685040,SEC_TICKERS,False,False,False,False,0,2018-11-01,2023-12-29,0,True,0001685040,[],[],True,False,False,0001685040,False,False,2017-08-07,True,True,False,False,6311,6311,XLF,XLF,XLF
BLMN,2020-04-06,2020-04-03,2020-04-07,2020-04-22,VALID,True,A,0001546417,SEC_TICKERS,False,False,False,False,0,2018-11-01,2023-12-29,0,True,0001546417,[],[],True,False,False,0001546417,False,False,,False,True,False,False,5812,5812,SPY,SPY,SPY
CIM,2020-04-06,2020-04-03,2020-04-07,2020-04-22,VALID,True,A,0001409493,SEC_TICKERS,False,False,False,False,0,2018-11-01,2023-12-29,0,True,0001409493,[],[],True,False,False,0001409493,False,False,,False,True,False,False,6798,6798,XLF,XLF,XLF
CNK,2020-04-06,2020-04-03,2020-04-07,2020-04-22,VALID,True,A,0001385280,SEC_TICKERS,False,False,False,False,0,2018-11-01,2023-12-29,0,True,0001385280,[],[],True,False,False,0001385280,False,False,,False,True,False,False,7830,7830,SPY,SPY,SPY
COTY,2020-04-06,2020-04-03,2020-04-07,2020-04-22,VALID,True,AD,0001024305,SEC_TICKERS,False,False,False,False,0,2018-11-01,2023-12-29,0,True,0001024305,[],[],True,False,False,0001024305,False,True,2016-10-03,True,True,False,False,2844,2844,SPY,SPY,SPY
DIN,2020-04-06,2020-04-03,2020-04-07,2020-04-22,VALID,True,A,0000049754,SEC_TICKERS,False,False,False,False,0,2018-11-01,2023-12-29,0,True,0000049754,[],[],True,False,False,0000049754,False,False,,False,True,False,False,5812,5812,SPY,SPY,SPY
IHG,2020-04-06,2020-04-03,2020-04-07,2020-04-22,VALID,True,A,0000858446,SEC_TICKERS,False,False,False,False,0,2018-11-01,2023-12-29,0,True,0000858446,[],[],False,False,False,,False,False,,False,False,False,True,7011,7011,SPY,SPY,SPY
IMMU,2020-04-06,2020-04-03,2020-04-07,2020-04-22,VALID,True,AC,0000722830,FORM345_TICKER,False,False,False,False,0,2018-11-01,2020-10-22,0,True,0000722830,[],[],True,False,False,0000722830,False,False,,False,True,False,False,2835,2835,XBI,XBI,XBI
ING,2020-04-06,2020-04-03,2020-04-07,2020-04-22,VALID,True,A,0001039765,SEC_TICKERS,False,False,False,False,0,2018-11-01,2023-12-29,0,True,0001039765,[],[],False,False,False,,False,False,,False,False,False,True,6029,6029,XLF,XLF,XLF
LGIH,2020-04-06,2020-04-03,2020-04-07,2020-04-22,VALID,True,A,0001580670,SEC_TICKERS,False,False,False,False,0,2018-11-01,2023-12-29,0,True,0001580670,[],[],True,False,False,0001580670,False,False,,False,True,False,False,1531,1531,SPY,SPY,SPY
OUT,2020-04-06,2020-04-03,2020-04-07,2020-04-22,VALID,True,A,0001579877,SEC_TICKERS,False,False,False,False,0,2018-11-01,2023-12-29,0,True,0001579877,[],[],True,False,False,0001579877,False,False,,False,True,False,False,6798,6798,XLF,XLF,XLF
PK,2020-04-06,2020-04-03,2020-04-07,2020-04-22,VALID,True,A,0001617406,SEC_TICKERS,False,False,False,False,0,2018-11-01,2023-12-29,0,True,0001617406,[],[],True,False,False,0001617406,False,False,,False,True,False,False,7011,7011,SPY,SPY,SPY
PLAY,2020-04-06,2020-04-03,2020-04-07,2020-04-22,VALID,True,A,0001525769,SEC_TICKERS,False,False,False,False,0,2018-11-01,2023-12-29,0,True,0001525769,[],[],True,False,False,0001525769,False,False,,False,True,False,False,5812,5812,SPY,SPY,SPY
PMT,2020-04-06,2020-04-03,2020-04-07,2020-04-22,VALID,True,A,0001464423,SEC_TICKERS,False,False,False,False,0,2018-11-01,2023-12-29,0,True,0001464423,[],[],True,False,False,0001464423,False,False,,False,True,False,False,6798,6798,XLF,XLF,XLF
PUK,2020-04-06,2020-04-03,2020-04-07,2020-04-22,VALID,True,A,0001116578,SEC_TICKERS,False,False,False,False,0,2018-11-01,2023-12-29,0,True,0001116578,[],[],False,False,False,,False,False,,False,False,False,False,6311,6311,XLF,XLF,XLF
RRR,2020-04-06,2020-04-03,2020-04-07,2020-04-22,VALID,True,A,0001653653,SEC_TICKERS,False,False,False,False,0,2018-11-01,2023-12-29,0,True,0001653653,[],[],True,False,False,0001653653,False,False,,False,True,False,False,7011,7011,SPY,SPY,SPY
RYAAY,2020-04-06,2020-04-03,2020-04-07,2020-04-22,VALID,True,A,0001038683,SEC_TICKERS,False,False,False,False,0,2018-11-01,2023-12-29,0,True,0001038683,[],[],False,False,False,,False,False,,False,False,False,True,4512,4512,SPY,SPY,SPY
SBSW,2020-04-06,2020-04-03,2020-04-07,2020-04-22,VALID,True,A,0001786909,SEC_TICKERS,False,False,False,False,0,2018-11-01,2023-12-29,0,True,0001786909,[],[],False,False,False,,False,False,,False,False,False,False,1040,1040,XLE,XLE,XLE
SGMS,2020-04-06,2020-04-03,2020-04-07,2020-04-22,VALID,False,B,0000750004,RENAME_CHAIN_FWD,False,False,False,False,0,2018-11-01,2022-04-28,0,True,0000750004,[],[],True,False,False,0000750004,True,False,,False,True,False,False,7373,7373,XLK,XLK,XLK
SKT,2020-04-06,2020-04-03,2020-04-07,2020-04-22,VALID,True,A,0000899715,SEC_TICKERS,False,False,False,False,0,2018-11-01,2023-12-29,0,True,0000899715,[],[],True,False,False,0000899715,False,False,,False,True,False,False,6798,6798,XLF,XLF,XLF
TXRH,2020-04-06,2020-04-03,2020-04-07,2020-04-22,VALID,True,A,0001289460,SEC_TICKERS,False,False,False,False,0,2018-11-01,2023-12-29,0,True,0001289460,[],[],True,False,False,0001289460,False,False,,False,True,False,False,5812,5812,SPY,SPY,SPY
VIR,2020-04-06,2020-04-03,2020-04-07,2020-04-22,VALID,True,A,0001706431,SEC_TICKERS,False,False,False,False,0,2019-10-11,2023-12-29,0,True,0001706431,[],[],True,False,False,0001706431,False,False,,False,True,False,False,2836,2836,XBI,XBI,XBI
WTFC,2020-04-06,2020-04-03,2020-04-07,2020-04-22,VALID,True,A,0001015328,SEC_TICKERS,False,False,False,False,0,2018-11-01,2023-12-29,0,True,0001015328,[],[],True,False,False,0001015328,False,False,,False,True,False,False,6022,6022,XLF,XLF,XLF
ABR,2020-04-07,2020-04-06,2020-04-08,2020-04-23,VALID,True,A,0001253986,SEC_TICKERS,False,False,False,False,0,2018-11-01,2023-12-29,0,True,0001253986,[],[],True,False,False,0001253986,False,False,,False,True,False,False,6798,6798,XLF,XLF,XLF
ADS,2020-04-07,2020-04-06,2020-04-08,2020-04-23,VALID,True,BD,0001101215,RENAME_CHAIN_FWD,False,False,False,False,0,2018-11-01,2022-04-01,0,True,0001101215,[],[],True,False,False,0001101215,False,True,2013-12-23,True,True,False,False,6141,6141,XLF,XLF,XLF
AER,2020-04-07,2020-04-06,2020-04-08,2020-04-23,VALID,True,A,0001378789,SEC_TICKERS,False,False,False,False,0,2018-11-01,2023-12-29,0,True,0001378789,[],[],False,False,False,,False,False,,False,False,False,True,7359,7359,SPY,SPY,SPY
AKER,2020-04-07,2020-04-06,2020-04-08,2020-04-23,VALID,False,B,0001321834,FORM345_TICKER,False,False,False,False,0,2018-11-01,2021-04-16,0,True,0001321834,[],[],True,False,False,0001321834,True,False,,False,True,False,False,2835,2835,XBI,XBI,XBI
ARR,2020-04-07,2020-04-06,2020-04-08,2020-04-23,VALID,True,A,0001428205,SEC_TICKERS,False,False,False,False,0,2018-11-01,2023-12-29,0,True,0001428205,[],[],True,False,False,0001428205,False,False,,False,True,False,False,6798,6798,XLF,XLF,XLF
ATI,2020-04-07,2020-04-06,2020-04-08,2020-04-23,VALID,True,A,0001018963,SEC_TICKERS,False,False,False,False,0,2018-11-01,2023-12-29,0,True,0001018963,[],[],True,False,False,0001018963,False,False,1996-01-02,True,True,False,False,3317,3317,SPY,SPY,SPY
BFH,2020-04-07,2020-04-06,2020-04-08,2020-04-23,VALID,True,A,0001101215,SEC_TICKERS,False,False,False,False,0,2018-11-01,2023-12-29,0,False,,[],"[[""2022-04-04"", ""ADS""]]",False,False,True,,False,False,,False,True,False,False,6141,6141,SPY,XLF,XLF
BLMN,2020-04-07,2020-04-06,2020-04-08,2020-04-23,VALID,True,A,0001546417,SEC_TICKERS,False,False,False,False,0,2018-11-01,2023-12-29,0,True,0001546417,[],[],True,False,False,0001546417,False,False,,False,True,False,False,5812,5812,SPY,SPY,SPY
CAR,2020-04-07,2020-04-06,2020-04-08,2020-04-23,VALID,True,A,0000723612,SEC_TICKERS,False,False,False,False,0,2018-11-01,2023-12-29,0,True,0000723612,[],[],True,False,False,0000723612,False,False,1996-01-02,True,True,False,False,7510,7510,SPY,SPY,SPY
CNK,2020-04-07,2020-04-06,2020-04-08,2020-04-23,VALID,True,A,0001385280,SEC_TICKERS,False,False,False,False,0,2018-11-01,2023-12-29,0,True,0001385280,[],[],True,False,False,0001385280,False,False,,False,True,False,False,7830,7830,SPY,SPY,SPY
COTY,2020-04-07,2020-04-06,2020-04-08,2020-04-23,VALID,True,AD,0001024305,SEC_TICKERS,False,False,False,False,0,2018-11-01,2023-12-29,0,True,0001024305,[],[],True,False,False,0001024305,False,True,2016-10-03,True,True,False,False,2844,2844,SPY,SPY,SPY
CPA,2020-04-07,2020-04-06,2020-04-08,2020-04-23,VALID,True,A,0001345105,SEC_TICKERS,False,False,False,False,0,2018-11-01,2023-12-29,0,True,0001345105,[],[],False,False,False,,False,False,,False,False,False,False,4512,4512,SPY,SPY,SPY
CPRI,2020-04-07,2020-04-06,2020-04-08,2020-04-23,VALID,True,AD,0001530721,SEC_TICKERS,False,False,False,False,0,2018-11-01,2023-12-29,0,True,0001530721,[],[],True,False,False,0001530721,False,True,2016-01-04,True,True,False,False,3100,3100,SPY,SPY,SPY
DIN,2020-04-07,2020-04-06,2020-04-08,2020-04-23,VALID,True,A,0000049754,SEC_TICKERS,False,False,False,False,0,2018-11-01,2023-12-29,0,True,0000049754,[],[],True,False,False,0000049754,False,False,,False,True,False,False,5812,5812,SPY,SPY,SPY
EAT,2020-04-07,2020-04-06,2020-04-08,2020-04-23,VALID,True,A,0000703351,SEC_TICKERS,False,False,False,False,0,2018-11-01,2023-12-29,0,True,0000703351,[],[],True,False,False,0000703351,False,False,,False,True,False,False,5812,5812,SPY,SPY,SPY
FUN,2020-04-07,2020-04-06,2020-04-08,2020-04-23,VALID,True,A,0001999001,SEC_TICKERS,False,False,False,False,0,2018-11-01,2023-12-29,0,True,0001999001,[],[],False,True,False,0000811532,False,False,,False,False,False,False,7900,7900,SPY,SPY,SPY
IHG,2020-04-07,2020-04-06,2020-04-08,2020-04-23,VALID,True,A,0000858446,SEC_TICKERS,False,False,False,False,0,2018-11-01,2023-12-29,0,True,0000858446,[],[],False,False,False,,False,False,,False,False,False,True,7011,7011,SPY,SPY,SPY
JACK,2020-04-07,2020-04-06,2020-04-08,2020-04-23,VALID,True,A,0000807882,SEC_TICKERS,False,False,False,False,0,2018-11-01,2023-12-29,0,True,0000807882,[],[],True,False,False,0000807882,False,False,,False,True,False,False,5812,5812,SPY,SPY,SPY
LADR,2020-04-07,2020-04-06,2020-04-08,2020-04-23,VALID,True,A,0001577670,SEC_TICKERS,False,False,False,False,0,2018-11-01,2023-12-29,0,True,0001577670,[],[],True,False,False,0001577670,False,False,,False,True,False,False,6798,6798,XLF,XLF,XLF
LEVI,2020-04-07,2020-04-06,2020-04-08,2020-04-23,VALID,True,A,0000094845,SEC_TICKERS,False,False,False,False,0,2019-03-21,2023-12-29,0,True,0000094845,[],[],True,False,False,0000094845,False,False,,False,True,False,False,2300,2300,SPY,SPY,SPY
MAC,2020-04-07,2020-04-06,2020-04-08,2020-04-23,VALID,True,AD,0000912242,SEC_TICKERS,False,False,False,False,0,2018-11-01,2023-12-29,0,True,0000912242,[],[],True,False,False,0000912242,False,False,2013-05-09,True,True,False,False,6798,6798,XLF,XLF,XLF
MAIN,2020-04-07,2020-04-06,2020-04-08,2020-04-23,VALID,True,A,0001396440,SEC_TICKERS,False,False,False,False,0,2018-11-01,2023-12-29,0,True,0001396440,[],[],True,False,False,0001396440,False,False,,False,True,False,False,,,SPY,SPY,SPY
PK,2020-04-07,2020-04-06,2020-04-08,2020-04-23,VALID,True,A,0001617406,SEC_TICKERS,False,False,False,False,0,2018-11-01,2023-12-29,0,True,0001617406,[],[],True,False,False,0001617406,False,False,,False,True,False,False,7011,7011,SPY,SPY,SPY
PLAY,2020-04-07,2020-04-06,2020-04-08,2020-04-23,VALID,True,A,0001525769,SEC_TICKERS,False,False,False,False,0,2018-11-01,2023-12-29,0,True,0001525769,[],[],True,False,False,0001525769,False,False,,False,True,False,False,5812,5812,SPY,SPY,SPY
PLCE,2020-04-07,2020-04-06,2020-04-08,2020-04-23,VALID,True,A,0001041859,SEC_TICKERS,False,False,False,False,0,2018-11-01,2023-12-29,0,True,0001041859,[],[],True,False,False,0001041859,False,False,,False,True,False,False,5651,5651,SPY,SPY,SPY
PMT,2020-04-07,2020-04-06,2020-04-08,2020-04-23,VALID,True,A,0001464423,SEC_TICKERS,False,False,False,False,0,2018-11-01,2023-12-29,0,True,0001464423,[],[],True,False,False,0001464423,False,False,,False,True,False,False,6798,6798,XLF,XLF,XLF
PRKS,2020-04-07,2020-04-06,2020-04-08,2020-04-23,VALID,True,A,0001564902,SEC_TICKERS,False,False,False,False,0,2018-11-01,2023-12-29,0,False,,[],"[[""2024-02-13"", ""SEAS""]]",False,False,False,,False,False,,False,True,False,False,7990,7990,SPY,SPY,SPY
PVH,2020-04-07,2020-04-06,2020-04-08,2020-04-23,VALID,True,AD,0000078239,SEC_TICKERS,False,False,False,False,0,2018-11-01,2023-12-29,0,True,0000078239,[],[],True,False,False,0000078239,False,True,2013-02-14,True,True,False,False,2320,2320,SPY,SPY,SPY
QCLS,2020-04-07,2020-04-06,2020-04-08,2020-04-23,VALID,True,A,0001321834,SEC_TICKERS,False,False,False,False,0,2018-11-01,2023-12-29,108,False,,[],"[[""2025-09-25"", ""TNFA""]]",False,False,False,,False,False,,False,True,False,False,2835,2835,SPY,XBI,XBI
RRR,2020-04-07,2020-04-06,2020-04-08,2020-04-23,VALID,True,A,0001653653,SEC_TICKERS,False,False,False,False,0,2018-11-01,2023-12-29,0,True,0001653653,[],[],True,False,False,0001653653,False,False,,False,True,False,False,7011,7011,SPY,SPY,SPY
RUN,2020-04-07,2020-04-06,2020-04-08,2020-04-23,VALID,True,A,0001469367,SEC_TICKERS,False,False,False,False,0,2018-11-01,2023-12-29,0,True,0001469367,[],[],True,False,False,0001469367,False,False,,False,True,False,False,1700,3690,SPY,SPY,XLI
SABR,2020-04-07,2020-04-06,2020-04-08,2020-04-23,VALID,True,A,0001597033,SEC_TICKERS,False,False,False,False,0,2018-11-01,2023-12-29,0,True,0001597033,[],[],True,False,False,0001597033,False,False,,False,True,False,False,7370,7370,XLK,XLK,XLK
SBSW,2020-04-07,2020-04-06,2020-04-08,2020-04-23,VALID,True,A,0001786909,SEC_TICKERS,False,False,False,False,0,2018-11-01,2023-12-29,0,True,0001786909,[],[],False,False,False,,False,False,,False,False,False,False,1040,1040,XLE,XLE,XLE
SGMS,2020-04-07,2020-04-06,2020-04-08,2020-04-23,VALID,False,B,0000750004,RENAME_CHAIN_FWD,False,False,False,False,0,2018-11-01,2022-04-28,0,True,0000750004,[],[],True,False,False,0000750004,True,False,,False,True,False,False,7373,7373,XLK,XLK,XLK
SIG,2020-04-07,2020-04-06,2020-04-08,2020-04-23,VALID,True,A,0000832988,SEC_TICKERS,False,False,False,False,0,2018-11-01,2023-12-29,0,True,0000832988,[],[],True,False,False,0000832988,False,False,2015-07-29,True,True,False,False,5944,5944,SPY,SPY,SPY
SKT,2020-04-07,2020-04-06,2020-04-08,2020-04-23,VALID,True,A,0000899715,SEC_TICKERS,False,False,False,False,0,2018-11-01,2023-12-29,0,True,0000899715,[],[],True,False,False,0000899715,False,False,,False,True,False,False,6798,6798,XLF,XLF,XLF
SKYW,2020-04-07,2020-04-06,2020-04-08,2020-04-23,VALID,True,A,0000793733,SEC_TICKERS,False,False,False,False,0,2018-11-01,2023-12-29,0,True,0000793733,[],[],True,False,False,0000793733,False,False,,False,True,False,False,4512,4512,SPY,SPY,SPY
TNL,2020-04-07,2020-04-06,2020-04-08,2020-04-23,VALID,True,A,0001361658,SEC_TICKERS,False,False,False,False,0,2018-11-01,2023-12-29,0,False,,[],"[[""2021-02-17"", ""WYND""]]",False,False,True,,False,False,,False,True,False,False,7011,7011,SPY,SPY,SPY
TSU,2020-04-07,2020-04-06,2020-04-08,2020-04-23,VALID,True,ABC,,UNMAPPED,False,False,False,False,0,2018-11-01,2020-10-12,0,False,,[],[],False,False,False,,False,False,,False,False,False,False,,,SPY,SPY,SPY
VAC,2020-04-07,2020-04-06,2020-04-08,2020-04-23,VALID,True,A,0001524358,SEC_TICKERS,False,False,False,False,0,2018-11-01,2023-12-29,0,True,0001524358,[],[],True,False,False,0001524358,False,False,,False,True,False,False,6531,6531,XLF,XLF,XLF
WH,2020-04-07,2020-04-06,2020-04-08,2020-04-23,VALID,True,A,0001722684,SEC_TICKERS,False,False,False,False,0,2018-11-01,2023-12-29,0,True,0001722684,[],[],True,False,False,0001722684,False,False,,False,True,False,False,7011,7011,SPY,SPY,SPY
WYND,2020-04-07,2020-04-06,2020-04-08,2020-04-23,VALID,True,B,0001361658,RENAME_CHAIN_FWD,False,False,False,False,0,2018-11-01,2021-02-16,0,True,0001361658,[],[],True,False,False,0001361658,False,False,2006-08-01,True,True,False,False,7011,7011,SPY,SPY,SPY
AKER,2020-04-08,2020-04-07,2020-04-09,2020-04-24,VALID,False,B,0001321834,FORM345_TICKER,False,False,False,False,0,2018-11-01,2021-04-16,0,True,0001321834,[],[],True,False,False,0001321834,True,False,,False,True,False,False,2835,2835,XBI,XBI,XBI
APT,2020-04-08,2020-04-07,2020-04-09,2020-04-24,VALID,True,A,0000884269,SEC_TICKERS,False,False,False,False,0,2018-11-01,2023-12-29,0,True,0000884269,[],[],True,False,False,0000884269,False,False,,False,True,False,False,3842,3842,XLV,XLV,XLV
LADR,2020-04-08,2020-04-07,2020-04-09,2020-04-24,VALID,True,A,0001577670,SEC_TICKERS,False,False,False,False,0,2018-11-01,2023-12-29,0,True,0001577670,[],[],True,False,False,0001577670,False,False,,False,True,False,False,6798,6798,XLF,XLF,XLF
NVAX,2020-04-08,2020-04-07,2020-04-09,2020-04-24,VALID,True,A,0001000694,SEC_TICKERS,False,False,False,False,0,2018-11-01,2023-12-29,1,True,0001000694,[],[],True,False,False,0001000694,False,False,,False,True,False,False,2836,2836,XBI,XBI,XBI
QCLS,2020-04-08,2020-04-07,2020-04-09,2020-04-24,VALID,True,A,0001321834,SEC_TICKERS,False,False,False,False,0,2018-11-01,2023-12-29,108,False,,[],"[[""2025-09-25"", ""TNFA""]]",False,False,False,,False,False,,False,True,False,False,2835,2835,SPY,XBI,XBI
ABR,2020-04-09,2020-04-08,2020-04-13,2020-04-27,VALID,True,A,0001253986,SEC_TICKERS,False,False,False,False,0,2018-11-01,2023-12-29,0,True,0001253986,[],[],True,False,False,0001253986,False,False,,False,True,False,False,6798,6798,XLF,XLF,XLF
ADS,2020-04-09,2020-04-08,2020-04-13,2020-04-27,VALID,True,BD,0001101215,RENAME_CHAIN_FWD,False,False,False,False,0,2018-11-01,2022-04-01,0,True,0001101215,[],[],True,False,False,0001101215,False,True,2013-12-23,True,True,False,False,6141,6141,XLF,XLF,XLF
BFH,2020-04-09,2020-04-08,2020-04-13,2020-04-27,VALID,True,A,0001101215,SEC_TICKERS,False,False,False,False,0,2018-11-01,2023-12-29,0,False,,[],"[[""2022-04-04"", ""ADS""]]",False,False,True,,False,False,,False,True,False,False,6141,6141,SPY,XLF,XLF
BLMN,2020-04-09,2020-04-08,2020-04-13,2020-04-27,VALID,True,A,0001546417,SEC_TICKERS,False,False,False,False,0,2018-11-01,2023-12-29,0,True,0001546417,[],[],True,False,False,0001546417,False,False,,False,True,False,False,5812,5812,SPY,SPY,SPY
BNTX,2020-04-09,2020-04-08,2020-04-13,2020-04-27,VALID,True,A,0001776985,SEC_TICKERS,False,False,False,False,0,2019-10-10,2023-12-29,0,True,0001776985,[],[],False,False,False,,False,False,,False,False,False,False,2836,2836,XBI,XBI,XBI
CHEF,2020-04-09,2020-04-08,2020-04-13,2020-04-27,VALID,True,A,0001517175,SEC_TICKERS,False,False,False,False,0,2018-11-01,2023-12-29,0,True,0001517175,[],[],True,False,False,0001517175,False,False,,False,True,False,False,5141,5141,SPY,SPY,SPY
GPMT,2020-04-09,2020-04-08,2020-04-13,2020-04-27,VALID,True,A,0001703644,SEC_TICKERS,False,False,False,False,0,2018-11-01,2023-12-29,0,True,0001703644,[],[],True,False,False,0001703644,False,False,,False,True,False,False,6798,6798,XLF,XLF,XLF
LADR,2020-04-09,2020-04-08,2020-04-13,2020-04-27,VALID,True,A,0001577670,SEC_TICKERS,False,False,False,False,0,2018-11-01,2023-12-29,0,True,0001577670,[],[],True,False,False,0001577670,False,False,,False,True,False,False,6798,6798,XLF,XLF,XLF
MAC,2020-04-09,2020-04-08,2020-04-13,2020-04-27,VALID,True,AD,0000912242,SEC_TICKERS,False,False,False,False,0,2018-11-01,2023-12-29,0,True,0000912242,[],[],True,False,False,0000912242,False,False,2013-05-09,True,True,False,False,6798,6798,XLF,XLF,XLF
MAIN,2020-04-09,2020-04-08,2020-04-13,2020-04-27,VALID,True,A,0001396440,SEC_TICKERS,False,False,False,False,0,2018-11-01,2023-12-29,0,True,0001396440,[],[],True,False,False,0001396440,False,False,,False,True,False,False,,,SPY,SPY,SPY
MUR,2020-04-09,2020-04-08,2020-04-13,2020-04-27,VALID,True,A,0000717423,SEC_TICKERS,False,False,False,False,0,2018-11-01,2023-12-29,0,True,0000717423,[],[],True,False,False,0000717423,False,False,2005-08-15,True,True,False,False,1311,1311,XLE,XLE,XLE
PBF,2020-04-09,2020-04-08,2020-04-13,2020-04-27,VALID,True,A,0001534504,SEC_TICKERS,False,False,False,False,0,2018-11-01,2023-12-29,0,True,0001534504,[],[],True,False,False,0001534504,False,False,,False,True,False,False,2911,2911,XLE,XLE,XLE
PRKS,2020-04-09,2020-04-08,2020-04-13,2020-04-27,VALID,True,A,0001564902,SEC_TICKERS,False,False,False,False,0,2018-11-01,2023-12-29,0,False,,[],"[[""2024-02-13"", ""SEAS""]]",False,False,False,,False,False,,False,True,False,False,7990,7990,SPY,SPY,SPY
WES,2020-04-09,2020-04-08,2020-04-13,2020-04-27,VALID,True,A,0001423902,SEC_TICKERS,False,False,False,False,0,2018-11-01,2023-12-29,0,True,0001423902,[],[],True,False,False,0001423902,False,False,,False,True,False,False,4922,4922,SPY,SPY,SPY
CHEF,2020-04-13,2020-04-09,2020-04-14,2020-04-28,VALID,True,A,0001517175,SEC_TICKERS,False,False,False,False,0,2018-11-01,2023-12-29,0,True,0001517175,[],[],True,False,False,0001517175,False,False,,False,True,False,False,5141,5141,SPY,SPY,SPY
GPMT,2020-04-13,2020-04-09,2020-04-14,2020-04-28,VALID,True,A,0001703644,SEC_TICKERS,False,False,False,False,0,2018-11-01,2023-12-29,0,True,0001703644,[],[],True,False,False,0001703644,False,False,,False,True,False,False,6798,6798,XLF,XLF,XLF
TRTX,2020-04-13,2020-04-09,2020-04-14,2020-04-28,VALID,True,A,0001630472,SEC_TICKERS,False,False,False,False,0,2018-11-01,2023-12-29,0,True,0001630472,[],[],True,False,False,0001630472,False,False,,False,True,False,False,6798,6798,XLF,XLF,XLF
GME,2020-04-14,2020-04-13,2020-04-15,2020-04-29,VALID,True,A,0001326380,SEC_TICKERS,False,False,False,False,0,2018-11-01,2023-12-29,0,True,0001326380,[],[],True,False,False,0001326380,False,False,2007-12-14,True,True,False,False,5734,5734,SPY,SPY,SPY
IOVA,2020-04-14,2020-04-13,2020-04-15,2020-04-29,VALID,True,A,0001425205,SEC_TICKERS,False,False,False,False,0,2018-11-01,2023-12-29,0,True,0001425205,[],[],True,False,False,0001425205,False,False,,False,True,False,False,2836,2836,XBI,XBI,XBI
YETI,2020-04-14,2020-04-13,2020-04-15,2020-04-29,VALID,True,A,0001670592,SEC_TICKERS,False,False,False,False,0,2018-11-01,2023-12-29,0,True,0001670592,[],[],True,False,False,0001670592,False,False,,False,True,False,False,3949,3949,SPY,SPY,SPY
JACK,2020-04-16,2020-04-15,2020-04-17,2020-05-01,VALID,True,A,0000807882,SEC_TICKERS,False,False,False,False,0,2018-11-01,2023-12-29,0,True,0000807882,[],[],True,False,False,0000807882,False,False,,False,True,False,False,5812,5812,SPY,SPY,SPY
BLMN,2020-04-17,2020-04-16,2020-04-20,2020-05-04,VALID,True,A,0001546417,SEC_TICKERS,False,False,False,False,0,2018-11-01,2023-12-29,0,True,0001546417,[],[],True,False,False,0001546417,False,False,,False,True,False,False,5812,5812,SPY,SPY,SPY
CNK,2020-04-17,2020-04-16,2020-04-20,2020-05-04,VALID,True,A,0001385280,SEC_TICKERS,False,False,False,False,0,2018-11-01,2023-12-29,0,True,0001385280,[],[],True,False,False,0001385280,False,False,,False,True,False,False,7830,7830,SPY,SPY,SPY
DIN,2020-04-17,2020-04-16,2020-04-20,2020-05-04,VALID,True,A,0000049754,SEC_TICKERS,False,False,False,False,0,2018-11-01,2023-12-29,0,True,0000049754,[],[],True,False,False,0000049754,False,False,,False,True,False,False,5812,5812,SPY,SPY,SPY
EAT,2020-04-17,2020-04-16,2020-04-20,2020-05-04,VALID,True,A,0000703351,SEC_TICKERS,False,False,False,False,0,2018-11-01,2023-12-29,0,True,0000703351,[],[],True,False,False,0000703351,False,False,,False,True,False,False,5812,5812,SPY,SPY,SPY
FUN,2020-04-17,2020-04-16,2020-04-20,2020-05-04,VALID,True,A,0001999001,SEC_TICKERS,False,False,False,False,0,2018-11-01,2023-12-29,0,True,0001999001,[],[],False,True,False,0000811532,False,False,,False,False,False,False,7900,7900,SPY,SPY,SPY
MAC,2020-04-17,2020-04-16,2020-04-20,2020-05-04,VALID,True,AD,0000912242,SEC_TICKERS,False,False,False,False,0,2018-11-01,2023-12-29,0,True,0000912242,[],[],True,False,False,0000912242,False,False,2013-05-09,True,True,False,False,6798,6798,XLF,XLF,XLF
SKT,2020-04-17,2020-04-16,2020-04-20,2020-05-04,VALID,True,A,0000899715,SEC_TICKERS,False,False,False,False,0,2018-11-01,2023-12-29,0,True,0000899715,[],[],True,False,False,0000899715,False,False,,False,True,False,False,6798,6798,XLF,XLF,XLF
TCF,2020-04-17,2020-04-16,2020-04-20,2020-05-04,VALID,True,AC,,FORM345_AMBIGUOUS,False,False,False,False,0,2018-11-01,2021-06-08,0,False,,[],[],False,True,False,0000019612,False,False,,False,False,False,False,,,SPY,SPY,SPY
TSG,2020-04-17,2020-04-16,2020-04-20,2020-05-04,VALID,True,AC,,UNMAPPED,False,False,False,False,0,2018-11-01,2020-05-04,0,False,,[],[],False,False,False,,False,False,2000-03-16,True,False,False,False,,,SPY,SPY,SPY
CODX,2020-04-20,2020-04-17,2020-04-21,2020-05-05,VALID,True,A,0001692415,SEC_TICKERS,False,False,False,False,0,2018-11-01,2023-12-29,0,True,0001692415,[],[],True,False,False,0001692415,False,False,,False,True,False,False,3841,3841,XLV,XLV,XLV
EXEL,2020-04-20,2020-04-17,2020-04-21,2020-05-05,VALID,True,A,0000939767,SEC_TICKERS,False,False,False,False,0,2018-11-01,2023-12-29,0,True,0000939767,[],[],True,False,False,0000939767,False,False,,False,True,False,False,2836,2836,XBI,XBI,XBI
MAC,2020-04-21,2020-04-20,2020-04-22,2020-05-06,VALID,True,AD,0000912242,SEC_TICKERS,False,False,False,False,0,2018-11-01,2023-12-29,0,True,0000912242,[],[],True,False,False,0000912242,False,False,2013-05-09,True,True,False,False,6798,6798,XLF,XLF,XLF
NAT,2020-04-21,2020-04-20,2020-04-22,2020-05-06,VALID,True,A,0001000177,SEC_TICKERS,False,False,False,False,0,2018-11-01,2023-12-29,0,True,0001000177,[],[],False,False,False,,False,False,,False,False,False,False,4400,4400,SPY,SPY,SPY
STNG,2020-04-21,2020-04-20,2020-04-22,2020-05-06,VALID,True,A,0001483934,SEC_TICKERS,False,False,False,False,0,2018-11-01,2023-12-29,0,True,0001483934,[],[],False,False,False,,False,False,,False,False,False,False,4412,4412,SPY,SPY,SPY
BNTX,2020-04-22,2020-04-21,2020-04-23,2020-05-07,VALID,True,A,0001776985,SEC_TICKERS,False,False,False,False,0,2019-10-10,2023-12-29,0,True,0001776985,[],[],False,False,False,,False,False,,False,False,False,False,2836,2836,XBI,XBI,XBI
NAT,2020-04-23,2020-04-22,2020-04-24,2020-05-08,VALID,True,A,0001000177,SEC_TICKERS,False,False,False,False,0,2018-11-01,2023-12-29,0,True,0001000177,[],[],False,False,False,,False,False,,False,False,False,False,4400,4400,SPY,SPY,SPY
DKNG,2020-04-24,2020-04-23,2020-04-27,2020-05-11,VALID,True,AC,0001883685,SEC_TICKERS,False,False,False,False,0,2019-07-25,2023-12-29,55,True,0001883685,[],[],False,False,True,,False,False,,False,False,False,False,7990,7990,SPY,SPY,SPY
EXE,2020-04-24,2020-04-23,2020-04-27,2020-05-11,VALID,True,A,0000895126,SEC_TICKERS,False,False,False,False,0,2018-11-01,2023-12-29,156,False,,[],"[[""2024-10-02"", ""CHK""]]",False,False,False,,False,False,2025-03-24,False,True,False,False,1311,1311,SPY,XLE,XLE
MESO,2020-04-24,2020-04-23,2020-04-27,2020-05-11,VALID,True,A,0001345099,SEC_TICKERS,False,False,False,True,0,2018-11-01,2023-12-29,21,True,0001345099,[],[],False,False,False,,False,False,,False,False,False,False,2836,2836,XBI,XBI,XBI
MMSI,2020-04-24,2020-04-23,2020-04-27,2020-05-11,VALID,True,A,0000856982,SEC_TICKERS,False,False,False,False,0,2018-11-01,2023-12-29,0,True,0000856982,[],[],True,False,False,0000856982,False,False,,False,True,False,False,3841,3841,XLV,XLV,XLV
PLUR,2020-04-24,2020-04-23,2020-04-27,2020-05-11,VALID,True,A,0001158780,SEC_TICKERS,False,False,False,False,0,2018-11-01,2023-12-29,0,False,,[],"[[""2022-09-02"", ""PSTI""]]",False,False,True,,False,False,,False,True,False,False,2836,2836,SPY,XBI,XBI
PSTI,2020-04-24,2020-04-23,2020-04-27,2020-05-11,VALID,True,B,0001158780,RENAME_CHAIN_FWD,False,False,False,False,0,2018-11-01,2022-07-25,0,True,0001158780,[],[],True,False,False,0001158780,False,False,,False,True,False,False,2836,2836,XBI,XBI,XBI
TKO,2020-04-24,2020-04-23,2020-04-27,2020-05-11,VALID,True,A,0001973266,SEC_TICKERS,False,False,False,False,0,2018-11-01,2023-12-29,0,False,,[],"[[""2023-09-12"", ""WWE""]]",False,False,True,,False,False,2025-03-24,False,False,False,False,7900,7900,SPY,SPY,SPY
WWE,2020-04-24,2020-04-23,2020-04-27,2020-05-11,VALID,True,B,0001973266,RENAME_CHAIN_FWD,False,False,False,False,0,2018-11-01,2023-09-11,0,True,0001973266,[],[],False,True,False,0001091907,False,False,,False,False,False,False,7900,7900,SPY,SPY,SPY
AXSM,2020-04-27,2020-04-24,2020-04-28,2020-05-12,VALID,True,A,0001579428,SEC_TICKERS,False,False,False,False,0,2018-11-01,2023-12-29,0,True,0001579428,[],[],True,False,False,0001579428,False,False,,False,True,False,False,2834,2834,XBI,XBI,XBI
DKNG,2020-04-27,2020-04-24,2020-04-28,2020-05-12,VALID,True,AC,0001883685,SEC_TICKERS,False,False,False,False,0,2019-07-25,2023-12-29,55,True,0001883685,[],[],False,True,True,0001772757,False,False,,False,False,False,False,7990,7990,SPY,SPY,SPY
NAT,2020-04-27,2020-04-24,2020-04-28,2020-05-12,VALID,True,A,0001000177,SEC_TICKERS,False,False,False,False,0,2018-11-01,2023-12-29,0,True,0001000177,[],[],False,False,False,,False,False,,False,False,False,False,4400,4400,SPY,SPY,SPY
EQH,2020-04-28,2020-04-27,2020-04-29,2020-05-13,VALID,True,A,0001333986,SEC_TICKERS,False,False,False,False,0,2018-11-01,2023-12-29,0,True,0001333986,[],[],True,False,False,0001333986,False,False,,False,True,False,False,6411,6411,XLF,XLF,XLF
EXE,2020-04-28,2020-04-27,2020-04-29,2020-05-13,VALID,True,A,0000895126,SEC_TICKERS,False,False,False,False,0,2018-11-01,2023-12-29,156,False,,[],"[[""2024-10-02"", ""CHK""]]",False,False,False,,False,False,2025-03-24,False,True,False,False,1311,1311,SPY,XLE,XLE
SDC,2020-04-28,2020-04-27,2020-04-29,2020-05-13,VALID,False,B,0001775625,FORM345_TICKER,False,False,False,False,0,2019-09-12,2023-10-03,0,True,0001775625,[],[],True,False,False,0001775625,True,False,,False,True,False,False,3843,3843,XLV,XLV,XLV
TCF,2020-04-28,2020-04-27,2020-04-29,2020-05-13,VALID,True,AC,,FORM345_AMBIGUOUS,False,False,False,False,0,2018-11-01,2021-06-08,0,False,,[],[],False,True,False,0000019612,False,False,,False,False,False,False,,,SPY,SPY,SPY
BCS,2020-04-29,2020-04-28,2020-04-30,2020-05-14,VALID,True,A,0000312069,SEC_TICKERS,False,False,False,False,0,2018-11-01,2023-12-29,0,True,0000312069,[],[],False,False,False,,False,False,,False,False,False,True,6029,6029,XLF,XLF,XLF
CAPR,2020-04-29,2020-04-28,2020-04-30,2020-05-14,VALID,True,A,0001133869,SEC_TICKERS,False,False,False,False,0,2018-11-01,2023-12-29,0,True,0001133869,[],[],True,False,False,0001133869,False,False,,False,True,False,False,2834,2834,XBI,XBI,XBI
DIN,2020-04-29,2020-04-28,2020-04-30,2020-05-14,VALID,True,A,0000049754,SEC_TICKERS,False,False,False,False,0,2018-11-01,2023-12-29,0,True,0000049754,[],[],True,False,False,0000049754,False,False,,False,True,False,False,5812,5812,SPY,SPY,SPY
EAT,2020-04-29,2020-04-28,2020-04-30,2020-05-14,VALID,True,A,0000703351,SEC_TICKERS,False,False,False,False,0,2018-11-01,2023-12-29,0,True,0000703351,[],[],True,False,False,0000703351,False,False,,False,True,False,False,5812,5812,SPY,SPY,SPY
HELE,2020-04-29,2020-04-28,2020-04-30,2020-05-14,VALID,True,A,0000916789,SEC_TICKERS,False,False,False,False,0,2018-11-01,2023-12-29,0,True,0000916789,[],[],True,False,False,0000916789,False,False,,False,True,False,False,3634,3634,XLI,XLI,XLI
LGND,2020-04-29,2020-04-28,2020-04-30,2020-05-14,VALID,True,A,0000886163,SEC_TICKERS,False,False,False,False,0,2018-11-01,2023-12-29,0,True,0000886163,[],[],True,False,False,0000886163,False,False,,False,True,False,False,2834,2834,XBI,XBI,XBI
MAC,2020-04-29,2020-04-28,2020-04-30,2020-05-14,VALID,True,AD,0000912242,SEC_TICKERS,False,False,False,False,0,2018-11-01,2023-12-29,0,True,0000912242,[],[],True,False,False,0000912242,False,False,2013-05-09,True,True,False,False,6798,6798,XLF,XLF,XLF
MRCY,2020-04-29,2020-04-28,2020-04-30,2020-05-14,VALID,True,A,0001049521,SEC_TICKERS,False,False,False,False,0,2018-11-01,2023-12-29,0,True,0001049521,[],[],True,False,False,0001049521,False,False,,False,True,False,False,3670,3670,XLI,XLI,XLI
MTDR,2020-04-29,2020-04-28,2020-04-30,2020-05-14,VALID,True,A,0001520006,SEC_TICKERS,False,False,False,False,0,2018-11-01,2023-12-29,0,True,0001520006,[],[],True,False,False,0001520006,False,False,,False,True,False,False,1311,1311,XLE,XLE,XLE
PBF,2020-04-29,2020-04-28,2020-04-30,2020-05-14,VALID,True,A,0001534504,SEC_TICKERS,False,False,False,False,0,2018-11-01,2023-12-29,0,True,0001534504,[],[],True,False,False,0001534504,False,False,,False,True,False,False,2911,2911,XLE,XLE,XLE
SAIA,2020-04-29,2020-04-28,2020-04-30,2020-05-14,VALID,True,A,0001177702,SEC_TICKERS,False,False,False,False,0,2018-11-01,2023-12-29,0,True,0001177702,[],[],True,False,False,0001177702,False,False,,False,True,False,False,4213,4213,SPY,SPY,SPY
WW,2020-04-29,2020-04-28,2020-04-30,2020-05-14,VALID,True,A,0000105319,FORM345_TICKER,False,False,False,False,0,2019-04-22,2023-12-29,0,False,,[],"[[""2025-07-08"", ""WGHW""]]",True,False,False,0000105319,False,False,,False,True,False,False,7200,7200,SPY,SPY,SPY
NXH,2020-04-30,2020-04-29,2020-05-01,2020-05-15,VALID,True,A,0001130713,SEC_TICKERS,False,False,False,False,0,2018-11-01,2023-12-29,0,False,,[],"[[""2026-08-17"", ""BBBY""]]",False,False,False,,False,False,,False,True,False,False,5961,5961,SPY,SPY,SPY
OSTK,2020-04-30,2020-04-29,2020-05-01,2020-05-15,VALID,False,B,0001130713,RENAME_CHAIN_FWD,False,False,False,False,0,2018-11-01,2023-11-03,0,True,0001130713,[],[],True,False,False,0001130713,True,False,,False,True,False,False,5961,5961,SPY,SPY,SPY
EXE,2020-05-01,2020-04-30,2020-05-04,2020-05-18,VALID,True,A,0000895126,SEC_TICKERS,False,False,False,False,0,2018-11-01,2023-12-29,156,False,,[],"[[""2024-10-02"", ""CHK""]]",False,False,False,,False,False,2025-03-24,False,True,False,False,1311,1311,SPY,XLE,XLE
STML,2020-05-04,2020-05-01,2020-05-05,2020-05-19,VALID,True,AC,0001264587,FORM345_TICKER,False,False,False,False,0,2018-11-01,2020-06-09,0,True,0001264587,[],[],True,False,False,0001264587,False,False,,False,True,False,False,2834,2834,XBI,XBI,XBI
ACHC,2020-05-05,2020-05-04,2020-05-06,2020-05-20,VALID,True,A,0001520697,SEC_TICKERS,False,False,False,False,0,2018-11-01,2023-12-29,0,True,0001520697,[],[],True,False,False,0001520697,False,False,,False,True,False,False,8093,8093,SPY,SPY,SPY
AER,2020-05-05,2020-05-04,2020-05-06,2020-05-20,VALID,True,A,0001378789,SEC_TICKERS,False,False,False,False,0,2018-11-01,2023-12-29,0,True,0001378789,[],[],False,False,False,,False,False,,False,False,False,True,7359,7359,SPY,SPY,SPY
CEMI,2020-05-05,2020-05-04,2020-05-06,2020-05-20,VALID,False,C,0001092662,FORM345_TICKER,False,False,False,False,0,2018-11-01,2023-04-27,0,True,0001092662,[],[],True,False,False,0001092662,True,False,,False,True,False,False,2834,2834,XBI,XBI,XBI
CEQP,2020-05-05,2020-05-04,2020-05-06,2020-05-20,VALID,False,C,0001136352,FORM345_TICKER,False,False,False,False,0,2018-11-01,2023-11-02,0,True,0001136352,[],[],True,False,False,0001136352,True,False,,False,True,False,False,4923,4923,SPY,SPY,SPY
EXE,2020-05-05,2020-05-04,2020-05-06,2020-05-20,VALID,True,A,0000895126,SEC_TICKERS,False,False,False,False,0,2018-11-01,2023-12-29,156,False,,[],"[[""2024-10-02"", ""CHK""]]",False,False,False,,False,False,2025-03-24,False,True,False,False,1311,1311,SPY,XLE,XLE
GNMK,2020-05-05,2020-05-04,2020-05-06,2020-05-20,VALID,True,AC,0001487371,FORM345_TICKER,False,False,False,False,0,2018-11-01,2021-04-21,0,True,0001487371,[],[],True,False,False,0001487371,False,False,,False,True,False,False,3841,3841,XLV,XLV,XLV
IPGP,2020-05-05,2020-05-04,2020-05-06,2020-05-20,VALID,True,AD,0001111928,SEC_TICKERS,False,False,False,False,0,2018-11-01,2023-12-29,0,True,0001111928,[],[],True,False,False,0001111928,False,True,2018-03-07,True,True,False,False,3674,3674,XLI,XLI,XLI
NRZ,2020-05-05,2020-05-04,2020-05-06,2020-05-20,VALID,True,B,0001556593,RENAME_CHAIN_FWD,False,False,False,False,0,2018-11-01,2022-08-01,0,True,0001556593,[],[],True,False,False,0001556593,False,False,,False,True,False,False,6798,6798,XLF,XLF,XLF
RITM,2020-05-05,2020-05-04,2020-05-06,2020-05-20,VALID,True,A,0001556593,SEC_TICKERS,False,False,False,False,0,2018-11-01,2023-12-29,0,False,,[],"[[""2022-08-02"", ""NRZ""]]",False,False,True,,False,False,,False,True,False,False,6798,6798,SPY,XLF,XLF
TGTX,2020-05-05,2020-05-04,2020-05-06,2020-05-20,VALID,True,A,0001001316,SEC_TICKERS,False,False,False,False,0,2018-11-01,2023-12-29,0,True,0001001316,[],[],True,False,False,0001001316,False,False,,False,True,False,False,2834,2834,XBI,XBI,XBI
VRNS,2020-05-05,2020-05-04,2020-05-06,2020-05-20,VALID,True,A,0001361113,SEC_TICKERS,False,False,False,False,0,2018-11-01,2023-12-29,0,True,0001361113,[],[],True,False,False,0001361113,False,False,,False,True,False,False,7372,7372,XLK,XLK,XLK
WWD,2020-05-05,2020-05-04,2020-05-06,2020-05-20,VALID,True,A,0000108312,SEC_TICKERS,False,False,False,False,0,2018-11-01,2023-12-29,0,True,0000108312,[],[],True,False,False,0000108312,False,False,,False,True,False,False,3620,3620,XLI,XLI,XLI
APT,2020-05-06,2020-05-05,2020-05-07,2020-05-21,VALID,True,A,0000884269,SEC_TICKERS,False,False,False,False,0,2018-11-01,2023-12-29,0,True,0000884269,[],[],True,False,False,0000884269,False,False,,False,True,False,False,3842,3842,XLV,XLV,XLV
HZNP,2020-05-06,2020-05-05,2020-05-07,2020-05-21,VALID,False,C,0001492426,FORM345_TICKER,False,False,False,False,0,2018-11-01,2023-10-05,2,True,0001492426,[],[],True,False,False,0001492426,True,False,,False,True,False,False,2834,2834,XBI,XBI,XBI
MED,2020-05-06,2020-05-05,2020-05-07,2020-05-21,VALID,True,A,0000910329,SEC_TICKERS,False,False,False,False,0,2018-11-01,2023-12-29,0,True,0000910329,[],[],True,False,False,0000910329,False,False,,False,True,False,False,2090,2090,SPY,SPY,SPY
NTNX,2020-05-06,2020-05-05,2020-05-07,2020-05-21,VALID,True,A,0001618732,SEC_TICKERS,False,False,False,False,0,2018-11-01,2023-12-29,0,True,0001618732,[],[],True,False,False,0001618732,False,False,,False,True,False,False,7372,7372,XLK,XLK,XLK
NXST,2020-05-06,2020-05-05,2020-05-07,2020-05-21,VALID,True,A,0001142417,SEC_TICKERS,False,False,False,False,0,2018-11-01,2023-12-29,0,True,0001142417,[],[],True,False,False,0001142417,False,False,,False,True,False,False,4833,4833,SPY,SPY,SPY
SDC,2020-05-06,2020-05-05,2020-05-07,2020-05-21,VALID,False,B,0001775625,FORM345_TICKER,False,False,False,False,0,2019-09-12,2023-10-03,0,True,0001775625,[],[],True,False,False,0001775625,True,False,,False,True,False,False,3843,3843,XLV,XLV,XLV
AAWW,2020-05-07,2020-05-06,2020-05-08,2020-05-22,VALID,False,C,0001135185,FORM345_TICKER,False,False,False,False,0,2018-11-01,2023-03-17,0,True,0001135185,[],[],True,False,False,0001135185,True,False,,False,True,False,False,4522,4522,SPY,SPY,SPY
FSLY,2020-05-07,2020-05-06,2020-05-08,2020-05-22,VALID,True,A,0001517413,SEC_TICKERS,False,False,False,False,0,2019-05-17,2023-12-29,0,True,0001517413,[],[],True,False,False,0001517413,False,False,,False,True,False,False,7372,7372,XLK,XLK,XLK
FVRR,2020-05-07,2020-05-06,2020-05-08,2020-05-22,VALID,True,A,0001762301,SEC_TICKERS,False,False,False,False,0,2019-06-13,2023-12-29,0,True,0001762301,[],[],False,False,False,,False,False,,False,False,False,False,7389,7389,SPY,SPY,SPY
GNMK,2020-05-07,2020-05-06,2020-05-08,2020-05-22,VALID,True,AC,0001487371,FORM345_TICKER,False,False,False,False,0,2018-11-01,2021-04-21,0,True,0001487371,[],[],True,False,False,0001487371,False,False,,False,True,False,False,3841,3841,XLV,XLV,XLV
LAMR,2020-05-07,2020-05-06,2020-05-08,2020-05-22,VALID,True,A,0001090425,SEC_TICKERS,False,False,False,False,0,2018-11-01,2023-12-29,0,True,0001090425,[],[],True,False,False,0001090425,False,False,,False,True,False,False,6798,6798,XLF,XLF,XLF
LBTYA,2020-05-07,2020-05-06,2020-05-08,2020-05-22,VALID,True,AB,0001570585,SEC_TICKERS,False,False,False,False,0,2018-11-01,2023-12-29,0,True,0001570585,[],[],False,False,True,,False,False,,False,True,False,False,4841,4841,SPY,SPY,SPY
LNC,2020-05-07,2020-05-06,2020-05-08,2020-05-22,VALID,True,AD,0000059558,SEC_TICKERS,False,False,False,False,0,2018-11-01,2023-12-29,0,True,0000059558,[],[],True,False,False,0000059558,False,True,1996-01-02,True,True,False,False,6311,6311,XLF,XLF,XLF
NUS,2020-05-07,2020-05-06,2020-05-08,2020-05-22,VALID,True,A,0001021561,SEC_TICKERS,False,False,False,False,0,2018-11-01,2023-12-29,0,True,0001021561,[],[],True,False,False,0001021561,False,False,,False,True,False,False,5122,5122,SPY,SPY,SPY
STAY,2020-05-07,2020-05-06,2020-05-08,2020-05-22,VALID,True,AC,0001581164,FORM345_TICKER,False,False,False,False,0,2018-11-01,2021-06-15,0,True,0001581164,[],[],True,False,False,0001581164,False,False,,False,True,False,False,7011,7011,SPY,SPY,SPY
CWH,2020-05-08,2020-05-07,2020-05-11,2020-05-26,VALID,True,A,0001669779,SEC_TICKERS,False,False,False,False,0,2018-11-01,2023-12-29,0,True,0001669779,[],[],True,False,False,0001669779,False,False,,False,True,False,False,5500,5500,SPY,SPY,SPY
HLF,2020-05-08,2020-05-07,2020-05-11,2020-05-26,VALID,True,A,0001180262,SEC_TICKERS,False,False,False,False,0,2018-11-01,2023-12-29,0,True,0001180262,[],[],True,False,False,0001180262,False,False,,False,True,False,False,5122,5122,SPY,SPY,SPY
PLUR,2020-05-08,2020-05-07,2020-05-11,2020-05-26,VALID,True,A,0001158780,SEC_TICKERS,False,False,False,False,0,2018-11-01,2023-12-29,0,False,,[],"[[""2022-09-02"", ""PSTI""]]",False,False,True,,False,False,,False,True,False,False,2836,2836,SPY,XBI,XBI
PSTI,2020-05-08,2020-05-07,2020-05-11,2020-05-26,VALID,True,B,0001158780,RENAME_CHAIN_FWD,False,False,False,False,0,2018-11-01,2022-07-25,0,True,0001158780,[],[],True,False,False,0001158780,False,False,,False,True,False,False,2836,2836,XBI,XBI,XBI
PTGX,2020-05-08,2020-05-07,2020-05-11,2020-05-26,VALID,True,A,0001377121,SEC_TICKERS,False,False,False,False,0,2018-11-01,2023-12-29,0,True,0001377121,[],[],True,False,False,0001377121,False,False,,False,True,False,False,2834,2834,XBI,XBI,XBI
SKYW,2020-05-08,2020-05-07,2020-05-11,2020-05-26,VALID,True,A,0000793733,SEC_TICKERS,False,False,False,False,0,2018-11-01,2023-12-29,0,True,0000793733,[],[],True,False,False,0000793733,False,False,,False,True,False,False,4512,4512,SPY,SPY,SPY
UI,2020-05-08,2020-05-07,2020-05-11,2020-05-26,VALID,True,A,0001511737,SEC_TICKERS,False,False,False,False,0,2018-11-01,2023-12-29,0,True,0001511737,[],[],True,False,False,0001511737,False,False,,False,True,False,False,3663,3663,XLI,XLI,XLI
AMC,2020-05-11,2020-05-08,2020-05-12,2020-05-27,VALID,True,A,0001411579,SEC_TICKERS,False,False,False,False,0,2018-11-01,2023-12-29,0,True,0001411579,[],[],True,False,False,0001411579,False,False,,False,True,False,False,7830,7830,SPY,SPY,SPY
MYOK,2020-05-11,2020-05-08,2020-05-12,2020-05-27,VALID,True,AC,0001552451,FORM345_TICKER,False,False,False,False,0,2018-11-01,2020-11-16,0,True,0001552451,[],[],True,False,False,0001552451,False,False,,False,True,False,False,2834,2834,XBI,XBI,XBI
NKLA,2020-05-11,2020-05-08,2020-05-12,2020-05-27,VALID,False,C,0001731289,FORM345_TICKER,False,False,False,False,0,2018-11-01,2023-12-29,114,False,,[],"[[""2020-06-08"", ""VTIQ""]]",False,False,True,,True,False,,False,True,False,False,3711,3713,SPY,XLI,XLI
BCRX,2020-05-12,2020-05-11,2020-05-13,2020-05-28,VALID,True,A,0000882796,SEC_TICKERS,False,False,False,False,0,2018-11-01,2023-12-29,0,True,0000882796,[],[],True,False,False,0000882796,False,False,,False,True,False,False,2836,2836,XBI,XBI,XBI
BHF,2020-05-12,2020-05-11,2020-05-13,2020-05-28,VALID,True,AD,0001685040,SEC_TICKERS,False,False,False,False,0,2018-11-01,2023-12-29,0,True,0001685040,[],[],True,False,False,0001685040,False,False,2017-08-07,True,True,False,False,6311,6311,XLF,XLF,XLF
CDLX,2020-05-12,2020-05-11,2020-05-13,2020-05-28,VALID,True,A,0001666071,SEC_TICKERS,False,False,False,False,0,2018-11-01,2023-12-29,0,True,0001666071,[],[],True,False,False,0001666071,False,False,,False,True,False,False,7370,7370,XLK,XLK,XLK
COHR,2020-05-12,2020-05-11,2020-05-13,2020-05-28,VALID,True,AC,0000820318,SEC_TICKERS,False,False,False,False,0,2018-11-01,2023-12-29,0,False,,[],"[[""2022-10-18"", ""IIVI""]]",False,True,True,0000021510,False,False,2026-03-23,False,True,False,False,3827,3827,SPY,SPY,SPY
GDOT,2020-05-12,2020-05-11,2020-05-13,2020-05-28,VALID,True,A,0001386278,SEC_TICKERS,False,False,False,False,0,2018-11-01,2023-12-29,0,True,0001386278,[],[],True,False,False,0001386278,False,False,,False,True,False,False,6199,6199,XLF,XLF,XLF
IIVI,2020-05-12,2020-05-11,2020-05-13,2020-05-28,VALID,True,BC,0000820318,RENAME_CHAIN_FWD,False,False,False,False,0,2018-11-01,2023-06-30,118,False,,[],"[[""2023-02-23"", ""IIVIP""]]",True,False,False,0000820318,False,False,,False,True,False,False,3827,3827,SPY,SPY,SPY
UPWK,2020-05-12,2020-05-11,2020-05-13,2020-05-28,VALID,True,A,0001627475,SEC_TICKERS,False,False,False,False,0,2018-11-01,2023-12-29,0,True,0001627475,[],[],True,False,False,0001627475,False,False,,False,True,False,False,7374,7374,XLK,XLK,XLK
SNX,2020-05-13,2020-05-12,2020-05-14,2020-05-29,VALID,True,A,0001177394,SEC_TICKERS,False,False,False,False,0,2018-11-01,2023-12-29,0,True,0001177394,[],[],True,False,False,0001177394,False,False,,False,True,False,False,5045,5045,SPY,SPY,SPY
UNFI,2020-05-13,2020-05-12,2020-05-14,2020-05-29,VALID,True,A,0001020859,SEC_TICKERS,False,False,False,False,0,2018-11-01,2023-12-29,0,True,0001020859,[],[],True,False,False,0001020859,False,False,,False,True,False,False,5141,5141,SPY,SPY,SPY
ALLO,2020-05-14,2020-05-13,2020-05-15,2020-06-01,VALID,True,A,0001737287,SEC_TICKERS,False,False,False,False,0,2018-11-01,2023-12-29,0,True,0001737287,[],[],True,False,False,0001737287,False,False,,False,True,False,False,2836,2836,XBI,XBI,XBI
ACB,2020-05-15,2020-05-14,2020-05-18,2020-06-02,VALID,True,A,0001683541,SEC_TICKERS,False,False,False,False,0,2018-11-01,2023-12-29,0,True,0001683541,[],[],False,False,False,,False,False,,False,False,False,False,2833,2833,XBI,XBI,XBI
NEWR,2020-05-15,2020-05-14,2020-05-18,2020-06-02,VALID,False,C,0001448056,FORM345_TICKER,False,False,False,False,0,2018-11-01,2023-11-07,0,True,0001448056,[],[],True,False,False,0001448056,True,False,,False,True,False,False,7372,7372,XLK,XLK,XLK
ADNT,2020-05-18,2020-05-15,2020-05-19,2020-06-03,VALID,True,A,0001670541,SEC_TICKERS,False,False,False,False,0,2018-11-01,2023-12-29,0,True,0001670541,[],[],True,False,False,0001670541,False,False,,False,True,False,False,3714,3714,XLI,XLI,XLI
EXE,2020-05-18,2020-05-15,2020-05-19,2020-06-03,VALID,True,A,0000895126,SEC_TICKERS,False,False,False,False,0,2018-11-01,2023-12-29,156,False,,[],"[[""2024-10-02"", ""CHK""]]",False,False,False,,False,False,2025-03-24,False,True,False,False,1311,1311,SPY,XLE,XLE
FTI,2020-05-18,2020-05-15,2020-05-19,2020-06-03,VALID,True,AD,0001681459,SEC_TICKERS,False,False,False,False,0,2018-11-01,2023-12-29,0,True,0001681459,[],[],True,False,False,0001681459,False,True,2009-06-05,True,True,False,False,3533,3533,SPY,SPY,SPY
MESO,2020-05-18,2020-05-15,2020-05-19,2020-06-03,VALID,True,A,0001345099,SEC_TICKERS,False,False,False,False,2,2018-11-01,2023-12-29,21,True,0001345099,[],[],False,False,False,,False,False,,False,False,False,False,2836,2836,XBI,XBI,XBI
MTDR,2020-05-18,2020-05-15,2020-05-19,2020-06-03,VALID,True,A,0001520006,SEC_TICKERS,False,False,False,False,0,2018-11-01,2023-12-29,0,True,0001520006,[],[],True,False,False,0001520006,False,False,,False,True,False,False,1311,1311,XLE,XLE,XLE
OVV,2020-05-18,2020-05-15,2020-05-19,2020-06-03,VALID,True,A,0001792580,SEC_TICKERS,False,False,False,False,0,2018-11-01,2023-12-29,0,True,0001792580,[],[],True,False,False,0001792580,False,False,,False,True,False,False,1311,1311,XLE,XLE,XLE
PK,2020-05-18,2020-05-15,2020-05-19,2020-06-03,VALID,True,A,0001617406,SEC_TICKERS,False,False,False,False,0,2018-11-01,2023-12-29,0,True,0001617406,[],[],True,False,False,0001617406,False,False,,False,True,False,False,7011,7011,SPY,SPY,SPY
RYAAY,2020-05-18,2020-05-15,2020-05-19,2020-06-03,VALID,True,A,0001038683,SEC_TICKERS,False,False,False,False,0,2018-11-01,2023-12-29,0,True,0001038683,[],[],False,False,False,,False,False,,False,False,False,True,4512,4512,SPY,SPY,SPY
VIR,2020-05-18,2020-05-15,2020-05-19,2020-06-03,VALID,True,A,0001706431,SEC_TICKERS,False,False,False,False,0,2019-10-11,2023-12-29,0,True,0001706431,[],[],True,False,False,0001706431,False,False,,False,True,False,False,2836,2836,XBI,XBI,XBI
DY,2020-05-19,2020-05-18,2020-05-20,2020-06-04,VALID,True,A,0000067215,SEC_TICKERS,False,False,False,False,0,2018-11-01,2023-12-29,0,True,0000067215,[],[],True,False,False,0000067215,False,False,,False,True,False,False,1623,1623,SPY,SPY,SPY
RAMP,2020-05-22,2020-05-21,2020-05-26,2020-06-09,VALID,True,A,0000733269,SEC_TICKERS,False,False,False,False,0,2018-11-01,2023-12-29,0,True,0000733269,[],[],True,False,False,0000733269,False,False,,False,True,False,False,7374,7374,XLK,XLK,XLK
ALT,2020-05-26,2020-05-22,2020-05-27,2020-06-10,VALID,True,A,0001326190,SEC_TICKERS,False,False,False,False,0,2018-11-01,2023-12-29,0,True,0001326190,[],[],True,False,False,0001326190,False,False,,False,True,False,False,2834,2834,XBI,XBI,XBI
ARGX,2020-05-26,2020-05-22,2020-05-27,2020-06-10,VALID,True,A,0001697862,SEC_TICKERS,False,False,False,False,0,2018-11-01,2023-12-29,0,True,0001697862,[],[],False,False,False,,False,False,,False,False,False,False,2836,2836,XBI,XBI,XBI
ARNC,2020-05-26,2020-05-22,2020-05-27,2020-06-10,VALID,False,CD,,FORM345_AMBIGUOUS,False,False,False,False,0,2018-11-01,2023-08-17,0,False,,[],[],False,True,False,0001790982,True,False,1996-01-02,True,False,False,False,,,SPY,SPY,SPY
EMBJ,2020-05-26,2020-05-22,2020-05-27,2020-06-10,VALID,True,A,0001355444,SEC_TICKERS,False,False,False,False,0,2018-11-01,2023-12-29,0,False,,[],"[[""2025-11-03"", ""ERJ""]]",False,False,False,,False,False,,False,False,False,True,3721,3721,SPY,XLI,XLI
PBR.A,2020-05-26,2020-05-22,2020-05-27,2020-06-10,VALID,True,A,0001119639,SEC_TICKERS,False,False,False,False,0,2018-11-01,2023-12-29,0,True,0001119639,[],[],False,False,False,,False,False,,False,False,False,True,1311,1311,XLE,XLE,XLE
PLAY,2020-05-26,2020-05-22,2020-05-27,2020-06-10,VALID,True,A,0001525769,SEC_TICKERS,False,False,False,False,0,2018-11-01,2023-12-29,0,True,0001525769,[],[],True,False,False,0001525769,False,False,,False,True,False,False,5812,5812,SPY,SPY,SPY
RRR,2020-05-26,2020-05-22,2020-05-27,2020-06-10,VALID,True,A,0001653653,SEC_TICKERS,False,False,False,False,0,2018-11-01,2023-12-29,0,True,0001653653,[],[],True,False,False,0001653653,False,False,,False,True,False,False,7011,7011,SPY,SPY,SPY
RWT,2020-05-26,2020-05-22,2020-05-27,2020-06-10,VALID,True,A,0000930236,SEC_TICKERS,False,False,False,False,0,2018-11-01,2023-12-29,0,True,0000930236,[],[],True,False,False,0000930236,False,False,,False,True,False,False,6798,6798,XLF,XLF,XLF
RYAAY,2020-05-26,2020-05-22,2020-05-27,2020-06-10,VALID,True,A,0001038683,SEC_TICKERS,False,False,False,False,0,2018-11-01,2023-12-29,0,True,0001038683,[],[],False,False,False,,False,False,,False,False,False,True,4512,4512,SPY,SPY,SPY
ESNT,2020-05-27,2020-05-26,2020-05-28,2020-06-11,VALID,True,A,0001448893,SEC_TICKERS,False,False,False,False,0,2018-11-01,2023-12-29,0,True,0001448893,[],[],True,False,False,0001448893,False,False,,False,True,False,False,6351,6351,XLF,XLF,XLF
PAGS,2020-05-27,2020-05-26,2020-05-28,2020-06-11,VALID,True,A,0001712807,SEC_TICKERS,False,False,False,False,0,2018-11-01,2023-12-29,0,True,0001712807,[],[],False,False,False,,False,False,,False,False,False,False,7374,7374,XLK,XLK,XLK
SKYW,2020-05-27,2020-05-26,2020-05-28,2020-06-11,VALID,True,A,0000793733,SEC_TICKERS,False,False,False,False,0,2018-11-01,2023-12-29,0,True,0000793733,[],[],True,False,False,0000793733,False,False,,False,True,False,False,4512,4512,SPY,SPY,SPY
ORKA,2020-05-28,2020-05-27,2020-05-29,2020-06-12,VALID,True,A,0000907654,SEC_TICKERS,False,False,False,False,0,2018-11-01,2023-12-29,0,False,,[],"[[""2024-09-03"", ""ABIO""]]",False,False,False,,False,False,,False,True,False,False,2834,2835,SPY,XBI,XBI
SMTC,2020-05-28,2020-05-27,2020-05-29,2020-06-12,VALID,True,A,0000088941,SEC_TICKERS,False,False,False,False,0,2018-11-01,2023-12-29,0,True,0000088941,[],[],True,False,False,0000088941,False,False,,False,True,False,False,3674,3674,XLI,XLI,XLI
ALT,2020-05-29,2020-05-28,2020-06-01,2020-06-15,VALID,True,A,0001326190,SEC_TICKERS,False,False,False,False,0,2018-11-01,2023-12-29,0,True,0001326190,[],[],True,False,False,0001326190,False,False,,False,True,False,False,2834,2834,XBI,XBI,XBI
AAXN,2020-06-01,2020-05-29,2020-06-02,2020-06-16,VALID,True,B,0001069183,RENAME_CHAIN_FWD,False,False,False,False,0,2018-11-01,2021-01-25,0,True,0001069183,[],[],True,False,False,0001069183,False,False,,False,True,False,False,3480,3480,SPY,SPY,SPY
AXON,2020-06-01,2020-05-29,2020-06-02,2020-06-16,VALID,True,AD,0001069183,SEC_TICKERS,False,False,False,False,0,2018-11-01,2023-12-29,0,False,,[],"[[""2021-01-26"", ""AAXN""]]",False,True,True,0001636050,False,False,2023-05-04,False,True,False,False,3480,3480,SPY,SPY,SPY
NTLA,2020-06-01,2020-05-29,2020-06-02,2020-06-16,VALID,True,A,0001652130,SEC_TICKERS,False,False,False,False,0,2018-11-01,2023-12-29,0,True,0001652130,[],[],True,False,False,0001652130,False,False,,False,True,False,False,2835,2835,XBI,XBI,XBI
AZUL,2020-06-03,2020-06-02,2020-06-04,2020-06-18,VALID,True,A,,UNMAPPED,False,False,False,False,0,2018-11-01,2023-12-29,0,False,,[],"[[""2026-06-01"", ""AZLUY""]]",False,False,False,,False,False,,False,False,False,False,,,SPY,SPY,SPY
EMBJ,2020-06-03,2020-06-02,2020-06-04,2020-06-18,VALID,True,A,0001355444,SEC_TICKERS,False,False,False,False,0,2018-11-01,2023-12-29,0,False,,[],"[[""2025-11-03"", ""ERJ""]]",False,False,False,,False,False,,False,False,False,True,3721,3721,SPY,XLI,XLI
AZUL,2020-06-05,2020-06-04,2020-06-08,2020-06-22,VALID,True,A,,UNMAPPED,False,False,False,False,0,2018-11-01,2023-12-29,0,False,,[],"[[""2026-06-01"", ""AZLUY""]]",False,False,False,,False,False,,False,False,False,False,,,SPY,SPY,SPY
BLMN,2020-06-05,2020-06-04,2020-06-08,2020-06-22,VALID,True,A,0001546417,SEC_TICKERS,False,False,False,False,0,2018-11-01,2023-12-29,0,True,0001546417,[],[],True,False,False,0001546417,False,False,,False,True,False,False,5812,5812,SPY,SPY,SPY
CAKE,2020-06-05,2020-06-04,2020-06-08,2020-06-22,VALID,True,A,0000887596,SEC_TICKERS,False,False,False,False,0,2018-11-01,2023-12-29,0,True,0000887596,[],[],True,False,False,0000887596,False,False,,False,True,False,False,5812,5812,SPY,SPY,SPY
CHEF,2020-06-05,2020-06-04,2020-06-08,2020-06-22,VALID,True,A,0001517175,SEC_TICKERS,False,False,False,False,0,2018-11-01,2023-12-29,0,True,0001517175,[],[],True,False,False,0001517175,False,False,,False,True,False,False,5141,5141,SPY,SPY,SPY
CIM,2020-06-05,2020-06-04,2020-06-08,2020-06-22,VALID,True,A,0001409493,SEC_TICKERS,False,False,False,False,0,2018-11-01,2023-12-29,0,True,0001409493,[],[],True,False,False,0001409493,False,False,,False,True,False,False,6798,6798,XLF,XLF,XLF
CIT,2020-06-05,2020-06-04,2020-06-08,2020-06-22,VALID,True,AC,0001171825,FORM345_TICKER,False,False,False,False,0,2018-11-01,2022-01-03,0,True,0001171825,[],[],True,False,False,0001171825,False,False,,False,True,False,False,6021,6021,XLF,XLF,XLF
CMA,2020-06-05,2020-06-04,2020-06-08,2020-06-22,VALID,False,D,0000028412,FORM345_TICKER,False,False,False,False,0,2018-11-01,2023-12-29,0,True,0000028412,[],[],True,False,False,0000028412,True,True,1996-01-02,True,True,False,False,6021,6021,XLF,XLF,XLF
CNK,2020-06-05,2020-06-04,2020-06-08,2020-06-22,VALID,True,A,0001385280,SEC_TICKERS,False,False,False,False,0,2018-11-01,2023-12-29,0,True,0001385280,[],[],True,False,False,0001385280,False,False,,False,True,False,False,7830,7830,SPY,SPY,SPY
DDS,2020-06-05,2020-06-04,2020-06-08,2020-06-22,VALID,True,A,0000028917,SEC_TICKERS,False,False,False,False,0,2018-11-01,2023-12-29,0,True,0000028917,[],[],True,False,False,0000028917,False,False,1996-01-02,True,True,False,False,5311,5311,SPY,SPY,SPY
DRH,2020-06-05,2020-06-04,2020-06-08,2020-06-22,VALID,True,A,0001298946,SEC_TICKERS,False,False,False,False,0,2018-11-01,2023-12-29,0,True,0001298946,[],[],True,False,False,0001298946,False,False,,False,True,False,False,6798,6798,XLF,XLF,XLF
EXE,2020-06-05,2020-06-04,2020-06-08,2020-06-22,VALID,True,A,0000895126,SEC_TICKERS,False,False,False,False,0,2018-11-01,2023-12-29,156,False,,[],"[[""2024-10-02"", ""CHK""]]",False,False,False,,False,False,2025-03-24,False,True,False,False,1311,1311,SPY,XLE,XLE
LNC,2020-06-05,2020-06-04,2020-06-08,2020-06-22,VALID,True,AD,0000059558,SEC_TICKERS,False,False,False,False,0,2018-11-01,2023-12-29,0,True,0000059558,[],[],True,False,False,0000059558,False,True,1996-01-02,True,True,False,False,6311,6311,XLF,XLF,XLF
MAC,2020-06-05,2020-06-04,2020-06-08,2020-06-22,VALID,True,AD,0000912242,SEC_TICKERS,False,False,False,False,0,2018-11-01,2023-12-29,0,True,0000912242,[],[],True,False,False,0000912242,False,False,2013-05-09,True,True,False,False,6798,6798,XLF,XLF,XLF
MDP,2020-06-05,2020-06-04,2020-06-08,2020-06-22,VALID,True,AC,0000065011,FORM345_TICKER,False,False,False,False,0,2018-11-01,2021-12-01,0,True,0000065011,[],[],True,False,False,0000065011,False,False,1996-01-02,True,True,False,False,2721,2721,SPY,SPY,SPY
MTG,2020-06-05,2020-06-04,2020-06-08,2020-06-22,VALID,True,A,0000876437,SEC_TICKERS,False,False,False,False,0,2018-11-01,2023-12-29,0,True,0000876437,[],[],True,False,False,0000876437,False,False,1996-07-19,True,True,False,False,6351,6351,XLF,XLF,XLF
OMF,2020-06-05,2020-06-04,2020-06-08,2020-06-22,VALID,True,A,0001584207,SEC_TICKERS,False,False,False,False,0,2018-11-01,2023-12-29,0,True,0001584207,[],[],True,False,False,0001584207,False,False,,False,True,False,False,6141,6141,XLF,XLF,XLF
PBF,2020-06-05,2020-06-04,2020-06-08,2020-06-22,VALID,True,A,0001534504,SEC_TICKERS,False,False,False,False,0,2018-11-01,2023-12-29,0,True,0001534504,[],[],True,False,False,0001534504,False,False,,False,True,False,False,2911,2911,XLE,XLE,XLE
PFGC,2020-06-05,2020-06-04,2020-06-08,2020-06-22,VALID,True,A,0001618673,SEC_TICKERS,False,False,False,False,0,2018-11-01,2023-12-29,0,True,0001618673,[],[],True,False,False,0001618673,False,False,,False,True,False,False,5141,5141,SPY,SPY,SPY
RHP,2020-06-05,2020-06-04,2020-06-08,2020-06-22,VALID,True,A,0001040829,SEC_TICKERS,False,False,False,False,0,2018-11-01,2023-12-29,0,True,0001040829,[],[],True,False,False,0001040829,False,False,,False,True,False,False,6798,6798,XLF,XLF,XLF
RUTH,2020-06-05,2020-06-04,2020-06-08,2020-06-22,VALID,False,C,0001324272,FORM345_TICKER,False,False,False,False,0,2018-11-01,2023-06-13,1,True,0001324272,[],[],True,False,False,0001324272,True,False,,False,True,False,False,5812,5812,SPY,SPY,SPY
SABR,2020-06-05,2020-06-04,2020-06-08,2020-06-22,VALID,True,A,0001597033,SEC_TICKERS,False,False,False,False,0,2018-11-01,2023-12-29,0,True,0001597033,[],[],True,False,False,0001597033,False,False,,False,True,False,False,7370,7370,XLK,XLK,XLK
STL,2020-06-05,2020-06-04,2020-06-08,2020-06-22,VALID,True,AC,0001070154,FORM345_TICKER,False,False,False,False,0,2018-11-01,2022-01-31,0,True,0001070154,[],[],True,False,False,0001070154,False,False,,False,True,False,False,6021,6021,XLF,XLF,XLF
TCBI,2020-06-05,2020-06-04,2020-06-08,2020-06-22,VALID,True,A,0001077428,SEC_TICKERS,False,False,False,False,0,2018-11-01,2023-12-29,0,True,0001077428,[],[],True,False,False,0001077428,False,False,,False,True,False,False,6022,6022,XLF,XLF,XLF
USFD,2020-06-05,2020-06-04,2020-06-08,2020-06-22,VALID,True,A,0001665918,SEC_TICKERS,False,False,False,False,0,2018-11-01,2023-12-29,0,True,0001665918,[],[],True,False,False,0001665918,False,False,,False,True,False,False,5140,5140,SPY,SPY,SPY
AZUL,2020-06-08,2020-06-05,2020-06-09,2020-06-23,VALID,True,A,,UNMAPPED,False,False,False,False,0,2018-11-01,2023-12-29,0,False,,[],"[[""2026-06-01"", ""AZLUY""]]",False,False,False,,False,False,,False,False,False,False,,,SPY,SPY,SPY
DGLY,2020-06-08,2020-06-05,2020-06-09,2020-06-23,VALID,True,A,0001342958,RENAME_CHAIN_FWD,False,False,False,False,0,2018-11-01,2023-12-29,93,True,0001342958,[],[],True,False,False,0001342958,False,False,,False,True,False,False,3663,3663,XLI,XLI,XLI
IVR,2020-06-08,2020-06-05,2020-06-09,2020-06-23,VALID,True,A,0001437071,SEC_TICKERS,False,False,False,False,0,2018-11-01,2023-12-29,0,True,0001437071,[],[],True,False,False,0001437071,False,False,,False,True,False,False,6798,6798,XLF,XLF,XLF
KUST,2020-06-08,2020-06-05,2020-06-09,2020-06-23,VALID,True,A,0001342958,SEC_TICKERS,False,False,False,True,0,2019-08-27,2023-06-02,1216,False,,[],"[[""2026-01-08"", ""DGLY""]]",False,False,False,,False,False,,False,True,False,False,3663,3663,SPY,XLI,XLI
MAC,2020-06-08,2020-06-05,2020-06-09,2020-06-23,VALID,True,AD,0000912242,SEC_TICKERS,False,False,False,False,0,2018-11-01,2023-12-29,0,True,0000912242,[],[],True,False,False,0000912242,False,False,2013-05-09,True,True,False,False,6798,6798,XLF,XLF,XLF
MIK,2020-06-08,2020-06-05,2020-06-09,2020-06-23,VALID,True,AC,0001593936,FORM345_TICKER,False,False,False,False,0,2018-11-01,2021-04-14,0,True,0001593936,[],[],True,False,False,0001593936,False,False,,False,True,False,False,5945,5945,SPY,SPY,SPY
MITT,2020-06-08,2020-06-05,2020-06-09,2020-06-23,VALID,True,A,0001514281,SEC_TICKERS,False,False,False,False,0,2018-11-01,2023-12-29,0,True,0001514281,[],[],True,False,False,0001514281,False,False,,False,True,False,False,6798,6798,XLF,XLF,XLF
NBR,2020-06-08,2020-06-05,2020-06-09,2020-06-23,VALID,True,A,0001163739,SEC_TICKERS,False,False,False,False,0,2018-11-01,2023-12-29,0,True,0001163739,[],[],True,False,False,0001163739,False,False,2000-10-18,True,True,False,False,1381,1381,XLE,XLE,XLE
RWT,2020-06-08,2020-06-05,2020-06-09,2020-06-23,VALID,True,A,0000930236,SEC_TICKERS,False,False,False,False,0,2018-11-01,2023-12-29,0,True,0000930236,[],[],True,False,False,0000930236,False,False,,False,True,False,False,6798,6798,XLF,XLF,XLF
SABR,2020-06-08,2020-06-05,2020-06-09,2020-06-23,VALID,True,A,0001597033,SEC_TICKERS,False,False,False,False,0,2018-11-01,2023-12-29,0,True,0001597033,[],[],True,False,False,0001597033,False,False,,False,True,False,False,7370,7370,XLK,XLK,XLK
SRG,2020-06-08,2020-06-05,2020-06-09,2020-06-23,VALID,True,A,0001628063,SEC_TICKERS,False,False,False,False,0,2018-11-01,2023-12-29,0,True,0001628063,[],[],True,False,False,0001628063,False,False,,False,True,False,False,6500,6500,XLF,XLF,XLF
SSL,2020-06-08,2020-06-05,2020-06-09,2020-06-23,VALID,True,A,0000314590,SEC_TICKERS,False,False,False,False,0,2018-11-01,2023-12-29,0,True,0000314590,[],[],False,False,False,,False,False,,False,False,False,False,1311,1311,XLE,XLE,XLE
IMRN,2020-06-09,2020-06-08,2020-06-10,2020-06-24,VALID,True,A,0001660046,SEC_TICKERS,False,False,False,False,0,2018-11-01,2023-12-29,122,True,0001660046,[],[],False,False,False,,False,False,,False,False,False,False,2834,2834,XBI,XBI,XBI
AMC,2020-06-10,2020-06-09,2020-06-11,2020-06-25,VALID,True,A,0001411579,SEC_TICKERS,False,False,False,False,0,2018-11-01,2023-12-29,0,True,0001411579,[],[],True,False,False,0001411579,False,False,,False,True,False,False,7830,7830,SPY,SPY,SPY
APT,2020-06-10,2020-06-09,2020-06-11,2020-06-25,VALID,True,A,0000884269,SEC_TICKERS,False,False,False,False,0,2018-11-01,2023-12-29,0,True,0000884269,[],[],True,False,False,0000884269,False,False,,False,True,False,False,3842,3842,XLV,XLV,XLV
IBRX,2020-06-11,2020-06-10,2020-06-12,2020-06-26,VALID,True,A,0001326110,SEC_TICKERS,False,False,False,False,0,2018-11-01,2023-12-29,0,False,,[],"[[""2021-03-10"", ""NK""]]",False,False,True,,False,False,,False,True,False,False,2836,2836,SPY,XBI,XBI
NK,2020-06-11,2020-06-10,2020-06-12,2020-06-26,VALID,True,B,0001326110,RENAME_CHAIN_FWD,False,False,False,False,0,2018-11-01,2021-03-09,0,True,0001326110,[],[],True,False,False,0001326110,False,False,,False,True,False,False,2836,2836,XBI,XBI,XBI
RETA,2020-06-11,2020-06-10,2020-06-12,2020-06-26,VALID,False,C,0001358762,FORM345_TICKER,False,False,False,False,0,2018-11-01,2023-09-25,2,True,0001358762,[],[],True,False,False,0001358762,True,False,,False,True,False,False,2834,2834,XBI,XBI,XBI
WAFU,2020-06-11,2020-06-10,2020-06-12,2020-06-26,VALID,True,A,0001716770,SEC_TICKERS,False,False,False,False,0,2019-04-30,2023-12-29,7,True,0001716770,[],[],False,False,False,,False,False,,False,False,False,False,8200,8200,SPY,SPY,SPY
ALGT,2020-06-12,2020-06-11,2020-06-15,2020-06-29,VALID,True,A,0001362468,SEC_TICKERS,False,False,False,False,0,2018-11-01,2023-12-29,0,True,0001362468,[],[],True,False,False,0001362468,False,False,,False,True,False,False,4512,4512,SPY,SPY,SPY
AMC,2020-06-12,2020-06-11,2020-06-15,2020-06-29,VALID,True,A,0001411579,SEC_TICKERS,False,False,False,False,0,2018-11-01,2023-12-29,0,True,0001411579,[],[],True,False,False,0001411579,False,False,,False,True,False,False,7830,7830,SPY,SPY,SPY
AZUL,2020-06-12,2020-06-11,2020-06-15,2020-06-29,VALID,True,A,,UNMAPPED,False,False,False,False,0,2018-11-01,2023-12-29,0,False,,[],"[[""2026-06-01"", ""AZLUY""]]",False,False,False,,False,False,,False,False,False,False,,,SPY,SPY,SPY
CEQP,2020-06-12,2020-06-11,2020-06-15,2020-06-29,VALID,False,C,0001136352,FORM345_TICKER,False,False,False,False,0,2018-11-01,2023-11-02,0,True,0001136352,[],[],True,False,False,0001136352,True,False,,False,True,False,False,4923,4923,SPY,SPY,SPY
CHEF,2020-06-12,2020-06-11,2020-06-15,2020-06-29,VALID,True,A,0001517175,SEC_TICKERS,False,False,False,False,0,2018-11-01,2023-12-29,0,True,0001517175,[],[],True,False,False,0001517175,False,False,,False,True,False,False,5141,5141,SPY,SPY,SPY
CNST,2020-06-12,2020-06-11,2020-06-15,2020-06-29,VALID,True,AC,0001434418,FORM345_TICKER,False,False,False,False,0,2018-11-01,2021-07-14,0,True,0001434418,[],[],True,False,False,0001434418,False,False,,False,True,False,False,2834,2834,XBI,XBI,XBI
NBR,2020-06-12,2020-06-11,2020-06-15,2020-06-29,VALID,True,A,0001163739,SEC_TICKERS,False,False,False,False,0,2018-11-01,2023-12-29,0,True,0001163739,[],[],True,False,False,0001163739,False,False,2000-10-18,True,True,False,False,1381,1381,XLE,XLE,XLE
NXH,2020-06-12,2020-06-11,2020-06-15,2020-06-29,VALID,True,A,0001130713,SEC_TICKERS,False,False,False,False,0,2018-11-01,2023-12-29,0,False,,[],"[[""2026-08-17"", ""BBBY""]]",False,False,False,,False,False,,False,True,False,False,5961,5961,SPY,SPY,SPY
OSTK,2020-06-12,2020-06-11,2020-06-15,2020-06-29,VALID,False,B,0001130713,RENAME_CHAIN_FWD,False,False,False,False,0,2018-11-01,2023-11-03,0,True,0001130713,[],[],True,False,False,0001130713,True,False,,False,True,False,False,5961,5961,SPY,SPY,SPY
PRSP,2020-06-12,2020-06-11,2020-06-15,2020-06-29,VALID,True,AC,0001724670,FORM345_TICKER,False,False,False,False,0,2018-11-01,2021-05-06,0,True,0001724670,[],[],True,False,False,0001724670,False,False,,False,True,False,False,7374,7374,XLK,XLK,XLK
PVAC,2020-06-12,2020-06-11,2020-06-15,2020-06-29,VALID,False,B,0001824403,RENAME_CHAIN_FWD,False,False,False,False,0,2018-11-01,2021-10-15,0,True,0001824403,[],[],False,True,False,0000077159,True,False,,False,False,False,False,7900,7900,SPY,SPY,SPY
RHP,2020-06-12,2020-06-11,2020-06-15,2020-06-29,VALID,True,A,0001040829,SEC_TICKERS,False,False,False,False,0,2018-11-01,2023-12-29,0,True,0001040829,[],[],True,False,False,0001040829,False,False,,False,True,False,False,6798,6798,XLF,XLF,XLF
RRR,2020-06-12,2020-06-11,2020-06-15,2020-06-29,VALID,True,A,0001653653,SEC_TICKERS,False,False,False,False,0,2018-11-01,2023-12-29,0,True,0001653653,[],[],True,False,False,0001653653,False,False,,False,True,False,False,7011,7011,SPY,SPY,SPY
RUTH,2020-06-12,2020-06-11,2020-06-15,2020-06-29,VALID,False,C,0001324272,FORM345_TICKER,False,False,False,False,0,2018-11-01,2023-06-13,1,True,0001324272,[],[],True,False,False,0001324272,True,False,,False,True,False,False,5812,5812,SPY,SPY,SPY
RWT,2020-06-12,2020-06-11,2020-06-15,2020-06-29,VALID,True,A,0000930236,SEC_TICKERS,False,False,False,False,0,2018-11-01,2023-12-29,0,True,0000930236,[],[],True,False,False,0000930236,False,False,,False,True,False,False,6798,6798,XLF,XLF,XLF
SGMS,2020-06-12,2020-06-11,2020-06-15,2020-06-29,VALID,False,B,0000750004,RENAME_CHAIN_FWD,False,False,False,False,0,2018-11-01,2022-04-28,0,True,0000750004,[],[],True,False,False,0000750004,True,False,,False,True,False,False,7373,7373,XLK,XLK,XLK
SKYW,2020-06-12,2020-06-11,2020-06-15,2020-06-29,VALID,True,A,0000793733,SEC_TICKERS,False,False,False,False,0,2018-11-01,2023-12-29,0,True,0000793733,[],[],True,False,False,0000793733,False,False,,False,True,False,False,4512,4512,SPY,SPY,SPY
SRG,2020-06-12,2020-06-11,2020-06-15,2020-06-29,VALID,True,A,0001628063,SEC_TICKERS,False,False,False,False,0,2018-11-01,2023-12-29,0,True,0001628063,[],[],True,False,False,0001628063,False,False,,False,True,False,False,6500,6500,XLF,XLF,XLF
SSL,2020-06-12,2020-06-11,2020-06-15,2020-06-29,VALID,True,A,0000314590,SEC_TICKERS,False,False,False,False,0,2018-11-01,2023-12-29,0,True,0000314590,[],[],False,False,False,,False,False,,False,False,False,False,1311,1311,XLE,XLE,XLE
SVC,2020-06-12,2020-06-11,2020-06-15,2020-06-29,VALID,True,A,0000945394,SEC_TICKERS,False,False,False,False,0,2018-11-01,2023-12-29,0,True,0000945394,[],[],True,False,False,0000945394,False,False,,False,True,False,False,6798,6798,XLF,XLF,XLF
DGLY,2020-06-15,2020-06-12,2020-06-16,2020-06-30,VALID,True,A,0001342958,RENAME_CHAIN_FWD,False,False,False,False,0,2018-11-01,2023-12-29,93,True,0001342958,[],[],True,False,False,0001342958,False,False,,False,True,False,False,3663,3663,XLI,XLI,XLI
JFIN,2020-06-15,2020-06-12,2020-06-16,2020-06-30,VALID,True,A,0001743102,SEC_TICKERS,False,False,False,False,0,2019-05-10,2023-12-29,1,True,0001743102,[],[],False,False,False,,False,False,,False,False,False,False,6199,6199,XLF,XLF,XLF
KUST,2020-06-15,2020-06-12,2020-06-16,2020-06-30,VALID,True,A,0001342958,SEC_TICKERS,False,False,False,False,0,2019-08-27,2023-06-02,1216,False,,[],"[[""2026-01-08"", ""DGLY""]]",False,False,False,,False,False,,False,True,False,False,3663,3663,SPY,XLI,XLI
DDS,2020-06-16,2020-06-15,2020-06-17,2020-07-01,VALID,True,A,0000028917,SEC_TICKERS,False,False,False,False,0,2018-11-01,2023-12-29,0,True,0000028917,[],[],True,False,False,0000028917,False,False,1996-01-02,True,True,False,False,5311,5311,SPY,SPY,SPY
MAC,2020-06-16,2020-06-15,2020-06-17,2020-07-01,VALID,True,AD,0000912242,SEC_TICKERS,False,False,False,False,0,2018-11-01,2023-12-29,0,True,0000912242,[],[],True,False,False,0000912242,False,False,2013-05-09,True,True,False,False,6798,6798,XLF,XLF,XLF
NBR,2020-06-16,2020-06-15,2020-06-17,2020-07-01,VALID,True,A,0001163739,SEC_TICKERS,False,False,False,False,0,2018-11-01,2023-12-29,0,True,0001163739,[],[],True,False,False,0001163739,False,False,2000-10-18,True,True,False,False,1381,1381,XLE,XLE,XLE
PVAC,2020-06-16,2020-06-15,2020-06-17,2020-07-01,VALID,False,B,0001824403,RENAME_CHAIN_FWD,False,False,False,False,0,2018-11-01,2021-10-15,0,True,0001824403,[],[],False,True,False,0000077159,True,False,,False,False,False,False,7900,7900,SPY,SPY,SPY
SKT,2020-06-16,2020-06-15,2020-06-17,2020-07-01,VALID,True,A,0000899715,SEC_TICKERS,False,False,False,False,0,2018-11-01,2023-12-29,0,True,0000899715,[],[],True,False,False,0000899715,False,False,,False,True,False,False,6798,6798,XLF,XLF,XLF
SRG,2020-06-16,2020-06-15,2020-06-17,2020-07-01,VALID,True,A,0001628063,SEC_TICKERS,False,False,False,False,0,2018-11-01,2023-12-29,0,True,0001628063,[],[],True,False,False,0001628063,False,False,,False,True,False,False,6500,6500,XLF,XLF,XLF
SSL,2020-06-16,2020-06-15,2020-06-17,2020-07-01,VALID,True,A,0000314590,SEC_TICKERS,False,False,False,False,0,2018-11-01,2023-12-29,0,True,0000314590,[],[],False,False,False,,False,False,,False,False,False,False,1311,1311,XLE,XLE,XLE
WW,2020-06-16,2020-06-15,2020-06-17,2020-07-01,VALID,True,A,0000105319,FORM345_TICKER,False,False,False,False,0,2019-04-22,2023-12-29,0,False,,[],"[[""2025-07-08"", ""WGHW""]]",True,False,False,0000105319,False,False,,False,True,False,False,7200,7200,SPY,SPY,SPY
AMC,2020-06-19,2020-06-18,2020-06-22,2020-07-07,VALID,True,A,0001411579,SEC_TICKERS,False,False,False,False,0,2018-11-01,2023-12-29,0,True,0001411579,[],[],True,False,False,0001411579,False,False,,False,True,False,False,7830,7830,SPY,SPY,SPY
IMRN,2020-06-19,2020-06-18,2020-06-22,2020-07-07,VALID,True,A,0001660046,SEC_TICKERS,False,False,False,False,0,2018-11-01,2023-12-29,122,True,0001660046,[],[],False,False,False,,False,False,,False,False,False,False,2834,2834,XBI,XBI,XBI
NETE,2020-06-19,2020-06-18,2020-06-22,2020-07-07,VALID,False,B,0001499961,RENAME_CHAIN_FWD,False,False,False,False,0,2018-11-01,2021-11-04,0,True,0001499961,[],[],True,False,False,0001499961,True,False,,False,True,False,False,3711,7374,XLI,XLI,XLK
HYLN,2020-06-22,2020-06-19,2020-06-23,2020-07-08,VALID,True,A,0001759631,SEC_TICKERS,False,False,False,False,2,2019-04-22,2023-12-29,111,False,,[],"[[""2020-10-02"", ""SHLL""]]",False,False,True,,False,False,,False,True,False,False,3713,3713,SPY,XLI,XLI
SHLL,2020-06-22,2020-06-19,2020-06-23,2020-07-08,VALID,True,B,0001759631,RENAME_CHAIN_FWD,False,False,False,False,2,2019-04-22,2020-10-01,111,True,0001759631,[],[],True,False,False,0001759631,False,False,,False,True,False,False,3713,3713,XLI,XLI,XLI
WKHS,2020-06-23,2020-06-22,2020-06-24,2020-07-09,VALID,True,A,0001425287,SEC_TICKERS,False,False,False,False,0,2018-11-01,2023-12-29,0,True,0001425287,[],[],True,False,False,0001425287,False,False,,False,True,False,False,3711,3711,XLI,XLI,XLI
CHRN,2020-06-25,2020-06-24,2020-06-26,2020-07-13,VALID,True,A,0001549084,SEC_TICKERS,False,False,False,False,0,2018-11-01,2023-12-29,0,False,,[],"[[""2026-05-05"", ""EKSO""]]",False,False,False,,False,False,,False,True,False,False,3569,3569,SPY,SPY,SPY
RAD,2020-06-25,2020-06-24,2020-06-26,2020-07-13,VALID,False,B,0000084129,FORM345_TICKER,False,False,False,False,0,2019-04-22,2023-10-13,1,True,0000084129,[],[],True,False,False,0000084129,True,False,1996-01-02,True,True,False,False,5912,5912,SPY,SPY,SPY
CHRN,2020-06-26,2020-06-25,2020-06-29,2020-07-14,VALID,True,A,0001549084,SEC_TICKERS,False,False,False,False,0,2018-11-01,2023-12-29,0,False,,[],"[[""2026-05-05"", ""EKSO""]]",False,False,False,,False,False,,False,True,False,False,3569,3569,SPY,SPY,SPY
ZGNX,2020-06-26,2020-06-25,2020-06-29,2020-07-14,VALID,True,A,0001375151,FORM345_TICKER,False,False,False,False,0,2018-11-01,2022-03-04,0,True,0001375151,[],[],True,False,False,0001375151,False,False,,False,True,False,False,2834,2834,XBI,XBI,XBI
PCRX,2020-06-29,2020-06-26,2020-06-30,2020-07-15,VALID,True,A,0001396814,SEC_TICKERS,False,False,False,False,0,2018-11-01,2023-12-29,0,True,0001396814,[],[],True,False,False,0001396814,False,False,,False,True,False,False,2834,2834,XBI,XBI,XBI
AYI,2020-06-30,2020-06-29,2020-07-01,2020-07-16,VALID,True,A,0001144215,SEC_TICKERS,False,False,False,False,0,2018-11-01,2023-12-29,0,True,0001144215,[],[],True,False,False,0001144215,False,False,2016-05-03,True,True,False,False,3640,3640,XLI,XLI,XLI
BE,2020-06-30,2020-06-29,2020-07-01,2020-07-16,VALID,True,A,0001664703,SEC_TICKERS,False,False,False,False,0,2018-11-01,2023-12-29,0,True,0001664703,[],[],True,False,False,0001664703,False,False,,False,True,False,False,3620,3620,XLI,XLI,XLI
BLNK,2020-06-30,2020-06-29,2020-07-01,2020-07-16,VALID,True,A,0001429764,SEC_TICKERS,False,False,False,False,0,2018-11-01,2023-12-29,0,True,0001429764,[],[],True,False,False,0001429764,False,False,,False,True,False,False,3690,3790,XLI,XLI,XLI
LCA,2020-06-30,2020-06-29,2020-07-01,2020-07-16,VALID,True,B,0001768012,RENAME_CHAIN_FWD,False,False,False,False,0,2018-11-01,2023-12-29,471,True,0001768012,[],[],True,False,False,0001768012,False,False,,False,True,False,False,7372,7372,XLK,XLK,XLK
BLNK,2020-07-02,2020-07-01,2020-07-06,2020-07-20,VALID,True,A,0001429764,SEC_TICKERS,False,False,False,False,0,2018-11-01,2023-12-29,0,True,0001429764,[],[],True,False,False,0001429764,False,False,,False,True,False,False,3690,3790,XLI,XLI,XLI
NUS,2020-07-02,2020-07-01,2020-07-06,2020-07-20,VALID,True,A,0001021561,SEC_TICKERS,False,False,False,False,0,2018-11-01,2023-12-29,0,True,0001021561,[],[],True,False,False,0001021561,False,False,,False,True,False,False,5122,5122,SPY,SPY,SPY
BLDP,2020-07-06,2020-07-02,2020-07-07,2020-07-21,VALID,True,A,0001453015,SEC_TICKERS,False,False,False,False,0,2018-11-01,2023-12-29,0,True,0001453015,[],[],False,False,False,,False,False,,False,False,False,False,3620,3620,XLI,XLI,XLI
BLNK,2020-07-06,2020-07-02,2020-07-07,2020-07-21,VALID,True,A,0001429764,SEC_TICKERS,False,False,False,False,0,2018-11-01,2023-12-29,0,True,0001429764,[],[],True,False,False,0001429764,False,False,,False,True,False,False,3690,3790,XLI,XLI,XLI
FABC,2020-07-06,2020-07-02,2020-07-07,2020-07-21,VALID,True,A,0001086745,SEC_TICKERS,False,False,False,False,0,2018-11-01,2023-12-29,0,False,,[],"[[""2026-04-29"", ""SBLX""]]",False,False,False,,False,False,,False,True,False,False,4899,4899,SPY,SPY,SPY
FUTU,2020-07-06,2020-07-02,2020-07-07,2020-07-21,VALID,True,A,0001754581,SEC_TICKERS,False,False,False,False,0,2019-03-08,2023-12-29,0,True,0001754581,[],[],False,False,False,,False,False,,False,False,False,False,6211,6211,XLF,XLF,XLF
SBH,2020-07-06,2020-07-02,2020-07-07,2020-07-21,VALID,True,A,0001368458,SEC_TICKERS,False,False,False,False,0,2018-11-01,2023-12-29,0,True,0001368458,[],[],True,False,False,0001368458,False,False,,False,True,False,False,5990,5990,SPY,SPY,SPY
SINA,2020-07-06,2020-07-02,2020-07-07,2020-07-21,VALID,True,AC,,UNMAPPED,False,False,False,False,0,2018-11-01,2021-03-22,0,False,,[],[],False,False,False,,False,False,,False,False,False,False,,,SPY,SPY,SPY
RUN,2020-07-07,2020-07-06,2020-07-08,2020-07-22,VALID,True,A,0001469367,SEC_TICKERS,False,False,False,False,0,2018-11-01,2023-12-29,0,True,0001469367,[],[],True,False,False,0001469367,False,False,,False,True,False,False,1700,3690,SPY,SPY,XLI
VSLR,2020-07-07,2020-07-06,2020-07-08,2020-07-22,VALID,True,AC,0001607716,FORM345_TICKER,False,False,False,False,0,2018-11-01,2020-10-07,0,True,0001607716,[],[],True,False,False,0001607716,False,False,,False,True,False,False,3433,3433,SPY,SPY,SPY
CRVS,2020-07-08,2020-07-07,2020-07-09,2020-07-23,VALID,True,A,0001626971,SEC_TICKERS,False,False,False,False,0,2018-11-01,2023-12-29,0,True,0001626971,[],[],True,False,False,0001626971,False,False,,False,True,False,False,2834,2834,XBI,XBI,XBI
NGHC,2020-07-08,2020-07-07,2020-07-09,2020-07-23,VALID,True,AC,0001578735,FORM345_TICKER,False,False,False,False,0,2018-11-01,2020-12-31,0,True,0001578735,[],[],True,False,False,0001578735,False,False,,False,True,False,False,6331,6331,XLF,XLF,XLF
SYNA,2020-07-08,2020-07-07,2020-07-09,2020-07-23,VALID,True,A,0000817720,SEC_TICKERS,False,False,False,False,0,2018-11-01,2023-12-29,0,True,0000817720,[],[],True,False,False,0000817720,False,False,,False,True,False,False,3674,3674,XLI,XLI,XLI
LCA,2020-07-09,2020-07-08,2020-07-10,2020-07-24,VALID,True,B,0001768012,RENAME_CHAIN_FWD,False,False,False,False,0,2018-11-01,2023-12-29,471,True,0001768012,[],[],True,False,False,0001768012,False,False,,False,True,False,False,7372,7372,XLK,XLK,XLK
BFYT,2020-07-13,2020-07-10,2020-07-14,2020-07-28,VALID,True,AC,0001561387,FORM345_TICKER,False,False,False,False,0,2020-03-06,2020-08-20,0,True,0001561387,[],[],True,False,False,0001561387,False,False,,False,True,False,False,6411,6411,XLF,XLF,XLF
NETE,2020-07-13,2020-07-10,2020-07-14,2020-07-28,VALID,False,B,0001499961,RENAME_CHAIN_FWD,False,False,False,False,0,2018-11-01,2021-11-04,0,True,0001499961,[],[],True,False,False,0001499961,True,False,,False,True,False,False,3711,7374,XLI,XLI,XLK
INMB,2020-07-14,2020-07-13,2020-07-15,2020-07-29,VALID,True,A,0001711754,SEC_TICKERS,False,False,False,False,0,2019-02-04,2023-12-29,1,True,0001711754,[],[],True,False,False,0001711754,False,False,,False,True,False,False,2836,2836,XBI,XBI,XBI
PRCP,2020-07-14,2020-07-13,2020-07-15,2020-07-29,VALID,True,AC,0000887226,FORM345_TICKER,False,False,False,False,0,2018-11-01,2020-12-18,0,True,0000887226,[],[],True,False,False,0000887226,False,False,,False,True,False,False,3827,3827,SPY,SPY,SPY
FSCT,2020-07-15,2020-07-14,2020-07-16,2020-07-30,VALID,True,AC,0001145057,FORM345_TICKER,False,False,False,False,0,2018-11-01,2020-08-14,0,True,0001145057,[],[],True,False,False,0001145057,False,False,,False,True,False,False,3577,3577,XLK,XLK,XLK
RDNW,2020-07-17,2020-07-16,2020-07-20,2020-08-03,VALID,True,A,0001596961,SEC_TICKERS,False,False,False,False,0,2018-11-01,2023-12-29,0,False,,[],"[[""2025-08-13"", ""RMBL""]]",False,False,False,,False,False,,False,True,False,False,7371,7371,SPY,XLK,XLK
DQ,2020-07-20,2020-07-17,2020-07-21,2020-08-04,VALID,True,A,0001477641,SEC_TICKERS,False,False,False,False,0,2018-11-01,2023-12-29,0,True,0001477641,[],[],False,False,False,,False,False,,False,False,False,False,3674,3674,XLI,XLI,XLI
IMRN,2020-07-20,2020-07-17,2020-07-21,2020-08-04,VALID,True,A,0001660046,SEC_TICKERS,False,False,False,False,0,2018-11-01,2023-12-29,122,True,0001660046,[],[],False,False,False,,False,False,,False,False,False,False,2834,2834,XBI,XBI,XBI
ACH,2020-07-21,2020-07-20,2020-07-22,2020-08-05,VALID,True,A,0000075252,SEC_TICKERS,False,False,False,False,0,2018-11-01,2023-12-29,0,False,,[],"[[""2026-01-02"", ""OMI""]]",False,False,False,,False,False,,False,True,False,False,5047,5047,SPY,SPY,SPY
IMRN,2020-07-21,2020-07-20,2020-07-22,2020-08-05,VALID,True,A,0001660046,SEC_TICKERS,False,False,False,False,0,2018-11-01,2023-12-29,122,True,0001660046,[],[],False,False,False,,False,False,,False,False,False,False,2834,2834,XBI,XBI,XBI
OPK,2020-07-21,2020-07-20,2020-07-22,2020-08-05,VALID,True,A,0000944809,SEC_TICKERS,False,False,False,False,0,2018-11-01,2023-12-29,0,True,0000944809,[],[],True,False,False,0000944809,False,False,,False,True,False,False,2834,2834,XBI,XBI,XBI
BLNK,2020-07-22,2020-07-21,2020-07-23,2020-08-06,VALID,True,A,0001429764,SEC_TICKERS,False,False,False,False,0,2018-11-01,2023-12-29,0,True,0001429764,[],[],True,False,False,0001429764,False,False,,False,True,False,False,3690,3790,XLI,XLI,XLI
JAMF,2020-07-22,2020-07-21,2020-07-23,2020-08-06,VALID,False,B,0001721947,FORM345_TICKER,True,False,False,False,19,2019-04-10,2023-12-29,294,False,,"[[""2020-01-13"", ""JNMF""]]",[],True,False,False,0001721947,True,False,,False,False,False,False,7372,7372,SPY,XLK,XLK
MXC,2020-07-22,2020-07-21,2020-07-23,2020-08-06,VALID,True,A,0000066418,SEC_TICKERS,False,False,False,False,1,2018-11-01,2023-12-29,34,True,0000066418,[],[],True,False,False,0000066418,False,False,,False,True,False,False,1311,1311,XLE,XLE,XLE
WSO,2020-07-23,2020-07-22,2020-07-24,2020-08-07,VALID,True,A,0000105016,SEC_TICKERS,False,False,False,False,0,2018-11-01,2023-12-29,0,True,0000105016,[],[],False,False,False,,False,False,,False,True,False,False,5070,5070,SPY,SPY,SPY
ECOM,2020-07-24,2020-07-23,2020-07-27,2020-08-10,VALID,False,C,0001169652,FORM345_TICKER,False,False,False,False,0,2018-11-01,2022-11-14,0,True,0001169652,[],[],True,False,False,0001169652,True,False,,False,True,False,False,7372,7372,XLK,XLK,XLK
MNOV,2020-07-27,2020-07-24,2020-07-28,2020-08-11,VALID,True,A,0001226616,SEC_TICKERS,False,False,False,False,0,2018-11-01,2023-12-29,0,True,0001226616,[],[],True,False,False,0001226616,False,False,,False,True,False,False,2834,2834,XBI,XBI,XBI
SBSW,2020-07-27,2020-07-24,2020-07-28,2020-08-11,VALID,True,A,0001786909,SEC_TICKERS,False,False,False,False,0,2018-11-01,2023-12-29,0,True,0001786909,[],[],False,False,False,,False,False,,False,False,False,False,1040,1040,XLE,XLE,XLE
SOGO,2020-07-27,2020-07-24,2020-07-28,2020-08-11,VALID,True,AC,,UNMAPPED,False,False,False,False,0,2018-11-01,2021-09-23,0,False,,[],[],False,False,False,,False,False,,False,False,False,False,,,SPY,SPY,SPY
AJRD,2020-07-28,2020-07-27,2020-07-29,2020-08-12,VALID,False,C,0000040888,FORM345_TICKER,False,False,False,False,0,2018-11-01,2023-07-27,0,True,0000040888,[],[],True,False,False,0000040888,True,False,,False,True,False,False,3760,3760,XLI,XLI,XLI
MEDP,2020-07-28,2020-07-27,2020-07-29,2020-08-12,VALID,True,A,0001668397,SEC_TICKERS,False,False,False,False,0,2018-11-01,2023-12-29,0,True,0001668397,[],[],True,False,False,0001668397,False,False,,False,True,False,False,8731,8731,SPY,SPY,SPY
OMF,2020-07-28,2020-07-27,2020-07-29,2020-08-12,VALID,True,A,0001584207,SEC_TICKERS,False,False,False,False,0,2018-11-01,2023-12-29,0,True,0001584207,[],[],True,False,False,0001584207,False,False,,False,True,False,False,6141,6141,XLF,XLF,XLF
BCO,2020-07-29,2020-07-28,2020-07-30,2020-08-13,VALID,True,A,0000078890,SEC_TICKERS,False,False,False,False,0,2018-11-01,2023-12-29,0,True,0000078890,[],[],True,False,False,0000078890,False,False,1996-01-02,True,True,False,False,4731,4731,SPY,SPY,SPY
FEYE,2020-07-29,2020-07-28,2020-07-30,2020-08-13,VALID,True,B,0001370880,FORM345_TICKER,False,False,False,False,0,2018-11-01,2021-10-04,0,True,0001370880,[],[],True,False,False,0001370880,False,False,,False,True,False,False,3577,3577,XLK,XLK,XLK
SMG,2020-07-29,2020-07-28,2020-07-30,2020-08-13,VALID,True,A,0000825542,SEC_TICKERS,False,False,False,False,0,2018-11-01,2023-12-29,0,True,0000825542,[],[],True,False,False,0000825542,False,False,,False,True,False,False,2870,2870,SPY,SPY,SPY
TENB,2020-07-29,2020-07-28,2020-07-30,2020-08-13,VALID,True,A,0001660280,SEC_TICKERS,False,False,False,False,0,2018-11-01,2023-12-29,0,True,0001660280,[],[],True,False,False,0001660280,False,False,,False,True,False,False,7372,7372,XLK,XLK,XLK
EDSA,2020-07-30,2020-07-29,2020-07-31,2020-08-14,VALID,True,A,0001540159,SEC_TICKERS,False,False,False,False,0,2019-06-10,2023-12-29,0,True,0001540159,[],[],True,False,False,0001540159,False,False,,False,True,False,False,2834,2834,XBI,XBI,XBI
HOME,2020-07-30,2020-07-29,2020-07-31,2020-08-14,VALID,True,AC,0001646228,FORM345_TICKER,False,False,False,False,0,2018-11-01,2021-07-22,0,True,0001646228,[],[],True,False,False,0001646228,False,False,,False,True,False,False,5700,5700,SPY,SPY,SPY
KNDI,2020-07-30,2020-07-29,2020-07-31,2020-08-14,VALID,True,A,0001720250,SEC_TICKERS,False,False,False,False,0,2018-11-01,2023-12-29,0,True,0001720250,[],[],False,True,False,0001316517,False,False,,False,False,False,False,3714,3714,XLI,XLI,XLI
MTSI,2020-07-30,2020-07-29,2020-07-31,2020-08-14,VALID,True,A,0001493594,SEC_TICKERS,False,False,False,False,0,2018-11-01,2023-12-29,0,True,0001493594,[],[],True,False,False,0001493594,False,False,,False,True,False,False,3674,3674,XLI,XLI,XLI
PRPO,2020-07-30,2020-07-29,2020-07-31,2020-08-14,VALID,True,A,0001043961,SEC_TICKERS,False,False,False,False,0,2018-11-01,2023-12-29,1,True,0001043961,[],[],True,False,False,0001043961,False,False,,False,True,False,False,3826,3826,SPY,SPY,SPY
TAOP,2020-07-30,2020-07-29,2020-07-31,2020-08-14,VALID,True,A,0001552670,SEC_TICKERS,False,False,False,False,0,2018-11-01,2023-12-29,3,True,0001552670,[],[],False,False,False,,False,False,,False,False,False,False,7372,7372,XLK,XLK,XLK
CODX,2020-08-03,2020-07-31,2020-08-04,2020-08-18,VALID,True,A,0001692415,SEC_TICKERS,False,False,False,False,0,2018-11-01,2023-12-29,0,True,0001692415,[],[],True,False,False,0001692415,False,False,,False,True,False,False,3841,3841,XLV,XLV,XLV
BLNK,2020-08-04,2020-08-03,2020-08-05,2020-08-19,VALID,True,A,0001429764,SEC_TICKERS,False,False,False,False,0,2018-11-01,2023-12-29,0,True,0001429764,[],[],True,False,False,0001429764,False,False,,False,True,False,False,3690,3790,XLI,XLI,XLI
DPHC,2020-08-04,2020-08-03,2020-08-05,2020-08-19,VALID,False,B,0001759546,RENAME_CHAIN_FWD,False,False,False,False,0,2019-04-17,2020-10-23,180,True,0001759546,[],[],False,False,False,,True,False,,False,True,False,False,3711,3711,XLI,XLI,XLI
GGAL,2020-08-04,2020-08-03,2020-08-05,2020-08-19,VALID,True,A,0001114700,SEC_TICKERS,False,False,False,False,0,2018-11-01,2023-12-29,0,True,0001114700,[],[],False,False,False,,False,False,,False,False,False,False,6029,6029,XLF,XLF,XLF
VRNS,2020-08-04,2020-08-03,2020-08-05,2020-08-19,VALID,True,A,0001361113,SEC_TICKERS,False,False,False,False,0,2018-11-01,2023-12-29,0,True,0001361113,[],[],True,False,False,0001361113,False,False,,False,True,False,False,7372,7372,XLK,XLK,XLK
CPRI,2020-08-05,2020-08-04,2020-08-06,2020-08-20,VALID,True,AD,0001530721,SEC_TICKERS,False,False,False,False,0,2018-11-01,2023-12-29,0,True,0001530721,[],[],True,False,False,0001530721,False,False,2016-01-04,True,True,False,False,3100,3100,SPY,SPY,SPY
DOYU,2020-08-05,2020-08-04,2020-08-06,2020-08-20,VALID,True,A,0001762417,SEC_TICKERS,False,False,False,False,0,2019-07-17,2023-12-29,0,True,0001762417,[],[],False,False,False,,False,False,,False,False,False,False,7370,7370,XLK,XLK,XLK
FVRR,2020-08-05,2020-08-04,2020-08-06,2020-08-20,VALID,True,A,0001762301,SEC_TICKERS,False,False,False,False,0,2019-06-13,2023-12-29,0,True,0001762301,[],[],False,False,False,,False,False,,False,False,False,False,7389,7389,SPY,SPY,SPY
HUYA,2020-08-05,2020-08-04,2020-08-06,2020-08-20,VALID,True,A,0001728190,SEC_TICKERS,False,False,False,False,0,2018-11-01,2023-12-29,0,True,0001728190,[],[],False,False,False,,False,False,,False,False,False,False,7370,7370,XLK,XLK,XLK
APPS,2020-08-06,2020-08-05,2020-08-07,2020-08-21,VALID,True,A,0000317788,SEC_TICKERS,False,False,False,False,0,2018-11-01,2023-12-29,0,True,0000317788,[],[],True,False,False,0000317788,False,False,,False,True,False,False,6794,6794,XLF,XLF,XLF
BFAM,2020-08-06,2020-08-05,2020-08-07,2020-08-21,VALID,True,A,0001437578,SEC_TICKERS,False,False,False,False,0,2018-11-01,2023-12-29,0,True,0001437578,[],[],True,False,False,0001437578,False,False,,False,True,False,False,8351,8351,SPY,SPY,SPY
BHC,2020-08-06,2020-08-05,2020-08-07,2020-08-21,VALID,True,A,0000885590,SEC_TICKERS,False,False,False,False,0,2018-11-01,2023-12-29,0,True,0000885590,[],[],True,False,False,0000885590,False,False,,False,True,False,False,2834,2834,XBI,XBI,XBI
DNLI,2020-08-06,2020-08-05,2020-08-07,2020-08-21,VALID,True,A,0001714899,SEC_TICKERS,False,False,False,False,0,2018-11-01,2023-12-29,0,True,0001714899,[],[],True,False,False,0001714899,False,False,,False,True,False,False,2836,2836,XBI,XBI,XBI
EDIT,2020-08-06,2020-08-05,2020-08-07,2020-08-21,VALID,True,A,0001650664,SEC_TICKERS,False,False,False,False,0,2018-11-01,2023-12-29,0,True,0001650664,[],[],True,False,False,0001650664,False,False,,False,True,False,False,2836,2836,XBI,XBI,XBI
MNOV,2020-08-06,2020-08-05,2020-08-07,2020-08-21,VALID,True,A,0001226616,SEC_TICKERS,False,False,False,False,0,2018-11-01,2023-12-29,0,True,0001226616,[],[],True,False,False,0001226616,False,False,,False,True,False,False,2834,2834,XBI,XBI,XBI
PVG,2020-08-06,2020-08-05,2020-08-07,2020-08-21,VALID,True,A,0001508844,UNIQUE_NAME_MATCH,False,False,False,False,0,2018-11-01,2022-03-08,0,True,0001508844,[],[],False,False,False,,False,False,,False,False,False,False,1000,1000,XLE,XLE,XLE
VISN,2020-08-06,2020-08-05,2020-08-07,2020-08-21,VALID,True,A,0001517228,SEC_TICKERS,False,False,False,False,0,2018-11-01,2023-12-29,0,False,,[],"[[""2026-01-14"", ""COMM""]]",False,False,False,,False,False,,False,True,False,False,3663,3663,SPY,XLI,XLI
AAOI,2020-08-07,2020-08-06,2020-08-10,2020-08-24,VALID,True,A,0001158114,SEC_TICKERS,False,False,False,False,0,2018-11-01,2023-12-29,0,True,0001158114,[],[],True,False,False,0001158114,False,False,,False,True,False,False,3674,3674,XLI,XLI,XLI
CHRS,2020-08-07,2020-08-06,2020-08-10,2020-08-24,VALID,True,A,0001512762,SEC_TICKERS,False,False,False,False,0,2018-11-01,2023-12-29,0,True,0001512762,[],[],True,False,False,0001512762,False,False,1996-01-02,True,True,False,False,2836,2836,XBI,XBI,XBI
GRPN,2020-08-07,2020-08-06,2020-08-10,2020-08-24,VALID,True,A,0001490281,SEC_TICKERS,False,False,False,False,0,2018-11-01,2023-12-29,0,True,0001490281,[],[],True,False,False,0001490281,False,False,,False,True,False,False,7311,7311,SPY,SPY,SPY
PFSI,2020-08-07,2020-08-06,2020-08-10,2020-08-24,VALID,True,A,0001745916,SEC_TICKERS,False,False,False,False,0,2018-11-01,2023-12-29,0,True,0001745916,[],[],True,False,False,0001745916,False,False,,False,True,False,False,6162,6162,XLF,XLF,XLF
SAIL,2020-08-07,2020-08-06,2020-08-10,2020-08-24,VALID,True,AC,0002030781,SEC_TICKERS,False,False,False,False,0,2018-11-01,2022-08-15,346,True,0002030781,[],[],False,True,False,0001627857,False,False,,False,False,False,False,7372,7372,XLK,XLK,XLK
TDC,2020-08-07,2020-08-06,2020-08-10,2020-08-24,VALID,True,A,0000816761,SEC_TICKERS,False,False,False,False,0,2018-11-01,2023-12-29,0,True,0000816761,[],[],True,False,False,0000816761,False,False,2007-10-01,True,True,False,False,7372,7372,XLK,XLK,XLK
ZG,2020-08-07,2020-08-06,2020-08-10,2020-08-24,VALID,True,A,0001617640,SEC_TICKERS,False,False,False,False,0,2018-11-01,2023-12-29,0,True,0001617640,[],[],False,False,False,,False,False,,False,True,False,False,7389,7389,SPY,SPY,SPY
OMER,2020-08-10,2020-08-07,2020-08-11,2020-08-25,VALID,True,A,0001285819,SEC_TICKERS,False,False,False,False,0,2018-11-01,2023-12-29,0,True,0001285819,[],[],True,False,False,0001285819,False,False,,False,True,False,False,2834,2834,XBI,XBI,XBI
EQ,2020-08-11,2020-08-10,2020-08-12,2020-08-26,VALID,True,A,0001746466,SEC_TICKERS,False,False,False,False,0,2018-11-01,2023-12-29,0,True,0001746466,[],[],True,False,False,0001746466,False,False,2006-05-18,True,True,False,False,2834,2834,XBI,XBI,XBI
ICUI,2020-08-11,2020-08-10,2020-08-12,2020-08-26,VALID,True,A,0000883984,SEC_TICKERS,False,False,False,False,0,2018-11-01,2023-12-29,0,True,0000883984,[],[],True,False,False,0000883984,False,False,,False,True,False,False,3841,3841,XLV,XLV,XLV
JCOM,2020-08-11,2020-08-10,2020-08-12,2020-08-26,VALID,True,B,0001084048,RENAME_CHAIN_FWD,False,False,False,False,0,2018-11-01,2021-10-07,0,True,0001084048,[],[],True,False,False,0001084048,False,False,,False,True,False,False,4822,4822,SPY,SPY,SPY
ZD,2020-08-11,2020-08-10,2020-08-12,2020-08-26,VALID,True,A,0001084048,SEC_TICKERS,False,False,False,False,0,2018-11-01,2023-12-29,0,False,,[],"[[""2021-10-08"", ""JCOM""]]",False,False,True,,False,False,,False,True,False,False,4822,4822,SPY,SPY,SPY
BLDR,2020-08-12,2020-08-11,2020-08-13,2020-08-27,VALID,True,AD,0001316835,SEC_TICKERS,False,False,False,False,0,2018-11-01,2023-12-29,0,True,0001316835,[],[],True,False,False,0001316835,False,False,2023-12-18,False,True,False,False,5211,5211,SPY,SPY,SPY
AZPN,2020-08-13,2020-08-12,2020-08-14,2020-08-28,VALID,True,A,,FORM345_AMBIGUOUS,False,False,False,False,0,2018-11-01,2023-12-29,0,False,,[],[],False,True,False,0000929940,False,False,,False,False,False,False,,,SPY,SPY,SPY
JOYY,2020-08-13,2020-08-12,2020-08-14,2020-08-28,VALID,True,A,0001530238,SEC_TICKERS,False,False,False,False,0,2018-11-01,2023-12-29,0,False,,[],"[[""2025-03-31"", ""YY""]]",False,False,False,,False,False,,False,False,False,False,7374,7374,SPY,XLK,XLK
RVLV,2020-08-13,2020-08-12,2020-08-14,2020-08-28,VALID,True,A,0001746618,SEC_TICKERS,False,False,False,False,0,2019-06-07,2023-12-29,0,True,0001746618,[],[],True,False,False,0001746618,False,False,,False,True,False,False,5961,5961,SPY,SPY,SPY
MESO,2020-08-14,2020-08-13,2020-08-17,2020-08-31,VALID,True,A,0001345099,SEC_TICKERS,True,False,False,False,1,2018-11-01,2023-12-29,21,True,0001345099,[],[],False,False,False,,False,False,,False,False,False,False,2836,2836,XBI,XBI,XBI
GRWG,2020-08-18,2020-08-17,2020-08-19,2020-09-02,VALID,True,A,0001604868,SEC_TICKERS,False,False,False,False,0,2019-12-02,2023-12-29,0,True,0001604868,[],[],True,False,False,0001604868,False,False,,False,True,False,False,5200,5200,SPY,SPY,SPY
CGIX,2020-08-24,2020-08-21,2020-08-25,2020-09-09,VALID,False,B,0001349929,FORM345_TICKER,False,False,False,False,0,2018-11-01,2021-03-30,0,True,0001349929,[],[],True,False,False,0001349929,True,False,,False,True,False,False,8071,8071,SPY,SPY,SPY
CAPR,2020-08-25,2020-08-24,2020-08-26,2020-09-10,VALID,True,A,0001133869,SEC_TICKERS,False,False,False,False,0,2018-11-01,2023-12-29,0,True,0001133869,[],[],True,False,False,0001133869,False,False,,False,True,False,False,2834,2834,XBI,XBI,XBI
BKU,2020-08-26,2020-08-25,2020-08-27,2020-09-11,VALID,True,A,0001504008,SEC_TICKERS,False,False,False,False,0,2018-11-01,2023-12-29,0,True,0001504008,[],[],True,False,False,0001504008,False,False,,False,True,False,False,6035,6035,XLF,XLF,XLF
DPHC,2020-08-26,2020-08-25,2020-08-27,2020-09-11,VALID,False,B,0001759546,RENAME_CHAIN_FWD,False,False,False,False,0,2019-04-17,2020-10-23,180,True,0001759546,[],[],False,False,False,,True,False,,False,True,False,False,3711,3711,XLI,XLI,XLI
TRUP,2020-08-26,2020-08-25,2020-08-27,2020-09-11,VALID,True,A,0001371285,SEC_TICKERS,False,False,False,False,0,2018-11-01,2023-12-29,0,True,0001371285,[],[],True,False,False,0001371285,False,False,,False,True,False,False,6324,6324,XLF,XLF,XLF
URBN,2020-08-26,2020-08-25,2020-08-27,2020-09-11,VALID,True,A,0000912615,SEC_TICKERS,False,False,False,False,0,2018-11-01,2023-12-29,0,True,0000912615,[],[],True,False,False,0000912615,False,False,2010-02-08,True,True,False,False,5651,5651,SPY,SPY,SPY
ANF,2020-08-27,2020-08-26,2020-08-28,2020-09-14,VALID,True,A,0001018840,SEC_TICKERS,False,False,False,False,0,2018-11-01,2023-12-29,0,True,0001018840,[],[],True,False,False,0001018840,False,False,2007-03-29,True,True,False,False,5651,5651,SPY,SPY,SPY
BMCH,2020-08-27,2020-08-26,2020-08-28,2020-09-14,VALID,True,AC,0001574815,FORM345_TICKER,False,False,False,False,0,2018-11-01,2020-12-31,0,True,0001574815,[],[],True,False,False,0001574815,False,False,,False,True,False,False,5211,5211,SPY,SPY,SPY
AIMT,2020-08-31,2020-08-28,2020-09-01,2020-09-16,VALID,True,AC,0001631650,FORM345_TICKER,False,False,False,False,0,2018-11-01,2020-10-12,1,True,0001631650,[],[],True,False,False,0001631650,False,False,,False,True,False,False,2834,2834,XBI,XBI,XBI
GOGO,2020-09-01,2020-08-31,2020-09-02,2020-09-17,VALID,True,A,0001537054,SEC_TICKERS,False,False,False,False,0,2018-11-01,2023-12-29,0,True,0001537054,[],[],True,False,False,0001537054,False,False,,False,True,False,False,4899,4899,SPY,SPY,SPY
AMC,2020-09-02,2020-09-01,2020-09-03,2020-09-18,VALID,True,A,0001411579,SEC_TICKERS,False,False,False,False,0,2018-11-01,2023-12-29,0,True,0001411579,[],[],True,False,False,0001411579,False,False,,False,True,False,False,7830,7830,SPY,SPY,SPY
FEAC,2020-09-02,2020-09-01,2020-09-03,2020-09-18,VALID,False,B,0001801661,RENAME_CHAIN_FWD,False,False,False,False,0,2020-04-27,2020-12-16,763,True,0001801661,[],[],True,False,False,0001801661,True,False,,False,True,False,False,7374,7374,XLK,XLK,XLK
FIRY,2020-09-02,2020-09-01,2020-09-03,2020-09-18,VALID,True,A,0001801661,SEC_TICKERS,False,False,False,False,0,2020-04-27,2023-12-29,0,False,,[],"[[""2026-06-22"", ""SKLZ""]]",False,False,False,,False,False,,False,True,False,False,7374,7374,SPY,XLK,XLK
FLGT,2020-09-03,2020-09-02,2020-09-04,2020-09-21,VALID,True,A,0001674930,SEC_TICKERS,False,False,False,False,0,2018-11-01,2023-12-29,2,True,0001674930,[],[],True,False,False,0001674930,False,False,,False,True,False,False,8071,8071,SPY,SPY,SPY
KYNB,2020-09-03,2020-09-02,2020-09-04,2020-09-21,VALID,True,A,0000921299,SEC_TICKERS,False,False,False,False,0,2018-11-01,2023-12-29,1,False,,[],"[[""2026-01-08"", ""FGEN""]]",False,False,False,,False,False,,False,True,False,False,2834,2834,SPY,XBI,XBI
HUCK,2020-09-04,2020-09-03,2020-09-08,2020-09-22,VALID,True,A,0001505952,SEC_TICKERS,False,False,False,False,0,2018-11-01,2023-12-29,0,False,,[],"[[""2026-09-24"", ""DOMO""]]",False,False,False,,False,False,,False,True,False,False,7372,7372,SPY,XLK,XLK
NLS,2020-09-09,2020-09-08,2020-09-10,2020-09-24,VALID,False,B,0001078207,FORM345_TICKER,False,False,False,False,0,2018-11-01,2023-10-31,0,True,0001078207,[],[],True,False,False,0001078207,True,False,,False,True,False,False,3949,3949,SPY,SPY,SPY
TRIL,2020-09-09,2020-09-08,2020-09-10,2020-09-24,VALID,False,C,0001616212,FORM345_TICKER,False,False,False,False,0,2018-11-01,2021-11-16,0,True,0001616212,[],[],False,False,True,,True,False,,False,False,False,False,2834,2834,XBI,XBI,XBI
NAV,2020-09-10,2020-09-09,2020-09-11,2020-09-25,VALID,True,AC,0000808450,FORM345_TICKER,False,False,False,False,0,2018-11-01,2021-06-30,0,True,0000808450,[],[],True,False,False,0000808450,False,False,1996-01-02,True,True,False,False,3711,3711,XLI,XLI,XLI
SLQT,2020-09-10,2020-09-09,2020-09-11,2020-09-25,VALID,True,A,0001794783,SEC_TICKERS,False,False,False,False,0,2020-05-21,2023-12-29,0,True,0001794783,[],[],True,False,False,0001794783,False,False,,False,True,False,False,6411,6411,XLF,XLF,XLF
VRTU,2020-09-10,2020-09-09,2020-09-11,2020-09-25,VALID,True,AC,0001207074,FORM345_TICKER,False,False,False,False,0,2018-11-01,2021-02-10,0,True,0001207074,[],[],True,False,False,0001207074,False,False,,False,True,False,False,7371,7371,XLK,XLK,XLK
DQ,2020-09-11,2020-09-10,2020-09-14,2020-09-28,VALID,True,A,0001477641,SEC_TICKERS,False,False,False,False,0,2018-11-01,2023-12-29,0,True,0001477641,[],[],False,False,False,,False,False,,False,False,False,False,3674,3674,XLI,XLI,XLI
DPHC,2020-09-14,2020-09-11,2020-09-15,2020-09-29,VALID,False,B,0001759546,RENAME_CHAIN_FWD,False,False,False,False,0,2019-04-17,2020-10-23,180,True,0001759546,[],[],False,False,False,,True,False,,False,True,False,False,3711,3711,XLI,XLI,XLI
FLNA,2020-09-14,2020-09-11,2020-09-15,2020-09-29,VALID,True,A,0001069530,SEC_TICKERS,False,False,False,False,0,2018-11-01,2023-12-29,0,False,,[],"[[""2026-03-11"", ""SAVA""]]",False,False,False,,False,False,,False,True,False,False,2834,2834,SPY,XBI,XBI
GME,2020-09-14,2020-09-11,2020-09-15,2020-09-29,VALID,True,A,0001326380,SEC_TICKERS,False,False,False,False,0,2018-11-01,2023-12-29,0,True,0001326380,[],[],True,False,False,0001326380,False,False,2007-12-14,True,True,False,False,5734,5734,SPY,SPY,SPY
SGMS,2020-09-14,2020-09-11,2020-09-15,2020-09-29,VALID,False,B,0000750004,RENAME_CHAIN_FWD,False,False,False,False,0,2018-11-01,2022-04-28,0,True,0000750004,[],[],True,False,False,0000750004,True,False,,False,True,False,False,7373,7373,XLK,XLK,XLK
FCAU,2020-09-15,2020-09-14,2020-09-16,2020-09-30,VALID,True,B,0001605484,RENAME_CHAIN_FWD,False,False,False,False,0,2018-11-01,2021-01-15,0,True,0001605484,[],[],False,False,False,,False,False,,False,False,False,False,3711,3711,XLI,XLI,XLI
IPOB,2020-09-15,2020-09-14,2020-09-16,2020-09-30,VALID,True,B,0001801169,RENAME_CHAIN_FWD,False,False,False,False,0,2020-06-18,2020-12-18,0,True,0001801169,[],[],True,False,False,0001801169,False,False,,False,True,False,False,6531,6531,XLF,XLF,XLF
OPEN,2020-09-15,2020-09-14,2020-09-16,2020-09-30,VALID,True,A,0001801169,SEC_TICKERS,False,False,False,False,0,2020-06-18,2023-12-29,0,False,,[],"[[""2020-12-21"", ""IPOB""]]",False,False,True,,False,False,,False,True,False,False,6531,6531,SPY,XLF,XLF
STLA,2020-09-15,2020-09-14,2020-09-16,2020-09-30,VALID,True,A,0001605484,SEC_TICKERS,False,False,False,False,0,2018-11-01,2023-12-29,0,False,,[],"[[""2021-01-19"", ""FCAU""]]",False,False,False,,False,False,,False,False,False,False,3711,3711,SPY,XLI,XLI
AMCX,2020-09-16,2020-09-15,2020-09-17,2020-10-01,VALID,True,A,0001514991,SEC_TICKERS,False,False,False,False,0,2018-11-01,2023-12-29,0,True,0001514991,[],[],True,False,False,0001514991,False,False,,False,True,False,False,4841,4841,SPY,SPY,SPY
ARWR,2020-09-16,2020-09-15,2020-09-17,2020-10-01,VALID,True,A,0000879407,SEC_TICKERS,False,False,False,False,0,2018-11-01,2023-12-29,0,True,0000879407,[],[],True,False,False,0000879407,False,False,,False,True,False,False,2834,2834,XBI,XBI,XBI
MLKN,2020-09-17,2020-09-16,2020-09-18,2020-10-02,VALID,True,A,0000066382,SEC_TICKERS,False,False,False,False,0,2018-11-01,2023-12-29,0,False,,[],"[[""2021-11-01"", ""MLHR""]]",False,False,True,,False,False,,False,True,False,False,2520,2520,SPY,SPY,SPY
BLNK,2020-09-22,2020-09-21,2020-09-23,2020-10-07,VALID,True,A,0001429764,SEC_TICKERS,False,False,False,False,0,2018-11-01,2023-12-29,0,True,0001429764,[],[],True,False,False,0001429764,False,False,,False,True,False,False,3690,3790,XLI,XLI,XLI
LGND,2020-09-23,2020-09-22,2020-09-24,2020-10-08,VALID,True,A,0000886163,SEC_TICKERS,False,False,False,False,0,2018-11-01,2023-12-29,0,True,0000886163,[],[],True,False,False,0000886163,False,False,,False,True,False,False,2834,2834,XBI,XBI,XBI
ACH,2020-09-24,2020-09-23,2020-09-25,2020-10-09,VALID,True,A,0000075252,SEC_TICKERS,False,False,False,False,0,2018-11-01,2023-12-29,0,False,,[],"[[""2026-01-02"", ""OMI""]]",False,False,False,,False,False,,False,True,False,False,5047,5047,SPY,SPY,SPY
JEF,2020-09-24,2020-09-23,2020-09-25,2020-10-09,VALID,True,AD,0000096223,SEC_TICKERS,False,False,False,False,0,2018-11-01,2023-12-29,0,True,0000096223,[],[],True,False,False,0000096223,False,False,2007-08-27,True,True,False,False,6211,6211,XLF,XLF,XLF
FMCI,2020-09-28,2020-09-25,2020-09-29,2020-10-13,VALID,False,B,0001741231,RENAME_CHAIN_FWD,False,False,False,False,0,2018-11-07,2020-10-15,123,True,0001741231,[],[],False,False,False,,True,False,,False,True,False,False,2090,2090,SPY,SPY,SPY
LAC,2020-09-28,2020-09-25,2020-09-29,2020-10-13,VALID,True,ABC,0001966983,SEC_TICKERS,False,False,False,False,0,2018-11-01,2023-12-29,0,True,0001966983,[],[],False,False,False,,False,False,,False,False,False,False,1000,1000,XLE,XLE,XLE
WPX,2020-09-28,2020-09-25,2020-09-29,2020-10-13,VALID,True,AC,0001518832,FORM345_TICKER,False,False,False,False,0,2018-11-01,2021-01-06,0,True,0001518832,[],[],True,False,False,0001518832,False,False,2012-01-03,True,True,False,False,1311,1311,XLE,XLE,XLE
PECK,2020-09-30,2020-09-29,2020-10-01,2020-10-15,VALID,False,B,0001634447,FORM345_TICKER,False,False,False,False,0,2019-06-20,2021-01-20,3,True,0001634447,[],[],True,False,False,0001634447,True,False,,False,True,False,False,3674,3674,XLI,XLI,XLI
AMAG,2020-10-01,2020-09-30,2020-10-02,2020-10-16,VALID,True,AC,0000792977,FORM345_TICKER,False,False,False,False,0,2018-11-01,2020-11-13,1,True,0000792977,[],[],True,False,False,0000792977,False,False,,False,True,False,False,2834,2834,XBI,XBI,XBI
SAIL,2020-10-01,2020-09-30,2020-10-02,2020-10-16,VALID,True,AC,0002030781,SEC_TICKERS,False,False,False,False,0,2018-11-01,2022-08-15,346,True,0002030781,[],[],False,True,False,0001627857,False,False,,False,False,False,False,7372,7372,XLK,XLK,XLK
ENLV,2020-10-05,2020-10-02,2020-10-06,2020-10-20,VALID,True,A,0001596812,SEC_TICKERS,False,False,False,False,0,2018-11-01,2023-12-29,1,True,0001596812,[],[],False,False,False,,False,False,,False,False,False,False,2834,2834,XBI,XBI,XBI
LAC,2020-10-05,2020-10-02,2020-10-06,2020-10-20,VALID,True,ABC,0001966983,SEC_TICKERS,False,False,False,False,0,2018-11-01,2023-12-29,0,True,0001966983,[],[],False,False,False,,False,False,,False,False,False,False,1000,1000,XLE,XLE,XLE
LEVI,2020-10-07,2020-10-06,2020-10-08,2020-10-22,VALID,True,A,0000094845,SEC_TICKERS,False,False,False,False,0,2019-03-21,2023-12-29,0,True,0000094845,[],[],True,False,False,0000094845,False,False,,False,True,False,False,2300,2300,SPY,SPY,SPY
PECK,2020-10-07,2020-10-06,2020-10-08,2020-10-22,VALID,False,B,0001634447,FORM345_TICKER,False,False,False,False,0,2019-06-20,2021-01-20,3,True,0001634447,[],[],True,False,False,0001634447,True,False,,False,True,False,False,3674,3674,XLI,XLI,XLI
PPSI,2020-10-07,2020-10-06,2020-10-08,2020-10-22,VALID,True,A,0001449792,SEC_TICKERS,False,False,False,False,0,2018-11-01,2023-12-29,58,True,0001449792,[],[],True,False,False,0001449792,False,False,,False,True,False,False,3690,3612,XLI,XLI,XLI
CDNA,2020-10-08,2020-10-07,2020-10-09,2020-10-23,VALID,True,A,0001217234,SEC_TICKERS,False,False,False,False,0,2018-11-01,2023-12-29,0,True,0001217234,[],[],True,False,False,0001217234,False,False,,False,True,False,False,8071,8071,SPY,SPY,SPY
EV,2020-10-08,2020-10-07,2020-10-09,2020-10-23,VALID,False,C,0000350797,FORM345_TICKER,False,False,False,False,0,2018-11-01,2023-12-29,709,True,0000350797,[],[],True,False,False,0000350797,True,False,,False,True,False,False,6282,6282,XLF,XLF,XLF
ACB,2020-10-09,2020-10-08,2020-10-12,2020-10-26,VALID,True,A,0001683541,SEC_TICKERS,False,False,False,False,0,2018-11-01,2023-12-29,0,True,0001683541,[],[],False,False,False,,False,False,,False,False,False,False,2833,2833,XBI,XBI,XBI
ALKS,2020-10-12,2020-10-09,2020-10-13,2020-10-27,VALID,True,A,0001520262,SEC_TICKERS,True,False,False,False,1,2018-11-02,2023-12-29,2,True,0001520262,[],[],True,False,False,0001520262,False,False,,False,True,False,False,2834,2834,XBI,XBI,XBI
DDS,2020-10-12,2020-10-09,2020-10-13,2020-10-27,VALID,True,A,0000028917,SEC_TICKERS,False,False,False,False,0,2018-11-01,2023-12-29,0,True,0000028917,[],[],True,False,False,0000028917,False,False,1996-01-02,True,True,False,False,5311,5311,SPY,SPY,SPY
DOYU,2020-10-12,2020-10-09,2020-10-13,2020-10-27,VALID,True,A,0001762417,SEC_TICKERS,False,False,False,False,0,2019-07-17,2023-12-29,0,True,0001762417,[],[],False,False,False,,False,False,,False,False,False,False,7370,7370,XLK,XLK,XLK
ALT,2020-10-13,2020-10-12,2020-10-14,2020-10-28,VALID,True,A,0001326190,SEC_TICKERS,False,False,False,False,0,2018-11-01,2023-12-29,0,True,0001326190,[],[],True,False,False,0001326190,False,False,,False,True,False,False,2834,2834,XBI,XBI,XBI
PECK,2020-10-13,2020-10-12,2020-10-14,2020-10-28,VALID,False,B,0001634447,FORM345_TICKER,False,False,False,False,0,2019-06-20,2021-01-20,3,True,0001634447,[],[],True,False,False,0001634447,True,False,,False,True,False,False,3674,3674,XLI,XLI,XLI
CIT,2020-10-16,2020-10-15,2020-10-19,2020-11-02,VALID,True,AC,0001171825,FORM345_TICKER,False,False,False,False,0,2018-11-01,2022-01-03,0,True,0001171825,[],[],True,False,False,0001171825,False,False,,False,True,False,False,6021,6021,XLF,XLF,XLF
FLEX,2020-10-16,2020-10-15,2020-10-19,2020-11-02,VALID,True,A,0000866374,SEC_TICKERS,False,False,False,False,0,2018-11-01,2023-12-29,0,True,0000866374,[],[],True,False,False,0000866374,False,False,2026-06-22,False,True,False,False,3672,3672,XLI,XLI,XLI
FLDM,2020-10-19,2020-10-16,2020-10-20,2020-11-03,VALID,True,B,0001162194,RENAME_CHAIN_FWD,False,False,False,False,0,2018-11-01,2022-04-05,0,True,0001162194,[],[],True,False,False,0001162194,False,False,,False,True,False,False,2834,3826,XBI,XBI,SPY
LAB,2020-10-19,2020-10-16,2020-10-20,2020-11-03,VALID,True,A,0001162194,SEC_TICKERS,False,False,False,False,0,2018-11-01,2023-12-29,0,False,,[],"[[""2022-04-06"", ""FLDM""]]",False,False,True,,False,False,,False,True,False,False,2834,3826,SPY,XBI,SPY
OSUR,2020-10-19,2020-10-16,2020-10-20,2020-11-03,VALID,True,A,0001116463,SEC_TICKERS,False,False,False,False,0,2018-11-01,2023-12-29,0,True,0001116463,[],[],True,False,False,0001116463,False,False,,False,True,False,False,3841,3841,XLV,XLV,XLV
CRSR,2020-10-20,2020-10-19,2020-10-21,2020-11-04,VALID,True,A,0001743759,SEC_TICKERS,False,False,False,False,0,2020-09-23,2023-12-29,0,True,0001743759,[],[],True,False,False,0001743759,False,False,,False,False,False,False,3577,3577,XLK,XLK,XLK
LOGI,2020-10-20,2020-10-19,2020-10-21,2020-11-04,VALID,True,A,0001032975,SEC_TICKERS,False,False,False,False,0,2018-11-01,2023-12-29,0,True,0001032975,[],[],True,False,False,0001032975,False,False,,False,True,False,False,3577,3577,XLK,XLK,XLK
CALX,2020-10-21,2020-10-20,2020-10-22,2020-11-05,VALID,True,A,0001406666,SEC_TICKERS,False,False,False,False,0,2018-11-01,2023-12-29,0,True,0001406666,[],[],False,False,False,,False,False,,False,True,False,False,4899,4899,SPY,SPY,SPY
CRSR,2020-10-21,2020-10-20,2020-10-22,2020-11-05,VALID,True,A,0001743759,SEC_TICKERS,False,False,False,False,0,2020-09-23,2023-12-29,0,True,0001743759,[],[],True,False,False,0001743759,False,False,,False,False,False,False,3577,3577,XLK,XLK,XLK
MSP,2020-10-21,2020-10-20,2020-10-22,2020-11-05,VALID,True,AC,0001724570,FORM345_TICKER,True,False,False,False,19,2020-10-21,2022-06-22,495,True,0001724570,[],[],True,False,False,0001724570,False,False,,False,False,False,False,7372,7372,XLK,XLK,XLK
BEAM,2020-10-22,2020-10-21,2020-10-23,2020-11-06,VALID,True,A,0001745999,SEC_TICKERS,False,False,False,False,0,2020-02-06,2023-12-29,0,True,0001745999,[],[],True,False,False,0001745999,False,False,1996-01-02,True,True,False,False,2836,2836,XBI,XBI,XBI
SDC,2020-10-22,2020-10-21,2020-10-23,2020-11-06,VALID,False,B,0001775625,FORM345_TICKER,False,False,False,False,0,2019-09-12,2023-10-03,0,True,0001775625,[],[],True,False,False,0001775625,True,False,,False,True,False,False,3843,3843,XLV,XLV,XLV
FLNA,2020-10-23,2020-10-22,2020-10-26,2020-11-09,VALID,True,A,0001069530,SEC_TICKERS,False,False,False,False,0,2018-11-01,2023-12-29,0,False,,[],"[[""2026-03-11"", ""SAVA""]]",False,False,False,,False,False,,False,True,False,False,2834,2834,SPY,XBI,XBI
DSS,2020-10-26,2020-10-23,2020-10-27,2020-11-10,VALID,True,A,0000771999,SEC_TICKERS,False,False,False,False,0,2018-11-01,2023-12-29,0,True,0000771999,[],[],True,False,False,0000771999,False,False,,False,True,False,False,2650,2650,SPY,SPY,SPY
LRN,2020-10-27,2020-10-26,2020-10-28,2020-11-11,VALID,True,A,0001157408,SEC_TICKERS,False,False,False,False,0,2018-11-01,2023-12-29,0,True,0001157408,[],[],True,False,False,0001157408,False,False,,False,True,False,False,8200,8200,SPY,SPY,SPY
SRRK,2020-10-27,2020-10-26,2020-10-28,2020-11-11,VALID,True,A,0001727196,SEC_TICKERS,False,False,False,False,0,2018-11-01,2023-12-29,0,True,0001727196,[],[],True,False,False,0001727196,False,False,,False,True,False,False,2836,2836,XBI,XBI,XBI
VRNS,2020-10-27,2020-10-26,2020-10-28,2020-11-11,VALID,True,A,0001361113,SEC_TICKERS,False,False,False,False,0,2018-11-01,2023-12-29,0,True,0001361113,[],[],True,False,False,0001361113,False,False,,False,True,False,False,7372,7372,XLK,XLK,XLK
EGHT,2020-10-29,2020-10-28,2020-10-30,2020-11-13,VALID,True,A,0001023731,SEC_TICKERS,False,False,False,False,0,2018-11-01,2023-12-29,0,True,0001023731,[],[],True,False,False,0001023731,False,False,,False,True,False,False,7374,7374,XLK,XLK,XLK
GMED,2020-10-29,2020-10-28,2020-10-30,2020-11-13,VALID,True,A,0001237831,SEC_TICKERS,False,False,False,False,0,2018-11-01,2023-12-29,0,True,0001237831,[],[],True,False,False,0001237831,False,False,,False,True,False,False,3841,3841,XLV,XLV,XLV
MGI,2020-10-30,2020-10-29,2020-11-02,2020-11-16,VALID,False,C,0001273931,FORM345_TICKER,False,False,False,False,0,2018-11-01,2023-05-31,0,True,0001273931,[],[],True,False,False,0001273931,True,False,,False,True,False,False,7389,7389,SPY,SPY,SPY
MHK,2020-10-30,2020-10-29,2020-11-02,2020-11-16,VALID,True,AD,0000851968,SEC_TICKERS,False,False,False,False,0,2018-11-01,2023-12-29,0,True,0000851968,[],[],True,False,False,0000851968,False,True,2013-12-23,True,True,False,False,2273,2273,SPY,SPY,SPY
TRUP,2020-10-30,2020-10-29,2020-11-02,2020-11-16,VALID,True,A,0001371285,SEC_TICKERS,False,False,False,False,0,2018-11-01,2023-12-29,0,True,0001371285,[],[],True,False,False,0001371285,False,False,,False,True,False,False,6324,6324,XLF,XLF,XLF
AIV,2020-11-03,2020-11-02,2020-11-04,2020-11-18,VALID,True,AD,0000922864,SEC_TICKERS,False,False,False,False,0,2018-11-01,2023-12-29,0,True,0000922864,[],[],True,False,False,0000922864,False,True,2003-03-14,True,True,False,False,6798,6798,XLF,XLF,XLF
CRUS,2020-11-03,2020-11-02,2020-11-04,2020-11-18,VALID,True,A,0000772406,SEC_TICKERS,False,False,False,False,0,2018-11-01,2023-12-29,0,True,0000772406,[],[],True,False,False,0000772406,False,False,,False,True,False,False,3674,3674,XLI,XLI,XLI
INSP,2020-11-03,2020-11-02,2020-11-04,2020-11-18,VALID,True,A,0001609550,SEC_TICKERS,False,False,False,False,0,2018-11-01,2023-12-29,0,True,0001609550,[],[],True,False,False,0001609550,False,False,,False,True,False,False,3841,3841,XLV,XLV,XLV
MED,2020-11-03,2020-11-02,2020-11-04,2020-11-18,VALID,True,A,0000910329,SEC_TICKERS,False,False,False,False,0,2018-11-01,2023-12-29,0,True,0000910329,[],[],True,False,False,0000910329,False,False,,False,True,False,False,2090,2090,SPY,SPY,SPY
FLNA,2020-11-04,2020-11-03,2020-11-05,2020-11-19,VALID,True,A,0001069530,SEC_TICKERS,False,False,False,False,0,2018-11-01,2023-12-29,0,False,,[],"[[""2026-03-11"", ""SAVA""]]",False,False,False,,False,False,,False,True,False,False,2834,2834,SPY,XBI,XBI
APHA,2020-11-05,2020-11-04,2020-11-06,2020-11-20,VALID,True,AC,,UNMAPPED,False,False,False,False,0,2018-11-02,2021-04-30,0,False,,[],[],False,False,False,,False,False,,False,False,False,False,,,SPY,SPY,SPY
TLRY,2020-11-05,2020-11-04,2020-11-06,2020-11-20,VALID,True,A,0001731348,SEC_TICKERS,False,False,False,False,0,2018-11-01,2023-12-29,0,True,0001731348,[],[],True,False,False,0001731348,False,False,,False,True,False,False,2833,2833,XBI,XBI,XBI
TS,2020-11-05,2020-11-04,2020-11-06,2020-11-20,VALID,True,A,0001190723,SEC_TICKERS,False,False,False,False,0,2018-11-01,2023-12-29,0,True,0001190723,[],[],False,False,False,,False,False,,False,False,False,False,3312,3312,SPY,SPY,SPY
UPWK,2020-11-05,2020-11-04,2020-11-06,2020-11-20,VALID,True,A,0001627475,SEC_TICKERS,False,False,False,False,0,2018-11-01,2023-12-29,0,True,0001627475,[],[],True,False,False,0001627475,False,False,,False,True,False,False,7374,7374,XLK,XLK,XLK
APPN,2020-11-06,2020-11-05,2020-11-09,2020-11-23,VALID,True,A,0001441683,SEC_TICKERS,False,False,False,False,0,2018-11-01,2023-12-29,0,True,0001441683,[],[],True,False,False,0001441683,False,False,,False,True,False,False,7372,7372,XLK,XLK,XLK
GLUU,2020-11-06,2020-11-05,2020-11-09,2020-11-23,VALID,True,AC,0001366246,FORM345_TICKER,False,False,False,False,0,2018-11-01,2021-04-28,0,True,0001366246,[],[],True,False,False,0001366246,False,False,,False,True,False,False,7371,7371,XLK,XLK,XLK
GPRO,2020-11-06,2020-11-05,2020-11-09,2020-11-23,VALID,True,A,0001500435,SEC_TICKERS,False,False,False,False,0,2018-11-01,2023-12-29,0,True,0001500435,[],[],True,False,False,0001500435,False,False,,False,True,False,False,3861,3861,SPY,SPY,SPY
HALO,2020-11-06,2020-11-05,2020-11-09,2020-11-23,VALID,True,A,0001159036,SEC_TICKERS,False,False,False,False,0,2018-11-01,2023-12-29,0,True,0001159036,[],[],True,False,False,0001159036,False,False,,False,True,False,False,2836,2836,XBI,XBI,XBI
NWSA,2020-11-06,2020-11-05,2020-11-09,2020-11-23,VALID,True,AD,0001564708,SEC_TICKERS,False,False,False,False,0,2018-11-01,2023-12-29,0,True,0001564708,[],[],False,False,False,,False,True,2013-07-01,True,True,False,False,2711,2711,SPY,SPY,SPY
ADS,2020-11-09,2020-11-06,2020-11-10,2020-11-24,VALID,True,BD,0001101215,RENAME_CHAIN_FWD,False,False,False,False,0,2018-11-01,2022-04-01,0,True,0001101215,[],[],True,False,False,0001101215,False,False,2013-12-23,True,True,False,False,6141,6141,XLF,XLF,XLF
AER,2020-11-09,2020-11-06,2020-11-10,2020-11-24,VALID,True,A,0001378789,SEC_TICKERS,False,False,False,False,0,2018-11-01,2023-12-29,0,True,0001378789,[],[],False,False,False,,False,False,,False,False,False,True,7359,7359,SPY,SPY,SPY
AFG,2020-11-09,2020-11-06,2020-11-10,2020-11-24,VALID,True,A,0001042046,SEC_TICKERS,False,False,False,False,0,2018-11-01,2023-12-29,0,True,0001042046,[],[],True,False,False,0001042046,False,False,,False,True,False,False,6331,6331,XLF,XLF,XLF
ALGT,2020-11-09,2020-11-06,2020-11-10,2020-11-24,VALID,True,A,0001362468,SEC_TICKERS,False,False,False,False,0,2018-11-01,2023-12-29,0,True,0001362468,[],[],True,False,False,0001362468,False,False,,False,True,False,False,4512,4512,SPY,SPY,SPY
ALK,2020-11-09,2020-11-06,2020-11-10,2020-11-24,VALID,True,AD,0000766421,SEC_TICKERS,False,False,False,False,0,2018-11-01,2023-12-29,0,True,0000766421,[],[],True,False,False,0000766421,False,True,2016-05-13,True,True,False,False,4512,4512,SPY,SPY,SPY
APHA,2020-11-09,2020-11-06,2020-11-10,2020-11-24,VALID,True,AC,,UNMAPPED,False,False,False,False,0,2018-11-02,2021-04-30,0,False,,[],[],False,False,False,,False,False,,False,False,False,False,,,SPY,SPY,SPY
APVO,2020-11-09,2020-11-06,2020-11-10,2020-11-24,VALID,True,A,0001671584,SEC_TICKERS,False,False,False,True,0,2020-03-11,2023-12-20,1237,True,0001671584,[],[],True,False,False,0001671584,False,False,,False,True,False,False,2834,2834,XBI,XBI,XBI
ARMK,2020-11-09,2020-11-06,2020-11-10,2020-11-24,VALID,True,A,0001584509,SEC_TICKERS,False,False,False,False,0,2018-11-01,2023-12-29,0,True,0001584509,[],[],True,False,False,0001584509,False,False,,False,True,False,False,5812,5812,SPY,SPY,SPY
ASB,2020-11-09,2020-11-06,2020-11-10,2020-11-24,VALID,True,A,0000007789,SEC_TICKERS,False,False,False,False,0,2018-11-01,2023-12-29,0,True,0000007789,[],[],True,False,False,0000007789,False,False,,False,True,False,False,6022,6022,XLF,XLF,XLF
ATI,2020-11-09,2020-11-06,2020-11-10,2020-11-24,VALID,True,A,0001018963,SEC_TICKERS,False,False,False,False,0,2018-11-01,2023-12-29,0,True,0001018963,[],[],True,False,False,0001018963,False,False,1996-01-02,True,True,False,False,3317,3317,SPY,SPY,SPY
AZUL,2020-11-09,2020-11-06,2020-11-10,2020-11-24,VALID,True,A,,UNMAPPED,False,False,False,False,0,2018-11-01,2023-12-29,0,False,,[],"[[""2026-06-01"", ""AZLUY""]]",False,False,False,,False,False,,False,False,False,False,,,SPY,SPY,SPY
BCS,2020-11-09,2020-11-06,2020-11-10,2020-11-24,VALID,True,A,0000312069,SEC_TICKERS,False,False,False,False,0,2018-11-01,2023-12-29,0,True,0000312069,[],[],False,False,False,,False,False,,False,False,False,True,6029,6029,XLF,XLF,XLF
BFH,2020-11-09,2020-11-06,2020-11-10,2020-11-24,VALID,True,A,0001101215,SEC_TICKERS,False,False,False,False,0,2018-11-01,2023-12-29,0,False,,[],"[[""2022-04-04"", ""ADS""]]",False,False,True,,False,False,,False,True,False,False,6141,6141,SPY,XLF,XLF
BLMN,2020-11-09,2020-11-06,2020-11-10,2020-11-24,VALID,True,A,0001546417,SEC_TICKERS,False,False,False,False,0,2018-11-01,2023-12-29,0,True,0001546417,[],[],True,False,False,0001546417,False,False,,False,True,False,False,5812,5812,SPY,SPY,SPY
BRX,2020-11-09,2020-11-06,2020-11-10,2020-11-24,VALID,True,A,0001581068,SEC_TICKERS,False,False,False,False,0,2018-11-01,2023-12-29,0,True,0001581068,[],[],True,False,False,0001581068,False,False,,False,True,False,False,6798,6798,XLF,XLF,XLF
CAKE,2020-11-09,2020-11-06,2020-11-10,2020-11-24,VALID,True,A,0000887596,SEC_TICKERS,False,False,False,False,0,2018-11-01,2023-12-29,0,True,0000887596,[],[],True,False,False,0000887596,False,False,,False,True,False,False,5812,5812,SPY,SPY,SPY
CBRL,2020-11-09,2020-11-06,2020-11-10,2020-11-24,VALID,True,A,0001067294,SEC_TICKERS,False,False,False,False,0,2018-11-01,2023-12-29,0,True,0001067294,[],[],True,False,False,0001067294,False,False,,False,True,False,False,5812,5812,SPY,SPY,SPY
CCEP,2020-11-09,2020-11-06,2020-11-10,2020-11-24,VALID,True,A,0001650107,SEC_TICKERS,False,False,False,False,0,2018-11-01,2023-12-29,0,True,0001650107,[],[],False,False,False,,False,False,2016-01-04,True,False,False,False,2086,2086,SPY,SPY,SPY
CHH,2020-11-09,2020-11-06,2020-11-10,2020-11-24,VALID,True,A,0001046311,SEC_TICKERS,False,False,False,False,0,2018-11-01,2023-12-29,0,True,0001046311,[],[],True,False,False,0001046311,False,False,,False,True,False,False,7011,7011,SPY,SPY,SPY
CHPT,2020-11-09,2020-11-06,2020-11-10,2020-11-24,VALID,True,A,0001777393,SEC_TICKERS,False,False,False,False,0,2019-09-16,2023-12-29,89,False,,[],"[[""2021-03-01"", ""SBE""]]",False,False,True,,False,False,,False,True,False,False,3690,3790,SPY,XLI,XLI
CINF,2020-11-09,2020-11-06,2020-11-10,2020-11-24,VALID,True,AD,0000020286,SEC_TICKERS,False,False,False,False,0,2018-11-01,2023-12-29,0,True,0000020286,[],[],True,False,False,0000020286,False,True,1997-12-18,True,True,False,False,6331,6331,XLF,XLF,XLF
CLR,2020-11-09,2020-11-06,2020-11-10,2020-11-24,VALID,False,C,0000732834,FORM345_TICKER,False,False,False,False,0,2018-11-01,2022-11-22,0,True,0000732834,[],[],True,False,False,0000732834,True,False,,False,True,False,False,1311,1311,XLE,XLE,XLE
CMA,2020-11-09,2020-11-06,2020-11-10,2020-11-24,VALID,False,D,0000028412,FORM345_TICKER,False,False,False,False,0,2018-11-01,2023-12-29,0,True,0000028412,[],[],True,False,False,0000028412,True,True,1996-01-02,True,True,False,False,6021,6021,XLF,XLF,XLF
CNQ,2020-11-09,2020-11-06,2020-11-10,2020-11-24,VALID,True,A,0001017413,SEC_TICKERS,False,False,False,False,0,2018-11-01,2023-12-29,0,True,0001017413,[],[],False,False,False,,False,False,,False,False,False,False,1311,1311,XLE,XLE,XLE
CPA,2020-11-09,2020-11-06,2020-11-10,2020-11-24,VALID,True,A,0001345105,SEC_TICKERS,False,False,False,False,0,2018-11-01,2023-12-29,0,True,0001345105,[],[],False,False,False,,False,False,,False,False,False,False,4512,4512,SPY,SPY,SPY
CPRI,2020-11-09,2020-11-06,2020-11-10,2020-11-24,VALID,True,AD,0001530721,SEC_TICKERS,False,False,False,False,0,2018-11-01,2023-12-29,0,True,0001530721,[],[],True,False,False,0001530721,False,False,2016-01-04,True,True,False,False,3100,3100,SPY,SPY,SPY
CR,2020-11-09,2020-11-06,2020-11-10,2020-11-24,VALID,True,ABC,0000025445,RENAME_CHAIN_FWD,False,False,False,False,0,2018-11-01,2023-12-29,0,True,0000025445,[],[],True,False,False,0000025445,False,False,1996-01-02,True,True,False,False,3490,3490,SPY,SPY,SPY
CRON,2020-11-09,2020-11-06,2020-11-10,2020-11-24,VALID,True,A,0001656472,SEC_TICKERS,False,False,False,False,0,2018-11-01,2023-12-29,0,True,0001656472,[],[],True,False,False,0001656472,False,False,,False,True,False,False,2833,2833,XBI,XBI,XBI
CTLT,2020-11-09,2020-11-06,2020-11-10,2020-11-24,VALID,False,D,0001596783,FORM345_TICKER,False,False,False,False,0,2018-11-01,2023-12-29,0,True,0001596783,[],[],True,False,False,0001596783,True,True,2020-09-21,True,True,False,False,2834,2834,XBI,XBI,XBI
CW,2020-11-09,2020-11-06,2020-11-10,2020-11-24,VALID,True,A,0000026324,SEC_TICKERS,False,False,False,False,0,2018-11-01,2023-12-29,0,True,0000026324,[],[],True,False,False,0000026324,False,False,,False,True,False,False,3590,3590,SPY,SPY,SPY
CYRX,2020-11-09,2020-11-06,2020-11-10,2020-11-24,VALID,True,A,0001124524,SEC_TICKERS,False,False,False,False,0,2018-11-01,2023-12-29,0,True,0001124524,[],[],True,False,False,0001124524,False,False,,False,True,False,False,2834,2834,XBI,XBI,XBI
DEO,2020-11-09,2020-11-06,2020-11-10,2020-11-24,VALID,True,A,0000835403,SEC_TICKERS,False,False,False,False,0,2018-11-01,2023-12-29,0,True,0000835403,[],[],False,False,False,,False,False,,False,False,False,False,2080,2080,SPY,SPY,SPY
DIN,2020-11-09,2020-11-06,2020-11-10,2020-11-24,VALID,True,A,0000049754,SEC_TICKERS,False,False,False,False,0,2018-11-01,2023-12-29,0,True,0000049754,[],[],True,False,False,0000049754,False,False,,False,True,False,False,5812,5812,SPY,SPY,SPY
DINO,2020-11-09,2020-11-06,2020-11-10,2020-11-24,VALID,True,A,0001915657,SEC_TICKERS,False,False,False,False,0,2018-11-01,2023-12-29,0,False,,[],"[[""2022-03-15"", ""HFC""]]",False,False,True,,False,False,,False,False,False,False,4610,4610,SPY,SPY,SPY
EAT,2020-11-09,2020-11-06,2020-11-10,2020-11-24,VALID,True,A,0000703351,SEC_TICKERS,False,False,False,False,0,2018-11-01,2023-12-29,0,True,0000703351,[],[],True,False,False,0000703351,False,False,,False,True,False,False,5812,5812,SPY,SPY,SPY
EEFT,2020-11-09,2020-11-06,2020-11-10,2020-11-24,VALID,True,A,0001029199,SEC_TICKERS,False,False,False,False,0,2018-11-01,2023-12-29,0,True,0001029199,[],[],True,False,False,0001029199,False,False,,False,True,False,False,6099,6099,XLF,XLF,XLF
EPR,2020-11-09,2020-11-06,2020-11-10,2020-11-24,VALID,True,A,0001045450,SEC_TICKERS,False,False,False,False,0,2018-11-01,2023-12-29,0,True,0001045450,[],[],True,False,False,0001045450,False,False,,False,True,False,False,6798,6798,XLF,XLF,XLF
EQH,2020-11-09,2020-11-06,2020-11-10,2020-11-24,VALID,True,A,0001333986,SEC_TICKERS,False,False,False,False,0,2018-11-01,2023-12-29,0,True,0001333986,[],[],True,False,False,0001333986,False,False,,False,True,False,False,6411,6411,XLF,XLF,XLF
EQNR,2020-11-09,2020-11-06,2020-11-10,2020-11-24,VALID,True,A,0001140625,SEC_TICKERS,False,False,False,False,0,2018-11-01,2023-12-29,0,True,0001140625,[],[],False,False,False,,False,False,,False,False,False,True,2911,2911,XLE,XLE,XLE
FLS,2020-11-09,2020-11-06,2020-11-10,2020-11-24,VALID,True,AD,0000030625,SEC_TICKERS,False,False,False,False,0,2018-11-01,2023-12-29,0,True,0000030625,[],[],True,False,False,0000030625,False,True,2008-10-02,True,True,False,False,3561,3561,SPY,SPY,SPY
FTI,2020-11-09,2020-11-06,2020-11-10,2020-11-24,VALID,True,AD,0001681459,SEC_TICKERS,False,False,False,False,0,2018-11-01,2023-12-29,0,True,0001681459,[],[],True,False,False,0001681459,False,True,2009-06-05,True,True,False,False,3533,3533,SPY,SPY,SPY
FUN,2020-11-09,2020-11-06,2020-11-10,2020-11-24,VALID,True,A,0001999001,SEC_TICKERS,False,False,False,False,0,2018-11-01,2023-12-29,0,True,0001999001,[],[],False,True,False,0000811532,False,False,,False,False,False,False,7900,7900,SPY,SPY,SPY
GRA,2020-11-09,2020-11-06,2020-11-10,2020-11-24,VALID,True,AC,0001045309,FORM345_TICKER,False,False,False,False,0,2018-11-01,2021-09-21,0,True,0001045309,[],[],True,False,False,0001045309,False,False,1996-01-02,True,True,False,False,2800,2800,SPY,SPY,SPY
GRPN,2020-11-09,2020-11-06,2020-11-10,2020-11-24,VALID,True,A,0001490281,SEC_TICKERS,False,False,False,False,0,2018-11-01,2023-12-29,0,True,0001490281,[],[],True,False,False,0001490281,False,False,,False,True,False,False,7311,7311,SPY,SPY,SPY
H,2020-11-09,2020-11-06,2020-11-10,2020-11-24,VALID,True,A,0001468174,SEC_TICKERS,False,False,False,False,0,2018-11-01,2023-12-29,0,True,0001468174,[],[],True,False,False,0001468174,False,False,1996-01-02,True,True,False,False,7011,7011,SPY,SPY,SPY
HES,2020-11-09,2020-11-06,2020-11-10,2020-11-24,VALID,False,D,0000004447,FORM345_TICKER,False,False,False,False,0,2018-11-01,2023-12-29,0,True,0000004447,[],[],True,False,False,0000004447,True,True,1996-01-02,True,True,False,False,2911,2911,XLE,XLE,XLE
HFC,2020-11-09,2020-11-06,2020-11-10,2020-11-24,VALID,True,BD,0001915657,RENAME_CHAIN_FWD,False,False,False,False,0,2018-11-01,2022-03-14,0,True,0001915657,[],[],False,True,False,0000048039,False,True,2018-06-18,True,False,False,False,4610,4610,SPY,SPY,SPY
HGV,2020-11-09,2020-11-06,2020-11-10,2020-11-24,VALID,True,A,0001674168,SEC_TICKERS,False,False,False,False,0,2018-11-01,2023-12-29,0,True,0001674168,[],[],True,False,False,0001674168,False,False,,False,True,False,False,7000,7000,SPY,SPY,SPY
HP,2020-11-09,2020-11-06,2020-11-10,2020-11-24,VALID,True,AD,0000046765,SEC_TICKERS,False,False,False,False,0,2018-11-01,2023-12-29,0,True,0000046765,[],[],True,False,False,0000046765,False,False,1996-01-02,True,True,False,False,1381,1381,XLE,XLE,XLE
HSBC,2020-11-09,2020-11-06,2020-11-10,2020-11-24,VALID,True,A,0001089113,SEC_TICKERS,False,False,False,False,0,2018-11-01,2023-12-29,0,True,0001089113,[],[],False,False,False,,False,False,,False,False,False,True,6035,6035,XLF,XLF,XLF
HTHT,2020-11-09,2020-11-06,2020-11-10,2020-11-24,VALID,True,A,0001483994,SEC_TICKERS,False,False,False,False,0,2018-11-01,2023-12-29,0,True,0001483994,[],[],False,False,False,,False,False,,False,False,False,False,7011,7011,SPY,SPY,SPY
HXL,2020-11-09,2020-11-06,2020-11-10,2020-11-24,VALID,True,A,0000717605,SEC_TICKERS,False,False,False,False,0,2018-11-01,2023-12-29,0,True,0000717605,[],[],True,False,False,0000717605,False,False,,False,True,False,False,2821,2821,SPY,SPY,SPY
ING,2020-11-09,2020-11-06,2020-11-10,2020-11-24,VALID,True,A,0001039765,SEC_TICKERS,False,False,False,False,0,2018-11-01,2023-12-29,0,True,0001039765,[],[],False,False,False,,False,False,,False,False,False,True,6029,6029,XLF,XLF,XLF
KEX,2020-11-09,2020-11-06,2020-11-10,2020-11-24,VALID,True,A,0000056047,SEC_TICKERS,False,False,False,False,0,2018-11-01,2023-12-29,0,True,0000056047,[],[],True,False,False,0000056047,False,False,,False,True,False,False,4400,4400,SPY,SPY,SPY
KIM,2020-11-09,2020-11-06,2020-11-10,2020-11-24,VALID,True,ACD,0000879101,SEC_TICKERS,False,False,False,False,0,2018-11-01,2023-12-29,0,True,0000879101,[],[],True,False,False,0000879101,False,True,2006-04-03,True,True,False,False,6798,6798,XLF,XLF,XLF
KRC,2020-11-09,2020-11-06,2020-11-10,2020-11-24,VALID,True,A,0001025996,SEC_TICKERS,False,False,False,False,0,2018-11-01,2023-12-29,0,True,0001025996,[],[],True,False,False,0001025996,False,False,,False,True,False,False,6798,6798,XLF,XLF,XLF
LAC,2020-11-09,2020-11-06,2020-11-10,2020-11-24,VALID,True,ABC,0001966983,SEC_TICKERS,False,False,False,False,0,2018-11-01,2023-12-29,0,True,0001966983,[],[],False,False,False,,False,False,,False,False,False,False,1000,1000,XLE,XLE,XLE
LAMR,2020-11-09,2020-11-06,2020-11-10,2020-11-24,VALID,True,A,0001090425,SEC_TICKERS,False,False,False,False,0,2018-11-01,2023-12-29,0,True,0001090425,[],[],True,False,False,0001090425,False,False,,False,True,False,False,6798,6798,XLF,XLF,XLF
LNC,2020-11-09,2020-11-06,2020-11-10,2020-11-24,VALID,True,AD,0000059558,SEC_TICKERS,False,False,False,False,0,2018-11-01,2023-12-29,0,True,0000059558,[],[],True,False,False,0000059558,False,True,1996-01-02,True,True,False,False,6311,6311,XLF,XLF,XLF
MAC,2020-11-09,2020-11-06,2020-11-10,2020-11-24,VALID,True,AD,0000912242,SEC_TICKERS,False,False,False,False,0,2018-11-01,2023-12-29,0,True,0000912242,[],[],True,False,False,0000912242,False,False,2013-05-09,True,True,False,False,6798,6798,XLF,XLF,XLF
MLCO,2020-11-09,2020-11-06,2020-11-10,2020-11-24,VALID,True,A,0001381640,SEC_TICKERS,False,False,False,False,0,2018-11-01,2023-12-29,0,True,0001381640,[],[],False,False,False,,False,False,,False,False,False,False,7011,7011,SPY,SPY,SPY
MSGS,2020-11-09,2020-11-06,2020-11-10,2020-11-24,VALID,True,A,0001636519,SEC_TICKERS,False,False,False,False,0,2018-11-01,2023-12-29,0,True,0001636519,[],[],True,False,False,0001636519,False,False,,False,True,False,False,7990,7990,SPY,SPY,SPY
MTDR,2020-11-09,2020-11-06,2020-11-10,2020-11-24,VALID,True,A,0001520006,SEC_TICKERS,False,False,False,False,0,2018-11-01,2023-12-29,0,True,0001520006,[],[],True,False,False,0001520006,False,False,,False,True,False,False,1311,1311,XLE,XLE,XLE
MUR,2020-11-09,2020-11-06,2020-11-10,2020-11-24,VALID,True,A,0000717423,SEC_TICKERS,False,False,False,False,0,2018-11-01,2023-12-29,0,True,0000717423,[],[],True,False,False,0000717423,False,False,2005-08-15,True,True,False,False,1311,1311,XLE,XLE,XLE
NCR,2020-11-09,2020-11-06,2020-11-10,2020-11-24,VALID,True,B,0000070866,RENAME_CHAIN_FWD,False,False,False,False,0,2018-11-01,2023-10-16,0,True,0000070866,[],[],True,False,False,0000070866,False,False,2000-01-04,True,True,False,False,3578,3578,XLK,XLK,XLK
NOV,2020-11-09,2020-11-06,2020-11-10,2020-11-24,VALID,True,AD,0001021860,SEC_TICKERS,False,False,False,False,0,2018-11-01,2023-12-29,0,True,0001021860,[],[],True,False,False,0001021860,False,True,2005-03-14,True,True,False,False,3533,3533,SPY,SPY,SPY
NUVA,2020-11-09,2020-11-06,2020-11-10,2020-11-24,VALID,False,C,0001142596,FORM345_TICKER,False,False,False,False,0,2018-11-01,2023-08-31,1,True,0001142596,[],[],True,False,False,0001142596,True,False,,False,True,False,False,3841,3841,XLV,XLV,XLV
OUT,2020-11-09,2020-11-06,2020-11-10,2020-11-24,VALID,True,A,0001579877,SEC_TICKERS,False,False,False,False,0,2018-11-01,2023-12-29,0,True,0001579877,[],[],True,False,False,0001579877,False,False,,False,True,False,False,6798,6798,XLF,XLF,XLF
OVV,2020-11-09,2020-11-06,2020-11-10,2020-11-24,VALID,True,A,0001792580,SEC_TICKERS,False,False,False,False,0,2018-11-01,2023-12-29,0,True,0001792580,[],[],True,False,False,0001792580,False,False,,False,True,False,False,1311,1311,XLE,XLE,XLE
PBF,2020-11-09,2020-11-06,2020-11-10,2020-11-24,VALID,True,A,0001534504,SEC_TICKERS,False,False,False,False,0,2018-11-01,2023-12-29,0,True,0001534504,[],[],True,False,False,0001534504,False,False,,False,True,False,False,2911,2911,XLE,XLE,XLE
PBR.A,2020-11-09,2020-11-06,2020-11-10,2020-11-24,VALID,True,A,0001119639,SEC_TICKERS,False,False,False,False,0,2018-11-01,2023-12-29,0,True,0001119639,[],[],False,False,False,,False,False,,False,False,False,True,1311,1311,XLE,XLE,XLE
PFGC,2020-11-09,2020-11-06,2020-11-10,2020-11-24,VALID,True,A,0001618673,SEC_TICKERS,False,False,False,False,0,2018-11-01,2023-12-29,0,True,0001618673,[],[],True,False,False,0001618673,False,False,,False,True,False,False,5141,5141,SPY,SPY,SPY
PK,2020-11-09,2020-11-06,2020-11-10,2020-11-24,VALID,True,A,0001617406,SEC_TICKERS,False,False,False,False,0,2018-11-01,2023-12-29,0,True,0001617406,[],[],True,False,False,0001617406,False,False,,False,True,False,False,7011,7011,SPY,SPY,SPY
PLAY,2020-11-09,2020-11-06,2020-11-10,2020-11-24,VALID,True,A,0001525769,SEC_TICKERS,False,False,False,False,0,2018-11-01,2023-12-29,0,True,0001525769,[],[],True,False,False,0001525769,False,False,,False,True,False,False,5812,5812,SPY,SPY,SPY
PLCE,2020-11-09,2020-11-06,2020-11-10,2020-11-24,VALID,True,A,0001041859,SEC_TICKERS,False,False,False,False,0,2018-11-01,2023-12-29,0,True,0001041859,[],[],True,False,False,0001041859,False,False,,False,True,False,False,5651,5651,SPY,SPY,SPY
PRKS,2020-11-09,2020-11-06,2020-11-10,2020-11-24,VALID,True,A,0001564902,SEC_TICKERS,False,False,False,False,0,2018-11-01,2023-12-29,0,False,,[],"[[""2024-02-13"", ""SEAS""]]",False,False,False,,False,False,,False,True,False,False,7990,7990,SPY,SPY,SPY
PVH,2020-11-09,2020-11-06,2020-11-10,2020-11-24,VALID,True,AD,0000078239,SEC_TICKERS,False,False,False,False,0,2018-11-01,2023-12-29,0,True,0000078239,[],[],True,False,False,0000078239,False,True,2013-02-14,True,True,False,False,2320,2320,SPY,SPY,SPY
RDS.B,2020-11-09,2020-11-06,2020-11-10,2020-11-24,VALID,True,A,,UNMAPPED,False,False,False,False,0,2018-11-01,2022-01-28,0,False,,[],[],False,False,False,,False,False,,False,False,False,False,,,SPY,SPY,SPY
REG,2020-11-09,2020-11-06,2020-11-10,2020-11-24,VALID,True,AD,0000910606,SEC_TICKERS,False,False,False,False,0,2018-11-01,2023-12-29,0,True,0000910606,[],[],True,False,False,0000910606,False,True,2017-03-02,True,True,False,False,6798,6798,XLF,XLF,XLF
RETA,2020-11-09,2020-11-06,2020-11-10,2020-11-24,VALID,False,C,0001358762,FORM345_TICKER,False,False,False,False,0,2018-11-01,2023-09-25,2,True,0001358762,[],[],True,False,False,0001358762,True,False,,False,True,False,False,2834,2834,XBI,XBI,XBI
RGA,2020-11-09,2020-11-06,2020-11-10,2020-11-24,VALID,True,A,0000898174,SEC_TICKERS,False,False,False,False,0,2018-11-01,2023-12-29,0,True,0000898174,[],[],True,False,False,0000898174,False,False,,False,True,False,False,6311,6311,XLF,XLF,XLF
RHP,2020-11-09,2020-11-06,2020-11-10,2020-11-24,VALID,True,A,0001040829,SEC_TICKERS,False,False,False,False,0,2018-11-01,2023-12-29,0,True,0001040829,[],[],True,False,False,0001040829,False,False,,False,True,False,False,6798,6798,XLF,XLF,XLF
RRR,2020-11-09,2020-11-06,2020-11-10,2020-11-24,VALID,True,A,0001653653,SEC_TICKERS,False,False,False,False,0,2018-11-01,2023-12-29,0,True,0001653653,[],[],True,False,False,0001653653,False,False,,False,True,False,False,7011,7011,SPY,SPY,SPY
RYAAY,2020-11-09,2020-11-06,2020-11-10,2020-11-24,VALID,True,A,0001038683,SEC_TICKERS,False,False,False,False,0,2018-11-01,2023-12-29,0,True,0001038683,[],[],False,False,False,,False,False,,False,False,False,True,4512,4512,SPY,SPY,SPY
SABR,2020-11-09,2020-11-06,2020-11-10,2020-11-24,VALID,True,A,0001597033,SEC_TICKERS,False,False,False,False,0,2018-11-01,2023-12-29,0,True,0001597033,[],[],True,False,False,0001597033,False,False,,False,True,False,False,7370,7370,XLK,XLK,XLK
SBE,2020-11-09,2020-11-06,2020-11-10,2020-11-24,VALID,True,B,0001777393,RENAME_CHAIN_FWD,False,False,False,False,0,2019-09-16,2021-02-26,89,True,0001777393,[],[],True,False,False,0001777393,False,False,,False,True,False,False,3690,3790,XLI,XLI,XLI
SBNY,2020-11-09,2020-11-06,2020-11-10,2020-11-24,VALID,False,D,,UNMAPPED,False,False,False,False,0,2018-11-01,2023-03-10,203,False,,[],[],False,False,False,,True,False,2021-12-20,False,False,False,False,,,SPY,SPY,SPY
SHAK,2020-11-09,2020-11-06,2020-11-10,2020-11-24,VALID,True,A,0001620533,SEC_TICKERS,False,False,False,False,0,2018-11-01,2023-12-29,0,True,0001620533,[],[],True,False,False,0001620533,False,False,,False,True,False,False,5810,5810,SPY,SPY,SPY
SHO,2020-11-09,2020-11-06,2020-11-10,2020-11-24,VALID,True,A,0001295810,SEC_TICKERS,False,False,False,False,0,2018-11-01,2023-12-29,0,True,0001295810,[],[],True,False,False,0001295810,False,False,,False,True,False,False,7011,7011,SPY,SPY,SPY
SIG,2020-11-09,2020-11-06,2020-11-10,2020-11-24,VALID,True,A,0000832988,SEC_TICKERS,False,False,False,False,0,2018-11-01,2023-12-29,0,True,0000832988,[],[],True,False,False,0000832988,False,False,2015-07-29,True,True,False,False,5944,5944,SPY,SPY,SPY
SLG,2020-11-09,2020-11-06,2020-11-10,2020-11-24,VALID,True,AD,0001040971,SEC_TICKERS,False,False,False,False,0,2018-11-01,2023-12-29,0,True,0001040971,[],[],True,False,False,0001040971,False,True,2015-03-23,True,True,False,False,6798,6798,XLF,XLF,XLF
STL,2020-11-09,2020-11-06,2020-11-10,2020-11-24,VALID,True,AC,0001070154,FORM345_TICKER,False,False,False,False,0,2018-11-01,2022-01-31,0,True,0001070154,[],[],True,False,False,0001070154,False,False,,False,True,False,False,6021,6021,XLF,XLF,XLF
TCF,2020-11-09,2020-11-06,2020-11-10,2020-11-24,VALID,True,AC,,FORM345_AMBIGUOUS,False,False,False,False,0,2018-11-01,2021-06-08,0,False,,[],[],False,True,False,0000019612,False,False,,False,False,False,False,,,SPY,SPY,SPY
TNL,2020-11-09,2020-11-06,2020-11-10,2020-11-24,VALID,True,A,0001361658,SEC_TICKERS,False,False,False,False,0,2018-11-01,2023-12-29,0,False,,[],"[[""2021-02-17"", ""WYND""]]",False,False,True,,False,False,,False,True,False,False,7011,7011,SPY,SPY,SPY
TRGP,2020-11-09,2020-11-06,2020-11-10,2020-11-24,VALID,True,AD,0001389170,SEC_TICKERS,False,False,False,False,0,2018-11-01,2023-12-29,0,True,0001389170,[],[],True,False,False,0001389170,False,False,2022-10-12,False,True,False,False,4922,4922,SPY,SPY,SPY
TRIP,2020-11-09,2020-11-06,2020-11-10,2020-11-24,VALID,True,AD,0001526520,SEC_TICKERS,False,False,False,False,0,2018-11-01,2023-12-29,0,True,0001526520,[],[],True,False,False,0001526520,False,False,2011-12-21,True,True,False,False,7370,7370,XLK,XLK,XLK
TS,2020-11-09,2020-11-06,2020-11-10,2020-11-24,VALID,True,A,0001190723,SEC_TICKERS,False,False,False,False,0,2018-11-01,2023-12-29,0,True,0001190723,[],[],False,False,False,,False,False,,False,False,False,False,3312,3312,SPY,SPY,SPY
TXRH,2020-11-09,2020-11-06,2020-11-10,2020-11-24,VALID,True,A,0001289460,SEC_TICKERS,False,False,False,False,0,2018-11-01,2023-12-29,0,True,0001289460,[],[],True,False,False,0001289460,False,False,,False,True,False,False,5812,5812,SPY,SPY,SPY
TXT,2020-11-09,2020-11-06,2020-11-10,2020-11-24,VALID,True,AD,0000217346,SEC_TICKERS,False,False,False,False,0,2018-11-01,2023-12-29,0,True,0000217346,[],[],True,False,False,0000217346,False,True,1996-01-02,True,True,False,False,3720,3720,XLI,XLI,XLI
UNM,2020-11-09,2020-11-06,2020-11-10,2020-11-24,VALID,True,AD,0000005513,SEC_TICKERS,False,False,False,False,0,2018-11-01,2023-12-29,0,True,0000005513,[],[],True,False,False,0000005513,False,True,1996-01-02,True,True,False,False,6321,6321,XLF,XLF,XLF
UNVR,2020-11-09,2020-11-06,2020-11-10,2020-11-24,VALID,False,C,0001494319,FORM345_TICKER,False,False,False,False,0,2018-11-01,2023-07-31,0,True,0001494319,[],[],True,False,False,0001494319,True,False,,False,True,False,False,5160,5160,SPY,SPY,SPY
URBN,2020-11-09,2020-11-06,2020-11-10,2020-11-24,VALID,True,A,0000912615,SEC_TICKERS,False,False,False,False,0,2018-11-01,2023-12-29,0,True,0000912615,[],[],True,False,False,0000912615,False,False,2010-02-08,True,True,False,False,5651,5651,SPY,SPY,SPY
USFD,2020-11-09,2020-11-06,2020-11-10,2020-11-24,VALID,True,A,0001665918,SEC_TICKERS,False,False,False,False,0,2018-11-01,2023-12-29,0,True,0001665918,[],[],True,False,False,0001665918,False,False,,False,True,False,False,5140,5140,SPY,SPY,SPY
VAC,2020-11-09,2020-11-06,2020-11-10,2020-11-24,VALID,True,A,0001524358,SEC_TICKERS,False,False,False,False,0,2018-11-01,2023-12-29,0,True,0001524358,[],[],True,False,False,0001524358,False,False,,False,True,False,False,6531,6531,XLF,XLF,XLF
VER,2020-11-09,2020-11-06,2020-11-10,2020-11-24,VALID,True,AC,0001507385,FORM345_TICKER,False,False,False,False,0,2018-11-01,2021-10-29,0,True,0001507385,[],[],True,False,False,0001507385,False,False,,False,True,False,False,6798,6798,XLF,XLF,XLF
VNO,2020-11-09,2020-11-06,2020-11-10,2020-11-24,VALID,True,AD,0000899689,SEC_TICKERS,False,False,False,False,0,2018-11-01,2023-12-29,0,True,0000899689,[],[],True,False,False,0000899689,False,True,2005-08-12,True,True,False,False,6798,6798,XLF,XLF,XLF
VYX,2020-11-09,2020-11-06,2020-11-10,2020-11-24,VALID,True,A,0000070866,SEC_TICKERS,False,False,False,False,0,2018-11-01,2023-12-29,0,False,,[],"[[""2023-10-17"", ""NCR""]]",False,False,True,,False,False,,False,True,False,False,3578,3578,SPY,XLK,XLK
WAL,2020-11-09,2020-11-06,2020-11-10,2020-11-24,VALID,True,A,0001212545,SEC_TICKERS,False,False,False,False,0,2018-11-01,2023-12-29,0,True,0001212545,[],[],True,False,False,0001212545,False,False,,False,True,False,False,6022,6022,XLF,XLF,XLF
WH,2020-11-09,2020-11-06,2020-11-10,2020-11-24,VALID,True,A,0001722684,SEC_TICKERS,False,False,False,False,0,2018-11-01,2023-12-29,0,True,0001722684,[],[],True,False,False,0001722684,False,False,,False,True,False,False,7011,7011,SPY,SPY,SPY
WPX,2020-11-09,2020-11-06,2020-11-10,2020-11-24,VALID,True,AC,0001518832,FORM345_TICKER,False,False,False,False,0,2018-11-01,2021-01-06,0,True,0001518832,[],[],True,False,False,0001518832,False,False,2012-01-03,True,True,False,False,1311,1311,XLE,XLE,XLE
WTFC,2020-11-09,2020-11-06,2020-11-10,2020-11-24,VALID,True,A,0001015328,SEC_TICKERS,False,False,False,False,0,2018-11-01,2023-12-29,0,True,0001015328,[],[],True,False,False,0001015328,False,False,,False,True,False,False,6022,6022,XLF,XLF,XLF
WYND,2020-11-09,2020-11-06,2020-11-10,2020-11-24,VALID,True,B,0001361658,RENAME_CHAIN_FWD,False,False,False,False,0,2018-11-01,2021-02-16,0,True,0001361658,[],[],True,False,False,0001361658,False,False,2006-08-01,True,True,False,False,7011,7011,SPY,SPY,SPY
XEC,2020-11-09,2020-11-06,2020-11-10,2020-11-24,VALID,True,ACD,0001168054,FORM345_TICKER,False,False,False,False,0,2018-11-01,2021-09-30,0,True,0001168054,[],[],True,False,False,0001168054,False,False,2014-06-20,True,True,False,False,1311,1311,XLE,XLE,XLE
YELP,2020-11-09,2020-11-06,2020-11-10,2020-11-24,VALID,True,A,0001345016,SEC_TICKERS,False,False,False,False,0,2018-11-01,2023-12-29,0,True,0001345016,[],[],True,False,False,0001345016,False,False,,False,True,False,False,7200,7200,SPY,SPY,SPY
FLGT,2020-11-10,2020-11-09,2020-11-11,2020-11-25,VALID,True,A,0001674930,SEC_TICKERS,False,False,False,False,0,2018-11-01,2023-12-29,2,True,0001674930,[],[],True,False,False,0001674930,False,False,,False,True,False,False,8071,8071,SPY,SPY,SPY
GTEC,2020-11-10,2020-11-09,2020-11-11,2020-11-25,VALID,True,A,0001735041,SEC_TICKERS,False,False,False,False,0,2018-11-09,2023-12-29,122,True,0001735041,[],[],True,False,False,0001735041,False,False,,False,True,False,False,3560,3560,SPY,SPY,SPY
MGNI,2020-11-10,2020-11-09,2020-11-11,2020-11-25,VALID,True,A,0001595974,SEC_TICKERS,False,False,False,False,0,2018-11-01,2023-12-29,0,True,0001595974,[],[],True,False,False,0001595974,False,False,,False,True,False,False,7370,7370,XLK,XLK,XLK
AZTA,2020-11-11,2020-11-10,2020-11-12,2020-11-27,VALID,True,A,0000933974,SEC_TICKERS,False,False,False,False,0,2018-11-01,2023-12-29,0,False,,[],"[[""2021-12-01"", ""BRKS""]]",False,False,True,,False,False,,False,True,False,False,3559,3559,SPY,SPY,SPY
BRKS,2020-11-11,2020-11-10,2020-11-12,2020-11-27,VALID,True,B,0000933974,RENAME_CHAIN_FWD,False,False,False,False,0,2018-11-01,2021-11-30,0,True,0000933974,[],[],True,False,False,0000933974,False,False,,False,True,False,False,3559,3559,SPY,SPY,SPY
FPRX,2020-11-11,2020-11-10,2020-11-12,2020-11-27,VALID,True,AC,0001175505,FORM345_TICKER,False,False,False,False,0,2018-11-01,2021-04-15,0,True,0001175505,[],[],True,False,False,0001175505,False,False,,False,True,False,False,2834,2834,XBI,XBI,XBI
FUBO,2020-11-11,2020-11-10,2020-11-12,2020-11-27,VALID,True,A,0001484769,SEC_TICKERS,False,False,False,False,0,2020-10-08,2023-12-29,0,True,0001484769,[],[],True,False,False,0001484769,False,False,,False,True,False,False,7812,7812,SPY,SPY,SPY
ZLAB,2020-11-11,2020-11-10,2020-11-12,2020-11-27,VALID,True,A,0001704292,SEC_TICKERS,False,False,False,False,0,2018-11-01,2023-12-29,0,True,0001704292,[],[],False,False,True,,False,False,,False,False,False,False,2834,2834,XBI,XBI,XBI
CELH,2020-11-12,2020-11-11,2020-11-13,2020-11-30,VALID,True,A,0001341766,SEC_TICKERS,False,False,False,False,0,2018-11-01,2023-12-29,0,True,0001341766,[],[],True,False,False,0001341766,False,False,,False,True,False,False,2086,2086,SPY,SPY,SPY
CBAT,2020-11-13,2020-11-12,2020-11-16,2020-12-01,VALID,True,A,0002086841,SEC_TICKERS,False,False,False,False,0,2018-11-01,2023-12-29,0,True,0002086841,[],[],False,True,False,0001117171,False,False,,False,False,False,False,3690,3690,XLI,XLI,XLI
CBAT,2020-11-16,2020-11-13,2020-11-17,2020-12-02,VALID,True,A,0002086841,SEC_TICKERS,False,False,False,False,0,2018-11-01,2023-12-29,0,True,0002086841,[],[],False,True,False,0001117171,False,False,,False,False,False,False,3690,3690,XLI,XLI,XLI
CRNC,2020-11-16,2020-11-13,2020-11-17,2020-12-02,VALID,True,A,0001768267,SEC_TICKERS,False,False,False,False,0,2019-09-16,2023-12-29,2,True,0001768267,[],[],True,False,False,0001768267,False,False,,False,True,False,False,7372,7372,XLK,XLK,XLK
SABR,2020-11-16,2020-11-13,2020-11-17,2020-12-02,VALID,True,A,0001597033,SEC_TICKERS,False,False,False,False,0,2018-11-01,2023-12-29,0,True,0001597033,[],[],True,False,False,0001597033,False,False,,False,True,False,False,7370,7370,XLK,XLK,XLK
CORT,2020-11-19,2020-11-18,2020-11-20,2020-12-07,VALID,True,A,0001088856,SEC_TICKERS,False,False,False,False,0,2018-11-01,2023-12-29,0,True,0001088856,[],[],True,False,False,0001088856,False,False,,False,True,False,False,2834,2834,XBI,XBI,XBI
SBGI,2020-11-19,2020-11-18,2020-11-20,2020-12-07,VALID,True,AC,0001971213,SEC_TICKERS,False,False,False,False,0,2018-11-01,2023-12-29,0,True,0001971213,[],[],False,True,True,0000912752,False,False,,False,False,False,False,4833,4833,SPY,SPY,SPY
SONO,2020-11-19,2020-11-18,2020-11-20,2020-12-07,VALID,True,A,0001314727,SEC_TICKERS,False,False,False,False,0,2018-11-01,2023-12-29,0,True,0001314727,[],[],True,False,False,0001314727,False,False,,False,True,False,False,3651,3651,XLI,XLI,XLI
FABC,2020-11-20,2020-11-19,2020-11-23,2020-12-08,VALID,True,A,0001086745,SEC_TICKERS,False,False,False,False,0,2018-11-01,2023-12-29,0,False,,[],"[[""2026-04-29"", ""SBLX""]]",False,False,False,,False,False,,False,True,False,False,4899,4899,SPY,SPY,SPY
FEYE,2020-11-20,2020-11-19,2020-11-23,2020-12-08,VALID,True,B,0001370880,FORM345_TICKER,False,False,False,False,0,2018-11-01,2021-10-04,0,True,0001370880,[],[],True,False,False,0001370880,False,False,,False,True,False,False,3577,3577,XLK,XLK,XLK
KXIN,2020-11-20,2020-11-19,2020-11-23,2020-12-08,VALID,True,A,0001713539,SEC_TICKERS,False,False,False,False,0,2018-11-07,2023-12-29,857,True,0001713539,[],[],True,False,False,0001713539,False,False,,False,True,False,False,5500,5500,SPY,SPY,SPY
BFLY,2020-11-23,2020-11-20,2020-11-24,2020-12-09,VALID,True,A,0001804176,SEC_TICKERS,False,False,False,False,0,2020-07-13,2023-12-29,1,False,,[],"[[""2021-02-16"", ""LGVW""]]",False,False,True,,False,False,,False,True,False,False,3844,3844,SPY,XLV,XLV
GP,2020-11-23,2020-11-20,2020-11-24,2020-12-09,VALID,True,A,0001584547,SEC_TICKERS,False,False,False,False,0,2020-08-28,2023-12-29,0,True,0001584547,[],[],False,False,False,,False,False,1996-01-02,True,False,False,False,3713,3713,XLI,XLI,XLI
GTEC,2020-11-23,2020-11-20,2020-11-24,2020-12-09,VALID,True,A,0001735041,SEC_TICKERS,False,False,False,False,0,2018-11-09,2023-12-29,122,True,0001735041,[],[],True,False,False,0001735041,False,False,,False,True,False,False,3560,3560,SPY,SPY,SPY
KXIN,2020-11-23,2020-11-20,2020-11-24,2020-12-09,VALID,True,A,0001713539,SEC_TICKERS,False,False,False,False,0,2018-11-07,2023-12-29,857,True,0001713539,[],[],True,False,False,0001713539,False,False,,False,True,False,False,5500,5500,SPY,SPY,SPY
LGVW,2020-11-23,2020-11-20,2020-11-24,2020-12-09,VALID,True,B,0001804176,RENAME_CHAIN_FWD,False,False,False,False,0,2020-07-13,2021-02-12,1,True,0001804176,[],[],False,False,False,,False,False,,False,True,False,False,3844,3844,XLV,XLV,XLV
UMC,2020-11-23,2020-11-20,2020-11-24,2020-12-09,VALID,True,A,0001033767,SEC_TICKERS,False,False,False,False,0,2018-11-01,2023-12-29,0,True,0001033767,[],[],False,False,False,,False,False,,False,False,False,False,3674,3674,XLI,XLI,XLI
BFLY,2020-11-24,2020-11-23,2020-11-25,2020-12-10,VALID,True,A,0001804176,SEC_TICKERS,False,False,False,False,0,2020-07-13,2023-12-29,1,False,,[],"[[""2021-02-16"", ""LGVW""]]",False,False,True,,False,False,,False,True,False,False,3844,3844,SPY,XLV,XLV
FTEK,2020-11-24,2020-11-23,2020-11-25,2020-12-10,VALID,True,A,0000846913,SEC_TICKERS,False,False,False,False,0,2018-11-01,2023-12-29,0,True,0000846913,[],[],True,False,False,0000846913,False,False,,False,True,False,False,3564,3564,SPY,SPY,SPY
GP,2020-11-24,2020-11-23,2020-11-25,2020-12-10,VALID,True,A,0001584547,SEC_TICKERS,False,False,False,False,0,2020-08-28,2023-12-29,0,True,0001584547,[],[],False,False,False,,False,False,1996-01-02,True,False,False,False,3713,3713,XLI,XLI,XLI
LGVW,2020-11-24,2020-11-23,2020-11-25,2020-12-10,VALID,True,B,0001804176,RENAME_CHAIN_FWD,False,False,False,False,0,2020-07-13,2021-02-12,1,True,0001804176,[],[],False,False,False,,False,False,,False,True,False,False,3844,3844,XLV,XLV,XLV
MP,2020-11-24,2020-11-23,2020-11-25,2020-12-10,VALID,True,A,0001801368,SEC_TICKERS,False,False,False,False,0,2020-06-22,2023-12-29,0,True,0001801368,[],[],True,False,False,0001801368,False,False,,False,True,False,False,1000,1000,XLE,XLE,XLE
PIC,2020-11-24,2020-11-23,2020-11-25,2020-12-10,VALID,True,B,0001772720,RENAME_CHAIN_FWD,False,False,False,False,0,2019-09-03,2020-12-21,76,True,0001772720,[],[],True,False,False,0001772720,False,False,,False,True,False,False,4911,3714,SPY,SPY,XLI
SPRU,2020-11-24,2020-11-23,2020-11-25,2020-12-10,VALID,True,A,0001772720,SEC_TICKERS,False,False,False,False,0,2019-09-03,2023-12-29,76,False,,[],"[[""2022-11-14"", ""XL""]]",False,False,True,,False,False,,False,True,False,False,4911,3714,SPY,SPY,XLI
NBAC,2020-11-25,2020-11-24,2020-11-27,2020-12-11,VALID,False,B,0001836875,RENAME_CHAIN_FWD,False,False,False,False,6,2020-05-01,2021-03-22,43,True,0001836875,[],[],False,True,False,0001780262,True,False,,False,False,False,False,3690,3612,XLI,XLI,XLI
VNET,2020-11-25,2020-11-24,2020-11-27,2020-12-11,VALID,True,A,0001508475,SEC_TICKERS,False,False,False,False,0,2018-11-01,2023-12-29,0,True,0001508475,[],[],False,False,False,,False,False,,False,False,False,False,7370,7370,XLK,XLK,XLK
APXT,2020-11-27,2020-11-25,2020-11-30,2020-12-14,VALID,True,AB,0001777921,RENAME_CHAIN_FWD,False,False,False,False,0,2019-11-05,2021-07-01,48,True,0001777921,[],[],False,False,False,,False,False,,False,True,False,False,7372,7372,XLK,XLK,XLK
AVPT,2020-11-27,2020-11-25,2020-11-30,2020-12-14,VALID,True,A,0001777921,SEC_TICKERS,False,False,False,False,0,2019-11-05,2023-12-29,48,False,,[],"[[""2021-07-02"", ""APXT""]]",False,False,True,,False,False,,False,True,False,False,7372,7372,SPY,XLK,XLK
LCA,2020-11-27,2020-11-25,2020-11-30,2020-12-14,VALID,True,B,0001768012,RENAME_CHAIN_FWD,False,False,False,False,0,2018-11-01,2023-12-29,471,True,0001768012,[],[],True,False,False,0001768012,False,False,,False,True,False,False,7372,7372,XLK,XLK,XLK
MVST,2020-11-27,2020-11-25,2020-11-30,2020-12-14,VALID,True,A,0001760689,SEC_TICKERS,False,False,False,False,0,2019-03-27,2023-12-29,57,False,,[],"[[""2021-07-29"", ""THCB""]]",False,False,True,,False,False,,False,True,False,False,3690,3690,SPY,XLI,XLI
PIC,2020-11-27,2020-11-25,2020-11-30,2020-12-14,VALID,True,B,0001772720,RENAME_CHAIN_FWD,False,False,False,False,0,2019-09-03,2020-12-21,76,True,0001772720,[],[],True,False,False,0001772720,False,False,,False,True,False,False,4911,3714,SPY,SPY,XLI
RMG,2020-11-27,2020-11-25,2020-11-30,2020-12-14,VALID,False,B,0001757932,FORM345_TICKER,False,False,False,False,0,2019-04-01,2020-12-29,131,True,0001757932,[],[],True,False,False,0001757932,True,False,,False,True,False,False,3714,3714,XLI,XLI,XLI
SPRU,2020-11-27,2020-11-25,2020-11-30,2020-12-14,VALID,True,A,0001772720,SEC_TICKERS,False,False,False,False,0,2019-09-03,2023-12-29,76,False,,[],"[[""2022-11-14"", ""XL""]]",False,False,True,,False,False,,False,True,False,False,4911,3714,SPY,SPY,XLI
THCB,2020-11-27,2020-11-25,2020-11-30,2020-12-14,VALID,True,B,0001760689,RENAME_CHAIN_FWD,False,False,False,False,0,2019-03-27,2021-07-23,57,True,0001760689,[],[],True,False,False,0001760689,False,False,,False,True,False,False,3690,3690,XLI,XLI,XLI
APXT,2020-11-30,2020-11-27,2020-12-01,2020-12-15,VALID,True,AB,0001777921,RENAME_CHAIN_FWD,False,False,False,False,0,2019-11-05,2021-07-01,48,True,0001777921,[],[],False,False,False,,False,False,,False,True,False,False,7372,7372,XLK,XLK,XLK
AVPT,2020-11-30,2020-11-27,2020-12-01,2020-12-15,VALID,True,A,0001777921,SEC_TICKERS,False,False,False,False,0,2019-11-05,2023-12-29,48,False,,[],"[[""2021-07-02"", ""APXT""]]",False,False,True,,False,False,,False,True,False,False,7372,7372,SPY,XLK,XLK
CAAS,2020-11-30,2020-11-27,2020-12-01,2020-12-15,VALID,True,A,0002037400,SEC_TICKERS,False,False,False,False,0,2018-11-01,2023-12-29,0,True,0002037400,[],[],False,True,False,0001157762,False,False,,False,False,False,False,3714,3714,XLI,XLI,XLI
GMHI,2020-11-30,2020-11-27,2020-12-01,2020-12-15,DATA_MISSING_EXIT,False,B,0001758057,FORM345_TICKER,False,False,False,False,0,2019-03-25,2020-12-02,138,False,0001758057,[],[],True,False,False,0001758057,True,False,,False,True,False,False,3714,3714,XLI,XLI,XLI
MARA,2020-11-30,2020-11-27,2020-12-01,2020-12-15,VALID,True,A,0001507605,SEC_TICKERS,False,False,False,False,0,2018-11-01,2023-12-29,0,True,0001507605,[],[],True,False,False,0001507605,False,False,,False,True,False,False,6199,7374,XLF,XLF,XLK
MSTR,2020-11-30,2020-11-27,2020-12-01,2020-12-15,VALID,True,A,0001050446,SEC_TICKERS,False,False,False,False,0,2018-11-01,2023-12-29,0,True,0001050446,[],[],True,False,False,0001050446,False,False,,False,True,False,False,6199,7372,XLF,XLF,XLK
ALT,2020-12-01,2020-11-30,2020-12-02,2020-12-16,VALID,True,A,0001326190,SEC_TICKERS,False,False,False,False,0,2018-11-01,2023-12-29,0,True,0001326190,[],[],True,False,False,0001326190,False,False,,False,True,False,False,2834,2834,XBI,XBI,XBI
CAAS,2020-12-01,2020-11-30,2020-12-02,2020-12-16,VALID,True,A,0002037400,SEC_TICKERS,False,False,False,False,0,2018-11-01,2023-12-29,0,True,0002037400,[],[],False,True,False,0001157762,False,False,,False,False,False,False,3714,3714,XLI,XLI,XLI
LCA,2020-12-03,2020-12-02,2020-12-04,2020-12-18,VALID,True,B,0001768012,RENAME_CHAIN_FWD,False,False,False,False,0,2018-11-01,2023-12-29,471,True,0001768012,[],[],True,False,False,0001768012,False,False,,False,True,False,False,7372,7372,XLK,XLK,XLK
WDR,2020-12-03,2020-12-02,2020-12-04,2020-12-18,VALID,True,AC,0001052100,FORM345_TICKER,False,False,False,False,0,2018-11-01,2021-04-30,0,True,0001052100,[],[],True,False,False,0001052100,False,False,,False,True,False,False,6211,6211,XLF,XLF,XLF
BCRX,2020-12-04,2020-12-03,2020-12-07,2020-12-21,VALID,True,A,0000882796,SEC_TICKERS,False,False,False,False,0,2018-11-01,2023-12-29,0,True,0000882796,[],[],True,False,False,0000882796,False,False,,False,True,False,False,2836,2836,XBI,XBI,XBI
CLDR,2020-12-04,2020-12-03,2020-12-07,2020-12-21,VALID,True,AC,0001535379,FORM345_TICKER,False,False,False,False,0,2018-11-01,2021-10-07,0,True,0001535379,[],[],True,False,False,0001535379,False,False,,False,True,False,False,7372,7372,XLK,XLK,XLK
HUCK,2020-12-04,2020-12-03,2020-12-07,2020-12-21,VALID,True,A,0001505952,SEC_TICKERS,False,False,False,False,0,2018-11-01,2023-12-29,0,False,,[],"[[""2026-09-24"", ""DOMO""]]",False,False,False,,False,False,,False,True,False,False,7372,7372,SPY,XLK,XLK
PD,2020-12-04,2020-12-03,2020-12-07,2020-12-21,VALID,True,A,0001568100,SEC_TICKERS,False,False,False,False,0,2019-04-11,2023-12-29,0,True,0001568100,[],[],True,False,False,0001568100,False,False,1996-01-02,True,True,False,False,7372,7372,XLK,XLK,XLK
STEM,2020-12-04,2020-12-03,2020-12-07,2020-12-21,VALID,True,A,0001758766,SEC_TICKERS,False,False,False,False,0,2020-10-08,2023-12-29,0,False,,[],"[[""2021-04-29"", ""STPK""]]",False,False,True,,False,False,,False,True,False,False,7373,3690,SPY,XLK,XLI
UMC,2020-12-04,2020-12-03,2020-12-07,2020-12-21,VALID,True,A,0001033767,SEC_TICKERS,False,False,False,False,0,2018-11-01,2023-12-29,0,True,0001033767,[],[],False,False,False,,False,False,,False,False,False,False,3674,3674,XLI,XLI,XLI
ATRA,2020-12-07,2020-12-04,2020-12-08,2020-12-22,VALID,True,A,0001604464,SEC_TICKERS,False,False,False,False,0,2018-11-01,2023-12-29,0,True,0001604464,[],[],True,False,False,0001604464,False,False,,False,True,False,False,2836,2836,XBI,XBI,XBI
BCRX,2020-12-07,2020-12-04,2020-12-08,2020-12-22,VALID,True,A,0000882796,SEC_TICKERS,False,False,False,False,0,2018-11-01,2023-12-29,0,True,0000882796,[],[],True,False,False,0000882796,False,False,,False,True,False,False,2836,2836,XBI,XBI,XBI
FATE,2020-12-07,2020-12-04,2020-12-08,2020-12-22,VALID,True,A,0001434316,SEC_TICKERS,False,False,False,False,0,2018-11-01,2023-12-29,0,True,0001434316,[],[],True,False,False,0001434316,False,False,,False,True,False,False,2836,2836,XBI,XBI,XBI
GTEC,2020-12-07,2020-12-04,2020-12-08,2020-12-22,VALID,True,A,0001735041,SEC_TICKERS,False,False,False,False,0,2018-11-09,2023-12-29,122,True,0001735041,[],[],True,False,False,0001735041,False,False,,False,True,False,False,3560,3560,SPY,SPY,SPY
HCAC,2020-12-07,2020-12-04,2020-12-08,2020-12-22,DATA_MISSING_EXIT,True,AB,0001750153,FORM345_TICKER,False,False,False,False,0,2019-04-16,2020-12-21,176,True,0001750153,[],[],True,False,False,0001750153,False,False,,False,True,False,False,3714,3714,XLI,XLI,XLI
KURA,2020-12-07,2020-12-04,2020-12-08,2020-12-22,VALID,True,A,0001422143,SEC_TICKERS,False,False,False,False,0,2018-11-01,2023-12-29,0,True,0001422143,[],[],True,False,False,0001422143,False,False,,False,True,False,False,2834,2834,XBI,XBI,XBI
TRNE,2020-12-07,2020-12-04,2020-12-08,2020-12-22,DATA_MISSING_EXIT,True,B,0001754820,FORM345_TICKER,False,False,False,False,0,2019-05-03,2020-12-09,53,False,0001754820,[],[],False,False,True,,False,False,,False,True,False,False,3559,3577,SPY,SPY,XLK
BFT,2020-12-08,2020-12-07,2020-12-09,2020-12-23,VALID,True,B,0001833835,RENAME_CHAIN_FWD,False,False,False,False,0,2020-10-09,2021-03-30,0,True,0001833835,[],[],False,True,False,0001818355,False,False,,False,False,False,False,7389,7389,SPY,SPY,SPY
PSFE,2020-12-08,2020-12-07,2020-12-09,2020-12-23,VALID,True,A,0001833835,SEC_TICKERS,False,False,False,False,0,2020-10-09,2023-12-29,0,False,,[],"[[""2021-03-31"", ""BFT""]]",False,False,False,,False,False,,False,False,False,False,7389,7389,SPY,SPY,SPY
SUMO,2020-12-08,2020-12-07,2020-12-09,2020-12-23,VALID,False,C,0001643269,FORM345_TICKER,False,False,False,False,0,2020-09-17,2023-05-11,0,True,0001643269,[],[],True,False,False,0001643269,True,False,,False,True,False,False,7372,7372,XLK,XLK,XLK
GLSI,2020-12-09,2020-12-08,2020-12-10,2020-12-24,VALID,True,A,0001799788,SEC_TICKERS,False,False,False,False,0,2020-09-25,2023-12-29,0,True,0001799788,[],[],True,False,False,0001799788,False,False,,False,True,False,False,2834,2834,XBI,XBI,XBI
MTSC,2020-12-09,2020-12-08,2020-12-10,2020-12-24,VALID,True,AC,0000068709,FORM345_TICKER,False,False,False,False,0,2018-11-01,2021-04-06,0,True,0000068709,[],[],True,False,False,0000068709,False,False,,False,True,False,False,3829,3829,SPY,SPY,SPY
MVST,2020-12-09,2020-12-08,2020-12-10,2020-12-24,VALID,True,A,0001760689,SEC_TICKERS,False,False,False,False,0,2019-03-27,2023-12-29,57,False,,[],"[[""2021-07-29"", ""THCB""]]",False,False,True,,False,False,,False,True,False,False,3690,3690,SPY,XLI,XLI
OMCL,2020-12-09,2020-12-08,2020-12-10,2020-12-24,VALID,True,A,0000926326,SEC_TICKERS,False,False,False,False,0,2018-11-01,2023-12-29,0,True,0000926326,[],[],True,False,False,0000926326,False,False,,False,True,False,False,3571,3571,XLK,XLK,XLK
PIC,2020-12-09,2020-12-08,2020-12-10,2020-12-24,DATA_MISSING_EXIT,True,B,0001772720,RENAME_CHAIN_FWD,False,False,False,False,0,2019-09-03,2020-12-21,76,False,0001772720,[],[],True,False,False,0001772720,False,False,,False,True,False,False,4911,3714,SPY,SPY,XLI
RCKT,2020-12-09,2020-12-08,2020-12-10,2020-12-24,VALID,True,A,0001281895,SEC_TICKERS,False,False,False,False,0,2018-11-01,2023-12-29,0,True,0001281895,[],[],True,False,False,0001281895,False,False,,False,True,False,False,2834,2834,XBI,XBI,XBI
SPRU,2020-12-09,2020-12-08,2020-12-10,2020-12-24,VALID,True,A,0001772720,SEC_TICKERS,False,False,False,False,0,2019-09-03,2023-12-29,76,False,,[],"[[""2022-11-14"", ""XL""]]",False,False,True,,False,False,,False,True,False,False,4911,3714,SPY,SPY,XLI
THCB,2020-12-09,2020-12-08,2020-12-10,2020-12-24,VALID,True,B,0001760689,RENAME_CHAIN_FWD,False,False,False,False,0,2019-03-27,2021-07-23,57,True,0001760689,[],[],True,False,False,0001760689,False,False,,False,True,False,False,3690,3690,XLI,XLI,XLI
ASAN,2020-12-10,2020-12-09,2020-12-11,2020-12-28,VALID,True,A,0001477720,SEC_TICKERS,False,False,False,False,0,2020-09-30,2023-12-29,0,True,0001477720,[],[],True,False,False,0001477720,False,False,,False,True,False,False,7372,7372,XLK,XLK,XLK
EDIT,2020-12-10,2020-12-09,2020-12-11,2020-12-28,VALID,True,A,0001650664,SEC_TICKERS,False,False,False,False,0,2018-11-01,2023-12-29,0,True,0001650664,[],[],True,False,False,0001650664,False,False,,False,True,False,False,2836,2836,XBI,XBI,XBI
EGHT,2020-12-10,2020-12-09,2020-12-11,2020-12-28,VALID,True,A,0001023731,SEC_TICKERS,False,False,False,False,0,2018-11-01,2023-12-29,0,True,0001023731,[],[],True,False,False,0001023731,False,False,,False,True,False,False,7374,7374,XLK,XLK,XLK
GLSI,2020-12-10,2020-12-09,2020-12-11,2020-12-28,VALID,True,A,0001799788,SEC_TICKERS,False,False,False,False,0,2020-09-25,2023-12-29,0,True,0001799788,[],[],True,False,False,0001799788,False,False,,False,True,False,False,2834,2834,XBI,XBI,XBI
IMMP,2020-12-10,2020-12-09,2020-12-11,2020-12-28,VALID,True,A,0001506184,SEC_TICKERS,False,False,False,False,2,2018-11-01,2023-12-29,10,True,0001506184,[],[],False,False,False,,False,False,,False,False,False,False,2834,2834,XBI,XBI,XBI
SSPK,2020-12-10,2020-12-09,2020-12-11,2020-12-28,VALID,False,B,0001779474,RENAME_CHAIN_FWD,False,False,False,False,0,2019-10-01,2021-06-15,38,True,0001779474,[],[],True,False,False,0001779474,True,False,,False,True,False,False,7372,7372,XLK,XLK,XLK
TGTX,2020-12-10,2020-12-09,2020-12-11,2020-12-28,VALID,True,A,0001001316,SEC_TICKERS,False,False,False,False,0,2018-11-01,2023-12-29,0,True,0001001316,[],[],True,False,False,0001001316,False,False,,False,True,False,False,2834,2834,XBI,XBI,XBI
GIK,2020-12-11,2020-12-10,2020-12-14,2020-12-29,VALID,False,B,0001802749,FORM345_TICKER,False,False,False,False,1,2020-07-02,2021-05-06,5,True,0001802749,[],[],True,False,False,0001802749,True,False,,False,True,False,False,3711,3711,XLI,XLI,XLI
RMG,2020-12-11,2020-12-10,2020-12-14,2020-12-29,VALID,False,B,0001757932,FORM345_TICKER,False,False,False,False,0,2019-04-01,2020-12-29,131,True,0001757932,[],[],True,False,False,0001757932,True,False,,False,True,False,False,3714,3714,XLI,XLI,XLI
SNOA,2020-12-11,2020-12-10,2020-12-14,2020-12-29,VALID,True,A,0001367083,SEC_TICKERS,False,False,False,False,0,2018-11-01,2023-12-29,7,True,0001367083,[],[],True,False,False,0001367083,False,False,,False,True,False,False,3841,2834,XLV,XLV,XBI
ZEV,2020-12-11,2020-12-10,2020-12-14,2020-12-29,VALID,False,B,0001802749,FORM345_TICKER,False,False,False,False,1,2020-07-02,2023-09-18,5,False,,[],"[[""2021-05-24"", ""GIK""]]",False,False,True,,True,False,,False,True,False,False,3711,3711,SPY,XLI,XLI
ARVN,2020-12-14,2020-12-11,2020-12-15,2020-12-30,VALID,True,A,0001655759,SEC_TICKERS,False,False,False,False,0,2018-11-01,2023-12-29,0,True,0001655759,[],[],True,False,False,0001655759,False,False,,False,True,False,False,2834,2834,XBI,XBI,XBI
INSG,2020-12-14,2020-12-11,2020-12-15,2020-12-30,VALID,True,A,0001022652,SEC_TICKERS,False,False,False,False,0,2018-11-01,2023-12-29,0,True,0001022652,[],[],True,False,False,0001022652,False,False,,False,True,False,False,3669,3669,XLI,XLI,XLI
VERU,2020-12-14,2020-12-11,2020-12-15,2020-12-30,VALID,True,A,0000863894,SEC_TICKERS,False,False,False,False,0,2018-11-01,2023-12-29,1,True,0000863894,[],[],True,False,False,0000863894,False,False,,False,True,False,False,2834,2834,XBI,XBI,XBI
AIV,2020-12-15,2020-12-14,2020-12-16,2020-12-31,VALID,True,AD,0000922864,SEC_TICKERS,False,False,False,False,0,2018-11-01,2023-12-29,0,True,0000922864,[],[],True,False,False,0000922864,False,True,2003-03-14,True,True,False,False,6798,6798,XLF,XLF,XLF
BCDA,2020-12-15,2020-12-14,2020-12-16,2020-12-31,VALID,True,A,0000925741,SEC_TICKERS,False,False,False,False,0,2019-08-02,2023-12-29,8,True,0000925741,[],[],True,False,False,0000925741,False,False,,False,True,False,False,2836,2836,XBI,XBI,XBI
SNOA,2020-12-18,2020-12-17,2020-12-21,2021-01-06,VALID,True,A,0001367083,SEC_TICKERS,False,False,False,False,0,2018-11-01,2023-12-29,7,True,0001367083,[],[],True,False,False,0001367083,False,False,,False,True,False,False,3841,2834,XLV,XLV,XBI
AGIO,2020-12-21,2020-12-18,2020-12-22,2021-01-07,VALID,True,A,0001439222,SEC_TICKERS,False,False,False,False,0,2018-11-01,2023-12-29,0,True,0001439222,[],[],True,False,False,0001439222,False,False,,False,True,False,False,2834,2834,XBI,XBI,XBI
AJRD,2020-12-21,2020-12-18,2020-12-22,2021-01-07,VALID,False,C,0000040888,FORM345_TICKER,False,False,False,False,0,2018-11-01,2023-07-27,0,True,0000040888,[],[],True,False,False,0000040888,True,False,,False,True,False,False,3760,3760,XLI,XLI,XLI
IBRX,2020-12-21,2020-12-18,2020-12-22,2021-01-07,VALID,True,A,0001326110,SEC_TICKERS,False,False,False,False,0,2018-11-01,2023-12-29,0,False,,[],"[[""2021-03-10"", ""NK""]]",False,False,True,,False,False,,False,True,False,False,2836,2836,SPY,XBI,XBI
NK,2020-12-21,2020-12-18,2020-12-22,2021-01-07,VALID,True,B,0001326110,RENAME_CHAIN_FWD,False,False,False,False,0,2018-11-01,2021-03-09,0,True,0001326110,[],[],True,False,False,0001326110,False,False,,False,True,False,False,2836,2836,XBI,XBI,XBI
PIC,2020-12-21,2020-12-18,2020-12-22,2021-01-07,DATA_MISSING_ENTRY,True,B,0001772720,RENAME_CHAIN_FWD,False,False,False,False,0,2019-09-03,2020-12-21,76,False,0001772720,[],[],True,False,False,0001772720,False,False,,False,True,False,False,4911,3714,SPY,SPY,XLI
SPRU,2020-12-21,2020-12-18,2020-12-22,2021-01-07,VALID,True,A,0001772720,SEC_TICKERS,False,False,False,False,0,2019-09-03,2023-12-29,76,False,,[],"[[""2022-11-14"", ""XL""]]",False,False,True,,False,False,,False,True,False,False,4911,3714,SPY,SPY,XLI
BEAM,2020-12-22,2020-12-21,2020-12-23,2021-01-08,VALID,True,A,0001745999,SEC_TICKERS,False,False,False,False,0,2020-02-06,2023-12-29,0,True,0001745999,[],[],True,False,False,0001745999,False,False,1996-01-02,True,True,False,False,2836,2836,XBI,XBI,XBI
BFLY,2020-12-22,2020-12-21,2020-12-23,2021-01-08,VALID,True,A,0001804176,SEC_TICKERS,False,False,False,False,0,2020-07-13,2023-12-29,1,False,,[],"[[""2021-02-16"", ""LGVW""]]",False,False,True,,False,False,,False,True,False,False,3844,3844,SPY,XLV,XLV
LGVW,2020-12-22,2020-12-21,2020-12-23,2021-01-08,VALID,True,B,0001804176,RENAME_CHAIN_FWD,False,False,False,False,0,2020-07-13,2021-02-12,1,True,0001804176,[],[],False,False,False,,False,False,,False,True,False,False,3844,3844,XLV,XLV,XLV
RMG,2020-12-22,2020-12-21,2020-12-23,2021-01-08,DATA_MISSING_EXIT,False,B,0001757932,FORM345_TICKER,False,False,False,False,0,2019-04-01,2020-12-29,131,False,0001757932,[],[],True,False,False,0001757932,True,False,,False,True,False,False,3714,3714,XLI,XLI,XLI
SMPL,2020-12-22,2020-12-21,2020-12-23,2021-01-08,VALID,True,A,0001702744,SEC_TICKERS,False,False,False,False,0,2018-11-01,2023-12-29,0,True,0001702744,[],[],True,False,False,0001702744,False,False,,False,True,False,False,2000,2000,SPY,SPY,SPY
SPWH,2020-12-22,2020-12-21,2020-12-23,2021-01-08,VALID,True,A,0001132105,SEC_TICKERS,False,False,False,False,0,2018-11-01,2023-12-29,0,True,0001132105,[],[],True,False,False,0001132105,False,False,,False,True,False,False,5940,5940,SPY,SPY,SPY
UAVS,2020-12-22,2020-12-21,2020-12-23,2021-01-08,VALID,True,A,0000008504,SEC_TICKERS,False,False,False,False,0,2018-11-01,2023-12-29,0,True,0000008504,[],[],True,False,False,0000008504,False,False,,False,True,False,False,3721,3721,XLI,XLI,XLI
CLNE,2020-12-23,2020-12-22,2020-12-24,2021-01-11,VALID,True,A,0001368265,SEC_TICKERS,False,False,False,False,0,2018-11-01,2023-12-29,0,True,0001368265,[],[],True,False,False,0001368265,False,False,,False,True,False,False,4932,4932,SPY,SPY,SPY
FRSX,2020-12-23,2020-12-22,2020-12-24,2021-01-11,VALID,True,A,0001691221,SEC_TICKERS,False,False,False,False,0,2018-11-01,2023-12-29,2,True,0001691221,[],[],False,False,False,,False,False,,False,False,False,False,7372,7372,XLK,XLK,XLK
MGA,2020-12-23,2020-12-22,2020-12-24,2021-01-11,VALID,True,A,0000749098,SEC_TICKERS,False,False,False,False,0,2018-11-01,2023-12-29,0,True,0000749098,[],[],False,False,False,,False,False,,False,False,False,False,3714,3714,XLI,XLI,XLI
UAVS,2020-12-23,2020-12-22,2020-12-24,2021-01-11,VALID,True,A,0000008504,SEC_TICKERS,False,False,False,False,0,2018-11-01,2023-12-29,0,True,0000008504,[],[],True,False,False,0000008504,False,False,,False,True,False,False,3721,3721,XLI,XLI,XLI
ACY,2020-12-28,2020-12-24,2020-12-29,2021-01-13,VALID,False,B,0001036848,FORM345_TICKER,False,False,False,False,0,2018-11-01,2022-03-25,56,True,0001036848,[],[],True,False,False,0001036848,True,False,,False,True,False,False,7812,6199,SPY,SPY,XLF
ASTS,2020-12-28,2020-12-24,2020-12-29,2021-01-13,VALID,True,A,0001780312,SEC_TICKERS,False,False,False,False,0,2019-11-01,2023-12-29,69,False,,[],"[[""2021-04-14"", ""NPA""]]",False,False,True,,False,False,,False,True,False,False,4899,4899,SPY,SPY,SPY
BTBT,2020-12-28,2020-12-24,2020-12-29,2021-01-13,VALID,True,A,0001710350,SEC_TICKERS,False,False,False,False,0,2018-11-01,2023-12-29,106,True,0001710350,[],[],False,False,False,,False,False,,False,False,False,False,6199,6199,XLF,XLF,XLF
CLSK,2020-12-28,2020-12-24,2020-12-29,2021-01-13,VALID,True,A,0000827876,SEC_TICKERS,False,False,False,False,0,2020-01-24,2023-12-29,0,True,0000827876,[],[],True,False,False,0000827876,False,False,,False,True,False,False,6199,6199,XLF,XLF,XLF
DPW,2020-12-28,2020-12-24,2020-12-29,2021-01-13,VALID,False,B,0000896493,RENAME_CHAIN_FWD,False,False,False,False,0,2018-11-01,2021-12-10,2,True,0000896493,[],[],True,False,False,0000896493,True,False,,False,True,False,False,3533,3679,SPY,SPY,XLI
MPU,2020-12-28,2020-12-24,2020-12-29,2021-01-13,VALID,True,A,0001953021,SEC_TICKERS,False,False,False,False,0,2018-11-01,2023-12-29,56,True,0001953021,[],[],False,False,False,,False,False,,False,False,False,False,7812,7812,SPY,SPY,SPY
MYOV,2020-12-28,2020-12-24,2020-12-29,2021-01-13,VALID,False,C,0001679082,FORM345_TICKER,False,False,False,False,0,2018-11-01,2023-03-09,0,True,0001679082,[],[],True,False,False,0001679082,True,False,,False,True,False,False,2834,2834,XBI,XBI,XBI
NILE,2020-12-28,2020-12-24,2020-12-29,2021-01-13,VALID,False,B,0000896493,RENAME_CHAIN_FWD,False,False,False,False,0,2018-11-01,2022-12-30,2,False,,[],"[[""2022-01-04"", ""DPW""]]",False,False,True,,True,False,,False,True,False,False,3533,3679,SPY,SPY,XLI
NPA,2020-12-28,2020-12-24,2020-12-29,2021-01-13,VALID,True,B,0001780312,RENAME_CHAIN_FWD,False,False,False,False,0,2019-11-01,2021-04-06,69,True,0001780312,[],[],True,False,False,0001780312,False,False,,False,True,False,False,4899,4899,SPY,SPY,SPY
UAVS,2020-12-28,2020-12-24,2020-12-29,2021-01-13,VALID,True,A,0000008504,SEC_TICKERS,False,False,False,False,0,2018-11-01,2023-12-29,0,True,0000008504,[],[],True,False,False,0000008504,False,False,,False,True,False,False,3721,3721,XLI,XLI,XLI
IMMR,2020-12-29,2020-12-28,2020-12-30,2021-01-14,VALID,True,A,0001058811,SEC_TICKERS,False,False,False,False,0,2018-11-01,2023-12-29,0,True,0001058811,[],[],True,False,False,0001058811,False,False,,False,True,False,False,3577,3577,XLK,XLK,XLK
KNDI,2020-12-29,2020-12-28,2020-12-30,2021-01-14,VALID,True,A,0001720250,SEC_TICKERS,False,False,False,False,0,2018-11-01,2023-12-29,0,True,0001720250,[],[],False,True,False,0001316517,False,False,,False,False,False,False,3714,3714,XLI,XLI,XLI
BTBT,2020-12-30,2020-12-29,2020-12-31,2021-01-15,VALID,True,A,0001710350,SEC_TICKERS,False,False,False,False,0,2018-11-01,2023-12-29,106,True,0001710350,[],[],False,False,False,,False,False,,False,False,False,False,6199,6199,XLF,XLF,XLF
NETE,2020-12-30,2020-12-29,2020-12-31,2021-01-15,VALID,False,B,0001499961,RENAME_CHAIN_FWD,False,False,False,False,0,2018-11-01,2021-11-04,0,True,0001499961,[],[],True,False,False,0001499961,True,False,,False,True,False,False,3711,7374,XLI,XLI,XLK
CAN,2020-12-31,2020-12-30,2021-01-04,2021-01-19,VALID,True,A,0001780652,SEC_TICKERS,False,False,False,False,0,2019-11-21,2023-12-29,0,True,0001780652,[],[],False,False,False,,False,False,,False,False,False,False,6199,3674,XLF,XLF,XLI
CELH,2020-12-31,2020-12-30,2021-01-04,2021-01-19,VALID,True,A,0001341766,SEC_TICKERS,False,False,False,False,0,2018-11-01,2023-12-29,0,True,0001341766,[],[],True,False,False,0001341766,False,False,,False,True,False,False,2086,2086,SPY,SPY,SPY
EBON,2020-12-31,2020-12-30,2021-01-04,2021-01-19,VALID,True,A,0001799290,SEC_TICKERS,False,False,False,False,0,2020-06-26,2023-12-29,0,True,0001799290,[],[],False,False,False,,False,False,,False,False,False,False,6200,3674,XLF,XLF,XLI
CAN,2021-01-04,2020-12-31,2021-01-05,2021-01-20,VALID,True,A,0001780652,SEC_TICKERS,False,False,False,False,0,2019-11-21,2023-12-29,0,True,0001780652,[],[],False,False,False,,False,False,,False,False,False,False,6199,3674,XLF,XLF,XLI
EBON,2021-01-04,2020-12-31,2021-01-05,2021-01-20,VALID,True,A,0001799290,SEC_TICKERS,False,False,False,False,0,2020-06-26,2023-12-29,0,True,0001799290,[],[],False,False,False,,False,False,,False,False,False,False,6200,3674,XLF,XLF,XLI
MGLN,2021-01-04,2020-12-31,2021-01-05,2021-01-20,VALID,True,AC,0000019411,FORM345_TICKER,False,False,False,False,0,2018-11-01,2022-01-03,0,True,0000019411,[],[],True,False,False,0000019411,False,False,,False,True,False,False,8060,8060,SPY,SPY,SPY
NCTY,2021-01-04,2020-12-31,2021-01-05,2021-01-20,VALID,True,A,0001296774,SEC_TICKERS,False,False,False,False,0,2018-11-01,2023-12-29,0,True,0001296774,[],[],False,False,False,,False,False,,False,False,False,False,6199,6199,XLF,XLF,XLF
CLNE,2021-01-06,2021-01-05,2021-01-07,2021-01-22,VALID,True,A,0001368265,SEC_TICKERS,False,False,False,False,0,2018-11-01,2023-12-29,0,True,0001368265,[],[],True,False,False,0001368265,False,False,,False,True,False,False,4932,4932,SPY,SPY,SPY
CRON,2021-01-06,2021-01-05,2021-01-07,2021-01-22,VALID,True,A,0001656472,SEC_TICKERS,False,False,False,False,0,2018-11-01,2023-12-29,0,True,0001656472,[],[],True,False,False,0001656472,False,False,,False,True,False,False,2833,2833,XBI,XBI,XBI
NCTY,2021-01-06,2021-01-05,2021-01-07,2021-01-22,VALID,True,A,0001296774,SEC_TICKERS,False,False,False,False,0,2018-11-01,2023-12-29,0,True,0001296774,[],[],False,False,False,,False,False,,False,False,False,False,6199,6199,XLF,XLF,XLF
BEEM,2021-01-07,2021-01-06,2021-01-08,2021-01-25,VALID,True,A,0001398805,SEC_TICKERS,False,False,False,False,0,2019-04-16,2023-12-29,0,True,0001398805,[],[],True,False,False,0001398805,False,False,,False,True,False,False,3690,3674,XLI,XLI,XLI
CBAT,2021-01-07,2021-01-06,2021-01-08,2021-01-25,VALID,True,A,0002086841,SEC_TICKERS,False,False,False,False,0,2018-11-01,2023-12-29,0,True,0002086841,[],[],False,True,False,0001117171,False,False,,False,False,False,False,3690,3690,XLI,XLI,XLI
EBON,2021-01-07,2021-01-06,2021-01-08,2021-01-25,VALID,True,A,0001799290,SEC_TICKERS,False,False,False,False,0,2020-06-26,2023-12-29,0,True,0001799290,[],[],False,False,False,,False,False,,False,False,False,False,6200,3674,XLF,XLF,XLI
FTFT,2021-01-07,2021-01-06,2021-01-08,2021-01-25,VALID,True,A,0001066923,SEC_TICKERS,False,False,False,False,0,2018-11-01,2023-12-29,0,True,0001066923,[],[],True,False,False,0001066923,False,False,,False,True,False,False,7389,7389,SPY,SPY,SPY
NCTY,2021-01-07,2021-01-06,2021-01-08,2021-01-25,VALID,True,A,0001296774,SEC_TICKERS,False,False,False,False,0,2018-11-01,2023-12-29,0,True,0001296774,[],[],False,False,False,,False,False,,False,False,False,False,6199,6199,XLF,XLF,XLF
CATM,2021-01-08,2021-01-07,2021-01-11,2021-01-26,VALID,True,AC,0001671013,FORM345_TICKER,False,False,False,False,0,2018-11-01,2021-06-18,0,True,0001671013,[],[],True,False,False,0001671013,False,False,,False,True,False,False,7389,7389,SPY,SPY,SPY
NEWR,2021-01-08,2021-01-07,2021-01-11,2021-01-26,VALID,False,C,0001448056,FORM345_TICKER,False,False,False,False,0,2018-11-01,2023-11-07,0,True,0001448056,[],[],True,False,False,0001448056,True,False,,False,True,False,False,7372,7372,XLK,XLK,XLK
WDFC,2021-01-08,2021-01-07,2021-01-11,2021-01-26,VALID,True,A,0000105132,SEC_TICKERS,False,False,False,False,0,2018-11-01,2023-12-29,0,True,0000105132,[],[],True,False,False,0000105132,False,False,,False,True,False,False,2890,2890,SPY,SPY,SPY
CROX,2021-01-11,2021-01-08,2021-01-12,2021-01-27,VALID,True,A,0001334036,SEC_TICKERS,False,False,False,False,0,2018-11-01,2023-12-29,0,True,0001334036,[],[],True,False,False,0001334036,False,False,,False,True,False,False,3021,3021,SPY,SPY,SPY
ACTC,2021-01-12,2021-01-11,2021-01-13,2021-01-28,VALID,False,B,0001820630,RENAME_CHAIN_FWD,False,False,False,False,0,2020-11-25,2021-06-14,0,True,0001820630,[],[],False,False,False,,True,False,,False,True,False,False,3711,3711,XLI,XLI,XLI
EXPC,2021-01-12,2021-01-11,2021-01-13,2021-01-28,VALID,False,B,0001779128,RENAME_CHAIN_FWD,False,False,False,False,0,2019-11-05,2021-05-07,88,True,0001779128,[],[],False,False,False,,True,False,,False,True,False,False,8000,7389,SPY,SPY,SPY
MATX,2021-01-12,2021-01-11,2021-01-13,2021-01-28,VALID,True,A,0000003453,SEC_TICKERS,False,False,False,False,0,2018-11-01,2023-12-29,0,True,0000003453,[],[],True,False,False,0000003453,False,False,,False,True,False,False,4400,4400,SPY,SPY,SPY
SRTA,2021-01-12,2021-01-11,2021-01-13,2021-01-28,VALID,True,A,0001779128,SEC_TICKERS,False,False,False,False,0,2019-11-05,2023-12-29,88,False,,[],"[[""2025-08-29"", ""BLDE""]]",False,False,False,,False,False,,False,True,False,False,8000,7389,SPY,SPY,SPY
STEM,2021-01-12,2021-01-11,2021-01-13,2021-01-28,VALID,True,A,0001758766,SEC_TICKERS,False,False,False,False,0,2020-10-08,2023-12-29,0,False,,[],"[[""2021-04-29"", ""STPK""]]",False,False,True,,False,False,,False,True,False,False,7373,3690,SPY,XLK,XLI
UAVS,2021-01-12,2021-01-11,2021-01-13,2021-01-28,VALID,True,A,0000008504,SEC_TICKERS,False,False,False,False,0,2018-11-01,2023-12-29,0,True,0000008504,[],[],True,False,False,0000008504,False,False,,False,True,False,False,3721,3721,XLI,XLI,XLI
GLNG,2021-01-13,2021-01-12,2021-01-14,2021-01-29,VALID,True,A,0001207179,SEC_TICKERS,False,False,False,False,0,2018-11-01,2023-12-29,0,True,0001207179,[],[],False,False,False,,False,False,,False,False,False,False,4400,4400,SPY,SPY,SPY
WIMI,2021-01-13,2021-01-12,2021-01-14,2021-01-29,VALID,True,A,0001770088,SEC_TICKERS,False,False,False,False,0,2020-04-01,2023-12-29,0,True,0001770088,[],[],False,False,False,,False,False,,False,False,False,False,7372,7372,XLK,XLK,XLK
ASTS,2021-01-14,2021-01-13,2021-01-15,2021-02-01,VALID,True,A,0001780312,SEC_TICKERS,False,False,False,False,0,2019-11-01,2023-12-29,69,False,,[],"[[""2021-04-14"", ""NPA""]]",False,False,True,,False,False,,False,True,False,False,4899,4899,SPY,SPY,SPY
AVAV,2021-01-14,2021-01-13,2021-01-15,2021-02-01,VALID,True,A,0001368622,SEC_TICKERS,False,False,False,False,0,2018-11-01,2023-12-29,0,True,0001368622,[],[],True,False,False,0001368622,False,False,,False,True,False,False,3721,3721,XLI,XLI,XLI
DPW,2021-01-14,2021-01-13,2021-01-15,2021-02-01,VALID,False,B,0000896493,RENAME_CHAIN_FWD,False,False,False,False,0,2018-11-01,2021-12-10,2,True,0000896493,[],[],True,False,False,0000896493,True,False,,False,True,False,False,3533,3679,SPY,SPY,XLI
IBRX,2021-01-14,2021-01-13,2021-01-15,2021-02-01,VALID,True,A,0001326110,SEC_TICKERS,False,False,False,False,0,2018-11-01,2023-12-29,0,False,,[],"[[""2021-03-10"", ""NK""]]",False,False,True,,False,False,,False,True,False,False,2836,2836,SPY,XBI,XBI
MAXR,2021-01-14,2021-01-13,2021-01-15,2021-02-01,VALID,False,C,0001121142,FORM345_TICKER,False,False,False,False,0,2018-11-01,2023-05-02,0,True,0001121142,[],[],True,False,False,0001121142,True,False,,False,True,False,False,3663,3663,XLI,XLI,XLI
MNTS,2021-01-14,2021-01-13,2021-01-15,2021-02-01,VALID,True,A,0001781162,SEC_TICKERS,False,False,False,False,0,2020-01-03,2023-12-29,126,False,,[],"[[""2021-08-16"", ""SRAC""]]",False,False,True,,False,False,,False,True,False,False,3760,3760,SPY,XLI,XLI
NILE,2021-01-14,2021-01-13,2021-01-15,2021-02-01,VALID,False,B,0000896493,RENAME_CHAIN_FWD,False,False,False,False,0,2018-11-01,2022-12-30,2,False,,[],"[[""2022-01-04"", ""DPW""]]",False,False,True,,True,False,,False,True,False,False,3533,3679,SPY,SPY,XLI
NK,2021-01-14,2021-01-13,2021-01-15,2021-02-01,VALID,True,B,0001326110,RENAME_CHAIN_FWD,False,False,False,False,0,2018-11-01,2021-03-09,0,True,0001326110,[],[],True,False,False,0001326110,False,False,,False,True,False,False,2836,2836,XBI,XBI,XBI
NPA,2021-01-14,2021-01-13,2021-01-15,2021-02-01,VALID,True,B,0001780312,RENAME_CHAIN_FWD,False,False,False,False,0,2019-11-01,2021-04-06,69,True,0001780312,[],[],True,False,False,0001780312,False,False,,False,True,False,False,4899,4899,SPY,SPY,SPY
SRAC,2021-01-14,2021-01-13,2021-01-15,2021-02-01,VALID,True,B,0001781162,RENAME_CHAIN_FWD,False,False,False,False,0,2020-01-02,2021-08-12,91,True,0001781162,[],[],False,False,False,,False,False,,False,True,False,False,3760,3760,XLI,XLI,XLI
STLA,2021-01-14,2021-01-13,2021-01-15,2021-02-01,VALID,True,A,0001605484,SEC_TICKERS,False,False,False,False,0,2018-11-01,2023-12-29,0,False,,[],"[[""2021-01-19"", ""FCAU""]]",False,False,False,,False,False,,False,False,False,False,3711,3711,SPY,XLI,XLI
CRNT,2021-01-19,2021-01-15,2021-01-20,2021-02-03,VALID,True,A,0001119769,SEC_TICKERS,False,False,False,False,0,2018-11-01,2023-12-29,0,True,0001119769,[],[],False,False,False,,False,False,,False,False,False,False,3663,3663,XLI,XLI,XLI
POLA,2021-01-19,2021-01-15,2021-01-20,2021-02-03,VALID,True,A,0001622345,SEC_TICKERS,False,False,False,False,0,2018-11-01,2023-12-29,2,True,0001622345,[],[],True,False,False,0001622345,False,False,,False,True,False,False,3690,3690,XLI,XLI,XLI
STEM,2021-01-19,2021-01-15,2021-01-20,2021-02-03,VALID,True,A,0001758766,SEC_TICKERS,False,False,False,False,0,2020-10-08,2023-12-29,0,False,,[],"[[""2021-04-29"", ""STPK""]]",False,False,True,,False,False,,False,True,False,False,7373,3690,SPY,XLK,XLI
STLA,2021-01-19,2021-01-15,2021-01-20,2021-02-03,VALID,True,A,0001605484,SEC_TICKERS,False,False,False,False,0,2018-11-01,2023-12-29,0,True,0001605484,[],[],False,False,False,,False,False,,False,False,False,False,3711,3711,XLI,XLI,XLI
CLCT,2021-01-20,2021-01-19,2021-01-21,2021-02-04,VALID,True,AC,0001089143,FORM345_TICKER,False,False,False,False,0,2018-11-01,2021-02-05,0,True,0001089143,[],[],True,False,False,0001089143,False,False,,False,True,False,False,7389,7389,SPY,SPY,SPY
DMYD,2021-01-20,2021-01-19,2021-01-21,2021-02-04,VALID,True,B,0001834489,RENAME_CHAIN_FWD,False,False,False,False,0,2020-10-05,2021-04-20,1,True,0001834489,[],[],False,True,False,0001816101,False,False,,False,False,False,False,7990,7990,SPY,SPY,SPY
GENI,2021-01-20,2021-01-19,2021-01-21,2021-02-04,VALID,True,A,0001834489,SEC_TICKERS,False,False,False,False,0,2020-10-05,2023-12-29,1,False,,[],"[[""2021-04-21"", ""DMYD""]]",False,False,False,,False,False,,False,False,False,False,7990,7990,SPY,SPY,SPY
CRDF,2021-01-21,2021-01-20,2021-01-22,2021-02-05,VALID,True,A,0001213037,SEC_TICKERS,False,False,False,False,0,2018-11-01,2023-12-29,0,True,0001213037,[],[],True,False,False,0001213037,False,False,,False,True,False,False,2836,2836,XBI,XBI,XBI
FSRV,2021-01-21,2021-01-20,2021-01-22,2021-02-05,VALID,True,B,0001785424,RENAME_CHAIN_FWD,False,False,False,False,0,2019-12-30,2021-06-09,25,True,0001785424,[],[],False,False,True,,False,False,,False,True,False,False,7359,7359,SPY,SPY,SPY
KPLT,2021-01-21,2021-01-20,2021-01-22,2021-02-05,VALID,True,A,0001785424,SEC_TICKERS,False,False,False,False,0,2019-12-30,2023-12-29,25,False,,[],"[[""2021-06-10"", ""FSRV""]]",False,False,True,,False,False,,False,True,False,False,7359,7359,SPY,SPY,SPY
WPRT,2021-01-21,2021-01-20,2021-01-22,2021-02-05,VALID,True,A,0001370416,SEC_TICKERS,False,False,False,False,0,2018-11-01,2023-12-29,0,True,0001370416,[],[],True,False,False,0001370416,False,False,,False,False,False,False,3510,3510,SPY,SPY,SPY
CLII,2021-01-22,2021-01-21,2021-01-25,2021-02-08,VALID,True,B,0001821159,RENAME_CHAIN_FWD,False,False,False,False,0,2020-11-20,2021-07-01,0,True,0001821159,[],[],False,False,False,,False,False,,False,True,False,False,7500,7500,SPY,SPY,SPY
EVGO,2021-01-22,2021-01-21,2021-01-25,2021-02-08,VALID,True,A,0001821159,SEC_TICKERS,False,False,False,False,0,2020-11-20,2023-12-29,0,False,,[],"[[""2021-07-02"", ""CLII""]]",False,False,True,,False,False,,False,True,False,False,7500,7500,SPY,SPY,SPY
AMTX,2021-01-25,2021-01-22,2021-01-26,2021-02-09,VALID,True,A,0000738214,SEC_TICKERS,False,False,False,False,0,2018-11-01,2023-12-29,0,True,0000738214,[],[],True,False,False,0000738214,False,False,,False,True,False,False,2860,2860,SPY,SPY,SPY
AQMS,2021-01-25,2021-01-22,2021-01-26,2021-02-09,VALID,True,A,0001621832,SEC_TICKERS,False,False,False,False,0,2018-11-01,2023-12-29,0,True,0001621832,[],[],True,False,False,0001621832,False,False,,False,True,False,False,3341,3341,SPY,SPY,SPY
AUPH,2021-01-25,2021-01-22,2021-01-26,2021-02-09,VALID,True,A,0001600620,SEC_TICKERS,False,False,False,False,0,2018-11-01,2023-12-29,0,True,0001600620,[],[],True,False,False,0001600620,False,False,,False,False,False,False,2834,2834,XBI,XBI,XBI
CBAT,2021-01-25,2021-01-22,2021-01-26,2021-02-09,VALID,True,A,0002086841,SEC_TICKERS,False,False,False,False,0,2018-11-01,2023-12-29,0,True,0002086841,[],[],False,True,False,0001117171,False,False,,False,False,False,False,3690,3690,XLI,XLI,XLI
OEG,2021-01-25,2021-01-22,2021-01-26,2021-02-09,VALID,True,B,0002124472,RENAME_CHAIN_FWD,False,False,False,False,0,2020-05-11,2022-07-29,0,True,0002124472,[],[],False,True,False,0001108967,False,False,,False,False,False,False,6411,6411,XLF,XLF,XLF
VIVO,2021-01-25,2021-01-22,2021-01-26,2021-02-09,VALID,True,AC,0001681348,SEC_TICKERS,False,False,False,False,0,2018-11-01,2023-12-29,1,False,,[],"[[""2026-03-16"", ""VVPR""]]",False,True,False,0000794172,False,False,,False,False,False,False,4931,4931,SPY,SPY,SPY
AMBR,2021-01-26,2021-01-25,2021-01-27,2021-02-10,VALID,True,A,0001697818,SEC_TICKERS,False,False,False,False,0,2018-11-01,2023-12-29,0,False,,[],"[[""2025-03-13"", ""ICLK""]]",False,True,False,0001314223,False,False,,False,False,False,False,6199,7372,SPY,XLF,XLK
AQMS,2021-01-26,2021-01-25,2021-01-27,2021-02-10,VALID,True,A,0001621832,SEC_TICKERS,False,False,False,False,0,2018-11-01,2023-12-29,0,True,0001621832,[],[],True,False,False,0001621832,False,False,,False,True,False,False,3341,3341,SPY,SPY,SPY
KOSS,2021-01-26,2021-01-25,2021-01-27,2021-02-10,VALID,True,A,0000056701,SEC_TICKERS,False,False,False,False,0,2018-11-02,2023-12-29,17,True,0000056701,[],[],True,False,False,0000056701,False,False,,False,True,False,False,3651,3651,XLI,XLI,XLI
OEG,2021-01-26,2021-01-25,2021-01-27,2021-02-10,VALID,True,B,0002124472,RENAME_CHAIN_FWD,False,False,False,False,0,2020-05-11,2022-07-29,0,True,0002124472,[],[],False,True,False,0001108967,False,False,,False,False,False,False,6411,6411,XLF,XLF,XLF
PRTS,2021-01-26,2021-01-25,2021-01-27,2021-02-10,VALID,True,A,0001378950,SEC_TICKERS,False,False,False,False,0,2018-11-01,2023-12-29,0,True,0001378950,[],[],True,False,False,0001378950,False,False,,False,True,False,False,5531,5531,SPY,SPY,SPY
HZO,2021-01-27,2021-01-26,2021-01-28,2021-02-11,VALID,True,A,0001057060,SEC_TICKERS,False,False,False,False,0,2018-11-01,2023-12-29,0,True,0001057060,[],[],True,False,False,0001057060,False,False,,False,True,False,False,5531,5531,SPY,SPY,SPY
KODK,2021-01-27,2021-01-26,2021-01-28,2021-02-11,VALID,True,A,0000031235,SEC_TICKERS,False,False,False,False,0,2018-11-01,2023-12-29,0,True,0000031235,[],[],True,False,False,0000031235,False,False,,False,True,False,False,3861,3861,SPY,SPY,SPY
KOSS,2021-01-27,2021-01-26,2021-01-28,2021-02-11,VALID,True,A,0000056701,SEC_TICKERS,False,False,False,False,0,2018-11-02,2023-12-29,17,True,0000056701,[],[],True,False,False,0000056701,False,False,,False,True,False,False,3651,3651,XLI,XLI,XLI
PRSP,2021-01-27,2021-01-26,2021-01-28,2021-02-11,VALID,True,AC,0001724670,FORM345_TICKER,False,False,False,False,0,2018-11-01,2021-05-06,0,True,0001724670,[],[],True,False,False,0001724670,False,False,,False,True,False,False,7374,7374,XLK,XLK,XLK
TR,2021-01-27,2021-01-26,2021-01-28,2021-02-11,VALID,True,A,0000098677,SEC_TICKERS,False,False,False,False,0,2018-11-01,2023-12-29,0,True,0000098677,[],[],False,False,True,,False,False,,False,True,False,False,2060,2060,SPY,SPY,SPY
UONE,2021-01-27,2021-01-26,2021-01-28,2021-02-11,VALID,True,A,0001041657,SEC_TICKERS,False,False,False,False,0,2018-11-01,2023-12-29,75,True,0001041657,[],[],True,False,False,0001041657,False,False,,False,True,False,False,4832,4832,SPY,SPY,SPY
BPOP,2021-01-28,2021-01-27,2021-01-29,2021-02-12,VALID,True,A,0000763901,SEC_TICKERS,False,False,False,False,0,2018-11-01,2023-12-29,0,True,0000763901,[],[],True,False,False,0000763901,False,False,,False,True,False,False,6022,6022,XLF,XLF,XLF
CDE,2021-01-28,2021-01-27,2021-01-29,2021-02-12,VALID,True,A,0000215466,SEC_TICKERS,False,False,False,False,0,2018-11-01,2023-12-29,0,True,0000215466,[],[],True,False,False,0000215466,False,False,,False,True,False,False,1040,1040,XLE,XLE,XLE
FFAI,2021-01-28,2021-01-27,2021-01-29,2021-02-12,VALID,True,A,0001805521,SEC_TICKERS,False,False,False,True,0,2020-09-10,2023-12-29,247,False,,[],"[[""2025-03-10"", ""FFIE""]]",False,False,False,,False,False,,False,True,False,False,3711,3711,SPY,XLI,XLI
FSM,2021-01-28,2021-01-27,2021-01-29,2021-02-12,VALID,True,A,0001341335,SEC_TICKERS,False,False,False,False,0,2018-11-01,2023-12-29,0,True,0001341335,[],[],False,False,False,,False,False,,False,False,False,False,1040,1040,XLE,XLE,XLE
HIMS,2021-01-28,2021-01-27,2021-01-29,2021-02-12,VALID,True,A,0001773751,SEC_TICKERS,False,False,False,False,0,2019-09-13,2023-12-29,63,True,0001773751,[],[],True,False,False,0001773751,False,False,,False,True,False,False,8011,8011,SPY,SPY,SPY
HL,2021-01-28,2021-01-27,2021-01-29,2021-02-12,VALID,True,A,0000719413,SEC_TICKERS,False,False,False,False,0,2018-11-01,2023-12-29,0,True,0000719413,[],[],True,False,False,0000719413,False,False,,False,True,False,False,1400,1400,XLE,XLE,XLE
IRDM,2021-01-28,2021-01-27,2021-01-29,2021-02-12,VALID,True,A,0001418819,SEC_TICKERS,False,False,False,False,0,2018-11-01,2023-12-29,0,True,0001418819,[],[],True,False,False,0001418819,False,False,,False,True,False,False,4899,3669,SPY,SPY,XLI
PSAC,2021-01-28,2021-01-27,2021-01-29,2021-02-12,VALID,False,B,0001805521,RENAME_CHAIN_FWD,False,False,False,False,0,2020-09-02,2021-07-21,1,True,0001805521,[],[],False,False,False,,True,False,,False,True,False,False,3711,3711,XLI,XLI,XLI
TTEK,2021-01-28,2021-01-27,2021-01-29,2021-02-12,VALID,True,A,0000831641,SEC_TICKERS,False,False,False,False,0,2018-11-01,2023-12-29,0,True,0000831641,[],[],True,False,False,0000831641,False,False,,False,True,False,False,8711,8711,SPY,SPY,SPY
XM,2021-01-28,2021-01-27,2021-01-29,2021-02-12,VALID,False,C,0001747748,FORM345_TICKER,True,False,False,False,19,2021-01-28,2023-06-27,563,True,0001747748,[],[],True,False,False,0001747748,True,False,,False,False,False,False,7372,7372,XLK,XLK,XLK
CRIS,2021-01-29,2021-01-28,2021-02-01,2021-02-16,VALID,True,A,0001108205,SEC_TICKERS,False,False,False,False,0,2018-11-01,2023-12-29,0,True,0001108205,[],[],True,False,False,0001108205,False,False,,False,True,False,False,2836,2836,XBI,XBI,XBI
CVM,2021-01-29,2021-01-28,2021-02-01,2021-02-16,VALID,True,A,0000725363,SEC_TICKERS,False,False,False,False,0,2018-11-01,2023-12-29,0,True,0000725363,[],[],True,False,False,0000725363,False,False,,False,True,False,False,2836,2836,XBI,XBI,XBI
FFAI,2021-01-29,2021-01-28,2021-02-01,2021-02-16,VALID,True,A,0001805521,SEC_TICKERS,False,False,False,False,0,2020-09-10,2023-12-29,247,False,,[],"[[""2025-03-10"", ""FFIE""]]",False,False,False,,False,False,,False,True,False,False,3711,3711,SPY,XLI,XLI
FSM,2021-01-29,2021-01-28,2021-02-01,2021-02-16,VALID,True,A,0001341335,SEC_TICKERS,False,False,False,False,0,2018-11-01,2023-12-29,0,True,0001341335,[],[],False,False,False,,False,False,,False,False,False,False,1040,1040,XLE,XLE,XLE
PSAC,2021-01-29,2021-01-28,2021-02-01,2021-02-16,VALID,False,B,0001805521,RENAME_CHAIN_FWD,False,False,False,False,0,2020-09-02,2021-07-21,1,True,0001805521,[],[],False,False,False,,True,False,,False,True,False,False,3711,3711,XLI,XLI,XLI
AMTX,2021-02-01,2021-01-29,2021-02-02,2021-02-17,VALID,True,A,0000738214,SEC_TICKERS,False,False,False,False,0,2018-11-01,2023-12-29,0,True,0000738214,[],[],True,False,False,0000738214,False,False,,False,True,False,False,2860,2860,SPY,SPY,SPY
BCRX,2021-02-01,2021-01-29,2021-02-02,2021-02-17,VALID,True,A,0000882796,SEC_TICKERS,False,False,False,False,0,2018-11-01,2023-12-29,0,True,0000882796,[],[],True,False,False,0000882796,False,False,,False,True,False,False,2836,2836,XBI,XBI,XBI
CDE,2021-02-01,2021-01-29,2021-02-02,2021-02-17,VALID,True,A,0000215466,SEC_TICKERS,False,False,False,False,0,2018-11-01,2023-12-29,0,True,0000215466,[],[],True,False,False,0000215466,False,False,,False,True,False,False,1040,1040,XLE,XLE,XLE
CHRS,2021-02-01,2021-01-29,2021-02-02,2021-02-17,VALID,True,A,0001512762,SEC_TICKERS,False,False,False,False,0,2018-11-01,2023-12-29,0,True,0001512762,[],[],True,False,False,0001512762,False,False,1996-01-02,True,True,False,False,2836,2836,XBI,XBI,XBI
EXK,2021-02-01,2021-01-29,2021-02-02,2021-02-17,VALID,True,A,0001277866,SEC_TICKERS,False,False,False,False,0,2018-11-01,2023-12-29,0,True,0001277866,[],[],False,False,False,,False,False,,False,False,False,False,1040,1040,XLE,XLE,XLE
FSM,2021-02-01,2021-01-29,2021-02-02,2021-02-17,VALID,True,A,0001341335,SEC_TICKERS,False,False,False,False,0,2018-11-01,2023-12-29,0,True,0001341335,[],[],False,False,False,,False,False,,False,False,False,False,1040,1040,XLE,XLE,XLE
HL,2021-02-01,2021-01-29,2021-02-02,2021-02-17,VALID,True,A,0000719413,SEC_TICKERS,False,False,False,False,0,2018-11-01,2023-12-29,0,True,0000719413,[],[],True,False,False,0000719413,False,False,,False,True,False,False,1400,1400,XLE,XLE,XLE
MVST,2021-02-01,2021-01-29,2021-02-02,2021-02-17,VALID,True,A,0001760689,SEC_TICKERS,False,False,False,False,0,2019-03-27,2023-12-29,57,False,,[],"[[""2021-07-29"", ""THCB""]]",False,False,True,,False,False,,False,True,False,False,3690,3690,SPY,XLI,XLI
NKTR,2021-02-01,2021-01-29,2021-02-02,2021-02-17,VALID,True,AD,0000906709,SEC_TICKERS,False,False,False,False,0,2018-11-01,2023-12-29,0,True,0000906709,[],[],True,False,False,0000906709,False,False,2018-03-19,True,True,False,False,2834,2834,XBI,XBI,XBI
PSLV,2021-02-01,2021-01-29,2021-02-02,2021-02-17,VALID,True,A,0001494728,SEC_TICKERS,False,False,False,False,0,2018-11-01,2023-12-29,0,True,0001494728,[],[],False,False,False,,False,False,,False,False,False,False,6221,6221,XLF,XLF,XLF
THCB,2021-02-01,2021-01-29,2021-02-02,2021-02-17,VALID,True,B,0001760689,RENAME_CHAIN_FWD,False,False,False,False,0,2019-03-27,2021-07-23,57,True,0001760689,[],[],True,False,False,0001760689,False,False,,False,True,False,False,3690,3690,XLI,XLI,XLI
VIE,2021-02-01,2021-01-29,2021-02-02,2021-02-17,VALID,True,AC,0001734517,FORM345_TICKER,False,False,False,False,0,2019-10-03,2021-03-12,0,True,0001734517,[],[],True,False,False,0001734517,False,False,,False,True,False,False,2834,2834,XBI,XBI,XBI
ATER,2021-02-02,2021-02-01,2021-02-03,2021-02-18,VALID,True,A,0001757715,SEC_TICKERS,False,False,False,False,0,2019-06-12,2023-12-29,0,False,,[],"[[""2021-04-30"", ""MWK""]]",False,False,True,,False,False,,False,True,False,False,3634,3634,SPY,XLI,XLI
ATKR,2021-02-02,2021-02-01,2021-02-03,2021-02-18,VALID,True,A,0001666138,SEC_TICKERS,False,False,False,False,0,2018-11-01,2023-12-29,0,True,0001666138,[],[],True,False,False,0001666138,False,False,,False,True,False,False,3690,3690,XLI,XLI,XLI
HAE,2021-02-02,2021-02-01,2021-02-03,2021-02-18,VALID,True,A,0000313143,SEC_TICKERS,False,False,False,False,0,2018-11-01,2023-12-29,0,True,0000313143,[],[],True,False,False,0000313143,False,False,,False,True,False,False,3841,3841,XLV,XLV,XLV
HOL,2021-02-02,2021-02-01,2021-02-03,2021-02-18,VALID,False,B,0001814329,FORM345_TICKER,False,False,False,False,0,2020-10-06,2021-06-30,16,True,0001814329,[],[],True,False,False,0001814329,True,False,,False,True,False,False,4700,4700,SPY,SPY,SPY
MBRX,2021-02-02,2021-02-01,2021-02-03,2021-02-18,VALID,True,A,0001659617,SEC_TICKERS,False,False,False,False,0,2018-11-01,2023-12-29,17,True,0001659617,[],[],True,False,False,0001659617,False,False,,False,True,False,False,2834,2834,XBI,XBI,XBI
MWK,2021-02-02,2021-02-01,2021-02-03,2021-02-18,VALID,True,B,0001757715,RENAME_CHAIN_FWD,False,False,False,False,0,2019-06-12,2021-04-29,0,True,0001757715,[],[],True,False,False,0001757715,False,False,,False,True,False,False,3634,3634,XLI,XLI,XLI
CPSH,2021-02-03,2021-02-02,2021-02-04,2021-02-19,VALID,True,A,0000814676,SEC_TICKERS,False,False,False,False,0,2018-11-01,2023-12-29,18,True,0000814676,[],[],True,False,False,0000814676,False,False,,False,True,False,False,3260,3260,SPY,SPY,SPY
FTOC,2021-02-03,2021-02-02,2021-02-04,2021-02-19,VALID,True,BC,0001845815,RENAME_CHAIN_FWD,False,False,False,False,0,2020-10-16,2021-06-25,0,True,0001845815,[],[],False,True,False,0001816090,False,False,,False,False,False,False,7389,7389,SPY,SPY,SPY
ISBC,2021-02-03,2021-02-02,2021-02-04,2021-02-19,VALID,True,AC,0001594012,FORM345_TICKER,False,False,False,False,0,2018-11-01,2022-04-06,0,True,0001594012,[],[],True,False,False,0001594012,False,False,,False,True,False,False,6022,6022,XLF,XLF,XLF
PAYO,2021-02-03,2021-02-02,2021-02-04,2021-02-19,VALID,True,A,0001845815,SEC_TICKERS,False,False,False,False,0,2020-10-16,2023-12-29,0,False,,[],"[[""2021-06-28"", ""FTOC""]]",False,False,True,,False,False,,False,False,False,False,7389,7389,SPY,SPY,SPY
SLS,2021-02-03,2021-02-02,2021-02-04,2021-02-19,VALID,True,A,0001390478,SEC_TICKERS,False,False,False,False,0,2018-11-01,2023-12-29,0,True,0001390478,[],[],True,False,False,0001390478,False,False,,False,True,False,False,2834,2834,XBI,XBI,XBI
SOGP,2021-02-03,2021-02-02,2021-02-04,2021-02-19,VALID,True,A,0001783407,SEC_TICKERS,False,False,False,False,0,2020-01-17,2023-12-29,0,False,,[],"[[""2024-01-25"", ""LIZI""]]",False,False,False,,False,False,,False,False,False,False,7370,7370,SPY,XLK,XLK
ZGNX,2021-02-03,2021-02-02,2021-02-04,2021-02-19,VALID,True,A,0001375151,FORM345_TICKER,False,False,False,False,0,2018-11-01,2022-03-04,0,True,0001375151,[],[],True,False,False,0001375151,False,False,,False,True,False,False,2834,2834,XBI,XBI,XBI
CRNT,2021-02-04,2021-02-03,2021-02-05,2021-02-22,VALID,True,A,0001119769,SEC_TICKERS,False,False,False,False,0,2018-11-01,2023-12-29,0,True,0001119769,[],[],False,False,False,,False,False,,False,False,False,False,3663,3663,XLI,XLI,XLI
EBON,2021-02-04,2021-02-03,2021-02-05,2021-02-22,VALID,True,A,0001799290,SEC_TICKERS,False,False,False,False,0,2020-06-26,2023-12-29,0,True,0001799290,[],[],False,False,False,,False,False,,False,False,False,False,6200,3674,XLF,XLF,XLI
KLIC,2021-02-04,2021-02-03,2021-02-05,2021-02-22,VALID,True,A,0000056978,SEC_TICKERS,False,False,False,False,0,2018-11-01,2023-12-29,0,True,0000056978,[],[],True,False,False,0000056978,False,False,,False,True,False,False,3674,3674,XLI,XLI,XLI
MNKD,2021-02-04,2021-02-03,2021-02-05,2021-02-22,VALID,True,A,0000899460,SEC_TICKERS,False,False,False,False,0,2018-11-01,2023-12-29,0,True,0000899460,[],[],True,False,False,0000899460,False,False,,False,True,False,False,2834,2834,XBI,XBI,XBI
MXL,2021-02-04,2021-02-03,2021-02-05,2021-02-22,VALID,True,A,0001288469,SEC_TICKERS,False,False,False,False,0,2018-11-01,2023-12-29,0,True,0001288469,[],[],True,False,False,0001288469,False,False,,False,True,False,False,3674,3674,XLI,XLI,XLI
POWW,2021-02-04,2021-02-03,2021-02-05,2021-02-22,VALID,True,A,0001015383,SEC_TICKERS,False,False,False,False,0,2020-12-01,2023-12-29,0,True,0001015383,[],[],True,False,False,0001015383,False,False,,False,True,False,False,7389,3480,SPY,SPY,SPY
SIMO,2021-02-04,2021-02-03,2021-02-05,2021-02-22,VALID,True,A,0001329394,SEC_TICKERS,False,False,False,False,0,2018-11-01,2023-12-29,0,True,0001329394,[],[],False,False,False,,False,False,,False,False,False,False,3674,3674,XLI,XLI,XLI
SOGP,2021-02-04,2021-02-03,2021-02-05,2021-02-22,VALID,True,A,0001783407,SEC_TICKERS,False,False,False,False,0,2020-01-17,2023-12-29,0,False,,[],"[[""2024-01-25"", ""LIZI""]]",False,False,False,,False,False,,False,False,False,False,7370,7370,SPY,XLK,XLK
AAME,2021-02-05,2021-02-04,2021-02-08,2021-02-23,VALID,True,A,0000008177,SEC_TICKERS,False,False,False,False,0,2018-11-01,2023-12-29,66,True,0000008177,[],[],True,False,False,0000008177,False,False,,False,True,False,False,6311,6311,XLF,XLF,XLF
AREC,2021-02-05,2021-02-04,2021-02-08,2021-02-23,VALID,True,A,0001590715,SEC_TICKERS,False,False,False,False,0,2019-02-15,2023-12-29,1,True,0001590715,[],[],True,False,False,0001590715,False,False,,False,True,False,False,1220,1220,XLE,XLE,XLE
EGO,2021-02-05,2021-02-04,2021-02-08,2021-02-23,VALID,True,A,0000918608,SEC_TICKERS,False,False,False,False,0,2018-11-01,2023-12-29,0,True,0000918608,[],[],False,False,False,,False,False,,False,False,False,True,1040,1040,XLE,XLE,XLE
MDGL,2021-02-05,2021-02-04,2021-02-08,2021-02-23,VALID,True,A,0001157601,SEC_TICKERS,False,False,False,False,0,2018-11-01,2023-12-29,0,True,0001157601,[],[],True,False,False,0001157601,False,False,,False,True,False,False,2834,2834,XBI,XBI,XBI
NCTY,2021-02-05,2021-02-04,2021-02-08,2021-02-23,VALID,True,A,0001296774,SEC_TICKERS,False,False,False,False,0,2018-11-01,2023-12-29,0,True,0001296774,[],[],False,False,False,,False,False,,False,False,False,False,6199,6199,XLF,XLF,XLF
PLT,2021-02-05,2021-02-04,2021-02-08,2021-02-23,VALID,True,B,0000914025,FORM345_TICKER,False,False,False,False,0,2018-11-01,2021-05-21,0,True,0000914025,[],[],True,False,False,0000914025,False,False,,False,True,False,False,3661,3661,XLI,XLI,XLI
POLY,2021-02-05,2021-02-04,2021-02-08,2021-02-23,VALID,True,AC,0000914025,FORM345_TICKER,False,False,False,False,0,2018-11-01,2022-08-26,0,False,,[],"[[""2021-05-24"", ""PLT""]]",False,False,True,,False,False,,False,True,False,False,3661,3661,SPY,XLI,XLI
TDC,2021-02-05,2021-02-04,2021-02-08,2021-02-23,VALID,True,A,0000816761,SEC_TICKERS,False,False,False,False,0,2018-11-01,2023-12-29,0,True,0000816761,[],[],True,False,False,0000816761,False,False,2007-10-01,True,True,False,False,7372,7372,XLK,XLK,XLK
BFLY,2021-02-08,2021-02-05,2021-02-09,2021-02-24,VALID,True,A,0001804176,SEC_TICKERS,False,False,False,False,0,2020-07-13,2023-12-29,1,False,,[],"[[""2021-02-16"", ""LGVW""]]",False,False,True,,False,False,,False,True,False,False,3844,3844,SPY,XLV,XLV
BKKT,2021-02-08,2021-02-05,2021-02-09,2021-02-24,VALID,True,A,0001820302,SEC_TICKERS,False,False,False,False,0,2020-11-19,2023-12-29,2,False,,[],"[[""2021-10-18"", ""VIH""]]",False,False,True,,False,False,,False,True,False,False,6199,6199,SPY,XLF,XLF
BSQR,2021-02-08,2021-02-05,2021-02-09,2021-02-24,VALID,False,C,0001054721,FORM345_TICKER,False,False,False,False,0,2018-11-01,2023-12-07,0,True,0001054721,[],[],True,False,False,0001054721,True,False,,False,True,False,False,7389,7389,SPY,SPY,SPY
CAN,2021-02-08,2021-02-05,2021-02-09,2021-02-24,VALID,True,A,0001780652,SEC_TICKERS,False,False,False,False,0,2019-11-21,2023-12-29,0,True,0001780652,[],[],False,False,False,,False,False,,False,False,False,False,6199,3674,XLF,XLF,XLI
FTFT,2021-02-08,2021-02-05,2021-02-09,2021-02-24,VALID,True,A,0001066923,SEC_TICKERS,False,False,False,False,0,2018-11-01,2023-12-29,0,True,0001066923,[],[],True,False,False,0001066923,False,False,,False,True,False,False,7389,7389,SPY,SPY,SPY
GOVX,2021-02-08,2021-02-05,2021-02-09,2021-02-24,VALID,True,A,0000832489,SEC_TICKERS,False,False,False,False,0,2020-09-25,2023-12-29,0,True,0000832489,[],[],True,False,False,0000832489,False,False,,False,True,False,False,2834,2834,XBI,XBI,XBI
JG,2021-02-08,2021-02-05,2021-02-09,2021-02-24,VALID,True,A,0001737339,SEC_TICKERS,False,False,False,False,0,2018-11-01,2023-12-29,0,True,0001737339,[],[],False,False,False,,False,False,,False,False,False,False,7370,7370,XLK,XLK,XLK
LGVW,2021-02-08,2021-02-05,2021-02-09,2021-02-24,DATA_MISSING_EXIT,True,B,0001804176,RENAME_CHAIN_FWD,False,False,False,False,0,2020-07-13,2021-02-12,1,False,0001804176,[],[],False,False,False,,False,False,,False,True,False,False,3844,3844,XLV,XLV,XLV
NCTY,2021-02-08,2021-02-05,2021-02-09,2021-02-24,VALID,True,A,0001296774,SEC_TICKERS,False,False,False,False,0,2018-11-01,2023-12-29,0,True,0001296774,[],[],False,False,False,,False,False,,False,False,False,False,6199,6199,XLF,XLF,XLF
VERU,2021-02-08,2021-02-05,2021-02-09,2021-02-24,VALID,True,A,0000863894,SEC_TICKERS,False,False,False,False,0,2018-11-01,2023-12-29,1,True,0000863894,[],[],True,False,False,0000863894,False,False,,False,True,False,False,2834,2834,XBI,XBI,XBI
VIH,2021-02-08,2021-02-05,2021-02-09,2021-02-24,VALID,True,B,0001820302,RENAME_CHAIN_FWD,False,False,False,False,0,2020-11-19,2021-10-15,2,True,0001820302,[],[],True,False,False,0001820302,False,False,,False,True,False,False,6199,6199,XLF,XLF,XLF
WPRT,2021-02-08,2021-02-05,2021-02-09,2021-02-24,VALID,True,A,0001370416,SEC_TICKERS,False,False,False,False,0,2018-11-01,2023-12-29,0,True,0001370416,[],[],True,False,False,0001370416,False,False,,False,False,False,False,3510,3510,SPY,SPY,SPY
XONE,2021-02-08,2021-02-05,2021-02-09,2021-02-24,VALID,False,C,0001561627,FORM345_TICKER,False,False,False,False,0,2018-11-01,2023-12-29,210,True,0001561627,[],[],True,False,False,0001561627,True,False,,False,True,False,False,3555,3555,SPY,SPY,SPY
AEVA,2021-02-09,2021-02-08,2021-02-10,2021-02-25,VALID,True,A,0001789029,SEC_TICKERS,False,False,False,False,0,2020-02-27,2023-12-29,50,False,,[],"[[""2021-03-15"", ""IPV""]]",False,False,True,,False,False,,False,True,False,False,3714,3714,SPY,XLI,XLI
CAN,2021-02-09,2021-02-08,2021-02-10,2021-02-25,VALID,True,A,0001780652,SEC_TICKERS,False,False,False,False,0,2019-11-21,2023-12-29,0,True,0001780652,[],[],False,False,False,,False,False,,False,False,False,False,6199,3674,XLF,XLF,XLI
GLUU,2021-02-09,2021-02-08,2021-02-10,2021-02-25,VALID,True,AC,0001366246,FORM345_TICKER,False,False,False,False,0,2018-11-01,2021-04-28,0,True,0001366246,[],[],True,False,False,0001366246,False,False,,False,True,False,False,7371,7371,XLK,XLK,XLK
HTBX,2021-02-09,2021-02-08,2021-02-10,2021-02-25,VALID,False,B,0001476963,FORM345_TICKER,False,False,False,False,0,2018-11-01,2022-05-02,0,True,0001476963,[],[],True,False,False,0001476963,True,False,,False,True,False,False,2834,2834,XBI,XBI,XBI
IPV,2021-02-09,2021-02-08,2021-02-10,2021-02-25,VALID,True,B,0001789029,RENAME_CHAIN_FWD,False,False,False,False,0,2020-02-27,2021-03-12,50,True,0001789029,[],[],False,False,False,,False,False,,False,True,False,False,3714,3714,XLI,XLI,XLI
NCTY,2021-02-09,2021-02-08,2021-02-10,2021-02-25,VALID,True,A,0001296774,SEC_TICKERS,False,False,False,False,0,2018-11-01,2023-12-29,0,True,0001296774,[],[],False,False,False,,False,False,,False,False,False,False,6199,6199,XLF,XLF,XLF
PERI,2021-02-09,2021-02-08,2021-02-10,2021-02-25,VALID,True,A,0001338940,SEC_TICKERS,False,False,False,False,0,2018-11-01,2023-12-29,0,True,0001338940,[],[],False,False,False,,False,False,,False,False,False,False,7371,7371,XLK,XLK,XLK
SLQT,2021-02-09,2021-02-08,2021-02-10,2021-02-25,VALID,True,A,0001794783,SEC_TICKERS,False,False,False,False,0,2020-05-21,2023-12-29,0,True,0001794783,[],[],True,False,False,0001794783,False,False,,False,True,False,False,6411,6411,XLF,XLF,XLF
ABCL,2021-02-10,2021-02-09,2021-02-11,2021-02-26,VALID,True,A,0001703057,SEC_TICKERS,False,False,False,False,0,2020-12-11,2023-12-29,0,True,0001703057,[],[],True,False,False,0001703057,False,False,,False,False,False,False,2834,2834,XBI,XBI,XBI
ACHR,2021-02-10,2021-02-09,2021-02-11,2021-02-26,VALID,True,A,0001824502,SEC_TICKERS,False,False,False,False,0,2020-12-18,2023-12-29,0,False,,[],"[[""2021-09-17"", ""ACIC""]]",False,False,True,,False,False,,False,True,False,False,3721,3721,SPY,XLI,XLI
BSQR,2021-02-10,2021-02-09,2021-02-11,2021-02-26,VALID,False,C,0001054721,FORM345_TICKER,False,False,False,False,0,2018-11-01,2023-12-07,0,True,0001054721,[],[],True,False,False,0001054721,True,False,,False,True,False,False,7389,7389,SPY,SPY,SPY
CGIX,2021-02-10,2021-02-09,2021-02-11,2021-02-26,VALID,False,B,0001349929,FORM345_TICKER,False,False,False,False,0,2018-11-01,2021-03-30,0,True,0001349929,[],[],True,False,False,0001349929,True,False,,False,True,False,False,8071,8071,SPY,SPY,SPY
CMLF,2021-02-10,2021-02-09,2021-02-11,2021-02-26,VALID,False,B,0001818331,RENAME_CHAIN_FWD,False,False,False,False,0,2020-11-04,2021-07-22,7,True,0001818331,[],[],True,False,False,0001818331,True,False,,False,True,False,False,8000,8000,SPY,SPY,SPY
CRON,2021-02-10,2021-02-09,2021-02-11,2021-02-26,VALID,True,A,0001656472,SEC_TICKERS,False,False,False,False,0,2018-11-01,2023-12-29,0,True,0001656472,[],[],True,False,False,0001656472,False,False,,False,True,False,False,2833,2833,XBI,XBI,XBI
CRTO,2021-02-10,2021-02-09,2021-02-11,2021-02-26,VALID,True,A,0001576427,SEC_TICKERS,False,False,False,False,0,2018-11-01,2023-12-29,0,True,0001576427,[],[],True,False,False,0001576427,False,False,,False,True,False,False,7311,7311,SPY,SPY,SPY
EGOV,2021-02-10,2021-02-09,2021-02-11,2021-02-26,VALID,True,AC,0001065332,FORM345_TICKER,False,False,False,False,0,2018-11-01,2021-04-20,0,True,0001065332,[],[],True,False,False,0001065332,False,False,,False,True,False,False,7389,7389,SPY,SPY,SPY
JG,2021-02-10,2021-02-09,2021-02-11,2021-02-26,VALID,True,A,0001737339,SEC_TICKERS,False,False,False,False,0,2018-11-01,2023-12-29,0,True,0001737339,[],[],False,False,False,,False,False,,False,False,False,False,7370,7370,XLK,XLK,XLK
KOPN,2021-02-10,2021-02-09,2021-02-11,2021-02-26,VALID,True,A,0000771266,SEC_TICKERS,False,False,False,False,0,2018-11-01,2023-12-29,0,True,0000771266,[],[],True,False,False,0000771266,False,False,,False,True,False,False,3674,3674,XLI,XLI,XLI
QFIN,2021-02-10,2021-02-09,2021-02-11,2021-02-26,VALID,True,A,0001741530,SEC_TICKERS,False,False,False,False,0,2018-12-14,2023-12-29,0,True,0001741530,[],[],False,False,False,,False,False,,False,False,False,False,6199,6199,XLF,XLF,XLF
VFF,2021-02-10,2021-02-09,2021-02-11,2021-02-26,VALID,True,A,0001584549,SEC_TICKERS,False,False,False,False,0,2019-02-21,2023-12-29,5,True,0001584549,[],[],True,False,False,0001584549,False,False,,False,True,False,False,0100,0100,SPY,SPY,SPY
WGS,2021-02-10,2021-02-09,2021-02-11,2021-02-26,VALID,True,A,0001818331,SEC_TICKERS,False,False,False,False,0,2020-11-04,2023-12-29,7,False,,[],"[[""2023-01-10"", ""SMFR""]]",False,False,True,,False,False,,False,True,False,False,8000,8000,SPY,SPY,SPY
ZYNE,2021-02-10,2021-02-09,2021-02-11,2021-02-26,VALID,False,C,0001621443,FORM345_TICKER,False,False,False,False,0,2018-11-01,2023-10-10,1,True,0001621443,[],[],True,False,False,0001621443,True,False,,False,True,False,False,2834,2834,XBI,XBI,XBI
CRIS,2021-02-11,2021-02-10,2021-02-12,2021-03-01,VALID,True,A,0001108205,SEC_TICKERS,False,False,False,False,0,2018-11-01,2023-12-29,0,True,0001108205,[],[],True,False,False,0001108205,False,False,,False,True,False,False,2836,2836,XBI,XBI,XBI
CRNT,2021-02-11,2021-02-10,2021-02-12,2021-03-01,VALID,True,A,0001119769,SEC_TICKERS,False,False,False,False,0,2018-11-01,2023-12-29,0,True,0001119769,[],[],False,False,False,,False,False,,False,False,False,False,3663,3663,XLI,XLI,XLI
CRTO,2021-02-11,2021-02-10,2021-02-12,2021-03-01,VALID,True,A,0001576427,SEC_TICKERS,False,False,False,False,0,2018-11-01,2023-12-29,0,True,0001576427,[],[],True,False,False,0001576427,False,False,,False,True,False,False,7311,7311,SPY,SPY,SPY
GNMK,2021-02-11,2021-02-10,2021-02-12,2021-03-01,VALID,True,AC,0001487371,FORM345_TICKER,False,False,False,False,0,2018-11-01,2021-04-21,0,True,0001487371,[],[],True,False,False,0001487371,False,False,,False,True,False,False,3841,3841,XLV,XLV,XLV
ORIO,2021-02-11,2021-02-10,2021-02-12,2021-03-01,VALID,True,A,0001602842,SEC_TICKERS,False,False,False,False,0,2018-11-01,2023-12-29,4,False,,[],"[[""2026-01-02"", ""MOGO""]]",False,False,False,,False,False,,False,False,False,False,6199,6199,SPY,XLF,XLF
PI,2021-02-11,2021-02-10,2021-02-12,2021-03-01,VALID,True,A,0001114995,SEC_TICKERS,False,False,False,False,0,2018-11-01,2023-12-29,0,True,0001114995,[],[],True,False,False,0001114995,False,False,,False,True,False,False,3679,3679,XLI,XLI,XLI
RCMT,2021-02-11,2021-02-10,2021-02-12,2021-03-01,VALID,True,A,0000700841,SEC_TICKERS,False,False,False,False,0,2018-11-01,2023-12-29,0,True,0000700841,[],[],True,False,False,0000700841,False,False,,False,True,False,False,7363,7363,SPY,SPY,SPY
SGI,2021-02-11,2021-02-10,2021-02-12,2021-03-01,VALID,True,A,0001206264,SEC_TICKERS,False,False,False,False,0,2018-11-01,2023-12-29,0,False,,[],"[[""2025-02-18"", ""TPX""]]",False,False,False,,False,False,,False,True,False,False,2510,2510,SPY,SPY,SPY
SONO,2021-02-11,2021-02-10,2021-02-12,2021-03-01,VALID,True,A,0001314727,SEC_TICKERS,False,False,False,False,0,2018-11-01,2023-12-29,0,True,0001314727,[],[],True,False,False,0001314727,False,False,,False,True,False,False,3651,3651,XLI,XLI,XLI
TLND,2021-02-11,2021-02-10,2021-02-12,2021-03-01,VALID,True,AC,0001668105,FORM345_TICKER,False,False,False,False,0,2018-11-01,2021-07-29,0,True,0001668105,[],[],True,False,False,0001668105,False,False,,False,True,False,False,7372,7372,XLK,XLK,XLK
YI,2021-02-11,2021-02-10,2021-02-12,2021-03-01,VALID,True,A,0001738906,SEC_TICKERS,False,False,False,False,0,2018-11-01,2023-12-29,3,True,0001738906,[],[],False,False,False,,False,False,,False,False,False,False,5912,5912,SPY,SPY,SPY
CMLF,2021-02-12,2021-02-11,2021-02-16,2021-03-02,VALID,False,B,0001818331,RENAME_CHAIN_FWD,False,False,False,False,0,2020-11-04,2021-07-22,7,True,0001818331,[],[],True,False,False,0001818331,True,False,,False,True,False,False,8000,8000,SPY,SPY,SPY
GP,2021-02-12,2021-02-11,2021-02-16,2021-03-02,VALID,True,A,0001584547,SEC_TICKERS,False,False,False,False,0,2020-08-28,2023-12-29,0,True,0001584547,[],[],False,False,False,,False,False,1996-01-02,True,False,False,False,3713,3713,XLI,XLI,XLI
WGS,2021-02-12,2021-02-11,2021-02-16,2021-03-02,VALID,True,A,0001818331,SEC_TICKERS,False,False,False,False,0,2020-11-04,2023-12-29,7,False,,[],"[[""2023-01-10"", ""SMFR""]]",False,False,True,,False,False,,False,True,False,False,8000,8000,SPY,SPY,SPY
AACQ,2021-02-16,2021-02-12,2021-02-17,2021-03-03,VALID,False,B,0001802457,FORM345_TICKER,False,False,False,False,0,2020-09-04,2021-06-24,0,True,0001802457,[],[],True,False,False,0001802457,True,False,,False,True,False,False,2860,2860,SPY,SPY,SPY
AREC,2021-02-16,2021-02-12,2021-02-17,2021-03-03,VALID,True,A,0001590715,SEC_TICKERS,False,False,False,False,0,2019-02-15,2023-12-29,1,True,0001590715,[],[],True,False,False,0001590715,False,False,,False,True,False,False,1220,1220,XLE,XLE,XLE
DPW,2021-02-16,2021-02-12,2021-02-17,2021-03-03,VALID,False,B,0000896493,RENAME_CHAIN_FWD,False,False,False,False,0,2018-11-01,2021-12-10,2,True,0000896493,[],[],True,False,False,0000896493,True,False,,False,True,False,False,3533,3679,SPY,SPY,XLI
EBON,2021-02-16,2021-02-12,2021-02-17,2021-03-03,VALID,True,A,0001799290,SEC_TICKERS,False,False,False,False,0,2020-06-26,2023-12-29,0,True,0001799290,[],[],False,False,False,,False,False,,False,False,False,False,6200,3674,XLF,XLF,XLI
FTFT,2021-02-16,2021-02-12,2021-02-17,2021-03-03,VALID,True,A,0001066923,SEC_TICKERS,False,False,False,False,0,2018-11-01,2023-12-29,0,True,0001066923,[],[],True,False,False,0001066923,False,False,,False,True,False,False,7389,7389,SPY,SPY,SPY
KMPH,2021-02-16,2021-02-12,2021-02-17,2021-03-03,VALID,True,B,0001434647,RENAME_CHAIN_FWD,False,False,False,False,0,2018-11-01,2023-02-28,160,True,0001434647,[],[],True,False,False,0001434647,False,False,,False,True,False,False,2834,2834,XBI,XBI,XBI
KOPN,2021-02-16,2021-02-12,2021-02-17,2021-03-03,VALID,True,A,0000771266,SEC_TICKERS,False,False,False,False,0,2018-11-01,2023-12-29,0,True,0000771266,[],[],True,False,False,0000771266,False,False,,False,True,False,False,3674,3674,XLI,XLI,XLI
NCTY,2021-02-16,2021-02-12,2021-02-17,2021-03-03,VALID,True,A,0001296774,SEC_TICKERS,False,False,False,False,0,2018-11-01,2023-12-29,0,True,0001296774,[],[],False,False,False,,False,False,,False,False,False,False,6199,6199,XLF,XLF,XLF
NILE,2021-02-16,2021-02-12,2021-02-17,2021-03-03,VALID,False,B,0000896493,RENAME_CHAIN_FWD,False,False,False,False,0,2018-11-01,2022-12-30,2,False,,[],"[[""2022-01-04"", ""DPW""]]",False,False,True,,True,False,,False,True,False,False,3533,3679,SPY,SPY,XLI
SGLY,2021-02-16,2021-02-12,2021-02-17,2021-03-03,VALID,True,A,0001422892,SEC_TICKERS,False,False,False,False,0,2018-11-01,2023-12-29,1,False,,[],"[[""2022-01-07"", ""SINO""]]",False,False,True,,False,False,,False,True,False,False,4731,4731,SPY,SPY,SPY
SINO,2021-02-16,2021-02-12,2021-02-17,2021-03-03,VALID,True,B,0001422892,RENAME_CHAIN_FWD,False,False,False,False,0,2018-11-01,2022-01-06,0,True,0001422892,[],[],True,False,False,0001422892,False,False,,False,True,False,False,4731,4731,SPY,SPY,SPY
ZVRA,2021-02-16,2021-02-12,2021-02-17,2021-03-03,VALID,True,A,0001434647,SEC_TICKERS,False,False,False,False,0,2021-01-08,2023-12-29,0,False,,[],"[[""2023-03-01"", ""KMPH""]]",False,False,True,,False,False,,False,True,False,False,2834,2834,SPY,XBI,XBI
ACHR,2021-02-17,2021-02-16,2021-02-18,2021-03-04,VALID,True,A,0001824502,SEC_TICKERS,False,False,False,False,0,2020-12-18,2023-12-29,0,False,,[],"[[""2021-09-17"", ""ACIC""]]",False,False,True,,False,False,,False,True,False,False,3721,3721,SPY,XLI,XLI
AQMS,2021-02-17,2021-02-16,2021-02-18,2021-03-04,VALID,True,A,0001621832,SEC_TICKERS,False,False,False,False,0,2018-11-01,2023-12-29,0,True,0001621832,[],[],True,False,False,0001621832,False,False,,False,True,False,False,3341,3341,SPY,SPY,SPY
CLPS,2021-02-17,2021-02-16,2021-02-18,2021-03-04,VALID,True,A,0001724542,SEC_TICKERS,False,False,False,False,0,2018-11-01,2023-12-29,1,True,0001724542,[],[],False,False,False,,False,False,,False,False,False,False,7372,7372,XLK,XLK,XLK
CNET,2021-02-17,2021-02-16,2021-02-18,2021-03-04,VALID,True,A,0001376321,SEC_TICKERS,False,False,False,False,0,2018-11-01,2023-12-29,0,True,0001376321,[],[],False,False,False,,False,False,,False,True,False,False,7370,7370,XLK,XLK,XLK
CSOD,2021-02-17,2021-02-16,2021-02-18,2021-03-04,VALID,True,AC,0001401680,FORM345_TICKER,False,False,False,False,0,2018-11-01,2021-10-14,0,True,0001401680,[],[],True,False,False,0001401680,False,False,,False,True,False,False,7372,7372,XLK,XLK,XLK
KRNT,2021-02-17,2021-02-16,2021-02-18,2021-03-04,VALID,True,A,0001625791,SEC_TICKERS,False,False,False,False,0,2018-11-01,2023-12-29,0,True,0001625791,[],[],False,False,False,,False,False,,False,False,False,False,3555,3555,SPY,SPY,SPY
NKTR,2021-02-17,2021-02-16,2021-02-18,2021-03-04,VALID,True,AD,0000906709,SEC_TICKERS,False,False,False,False,0,2018-11-01,2023-12-29,0,True,0000906709,[],[],True,False,False,0000906709,False,False,2018-03-19,True,True,False,False,2834,2834,XBI,XBI,XBI
CAPA,2021-02-18,2021-02-17,2021-02-19,2021-03-05,VALID,True,B,0001816431,RENAME_CHAIN_FWD,False,False,False,False,0,2020-11-13,2021-06-10,11,True,0001816431,[],[],True,False,False,0001816431,False,False,,False,True,False,False,3829,3829,SPY,SPY,SPY
GTEC,2021-02-18,2021-02-17,2021-02-19,2021-03-05,VALID,True,A,0001735041,SEC_TICKERS,False,False,False,False,0,2018-11-09,2023-12-29,122,True,0001735041,[],[],True,False,False,0001735041,False,False,,False,True,False,False,3560,3560,SPY,SPY,SPY
QSI,2021-02-18,2021-02-17,2021-02-19,2021-03-05,VALID,True,A,0001816431,SEC_TICKERS,False,False,False,False,0,2020-11-13,2023-12-29,11,False,,[],"[[""2021-06-11"", ""CAPA""]]",False,False,True,,False,False,,False,True,False,False,3829,3829,SPY,SPY,SPY
BODI,2021-02-19,2021-02-18,2021-02-22,2021-03-08,VALID,True,A,0001826889,SEC_TICKERS,False,False,False,False,0,2021-01-15,2023-12-29,0,False,,[],"[[""2024-03-04"", ""BODY""]]",False,False,False,,False,False,,False,False,False,False,5960,5960,SPY,SPY,SPY
EOLS,2021-02-19,2021-02-18,2021-02-22,2021-03-08,VALID,True,A,0001570562,SEC_TICKERS,False,False,False,False,0,2018-11-01,2023-12-29,0,True,0001570562,[],[],True,False,False,0001570562,False,False,,False,True,False,False,2834,2834,XBI,XBI,XBI
FRX,2021-02-19,2021-02-18,2021-02-22,2021-03-08,VALID,False,B,0001826889,RENAME_CHAIN_FWD,False,False,False,False,0,2021-01-15,2021-06-25,0,True,0001826889,[],[],False,False,False,,True,False,2000-11-22,True,False,False,False,5960,5960,SPY,SPY,SPY
HASI,2021-02-19,2021-02-18,2021-02-22,2021-03-08,VALID,True,A,0001561894,SEC_TICKERS,False,False,False,False,0,2018-11-01,2023-12-29,0,True,0001561894,[],[],True,False,False,0001561894,False,False,,False,True,False,False,6799,6798,XLF,XLF,XLF
VIOT,2021-02-19,2021-02-18,2021-02-22,2021-03-08,VALID,True,A,0001742770,SEC_TICKERS,False,False,False,False,0,2018-11-01,2023-12-29,0,True,0001742770,[],[],False,False,False,,False,False,,False,False,False,False,3630,3630,XLI,XLI,XLI
WATT,2021-02-19,2021-02-18,2021-02-22,2021-03-08,VALID,True,A,0001575793,SEC_TICKERS,False,False,False,False,0,2018-11-01,2023-12-29,0,True,0001575793,[],[],True,False,False,0001575793,False,False,,False,True,False,False,3663,3663,XLI,XLI,XLI
BODI,2021-02-22,2021-02-19,2021-02-23,2021-03-09,VALID,True,A,0001826889,SEC_TICKERS,False,False,False,False,0,2021-01-15,2023-12-29,0,False,,[],"[[""2024-03-04"", ""BODY""]]",False,False,False,,False,False,,False,False,False,False,5960,5960,SPY,SPY,SPY
CTB,2021-02-22,2021-02-19,2021-02-23,2021-03-09,VALID,True,AC,0000024491,FORM345_TICKER,False,False,False,False,0,2018-11-01,2021-06-04,0,True,0000024491,[],[],True,False,False,0000024491,False,False,1996-01-02,True,True,False,False,3011,3011,SPY,SPY,SPY
ENVX,2021-02-22,2021-02-19,2021-02-23,2021-03-09,VALID,True,A,0001828318,SEC_TICKERS,False,False,False,False,0,2021-01-05,2023-12-29,0,False,,[],"[[""2021-07-15"", ""RSVA""]]",False,False,True,,False,False,,False,False,False,False,3690,3690,SPY,XLI,XLI
FRX,2021-02-22,2021-02-19,2021-02-23,2021-03-09,VALID,False,B,0001826889,RENAME_CHAIN_FWD,False,False,False,False,0,2021-01-15,2021-06-25,0,True,0001826889,[],[],False,False,False,,True,False,2000-11-22,True,False,False,False,5960,5960,SPY,SPY,SPY
RSVA,2021-02-22,2021-02-19,2021-02-23,2021-03-09,VALID,True,B,0001828318,RENAME_CHAIN_FWD,False,False,False,False,0,2021-01-05,2021-07-14,0,True,0001828318,[],[],True,False,False,0001828318,False,False,,False,False,False,False,3690,3690,XLI,XLI,XLI
VIOT,2021-02-22,2021-02-19,2021-02-23,2021-03-09,VALID,True,A,0001742770,SEC_TICKERS,False,False,False,False,0,2018-11-01,2023-12-29,0,True,0001742770,[],[],False,False,False,,False,False,,False,False,False,False,3630,3630,XLI,XLI,XLI
VUZI,2021-02-22,2021-02-19,2021-02-23,2021-03-09,VALID,True,A,0001463972,SEC_TICKERS,False,False,False,False,0,2018-11-01,2023-12-29,0,True,0001463972,[],[],True,False,False,0001463972,False,False,,False,True,False,False,3663,3663,XLI,XLI,XLI
ACH,2021-02-24,2021-02-23,2021-02-25,2021-03-11,VALID,True,A,0000075252,SEC_TICKERS,False,False,False,False,0,2018-11-01,2023-12-29,0,False,,[],"[[""2026-01-02"", ""OMI""]]",False,False,False,,False,False,,False,True,False,False,5047,5047,SPY,SPY,SPY
PRAH,2021-02-24,2021-02-23,2021-02-25,2021-03-11,VALID,True,AC,0001613859,FORM345_TICKER,False,False,False,False,0,2018-11-01,2021-06-30,0,True,0001613859,[],[],True,False,False,0001613859,False,False,,False,True,False,False,8731,8731,SPY,SPY,SPY
PUBM,2021-02-24,2021-02-23,2021-02-25,2021-03-11,VALID,True,A,0001422930,SEC_TICKERS,False,False,False,False,0,2020-12-09,2023-12-29,0,True,0001422930,[],[],True,False,False,0001422930,False,False,,False,False,False,False,7370,7370,XLK,XLK,XLK
SYPR,2021-02-24,2021-02-23,2021-02-25,2021-03-11,VALID,True,A,0000864240,SEC_TICKERS,False,False,False,False,0,2018-11-01,2023-12-29,6,True,0000864240,[],[],True,False,False,0000864240,False,False,,False,True,False,False,3823,3823,SPY,SPY,SPY
PAND,2021-02-25,2021-02-24,2021-02-26,2021-03-12,VALID,True,AC,0001807901,FORM345_TICKER,False,False,False,False,0,2020-07-17,2021-03-31,0,True,0001807901,[],[],True,False,False,0001807901,False,False,,False,True,False,False,2834,2834,XBI,XBI,XBI
RVLV,2021-02-25,2021-02-24,2021-02-26,2021-03-12,VALID,True,A,0001746618,SEC_TICKERS,False,False,False,False,0,2019-06-07,2023-12-29,0,True,0001746618,[],[],True,False,False,0001746618,False,False,,False,True,False,False,5961,5961,SPY,SPY,SPY
TNDM,2021-02-25,2021-02-24,2021-02-26,2021-03-12,VALID,True,A,0001438133,SEC_TICKERS,False,False,False,False,0,2018-11-01,2023-12-29,0,True,0001438133,[],[],True,False,False,0001438133,False,False,,False,True,False,False,3841,3841,XLV,XLV,XLV
TS,2021-02-25,2021-02-24,2021-02-26,2021-03-12,VALID,True,A,0001190723,SEC_TICKERS,False,False,False,False,0,2018-11-01,2023-12-29,0,True,0001190723,[],[],False,False,False,,False,False,,False,False,False,False,3312,3312,SPY,SPY,SPY
AMTX,2021-03-01,2021-02-26,2021-03-02,2021-03-16,VALID,True,A,0000738214,SEC_TICKERS,False,False,False,False,0,2018-11-01,2023-12-29,0,True,0000738214,[],[],True,False,False,0000738214,False,False,,False,True,False,False,2860,2860,SPY,SPY,SPY
DRNA,2021-03-01,2021-02-26,2021-03-02,2021-03-16,VALID,True,AC,0001399529,FORM345_TICKER,False,False,False,False,0,2018-11-01,2021-12-27,0,True,0001399529,[],[],True,False,False,0001399529,False,False,,False,True,False,False,2834,2834,XBI,XBI,XBI
FRSX,2021-03-01,2021-02-26,2021-03-02,2021-03-16,VALID,True,A,0001691221,SEC_TICKERS,False,False,False,False,0,2018-11-01,2023-12-29,2,True,0001691221,[],[],False,False,False,,False,False,,False,False,False,False,7372,7372,XLK,XLK,XLK
FTFT,2021-03-01,2021-02-26,2021-03-02,2021-03-16,VALID,True,A,0001066923,SEC_TICKERS,False,False,False,False,0,2018-11-01,2023-12-29,0,True,0001066923,[],[],True,False,False,0001066923,False,False,,False,True,False,False,7389,7389,SPY,SPY,SPY
KMPH,2021-03-01,2021-02-26,2021-03-02,2021-03-16,VALID,True,B,0001434647,RENAME_CHAIN_FWD,False,False,False,False,0,2018-11-01,2023-02-28,160,True,0001434647,[],[],True,False,False,0001434647,False,False,,False,True,False,False,2834,2834,XBI,XBI,XBI
RKLB,2021-03-01,2021-02-26,2021-03-02,2021-03-16,VALID,True,A,0001819994,SEC_TICKERS,False,False,False,False,0,2020-11-24,2023-12-29,1,False,,[],"[[""2021-08-25"", ""VACQ""]]",False,False,True,,False,False,,False,True,False,False,3760,3760,SPY,XLI,XLI
TAOP,2021-03-01,2021-02-26,2021-03-02,2021-03-16,VALID,True,A,0001552670,SEC_TICKERS,False,False,False,False,0,2018-11-01,2023-12-29,3,True,0001552670,[],[],False,False,False,,False,False,,False,False,False,False,7372,7372,XLK,XLK,XLK
VACQ,2021-03-01,2021-02-26,2021-03-02,2021-03-16,VALID,True,B,0001819994,RENAME_CHAIN_FWD,False,False,False,False,0,2020-11-24,2021-08-24,1,True,0001819994,[],[],True,False,False,0001819994,False,False,,False,True,False,False,3760,3760,XLI,XLI,XLI
WIMI,2021-03-01,2021-02-26,2021-03-02,2021-03-16,VALID,True,A,0001770088,SEC_TICKERS,False,False,False,False,0,2020-04-01,2023-12-29,0,True,0001770088,[],[],False,False,False,,False,False,,False,False,False,False,7372,7372,XLK,XLK,XLK
ZVRA,2021-03-01,2021-02-26,2021-03-02,2021-03-16,VALID,True,A,0001434647,SEC_TICKERS,False,False,False,False,0,2021-01-08,2023-12-29,0,False,,[],"[[""2023-03-01"", ""KMPH""]]",False,False,True,,False,False,,False,True,False,False,2834,2834,SPY,XBI,XBI
ATOM,2021-03-02,2021-03-01,2021-03-03,2021-03-17,VALID,True,A,0001420520,SEC_TICKERS,False,False,False,False,0,2018-11-01,2023-12-29,0,True,0001420520,[],[],True,False,False,0001420520,False,False,,False,True,False,False,3674,3674,XLI,XLI,XLI
KOPN,2021-03-02,2021-03-01,2021-03-03,2021-03-17,VALID,True,A,0000771266,SEC_TICKERS,False,False,False,False,0,2018-11-01,2023-12-29,0,True,0000771266,[],[],True,False,False,0000771266,False,False,,False,True,False,False,3674,3674,XLI,XLI,XLI
NNVC,2021-03-02,2021-03-01,2021-03-03,2021-03-17,VALID,True,A,0001379006,SEC_TICKERS,False,False,False,False,0,2018-11-01,2023-12-29,0,True,0001379006,[],[],True,False,False,0001379006,False,False,,False,True,False,False,2834,2834,XBI,XBI,XBI
PERI,2021-03-02,2021-03-01,2021-03-03,2021-03-17,VALID,True,A,0001338940,SEC_TICKERS,False,False,False,False,0,2018-11-01,2023-12-29,0,True,0001338940,[],[],False,False,False,,False,False,,False,False,False,False,7371,7371,XLK,XLK,XLK
SUNE,2021-03-02,2021-03-01,2021-03-03,2021-03-17,VALID,True,A,0000022701,SEC_TICKERS,True,False,False,True,0,2019-10-31,2023-11-10,1157,True,0000022701,[],[],False,False,False,,False,False,,False,True,False,False,1700,3661,SPY,SPY,XLI
TMDX,2021-03-02,2021-03-01,2021-03-03,2021-03-17,VALID,True,A,0001756262,SEC_TICKERS,False,False,False,False,0,2019-05-02,2023-12-29,2,True,0001756262,[],[],True,False,False,0001756262,False,False,,False,True,False,False,3845,3845,XLV,XLV,XLV
HTBX,2021-03-03,2021-03-02,2021-03-04,2021-03-18,VALID,False,B,0001476963,FORM345_TICKER,False,False,False,False,0,2018-11-01,2022-05-02,0,True,0001476963,[],[],True,False,False,0001476963,True,False,,False,True,False,False,2834,2834,XBI,XBI,XBI
KMPH,2021-03-03,2021-03-02,2021-03-04,2021-03-18,VALID,True,B,0001434647,RENAME_CHAIN_FWD,False,False,False,False,0,2018-11-01,2023-02-28,160,True,0001434647,[],[],True,False,False,0001434647,False,False,,False,True,False,False,2834,2834,XBI,XBI,XBI
MRVI,2021-03-03,2021-03-02,2021-03-04,2021-03-18,VALID,True,A,0001823239,SEC_TICKERS,False,False,False,False,0,2020-11-20,2023-12-29,0,True,0001823239,[],[],True,False,False,0001823239,False,False,,False,False,False,False,2834,2834,XBI,XBI,XBI
QTRX,2021-03-03,2021-03-02,2021-03-04,2021-03-18,VALID,True,A,0001503274,SEC_TICKERS,False,False,False,False,0,2018-11-01,2023-12-29,0,True,0001503274,[],[],True,False,False,0001503274,False,False,,False,True,False,False,3826,3826,SPY,SPY,SPY
SLE,2021-03-03,2021-03-02,2021-03-04,2021-03-18,VALID,True,A,0001621672,SEC_TICKERS,False,False,False,False,0,2019-02-26,2023-12-29,0,False,,[],"[[""2023-09-11"", ""SLGG""]]",False,False,True,,False,False,,False,True,False,False,7373,7373,SPY,XLK,XLK
TAOP,2021-03-03,2021-03-02,2021-03-04,2021-03-18,VALID,True,A,0001552670,SEC_TICKERS,False,False,False,False,0,2018-11-01,2023-12-29,3,True,0001552670,[],[],False,False,False,,False,False,,False,False,False,False,7372,7372,XLK,XLK,XLK
ZVRA,2021-03-03,2021-03-02,2021-03-04,2021-03-18,VALID,True,A,0001434647,SEC_TICKERS,False,False,False,False,0,2021-01-08,2023-12-29,0,False,,[],"[[""2023-03-01"", ""KMPH""]]",False,False,True,,False,False,,False,True,False,False,2834,2834,SPY,XBI,XBI
AHCO,2021-03-04,2021-03-03,2021-03-05,2021-03-19,VALID,True,A,0001725255,SEC_TICKERS,False,False,False,False,0,2018-11-05,2023-12-29,114,True,0001725255,[],[],True,False,False,0001725255,False,False,,False,True,False,False,8082,8082,SPY,SPY,SPY
FPRX,2021-03-04,2021-03-03,2021-03-05,2021-03-19,VALID,True,AC,0001175505,FORM345_TICKER,False,False,False,False,0,2018-11-01,2021-04-15,0,True,0001175505,[],[],True,False,False,0001175505,False,False,,False,True,False,False,2834,2834,XBI,XBI,XBI
ATER,2021-03-05,2021-03-04,2021-03-08,2021-03-22,VALID,True,A,0001757715,SEC_TICKERS,False,False,False,False,0,2019-06-12,2023-12-29,0,False,,[],"[[""2021-04-30"", ""MWK""]]",False,False,True,,False,False,,False,True,False,False,3634,3634,SPY,XLI,XLI
LFMD,2021-03-05,2021-03-04,2021-03-08,2021-03-22,VALID,True,A,0000948320,SEC_TICKERS,False,False,False,False,0,2020-12-10,2023-12-29,0,True,0000948320,[],[],True,False,False,0000948320,False,False,,False,True,False,False,8011,8011,SPY,SPY,SPY
MWK,2021-03-05,2021-03-04,2021-03-08,2021-03-22,VALID,True,B,0001757715,RENAME_CHAIN_FWD,False,False,False,False,0,2019-06-12,2021-04-29,0,True,0001757715,[],[],True,False,False,0001757715,False,False,,False,True,False,False,3634,3634,XLI,XLI,XLI
PR,2021-03-05,2021-03-04,2021-03-08,2021-03-22,VALID,True,A,0001658566,SEC_TICKERS,False,False,False,False,0,2018-11-01,2023-12-29,0,True,0001658566,[],[],False,False,True,,False,False,,False,True,False,False,1311,1311,XLE,XLE,XLE
AER,2021-03-08,2021-03-05,2021-03-09,2021-03-23,VALID,True,A,0001378789,SEC_TICKERS,False,False,False,False,0,2018-11-01,2023-12-29,0,True,0001378789,[],[],False,False,False,,False,False,,False,False,False,True,7359,7359,SPY,SPY,SPY
ATH,2021-03-08,2021-03-05,2021-03-09,2021-03-23,VALID,True,AC,0001527469,FORM345_TICKER,False,False,False,False,0,2018-11-01,2021-12-31,0,True,0001527469,[],[],True,False,False,0001527469,False,False,,False,True,False,False,6311,6311,XLF,XLF,XLF
IMVT,2021-03-08,2021-03-05,2021-03-09,2021-03-23,VALID,True,A,0001764013,SEC_TICKERS,False,False,False,False,0,2019-06-21,2023-12-29,40,True,0001764013,[],[],True,False,False,0001764013,False,False,,False,True,False,False,2836,2836,XBI,XBI,XBI
MCFE,2021-03-08,2021-03-05,2021-03-09,2021-03-23,VALID,True,AC,0001783317,FORM345_TICKER,False,False,False,False,0,2020-10-22,2022-02-28,0,True,0001783317,[],[],True,False,False,0001783317,False,False,,False,True,False,False,7372,7372,XLK,XLK,XLK
SEER,2021-03-08,2021-03-05,2021-03-09,2021-03-23,VALID,True,A,0001726445,SEC_TICKERS,False,False,False,False,0,2020-12-04,2023-12-29,0,True,0001726445,[],[],True,False,False,0001726445,False,False,,False,False,False,False,3826,3826,SPY,SPY,SPY
AMTX,2021-03-09,2021-03-08,2021-03-10,2021-03-24,VALID,True,A,0000738214,SEC_TICKERS,False,False,False,False,0,2018-11-01,2023-12-29,0,True,0000738214,[],[],True,False,False,0000738214,False,False,,False,True,False,False,2860,2860,SPY,SPY,SPY
BTBT,2021-03-09,2021-03-08,2021-03-10,2021-03-24,VALID,True,A,0001710350,SEC_TICKERS,False,False,False,False,0,2018-11-01,2023-12-29,106,True,0001710350,[],[],False,False,False,,False,False,,False,False,False,False,6199,6199,XLF,XLF,XLF
GLSI,2021-03-09,2021-03-08,2021-03-10,2021-03-24,VALID,True,A,0001799788,SEC_TICKERS,False,False,False,False,0,2020-09-25,2023-12-29,0,True,0001799788,[],[],True,False,False,0001799788,False,False,,False,True,False,False,2834,2834,XBI,XBI,XBI
SOGP,2021-03-09,2021-03-08,2021-03-10,2021-03-24,VALID,True,A,0001783407,SEC_TICKERS,False,False,False,False,0,2020-01-17,2023-12-29,0,False,,[],"[[""2024-01-25"", ""LIZI""]]",False,False,False,,False,False,,False,False,False,False,7370,7370,SPY,XLK,XLK
TAOP,2021-03-09,2021-03-08,2021-03-10,2021-03-24,VALID,True,A,0001552670,SEC_TICKERS,False,False,False,False,0,2018-11-01,2023-12-29,3,True,0001552670,[],[],False,False,False,,False,False,,False,False,False,False,7372,7372,XLK,XLK,XLK
AEVA,2021-03-10,2021-03-09,2021-03-11,2021-03-25,VALID,True,A,0001789029,SEC_TICKERS,False,False,False,False,0,2020-02-27,2023-12-29,50,False,,[],"[[""2021-03-15"", ""IPV""]]",False,False,True,,False,False,,False,True,False,False,3714,3714,SPY,XLI,XLI
BEEM,2021-03-10,2021-03-09,2021-03-11,2021-03-25,VALID,True,A,0001398805,SEC_TICKERS,False,False,False,False,0,2019-04-16,2023-12-29,0,True,0001398805,[],[],True,False,False,0001398805,False,False,,False,True,False,False,3690,3674,XLI,XLI,XLI
BTBT,2021-03-10,2021-03-09,2021-03-11,2021-03-25,VALID,True,A,0001710350,SEC_TICKERS,False,False,False,False,0,2018-11-01,2023-12-29,106,True,0001710350,[],[],False,False,False,,False,False,,False,False,False,False,6199,6199,XLF,XLF,XLF
FTFT,2021-03-10,2021-03-09,2021-03-11,2021-03-25,VALID,True,A,0001066923,SEC_TICKERS,False,False,False,False,0,2018-11-01,2023-12-29,0,True,0001066923,[],[],True,False,False,0001066923,False,False,,False,True,False,False,7389,7389,SPY,SPY,SPY
IBRX,2021-03-10,2021-03-09,2021-03-11,2021-03-25,VALID,True,A,0001326110,SEC_TICKERS,False,False,False,False,0,2018-11-01,2023-12-29,0,True,0001326110,[],[],False,False,True,,False,False,,False,True,False,False,2836,2836,XBI,XBI,XBI
IPV,2021-03-10,2021-03-09,2021-03-11,2021-03-25,DATA_MISSING_EXIT,True,B,0001789029,RENAME_CHAIN_FWD,False,False,False,False,0,2020-02-27,2021-03-12,50,False,0001789029,[],[],False,False,False,,False,False,,False,True,False,False,3714,3714,XLI,XLI,XLI
TLND,2021-03-10,2021-03-09,2021-03-11,2021-03-25,VALID,True,AC,0001668105,FORM345_TICKER,False,False,False,False,0,2018-11-01,2021-07-29,0,True,0001668105,[],[],True,False,False,0001668105,False,False,,False,True,False,False,7372,7372,XLK,XLK,XLK
UAVS,2021-03-10,2021-03-09,2021-03-11,2021-03-25,VALID,True,A,0000008504,SEC_TICKERS,False,False,False,False,0,2018-11-01,2023-12-29,0,True,0000008504,[],[],True,False,False,0000008504,False,False,,False,True,False,False,3721,3721,XLI,XLI,XLI
UNFI,2021-03-10,2021-03-09,2021-03-11,2021-03-25,VALID,True,A,0001020859,SEC_TICKERS,False,False,False,False,0,2018-11-01,2023-12-29,0,True,0001020859,[],[],True,False,False,0001020859,False,False,,False,True,False,False,5141,5141,SPY,SPY,SPY
ANAB,2021-03-11,2021-03-10,2021-03-12,2021-03-26,VALID,True,A,0001370053,SEC_TICKERS,False,False,False,False,0,2018-11-01,2023-12-29,0,True,0001370053,[],[],True,False,False,0001370053,False,False,,False,True,False,False,2834,2834,XBI,XBI,XBI
ASAN,2021-03-11,2021-03-10,2021-03-12,2021-03-26,VALID,True,A,0001477720,SEC_TICKERS,False,False,False,False,0,2020-09-30,2023-12-29,0,True,0001477720,[],[],True,False,False,0001477720,False,False,,False,True,False,False,7372,7372,XLK,XLK,XLK
AVEO,2021-03-11,2021-03-10,2021-03-12,2021-03-26,VALID,False,C,0001325879,FORM345_TICKER,False,False,False,False,0,2018-11-01,2023-01-19,0,True,0001325879,[],[],True,False,False,0001325879,True,False,,False,True,False,False,2834,2834,XBI,XBI,XBI
FINV,2021-03-11,2021-03-10,2021-03-12,2021-03-26,VALID,True,A,0001691445,SEC_TICKERS,False,False,False,False,0,2018-11-01,2023-12-29,0,True,0001691445,[],[],False,False,False,,False,False,,False,False,False,False,6163,6163,XLF,XLF,XLF
RSI,2021-03-11,2021-03-10,2021-03-12,2021-03-26,VALID,True,A,0001793659,SEC_TICKERS,False,False,False,False,0,2020-04-23,2023-12-29,20,True,0001793659,[],[],True,False,False,0001793659,False,False,,False,True,False,False,7990,7990,SPY,SPY,SPY
WIMI,2021-03-11,2021-03-10,2021-03-12,2021-03-26,VALID,True,A,0001770088,SEC_TICKERS,False,False,False,False,0,2020-04-01,2023-12-29,0,True,0001770088,[],[],False,False,False,,False,False,,False,False,False,False,7372,7372,XLK,XLK,XLK
FRSX,2021-03-12,2021-03-11,2021-03-15,2021-03-29,VALID,True,A,0001691221,SEC_TICKERS,False,False,False,False,0,2018-11-01,2023-12-29,2,True,0001691221,[],[],False,False,False,,False,False,,False,False,False,False,7372,7372,XLK,XLK,XLK
NCEL,2021-03-12,2021-03-11,2021-03-15,2021-03-29,VALID,True,A,0001783036,SEC_TICKERS,False,False,False,False,0,2021-01-29,2023-12-29,0,False,,[],"[[""2025-10-31"", ""NLSP""]]",False,False,False,,False,False,,False,False,False,False,2834,2834,SPY,XBI,XBI
CBAT,2021-03-15,2021-03-12,2021-03-16,2021-03-30,VALID,True,A,0002086841,SEC_TICKERS,False,False,False,False,0,2018-11-01,2023-12-29,0,True,0002086841,[],[],False,True,False,0001117171,False,False,,False,False,False,False,3690,3690,XLI,XLI,XLI
GNMK,2021-03-15,2021-03-12,2021-03-16,2021-03-30,VALID,True,AC,0001487371,FORM345_TICKER,False,False,False,False,0,2018-11-01,2021-04-21,0,True,0001487371,[],[],True,False,False,0001487371,False,False,,False,True,False,False,3841,3841,XLV,XLV,XLV
STAY,2021-03-15,2021-03-12,2021-03-16,2021-03-30,VALID,True,AC,0001581164,FORM345_TICKER,False,False,False,False,0,2018-11-01,2021-06-15,0,True,0001581164,[],[],True,False,False,0001581164,False,False,,False,True,False,False,7011,7011,SPY,SPY,SPY
YALA,2021-03-15,2021-03-12,2021-03-16,2021-03-30,VALID,True,A,0001794350,SEC_TICKERS,False,False,False,False,0,2020-09-30,2023-12-29,0,True,0001794350,[],[],False,False,False,,False,False,,False,False,False,False,7370,7370,XLK,XLK,XLK
ZKIN,2021-03-15,2021-03-12,2021-03-16,2021-03-30,VALID,True,A,0001687451,SEC_TICKERS,False,False,False,False,0,2018-11-01,2023-12-29,1,True,0001687451,[],[],False,False,False,,False,False,,False,False,False,False,3490,3490,SPY,SPY,SPY
KMPH,2021-03-16,2021-03-15,2021-03-17,2021-03-31,VALID,True,B,0001434647,RENAME_CHAIN_FWD,False,False,False,False,0,2018-11-01,2023-02-28,160,True,0001434647,[],[],True,False,False,0001434647,False,False,,False,True,False,False,2834,2834,XBI,XBI,XBI
XNET,2021-03-16,2021-03-15,2021-03-17,2021-03-31,VALID,True,A,0001510593,SEC_TICKERS,False,False,False,False,0,2018-11-01,2023-12-29,0,True,0001510593,[],[],False,False,False,,False,False,,False,False,False,False,7372,7372,XLK,XLK,XLK
ZVRA,2021-03-16,2021-03-15,2021-03-17,2021-03-31,VALID,True,A,0001434647,SEC_TICKERS,False,False,False,False,0,2021-01-08,2023-12-29,0,False,,[],"[[""2023-03-01"", ""KMPH""]]",False,False,True,,False,False,,False,True,False,False,2834,2834,SPY,XBI,XBI
IMTX,2021-03-17,2021-03-16,2021-03-18,2021-04-01,VALID,True,A,0001809196,SEC_TICKERS,False,False,False,False,0,2020-07-02,2023-12-29,0,True,0001809196,[],[],False,False,False,,False,False,,False,False,False,False,2836,2836,XBI,XBI,XBI
SGLY,2021-03-18,2021-03-17,2021-03-19,2021-04-05,VALID,True,A,0001422892,SEC_TICKERS,False,False,False,False,0,2018-11-01,2023-12-29,1,False,,[],"[[""2022-01-07"", ""SINO""]]",False,False,True,,False,False,,False,True,False,False,4731,4731,SPY,SPY,SPY
SINO,2021-03-18,2021-03-17,2021-03-19,2021-04-05,VALID,True,B,0001422892,RENAME_CHAIN_FWD,False,False,False,False,0,2018-11-01,2022-01-06,0,True,0001422892,[],[],True,False,False,0001422892,False,False,,False,True,False,False,4731,4731,SPY,SPY,SPY
VCEL,2021-03-18,2021-03-17,2021-03-19,2021-04-05,VALID,True,A,0000887359,SEC_TICKERS,False,False,False,False,0,2018-11-01,2023-12-29,0,True,0000887359,[],[],True,False,False,0000887359,False,False,,False,True,False,False,2836,2836,XBI,XBI,XBI
ZKIN,2021-03-19,2021-03-18,2021-03-22,2021-04-06,VALID,True,A,0001687451,SEC_TICKERS,False,False,False,False,0,2018-11-01,2023-12-29,1,True,0001687451,[],[],False,False,False,,False,False,,False,False,False,False,3490,3490,SPY,SPY,SPY
BNTC,2021-03-23,2021-03-22,2021-03-24,2021-04-08,VALID,True,A,0001808898,SEC_TICKERS,False,False,False,False,0,2018-11-01,2023-12-29,21,True,0001808898,[],[],True,False,False,0001808898,False,False,,False,True,False,False,2834,2834,XBI,XBI,XBI
FREQ,2021-03-24,2021-03-23,2021-03-25,2021-04-09,VALID,True,B,0001703647,RENAME_CHAIN_FWD,False,False,False,False,0,2019-10-03,2023-11-03,0,True,0001703647,[],[],True,False,False,0001703647,False,False,,False,True,False,False,2834,2834,XBI,XBI,XBI
KRRO,2021-03-24,2021-03-23,2021-03-25,2021-04-09,VALID,True,A,0001703647,SEC_TICKERS,False,False,False,False,0,2019-10-03,2023-12-29,0,False,,[],"[[""2023-11-06"", ""FREQ""]]",False,False,True,,False,False,,False,True,False,False,2834,2834,SPY,XBI,XBI
ZKIN,2021-03-24,2021-03-23,2021-03-25,2021-04-09,VALID,True,A,0001687451,SEC_TICKERS,False,False,False,False,0,2018-11-01,2023-12-29,1,True,0001687451,[],[],False,False,False,,False,False,,False,False,False,False,3490,3490,SPY,SPY,SPY
FRMM,2021-03-26,2021-03-25,2021-03-29,2021-04-13,VALID,True,A,0001690080,SEC_TICKERS,False,False,False,False,0,2018-11-01,2023-12-29,412,False,,[],"[[""2026-03-02"", ""ETHZ""]]",False,False,False,,False,False,,False,True,False,False,6199,2834,SPY,XLF,XBI
FTFT,2021-03-26,2021-03-25,2021-03-29,2021-04-13,VALID,True,A,0001066923,SEC_TICKERS,False,False,False,False,0,2018-11-01,2023-12-29,0,True,0001066923,[],[],True,False,False,0001066923,False,False,,False,True,False,False,7389,7389,SPY,SPY,SPY
MX,2021-03-26,2021-03-25,2021-03-29,2021-04-13,VALID,True,A,0001325702,SEC_TICKERS,False,False,False,False,0,2018-11-01,2023-12-29,0,True,0001325702,[],[],True,False,False,0001325702,False,False,,False,True,False,False,3674,3674,XLI,XLI,XLI
TLS,2021-03-26,2021-03-25,2021-03-29,2021-04-13,VALID,True,A,0000320121,SEC_TICKERS,False,False,False,False,0,2020-11-20,2023-12-29,0,True,0000320121,[],[],True,False,False,0000320121,False,False,,False,True,False,False,7373,7373,XLK,XLK,XLK
WAFU,2021-03-26,2021-03-25,2021-03-29,2021-04-13,VALID,True,A,0001716770,SEC_TICKERS,False,False,False,False,0,2019-04-30,2023-12-29,7,True,0001716770,[],[],False,False,False,,False,False,,False,False,False,False,8200,8200,SPY,SPY,SPY
ORIO,2021-03-29,2021-03-26,2021-03-30,2021-04-14,VALID,True,A,0001602842,SEC_TICKERS,False,False,False,False,0,2018-11-01,2023-12-29,4,False,,[],"[[""2026-01-02"", ""MOGO""]]",False,False,False,,False,False,,False,False,False,False,6199,6199,SPY,XLF,XLF
ABCL,2021-03-30,2021-03-29,2021-03-31,2021-04-15,VALID,True,A,0001703057,SEC_TICKERS,False,False,False,False,0,2020-12-11,2023-12-29,0,True,0001703057,[],[],True,False,False,0001703057,False,False,,False,True,False,False,2834,2834,XBI,XBI,XBI
VTSI,2021-03-30,2021-03-29,2021-03-31,2021-04-15,VALID,True,A,0001085243,SEC_TICKERS,False,False,False,False,0,2018-11-01,2023-12-29,2,True,0001085243,[],[],True,False,False,0001085243,False,False,,False,True,False,False,3990,3990,SPY,SPY,SPY
ACTC,2021-04-01,2021-03-31,2021-04-05,2021-04-19,VALID,False,B,0001820630,RENAME_CHAIN_FWD,False,False,False,False,0,2020-11-25,2021-06-14,0,True,0001820630,[],[],False,False,False,,True,False,,False,True,False,False,3711,3711,XLI,XLI,XLI
ACY,2021-04-01,2021-03-31,2021-04-05,2021-04-19,VALID,False,B,0001036848,FORM345_TICKER,False,False,False,False,0,2018-11-01,2022-03-25,56,True,0001036848,[],[],True,False,False,0001036848,True,False,,False,True,False,False,7812,6199,SPY,SPY,XLF
FTFT,2021-04-01,2021-03-31,2021-04-05,2021-04-19,VALID,True,A,0001066923,SEC_TICKERS,False,False,False,False,0,2018-11-01,2023-12-29,0,True,0001066923,[],[],True,False,False,0001066923,False,False,,False,True,False,False,7389,7389,SPY,SPY,SPY
MPU,2021-04-01,2021-03-31,2021-04-05,2021-04-19,VALID,True,A,0001953021,SEC_TICKERS,False,False,False,False,0,2018-11-01,2023-12-29,56,True,0001953021,[],[],False,False,False,,False,False,,False,False,False,False,7812,7812,SPY,SPY,SPY
UAVS,2021-04-01,2021-03-31,2021-04-05,2021-04-19,VALID,True,A,0000008504,SEC_TICKERS,False,False,False,False,0,2018-11-01,2023-12-29,0,True,0000008504,[],[],True,False,False,0000008504,False,False,,False,True,False,False,3721,3721,XLI,XLI,XLI
UTHR,2021-04-01,2021-03-31,2021-04-05,2021-04-19,VALID,True,A,0001082554,SEC_TICKERS,False,False,False,False,0,2018-11-01,2023-12-29,0,True,0001082554,[],[],True,False,False,0001082554,False,False,,False,True,False,False,2834,2834,XBI,XBI,XBI
CEMI,2021-04-05,2021-04-01,2021-04-06,2021-04-20,VALID,False,C,0001092662,FORM345_TICKER,False,False,False,False,0,2018-11-01,2023-04-27,0,True,0001092662,[],[],True,False,False,0001092662,True,False,,False,True,False,False,2834,2834,XBI,XBI,XBI
MUDS,2021-04-06,2021-04-05,2021-04-07,2021-04-21,VALID,True,AB,0001718405,RENAME_CHAIN_FWD,False,False,False,False,0,2018-11-01,2022-09-12,296,False,,"[[""2020-06-01"", ""HYMC""]]",[],False,False,False,,False,False,,False,True,False,False,1040,1040,SPY,XLE,XLE
SJ,2021-04-06,2021-04-05,2021-04-07,2021-04-21,VALID,True,A,0001753673,SEC_TICKERS,False,False,False,False,0,2019-03-07,2023-12-29,166,True,0001753673,[],[],True,False,False,0001753673,False,False,,False,True,False,False,7374,7374,XLK,XLK,XLK
TVRD,2021-04-06,2021-04-05,2021-04-07,2021-04-21,VALID,True,A,0001346830,SEC_TICKERS,False,False,False,False,0,2018-11-01,2023-12-29,0,False,,[],"[[""2025-04-16"", ""CARA""]]",False,False,False,,False,False,,False,True,False,False,2834,2834,SPY,XBI,XBI
ORBC,2021-04-08,2021-04-07,2021-04-09,2021-04-23,VALID,True,AC,0001361983,FORM345_TICKER,False,False,False,False,0,2018-11-01,2021-08-31,0,True,0001361983,[],[],True,False,False,0001361983,False,False,,False,True,False,False,4899,4899,SPY,SPY,SPY
RICE,2021-04-08,2021-04-07,2021-04-09,2021-04-23,VALID,False,B,0001823766,FORM345_TICKER,False,False,False,False,0,2020-12-14,2021-09-15,532,True,0001823766,[],[],True,False,False,0001823766,True,False,,False,True,False,False,4932,4932,SPY,SPY,SPY
GLSI,2021-04-09,2021-04-08,2021-04-12,2021-04-26,VALID,True,A,0001799788,SEC_TICKERS,False,False,False,False,0,2020-09-25,2023-12-29,0,True,0001799788,[],[],True,False,False,0001799788,False,False,,False,True,False,False,2834,2834,XBI,XBI,XBI
LMNX,2021-04-12,2021-04-09,2021-04-13,2021-04-27,VALID,False,C,0001033905,FORM345_TICKER,False,False,False,False,0,2018-11-01,2021-07-13,0,True,0001033905,[],[],True,False,False,0001033905,True,False,,False,True,False,False,3841,3841,XLV,XLV,XLV
PLBY,2021-04-12,2021-04-09,2021-04-13,2021-04-27,VALID,True,A,0001803914,SEC_TICKERS,False,False,False,False,0,2020-08-31,2023-12-29,1,True,0001803914,[],[],True,False,False,0001803914,False,False,,False,True,False,False,5900,5900,SPY,SPY,SPY
ZLAB,2021-04-13,2021-04-12,2021-04-14,2021-04-28,VALID,True,A,0001704292,SEC_TICKERS,False,False,False,False,0,2018-11-01,2023-12-29,0,True,0001704292,[],[],True,False,False,0001704292,False,False,,False,True,False,False,2834,2834,XBI,XBI,XBI
TV,2021-04-14,2021-04-13,2021-04-15,2021-04-29,VALID,True,A,0000912892,SEC_TICKERS,False,False,False,False,0,2018-11-01,2023-12-29,0,True,0000912892,[],[],False,False,False,,False,False,,False,False,False,False,4833,4833,SPY,SPY,SPY
INO,2021-04-15,2021-04-14,2021-04-16,2021-04-30,VALID,True,A,0001055726,SEC_TICKERS,False,False,False,False,0,2018-11-01,2023-12-29,0,True,0001055726,[],[],True,False,False,0001055726,False,False,,False,True,False,False,2834,3841,XBI,XBI,XLV
TAOP,2021-04-15,2021-04-14,2021-04-16,2021-04-30,VALID,True,A,0001552670,SEC_TICKERS,False,False,False,False,0,2018-11-01,2023-12-29,3,True,0001552670,[],[],False,False,False,,False,False,,False,False,False,False,7372,7372,XLK,XLK,XLK
CLNE,2021-04-19,2021-04-16,2021-04-20,2021-05-04,VALID,True,A,0001368265,SEC_TICKERS,False,False,False,False,0,2018-11-01,2023-12-29,0,True,0001368265,[],[],True,False,False,0001368265,False,False,,False,True,False,False,4932,4932,SPY,SPY,SPY
HOG,2021-04-19,2021-04-16,2021-04-20,2021-05-04,VALID,True,AD,0000793952,SEC_TICKERS,False,False,False,False,0,2018-11-01,2023-12-29,0,True,0000793952,[],[],True,False,False,0000793952,False,False,2000-01-31,True,True,False,False,3751,3751,XLI,XLI,XLI
LFMD,2021-04-19,2021-04-16,2021-04-20,2021-05-04,VALID,True,A,0000948320,SEC_TICKERS,False,False,False,False,0,2020-12-10,2023-12-29,0,True,0000948320,[],[],True,False,False,0000948320,False,False,,False,True,False,False,8011,8011,SPY,SPY,SPY
HZO,2021-04-22,2021-04-21,2021-04-23,2021-05-07,VALID,True,A,0001057060,SEC_TICKERS,False,False,False,False,0,2018-11-01,2023-12-29,0,True,0001057060,[],[],True,False,False,0001057060,False,False,,False,True,False,False,5531,5531,SPY,SPY,SPY
XM,2021-04-22,2021-04-21,2021-04-23,2021-05-07,VALID,False,C,0001747748,FORM345_TICKER,False,False,False,False,0,2021-01-28,2023-06-27,563,True,0001747748,[],[],True,False,False,0001747748,True,False,,False,True,False,False,7372,7372,XLK,XLK,XLK
SLAB,2021-04-23,2021-04-22,2021-04-26,2021-05-10,VALID,True,A,0001038074,SEC_TICKERS,False,False,False,False,0,2018-11-01,2023-12-29,0,True,0001038074,[],[],True,False,False,0001038074,False,False,,False,True,False,False,3674,3674,XLI,XLI,XLI
AXSM,2021-04-26,2021-04-23,2021-04-27,2021-05-11,VALID,True,A,0001579428,SEC_TICKERS,False,False,False,False,0,2018-11-01,2023-12-29,0,True,0001579428,[],[],True,False,False,0001579428,False,False,,False,True,False,False,2834,2834,XBI,XBI,XBI
SJ,2021-04-26,2021-04-23,2021-04-27,2021-05-11,VALID,True,A,0001753673,SEC_TICKERS,False,False,False,False,0,2019-03-07,2023-12-29,166,True,0001753673,[],[],True,False,False,0001753673,False,False,,False,True,False,False,7374,7374,XLK,XLK,XLK
ALDX,2021-04-27,2021-04-26,2021-04-28,2021-05-12,VALID,True,A,0001341235,SEC_TICKERS,False,False,False,False,0,2018-11-01,2023-12-29,0,True,0001341235,[],[],True,False,False,0001341235,False,False,,False,True,False,False,2834,2834,XBI,XBI,XBI
FLWS,2021-04-29,2021-04-28,2021-04-30,2021-05-14,VALID,True,A,0001084869,SEC_TICKERS,False,False,False,False,0,2018-11-01,2023-12-29,0,True,0001084869,[],[],True,False,False,0001084869,False,False,,False,True,False,False,5990,5990,SPY,SPY,SPY
VER,2021-04-29,2021-04-28,2021-04-30,2021-05-14,VALID,True,AC,0001507385,FORM345_TICKER,False,False,False,False,0,2018-11-01,2021-10-29,0,True,0001507385,[],[],True,False,False,0001507385,False,False,,False,True,False,False,6798,6798,XLF,XLF,XLF
UFS,2021-05-04,2021-05-03,2021-05-05,2021-05-19,VALID,True,AC,0001381531,FORM345_TICKER,False,False,False,False,0,2018-11-01,2021-11-29,0,True,0001381531,[],[],True,False,False,0001381531,False,False,,False,True,False,False,2621,2621,SPY,SPY,SPY
HAYW,2021-05-05,2021-05-04,2021-05-06,2021-05-20,VALID,True,A,0001834622,SEC_TICKERS,False,False,False,False,0,2021-03-12,2023-12-29,0,True,0001834622,[],[],True,False,False,0001834622,False,False,,False,False,False,False,3580,3580,SPY,SPY,SPY
MED,2021-05-05,2021-05-04,2021-05-06,2021-05-20,VALID,True,A,0000910329,SEC_TICKERS,False,False,False,False,0,2018-11-01,2023-12-29,0,True,0000910329,[],[],True,False,False,0000910329,False,False,,False,True,False,False,2090,2090,SPY,SPY,SPY
OPLN,2021-05-05,2021-05-04,2021-05-06,2021-05-20,VALID,True,A,0001395942,SEC_TICKERS,False,False,False,False,0,2018-11-01,2023-12-29,0,False,,[],"[[""2025-12-26"", ""KAR""]]",False,False,False,,False,False,,False,True,False,False,5500,5500,SPY,SPY,SPY
VERU,2021-05-05,2021-05-04,2021-05-06,2021-05-20,VALID,True,A,0000863894,SEC_TICKERS,False,False,False,False,0,2018-11-01,2023-12-29,1,True,0000863894,[],[],True,False,False,0000863894,False,False,,False,True,False,False,2834,2834,XBI,XBI,XBI
HOME,2021-05-06,2021-05-05,2021-05-07,2021-05-21,VALID,True,AC,0001646228,FORM345_TICKER,False,False,False,False,0,2018-11-01,2021-07-22,0,True,0001646228,[],[],True,False,False,0001646228,False,False,,False,True,False,False,5700,5700,SPY,SPY,SPY
SBH,2021-05-06,2021-05-05,2021-05-07,2021-05-21,VALID,True,A,0001368458,SEC_TICKERS,False,False,False,False,0,2018-11-01,2023-12-29,0,True,0001368458,[],[],True,False,False,0001368458,False,False,,False,True,False,False,5990,5990,SPY,SPY,SPY
GPRO,2021-05-07,2021-05-06,2021-05-10,2021-05-24,VALID,True,A,0001500435,SEC_TICKERS,False,False,False,False,0,2018-11-01,2023-12-29,0,True,0001500435,[],[],True,False,False,0001500435,False,False,,False,True,False,False,3861,3861,SPY,SPY,SPY
TWST,2021-05-07,2021-05-06,2021-05-10,2021-05-24,VALID,True,A,0001581280,SEC_TICKERS,False,False,False,False,0,2018-11-01,2023-12-29,0,True,0001581280,[],[],True,False,False,0001581280,False,False,,False,True,False,False,2836,2836,XBI,XBI,XBI
FOE,2021-05-11,2021-05-10,2021-05-12,2021-05-26,VALID,True,AC,0000035214,FORM345_TICKER,False,False,False,False,0,2018-11-01,2022-04-21,0,True,0000035214,[],[],True,False,False,0000035214,False,False,,False,True,False,False,2851,2851,SPY,SPY,SPY
UFS,2021-05-11,2021-05-10,2021-05-12,2021-05-26,VALID,True,AC,0001381531,FORM345_TICKER,False,False,False,False,0,2018-11-01,2021-11-29,0,True,0001381531,[],[],True,False,False,0001381531,False,False,,False,True,False,False,2621,2621,SPY,SPY,SPY
VANI,2021-05-12,2021-05-11,2021-05-13,2021-05-27,VALID,True,A,0001266806,SEC_TICKERS,False,False,False,False,0,2018-11-01,2023-12-29,0,True,0001266806,[],[],False,False,True,,False,False,,False,True,False,False,3845,3845,XLV,XLV,XLV
CELH,2021-05-13,2021-05-12,2021-05-14,2021-05-28,VALID,True,A,0001341766,SEC_TICKERS,False,False,False,False,0,2018-11-01,2023-12-29,0,True,0001341766,[],[],True,False,False,0001341766,False,False,,False,True,False,False,2086,2086,SPY,SPY,SPY
IHT,2021-05-13,2021-05-12,2021-05-14,2021-05-28,VALID,True,A,0000082473,SEC_TICKERS,False,False,False,False,0,2018-11-01,2023-12-29,90,True,0000082473,[],[],False,False,True,,False,False,,False,True,False,False,6798,6798,XLF,XLF,XLF
GEVO,2021-05-14,2021-05-13,2021-05-17,2021-06-01,VALID,True,A,0001392380,SEC_TICKERS,False,False,False,False,0,2018-11-01,2023-12-29,0,True,0001392380,[],[],True,False,False,0001392380,False,False,,False,True,False,False,2860,2860,SPY,SPY,SPY
IHT,2021-05-14,2021-05-13,2021-05-17,2021-06-01,VALID,True,A,0000082473,SEC_TICKERS,False,False,False,False,0,2018-11-01,2023-12-29,90,True,0000082473,[],[],False,False,True,,False,False,,False,True,False,False,6798,6798,XLF,XLF,XLF
PUBM,2021-05-14,2021-05-13,2021-05-17,2021-06-01,VALID,True,A,0001422930,SEC_TICKERS,False,False,False,False,0,2020-12-09,2023-12-29,0,True,0001422930,[],[],True,False,False,0001422930,False,False,,False,True,False,False,7370,7370,XLK,XLK,XLK
RETA,2021-05-19,2021-05-18,2021-05-20,2021-06-04,VALID,False,C,0001358762,FORM345_TICKER,False,False,False,False,0,2018-11-01,2023-09-25,2,True,0001358762,[],[],True,False,False,0001358762,True,False,,False,True,False,False,2834,2834,XBI,XBI,XBI
ALLO,2021-05-20,2021-05-19,2021-05-21,2021-06-07,VALID,True,A,0001737287,SEC_TICKERS,False,False,False,False,0,2018-11-01,2023-12-29,0,True,0001737287,[],[],True,False,False,0001737287,False,False,,False,True,False,False,2836,2836,XBI,XBI,XBI
IHT,2021-05-20,2021-05-19,2021-05-21,2021-06-07,VALID,True,A,0000082473,SEC_TICKERS,False,False,False,False,0,2018-11-01,2023-12-29,90,True,0000082473,[],[],False,False,True,,False,False,,False,True,False,False,6798,6798,XLF,XLF,XLF
PLCE,2021-05-20,2021-05-19,2021-05-21,2021-06-07,VALID,True,A,0001041859,SEC_TICKERS,False,False,False,False,0,2018-11-01,2023-12-29,0,True,0001041859,[],[],True,False,False,0001041859,False,False,,False,True,False,False,5651,5651,SPY,SPY,SPY
IHT,2021-05-21,2021-05-20,2021-05-24,2021-06-08,VALID,True,A,0000082473,SEC_TICKERS,False,False,False,False,0,2018-11-01,2023-12-29,90,True,0000082473,[],[],False,False,True,,False,False,,False,True,False,False,6798,6798,XLF,XLF,XLF
YALA,2021-05-21,2021-05-20,2021-05-24,2021-06-08,VALID,True,A,0001794350,SEC_TICKERS,False,False,False,False,0,2020-09-30,2023-12-29,0,True,0001794350,[],[],False,False,False,,False,False,,False,False,False,False,7370,7370,XLK,XLK,XLK
PRVB,2021-05-25,2021-05-24,2021-05-26,2021-06-10,VALID,False,C,0001695357,FORM345_TICKER,False,False,False,False,0,2018-11-01,2023-04-26,1,True,0001695357,[],[],True,False,False,0001695357,True,False,,False,True,False,False,2834,2834,XBI,XBI,XBI
URBN,2021-05-26,2021-05-25,2021-05-27,2021-06-11,VALID,True,A,0000912615,SEC_TICKERS,False,False,False,False,0,2018-11-01,2023-12-29,0,True,0000912615,[],[],True,False,False,0000912615,False,False,2010-02-08,True,True,False,False,5651,5651,SPY,SPY,SPY
ABTS,2021-05-27,2021-05-26,2021-05-28,2021-06-14,VALID,True,A,0001864055,SEC_TICKERS,False,False,False,False,0,2018-11-01,2023-12-29,18,False,,[],"[[""2023-11-17"", ""MOXC""]]",False,False,False,,False,False,,False,False,False,False,6199,6199,SPY,XLF,XLF
BTBT,2021-05-27,2021-05-26,2021-05-28,2021-06-14,VALID,True,A,0001710350,SEC_TICKERS,False,False,False,False,0,2018-11-01,2023-12-29,106,True,0001710350,[],[],False,False,False,,False,False,,False,False,False,False,6199,6199,XLF,XLF,XLF
LNTH,2021-05-27,2021-05-26,2021-05-28,2021-06-14,VALID,True,A,0001521036,SEC_TICKERS,False,False,False,False,0,2018-11-01,2023-12-29,0,True,0001521036,[],[],True,False,False,0001521036,False,False,,False,True,False,False,2835,2835,XBI,XBI,XBI
MOXC,2021-05-27,2021-05-26,2021-05-28,2021-06-14,VALID,True,B,0001864055,RENAME_CHAIN_FWD,False,False,False,False,0,2018-11-01,2023-11-16,18,True,0001864055,[],[],False,True,True,0001516805,False,False,,False,False,False,False,6199,6199,XLF,XLF,XLF
ORGO,2021-05-27,2021-05-26,2021-05-28,2021-06-14,VALID,True,A,0001661181,SEC_TICKERS,False,False,False,False,0,2019-01-08,2023-12-29,32,True,0001661181,[],[],True,False,False,0001661181,False,False,,False,True,False,False,2834,2834,XBI,XBI,XBI
KOSS,2021-05-28,2021-05-27,2021-06-01,2021-06-15,VALID,True,A,0000056701,SEC_TICKERS,False,False,False,False,0,2018-11-02,2023-12-29,17,True,0000056701,[],[],True,False,False,0000056701,False,False,,False,True,False,False,3651,3651,XLI,XLI,XLI
YEXT,2021-05-28,2021-05-27,2021-06-01,2021-06-15,VALID,True,A,0001614178,SEC_TICKERS,False,False,False,False,0,2018-11-01,2023-12-29,0,True,0001614178,[],[],True,False,False,0001614178,False,False,,False,True,False,False,7374,7374,XLK,XLK,XLK
OEG,2021-06-01,2021-05-28,2021-06-02,2021-06-16,VALID,True,B,0002124472,RENAME_CHAIN_FWD,False,False,False,False,0,2020-05-11,2022-07-29,0,True,0002124472,[],[],False,True,False,0001108967,False,False,,False,False,False,False,6411,6411,XLF,XLF,XLF
BCTX,2021-06-02,2021-06-01,2021-06-03,2021-06-17,VALID,True,A,0001610820,SEC_TICKERS,False,False,False,False,0,2021-02-24,2023-12-29,0,True,0001610820,[],[],False,False,True,,False,False,,False,False,False,False,2834,2834,XBI,XBI,XBI
CNST,2021-06-02,2021-06-01,2021-06-03,2021-06-17,VALID,True,AC,0001434418,FORM345_TICKER,False,False,False,False,0,2018-11-01,2021-07-14,0,True,0001434418,[],[],True,False,False,0001434418,False,False,,False,True,False,False,2834,2834,XBI,XBI,XBI
CLNE,2021-06-04,2021-06-03,2021-06-07,2021-06-21,VALID,True,A,0001368265,SEC_TICKERS,False,False,False,False,0,2018-11-01,2023-12-29,0,True,0001368265,[],[],True,False,False,0001368265,False,False,,False,True,False,False,4932,4932,SPY,SPY,SPY
NCTY,2021-06-04,2021-06-03,2021-06-07,2021-06-21,VALID,True,A,0001296774,SEC_TICKERS,False,False,False,False,0,2018-11-01,2023-12-29,0,True,0001296774,[],[],False,False,False,,False,False,,False,False,False,False,6199,6199,XLF,XLF,XLF
CLNE,2021-06-07,2021-06-04,2021-06-08,2021-06-22,VALID,True,A,0001368265,SEC_TICKERS,False,False,False,False,0,2018-11-01,2023-12-29,0,True,0001368265,[],[],True,False,False,0001368265,False,False,,False,True,False,False,4932,4932,SPY,SPY,SPY
RMED,2021-06-07,2021-06-04,2021-06-08,2021-06-22,VALID,True,B,0001716621,RENAME_CHAIN_FWD,False,False,False,False,0,2018-11-01,2023-08-17,1,True,0001716621,[],[],True,False,False,0001716621,False,False,,False,True,False,False,3841,3841,XLV,XLV,XLV
USCR,2021-06-07,2021-06-04,2021-06-08,2021-06-22,VALID,True,AC,0001073429,FORM345_TICKER,False,False,False,False,0,2018-11-01,2021-08-25,0,True,0001073429,[],[],True,False,False,0001073429,False,False,,False,True,False,False,3272,3272,SPY,SPY,SPY
VTAK,2021-06-07,2021-06-04,2021-06-08,2021-06-22,VALID,True,A,0001716621,SEC_TICKERS,False,False,False,False,0,2018-11-14,2023-12-29,360,False,,[],"[[""2023-08-18"", ""RMED""]]",False,False,False,,False,False,,False,True,False,False,3841,3841,SPY,XLV,XLV
NEXT,2021-06-08,2021-06-07,2021-06-09,2021-06-23,VALID,True,A,0001612720,SEC_TICKERS,False,False,False,False,0,2018-11-01,2023-12-29,0,True,0001612720,[],[],True,False,False,0001612720,False,False,,False,True,False,False,4923,4923,SPY,SPY,SPY
PDSB,2021-06-08,2021-06-07,2021-06-09,2021-06-23,VALID,True,A,0001472091,SEC_TICKERS,False,False,False,False,0,2018-11-01,2023-12-29,0,True,0001472091,[],[],True,False,False,0001472091,False,False,,False,True,False,False,2834,2834,XBI,XBI,XBI
SLQT,2021-06-08,2021-06-07,2021-06-09,2021-06-23,VALID,True,A,0001794783,SEC_TICKERS,False,False,False,False,0,2020-05-21,2023-12-29,0,True,0001794783,[],[],True,False,False,0001794783,False,False,,False,True,False,False,6411,6411,XLF,XLF,XLF
NCTY,2021-06-09,2021-06-08,2021-06-10,2021-06-24,VALID,True,A,0001296774,SEC_TICKERS,False,False,False,False,0,2018-11-01,2023-12-29,0,True,0001296774,[],[],False,False,False,,False,False,,False,False,False,False,6199,6199,XLF,XLF,XLF
ROOT,2021-06-09,2021-06-08,2021-06-10,2021-06-24,VALID,True,A,0001788882,SEC_TICKERS,False,False,False,False,0,2020-10-28,2023-12-29,0,True,0001788882,[],[],True,False,False,0001788882,False,False,,False,True,False,False,6331,6331,XLF,XLF,XLF
SCNX,2021-06-10,2021-06-09,2021-06-11,2021-06-25,VALID,True,A,0001382574,SEC_TICKERS,False,False,False,False,0,2020-02-13,2023-12-29,1,False,,[],"[[""2024-09-23"", ""MEDS""]]",False,False,False,,False,False,,False,True,False,False,2834,5122,SPY,XBI,SPY
CCXI,2021-06-11,2021-06-10,2021-06-14,2021-06-28,VALID,True,AC,0002074973,SEC_TICKERS,False,False,False,False,0,2018-11-01,2022-10-19,1,True,0002074973,[],[],False,True,False,0001340652,False,False,,False,False,False,False,3569,3569,SPY,SPY,SPY
MX,2021-06-11,2021-06-10,2021-06-14,2021-06-28,VALID,True,A,0001325702,SEC_TICKERS,False,False,False,False,0,2018-11-01,2023-12-29,0,True,0001325702,[],[],True,False,False,0001325702,False,False,,False,True,False,False,3674,3674,XLI,XLI,XLI
RCON,2021-06-11,2021-06-10,2021-06-14,2021-06-28,VALID,True,A,0001442620,SEC_TICKERS,False,False,False,False,0,2018-11-01,2023-12-29,140,True,0001442620,[],[],False,False,False,,False,False,,False,False,True,False,1389,1389,XLE,XLE,XLE
ENOB,2021-06-14,2021-06-11,2021-06-15,2021-06-29,VALID,False,B,0001527728,RENAME_CHAIN_FWD,False,False,False,False,0,2018-12-10,2023-08-04,0,True,0001527728,[],[],True,False,False,0001527728,True,False,,False,True,False,False,2834,2834,XBI,XBI,XBI
LNAI,2021-06-14,2021-06-11,2021-06-15,2021-06-29,VALID,True,A,0001527728,SEC_TICKERS,False,False,False,False,0,2018-12-10,2023-12-29,0,False,,[],"[[""2025-10-01"", ""RENB""]]",False,False,False,,False,False,,False,True,False,False,2834,2834,SPY,XBI,XBI
TRCH,2021-06-15,2021-06-14,2021-06-16,2021-06-30,DATA_MISSING_EXIT,False,B,0001431959,FORM345_TICKER,False,False,False,False,0,2018-11-01,2021-06-25,0,True,0001431959,[],[],True,False,False,0001431959,True,False,,False,True,False,False,3674,3674,XLI,XLI,XLI
APRE,2021-06-16,2021-06-15,2021-06-17,2021-07-01,VALID,True,A,0001781983,SEC_TICKERS,False,False,False,False,0,2019-10-03,2023-12-29,3,True,0001781983,[],[],True,False,False,0001781983,False,False,,False,True,False,False,2834,2834,XBI,XBI,XBI
BCTX,2021-06-16,2021-06-15,2021-06-17,2021-07-01,VALID,True,A,0001610820,SEC_TICKERS,False,False,False,False,0,2021-02-24,2023-12-29,0,True,0001610820,[],[],False,False,True,,False,False,,False,False,False,False,2834,2834,XBI,XBI,XBI
KIN,2021-06-16,2021-06-15,2021-06-17,2021-07-01,VALID,True,AC,0001561743,FORM345_TICKER,False,False,False,False,0,2018-11-01,2021-08-27,0,True,0001561743,[],[],True,False,False,0001561743,False,False,,False,True,False,False,2834,2834,XBI,XBI,XBI
HIND,2021-06-17,2021-06-16,2021-06-18,2021-07-02,VALID,True,A,0001427570,SEC_TICKERS,False,False,False,False,0,2018-12-21,2023-12-29,736,False,,[],"[[""2025-08-15"", ""RSLS""]]",False,False,False,,False,False,,False,True,False,False,2834,3841,SPY,XBI,XLV
CAI,2021-06-18,2021-06-17,2021-06-21,2021-07-06,VALID,True,AC,0002019410,SEC_TICKERS,False,False,False,False,0,2018-11-01,2021-11-22,0,True,0002019410,[],[],False,True,False,0001388430,False,False,,False,False,False,False,8071,8071,SPY,SPY,SPY
FXHO,2021-06-18,2021-06-17,2021-06-21,2021-07-06,VALID,True,A,0001789299,SEC_TICKERS,False,False,False,True,0,2021-04-06,2023-10-13,649,False,,[],"[[""2026-07-02"", ""WTO""]]",False,False,False,,False,False,,False,False,False,False,3600,3600,SPY,XLI,XLI
SYKE,2021-06-18,2021-06-17,2021-06-21,2021-07-06,VALID,True,AC,0001010612,FORM345_TICKER,False,False,False,False,0,2018-11-01,2021-08-26,0,True,0001010612,[],[],True,False,False,0001010612,False,False,,False,True,False,False,7373,7373,XLK,XLK,XLK
AEI,2021-06-21,2021-06-18,2021-06-22,2021-07-07,VALID,True,AC,0001750106,SEC_TICKERS,False,False,False,False,0,2020-11-24,2023-12-29,0,True,0001750106,[],[],True,False,False,0001750106,False,False,,False,True,False,False,6500,6500,XLF,XLF,XLF
ENOB,2021-06-21,2021-06-18,2021-06-22,2021-07-07,VALID,False,B,0001527728,RENAME_CHAIN_FWD,False,False,False,False,0,2018-12-10,2023-08-04,0,True,0001527728,[],[],True,False,False,0001527728,True,False,,False,True,False,False,2834,2834,XBI,XBI,XBI
LDL,2021-06-21,2021-06-18,2021-06-22,2021-07-07,VALID,True,AC,0000060977,FORM345_TICKER,False,False,False,False,0,2018-11-01,2021-09-30,0,True,0000060977,[],[],True,False,False,0000060977,False,False,,False,True,False,False,3714,3714,XLI,XLI,XLI
LNAI,2021-06-21,2021-06-18,2021-06-22,2021-07-07,VALID,True,A,0001527728,SEC_TICKERS,False,False,False,False,0,2018-12-10,2023-12-29,0,False,,[],"[[""2025-10-01"", ""RENB""]]",False,False,False,,False,False,,False,True,False,False,2834,2834,SPY,XBI,XBI
RAVN,2021-06-21,2021-06-18,2021-06-22,2021-07-07,VALID,True,AC,0000082166,FORM345_TICKER,False,False,False,False,0,2018-11-01,2021-11-29,0,True,0000082166,[],[],True,False,False,0000082166,False,False,,False,True,False,False,3081,3081,SPY,SPY,SPY
SAFM,2021-06-22,2021-06-21,2021-06-23,2021-07-08,VALID,True,AC,0000812128,FORM345_TICKER,False,False,False,False,0,2018-11-01,2022-07-21,0,True,0000812128,[],[],True,False,False,0000812128,False,False,,False,True,False,False,2015,2015,SPY,SPY,SPY
ENTX,2021-06-23,2021-06-22,2021-06-24,2021-07-09,VALID,True,A,0001638097,SEC_TICKERS,False,False,False,False,0,2018-11-01,2023-12-29,46,True,0001638097,[],[],False,False,True,,False,False,,False,False,False,False,2836,2836,XBI,XBI,XBI
RCUS,2021-06-24,2021-06-23,2021-06-25,2021-07-12,VALID,True,A,0001724521,SEC_TICKERS,False,False,False,False,0,2018-11-01,2023-12-29,0,True,0001724521,[],[],True,False,False,0001724521,False,False,,False,True,False,False,2834,2834,XBI,XBI,XBI
BEAM,2021-06-28,2021-06-25,2021-06-29,2021-07-14,VALID,True,A,0001745999,SEC_TICKERS,False,False,False,False,0,2020-02-06,2023-12-29,0,True,0001745999,[],[],True,False,False,0001745999,False,False,1996-01-02,True,True,False,False,2836,2836,XBI,XBI,XBI
EDIT,2021-06-28,2021-06-25,2021-06-29,2021-07-14,VALID,True,A,0001650664,SEC_TICKERS,False,False,False,False,0,2018-11-01,2023-12-29,0,True,0001650664,[],[],True,False,False,0001650664,False,False,,False,True,False,False,2836,2836,XBI,XBI,XBI
HIND,2021-06-28,2021-06-25,2021-06-29,2021-07-14,VALID,True,A,0001427570,SEC_TICKERS,False,False,False,False,0,2018-12-21,2023-12-29,736,False,,[],"[[""2025-08-15"", ""RSLS""]]",False,False,False,,False,False,,False,True,False,False,2834,3841,SPY,XBI,XLV
RSLS,2021-06-28,2021-06-25,2021-06-29,2021-07-14,VALID,True,A,0001427570,RENAME_CHAIN_FWD,False,False,False,False,11,2018-11-08,2023-12-29,651,True,0001427570,[],[],True,False,False,0001427570,False,False,,False,True,False,False,2834,3841,XBI,XBI,XLV
AUUD,2021-06-29,2021-06-28,2021-06-30,2021-07-15,VALID,True,A,0001554818,SEC_TICKERS,False,False,False,False,0,2021-02-17,2023-12-29,28,True,0001554818,[],[],True,False,False,0001554818,False,False,,False,True,False,False,7374,7374,XLK,XLK,XLK
BSQR,2021-06-29,2021-06-28,2021-06-30,2021-07-15,VALID,False,C,0001054721,FORM345_TICKER,False,False,False,False,0,2018-11-01,2023-12-07,0,True,0001054721,[],[],True,False,False,0001054721,True,False,,False,True,False,False,7389,7389,SPY,SPY,SPY
DBGI,2021-06-29,2021-06-28,2021-06-30,2021-07-15,VALID,True,A,0001668010,SEC_TICKERS,False,False,True,True,0,2021-05-17,2023-12-29,321,True,0001668010,[],[],True,False,False,0001668010,False,False,,False,True,False,False,5600,5600,SPY,SPY,SPY
ASTS,2021-06-30,2021-06-29,2021-07-01,2021-07-16,VALID,True,A,0001780312,SEC_TICKERS,False,False,False,False,0,2019-11-01,2023-12-29,69,True,0001780312,[],[],True,False,False,0001780312,False,False,,False,True,False,False,4899,4899,SPY,SPY,SPY
HCM,2021-06-30,2021-06-29,2021-07-01,2021-07-16,VALID,True,A,0001648257,SEC_TICKERS,False,False,False,False,0,2018-11-01,2023-12-29,0,True,0001648257,[],[],False,False,False,,False,False,,False,False,False,False,2834,2834,XBI,XBI,XBI
BLIN,2021-07-01,2021-06-30,2021-07-02,2021-07-19,VALID,True,A,0001378590,SEC_TICKERS,False,False,False,False,0,2018-11-01,2023-12-29,0,True,0001378590,[],[],True,False,False,0001378590,False,False,,False,True,False,False,7372,7372,XLK,XLK,XLK
ALEC,2021-07-02,2021-07-01,2021-07-06,2021-07-20,VALID,True,A,0001653087,SEC_TICKERS,False,False,False,False,0,2019-02-07,2023-12-29,0,True,0001653087,[],[],True,False,False,0001653087,False,False,,False,True,False,False,2836,2836,XBI,XBI,XBI
CRNC,2021-07-02,2021-07-01,2021-07-06,2021-07-20,VALID,True,A,0001768267,SEC_TICKERS,False,False,False,False,0,2019-09-16,2023-12-29,2,True,0001768267,[],[],True,False,False,0001768267,False,False,,False,True,False,False,7372,7372,XLK,XLK,XLK
SC,2021-07-02,2021-07-01,2021-07-06,2021-07-20,VALID,True,AC,0001580608,FORM345_TICKER,False,False,False,False,0,2018-11-01,2022-01-28,0,True,0001580608,[],[],True,False,False,0001580608,False,False,,False,True,False,False,6141,6141,XLF,XLF,XLF
NXPL,2021-07-06,2021-07-02,2021-07-07,2021-07-21,VALID,True,A,0001058307,SEC_TICKERS,False,False,False,False,0,2021-05-28,2023-12-29,0,False,,[],"[[""2022-01-21"", ""OSAT""]]",False,False,True,,False,False,,False,True,False,False,4813,4813,SPY,SPY,SPY
OSAT,2021-07-06,2021-07-02,2021-07-07,2021-07-21,VALID,True,B,0001058307,RENAME_CHAIN_FWD,False,False,False,False,0,2021-05-28,2022-01-20,0,True,0001058307,[],[],True,False,False,0001058307,False,False,,False,True,False,False,4813,4813,SPY,SPY,SPY
DTST,2021-07-07,2021-07-06,2021-07-08,2021-07-22,VALID,True,A,0001419951,SEC_TICKERS,False,False,False,False,0,2021-05-14,2023-12-29,0,True,0001419951,[],[],True,False,False,0001419951,False,False,,False,True,False,False,7374,7374,XLK,XLK,XLK
DBGI,2021-07-08,2021-07-07,2021-07-09,2021-07-23,VALID,True,A,0001668010,SEC_TICKERS,False,False,True,True,0,2021-05-17,2023-12-29,321,True,0001668010,[],[],True,False,False,0001668010,False,False,,False,True,False,False,5600,5600,SPY,SPY,SPY
COHN,2021-07-09,2021-07-08,2021-07-12,2021-07-26,VALID,True,A,0001270436,SEC_TICKERS,False,False,False,False,0,2018-11-01,2023-12-29,36,True,0001270436,[],[],True,False,False,0001270436,False,False,,False,True,False,False,6211,6211,XLF,XLF,XLF
ASTS,2021-07-12,2021-07-09,2021-07-13,2021-07-27,VALID,True,A,0001780312,SEC_TICKERS,False,False,False,False,0,2019-11-01,2023-12-29,69,True,0001780312,[],[],True,False,False,0001780312,False,False,,False,True,False,False,4899,4899,SPY,SPY,SPY
CLDX,2021-07-12,2021-07-09,2021-07-13,2021-07-27,VALID,True,A,0000744218,SEC_TICKERS,False,False,False,False,0,2018-11-01,2023-12-29,0,True,0000744218,[],[],True,False,False,0000744218,False,False,,False,True,False,False,2835,2835,XBI,XBI,XBI
MTSL,2021-07-12,2021-07-09,2021-07-13,2021-07-27,VALID,True,B,0001981535,RENAME_CHAIN_FWD,False,False,False,False,0,2018-11-01,2021-07-27,3,True,0001981535,[],[],False,False,False,,False,False,,False,False,False,False,6199,7372,XLF,XLF,XLK
SBET,2021-07-12,2021-07-09,2021-07-13,2021-07-27,VALID,True,A,0001981535,SEC_TICKERS,False,False,False,False,0,2018-11-01,2023-12-29,11,False,,[],"[[""2021-07-28"", ""MTSL""]]",False,False,False,,False,False,,False,False,False,False,6199,7372,SPY,XLF,XLK
TPST,2021-07-12,2021-07-09,2021-07-13,2021-07-27,VALID,True,A,0001544227,SEC_TICKERS,False,False,False,False,0,2018-11-01,2023-12-29,0,True,0001544227,[],[],True,False,False,0001544227,False,False,,False,True,False,False,2834,2834,XBI,XBI,XBI
MSEX,2021-07-13,2021-07-12,2021-07-14,2021-07-28,VALID,True,A,0000066004,SEC_TICKERS,False,False,False,False,0,2018-11-01,2023-12-29,0,True,0000066004,[],[],True,False,False,0000066004,False,False,,False,True,False,False,4941,4941,SPY,SPY,SPY
NXPL,2021-07-13,2021-07-12,2021-07-14,2021-07-28,VALID,True,A,0001058307,SEC_TICKERS,False,False,False,False,0,2021-05-28,2023-12-29,0,False,,[],"[[""2022-01-21"", ""OSAT""]]",False,False,True,,False,False,,False,True,False,False,4813,4813,SPY,SPY,SPY
OSAT,2021-07-13,2021-07-12,2021-07-14,2021-07-28,VALID,True,B,0001058307,RENAME_CHAIN_FWD,False,False,False,False,0,2021-05-28,2022-01-20,0,True,0001058307,[],[],True,False,False,0001058307,False,False,,False,True,False,False,4813,4813,SPY,SPY,SPY
CMP,2021-07-14,2021-07-13,2021-07-15,2021-07-29,VALID,True,A,0001227654,SEC_TICKERS,False,False,False,False,0,2018-11-01,2023-12-29,0,True,0001227654,[],[],True,False,False,0001227654,False,False,,False,True,False,False,1400,1400,XLE,XLE,XLE
AEHR,2021-07-19,2021-07-16,2021-07-20,2021-08-03,VALID,True,A,0001040470,SEC_TICKERS,False,False,False,False,0,2018-11-01,2023-12-29,0,True,0001040470,[],[],True,False,False,0001040470,False,False,,False,True,False,False,3825,3825,SPY,SPY,SPY
CYTK,2021-07-19,2021-07-16,2021-07-20,2021-08-03,VALID,True,A,0001061983,SEC_TICKERS,False,False,False,False,0,2018-11-01,2023-12-29,1,True,0001061983,[],[],True,False,False,0001061983,False,False,,False,True,False,False,2834,2834,XBI,XBI,XBI
NRXP,2021-07-19,2021-07-16,2021-07-20,2021-08-03,VALID,True,A,0001719406,SEC_TICKERS,False,False,False,False,0,2018-11-12,2023-12-29,309,True,0001719406,[],[],True,False,False,0001719406,False,False,,False,True,False,False,2834,2834,XBI,XBI,XBI
AEHR,2021-07-20,2021-07-19,2021-07-21,2021-08-04,VALID,True,A,0001040470,SEC_TICKERS,False,False,False,False,0,2018-11-01,2023-12-29,0,True,0001040470,[],[],True,False,False,0001040470,False,False,,False,True,False,False,3825,3825,SPY,SPY,SPY
IMNM,2021-07-20,2021-07-19,2021-07-21,2021-08-04,VALID,True,A,0001472012,SEC_TICKERS,False,False,False,False,0,2020-10-02,2023-12-29,1,True,0001472012,[],[],True,False,False,0001472012,False,False,,False,True,False,False,2834,2834,XBI,XBI,XBI
LEXX,2021-07-21,2021-07-20,2021-07-22,2021-08-05,VALID,True,A,0001348362,SEC_TICKERS,False,False,False,False,0,2021-01-12,2023-12-29,0,True,0001348362,[],[],True,False,False,0001348362,False,False,,False,True,False,False,2834,2834,XBI,XBI,XBI
SCNX,2021-07-21,2021-07-20,2021-07-22,2021-08-05,VALID,True,A,0001382574,SEC_TICKERS,False,False,False,False,0,2020-02-13,2023-12-29,1,False,,[],"[[""2024-09-23"", ""MEDS""]]",False,False,False,,False,False,,False,True,False,False,2834,5122,SPY,XBI,SPY
FFAI,2021-07-22,2021-07-21,2021-07-23,2021-08-06,VALID,True,A,0001805521,SEC_TICKERS,True,False,False,True,0,2020-09-10,2023-12-29,247,False,,[],"[[""2025-03-10"", ""FFIE""]]",False,False,False,,False,False,,False,True,False,False,3711,3711,SPY,XLI,XLI
HYFT,2021-07-22,2021-07-21,2021-07-23,2021-08-06,VALID,True,A,0001715925,SEC_TICKERS,False,False,False,False,0,2020-12-30,2023-12-29,0,False,,[],"[[""2025-09-04"", ""IPA""]]",False,False,False,,False,False,,False,False,False,False,2834,2834,SPY,XBI,XBI
NRXP,2021-07-22,2021-07-21,2021-07-23,2021-08-06,VALID,True,A,0001719406,SEC_TICKERS,False,False,False,False,0,2018-11-12,2023-12-29,309,True,0001719406,[],[],True,False,False,0001719406,False,False,,False,True,False,False,2834,2834,XBI,XBI,XBI
ALZN,2021-07-23,2021-07-22,2021-07-26,2021-08-09,VALID,True,A,0001677077,SEC_TICKERS,False,False,False,False,0,2021-06-15,2023-12-29,0,True,0001677077,[],[],True,False,False,0001677077,False,False,,False,False,False,False,2834,2834,XBI,XBI,XBI
ANVS,2021-07-23,2021-07-22,2021-07-26,2021-08-09,VALID,True,A,0001477845,SEC_TICKERS,False,False,False,False,0,2020-01-29,2023-12-29,0,True,0001477845,[],[],True,False,False,0001477845,False,False,,False,True,False,False,2834,2834,XBI,XBI,XBI
SCKT,2021-07-23,2021-07-22,2021-07-26,2021-08-09,VALID,True,A,0000944075,SEC_TICKERS,False,False,False,False,0,2018-11-01,2023-12-29,7,True,0000944075,[],[],True,False,False,0000944075,False,False,,False,True,False,False,3571,3571,XLK,XLK,XLK
VNE,2021-07-23,2021-07-22,2021-07-26,2021-08-09,VALID,True,AC,0001733186,FORM345_TICKER,False,False,False,False,0,2018-11-01,2022-03-31,0,True,0001733186,[],[],True,False,False,0001733186,False,False,,False,True,False,False,3714,3714,XLI,XLI,XLI
CAN,2021-07-26,2021-07-23,2021-07-27,2021-08-10,VALID,True,A,0001780652,SEC_TICKERS,False,False,False,False,0,2019-11-21,2023-12-29,0,True,0001780652,[],[],False,False,False,,False,False,,False,False,False,False,6199,3674,XLF,XLF,XLI
FLOW,2021-07-26,2021-07-23,2021-07-27,2021-08-10,VALID,False,C,0001641991,FORM345_TICKER,False,False,False,False,0,2018-11-01,2023-12-29,319,True,0001641991,[],[],True,False,False,0001641991,True,False,,False,True,False,False,3540,3540,SPY,SPY,SPY
NCTY,2021-07-26,2021-07-23,2021-07-27,2021-08-10,VALID,True,A,0001296774,SEC_TICKERS,False,False,False,False,0,2018-11-01,2023-12-29,0,True,0001296774,[],[],False,False,False,,False,False,,False,False,False,False,6199,6199,XLF,XLF,XLF
RBC,2021-07-26,2021-07-23,2021-07-27,2021-08-10,VALID,True,AB,0000082811,RENAME_CHAIN_FWD,False,False,False,False,0,2018-11-01,2023-12-29,0,False,,[],"[[""2022-09-26"", ""ROLL""]]",True,False,False,0000082811,False,False,,False,True,False,False,3569,3621,SPY,SPY,XLI
ROLL,2021-07-26,2021-07-23,2021-07-27,2021-08-10,VALID,True,B,0001324948,RENAME_CHAIN_FWD,False,False,False,False,0,2018-11-01,2022-09-23,0,True,0001324948,[],[],True,False,False,0001324948,False,False,,False,True,False,False,3562,3562,SPY,SPY,SPY
SPRT,2021-07-26,2021-07-23,2021-07-27,2021-08-10,VALID,True,AC,0001104855,FORM345_TICKER,False,False,False,False,0,2018-11-01,2021-09-14,0,True,0001104855,[],[],True,False,False,0001104855,False,False,,False,True,False,False,7374,7374,XLK,XLK,XLK
NXPL,2021-07-27,2021-07-26,2021-07-28,2021-08-11,VALID,True,A,0001058307,SEC_TICKERS,False,False,False,False,0,2021-05-28,2023-12-29,0,False,,[],"[[""2022-01-21"", ""OSAT""]]",False,False,True,,False,False,,False,True,False,False,4813,4813,SPY,SPY,SPY
OSAT,2021-07-27,2021-07-26,2021-07-28,2021-08-11,VALID,True,B,0001058307,RENAME_CHAIN_FWD,False,False,False,False,0,2021-05-28,2022-01-20,0,True,0001058307,[],[],True,False,False,0001058307,False,False,,False,True,False,False,4813,4813,SPY,SPY,SPY
SPRT,2021-07-28,2021-07-27,2021-07-29,2021-08-12,VALID,True,AC,0001104855,FORM345_TICKER,False,False,False,False,0,2018-11-01,2021-09-14,0,True,0001104855,[],[],True,False,False,0001104855,False,False,,False,True,False,False,7374,7374,XLK,XLK,XLK
YMM,2021-07-28,2021-07-27,2021-07-29,2021-08-12,VALID,True,A,0001838413,SEC_TICKERS,False,False,False,False,0,2021-06-22,2023-12-29,0,True,0001838413,[],[],False,False,False,,False,False,,False,False,False,False,7372,7372,XLK,XLK,XLK
HAPN,2021-07-29,2021-07-28,2021-07-30,2021-08-13,VALID,True,A,0001409970,SEC_TICKERS,False,False,False,False,0,2018-11-01,2023-12-29,0,False,,[],"[[""2026-06-22"", ""LC""]]",False,False,False,,False,False,,False,True,False,False,6141,6141,SPY,XLF,XLF
ZSTK,2021-07-29,2021-07-28,2021-07-30,2021-08-13,VALID,True,A,0001790169,SEC_TICKERS,False,False,False,False,0,2021-05-11,2023-12-29,0,False,,[],"[[""2026-01-29"", ""FLGC""]]",False,False,False,,False,False,,False,False,False,False,6199,2834,SPY,XLF,XBI
DLPN,2021-08-02,2021-07-30,2021-08-03,2021-08-17,VALID,True,A,0001282224,SEC_TICKERS,False,False,False,False,0,2018-11-01,2023-12-29,4,True,0001282224,[],[],True,False,False,0001282224,False,False,,False,True,False,False,7200,7200,SPY,SPY,SPY
ARCT,2021-08-03,2021-08-02,2021-08-04,2021-08-18,VALID,True,A,0001768224,SEC_TICKERS,False,False,False,False,0,2018-11-01,2023-12-29,0,True,0001768224,[],[],True,False,False,0001768224,False,False,,False,True,False,False,2834,2834,XBI,XBI,XBI
AGNT,2021-08-04,2021-08-03,2021-08-05,2021-08-19,VALID,True,A,0001495932,SEC_TICKERS,False,False,False,False,0,2018-11-01,2023-12-29,0,False,,[],"[[""2026-05-08"", ""EXPI""]]",False,False,False,,False,False,,False,True,False,False,6531,6531,SPY,XLF,XLF
COUR,2021-08-04,2021-08-03,2021-08-05,2021-08-19,VALID,True,A,0001651562,SEC_TICKERS,False,False,False,False,0,2021-03-31,2023-12-29,0,True,0001651562,[],[],True,False,False,0001651562,False,False,,False,True,False,False,7372,7372,XLK,XLK,XLK
GBT,2021-08-04,2021-08-03,2021-08-05,2021-08-19,VALID,False,C,0001629137,FORM345_TICKER,False,False,False,False,0,2018-11-01,2022-10-04,0,True,0001629137,[],[],True,False,False,0001629137,True,False,,False,True,False,False,2834,2834,XBI,XBI,XBI
INSP,2021-08-04,2021-08-03,2021-08-05,2021-08-19,VALID,True,A,0001609550,SEC_TICKERS,False,False,False,False,0,2018-11-01,2023-12-29,0,True,0001609550,[],[],True,False,False,0001609550,False,False,,False,True,False,False,3841,3841,XLV,XLV,XLV
NYT,2021-08-04,2021-08-03,2021-08-05,2021-08-19,VALID,True,A,0000071691,SEC_TICKERS,False,False,False,False,0,2018-11-01,2023-12-29,0,True,0000071691,[],[],True,False,False,0000071691,False,False,1996-01-02,True,True,False,False,2711,2711,SPY,SPY,SPY
AHCO,2021-08-05,2021-08-04,2021-08-06,2021-08-20,VALID,True,A,0001725255,SEC_TICKERS,False,False,False,False,0,2018-11-05,2023-12-29,114,True,0001725255,[],[],True,False,False,0001725255,False,False,,False,True,False,False,8082,8082,SPY,SPY,SPY
KLIC,2021-08-05,2021-08-04,2021-08-06,2021-08-20,VALID,True,A,0000056978,SEC_TICKERS,False,False,False,False,0,2018-11-01,2023-12-29,0,True,0000056978,[],[],True,False,False,0000056978,False,False,,False,True,False,False,3674,3674,XLI,XLI,XLI
MVIS,2021-08-05,2021-08-04,2021-08-06,2021-08-20,VALID,True,A,0000065770,SEC_TICKERS,False,False,False,False,0,2018-11-01,2023-12-29,0,True,0000065770,[],[],True,False,False,0000065770,False,False,,False,True,False,False,3679,3679,XLI,XLI,XLI
SCR,2021-08-05,2021-08-04,2021-08-06,2021-08-20,VALID,True,AC,,UNMAPPED,False,False,False,False,0,2021-02-25,2021-10-18,0,False,,[],[],False,False,False,,False,False,,False,False,False,False,,,SPY,SPY,SPY
SSYS,2021-08-05,2021-08-04,2021-08-06,2021-08-20,VALID,True,A,0001517396,SEC_TICKERS,False,False,False,False,0,2018-11-01,2023-12-29,0,True,0001517396,[],[],False,False,False,,False,False,,False,False,False,False,3577,3577,XLK,XLK,XLK
VNE,2021-08-05,2021-08-04,2021-08-06,2021-08-20,VALID,True,AC,0001733186,FORM345_TICKER,False,False,False,False,0,2018-11-01,2022-03-31,0,True,0001733186,[],[],True,False,False,0001733186,False,False,,False,True,False,False,3714,3714,XLI,XLI,XLI
ZY,2021-08-05,2021-08-04,2021-08-06,2021-08-20,VALID,False,C,0001645842,FORM345_TICKER,False,False,False,False,0,2021-04-22,2022-10-18,0,True,0001645842,[],[],True,False,False,0001645842,True,False,,False,True,False,False,8731,8731,SPY,SPY,SPY
AUPH,2021-08-06,2021-08-05,2021-08-09,2021-08-23,VALID,True,A,0001600620,SEC_TICKERS,False,False,False,False,0,2018-11-01,2023-12-29,0,True,0001600620,[],[],True,False,False,0001600620,False,False,,False,True,False,False,2834,2834,XBI,XBI,XBI
CSOD,2021-08-06,2021-08-05,2021-08-09,2021-08-23,VALID,True,AC,0001401680,FORM345_TICKER,False,False,False,False,0,2018-11-01,2021-10-14,0,True,0001401680,[],[],True,False,False,0001401680,False,False,,False,True,False,False,7372,7372,XLK,XLK,XLK
GRPN,2021-08-06,2021-08-05,2021-08-09,2021-08-23,VALID,True,A,0001490281,SEC_TICKERS,False,False,False,False,0,2018-11-01,2023-12-29,0,True,0001490281,[],[],True,False,False,0001490281,False,False,,False,True,False,False,7311,7311,SPY,SPY,SPY
MGNI,2021-08-06,2021-08-05,2021-08-09,2021-08-23,VALID,True,A,0001595974,SEC_TICKERS,False,False,False,False,0,2018-11-01,2023-12-29,0,True,0001595974,[],[],True,False,False,0001595974,False,False,,False,True,False,False,7370,7370,XLK,XLK,XLK
MVST,2021-08-06,2021-08-05,2021-08-09,2021-08-23,VALID,True,A,0001760689,SEC_TICKERS,False,False,False,False,0,2019-03-27,2023-12-29,57,True,0001760689,[],[],True,False,False,0001760689,False,False,,False,True,False,False,3690,3690,XLI,XLI,XLI
RAMP,2021-08-06,2021-08-05,2021-08-09,2021-08-23,VALID,True,A,0000733269,SEC_TICKERS,False,False,False,False,0,2018-11-01,2023-12-29,0,True,0000733269,[],[],True,False,False,0000733269,False,False,,False,True,False,False,7374,7374,XLK,XLK,XLK
SWCH,2021-08-06,2021-08-05,2021-08-09,2021-08-23,VALID,False,C,0001710583,FORM345_TICKER,False,False,False,False,0,2018-11-01,2022-12-05,0,True,0001710583,[],[],True,False,False,0001710583,True,False,,False,True,False,False,7370,7370,XLK,XLK,XLK
XENT,2021-08-06,2021-08-05,2021-08-09,2021-08-23,VALID,True,AC,0001271214,FORM345_TICKER,False,False,False,False,0,2018-11-01,2022-05-12,0,True,0001271214,[],[],True,False,False,0001271214,False,False,,False,True,False,False,3841,3841,XLV,XLV,XLV
YELP,2021-08-06,2021-08-05,2021-08-09,2021-08-23,VALID,True,A,0001345016,SEC_TICKERS,False,False,False,False,0,2018-11-01,2023-12-29,0,True,0001345016,[],[],True,False,False,0001345016,False,False,,False,True,False,False,7200,7200,SPY,SPY,SPY
CAN,2021-08-09,2021-08-06,2021-08-10,2021-08-24,VALID,True,A,0001780652,SEC_TICKERS,False,False,False,False,0,2019-11-21,2023-12-29,0,True,0001780652,[],[],False,False,False,,False,False,,False,False,False,False,6199,3674,XLF,XLF,XLI
DRK,2021-08-09,2021-08-06,2021-08-10,2021-08-24,VALID,True,A,0001591956,SEC_TICKERS,False,False,False,False,0,2018-11-01,2023-12-29,0,False,,[],"[[""2026-09-17"", ""ANY""]]",False,False,False,,False,False,,False,True,False,False,6199,6199,SPY,XLF,XLF
GNOG,2021-08-09,2021-08-06,2021-08-10,2021-08-24,VALID,True,A,0001768012,FORM345_TICKER,False,False,False,False,0,2020-12-30,2022-05-04,0,True,0001768012,[],[],True,False,False,0001768012,False,False,,False,True,False,False,7372,7372,XLK,XLK,XLK
KEEL,2021-08-09,2021-08-06,2021-08-10,2021-08-24,VALID,True,A,0001812477,SEC_TICKERS,False,False,False,False,0,2021-06-21,2023-12-29,0,False,,[],"[[""2026-04-06"", ""BITF""]]",False,False,False,,False,False,,False,False,False,False,6199,6199,SPY,XLF,XLF
MVST,2021-08-09,2021-08-06,2021-08-10,2021-08-24,VALID,True,A,0001760689,SEC_TICKERS,False,False,False,False,0,2019-03-27,2023-12-29,57,True,0001760689,[],[],True,False,False,0001760689,False,False,,False,True,False,False,3690,3690,XLI,XLI,XLI
SPRT,2021-08-09,2021-08-06,2021-08-10,2021-08-24,VALID,True,AC,0001104855,FORM345_TICKER,False,False,False,False,0,2018-11-01,2021-09-14,0,True,0001104855,[],[],True,False,False,0001104855,False,False,,False,True,False,False,7374,7374,XLK,XLK,XLK
ARCT,2021-08-10,2021-08-09,2021-08-11,2021-08-25,VALID,True,A,0001768224,SEC_TICKERS,False,False,False,False,0,2018-11-01,2023-12-29,0,True,0001768224,[],[],True,False,False,0001768224,False,False,,False,True,False,False,2834,2834,XBI,XBI,XBI
HALO,2021-08-10,2021-08-09,2021-08-11,2021-08-25,VALID,True,A,0001159036,SEC_TICKERS,False,False,False,False,0,2018-11-01,2023-12-29,0,True,0001159036,[],[],True,False,False,0001159036,False,False,,False,True,False,False,2836,2836,XBI,XBI,XBI
LU,2021-08-10,2021-08-09,2021-08-11,2021-08-25,VALID,True,A,0001816007,SEC_TICKERS,False,False,False,False,0,2020-10-30,2023-12-29,0,True,0001816007,[],[],False,False,False,,False,False,1996-10-01,True,False,False,False,6199,6199,XLF,XLF,XLF
ZEV,2021-08-10,2021-08-09,2021-08-11,2021-08-25,VALID,False,B,0001802749,FORM345_TICKER,False,False,False,False,0,2020-07-02,2023-09-18,5,True,0001802749,[],[],True,False,False,0001802749,True,False,,False,True,False,False,3711,3711,XLI,XLI,XLI
DOCS,2021-08-11,2021-08-10,2021-08-12,2021-08-26,VALID,True,A,0001516513,SEC_TICKERS,False,False,False,False,0,2021-06-24,2023-12-29,0,True,0001516513,[],[],True,False,False,0001516513,False,False,,False,False,False,False,7371,7371,XLK,XLK,XLK
DYAI,2021-08-11,2021-08-10,2021-08-12,2021-08-26,VALID,True,A,0001213809,SEC_TICKERS,False,False,False,False,0,2019-04-17,2023-12-29,0,True,0001213809,[],[],True,False,False,0001213809,False,False,,False,True,False,False,2836,2836,XBI,XBI,XBI
MDIA,2021-08-11,2021-08-10,2021-08-12,2021-08-26,VALID,True,A,0001784254,SEC_TICKERS,False,False,False,False,0,2020-01-06,2023-12-29,16,True,0001784254,[],[],True,False,False,0001784254,False,False,,False,True,False,False,4832,4832,SPY,SPY,SPY
MRVI,2021-08-11,2021-08-10,2021-08-12,2021-08-26,VALID,True,A,0001823239,SEC_TICKERS,False,False,False,False,0,2020-11-20,2023-12-29,0,True,0001823239,[],[],True,False,False,0001823239,False,False,,False,True,False,False,2834,2834,XBI,XBI,XBI
HIMS,2021-08-12,2021-08-11,2021-08-13,2021-08-27,VALID,True,A,0001773751,SEC_TICKERS,False,False,False,False,0,2019-09-13,2023-12-29,63,True,0001773751,[],[],True,False,False,0001773751,False,False,,False,True,False,False,8011,8011,SPY,SPY,SPY
RIDE,2021-08-12,2021-08-11,2021-08-13,2021-08-27,VALID,False,B,0001759546,RENAME_CHAIN_FWD,False,False,False,False,0,2020-10-26,2023-07-06,0,True,0001759546,[],[],True,False,False,0001759546,True,False,,False,True,False,False,3711,3711,XLI,XLI,XLI
SONO,2021-08-12,2021-08-11,2021-08-13,2021-08-27,VALID,True,A,0001314727,SEC_TICKERS,False,False,False,False,0,2018-11-01,2023-12-29,0,True,0001314727,[],[],True,False,False,0001314727,False,False,,False,True,False,False,3651,3651,XLI,XLI,XLI
XONE,2021-08-12,2021-08-11,2021-08-13,2021-08-27,VALID,False,C,0001561627,FORM345_TICKER,False,False,False,False,0,2018-11-01,2023-12-29,210,True,0001561627,[],[],True,False,False,0001561627,True,False,,False,True,False,False,3555,3555,SPY,SPY,SPY
PPC,2021-08-13,2021-08-12,2021-08-16,2021-08-30,VALID,True,A,0000802481,SEC_TICKERS,False,False,False,False,0,2018-11-01,2023-12-29,0,True,0000802481,[],[],True,False,False,0000802481,False,False,,False,True,False,False,2015,2015,SPY,SPY,SPY
SPRT,2021-08-13,2021-08-12,2021-08-16,2021-08-30,VALID,True,AC,0001104855,FORM345_TICKER,False,False,False,False,0,2018-11-01,2021-09-14,0,True,0001104855,[],[],True,False,False,0001104855,False,False,,False,True,False,False,7374,7374,XLK,XLK,XLK
TVTX,2021-08-16,2021-08-13,2021-08-17,2021-08-31,VALID,True,A,0001438533,SEC_TICKERS,False,False,False,False,0,2018-11-01,2023-12-29,0,True,0001438533,[],[],True,False,False,0001438533,False,False,,False,True,False,False,2834,2834,XBI,XBI,XBI
JOBY,2021-08-17,2021-08-16,2021-08-18,2021-09-01,VALID,True,A,0001819848,SEC_TICKERS,False,False,False,False,0,2020-11-09,2023-12-29,0,True,0001819848,[],[],True,False,False,0001819848,False,False,,False,True,False,False,3721,3721,XLI,XLI,XLI
MNDY,2021-08-17,2021-08-16,2021-08-18,2021-09-01,VALID,True,A,0001845338,SEC_TICKERS,False,False,False,False,0,2021-06-10,2023-12-29,0,True,0001845338,[],[],False,False,False,,False,False,,False,False,False,False,7372,7372,XLK,XLK,XLK
ALC,2021-08-18,2021-08-17,2021-08-19,2021-09-02,VALID,True,A,0001167379,SEC_TICKERS,False,False,False,False,0,2019-04-09,2023-12-29,0,True,0001167379,[],[],False,False,False,,False,False,,False,False,False,False,3851,3851,XLV,XLV,XLV
DLO,2021-08-19,2021-08-18,2021-08-20,2021-09-03,VALID,True,A,0001846832,SEC_TICKERS,False,False,False,False,0,2021-06-03,2023-12-29,0,True,0001846832,[],[],False,False,False,,False,False,,False,False,False,False,7389,7389,SPY,SPY,SPY
SNOA,2021-08-19,2021-08-18,2021-08-20,2021-09-03,VALID,True,A,0001367083,SEC_TICKERS,False,False,False,False,0,2018-11-01,2023-12-29,7,True,0001367083,[],[],True,False,False,0001367083,False,False,,False,True,False,False,3841,2834,XLV,XLV,XBI
GOVX,2021-08-20,2021-08-19,2021-08-23,2021-09-07,VALID,True,A,0000832489,SEC_TICKERS,False,False,False,False,0,2020-09-25,2023-12-29,0,True,0000832489,[],[],True,False,False,0000832489,False,False,,False,True,False,False,2834,2834,XBI,XBI,XBI
QFIN,2021-08-20,2021-08-19,2021-08-23,2021-09-07,VALID,True,A,0001741530,SEC_TICKERS,False,False,False,False,0,2018-12-14,2023-12-29,0,True,0001741530,[],[],False,False,False,,False,False,,False,False,False,False,6199,6199,XLF,XLF,XLF
ALXO,2021-08-23,2021-08-20,2021-08-24,2021-09-08,VALID,True,A,0001810182,SEC_TICKERS,False,False,False,False,0,2020-07-17,2023-12-29,0,True,0001810182,[],[],True,False,False,0001810182,False,False,,False,True,False,False,2834,2834,XBI,XBI,XBI
AXSM,2021-08-23,2021-08-20,2021-08-24,2021-09-08,VALID,True,A,0001579428,SEC_TICKERS,False,False,False,False,0,2018-11-01,2023-12-29,0,True,0001579428,[],[],True,False,False,0001579428,False,False,,False,True,False,False,2834,2834,XBI,XBI,XBI
TRIL,2021-08-23,2021-08-20,2021-08-24,2021-09-08,VALID,False,C,0001616212,FORM345_TICKER,False,False,False,False,0,2018-11-01,2021-11-16,0,True,0001616212,[],[],True,False,False,0001616212,True,False,,False,True,False,False,2834,2834,XBI,XBI,XBI
VVOS,2021-08-23,2021-08-20,2021-08-24,2021-09-08,VALID,True,A,0001716166,SEC_TICKERS,False,False,False,False,0,2020-12-11,2023-12-29,0,True,0001716166,[],[],True,False,False,0001716166,False,False,,False,True,False,False,3841,3841,XLV,XLV,XLV
TVRD,2021-08-24,2021-08-23,2021-08-25,2021-09-09,VALID,True,A,0001346830,SEC_TICKERS,False,False,False,False,0,2018-11-01,2023-12-29,0,False,,[],"[[""2025-04-16"", ""CARA""]]",False,False,False,,False,False,,False,True,False,False,2834,2834,SPY,XBI,XBI
OPCH,2021-08-25,2021-08-24,2021-08-26,2021-09-10,VALID,True,A,0001014739,SEC_TICKERS,False,False,False,False,0,2018-11-01,2023-12-29,0,True,0001014739,[],[],True,False,False,0001014739,False,False,,False,True,False,False,8082,8082,SPY,SPY,SPY
RGC,2021-08-25,2021-08-24,2021-08-26,2021-09-10,VALID,True,A,0001829667,SEC_TICKERS,False,False,False,False,0,2021-07-16,2023-12-29,118,True,0001829667,[],[],False,False,False,,False,False,,False,False,False,False,2833,2833,XBI,XBI,XBI
ASND,2021-08-26,2021-08-25,2021-08-27,2021-09-13,VALID,True,A,0001612042,SEC_TICKERS,False,False,False,False,0,2018-11-01,2023-12-29,0,True,0001612042,[],[],False,False,False,,False,False,1998-06-12,True,False,False,False,2834,2834,XBI,XBI,XBI
NRXP,2021-08-26,2021-08-25,2021-08-27,2021-09-13,VALID,True,A,0001719406,SEC_TICKERS,False,False,False,False,0,2018-11-12,2023-12-29,309,True,0001719406,[],[],True,False,False,0001719406,False,False,,False,True,False,False,2834,2834,XBI,XBI,XBI
P,2021-08-26,2021-08-25,2021-08-27,2021-09-13,VALID,True,A,0001474432,SEC_TICKERS,False,False,False,False,0,2018-11-01,2023-12-29,0,False,,[],"[[""2026-04-17"", ""PSTG""]]",False,True,False,0001230276,False,False,,False,True,False,False,3572,3572,SPY,XLK,XLK
RIDE,2021-08-26,2021-08-25,2021-08-27,2021-09-13,VALID,False,B,0001759546,RENAME_CHAIN_FWD,False,False,False,False,0,2020-10-26,2023-07-06,0,True,0001759546,[],[],True,False,False,0001759546,True,False,,False,True,False,False,3711,3711,XLI,XLI,XLI
ATER,2021-08-30,2021-08-27,2021-08-31,2021-09-15,VALID,True,A,0001757715,SEC_TICKERS,False,False,False,False,0,2019-06-12,2023-12-29,0,True,0001757715,[],[],True,False,False,0001757715,False,False,,False,True,False,False,3634,3634,XLI,XLI,XLI
KPLT,2021-08-30,2021-08-27,2021-08-31,2021-09-15,VALID,True,A,0001785424,SEC_TICKERS,False,False,False,False,0,2019-12-30,2023-12-29,25,True,0001785424,[],[],True,False,False,0001785424,False,False,,False,True,False,False,7359,7359,SPY,SPY,SPY
MQ,2021-08-30,2021-08-27,2021-08-31,2021-09-15,VALID,True,A,0001522540,SEC_TICKERS,False,False,False,False,0,2021-06-09,2023-12-29,0,True,0001522540,[],[],True,False,False,0001522540,False,False,,False,True,False,False,7372,7372,XLK,XLK,XLK
ROOT,2021-08-30,2021-08-27,2021-08-31,2021-09-15,VALID,True,A,0001788882,SEC_TICKERS,False,False,False,False,0,2020-10-28,2023-12-29,0,True,0001788882,[],[],True,False,False,0001788882,False,False,,False,True,False,False,6331,6331,XLF,XLF,XLF
ACIU,2021-08-31,2021-08-30,2021-09-01,2021-09-16,VALID,True,A,0001651625,SEC_TICKERS,False,False,False,False,0,2018-11-01,2023-12-29,0,True,0001651625,[],[],False,False,False,,False,False,,False,False,False,False,2834,2834,XBI,XBI,XBI
AMBA,2021-09-01,2021-08-31,2021-09-02,2021-09-17,VALID,True,A,0001280263,SEC_TICKERS,False,False,False,False,0,2018-11-01,2023-12-29,0,True,0001280263,[],[],True,False,False,0001280263,False,False,,False,True,False,False,3674,3674,XLI,XLI,XLI
GSM,2021-09-02,2021-09-01,2021-09-03,2021-09-20,VALID,True,A,0001639877,SEC_TICKERS,False,False,False,False,0,2018-11-01,2023-12-29,0,True,0001639877,[],[],False,False,False,,False,False,,False,False,False,False,1000,1000,XLE,XLE,XLE
APOP,2021-09-03,2021-09-02,2021-09-07,2021-09-21,VALID,True,B,0001671502,RENAME_CHAIN_FWD,False,False,False,False,0,2018-11-01,2021-10-28,0,True,0001671502,[],[],False,False,False,,False,False,,False,False,False,False,2834,3841,XBI,XBI,XLV
PD,2021-09-03,2021-09-02,2021-09-07,2021-09-21,VALID,True,A,0001568100,SEC_TICKERS,False,False,False,False,0,2019-04-11,2023-12-29,0,True,0001568100,[],[],True,False,False,0001568100,False,False,1996-01-02,True,True,False,False,7372,7372,XLK,XLK,XLK
QNRX,2021-09-03,2021-09-02,2021-09-07,2021-09-21,VALID,True,A,0001671502,SEC_TICKERS,False,False,False,False,0,2019-02-05,2023-12-29,198,False,,[],"[[""2021-10-29"", ""APOP""]]",False,False,True,,False,False,,False,False,False,False,2834,3841,SPY,XBI,XLV
CXP,2021-09-07,2021-09-03,2021-09-08,2021-09-22,VALID,True,AC,0001252849,FORM345_TICKER,False,False,False,False,0,2018-11-01,2021-12-07,0,True,0001252849,[],[],True,False,False,0001252849,False,False,,False,True,False,False,6798,6798,XLF,XLF,XLF
RKLB,2021-09-07,2021-09-03,2021-09-08,2021-09-22,VALID,True,A,0001819994,SEC_TICKERS,False,False,False,False,0,2020-11-24,2023-12-29,1,True,0001819994,[],[],True,False,False,0001819994,False,False,,False,True,False,False,3760,3760,XLI,XLI,XLI
ICUI,2021-09-08,2021-09-07,2021-09-09,2021-09-23,VALID,True,A,0000883984,SEC_TICKERS,False,False,False,False,0,2018-11-01,2023-12-29,0,True,0000883984,[],[],True,False,False,0000883984,False,False,,False,True,False,False,3841,3841,XLV,XLV,XLV
KDMN,2021-09-08,2021-09-07,2021-09-09,2021-09-23,VALID,True,AC,0001557142,FORM345_TICKER,False,False,False,False,0,2018-11-01,2021-11-08,0,True,0001557142,[],[],True,False,False,0001557142,False,False,,False,True,False,False,2834,2834,XBI,XBI,XBI
LOVE,2021-09-09,2021-09-08,2021-09-10,2021-09-24,VALID,True,A,0001701758,SEC_TICKERS,False,False,False,False,0,2018-11-01,2023-12-29,0,True,0001701758,[],[],True,False,False,0001701758,False,False,,False,True,False,False,5712,5712,SPY,SPY,SPY
PLAY,2021-09-10,2021-09-09,2021-09-13,2021-09-27,VALID,True,A,0001525769,SEC_TICKERS,False,False,False,False,0,2018-11-01,2023-12-29,0,True,0001525769,[],[],True,False,False,0001525769,False,False,,False,True,False,False,5812,5812,SPY,SPY,SPY
ATYR,2021-09-13,2021-09-10,2021-09-14,2021-09-28,VALID,True,A,0001339970,SEC_TICKERS,False,False,False,False,0,2018-11-01,2023-12-29,0,True,0001339970,[],[],False,False,False,,False,False,,False,True,False,False,2836,2836,XBI,XBI,XBI
IRTC,2021-09-13,2021-09-10,2021-09-14,2021-09-28,VALID,True,A,0001388658,SEC_TICKERS,False,False,False,False,0,2018-11-01,2023-12-29,0,True,0001388658,[],[],True,False,False,0001388658,False,False,,False,True,False,False,3841,3841,XLV,XLV,XLV
LIFE,2021-09-13,2021-09-10,2021-09-14,2021-09-28,VALID,True,A,0001788451,SEC_TICKERS,False,False,False,False,0,2018-11-01,2023-12-29,0,True,0001788451,[],[],False,True,False,0001339970,False,False,2008-11-24,True,False,False,False,6411,6411,XLF,XLF,XLF
RGNX,2021-09-13,2021-09-10,2021-09-14,2021-09-28,VALID,True,A,0001590877,SEC_TICKERS,False,False,False,False,0,2018-11-01,2023-12-29,0,True,0001590877,[],[],True,False,False,0001590877,False,False,,False,True,False,False,2836,2836,XBI,XBI,XBI
GSKY,2021-09-15,2021-09-14,2021-09-16,2021-09-30,VALID,True,AC,0001712923,FORM345_TICKER,False,False,False,False,0,2018-11-01,2022-03-29,0,True,0001712923,[],[],True,False,False,0001712923,False,False,,False,True,False,False,7389,7389,SPY,SPY,SPY
INDP,2021-09-15,2021-09-14,2021-09-16,2021-09-30,VALID,True,A,0001857044,SEC_TICKERS,False,False,False,False,0,2021-08-04,2023-12-29,0,True,0001857044,[],[],True,False,False,0001857044,False,False,,False,True,False,False,2834,2834,XBI,XBI,XBI
IPHA,2021-09-15,2021-09-14,2021-09-16,2021-09-30,VALID,True,A,0001598599,SEC_TICKERS,False,False,False,False,0,2019-10-17,2023-12-29,11,True,0001598599,[],[],False,False,False,,False,False,,False,False,False,False,2836,2836,XBI,XBI,XBI
TMC,2021-09-16,2021-09-15,2021-09-17,2021-10-01,VALID,True,A,0001798562,SEC_TICKERS,False,False,False,False,0,2020-06-26,2023-12-29,0,True,0001798562,[],[],True,False,False,0001798562,False,False,1996-01-02,True,True,False,False,1000,1000,XLE,XLE,XLE
ABCL,2021-09-17,2021-09-16,2021-09-20,2021-10-04,VALID,True,A,0001703057,SEC_TICKERS,False,False,False,False,0,2020-12-11,2023-12-29,0,True,0001703057,[],[],True,False,False,0001703057,False,False,,False,True,False,False,2834,2834,XBI,XBI,XBI
CRVS,2021-09-17,2021-09-16,2021-09-20,2021-10-04,VALID,True,A,0001626971,SEC_TICKERS,False,False,False,False,0,2018-11-01,2023-12-29,0,True,0001626971,[],[],True,False,False,0001626971,False,False,,False,True,False,False,2834,2834,XBI,XBI,XBI
HLBZ,2021-09-17,2021-09-16,2021-09-20,2021-10-04,VALID,False,B,0001788841,RENAME_CHAIN_FWD,False,False,False,False,0,2021-08-16,2023-03-30,0,True,0001788841,[],[],True,False,False,0001788841,True,False,,False,True,False,False,7389,7389,SPY,SPY,SPY
IPHA,2021-09-17,2021-09-16,2021-09-20,2021-10-04,VALID,True,A,0001598599,SEC_TICKERS,False,False,False,False,0,2019-10-17,2023-12-29,11,True,0001598599,[],[],False,False,False,,False,False,,False,False,False,False,2836,2836,XBI,XBI,XBI
EDSA,2021-09-20,2021-09-17,2021-09-21,2021-10-05,VALID,True,A,0001540159,SEC_TICKERS,False,False,False,False,0,2019-06-10,2023-12-29,0,True,0001540159,[],[],True,False,False,0001540159,False,False,,False,True,False,False,2834,2834,XBI,XBI,XBI
NNVC,2021-09-21,2021-09-20,2021-09-22,2021-10-06,VALID,True,A,0001379006,SEC_TICKERS,False,False,False,False,0,2018-11-01,2023-12-29,0,True,0001379006,[],[],True,False,False,0001379006,False,False,,False,True,False,False,2834,2834,XBI,XBI,XBI
AEMD,2021-09-22,2021-09-21,2021-09-23,2021-10-07,VALID,True,A,0000882291,SEC_TICKERS,False,False,False,False,0,2018-11-27,2023-12-29,303,True,0000882291,[],[],True,False,False,0000882291,False,False,,False,True,False,False,3841,3841,XLV,XLV,XLV
TRAW,2021-09-22,2021-09-21,2021-09-23,2021-10-07,VALID,True,A,0001130598,SEC_TICKERS,False,False,False,False,0,2018-11-01,2023-12-29,0,False,,[],"[[""2024-04-03"", ""ONTX""]]",False,False,False,,False,False,,False,True,False,False,2834,2834,SPY,XBI,XBI
MRM,2021-09-23,2021-09-22,2021-09-24,2021-10-08,VALID,True,A,0001819704,SEC_TICKERS,False,False,False,False,0,2020-12-29,2023-12-29,18,True,0001819704,[],[],False,False,False,,False,False,,False,False,False,False,7200,7200,SPY,SPY,SPY
AEHR,2021-09-24,2021-09-23,2021-09-27,2021-10-11,VALID,True,A,0001040470,SEC_TICKERS,False,False,False,False,0,2018-11-01,2023-12-29,0,True,0001040470,[],[],True,False,False,0001040470,False,False,,False,True,False,False,3825,3825,SPY,SPY,SPY
MDP,2021-09-24,2021-09-23,2021-09-27,2021-10-11,VALID,True,AC,0000065011,FORM345_TICKER,False,False,False,False,0,2018-11-01,2021-12-01,0,True,0000065011,[],[],True,False,False,0000065011,False,False,1996-01-02,True,True,False,False,2721,2721,SPY,SPY,SPY
APOP,2021-09-27,2021-09-24,2021-09-28,2021-10-12,VALID,True,B,0001671502,RENAME_CHAIN_FWD,False,False,False,False,0,2018-11-01,2021-10-28,0,True,0001671502,[],[],False,False,False,,False,False,,False,False,False,False,2834,3841,XBI,XBI,XLV
QNRX,2021-09-27,2021-09-24,2021-09-28,2021-10-12,VALID,True,A,0001671502,SEC_TICKERS,False,False,False,False,0,2019-02-05,2023-12-29,198,False,,[],"[[""2021-10-29"", ""APOP""]]",False,False,True,,False,False,,False,False,False,False,2834,3841,SPY,XBI,XLV
GOGO,2021-09-28,2021-09-27,2021-09-29,2021-10-13,VALID,True,A,0001537054,SEC_TICKERS,False,False,False,False,0,2018-11-01,2023-12-29,0,True,0001537054,[],[],True,False,False,0001537054,False,False,,False,True,False,False,4899,4899,SPY,SPY,SPY
AMTX,2021-09-30,2021-09-29,2021-10-01,2021-10-15,VALID,True,A,0000738214,SEC_TICKERS,False,False,False,False,0,2018-11-01,2023-12-29,0,True,0000738214,[],[],True,False,False,0000738214,False,False,,False,True,False,False,2860,2860,SPY,SPY,SPY
OPRX,2021-09-30,2021-09-29,2021-10-01,2021-10-15,VALID,True,A,0001448431,SEC_TICKERS,False,False,False,False,0,2018-11-01,2023-12-29,0,True,0001448431,[],[],True,False,False,0001448431,False,False,,False,True,False,False,7389,7389,SPY,SPY,SPY
AVIR,2021-10-01,2021-09-30,2021-10-04,2021-10-18,VALID,True,A,0001593899,SEC_TICKERS,False,False,False,False,0,2020-10-30,2023-12-29,0,True,0001593899,[],[],True,False,False,0001593899,False,False,,False,True,False,False,2834,2834,XBI,XBI,XBI
BMRA,2021-10-01,2021-09-30,2021-10-04,2021-10-18,VALID,True,A,0000073290,SEC_TICKERS,False,False,False,False,0,2018-11-01,2023-12-29,2,True,0000073290,[],[],True,False,False,0000073290,False,False,,False,True,False,False,2835,2835,XBI,XBI,XBI
KEEL,2021-10-01,2021-09-30,2021-10-04,2021-10-18,VALID,True,A,0001812477,SEC_TICKERS,False,False,False,False,0,2021-06-21,2023-12-29,0,False,,[],"[[""2026-04-06"", ""BITF""]]",False,False,False,,False,False,,False,False,False,False,6199,6199,SPY,XLF,XLF
NEO,2021-10-01,2021-09-30,2021-10-04,2021-10-18,VALID,True,A,0001077183,SEC_TICKERS,False,False,False,False,0,2018-11-01,2023-12-29,0,True,0001077183,[],[],True,False,False,0001077183,False,False,,False,True,False,False,8734,8734,SPY,SPY,SPY
RIDE,2021-10-01,2021-09-30,2021-10-04,2021-10-18,VALID,False,B,0001759546,RENAME_CHAIN_FWD,False,False,False,False,0,2020-10-26,2023-07-06,0,True,0001759546,[],[],True,False,False,0001759546,True,False,,False,True,False,False,3711,3711,XLI,XLI,XLI
RYM,2021-10-05,2021-10-04,2021-10-06,2021-10-20,VALID,True,A,0001800637,SEC_TICKERS,False,False,False,False,0,2021-01-28,2023-12-29,0,False,,[],"[[""2025-09-02"", ""AGFY""]]",False,False,False,,False,False,,False,True,False,False,0700,0700,SPY,SPY,SPY
AZPN,2021-10-07,2021-10-06,2021-10-08,2021-10-22,VALID,True,A,,FORM345_AMBIGUOUS,False,False,False,False,0,2018-11-01,2023-12-29,0,False,,[],[],False,True,False,0000929940,False,False,,False,False,False,False,,,SPY,SPY,SPY
NFE,2021-10-07,2021-10-06,2021-10-08,2021-10-22,VALID,True,AC,0001749723,SEC_TICKERS,False,False,False,False,0,2019-01-31,2023-12-29,0,True,0001749723,[],[],True,False,False,0001749723,False,False,,False,True,False,False,4924,4924,SPY,SPY,SPY
GWH,2021-10-12,2021-10-11,2021-10-13,2021-10-27,VALID,True,A,0001819438,SEC_TICKERS,False,False,False,False,0,2020-11-30,2023-12-29,0,True,0001819438,[],[],False,False,True,,False,False,,False,True,False,False,3690,3690,XLI,XLI,XLI
JSPR,2021-10-13,2021-10-12,2021-10-14,2021-10-28,VALID,True,A,0001788028,SEC_TICKERS,False,False,False,False,0,2020-01-10,2023-12-29,124,True,0001788028,[],[],True,False,False,0001788028,False,False,,False,True,False,False,2836,2836,XBI,XBI,XBI
PENG,2021-10-13,2021-10-12,2021-10-14,2021-10-28,VALID,True,A,0001616533,SEC_TICKERS,False,False,False,False,0,2018-11-01,2023-12-29,0,False,,[],"[[""2024-10-15"", ""SGH""]]",False,False,False,,False,False,,False,True,False,False,3674,3674,SPY,XLI,XLI
GRVI,2021-10-14,2021-10-13,2021-10-15,2021-10-29,VALID,True,B,0001775194,RENAME_CHAIN_FWD,False,False,False,False,0,2021-06-24,2022-08-18,0,True,0001775194,[],[],True,False,False,0001775194,False,False,,False,True,False,False,6199,2833,XLF,XLF,XBI
NRXP,2021-10-14,2021-10-13,2021-10-15,2021-10-29,VALID,True,A,0001719406,SEC_TICKERS,False,False,False,False,0,2018-11-12,2023-12-29,309,True,0001719406,[],[],True,False,False,0001719406,False,False,,False,True,False,False,2834,2834,XBI,XBI,XBI
OPAD,2021-10-14,2021-10-13,2021-10-15,2021-10-29,VALID,True,A,0001825024,SEC_TICKERS,False,False,False,False,0,2020-12-11,2023-12-29,0,True,0001825024,[],[],True,False,False,0001825024,False,False,,False,True,False,False,6531,6531,XLF,XLF,XLF
UPXI,2021-10-14,2021-10-13,2021-10-15,2021-10-29,VALID,True,A,0001775194,SEC_TICKERS,False,False,False,False,0,2021-06-24,2023-12-29,0,False,,[],"[[""2022-08-19"", ""GRVI""]]",False,False,True,,False,False,,False,True,False,False,6199,2833,SPY,XLF,XBI
SNOA,2021-10-15,2021-10-14,2021-10-18,2021-11-01,VALID,True,A,0001367083,SEC_TICKERS,False,False,False,False,0,2018-11-01,2023-12-29,7,True,0001367083,[],[],True,False,False,0001367083,False,False,,False,True,False,False,3841,2834,XLV,XLV,XBI
RDUS,2021-10-20,2021-10-19,2021-10-21,2021-11-04,VALID,True,A,0000912603,RENAME_CHAIN_BWD,False,False,False,False,0,2018-11-01,2023-12-29,264,False,,[],"[[""2023-09-01"", ""SCHN""]]",False,True,True,0001428522,False,False,,False,True,False,False,5090,5090,SPY,SPY,SPY
AHG,2021-10-21,2021-10-20,2021-10-22,2021-11-05,VALID,True,A,0001702318,SEC_TICKERS,False,False,False,False,0,2018-11-01,2023-12-29,0,False,,[],"[[""2021-12-16"", ""HX""]]",False,False,False,,False,False,,False,False,False,False,7389,7389,SPY,SPY,SPY
HX,2021-10-21,2021-10-20,2021-10-22,2021-11-05,VALID,True,B,0001702318,RENAME_CHAIN_FWD,False,False,False,False,0,2018-11-01,2021-12-15,0,True,0001702318,[],[],False,False,False,,False,False,,False,False,False,False,7389,7389,SPY,SPY,SPY
BE,2021-10-25,2021-10-22,2021-10-26,2021-11-09,VALID,True,A,0001664703,SEC_TICKERS,False,False,False,False,0,2018-11-01,2023-12-29,0,True,0001664703,[],[],True,False,False,0001664703,False,False,,False,True,False,False,3620,3620,XLI,XLI,XLI
BKKT,2021-10-25,2021-10-22,2021-10-26,2021-11-09,VALID,True,A,0001820302,SEC_TICKERS,False,False,False,False,0,2020-11-19,2023-12-29,2,True,0001820302,[],[],True,False,False,0001820302,False,False,,False,True,False,False,6199,6199,XLF,XLF,XLF
IBN,2021-10-25,2021-10-22,2021-10-26,2021-11-09,VALID,True,A,0001103838,SEC_TICKERS,False,False,False,False,0,2018-11-01,2023-12-29,0,True,0001103838,[],[],False,False,False,,False,False,,False,False,False,True,6029,6029,XLF,XLF,XLF
BRPM,2021-10-26,2021-10-25,2021-10-27,2021-11-10,VALID,True,ABC,0001759824,RENAME_CHAIN_FWD,False,False,False,False,0,2019-04-25,2022-07-19,392,False,,"[[""2020-02-18"", ""ALTG""]]",[],True,True,False,0001839360,False,False,,False,True,False,False,5084,5084,SPY,SPY,SPY
LIDR,2021-10-26,2021-10-25,2021-10-27,2021-11-10,VALID,True,A,0001818644,SEC_TICKERS,False,False,False,False,0,2021-01-11,2023-12-29,0,True,0001818644,[],[],True,False,False,0001818644,False,False,,False,True,False,False,3714,3714,XLI,XLI,XLI
MEDP,2021-10-26,2021-10-25,2021-10-27,2021-11-10,VALID,True,A,0001668397,SEC_TICKERS,False,False,False,False,0,2018-11-01,2023-12-29,0,True,0001668397,[],[],True,False,False,0001668397,False,False,,False,True,False,False,8731,8731,SPY,SPY,SPY
WBX,2021-10-26,2021-10-25,2021-10-27,2021-11-10,VALID,True,A,0001866501,SEC_TICKERS,False,False,False,False,0,2021-04-19,2023-12-29,96,True,0001866501,[],[],False,False,False,,False,False,,False,False,False,False,3690,3790,XLI,XLI,XLI
MXL,2021-10-28,2021-10-27,2021-10-29,2021-11-12,VALID,True,A,0001288469,SEC_TICKERS,False,False,False,False,0,2018-11-01,2023-12-29,0,True,0001288469,[],[],True,False,False,0001288469,False,False,,False,True,False,False,3674,3674,XLI,XLI,XLI
CADE,2021-10-29,2021-10-28,2021-11-01,2021-11-15,VALID,True,AC,0001614184,FORM345_TICKER,False,False,False,False,0,2018-11-01,2023-12-29,0,True,0001614184,[],[],True,False,False,0001614184,False,False,,False,True,False,False,6021,6021,XLF,XLF,XLF
WBX,2021-10-29,2021-10-28,2021-11-01,2021-11-15,VALID,True,A,0001866501,SEC_TICKERS,False,False,False,False,0,2021-04-19,2023-12-29,96,True,0001866501,[],[],False,False,False,,False,False,,False,False,False,False,3690,3790,XLI,XLI,XLI
ABVC,2021-11-01,2021-10-29,2021-11-02,2021-11-16,VALID,True,A,0001173313,SEC_TICKERS,False,False,False,False,0,2021-08-03,2023-12-29,0,True,0001173313,[],[],True,False,False,0001173313,False,False,,False,True,False,False,2834,2834,XBI,XBI,XBI
JOBS,2021-11-02,2021-11-01,2021-11-03,2021-11-17,VALID,True,AC,,UNMAPPED,False,False,False,False,0,2018-11-01,2022-05-06,0,False,,[],[],False,False,False,,False,False,,False,False,False,False,,,SPY,SPY,SPY
ROG,2021-11-02,2021-11-01,2021-11-03,2021-11-17,VALID,True,A,0000084748,SEC_TICKERS,False,False,False,False,0,2018-11-01,2023-12-29,0,True,0000084748,[],[],True,False,False,0000084748,False,False,,False,True,False,False,2821,2821,SPY,SPY,SPY
UA,2021-11-02,2021-11-01,2021-11-03,2021-11-17,VALID,True,AD,0001336917,SEC_TICKERS,False,False,False,False,0,2018-11-01,2023-12-29,0,True,0001336917,[],[],True,False,False,0001336917,False,True,2016-04-08,True,True,False,False,2300,2300,SPY,SPY,SPY
WIMI,2021-11-02,2021-11-01,2021-11-03,2021-11-17,VALID,True,A,0001770088,SEC_TICKERS,False,False,False,False,0,2020-04-01,2023-12-29,0,True,0001770088,[],[],False,False,False,,False,False,,False,False,False,False,7372,7372,XLK,XLK,XLK
ACH,2021-11-03,2021-11-02,2021-11-04,2021-11-18,VALID,True,A,0000075252,SEC_TICKERS,False,False,False,False,0,2018-11-01,2023-12-29,0,False,,[],"[[""2026-01-02"", ""OMI""]]",False,False,False,,False,False,,False,True,False,False,5047,5047,SPY,SPY,SPY
CDLX,2021-11-03,2021-11-02,2021-11-04,2021-11-18,VALID,True,A,0001666071,SEC_TICKERS,False,False,False,False,0,2018-11-01,2023-12-29,0,True,0001666071,[],[],True,False,False,0001666071,False,False,,False,True,False,False,7370,7370,XLK,XLK,XLK
CPRI,2021-11-03,2021-11-02,2021-11-04,2021-11-18,VALID,True,AD,0001530721,SEC_TICKERS,False,False,False,False,0,2018-11-01,2023-12-29,0,True,0001530721,[],[],True,False,False,0001530721,False,False,2016-01-04,True,True,False,False,3100,3100,SPY,SPY,SPY
GKOS,2021-11-03,2021-11-02,2021-11-04,2021-11-18,VALID,True,A,0001192448,SEC_TICKERS,False,False,False,False,0,2018-11-01,2023-12-29,0,True,0001192448,[],[],True,False,False,0001192448,False,False,,False,True,False,False,3841,3841,XLV,XLV,XLV
HUDI,2021-11-03,2021-11-02,2021-11-04,2021-11-18,VALID,True,A,0001791725,SEC_TICKERS,False,False,False,False,0,2021-01-22,2023-12-29,0,True,0001791725,[],[],False,False,False,,False,False,,False,False,False,False,3317,3317,SPY,SPY,SPY
IRTC,2021-11-03,2021-11-02,2021-11-04,2021-11-18,VALID,True,A,0001388658,SEC_TICKERS,False,False,False,False,0,2018-11-01,2023-12-29,0,True,0001388658,[],[],True,False,False,0001388658,False,False,,False,True,False,False,3841,3841,XLV,XLV,XLV
PRG,2021-11-03,2021-11-02,2021-11-04,2021-11-18,VALID,True,A,0001808834,SEC_TICKERS,False,False,False,False,0,2020-12-01,2023-12-29,0,True,0001808834,[],[],True,False,False,0001808834,False,False,,False,True,False,False,7359,7359,SPY,SPY,SPY
RRD,2021-11-03,2021-11-02,2021-11-04,2021-11-18,VALID,True,AC,0000029669,FORM345_TICKER,False,False,False,False,0,2018-11-01,2022-02-25,0,True,0000029669,[],[],True,False,False,0000029669,False,False,1996-01-02,True,True,False,False,2750,2750,SPY,SPY,SPY
AUR,2021-11-04,2021-11-03,2021-11-05,2021-11-19,VALID,True,A,0001828108,SEC_TICKERS,False,False,False,False,0,2021-05-10,2023-12-29,0,True,0001828108,[],[],False,False,True,,False,False,,False,True,False,False,7373,7373,XLK,XLK,XLK
EVAX,2021-11-04,2021-11-03,2021-11-05,2021-11-19,VALID,True,A,0001828253,SEC_TICKERS,False,False,False,False,0,2021-02-05,2023-12-29,0,True,0001828253,[],[],False,False,False,,False,False,,False,False,False,False,2836,2836,XBI,XBI,XBI
GDDY,2021-11-04,2021-11-03,2021-11-05,2021-11-19,VALID,True,A,0001609711,SEC_TICKERS,False,False,False,False,0,2018-11-01,2023-12-29,0,True,0001609711,[],[],True,False,False,0001609711,False,False,2024-06-24,False,True,False,False,7373,7373,XLK,XLK,XLK
MAXR,2021-11-04,2021-11-03,2021-11-05,2021-11-19,VALID,False,C,0001121142,FORM345_TICKER,False,False,False,False,0,2018-11-01,2023-05-02,0,True,0001121142,[],[],True,False,False,0001121142,True,False,,False,True,False,False,3663,3663,XLI,XLI,XLI
NPTN,2021-11-04,2021-11-03,2021-11-05,2021-11-19,VALID,True,AC,0001227025,FORM345_TICKER,False,False,False,False,0,2018-11-01,2022-08-02,0,True,0001227025,[],[],True,False,False,0001227025,False,False,,False,True,False,False,3674,3674,XLI,XLI,XLI
PLNT,2021-11-04,2021-11-03,2021-11-05,2021-11-19,VALID,True,A,0001637207,SEC_TICKERS,False,False,False,False,0,2018-11-01,2023-12-29,0,True,0001637207,[],[],True,False,False,0001637207,False,False,,False,True,False,False,7997,7997,SPY,SPY,SPY
RPD,2021-11-04,2021-11-03,2021-11-05,2021-11-19,VALID,True,A,0001560327,SEC_TICKERS,False,False,False,False,0,2018-11-01,2023-12-29,0,True,0001560327,[],[],True,False,False,0001560327,False,False,,False,True,False,False,7372,7372,XLK,XLK,XLK
SSYS,2021-11-04,2021-11-03,2021-11-05,2021-11-19,VALID,True,A,0001517396,SEC_TICKERS,False,False,False,False,0,2018-11-01,2023-12-29,0,True,0001517396,[],[],False,False,False,,False,False,,False,False,False,False,3577,3577,XLK,XLK,XLK
WBX,2021-11-04,2021-11-03,2021-11-05,2021-11-19,VALID,True,A,0001866501,SEC_TICKERS,False,False,False,False,0,2021-04-19,2023-12-29,96,True,0001866501,[],[],False,False,False,,False,False,,False,False,False,False,3690,3790,XLI,XLI,XLI
AMN,2021-11-05,2021-11-04,2021-11-08,2021-11-22,VALID,True,A,0001142750,SEC_TICKERS,False,False,False,False,0,2018-11-01,2023-12-29,0,True,0001142750,[],[],True,False,False,0001142750,False,False,,False,True,False,False,7363,7363,SPY,SPY,SPY
ASTH,2021-11-05,2021-11-04,2021-11-08,2021-11-22,VALID,True,A,0001083446,SEC_TICKERS,False,False,False,False,0,2018-11-01,2023-12-29,0,False,,[],"[[""2024-02-26"", ""AMEH""]]",False,False,False,,False,False,,False,True,False,False,8742,8742,SPY,SPY,SPY
CDXS,2021-11-05,2021-11-04,2021-11-08,2021-11-22,VALID,True,A,0001200375,SEC_TICKERS,False,False,False,False,0,2018-11-01,2023-12-29,0,True,0001200375,[],[],True,False,False,0001200375,False,False,,False,True,False,False,2860,2860,SPY,SPY,SPY
CMRC,2021-11-05,2021-11-04,2021-11-08,2021-11-22,VALID,True,A,0001626450,SEC_TICKERS,False,False,False,False,0,2020-08-05,2023-12-29,0,False,,[],"[[""2025-08-01"", ""BIGC""]]",False,False,False,,False,False,,False,True,False,False,7372,7372,SPY,XLK,XLK
FROG,2021-11-05,2021-11-04,2021-11-08,2021-11-22,VALID,True,A,0001800667,SEC_TICKERS,False,False,False,False,0,2020-09-16,2023-12-29,0,True,0001800667,[],[],True,False,False,0001800667,False,False,,False,True,False,False,7372,7372,XLK,XLK,XLK
GOOS,2021-11-05,2021-11-04,2021-11-08,2021-11-22,VALID,True,A,0001690511,SEC_TICKERS,False,False,False,False,0,2018-11-01,2023-12-29,0,True,0001690511,[],[],False,False,False,,False,False,,False,False,False,False,2300,2300,SPY,SPY,SPY
GPRO,2021-11-05,2021-11-04,2021-11-08,2021-11-22,VALID,True,A,0001500435,SEC_TICKERS,False,False,False,False,0,2018-11-01,2023-12-29,0,True,0001500435,[],[],True,False,False,0001500435,False,False,,False,True,False,False,3861,3861,SPY,SPY,SPY
GT,2021-11-05,2021-11-04,2021-11-08,2021-11-22,VALID,True,AD,0000042582,SEC_TICKERS,False,False,False,False,0,2018-11-01,2023-12-29,0,True,0000042582,[],[],True,False,False,0000042582,False,False,1996-01-02,True,True,False,False,3011,3011,SPY,SPY,SPY
IHRT,2021-11-05,2021-11-04,2021-11-08,2021-11-22,VALID,True,A,0001400891,SEC_TICKERS,False,False,False,False,0,2019-07-18,2023-12-29,0,True,0001400891,[],[],True,False,False,0001400891,False,False,,False,True,False,False,4832,4832,SPY,SPY,SPY
NWSA,2021-11-05,2021-11-04,2021-11-08,2021-11-22,VALID,True,AD,0001564708,SEC_TICKERS,False,False,False,False,0,2018-11-01,2023-12-29,0,True,0001564708,[],[],False,False,False,,False,True,2013-07-01,True,True,False,False,2711,2711,SPY,SPY,SPY
SYNA,2021-11-05,2021-11-04,2021-11-08,2021-11-22,VALID,True,A,0000817720,SEC_TICKERS,False,False,False,False,0,2018-11-01,2023-12-29,0,True,0000817720,[],[],True,False,False,0000817720,False,False,,False,True,False,False,3674,3674,XLI,XLI,XLI
BLNK,2021-11-08,2021-11-05,2021-11-09,2021-11-23,VALID,True,A,0001429764,SEC_TICKERS,False,False,False,False,0,2018-11-01,2023-12-29,0,True,0001429764,[],[],True,False,False,0001429764,False,False,,False,True,False,False,3690,3790,XLI,XLI,XLI
EVGO,2021-11-08,2021-11-05,2021-11-09,2021-11-23,VALID,True,A,0001821159,SEC_TICKERS,False,False,False,False,0,2020-11-20,2023-12-29,0,True,0001821159,[],[],True,False,False,0001821159,False,False,,False,True,False,False,7500,7500,SPY,SPY,SPY
IONQ,2021-11-08,2021-11-05,2021-11-09,2021-11-23,VALID,True,A,0001824920,SEC_TICKERS,False,False,False,False,0,2021-01-04,2023-12-29,0,True,0001824920,[],[],True,False,False,0001824920,False,False,,False,True,False,False,7373,7373,XLK,XLK,XLK
PTRA,2021-11-08,2021-11-05,2021-11-09,2021-11-23,VALID,False,B,0001820630,FORM345_TICKER,False,False,False,False,0,2021-06-15,2023-08-16,0,True,0001820630,[],[],True,False,False,0001820630,True,False,,False,True,False,False,3711,3711,XLI,XLI,XLI
VLTA,2021-11-08,2021-11-05,2021-11-09,2021-11-23,VALID,False,C,0001819584,FORM345_TICKER,False,False,False,False,0,2021-08-27,2023-03-30,0,True,0001819584,[],[],True,False,False,0001819584,True,False,,False,True,False,False,3790,3790,XLI,XLI,XLI
ATER,2021-11-09,2021-11-08,2021-11-10,2021-11-24,VALID,True,A,0001757715,SEC_TICKERS,False,False,False,False,0,2019-06-12,2023-12-29,0,True,0001757715,[],[],True,False,False,0001757715,False,False,,False,True,False,False,3634,3634,XLI,XLI,XLI
ENVX,2021-11-09,2021-11-08,2021-11-10,2021-11-24,VALID,True,A,0001828318,SEC_TICKERS,False,False,False,False,0,2021-01-05,2023-12-29,0,True,0001828318,[],[],True,False,False,0001828318,False,False,,False,True,False,False,3690,3690,XLI,XLI,XLI
NEWR,2021-11-09,2021-11-08,2021-11-10,2021-11-24,VALID,False,C,0001448056,FORM345_TICKER,False,False,False,False,0,2018-11-01,2023-11-07,0,True,0001448056,[],[],True,False,False,0001448056,True,False,,False,True,False,False,7372,7372,XLK,XLK,XLK
REAL,2021-11-09,2021-11-08,2021-11-10,2021-11-24,VALID,True,A,0001573221,SEC_TICKERS,False,False,False,False,0,2019-06-28,2023-12-29,0,True,0001573221,[],[],True,False,False,0001573221,False,False,,False,True,False,False,5900,5900,SPY,SPY,SPY
PUBM,2021-11-10,2021-11-09,2021-11-11,2021-11-26,VALID,True,A,0001422930,SEC_TICKERS,False,False,False,False,0,2020-12-09,2023-12-29,0,True,0001422930,[],[],True,False,False,0001422930,False,False,,False,True,False,False,7370,7370,XLK,XLK,XLK
RNXT,2021-11-10,2021-11-09,2021-11-11,2021-11-26,VALID,True,A,0001574094,SEC_TICKERS,False,False,False,False,0,2021-08-26,2023-12-29,0,True,0001574094,[],[],True,False,False,0001574094,False,False,,False,False,False,False,3841,2834,XLV,XLV,XBI
SAIL,2021-11-10,2021-11-09,2021-11-11,2021-11-26,VALID,True,AC,0002030781,SEC_TICKERS,False,False,False,False,0,2018-11-01,2022-08-15,346,True,0002030781,[],[],False,True,False,0001627857,False,False,,False,False,False,False,7372,7372,XLK,XLK,XLK
CELH,2021-11-11,2021-11-10,2021-11-12,2021-11-29,VALID,True,A,0001341766,SEC_TICKERS,False,False,False,False,0,2018-11-01,2023-12-29,0,True,0001341766,[],[],True,False,False,0001341766,False,False,,False,True,False,False,2086,2086,SPY,SPY,SPY
DUOL,2021-11-11,2021-11-10,2021-11-12,2021-11-29,VALID,True,A,0001562088,SEC_TICKERS,False,False,False,False,0,2021-07-28,2023-12-29,0,True,0001562088,[],[],True,False,False,0001562088,False,False,,False,True,False,False,7372,7372,XLK,XLK,XLK
FOSL,2021-11-11,2021-11-10,2021-11-12,2021-11-29,VALID,True,A,0000883569,SEC_TICKERS,False,False,False,False,0,2018-11-01,2023-12-29,0,True,0000883569,[],[],True,False,False,0000883569,False,False,2012-04-04,True,True,False,False,3873,3873,SPY,SPY,SPY
RIDE,2021-11-11,2021-11-10,2021-11-12,2021-11-29,VALID,False,B,0001759546,RENAME_CHAIN_FWD,False,False,False,False,0,2020-10-26,2023-07-06,0,True,0001759546,[],[],True,False,False,0001759546,True,False,,False,True,False,False,3711,3711,XLI,XLI,XLI
ROOT,2021-11-11,2021-11-10,2021-11-12,2021-11-29,VALID,True,A,0001788882,SEC_TICKERS,False,False,False,False,0,2020-10-28,2023-12-29,0,True,0001788882,[],[],True,False,False,0001788882,False,False,,False,True,False,False,6331,6331,XLF,XLF,XLF
ZIP,2021-11-11,2021-11-10,2021-11-12,2021-11-29,VALID,True,A,0001617553,SEC_TICKERS,False,False,False,False,0,2021-05-26,2023-12-29,0,True,0001617553,[],[],True,False,False,0001617553,False,False,,False,True,False,False,7370,7370,XLK,XLK,XLK
MRAM,2021-11-12,2021-11-11,2021-11-15,2021-11-30,VALID,True,A,0001438423,SEC_TICKERS,False,False,False,False,0,2018-11-01,2023-12-29,0,True,0001438423,[],[],True,False,False,0001438423,False,False,,False,True,False,False,3674,3674,XLI,XLI,XLI
AXON,2021-11-16,2021-11-15,2021-11-17,2021-12-02,VALID,True,AD,0001069183,SEC_TICKERS,False,False,False,False,0,2018-11-01,2023-12-29,0,True,0001069183,[],[],True,False,False,0001069183,False,False,2023-05-04,False,True,False,False,3480,3480,SPY,SPY,SPY
PLBY,2021-11-16,2021-11-15,2021-11-17,2021-12-02,VALID,True,A,0001803914,SEC_TICKERS,False,False,False,False,0,2020-08-31,2023-12-29,1,True,0001803914,[],[],True,False,False,0001803914,False,False,,False,True,False,False,5900,5900,SPY,SPY,SPY
PRCH,2021-11-16,2021-11-15,2021-11-17,2021-12-02,VALID,True,A,0001784535,SEC_TICKERS,False,False,False,False,0,2020-01-13,2023-12-29,48,True,0001784535,[],[],True,False,False,0001784535,False,False,,False,True,False,False,6321,7372,XLF,XLF,XLK
BTLN,2021-11-17,2021-11-16,2021-11-18,2021-12-03,VALID,True,A,0001854445,SEC_TICKERS,False,False,False,False,0,2021-07-01,2023-12-29,0,False,,[],"[[""2026-08-20"", ""GGRP""]]",False,True,False,0001425289,False,False,,False,True,False,False,7371,7371,SPY,XLK,XLK
CPA,2021-11-18,2021-11-17,2021-11-19,2021-12-06,VALID,True,A,0001345105,SEC_TICKERS,False,False,False,False,0,2018-11-01,2023-12-29,0,True,0001345105,[],[],False,False,False,,False,False,,False,False,False,False,4512,4512,SPY,SPY,SPY
DRNA,2021-11-18,2021-11-17,2021-11-19,2021-12-06,VALID,True,AC,0001399529,FORM345_TICKER,False,False,False,False,0,2018-11-01,2021-12-27,0,True,0001399529,[],[],True,False,False,0001399529,False,False,,False,True,False,False,2834,2834,XBI,XBI,XBI
LGVN,2021-11-18,2021-11-17,2021-11-19,2021-12-06,VALID,True,A,0001721484,SEC_TICKERS,False,False,False,False,0,2021-02-12,2023-12-29,0,True,0001721484,[],[],True,False,False,0001721484,False,False,,False,True,False,False,2834,2834,XBI,XBI,XBI
WEJOQ,2021-11-18,2021-11-17,2021-11-19,2021-12-06,VALID,False,B,0001864448,RENAME_CHAIN_BWD,False,False,False,False,0,2021-03-16,2023-06-08,5,False,,[],"[[""2023-06-09"", ""WEJO""]]",False,False,False,,True,False,,False,False,False,False,7374,7374,SPY,XLK,XLK
ZTO,2021-11-18,2021-11-17,2021-11-19,2021-12-06,VALID,True,A,0001677250,SEC_TICKERS,False,False,False,False,0,2018-11-01,2023-12-29,0,True,0001677250,[],[],False,False,False,,False,False,,False,False,False,False,4210,4210,SPY,SPY,SPY
GTEC,2021-11-19,2021-11-18,2021-11-22,2021-12-07,VALID,True,A,0001735041,SEC_TICKERS,False,False,False,False,0,2018-11-09,2023-12-29,122,True,0001735041,[],[],True,False,False,0001735041,False,False,,False,True,False,False,3560,3560,SPY,SPY,SPY
UWMC,2021-11-19,2021-11-18,2021-11-22,2021-12-07,VALID,True,A,0001783398,SEC_TICKERS,False,False,False,False,0,2020-03-24,2023-12-29,30,True,0001783398,[],[],True,False,False,0001783398,False,False,,False,True,False,False,6162,6162,XLF,XLF,XLF
ISPC,2021-11-22,2021-11-19,2021-11-23,2021-12-08,VALID,True,A,0001558569,SEC_TICKERS,False,False,False,False,0,2021-06-17,2023-12-29,0,True,0001558569,[],[],True,False,False,0001558569,False,False,,False,True,False,False,8731,8731,SPY,SPY,SPY
ISPC,2021-11-23,2021-11-22,2021-11-24,2021-12-09,VALID,True,A,0001558569,SEC_TICKERS,False,False,False,False,0,2021-06-17,2023-12-29,0,True,0001558569,[],[],True,False,False,0001558569,False,False,,False,True,False,False,8731,8731,SPY,SPY,SPY
KTTA,2021-11-23,2021-11-22,2021-11-24,2021-12-09,VALID,True,A,0001841330,SEC_TICKERS,False,False,False,False,0,2021-09-15,2023-12-29,0,True,0001841330,[],[],True,False,False,0001841330,False,False,,False,True,False,False,2834,2834,XBI,XBI,XBI
ORMP,2021-11-24,2021-11-23,2021-11-26,2021-12-10,VALID,True,A,0001176309,SEC_TICKERS,False,False,False,False,0,2018-11-01,2023-12-29,0,True,0001176309,[],[],True,False,False,0001176309,False,False,,False,True,False,False,2834,2834,XBI,XBI,XBI
SLI,2021-11-24,2021-11-23,2021-11-26,2021-12-10,VALID,True,A,0001537137,SEC_TICKERS,False,False,False,False,0,2021-07-13,2023-12-29,0,True,0001537137,[],[],False,False,False,,False,False,,False,False,False,False,2800,2800,SPY,SPY,SPY
VIR,2021-11-26,2021-11-24,2021-11-29,2021-12-13,VALID,True,A,0001706431,SEC_TICKERS,False,False,False,False,0,2019-10-11,2023-12-29,0,True,0001706431,[],[],True,False,False,0001706431,False,False,,False,True,False,False,2836,2836,XBI,XBI,XBI
ADGI,2021-11-29,2021-11-26,2021-11-30,2021-12-14,VALID,True,B,0001832038,RENAME_CHAIN_FWD,False,False,False,False,0,2021-08-06,2022-09-12,0,True,0001832038,[],[],True,False,False,0001832038,False,False,,False,True,False,False,2836,2836,XBI,XBI,XBI
IVVD,2021-11-29,2021-11-26,2021-11-30,2021-12-14,VALID,True,A,0001832038,SEC_TICKERS,False,False,False,False,0,2021-08-06,2023-12-29,0,False,,[],"[[""2022-09-13"", ""ADGI""]]",False,False,True,,False,False,,False,True,False,False,2836,2836,SPY,XBI,XBI
KRYS,2021-11-29,2021-11-26,2021-11-30,2021-12-14,VALID,True,A,0001711279,SEC_TICKERS,False,False,False,False,0,2018-11-01,2023-12-29,0,True,0001711279,[],[],True,False,False,0001711279,False,False,,False,True,False,False,2836,2836,XBI,XBI,XBI
NRXP,2021-11-29,2021-11-26,2021-11-30,2021-12-14,VALID,True,A,0001719406,SEC_TICKERS,False,False,False,False,0,2018-11-12,2023-12-29,309,True,0001719406,[],[],True,False,False,0001719406,False,False,,False,True,False,False,2834,2834,XBI,XBI,XBI
CPIX,2021-11-30,2021-11-29,2021-12-01,2021-12-15,VALID,True,A,0001087294,SEC_TICKERS,False,False,False,False,0,2018-11-01,2023-12-29,2,True,0001087294,[],[],True,False,False,0001087294,False,False,,False,True,False,False,2834,2834,XBI,XBI,XBI
VIR,2021-11-30,2021-11-29,2021-12-01,2021-12-15,VALID,True,A,0001706431,SEC_TICKERS,False,False,False,False,0,2019-10-11,2023-12-29,0,True,0001706431,[],[],True,False,False,0001706431,False,False,,False,True,False,False,2836,2836,XBI,XBI,XBI
BOX,2021-12-01,2021-11-30,2021-12-02,2021-12-16,VALID,True,A,0001372612,SEC_TICKERS,False,False,False,False,0,2018-11-01,2023-12-29,0,True,0001372612,[],[],True,False,False,0001372612,False,False,,False,True,False,False,7372,7372,XLK,XLK,XLK
CNTX,2021-12-01,2021-11-30,2021-12-02,2021-12-16,VALID,True,A,0001842952,SEC_TICKERS,False,False,False,False,0,2021-10-20,2023-12-29,0,True,0001842952,[],[],True,False,False,0001842952,False,False,,False,False,False,False,2834,2834,XBI,XBI,XBI
CFVI,2021-12-02,2021-12-01,2021-12-03,2021-12-17,VALID,True,BC,0001830081,RENAME_CHAIN_FWD,False,False,False,False,1,2021-04-14,2022-09-16,52,True,0001830081,[],[],True,False,False,0001830081,False,False,,False,True,False,False,7370,7370,XLK,XLK,XLK
RUM,2021-12-02,2021-12-01,2021-12-03,2021-12-17,VALID,True,A,0001830081,SEC_TICKERS,False,False,False,False,1,2021-04-14,2023-12-29,52,False,,[],"[[""2022-09-19"", ""CFVI""]]",False,False,True,,False,False,,False,True,False,False,7370,7370,SPY,XLK,XLK
VIR,2021-12-02,2021-12-01,2021-12-03,2021-12-17,VALID,True,A,0001706431,SEC_TICKERS,False,False,False,False,0,2019-10-11,2023-12-29,0,True,0001706431,[],[],True,False,False,0001706431,False,False,,False,True,False,False,2836,2836,XBI,XBI,XBI
PRCH,2021-12-03,2021-12-02,2021-12-06,2021-12-20,VALID,True,A,0001784535,SEC_TICKERS,False,False,False,False,0,2020-01-13,2023-12-29,48,True,0001784535,[],[],True,False,False,0001784535,False,False,,False,True,False,False,6321,7372,XLF,XLF,XLK
ACET,2021-12-06,2021-12-03,2021-12-07,2021-12-21,VALID,True,A,0001720580,SEC_TICKERS,False,False,False,False,0,2018-11-01,2023-12-29,0,True,0001720580,[],[],True,False,False,0001720580,False,False,,False,True,False,False,2834,2834,XBI,XBI,XBI
GCP,2021-12-06,2021-12-03,2021-12-07,2021-12-21,VALID,True,AC,0001644440,FORM345_TICKER,False,False,False,False,0,2018-11-01,2022-09-26,0,True,0001644440,[],[],True,False,False,0001644440,False,False,,False,True,False,False,2800,2800,SPY,SPY,SPY
ISIG,2021-12-06,2021-12-03,2021-12-07,2021-12-21,VALID,False,B,0000875355,RENAME_CHAIN_FWD,False,False,False,False,0,2018-11-01,2023-08-03,4,True,0000875355,[],[],True,False,False,0000875355,True,False,,False,True,False,False,0100,7310,SPY,SPY,SPY
TULP,2021-12-06,2021-12-03,2021-12-07,2021-12-21,VALID,True,A,0000875355,SEC_TICKERS,False,False,False,False,0,2018-11-01,2023-12-29,6,False,,[],"[[""2026-02-02"", ""LDWY""]]",False,False,False,,False,False,,False,True,False,False,0100,7310,SPY,SPY,SPY
ACAD,2021-12-07,2021-12-06,2021-12-08,2021-12-22,VALID,True,A,0001070494,SEC_TICKERS,False,False,False,False,0,2018-11-01,2023-12-29,1,True,0001070494,[],[],True,False,False,0001070494,False,False,,False,True,False,False,2834,2834,XBI,XBI,XBI
GEVO,2021-12-07,2021-12-06,2021-12-08,2021-12-22,VALID,True,A,0001392380,SEC_TICKERS,False,False,False,False,0,2018-11-01,2023-12-29,0,True,0001392380,[],[],True,False,False,0001392380,False,False,,False,True,False,False,2860,2860,SPY,SPY,SPY
JMIA,2021-12-07,2021-12-06,2021-12-08,2021-12-22,VALID,True,A,0001756708,SEC_TICKERS,False,False,False,False,0,2019-04-12,2023-12-29,0,True,0001756708,[],[],False,False,False,,False,False,,False,False,False,False,5961,5961,SPY,SPY,SPY
MNTV,2021-12-07,2021-12-06,2021-12-08,2021-12-22,VALID,False,C,0001739936,FORM345_TICKER,False,False,False,False,0,2021-06-15,2023-05-31,0,True,0001739936,[],[],True,False,False,0001739936,True,False,,False,True,False,False,7370,7370,XLK,XLK,XLK
SWAG,2021-12-07,2021-12-06,2021-12-08,2021-12-22,VALID,True,ABC,0001841800,RENAME_CHAIN_FWD,False,False,False,False,0,2021-11-09,2023-12-29,0,False,,[],"[[""2022-12-16"", ""STRN""]]",True,False,False,0001841800,False,False,,False,True,False,False,7389,7389,SPY,SPY,SPY
HCP,2021-12-09,2021-12-08,2021-12-10,2021-12-27,VALID,False,BD,0000765880,RENAME_CHAIN_FWD,True,False,False,False,19,2018-11-01,2023-12-29,528,False,,"[[""2019-11-06"", ""PEAK""]]",[],True,True,False,0001720671,True,False,2008-03-31,True,True,False,False,6798,6798,SPY,XLF,XLF
CNTX,2021-12-10,2021-12-09,2021-12-13,2021-12-28,VALID,True,A,0001842952,SEC_TICKERS,False,False,False,False,0,2021-10-20,2023-12-29,0,True,0001842952,[],[],True,False,False,0001842952,False,False,,False,True,False,False,2834,2834,XBI,XBI,XBI
RADI,2021-12-10,2021-12-09,2021-12-13,2021-12-28,VALID,False,C,0001810739,FORM345_TICKER,False,False,False,False,0,2020-10-05,2023-09-20,1,True,0001810739,[],[],True,False,False,0001810739,True,False,,False,True,False,False,6519,6519,XLF,XLF,XLF
FHTX,2021-12-13,2021-12-10,2021-12-14,2021-12-29,VALID,True,A,0001822462,SEC_TICKERS,False,False,False,False,0,2020-10-23,2023-12-29,0,True,0001822462,[],[],True,False,False,0001822462,False,False,,False,True,False,False,2834,2834,XBI,XBI,XBI
HOG,2021-12-13,2021-12-10,2021-12-14,2021-12-29,VALID,True,AD,0000793952,SEC_TICKERS,False,False,False,False,0,2018-11-01,2023-12-29,0,True,0000793952,[],[],True,False,False,0000793952,False,False,2000-01-31,True,True,False,False,3751,3751,XLI,XLI,XLI
TMX,2021-12-14,2021-12-13,2021-12-15,2021-12-30,VALID,False,C,0001428875,FORM345_TICKER,False,False,False,False,0,2018-11-01,2022-10-11,0,True,0001428875,[],[],True,False,False,0001428875,True,False,,False,True,False,False,8741,8741,SPY,SPY,SPY
CCMP,2021-12-15,2021-12-14,2021-12-16,2021-12-31,VALID,True,AC,0001102934,FORM345_TICKER,False,False,False,False,0,2018-11-01,2022-07-05,0,True,0001102934,[],[],True,False,False,0001102934,False,False,,False,True,False,False,3674,3674,XLI,XLI,XLI
EPAY,2021-12-17,2021-12-16,2021-12-20,2022-01-04,VALID,True,AC,0001073349,FORM345_TICKER,False,False,False,False,0,2018-11-01,2022-05-12,0,True,0001073349,[],[],True,False,False,0001073349,False,False,,False,True,False,False,7372,7372,XLK,XLK,XLK
SPRB,2021-12-17,2021-12-16,2021-12-20,2022-01-04,VALID,True,A,0001683553,FORM345_TICKER,False,False,False,False,0,2020-10-09,2023-12-29,0,False,,[],"[[""2025-09-05"", ""SPRBD""]]",True,False,False,0001683553,False,False,,False,True,False,False,2834,2834,SPY,XBI,XBI
BRG,2021-12-20,2021-12-17,2021-12-21,2022-01-05,VALID,False,C,0001442626,FORM345_TICKER,False,False,False,False,0,2018-11-01,2022-10-05,0,True,0001442626,[],[],True,False,False,0001442626,True,False,,False,True,False,False,6798,6798,XLF,XLF,XLF
BRZE,2021-12-21,2021-12-20,2021-12-22,2022-01-06,VALID,True,A,0001676238,SEC_TICKERS,False,False,False,False,0,2021-11-17,2023-12-29,0,True,0001676238,[],[],True,False,False,0001676238,False,False,,False,True,False,False,7372,7372,XLK,XLK,XLK
EMBJ,2021-12-21,2021-12-20,2021-12-22,2022-01-06,VALID,True,A,0001355444,SEC_TICKERS,False,False,False,False,0,2018-11-01,2023-12-29,0,False,,[],"[[""2025-11-03"", ""ERJ""]]",False,False,False,,False,False,,False,False,False,True,3721,3721,SPY,XLI,XLI
EZRA,2021-12-21,2021-12-20,2021-12-22,2022-01-06,VALID,True,A,0001812727,SEC_TICKERS,False,False,False,False,0,2021-02-09,2023-12-29,8,False,,[],"[[""2026-01-26"", ""RELI""]]",False,False,False,,False,False,,False,True,False,False,6411,6411,SPY,XLF,XLF
ENSC,2021-12-23,2021-12-22,2021-12-27,2022-01-10,VALID,True,A,0001716947,SEC_TICKERS,False,False,False,False,0,2018-11-09,2023-12-29,452,True,0001716947,[],[],True,False,False,0001716947,False,False,,False,True,False,False,2834,2834,XBI,XBI,XBI
MBOT,2021-12-27,2021-12-23,2021-12-28,2022-01-11,VALID,True,A,0000883975,SEC_TICKERS,False,False,False,False,0,2018-11-01,2023-12-29,0,True,0000883975,[],[],True,False,False,0000883975,False,False,,False,True,False,False,3841,3841,XLV,XLV,XLV
EZRA,2021-12-28,2021-12-27,2021-12-29,2022-01-12,VALID,True,A,0001812727,SEC_TICKERS,False,False,False,False,0,2021-02-09,2023-12-29,8,False,,[],"[[""2026-01-26"", ""RELI""]]",False,False,False,,False,False,,False,True,False,False,6411,6411,SPY,XLF,XLF
CALX,2021-12-29,2021-12-28,2021-12-30,2022-01-13,VALID,True,A,0001406666,SEC_TICKERS,False,False,False,False,0,2018-11-01,2023-12-29,0,True,0001406666,[],[],False,False,False,,False,False,,False,True,False,False,4899,4899,SPY,SPY,SPY
EZRA,2021-12-30,2021-12-29,2021-12-31,2022-01-14,VALID,True,A,0001812727,SEC_TICKERS,False,False,False,False,0,2021-02-09,2023-12-29,8,False,,[],"[[""2026-01-26"", ""RELI""]]",False,False,False,,False,False,,False,True,False,False,6411,6411,SPY,XLF,XLF
NTRB,2021-12-31,2021-12-30,2022-01-03,2022-01-18,VALID,True,A,0001676047,SEC_TICKERS,False,False,False,False,0,2021-10-01,2023-12-29,4,True,0001676047,[],[],True,False,False,0001676047,False,False,,False,True,False,False,3842,3842,XLV,XLV,XLV
ISPC,2022-01-04,2022-01-03,2022-01-05,2022-01-20,VALID,True,A,0001558569,SEC_TICKERS,False,False,False,False,0,2021-06-17,2023-12-29,0,True,0001558569,[],[],True,False,False,0001558569,False,False,,False,True,False,False,8731,8731,SPY,SPY,SPY
LGVN,2022-01-05,2022-01-04,2022-01-06,2022-01-21,VALID,True,A,0001721484,SEC_TICKERS,False,False,False,False,0,2021-02-12,2023-12-29,0,True,0001721484,[],[],True,False,False,0001721484,False,False,,False,True,False,False,2834,2834,XBI,XBI,XBI
VCRA,2022-01-06,2022-01-05,2022-01-07,2022-01-24,VALID,True,AC,0001129260,FORM345_TICKER,False,False,False,False,0,2018-11-01,2022-02-22,0,True,0001129260,[],[],True,False,False,0001129260,False,False,,False,True,False,False,3669,3669,XLI,XLI,XLI
DCT,2022-01-07,2022-01-06,2022-01-10,2022-01-25,VALID,True,AC,0001160951,FORM345_TICKER,False,False,False,False,0,2020-08-14,2023-03-29,448,True,0001160951,[],[],True,False,False,0001160951,False,False,,False,True,False,False,7372,7372,XLK,XLK,XLK
APR,2022-01-10,2022-01-07,2022-01-11,2022-01-26,VALID,True,AC,0001735803,FORM345_TICKER,False,False,False,False,0,2021-02-11,2022-03-28,0,True,0001735803,[],[],True,False,False,0001735803,False,False,,False,True,False,False,8082,8082,SPY,SPY,SPY
BTCS,2022-01-13,2022-01-12,2022-01-14,2022-01-31,VALID,True,A,0001436229,SEC_TICKERS,False,False,False,False,0,2021-09-14,2023-12-29,0,True,0001436229,[],[],True,False,False,0001436229,False,False,,False,True,False,False,6199,6199,XLF,XLF,XLF
ISPC,2022-01-13,2022-01-12,2022-01-14,2022-01-31,VALID,True,A,0001558569,SEC_TICKERS,False,False,False,False,0,2021-06-17,2023-12-29,0,True,0001558569,[],[],True,False,False,0001558569,False,False,,False,True,False,False,8731,8731,SPY,SPY,SPY
QUCY,2022-01-18,2022-01-14,2022-01-19,2022-02-02,VALID,True,A,0001874252,SEC_TICKERS,False,False,False,False,0,2021-11-05,2023-12-29,0,False,,[],"[[""2026-03-12"", ""MYNZ""]]",False,False,False,,False,False,,False,False,False,False,2834,2834,SPY,XBI,XBI
ZGNX,2022-01-19,2022-01-18,2022-01-20,2022-02-03,VALID,True,A,0001375151,FORM345_TICKER,False,False,False,False,0,2018-11-01,2022-03-04,0,True,0001375151,[],[],True,False,False,0001375151,False,False,,False,True,False,False,2834,2834,XBI,XBI,XBI
BALY,2022-01-25,2022-01-24,2022-01-26,2022-02-09,VALID,True,A,0001747079,SEC_TICKERS,False,False,False,False,0,2020-11-09,2023-12-29,0,True,0001747079,[],[],True,False,False,0001747079,False,False,,False,True,False,False,7011,7011,SPY,SPY,SPY
SRRA,2022-01-25,2022-01-24,2022-01-26,2022-02-09,VALID,True,AC,0001290149,FORM345_TICKER,False,False,False,False,0,2018-11-01,2022-06-30,0,True,0001290149,[],[],True,False,False,0001290149,False,False,,False,True,False,False,2834,2834,XBI,XBI,XBI
JKS,2022-01-26,2022-01-25,2022-01-27,2022-02-10,VALID,True,A,0001481513,SEC_TICKERS,False,False,False,False,0,2018-11-01,2023-12-29,0,True,0001481513,[],[],False,False,False,,False,False,,False,False,False,False,3674,3674,XLI,XLI,XLI
LRN,2022-01-26,2022-01-25,2022-01-27,2022-02-10,VALID,True,A,0001157408,SEC_TICKERS,False,False,False,False,0,2018-11-01,2023-12-29,0,True,0001157408,[],[],True,False,False,0001157408,False,False,,False,True,False,False,8200,8200,SPY,SPY,SPY
EEFT,2022-01-27,2022-01-26,2022-01-28,2022-02-11,VALID,True,A,0001029199,SEC_TICKERS,False,False,False,False,0,2018-11-01,2023-12-29,0,True,0001029199,[],[],True,False,False,0001029199,False,False,,False,True,False,False,6099,6099,XLF,XLF,XLF
HZO,2022-01-27,2022-01-26,2022-01-28,2022-02-11,VALID,True,A,0001057060,SEC_TICKERS,False,False,False,False,0,2018-11-01,2023-12-29,0,True,0001057060,[],[],True,False,False,0001057060,False,False,,False,True,False,False,5531,5531,SPY,SPY,SPY
LKFT,2022-01-27,2022-01-26,2022-01-28,2022-02-11,VALID,True,A,0001421876,SEC_TICKERS,False,False,False,False,0,2018-11-01,2023-12-29,0,False,,[],"[[""2026-05-08"", ""GLPG""]]",False,False,False,,False,False,,False,False,False,False,2834,2834,SPY,XBI,XBI
CLFD,2022-01-28,2022-01-27,2022-01-31,2022-02-14,VALID,True,A,0000796505,SEC_TICKERS,False,False,False,False,0,2018-11-01,2023-12-29,0,True,0000796505,[],[],True,False,False,0000796505,False,False,,False,True,False,False,3661,3661,XLI,XLI,XLI
ATI,2022-02-02,2022-02-01,2022-02-03,2022-02-17,VALID,True,A,0001018963,SEC_TICKERS,False,False,False,False,0,2018-11-01,2023-12-29,0,True,0001018963,[],[],True,False,False,0001018963,False,False,1996-01-02,True,True,False,False,3317,3317,SPY,SPY,SPY
EAT,2022-02-02,2022-02-01,2022-02-03,2022-02-17,VALID,True,A,0000703351,SEC_TICKERS,False,False,False,False,0,2018-11-01,2023-12-29,0,True,0000703351,[],[],True,False,False,0000703351,False,False,,False,True,False,False,5812,5812,SPY,SPY,SPY
AGCO,2022-02-08,2022-02-07,2022-02-09,2022-02-24,VALID,True,A,0000880266,SEC_TICKERS,False,False,False,False,0,2018-11-01,2023-12-29,0,True,0000880266,[],[],True,False,False,0000880266,False,False,,False,True,False,False,3523,3523,SPY,SPY,SPY
HOG,2022-02-08,2022-02-07,2022-02-09,2022-02-24,VALID,True,AD,0000793952,SEC_TICKERS,False,False,False,False,0,2018-11-01,2023-12-29,0,True,0000793952,[],[],True,False,False,0000793952,False,False,2000-01-31,True,True,False,False,3751,3751,XLI,XLI,XLI
TDC,2022-02-08,2022-02-07,2022-02-09,2022-02-24,VALID,True,A,0000816761,SEC_TICKERS,False,False,False,False,0,2018-11-01,2023-12-29,0,True,0000816761,[],[],True,False,False,0000816761,False,False,2007-10-01,True,True,False,False,7372,7372,XLK,XLK,XLK
ECOL,2022-02-09,2022-02-08,2022-02-10,2022-02-25,VALID,True,AC,,FORM345_AMBIGUOUS,False,False,False,False,0,2018-11-01,2022-04-29,0,False,,[],[],False,True,False,0001783400,False,False,,False,False,False,False,,,SPY,SPY,SPY
NCR,2022-02-09,2022-02-08,2022-02-10,2022-02-25,VALID,True,B,0000070866,RENAME_CHAIN_FWD,False,False,False,False,0,2018-11-01,2023-10-16,0,True,0000070866,[],[],True,False,False,0000070866,False,False,2000-01-04,True,True,False,False,3578,3578,XLK,XLK,XLK
PFGC,2022-02-09,2022-02-08,2022-02-10,2022-02-25,VALID,True,A,0001618673,SEC_TICKERS,False,False,False,False,0,2018-11-01,2023-12-29,0,True,0001618673,[],[],True,False,False,0001618673,False,False,,False,True,False,False,5141,5141,SPY,SPY,SPY
VYX,2022-02-09,2022-02-08,2022-02-10,2022-02-25,VALID,True,A,0000070866,SEC_TICKERS,False,False,False,False,0,2018-11-01,2023-12-29,0,False,,[],"[[""2023-10-17"", ""NCR""]]",False,False,True,,False,False,,False,True,False,False,3578,3578,SPY,XLK,XLK
BRCC,2022-02-11,2022-02-10,2022-02-14,2022-03-01,VALID,True,A,0001891101,SEC_TICKERS,False,False,False,False,0,2021-05-03,2023-12-29,31,True,0001891101,[],[],True,False,False,0001891101,False,False,,False,False,False,False,2080,2080,SPY,SPY,SPY
RARE,2022-02-11,2022-02-10,2022-02-14,2022-03-01,VALID,True,A,0001515673,SEC_TICKERS,False,False,False,False,0,2018-11-01,2023-12-29,0,True,0001515673,[],[],True,False,False,0001515673,False,False,,False,True,False,False,2834,2834,XBI,XBI,XBI
XPEL,2022-02-11,2022-02-10,2022-02-14,2022-03-01,VALID,True,A,0001767258,SEC_TICKERS,False,False,False,False,0,2019-07-19,2023-12-29,0,True,0001767258,[],[],True,False,False,0001767258,False,False,,False,True,False,False,3470,3470,SPY,SPY,SPY
ZG,2022-02-11,2022-02-10,2022-02-14,2022-03-01,VALID,True,A,0001617640,SEC_TICKERS,False,False,False,False,0,2018-11-01,2023-12-29,0,True,0001617640,[],[],False,False,False,,False,False,,False,True,False,False,7389,7389,SPY,SPY,SPY
BDSI,2022-02-14,2022-02-11,2022-02-15,2022-03-02,VALID,True,AC,0001103021,FORM345_TICKER,False,False,False,False,0,2018-11-01,2022-03-22,0,True,0001103021,[],[],True,False,False,0001103021,False,False,,False,True,False,False,2834,2834,XBI,XBI,XBI
MGI,2022-02-15,2022-02-14,2022-02-16,2022-03-03,VALID,False,C,0001273931,FORM345_TICKER,False,False,False,False,0,2018-11-01,2023-05-31,0,True,0001273931,[],[],True,False,False,0001273931,True,False,,False,True,False,False,7389,7389,SPY,SPY,SPY
TSEM,2022-02-15,2022-02-14,2022-02-16,2022-03-03,VALID,True,A,0000928876,SEC_TICKERS,False,False,False,False,0,2018-11-01,2023-12-29,0,True,0000928876,[],[],False,False,False,,False,False,,False,False,False,True,3674,3674,XLI,XLI,XLI
CRSR,2022-02-16,2022-02-15,2022-02-17,2022-03-04,VALID,True,A,0001743759,SEC_TICKERS,False,False,False,False,0,2020-09-23,2023-12-29,0,True,0001743759,[],[],True,False,False,0001743759,False,False,,False,True,False,False,3577,3577,XLK,XLK,XLK
ACVA,2022-02-17,2022-02-16,2022-02-18,2022-03-07,VALID,True,A,0001637873,SEC_TICKERS,False,False,False,False,0,2021-03-24,2023-12-29,0,True,0001637873,[],[],True,False,False,0001637873,False,False,,False,True,False,False,7389,7389,SPY,SPY,SPY
GLBE,2022-02-17,2022-02-16,2022-02-18,2022-03-07,VALID,True,A,0001835963,SEC_TICKERS,False,False,False,False,0,2021-05-12,2023-12-29,0,True,0001835963,[],[],False,False,False,,False,False,,False,False,False,False,7372,7372,XLK,XLK,XLK
KNBE,2022-02-17,2022-02-16,2022-02-18,2022-03-07,VALID,False,C,0001664998,FORM345_TICKER,False,False,False,False,0,2021-04-22,2023-01-31,0,True,0001664998,[],[],True,False,False,0001664998,True,False,,False,True,False,False,7370,7370,XLK,XLK,XLK
TNET,2022-02-17,2022-02-16,2022-02-18,2022-03-07,VALID,True,A,0000937098,SEC_TICKERS,False,False,False,False,0,2018-11-01,2023-12-29,0,True,0000937098,[],[],True,False,False,0000937098,False,False,,False,True,False,False,7389,7389,SPY,SPY,SPY
AMN,2022-02-18,2022-02-17,2022-02-22,2022-03-08,VALID,True,A,0001142750,SEC_TICKERS,False,False,False,False,0,2018-11-01,2023-12-29,0,True,0001142750,[],[],True,False,False,0001142750,False,False,,False,True,False,False,7363,7363,SPY,SPY,SPY
APPN,2022-02-18,2022-02-17,2022-02-22,2022-03-08,VALID,True,A,0001441683,SEC_TICKERS,False,False,False,False,0,2018-11-01,2023-12-29,0,True,0001441683,[],[],True,False,False,0001441683,False,False,,False,True,False,False,7372,7372,XLK,XLK,XLK
CGNX,2022-02-18,2022-02-17,2022-02-22,2022-03-08,VALID,True,A,0000851205,SEC_TICKERS,False,False,False,False,0,2018-11-01,2023-12-29,0,True,0000851205,[],[],True,False,False,0000851205,False,False,,False,True,False,False,3823,3823,SPY,SPY,SPY
NRGV,2022-02-18,2022-02-17,2022-02-22,2022-03-08,VALID,True,A,0001828536,SEC_TICKERS,False,False,False,False,0,2021-03-29,2023-12-29,4,True,0001828536,[],[],True,False,False,0001828536,False,False,,False,True,False,False,3690,3690,XLI,XLI,XLI
HMHC,2022-02-22,2022-02-18,2022-02-23,2022-03-09,VALID,True,AC,0001580156,FORM345_TICKER,False,False,False,False,0,2018-11-01,2022-04-06,0,True,0001580156,[],[],True,False,False,0001580156,False,False,,False,True,False,False,2731,2731,SPY,SPY,SPY
MTOR,2022-02-22,2022-02-18,2022-02-23,2022-03-09,VALID,True,AC,0001113256,FORM345_TICKER,False,False,False,False,0,2018-11-01,2022-08-02,0,True,0001113256,[],[],True,False,False,0001113256,False,False,,False,True,False,False,3714,3714,XLI,XLI,XLI
INDO,2022-02-23,2022-02-22,2022-02-24,2022-03-10,VALID,True,A,0001757840,SEC_TICKERS,False,False,False,False,0,2019-12-19,2023-12-29,8,True,0001757840,[],[],False,False,False,,False,False,,False,False,False,False,1311,1311,XLE,XLE,XLE
REGI,2022-02-23,2022-02-22,2022-02-24,2022-03-10,VALID,True,AC,0001463258,FORM345_TICKER,False,False,False,False,0,2018-11-01,2022-06-10,0,True,0001463258,[],[],True,False,False,0001463258,False,False,,False,True,False,False,2860,2860,SPY,SPY,SPY
SKIN,2022-02-23,2022-02-22,2022-02-24,2022-03-10,VALID,True,A,0001818093,SEC_TICKERS,False,False,False,False,0,2020-11-24,2023-12-29,0,True,0001818093,[],[],True,False,False,0001818093,False,False,,False,True,False,False,3841,3841,XLV,XLV,XLV
LNTH,2022-02-24,2022-02-23,2022-02-25,2022-03-11,VALID,True,A,0001521036,SEC_TICKERS,False,False,False,False,0,2018-11-01,2023-12-29,0,True,0001521036,[],[],True,False,False,0001521036,False,False,,False,True,False,False,2835,2835,XBI,XBI,XBI
SJI,2022-02-24,2022-02-23,2022-02-25,2022-03-11,VALID,False,C,0000091928,FORM345_TICKER,False,False,False,False,0,2018-11-01,2023-01-31,0,True,0000091928,[],[],True,False,False,0000091928,True,False,,False,True,False,False,4924,4924,SPY,SPY,SPY
ABCL,2022-02-25,2022-02-24,2022-02-28,2022-03-14,VALID,True,A,0001703057,SEC_TICKERS,False,False,False,False,0,2020-12-11,2023-12-29,0,True,0001703057,[],[],True,False,False,0001703057,False,False,,False,True,False,False,2834,2834,XBI,XBI,XBI
CARG,2022-02-25,2022-02-24,2022-02-28,2022-03-14,VALID,True,A,0001494259,SEC_TICKERS,False,False,False,False,0,2018-11-01,2023-12-29,0,True,0001494259,[],[],True,False,False,0001494259,False,False,,False,True,False,False,7374,7374,XLK,XLK,XLK
CRI,2022-02-25,2022-02-24,2022-02-28,2022-03-14,VALID,True,A,0001060822,SEC_TICKERS,False,False,False,False,0,2018-11-01,2023-12-29,0,True,0001060822,[],[],True,False,False,0001060822,False,False,,False,True,False,False,2300,2300,SPY,SPY,SPY
OPLN,2022-02-25,2022-02-24,2022-02-28,2022-03-14,VALID,True,A,0001395942,SEC_TICKERS,False,False,False,False,0,2018-11-01,2023-12-29,0,False,,[],"[[""2025-12-26"", ""KAR""]]",False,False,False,,False,False,,False,True,False,False,5500,5500,SPY,SPY,SPY
PLTK,2022-02-25,2022-02-24,2022-02-28,2022-03-14,VALID,True,A,0001828016,SEC_TICKERS,False,False,False,False,0,2021-01-15,2023-12-29,0,True,0001828016,[],[],True,False,False,0001828016,False,False,,False,True,False,False,7374,7374,XLK,XLK,XLK
TREE,2022-02-25,2022-02-24,2022-02-28,2022-03-14,VALID,True,A,0001434621,SEC_TICKERS,False,False,False,False,0,2018-11-01,2023-12-29,0,True,0001434621,[],[],True,False,False,0001434621,False,False,,False,True,False,False,6163,6163,XLF,XLF,XLF
INDO,2022-02-28,2022-02-25,2022-03-01,2022-03-15,VALID,True,A,0001757840,SEC_TICKERS,False,False,False,False,0,2019-12-19,2023-12-29,8,True,0001757840,[],[],False,False,False,,False,False,,False,False,False,False,1311,1311,XLE,XLE,XLE
REGI,2022-02-28,2022-02-25,2022-03-01,2022-03-15,VALID,True,AC,0001463258,FORM345_TICKER,False,False,False,False,0,2018-11-01,2022-06-10,0,True,0001463258,[],[],True,False,False,0001463258,False,False,,False,True,False,False,2860,2860,SPY,SPY,SPY
DDD,2022-03-01,2022-02-28,2022-03-02,2022-03-16,VALID,True,A,0000910638,SEC_TICKERS,False,False,False,False,0,2018-11-01,2023-12-29,0,True,0000910638,[],[],True,False,False,0000910638,False,False,,False,True,False,False,7372,7372,XLK,XLK,XLK
EDIT,2022-03-01,2022-02-28,2022-03-02,2022-03-16,VALID,True,A,0001650664,SEC_TICKERS,False,False,False,False,0,2018-11-01,2023-12-29,0,True,0001650664,[],[],True,False,False,0001650664,False,False,,False,True,False,False,2836,2836,XBI,XBI,XBI
JOBS,2022-03-01,2022-02-28,2022-03-02,2022-03-16,VALID,True,AC,,UNMAPPED,False,False,False,False,0,2018-11-01,2022-05-06,0,False,,[],[],False,False,False,,False,False,,False,False,False,False,,,SPY,SPY,SPY
TASK,2022-03-01,2022-02-28,2022-03-02,2022-03-16,VALID,True,A,0001829864,SEC_TICKERS,False,False,False,False,0,2021-06-11,2023-12-29,0,True,0001829864,[],[],True,False,False,0001829864,False,False,,False,True,False,False,7374,7374,XLK,XLK,XLK
IQ,2022-03-02,2022-03-01,2022-03-03,2022-03-17,VALID,True,A,0001722608,SEC_TICKERS,False,False,False,False,0,2018-11-01,2023-12-29,0,True,0001722608,[],[],False,False,False,,False,False,,False,False,False,False,7841,7841,SPY,SPY,SPY
SGMS,2022-03-02,2022-03-01,2022-03-03,2022-03-17,VALID,False,B,0000750004,RENAME_CHAIN_FWD,False,False,False,False,0,2018-11-01,2022-04-28,0,True,0000750004,[],[],True,False,False,0000750004,True,False,,False,True,False,False,7373,7373,XLK,XLK,XLK
AI,2022-03-03,2022-03-02,2022-03-04,2022-03-18,VALID,True,AB,0001577526,UNIQUE_NAME_MATCH,False,False,False,False,0,2020-12-09,2023-12-29,0,False,,"[[""2020-10-26"", ""AAIC""]]",[],True,False,False,0001577526,False,False,,False,True,False,False,7372,7372,SPY,XLK,XLK
CAN,2022-03-03,2022-03-02,2022-03-04,2022-03-18,VALID,True,A,0001780652,SEC_TICKERS,False,False,False,False,0,2019-11-21,2023-12-29,0,True,0001780652,[],[],False,False,False,,False,False,,False,False,False,False,6199,3674,XLF,XLF,XLI
IOT,2022-03-03,2022-03-02,2022-03-04,2022-03-18,VALID,True,A,0001642896,SEC_TICKERS,False,False,False,False,0,2021-12-15,2023-12-29,0,True,0001642896,[],[],True,False,False,0001642896,False,False,,False,False,False,False,7373,7373,XLK,XLK,XLK
SG,2022-03-04,2022-03-03,2022-03-07,2022-03-21,VALID,True,AC,0001477815,SEC_TICKERS,False,False,False,False,0,2021-11-18,2023-12-29,0,True,0001477815,[],[],True,False,False,0001477815,False,False,,False,True,False,False,5812,5812,SPY,SPY,SPY
CRNC,2022-03-07,2022-03-04,2022-03-08,2022-03-22,VALID,True,A,0001768267,SEC_TICKERS,False,False,False,False,0,2019-09-16,2023-12-29,2,True,0001768267,[],[],True,False,False,0001768267,False,False,,False,True,False,False,7372,7372,XLK,XLK,XLK
BSIN,2022-03-08,2022-03-07,2022-03-09,2022-03-23,VALID,True,A,0000101594,SEC_TICKERS,False,False,False,False,0,2018-11-01,2023-12-29,3,False,,[],"[[""2026-06-08"", ""USEG""]]",False,False,False,,False,False,,False,True,False,False,1311,1311,SPY,XLE,XLE
IOT,2022-03-08,2022-03-07,2022-03-09,2022-03-23,VALID,True,A,0001642896,SEC_TICKERS,False,False,False,False,0,2021-12-15,2023-12-29,0,True,0001642896,[],[],True,False,False,0001642896,False,False,,False,False,False,False,7373,7373,XLK,XLK,XLK
MXC,2022-03-08,2022-03-07,2022-03-09,2022-03-23,VALID,True,A,0000066418,SEC_TICKERS,False,False,False,False,0,2018-11-01,2023-12-29,34,True,0000066418,[],[],True,False,False,0000066418,False,False,,False,True,False,False,1311,1311,XLE,XLE,XLE
ASTS,2022-03-09,2022-03-08,2022-03-10,2022-03-24,VALID,True,A,0001780312,SEC_TICKERS,False,False,False,False,0,2019-11-01,2023-12-29,69,True,0001780312,[],[],True,False,False,0001780312,False,False,,False,True,False,False,4899,4899,SPY,SPY,SPY
FIGS,2022-03-09,2022-03-08,2022-03-10,2022-03-24,VALID,True,A,0001846576,SEC_TICKERS,False,False,False,False,0,2021-05-27,2023-12-29,0,True,0001846576,[],[],True,False,False,0001846576,False,False,,False,True,False,False,2300,2300,SPY,SPY,SPY
STLA,2022-03-09,2022-03-08,2022-03-10,2022-03-24,VALID,True,A,0001605484,SEC_TICKERS,False,False,False,False,0,2018-11-01,2023-12-29,0,True,0001605484,[],[],False,False,False,,False,False,,False,False,False,False,3711,3711,XLI,XLI,XLI
SHLS,2022-03-11,2022-03-10,2022-03-14,2022-03-28,VALID,True,A,0001831651,SEC_TICKERS,False,False,False,False,0,2021-01-27,2023-12-29,0,True,0001831651,[],[],True,False,False,0001831651,False,False,,False,True,False,False,3674,3674,XLI,XLI,XLI
KSCP,2022-03-14,2022-03-11,2022-03-15,2022-03-29,VALID,True,A,0001600983,SEC_TICKERS,False,False,False,False,0,2022-01-27,2023-12-29,0,True,0001600983,[],[],True,False,False,0001600983,False,False,,False,True,False,False,3669,3669,XLI,XLI,XLI
GTLB,2022-03-15,2022-03-14,2022-03-16,2022-03-30,VALID,True,A,0001653482,SEC_TICKERS,False,False,False,False,0,2021-10-14,2023-12-29,0,True,0001653482,[],[],True,False,False,0001653482,False,False,,False,True,False,False,7372,7372,XLK,XLK,XLK
ACMR,2022-03-16,2022-03-15,2022-03-17,2022-03-31,VALID,True,A,0001680062,SEC_TICKERS,False,False,False,False,0,2018-11-01,2023-12-29,0,True,0001680062,[],[],True,False,False,0001680062,False,False,,False,True,False,False,3559,3559,SPY,SPY,SPY
API,2022-03-16,2022-03-15,2022-03-17,2022-03-31,VALID,True,A,0001802883,SEC_TICKERS,False,False,False,False,0,2020-06-26,2023-12-29,0,True,0001802883,[],[],False,True,False,0001796209,False,False,,False,False,False,False,7372,7372,XLK,XLK,XLK
ATHM,2022-03-16,2022-03-15,2022-03-17,2022-03-31,VALID,True,A,0001527636,SEC_TICKERS,False,False,False,False,0,2018-11-01,2023-12-29,0,True,0001527636,[],[],False,False,False,,False,False,,False,False,False,False,7374,7374,XLK,XLK,XLK
AVAV,2022-03-16,2022-03-15,2022-03-17,2022-03-31,VALID,True,A,0001368622,SEC_TICKERS,False,False,False,False,0,2018-11-01,2023-12-29,0,True,0001368622,[],[],True,False,False,0001368622,False,False,,False,True,False,False,3721,3721,XLI,XLI,XLI
DQ,2022-03-16,2022-03-15,2022-03-17,2022-03-31,VALID,True,A,0001477641,SEC_TICKERS,False,False,False,False,0,2018-11-01,2023-12-29,0,True,0001477641,[],[],False,False,False,,False,False,,False,False,False,False,3674,3674,XLI,XLI,XLI
GDS,2022-03-16,2022-03-15,2022-03-17,2022-03-31,VALID,True,A,0001526125,SEC_TICKERS,False,False,False,False,0,2018-11-01,2023-12-29,0,True,0001526125,[],[],False,False,False,,False,False,,False,False,False,False,7370,7370,XLK,XLK,XLK
HTHT,2022-03-16,2022-03-15,2022-03-17,2022-03-31,VALID,True,A,0001483994,SEC_TICKERS,False,False,False,False,0,2018-11-01,2023-12-29,0,True,0001483994,[],[],False,False,False,,False,False,,False,False,False,False,7011,7011,SPY,SPY,SPY
JBL,2022-03-16,2022-03-15,2022-03-17,2022-03-31,VALID,True,AD,0000898293,SEC_TICKERS,False,False,False,False,0,2018-11-01,2023-12-29,0,True,0000898293,[],[],True,False,False,0000898293,False,False,2001-01-30,True,True,False,False,3672,3672,XLI,XLI,XLI
JOYY,2022-03-16,2022-03-15,2022-03-17,2022-03-31,VALID,True,A,0001530238,SEC_TICKERS,False,False,False,False,0,2018-11-01,2023-12-29,0,False,,[],"[[""2025-03-31"", ""YY""]]",False,False,False,,False,False,,False,False,False,False,7374,7374,SPY,XLK,XLK
KC,2022-03-16,2022-03-15,2022-03-17,2022-03-31,VALID,True,A,0001795589,SEC_TICKERS,False,False,False,False,0,2020-05-08,2023-12-29,0,True,0001795589,[],[],False,False,False,,False,False,,False,False,False,False,7372,7372,XLK,XLK,XLK
MLCO,2022-03-16,2022-03-15,2022-03-17,2022-03-31,VALID,True,A,0001381640,SEC_TICKERS,False,False,False,False,0,2018-11-01,2023-12-29,0,True,0001381640,[],[],False,False,False,,False,False,,False,False,False,False,7011,7011,SPY,SPY,SPY
MOMO,2022-03-16,2022-03-15,2022-03-17,2022-03-31,VALID,True,A,0001610601,SEC_TICKERS,False,False,False,False,0,2018-11-01,2023-12-29,0,True,0001610601,[],[],False,False,False,,False,False,,False,False,False,False,7372,7372,XLK,XLK,XLK
NBP,2022-03-16,2022-03-15,2022-03-17,2022-03-31,VALID,True,A,0001778016,SEC_TICKERS,False,False,False,False,0,2020-01-17,2023-12-29,0,False,,[],"[[""2025-10-30"", ""IMAB""]]",False,False,False,,False,False,,False,False,False,False,2834,2834,SPY,XBI,XBI
ONC,2022-03-16,2022-03-15,2022-03-17,2022-03-31,VALID,True,A,0001651308,SEC_TICKERS,False,False,False,False,0,2018-11-01,2023-12-29,0,False,,[],"[[""2025-01-02"", ""BGNE""]]",False,False,False,,False,False,,False,True,False,False,2834,2834,SPY,XBI,XBI
QFIN,2022-03-16,2022-03-15,2022-03-17,2022-03-31,VALID,True,A,0001741530,SEC_TICKERS,False,False,False,False,0,2018-12-14,2023-12-29,0,True,0001741530,[],[],False,False,False,,False,False,,False,False,False,False,6199,6199,XLF,XLF,XLF
VIPS,2022-03-16,2022-03-15,2022-03-17,2022-03-31,VALID,True,A,0001529192,SEC_TICKERS,False,False,False,False,0,2018-11-01,2023-12-29,0,True,0001529192,[],[],False,False,False,,False,False,,False,False,False,False,5961,5961,SPY,SPY,SPY
VNET,2022-03-16,2022-03-15,2022-03-17,2022-03-31,VALID,True,A,0001508475,SEC_TICKERS,False,False,False,False,0,2018-11-01,2023-12-29,0,True,0001508475,[],[],False,False,False,,False,False,,False,False,False,False,7370,7370,XLK,XLK,XLK
WB,2022-03-16,2022-03-15,2022-03-17,2022-03-31,VALID,True,A,0001595761,SEC_TICKERS,False,False,False,False,0,2018-11-01,2023-12-29,0,True,0001595761,[],[],False,False,False,,False,False,1996-01-02,True,False,False,False,7370,7370,XLK,XLK,XLK
YMM,2022-03-16,2022-03-15,2022-03-17,2022-03-31,VALID,True,A,0001838413,SEC_TICKERS,False,False,False,False,0,2021-06-22,2023-12-29,0,True,0001838413,[],[],False,False,False,,False,False,,False,False,False,False,7372,7372,XLK,XLK,XLK
ZLAB,2022-03-16,2022-03-15,2022-03-17,2022-03-31,VALID,True,A,0001704292,SEC_TICKERS,False,False,False,False,0,2018-11-01,2023-12-29,0,True,0001704292,[],[],True,False,False,0001704292,False,False,,False,True,False,False,2834,2834,XBI,XBI,XBI
PD,2022-03-17,2022-03-16,2022-03-18,2022-04-01,VALID,True,A,0001568100,SEC_TICKERS,False,False,False,False,0,2019-04-11,2023-12-29,0,True,0001568100,[],[],True,False,False,0001568100,False,False,1996-01-02,True,True,False,False,7372,7372,XLK,XLK,XLK
NRSN,2022-03-21,2022-03-18,2022-03-22,2022-04-05,VALID,True,A,0001875091,SEC_TICKERS,False,False,False,False,0,2021-12-09,2023-12-29,0,True,0001875091,[],[],False,False,False,,False,False,,False,False,False,False,2834,2834,XBI,XBI,XBI
Y,2022-03-21,2022-03-18,2022-03-22,2022-04-05,VALID,False,C,0000775368,FORM345_TICKER,False,False,False,False,0,2018-11-01,2022-10-18,0,True,0000775368,[],[],True,False,False,0000775368,True,False,,False,True,False,False,6331,6331,XLF,XLF,XLF
POLY,2022-03-28,2022-03-25,2022-03-29,2022-04-12,VALID,True,AC,0000914025,FORM345_TICKER,False,False,False,False,0,2018-11-01,2022-08-26,0,True,0000914025,[],[],True,False,False,0000914025,False,False,,False,True,False,False,3661,3661,XLI,XLI,XLI
STAA,2022-03-28,2022-03-25,2022-03-29,2022-04-12,VALID,True,A,0000718937,SEC_TICKERS,False,False,False,False,0,2018-11-01,2023-12-29,0,True,0000718937,[],[],True,False,False,0000718937,False,False,,False,True,False,False,3851,3851,XLV,XLV,XLV
LOVE,2022-03-29,2022-03-28,2022-03-30,2022-04-13,VALID,True,A,0001701758,SEC_TICKERS,False,False,False,False,0,2018-11-01,2023-12-29,0,True,0001701758,[],[],True,False,False,0001701758,False,False,,False,True,False,False,5712,5712,SPY,SPY,SPY
ADGI,2022-03-30,2022-03-29,2022-03-31,2022-04-14,VALID,True,B,0001832038,RENAME_CHAIN_FWD,False,False,False,False,0,2021-08-06,2022-09-12,0,True,0001832038,[],[],True,False,False,0001832038,False,False,,False,True,False,False,2836,2836,XBI,XBI,XBI
IVVD,2022-03-30,2022-03-29,2022-03-31,2022-04-14,VALID,True,A,0001832038,SEC_TICKERS,False,False,False,False,0,2021-08-06,2023-12-29,0,False,,[],"[[""2022-09-13"", ""ADGI""]]",False,False,True,,False,False,,False,True,False,False,2836,2836,SPY,XBI,XBI
MLKN,2022-03-30,2022-03-29,2022-03-31,2022-04-14,VALID,True,A,0000066382,SEC_TICKERS,False,False,False,False,0,2018-11-01,2023-12-29,0,True,0000066382,[],[],True,False,False,0000066382,False,False,,False,True,False,False,2520,2520,SPY,SPY,SPY
VIR,2022-03-30,2022-03-29,2022-03-31,2022-04-14,VALID,True,A,0001706431,SEC_TICKERS,False,False,False,False,0,2019-10-11,2023-12-29,0,True,0001706431,[],[],True,False,False,0001706431,False,False,,False,True,False,False,2836,2836,XBI,XBI,XBI
VNET,2022-04-01,2022-03-31,2022-04-04,2022-04-19,VALID,True,A,0001508475,SEC_TICKERS,False,False,False,False,0,2018-11-01,2023-12-29,0,True,0001508475,[],[],False,False,False,,False,False,,False,False,False,False,7370,7370,XLK,XLK,XLK
YMM,2022-04-01,2022-03-31,2022-04-04,2022-04-19,VALID,True,A,0001838413,SEC_TICKERS,False,False,False,False,0,2021-06-22,2023-12-29,0,True,0001838413,[],[],False,False,False,,False,False,,False,False,False,False,7372,7372,XLK,XLK,XLK
JMIA,2022-04-04,2022-04-01,2022-04-05,2022-04-20,VALID,True,A,0001756708,SEC_TICKERS,False,False,False,False,0,2019-04-12,2023-12-29,0,True,0001756708,[],[],False,False,False,,False,False,,False,False,False,False,5961,5961,SPY,SPY,SPY
RCUS,2022-04-05,2022-04-04,2022-04-06,2022-04-21,VALID,True,A,0001724521,SEC_TICKERS,False,False,False,False,0,2018-11-01,2023-12-29,0,True,0001724521,[],[],True,False,False,0001724521,False,False,,False,True,False,False,2834,2834,XBI,XBI,XBI
SBFM,2022-04-05,2022-04-04,2022-04-06,2022-04-21,VALID,True,A,0001402328,SEC_TICKERS,False,False,False,False,0,2022-02-15,2023-12-29,0,True,0001402328,[],[],True,False,False,0001402328,False,False,,False,True,False,False,2834,2834,XBI,XBI,XBI
SST,2022-04-05,2022-04-04,2022-04-06,2022-04-21,VALID,True,A,0001805833,SEC_TICKERS,False,False,False,False,0,2020-08-07,2023-12-29,0,True,0001805833,[],[],True,False,False,0001805833,False,False,,False,True,False,False,7370,7370,XLK,XLK,XLK
ARRY,2022-04-06,2022-04-05,2022-04-07,2022-04-22,VALID,True,A,0001820721,SEC_TICKERS,False,False,False,False,0,2020-10-15,2023-12-29,0,True,0001820721,[],[],True,False,False,0001820721,False,False,,False,True,False,False,3674,3990,XLI,XLI,SPY
CDK,2022-04-07,2022-04-06,2022-04-08,2022-04-25,VALID,True,AC,0001609702,FORM345_TICKER,False,False,False,False,0,2018-11-01,2022-07-05,0,True,0001609702,[],[],True,False,False,0001609702,False,False,,False,True,False,False,7389,7389,SPY,SPY,SPY
CMBT,2022-04-07,2022-04-06,2022-04-08,2022-04-25,VALID,True,A,0001604481,SEC_TICKERS,False,False,False,False,0,2018-11-01,2023-12-29,0,True,0001604481,[],[],False,False,False,,False,False,,False,False,False,False,4412,4412,SPY,SPY,SPY
SST,2022-04-07,2022-04-06,2022-04-08,2022-04-25,VALID,True,A,0001805833,SEC_TICKERS,False,False,False,False,0,2020-08-07,2023-12-29,0,True,0001805833,[],[],True,False,False,0001805833,False,False,,False,True,False,False,7370,7370,XLK,XLK,XLK
WDFC,2022-04-08,2022-04-07,2022-04-11,2022-04-26,VALID,True,A,0000105132,SEC_TICKERS,False,False,False,False,0,2018-11-01,2023-12-29,0,True,0000105132,[],[],True,False,False,0000105132,False,False,,False,True,False,False,2890,2890,SPY,SPY,SPY
MSP,2022-04-11,2022-04-08,2022-04-12,2022-04-27,VALID,True,AC,0001724570,FORM345_TICKER,False,False,False,False,0,2020-10-21,2022-06-22,495,True,0001724570,[],[],True,False,False,0001724570,False,False,,False,True,False,False,7372,7372,XLK,XLK,XLK
VNET,2022-04-11,2022-04-08,2022-04-12,2022-04-27,VALID,True,A,0001508475,SEC_TICKERS,False,False,False,False,0,2018-11-01,2023-12-29,0,True,0001508475,[],[],False,False,False,,False,False,,False,False,False,False,7370,7370,XLK,XLK,XLK
ATRS,2022-04-13,2022-04-12,2022-04-14,2022-04-29,VALID,True,AC,0001016169,FORM345_TICKER,False,False,False,False,0,2018-11-01,2022-05-23,0,True,0001016169,[],[],True,False,False,0001016169,False,False,,False,True,False,False,3841,3841,XLV,XLV,XLV
SRRA,2022-04-13,2022-04-12,2022-04-14,2022-04-29,VALID,True,AC,0001290149,FORM345_TICKER,False,False,False,False,0,2018-11-01,2022-06-30,0,True,0001290149,[],[],True,False,False,0001290149,False,False,,False,True,False,False,2834,2834,XBI,XBI,XBI
RAD,2022-04-14,2022-04-13,2022-04-18,2022-05-02,VALID,False,B,0000084129,FORM345_TICKER,False,False,False,False,0,2019-04-22,2023-10-13,1,True,0000084129,[],[],True,False,False,0000084129,True,False,1996-01-02,True,True,False,False,5912,5912,SPY,SPY,SPY
AXSM,2022-04-19,2022-04-18,2022-04-20,2022-05-04,VALID,True,A,0001579428,SEC_TICKERS,False,False,False,False,0,2018-11-01,2023-12-29,0,True,0001579428,[],[],True,False,False,0001579428,False,False,,False,True,False,False,2834,2834,XBI,XBI,XBI
KLRS,2022-04-20,2022-04-19,2022-04-21,2022-05-05,VALID,True,A,0001754068,SEC_TICKERS,False,False,False,False,0,2020-07-30,2023-12-29,0,False,,[],"[[""2025-03-19"", ""ALVR""]]",False,False,False,,False,False,,False,True,False,False,2836,2836,SPY,XBI,XBI
NBP,2022-04-20,2022-04-19,2022-04-21,2022-05-05,VALID,True,A,0001778016,SEC_TICKERS,False,False,False,False,0,2020-01-17,2023-12-29,0,False,,[],"[[""2025-10-30"", ""IMAB""]]",False,False,False,,False,False,,False,False,False,False,2834,2834,SPY,XBI,XBI
LBRT,2022-04-21,2022-04-20,2022-04-22,2022-05-06,VALID,True,A,0001694028,SEC_TICKERS,False,False,False,False,0,2018-11-01,2023-12-29,0,True,0001694028,[],[],True,False,False,0001694028,False,False,,False,True,False,False,1389,1389,XLE,XLE,XLE
BBAI,2022-04-25,2022-04-22,2022-04-26,2022-05-10,VALID,True,A,0001836981,SEC_TICKERS,False,False,False,False,0,2021-04-05,2023-12-29,342,True,0001836981,[],[],True,False,False,0001836981,False,False,,False,True,False,False,7372,7372,XLK,XLK,XLK
PSB,2022-04-25,2022-04-22,2022-04-26,2022-05-10,VALID,True,AC,0000870576,UNIQUE_NAME_MATCH,False,False,False,False,0,2018-11-01,2022-07-19,0,True,0000870576,[],[],False,True,False,0000866368,False,False,,False,False,False,False,6798,6798,XLF,XLF,XLF
ALKS,2022-04-27,2022-04-26,2022-04-28,2022-05-12,VALID,True,A,0001520262,SEC_TICKERS,False,False,False,False,0,2018-11-02,2023-12-29,2,True,0001520262,[],[],True,False,False,0001520262,False,False,,False,True,False,False,2834,2834,XBI,XBI,XBI
JBTM,2022-04-27,2022-04-26,2022-04-28,2022-05-12,VALID,True,A,0001433660,SEC_TICKERS,False,False,False,False,0,2018-11-01,2023-12-29,0,False,,[],"[[""2025-01-03"", ""JBT""]]",False,False,False,,False,False,,False,True,False,False,3550,3550,SPY,SPY,SPY
VRT,2022-04-27,2022-04-26,2022-04-28,2022-05-12,VALID,True,A,0001674101,SEC_TICKERS,False,False,False,False,0,2018-11-02,2023-12-29,18,True,0001674101,[],[],True,False,False,0001674101,False,False,2026-03-23,False,True,False,False,3679,3679,XLI,XLI,XLI
ZNTL,2022-04-27,2022-04-26,2022-04-28,2022-05-12,VALID,True,A,0001725160,SEC_TICKERS,False,False,False,False,0,2020-04-03,2023-12-29,0,True,0001725160,[],[],True,False,False,0001725160,False,False,,False,True,False,False,2834,2834,XBI,XBI,XBI
HAPN,2022-04-28,2022-04-27,2022-04-29,2022-05-13,VALID,True,A,0001409970,SEC_TICKERS,False,False,False,False,0,2018-11-01,2023-12-29,0,False,,[],"[[""2026-06-22"", ""LC""]]",False,False,False,,False,False,,False,True,False,False,6141,6141,SPY,XLF,XLF
MXL,2022-04-28,2022-04-27,2022-04-29,2022-05-13,VALID,True,A,0001288469,SEC_TICKERS,False,False,False,False,0,2018-11-01,2023-12-29,0,True,0001288469,[],[],True,False,False,0001288469,False,False,,False,True,False,False,3674,3674,XLI,XLI,XLI
PTC,2022-04-28,2022-04-27,2022-04-29,2022-05-13,VALID,True,AD,0000857005,SEC_TICKERS,False,False,False,False,0,2018-11-01,2023-12-29,0,True,0000857005,[],[],True,False,False,0000857005,False,True,1997-04-03,True,True,False,False,7372,7372,XLK,XLK,XLK
UPWK,2022-04-28,2022-04-27,2022-04-29,2022-05-13,VALID,True,A,0001627475,SEC_TICKERS,False,False,False,False,0,2018-11-01,2023-12-29,0,True,0001627475,[],[],True,False,False,0001627475,False,False,,False,True,False,False,7374,7374,XLK,XLK,XLK
BZ,2022-04-29,2022-04-28,2022-05-02,2022-05-16,VALID,True,A,0001842827,SEC_TICKERS,False,False,False,False,0,2021-06-11,2023-12-29,0,True,0001842827,[],[],False,False,False,,False,False,,False,False,False,False,7370,7370,XLK,XLK,XLK
GDS,2022-04-29,2022-04-28,2022-05-02,2022-05-16,VALID,True,A,0001526125,SEC_TICKERS,False,False,False,False,0,2018-11-01,2023-12-29,0,True,0001526125,[],[],False,False,False,,False,False,,False,False,False,False,7370,7370,XLK,XLK,XLK
HUBG,2022-04-29,2022-04-28,2022-05-02,2022-05-16,VALID,True,A,0000940942,SEC_TICKERS,False,False,False,False,0,2018-11-01,2023-12-29,0,True,0000940942,[],[],True,False,False,0000940942,False,False,,False,True,False,False,4731,4731,SPY,SPY,SPY
LNTH,2022-04-29,2022-04-28,2022-05-02,2022-05-16,VALID,True,A,0001521036,SEC_TICKERS,False,False,False,False,0,2018-11-01,2023-12-29,0,True,0001521036,[],[],True,False,False,0001521036,False,False,,False,True,False,False,2835,2835,XBI,XBI,XBI
MHK,2022-04-29,2022-04-28,2022-05-02,2022-05-16,VALID,True,AD,0000851968,SEC_TICKERS,False,False,False,False,0,2018-11-01,2023-12-29,0,True,0000851968,[],[],True,False,False,0000851968,False,True,2013-12-23,True,True,False,False,2273,2273,SPY,SPY,SPY
RDBX,2022-04-29,2022-04-28,2022-05-02,2022-05-16,VALID,True,AC,0001820201,FORM345_TICKER,False,False,False,False,0,2021-10-25,2022-08-10,0,True,0001820201,[],[],True,False,False,0001820201,False,False,,False,True,False,False,7841,7841,SPY,SPY,SPY
YMM,2022-04-29,2022-04-28,2022-05-02,2022-05-16,VALID,True,A,0001838413,SEC_TICKERS,False,False,False,False,0,2021-06-22,2023-12-29,0,True,0001838413,[],[],False,False,False,,False,False,,False,False,False,False,7372,7372,XLK,XLK,XLK
HTH,2022-05-02,2022-04-29,2022-05-03,2022-05-17,VALID,True,A,0001265131,SEC_TICKERS,False,False,False,False,0,2018-11-01,2023-12-29,0,True,0001265131,[],[],True,False,False,0001265131,False,False,,False,True,False,False,6022,6022,XLF,XLF,XLF
ATKR,2022-05-03,2022-05-02,2022-05-04,2022-05-18,VALID,True,A,0001666138,SEC_TICKERS,False,False,False,False,0,2018-11-01,2023-12-29,0,True,0001666138,[],[],True,False,False,0001666138,False,False,,False,True,False,False,3690,3690,XLI,XLI,XLI
LITE,2022-05-04,2022-05-03,2022-05-05,2022-05-19,VALID,True,A,0001633978,SEC_TICKERS,False,False,False,False,0,2018-11-01,2023-12-29,0,True,0001633978,[],[],True,False,False,0001633978,False,False,2026-03-23,False,True,False,False,3669,3669,XLI,XLI,XLI
SMCI,2022-05-04,2022-05-03,2022-05-05,2022-05-19,VALID,True,A,0001375365,SEC_TICKERS,False,False,False,False,0,2020-01-14,2023-12-29,300,True,0001375365,[],[],True,False,False,0001375365,False,False,2024-03-18,False,True,False,False,3571,3571,XLK,XLK,XLK
ICPT,2022-05-05,2022-05-04,2022-05-06,2022-05-20,VALID,False,C,0001270073,FORM345_TICKER,False,False,False,False,0,2018-11-01,2023-11-07,2,True,0001270073,[],[],True,False,False,0001270073,True,False,,False,True,False,False,2834,2834,XBI,XBI,XBI
STAA,2022-05-05,2022-05-04,2022-05-06,2022-05-20,VALID,True,A,0000718937,SEC_TICKERS,False,False,False,False,0,2018-11-01,2023-12-29,0,True,0000718937,[],[],True,False,False,0000718937,False,False,,False,True,False,False,3851,3851,XLV,XLV,XLV
VISN,2022-05-05,2022-05-04,2022-05-06,2022-05-20,VALID,True,A,0001517228,SEC_TICKERS,False,False,False,False,0,2018-11-01,2023-12-29,0,False,,[],"[[""2026-01-14"", ""COMM""]]",False,False,False,,False,False,,False,True,False,False,3663,3663,SPY,XLI,XLI
CCXI,2022-05-06,2022-05-05,2022-05-09,2022-05-23,VALID,True,AC,0002074973,SEC_TICKERS,False,False,False,False,0,2018-11-01,2022-10-19,1,True,0002074973,[],[],False,True,False,0001340652,False,False,,False,False,False,False,3569,3569,SPY,SPY,SPY
IRTC,2022-05-06,2022-05-05,2022-05-09,2022-05-23,VALID,True,A,0001388658,SEC_TICKERS,False,False,False,False,0,2018-11-01,2023-12-29,0,True,0001388658,[],[],True,False,False,0001388658,False,False,,False,True,False,False,3841,3841,XLV,XLV,XLV
ONC,2022-05-10,2022-05-09,2022-05-11,2022-05-25,VALID,True,A,0001651308,SEC_TICKERS,False,False,False,False,0,2018-11-01,2023-12-29,0,False,,[],"[[""2025-01-02"", ""BGNE""]]",False,False,False,,False,False,,False,True,False,False,2834,2834,SPY,XBI,XBI
RCUS,2022-05-10,2022-05-09,2022-05-11,2022-05-25,VALID,True,A,0001724521,SEC_TICKERS,False,False,False,False,0,2018-11-01,2023-12-29,0,True,0001724521,[],[],True,False,False,0001724521,False,False,,False,True,False,False,2834,2834,XBI,XBI,XBI
TREX,2022-05-10,2022-05-09,2022-05-11,2022-05-25,VALID,True,A,0001069878,SEC_TICKERS,False,False,False,False,0,2018-11-01,2023-12-29,0,True,0001069878,[],[],True,False,False,0001069878,False,False,,False,True,False,False,2400,2400,SPY,SPY,SPY
CALY,2022-05-11,2022-05-10,2022-05-12,2022-05-26,VALID,True,A,0000837465,UNIQUE_NAME_MATCH,False,False,False,False,0,2018-11-01,2023-12-29,0,False,,[],"[[""2026-01-16"", ""MODG""]]",False,False,False,,False,False,,False,True,False,False,3949,3949,SPY,SPY,SPY
CELH,2022-05-11,2022-05-10,2022-05-12,2022-05-26,VALID,True,A,0001341766,SEC_TICKERS,False,False,False,False,0,2018-11-01,2023-12-29,0,True,0001341766,[],[],True,False,False,0001341766,False,False,,False,True,False,False,2086,2086,SPY,SPY,SPY
ELY,2022-05-11,2022-05-10,2022-05-12,2022-05-26,VALID,False,B,0000837465,RENAME_CHAIN_FWD,False,False,False,False,0,2018-11-01,2022-09-06,0,True,0000837465,[],[],True,False,False,0000837465,True,False,,False,True,False,False,3949,3949,SPY,SPY,SPY
GO,2022-05-11,2022-05-10,2022-05-12,2022-05-26,VALID,True,A,0001771515,SEC_TICKERS,False,False,False,False,0,2019-06-20,2023-12-29,0,True,0001771515,[],[],True,False,False,0001771515,False,False,,False,True,False,False,5411,5411,SPY,SPY,SPY
ENVX,2022-05-12,2022-05-11,2022-05-13,2022-05-27,VALID,True,A,0001828318,SEC_TICKERS,False,False,False,False,0,2021-01-05,2023-12-29,0,True,0001828318,[],[],True,False,False,0001828318,False,False,,False,True,False,False,3690,3690,XLI,XLI,XLI
AOSL,2022-05-13,2022-05-12,2022-05-16,2022-05-31,VALID,True,A,0001387467,SEC_TICKERS,False,False,False,False,0,2018-11-01,2023-12-29,0,True,0001387467,[],[],True,False,False,0001387467,False,False,,False,True,False,False,3674,3674,XLI,XLI,XLI
DUOL,2022-05-13,2022-05-12,2022-05-16,2022-05-31,VALID,True,A,0001562088,SEC_TICKERS,False,False,False,False,0,2021-07-28,2023-12-29,0,True,0001562088,[],[],True,False,False,0001562088,False,False,,False,True,False,False,7372,7372,XLK,XLK,XLK
EDR,2022-05-13,2022-05-12,2022-05-16,2022-05-31,VALID,True,A,0001766363,FORM345_TICKER,False,False,False,False,0,2021-04-29,2023-12-29,625,True,0001766363,[],[],True,False,False,0001766363,False,False,,False,True,False,False,7900,7900,SPY,SPY,SPY
MANT,2022-05-16,2022-05-13,2022-05-17,2022-06-01,VALID,True,AC,0000892537,FORM345_TICKER,False,False,False,False,0,2018-11-01,2022-09-13,0,True,0000892537,[],[],True,False,False,0000892537,False,False,,False,True,False,False,8741,8741,SPY,SPY,SPY
JMIA,2022-05-17,2022-05-16,2022-05-18,2022-06-02,VALID,True,A,0001756708,SEC_TICKERS,False,False,False,False,0,2019-04-12,2023-12-29,0,True,0001756708,[],[],False,False,False,,False,False,,False,False,False,False,5961,5961,SPY,SPY,SPY
ONON,2022-05-17,2022-05-16,2022-05-18,2022-06-02,VALID,True,A,0001858985,SEC_TICKERS,False,False,False,False,0,2021-09-15,2023-12-29,0,True,0001858985,[],[],False,False,False,,False,False,,False,False,False,False,3021,3021,SPY,SPY,SPY
DLO,2022-05-18,2022-05-17,2022-05-19,2022-06-03,VALID,True,A,0001846832,SEC_TICKERS,False,False,False,False,0,2021-06-03,2023-12-29,0,True,0001846832,[],[],False,False,False,,False,False,,False,False,False,False,7389,7389,SPY,SPY,SPY
EBS,2022-05-19,2022-05-18,2022-05-20,2022-06-06,VALID,True,A,0001367644,SEC_TICKERS,False,False,False,False,0,2018-11-01,2023-12-29,0,True,0001367644,[],[],True,False,False,0001367644,False,False,,False,True,False,False,2834,2834,XBI,XBI,XBI
CVET,2022-05-20,2022-05-19,2022-05-23,2022-06-07,VALID,False,C,0001752836,FORM345_TICKER,False,False,False,False,0,2019-02-08,2022-10-12,0,True,0001752836,[],[],True,False,False,0001752836,True,False,,False,True,False,False,5912,5912,SPY,SPY,SPY
EBS,2022-05-23,2022-05-20,2022-05-24,2022-06-08,VALID,True,A,0001367644,SEC_TICKERS,False,False,False,False,0,2018-11-01,2023-12-29,0,True,0001367644,[],[],True,False,False,0001367644,False,False,,False,True,False,False,2834,2834,XBI,XBI,XBI
CAL,2022-05-25,2022-05-24,2022-05-26,2022-06-10,VALID,True,A,0000014707,SEC_TICKERS,False,False,False,False,0,2018-11-01,2023-12-29,0,True,0000014707,[],[],True,False,False,0000014707,False,False,1996-01-02,True,True,False,False,3140,3140,SPY,SPY,SPY
DY,2022-05-25,2022-05-24,2022-05-26,2022-06-10,VALID,True,A,0000067215,SEC_TICKERS,False,False,False,False,0,2018-11-01,2023-12-29,0,True,0000067215,[],[],True,False,False,0000067215,False,False,,False,True,False,False,1623,1623,SPY,SPY,SPY
PMVP,2022-05-27,2022-05-26,2022-05-31,2022-06-14,VALID,True,A,0001699382,SEC_TICKERS,False,False,False,False,0,2020-09-25,2023-12-29,0,True,0001699382,[],[],True,False,False,0001699382,False,False,,False,True,False,False,2834,2834,XBI,XBI,XBI
INDO,2022-05-31,2022-05-27,2022-06-01,2022-06-15,VALID,True,A,0001757840,SEC_TICKERS,False,False,False,False,0,2019-12-19,2023-12-29,8,True,0001757840,[],[],False,False,False,,False,False,,False,False,False,False,1311,1311,XLE,XLE,XLE
ARRY,2022-06-06,2022-06-03,2022-06-07,2022-06-22,VALID,True,A,0001820721,SEC_TICKERS,False,False,False,False,0,2020-10-15,2023-12-29,0,True,0001820721,[],[],True,False,False,0001820721,False,False,,False,True,False,False,3674,3990,XLI,XLI,SPY
BZ,2022-06-06,2022-06-03,2022-06-07,2022-06-22,VALID,True,A,0001842827,SEC_TICKERS,False,False,False,False,0,2021-06-11,2023-12-29,0,True,0001842827,[],[],False,False,False,,False,False,,False,False,False,False,7370,7370,XLK,XLK,XLK
SHLS,2022-06-06,2022-06-03,2022-06-07,2022-06-22,VALID,True,A,0001831651,SEC_TICKERS,False,False,False,False,0,2021-01-27,2023-12-29,0,True,0001831651,[],[],True,False,False,0001831651,False,False,,False,True,False,False,3674,3674,XLI,XLI,XLI
YMM,2022-06-06,2022-06-03,2022-06-07,2022-06-22,VALID,True,A,0001838413,SEC_TICKERS,False,False,False,False,0,2021-06-22,2023-12-29,0,True,0001838413,[],[],False,False,False,,False,False,,False,False,False,False,7372,7372,XLK,XLK,XLK
GTLB,2022-06-07,2022-06-06,2022-06-08,2022-06-23,VALID,True,A,0001653482,SEC_TICKERS,False,False,False,False,0,2021-10-14,2023-12-29,0,True,0001653482,[],[],True,False,False,0001653482,False,False,,False,True,False,False,7372,7372,XLK,XLK,XLK
YMM,2022-06-08,2022-06-07,2022-06-09,2022-06-24,VALID,True,A,0001838413,SEC_TICKERS,False,False,False,False,0,2021-06-22,2023-12-29,0,True,0001838413,[],[],False,False,False,,False,False,,False,False,False,False,7372,7372,XLK,XLK,XLK
COGT,2022-06-10,2022-06-09,2022-06-13,2022-06-28,VALID,True,A,0001622229,SEC_TICKERS,False,False,False,False,0,2018-11-01,2023-12-29,0,True,0001622229,[],[],True,False,False,0001622229,False,False,,False,True,False,False,2834,2834,XBI,XBI,XBI
EDU,2022-06-10,2022-06-09,2022-06-13,2022-06-28,VALID,True,A,0001372920,SEC_TICKERS,False,False,False,False,0,2018-11-01,2023-12-29,0,True,0001372920,[],[],False,False,False,,False,False,,False,False,False,False,8200,8200,SPY,SPY,SPY
EDU,2022-06-13,2022-06-10,2022-06-14,2022-06-29,VALID,True,A,0001372920,SEC_TICKERS,False,False,False,False,0,2018-11-01,2023-12-29,0,True,0001372920,[],[],False,False,False,,False,False,,False,False,False,False,8200,8200,SPY,SPY,SPY
BRZE,2022-06-14,2022-06-13,2022-06-15,2022-06-30,VALID,True,A,0001676238,SEC_TICKERS,False,False,False,False,0,2021-11-17,2023-12-29,0,True,0001676238,[],[],True,False,False,0001676238,False,False,,False,True,False,False,7372,7372,XLK,XLK,XLK
EYE,2022-06-14,2022-06-13,2022-06-15,2022-06-30,VALID,True,A,0001710155,SEC_TICKERS,False,False,False,False,0,2018-11-01,2023-12-29,0,True,0001710155,[],[],True,False,False,0001710155,False,False,,False,True,False,False,3851,3851,XLV,XLV,XLV
INDO,2022-06-14,2022-06-13,2022-06-15,2022-06-30,VALID,True,A,0001757840,SEC_TICKERS,False,False,False,False,0,2019-12-19,2023-12-29,8,True,0001757840,[],[],False,False,False,,False,False,,False,False,False,False,1311,1311,XLE,XLE,XLE
SIDU,2022-06-16,2022-06-15,2022-06-17,2022-07-05,VALID,True,A,0001879726,SEC_TICKERS,False,False,False,False,0,2021-12-14,2023-12-29,0,True,0001879726,[],[],True,False,False,0001879726,False,False,,False,True,False,False,4812,4812,SPY,SPY,SPY
ONC,2022-06-21,2022-06-17,2022-06-22,2022-07-07,VALID,True,A,0001651308,SEC_TICKERS,False,False,False,False,0,2018-11-01,2023-12-29,0,False,,[],"[[""2025-01-02"", ""BGNE""]]",False,False,False,,False,False,,False,True,False,False,2834,2834,SPY,XBI,XBI
PTCT,2022-06-21,2022-06-17,2022-06-22,2022-07-07,VALID,True,A,0001070081,SEC_TICKERS,False,False,False,False,0,2018-11-01,2023-12-29,0,True,0001070081,[],[],True,False,False,0001070081,False,False,,False,True,False,False,2834,2834,XBI,XBI,XBI
FLNG,2022-06-23,2022-06-22,2022-06-24,2022-07-11,VALID,True,A,0001772253,SEC_TICKERS,False,False,False,False,0,2019-06-17,2023-12-29,2,True,0001772253,[],[],False,False,False,,False,False,,False,False,False,False,4400,4400,SPY,SPY,SPY
AXSM,2022-06-27,2022-06-24,2022-06-28,2022-07-13,VALID,True,A,0001579428,SEC_TICKERS,False,False,False,False,0,2018-11-01,2023-12-29,0,True,0001579428,[],[],True,False,False,0001579428,False,False,,False,True,False,False,2834,2834,XBI,XBI,XBI
HTHT,2022-06-28,2022-06-27,2022-06-29,2022-07-14,VALID,True,A,0001483994,SEC_TICKERS,False,False,False,False,0,2018-11-01,2023-12-29,0,True,0001483994,[],[],False,False,False,,False,False,,False,False,False,False,7011,7011,SPY,SPY,SPY
MLCO,2022-06-28,2022-06-27,2022-06-29,2022-07-14,VALID,True,A,0001381640,SEC_TICKERS,False,False,False,False,0,2018-11-01,2023-12-29,0,True,0001381640,[],[],False,False,False,,False,False,,False,False,False,False,7011,7011,SPY,SPY,SPY
ASPN,2022-06-30,2022-06-29,2022-07-01,2022-07-18,VALID,True,A,0001145986,SEC_TICKERS,False,False,False,False,0,2018-11-01,2023-12-29,0,True,0001145986,[],[],True,False,False,0001145986,False,False,,False,True,False,False,5030,5030,SPY,SPY,SPY
COWN,2022-07-05,2022-07-01,2022-07-06,2022-07-20,VALID,False,C,0001466538,FORM345_TICKER,False,False,False,False,0,2018-11-01,2023-02-28,0,True,0001466538,[],[],True,False,False,0001466538,True,False,,False,True,False,False,6211,6211,XLF,XLF,XLF
RFP,2022-07-06,2022-07-05,2022-07-07,2022-07-21,VALID,False,C,0001393066,FORM345_TICKER,False,False,False,False,0,2018-11-01,2023-02-28,0,True,0001393066,[],[],True,False,False,0001393066,True,False,,False,True,False,False,2621,2621,SPY,SPY,SPY
FFAI,2022-07-07,2022-07-06,2022-07-08,2022-07-22,VALID,True,A,0001805521,SEC_TICKERS,False,False,False,False,0,2020-09-10,2023-12-29,247,False,,[],"[[""2025-03-10"", ""FFIE""]]",False,False,False,,False,False,,False,True,False,False,3711,3711,SPY,XLI,XLI
IRTC,2022-07-08,2022-07-07,2022-07-11,2022-07-25,VALID,True,A,0001388658,SEC_TICKERS,False,False,False,False,0,2018-11-01,2023-12-29,0,True,0001388658,[],[],True,False,False,0001388658,False,False,,False,True,False,False,3841,3841,XLV,XLV,XLV
SRG,2022-07-08,2022-07-07,2022-07-11,2022-07-25,VALID,True,A,0001628063,SEC_TICKERS,False,False,False,False,0,2018-11-01,2023-12-29,0,True,0001628063,[],[],True,False,False,0001628063,False,False,,False,True,False,False,6500,6500,XLF,XLF,XLF
DJT,2022-07-11,2022-07-08,2022-07-12,2022-07-26,VALID,True,A,0001849635,SEC_TICKERS,False,False,False,False,0,2021-09-30,2023-12-29,732,False,,[],"[[""2024-03-26"", ""DWAC""]]",False,False,False,,False,False,,False,True,False,False,7370,7370,SPY,XLK,XLK
PLRX,2022-07-11,2022-07-08,2022-07-12,2022-07-26,VALID,True,A,0001746473,SEC_TICKERS,False,False,False,False,0,2020-06-03,2023-12-29,0,True,0001746473,[],[],True,False,False,0001746473,False,False,,False,True,False,False,2834,2834,XBI,XBI,XBI
INMD,2022-07-12,2022-07-11,2022-07-13,2022-07-27,VALID,True,A,0001742692,SEC_TICKERS,False,False,False,False,0,2019-08-08,2023-12-29,0,True,0001742692,[],[],False,False,False,,False,False,,False,False,False,False,3845,3845,XLV,XLV,XLV
ALLO,2022-07-15,2022-07-14,2022-07-18,2022-08-01,VALID,True,A,0001737287,SEC_TICKERS,False,False,False,False,0,2018-11-01,2023-12-29,0,True,0001737287,[],[],True,False,False,0001737287,False,False,,False,True,False,False,2836,2836,XBI,XBI,XBI
LPX,2022-07-19,2022-07-18,2022-07-20,2022-08-03,VALID,True,A,0000060519,SEC_TICKERS,False,False,False,False,0,2018-11-01,2023-12-29,0,True,0000060519,[],[],True,False,False,0000060519,False,False,1996-01-02,True,True,False,False,2400,2400,SPY,SPY,SPY
SI,2022-07-19,2022-07-18,2022-07-20,2022-08-03,VALID,True,A,0001699350,SEC_TICKERS,False,False,False,False,0,2019-11-07,2023-05-10,0,True,0001699350,[],[],False,True,False,0001312109,False,False,,False,False,False,False,3841,3841,XLV,XLV,XLV
WFG,2022-07-19,2022-07-18,2022-07-20,2022-08-03,VALID,True,A,0001402388,SEC_TICKERS,False,False,False,False,0,2021-02-01,2023-12-29,0,True,0001402388,[],[],False,False,False,,False,False,,False,False,False,False,2421,2421,SPY,SPY,SPY
SMCI,2022-07-21,2022-07-20,2022-07-22,2022-08-05,VALID,True,A,0001375365,SEC_TICKERS,False,False,False,False,0,2020-01-14,2023-12-29,300,True,0001375365,[],[],True,False,False,0001375365,False,False,2024-03-18,False,True,False,False,3571,3571,XLK,XLK,XLK
HNGR,2022-07-22,2022-07-21,2022-07-25,2022-08-08,VALID,False,C,0000722723,FORM345_TICKER,False,False,False,False,0,2018-11-01,2022-09-30,0,True,0000722723,[],[],True,False,False,0000722723,True,False,,False,True,False,False,8093,8093,SPY,SPY,SPY
NOVT,2022-07-22,2022-07-21,2022-07-25,2022-08-08,VALID,True,A,0001076930,SEC_TICKERS,False,False,False,False,0,2018-11-01,2023-12-29,0,True,0001076930,[],[],True,False,False,0001076930,False,False,,False,True,False,False,3690,3690,XLI,XLI,XLI
LBRT,2022-07-26,2022-07-25,2022-07-27,2022-08-10,VALID,True,A,0001694028,SEC_TICKERS,False,False,False,False,0,2018-11-01,2023-12-29,0,True,0001694028,[],[],True,False,False,0001694028,False,False,,False,True,False,False,1389,1389,XLE,XLE,XLE
SHLX,2022-07-26,2022-07-25,2022-07-27,2022-08-10,VALID,False,C,0001610466,FORM345_TICKER,False,False,False,False,0,2018-11-01,2022-10-18,0,True,0001610466,[],[],True,False,False,0001610466,True,False,,False,True,False,False,4610,4610,SPY,SPY,SPY
AERC,2022-07-27,2022-07-26,2022-07-28,2022-08-11,VALID,False,B,0001872356,FORM345_TICKER,False,False,False,False,0,2021-11-24,2023-01-11,0,True,0001872356,[],[],True,False,False,0001872356,True,False,,False,True,False,False,3564,3564,SPY,SPY,SPY
MKUL,2022-07-27,2022-07-26,2022-07-28,2022-08-11,VALID,False,B,0001872356,FORM345_TICKER,False,False,False,False,0,2021-11-24,2023-10-12,0,False,,[],"[[""2023-01-12"", ""AERC""]]",False,False,True,,True,False,,False,True,False,False,3564,3564,SPY,SPY,SPY
ARRY,2022-07-28,2022-07-27,2022-07-29,2022-08-12,VALID,True,A,0001820721,SEC_TICKERS,False,False,False,False,0,2020-10-15,2023-12-29,0,True,0001820721,[],[],True,False,False,0001820721,False,False,,False,True,False,False,3674,3990,XLI,XLI,SPY
BE,2022-07-28,2022-07-27,2022-07-29,2022-08-12,VALID,True,A,0001664703,SEC_TICKERS,False,False,False,False,0,2018-11-01,2023-12-29,0,True,0001664703,[],[],True,False,False,0001664703,False,False,,False,True,False,False,3620,3620,XLI,XLI,XLI
EVGO,2022-07-28,2022-07-27,2022-07-29,2022-08-12,VALID,True,A,0001821159,SEC_TICKERS,False,False,False,False,0,2020-11-20,2023-12-29,0,True,0001821159,[],[],True,False,False,0001821159,False,False,,False,True,False,False,7500,7500,SPY,SPY,SPY
FLS,2022-07-28,2022-07-27,2022-07-29,2022-08-12,VALID,True,AD,0000030625,SEC_TICKERS,False,False,False,False,0,2018-11-01,2023-12-29,0,True,0000030625,[],[],True,False,False,0000030625,False,False,2008-10-02,True,True,False,False,3561,3561,SPY,SPY,SPY
PI,2022-07-28,2022-07-27,2022-07-29,2022-08-12,VALID,True,A,0001114995,SEC_TICKERS,False,False,False,False,0,2018-11-01,2023-12-29,0,True,0001114995,[],[],True,False,False,0001114995,False,False,,False,True,False,False,3679,3679,XLI,XLI,XLI
SHLS,2022-07-28,2022-07-27,2022-07-29,2022-08-12,VALID,True,A,0001831651,SEC_TICKERS,False,False,False,False,0,2021-01-27,2023-12-29,0,True,0001831651,[],[],True,False,False,0001831651,False,False,,False,True,False,False,3674,3674,XLI,XLI,XLI
STEM,2022-07-28,2022-07-27,2022-07-29,2022-08-12,VALID,True,A,0001758766,SEC_TICKERS,False,False,False,False,0,2020-10-08,2023-12-29,0,True,0001758766,[],[],True,False,False,0001758766,False,False,,False,True,False,False,7373,3690,XLK,XLK,XLI
SRPT,2022-07-29,2022-07-28,2022-08-01,2022-08-15,VALID,True,A,0000873303,SEC_TICKERS,False,False,False,False,0,2018-11-01,2023-12-29,1,True,0000873303,[],[],True,False,False,0000873303,False,False,,False,True,False,False,2834,2834,XBI,XBI,XBI
EVOP,2022-08-01,2022-07-29,2022-08-02,2022-08-16,VALID,False,C,0001704596,FORM345_TICKER,False,False,False,False,0,2018-11-01,2023-03-23,0,True,0001704596,[],[],True,False,False,0001704596,True,False,,False,True,False,False,7389,7389,SPY,SPY,SPY
AMTD,2022-08-02,2022-08-01,2022-08-03,2022-08-17,VALID,True,AC,0001769731,SEC_TICKERS,False,False,False,False,0,2018-11-01,2023-12-29,332,True,0001769731,[],[],False,True,False,0001173431,False,False,,False,False,False,False,6199,6199,XLF,XLF,XLF
HRMY,2022-08-02,2022-08-01,2022-08-03,2022-08-17,VALID,True,A,0001802665,SEC_TICKERS,False,False,False,False,0,2020-08-19,2023-12-29,0,True,0001802665,[],[],True,False,False,0001802665,False,False,,False,True,False,False,2834,2834,XBI,XBI,XBI
EVH,2022-08-03,2022-08-02,2022-08-04,2022-08-18,VALID,True,A,0001628908,SEC_TICKERS,False,False,False,False,0,2018-11-01,2023-12-29,0,True,0001628908,[],[],True,False,False,0001628908,False,False,,False,True,False,False,8741,8741,SPY,SPY,SPY
NTLA,2022-08-03,2022-08-02,2022-08-04,2022-08-18,VALID,True,A,0001652130,SEC_TICKERS,False,False,False,False,0,2018-11-01,2023-12-29,0,True,0001652130,[],[],True,False,False,0001652130,False,False,,False,True,False,False,2835,2835,XBI,XBI,XBI
PING,2022-08-03,2022-08-02,2022-08-04,2022-08-18,VALID,False,C,0001679826,FORM345_TICKER,False,False,False,False,0,2019-09-19,2022-10-17,0,True,0001679826,[],[],True,False,False,0001679826,True,False,,False,True,False,False,7372,7372,XLK,XLK,XLK
UNM,2022-08-03,2022-08-02,2022-08-04,2022-08-18,VALID,True,AD,0000005513,SEC_TICKERS,False,False,False,False,0,2018-11-01,2023-12-29,0,True,0000005513,[],[],True,False,False,0000005513,False,False,1996-01-02,True,True,False,False,6321,6321,XLF,XLF,XLF
BCRX,2022-08-04,2022-08-03,2022-08-05,2022-08-19,VALID,True,A,0000882796,SEC_TICKERS,False,False,False,False,0,2018-11-01,2023-12-29,0,True,0000882796,[],[],True,False,False,0000882796,False,False,,False,True,False,False,2836,2836,XBI,XBI,XBI
CDAY,2022-08-04,2022-08-03,2022-08-05,2022-08-19,VALID,False,D,0001725057,FORM345_TICKER,False,False,False,False,0,2018-11-01,2023-12-29,0,True,0001725057,[],[],True,False,False,0001725057,True,True,2021-09-20,True,True,False,False,7372,7372,XLK,XLK,XLK
GBT,2022-08-04,2022-08-03,2022-08-05,2022-08-19,VALID,False,C,0001629137,FORM345_TICKER,False,False,False,False,0,2018-11-01,2022-10-04,0,True,0001629137,[],[],True,False,False,0001629137,True,False,,False,True,False,False,2834,2834,XBI,XBI,XBI
BHF,2022-08-05,2022-08-04,2022-08-08,2022-08-22,VALID,True,AD,0001685040,SEC_TICKERS,False,False,False,False,0,2018-11-01,2023-12-29,0,True,0001685040,[],[],True,False,False,0001685040,False,False,2017-08-07,True,True,False,False,6311,6311,XLF,XLF,XLF
PCTY,2022-08-05,2022-08-04,2022-08-08,2022-08-22,VALID,True,A,0001591698,SEC_TICKERS,False,False,False,False,0,2018-11-01,2023-12-29,0,True,0001591698,[],[],True,False,False,0001591698,False,False,,False,True,False,False,7372,7372,XLK,XLK,XLK
PGNY,2022-08-05,2022-08-04,2022-08-08,2022-08-22,VALID,True,A,0001551306,SEC_TICKERS,False,False,False,False,0,2019-10-25,2023-12-29,0,True,0001551306,[],[],True,False,False,0001551306,False,False,,False,True,False,False,8090,8090,SPY,SPY,SPY
YELP,2022-08-05,2022-08-04,2022-08-08,2022-08-22,VALID,True,A,0001345016,SEC_TICKERS,False,False,False,False,0,2018-11-01,2023-12-29,0,True,0001345016,[],[],True,False,False,0001345016,False,False,,False,True,False,False,7200,7200,SPY,SPY,SPY
ASAN,2022-08-08,2022-08-05,2022-08-09,2022-08-23,VALID,True,A,0001477720,SEC_TICKERS,False,False,False,False,0,2020-09-30,2023-12-29,0,True,0001477720,[],[],True,False,False,0001477720,False,False,,False,True,False,False,7372,7372,XLK,XLK,XLK
MNDY,2022-08-08,2022-08-05,2022-08-09,2022-08-23,VALID,True,A,0001845338,SEC_TICKERS,False,False,False,False,0,2021-06-10,2023-12-29,0,True,0001845338,[],[],False,False,False,,False,False,,False,False,False,False,7372,7372,XLK,XLK,XLK
QNRX,2022-08-08,2022-08-05,2022-08-09,2022-08-23,VALID,True,A,0001671502,SEC_TICKERS,False,False,False,False,0,2019-02-05,2023-12-29,198,True,0001671502,[],[],False,False,True,,False,False,,False,False,False,False,2834,3841,XBI,XBI,XLV
SGFY,2022-08-08,2022-08-05,2022-08-09,2022-08-23,VALID,False,C,0001828182,FORM345_TICKER,False,False,False,False,0,2021-02-11,2023-03-28,0,True,0001828182,[],[],True,False,False,0001828182,True,False,,False,True,False,False,8082,8082,SPY,SPY,SPY
ZLAB,2022-08-08,2022-08-05,2022-08-09,2022-08-23,VALID,True,A,0001704292,SEC_TICKERS,False,False,False,False,0,2018-11-01,2023-12-29,0,True,0001704292,[],[],True,False,False,0001704292,False,False,,False,True,False,False,2834,2834,XBI,XBI,XBI
GDRX,2022-08-09,2022-08-08,2022-08-10,2022-08-24,VALID,True,A,0001809519,SEC_TICKERS,False,False,False,False,0,2020-09-23,2023-12-29,0,True,0001809519,[],[],True,False,False,0001809519,False,False,,False,True,False,False,7374,7374,XLK,XLK,XLK
LMND,2022-08-09,2022-08-08,2022-08-10,2022-08-24,VALID,True,A,0001691421,SEC_TICKERS,False,False,False,False,0,2020-07-02,2023-12-29,0,True,0001691421,[],[],True,False,False,0001691421,False,False,,False,True,False,False,6331,6331,XLF,XLF,XLF
ARRY,2022-08-10,2022-08-09,2022-08-11,2022-08-25,VALID,True,A,0001820721,SEC_TICKERS,False,False,False,False,0,2020-10-15,2023-12-29,0,True,0001820721,[],[],True,False,False,0001820721,False,False,,False,True,False,False,3674,3990,XLI,XLI,SPY
JMIA,2022-08-10,2022-08-09,2022-08-11,2022-08-25,VALID,True,A,0001756708,SEC_TICKERS,False,False,False,False,0,2019-04-12,2023-12-29,0,True,0001756708,[],[],False,False,False,,False,False,,False,False,False,False,5961,5961,SPY,SPY,SPY
KRNT,2022-08-10,2022-08-09,2022-08-11,2022-08-25,VALID,True,A,0001625791,SEC_TICKERS,False,False,False,False,0,2018-11-01,2023-12-29,0,True,0001625791,[],[],False,False,False,,False,False,,False,False,False,False,3555,3555,SPY,SPY,SPY
WK,2022-08-10,2022-08-09,2022-08-11,2022-08-25,VALID,True,A,0001445305,SEC_TICKERS,False,False,False,False,0,2018-11-01,2023-12-29,0,True,0001445305,[],[],True,False,False,0001445305,False,False,,False,True,False,False,7372,7372,XLK,XLK,XLK
BROS,2022-08-11,2022-08-10,2022-08-12,2022-08-26,VALID,True,A,0001866581,SEC_TICKERS,False,False,False,False,0,2021-09-15,2023-12-29,0,True,0001866581,[],[],True,False,False,0001866581,False,False,,False,True,False,False,5810,5810,SPY,SPY,SPY
DDS,2022-08-11,2022-08-10,2022-08-12,2022-08-26,VALID,True,A,0000028917,SEC_TICKERS,False,False,False,False,0,2018-11-01,2023-12-29,0,True,0000028917,[],[],True,False,False,0000028917,False,False,1996-01-02,True,True,False,False,5311,5311,SPY,SPY,SPY
ENVX,2022-08-11,2022-08-10,2022-08-12,2022-08-26,VALID,True,A,0001828318,SEC_TICKERS,False,False,False,False,0,2021-01-05,2023-12-29,0,True,0001828318,[],[],True,False,False,0001828318,False,False,,False,True,False,False,3690,3690,XLI,XLI,XLI
GOOS,2022-08-11,2022-08-10,2022-08-12,2022-08-26,VALID,True,A,0001690511,SEC_TICKERS,False,False,False,False,0,2018-11-01,2023-12-29,0,True,0001690511,[],[],False,False,False,,False,False,,False,False,False,False,2300,2300,SPY,SPY,SPY
PAYO,2022-08-12,2022-08-11,2022-08-15,2022-08-29,VALID,True,A,0001845815,SEC_TICKERS,False,False,False,False,0,2020-10-16,2023-12-29,0,True,0001845815,[],[],True,False,False,0001845815,False,False,,False,True,False,False,7389,7389,SPY,SPY,SPY
VEEE,2022-08-12,2022-08-11,2022-08-15,2022-08-29,VALID,True,A,0001855509,SEC_TICKERS,False,False,False,False,0,2021-07-21,2023-12-29,1,True,0001855509,[],[],True,False,False,0001855509,False,False,,False,True,False,False,3730,3730,XLI,XLI,XLI
VEEE,2022-08-15,2022-08-12,2022-08-16,2022-08-30,VALID,True,A,0001855509,SEC_TICKERS,False,False,False,False,0,2021-07-21,2023-12-29,1,True,0001855509,[],[],True,False,False,0001855509,False,False,,False,True,False,False,3730,3730,XLI,XLI,XLI
FN,2022-08-16,2022-08-15,2022-08-17,2022-08-31,VALID,True,A,0001408710,SEC_TICKERS,False,False,False,False,0,2018-11-01,2023-12-29,0,True,0001408710,[],[],True,False,False,0001408710,False,False,,False,True,False,False,3661,3661,XLI,XLI,XLI
GLBE,2022-08-16,2022-08-15,2022-08-17,2022-08-31,VALID,True,A,0001835963,SEC_TICKERS,False,False,False,False,0,2021-05-12,2023-12-29,0,True,0001835963,[],[],False,False,False,,False,False,,False,False,False,False,7372,7372,XLK,XLK,XLK
IONQ,2022-08-16,2022-08-15,2022-08-17,2022-08-31,VALID,True,A,0001824920,SEC_TICKERS,False,False,False,False,0,2021-01-04,2023-12-29,0,True,0001824920,[],[],True,False,False,0001824920,False,False,,False,True,False,False,7373,7373,XLK,XLK,XLK
APRN,2022-08-17,2022-08-16,2022-08-18,2022-09-01,VALID,False,C,0001701114,FORM345_TICKER,False,False,False,False,0,2018-11-01,2023-11-10,1,True,0001701114,[],[],True,False,False,0001701114,True,False,,False,True,False,False,5961,5961,SPY,SPY,SPY
BWV,2022-08-17,2022-08-16,2022-08-18,2022-09-01,VALID,True,B,0001782107,RENAME_CHAIN_FWD,False,False,False,False,0,2022-02-18,2023-12-21,830,True,0001782107,[],[],True,False,False,0001782107,False,False,,False,True,False,False,2834,2834,XBI,XBI,XBI
FLNA,2022-08-17,2022-08-16,2022-08-18,2022-09-01,VALID,True,A,0001069530,SEC_TICKERS,False,False,False,False,0,2018-11-01,2023-12-29,0,False,,[],"[[""2026-03-11"", ""SAVA""]]",False,False,False,,False,False,,False,True,False,False,2834,2834,SPY,XBI,XBI
ONCO,2022-08-17,2022-08-16,2022-08-18,2022-09-01,VALID,True,A,0001782107,SEC_TICKERS,False,False,False,False,0,2022-03-16,2023-12-29,241,False,,[],"[[""2023-12-22"", ""BWV""]]",False,False,True,,False,False,,False,True,False,False,2834,2834,SPY,XBI,XBI
QNRX,2022-08-17,2022-08-16,2022-08-18,2022-09-01,VALID,True,A,0001671502,SEC_TICKERS,False,False,False,False,0,2019-02-05,2023-12-29,198,True,0001671502,[],[],False,False,True,,False,False,,False,False,False,False,2834,3841,XBI,XBI,XLV
SGFY,2022-08-22,2022-08-19,2022-08-23,2022-09-07,VALID,False,C,0001828182,FORM345_TICKER,False,False,False,False,0,2021-02-11,2023-03-28,0,True,0001828182,[],[],True,False,False,0001828182,True,False,,False,True,False,False,8082,8082,SPY,SPY,SPY
AERI,2022-08-23,2022-08-22,2022-08-24,2022-09-08,VALID,False,C,0001337553,FORM345_TICKER,False,False,False,False,0,2018-11-01,2022-11-18,0,True,0001337553,[],[],True,False,False,0001337553,True,False,,False,True,False,False,2836,2836,XBI,XBI,XBI
INDO,2022-08-23,2022-08-22,2022-08-24,2022-09-08,VALID,True,A,0001757840,SEC_TICKERS,False,False,False,False,0,2019-12-19,2023-12-29,8,True,0001757840,[],[],False,False,False,,False,False,,False,False,False,False,1311,1311,XLE,XLE,XLE
NERV,2022-08-24,2022-08-23,2022-08-25,2022-09-09,VALID,True,A,0001598646,SEC_TICKERS,False,False,False,False,0,2018-11-01,2023-12-29,0,True,0001598646,[],[],True,False,False,0001598646,False,False,,False,True,False,False,2834,2834,XBI,XBI,XBI
FMTX,2022-09-01,2022-08-31,2022-09-02,2022-09-19,VALID,False,C,0001538927,FORM345_TICKER,False,False,False,False,0,2020-06-19,2022-10-13,0,True,0001538927,[],[],True,False,False,0001538927,True,False,,False,True,False,False,2836,2836,XBI,XBI,XBI
NTNX,2022-09-01,2022-08-31,2022-09-02,2022-09-19,VALID,True,A,0001618732,SEC_TICKERS,False,False,False,False,0,2018-11-01,2023-12-29,0,True,0001618732,[],[],True,False,False,0001618732,False,False,,False,True,False,False,7372,7372,XLK,XLK,XLK
HCP,2022-09-02,2022-09-01,2022-09-06,2022-09-20,VALID,False,BD,0000765880,RENAME_CHAIN_FWD,False,False,False,False,0,2018-11-01,2023-12-29,528,False,,"[[""2019-11-06"", ""PEAK""]]",[],True,True,False,0001720671,True,False,2008-03-31,True,True,False,False,6798,6798,SPY,XLF,XLF
NCNO,2022-09-02,2022-09-01,2022-09-06,2022-09-20,VALID,True,A,0001902733,SEC_TICKERS,False,False,False,False,0,2020-07-14,2023-12-29,0,True,0001902733,[],[],True,False,False,0001902733,False,False,,False,True,False,False,7372,7372,XLK,XLK,XLK
PR,2022-09-02,2022-09-01,2022-09-06,2022-09-20,VALID,True,A,0001658566,SEC_TICKERS,False,False,False,False,0,2018-11-01,2023-12-29,0,True,0001658566,[],[],False,False,True,,False,False,,False,True,False,False,1311,1311,XLE,XLE,XLE
OUT,2022-09-06,2022-09-02,2022-09-07,2022-09-21,VALID,True,A,0001579877,SEC_TICKERS,False,False,False,False,0,2018-11-01,2023-12-29,0,True,0001579877,[],[],True,False,False,0001579877,False,False,,False,True,False,False,6798,6798,XLF,XLF,XLF
AMLX,2022-09-08,2022-09-07,2022-09-09,2022-09-23,VALID,True,A,0001658551,SEC_TICKERS,False,False,False,False,0,2022-01-07,2023-12-29,1,True,0001658551,[],[],True,False,False,0001658551,False,False,,False,True,False,False,2834,2834,XBI,XBI,XBI
ASAN,2022-09-08,2022-09-07,2022-09-09,2022-09-23,VALID,True,A,0001477720,SEC_TICKERS,False,False,False,False,0,2020-09-30,2023-12-29,0,True,0001477720,[],[],True,False,False,0001477720,False,False,,False,True,False,False,7372,7372,XLK,XLK,XLK
RETA,2022-09-08,2022-09-07,2022-09-09,2022-09-23,VALID,False,C,0001358762,FORM345_TICKER,False,False,False,False,0,2018-11-01,2023-09-25,2,True,0001358762,[],[],True,False,False,0001358762,True,False,,False,True,False,False,2834,2834,XBI,XBI,XBI
RLAY,2022-09-08,2022-09-07,2022-09-09,2022-09-23,VALID,True,A,0001812364,SEC_TICKERS,False,False,False,False,0,2020-07-16,2023-12-29,0,True,0001812364,[],[],True,False,False,0001812364,False,False,,False,True,False,False,2836,2836,XBI,XBI,XBI
INM,2022-09-12,2022-09-09,2022-09-13,2022-09-27,VALID,True,A,0001728328,SEC_TICKERS,False,False,False,False,0,2020-11-12,2023-12-29,0,True,0001728328,[],[],True,False,False,0001728328,False,False,,False,True,False,False,2834,2834,XBI,XBI,XBI
HKD,2022-09-15,2022-09-14,2022-09-16,2022-09-30,VALID,True,A,0001809691,SEC_TICKERS,False,False,False,False,0,2022-07-15,2023-12-29,0,True,0001809691,[],[],False,False,False,,False,False,,False,False,False,False,6199,6199,XLF,XLF,XLF
MTVA,2022-09-15,2022-09-14,2022-09-16,2022-09-30,VALID,True,A,0001638287,SEC_TICKERS,False,False,False,False,0,2018-11-01,2023-12-29,160,True,0001638287,[],[],False,False,False,,False,False,,False,True,False,False,2834,2834,XBI,XBI,XBI
KNBE,2022-09-19,2022-09-16,2022-09-20,2022-10-04,VALID,False,C,0001664998,FORM345_TICKER,False,False,False,False,0,2021-04-22,2023-01-31,0,True,0001664998,[],[],True,False,False,0001664998,True,False,,False,True,False,False,7370,7370,XLK,XLK,XLK
MTVA,2022-09-22,2022-09-21,2022-09-23,2022-10-07,VALID,True,A,0001638287,SEC_TICKERS,False,False,False,False,0,2018-11-01,2023-12-29,160,True,0001638287,[],[],False,False,False,,False,False,,False,True,False,False,2834,2834,XBI,XBI,XBI
LESL,2022-09-26,2022-09-23,2022-09-27,2022-10-11,VALID,True,A,0001821806,SEC_TICKERS,False,False,False,False,0,2020-10-29,2023-12-29,0,True,0001821806,[],[],True,False,False,0001821806,False,False,,False,True,False,False,5990,5990,SPY,SPY,SPY
MLCO,2022-09-26,2022-09-23,2022-09-27,2022-10-11,VALID,True,A,0001381640,SEC_TICKERS,False,False,False,False,0,2018-11-01,2023-12-29,0,True,0001381640,[],[],False,False,False,,False,False,,False,False,False,False,7011,7011,SPY,SPY,SPY
SKIN,2022-09-27,2022-09-26,2022-09-28,2022-10-12,VALID,True,A,0001818093,SEC_TICKERS,False,False,False,False,0,2020-11-24,2023-12-29,0,True,0001818093,[],[],True,False,False,0001818093,False,False,,False,True,False,False,3841,3841,XLV,XLV,XLV
ABOS,2022-09-28,2022-09-27,2022-09-29,2022-10-13,VALID,True,A,0001576885,SEC_TICKERS,False,False,False,False,0,2021-07-01,2023-12-29,0,True,0001576885,[],[],True,False,False,0001576885,False,False,,False,True,False,False,2836,2836,XBI,XBI,XBI
BTRS,2022-09-28,2022-09-27,2022-09-29,2022-10-13,VALID,False,C,0001774155,FORM345_TICKER,False,False,False,False,0,2021-01-13,2022-12-15,0,True,0001774155,[],[],True,False,False,0001774155,True,False,,False,True,False,False,7371,7371,XLK,XLK,XLK
PRTA,2022-09-28,2022-09-27,2022-09-29,2022-10-13,VALID,True,A,0001559053,SEC_TICKERS,False,False,False,False,0,2018-11-01,2023-12-29,0,True,0001559053,[],[],True,False,False,0001559053,False,False,,False,True,False,False,2834,2834,XBI,XBI,XBI
INM,2022-09-30,2022-09-29,2022-10-03,2022-10-17,VALID,True,A,0001728328,SEC_TICKERS,False,False,False,False,0,2020-11-12,2023-12-29,0,True,0001728328,[],[],True,False,False,0001728328,False,False,,False,True,False,False,2834,2834,XBI,XBI,XBI
FNGR,2022-10-03,2022-09-30,2022-10-04,2022-10-18,VALID,True,A,0001602409,SEC_TICKERS,False,False,False,False,0,2021-12-28,2023-12-29,0,True,0001602409,[],[],True,False,False,0001602409,False,False,,False,True,False,False,7372,7372,XLK,XLK,XLK
MYOV,2022-10-03,2022-09-30,2022-10-04,2022-10-18,VALID,False,C,0001679082,FORM345_TICKER,False,False,False,False,0,2018-11-01,2023-03-09,0,True,0001679082,[],[],True,False,False,0001679082,True,False,,False,True,False,False,2834,2834,XBI,XBI,XBI
SBS,2022-10-03,2022-09-30,2022-10-04,2022-10-18,VALID,True,A,0001170858,SEC_TICKERS,False,False,False,False,0,2018-11-01,2023-12-29,0,True,0001170858,[],[],False,False,False,,False,False,,False,False,False,True,4941,4941,SPY,SPY,SPY
VSAT,2022-10-03,2022-09-30,2022-10-04,2022-10-18,VALID,True,A,0000797721,SEC_TICKERS,False,False,False,False,0,2018-11-01,2023-12-29,0,True,0000797721,[],[],True,False,False,0000797721,False,False,,False,True,False,False,4899,3663,SPY,SPY,XLI
AERC,2022-10-04,2022-10-03,2022-10-05,2022-10-19,VALID,False,B,0001872356,FORM345_TICKER,False,False,False,False,0,2021-11-24,2023-01-11,0,True,0001872356,[],[],True,False,False,0001872356,True,False,,False,True,False,False,3564,3564,SPY,SPY,SPY
FNGR,2022-10-04,2022-10-03,2022-10-05,2022-10-19,VALID,True,A,0001602409,SEC_TICKERS,False,False,False,False,0,2021-12-28,2023-12-29,0,True,0001602409,[],[],True,False,False,0001602409,False,False,,False,True,False,False,7372,7372,XLK,XLK,XLK
MKUL,2022-10-04,2022-10-03,2022-10-05,2022-10-19,VALID,False,B,0001872356,FORM345_TICKER,False,False,False,False,0,2021-11-24,2023-10-12,0,False,,[],"[[""2023-01-12"", ""AERC""]]",False,False,True,,True,False,,False,True,False,False,3564,3564,SPY,SPY,SPY
PLTK,2022-10-04,2022-10-03,2022-10-05,2022-10-19,VALID,True,A,0001828016,SEC_TICKERS,False,False,False,False,0,2021-01-15,2023-12-29,0,True,0001828016,[],[],True,False,False,0001828016,False,False,,False,True,False,False,7374,7374,XLK,XLK,XLK
POSH,2022-10-04,2022-10-03,2022-10-05,2022-10-19,VALID,False,C,0001825480,FORM345_TICKER,False,False,False,False,0,2021-01-14,2023-01-04,0,True,0001825480,[],[],True,False,False,0001825480,True,False,,False,True,False,False,5961,5961,SPY,SPY,SPY
VISN,2022-10-04,2022-10-03,2022-10-05,2022-10-19,VALID,True,A,0001517228,SEC_TICKERS,False,False,False,False,0,2018-11-01,2023-12-29,0,False,,[],"[[""2026-01-14"", ""COMM""]]",False,False,False,,False,False,,False,True,False,False,3663,3663,SPY,XLI,XLI
TOPS,2022-10-05,2022-10-04,2022-10-06,2022-10-20,VALID,True,A,0001296484,SEC_TICKERS,False,False,False,False,0,2018-11-01,2023-12-29,0,True,0001296484,[],[],False,False,False,,False,False,,False,False,False,False,4412,4412,SPY,SPY,SPY
BEAT,2022-10-06,2022-10-05,2022-10-07,2022-10-21,VALID,True,AC,0001779372,SEC_TICKERS,False,False,False,False,0,2021-11-11,2023-12-29,0,True,0001779372,[],[],True,False,False,0001779372,False,False,,False,True,False,False,3841,3841,XLV,XLV,XLV
DICE,2022-10-11,2022-10-10,2022-10-12,2022-10-26,VALID,False,C,0001645569,FORM345_TICKER,False,False,False,False,0,2021-09-15,2023-08-08,1,True,0001645569,[],[],True,False,False,0001645569,True,False,,False,True,False,False,2834,2834,XBI,XBI,XBI
FORG,2022-10-11,2022-10-10,2022-10-12,2022-10-26,VALID,False,C,0001543916,FORM345_TICKER,False,False,False,False,0,2021-09-16,2023-08-22,1,True,0001543916,[],[],True,False,False,0001543916,True,False,,False,True,False,False,7372,7372,XLK,XLK,XLK
HKD,2022-10-12,2022-10-11,2022-10-13,2022-10-27,VALID,True,A,0001809691,SEC_TICKERS,False,False,False,False,0,2022-07-15,2023-12-29,0,True,0001809691,[],[],False,False,False,,False,False,,False,False,False,False,6199,6199,XLF,XLF,XLF
KNBE,2022-10-12,2022-10-11,2022-10-13,2022-10-27,VALID,False,C,0001664998,FORM345_TICKER,False,False,False,False,0,2021-04-22,2023-01-31,0,True,0001664998,[],[],True,False,False,0001664998,True,False,,False,True,False,False,7370,7370,XLK,XLK,XLK
SUNE,2022-10-12,2022-10-11,2022-10-13,2022-10-27,VALID,True,A,0000022701,SEC_TICKERS,False,False,False,False,0,2019-10-31,2023-11-10,1157,True,0000022701,[],[],False,False,False,,False,False,,False,True,False,False,1700,3661,SPY,SPY,XLI
NTNX,2022-10-14,2022-10-13,2022-10-17,2022-10-31,VALID,True,A,0001618732,SEC_TICKERS,False,False,False,False,0,2018-11-01,2023-12-29,0,True,0001618732,[],[],True,False,False,0001618732,False,False,,False,True,False,False,7372,7372,XLK,XLK,XLK
LFG,2022-10-17,2022-10-14,2022-10-18,2022-11-01,VALID,False,C,0001823766,FORM345_TICKER,False,False,False,False,0,2021-09-16,2022-12-27,0,True,0001823766,[],[],True,False,False,0001823766,True,False,,False,True,False,False,4932,4932,SPY,SPY,SPY
AVEO,2022-10-18,2022-10-17,2022-10-19,2022-11-02,VALID,False,C,0001325879,FORM345_TICKER,False,False,False,False,0,2018-11-01,2023-01-19,0,True,0001325879,[],[],True,False,False,0001325879,True,False,,False,True,False,False,2834,2834,XBI,XBI,XBI
SMCI,2022-10-20,2022-10-19,2022-10-21,2022-11-04,VALID,True,A,0001375365,SEC_TICKERS,False,False,False,False,0,2020-01-14,2023-12-29,300,True,0001375365,[],[],True,False,False,0001375365,False,False,2024-03-18,False,True,False,False,3571,3571,XLK,XLK,XLK
PCVX,2022-10-24,2022-10-21,2022-10-25,2022-11-08,VALID,True,A,0001649094,SEC_TICKERS,False,False,False,False,0,2020-06-12,2023-12-29,0,True,0001649094,[],[],True,False,False,0001649094,False,False,,False,True,False,False,2836,2836,XBI,XBI,XBI
MEDP,2022-10-25,2022-10-24,2022-10-26,2022-11-09,VALID,True,A,0001668397,SEC_TICKERS,False,False,False,False,0,2018-11-01,2023-12-29,0,True,0001668397,[],[],True,False,False,0001668397,False,False,,False,True,False,False,8731,8731,SPY,SPY,SPY
AIMC,2022-10-27,2022-10-26,2022-10-28,2022-11-11,VALID,False,C,0001374535,FORM345_TICKER,False,False,False,False,0,2018-11-01,2023-03-24,0,True,0001374535,[],[],True,False,False,0001374535,True,False,,False,True,False,False,3569,3569,SPY,SPY,SPY
PI,2022-10-27,2022-10-26,2022-10-28,2022-11-11,VALID,True,A,0001114995,SEC_TICKERS,False,False,False,False,0,2018-11-01,2023-12-29,0,True,0001114995,[],[],True,False,False,0001114995,False,False,,False,True,False,False,3679,3679,XLI,XLI,XLI
FBC,2022-10-28,2022-10-27,2022-10-31,2022-11-14,VALID,False,C,0001033012,FORM345_TICKER,False,False,False,False,0,2018-11-01,2022-11-30,0,True,0001033012,[],[],True,False,False,0001033012,True,False,,False,True,False,False,6035,6035,XLF,XLF,XLF
PFSI,2022-10-28,2022-10-27,2022-10-31,2022-11-14,VALID,True,A,0001745916,SEC_TICKERS,False,False,False,False,0,2018-11-01,2023-12-29,0,True,0001745916,[],[],True,False,False,0001745916,False,False,,False,True,False,False,6162,6162,XLF,XLF,XLF
GDS,2022-11-01,2022-10-31,2022-11-02,2022-11-16,VALID,True,A,0001526125,SEC_TICKERS,False,False,False,False,0,2018-11-01,2023-12-29,0,True,0001526125,[],[],False,False,False,,False,False,,False,False,False,False,7370,7370,XLK,XLK,XLK
HTHT,2022-11-01,2022-10-31,2022-11-02,2022-11-16,VALID,True,A,0001483994,SEC_TICKERS,False,False,False,False,0,2018-11-01,2023-12-29,0,True,0001483994,[],[],False,False,False,,False,False,,False,False,False,False,7011,7011,SPY,SPY,SPY
MLCO,2022-11-01,2022-10-31,2022-11-02,2022-11-16,VALID,True,A,0001381640,SEC_TICKERS,False,False,False,False,0,2018-11-01,2023-12-29,0,True,0001381640,[],[],False,False,False,,False,False,,False,False,False,False,7011,7011,SPY,SPY,SPY
CHGG,2022-11-02,2022-11-01,2022-11-03,2022-11-17,VALID,True,A,0001364954,SEC_TICKERS,False,False,False,False,0,2018-11-01,2023-12-29,0,True,0001364954,[],[],True,False,False,0001364954,False,False,,False,True,False,False,8200,8200,SPY,SPY,SPY
BRKR,2022-11-03,2022-11-02,2022-11-04,2022-11-18,VALID,True,A,0001109354,SEC_TICKERS,False,False,False,False,0,2018-11-01,2023-12-29,0,True,0001109354,[],[],True,False,False,0001109354,False,False,,False,True,False,False,3826,3826,SPY,SPY,SPY
VCYT,2022-11-03,2022-11-02,2022-11-04,2022-11-18,VALID,True,A,0001384101,SEC_TICKERS,False,False,False,False,0,2018-11-01,2023-12-29,0,True,0001384101,[],[],True,False,False,0001384101,False,False,,False,True,False,False,8071,8071,SPY,SPY,SPY
ADNT,2022-11-04,2022-11-03,2022-11-07,2022-11-21,VALID,True,A,0001670541,SEC_TICKERS,False,False,False,False,0,2018-11-01,2023-12-29,0,True,0001670541,[],[],True,False,False,0001670541,False,False,,False,True,False,False,3714,3714,XLI,XLI,XLI
BE,2022-11-04,2022-11-03,2022-11-07,2022-11-21,VALID,True,A,0001664703,SEC_TICKERS,False,False,False,False,0,2018-11-01,2023-12-29,0,True,0001664703,[],[],True,False,False,0001664703,False,False,,False,True,False,False,3620,3620,XLI,XLI,XLI
BL,2022-11-04,2022-11-03,2022-11-07,2022-11-21,VALID,True,A,0001666134,SEC_TICKERS,False,False,False,False,0,2018-11-01,2023-12-29,0,True,0001666134,[],[],True,False,False,0001666134,False,False,,False,True,False,False,7372,7372,XLK,XLK,XLK
BZ,2022-11-04,2022-11-03,2022-11-07,2022-11-21,VALID,True,A,0001842827,SEC_TICKERS,False,False,False,False,0,2021-06-11,2023-12-29,0,True,0001842827,[],[],False,False,False,,False,False,,False,False,False,False,7370,7370,XLK,XLK,XLK
GFI,2022-11-04,2022-11-03,2022-11-07,2022-11-21,VALID,True,A,0001172724,SEC_TICKERS,False,False,False,False,0,2018-11-01,2023-12-29,0,True,0001172724,[],[],False,False,False,,False,False,,False,False,False,True,1040,1040,XLE,XLE,XLE
HKD,2022-11-04,2022-11-03,2022-11-07,2022-11-21,VALID,True,A,0001809691,SEC_TICKERS,False,False,False,False,0,2022-07-15,2023-12-29,0,True,0001809691,[],[],False,False,False,,False,False,,False,False,False,False,6199,6199,XLF,XLF,XLF
MLCO,2022-11-04,2022-11-03,2022-11-07,2022-11-21,VALID,True,A,0001381640,SEC_TICKERS,False,False,False,False,0,2018-11-01,2023-12-29,0,True,0001381640,[],[],False,False,False,,False,False,,False,False,False,False,7011,7011,SPY,SPY,SPY
PUK,2022-11-04,2022-11-03,2022-11-07,2022-11-21,VALID,True,A,0001116578,SEC_TICKERS,False,False,False,False,0,2018-11-01,2023-12-29,0,True,0001116578,[],[],False,False,False,,False,False,,False,False,False,False,6311,6311,XLF,XLF,XLF
VIR,2022-11-04,2022-11-03,2022-11-07,2022-11-21,VALID,True,A,0001706431,SEC_TICKERS,False,False,False,False,0,2019-10-11,2023-12-29,0,True,0001706431,[],[],True,False,False,0001706431,False,False,,False,True,False,False,2836,2836,XBI,XBI,XBI
DJT,2022-11-07,2022-11-04,2022-11-08,2022-11-22,VALID,True,A,0001849635,SEC_TICKERS,False,False,False,False,0,2021-09-30,2023-12-29,732,False,,[],"[[""2024-03-26"", ""DWAC""]]",False,False,False,,False,False,,False,True,False,False,7370,7370,SPY,XLK,XLK
VERU,2022-11-07,2022-11-04,2022-11-08,2022-11-22,VALID,True,A,0000863894,SEC_TICKERS,False,False,False,False,0,2018-11-01,2023-12-29,1,True,0000863894,[],[],True,False,False,0000863894,False,False,,False,True,False,False,2834,2834,XBI,XBI,XBI
HUDI,2022-11-08,2022-11-07,2022-11-09,2022-11-23,VALID,True,A,0001791725,SEC_TICKERS,False,False,False,False,0,2021-01-22,2023-12-29,0,True,0001791725,[],[],False,False,False,,False,False,,False,False,False,False,3317,3317,SPY,SPY,SPY
OSH,2022-11-08,2022-11-07,2022-11-09,2022-11-23,VALID,False,C,0001564406,FORM345_TICKER,False,False,False,False,0,2020-08-06,2023-05-01,0,True,0001564406,[],[],True,False,False,0001564406,True,False,,False,True,False,False,8000,8000,SPY,SPY,SPY
ARRY,2022-11-09,2022-11-08,2022-11-10,2022-11-25,VALID,True,A,0001820721,SEC_TICKERS,False,False,False,False,0,2020-10-15,2023-12-29,0,True,0001820721,[],[],True,False,False,0001820721,False,False,,False,True,False,False,3674,3990,XLI,XLI,SPY
COHR,2022-11-09,2022-11-08,2022-11-10,2022-11-25,VALID,True,AC,0000820318,SEC_TICKERS,False,False,False,False,0,2018-11-01,2023-12-29,0,True,0000820318,[],[],True,False,False,0000820318,False,False,2026-03-23,False,True,False,False,3827,3827,SPY,SPY,SPY
FVRR,2022-11-09,2022-11-08,2022-11-10,2022-11-25,VALID,True,A,0001762301,SEC_TICKERS,False,False,False,False,0,2019-06-13,2023-12-29,0,True,0001762301,[],[],False,False,False,,False,False,,False,False,False,False,7389,7389,SPY,SPY,SPY
APP,2022-11-10,2022-11-09,2022-11-11,2022-11-28,VALID,True,A,0001751008,SEC_TICKERS,False,False,False,False,0,2021-04-15,2023-12-29,0,True,0001751008,[],[],True,False,False,0001751008,False,False,2025-09-22,False,True,False,False,7370,7370,XLK,XLK,XLK
APPS,2022-11-10,2022-11-09,2022-11-11,2022-11-28,VALID,True,A,0000317788,SEC_TICKERS,False,False,False,False,0,2018-11-01,2023-12-29,0,True,0000317788,[],[],True,False,False,0000317788,False,False,,False,True,False,False,6794,6794,XLF,XLF,XLF
BROS,2022-11-10,2022-11-09,2022-11-11,2022-11-28,VALID,True,A,0001866581,SEC_TICKERS,False,False,False,False,0,2021-09-15,2023-12-29,0,True,0001866581,[],[],True,False,False,0001866581,False,False,,False,True,False,False,5810,5810,SPY,SPY,SPY
BZ,2022-11-10,2022-11-09,2022-11-11,2022-11-28,VALID,True,A,0001842827,SEC_TICKERS,False,False,False,False,0,2021-06-11,2023-12-29,0,True,0001842827,[],[],False,False,False,,False,False,,False,False,False,False,7370,7370,XLK,XLK,XLK
CELH,2022-11-10,2022-11-09,2022-11-11,2022-11-28,VALID,True,A,0001341766,SEC_TICKERS,False,False,False,False,0,2018-11-01,2023-12-29,0,True,0001341766,[],[],True,False,False,0001341766,False,False,,False,True,False,False,2086,2086,SPY,SPY,SPY
DDS,2022-11-10,2022-11-09,2022-11-11,2022-11-28,VALID,True,A,0000028917,SEC_TICKERS,False,False,False,False,0,2018-11-01,2023-12-29,0,True,0000028917,[],[],True,False,False,0000028917,False,False,1996-01-02,True,True,False,False,5311,5311,SPY,SPY,SPY
DT,2022-11-10,2022-11-09,2022-11-11,2022-11-28,VALID,True,A,0001773383,SEC_TICKERS,False,False,False,False,0,2019-08-01,2023-12-29,0,True,0001773383,[],[],True,False,False,0001773383,False,False,,False,True,False,False,7372,7372,XLK,XLK,XLK
FIGS,2022-11-10,2022-11-09,2022-11-11,2022-11-28,VALID,True,A,0001846576,SEC_TICKERS,False,False,False,False,0,2021-05-27,2023-12-29,0,True,0001846576,[],[],True,False,False,0001846576,False,False,,False,True,False,False,2300,2300,SPY,SPY,SPY
GDS,2022-11-10,2022-11-09,2022-11-11,2022-11-28,VALID,True,A,0001526125,SEC_TICKERS,False,False,False,False,0,2018-11-01,2023-12-29,0,True,0001526125,[],[],False,False,False,,False,False,,False,False,False,False,7370,7370,XLK,XLK,XLK
GTLB,2022-11-10,2022-11-09,2022-11-11,2022-11-28,VALID,True,A,0001653482,SEC_TICKERS,False,False,False,False,0,2021-10-14,2023-12-29,0,True,0001653482,[],[],True,False,False,0001653482,False,False,,False,True,False,False,7372,7372,XLK,XLK,XLK
HCP,2022-11-10,2022-11-09,2022-11-11,2022-11-28,VALID,False,BD,0000765880,RENAME_CHAIN_FWD,False,False,False,False,0,2018-11-01,2023-12-29,528,False,,"[[""2019-11-06"", ""PEAK""]]",[],True,True,False,0001720671,True,False,2008-03-31,True,True,False,False,6798,6798,SPY,XLF,XLF
JXN,2022-11-10,2022-11-09,2022-11-11,2022-11-28,VALID,True,A,0001822993,SEC_TICKERS,False,False,False,False,0,2021-09-20,2023-12-29,0,True,0001822993,[],[],True,False,False,0001822993,False,False,,False,True,False,False,6311,6311,XLF,XLF,XLF
MQ,2022-11-10,2022-11-09,2022-11-11,2022-11-28,VALID,True,A,0001522540,SEC_TICKERS,False,False,False,False,0,2021-06-09,2023-12-29,0,True,0001522540,[],[],True,False,False,0001522540,False,False,,False,True,False,False,7372,7372,XLK,XLK,XLK
NICE,2022-11-10,2022-11-09,2022-11-11,2022-11-28,VALID,True,A,0001003935,SEC_TICKERS,False,False,False,False,0,2018-11-01,2023-12-29,0,True,0001003935,[],[],False,False,False,,False,False,,False,False,False,False,7372,7372,XLK,XLK,XLK
RNG,2022-11-10,2022-11-09,2022-11-11,2022-11-28,VALID,True,A,0001384905,SEC_TICKERS,False,False,False,False,0,2018-11-01,2023-12-29,0,True,0001384905,[],[],True,False,False,0001384905,False,False,,False,True,False,False,7374,7374,XLK,XLK,XLK
S,2022-11-10,2022-11-09,2022-11-11,2022-11-28,VALID,True,A,0001583708,SEC_TICKERS,False,False,False,False,0,2021-06-30,2023-12-29,0,True,0001583708,[],[],True,False,False,0001583708,False,False,1996-01-02,True,True,False,False,7372,7372,XLK,XLK,XLK
SKIN,2022-11-10,2022-11-09,2022-11-11,2022-11-28,VALID,True,A,0001818093,SEC_TICKERS,False,False,False,False,0,2020-11-24,2023-12-29,0,True,0001818093,[],[],True,False,False,0001818093,False,False,,False,True,False,False,3841,3841,XLV,XLV,XLV
SPT,2022-11-10,2022-11-09,2022-11-11,2022-11-28,VALID,True,A,0001517375,SEC_TICKERS,False,False,False,False,0,2019-12-13,2023-12-29,0,True,0001517375,[],[],True,False,False,0001517375,False,False,,False,True,False,False,7372,7372,XLK,XLK,XLK
TGTX,2022-11-10,2022-11-09,2022-11-11,2022-11-28,VALID,True,A,0001001316,SEC_TICKERS,False,False,False,False,0,2018-11-01,2023-12-29,0,True,0001001316,[],[],True,False,False,0001001316,False,False,,False,True,False,False,2834,2834,XBI,XBI,XBI
WIX,2022-11-10,2022-11-09,2022-11-11,2022-11-28,VALID,True,A,0001576789,SEC_TICKERS,False,False,False,False,0,2018-11-01,2023-12-29,0,True,0001576789,[],[],False,False,False,,False,False,,False,False,False,False,7370,7370,XLK,XLK,XLK
WRBY,2022-11-10,2022-11-09,2022-11-11,2022-11-28,VALID,True,A,0001504776,SEC_TICKERS,False,False,False,False,0,2021-10-01,2023-12-29,0,True,0001504776,[],[],True,False,False,0001504776,False,False,,False,True,False,False,3851,3851,XLV,XLV,XLV
YETI,2022-11-10,2022-11-09,2022-11-11,2022-11-28,VALID,True,A,0001670592,SEC_TICKERS,False,False,False,False,0,2018-11-01,2023-12-29,0,True,0001670592,[],[],True,False,False,0001670592,False,False,,False,True,False,False,3949,3949,SPY,SPY,SPY
ZLAB,2022-11-10,2022-11-09,2022-11-11,2022-11-28,VALID,True,A,0001704292,SEC_TICKERS,False,False,False,False,0,2018-11-01,2023-12-29,0,True,0001704292,[],[],True,False,False,0001704292,False,False,,False,True,False,False,2834,2834,XBI,XBI,XBI
DOCS,2022-11-11,2022-11-10,2022-11-14,2022-11-29,VALID,True,A,0001516513,SEC_TICKERS,False,False,False,False,0,2021-06-24,2023-12-29,0,True,0001516513,[],[],True,False,False,0001516513,False,False,,False,True,False,False,7371,7371,XLK,XLK,XLK
GDS,2022-11-11,2022-11-10,2022-11-14,2022-11-29,VALID,True,A,0001526125,SEC_TICKERS,False,False,False,False,0,2018-11-01,2023-12-29,0,True,0001526125,[],[],False,False,False,,False,False,,False,False,False,False,7370,7370,XLK,XLK,XLK
MNDY,2022-11-14,2022-11-11,2022-11-15,2022-11-30,VALID,True,A,0001845338,SEC_TICKERS,False,False,False,False,0,2021-06-10,2023-12-29,0,True,0001845338,[],[],False,False,False,,False,False,,False,False,False,False,7372,7372,XLK,XLK,XLK
AZTA,2022-11-15,2022-11-14,2022-11-16,2022-12-01,VALID,True,A,0000933974,SEC_TICKERS,False,False,False,False,0,2018-11-01,2023-12-29,0,True,0000933974,[],[],True,False,False,0000933974,False,False,,False,True,False,False,3559,3559,SPY,SPY,SPY
GDS,2022-11-15,2022-11-14,2022-11-16,2022-12-01,VALID,True,A,0001526125,SEC_TICKERS,False,False,False,False,0,2018-11-01,2023-12-29,0,True,0001526125,[],[],False,False,False,,False,False,,False,False,False,False,7370,7370,XLK,XLK,XLK
LPX,2022-11-15,2022-11-14,2022-11-16,2022-12-01,VALID,True,A,0000060519,SEC_TICKERS,False,False,False,False,0,2018-11-01,2023-12-29,0,True,0000060519,[],[],True,False,False,0000060519,False,False,1996-01-02,True,True,False,False,2400,2400,SPY,SPY,SPY
PATH,2022-11-15,2022-11-14,2022-11-16,2022-12-01,VALID,True,A,0001734722,SEC_TICKERS,False,False,False,False,0,2021-04-21,2023-12-29,0,True,0001734722,[],[],True,False,False,0001734722,False,False,,False,True,False,False,7372,7372,XLK,XLK,XLK
SHLS,2022-11-15,2022-11-14,2022-11-16,2022-12-01,VALID,True,A,0001831651,SEC_TICKERS,False,False,False,False,0,2021-01-27,2023-12-29,0,True,0001831651,[],[],True,False,False,0001831651,False,False,,False,True,False,False,3674,3674,XLI,XLI,XLI
ATKR,2022-11-18,2022-11-17,2022-11-21,2022-12-06,VALID,True,A,0001666138,SEC_TICKERS,False,False,False,False,0,2018-11-01,2023-12-29,0,True,0001666138,[],[],True,False,False,0001666138,False,False,,False,True,False,False,3690,3690,XLI,XLI,XLI
CLFD,2022-11-18,2022-11-17,2022-11-21,2022-12-06,VALID,True,A,0000796505,SEC_TICKERS,False,False,False,False,0,2018-11-01,2023-12-29,0,True,0000796505,[],[],True,False,False,0000796505,False,False,,False,True,False,False,3661,3661,XLI,XLI,XLI
ISEE,2022-11-18,2022-11-17,2022-11-21,2022-12-06,VALID,False,C,0001410939,FORM345_TICKER,False,False,False,False,0,2019-04-17,2023-07-10,0,True,0001410939,[],[],True,False,False,0001410939,True,False,,False,True,False,False,2834,2834,XBI,XBI,XBI
STNE,2022-11-18,2022-11-17,2022-11-21,2022-12-06,VALID,True,A,0001745431,SEC_TICKERS,False,False,False,False,0,2018-11-01,2023-12-29,0,True,0001745431,[],[],False,False,False,,False,False,,False,False,False,False,7374,7374,XLK,XLK,XLK
TWST,2022-11-18,2022-11-17,2022-11-21,2022-12-06,VALID,True,A,0001581280,SEC_TICKERS,False,False,False,False,0,2018-11-01,2023-12-29,0,True,0001581280,[],[],True,False,False,0001581280,False,False,,False,True,False,False,2836,2836,XBI,XBI,XBI
IMGO,2022-11-21,2022-11-18,2022-11-22,2022-12-07,VALID,False,C,0001623715,FORM345_TICKER,False,False,False,False,0,2021-07-16,2023-01-10,0,True,0001623715,[],[],True,False,False,0001623715,True,False,,False,True,False,False,2834,2834,XBI,XBI,XBI
SHC,2022-11-21,2022-11-18,2022-11-22,2022-12-07,VALID,True,A,0001822479,SEC_TICKERS,False,False,False,False,0,2020-11-20,2023-12-29,0,True,0001822479,[],[],True,False,False,0001822479,False,False,,False,True,False,False,8090,8090,SPY,SPY,SPY
ANF,2022-11-22,2022-11-21,2022-11-23,2022-12-08,VALID,True,A,0001018840,SEC_TICKERS,False,False,False,False,0,2018-11-01,2023-12-29,0,True,0001018840,[],[],True,False,False,0001018840,False,False,2007-03-29,True,True,False,False,5651,5651,SPY,SPY,SPY
MANU,2022-11-23,2022-11-22,2022-11-25,2022-12-09,VALID,True,A,0001549107,SEC_TICKERS,False,False,False,False,0,2018-11-01,2023-12-29,0,True,0001549107,[],[],False,False,False,,False,False,,False,False,False,False,7900,7900,SPY,SPY,SPY
BZ,2022-11-29,2022-11-28,2022-11-30,2022-12-14,VALID,True,A,0001842827,SEC_TICKERS,False,False,False,False,0,2021-06-11,2023-12-29,0,True,0001842827,[],[],False,False,False,,False,False,,False,False,False,False,7370,7370,XLK,XLK,XLK
WOOF,2022-11-30,2022-11-29,2022-12-01,2022-12-15,VALID,True,A,0001826470,SEC_TICKERS,False,False,False,False,0,2021-01-14,2023-12-29,0,True,0001826470,[],[],True,False,False,0001826470,False,False,,False,True,False,False,5990,5990,SPY,SPY,SPY
PVH,2022-12-01,2022-11-30,2022-12-02,2022-12-16,VALID,True,AD,0000078239,SEC_TICKERS,False,False,False,False,0,2018-11-01,2023-12-29,0,True,0000078239,[],[],True,False,False,0000078239,False,False,2013-02-14,True,True,False,False,2320,2320,SPY,SPY,SPY
AVXL,2022-12-02,2022-12-01,2022-12-05,2022-12-19,VALID,True,A,0001314052,SEC_TICKERS,False,False,False,False,0,2018-11-01,2023-12-29,0,True,0001314052,[],[],True,False,False,0001314052,False,False,,False,True,False,False,2836,2836,XBI,XBI,XBI
SPB,2022-12-02,2022-12-01,2022-12-05,2022-12-19,VALID,True,A,0000109177,SEC_TICKERS,False,False,False,False,0,2018-11-01,2023-12-29,0,True,0000109177,[],[],True,False,False,0000109177,False,False,,False,True,False,False,3690,3690,XLI,XLI,XLI
DBGI,2022-12-05,2022-12-02,2022-12-06,2022-12-20,VALID,True,A,0001668010,SEC_TICKERS,False,False,False,False,0,2021-05-17,2023-12-29,321,True,0001668010,[],[],True,False,False,0001668010,False,False,,False,True,False,False,5600,5600,SPY,SPY,SPY
GDS,2022-12-05,2022-12-02,2022-12-06,2022-12-20,VALID,True,A,0001526125,SEC_TICKERS,False,False,False,False,0,2018-11-01,2023-12-29,0,True,0001526125,[],[],False,False,False,,False,False,,False,False,False,False,7370,7370,XLK,XLK,XLK
IOVA,2022-12-05,2022-12-02,2022-12-06,2022-12-20,VALID,True,A,0001425205,SEC_TICKERS,False,False,False,False,0,2018-11-01,2023-12-29,0,True,0001425205,[],[],True,False,False,0001425205,False,False,,False,True,False,False,2836,2836,XBI,XBI,XBI
GTLB,2022-12-06,2022-12-05,2022-12-07,2022-12-21,VALID,True,A,0001653482,SEC_TICKERS,False,False,False,False,0,2021-10-14,2023-12-29,0,True,0001653482,[],[],True,False,False,0001653482,False,False,,False,True,False,False,7372,7372,XLK,XLK,XLK
SIG,2022-12-06,2022-12-05,2022-12-07,2022-12-21,VALID,True,A,0000832988,SEC_TICKERS,False,False,False,False,0,2018-11-01,2023-12-29,0,True,0000832988,[],[],True,False,False,0000832988,False,False,2015-07-29,True,True,False,False,5944,5944,SPY,SPY,SPY
VVNT,2022-12-06,2022-12-05,2022-12-07,2022-12-21,VALID,False,C,0001713952,FORM345_TICKER,False,False,False,False,0,2020-01-21,2023-03-09,0,True,0001713952,[],[],True,False,False,0001713952,True,False,,False,True,False,False,7381,7381,SPY,SPY,SPY
RXDX,2022-12-07,2022-12-06,2022-12-08,2022-12-22,VALID,False,C,0001718852,FORM345_TICKER,False,False,False,False,0,2021-03-12,2023-06-15,593,True,0001718852,[],[],True,False,False,0001718852,True,False,,False,True,False,False,2834,2834,XBI,XBI,XBI
PHVS,2022-12-08,2022-12-07,2022-12-09,2022-12-23,VALID,True,A,0001830487,SEC_TICKERS,False,False,False,False,0,2021-02-05,2023-12-29,13,True,0001830487,[],[],False,False,False,,False,False,,False,False,False,False,2834,2834,XBI,XBI,XBI
APPS,2022-12-13,2022-12-12,2022-12-14,2022-12-29,VALID,True,A,0000317788,SEC_TICKERS,False,False,False,False,0,2018-11-01,2023-12-29,0,True,0000317788,[],[],True,False,False,0000317788,False,False,,False,True,False,False,6794,6794,XLF,XLF,XLF
GLBE,2022-12-13,2022-12-12,2022-12-14,2022-12-29,VALID,True,A,0001835963,SEC_TICKERS,False,False,False,False,0,2021-05-12,2023-12-29,0,True,0001835963,[],[],False,False,False,,False,False,,False,False,False,False,7372,7372,XLK,XLK,XLK
NFE,2022-12-13,2022-12-12,2022-12-14,2022-12-29,VALID,True,AC,0001749723,SEC_TICKERS,False,False,False,False,0,2019-01-31,2023-12-29,0,True,0001749723,[],[],True,False,False,0001749723,False,False,,False,True,False,False,4924,4924,SPY,SPY,SPY
SAIA,2022-12-13,2022-12-12,2022-12-14,2022-12-29,VALID,True,A,0001177702,SEC_TICKERS,False,False,False,False,0,2018-11-01,2023-12-29,0,True,0001177702,[],[],True,False,False,0001177702,False,False,,False,True,False,False,4213,4213,SPY,SPY,SPY
KYMR,2022-12-14,2022-12-13,2022-12-15,2022-12-30,VALID,True,A,0001815442,SEC_TICKERS,False,False,False,False,0,2020-08-21,2023-12-29,0,True,0001815442,[],[],True,False,False,0001815442,False,False,,False,True,False,False,2836,2836,XBI,XBI,XBI
RNA,2022-12-14,2022-12-13,2022-12-15,2022-12-30,VALID,True,A,,FORM345_AMBIGUOUS,False,False,False,False,0,2020-06-12,2023-12-29,0,False,,[],[],False,True,False,0001599901,False,False,,False,False,False,False,,,SPY,SPY,SPY
MAXR,2022-12-16,2022-12-15,2022-12-19,2023-01-04,VALID,False,C,0001121142,FORM345_TICKER,False,False,False,False,0,2018-11-01,2023-05-02,0,True,0001121142,[],[],True,False,False,0001121142,True,False,,False,True,False,False,3663,3663,XLI,XLI,XLI
VKTX,2022-12-19,2022-12-16,2022-12-20,2023-01-05,VALID,True,A,0001607678,SEC_TICKERS,False,False,False,False,0,2018-11-01,2023-12-29,0,True,0001607678,[],[],True,False,False,0001607678,False,False,,False,True,False,False,2834,2834,XBI,XBI,XBI
QS,2022-12-20,2022-12-19,2022-12-21,2023-01-06,VALID,True,A,0001811414,SEC_TICKERS,False,False,False,False,0,2020-08-17,2023-12-29,0,True,0001811414,[],[],True,False,False,0001811414,False,False,,False,True,False,False,3690,3690,XLI,XLI,XLI
KALA,2022-12-28,2022-12-27,2022-12-29,2023-01-13,VALID,True,A,0001479419,SEC_TICKERS,False,False,False,False,0,2018-11-01,2023-12-29,0,True,0001479419,[],[],True,False,False,0001479419,False,False,,False,True,False,False,2834,2834,XBI,XBI,XBI
KALA,2022-12-29,2022-12-28,2022-12-30,2023-01-17,VALID,True,A,0001479419,SEC_TICKERS,False,False,False,False,0,2018-11-01,2023-12-29,0,True,0001479419,[],[],True,False,False,0001479419,False,False,,False,True,False,False,2834,2834,XBI,XBI,XBI
PALI,2022-12-30,2022-12-29,2023-01-03,2023-01-18,VALID,True,A,0001357459,SEC_TICKERS,False,False,False,False,0,2018-11-01,2023-12-29,0,True,0001357459,[],[],True,False,False,0001357459,False,False,,False,True,False,False,2836,2836,XBI,XBI,XBI
FRMM,2023-01-03,2022-12-30,2023-01-04,2023-01-19,VALID,True,A,0001690080,SEC_TICKERS,False,False,False,False,0,2018-11-01,2023-12-29,412,False,,[],"[[""2026-03-02"", ""ETHZ""]]",False,False,False,,False,False,,False,True,False,False,6199,2834,SPY,XLF,XBI
HKD,2023-01-05,2023-01-04,2023-01-06,2023-01-23,VALID,True,A,0001809691,SEC_TICKERS,False,False,False,False,0,2022-07-15,2023-12-29,0,True,0001809691,[],[],False,False,False,,False,False,,False,False,False,False,6199,6199,XLF,XLF,XLF
ZLAB,2023-01-05,2023-01-04,2023-01-06,2023-01-23,VALID,True,A,0001704292,SEC_TICKERS,False,False,False,False,0,2018-11-01,2023-12-29,0,True,0001704292,[],[],True,False,False,0001704292,False,False,,False,True,False,False,2834,2834,XBI,XBI,XBI
AEHR,2023-01-06,2023-01-05,2023-01-09,2023-01-24,VALID,True,A,0001040470,SEC_TICKERS,False,False,False,False,0,2018-11-01,2023-12-29,0,True,0001040470,[],[],True,False,False,0001040470,False,False,,False,True,False,False,3825,3825,SPY,SPY,SPY
TKO,2023-01-06,2023-01-05,2023-01-09,2023-01-24,VALID,True,A,0001973266,SEC_TICKERS,False,False,False,False,0,2018-11-01,2023-12-29,0,False,,[],"[[""2023-09-12"", ""WWE""]]",False,False,True,,False,False,2025-03-24,False,False,False,False,7900,7900,SPY,SPY,SPY
WWE,2023-01-06,2023-01-05,2023-01-09,2023-01-24,VALID,True,B,0001973266,RENAME_CHAIN_FWD,False,False,False,False,0,2018-11-01,2023-09-11,0,True,0001973266,[],[],False,True,False,0001091907,False,False,,False,False,False,False,7900,7900,SPY,SPY,SPY
DCT,2023-01-09,2023-01-06,2023-01-10,2023-01-25,VALID,True,AC,0001160951,FORM345_TICKER,False,False,False,False,0,2020-08-14,2023-03-29,448,True,0001160951,[],[],True,False,False,0001160951,False,False,,False,True,False,False,7372,7372,XLK,XLK,XLK
PAYA,2023-01-09,2023-01-06,2023-01-10,2023-01-25,VALID,False,C,0001819881,FORM345_TICKER,False,False,False,False,0,2020-10-19,2023-02-21,0,True,0001819881,[],[],True,False,False,0001819881,True,False,,False,True,False,False,7389,7389,SPY,SPY,SPY
FRO,2023-01-10,2023-01-09,2023-01-11,2023-01-26,VALID,True,A,0000913290,SEC_TICKERS,False,False,False,False,0,2018-11-01,2023-12-29,0,True,0000913290,[],[],False,False,False,,False,False,1997-01-02,True,False,False,False,4412,4412,SPY,SPY,SPY
OSH,2023-01-10,2023-01-09,2023-01-11,2023-01-26,VALID,False,C,0001564406,FORM345_TICKER,False,False,False,False,0,2020-08-06,2023-05-01,0,True,0001564406,[],[],True,False,False,0001564406,True,False,,False,True,False,False,8000,8000,SPY,SPY,SPY
SHC,2023-01-10,2023-01-09,2023-01-11,2023-01-26,VALID,True,A,0001822479,SEC_TICKERS,False,False,False,False,0,2020-11-20,2023-12-29,0,True,0001822479,[],[],True,False,False,0001822479,False,False,,False,True,False,False,8090,8090,SPY,SPY,SPY
VISN,2023-01-12,2023-01-11,2023-01-13,2023-01-30,VALID,True,A,0001517228,SEC_TICKERS,False,False,False,False,0,2018-11-01,2023-12-29,0,False,,[],"[[""2026-01-14"", ""COMM""]]",False,False,False,,False,False,,False,True,False,False,3663,3663,SPY,XLI,XLI
NATI,2023-01-13,2023-01-12,2023-01-17,2023-01-31,VALID,False,C,0000935494,FORM345_TICKER,False,False,False,False,0,2018-11-01,2023-10-10,1,True,0000935494,[],[],True,False,False,0000935494,True,False,,False,True,False,False,7372,7372,XLK,XLK,XLK
SPCE,2023-01-13,2023-01-12,2023-01-17,2023-01-31,VALID,True,A,0001706946,SEC_TICKERS,False,False,False,False,0,2018-11-01,2023-12-29,0,True,0001706946,[],[],True,False,False,0001706946,False,False,,False,True,False,False,4700,4700,SPY,SPY,SPY
NATI,2023-01-17,2023-01-13,2023-01-18,2023-02-01,VALID,False,C,0000935494,FORM345_TICKER,False,False,False,False,0,2018-11-01,2023-10-10,1,True,0000935494,[],[],True,False,False,0000935494,True,False,,False,True,False,False,7372,7372,XLK,XLK,XLK
CNCE,2023-01-19,2023-01-18,2023-01-20,2023-02-03,VALID,False,C,0001367920,FORM345_TICKER,False,False,False,False,0,2018-11-01,2023-03-03,0,True,0001367920,[],[],True,False,False,0001367920,True,False,,False,True,False,False,2834,2834,XBI,XBI,XBI
COSM,2023-01-20,2023-01-19,2023-01-23,2023-02-06,VALID,True,A,0001474167,SEC_TICKERS,False,False,False,False,0,2022-02-28,2023-12-29,0,True,0001474167,[],[],True,False,False,0001474167,False,False,,False,True,False,False,5122,5122,SPY,SPY,SPY
AQUA,2023-01-23,2023-01-20,2023-01-24,2023-02-07,VALID,False,C,0001604643,FORM345_TICKER,False,False,False,False,0,2018-11-01,2023-05-23,0,True,0001604643,[],[],True,False,False,0001604643,True,False,,False,True,False,False,3580,3580,SPY,SPY,SPY
PLRX,2023-01-23,2023-01-20,2023-01-24,2023-02-07,VALID,True,A,0001746473,SEC_TICKERS,False,False,False,False,0,2020-06-03,2023-12-29,0,True,0001746473,[],[],True,False,False,0001746473,False,False,,False,True,False,False,2834,2834,XBI,XBI,XBI
TOL,2023-01-24,2023-01-23,2023-01-25,2023-02-08,VALID,True,A,0000794170,SEC_TICKERS,False,False,False,False,0,2018-11-01,2023-12-29,0,True,0000794170,[],[],True,False,False,0000794170,False,False,,False,True,False,False,1531,1531,SPY,SPY,SPY
LRN,2023-01-25,2023-01-24,2023-01-26,2023-02-09,VALID,True,A,0001157408,SEC_TICKERS,False,False,False,False,0,2018-11-01,2023-12-29,0,True,0001157408,[],[],True,False,False,0001157408,False,False,,False,True,False,False,8200,8200,SPY,SPY,SPY
XM,2023-01-26,2023-01-25,2023-01-27,2023-02-10,VALID,False,C,0001747748,FORM345_TICKER,False,False,False,False,0,2021-01-28,2023-06-27,563,True,0001747748,[],[],True,False,False,0001747748,True,False,,False,True,False,False,7372,7372,XLK,XLK,XLK
MSGM,2023-01-31,2023-01-30,2023-02-01,2023-02-15,VALID,True,A,0001821175,SEC_TICKERS,False,False,False,False,0,2021-01-13,2023-12-29,0,True,0001821175,[],[],True,False,False,0001821175,False,False,,False,True,False,False,7372,7372,XLK,XLK,XLK
DT,2023-02-01,2023-01-31,2023-02-02,2023-02-16,VALID,True,A,0001773383,SEC_TICKERS,False,False,False,False,0,2019-08-01,2023-12-29,0,True,0001773383,[],[],True,False,False,0001773383,False,False,,False,True,False,False,7372,7372,XLK,XLK,XLK
MSGM,2023-02-01,2023-01-31,2023-02-02,2023-02-16,VALID,True,A,0001821175,SEC_TICKERS,False,False,False,False,0,2021-01-13,2023-12-29,0,True,0001821175,[],[],True,False,False,0001821175,False,False,,False,True,False,False,7372,7372,XLK,XLK,XLK
ALGT,2023-02-02,2023-02-01,2023-02-03,2023-02-17,VALID,True,A,0001362468,SEC_TICKERS,False,False,False,False,0,2018-11-01,2023-12-29,0,True,0001362468,[],[],True,False,False,0001362468,False,False,,False,True,False,False,4512,4512,SPY,SPY,SPY
ELF,2023-02-02,2023-02-01,2023-02-03,2023-02-17,VALID,True,A,0001600033,SEC_TICKERS,False,False,False,False,0,2018-11-01,2023-12-29,0,True,0001600033,[],[],True,False,False,0001600033,False,False,,False,True,False,False,2844,2844,SPY,SPY,SPY
FOCS,2023-02-02,2023-02-01,2023-02-03,2023-02-17,VALID,False,C,0001651052,FORM345_TICKER,False,False,False,False,0,2018-11-01,2023-08-30,1,True,0001651052,[],[],True,False,False,0001651052,True,False,,False,True,False,False,6282,6282,XLF,XLF,XLF
BBAI,2023-02-06,2023-02-03,2023-02-07,2023-02-22,VALID,True,A,0001836981,SEC_TICKERS,False,False,False,False,0,2021-04-05,2023-12-29,342,True,0001836981,[],[],True,False,False,0001836981,False,False,,False,True,False,False,7372,7372,XLK,XLK,XLK
LSI,2023-02-06,2023-02-03,2023-02-07,2023-02-22,VALID,False,C,0000944314,FORM345_TICKER,False,False,False,False,0,2018-11-01,2023-07-19,0,True,0000944314,[],[],True,False,False,0000944314,True,False,1996-01-02,True,True,False,False,6798,6798,XLF,XLF,XLF
LAC,2023-02-07,2023-02-06,2023-02-08,2023-02-23,VALID,True,ABC,0001966983,SEC_TICKERS,False,False,False,False,0,2018-11-01,2023-12-29,0,True,0001966983,[],[],False,False,False,,False,False,,False,False,False,False,1000,1000,XLE,XLE,XLE
EHC,2023-02-08,2023-02-07,2023-02-09,2023-02-24,VALID,True,A,0000785161,SEC_TICKERS,False,False,False,False,0,2018-11-01,2023-12-29,0,True,0000785161,[],[],True,False,False,0000785161,False,False,1997-01-08,True,True,False,False,8060,8060,SPY,SPY,SPY
MANU,2023-02-08,2023-02-07,2023-02-09,2023-02-24,VALID,True,A,0001549107,SEC_TICKERS,False,False,False,False,0,2018-11-01,2023-12-29,0,True,0001549107,[],[],False,False,False,,False,False,,False,False,False,False,7900,7900,SPY,SPY,SPY
NEWR,2023-02-08,2023-02-07,2023-02-09,2023-02-24,VALID,False,C,0001448056,FORM345_TICKER,False,False,False,False,0,2018-11-01,2023-11-07,0,True,0001448056,[],[],True,False,False,0001448056,True,False,,False,True,False,False,7372,7372,XLK,XLK,XLK
ZWS,2023-02-08,2023-02-07,2023-02-09,2023-02-24,VALID,True,A,0001439288,SEC_TICKERS,False,False,False,False,0,2018-11-01,2023-12-29,0,True,0001439288,[],[],True,False,False,0001439288,False,False,,False,True,False,False,3560,3560,SPY,SPY,SPY
APP,2023-02-09,2023-02-08,2023-02-10,2023-02-27,VALID,True,A,0001751008,SEC_TICKERS,False,False,False,False,0,2021-04-15,2023-12-29,0,True,0001751008,[],[],True,False,False,0001751008,False,False,2025-09-22,False,True,False,False,7370,7370,XLK,XLK,XLK
FLNC,2023-02-09,2023-02-08,2023-02-10,2023-02-27,VALID,True,A,0001868941,SEC_TICKERS,False,False,False,False,0,2021-10-28,2023-12-29,0,True,0001868941,[],[],True,False,False,0001868941,False,False,,False,True,False,False,3690,3690,XLI,XLI,XLI
SONO,2023-02-09,2023-02-08,2023-02-10,2023-02-27,VALID,True,A,0001314727,SEC_TICKERS,False,False,False,False,0,2018-11-01,2023-12-29,0,True,0001314727,[],[],True,False,False,0001314727,False,False,,False,True,False,False,3651,3651,XLI,XLI,XLI
FSLY,2023-02-13,2023-02-10,2023-02-14,2023-03-01,VALID,True,A,0001517413,SEC_TICKERS,False,False,False,False,0,2019-05-17,2023-12-29,0,True,0001517413,[],[],True,False,False,0001517413,False,False,,False,True,False,False,7372,7372,XLK,XLK,XLK
MNDY,2023-02-13,2023-02-10,2023-02-14,2023-03-01,VALID,True,A,0001845338,SEC_TICKERS,False,False,False,False,0,2021-06-10,2023-12-29,0,True,0001845338,[],[],False,False,False,,False,False,,False,False,False,False,7372,7372,XLK,XLK,XLK
CYH,2023-02-16,2023-02-15,2023-02-17,2023-03-06,VALID,True,A,0001108109,SEC_TICKERS,False,False,False,False,0,2018-11-01,2023-12-29,0,True,0001108109,[],[],True,False,False,0001108109,False,False,,False,True,False,False,8062,8062,SPY,SPY,SPY
FRHC,2023-02-16,2023-02-15,2023-02-17,2023-03-06,VALID,True,A,0000924805,SEC_TICKERS,False,False,False,False,0,2019-10-15,2023-12-29,0,True,0000924805,[],[],True,False,False,0000924805,False,False,,False,True,False,False,6211,6211,XLF,XLF,XLF
NTRA,2023-02-16,2023-02-15,2023-02-17,2023-03-06,VALID,True,A,0001604821,SEC_TICKERS,False,False,False,False,0,2018-11-01,2023-12-29,0,True,0001604821,[],[],True,False,False,0001604821,False,False,,False,True,False,False,8071,8071,SPY,SPY,SPY
TA,2023-02-16,2023-02-15,2023-02-17,2023-03-06,VALID,False,C,0001378453,FORM345_TICKER,False,False,False,False,0,2018-11-01,2023-05-12,0,True,0001378453,[],[],True,False,False,0001378453,True,False,1996-01-02,True,True,False,False,5500,5500,SPY,SPY,SPY
SGML,2023-02-21,2023-02-17,2023-02-22,2023-03-08,VALID,True,A,0001848309,SEC_TICKERS,False,False,False,False,0,2021-09-13,2023-12-29,0,True,0001848309,[],[],False,False,False,,False,False,,False,False,False,False,1000,1000,XLE,XLE,XLE
VIR,2023-02-21,2023-02-17,2023-02-22,2023-03-08,VALID,True,A,0001706431,SEC_TICKERS,False,False,False,False,0,2019-10-11,2023-12-29,0,True,0001706431,[],[],True,False,False,0001706431,False,False,,False,True,False,False,2836,2836,XBI,XBI,XBI
FVRR,2023-02-22,2023-02-21,2023-02-23,2023-03-09,VALID,True,A,0001762301,SEC_TICKERS,False,False,False,False,0,2019-06-13,2023-12-29,0,True,0001762301,[],[],False,False,False,,False,False,,False,False,False,False,7389,7389,SPY,SPY,SPY
VRT,2023-02-22,2023-02-21,2023-02-23,2023-03-09,VALID,True,A,0001674101,SEC_TICKERS,False,False,False,False,0,2018-11-02,2023-12-29,18,True,0001674101,[],[],True,False,False,0001674101,False,False,2026-03-23,False,True,False,False,3679,3679,XLI,XLI,XLI
WIX,2023-02-22,2023-02-21,2023-02-23,2023-03-09,VALID,True,A,0001576789,SEC_TICKERS,False,False,False,False,0,2018-11-01,2023-12-29,0,True,0001576789,[],[],False,False,False,,False,False,,False,False,False,False,7370,7370,XLK,XLK,XLK
ENVX,2023-02-23,2023-02-22,2023-02-24,2023-03-10,VALID,True,A,0001828318,SEC_TICKERS,False,False,False,False,0,2021-01-05,2023-12-29,0,True,0001828318,[],[],True,False,False,0001828318,False,False,,False,True,False,False,3690,3690,XLI,XLI,XLI
LNTH,2023-02-23,2023-02-22,2023-02-24,2023-03-10,VALID,True,A,0001521036,SEC_TICKERS,False,False,False,False,0,2018-11-01,2023-12-29,0,True,0001521036,[],[],True,False,False,0001521036,False,False,,False,True,False,False,2835,2835,XBI,XBI,XBI
LUNR,2023-02-23,2023-02-22,2023-02-24,2023-03-10,VALID,True,A,0001844452,SEC_TICKERS,False,False,False,False,0,2021-11-17,2023-12-29,115,True,0001844452,[],[],True,False,False,0001844452,False,False,,False,True,False,False,3812,3812,SPY,SPY,SPY
TMDX,2023-02-23,2023-02-22,2023-02-24,2023-03-10,VALID,True,A,0001756262,SEC_TICKERS,False,False,False,False,0,2019-05-02,2023-12-29,2,True,0001756262,[],[],True,False,False,0001756262,False,False,,False,True,False,False,3845,3845,XLV,XLV,XLV
VCYT,2023-02-23,2023-02-22,2023-02-24,2023-03-10,VALID,True,A,0001384101,SEC_TICKERS,False,False,False,False,0,2018-11-01,2023-12-29,0,True,0001384101,[],[],True,False,False,0001384101,False,False,,False,True,False,False,8071,8071,SPY,SPY,SPY
BYND,2023-02-24,2023-02-23,2023-02-27,2023-03-13,VALID,True,A,0001655210,SEC_TICKERS,False,False,False,False,0,2019-05-02,2023-12-29,0,True,0001655210,[],[],True,False,False,0001655210,False,False,,False,True,False,False,2000,2000,SPY,SPY,SPY
LUNR,2023-02-24,2023-02-23,2023-02-27,2023-03-13,VALID,True,A,0001844452,SEC_TICKERS,False,False,False,False,0,2021-11-17,2023-12-29,115,True,0001844452,[],[],True,False,False,0001844452,False,False,,False,True,False,False,3812,3812,SPY,SPY,SPY
RLAY,2023-02-24,2023-02-23,2023-02-27,2023-03-13,VALID,True,A,0001812364,SEC_TICKERS,False,False,False,False,0,2020-07-16,2023-12-29,0,True,0001812364,[],[],True,False,False,0001812364,False,False,,False,True,False,False,2836,2836,XBI,XBI,XBI
HIMS,2023-02-28,2023-02-27,2023-03-01,2023-03-15,VALID,True,A,0001773751,SEC_TICKERS,False,False,False,False,0,2019-09-13,2023-12-29,63,True,0001773751,[],[],True,False,False,0001773751,False,False,,False,True,False,False,8011,8011,SPY,SPY,SPY
KTB,2023-02-28,2023-02-27,2023-03-01,2023-03-15,VALID,True,A,0001760965,SEC_TICKERS,False,False,False,False,0,2019-05-23,2023-12-29,0,True,0001760965,[],[],True,False,False,0001760965,False,False,,False,True,False,False,2320,2320,SPY,SPY,SPY
PGNY,2023-02-28,2023-02-27,2023-03-01,2023-03-15,VALID,True,A,0001551306,SEC_TICKERS,False,False,False,False,0,2019-10-25,2023-12-29,0,True,0001551306,[],[],True,False,False,0001551306,False,False,,False,True,False,False,8090,8090,SPY,SPY,SPY
RVMD,2023-02-28,2023-02-27,2023-03-01,2023-03-15,VALID,True,A,0001628171,SEC_TICKERS,False,False,False,False,0,2020-02-13,2023-12-29,0,True,0001628171,[],[],True,False,False,0001628171,False,False,,False,True,False,False,2836,2836,XBI,XBI,XBI
SKIN,2023-02-28,2023-02-27,2023-03-01,2023-03-15,VALID,True,A,0001818093,SEC_TICKERS,False,False,False,False,0,2020-11-24,2023-12-29,0,True,0001818093,[],[],True,False,False,0001818093,False,False,,False,True,False,False,3841,3841,XLV,XLV,XLV
XRAY,2023-02-28,2023-02-27,2023-03-01,2023-03-15,VALID,True,AD,0000818479,SEC_TICKERS,False,False,False,False,0,2018-11-01,2023-12-29,0,True,0000818479,[],[],True,False,False,0000818479,False,True,2008-11-14,True,True,False,False,3843,3843,XLV,XLV,XLV
BGS,2023-03-01,2023-02-28,2023-03-02,2023-03-16,VALID,True,A,0001278027,SEC_TICKERS,False,False,False,False,0,2018-11-01,2023-12-29,0,True,0001278027,[],[],True,False,False,0001278027,False,False,,False,True,False,False,2000,2000,SPY,SPY,SPY
DUOL,2023-03-01,2023-02-28,2023-03-02,2023-03-16,VALID,True,A,0001562088,SEC_TICKERS,False,False,False,False,0,2021-07-28,2023-12-29,0,True,0001562088,[],[],True,False,False,0001562088,False,False,,False,True,False,False,7372,7372,XLK,XLK,XLK
DY,2023-03-01,2023-02-28,2023-03-02,2023-03-16,VALID,True,A,0000067215,SEC_TICKERS,False,False,False,False,0,2018-11-01,2023-12-29,0,True,0000067215,[],[],True,False,False,0000067215,False,False,,False,True,False,False,1623,1623,SPY,SPY,SPY
AGL,2023-03-02,2023-03-01,2023-03-03,2023-03-17,VALID,True,A,0001831097,SEC_TICKERS,False,False,False,False,0,2021-04-15,2023-12-29,0,True,0001831097,[],[],True,False,False,0001831097,False,False,,False,True,False,False,8090,8090,SPY,SPY,SPY
SFM,2023-03-02,2023-03-01,2023-03-03,2023-03-17,VALID,True,A,0001575515,SEC_TICKERS,False,False,False,False,0,2018-11-01,2023-12-29,0,True,0001575515,[],[],True,False,False,0001575515,False,False,,False,True,False,False,5411,5411,SPY,SPY,SPY
IOT,2023-03-03,2023-03-02,2023-03-06,2023-03-20,VALID,True,A,0001642896,SEC_TICKERS,False,False,False,False,0,2021-12-15,2023-12-29,0,True,0001642896,[],[],True,False,False,0001642896,False,False,,False,True,False,False,7373,7373,XLK,XLK,XLK
XPOF,2023-03-03,2023-03-02,2023-03-06,2023-03-20,VALID,True,A,0001802156,SEC_TICKERS,False,False,False,False,0,2021-07-23,2023-12-29,0,True,0001802156,[],[],True,False,False,0001802156,False,False,,False,True,False,False,7990,7990,SPY,SPY,SPY
AZUL,2023-03-06,2023-03-03,2023-03-07,2023-03-21,VALID,True,A,,UNMAPPED,False,False,False,False,0,2018-11-01,2023-12-29,0,False,,[],"[[""2026-06-01"", ""AZLUY""]]",False,False,False,,False,False,,False,False,False,False,,,SPY,SPY,SPY
BBIO,2023-03-06,2023-03-03,2023-03-07,2023-03-21,VALID,True,A,0001743881,SEC_TICKERS,False,False,False,False,0,2019-06-27,2023-12-29,0,True,0001743881,[],[],True,False,False,0001743881,False,False,,False,True,False,False,2834,2834,XBI,XBI,XBI
CIEN,2023-03-06,2023-03-03,2023-03-07,2023-03-21,VALID,True,A,0000936395,SEC_TICKERS,False,False,False,False,0,2018-11-01,2023-12-29,0,True,0000936395,[],[],True,False,False,0000936395,False,False,2001-08-30,True,True,False,False,3661,3661,XLI,XLI,XLI
KALA,2023-03-06,2023-03-03,2023-03-07,2023-03-21,VALID,True,A,0001479419,SEC_TICKERS,False,False,False,False,0,2018-11-01,2023-12-29,0,True,0001479419,[],[],True,False,False,0001479419,False,False,,False,True,False,False,2834,2834,XBI,XBI,XBI
PTGX,2023-03-07,2023-03-06,2023-03-08,2023-03-22,VALID,True,A,0001377121,SEC_TICKERS,False,False,False,False,0,2018-11-01,2023-12-29,0,True,0001377121,[],[],True,False,False,0001377121,False,False,,False,True,False,False,2834,2834,XBI,XBI,XBI
WW,2023-03-07,2023-03-06,2023-03-08,2023-03-22,VALID,True,A,0000105319,FORM345_TICKER,False,False,False,False,0,2019-04-22,2023-12-29,0,False,,[],"[[""2025-07-08"", ""WGHW""]]",True,False,False,0000105319,False,False,,False,True,False,False,7200,7200,SPY,SPY,SPY
DSEY,2023-03-08,2023-03-07,2023-03-09,2023-03-23,VALID,False,C,0001831617,FORM345_TICKER,False,False,False,False,0,2021-03-25,2023-07-05,0,True,0001831617,[],[],True,False,False,0001831617,True,False,,False,True,False,False,2842,2842,SPY,SPY,SPY
ASAN,2023-03-09,2023-03-08,2023-03-10,2023-03-24,VALID,True,A,0001477720,SEC_TICKERS,False,False,False,False,0,2020-09-30,2023-12-29,0,True,0001477720,[],[],True,False,False,0001477720,False,False,,False,True,False,False,7372,7372,XLK,XLK,XLK
PRVB,2023-03-13,2023-03-10,2023-03-14,2023-03-28,VALID,False,C,0001695357,FORM345_TICKER,False,False,False,False,0,2018-11-01,2023-04-26,1,True,0001695357,[],[],True,False,False,0001695357,True,False,,False,True,False,False,2834,2834,XBI,XBI,XBI
AMLX,2023-03-14,2023-03-13,2023-03-15,2023-03-29,VALID,True,A,0001658551,SEC_TICKERS,False,False,False,False,0,2022-01-07,2023-12-29,1,True,0001658551,[],[],True,False,False,0001658551,False,False,,False,True,False,False,2834,2834,XBI,XBI,XBI
BOH,2023-03-14,2023-03-13,2023-03-15,2023-03-29,VALID,True,A,0000046195,SEC_TICKERS,False,False,False,False,0,2018-11-01,2023-12-29,0,True,0000046195,[],[],True,False,False,0000046195,False,False,,False,True,False,False,6022,6022,XLF,XLF,XLF
CUBI,2023-03-14,2023-03-13,2023-03-15,2023-03-29,VALID,True,A,0001488813,SEC_TICKERS,False,False,False,False,0,2018-11-01,2023-12-29,0,True,0001488813,[],[],True,False,False,0001488813,False,False,,False,True,False,False,6022,6022,XLF,XLF,XLF
CVBF,2023-03-14,2023-03-13,2023-03-15,2023-03-29,VALID,True,A,0000354647,SEC_TICKERS,False,False,False,False,0,2018-11-01,2023-12-29,0,True,0000354647,[],[],True,False,False,0000354647,False,False,,False,True,False,False,6022,6022,XLF,XLF,XLF
MNTV,2023-03-14,2023-03-13,2023-03-15,2023-03-29,VALID,False,C,0001739936,FORM345_TICKER,False,False,False,False,0,2021-06-15,2023-05-31,0,True,0001739936,[],[],True,False,False,0001739936,True,False,,False,True,False,False,7370,7370,XLK,XLK,XLK
SBCF,2023-03-14,2023-03-13,2023-03-15,2023-03-29,VALID,True,A,0000730708,SEC_TICKERS,False,False,False,False,0,2018-11-01,2023-12-29,0,True,0000730708,[],[],True,False,False,0000730708,False,False,,False,True,False,False,6022,6022,XLF,XLF,XLF
UCB,2023-03-14,2023-03-13,2023-03-15,2023-03-29,VALID,True,A,0000857855,SEC_TICKERS,False,False,False,False,0,2018-11-01,2023-12-29,0,True,0000857855,[],[],False,False,False,,False,False,,False,True,False,False,6022,6022,XLF,XLF,XLF
UMBF,2023-03-14,2023-03-13,2023-03-15,2023-03-29,VALID,True,A,0000101382,SEC_TICKERS,False,False,False,False,0,2018-11-01,2023-12-29,0,True,0000101382,[],[],True,False,False,0000101382,False,False,,False,True,False,False,6021,6021,XLF,XLF,XLF
UNVR,2023-03-14,2023-03-13,2023-03-15,2023-03-29,VALID,False,C,0001494319,FORM345_TICKER,False,False,False,False,0,2018-11-01,2023-07-31,0,True,0001494319,[],[],True,False,False,0001494319,True,False,,False,True,False,False,5160,5160,SPY,SPY,SPY
ONON,2023-03-21,2023-03-20,2023-03-22,2023-04-05,VALID,True,A,0001858985,SEC_TICKERS,False,False,False,False,0,2021-09-15,2023-12-29,0,True,0001858985,[],[],False,False,False,,False,False,,False,False,False,False,3021,3021,SPY,SPY,SPY
OLLI,2023-03-22,2023-03-21,2023-03-23,2023-04-06,VALID,True,A,0001639300,SEC_TICKERS,False,False,False,False,0,2018-11-01,2023-12-29,0,True,0001639300,[],[],True,False,False,0001639300,False,False,,False,True,False,False,5331,5331,SPY,SPY,SPY
BLKB,2023-03-27,2023-03-24,2023-03-28,2023-04-12,VALID,True,A,0001280058,SEC_TICKERS,False,False,False,False,0,2018-11-01,2023-12-29,0,True,0001280058,[],[],True,False,False,0001280058,False,False,,False,True,False,False,7372,7372,XLK,XLK,XLK
BMEA,2023-03-28,2023-03-27,2023-03-29,2023-04-13,VALID,True,A,0001840439,SEC_TICKERS,False,False,False,False,0,2021-04-16,2023-12-29,0,True,0001840439,[],[],True,False,False,0001840439,False,False,,False,True,False,False,2834,2834,XBI,XBI,XBI
OSCR,2023-03-28,2023-03-27,2023-03-29,2023-04-13,VALID,True,A,0001568651,SEC_TICKERS,False,False,False,False,0,2021-03-03,2023-12-29,0,True,0001568651,[],[],True,False,False,0001568651,False,False,,False,True,False,False,6324,6324,XLF,XLF,XLF
PVH,2023-03-28,2023-03-27,2023-03-29,2023-04-13,VALID,True,AD,0000078239,SEC_TICKERS,False,False,False,False,0,2018-11-01,2023-12-29,0,True,0000078239,[],[],True,False,False,0000078239,False,False,2013-02-14,True,True,False,False,2320,2320,SPY,SPY,SPY
VKTX,2023-03-28,2023-03-27,2023-03-29,2023-04-13,VALID,True,A,0001607678,SEC_TICKERS,False,False,False,False,0,2018-11-01,2023-12-29,0,True,0001607678,[],[],True,False,False,0001607678,False,False,,False,True,False,False,2834,2834,XBI,XBI,XBI
EBS,2023-03-29,2023-03-28,2023-03-30,2023-04-14,VALID,True,A,0001367644,SEC_TICKERS,False,False,False,False,0,2018-11-01,2023-12-29,0,True,0001367644,[],[],True,False,False,0001367644,False,False,,False,True,False,False,2834,2834,XBI,XBI,XBI
FLNC,2023-03-30,2023-03-29,2023-03-31,2023-04-17,VALID,True,A,0001868941,SEC_TICKERS,False,False,False,False,0,2021-10-28,2023-12-29,0,True,0001868941,[],[],True,False,False,0001868941,False,False,,False,True,False,False,3690,3690,XLI,XLI,XLI
MCB,2023-03-31,2023-03-30,2023-04-03,2023-04-18,VALID,True,A,0001476034,SEC_TICKERS,False,False,False,False,0,2018-11-01,2023-12-29,0,True,0001476034,[],[],True,False,False,0001476034,False,False,,False,True,False,False,6022,6022,XLF,XLF,XLF
GFAI,2023-04-03,2023-03-31,2023-04-04,2023-04-19,VALID,True,A,0001804469,SEC_TICKERS,False,False,False,False,0,2021-09-29,2023-12-29,0,True,0001804469,[],[],False,False,False,,False,False,,False,False,False,False,7381,7381,SPY,SPY,SPY
HSKA,2023-04-03,2023-03-31,2023-04-04,2023-04-19,VALID,False,C,0001038133,FORM345_TICKER,False,False,False,False,0,2018-11-01,2023-06-12,0,True,0001038133,[],[],True,False,False,0001038133,True,False,,False,True,False,False,2835,2835,XBI,XBI,XBI
CDLX,2023-04-04,2023-04-03,2023-04-05,2023-04-20,VALID,True,A,0001666071,SEC_TICKERS,False,False,False,False,0,2018-11-01,2023-12-29,0,True,0001666071,[],[],True,False,False,0001666071,False,False,,False,True,False,False,7370,7370,XLK,XLK,XLK
IFRX,2023-04-05,2023-04-04,2023-04-06,2023-04-21,VALID,True,A,0001708688,SEC_TICKERS,False,False,False,False,0,2018-11-01,2023-12-29,0,True,0001708688,[],[],False,False,False,,False,False,,False,False,False,False,2834,2834,XBI,XBI,XBI
GFAI,2023-04-10,2023-04-06,2023-04-11,2023-04-25,VALID,True,A,0001804469,SEC_TICKERS,False,False,False,False,0,2021-09-29,2023-12-29,0,True,0001804469,[],[],False,False,False,,False,False,,False,False,False,False,7381,7381,SPY,SPY,SPY
PKX,2023-04-10,2023-04-06,2023-04-11,2023-04-25,VALID,True,A,0000889132,SEC_TICKERS,False,False,False,False,0,2018-11-01,2023-12-29,0,True,0000889132,[],[],False,False,False,,False,False,,False,False,False,True,3312,3312,SPY,SPY,SPY
WW,2023-04-11,2023-04-10,2023-04-12,2023-04-26,VALID,True,A,0000105319,FORM345_TICKER,False,False,False,False,0,2019-04-22,2023-12-29,0,False,,[],"[[""2025-07-08"", ""WGHW""]]",True,False,False,0000105319,False,False,,False,True,False,False,7200,7200,SPY,SPY,SPY
TRTN,2023-04-12,2023-04-11,2023-04-13,2023-04-27,VALID,False,C,0001660734,FORM345_TICKER,False,False,False,False,0,2018-11-01,2023-09-27,0,True,0001660734,[],[],True,False,False,0001660734,True,False,,False,True,False,False,7359,7359,SPY,SPY,SPY
CXAI,2023-04-13,2023-04-12,2023-04-14,2023-04-28,VALID,True,A,0001820875,SEC_TICKERS,False,False,False,False,0,2021-02-04,2023-12-29,62,True,0001820875,[],[],True,False,False,0001820875,False,False,,False,True,False,False,7372,7372,XLK,XLK,XLK
BFRG,2023-04-14,2023-04-13,2023-04-17,2023-05-01,VALID,True,A,0001829247,SEC_TICKERS,False,False,False,False,0,2023-02-14,2023-12-29,0,True,0001829247,[],[],False,False,False,,False,False,,False,False,False,False,2834,2834,XBI,XBI,XBI
CXAI,2023-04-14,2023-04-13,2023-04-17,2023-05-01,VALID,True,A,0001820875,SEC_TICKERS,False,False,False,False,0,2021-02-04,2023-12-29,62,True,0001820875,[],[],True,False,False,0001820875,False,False,,False,True,False,False,7372,7372,XLK,XLK,XLK
PCVX,2023-04-17,2023-04-14,2023-04-18,2023-05-02,VALID,True,A,0001649094,SEC_TICKERS,False,False,False,False,0,2020-06-12,2023-12-29,0,True,0001649094,[],[],True,False,False,0001649094,False,False,,False,True,False,False,2836,2836,XBI,XBI,XBI
ROIV,2023-04-17,2023-04-14,2023-04-18,2023-05-02,VALID,True,A,0001635088,SEC_TICKERS,False,False,False,False,0,2020-12-08,2023-12-29,0,True,0001635088,[],[],True,False,False,0001635088,False,False,,False,True,False,False,2834,2834,XBI,XBI,XBI
LEGN,2023-04-19,2023-04-18,2023-04-20,2023-05-04,VALID,True,A,0001801198,SEC_TICKERS,False,False,False,False,0,2020-06-05,2023-12-29,0,True,0001801198,[],[],False,False,False,,False,False,,False,False,False,False,2834,2834,XBI,XBI,XBI
MCB,2023-04-19,2023-04-18,2023-04-20,2023-05-04,VALID,True,A,0001476034,SEC_TICKERS,False,False,False,False,0,2018-11-01,2023-12-29,0,True,0001476034,[],[],True,False,False,0001476034,False,False,,False,True,False,False,6022,6022,XLF,XLF,XLF
CALX,2023-04-20,2023-04-19,2023-04-21,2023-05-05,VALID,True,A,0001406666,SEC_TICKERS,False,False,False,False,0,2018-11-01,2023-12-29,0,True,0001406666,[],[],False,False,False,,False,False,,False,True,False,False,4899,4899,SPY,SPY,SPY
KC,2023-04-20,2023-04-19,2023-04-21,2023-05-05,VALID,True,A,0001795589,SEC_TICKERS,False,False,False,False,0,2020-05-08,2023-12-29,0,True,0001795589,[],[],False,False,False,,False,False,,False,False,False,False,7372,7372,XLK,XLK,XLK
XPO,2023-04-20,2023-04-19,2023-04-21,2023-05-05,VALID,True,A,0001166003,SEC_TICKERS,False,False,False,False,0,2018-11-01,2023-12-29,0,True,0001166003,[],[],True,False,False,0001166003,False,False,,False,True,False,False,4700,4700,SPY,SPY,SPY
LOGC,2023-04-21,2023-04-20,2023-04-24,2023-05-08,VALID,False,C,0001664106,FORM345_TICKER,False,False,False,False,0,2020-12-16,2023-12-29,0,False,,[],"[[""2024-05-13"", ""WISH""], [""2026-02-23"", ""LOGCD""]]",True,False,False,0001664106,True,False,,False,True,False,False,2836,2836,SPY,XBI,XBI
PHG,2023-04-24,2023-04-21,2023-04-25,2023-05-09,VALID,True,A,0000313216,SEC_TICKERS,False,False,False,False,0,2018-11-01,2023-12-29,0,True,0000313216,[],[],False,False,False,,False,False,,False,False,False,False,3844,3844,XLV,XLV,XLV
ARWR,2023-04-25,2023-04-24,2023-04-26,2023-05-10,VALID,True,A,0000879407,SEC_TICKERS,False,False,False,False,0,2018-11-01,2023-12-29,0,True,0000879407,[],[],True,False,False,0000879407,False,False,,False,True,False,False,2834,2834,XBI,XBI,XBI
MEDP,2023-04-25,2023-04-24,2023-04-26,2023-05-10,VALID,True,A,0001668397,SEC_TICKERS,False,False,False,False,0,2018-11-01,2023-12-29,0,True,0001668397,[],[],True,False,False,0001668397,False,False,,False,True,False,False,8731,8731,SPY,SPY,SPY
VRT,2023-04-26,2023-04-25,2023-04-27,2023-05-11,VALID,True,A,0001674101,SEC_TICKERS,False,False,False,False,0,2018-11-02,2023-12-29,18,True,0001674101,[],[],True,False,False,0001674101,False,False,2026-03-23,False,True,False,False,3679,3679,XLI,XLI,XLI
HUDI,2023-04-28,2023-04-27,2023-05-01,2023-05-15,VALID,True,A,0001791725,SEC_TICKERS,False,False,False,False,0,2021-01-22,2023-12-29,0,True,0001791725,[],[],False,False,False,,False,False,,False,False,False,False,3317,3317,SPY,SPY,SPY
TOP,2023-04-28,2023-04-27,2023-05-01,2023-05-15,VALID,True,A,0001848275,SEC_TICKERS,False,False,False,True,0,2022-06-01,2023-12-29,10,True,0001848275,[],[],False,False,False,,False,False,,False,False,False,False,6200,6200,XLF,XLF,XLF
CDLX,2023-05-01,2023-04-28,2023-05-02,2023-05-16,VALID,True,A,0001666071,SEC_TICKERS,False,False,False,False,0,2018-11-01,2023-12-29,0,True,0001666071,[],[],True,False,False,0001666071,False,False,,False,True,False,False,7370,7370,XLK,XLK,XLK
FLS,2023-05-02,2023-05-01,2023-05-03,2023-05-17,VALID,True,AD,0000030625,SEC_TICKERS,False,False,False,False,0,2018-11-01,2023-12-29,0,True,0000030625,[],[],True,False,False,0000030625,False,False,2008-10-02,True,True,False,False,3561,3561,SPY,SPY,SPY
SFM,2023-05-02,2023-05-01,2023-05-03,2023-05-17,VALID,True,A,0001575515,SEC_TICKERS,False,False,False,False,0,2018-11-01,2023-12-29,0,True,0001575515,[],[],True,False,False,0001575515,False,False,,False,True,False,False,5411,5411,SPY,SPY,SPY
WWD,2023-05-02,2023-05-01,2023-05-03,2023-05-17,VALID,True,A,0000108312,SEC_TICKERS,False,False,False,False,0,2018-11-01,2023-12-29,0,True,0000108312,[],[],True,False,False,0000108312,False,False,,False,True,False,False,3620,3620,XLI,XLI,XLI
BCRX,2023-05-03,2023-05-02,2023-05-04,2023-05-18,VALID,True,A,0000882796,SEC_TICKERS,False,False,False,False,0,2018-11-01,2023-12-29,0,True,0000882796,[],[],True,False,False,0000882796,False,False,,False,True,False,False,2836,2836,XBI,XBI,XBI
FRSH,2023-05-03,2023-05-02,2023-05-04,2023-05-18,VALID,True,A,0001544522,SEC_TICKERS,False,False,False,False,0,2021-09-22,2023-12-29,0,True,0001544522,[],[],True,False,False,0001544522,False,False,,False,True,False,False,7372,7372,XLK,XLK,XLK
GDC,2023-05-03,2023-05-02,2023-05-04,2023-05-18,VALID,True,A,0001641398,SEC_TICKERS,False,False,False,False,2,2018-11-07,2023-12-29,255,True,0001641398,[],[],True,False,False,0001641398,False,False,,False,True,False,False,5050,5050,SPY,SPY,SPY
RUTH,2023-05-03,2023-05-02,2023-05-04,2023-05-18,VALID,False,C,0001324272,FORM345_TICKER,False,False,False,False,0,2018-11-01,2023-06-13,1,True,0001324272,[],[],True,False,False,0001324272,True,False,,False,True,False,False,5812,5812,SPY,SPY,SPY
ARNC,2023-05-04,2023-05-03,2023-05-05,2023-05-19,VALID,False,CD,,FORM345_AMBIGUOUS,False,False,False,False,0,2018-11-01,2023-08-17,0,False,,[],[],False,True,False,0001790982,True,False,1996-01-02,True,False,False,False,,,SPY,SPY,SPY
GDC,2023-05-04,2023-05-03,2023-05-05,2023-05-19,VALID,True,A,0001641398,SEC_TICKERS,False,False,False,False,2,2018-11-07,2023-12-29,255,True,0001641398,[],[],True,False,False,0001641398,False,False,,False,True,False,False,5050,5050,SPY,SPY,SPY
PCOR,2023-05-04,2023-05-03,2023-05-05,2023-05-19,VALID,True,A,0001611052,SEC_TICKERS,False,False,False,False,0,2021-05-20,2023-12-29,0,True,0001611052,[],[],True,False,False,0001611052,False,False,,False,True,False,False,7372,7372,XLK,XLK,XLK
FIVN,2023-05-05,2023-05-04,2023-05-08,2023-05-22,VALID,True,A,0001288847,SEC_TICKERS,False,False,False,False,0,2018-11-01,2023-12-29,0,True,0001288847,[],[],True,False,False,0001288847,False,False,,False,True,False,False,7374,7374,XLK,XLK,XLK
NCR,2023-05-05,2023-05-04,2023-05-08,2023-05-22,VALID,True,B,0000070866,RENAME_CHAIN_FWD,False,False,False,False,0,2018-11-01,2023-10-16,0,True,0000070866,[],[],True,False,False,0000070866,False,False,2000-01-04,True,True,False,False,3578,3578,XLK,XLK,XLK
VYX,2023-05-05,2023-05-04,2023-05-08,2023-05-22,VALID,True,A,0000070866,SEC_TICKERS,False,False,False,False,0,2018-11-01,2023-12-29,0,False,,[],"[[""2023-10-17"", ""NCR""]]",False,False,True,,False,False,,False,True,False,False,3578,3578,SPY,XLK,XLK
HLIT,2023-05-09,2023-05-08,2023-05-10,2023-05-24,VALID,True,A,0000851310,SEC_TICKERS,False,False,False,False,0,2018-11-01,2023-12-29,0,True,0000851310,[],[],True,False,False,0000851310,False,False,,False,True,False,False,3663,3663,XLI,XLI,XLI
NVAX,2023-05-09,2023-05-08,2023-05-10,2023-05-24,VALID,True,A,0001000694,SEC_TICKERS,False,False,False,False,0,2018-11-01,2023-12-29,1,True,0001000694,[],[],True,False,False,0001000694,False,False,,False,True,False,False,2836,2836,XBI,XBI,XBI
SHLS,2023-05-09,2023-05-08,2023-05-10,2023-05-24,VALID,True,A,0001831651,SEC_TICKERS,False,False,False,False,0,2021-01-27,2023-12-29,0,True,0001831651,[],[],True,False,False,0001831651,False,False,,False,True,False,False,3674,3674,XLI,XLI,XLI
CARG,2023-05-10,2023-05-09,2023-05-11,2023-05-25,VALID,True,A,0001494259,SEC_TICKERS,False,False,False,False,0,2018-11-01,2023-12-29,0,True,0001494259,[],[],True,False,False,0001494259,False,False,,False,True,False,False,7374,7374,XLK,XLK,XLK
DAR,2023-05-10,2023-05-09,2023-05-11,2023-05-25,VALID,True,A,0000916540,SEC_TICKERS,False,False,False,False,0,2018-11-01,2023-12-29,0,True,0000916540,[],[],True,False,False,0000916540,False,False,,False,True,False,False,2070,2070,SPY,SPY,SPY
IAC,2023-05-10,2023-05-09,2023-05-11,2023-05-25,VALID,True,A,0001800227,RENAME_CHAIN_FWD,False,False,False,False,0,2018-11-01,2023-12-29,0,True,0001800227,[],[],True,False,False,0001800227,False,False,2006-12-01,True,True,False,False,7370,7370,XLK,XLK,XLK
PPLI,2023-05-10,2023-05-09,2023-05-11,2023-05-25,VALID,True,A,0001800227,SEC_TICKERS,False,False,False,False,0,2018-11-01,2023-12-29,0,False,,[],"[[""2026-06-04"", ""IAC""]]",False,False,False,,False,False,,False,True,False,False,7370,7370,SPY,XLK,XLK
RNG,2023-05-10,2023-05-09,2023-05-11,2023-05-25,VALID,True,A,0001384905,SEC_TICKERS,False,False,False,False,0,2018-11-01,2023-12-29,0,True,0001384905,[],[],True,False,False,0001384905,False,False,,False,True,False,False,7374,7374,XLK,XLK,XLK
UPST,2023-05-10,2023-05-09,2023-05-11,2023-05-25,VALID,True,A,0001647639,SEC_TICKERS,False,False,False,False,0,2020-12-16,2023-12-29,0,True,0001647639,[],[],True,False,False,0001647639,False,False,,False,True,False,False,6199,6199,XLF,XLF,XLF
APP,2023-05-11,2023-05-10,2023-05-12,2023-05-26,VALID,True,A,0001751008,SEC_TICKERS,False,False,False,False,0,2021-04-15,2023-12-29,0,True,0001751008,[],[],True,False,False,0001751008,False,False,2025-09-22,False,True,False,False,7370,7370,XLK,XLK,XLK
FLNC,2023-05-11,2023-05-10,2023-05-12,2023-05-26,VALID,True,A,0001868941,SEC_TICKERS,False,False,False,False,0,2021-10-28,2023-12-29,0,True,0001868941,[],[],True,False,False,0001868941,False,False,,False,True,False,False,3690,3690,XLI,XLI,XLI
GT,2023-05-11,2023-05-10,2023-05-12,2023-05-26,VALID,True,AD,0000042582,SEC_TICKERS,False,False,False,False,0,2018-11-01,2023-12-29,0,True,0000042582,[],[],True,False,False,0000042582,False,False,1996-01-02,True,True,False,False,3011,3011,SPY,SPY,SPY
SPRY,2023-05-12,2023-05-11,2023-05-15,2023-05-30,VALID,True,A,0001671858,SEC_TICKERS,True,False,False,False,1,2020-12-04,2023-12-29,1,True,0001671858,[],[],True,False,False,0001671858,False,False,,False,True,False,False,2834,2834,XBI,XBI,XBI
MMP,2023-05-15,2023-05-12,2023-05-16,2023-05-31,VALID,False,C,0001126975,FORM345_TICKER,False,False,False,False,0,2018-11-01,2023-09-22,0,True,0001126975,[],[],True,False,False,0001126975,True,False,,False,True,False,False,4610,4610,SPY,SPY,SPY
APLD,2023-05-16,2023-05-15,2023-05-17,2023-06-01,VALID,True,A,0001144879,SEC_TICKERS,False,False,False,False,0,2022-04-13,2023-12-29,0,True,0001144879,[],[],True,False,False,0001144879,False,False,,False,True,False,False,7374,7374,XLK,XLK,XLK
GDC,2023-05-16,2023-05-15,2023-05-17,2023-06-01,VALID,True,A,0001641398,SEC_TICKERS,False,False,False,False,0,2018-11-07,2023-12-29,255,True,0001641398,[],[],True,False,False,0001641398,False,False,,False,True,False,False,5050,5050,SPY,SPY,SPY
GDC,2023-05-17,2023-05-16,2023-05-18,2023-06-02,VALID,True,A,0001641398,SEC_TICKERS,False,False,False,False,0,2018-11-07,2023-12-29,255,True,0001641398,[],[],True,False,False,0001641398,False,False,,False,True,False,False,5050,5050,SPY,SPY,SPY
OMH,2023-05-17,2023-05-16,2023-05-18,2023-06-02,VALID,True,A,0001944902,SEC_TICKERS,False,False,False,False,0,2023-03-21,2023-12-29,0,True,0001944902,[],[],False,False,False,,False,False,,False,False,False,False,6531,6531,XLF,XLF,XLF
DLO,2023-05-18,2023-05-17,2023-05-19,2023-06-05,VALID,True,A,0001846832,SEC_TICKERS,False,False,False,False,0,2021-06-03,2023-12-29,0,True,0001846832,[],[],False,False,False,,False,False,,False,False,False,False,7389,7389,SPY,SPY,SPY
GOOS,2023-05-18,2023-05-17,2023-05-19,2023-06-05,VALID,True,A,0001690511,SEC_TICKERS,False,False,False,False,0,2018-11-01,2023-12-29,0,True,0001690511,[],[],False,False,False,,False,False,,False,False,False,False,2300,2300,SPY,SPY,SPY
GSIT,2023-05-19,2023-05-18,2023-05-22,2023-06-06,VALID,True,A,0001126741,SEC_TICKERS,False,False,False,False,0,2018-11-01,2023-12-29,0,True,0001126741,[],[],True,False,False,0001126741,False,False,,False,True,False,False,3674,3674,XLI,XLI,XLI
MNK,2023-05-19,2023-05-18,2023-05-22,2023-06-06,VALID,False,B,0001567892,FORM345_TICKER,False,False,False,False,0,2018-11-01,2023-08-25,516,True,0001567892,[],[],True,False,False,0001567892,True,False,2014-08-19,True,True,False,False,2834,2834,XBI,XBI,XBI
YELP,2023-05-23,2023-05-22,2023-05-24,2023-06-08,VALID,True,A,0001345016,SEC_TICKERS,False,False,False,False,0,2018-11-01,2023-12-29,0,True,0001345016,[],[],True,False,False,0001345016,False,False,,False,True,False,False,7200,7200,SPY,SPY,SPY
ANF,2023-05-24,2023-05-23,2023-05-25,2023-06-09,VALID,True,A,0001018840,SEC_TICKERS,False,False,False,False,0,2018-11-01,2023-12-29,0,True,0001018840,[],[],True,False,False,0001018840,False,False,2007-03-29,True,True,False,False,5651,5651,SPY,SPY,SPY
RETA,2023-05-24,2023-05-23,2023-05-25,2023-06-09,VALID,False,C,0001358762,FORM345_TICKER,False,False,False,False,0,2018-11-01,2023-09-25,2,True,0001358762,[],[],True,False,False,0001358762,True,False,,False,True,False,False,2834,2834,XBI,XBI,XBI
URBN,2023-05-24,2023-05-23,2023-05-25,2023-06-09,VALID,True,A,0000912615,SEC_TICKERS,False,False,False,False,0,2018-11-01,2023-12-29,0,True,0000912615,[],[],True,False,False,0000912615,False,False,2010-02-08,True,True,False,False,5651,5651,SPY,SPY,SPY
APLD,2023-05-25,2023-05-24,2023-05-26,2023-06-12,VALID,True,A,0001144879,SEC_TICKERS,False,False,False,False,0,2022-04-13,2023-12-29,0,True,0001144879,[],[],True,False,False,0001144879,False,False,,False,True,False,False,7374,7374,XLK,XLK,XLK
DISH,2023-05-25,2023-05-24,2023-05-26,2023-06-12,VALID,False,D,0001001082,FORM345_TICKER,False,False,False,False,0,2018-11-01,2023-12-29,0,True,0001001082,[],[],True,False,False,0001001082,True,True,2017-03-13,True,True,False,False,4841,4841,SPY,SPY,SPY
ELF,2023-05-25,2023-05-24,2023-05-26,2023-06-12,VALID,True,A,0001600033,SEC_TICKERS,False,False,False,False,0,2018-11-01,2023-12-29,0,True,0001600033,[],[],True,False,False,0001600033,False,False,,False,True,False,False,2844,2844,SPY,SPY,SPY
GFAI,2023-05-25,2023-05-24,2023-05-26,2023-06-12,VALID,True,A,0001804469,SEC_TICKERS,False,False,False,False,0,2021-09-29,2023-12-29,0,True,0001804469,[],[],False,False,False,,False,False,,False,False,False,False,7381,7381,SPY,SPY,SPY
GSIT,2023-05-25,2023-05-24,2023-05-26,2023-06-12,VALID,True,A,0001126741,SEC_TICKERS,False,False,False,False,0,2018-11-01,2023-12-29,0,True,0001126741,[],[],True,False,False,0001126741,False,False,,False,True,False,False,3674,3674,XLI,XLI,XLI
NTNX,2023-05-25,2023-05-24,2023-05-26,2023-06-12,VALID,True,A,0001618732,SEC_TICKERS,False,False,False,False,0,2018-11-01,2023-12-29,0,True,0001618732,[],[],True,False,False,0001618732,False,False,,False,True,False,False,7372,7372,XLK,XLK,XLK
VRT,2023-05-25,2023-05-24,2023-05-26,2023-06-12,VALID,True,A,0001674101,SEC_TICKERS,False,False,False,False,0,2018-11-02,2023-12-29,18,True,0001674101,[],[],True,False,False,0001674101,False,False,2026-03-23,False,True,False,False,3679,3679,XLI,XLI,XLI
RCUS,2023-05-26,2023-05-25,2023-05-30,2023-06-13,VALID,True,A,0001724521,SEC_TICKERS,False,False,False,False,0,2018-11-01,2023-12-29,0,True,0001724521,[],[],True,False,False,0001724521,False,False,,False,True,False,False,2834,2834,XBI,XBI,XBI
EVA,2023-05-30,2023-05-26,2023-05-31,2023-06-14,VALID,False,C,0001592057,FORM345_TICKER,False,False,False,False,0,2018-11-01,2023-12-29,0,True,0001592057,[],[],True,False,False,0001592057,True,False,,False,True,False,False,2400,2400,SPY,SPY,SPY
IOVA,2023-05-30,2023-05-26,2023-05-31,2023-06-14,VALID,True,A,0001425205,SEC_TICKERS,False,False,False,False,0,2018-11-01,2023-12-29,0,True,0001425205,[],[],True,False,False,0001425205,False,False,,False,True,False,False,2836,2836,XBI,XBI,XBI
TOP,2023-05-30,2023-05-26,2023-05-31,2023-06-14,VALID,True,A,0001848275,SEC_TICKERS,True,False,False,False,10,2022-06-01,2023-12-29,10,True,0001848275,[],[],False,False,False,,False,False,,False,False,False,False,6200,6200,XLF,XLF,XLF
UCAR,2023-06-01,2023-05-31,2023-06-02,2023-06-16,VALID,True,A,0001939780,SEC_TICKERS,False,False,False,False,0,2023-04-20,2023-12-29,2,True,0001939780,[],[],False,False,False,,False,False,,False,False,False,False,3690,3714,XLI,XLI,XLI
CC,2023-06-02,2023-06-01,2023-06-05,2023-06-20,VALID,True,A,0001627223,SEC_TICKERS,False,False,False,False,0,2018-11-01,2023-12-29,0,True,0001627223,[],[],True,False,False,0001627223,False,False,,False,True,False,False,2800,2800,SPY,SPY,SPY
IOT,2023-06-02,2023-06-01,2023-06-05,2023-06-20,VALID,True,A,0001642896,SEC_TICKERS,False,False,False,False,0,2021-12-15,2023-12-29,0,True,0001642896,[],[],True,False,False,0001642896,False,False,,False,True,False,False,7373,7373,XLK,XLK,XLK
UCAR,2023-06-02,2023-06-01,2023-06-05,2023-06-20,VALID,True,A,0001939780,SEC_TICKERS,False,False,False,False,0,2023-04-20,2023-12-29,2,True,0001939780,[],[],False,False,False,,False,False,,False,False,False,False,3690,3714,XLI,XLI,XLI
THO,2023-06-06,2023-06-05,2023-06-07,2023-06-22,VALID,True,A,0000730263,SEC_TICKERS,False,False,False,False,0,2018-11-01,2023-12-29,0,True,0000730263,[],[],True,False,False,0000730263,False,False,,False,True,False,False,3716,3716,XLI,XLI,XLI
PLAY,2023-06-07,2023-06-06,2023-06-08,2023-06-23,VALID,True,A,0001525769,SEC_TICKERS,False,False,False,False,0,2018-11-01,2023-12-29,0,True,0001525769,[],[],True,False,False,0001525769,False,False,,False,True,False,False,5812,5812,SPY,SPY,SPY
YEXT,2023-06-07,2023-06-06,2023-06-08,2023-06-23,VALID,True,A,0001614178,SEC_TICKERS,False,False,False,False,0,2018-11-01,2023-12-29,0,True,0001614178,[],[],True,False,False,0001614178,False,False,,False,True,False,False,7374,7374,XLK,XLK,XLK
SMTC,2023-06-08,2023-06-07,2023-06-09,2023-06-26,VALID,True,A,0000088941,SEC_TICKERS,False,False,False,False,0,2018-11-01,2023-12-29,0,True,0000088941,[],[],True,False,False,0000088941,False,False,,False,True,False,False,3674,3674,XLI,XLI,XLI
BRZE,2023-06-09,2023-06-08,2023-06-12,2023-06-27,VALID,True,A,0001676238,SEC_TICKERS,False,False,False,False,0,2021-11-17,2023-12-29,0,True,0001676238,[],[],True,False,False,0001676238,False,False,,False,True,False,False,7372,7372,XLK,XLK,XLK
KDNY,2023-06-12,2023-06-09,2023-06-13,2023-06-28,VALID,False,C,0001435049,FORM345_TICKER,False,False,False,False,0,2020-10-06,2023-08-10,1,True,0001435049,[],[],True,False,False,0001435049,True,False,,False,True,False,False,2834,2834,XBI,XBI,XBI
MANU,2023-06-13,2023-06-12,2023-06-14,2023-06-29,VALID,True,A,0001549107,SEC_TICKERS,False,False,False,False,0,2018-11-01,2023-12-29,0,True,0001549107,[],[],False,False,False,,False,False,,False,False,False,False,7900,7900,SPY,SPY,SPY
MVIS,2023-06-15,2023-06-14,2023-06-16,2023-07-03,VALID,True,A,0000065770,SEC_TICKERS,False,False,False,False,0,2018-11-01,2023-12-29,0,True,0000065770,[],[],True,False,False,0000065770,False,False,,False,True,False,False,3679,3679,XLI,XLI,XLI
ENVX,2023-06-16,2023-06-15,2023-06-20,2023-07-05,VALID,True,A,0001828318,SEC_TICKERS,False,False,False,False,0,2021-01-05,2023-12-29,0,True,0001828318,[],[],True,False,False,0001828318,False,False,,False,True,False,False,3690,3690,XLI,XLI,XLI
DICE,2023-06-20,2023-06-16,2023-06-21,2023-07-06,VALID,False,C,0001645569,FORM345_TICKER,False,False,False,False,0,2021-09-15,2023-08-08,1,True,0001645569,[],[],True,False,False,0001645569,True,False,,False,True,False,False,2834,2834,XBI,XBI,XBI
VCIG,2023-06-20,2023-06-16,2023-06-21,2023-07-06,VALID,True,A,0001930510,SEC_TICKERS,True,False,True,True,0,2023-06-20,2023-08-23,179,True,0001930510,[],[],False,False,False,,False,False,,False,False,False,False,8744,8744,SPY,SPY,SPY
TRUP,2023-06-23,2023-06-22,2023-06-26,2023-07-11,VALID,True,A,0001371285,SEC_TICKERS,False,False,False,False,0,2018-11-01,2023-12-29,0,True,0001371285,[],[],True,False,False,0001371285,False,False,,False,True,False,False,6324,6324,XLF,XLF,XLF
MLTX,2023-06-26,2023-06-23,2023-06-27,2023-07-12,VALID,True,A,0001821586,SEC_TICKERS,False,False,False,False,0,2020-10-20,2023-12-29,70,True,0001821586,[],[],True,False,False,0001821586,False,False,,False,True,False,False,2834,2834,XBI,XBI,XBI
BDTX,2023-06-27,2023-06-26,2023-06-28,2023-07-13,VALID,True,A,0001701541,SEC_TICKERS,False,False,False,False,0,2020-01-30,2023-12-29,0,True,0001701541,[],[],True,False,False,0001701541,False,False,,False,True,False,False,2836,2836,XBI,XBI,XBI
NERV,2023-06-28,2023-06-27,2023-06-29,2023-07-14,VALID,True,A,0001598646,SEC_TICKERS,False,False,False,False,0,2018-11-01,2023-12-29,0,True,0001598646,[],[],True,False,False,0001598646,False,False,,False,True,False,False,2834,2834,XBI,XBI,XBI
XPOF,2023-06-28,2023-06-27,2023-06-29,2023-07-14,VALID,True,A,0001802156,SEC_TICKERS,False,False,False,False,0,2021-07-23,2023-12-29,0,True,0001802156,[],[],True,False,False,0001802156,False,False,,False,True,False,False,7990,7990,SPY,SPY,SPY
TOP,2023-06-30,2023-06-29,2023-07-03,2023-07-18,VALID,True,A,0001848275,SEC_TICKERS,False,False,False,False,0,2022-06-01,2023-12-29,10,True,0001848275,[],[],False,False,False,,False,False,,False,False,False,False,6200,6200,XLF,XLF,XLF
MP,2023-07-05,2023-07-03,2023-07-06,2023-07-20,VALID,True,A,0001801368,SEC_TICKERS,False,False,False,False,0,2020-06-22,2023-12-29,0,True,0001801368,[],[],True,False,False,0001801368,False,False,,False,True,False,False,1000,1000,XLE,XLE,XLE
CRBU,2023-07-06,2023-07-05,2023-07-07,2023-07-21,VALID,True,A,0001619856,SEC_TICKERS,False,False,False,False,0,2021-07-23,2023-12-29,0,True,0001619856,[],[],True,False,False,0001619856,False,False,,False,True,False,False,2836,2836,XBI,XBI,XBI
SG,2023-07-06,2023-07-05,2023-07-07,2023-07-21,VALID,True,AC,0001477815,SEC_TICKERS,False,False,False,False,0,2021-11-18,2023-12-29,0,True,0001477815,[],[],True,False,False,0001477815,False,False,,False,True,False,False,5812,5812,SPY,SPY,SPY
TOP,2023-07-07,2023-07-06,2023-07-10,2023-07-24,VALID,True,A,0001848275,SEC_TICKERS,False,False,False,False,0,2022-06-01,2023-12-29,10,True,0001848275,[],[],False,False,False,,False,False,,False,False,False,False,6200,6200,XLF,XLF,XLF
HELE,2023-07-10,2023-07-07,2023-07-11,2023-07-25,VALID,True,A,0000916789,SEC_TICKERS,False,False,False,False,0,2018-11-01,2023-12-29,0,True,0000916789,[],[],True,False,False,0000916789,False,False,,False,True,False,False,3634,3634,XLI,XLI,XLI
IEP,2023-07-10,2023-07-07,2023-07-11,2023-07-25,VALID,True,A,0000813762,SEC_TICKERS,False,False,False,False,0,2018-11-01,2023-12-29,0,True,0000813762,[],[],True,False,False,0000813762,False,False,,False,True,False,False,2911,3714,XLE,XLE,XLI
ELOX,2023-07-12,2023-07-11,2023-07-13,2023-07-27,VALID,True,A,0001035354,SEC_TICKERS,False,False,False,False,0,2018-11-01,2023-10-13,53,False,,[],"[[""2026-06-09"", ""ELOXD""]]",True,False,False,0001035354,False,False,,False,True,False,False,2836,2836,SPY,XBI,XBI
RXRX,2023-07-12,2023-07-11,2023-07-13,2023-07-27,VALID,True,A,0001601830,SEC_TICKERS,False,False,False,False,0,2021-04-16,2023-12-29,0,True,0001601830,[],[],True,False,False,0001601830,False,False,,False,True,False,False,2836,2836,XBI,XBI,XBI
ACAD,2023-07-14,2023-07-13,2023-07-17,2023-07-31,VALID,True,A,0001070494,SEC_TICKERS,False,False,False,False,0,2018-11-01,2023-12-29,1,True,0001070494,[],[],True,False,False,0001070494,False,False,,False,True,False,False,2834,2834,XBI,XBI,XBI
PRFX,2023-07-14,2023-07-13,2023-07-17,2023-07-31,VALID,True,A,0001801834,SEC_TICKERS,False,False,False,False,0,2020-09-01,2023-12-29,18,True,0001801834,[],[],False,False,False,,False,False,,False,False,False,False,2834,2834,XBI,XBI,XBI
BKI,2023-07-17,2023-07-14,2023-07-18,2023-08-01,VALID,False,C,0001627014,FORM345_TICKER,False,False,False,False,0,2018-11-01,2023-09-01,0,True,0001627014,[],[],True,False,False,0001627014,True,False,,False,True,False,False,7372,7372,XLK,XLK,XLK
PRFX,2023-07-17,2023-07-14,2023-07-18,2023-08-01,VALID,True,A,0001801834,SEC_TICKERS,False,False,False,False,0,2020-09-01,2023-12-29,18,True,0001801834,[],[],False,False,False,,False,False,,False,False,False,False,2834,2834,XBI,XBI,XBI
PRFX,2023-07-20,2023-07-19,2023-07-21,2023-08-04,VALID,True,A,0001801834,SEC_TICKERS,False,False,False,False,0,2020-09-01,2023-12-29,18,True,0001801834,[],[],False,False,False,,False,False,,False,False,False,False,2834,2834,XBI,XBI,XBI
PSQH,2023-07-20,2023-07-19,2023-07-21,2023-08-04,VALID,True,A,0001847064,SEC_TICKERS,False,False,False,False,0,2021-07-07,2023-12-29,94,True,0001847064,[],[],False,False,True,,False,False,,False,True,False,False,7310,7310,SPY,SPY,SPY
DJT,2023-07-21,2023-07-20,2023-07-24,2023-08-07,VALID,True,A,0001849635,SEC_TICKERS,False,False,False,False,0,2021-09-30,2023-12-29,732,False,,[],"[[""2024-03-26"", ""DWAC""]]",False,False,False,,False,False,,False,True,False,False,7370,7370,SPY,XLK,XLK
GFAI,2023-07-21,2023-07-20,2023-07-24,2023-08-07,VALID,True,A,0001804469,SEC_TICKERS,False,False,False,False,0,2021-09-29,2023-12-29,0,True,0001804469,[],[],False,False,False,,False,False,,False,False,False,False,7381,7381,SPY,SPY,SPY
PKX,2023-07-24,2023-07-21,2023-07-25,2023-08-08,VALID,True,A,0000889132,SEC_TICKERS,False,False,False,False,0,2018-11-01,2023-12-29,0,True,0000889132,[],[],False,False,False,,False,False,,False,False,False,True,3312,3312,SPY,SPY,SPY
TENB,2023-07-26,2023-07-25,2023-07-27,2023-08-10,VALID,True,A,0001660280,SEC_TICKERS,False,False,False,False,0,2018-11-01,2023-12-29,0,True,0001660280,[],[],True,False,False,0001660280,False,False,,False,True,False,False,7372,7372,XLK,XLK,XLK
TSEM,2023-07-26,2023-07-25,2023-07-27,2023-08-10,VALID,True,A,0000928876,SEC_TICKERS,False,False,False,False,0,2018-11-01,2023-12-29,0,True,0000928876,[],[],False,False,False,,False,False,,False,False,False,True,3674,3674,XLI,XLI,XLI
VICR,2023-07-26,2023-07-25,2023-07-27,2023-08-10,VALID,True,A,0000751978,SEC_TICKERS,False,False,False,False,0,2018-11-01,2023-12-29,0,True,0000751978,[],[],True,False,False,0000751978,False,False,,False,True,False,False,3679,3679,XLI,XLI,XLI
WW,2023-07-26,2023-07-25,2023-07-27,2023-08-10,VALID,True,A,0000105319,FORM345_TICKER,False,False,False,False,0,2019-04-22,2023-12-29,0,False,,[],"[[""2025-07-08"", ""WGHW""]]",True,False,False,0000105319,False,False,,False,True,False,False,7200,7200,SPY,SPY,SPY
NXT,2023-07-27,2023-07-26,2023-07-28,2023-08-11,VALID,True,A,0001852131,SEC_TICKERS,False,False,False,False,0,2023-02-09,2023-12-29,0,True,0001852131,[],[],True,False,False,0001852131,False,False,,False,True,False,False,3674,3812,XLI,XLI,SPY
SAM,2023-07-28,2023-07-27,2023-07-31,2023-08-14,VALID,True,A,0000949870,SEC_TICKERS,False,False,False,False,0,2018-11-01,2023-12-29,0,True,0000949870,[],[],True,False,False,0000949870,False,False,,False,True,False,False,2082,2082,SPY,SPY,SPY
ACHR,2023-07-31,2023-07-28,2023-08-01,2023-08-15,VALID,True,A,0001824502,SEC_TICKERS,False,False,False,False,0,2020-12-18,2023-12-29,0,True,0001824502,[],[],True,False,False,0001824502,False,False,,False,True,False,False,3721,3721,XLI,XLI,XLI
AURC,2023-07-31,2023-07-28,2023-08-01,2023-08-15,VALID,True,BC,0001835856,RENAME_CHAIN_FWD,False,False,False,False,12,2021-04-30,2023-08-23,98,True,0001835856,[],[],True,False,False,0001835856,False,False,,False,True,False,False,6163,6163,XLF,XLF,XLF
BETR,2023-07-31,2023-07-28,2023-08-01,2023-08-15,VALID,True,A,0001835856,SEC_TICKERS,False,False,False,False,12,2021-04-30,2023-12-29,98,False,,[],"[[""2023-08-24"", ""AURC""], [""2023-08-29"", ""AURC""]]",False,False,True,,False,False,,False,True,False,False,6163,6163,SPY,XLF,XLF
GDRX,2023-07-31,2023-07-28,2023-08-01,2023-08-15,VALID,True,A,0001809519,SEC_TICKERS,False,False,False,False,0,2020-09-23,2023-12-29,0,True,0001809519,[],[],True,False,False,0001809519,False,False,,False,True,False,False,7374,7374,XLK,XLK,XLK
NEWR,2023-07-31,2023-07-28,2023-08-01,2023-08-15,VALID,False,C,0001448056,FORM345_TICKER,False,False,False,False,0,2018-11-01,2023-11-07,0,True,0001448056,[],[],True,False,False,0001448056,True,False,,False,True,False,False,7372,7372,XLK,XLK,XLK
AMSC,2023-08-01,2023-07-31,2023-08-02,2023-08-16,VALID,True,A,0000880807,SEC_TICKERS,False,False,False,False,0,2018-11-01,2023-12-29,0,True,0000880807,[],[],True,False,False,0000880807,False,False,,False,True,False,False,3621,3621,XLI,XLI,XLI
VRNS,2023-08-01,2023-07-31,2023-08-02,2023-08-16,VALID,True,A,0001361113,SEC_TICKERS,False,False,False,False,0,2018-11-01,2023-12-29,0,True,0001361113,[],[],True,False,False,0001361113,False,False,,False,True,False,False,7372,7372,XLK,XLK,XLK
ERIE,2023-08-02,2023-08-01,2023-08-03,2023-08-17,VALID,True,A,0000922621,SEC_TICKERS,False,False,False,False,0,2018-11-01,2023-12-29,0,True,0000922621,[],[],True,False,False,0000922621,False,False,2024-09-23,False,True,False,False,6411,6411,XLF,XLF,XLF
FRSH,2023-08-02,2023-08-01,2023-08-03,2023-08-17,VALID,True,A,0001544522,SEC_TICKERS,False,False,False,False,0,2021-09-22,2023-12-29,0,True,0001544522,[],[],True,False,False,0001544522,False,False,,False,True,False,False,7372,7372,XLK,XLK,XLK
YOU,2023-08-02,2023-08-01,2023-08-03,2023-08-17,VALID,True,A,0001856314,SEC_TICKERS,False,False,False,False,0,2021-06-30,2023-12-29,0,True,0001856314,[],[],True,False,False,0001856314,False,False,,False,True,False,False,7372,7372,XLK,XLK,XLK
AURC,2023-08-03,2023-08-02,2023-08-04,2023-08-18,VALID,True,BC,0001835856,RENAME_CHAIN_FWD,False,False,False,False,9,2021-04-30,2023-08-23,98,True,0001835856,[],[],True,False,False,0001835856,False,False,,False,True,False,False,6163,6163,XLF,XLF,XLF
AURE,2023-08-03,2023-08-02,2023-08-04,2023-08-18,VALID,True,A,0001765850,SEC_TICKERS,False,False,False,False,0,2023-07-06,2023-12-29,0,False,,[],"[[""2025-10-13"", ""PWM""]]",False,False,False,,False,False,,False,False,False,False,6199,6199,SPY,XLF,XLF
BETR,2023-08-03,2023-08-02,2023-08-04,2023-08-18,VALID,True,A,0001835856,SEC_TICKERS,False,False,False,False,9,2021-04-30,2023-12-29,98,False,,[],"[[""2023-08-24"", ""AURC""], [""2023-08-29"", ""AURC""]]",False,False,True,,False,False,,False,True,False,False,6163,6163,SPY,XLF,XLF
BOOT,2023-08-03,2023-08-02,2023-08-04,2023-08-18,VALID,True,A,0001610250,SEC_TICKERS,False,False,False,False,0,2018-11-01,2023-12-29,0,True,0001610250,[],[],True,False,False,0001610250,False,False,,False,True,False,False,5661,5661,SPY,SPY,SPY
CSTL,2023-08-03,2023-08-02,2023-08-04,2023-08-18,VALID,True,A,0001447362,SEC_TICKERS,False,False,False,False,0,2019-07-25,2023-12-29,0,True,0001447362,[],[],True,False,False,0001447362,False,False,,False,True,False,False,8071,8071,SPY,SPY,SPY
FSLY,2023-08-03,2023-08-02,2023-08-04,2023-08-18,VALID,True,A,0001517413,SEC_TICKERS,False,False,False,False,0,2019-05-17,2023-12-29,0,True,0001517413,[],[],True,False,False,0001517413,False,False,,False,True,False,False,7372,7372,XLK,XLK,XLK
PWM,2023-08-03,2023-08-02,2023-08-04,2023-08-18,VALID,True,A,0001765850,RENAME_CHAIN_FWD,False,False,False,False,0,2023-07-06,2023-12-29,0,True,0001765850,[],[],False,False,False,,False,False,,False,False,False,False,6199,6199,XLF,XLF,XLF
RELY,2023-08-03,2023-08-02,2023-08-04,2023-08-18,VALID,True,A,0001782170,SEC_TICKERS,False,False,False,False,0,2021-09-23,2023-12-29,0,True,0001782170,[],[],True,False,False,0001782170,False,False,,False,True,False,False,7389,7389,SPY,SPY,SPY
UPWK,2023-08-03,2023-08-02,2023-08-04,2023-08-18,VALID,True,A,0001627475,SEC_TICKERS,False,False,False,False,0,2018-11-01,2023-12-29,0,True,0001627475,[],[],True,False,False,0001627475,False,False,,False,True,False,False,7374,7374,XLK,XLK,XLK
AAOI,2023-08-04,2023-08-03,2023-08-07,2023-08-21,VALID,True,A,0001158114,SEC_TICKERS,False,False,False,False,0,2018-11-01,2023-12-29,0,True,0001158114,[],[],True,False,False,0001158114,False,False,,False,True,False,False,3674,3674,XLI,XLI,XLI
FIGS,2023-08-04,2023-08-03,2023-08-07,2023-08-21,VALID,True,A,0001846576,SEC_TICKERS,False,False,False,False,0,2021-05-27,2023-12-29,0,True,0001846576,[],[],True,False,False,0001846576,False,False,,False,True,False,False,2300,2300,SPY,SPY,SPY
FLR,2023-08-04,2023-08-03,2023-08-07,2023-08-21,VALID,True,AD,0001124198,SEC_TICKERS,False,False,False,False,0,2018-11-01,2023-12-29,0,True,0001124198,[],[],True,False,False,0001124198,False,False,2000-12-22,True,True,False,False,1600,1600,SPY,SPY,SPY
IRTC,2023-08-04,2023-08-03,2023-08-07,2023-08-21,VALID,True,A,0001388658,SEC_TICKERS,False,False,False,False,0,2018-11-01,2023-12-29,0,True,0001388658,[],[],True,False,False,0001388658,False,False,,False,True,False,False,3841,3841,XLV,XLV,XLV
NTRA,2023-08-04,2023-08-03,2023-08-07,2023-08-21,VALID,True,A,0001604821,SEC_TICKERS,False,False,False,False,0,2018-11-01,2023-12-29,0,True,0001604821,[],[],True,False,False,0001604821,False,False,,False,True,False,False,8071,8071,SPY,SPY,SPY
QLYS,2023-08-04,2023-08-03,2023-08-07,2023-08-21,VALID,True,A,0001107843,SEC_TICKERS,False,False,False,False,0,2018-11-01,2023-12-29,0,True,0001107843,[],[],True,False,False,0001107843,False,False,,False,True,False,False,7372,7372,XLK,XLK,XLK
TDS,2023-08-04,2023-08-03,2023-08-07,2023-08-21,VALID,True,A,0001051512,SEC_TICKERS,False,False,False,False,0,2018-11-01,2023-12-29,0,True,0001051512,[],[],True,False,False,0001051512,False,False,,False,True,False,False,4813,4813,SPY,SPY,SPY
TRUP,2023-08-04,2023-08-03,2023-08-07,2023-08-21,VALID,True,A,0001371285,SEC_TICKERS,False,False,False,False,0,2018-11-01,2023-12-29,0,True,0001371285,[],[],True,False,False,0001371285,False,False,,False,True,False,False,6324,6324,XLF,XLF,XLF
TWST,2023-08-04,2023-08-03,2023-08-07,2023-08-21,VALID,True,A,0001581280,SEC_TICKERS,False,False,False,False,0,2018-11-01,2023-12-29,0,True,0001581280,[],[],True,False,False,0001581280,False,False,,False,True,False,False,2836,2836,XBI,XBI,XBI
VRTV,2023-08-07,2023-08-04,2023-08-08,2023-08-22,VALID,False,C,0001599489,FORM345_TICKER,False,False,False,False,0,2018-11-01,2023-11-29,0,True,0001599489,[],[],True,False,False,0001599489,True,False,,False,True,False,False,5110,5110,SPY,SPY,SPY
VTGN,2023-08-07,2023-08-04,2023-08-08,2023-08-22,VALID,True,A,0001411685,SEC_TICKERS,False,False,False,False,0,2018-11-01,2023-12-29,0,True,0001411685,[],[],True,False,False,0001411685,False,False,,False,True,False,False,2834,2834,XBI,XBI,XBI
AD,2023-08-08,2023-08-07,2023-08-09,2023-08-23,VALID,True,A,0000821130,SEC_TICKERS,False,False,False,False,0,2018-11-01,2023-12-29,0,False,,[],"[[""2025-08-12"", ""USM""]]",False,False,False,,False,False,,False,True,False,False,4812,4812,SPY,SPY,SPY
CHGG,2023-08-08,2023-08-07,2023-08-09,2023-08-23,VALID,True,A,0001364954,SEC_TICKERS,False,False,False,False,0,2018-11-01,2023-12-29,0,True,0001364954,[],[],True,False,False,0001364954,False,False,,False,True,False,False,8200,8200,SPY,SPY,SPY
HIMS,2023-08-08,2023-08-07,2023-08-09,2023-08-23,VALID,True,A,0001773751,SEC_TICKERS,False,False,False,False,0,2019-09-13,2023-12-29,63,True,0001773751,[],[],True,False,False,0001773751,False,False,,False,True,False,False,8011,8011,SPY,SPY,SPY
KD,2023-08-08,2023-08-07,2023-08-09,2023-08-23,VALID,True,A,0001867072,SEC_TICKERS,False,False,False,False,0,2021-11-04,2023-12-29,0,True,0001867072,[],[],True,False,False,0001867072,False,False,,False,True,False,False,7373,7373,XLK,XLK,XLK
WW,2023-08-08,2023-08-07,2023-08-09,2023-08-23,VALID,True,A,0000105319,FORM345_TICKER,False,False,False,False,0,2019-04-22,2023-12-29,0,False,,[],"[[""2025-07-08"", ""WGHW""]]",True,False,False,0000105319,False,False,,False,True,False,False,7200,7200,SPY,SPY,SPY
AZTA,2023-08-09,2023-08-08,2023-08-10,2023-08-24,VALID,True,A,0000933974,SEC_TICKERS,False,False,False,False,0,2018-11-01,2023-12-29,0,True,0000933974,[],[],True,False,False,0000933974,False,False,,False,True,False,False,3559,3559,SPY,SPY,SPY
MQ,2023-08-09,2023-08-08,2023-08-10,2023-08-24,VALID,True,A,0001522540,SEC_TICKERS,False,False,False,False,0,2021-06-09,2023-12-29,0,True,0001522540,[],[],True,False,False,0001522540,False,False,,False,True,False,False,7372,7372,XLK,XLK,XLK
RKLB,2023-08-09,2023-08-08,2023-08-10,2023-08-24,VALID,True,A,0001819994,SEC_TICKERS,False,False,False,False,0,2020-11-24,2023-12-29,1,True,0001819994,[],[],True,False,False,0001819994,False,False,,False,True,False,False,3760,3760,XLI,XLI,XLI
RPD,2023-08-09,2023-08-08,2023-08-10,2023-08-24,VALID,True,A,0001560327,SEC_TICKERS,False,False,False,False,0,2018-11-01,2023-12-29,0,True,0001560327,[],[],True,False,False,0001560327,False,False,,False,True,False,False,7372,7372,XLK,XLK,XLK
TNGX,2023-08-09,2023-08-08,2023-08-10,2023-08-24,VALID,True,A,0001819133,SEC_TICKERS,False,False,False,False,0,2020-09-03,2023-12-29,4,True,0001819133,[],[],True,False,False,0001819133,False,False,,False,True,False,False,2834,2834,XBI,XBI,XBI
VTGN,2023-08-09,2023-08-08,2023-08-10,2023-08-24,VALID,True,A,0001411685,SEC_TICKERS,False,False,False,False,0,2018-11-01,2023-12-29,0,True,0001411685,[],[],True,False,False,0001411685,False,False,,False,True,False,False,2834,2834,XBI,XBI,XBI
APP,2023-08-10,2023-08-09,2023-08-11,2023-08-25,VALID,True,A,0001751008,SEC_TICKERS,False,False,False,False,0,2021-04-15,2023-12-29,0,True,0001751008,[],[],True,False,False,0001751008,False,False,2025-09-22,False,True,False,False,7370,7370,XLK,XLK,XLK
YETI,2023-08-10,2023-08-09,2023-08-11,2023-08-25,VALID,True,A,0001670592,SEC_TICKERS,False,False,False,False,0,2018-11-01,2023-12-29,0,True,0001670592,[],[],True,False,False,0001670592,False,False,,False,True,False,False,3949,3949,SPY,SPY,SPY
ACHR,2023-08-11,2023-08-10,2023-08-14,2023-08-28,VALID,True,A,0001824502,SEC_TICKERS,False,False,False,False,0,2020-12-18,2023-12-29,0,True,0001824502,[],[],True,False,False,0001824502,False,False,,False,True,False,False,3721,3721,XLI,XLI,XLI
DCTH,2023-08-15,2023-08-14,2023-08-16,2023-08-30,VALID,True,A,0000872912,SEC_TICKERS,False,False,False,False,0,2020-05-01,2023-12-29,375,True,0000872912,[],[],True,False,False,0000872912,False,False,,False,True,False,False,3841,3841,XLV,XLV,XLV
DLO,2023-08-16,2023-08-15,2023-08-17,2023-08-31,VALID,True,A,0001846832,SEC_TICKERS,False,False,False,False,0,2021-06-03,2023-12-29,0,True,0001846832,[],[],False,False,False,,False,False,,False,False,False,False,7389,7389,SPY,SPY,SPY
APLD,2023-08-22,2023-08-21,2023-08-23,2023-09-07,VALID,True,A,0001144879,SEC_TICKERS,False,False,False,False,0,2022-04-13,2023-12-29,0,True,0001144879,[],[],True,False,False,0001144879,False,False,,False,True,False,False,7374,7374,XLK,XLK,XLK
FN,2023-08-22,2023-08-21,2023-08-23,2023-09-07,VALID,True,A,0001408710,SEC_TICKERS,False,False,False,False,0,2018-11-01,2023-12-29,0,True,0001408710,[],[],True,False,False,0001408710,False,False,,False,True,False,False,3661,3661,XLI,XLI,XLI
FULC,2023-08-22,2023-08-21,2023-08-23,2023-09-07,VALID,True,A,0001680581,SEC_TICKERS,False,False,False,False,0,2019-07-18,2023-12-29,0,True,0001680581,[],[],True,False,False,0001680581,False,False,,False,True,False,False,2834,2834,XBI,XBI,XBI
ANF,2023-08-23,2023-08-22,2023-08-24,2023-09-08,VALID,True,A,0001018840,SEC_TICKERS,False,False,False,False,0,2018-11-01,2023-12-29,0,True,0001018840,[],[],True,False,False,0001018840,False,False,2007-03-29,True,True,False,False,5651,5651,SPY,SPY,SPY
VCIG,2023-08-23,2023-08-22,2023-08-24,2023-09-08,VALID,True,A,0001930510,SEC_TICKERS,True,False,True,True,0,2023-06-20,2023-08-23,179,True,0001930510,[],[],False,False,False,,False,False,,False,False,False,False,8744,8744,SPY,SPY,SPY
CIEN,2023-08-31,2023-08-30,2023-09-01,2023-09-18,VALID,True,A,0000936395,SEC_TICKERS,False,False,False,False,0,2018-11-01,2023-12-29,0,True,0000936395,[],[],True,False,False,0000936395,False,False,2001-08-30,True,True,False,False,3661,3661,XLI,XLI,XLI
ESTC,2023-09-01,2023-08-31,2023-09-05,2023-09-19,VALID,True,A,0001707753,SEC_TICKERS,False,False,False,False,0,2018-11-01,2023-12-29,0,True,0001707753,[],[],True,False,False,0001707753,False,False,,False,True,False,False,7372,7372,XLK,XLK,XLK
NTNX,2023-09-01,2023-08-31,2023-09-05,2023-09-19,VALID,True,A,0001618732,SEC_TICKERS,False,False,False,False,0,2018-11-01,2023-12-29,0,True,0001618732,[],[],True,False,False,0001618732,False,False,,False,True,False,False,7372,7372,XLK,XLK,XLK
AVAV,2023-09-06,2023-09-05,2023-09-07,2023-09-21,VALID,True,A,0001368622,SEC_TICKERS,False,False,False,False,0,2018-11-01,2023-12-29,0,True,0001368622,[],[],True,False,False,0001368622,False,False,,False,True,False,False,3721,3721,XLI,XLI,XLI
NXGN,2023-09-06,2023-09-05,2023-09-07,2023-09-21,VALID,False,C,0000708818,FORM345_TICKER,False,False,False,False,0,2018-11-01,2023-11-08,1,True,0000708818,[],[],True,False,False,0000708818,True,False,,False,True,False,False,7373,7373,XLK,XLK,XLK
MLTX,2023-09-12,2023-09-11,2023-09-13,2023-09-27,VALID,True,A,0001821586,SEC_TICKERS,False,False,False,False,0,2020-10-20,2023-12-29,70,True,0001821586,[],[],True,False,False,0001821586,False,False,,False,True,False,False,2834,2834,XBI,XBI,XBI
RCKT,2023-09-13,2023-09-12,2023-09-14,2023-09-28,VALID,True,A,0001281895,SEC_TICKERS,False,False,False,False,0,2018-11-01,2023-12-29,0,True,0001281895,[],[],True,False,False,0001281895,False,False,,False,True,False,False,2834,2834,XBI,XBI,XBI
IOVA,2023-09-15,2023-09-14,2023-09-18,2023-10-02,VALID,True,A,0001425205,SEC_TICKERS,False,False,False,False,0,2018-11-01,2023-12-29,0,True,0001425205,[],[],True,False,False,0001425205,False,False,,False,True,False,False,2836,2836,XBI,XBI,XBI
CART,2023-09-19,2023-09-18,2023-09-20,2023-10-04,VALID,True,A,0001579091,SEC_TICKERS,True,False,False,False,19,2018-11-01,2023-12-29,948,True,0001579091,[],[],True,False,False,0001579091,False,False,,False,False,False,False,7389,7389,SPY,SPY,SPY
BHC,2023-09-20,2023-09-19,2023-09-21,2023-10-05,VALID,True,A,0000885590,SEC_TICKERS,False,False,False,False,0,2018-11-01,2023-12-29,0,True,0000885590,[],[],True,False,False,0000885590,False,False,,False,True,False,False,2834,2834,XBI,XBI,XBI
ICPT,2023-09-26,2023-09-25,2023-09-27,2023-10-11,VALID,False,C,0001270073,FORM345_TICKER,False,False,False,False,0,2018-11-01,2023-11-07,2,True,0001270073,[],[],True,False,False,0001270073,True,False,,False,True,False,False,2834,2834,XBI,XBI,XBI
IMVT,2023-09-26,2023-09-25,2023-09-27,2023-10-11,VALID,True,A,0001764013,SEC_TICKERS,False,False,False,False,0,2019-06-21,2023-12-29,40,True,0001764013,[],[],True,False,False,0001764013,False,False,,False,True,False,False,2836,2836,XBI,XBI,XBI
ROIV,2023-09-26,2023-09-25,2023-09-27,2023-10-11,VALID,True,A,0001635088,SEC_TICKERS,False,False,False,False,0,2020-12-08,2023-12-29,0,True,0001635088,[],[],True,False,False,0001635088,False,False,,False,True,False,False,2834,2834,XBI,XBI,XBI
BHVN,2023-09-27,2023-09-26,2023-09-28,2023-10-12,VALID,True,AC,0001935979,SEC_TICKERS,False,False,False,False,0,2018-11-01,2023-12-29,0,True,0001935979,[],[],True,False,False,0001935979,False,False,,False,True,False,False,2834,2834,XBI,XBI,XBI
MLKN,2023-09-27,2023-09-26,2023-09-28,2023-10-12,VALID,True,A,0000066382,SEC_TICKERS,False,False,False,False,0,2018-11-01,2023-12-29,0,True,0000066382,[],[],True,False,False,0000066382,False,False,,False,True,False,False,2520,2520,SPY,SPY,SPY
GPCR,2023-09-29,2023-09-28,2023-10-02,2023-10-16,VALID,True,A,0001888886,SEC_TICKERS,False,False,False,False,0,2023-02-03,2023-12-29,0,True,0001888886,[],[],True,False,False,0001888886,False,False,,False,True,False,False,2834,2834,XBI,XBI,XBI
ODD,2023-10-03,2023-10-02,2023-10-04,2023-10-18,VALID,True,A,0001907085,SEC_TICKERS,False,False,False,False,0,2023-07-19,2023-12-29,0,True,0001907085,[],[],False,False,False,,False,False,,False,False,False,False,2844,2844,SPY,SPY,SPY
PNT,2023-10-03,2023-10-02,2023-10-04,2023-10-18,VALID,False,C,0001811764,FORM345_TICKER,False,False,False,False,0,2021-07-01,2023-12-26,0,True,0001811764,[],[],True,False,False,0001811764,True,False,,False,True,False,False,2834,2834,XBI,XBI,XBI
CMBT,2023-10-05,2023-10-04,2023-10-06,2023-10-20,VALID,True,A,0001604481,SEC_TICKERS,False,False,False,False,0,2018-11-01,2023-12-29,0,True,0001604481,[],[],False,False,False,,False,False,,False,False,False,False,4412,4412,SPY,SPY,SPY
VFS,2023-10-05,2023-10-04,2023-10-06,2023-10-20,VALID,True,A,0001913510,SEC_TICKERS,False,False,False,False,0,2021-09-07,2023-12-29,135,True,0001913510,[],[],False,False,False,,False,False,,False,False,False,False,3711,3711,XLI,XLI,XLI
COHR,2023-10-10,2023-10-09,2023-10-11,2023-10-25,VALID,True,AC,0000820318,SEC_TICKERS,False,False,False,False,0,2018-11-01,2023-12-29,0,True,0000820318,[],[],True,False,False,0000820318,False,False,2026-03-23,False,True,False,False,3827,3827,SPY,SPY,SPY
TPST,2023-10-11,2023-10-10,2023-10-12,2023-10-26,VALID,True,A,0001544227,SEC_TICKERS,False,False,False,False,0,2018-11-01,2023-12-29,0,True,0001544227,[],[],True,False,False,0001544227,False,False,,False,True,False,False,2834,2834,XBI,XBI,XBI
VSAT,2023-10-12,2023-10-11,2023-10-13,2023-10-27,VALID,True,A,0000797721,SEC_TICKERS,False,False,False,False,0,2018-11-01,2023-12-29,0,True,0000797721,[],[],True,False,False,0000797721,False,False,,False,True,False,False,4899,3663,SPY,SPY,XLI
WH,2023-10-17,2023-10-16,2023-10-18,2023-11-01,VALID,True,A,0001722684,SEC_TICKERS,False,False,False,False,0,2018-11-01,2023-12-29,0,True,0001722684,[],[],True,False,False,0001722684,False,False,,False,True,False,False,7011,7011,SPY,SPY,SPY
EEFT,2023-10-20,2023-10-19,2023-10-23,2023-11-06,VALID,True,A,0001029199,SEC_TICKERS,False,False,False,False,0,2018-11-01,2023-12-29,0,True,0001029199,[],[],True,False,False,0001029199,False,False,,False,True,False,False,6099,6099,XLF,XLF,XLF
LOGI,2023-10-24,2023-10-23,2023-10-25,2023-11-08,VALID,True,A,0001032975,SEC_TICKERS,False,False,False,False,0,2018-11-01,2023-12-29,0,True,0001032975,[],[],True,False,False,0001032975,False,False,,False,True,False,False,3577,3577,XLK,XLK,XLK
LRN,2023-10-25,2023-10-24,2023-10-26,2023-11-09,VALID,True,A,0001157408,SEC_TICKERS,False,False,False,False,0,2018-11-01,2023-12-29,0,True,0001157408,[],[],True,False,False,0001157408,False,False,,False,True,False,False,8200,8200,SPY,SPY,SPY
EDR,2023-10-26,2023-10-25,2023-10-27,2023-11-10,VALID,True,A,0001766363,FORM345_TICKER,False,False,False,False,0,2021-04-29,2023-12-29,625,True,0001766363,[],[],True,False,False,0001766363,False,False,,False,True,False,False,7900,7900,SPY,SPY,SPY
GSHD,2023-10-26,2023-10-25,2023-10-27,2023-11-10,VALID,True,A,0001726978,SEC_TICKERS,False,False,False,False,0,2018-11-01,2023-12-29,0,True,0001726978,[],[],True,False,False,0001726978,False,False,,False,True,False,False,6411,6411,XLF,XLF,XLF
PI,2023-10-26,2023-10-25,2023-10-27,2023-11-10,VALID,True,A,0001114995,SEC_TICKERS,False,False,False,False,0,2018-11-01,2023-12-29,0,True,0001114995,[],[],True,False,False,0001114995,False,False,,False,True,False,False,3679,3679,XLI,XLI,XLI
ARCB,2023-10-27,2023-10-26,2023-10-30,2023-11-13,VALID,True,A,0000894405,SEC_TICKERS,False,False,False,False,0,2018-11-01,2023-12-29,0,True,0000894405,[],[],True,False,False,0000894405,False,False,,False,True,False,False,4213,4213,SPY,SPY,SPY
COUR,2023-10-27,2023-10-26,2023-10-30,2023-11-13,VALID,True,A,0001651562,SEC_TICKERS,False,False,False,False,0,2021-03-31,2023-12-29,0,True,0001651562,[],[],True,False,False,0001651562,False,False,,False,True,False,False,7372,7372,XLK,XLK,XLK
JNPR,2023-10-27,2023-10-26,2023-10-30,2023-11-13,VALID,False,D,0001043604,FORM345_TICKER,False,False,False,False,0,2018-11-01,2023-12-29,0,True,0001043604,[],[],True,False,False,0001043604,True,True,2006-06-02,True,True,False,False,3576,3576,XLK,XLK,XLK
LITE,2023-10-30,2023-10-27,2023-10-31,2023-11-14,VALID,True,A,0001633978,SEC_TICKERS,False,False,False,False,0,2018-11-01,2023-12-29,0,True,0001633978,[],[],True,False,False,0001633978,False,False,2026-03-23,False,True,False,False,3669,3669,XLI,XLI,XLI
HRMY,2023-10-31,2023-10-30,2023-11-01,2023-11-15,VALID,True,A,0001802665,SEC_TICKERS,False,False,False,False,0,2020-08-19,2023-12-29,0,True,0001802665,[],[],True,False,False,0001802665,False,False,,False,True,False,False,2834,2834,XBI,XBI,XBI
CRSP,2023-11-01,2023-10-31,2023-11-02,2023-11-16,VALID,True,A,0001674416,SEC_TICKERS,True,False,False,False,1,2018-11-01,2023-12-29,1,True,0001674416,[],[],True,False,False,0001674416,False,False,,False,True,False,False,2836,2836,XBI,XBI,XBI
FTDR,2023-11-01,2023-10-31,2023-11-02,2023-11-16,VALID,True,A,0001727263,SEC_TICKERS,False,False,False,False,0,2018-11-01,2023-12-29,0,True,0001727263,[],[],True,False,False,0001727263,False,False,,False,True,False,False,7340,7340,SPY,SPY,SPY
TGTX,2023-11-01,2023-10-31,2023-11-02,2023-11-16,VALID,True,A,0001001316,SEC_TICKERS,False,False,False,False,0,2018-11-01,2023-12-29,0,True,0001001316,[],[],True,False,False,0001001316,False,False,,False,True,False,False,2834,2834,XBI,XBI,XBI
FSLY,2023-11-02,2023-11-01,2023-11-03,2023-11-17,VALID,True,A,0001517413,SEC_TICKERS,False,False,False,False,0,2019-05-17,2023-12-29,0,True,0001517413,[],[],True,False,False,0001517413,False,False,,False,True,False,False,7372,7372,XLK,XLK,XLK
INMD,2023-11-02,2023-11-01,2023-11-03,2023-11-17,VALID,True,A,0001742692,SEC_TICKERS,False,False,False,False,0,2019-08-08,2023-12-29,0,True,0001742692,[],[],False,False,False,,False,False,,False,False,False,False,3845,3845,XLV,XLV,XLV
JOBY,2023-11-02,2023-11-01,2023-11-03,2023-11-17,VALID,True,A,0001819848,SEC_TICKERS,False,False,False,False,0,2020-11-09,2023-12-29,0,True,0001819848,[],[],True,False,False,0001819848,False,False,,False,True,False,False,3721,3721,XLI,XLI,XLI
LMND,2023-11-02,2023-11-01,2023-11-03,2023-11-17,VALID,True,A,0001691421,SEC_TICKERS,False,False,False,False,0,2020-07-02,2023-12-29,0,True,0001691421,[],[],True,False,False,0001691421,False,False,,False,True,False,False,6331,6331,XLF,XLF,XLF
MOD,2023-11-02,2023-11-01,2023-11-03,2023-11-17,VALID,True,A,0000067347,SEC_TICKERS,False,False,False,False,0,2018-11-01,2023-12-29,0,True,0000067347,[],[],True,False,False,0000067347,False,False,,False,True,False,False,3714,3714,XLI,XLI,XLI
RPD,2023-11-02,2023-11-01,2023-11-03,2023-11-17,VALID,True,A,0001560327,SEC_TICKERS,False,False,False,False,0,2018-11-01,2023-12-29,0,True,0001560327,[],[],True,False,False,0001560327,False,False,,False,True,False,False,7372,7372,XLK,XLK,XLK
SEE,2023-11-02,2023-11-01,2023-11-03,2023-11-17,VALID,False,D,0001012100,FORM345_TICKER,False,False,False,False,0,2018-11-01,2023-12-29,0,True,0001012100,[],[],True,False,False,0001012100,True,True,1998-04-01,True,True,False,False,2820,2820,SPY,SPY,SPY
DOCN,2023-11-03,2023-11-02,2023-11-06,2023-11-20,VALID,True,A,0001582961,SEC_TICKERS,False,False,False,False,0,2021-03-24,2023-12-29,0,True,0001582961,[],[],True,False,False,0001582961,False,False,,False,True,False,False,7370,7370,XLK,XLK,XLK
PRTA,2023-11-03,2023-11-02,2023-11-06,2023-11-20,VALID,True,A,0001559053,SEC_TICKERS,False,False,False,False,0,2018-11-01,2023-12-29,0,True,0001559053,[],[],True,False,False,0001559053,False,False,,False,True,False,False,2834,2834,XBI,XBI,XBI
PRVA,2023-11-03,2023-11-02,2023-11-06,2023-11-20,VALID,True,A,0001759655,SEC_TICKERS,False,False,False,False,0,2021-04-29,2023-12-29,0,True,0001759655,[],[],True,False,False,0001759655,False,False,,False,True,False,False,8000,8000,SPY,SPY,SPY
SPT,2023-11-03,2023-11-02,2023-11-06,2023-11-20,VALID,True,A,0001517375,SEC_TICKERS,False,False,False,False,0,2019-12-13,2023-12-29,0,True,0001517375,[],[],True,False,False,0001517375,False,False,,False,True,False,False,7372,7372,XLK,XLK,XLK
FRPT,2023-11-06,2023-11-03,2023-11-07,2023-11-21,VALID,True,A,0001611647,SEC_TICKERS,False,False,False,False,0,2018-11-01,2023-12-29,0,True,0001611647,[],[],True,False,False,0001611647,False,False,,False,True,False,False,2040,2040,SPY,SPY,SPY
MSPR,2023-11-06,2023-11-03,2023-11-07,2023-11-21,VALID,False,B,0001802450,FORM345_TICKER,False,False,False,False,0,2023-01-03,2023-12-29,0,False,,"[[""2023-01-03"", ""LIFW""]]",[],True,False,False,0001802450,True,False,,False,True,False,False,7374,7374,SPY,XLK,XLK
PKX,2023-11-06,2023-11-03,2023-11-07,2023-11-21,VALID,True,A,0000889132,SEC_TICKERS,False,False,False,False,0,2018-11-01,2023-12-29,0,True,0000889132,[],[],False,False,False,,False,False,,False,False,False,True,3312,3312,SPY,SPY,SPY
TMDX,2023-11-07,2023-11-06,2023-11-08,2023-11-22,VALID,True,A,0001756262,SEC_TICKERS,False,False,False,False,0,2019-05-02,2023-12-29,2,True,0001756262,[],[],True,False,False,0001756262,False,False,,False,True,False,False,3845,3845,XLV,XLV,XLV
ENVX,2023-11-08,2023-11-07,2023-11-09,2023-11-24,VALID,True,A,0001828318,SEC_TICKERS,False,False,False,False,0,2021-01-05,2023-12-29,0,True,0001828318,[],[],True,False,False,0001828318,False,False,,False,True,False,False,3690,3690,XLI,XLI,XLI
KD,2023-11-08,2023-11-07,2023-11-09,2023-11-24,VALID,True,A,0001867072,SEC_TICKERS,False,False,False,False,0,2021-11-04,2023-12-29,0,True,0001867072,[],[],True,False,False,0001867072,False,False,,False,True,False,False,7373,7373,XLK,XLK,XLK
UPWK,2023-11-08,2023-11-07,2023-11-09,2023-11-24,VALID,True,A,0001627475,SEC_TICKERS,False,False,False,False,0,2018-11-01,2023-12-29,0,True,0001627475,[],[],True,False,False,0001627475,False,False,,False,True,False,False,7374,7374,XLK,XLK,XLK
YOU,2023-11-08,2023-11-07,2023-11-09,2023-11-24,VALID,True,A,0001856314,SEC_TICKERS,False,False,False,False,0,2021-06-30,2023-12-29,0,True,0001856314,[],[],True,False,False,0001856314,False,False,,False,True,False,False,7372,7372,XLK,XLK,XLK
BE,2023-11-09,2023-11-08,2023-11-10,2023-11-27,VALID,True,A,0001664703,SEC_TICKERS,False,False,False,False,0,2018-11-01,2023-12-29,0,True,0001664703,[],[],True,False,False,0001664703,False,False,,False,True,False,False,3620,3620,XLI,XLI,XLI
NTRA,2023-11-09,2023-11-08,2023-11-10,2023-11-27,VALID,True,A,0001604821,SEC_TICKERS,False,False,False,False,0,2018-11-01,2023-12-29,0,True,0001604821,[],[],True,False,False,0001604821,False,False,,False,True,False,False,8071,8071,SPY,SPY,SPY
VSAT,2023-11-09,2023-11-08,2023-11-10,2023-11-27,VALID,True,A,0000797721,SEC_TICKERS,False,False,False,False,0,2018-11-01,2023-12-29,0,True,0000797721,[],[],True,False,False,0000797721,False,False,,False,True,False,False,4899,3663,SPY,SPY,XLI
DOCS,2023-11-10,2023-11-09,2023-11-13,2023-11-28,VALID,True,A,0001516513,SEC_TICKERS,False,False,False,False,0,2021-06-24,2023-12-29,0,True,0001516513,[],[],True,False,False,0001516513,False,False,,False,True,False,False,7371,7371,XLK,XLK,XLK
MSPR,2023-11-13,2023-11-10,2023-11-14,2023-11-29,VALID,False,B,0001802450,FORM345_TICKER,False,False,False,False,0,2023-01-03,2023-12-29,0,False,,"[[""2023-01-03"", ""LIFW""]]",[],True,False,False,0001802450,True,False,,False,True,False,False,7374,7374,SPY,XLK,XLK
PEN,2023-11-13,2023-11-10,2023-11-14,2023-11-29,VALID,True,A,0001321732,SEC_TICKERS,False,False,False,False,0,2018-11-01,2023-12-29,0,True,0001321732,[],[],True,False,False,0001321732,False,False,,False,True,False,False,3841,3841,XLV,XLV,XLV
AZTA,2023-11-14,2023-11-13,2023-11-15,2023-11-30,VALID,True,A,0000933974,SEC_TICKERS,False,False,False,False,0,2018-11-01,2023-12-29,0,True,0000933974,[],[],True,False,False,0000933974,False,False,,False,True,False,False,3559,3559,SPY,SPY,SPY
MSPR,2023-11-14,2023-11-13,2023-11-15,2023-11-30,VALID,False,B,0001802450,FORM345_TICKER,False,False,False,False,0,2023-01-03,2023-12-29,0,False,,"[[""2023-01-03"", ""LIFW""]]",[],True,False,False,0001802450,True,False,,False,True,False,False,7374,7374,SPY,XLK,XLK
SLG,2023-11-14,2023-11-13,2023-11-15,2023-11-30,VALID,True,AD,0001040971,SEC_TICKERS,False,False,False,False,0,2018-11-01,2023-12-29,0,True,0001040971,[],[],True,False,False,0001040971,False,False,2015-03-23,True,True,False,False,6798,6798,XLF,XLF,XLF
SIRI,2023-11-15,2023-11-14,2023-11-16,2023-12-01,VALID,True,A,0000908937,SEC_TICKERS,False,False,False,False,0,2018-11-01,2023-12-29,0,True,0000908937,[],[],True,False,False,0000908937,False,False,,False,True,False,False,4832,4832,SPY,SPY,SPY
YPF,2023-11-20,2023-11-17,2023-11-21,2023-12-06,VALID,True,A,0000904851,SEC_TICKERS,False,False,False,False,0,2018-11-01,2023-12-29,0,True,0000904851,[],[],False,False,False,,False,False,,False,False,False,True,2911,2911,XLE,XLE,XLE
DY,2023-11-21,2023-11-20,2023-11-22,2023-12-07,VALID,True,A,0000067215,SEC_TICKERS,False,False,False,False,0,2018-11-01,2023-12-29,0,True,0000067215,[],[],True,False,False,0000067215,False,False,,False,True,False,False,1623,1623,SPY,SPY,SPY
SYM,2023-11-21,2023-11-20,2023-11-22,2023-12-07,VALID,True,A,0001837240,SEC_TICKERS,False,False,False,False,0,2021-03-09,2023-12-29,3,True,0001837240,[],[],True,False,False,0001837240,False,False,,False,True,False,False,3569,3569,SPY,SPY,SPY
FLNC,2023-11-29,2023-11-28,2023-11-30,2023-12-14,VALID,True,A,0001868941,SEC_TICKERS,False,False,False,False,0,2021-10-28,2023-12-29,0,True,0001868941,[],[],True,False,False,0001868941,False,False,,False,True,False,False,3690,3690,XLI,XLI,XLI
GME,2023-11-29,2023-11-28,2023-11-30,2023-12-14,VALID,True,A,0001326380,SEC_TICKERS,False,False,False,False,0,2018-11-01,2023-12-29,0,True,0001326380,[],[],True,False,False,0001326380,False,False,2007-12-14,True,True,False,False,5734,5734,SPY,SPY,SPY
VVOS,2023-11-29,2023-11-28,2023-11-30,2023-12-14,VALID,True,A,0001716166,SEC_TICKERS,False,False,False,False,0,2020-12-11,2023-12-29,0,True,0001716166,[],[],True,False,False,0001716166,False,False,,False,True,False,False,3841,3841,XLV,XLV,XLV
VFS,2023-11-30,2023-11-29,2023-12-01,2023-12-15,VALID,True,A,0001913510,SEC_TICKERS,False,False,False,False,0,2021-09-07,2023-12-29,135,True,0001913510,[],[],False,False,False,,False,False,,False,False,False,False,3711,3711,XLI,XLI,XLI
IOT,2023-12-01,2023-11-30,2023-12-04,2023-12-18,VALID,True,A,0001642896,SEC_TICKERS,False,False,False,False,0,2021-12-15,2023-12-29,0,True,0001642896,[],[],True,False,False,0001642896,False,False,,False,True,False,False,7373,7373,XLK,XLK,XLK
SPRC,2023-12-01,2023-11-30,2023-12-04,2023-12-18,VALID,True,A,0001611746,SEC_TICKERS,False,False,False,False,0,2021-12-27,2023-12-29,26,True,0001611746,[],[],False,False,False,,False,False,,False,False,False,False,2834,2834,XBI,XBI,XBI
BNKK,2023-12-04,2023-12-01,2023-12-05,2023-12-19,VALID,True,A,0001760903,SEC_TICKERS,False,False,False,False,0,2020-10-30,2023-12-29,0,False,,[],"[[""2025-10-10"", ""SHOT""]]",False,False,False,,False,False,,False,True,False,False,2844,2844,SPY,SPY,SPY
EYPT,2023-12-04,2023-12-01,2023-12-05,2023-12-19,VALID,True,A,0001314102,SEC_TICKERS,False,False,False,False,0,2018-11-01,2023-12-29,0,True,0001314102,[],[],True,False,False,0001314102,False,False,,False,True,False,False,3826,3826,SPY,SPY,SPY
QXO,2023-12-04,2023-12-01,2023-12-05,2023-12-19,VALID,True,A,0001236275,SEC_TICKERS,False,False,False,False,0,2018-11-01,2023-12-29,27,True,0001236275,[],[],False,False,False,,False,False,,False,True,False,False,5030,7374,SPY,SPY,XLK
SHOT,2023-12-04,2023-12-01,2023-12-05,2023-12-19,VALID,True,A,0001760903,RENAME_CHAIN_FWD,False,False,False,False,0,2023-09-15,2023-12-29,0,True,0001760903,[],[],False,False,True,,False,False,,False,True,False,False,2844,2844,SPY,SPY,SPY
VKTX,2023-12-04,2023-12-01,2023-12-05,2023-12-19,VALID,True,A,0001607678,SEC_TICKERS,False,False,False,False,0,2018-11-01,2023-12-29,0,True,0001607678,[],[],True,False,False,0001607678,False,False,,False,True,False,False,2834,2834,XBI,XBI,XBI
ALT,2023-12-06,2023-12-05,2023-12-07,2023-12-21,VALID,True,A,0001326190,SEC_TICKERS,False,False,False,False,0,2018-11-01,2023-12-29,0,True,0001326190,[],[],True,False,False,0001326190,False,False,,False,True,False,False,2834,2834,XBI,XBI,XBI
MLGO,2023-12-06,2023-12-05,2023-12-07,2023-12-21,VALID,True,A,0001800392,SEC_TICKERS,False,False,False,False,0,2021-04-13,2023-12-29,154,True,0001800392,[],[],True,False,False,0001800392,False,False,,False,True,False,False,7371,7371,XLK,XLK,XLK
SERA,2023-12-06,2023-12-05,2023-12-07,2023-12-21,VALID,True,A,0001534969,SEC_TICKERS,False,False,False,False,0,2021-07-15,2023-12-29,1,True,0001534969,[],[],True,False,False,0001534969,False,False,,False,True,False,False,8071,8071,SPY,SPY,SPY
JBLU,2023-12-07,2023-12-06,2023-12-08,2023-12-22,VALID,True,A,0001158463,SEC_TICKERS,False,False,False,False,0,2018-11-01,2023-12-29,0,True,0001158463,[],[],True,False,False,0001158463,False,False,,False,True,False,False,4512,4512,SPY,SPY,SPY
SMTC,2023-12-07,2023-12-06,2023-12-08,2023-12-22,VALID,True,A,0000088941,SEC_TICKERS,False,False,False,False,0,2018-11-01,2023-12-29,0,True,0000088941,[],[],True,False,False,0000088941,False,False,,False,True,False,False,3674,3674,XLI,XLI,XLI
QXO,2023-12-11,2023-12-08,2023-12-12,2023-12-27,VALID,True,A,0001236275,SEC_TICKERS,False,False,False,False,0,2018-11-01,2023-12-29,27,True,0001236275,[],[],False,False,False,,False,False,,False,True,False,False,5030,7374,SPY,SPY,XLK
CCCC,2023-12-13,2023-12-12,2023-12-14,2023-12-29,VALID,True,A,0001662579,SEC_TICKERS,False,False,False,False,0,2020-10-02,2023-12-29,0,True,0001662579,[],[],True,False,False,0001662579,False,False,,False,True,False,False,2836,2836,XBI,XBI,XBI
QXO,2023-12-13,2023-12-12,2023-12-14,2023-12-29,VALID,True,A,0001236275,SEC_TICKERS,False,False,False,False,0,2018-11-01,2023-12-29,27,True,0001236275,[],[],False,False,False,,False,False,,False,True,False,False,5030,7374,SPY,SPY,XLK
SPRC,2023-12-13,2023-12-12,2023-12-14,2023-12-29,VALID,True,A,0001611746,SEC_TICKERS,False,False,False,False,0,2021-12-27,2023-12-29,26,True,0001611746,[],[],False,False,False,,False,False,,False,False,False,False,2834,2834,XBI,XBI,XBI
GFI,2023-12-14,2023-12-13,2023-12-15,,BEYOND_DEV_END,True,A,0001172724,SEC_TICKERS,False,False,False,False,0,2018-11-01,2023-12-29,0,True,0001172724,[],[],False,False,False,,False,False,,False,False,False,True,1040,1040,XLE,XLE,XLE
POL,2023-12-20,2023-12-19,2023-12-21,,BEYOND_DEV_END,True,B,0001122976,UNIQUE_NAME_MATCH,False,False,False,False,0,2020-07-31,2023-12-29,0,True,0001122976,"[[""2020-07-13"", ""AVNT""]]",[],True,True,False,0001810140,False,False,,False,True,False,False,2821,2821,SPY,SPY,SPY
TTC,2023-12-20,2023-12-19,2023-12-21,,BEYOND_DEV_END,True,A,0000737758,SEC_TICKERS,False,False,False,False,0,2018-11-01,2023-12-29,0,True,0000737758,[],[],True,False,False,0000737758,False,False,,False,True,False,False,3524,3524,SPY,SPY,SPY
IMVT,2023-12-21,2023-12-20,2023-12-22,,BEYOND_DEV_END,True,A,0001764013,SEC_TICKERS,False,False,False,False,0,2019-06-21,2023-12-29,40,True,0001764013,[],[],True,False,False,0001764013,False,False,,False,True,False,False,2836,2836,XBI,XBI,XBI
RKLB,2023-12-22,2023-12-21,2023-12-26,,BEYOND_DEV_END,True,A,0001819994,SEC_TICKERS,False,False,False,False,0,2020-11-24,2023-12-29,1,True,0001819994,[],[],True,False,False,0001819994,False,False,,False,True,False,False,3760,3760,XLI,XLI,XLI
CIFR,2023-12-27,2023-12-26,2023-12-28,,BEYOND_DEV_END,True,A,0001819989,SEC_TICKERS,False,False,False,False,0,2020-12-07,2023-12-29,0,True,0001819989,[],[],True,False,False,0001819989,False,False,,False,True,False,False,6199,6199,XLF,XLF,XLF
CING,2023-12-28,2023-12-27,2023-12-29,,BEYOND_DEV_END,True,A,0001862150,SEC_TICKERS,False,False,False,False,0,2021-12-08,2023-12-29,0,True,0001862150,[],[],True,False,False,0001862150,False,False,,False,True,False,False,2834,2834,XBI,XBI,XBI
