symbol,issuer_cik,cik_source,shared_issuer_tickers,in_discovery_universe_v1_626,in_live_v2_scope_39,in_owner_watchlist_48,configured_live_polling,last_attempted_poll_utc,last_successful_poll_utc,poll_evidence,backfill_form4_latest_processed,backfill_completed,latest_failure_category,input_freshness,form4_filings_since_campaign_0921,form4_filings_in_v2_lookback_since_0823,form4_filings_since_0824,issuer_cik_matched,codeP_rows_since_0823,codeP_distinct_owners_since_0823,last_form4_filed,last_form4_ingested_utc,v2_episodes,coverage_class,governing_decision
A,0001090872,STATIC_626_MANIFEST,,True,False,False,False,,,not polled since broad collection stopped; last Form 4 ingested 2026-09-14T14:16:56,2026-09-10,True,,N/A not polled,0,2,2,YES,0,0,2026-09-10,2026-09-14T14:16:56,,INTENTIONALLY_OUT_OF_SCOPE,RC1 release launch spec excludes --enable-broad-discovery (release_freeze_preflight/13_full_day_launch_command.md; v2_final_release_acceptance/release_candidate_configuration.json launch_argv)
AAL,0000006201,STATIC_626_MANIFEST,,True,False,False,False,,,not polled since broad collection stopped; last Form 4 ingested 2026-09-14T14:30:43,2026-08-03,True,,N/A not polled,0,0,0,,0,0,2026-08-03,2026-09-14T14:30:43,,INTENTIONALLY_OUT_OF_SCOPE,RC1 release launch spec excludes --enable-broad-discovery (release_freeze_preflight/13_full_day_launch_command.md; v2_final_release_acceptance/release_candidate_configuration.json launch_argv)
AAP,0001158449,STATIC_626_MANIFEST,,True,False,False,False,,,not polled since broad collection stopped; last Form 4 ingested 2026-09-14T14:44:43,2026-07-28,True,,N/A not polled,0,0,0,,0,0,2026-07-28,2026-09-14T14:44:43,,INTENTIONALLY_OUT_OF_SCOPE,RC1 release launch spec excludes --enable-broad-discovery (release_freeze_preflight/13_full_day_launch_command.md; v2_final_release_acceptance/release_candidate_configuration.json launch_argv)
AAPL,0000320193,STATIC_626_MANIFEST,,True,True,True,True,2026-10-07T17:36:01.559422+00:00,2026-10-07T17:36:01.559422+00:00,"in every one of 4637 all-success poll cycles (symbols_polled=39, symbols_failed=0) since 2026-09-24T04:22Z; 12 partial-failure cycles are not symbol-attributed",2026-09-03,True,none attributable (cycle counters only),FRESH (source_freshness SEC_EDGAR_SUBMISSIONS; global),12,17,17,YES,0,0,2026-10-05,2026-10-05T22:47:33,,CONFIGURED_AND_SUCCESSFULLY_POLLED_WITH_FILINGS,V2 execution allowlist = intelligence resolve_watchlist POLLED (run.py --execution-scope resolved-active-watchlist)
ABBV,0001551152,STATIC_626_MANIFEST,,True,False,False,False,,,not polled since broad collection stopped; last Form 4 ingested 2026-09-14T14:53:54,2026-08-18,True,,N/A not polled,0,0,0,,0,0,2026-08-18,2026-09-14T14:53:54,,INTENTIONALLY_OUT_OF_SCOPE,RC1 release launch spec excludes --enable-broad-discovery (release_freeze_preflight/13_full_day_launch_command.md; v2_final_release_acceptance/release_candidate_configuration.json launch_argv)
ABCL,0001703057,STATIC_626_MANIFEST,,True,True,True,True,2026-10-07T17:36:01.559422+00:00,2026-10-07T17:36:01.559422+00:00,"in every one of 4637 all-success poll cycles (symbols_polled=39, symbols_failed=0) since 2026-09-24T04:22Z; 12 partial-failure cycles are not symbol-attributed",2026-08-24,True,none attributable (cycle counters only),FRESH (source_freshness SEC_EDGAR_SUBMISSIONS; global),0,1,1,YES,1,1,2026-08-24,2026-09-04T10:21:31,SKIPPED_ENTRY_STALE@2026-08-17;SKIPPED_ENTRY_STALE@2026-08-25,CONFIGURED_AND_SUCCESSFULLY_POLLED_NO_FILINGS,V2 execution allowlist = intelligence resolve_watchlist POLLED (run.py --execution-scope resolved-active-watchlist)
ABMD,,UNRESOLVED,,True,False,False,False,,,no stored Form 4,,,,N/A not polled,0,0,0,,0,0,,,,IDENTITY_UNRESOLVED,626 static CIK manifest: unresolved; and out of RC1 scope (RC1 release launch spec excludes --enable-broad-discovery (release_freeze_preflight/13_full_day_launch_command.md; v2_final_release_acceptance/release_candidate_configuration.json launch_argv))
ABNB,0001559720,STATIC_626_MANIFEST,,True,False,False,False,,,not polled since broad collection stopped; last Form 4 ingested 2026-09-14T15:03:06,2026-09-03,True,,N/A not polled,0,7,7,YES,0,0,2026-09-03,2026-09-14T15:03:06,,INTENTIONALLY_OUT_OF_SCOPE,RC1 release launch spec excludes --enable-broad-discovery (release_freeze_preflight/13_full_day_launch_command.md; v2_final_release_acceptance/release_candidate_configuration.json launch_argv)
ABT,0000001800,STATIC_626_MANIFEST,,True,True,True,True,2026-10-07T17:36:01.559422+00:00,2026-10-07T17:36:01.559422+00:00,"in every one of 4637 all-success poll cycles (symbols_polled=39, symbols_failed=0) since 2026-09-24T04:22Z; 12 partial-failure cycles are not symbol-attributed",2026-09-03,True,none attributable (cycle counters only),FRESH (source_freshness SEC_EDGAR_SUBMISSIONS; global),6,9,9,YES,0,0,2026-10-02,2026-10-02T20:15:19,,CONFIGURED_AND_SUCCESSFULLY_POLLED_WITH_FILINGS,V2 execution allowlist = intelligence resolve_watchlist POLLED (run.py --execution-scope resolved-active-watchlist)
ACGL,0000947484,STATIC_626_MANIFEST,,True,False,False,False,,,not polled since broad collection stopped; last Form 4 ingested 2026-09-14T15:13:43,2026-08-20,True,,N/A not polled,0,0,0,,0,0,2026-08-20,2026-09-14T15:13:43,,INTENTIONALLY_OUT_OF_SCOPE,RC1 release launch spec excludes --enable-broad-discovery (release_freeze_preflight/13_full_day_launch_command.md; v2_final_release_acceptance/release_candidate_configuration.json launch_argv)
ACHR,0001824502,STATIC_626_MANIFEST,,True,True,True,True,2026-10-07T17:36:01.559422+00:00,2026-10-07T17:36:01.559422+00:00,"in every one of 4637 all-success poll cycles (symbols_polled=39, symbols_failed=0) since 2026-09-24T04:22Z; 12 partial-failure cycles are not symbol-attributed",2026-08-21,True,none attributable (cycle counters only),FRESH (source_freshness SEC_EDGAR_SUBMISSIONS; global),1,1,1,YES,0,0,2026-09-23,2026-09-24T04:22:15,,CONFIGURED_AND_SUCCESSFULLY_POLLED_WITH_FILINGS,V2 execution allowlist = intelligence resolve_watchlist POLLED (run.py --execution-scope resolved-active-watchlist)
ACN,0001467373,STATIC_626_MANIFEST,,True,False,False,False,,,not polled since broad collection stopped; last Form 4 ingested 2026-09-14T16:05:11,2026-09-08,True,,N/A not polled,0,9,9,YES,0,0,2026-09-08,2026-09-14T16:05:11,,INTENTIONALLY_OUT_OF_SCOPE,RC1 release launch spec excludes --enable-broad-discovery (release_freeze_preflight/13_full_day_launch_command.md; v2_final_release_acceptance/release_candidate_configuration.json launch_argv)
ADBE,0000796343,STATIC_626_MANIFEST,,True,False,False,False,,,not polled since broad collection stopped; last Form 4 ingested 2026-09-14T15:32:50,2026-08-17,True,,N/A not polled,0,0,0,,0,0,2026-08-17,2026-09-14T15:32:50,,INTENTIONALLY_OUT_OF_SCOPE,RC1 release launch spec excludes --enable-broad-discovery (release_freeze_preflight/13_full_day_launch_command.md; v2_final_release_acceptance/release_candidate_configuration.json launch_argv)
ADC,0000917251,STATIC_626_MANIFEST,,True,True,True,True,2026-10-07T17:36:01.559422+00:00,2026-10-07T17:36:01.559422+00:00,"in every one of 4637 all-success poll cycles (symbols_polled=39, symbols_failed=0) since 2026-09-24T04:22Z; 12 partial-failure cycles are not symbol-attributed",2026-09-02,True,none attributable (cycle counters only),FRESH (source_freshness SEC_EDGAR_SUBMISSIONS; global),1,5,5,YES,6,3,2026-09-23,2026-09-23T11:01:43,SKIPPED_NO_PRIOR_INTENT@2026-09-18,CONFIGURED_AND_SUCCESSFULLY_POLLED_WITH_FILINGS,V2 execution allowlist = intelligence resolve_watchlist POLLED (run.py --execution-scope resolved-active-watchlist)
ADI,0000006281,STATIC_626_MANIFEST,,True,False,False,False,,,not polled since broad collection stopped; last Form 4 ingested 2026-09-14T15:42:08,2026-09-10,True,,N/A not polled,0,5,5,YES,0,0,2026-09-10,2026-09-14T15:42:08,,INTENTIONALLY_OUT_OF_SCOPE,RC1 release launch spec excludes --enable-broad-discovery (release_freeze_preflight/13_full_day_launch_command.md; v2_final_release_acceptance/release_candidate_configuration.json launch_argv)
ADM,0000007084,STATIC_626_MANIFEST,,True,False,False,False,,,not polled since broad collection stopped; last Form 4 ingested 2026-09-14T15:52:16,2026-09-11,True,,N/A not polled,0,13,13,YES,0,0,2026-09-11,2026-09-14T15:52:16,,INTENTIONALLY_OUT_OF_SCOPE,RC1 release launch spec excludes --enable-broad-discovery (release_freeze_preflight/13_full_day_launch_command.md; v2_final_release_acceptance/release_candidate_configuration.json launch_argv)
ADP,0000008670,STATIC_626_MANIFEST,,True,True,True,True,2026-10-07T17:36:01.559422+00:00,2026-10-07T17:36:01.559422+00:00,"in every one of 4637 all-success poll cycles (symbols_polled=39, symbols_failed=0) since 2026-09-24T04:22Z; 12 partial-failure cycles are not symbol-attributed",2026-09-03,True,none attributable (cycle counters only),FRESH (source_freshness SEC_EDGAR_SUBMISSIONS; global),0,18,18,YES,0,0,2026-09-10,2026-09-10T20:30:55,,CONFIGURED_AND_SUCCESSFULLY_POLLED_NO_FILINGS,V2 execution allowlist = intelligence resolve_watchlist POLLED (run.py --execution-scope resolved-active-watchlist)
ADS,,UNRESOLVED,,True,False,False,False,,,no stored Form 4,,,,N/A not polled,0,0,0,,0,0,,,,IDENTITY_UNRESOLVED,626 static CIK manifest: unresolved; and out of RC1 scope (RC1 release launch spec excludes --enable-broad-discovery (release_freeze_preflight/13_full_day_launch_command.md; v2_final_release_acceptance/release_candidate_configuration.json launch_argv))
ADSK,0000769397,STATIC_626_MANIFEST,,True,False,False,False,,,not polled since broad collection stopped; last Form 4 ingested 2026-09-14T16:01:45,2026-06-23,True,,N/A not polled,0,0,0,,0,0,2026-06-23,2026-09-14T16:01:45,,INTENTIONALLY_OUT_OF_SCOPE,RC1 release launch spec excludes --enable-broad-discovery (release_freeze_preflight/13_full_day_launch_command.md; v2_final_release_acceptance/release_candidate_configuration.json launch_argv)
AEE,0001002910,STATIC_626_MANIFEST,,True,False,False,False,,,not polled since broad collection stopped; last Form 4 ingested 2026-09-14T20:24:07,2026-08-20,True,,N/A not polled,0,1,1,YES,0,0,2026-09-14,2026-09-14T20:24:07,,INTENTIONALLY_OUT_OF_SCOPE,RC1 release launch spec excludes --enable-broad-discovery (release_freeze_preflight/13_full_day_launch_command.md; v2_final_release_acceptance/release_candidate_configuration.json launch_argv)
AEP,0000004904,STATIC_626_MANIFEST,,True,False,False,False,,,not polled since broad collection stopped; last Form 4 ingested 2026-09-14T16:22:27,2026-09-09,True,,N/A not polled,0,1,1,YES,0,0,2026-09-09,2026-09-14T16:22:27,,INTENTIONALLY_OUT_OF_SCOPE,RC1 release launch spec excludes --enable-broad-discovery (release_freeze_preflight/13_full_day_launch_command.md; v2_final_release_acceptance/release_candidate_configuration.json launch_argv)
AES,0000874761,STATIC_626_MANIFEST,,True,False,False,False,,,not polled since broad collection stopped; last Form 4 ingested 2026-09-14T16:31:58,2026-05-19,True,,N/A not polled,0,0,0,,0,0,2026-05-01,2026-09-14T16:31:58,,INTENTIONALLY_OUT_OF_SCOPE,RC1 release launch spec excludes --enable-broad-discovery (release_freeze_preflight/13_full_day_launch_command.md; v2_final_release_acceptance/release_candidate_configuration.json launch_argv)
AFL,0000004977,STATIC_626_MANIFEST,,True,True,True,True,2026-10-07T17:36:01.559422+00:00,2026-10-07T17:36:01.559422+00:00,"in every one of 4637 all-success poll cycles (symbols_polled=39, symbols_failed=0) since 2026-09-24T04:22Z; 12 partial-failure cycles are not symbol-attributed",2026-09-03,True,none attributable (cycle counters only),FRESH (source_freshness SEC_EDGAR_SUBMISSIONS; global),12,33,33,YES,0,0,2026-10-07,2026-10-07T13:02:16,,CONFIGURED_AND_SUCCESSFULLY_POLLED_WITH_FILINGS,V2 execution allowlist = intelligence resolve_watchlist POLLED (run.py --execution-scope resolved-active-watchlist)
AGN,,UNRESOLVED,,True,False,False,False,,,no stored Form 4,,,,N/A not polled,0,0,0,,0,0,,,,IDENTITY_UNRESOLVED,626 static CIK manifest: unresolved; and out of RC1 scope (RC1 release launch spec excludes --enable-broad-discovery (release_freeze_preflight/13_full_day_launch_command.md; v2_final_release_acceptance/release_candidate_configuration.json launch_argv))
AGNC,0001423689,STATIC_626_MANIFEST,,True,True,True,True,2026-10-07T17:36:01.559422+00:00,2026-10-07T17:36:01.559422+00:00,"in every one of 4637 all-success poll cycles (symbols_polled=39, symbols_failed=0) since 2026-09-24T04:22Z; 12 partial-failure cycles are not symbol-attributed",2026-08-21,True,none attributable (cycle counters only),FRESH (source_freshness SEC_EDGAR_SUBMISSIONS; global),0,0,0,,0,0,2026-08-21,2026-09-04T11:04:41,,CONFIGURED_AND_SUCCESSFULLY_POLLED_NO_FILINGS,V2 execution allowlist = intelligence resolve_watchlist POLLED (run.py --execution-scope resolved-active-watchlist)
AIG,0000005272,STATIC_626_MANIFEST,,True,False,False,False,,,not polled since broad collection stopped; last Form 4 ingested 2026-09-14T16:41:04,2026-09-08,True,,N/A not polled,0,1,1,YES,0,0,2026-09-08,2026-09-14T16:41:04,,INTENTIONALLY_OUT_OF_SCOPE,RC1 release launch spec excludes --enable-broad-discovery (release_freeze_preflight/13_full_day_launch_command.md; v2_final_release_acceptance/release_candidate_configuration.json launch_argv)
AIV,0000922864,STATIC_626_MANIFEST,,True,False,False,False,,,not polled since broad collection stopped; last Form 4 ingested 2026-09-14T16:50:26,2026-08-03,True,,N/A not polled,0,0,0,,0,0,2026-08-03,2026-09-14T16:50:26,,INTENTIONALLY_OUT_OF_SCOPE,RC1 release launch spec excludes --enable-broad-discovery (release_freeze_preflight/13_full_day_launch_command.md; v2_final_release_acceptance/release_candidate_configuration.json launch_argv)
AIZ,0001267238,STATIC_626_MANIFEST,,True,False,False,False,,,not polled since broad collection stopped; last Form 4 ingested 2026-09-15T20:27:16,2026-08-07,True,,N/A not polled,0,1,1,YES,0,0,2026-09-15,2026-09-15T20:27:16,,INTENTIONALLY_OUT_OF_SCOPE,RC1 release launch spec excludes --enable-broad-discovery (release_freeze_preflight/13_full_day_launch_command.md; v2_final_release_acceptance/release_candidate_configuration.json launch_argv)
AJG,0000354190,STATIC_626_MANIFEST,,True,False,False,False,,,not polled since broad collection stopped; last Form 4 ingested 2026-09-14T17:06:06,2026-09-10,True,,N/A not polled,0,5,5,YES,0,0,2026-09-10,2026-09-14T17:06:06,,INTENTIONALLY_OUT_OF_SCOPE,RC1 release launch spec excludes --enable-broad-discovery (release_freeze_preflight/13_full_day_launch_command.md; v2_final_release_acceptance/release_candidate_configuration.json launch_argv)
AKAM,0001086222,STATIC_626_MANIFEST,,True,False,False,False,,,not polled since broad collection stopped; last Form 4 ingested 2026-09-14T20:32:29,2026-07-15,True,,N/A not polled,0,1,1,YES,0,0,2026-09-14,2026-09-14T20:32:29,,INTENTIONALLY_OUT_OF_SCOPE,RC1 release launch spec excludes --enable-broad-discovery (release_freeze_preflight/13_full_day_launch_command.md; v2_final_release_acceptance/release_candidate_configuration.json launch_argv)
ALB,0000915913,STATIC_626_MANIFEST,,True,False,False,False,,,not polled since broad collection stopped; last Form 4 ingested 2026-09-14T17:23:30,2026-09-03,True,,N/A not polled,0,1,1,YES,0,0,2026-09-03,2026-09-14T17:23:30,,INTENTIONALLY_OUT_OF_SCOPE,RC1 release launch spec excludes --enable-broad-discovery (release_freeze_preflight/13_full_day_launch_command.md; v2_final_release_acceptance/release_candidate_configuration.json launch_argv)
ALGN,0001097149,STATIC_626_MANIFEST,,True,False,False,False,,,not polled since broad collection stopped; last Form 4 ingested 2026-09-14T17:32:42,2026-08-31,True,,N/A not polled,0,1,1,YES,0,0,2026-08-31,2026-09-14T17:32:42,,INTENTIONALLY_OUT_OF_SCOPE,RC1 release launch spec excludes --enable-broad-discovery (release_freeze_preflight/13_full_day_launch_command.md; v2_final_release_acceptance/release_candidate_configuration.json launch_argv)
ALK,0000766421,STATIC_626_MANIFEST,,True,False,False,False,,,not polled since broad collection stopped; last Form 4 ingested 2026-09-14T17:42:45,2026-08-21,True,,N/A not polled,0,0,0,,0,0,2026-08-21,2026-09-14T17:42:45,,INTENTIONALLY_OUT_OF_SCOPE,RC1 release launch spec excludes --enable-broad-discovery (release_freeze_preflight/13_full_day_launch_command.md; v2_final_release_acceptance/release_candidate_configuration.json launch_argv)
ALL,0000899051,STATIC_626_MANIFEST,,True,False,False,False,,,not polled since broad collection stopped; last Form 4 ingested 2026-09-14T17:53:29,2026-09-08,True,,N/A not polled,0,3,3,YES,0,0,2026-09-08,2026-09-14T17:53:29,,INTENTIONALLY_OUT_OF_SCOPE,RC1 release launch spec excludes --enable-broad-discovery (release_freeze_preflight/13_full_day_launch_command.md; v2_final_release_acceptance/release_candidate_configuration.json launch_argv)
ALLE,0001579241,STATIC_626_MANIFEST,,True,False,False,False,,,not polled since broad collection stopped; last Form 4 ingested 2026-09-14T18:14:27,2026-08-31,True,,N/A not polled,0,1,1,YES,1,1,2026-08-31,2026-09-14T18:14:27,,INTENTIONALLY_OUT_OF_SCOPE,RC1 release launch spec excludes --enable-broad-discovery (release_freeze_preflight/13_full_day_launch_command.md; v2_final_release_acceptance/release_candidate_configuration.json launch_argv)
ALXN,,UNRESOLVED,,True,False,False,False,,,no stored Form 4,,,,N/A not polled,0,0,0,,0,0,,,,IDENTITY_UNRESOLVED,626 static CIK manifest: unresolved; and out of RC1 scope (RC1 release launch spec excludes --enable-broad-discovery (release_freeze_preflight/13_full_day_launch_command.md; v2_final_release_acceptance/release_candidate_configuration.json launch_argv))
AMAT,0000006951,STATIC_626_MANIFEST,,True,True,True,True,2026-10-07T17:36:01.559422+00:00,2026-10-07T17:36:01.559422+00:00,"in every one of 4637 all-success poll cycles (symbols_polled=39, symbols_failed=0) since 2026-09-24T04:22Z; 12 partial-failure cycles are not symbol-attributed",2026-08-31,True,none attributable (cycle counters only),FRESH (source_freshness SEC_EDGAR_SUBMISSIONS; global),2,5,5,YES,0,0,2026-10-05,2026-10-05T22:04:22,,CONFIGURED_AND_SUCCESSFULLY_POLLED_WITH_FILINGS,V2 execution allowlist = intelligence resolve_watchlist POLLED (run.py --execution-scope resolved-active-watchlist)
AMCR,0001748790,STATIC_626_MANIFEST,,True,False,False,False,,,not polled since broad collection stopped; last Form 4 ingested 2026-09-14T18:19:11,2026-09-08,True,,N/A not polled,0,7,7,YES,0,0,2026-09-08,2026-09-14T18:19:11,,INTENTIONALLY_OUT_OF_SCOPE,RC1 release launch spec excludes --enable-broad-discovery (release_freeze_preflight/13_full_day_launch_command.md; v2_final_release_acceptance/release_candidate_configuration.json launch_argv)
AMD,0000002488,STATIC_626_MANIFEST,,True,True,True,True,2026-10-07T17:36:01.559422+00:00,2026-10-07T17:36:01.559422+00:00,"in every one of 4637 all-success poll cycles (symbols_polled=39, symbols_failed=0) since 2026-09-24T04:22Z; 12 partial-failure cycles are not symbol-attributed",2026-08-27,True,none attributable (cycle counters only),FRESH (source_freshness SEC_EDGAR_SUBMISSIONS; global),0,4,4,YES,0,0,2026-09-17,2026-09-21T18:42:42,,CONFIGURED_AND_SUCCESSFULLY_POLLED_NO_FILINGS,V2 execution allowlist = intelligence resolve_watchlist POLLED (run.py --execution-scope resolved-active-watchlist)
AME,0001037868,STATIC_626_MANIFEST,,True,False,False,False,,,not polled since broad collection stopped; last Form 4 ingested 2026-09-14T18:28:22,2026-08-12,True,,N/A not polled,0,0,0,,0,0,2026-08-12,2026-09-14T18:28:22,,INTENTIONALLY_OUT_OF_SCOPE,RC1 release launch spec excludes --enable-broad-discovery (release_freeze_preflight/13_full_day_launch_command.md; v2_final_release_acceptance/release_candidate_configuration.json launch_argv)
AMGN,0000318154,STATIC_626_MANIFEST,,True,False,False,False,,,not polled since broad collection stopped; last Form 4 ingested 2026-09-14T18:36:58,2026-08-13,True,,N/A not polled,0,0,0,,0,0,2026-08-13,2026-09-14T18:36:58,,INTENTIONALLY_OUT_OF_SCOPE,RC1 release launch spec excludes --enable-broad-discovery (release_freeze_preflight/13_full_day_launch_command.md; v2_final_release_acceptance/release_candidate_configuration.json launch_argv)
AMP,0000820027,STATIC_626_MANIFEST,,True,False,False,False,,,not polled since broad collection stopped; last Form 4 ingested 2026-09-14T18:47:14,2026-08-12,True,,N/A not polled,0,0,0,,0,0,2026-08-12,2026-09-14T18:47:14,,INTENTIONALLY_OUT_OF_SCOPE,RC1 release launch spec excludes --enable-broad-discovery (release_freeze_preflight/13_full_day_launch_command.md; v2_final_release_acceptance/release_candidate_configuration.json launch_argv)
AMT,0001053507,STATIC_626_MANIFEST,,True,False,False,False,,,not polled since broad collection stopped; last Form 4 ingested 2026-09-14T18:55:44,2026-08-25,True,,N/A not polled,0,1,1,YES,1,1,2026-08-25,2026-09-14T18:55:44,,INTENTIONALLY_OUT_OF_SCOPE,RC1 release launch spec excludes --enable-broad-discovery (release_freeze_preflight/13_full_day_launch_command.md; v2_final_release_acceptance/release_candidate_configuration.json launch_argv)
AMTM,0002011286,STATIC_626_MANIFEST,,True,False,False,False,,,not polled since broad collection stopped; last Form 4 ingested 2026-09-14T19:03:45,2026-05-07,True,,N/A not polled,0,0,0,,0,0,2026-05-07,2026-09-14T19:03:45,,INTENTIONALLY_OUT_OF_SCOPE,RC1 release launch spec excludes --enable-broad-discovery (release_freeze_preflight/13_full_day_launch_command.md; v2_final_release_acceptance/release_candidate_configuration.json launch_argv)
AMZN,0001018724,STATIC_626_MANIFEST,,True,False,False,False,,,not polled since broad collection stopped; last Form 4 ingested 2026-09-14T19:12:09,2026-09-09,True,,N/A not polled,0,10,10,YES,0,0,2026-09-09,2026-09-14T19:12:09,,INTENTIONALLY_OUT_OF_SCOPE,RC1 release launch spec excludes --enable-broad-discovery (release_freeze_preflight/13_full_day_launch_command.md; v2_final_release_acceptance/release_candidate_configuration.json launch_argv)
ANET,0001596532,STATIC_626_MANIFEST,,True,False,False,False,,,not polled since broad collection stopped; last Form 4 ingested 2026-09-14T23:10:25,2026-09-10,True,,N/A not polled,0,19,19,YES,0,0,2026-09-14,2026-09-14T23:10:25,,INTENTIONALLY_OUT_OF_SCOPE,RC1 release launch spec excludes --enable-broad-discovery (release_freeze_preflight/13_full_day_launch_command.md; v2_final_release_acceptance/release_candidate_configuration.json launch_argv)
AON,0000315293,STATIC_626_MANIFEST,,True,False,False,False,,,not polled since broad collection stopped; last Form 4 ingested 2026-09-14T19:30:59,2026-09-03,True,,N/A not polled,0,1,1,YES,6,1,2026-09-03,2026-09-14T19:30:59,,INTENTIONALLY_OUT_OF_SCOPE,RC1 release launch spec excludes --enable-broad-discovery (release_freeze_preflight/13_full_day_launch_command.md; v2_final_release_acceptance/release_candidate_configuration.json launch_argv)
AOS,0000091142,STATIC_626_MANIFEST,,True,False,False,False,,,not polled since broad collection stopped; last Form 4 ingested 2026-09-14T19:38:26,2026-07-02,True,,N/A not polled,0,0,0,,0,0,2026-07-02,2026-09-14T19:38:26,,INTENTIONALLY_OUT_OF_SCOPE,RC1 release launch spec excludes --enable-broad-discovery (release_freeze_preflight/13_full_day_launch_command.md; v2_final_release_acceptance/release_candidate_configuration.json launch_argv)
APA,0001841666,STATIC_626_MANIFEST,,True,False,False,False,,,not polled since broad collection stopped; last Form 4 ingested 2026-09-14T19:46:19,2026-07-01,True,,N/A not polled,0,0,0,,0,0,2026-07-01,2026-09-14T19:46:19,,INTENTIONALLY_OUT_OF_SCOPE,RC1 release launch spec excludes --enable-broad-discovery (release_freeze_preflight/13_full_day_launch_command.md; v2_final_release_acceptance/release_candidate_configuration.json launch_argv)
APD,0000002969,STATIC_626_MANIFEST,,True,False,False,False,,,not polled since broad collection stopped; last Form 4 ingested 2026-09-14T19:54:15,2026-09-11,True,,N/A not polled,0,1,1,YES,0,0,2026-09-11,2026-09-14T19:54:15,,INTENTIONALLY_OUT_OF_SCOPE,RC1 release launch spec excludes --enable-broad-discovery (release_freeze_preflight/13_full_day_launch_command.md; v2_final_release_acceptance/release_candidate_configuration.json launch_argv)
APH,0000820313,STATIC_626_MANIFEST,,True,False,False,False,,,not polled since broad collection stopped; last Form 4 ingested 2026-09-14T20:01:58,2026-08-06,True,,N/A not polled,0,0,0,,0,0,2026-08-06,2026-09-14T20:01:58,,INTENTIONALLY_OUT_OF_SCOPE,RC1 release launch spec excludes --enable-broad-discovery (release_freeze_preflight/13_full_day_launch_command.md; v2_final_release_acceptance/release_candidate_configuration.json launch_argv)
APO,0001858681,STATIC_626_MANIFEST,,True,False,False,False,,,not polled since broad collection stopped; last Form 4 ingested 2026-09-14T20:24:19,2026-08-17,True,,N/A not polled,0,1,1,YES,0,0,2026-09-14,2026-09-14T20:24:19,,INTENTIONALLY_OUT_OF_SCOPE,RC1 release launch spec excludes --enable-broad-discovery (release_freeze_preflight/13_full_day_launch_command.md; v2_final_release_acceptance/release_candidate_configuration.json launch_argv)
APP,0001751008,STATIC_626_MANIFEST,,True,False,False,False,,,not polled since broad collection stopped; last Form 4 ingested 2026-09-14T20:19:07,2026-08-21,True,,N/A not polled,0,0,0,,0,0,2026-08-21,2026-09-14T20:19:07,,INTENTIONALLY_OUT_OF_SCOPE,RC1 release launch spec excludes --enable-broad-discovery (release_freeze_preflight/13_full_day_launch_command.md; v2_final_release_acceptance/release_candidate_configuration.json launch_argv)
APTV,0001521332,STATIC_626_MANIFEST,,True,False,False,False,,,not polled since broad collection stopped; last Form 4 ingested 2026-09-14T20:28:54,2026-08-17,True,,N/A not polled,0,0,0,,0,0,2026-08-17,2026-09-14T20:28:54,,INTENTIONALLY_OUT_OF_SCOPE,RC1 release launch spec excludes --enable-broad-discovery (release_freeze_preflight/13_full_day_launch_command.md; v2_final_release_acceptance/release_candidate_configuration.json launch_argv)
ARE,0001035443,STATIC_626_MANIFEST,,True,False,False,False,,,not polled since broad collection stopped; last Form 4 ingested 2026-09-14T20:57:51,2026-09-02,True,,N/A not polled,0,2,2,YES,0,0,2026-09-02,2026-09-14T20:57:51,,INTENTIONALLY_OUT_OF_SCOPE,RC1 release launch spec excludes --enable-broad-discovery (release_freeze_preflight/13_full_day_launch_command.md; v2_final_release_acceptance/release_candidate_configuration.json launch_argv)
ARES,0001176948,STATIC_626_MANIFEST,,True,False,False,False,,,not polled since broad collection stopped; last Form 4 ingested 2026-09-14T21:12:51,2026-08-21,True,,N/A not polled,0,0,0,,0,0,2026-08-21,2026-09-14T21:12:51,,INTENTIONALLY_OUT_OF_SCOPE,RC1 release launch spec excludes --enable-broad-discovery (release_freeze_preflight/13_full_day_launch_command.md; v2_final_release_acceptance/release_candidate_configuration.json launch_argv)
ARNC,,UNRESOLVED,,True,False,False,False,,,no stored Form 4,,,,N/A not polled,0,0,0,,0,0,,,,IDENTITY_UNRESOLVED,626 static CIK manifest: unresolved; and out of RC1 scope (RC1 release launch spec excludes --enable-broad-discovery (release_freeze_preflight/13_full_day_launch_command.md; v2_final_release_acceptance/release_candidate_configuration.json launch_argv))
ASML,0000937966,LOCAL_COMPANY_TICKERS_CACHE,,False,False,True,False,,,not in effective_symbols; not polled,,,,N/A not polled,0,0,0,,0,0,,,,INTENTIONALLY_OUT_OF_SCOPE,watchlist status=paused: owner did not request a multi-day horizon here
ATO,0000731802,STATIC_626_MANIFEST,,True,False,False,False,,,not polled since broad collection stopped; last Form 4 ingested 2026-09-14T21:22:15,2026-09-02,True,,N/A not polled,0,1,1,YES,0,0,2026-09-02,2026-09-14T21:22:15,,INTENTIONALLY_OUT_OF_SCOPE,RC1 release launch spec excludes --enable-broad-discovery (release_freeze_preflight/13_full_day_launch_command.md; v2_final_release_acceptance/release_candidate_configuration.json launch_argv)
ATVI,,UNRESOLVED,,True,False,False,False,,,no stored Form 4,,,,N/A not polled,0,0,0,,0,0,,,,IDENTITY_UNRESOLVED,626 static CIK manifest: unresolved; and out of RC1 scope (RC1 release launch spec excludes --enable-broad-discovery (release_freeze_preflight/13_full_day_launch_command.md; v2_final_release_acceptance/release_candidate_configuration.json launch_argv))
AVB,,UNRESOLVED,,True,False,False,False,,,no stored Form 4,,,,N/A not polled,0,0,0,,0,0,,,,IDENTITY_UNRESOLVED,626 static CIK manifest: unresolved; and out of RC1 scope (RC1 release launch spec excludes --enable-broad-discovery (release_freeze_preflight/13_full_day_launch_command.md; v2_final_release_acceptance/release_candidate_configuration.json launch_argv))
AVGO,0001730168,STATIC_626_MANIFEST,,True,True,True,True,2026-10-07T17:36:01.559422+00:00,2026-10-07T17:36:01.559422+00:00,"in every one of 4637 all-success poll cycles (symbols_polled=39, symbols_failed=0) since 2026-09-24T04:22Z; 12 partial-failure cycles are not symbol-attributed",2026-07-14,True,none attributable (cycle counters only),FRESH (source_freshness SEC_EDGAR_SUBMISSIONS; global),1,3,3,YES,0,0,2026-09-25,2026-09-25T20:20:16,,CONFIGURED_AND_SUCCESSFULLY_POLLED_WITH_FILINGS,V2 execution allowlist = intelligence resolve_watchlist POLLED (run.py --execution-scope resolved-active-watchlist)
AVY,0000008818,STATIC_626_MANIFEST,,True,False,False,False,,,not polled since broad collection stopped; last Form 4 ingested 2026-09-14T21:31:49,2026-09-01,True,,N/A not polled,0,2,2,YES,0,0,2026-09-01,2026-09-14T21:31:49,,INTENTIONALLY_OUT_OF_SCOPE,RC1 release launch spec excludes --enable-broad-discovery (release_freeze_preflight/13_full_day_launch_command.md; v2_final_release_acceptance/release_candidate_configuration.json launch_argv)
AWK,0001410636,STATIC_626_MANIFEST,,True,False,False,False,,,not polled since broad collection stopped; last Form 4 ingested 2026-09-14T21:41:16,2026-05-13,True,,N/A not polled,0,0,0,,0,0,2026-05-13,2026-09-14T21:41:16,,INTENTIONALLY_OUT_OF_SCOPE,RC1 release launch spec excludes --enable-broad-discovery (release_freeze_preflight/13_full_day_launch_command.md; v2_final_release_acceptance/release_candidate_configuration.json launch_argv)
AXON,0001069183,STATIC_626_MANIFEST,,True,False,False,False,,,not polled since broad collection stopped; last Form 4 ingested 2026-09-14T21:50:44,2026-09-14,True,,N/A not polled,0,8,8,YES,0,0,2026-09-14,2026-09-14T21:50:44,,INTENTIONALLY_OUT_OF_SCOPE,RC1 release launch spec excludes --enable-broad-discovery (release_freeze_preflight/13_full_day_launch_command.md; v2_final_release_acceptance/release_candidate_configuration.json launch_argv)
AXP,0000004962,STATIC_626_MANIFEST,,True,False,False,False,,,not polled since broad collection stopped; last Form 4 ingested 2026-09-14T22:06:18,2026-08-19,True,,N/A not polled,0,0,0,,0,0,2026-08-19,2026-09-14T22:06:18,,INTENTIONALLY_OUT_OF_SCOPE,RC1 release launch spec excludes --enable-broad-discovery (release_freeze_preflight/13_full_day_launch_command.md; v2_final_release_acceptance/release_candidate_configuration.json launch_argv)
AZO,0000866787,STATIC_626_MANIFEST,,True,False,False,False,,,not polled since broad collection stopped; last Form 4 ingested 2026-09-14T22:14:50,2026-09-01,True,,N/A not polled,0,1,1,YES,0,0,2026-09-01,2026-09-14T22:14:50,,INTENTIONALLY_OUT_OF_SCOPE,RC1 release launch spec excludes --enable-broad-discovery (release_freeze_preflight/13_full_day_launch_command.md; v2_final_release_acceptance/release_candidate_configuration.json launch_argv)
BA,0000012927,STATIC_626_MANIFEST,,True,False,False,False,,,not polled since broad collection stopped; last Form 4 ingested 2026-09-14T22:24:08,2026-09-01,True,,N/A not polled,0,1,1,YES,0,0,2026-09-01,2026-09-14T22:24:08,,INTENTIONALLY_OUT_OF_SCOPE,RC1 release launch spec excludes --enable-broad-discovery (release_freeze_preflight/13_full_day_launch_command.md; v2_final_release_acceptance/release_candidate_configuration.json launch_argv)
BABA,0001577552,LOCAL_COMPANY_TICKERS_CACHE,,False,False,True,False,,,not in effective_symbols; not polled,,,,N/A not polled,0,0,0,,0,0,,,,INTENTIONALLY_OUT_OF_SCOPE,"watchlist resolver: known_non_filer: foreign private issuer - files 20-F/6-K, not 8-K/10-Q/10-K"
BAC,0000070858,STATIC_626_MANIFEST,,True,True,True,True,2026-10-07T17:36:01.559422+00:00,2026-10-07T17:36:01.559422+00:00,"in every one of 4637 all-success poll cycles (symbols_polled=39, symbols_failed=0) since 2026-09-24T04:22Z; 12 partial-failure cycles are not symbol-attributed",2026-09-01,True,none attributable (cycle counters only),FRESH (source_freshness SEC_EDGAR_SUBMISSIONS; global),0,2,2,YES,0,0,2026-09-17,2026-09-21T18:42:44,,CONFIGURED_AND_SUCCESSFULLY_POLLED_NO_FILINGS,V2 execution allowlist = intelligence resolve_watchlist POLLED (run.py --execution-scope resolved-active-watchlist)
BALL,0000009389,STATIC_626_MANIFEST,,True,False,False,False,,,not polled since broad collection stopped; last Form 4 ingested 2026-09-14T22:33:36,2026-08-26,True,,N/A not polled,0,1,1,YES,0,0,2026-08-26,2026-09-14T22:33:36,,INTENTIONALLY_OUT_OF_SCOPE,RC1 release launch spec excludes --enable-broad-discovery (release_freeze_preflight/13_full_day_launch_command.md; v2_final_release_acceptance/release_candidate_configuration.json launch_argv)
BAX,0000010456,STATIC_626_MANIFEST,,True,False,False,False,,,not polled since broad collection stopped; last Form 4 ingested 2026-09-14T22:42:20,2026-09-03,True,,N/A not polled,0,3,3,YES,0,0,2026-09-03,2026-09-14T22:42:20,,INTENTIONALLY_OUT_OF_SCOPE,RC1 release launch spec excludes --enable-broad-discovery (release_freeze_preflight/13_full_day_launch_command.md; v2_final_release_acceptance/release_candidate_configuration.json launch_argv)
BBWI,0000701985,STATIC_626_MANIFEST,,True,False,False,False,,,not polled since broad collection stopped; last Form 4 ingested 2026-09-14T22:50:27,2026-08-12,True,,N/A not polled,0,0,0,,0,0,2026-08-12,2026-09-14T22:50:27,,INTENTIONALLY_OUT_OF_SCOPE,RC1 release launch spec excludes --enable-broad-discovery (release_freeze_preflight/13_full_day_launch_command.md; v2_final_release_acceptance/release_candidate_configuration.json launch_argv)
BBY,0000764478,STATIC_626_MANIFEST,,True,False,False,False,,,not polled since broad collection stopped; last Form 4 ingested 2026-09-14T22:57:57,2026-08-21,True,,N/A not polled,0,0,0,,0,0,2026-08-21,2026-09-14T22:57:57,,INTENTIONALLY_OUT_OF_SCOPE,RC1 release launch spec excludes --enable-broad-discovery (release_freeze_preflight/13_full_day_launch_command.md; v2_final_release_acceptance/release_candidate_configuration.json launch_argv)
BDX,0000010795,STATIC_626_MANIFEST,,True,False,False,False,,,not polled since broad collection stopped; last Form 4 ingested 2026-09-14T23:06:24,2026-09-03,True,,N/A not polled,0,3,3,YES,0,0,2026-09-03,2026-09-14T23:06:24,,INTENTIONALLY_OUT_OF_SCOPE,RC1 release launch spec excludes --enable-broad-discovery (release_freeze_preflight/13_full_day_launch_command.md; v2_final_release_acceptance/release_candidate_configuration.json launch_argv)
BEN,0000038777,STATIC_626_MANIFEST,,True,False,False,False,,,not polled since broad collection stopped; last Form 4 ingested 2026-09-14T23:14:24,2026-09-02,True,,N/A not polled,0,7,7,YES,0,0,2026-09-02,2026-09-14T23:14:24,,INTENTIONALLY_OUT_OF_SCOPE,RC1 release launch spec excludes --enable-broad-discovery (release_freeze_preflight/13_full_day_launch_command.md; v2_final_release_acceptance/release_candidate_configuration.json launch_argv)
BF.B,,UNRESOLVED,,True,False,False,False,,,no stored Form 4,,,,N/A not polled,0,0,0,,0,0,,,,IDENTITY_UNRESOLVED,626 static CIK manifest: unresolved; and out of RC1 scope (RC1 release launch spec excludes --enable-broad-discovery (release_freeze_preflight/13_full_day_launch_command.md; v2_final_release_acceptance/release_candidate_configuration.json launch_argv))
BG,0001996862,STATIC_626_MANIFEST,,True,False,False,False,,,not polled since broad collection stopped; last Form 4 ingested 2026-09-14T23:25:13,2026-09-03,True,,N/A not polled,0,18,18,YES,0,0,2026-09-03,2026-09-14T23:25:13,,INTENTIONALLY_OUT_OF_SCOPE,RC1 release launch spec excludes --enable-broad-discovery (release_freeze_preflight/13_full_day_launch_command.md; v2_final_release_acceptance/release_candidate_configuration.json launch_argv)
BIIB,0000875045,STATIC_626_MANIFEST,,True,False,False,False,,,not polled since broad collection stopped; last Form 4 ingested 2026-09-14T23:33:44,2026-09-03,True,,N/A not polled,0,1,1,YES,0,0,2026-09-03,2026-09-14T23:33:44,,INTENTIONALLY_OUT_OF_SCOPE,RC1 release launch spec excludes --enable-broad-discovery (release_freeze_preflight/13_full_day_launch_command.md; v2_final_release_acceptance/release_candidate_configuration.json launch_argv)
BIO,0000012208,STATIC_626_MANIFEST,,True,False,False,False,,,no stored Form 4,2026-09-09,True,,N/A not polled,0,0,0,,0,0,,,,INTENTIONALLY_OUT_OF_SCOPE,RC1 release launch spec excludes --enable-broad-discovery (release_freeze_preflight/13_full_day_launch_command.md; v2_final_release_acceptance/release_candidate_configuration.json launch_argv)
BKNG,0001075531,STATIC_626_MANIFEST,,True,False,False,False,,,not polled since broad collection stopped; last Form 4 ingested 2026-09-14T23:49:41,2026-09-02,True,,N/A not polled,0,2,2,YES,0,0,2026-09-02,2026-09-14T23:49:41,,INTENTIONALLY_OUT_OF_SCOPE,RC1 release launch spec excludes --enable-broad-discovery (release_freeze_preflight/13_full_day_launch_command.md; v2_final_release_acceptance/release_candidate_configuration.json launch_argv)
BKR,0001701605,STATIC_626_MANIFEST,,True,False,False,False,,,not polled since broad collection stopped; last Form 4 ingested 2026-09-14T23:58:58,2026-09-08,True,,N/A not polled,0,1,1,YES,0,0,2026-09-08,2026-09-14T23:58:58,,INTENTIONALLY_OUT_OF_SCOPE,RC1 release launch spec excludes --enable-broad-discovery (release_freeze_preflight/13_full_day_launch_command.md; v2_final_release_acceptance/release_candidate_configuration.json launch_argv)
BLDR,0001316835,STATIC_626_MANIFEST,,True,False,False,False,,,not polled since broad collection stopped; last Form 4 ingested 2026-09-15T00:08:26,2026-09-14,True,,N/A not polled,0,8,8,YES,0,0,2026-09-14,2026-09-15T00:08:26,,INTENTIONALLY_OUT_OF_SCOPE,RC1 release launch spec excludes --enable-broad-discovery (release_freeze_preflight/13_full_day_launch_command.md; v2_final_release_acceptance/release_candidate_configuration.json launch_argv)
BLK,0002012383,STATIC_626_MANIFEST,,True,True,True,True,2026-10-07T17:36:01.559422+00:00,2026-10-07T17:36:01.559422+00:00,"in every one of 4637 all-success poll cycles (symbols_polled=39, symbols_failed=0) since 2026-09-24T04:22Z; 12 partial-failure cycles are not symbol-attributed",2026-07-22,True,none attributable (cycle counters only),FRESH (source_freshness SEC_EDGAR_SUBMISSIONS; global),11,11,11,YES,0,0,2026-10-02,2026-10-02T22:37:38,,CONFIGURED_AND_SUCCESSFULLY_POLLED_WITH_FILINGS,V2 execution allowlist = intelligence resolve_watchlist POLLED (run.py --execution-scope resolved-active-watchlist)
BLL,,UNRESOLVED,,True,False,False,False,,,not polled since broad collection stopped; last Form 4 ingested 2026-09-14T22:33:31,,,,N/A not polled,0,0,0,,0,0,2024-09-17,2026-09-14T22:33:31,,IDENTITY_UNRESOLVED,626 static CIK manifest: unresolved; and out of RC1 scope (RC1 release launch spec excludes --enable-broad-discovery (release_freeze_preflight/13_full_day_launch_command.md; v2_final_release_acceptance/release_candidate_configuration.json launch_argv))
BLSH,0001872195,LOCAL_COMPANY_TICKERS_CACHE,,False,False,True,False,,,not in effective_symbols; not polled,,,,N/A not polled,0,0,0,,0,0,,,,INTENTIONALLY_OUT_OF_SCOPE,watchlist resolver: known_non_filer: Bullish - no domestic 8-K/10-Q/10-K filing history
BMY,0000014272,STATIC_626_MANIFEST,,True,False,False,False,,,not polled since broad collection stopped; last Form 4 ingested 2026-09-15T00:17:48,2026-09-10,True,,N/A not polled,0,3,3,YES,0,0,2026-09-10,2026-09-15T00:17:48,,INTENTIONALLY_OUT_OF_SCOPE,RC1 release launch spec excludes --enable-broad-discovery (release_freeze_preflight/13_full_day_launch_command.md; v2_final_release_acceptance/release_candidate_configuration.json launch_argv)
BNY,0001390777,STATIC_626_MANIFEST,,True,False,False,False,,,not polled since broad collection stopped; last Form 4 ingested 2026-09-15T00:28:02,2026-08-31,True,,N/A not polled,0,1,1,YES,0,0,2026-08-31,2026-09-15T00:28:02,,INTENTIONALLY_OUT_OF_SCOPE,RC1 release launch spec excludes --enable-broad-discovery (release_freeze_preflight/13_full_day_launch_command.md; v2_final_release_acceptance/release_candidate_configuration.json launch_argv)
BR,0001383312,STATIC_626_MANIFEST,,True,False,False,False,,,not polled since broad collection stopped; last Form 4 ingested 2026-09-15T00:42:06,2026-08-14,True,,N/A not polled,0,0,0,,0,0,2026-08-14,2026-09-15T00:42:06,,INTENTIONALLY_OUT_OF_SCOPE,RC1 release launch spec excludes --enable-broad-discovery (release_freeze_preflight/13_full_day_launch_command.md; v2_final_release_acceptance/release_candidate_configuration.json launch_argv)
BRK.B,,UNRESOLVED,,True,False,False,False,,,no stored Form 4,,,,N/A not polled,0,0,0,,0,0,,,,IDENTITY_UNRESOLVED,626 static CIK manifest: unresolved; and out of RC1 scope (RC1 release launch spec excludes --enable-broad-discovery (release_freeze_preflight/13_full_day_launch_command.md; v2_final_release_acceptance/release_candidate_configuration.json launch_argv))
BRO,0000079282,STATIC_626_MANIFEST,,True,False,False,False,,,not polled since broad collection stopped; last Form 4 ingested 2026-09-15T00:54:05,2026-06-10,True,,N/A not polled,0,0,0,,0,0,2026-06-10,2026-09-15T00:54:05,,INTENTIONALLY_OUT_OF_SCOPE,RC1 release launch spec excludes --enable-broad-discovery (release_freeze_preflight/13_full_day_launch_command.md; v2_final_release_acceptance/release_candidate_configuration.json launch_argv)
BSX,0000885725,STATIC_626_MANIFEST,,True,False,False,False,,,not polled since broad collection stopped; last Form 4 ingested 2026-09-15T01:04:28,2026-09-03,True,,N/A not polled,0,2,2,YES,1,1,2026-09-03,2026-09-15T01:04:28,,INTENTIONALLY_OUT_OF_SCOPE,RC1 release launch spec excludes --enable-broad-discovery (release_freeze_preflight/13_full_day_launch_command.md; v2_final_release_acceptance/release_candidate_configuration.json launch_argv)
BWA,0000908255,STATIC_626_MANIFEST,,True,False,False,False,,,not polled since broad collection stopped; last Form 4 ingested 2026-09-15T01:14:42,2026-09-01,True,,N/A not polled,0,2,2,YES,0,0,2026-09-01,2026-09-15T01:14:42,,INTENTIONALLY_OUT_OF_SCOPE,RC1 release launch spec excludes --enable-broad-discovery (release_freeze_preflight/13_full_day_launch_command.md; v2_final_release_acceptance/release_candidate_configuration.json launch_argv)
BX,0001393818,STATIC_626_MANIFEST,,True,False,False,False,,,not polled since broad collection stopped; last Form 4 ingested 2026-09-15T01:25:03,2026-08-26,True,,N/A not polled,0,0,0,,0,0,2026-08-12,2026-09-15T01:25:03,,INTENTIONALLY_OUT_OF_SCOPE,RC1 release launch spec excludes --enable-broad-discovery (release_freeze_preflight/13_full_day_launch_command.md; v2_final_release_acceptance/release_candidate_configuration.json launch_argv)
BXP,0001037540,STATIC_626_MANIFEST,,True,False,False,False,,,not polled since broad collection stopped; last Form 4 ingested 2026-09-15T01:34:30,2026-07-01,True,,N/A not polled,0,0,0,,0,0,2026-07-01,2026-09-15T01:34:30,,INTENTIONALLY_OUT_OF_SCOPE,RC1 release launch spec excludes --enable-broad-discovery (release_freeze_preflight/13_full_day_launch_command.md; v2_final_release_acceptance/release_candidate_configuration.json launch_argv)
C,0000831001,STATIC_626_MANIFEST,,True,True,True,True,2026-10-07T17:36:01.559422+00:00,2026-10-07T17:36:01.559422+00:00,"in every one of 4637 all-success poll cycles (symbols_polled=39, symbols_failed=0) since 2026-09-24T04:22Z; 12 partial-failure cycles are not symbol-attributed",2026-07-02,True,none attributable (cycle counters only),FRESH (source_freshness SEC_EDGAR_SUBMISSIONS; global),10,10,10,YES,0,0,2026-10-02,2026-10-02T20:08:29,,CONFIGURED_AND_SUCCESSFULLY_POLLED_WITH_FILINGS,V2 execution allowlist = intelligence resolve_watchlist POLLED (run.py --execution-scope resolved-active-watchlist)
CAG,0000023217,STATIC_626_MANIFEST,,True,False,False,False,,,not polled since broad collection stopped; last Form 4 ingested 2026-09-15T01:43:52,2026-09-03,True,,N/A not polled,0,1,1,YES,0,0,2026-09-03,2026-09-15T01:43:52,,INTENTIONALLY_OUT_OF_SCOPE,RC1 release launch spec excludes --enable-broad-discovery (release_freeze_preflight/13_full_day_launch_command.md; v2_final_release_acceptance/release_candidate_configuration.json launch_argv)
CAH,0000721371,STATIC_626_MANIFEST,,True,False,False,False,,,not polled since broad collection stopped; last Form 4 ingested 2026-09-15T03:13:01,2026-08-20,True,,N/A not polled,0,0,0,,0,0,2026-08-20,2026-09-15T03:13:01,,INTENTIONALLY_OUT_OF_SCOPE,RC1 release launch spec excludes --enable-broad-discovery (release_freeze_preflight/13_full_day_launch_command.md; v2_final_release_acceptance/release_candidate_configuration.json launch_argv)
CARR,0001783180,STATIC_626_MANIFEST,,True,False,False,False,,,not polled since broad collection stopped; last Form 4 ingested 2026-09-15T03:24:13,2026-07-24,True,,N/A not polled,0,0,0,,0,0,2026-07-24,2026-09-15T03:24:13,,INTENTIONALLY_OUT_OF_SCOPE,RC1 release launch spec excludes --enable-broad-discovery (release_freeze_preflight/13_full_day_launch_command.md; v2_final_release_acceptance/release_candidate_configuration.json launch_argv)
CASY,0000726958,STATIC_626_MANIFEST,,True,False,False,False,,,not polled since broad collection stopped; last Form 4 ingested 2026-09-15T03:30:02,2026-09-04,True,,N/A not polled,0,11,11,YES,0,0,2026-09-04,2026-09-15T03:30:02,,INTENTIONALLY_OUT_OF_SCOPE,RC1 release launch spec excludes --enable-broad-discovery (release_freeze_preflight/13_full_day_launch_command.md; v2_final_release_acceptance/release_candidate_configuration.json launch_argv)
CAT,0000018230,STATIC_626_MANIFEST,,True,False,False,False,,,not polled since broad collection stopped; last Form 4 ingested 2026-09-15T03:38:17,2026-09-01,True,,N/A not polled,0,4,4,YES,0,0,2026-09-01,2026-09-15T03:38:17,,INTENTIONALLY_OUT_OF_SCOPE,RC1 release launch spec excludes --enable-broad-discovery (release_freeze_preflight/13_full_day_launch_command.md; v2_final_release_acceptance/release_candidate_configuration.json launch_argv)
CB,0000896159,STATIC_626_MANIFEST,,True,False,False,False,,,not polled since broad collection stopped; last Form 4 ingested 2026-09-15T03:46:49,2026-09-03,True,,N/A not polled,0,2,2,YES,0,0,2026-09-03,2026-09-15T03:46:49,,INTENTIONALLY_OUT_OF_SCOPE,RC1 release launch spec excludes --enable-broad-discovery (release_freeze_preflight/13_full_day_launch_command.md; v2_final_release_acceptance/release_candidate_configuration.json launch_argv)
CBOE,0001374310,STATIC_626_MANIFEST,,True,False,False,False,,,not polled since broad collection stopped; last Form 4 ingested 2026-09-15T03:54:52,2026-08-21,True,,N/A not polled,0,0,0,,0,0,2026-08-21,2026-09-15T03:54:52,,INTENTIONALLY_OUT_OF_SCOPE,RC1 release launch spec excludes --enable-broad-discovery (release_freeze_preflight/13_full_day_launch_command.md; v2_final_release_acceptance/release_candidate_configuration.json launch_argv)
CBRE,0001138118,STATIC_626_MANIFEST,,True,False,False,False,,,not polled since broad collection stopped; last Form 4 ingested 2026-09-15T03:59:52,2026-08-14,True,,N/A not polled,0,0,0,,0,0,2026-08-14,2026-09-15T03:59:52,,INTENTIONALLY_OUT_OF_SCOPE,RC1 release launch spec excludes --enable-broad-discovery (release_freeze_preflight/13_full_day_launch_command.md; v2_final_release_acceptance/release_candidate_configuration.json launch_argv)
CCI,0001051470,STATIC_626_MANIFEST,,True,False,False,False,,,not polled since broad collection stopped; last Form 4 ingested 2026-09-15T04:07:20,2026-08-10,True,,N/A not polled,0,0,0,,0,0,2026-08-10,2026-09-15T04:07:20,,INTENTIONALLY_OUT_OF_SCOPE,RC1 release launch spec excludes --enable-broad-discovery (release_freeze_preflight/13_full_day_launch_command.md; v2_final_release_acceptance/release_candidate_configuration.json launch_argv)
CCL,0000815097,STATIC_626_MANIFEST,,True,False,False,False,,,not polled since broad collection stopped; last Form 4 ingested 2026-09-15T04:14:57,2026-08-26,True,,N/A not polled,0,1,1,YES,0,0,2026-08-26,2026-09-15T04:14:57,,INTENTIONALLY_OUT_OF_SCOPE,RC1 release launch spec excludes --enable-broad-discovery (release_freeze_preflight/13_full_day_launch_command.md; v2_final_release_acceptance/release_candidate_configuration.json launch_argv)
CDNS,0000813672,STATIC_626_MANIFEST,,True,False,False,False,,,not polled since broad collection stopped; last Form 4 ingested 2026-09-15T04:22:55,2026-09-14,True,,N/A not polled,0,5,5,YES,0,0,2026-09-14,2026-09-15T04:22:55,,INTENTIONALLY_OUT_OF_SCOPE,RC1 release launch spec excludes --enable-broad-discovery (release_freeze_preflight/13_full_day_launch_command.md; v2_final_release_acceptance/release_candidate_configuration.json launch_argv)
CDW,0001402057,STATIC_626_MANIFEST,,True,False,False,False,,,not polled since broad collection stopped; last Form 4 ingested 2026-09-15T04:32:41,2026-09-14,True,,N/A not polled,0,16,16,YES,0,0,2026-09-14,2026-09-15T04:32:41,,INTENTIONALLY_OUT_OF_SCOPE,RC1 release launch spec excludes --enable-broad-discovery (release_freeze_preflight/13_full_day_launch_command.md; v2_final_release_acceptance/release_candidate_configuration.json launch_argv)
CE,0001306830,STATIC_626_MANIFEST,,True,False,False,False,,,not polled since broad collection stopped; last Form 4 ingested 2026-09-15T04:42:37,2026-08-17,True,,N/A not polled,0,0,0,,0,0,2026-08-17,2026-09-15T04:42:37,,INTENTIONALLY_OUT_OF_SCOPE,RC1 release launch spec excludes --enable-broad-discovery (release_freeze_preflight/13_full_day_launch_command.md; v2_final_release_acceptance/release_candidate_configuration.json launch_argv)
CEG,0001868275,STATIC_626_MANIFEST,,True,False,False,False,,,not polled since broad collection stopped; last Form 4 ingested 2026-09-15T04:51:11,2026-08-13,True,,N/A not polled,0,0,0,,0,0,2026-08-13,2026-09-15T04:51:11,,INTENTIONALLY_OUT_OF_SCOPE,RC1 release launch spec excludes --enable-broad-discovery (release_freeze_preflight/13_full_day_launch_command.md; v2_final_release_acceptance/release_candidate_configuration.json launch_argv)
CERN,,UNRESOLVED,,True,False,False,False,,,no stored Form 4,,,,N/A not polled,0,0,0,,0,0,,,,IDENTITY_UNRESOLVED,626 static CIK manifest: unresolved; and out of RC1 scope (RC1 release launch spec excludes --enable-broad-discovery (release_freeze_preflight/13_full_day_launch_command.md; v2_final_release_acceptance/release_candidate_configuration.json launch_argv))
CF,0001324404,STATIC_626_MANIFEST,,True,False,False,False,,,not polled since broad collection stopped; last Form 4 ingested 2026-09-15T04:59:57,2026-05-28,True,,N/A not polled,0,0,0,,0,0,2026-05-28,2026-09-15T04:59:57,,INTENTIONALLY_OUT_OF_SCOPE,RC1 release launch spec excludes --enable-broad-discovery (release_freeze_preflight/13_full_day_launch_command.md; v2_final_release_acceptance/release_candidate_configuration.json launch_argv)
CFG,0000759944,STATIC_626_MANIFEST,,True,False,False,False,,,not polled since broad collection stopped; last Form 4 ingested 2026-09-15T05:10:31,2026-09-03,True,,N/A not polled,0,1,1,YES,0,0,2026-09-03,2026-09-15T05:10:31,,INTENTIONALLY_OUT_OF_SCOPE,RC1 release launch spec excludes --enable-broad-discovery (release_freeze_preflight/13_full_day_launch_command.md; v2_final_release_acceptance/release_candidate_configuration.json launch_argv)
CHD,0000313927,STATIC_626_MANIFEST,,True,False,False,False,,,not polled since broad collection stopped; last Form 4 ingested 2026-09-15T05:20:44,2026-09-03,True,,N/A not polled,0,7,7,YES,0,0,2026-09-03,2026-09-15T05:20:44,,INTENTIONALLY_OUT_OF_SCOPE,RC1 release launch spec excludes --enable-broad-discovery (release_freeze_preflight/13_full_day_launch_command.md; v2_final_release_acceptance/release_candidate_configuration.json launch_argv)
CHRW,0001043277,STATIC_626_MANIFEST,,True,False,False,False,,,not polled since broad collection stopped; last Form 4 ingested 2026-09-15T05:30:38,2026-07-10,True,,N/A not polled,0,0,0,,0,0,2026-07-10,2026-09-15T05:30:38,,INTENTIONALLY_OUT_OF_SCOPE,RC1 release launch spec excludes --enable-broad-discovery (release_freeze_preflight/13_full_day_launch_command.md; v2_final_release_acceptance/release_candidate_configuration.json launch_argv)
CHTR,0001091667,STATIC_626_MANIFEST,,True,False,False,False,,,not polled since broad collection stopped; last Form 4 ingested 2026-09-15T05:38:45,2026-09-03,True,,N/A not polled,0,7,7,YES,0,0,2026-09-03,2026-09-15T05:38:45,,INTENTIONALLY_OUT_OF_SCOPE,RC1 release launch spec excludes --enable-broad-discovery (release_freeze_preflight/13_full_day_launch_command.md; v2_final_release_acceptance/release_candidate_configuration.json launch_argv)
CI,0001739940,STATIC_626_MANIFEST,,True,False,False,False,,,not polled since broad collection stopped; last Form 4 ingested 2026-09-15T05:46:29,2026-09-08,True,,N/A not polled,0,3,3,YES,0,0,2026-09-08,2026-09-15T05:46:29,,INTENTIONALLY_OUT_OF_SCOPE,RC1 release launch spec excludes --enable-broad-discovery (release_freeze_preflight/13_full_day_launch_command.md; v2_final_release_acceptance/release_candidate_configuration.json launch_argv)
CIEN,0000936395,STATIC_626_MANIFEST,,True,False,False,False,,,not polled since broad collection stopped; last Form 4 ingested 2026-09-15T05:53:56,2026-09-02,True,,N/A not polled,0,1,1,YES,0,0,2026-09-02,2026-09-15T05:53:56,,INTENTIONALLY_OUT_OF_SCOPE,RC1 release launch spec excludes --enable-broad-discovery (release_freeze_preflight/13_full_day_launch_command.md; v2_final_release_acceptance/release_candidate_configuration.json launch_argv)
CINF,0000020286,STATIC_626_MANIFEST,,True,False,False,False,,,not polled since broad collection stopped; last Form 4 ingested 2026-09-15T06:02:26,2026-08-27,True,,N/A not polled,0,1,1,YES,1,1,2026-08-27,2026-09-15T06:02:26,,INTENTIONALLY_OUT_OF_SCOPE,RC1 release launch spec excludes --enable-broad-discovery (release_freeze_preflight/13_full_day_launch_command.md; v2_final_release_acceptance/release_candidate_configuration.json launch_argv)
CL,0000021665,STATIC_626_MANIFEST,,True,False,False,False,,,not polled since broad collection stopped; last Form 4 ingested 2026-09-15T06:11:04,2026-08-26,True,,N/A not polled,0,1,1,YES,0,0,2026-08-26,2026-09-15T06:11:04,,INTENTIONALLY_OUT_OF_SCOPE,RC1 release launch spec excludes --enable-broad-discovery (release_freeze_preflight/13_full_day_launch_command.md; v2_final_release_acceptance/release_candidate_configuration.json launch_argv)
CLX,0000021076,STATIC_626_MANIFEST,,True,False,False,False,,,not polled since broad collection stopped; last Form 4 ingested 2026-09-15T06:18:51,2026-07-24,True,,N/A not polled,0,0,0,,0,0,2026-07-24,2026-09-15T06:18:51,,INTENTIONALLY_OUT_OF_SCOPE,RC1 release launch spec excludes --enable-broad-discovery (release_freeze_preflight/13_full_day_launch_command.md; v2_final_release_acceptance/release_candidate_configuration.json launch_argv)
CMA,,UNRESOLVED,,True,False,False,False,,,no stored Form 4,,,,N/A not polled,0,0,0,,0,0,,,,IDENTITY_UNRESOLVED,626 static CIK manifest: unresolved; and out of RC1 scope (RC1 release launch spec excludes --enable-broad-discovery (release_freeze_preflight/13_full_day_launch_command.md; v2_final_release_acceptance/release_candidate_configuration.json launch_argv))
CMCSA,0001166691,STATIC_626_MANIFEST,,True,False,False,False,,,not polled since broad collection stopped; last Form 4 ingested 2026-09-15T06:26:49,2026-09-03,True,,N/A not polled,0,2,2,YES,0,0,2026-09-03,2026-09-15T06:26:49,,INTENTIONALLY_OUT_OF_SCOPE,RC1 release launch spec excludes --enable-broad-discovery (release_freeze_preflight/13_full_day_launch_command.md; v2_final_release_acceptance/release_candidate_configuration.json launch_argv)
CME,0001156375,STATIC_626_MANIFEST,,True,False,False,False,,,not polled since broad collection stopped; last Form 4 ingested 2026-09-15T06:34:37,2026-09-14,True,,N/A not polled,0,2,2,YES,0,0,2026-09-14,2026-09-15T06:34:37,,INTENTIONALLY_OUT_OF_SCOPE,RC1 release launch spec excludes --enable-broad-discovery (release_freeze_preflight/13_full_day_launch_command.md; v2_final_release_acceptance/release_candidate_configuration.json launch_argv)
CMG,0001058090,STATIC_626_MANIFEST,,True,False,False,False,,,not polled since broad collection stopped; last Form 4 ingested 2026-09-15T06:42:26,2026-08-25,True,,N/A not polled,0,6,6,YES,0,0,2026-08-25,2026-09-15T06:42:26,,INTENTIONALLY_OUT_OF_SCOPE,RC1 release launch spec excludes --enable-broad-discovery (release_freeze_preflight/13_full_day_launch_command.md; v2_final_release_acceptance/release_candidate_configuration.json launch_argv)
CMI,0000026172,STATIC_626_MANIFEST,,True,False,False,False,,,not polled since broad collection stopped; last Form 4 ingested 2026-09-15T06:49:54,2026-08-25,True,,N/A not polled,0,1,1,YES,0,0,2026-08-25,2026-09-15T06:49:54,,INTENTIONALLY_OUT_OF_SCOPE,RC1 release launch spec excludes --enable-broad-discovery (release_freeze_preflight/13_full_day_launch_command.md; v2_final_release_acceptance/release_candidate_configuration.json launch_argv)
CMS,0000811156,STATIC_626_MANIFEST,,True,False,False,False,,,not polled since broad collection stopped; last Form 4 ingested 2026-09-15T06:58:20,2026-08-03,True,,N/A not polled,0,0,0,,0,0,2026-08-03,2026-09-15T06:58:20,,INTENTIONALLY_OUT_OF_SCOPE,RC1 release launch spec excludes --enable-broad-discovery (release_freeze_preflight/13_full_day_launch_command.md; v2_final_release_acceptance/release_candidate_configuration.json launch_argv)
CNC,0001071739,STATIC_626_MANIFEST,,True,False,False,False,,,not polled since broad collection stopped; last Form 4 ingested 2026-09-15T07:05:53,2026-08-27,True,,N/A not polled,0,1,1,YES,0,0,2026-08-27,2026-09-15T07:05:53,,INTENTIONALLY_OUT_OF_SCOPE,RC1 release launch spec excludes --enable-broad-discovery (release_freeze_preflight/13_full_day_launch_command.md; v2_final_release_acceptance/release_candidate_configuration.json launch_argv)
CNP,0001130310,STATIC_626_MANIFEST,,True,False,False,False,,,not polled since broad collection stopped; last Form 4 ingested 2026-09-15T07:13:46,2026-08-18,True,,N/A not polled,0,0,0,,0,0,2026-08-18,2026-09-15T07:13:46,,INTENTIONALLY_OUT_OF_SCOPE,RC1 release launch spec excludes --enable-broad-discovery (release_freeze_preflight/13_full_day_launch_command.md; v2_final_release_acceptance/release_candidate_configuration.json launch_argv)
COF,0000927628,STATIC_626_MANIFEST,,True,False,False,False,,,not polled since broad collection stopped; last Form 4 ingested 2026-09-15T07:22:14,2026-09-02,True,,N/A not polled,0,1,1,YES,0,0,2026-09-02,2026-09-15T07:22:14,,INTENTIONALLY_OUT_OF_SCOPE,RC1 release launch spec excludes --enable-broad-discovery (release_freeze_preflight/13_full_day_launch_command.md; v2_final_release_acceptance/release_candidate_configuration.json launch_argv)
COHR,0000820318,STATIC_626_MANIFEST,,True,False,False,False,,,not polled since broad collection stopped; last Form 4 ingested 2026-09-15T07:31:20,2026-09-11,True,,N/A not polled,0,11,11,YES,0,0,2026-09-11,2026-09-15T07:31:20,,INTENTIONALLY_OUT_OF_SCOPE,RC1 release launch spec excludes --enable-broad-discovery (release_freeze_preflight/13_full_day_launch_command.md; v2_final_release_acceptance/release_candidate_configuration.json launch_argv)
COIN,0001679788,STATIC_626_MANIFEST,,True,False,False,False,,,not polled since broad collection stopped; last Form 4 ingested 2026-09-15T07:40:32,2026-09-10,True,,N/A not polled,0,9,9,YES,0,0,2026-09-10,2026-09-15T07:40:32,,INTENTIONALLY_OUT_OF_SCOPE,RC1 release launch spec excludes --enable-broad-discovery (release_freeze_preflight/13_full_day_launch_command.md; v2_final_release_acceptance/release_candidate_configuration.json launch_argv)
COO,0000711404,STATIC_626_MANIFEST,,True,False,False,False,,,not polled since broad collection stopped; last Form 4 ingested 2026-09-15T07:50:11,2026-07-06,True,,N/A not polled,0,0,0,,0,0,2026-07-06,2026-09-15T07:50:11,,INTENTIONALLY_OUT_OF_SCOPE,RC1 release launch spec excludes --enable-broad-discovery (release_freeze_preflight/13_full_day_launch_command.md; v2_final_release_acceptance/release_candidate_configuration.json launch_argv)
COP,0001163165,STATIC_626_MANIFEST,,True,False,False,False,,,not polled since broad collection stopped; last Form 4 ingested 2026-09-15T07:59:44,2026-09-02,True,,N/A not polled,0,4,4,YES,0,0,2026-09-02,2026-09-15T07:59:44,,INTENTIONALLY_OUT_OF_SCOPE,RC1 release launch spec excludes --enable-broad-discovery (release_freeze_preflight/13_full_day_launch_command.md; v2_final_release_acceptance/release_candidate_configuration.json launch_argv)
COR,0001140859,STATIC_626_MANIFEST,,True,False,False,False,,,not polled since broad collection stopped; last Form 4 ingested 2026-09-15T08:09:40,2026-09-02,True,,N/A not polled,0,2,2,YES,0,0,2026-09-02,2026-09-15T08:09:40,,INTENTIONALLY_OUT_OF_SCOPE,RC1 release launch spec excludes --enable-broad-discovery (release_freeze_preflight/13_full_day_launch_command.md; v2_final_release_acceptance/release_candidate_configuration.json launch_argv)
COST,0000909832,STATIC_626_MANIFEST,,True,False,False,False,,,not polled since broad collection stopped; last Form 4 ingested 2026-09-15T08:18:47,2026-09-14,True,,N/A not polled,0,7,7,YES,0,0,2026-09-14,2026-09-15T08:18:47,,INTENTIONALLY_OUT_OF_SCOPE,RC1 release launch spec excludes --enable-broad-discovery (release_freeze_preflight/13_full_day_launch_command.md; v2_final_release_acceptance/release_candidate_configuration.json launch_argv)
COTY,0001024305,STATIC_626_MANIFEST,,True,False,False,False,,,not polled since broad collection stopped; last Form 4 ingested 2026-09-15T08:26:21,2026-04-10,True,,N/A not polled,0,0,0,,0,0,2026-04-10,2026-09-15T08:26:21,,INTENTIONALLY_OUT_OF_SCOPE,RC1 release launch spec excludes --enable-broad-discovery (release_freeze_preflight/13_full_day_launch_command.md; v2_final_release_acceptance/release_candidate_configuration.json launch_argv)
CPAY,0001175454,STATIC_626_MANIFEST,,True,False,False,False,,,not polled since broad collection stopped; last Form 4 ingested 2026-09-15T08:34:53,2026-08-25,True,,N/A not polled,0,2,2,YES,0,0,2026-08-25,2026-09-15T08:34:53,,INTENTIONALLY_OUT_OF_SCOPE,RC1 release launch spec excludes --enable-broad-discovery (release_freeze_preflight/13_full_day_launch_command.md; v2_final_release_acceptance/release_candidate_configuration.json launch_argv)
CPB,0000016732,STATIC_626_MANIFEST,,True,False,False,False,,,not polled since broad collection stopped; last Form 4 ingested 2026-09-15T08:43:33,2026-06-30,True,,N/A not polled,0,0,0,,0,0,2026-06-30,2026-09-15T08:43:33,,INTENTIONALLY_OUT_OF_SCOPE,RC1 release launch spec excludes --enable-broad-discovery (release_freeze_preflight/13_full_day_launch_command.md; v2_final_release_acceptance/release_candidate_configuration.json launch_argv)
CPRI,0001530721,STATIC_626_MANIFEST,,True,False,False,False,,,not polled since broad collection stopped; last Form 4 ingested 2026-09-15T08:51:18,2026-08-19,True,,N/A not polled,0,0,0,,0,0,2026-08-19,2026-09-15T08:51:18,,INTENTIONALLY_OUT_OF_SCOPE,RC1 release launch spec excludes --enable-broad-discovery (release_freeze_preflight/13_full_day_launch_command.md; v2_final_release_acceptance/release_candidate_configuration.json launch_argv)
CPRT,0000900075,STATIC_626_MANIFEST,,True,False,False,False,,,not polled since broad collection stopped; last Form 4 ingested 2026-09-15T08:59:39,2026-08-18,True,,N/A not polled,0,0,0,,0,0,2026-08-18,2026-09-15T08:59:39,,INTENTIONALLY_OUT_OF_SCOPE,RC1 release launch spec excludes --enable-broad-discovery (release_freeze_preflight/13_full_day_launch_command.md; v2_final_release_acceptance/release_candidate_configuration.json launch_argv)
CPT,0000906345,STATIC_626_MANIFEST,,True,False,False,False,,,not polled since broad collection stopped; last Form 4 ingested 2026-09-15T09:10:09,2026-07-06,True,,N/A not polled,0,0,0,,0,0,2026-07-06,2026-09-15T09:10:09,,INTENTIONALLY_OUT_OF_SCOPE,RC1 release launch spec excludes --enable-broad-discovery (release_freeze_preflight/13_full_day_launch_command.md; v2_final_release_acceptance/release_candidate_configuration.json launch_argv)
CRH,0000849395,STATIC_626_MANIFEST,,True,False,False,False,,,not polled since broad collection stopped; last Form 4 ingested 2026-09-15T09:20:25,2026-05-18,True,,N/A not polled,0,0,0,,0,0,2026-05-18,2026-09-15T09:20:25,,INTENTIONALLY_OUT_OF_SCOPE,RC1 release launch spec excludes --enable-broad-discovery (release_freeze_preflight/13_full_day_launch_command.md; v2_final_release_acceptance/release_candidate_configuration.json launch_argv)
CRL,0001100682,STATIC_626_MANIFEST,,True,False,False,False,,,not polled since broad collection stopped; last Form 4 ingested 2026-09-15T09:30:45,2026-08-27,True,,N/A not polled,0,1,1,YES,0,0,2026-08-27,2026-09-15T09:30:45,,INTENTIONALLY_OUT_OF_SCOPE,RC1 release launch spec excludes --enable-broad-discovery (release_freeze_preflight/13_full_day_launch_command.md; v2_final_release_acceptance/release_candidate_configuration.json launch_argv)
CRM,0001108524,STATIC_626_MANIFEST,,True,False,False,False,,,not polled since broad collection stopped; last Form 4 ingested 2026-09-15T09:44:10,2026-09-04,True,,N/A not polled,0,13,13,YES,0,0,2026-09-04,2026-09-15T09:44:10,,INTENTIONALLY_OUT_OF_SCOPE,RC1 release launch spec excludes --enable-broad-discovery (release_freeze_preflight/13_full_day_launch_command.md; v2_final_release_acceptance/release_candidate_configuration.json launch_argv)
CRWD,0001535527,STATIC_626_MANIFEST,,True,False,False,False,,,not polled since broad collection stopped; last Form 4 ingested 2026-09-15T10:04:24,2026-09-11,True,,N/A not polled,0,9,9,YES,0,0,2026-09-11,2026-09-15T10:04:24,,INTENTIONALLY_OUT_OF_SCOPE,RC1 release launch spec excludes --enable-broad-discovery (release_freeze_preflight/13_full_day_launch_command.md; v2_final_release_acceptance/release_candidate_configuration.json launch_argv)
CSCO,0000858877,STATIC_626_MANIFEST,,True,True,True,True,2026-10-07T17:36:01.559422+00:00,2026-10-07T17:36:01.559422+00:00,"in every one of 4637 all-success poll cycles (symbols_polled=39, symbols_failed=0) since 2026-09-24T04:22Z; 12 partial-failure cycles are not symbol-attributed",2026-08-20,True,none attributable (cycle counters only),FRESH (source_freshness SEC_EDGAR_SUBMISSIONS; global),0,14,14,YES,0,0,2026-09-18,2026-09-21T18:42:45,,CONFIGURED_AND_SUCCESSFULLY_POLLED_NO_FILINGS,V2 execution allowlist = intelligence resolve_watchlist POLLED (run.py --execution-scope resolved-active-watchlist)
CSGP,0001057352,STATIC_626_MANIFEST,,True,False,False,False,,,not polled since broad collection stopped; last Form 4 ingested 2026-09-15T10:23:23,2026-08-10,True,,N/A not polled,0,0,0,,0,0,2026-08-10,2026-09-15T10:23:23,,INTENTIONALLY_OUT_OF_SCOPE,RC1 release launch spec excludes --enable-broad-discovery (release_freeze_preflight/13_full_day_launch_command.md; v2_final_release_acceptance/release_candidate_configuration.json launch_argv)
CSX,0000277948,STATIC_626_MANIFEST,,True,False,False,False,,,not polled since broad collection stopped; last Form 4 ingested 2026-09-15T10:37:36,2026-09-02,True,,N/A not polled,0,1,1,YES,0,0,2026-09-02,2026-09-15T10:37:36,,INTENTIONALLY_OUT_OF_SCOPE,RC1 release launch spec excludes --enable-broad-discovery (release_freeze_preflight/13_full_day_launch_command.md; v2_final_release_acceptance/release_candidate_configuration.json launch_argv)
CTAS,0000723254,STATIC_626_MANIFEST,,True,False,False,False,,,not polled since broad collection stopped; last Form 4 ingested 2026-09-15T10:51:48,2026-08-13,True,,N/A not polled,0,0,0,,0,0,2026-08-13,2026-09-15T10:51:48,,INTENTIONALLY_OUT_OF_SCOPE,RC1 release launch spec excludes --enable-broad-discovery (release_freeze_preflight/13_full_day_launch_command.md; v2_final_release_acceptance/release_candidate_configuration.json launch_argv)
CTL,,UNRESOLVED,,True,False,False,False,,,no stored Form 4,,,,N/A not polled,0,0,0,,0,0,,,,IDENTITY_UNRESOLVED,626 static CIK manifest: unresolved; and out of RC1 scope (RC1 release launch spec excludes --enable-broad-discovery (release_freeze_preflight/13_full_day_launch_command.md; v2_final_release_acceptance/release_candidate_configuration.json launch_argv))
CTLT,,UNRESOLVED,,True,False,False,False,,,no stored Form 4,,,,N/A not polled,0,0,0,,0,0,,,,IDENTITY_UNRESOLVED,626 static CIK manifest: unresolved; and out of RC1 scope (RC1 release launch spec excludes --enable-broad-discovery (release_freeze_preflight/13_full_day_launch_command.md; v2_final_release_acceptance/release_candidate_configuration.json launch_argv))
CTRA,,UNRESOLVED,,True,False,False,False,,,no stored Form 4,,,,N/A not polled,0,0,0,,0,0,,,,IDENTITY_UNRESOLVED,626 static CIK manifest: unresolved; and out of RC1 scope (RC1 release launch spec excludes --enable-broad-discovery (release_freeze_preflight/13_full_day_launch_command.md; v2_final_release_acceptance/release_candidate_configuration.json launch_argv))
CTSH,0001058290,STATIC_626_MANIFEST,,True,False,False,False,,,not polled since broad collection stopped; last Form 4 ingested 2026-09-15T11:03:03,2026-09-04,True,,N/A not polled,0,22,22,YES,0,0,2026-09-04,2026-09-15T11:03:03,,INTENTIONALLY_OUT_OF_SCOPE,RC1 release launch spec excludes --enable-broad-discovery (release_freeze_preflight/13_full_day_launch_command.md; v2_final_release_acceptance/release_candidate_configuration.json launch_argv)
CTVA,0001755672,STATIC_626_MANIFEST,,True,False,False,False,,,not polled since broad collection stopped; last Form 4 ingested 2026-09-15T11:17:18,2026-08-04,True,,N/A not polled,0,0,0,,0,0,2026-08-04,2026-09-15T11:17:18,,INTENTIONALLY_OUT_OF_SCOPE,RC1 release launch spec excludes --enable-broad-discovery (release_freeze_preflight/13_full_day_launch_command.md; v2_final_release_acceptance/release_candidate_configuration.json launch_argv)
CTXS,,UNRESOLVED,,True,False,False,False,,,no stored Form 4,,,,N/A not polled,0,0,0,,0,0,,,,IDENTITY_UNRESOLVED,626 static CIK manifest: unresolved; and out of RC1 scope (RC1 release launch spec excludes --enable-broad-discovery (release_freeze_preflight/13_full_day_launch_command.md; v2_final_release_acceptance/release_candidate_configuration.json launch_argv))
CVNA,0001690820,STATIC_626_MANIFEST,,True,False,False,False,,,not polled since broad collection stopped; last Form 4 ingested 2026-09-15T11:29:29,2026-09-03,True,,N/A not polled,0,8,8,YES,0,0,2026-09-03,2026-09-15T11:29:29,,INTENTIONALLY_OUT_OF_SCOPE,RC1 release launch spec excludes --enable-broad-discovery (release_freeze_preflight/13_full_day_launch_command.md; v2_final_release_acceptance/release_candidate_configuration.json launch_argv)
CVS,0000064803,STATIC_626_MANIFEST,,True,False,False,False,,,not polled since broad collection stopped; last Form 4 ingested 2026-09-15T11:45:40,2026-06-29,True,,N/A not polled,0,0,0,,0,0,2026-06-29,2026-09-15T11:45:40,,INTENTIONALLY_OUT_OF_SCOPE,RC1 release launch spec excludes --enable-broad-discovery (release_freeze_preflight/13_full_day_launch_command.md; v2_final_release_acceptance/release_candidate_configuration.json launch_argv)
CVX,0000093410,STATIC_626_MANIFEST,,True,True,True,True,2026-10-07T17:36:01.559422+00:00,2026-10-07T17:36:01.559422+00:00,"in every one of 4637 all-success poll cycles (symbols_polled=39, symbols_failed=0) since 2026-09-24T04:22Z; 12 partial-failure cycles are not symbol-attributed",2026-09-01,True,none attributable (cycle counters only),FRESH (source_freshness SEC_EDGAR_SUBMISSIONS; global),0,2,2,YES,0,0,2026-09-01,2026-09-04T12:16:20,,CONFIGURED_AND_SUCCESSFULLY_POLLED_NO_FILINGS,V2 execution allowlist = intelligence resolve_watchlist POLLED (run.py --execution-scope resolved-active-watchlist)
CXO,,UNRESOLVED,,True,False,False,False,,,no stored Form 4,,,,N/A not polled,0,0,0,,0,0,,,,IDENTITY_UNRESOLVED,626 static CIK manifest: unresolved; and out of RC1 scope (RC1 release launch spec excludes --enable-broad-discovery (release_freeze_preflight/13_full_day_launch_command.md; v2_final_release_acceptance/release_candidate_configuration.json launch_argv))
CZR,0001590895,STATIC_626_MANIFEST,,True,False,False,False,,,not polled since broad collection stopped; last Form 4 ingested 2026-09-15T11:52:43,2026-09-14,True,,N/A not polled,0,3,3,YES,1,1,2026-09-14,2026-09-15T11:52:43,,INTENTIONALLY_OUT_OF_SCOPE,RC1 release launch spec excludes --enable-broad-discovery (release_freeze_preflight/13_full_day_launch_command.md; v2_final_release_acceptance/release_candidate_configuration.json launch_argv)
D,0000715957,STATIC_626_MANIFEST,,True,False,False,False,,,not polled since broad collection stopped; last Form 4 ingested 2026-09-15T12:01:33,2026-05-07,True,,N/A not polled,0,0,0,,0,0,2026-05-07,2026-09-15T12:01:33,,INTENTIONALLY_OUT_OF_SCOPE,RC1 release launch spec excludes --enable-broad-discovery (release_freeze_preflight/13_full_day_launch_command.md; v2_final_release_acceptance/release_candidate_configuration.json launch_argv)
DAL,0000027904,STATIC_626_MANIFEST,,True,False,False,False,,,not polled since broad collection stopped; last Form 4 ingested 2026-09-15T12:10:08,2026-08-06,True,,N/A not polled,0,0,0,,0,0,2026-08-06,2026-09-15T12:10:08,,INTENTIONALLY_OUT_OF_SCOPE,RC1 release launch spec excludes --enable-broad-discovery (release_freeze_preflight/13_full_day_launch_command.md; v2_final_release_acceptance/release_candidate_configuration.json launch_argv)
DASH,0001792789,STATIC_626_MANIFEST,,True,False,False,False,,,not polled since broad collection stopped; last Form 4 ingested 2026-09-15T12:19:49,2026-09-09,True,,N/A not polled,0,18,18,YES,0,0,2026-09-09,2026-09-15T12:19:49,,INTENTIONALLY_OUT_OF_SCOPE,RC1 release launch spec excludes --enable-broad-discovery (release_freeze_preflight/13_full_day_launch_command.md; v2_final_release_acceptance/release_candidate_configuration.json launch_argv)
DAY,,UNRESOLVED,,True,False,False,False,,,no stored Form 4,,,,N/A not polled,0,0,0,,0,0,,,,IDENTITY_UNRESOLVED,626 static CIK manifest: unresolved; and out of RC1 scope (RC1 release launch spec excludes --enable-broad-discovery (release_freeze_preflight/13_full_day_launch_command.md; v2_final_release_acceptance/release_candidate_configuration.json launch_argv))
DD,0001666700,STATIC_626_MANIFEST,,True,False,False,False,,,not polled since broad collection stopped; last Form 4 ingested 2026-09-15T12:32:26,2026-09-01,True,,N/A not polled,0,3,3,YES,0,0,2026-09-01,2026-09-15T12:32:26,,INTENTIONALLY_OUT_OF_SCOPE,RC1 release launch spec excludes --enable-broad-discovery (release_freeze_preflight/13_full_day_launch_command.md; v2_final_release_acceptance/release_candidate_configuration.json launch_argv)
DDOG,0001561550,STATIC_626_MANIFEST,,True,False,False,False,,,not polled since broad collection stopped; last Form 4 ingested 2026-09-15T13:16:32,2026-09-10,True,,N/A not polled,0,15,15,YES,0,0,2026-09-10,2026-09-15T13:16:32,,INTENTIONALLY_OUT_OF_SCOPE,RC1 release launch spec excludes --enable-broad-discovery (release_freeze_preflight/13_full_day_launch_command.md; v2_final_release_acceptance/release_candidate_configuration.json launch_argv)
DE,0000315189,STATIC_626_MANIFEST,,True,False,False,False,,,not polled since broad collection stopped; last Form 4 ingested 2026-09-15T13:31:03,2026-09-02,True,,N/A not polled,0,3,3,YES,0,0,2026-09-02,2026-09-15T13:31:03,,INTENTIONALLY_OUT_OF_SCOPE,RC1 release launch spec excludes --enable-broad-discovery (release_freeze_preflight/13_full_day_launch_command.md; v2_final_release_acceptance/release_candidate_configuration.json launch_argv)
DECK,0000910521,STATIC_626_MANIFEST,,True,False,False,False,,,not polled since broad collection stopped; last Form 4 ingested 2026-09-15T13:40:58,2026-09-02,True,,N/A not polled,0,9,9,YES,0,0,2026-09-02,2026-09-15T13:40:58,,INTENTIONALLY_OUT_OF_SCOPE,RC1 release launch spec excludes --enable-broad-discovery (release_freeze_preflight/13_full_day_launch_command.md; v2_final_release_acceptance/release_candidate_configuration.json launch_argv)
DELL,0001571996,STATIC_626_MANIFEST,,True,True,True,True,2026-10-07T17:36:01.559422+00:00,2026-10-07T17:36:01.559422+00:00,"in every one of 4637 all-success poll cycles (symbols_polled=39, symbols_failed=0) since 2026-09-24T04:22Z; 12 partial-failure cycles are not symbol-attributed",2026-08-26,True,none attributable (cycle counters only),FRESH (source_freshness SEC_EDGAR_SUBMISSIONS; global),20,72,72,YES,0,0,2026-10-05,2026-10-05T20:10:29,,CONFIGURED_AND_SUCCESSFULLY_POLLED_WITH_FILINGS,V2 execution allowlist = intelligence resolve_watchlist POLLED (run.py --execution-scope resolved-active-watchlist)
DFS,,UNRESOLVED,,True,False,False,False,,,no stored Form 4,,,,N/A not polled,0,0,0,,0,0,,,,IDENTITY_UNRESOLVED,626 static CIK manifest: unresolved; and out of RC1 scope (RC1 release launch spec excludes --enable-broad-discovery (release_freeze_preflight/13_full_day_launch_command.md; v2_final_release_acceptance/release_candidate_configuration.json launch_argv))
DG,0000029534,STATIC_626_MANIFEST,,True,False,False,False,,,not polled since broad collection stopped; last Form 4 ingested 2026-09-15T13:54:07,2026-09-03,True,,N/A not polled,0,1,1,YES,0,0,2026-09-03,2026-09-15T13:54:07,,INTENTIONALLY_OUT_OF_SCOPE,RC1 release launch spec excludes --enable-broad-discovery (release_freeze_preflight/13_full_day_launch_command.md; v2_final_release_acceptance/release_candidate_configuration.json launch_argv)
DGX,0001022079,STATIC_626_MANIFEST,,True,False,False,False,,,not polled since broad collection stopped; last Form 4 ingested 2026-09-15T14:05:02,2026-09-03,True,,N/A not polled,0,2,2,YES,0,0,2026-09-03,2026-09-15T14:05:02,,INTENTIONALLY_OUT_OF_SCOPE,RC1 release launch spec excludes --enable-broad-discovery (release_freeze_preflight/13_full_day_launch_command.md; v2_final_release_acceptance/release_candidate_configuration.json launch_argv)
DHI,0000882184,STATIC_626_MANIFEST,,True,False,False,False,,,not polled since broad collection stopped; last Form 4 ingested 2026-09-15T14:19:59,2026-09-10,True,,N/A not polled,0,4,4,YES,0,0,2026-09-10,2026-09-15T14:19:59,,INTENTIONALLY_OUT_OF_SCOPE,RC1 release launch spec excludes --enable-broad-discovery (release_freeze_preflight/13_full_day_launch_command.md; v2_final_release_acceptance/release_candidate_configuration.json launch_argv)
DHR,0000313616,STATIC_626_MANIFEST,,True,False,False,False,,,not polled since broad collection stopped; last Form 4 ingested 2026-09-15T14:37:09,2026-08-24,True,,N/A not polled,0,1,1,YES,0,0,2026-08-24,2026-09-15T14:37:09,,INTENTIONALLY_OUT_OF_SCOPE,RC1 release launch spec excludes --enable-broad-discovery (release_freeze_preflight/13_full_day_launch_command.md; v2_final_release_acceptance/release_candidate_configuration.json launch_argv)
DINO,0001915657,STATIC_626_MANIFEST,,True,False,False,False,,,not polled since broad collection stopped; last Form 4 ingested 2026-09-15T14:49:12,2026-08-18,True,,N/A not polled,0,0,0,,0,0,2026-08-18,2026-09-15T14:49:12,,INTENTIONALLY_OUT_OF_SCOPE,RC1 release launch spec excludes --enable-broad-discovery (release_freeze_preflight/13_full_day_launch_command.md; v2_final_release_acceptance/release_candidate_configuration.json launch_argv)
DIS,0001744489,STATIC_626_MANIFEST,,True,False,False,False,,,not polled since broad collection stopped; last Form 4 ingested 2026-09-15T15:00:12,2026-09-03,True,,N/A not polled,0,1,1,YES,0,0,2026-09-03,2026-09-15T15:00:12,,INTENTIONALLY_OUT_OF_SCOPE,RC1 release launch spec excludes --enable-broad-discovery (release_freeze_preflight/13_full_day_launch_command.md; v2_final_release_acceptance/release_candidate_configuration.json launch_argv)
DISH,,UNRESOLVED,,True,False,False,False,,,no stored Form 4,,,,N/A not polled,0,0,0,,0,0,,,,IDENTITY_UNRESOLVED,626 static CIK manifest: unresolved; and out of RC1 scope (RC1 release launch spec excludes --enable-broad-discovery (release_freeze_preflight/13_full_day_launch_command.md; v2_final_release_acceptance/release_candidate_configuration.json launch_argv))
DLR,0001297996,STATIC_626_MANIFEST,,True,False,False,False,,,not polled since broad collection stopped; last Form 4 ingested 2026-09-15T15:13:12,2026-08-31,True,,N/A not polled,0,1,1,YES,0,0,2026-08-31,2026-09-15T15:13:12,,INTENTIONALLY_OUT_OF_SCOPE,RC1 release launch spec excludes --enable-broad-discovery (release_freeze_preflight/13_full_day_launch_command.md; v2_final_release_acceptance/release_candidate_configuration.json launch_argv)
DLTR,0000935703,STATIC_626_MANIFEST,,True,False,False,False,,,not polled since broad collection stopped; last Form 4 ingested 2026-09-15T15:27:01,2026-09-04,True,,N/A not polled,0,2,2,YES,0,0,2026-09-04,2026-09-15T15:27:01,,INTENTIONALLY_OUT_OF_SCOPE,RC1 release launch spec excludes --enable-broad-discovery (release_freeze_preflight/13_full_day_launch_command.md; v2_final_release_acceptance/release_candidate_configuration.json launch_argv)
DOC,0000765880,STATIC_626_MANIFEST,,True,False,False,False,,,not polled since broad collection stopped; last Form 4 ingested 2026-09-15T15:42:30,2026-06-02,True,,N/A not polled,0,0,0,,0,0,2026-06-02,2026-09-15T15:42:30,,INTENTIONALLY_OUT_OF_SCOPE,RC1 release launch spec excludes --enable-broad-discovery (release_freeze_preflight/13_full_day_launch_command.md; v2_final_release_acceptance/release_candidate_configuration.json launch_argv)
DOV,0000029905,STATIC_626_MANIFEST,,True,False,False,False,,,not polled since broad collection stopped; last Form 4 ingested 2026-09-15T15:52:36,2026-08-04,True,,N/A not polled,0,0,0,,0,0,2026-08-04,2026-09-15T15:52:36,,INTENTIONALLY_OUT_OF_SCOPE,RC1 release launch spec excludes --enable-broad-discovery (release_freeze_preflight/13_full_day_launch_command.md; v2_final_release_acceptance/release_candidate_configuration.json launch_argv)
DOW,0001751788,STATIC_626_MANIFEST,,True,False,False,False,,,not polled since broad collection stopped; last Form 4 ingested 2026-09-15T16:01:34,2026-07-06,True,,N/A not polled,0,0,0,,0,0,2026-07-06,2026-09-15T16:01:34,,INTENTIONALLY_OUT_OF_SCOPE,RC1 release launch spec excludes --enable-broad-discovery (release_freeze_preflight/13_full_day_launch_command.md; v2_final_release_acceptance/release_candidate_configuration.json launch_argv)
DPZ,0001286681,STATIC_626_MANIFEST,,True,False,False,False,,,not polled since broad collection stopped; last Form 4 ingested 2026-09-15T16:12:09,2026-07-23,True,,N/A not polled,0,0,0,,0,0,2026-07-23,2026-09-15T16:12:09,,INTENTIONALLY_OUT_OF_SCOPE,RC1 release launch spec excludes --enable-broad-discovery (release_freeze_preflight/13_full_day_launch_command.md; v2_final_release_acceptance/release_candidate_configuration.json launch_argv)
DRE,,UNRESOLVED,,True,False,False,False,,,no stored Form 4,,,,N/A not polled,0,0,0,,0,0,,,,IDENTITY_UNRESOLVED,626 static CIK manifest: unresolved; and out of RC1 scope (RC1 release launch spec excludes --enable-broad-discovery (release_freeze_preflight/13_full_day_launch_command.md; v2_final_release_acceptance/release_candidate_configuration.json launch_argv))
DRI,0000940944,STATIC_626_MANIFEST,,True,False,False,False,,,not polled since broad collection stopped; last Form 4 ingested 2026-09-15T16:24:21,2026-09-01,True,,N/A not polled,0,2,2,YES,0,0,2026-09-01,2026-09-15T16:24:21,,INTENTIONALLY_OUT_OF_SCOPE,RC1 release launch spec excludes --enable-broad-discovery (release_freeze_preflight/13_full_day_launch_command.md; v2_final_release_acceptance/release_candidate_configuration.json launch_argv)
DTE,0000936340,STATIC_626_MANIFEST,,True,False,False,False,,,not polled since broad collection stopped; last Form 4 ingested 2026-09-15T16:35:20,2026-09-03,True,,N/A not polled,0,1,1,YES,0,0,2026-09-03,2026-09-15T16:35:20,,INTENTIONALLY_OUT_OF_SCOPE,RC1 release launch spec excludes --enable-broad-discovery (release_freeze_preflight/13_full_day_launch_command.md; v2_final_release_acceptance/release_candidate_configuration.json launch_argv)
DUK,0001326160,STATIC_626_MANIFEST,,True,False,False,False,,,not polled since broad collection stopped; last Form 4 ingested 2026-09-15T16:45:39,2026-07-06,True,,N/A not polled,0,0,0,,0,0,2026-07-06,2026-09-15T16:45:39,,INTENTIONALLY_OUT_OF_SCOPE,RC1 release launch spec excludes --enable-broad-discovery (release_freeze_preflight/13_full_day_launch_command.md; v2_final_release_acceptance/release_candidate_configuration.json launch_argv)
DVA,0000927066,STATIC_626_MANIFEST,,True,False,False,False,,,not polled since broad collection stopped; last Form 4 ingested 2026-09-15T16:55:30,2026-08-18,True,,N/A not polled,0,0,0,,0,0,2026-08-18,2026-09-15T16:55:30,,INTENTIONALLY_OUT_OF_SCOPE,RC1 release launch spec excludes --enable-broad-discovery (release_freeze_preflight/13_full_day_launch_command.md; v2_final_release_acceptance/release_candidate_configuration.json launch_argv)
DVN,0001090012,STATIC_626_MANIFEST,,True,False,False,False,,,not polled since broad collection stopped; last Form 4 ingested 2026-09-15T17:04:47,2026-09-14,True,,N/A not polled,0,2,2,YES,1,1,2026-09-14,2026-09-15T17:04:47,,INTENTIONALLY_OUT_OF_SCOPE,RC1 release launch spec excludes --enable-broad-discovery (release_freeze_preflight/13_full_day_launch_command.md; v2_final_release_acceptance/release_candidate_configuration.json launch_argv)
DXC,0001688568,STATIC_626_MANIFEST,,True,False,False,False,,,not polled since broad collection stopped; last Form 4 ingested 2026-09-15T17:13:40,2026-08-18,True,,N/A not polled,0,0,0,,0,0,2026-08-18,2026-09-15T17:13:40,,INTENTIONALLY_OUT_OF_SCOPE,RC1 release launch spec excludes --enable-broad-discovery (release_freeze_preflight/13_full_day_launch_command.md; v2_final_release_acceptance/release_candidate_configuration.json launch_argv)
DXCM,0001093557,STATIC_626_MANIFEST,,True,False,False,False,,,not polled since broad collection stopped; last Form 4 ingested 2026-09-15T17:22:45,2026-09-14,True,,N/A not polled,0,8,8,YES,0,0,2026-09-14,2026-09-15T17:22:45,,INTENTIONALLY_OUT_OF_SCOPE,RC1 release launch spec excludes --enable-broad-discovery (release_freeze_preflight/13_full_day_launch_command.md; v2_final_release_acceptance/release_candidate_configuration.json launch_argv)
EA,,UNRESOLVED,,True,False,False,False,,,no stored Form 4,,,,N/A not polled,0,0,0,,0,0,,,,IDENTITY_UNRESOLVED,626 static CIK manifest: unresolved; and out of RC1 scope (RC1 release launch spec excludes --enable-broad-discovery (release_freeze_preflight/13_full_day_launch_command.md; v2_final_release_acceptance/release_candidate_configuration.json launch_argv))
EBAY,0001065088,STATIC_626_MANIFEST,,True,False,False,False,,,not polled since broad collection stopped; last Form 4 ingested 2026-09-15T17:32:18,2026-09-10,True,,N/A not polled,0,1,1,YES,0,0,2026-09-10,2026-09-15T17:32:18,,INTENTIONALLY_OUT_OF_SCOPE,RC1 release launch spec excludes --enable-broad-discovery (release_freeze_preflight/13_full_day_launch_command.md; v2_final_release_acceptance/release_candidate_configuration.json launch_argv)
ECHO,0001415404,STATIC_626_MANIFEST,,True,False,False,False,,,not polled since broad collection stopped; last Form 4 ingested 2026-09-15T17:42:57,2026-08-14,True,,N/A not polled,0,0,0,,0,0,2026-08-14,2026-09-15T17:42:57,,INTENTIONALLY_OUT_OF_SCOPE,RC1 release launch spec excludes --enable-broad-discovery (release_freeze_preflight/13_full_day_launch_command.md; v2_final_release_acceptance/release_candidate_configuration.json launch_argv)
ECL,0000031462,STATIC_626_MANIFEST,,True,False,False,False,,,not polled since broad collection stopped; last Form 4 ingested 2026-09-15T17:53:17,2026-09-14,True,,N/A not polled,0,1,1,YES,2,1,2026-09-14,2026-09-15T17:53:17,,INTENTIONALLY_OUT_OF_SCOPE,RC1 release launch spec excludes --enable-broad-discovery (release_freeze_preflight/13_full_day_launch_command.md; v2_final_release_acceptance/release_candidate_configuration.json launch_argv)
ED,0001047862,STATIC_626_MANIFEST,,True,False,False,False,,,not polled since broad collection stopped; last Form 4 ingested 2026-09-15T18:04:34,2026-07-09,True,,N/A not polled,0,0,0,,0,0,2026-07-09,2026-09-15T18:04:34,,INTENTIONALLY_OUT_OF_SCOPE,RC1 release launch spec excludes --enable-broad-discovery (release_freeze_preflight/13_full_day_launch_command.md; v2_final_release_acceptance/release_candidate_configuration.json launch_argv)
EFX,0000033185,STATIC_626_MANIFEST,,True,False,False,False,,,not polled since broad collection stopped; last Form 4 ingested 2026-09-15T18:13:37,2026-09-08,True,,N/A not polled,0,1,1,YES,0,0,2026-09-08,2026-09-15T18:13:37,,INTENTIONALLY_OUT_OF_SCOPE,RC1 release launch spec excludes --enable-broad-discovery (release_freeze_preflight/13_full_day_launch_command.md; v2_final_release_acceptance/release_candidate_configuration.json launch_argv)
EG,0001095073,STATIC_626_MANIFEST,,True,False,False,False,,,not polled since broad collection stopped; last Form 4 ingested 2026-09-15T18:24:43,2026-07-02,True,,N/A not polled,0,0,0,,0,0,2026-07-02,2026-09-15T18:24:43,,INTENTIONALLY_OUT_OF_SCOPE,RC1 release launch spec excludes --enable-broad-discovery (release_freeze_preflight/13_full_day_launch_command.md; v2_final_release_acceptance/release_candidate_configuration.json launch_argv)
EIX,0000827052,STATIC_626_MANIFEST,,True,False,False,False,,,not polled since broad collection stopped; last Form 4 ingested 2026-09-15T18:37:40,2026-07-15,True,,N/A not polled,0,0,0,,0,0,2026-07-15,2026-09-15T18:37:40,,INTENTIONALLY_OUT_OF_SCOPE,RC1 release launch spec excludes --enable-broad-discovery (release_freeze_preflight/13_full_day_launch_command.md; v2_final_release_acceptance/release_candidate_configuration.json launch_argv)
EL,0001001250,STATIC_626_MANIFEST,,True,False,False,False,,,not polled since broad collection stopped; last Form 4 ingested 2026-09-15T18:48:08,2026-09-10,True,,N/A not polled,0,11,11,YES,0,0,2026-09-10,2026-09-15T18:48:08,,INTENTIONALLY_OUT_OF_SCOPE,RC1 release launch spec excludes --enable-broad-discovery (release_freeze_preflight/13_full_day_launch_command.md; v2_final_release_acceptance/release_candidate_configuration.json launch_argv)
ELV,0001156039,STATIC_626_MANIFEST,,True,False,False,False,,,not polled since broad collection stopped; last Form 4 ingested 2026-09-15T18:58:35,2026-09-04,True,,N/A not polled,0,2,2,YES,0,0,2026-09-04,2026-09-15T18:58:35,,INTENTIONALLY_OUT_OF_SCOPE,RC1 release launch spec excludes --enable-broad-discovery (release_freeze_preflight/13_full_day_launch_command.md; v2_final_release_acceptance/release_candidate_configuration.json launch_argv)
EME,0000105634,STATIC_626_MANIFEST,,True,False,False,False,,,not polled since broad collection stopped; last Form 4 ingested 2026-09-15T19:09:46,2026-08-03,True,,N/A not polled,0,0,0,,0,0,2026-08-03,2026-09-15T19:09:46,,INTENTIONALLY_OUT_OF_SCOPE,RC1 release launch spec excludes --enable-broad-discovery (release_freeze_preflight/13_full_day_launch_command.md; v2_final_release_acceptance/release_candidate_configuration.json launch_argv)
EMN,0000915389,STATIC_626_MANIFEST,,True,False,False,False,,,not polled since broad collection stopped; last Form 4 ingested 2026-09-15T19:19:48,2026-09-03,True,,N/A not polled,0,1,1,YES,0,0,2026-09-03,2026-09-15T19:19:48,,INTENTIONALLY_OUT_OF_SCOPE,RC1 release launch spec excludes --enable-broad-discovery (release_freeze_preflight/13_full_day_launch_command.md; v2_final_release_acceptance/release_candidate_configuration.json launch_argv)
EMR,0000032604,STATIC_626_MANIFEST,,True,False,False,False,,,not polled since broad collection stopped; last Form 4 ingested 2026-09-15T19:29:14,2026-08-12,True,,N/A not polled,0,0,0,,0,0,2026-08-12,2026-09-15T19:29:14,,INTENTIONALLY_OUT_OF_SCOPE,RC1 release launch spec excludes --enable-broad-discovery (release_freeze_preflight/13_full_day_launch_command.md; v2_final_release_acceptance/release_candidate_configuration.json launch_argv)
ENPH,0001463101,STATIC_626_MANIFEST,,True,False,False,False,,,not polled since broad collection stopped; last Form 4 ingested 2026-09-15T19:38:34,2026-08-14,True,,N/A not polled,0,0,0,,0,0,2026-08-14,2026-09-15T19:38:34,,INTENTIONALLY_OUT_OF_SCOPE,RC1 release launch spec excludes --enable-broad-discovery (release_freeze_preflight/13_full_day_launch_command.md; v2_final_release_acceptance/release_candidate_configuration.json launch_argv)
EOG,0000821189,STATIC_626_MANIFEST,,True,False,False,False,,,not polled since broad collection stopped; last Form 4 ingested 2026-09-15T19:50:09,2026-09-14,True,,N/A not polled,0,3,3,YES,0,0,2026-09-14,2026-09-15T19:50:09,,INTENTIONALLY_OUT_OF_SCOPE,RC1 release launch spec excludes --enable-broad-discovery (release_freeze_preflight/13_full_day_launch_command.md; v2_final_release_acceptance/release_candidate_configuration.json launch_argv)
EPAM,0001352010,STATIC_626_MANIFEST,,True,False,False,False,,,not polled since broad collection stopped; last Form 4 ingested 2026-09-15T20:02:13,2026-09-03,True,,N/A not polled,0,1,1,YES,0,0,2026-09-03,2026-09-15T20:02:13,,INTENTIONALLY_OUT_OF_SCOPE,RC1 release launch spec excludes --enable-broad-discovery (release_freeze_preflight/13_full_day_launch_command.md; v2_final_release_acceptance/release_candidate_configuration.json launch_argv)
EQIX,0001101239,STATIC_626_MANIFEST,,True,False,False,False,,,not polled since broad collection stopped; last Form 4 ingested 2026-09-15T20:11:20,2026-09-08,True,,N/A not polled,0,2,2,YES,0,0,2026-09-08,2026-09-15T20:11:20,,INTENTIONALLY_OUT_OF_SCOPE,RC1 release launch spec excludes --enable-broad-discovery (release_freeze_preflight/13_full_day_launch_command.md; v2_final_release_acceptance/release_candidate_configuration.json launch_argv)
EQR,,UNRESOLVED,,True,False,False,False,,,no stored Form 4,,,,N/A not polled,0,0,0,,0,0,,,,IDENTITY_UNRESOLVED,626 static CIK manifest: unresolved; and out of RC1 scope (RC1 release launch spec excludes --enable-broad-discovery (release_freeze_preflight/13_full_day_launch_command.md; v2_final_release_acceptance/release_candidate_configuration.json launch_argv))
EQT,0000033213,STATIC_626_MANIFEST,,True,False,False,False,,,not polled since broad collection stopped; last Form 4 ingested 2026-09-15T20:22:29,2026-08-18,True,,N/A not polled,0,0,0,,0,0,2026-08-18,2026-09-15T20:22:29,,INTENTIONALLY_OUT_OF_SCOPE,RC1 release launch spec excludes --enable-broad-discovery (release_freeze_preflight/13_full_day_launch_command.md; v2_final_release_acceptance/release_candidate_configuration.json launch_argv)
ERIE,0000922621,STATIC_626_MANIFEST,,True,False,False,False,,,not polled since broad collection stopped; last Form 4 ingested 2026-09-15T20:33:39,2026-09-01,True,,N/A not polled,0,3,3,YES,0,0,2026-09-01,2026-09-15T20:33:39,,INTENTIONALLY_OUT_OF_SCOPE,RC1 release launch spec excludes --enable-broad-discovery (release_freeze_preflight/13_full_day_launch_command.md; v2_final_release_acceptance/release_candidate_configuration.json launch_argv)
ES,0000072741,STATIC_626_MANIFEST,,True,False,False,False,,,not polled since broad collection stopped; last Form 4 ingested 2026-09-15T20:46:43,2026-08-26,True,,N/A not polled,0,1,1,YES,0,0,2026-08-26,2026-09-15T20:46:43,,INTENTIONALLY_OUT_OF_SCOPE,RC1 release launch spec excludes --enable-broad-discovery (release_freeze_preflight/13_full_day_launch_command.md; v2_final_release_acceptance/release_candidate_configuration.json launch_argv)
ESS,0000920522,STATIC_626_MANIFEST,,True,False,False,False,,,no stored Form 4,,,,N/A not polled,0,0,0,,0,0,,,,INTENTIONALLY_OUT_OF_SCOPE,RC1 release launch spec excludes --enable-broad-discovery (release_freeze_preflight/13_full_day_launch_command.md; v2_final_release_acceptance/release_candidate_configuration.json launch_argv)
ETFC,,UNRESOLVED,,True,False,False,False,,,no stored Form 4,,,,N/A not polled,0,0,0,,0,0,,,,IDENTITY_UNRESOLVED,626 static CIK manifest: unresolved; and out of RC1 scope (RC1 release launch spec excludes --enable-broad-discovery (release_freeze_preflight/13_full_day_launch_command.md; v2_final_release_acceptance/release_candidate_configuration.json launch_argv))
ETN,0001551182,STATIC_626_MANIFEST,,True,False,False,False,,,no stored Form 4,,,,N/A not polled,0,0,0,,0,0,,,,INTENTIONALLY_OUT_OF_SCOPE,RC1 release launch spec excludes --enable-broad-discovery (release_freeze_preflight/13_full_day_launch_command.md; v2_final_release_acceptance/release_candidate_configuration.json launch_argv)
ETR,0000065984,STATIC_626_MANIFEST,,True,False,False,False,,,no stored Form 4,,,,N/A not polled,0,0,0,,0,0,,,,INTENTIONALLY_OUT_OF_SCOPE,RC1 release launch spec excludes --enable-broad-discovery (release_freeze_preflight/13_full_day_launch_command.md; v2_final_release_acceptance/release_candidate_configuration.json launch_argv)
ETSY,0001370637,STATIC_626_MANIFEST,,True,False,False,False,,,no stored Form 4,,,,N/A not polled,0,0,0,,0,0,,,,INTENTIONALLY_OUT_OF_SCOPE,RC1 release launch spec excludes --enable-broad-discovery (release_freeze_preflight/13_full_day_launch_command.md; v2_final_release_acceptance/release_candidate_configuration.json launch_argv)
EVRG,0001711269,STATIC_626_MANIFEST,,True,False,False,False,,,no stored Form 4,,,,N/A not polled,0,0,0,,0,0,,,,INTENTIONALLY_OUT_OF_SCOPE,RC1 release launch spec excludes --enable-broad-discovery (release_freeze_preflight/13_full_day_launch_command.md; v2_final_release_acceptance/release_candidate_configuration.json launch_argv)
EW,0001099800,STATIC_626_MANIFEST,,True,False,False,False,,,no stored Form 4,,,,N/A not polled,0,0,0,,0,0,,,,INTENTIONALLY_OUT_OF_SCOPE,RC1 release launch spec excludes --enable-broad-discovery (release_freeze_preflight/13_full_day_launch_command.md; v2_final_release_acceptance/release_candidate_configuration.json launch_argv)
EXC,0001109357,STATIC_626_MANIFEST,,True,False,False,False,,,no stored Form 4,,,,N/A not polled,0,0,0,,0,0,,,,INTENTIONALLY_OUT_OF_SCOPE,RC1 release launch spec excludes --enable-broad-discovery (release_freeze_preflight/13_full_day_launch_command.md; v2_final_release_acceptance/release_candidate_configuration.json launch_argv)
EXE,0000895126,STATIC_626_MANIFEST,,True,False,False,False,,,no stored Form 4,,,,N/A not polled,0,0,0,,0,0,,,,INTENTIONALLY_OUT_OF_SCOPE,RC1 release launch spec excludes --enable-broad-discovery (release_freeze_preflight/13_full_day_launch_command.md; v2_final_release_acceptance/release_candidate_configuration.json launch_argv)
EXPD,0000746515,STATIC_626_MANIFEST,,True,False,False,False,,,no stored Form 4,,,,N/A not polled,0,0,0,,0,0,,,,INTENTIONALLY_OUT_OF_SCOPE,RC1 release launch spec excludes --enable-broad-discovery (release_freeze_preflight/13_full_day_launch_command.md; v2_final_release_acceptance/release_candidate_configuration.json launch_argv)
EXPE,0001324424,STATIC_626_MANIFEST,,True,False,False,False,,,no stored Form 4,,,,N/A not polled,0,0,0,,0,0,,,,INTENTIONALLY_OUT_OF_SCOPE,RC1 release launch spec excludes --enable-broad-discovery (release_freeze_preflight/13_full_day_launch_command.md; v2_final_release_acceptance/release_candidate_configuration.json launch_argv)
EXR,0001289490,STATIC_626_MANIFEST,,True,False,False,False,,,no stored Form 4,,,,N/A not polled,0,0,0,,0,0,,,,INTENTIONALLY_OUT_OF_SCOPE,RC1 release launch spec excludes --enable-broad-discovery (release_freeze_preflight/13_full_day_launch_command.md; v2_final_release_acceptance/release_candidate_configuration.json launch_argv)
F,0000037996,STATIC_626_MANIFEST,,True,False,False,False,,,no stored Form 4,,,,N/A not polled,0,0,0,,0,0,,,,INTENTIONALLY_OUT_OF_SCOPE,RC1 release launch spec excludes --enable-broad-discovery (release_freeze_preflight/13_full_day_launch_command.md; v2_final_release_acceptance/release_candidate_configuration.json launch_argv)
FANG,0001539838,STATIC_626_MANIFEST,,True,False,False,False,,,no stored Form 4,,,,N/A not polled,0,0,0,,0,0,,,,INTENTIONALLY_OUT_OF_SCOPE,RC1 release launch spec excludes --enable-broad-discovery (release_freeze_preflight/13_full_day_launch_command.md; v2_final_release_acceptance/release_candidate_configuration.json launch_argv)
FAST,0000815556,STATIC_626_MANIFEST,,True,False,False,False,,,no stored Form 4,,,,N/A not polled,0,0,0,,0,0,,,,INTENTIONALLY_OUT_OF_SCOPE,RC1 release launch spec excludes --enable-broad-discovery (release_freeze_preflight/13_full_day_launch_command.md; v2_final_release_acceptance/release_candidate_configuration.json launch_argv)
FBIN,0001519751,STATIC_626_MANIFEST,,True,False,False,False,,,no stored Form 4,,,,N/A not polled,0,0,0,,0,0,,,,INTENTIONALLY_OUT_OF_SCOPE,RC1 release launch spec excludes --enable-broad-discovery (release_freeze_preflight/13_full_day_launch_command.md; v2_final_release_acceptance/release_candidate_configuration.json launch_argv)
FCX,0000831259,STATIC_626_MANIFEST,,True,False,False,False,,,no stored Form 4,,,,N/A not polled,0,0,0,,0,0,,,,INTENTIONALLY_OUT_OF_SCOPE,RC1 release launch spec excludes --enable-broad-discovery (release_freeze_preflight/13_full_day_launch_command.md; v2_final_release_acceptance/release_candidate_configuration.json launch_argv)
FDS,0001013237,STATIC_626_MANIFEST,,True,False,False,False,,,no stored Form 4,,,,N/A not polled,0,0,0,,0,0,,,,INTENTIONALLY_OUT_OF_SCOPE,RC1 release launch spec excludes --enable-broad-discovery (release_freeze_preflight/13_full_day_launch_command.md; v2_final_release_acceptance/release_candidate_configuration.json launch_argv)
FDX,0001048911,STATIC_626_MANIFEST,,True,False,False,False,,,no stored Form 4,,,,N/A not polled,0,0,0,,0,0,,,,INTENTIONALLY_OUT_OF_SCOPE,RC1 release launch spec excludes --enable-broad-discovery (release_freeze_preflight/13_full_day_launch_command.md; v2_final_release_acceptance/release_candidate_configuration.json launch_argv)
FDXF,0002082247,STATIC_626_MANIFEST,,True,False,False,False,,,no stored Form 4,,,,N/A not polled,0,0,0,,0,0,,,,INTENTIONALLY_OUT_OF_SCOPE,RC1 release launch spec excludes --enable-broad-discovery (release_freeze_preflight/13_full_day_launch_command.md; v2_final_release_acceptance/release_candidate_configuration.json launch_argv)
FE,0001031296,STATIC_626_MANIFEST,,True,False,False,False,,,no stored Form 4,,,,N/A not polled,0,0,0,,0,0,,,,INTENTIONALLY_OUT_OF_SCOPE,RC1 release launch spec excludes --enable-broad-discovery (release_freeze_preflight/13_full_day_launch_command.md; v2_final_release_acceptance/release_candidate_configuration.json launch_argv)
FFIV,0001048695,STATIC_626_MANIFEST,,True,False,False,False,,,no stored Form 4,,,,N/A not polled,0,0,0,,0,0,,,,INTENTIONALLY_OUT_OF_SCOPE,RC1 release launch spec excludes --enable-broad-discovery (release_freeze_preflight/13_full_day_launch_command.md; v2_final_release_acceptance/release_candidate_configuration.json launch_argv)
FI,,UNRESOLVED,,True,False,False,False,,,no stored Form 4,,,,N/A not polled,0,0,0,,0,0,,,,IDENTITY_UNRESOLVED,626 static CIK manifest: unresolved; and out of RC1 scope (RC1 release launch spec excludes --enable-broad-discovery (release_freeze_preflight/13_full_day_launch_command.md; v2_final_release_acceptance/release_candidate_configuration.json launch_argv))
FICO,0000814547,STATIC_626_MANIFEST,,True,False,False,False,,,no stored Form 4,,,,N/A not polled,0,0,0,,0,0,,,,INTENTIONALLY_OUT_OF_SCOPE,RC1 release launch spec excludes --enable-broad-discovery (release_freeze_preflight/13_full_day_launch_command.md; v2_final_release_acceptance/release_candidate_configuration.json launch_argv)
FIS,0001136893,STATIC_626_MANIFEST,,True,False,False,False,,,no stored Form 4,,,,N/A not polled,0,0,0,,0,0,,,,INTENTIONALLY_OUT_OF_SCOPE,RC1 release launch spec excludes --enable-broad-discovery (release_freeze_preflight/13_full_day_launch_command.md; v2_final_release_acceptance/release_candidate_configuration.json launch_argv)
FITB,0000035527,STATIC_626_MANIFEST,,True,False,False,False,,,no stored Form 4,,,,N/A not polled,0,0,0,,0,0,,,,INTENTIONALLY_OUT_OF_SCOPE,RC1 release launch spec excludes --enable-broad-discovery (release_freeze_preflight/13_full_day_launch_command.md; v2_final_release_acceptance/release_candidate_configuration.json launch_argv)
FIX,0001035983,STATIC_626_MANIFEST,,True,False,False,False,,,no stored Form 4,,,,N/A not polled,0,0,0,,0,0,,,,INTENTIONALLY_OUT_OF_SCOPE,RC1 release launch spec excludes --enable-broad-discovery (release_freeze_preflight/13_full_day_launch_command.md; v2_final_release_acceptance/release_candidate_configuration.json launch_argv)
FLEX,0000866374,STATIC_626_MANIFEST,,True,False,False,False,,,no stored Form 4,,,,N/A not polled,0,0,0,,0,0,,,,INTENTIONALLY_OUT_OF_SCOPE,RC1 release launch spec excludes --enable-broad-discovery (release_freeze_preflight/13_full_day_launch_command.md; v2_final_release_acceptance/release_candidate_configuration.json launch_argv)
FLIR,,UNRESOLVED,,True,False,False,False,,,no stored Form 4,,,,N/A not polled,0,0,0,,0,0,,,,IDENTITY_UNRESOLVED,626 static CIK manifest: unresolved; and out of RC1 scope (RC1 release launch spec excludes --enable-broad-discovery (release_freeze_preflight/13_full_day_launch_command.md; v2_final_release_acceptance/release_candidate_configuration.json launch_argv))
FLS,0000030625,STATIC_626_MANIFEST,,True,False,False,False,,,no stored Form 4,,,,N/A not polled,0,0,0,,0,0,,,,INTENTIONALLY_OUT_OF_SCOPE,RC1 release launch spec excludes --enable-broad-discovery (release_freeze_preflight/13_full_day_launch_command.md; v2_final_release_acceptance/release_candidate_configuration.json launch_argv)
FLT,,UNRESOLVED,,True,False,False,False,,,no stored Form 4,,,,N/A not polled,0,0,0,,0,0,,,,IDENTITY_UNRESOLVED,626 static CIK manifest: unresolved; and out of RC1 scope (RC1 release launch spec excludes --enable-broad-discovery (release_freeze_preflight/13_full_day_launch_command.md; v2_final_release_acceptance/release_candidate_configuration.json launch_argv))
FMC,0000037785,STATIC_626_MANIFEST,,True,False,False,False,,,no stored Form 4,,,,N/A not polled,0,0,0,,0,0,,,,INTENTIONALLY_OUT_OF_SCOPE,RC1 release launch spec excludes --enable-broad-discovery (release_freeze_preflight/13_full_day_launch_command.md; v2_final_release_acceptance/release_candidate_configuration.json launch_argv)
FOX,0001754301,STATIC_626_MANIFEST,FOXA,True,False,False,False,,,no stored Form 4,,,,N/A not polled,0,0,0,,0,0,,,,INTENTIONALLY_OUT_OF_SCOPE,RC1 release launch spec excludes --enable-broad-discovery (release_freeze_preflight/13_full_day_launch_command.md; v2_final_release_acceptance/release_candidate_configuration.json launch_argv)
FOXA,0001754301,STATIC_626_MANIFEST,FOX,True,False,False,False,,,no stored Form 4,,,,N/A not polled,0,0,0,,0,0,,,,INTENTIONALLY_OUT_OF_SCOPE,RC1 release launch spec excludes --enable-broad-discovery (release_freeze_preflight/13_full_day_launch_command.md; v2_final_release_acceptance/release_candidate_configuration.json launch_argv)
FRC,,UNRESOLVED,,True,False,False,False,,,no stored Form 4,,,,N/A not polled,0,0,0,,0,0,,,,IDENTITY_UNRESOLVED,626 static CIK manifest: unresolved; and out of RC1 scope (RC1 release launch spec excludes --enable-broad-discovery (release_freeze_preflight/13_full_day_launch_command.md; v2_final_release_acceptance/release_candidate_configuration.json launch_argv))
FRT,0000034903,STATIC_626_MANIFEST,,True,False,False,False,,,no stored Form 4,,,,N/A not polled,0,0,0,,0,0,,,,INTENTIONALLY_OUT_OF_SCOPE,RC1 release launch spec excludes --enable-broad-discovery (release_freeze_preflight/13_full_day_launch_command.md; v2_final_release_acceptance/release_candidate_configuration.json launch_argv)
FSLR,0001274494,STATIC_626_MANIFEST,,True,False,False,False,,,no stored Form 4,,,,N/A not polled,0,0,0,,0,0,,,,INTENTIONALLY_OUT_OF_SCOPE,RC1 release launch spec excludes --enable-broad-discovery (release_freeze_preflight/13_full_day_launch_command.md; v2_final_release_acceptance/release_candidate_configuration.json launch_argv)
FTI,0001681459,STATIC_626_MANIFEST,,True,False,False,False,,,no stored Form 4,,,,N/A not polled,0,0,0,,0,0,,,,INTENTIONALLY_OUT_OF_SCOPE,RC1 release launch spec excludes --enable-broad-discovery (release_freeze_preflight/13_full_day_launch_command.md; v2_final_release_acceptance/release_candidate_configuration.json launch_argv)
FTNT,0001262039,STATIC_626_MANIFEST,,True,False,False,False,,,no stored Form 4,,,,N/A not polled,0,0,0,,0,0,,,,INTENTIONALLY_OUT_OF_SCOPE,RC1 release launch spec excludes --enable-broad-discovery (release_freeze_preflight/13_full_day_launch_command.md; v2_final_release_acceptance/release_candidate_configuration.json launch_argv)
FTV,0001659166,STATIC_626_MANIFEST,,True,False,False,False,,,no stored Form 4,,,,N/A not polled,0,0,0,,0,0,,,,INTENTIONALLY_OUT_OF_SCOPE,RC1 release launch spec excludes --enable-broad-discovery (release_freeze_preflight/13_full_day_launch_command.md; v2_final_release_acceptance/release_candidate_configuration.json launch_argv)
GD,0000040533,STATIC_626_MANIFEST,,True,False,False,False,,,no stored Form 4,,,,N/A not polled,0,0,0,,0,0,,,,INTENTIONALLY_OUT_OF_SCOPE,RC1 release launch spec excludes --enable-broad-discovery (release_freeze_preflight/13_full_day_launch_command.md; v2_final_release_acceptance/release_candidate_configuration.json launch_argv)
GDDY,0001609711,STATIC_626_MANIFEST,,True,False,False,False,,,no stored Form 4,,,,N/A not polled,0,0,0,,0,0,,,,INTENTIONALLY_OUT_OF_SCOPE,RC1 release launch spec excludes --enable-broad-discovery (release_freeze_preflight/13_full_day_launch_command.md; v2_final_release_acceptance/release_candidate_configuration.json launch_argv)
GE,0000040545,STATIC_626_MANIFEST,,True,False,False,False,,,no stored Form 4,,,,N/A not polled,0,0,0,,0,0,,,,INTENTIONALLY_OUT_OF_SCOPE,RC1 release launch spec excludes --enable-broad-discovery (release_freeze_preflight/13_full_day_launch_command.md; v2_final_release_acceptance/release_candidate_configuration.json launch_argv)
GEHC,0001932393,STATIC_626_MANIFEST,,True,False,False,False,,,no stored Form 4,,,,N/A not polled,0,0,0,,0,0,,,,INTENTIONALLY_OUT_OF_SCOPE,RC1 release launch spec excludes --enable-broad-discovery (release_freeze_preflight/13_full_day_launch_command.md; v2_final_release_acceptance/release_candidate_configuration.json launch_argv)
GEN,0000849399,STATIC_626_MANIFEST,,True,False,False,False,,,no stored Form 4,,,,N/A not polled,0,0,0,,0,0,,,,INTENTIONALLY_OUT_OF_SCOPE,RC1 release launch spec excludes --enable-broad-discovery (release_freeze_preflight/13_full_day_launch_command.md; v2_final_release_acceptance/release_candidate_configuration.json launch_argv)
GEV,0001996810,STATIC_626_MANIFEST,,True,False,False,False,,,no stored Form 4,,,,N/A not polled,0,0,0,,0,0,,,,INTENTIONALLY_OUT_OF_SCOPE,RC1 release launch spec excludes --enable-broad-discovery (release_freeze_preflight/13_full_day_launch_command.md; v2_final_release_acceptance/release_candidate_configuration.json launch_argv)
GILD,0000882095,STATIC_626_MANIFEST,,True,False,False,False,,,no stored Form 4,,,,N/A not polled,0,0,0,,0,0,,,,INTENTIONALLY_OUT_OF_SCOPE,RC1 release launch spec excludes --enable-broad-discovery (release_freeze_preflight/13_full_day_launch_command.md; v2_final_release_acceptance/release_candidate_configuration.json launch_argv)
GIS,0000040704,STATIC_626_MANIFEST,,True,False,False,False,,,no stored Form 4,,,,N/A not polled,0,0,0,,0,0,,,,INTENTIONALLY_OUT_OF_SCOPE,RC1 release launch spec excludes --enable-broad-discovery (release_freeze_preflight/13_full_day_launch_command.md; v2_final_release_acceptance/release_candidate_configuration.json launch_argv)
GL,0000320335,STATIC_626_MANIFEST,,True,False,False,False,,,no stored Form 4,,,,N/A not polled,0,0,0,,0,0,,,,INTENTIONALLY_OUT_OF_SCOPE,RC1 release launch spec excludes --enable-broad-discovery (release_freeze_preflight/13_full_day_launch_command.md; v2_final_release_acceptance/release_candidate_configuration.json launch_argv)
GLW,0000024741,STATIC_626_MANIFEST,,True,False,False,False,,,no stored Form 4,,,,N/A not polled,0,0,0,,0,0,,,,INTENTIONALLY_OUT_OF_SCOPE,RC1 release launch spec excludes --enable-broad-discovery (release_freeze_preflight/13_full_day_launch_command.md; v2_final_release_acceptance/release_candidate_configuration.json launch_argv)
GM,0001467858,STATIC_626_MANIFEST,,True,False,False,False,,,no stored Form 4,,,,N/A not polled,0,0,0,,0,0,,,,INTENTIONALLY_OUT_OF_SCOPE,RC1 release launch spec excludes --enable-broad-discovery (release_freeze_preflight/13_full_day_launch_command.md; v2_final_release_acceptance/release_candidate_configuration.json launch_argv)
GNRC,0001474735,STATIC_626_MANIFEST,,True,False,False,False,,,no stored Form 4,,,,N/A not polled,0,0,0,,0,0,,,,INTENTIONALLY_OUT_OF_SCOPE,RC1 release launch spec excludes --enable-broad-discovery (release_freeze_preflight/13_full_day_launch_command.md; v2_final_release_acceptance/release_candidate_configuration.json launch_argv)
GOOG,0001652044,STATIC_626_MANIFEST,GOOGL,True,False,False,False,,,not polled since broad collection stopped; last Form 4 ingested 2026-09-04T12:50:48,,,,N/A not polled,0,0,0,,0,0,2024-06-18,2026-09-04T12:50:48,,INTENTIONALLY_OUT_OF_SCOPE,RC1 release launch spec excludes --enable-broad-discovery (release_freeze_preflight/13_full_day_launch_command.md; v2_final_release_acceptance/release_candidate_configuration.json launch_argv)
GOOGL,0001652044,STATIC_626_MANIFEST,GOOG,True,True,True,True,2026-10-07T17:36:01.559422+00:00,2026-10-07T17:36:01.559422+00:00,"in every one of 4637 all-success poll cycles (symbols_polled=39, symbols_failed=0) since 2026-09-24T04:22Z; 12 partial-failure cycles are not symbol-attributed",2026-09-03,True,none attributable (cycle counters only),FRESH (source_freshness SEC_EDGAR_SUBMISSIONS; global),7,29,29,YES,0,0,2026-10-02,2026-10-02T22:07:43,,CONFIGURED_AND_SUCCESSFULLY_POLLED_WITH_FILINGS,V2 execution allowlist = intelligence resolve_watchlist POLLED (run.py --execution-scope resolved-active-watchlist)
GPC,0000040987,STATIC_626_MANIFEST,,True,False,False,False,,,no stored Form 4,,,,N/A not polled,0,0,0,,0,0,,,,INTENTIONALLY_OUT_OF_SCOPE,RC1 release launch spec excludes --enable-broad-discovery (release_freeze_preflight/13_full_day_launch_command.md; v2_final_release_acceptance/release_candidate_configuration.json launch_argv)
GPN,0001123360,STATIC_626_MANIFEST,,True,False,False,False,,,no stored Form 4,,,,N/A not polled,0,0,0,,0,0,,,,INTENTIONALLY_OUT_OF_SCOPE,RC1 release launch spec excludes --enable-broad-discovery (release_freeze_preflight/13_full_day_launch_command.md; v2_final_release_acceptance/release_candidate_configuration.json launch_argv)
GPS,,UNRESOLVED,,True,False,False,False,,,no stored Form 4,,,,N/A not polled,0,0,0,,0,0,,,,IDENTITY_UNRESOLVED,626 static CIK manifest: unresolved; and out of RC1 scope (RC1 release launch spec excludes --enable-broad-discovery (release_freeze_preflight/13_full_day_launch_command.md; v2_final_release_acceptance/release_candidate_configuration.json launch_argv))
GRMN,0001121788,STATIC_626_MANIFEST,,True,False,False,False,,,no stored Form 4,,,,N/A not polled,0,0,0,,0,0,,,,INTENTIONALLY_OUT_OF_SCOPE,RC1 release launch spec excludes --enable-broad-discovery (release_freeze_preflight/13_full_day_launch_command.md; v2_final_release_acceptance/release_candidate_configuration.json launch_argv)
GS,0000886982,STATIC_626_MANIFEST,,True,False,False,False,,,no stored Form 4,,,,N/A not polled,0,0,0,,0,0,,,,INTENTIONALLY_OUT_OF_SCOPE,RC1 release launch spec excludes --enable-broad-discovery (release_freeze_preflight/13_full_day_launch_command.md; v2_final_release_acceptance/release_candidate_configuration.json launch_argv)
GWW,0000277135,STATIC_626_MANIFEST,,True,False,False,False,,,no stored Form 4,,,,N/A not polled,0,0,0,,0,0,,,,INTENTIONALLY_OUT_OF_SCOPE,RC1 release launch spec excludes --enable-broad-discovery (release_freeze_preflight/13_full_day_launch_command.md; v2_final_release_acceptance/release_candidate_configuration.json launch_argv)
HAL,0000045012,STATIC_626_MANIFEST,,True,False,False,False,,,no stored Form 4,,,,N/A not polled,0,0,0,,0,0,,,,INTENTIONALLY_OUT_OF_SCOPE,RC1 release launch spec excludes --enable-broad-discovery (release_freeze_preflight/13_full_day_launch_command.md; v2_final_release_acceptance/release_candidate_configuration.json launch_argv)
HAS,0000046080,STATIC_626_MANIFEST,,True,False,False,False,,,no stored Form 4,,,,N/A not polled,0,0,0,,0,0,,,,INTENTIONALLY_OUT_OF_SCOPE,RC1 release launch spec excludes --enable-broad-discovery (release_freeze_preflight/13_full_day_launch_command.md; v2_final_release_acceptance/release_candidate_configuration.json launch_argv)
HBAN,0000049196,STATIC_626_MANIFEST,,True,False,False,False,,,no stored Form 4,,,,N/A not polled,0,0,0,,0,0,,,,INTENTIONALLY_OUT_OF_SCOPE,RC1 release launch spec excludes --enable-broad-discovery (release_freeze_preflight/13_full_day_launch_command.md; v2_final_release_acceptance/release_candidate_configuration.json launch_argv)
HBI,,UNRESOLVED,,True,False,False,False,,,no stored Form 4,,,,N/A not polled,0,0,0,,0,0,,,,IDENTITY_UNRESOLVED,626 static CIK manifest: unresolved; and out of RC1 scope (RC1 release launch spec excludes --enable-broad-discovery (release_freeze_preflight/13_full_day_launch_command.md; v2_final_release_acceptance/release_candidate_configuration.json launch_argv))
HCA,0000860730,STATIC_626_MANIFEST,,True,False,False,False,,,not polled since broad collection stopped; last Form 4 ingested 2026-09-04T11:33:22,,,,N/A not polled,0,0,0,,0,0,2025-03-28,2026-09-04T11:33:22,,INTENTIONALLY_OUT_OF_SCOPE,RC1 release launch spec excludes --enable-broad-discovery (release_freeze_preflight/13_full_day_launch_command.md; v2_final_release_acceptance/release_candidate_configuration.json launch_argv)
HD,0000354950,STATIC_626_MANIFEST,,True,False,False,False,,,no stored Form 4,,,,N/A not polled,0,0,0,,0,0,,,,INTENTIONALLY_OUT_OF_SCOPE,RC1 release launch spec excludes --enable-broad-discovery (release_freeze_preflight/13_full_day_launch_command.md; v2_final_release_acceptance/release_candidate_configuration.json launch_argv)
HES,,UNRESOLVED,,True,False,False,False,,,no stored Form 4,,,,N/A not polled,0,0,0,,0,0,,,,IDENTITY_UNRESOLVED,626 static CIK manifest: unresolved; and out of RC1 scope (RC1 release launch spec excludes --enable-broad-discovery (release_freeze_preflight/13_full_day_launch_command.md; v2_final_release_acceptance/release_candidate_configuration.json launch_argv))
HIG,0000874766,STATIC_626_MANIFEST,,True,False,False,False,,,no stored Form 4,,,,N/A not polled,0,0,0,,0,0,,,,INTENTIONALLY_OUT_OF_SCOPE,RC1 release launch spec excludes --enable-broad-discovery (release_freeze_preflight/13_full_day_launch_command.md; v2_final_release_acceptance/release_candidate_configuration.json launch_argv)
HII,0001501585,STATIC_626_MANIFEST,,True,False,False,False,,,no stored Form 4,,,,N/A not polled,0,0,0,,0,0,,,,INTENTIONALLY_OUT_OF_SCOPE,RC1 release launch spec excludes --enable-broad-discovery (release_freeze_preflight/13_full_day_launch_command.md; v2_final_release_acceptance/release_candidate_configuration.json launch_argv)
HLT,0001585689,STATIC_626_MANIFEST,,True,False,False,False,,,no stored Form 4,,,,N/A not polled,0,0,0,,0,0,,,,INTENTIONALLY_OUT_OF_SCOPE,RC1 release launch spec excludes --enable-broad-discovery (release_freeze_preflight/13_full_day_launch_command.md; v2_final_release_acceptance/release_candidate_configuration.json launch_argv)
HOG,0000793952,STATIC_626_MANIFEST,,True,False,False,False,,,no stored Form 4,,,,N/A not polled,0,0,0,,0,0,,,,INTENTIONALLY_OUT_OF_SCOPE,RC1 release launch spec excludes --enable-broad-discovery (release_freeze_preflight/13_full_day_launch_command.md; v2_final_release_acceptance/release_candidate_configuration.json launch_argv)
HOLX,,UNRESOLVED,,True,False,False,False,,,no stored Form 4,,,,N/A not polled,0,0,0,,0,0,,,,IDENTITY_UNRESOLVED,626 static CIK manifest: unresolved; and out of RC1 scope (RC1 release launch spec excludes --enable-broad-discovery (release_freeze_preflight/13_full_day_launch_command.md; v2_final_release_acceptance/release_candidate_configuration.json launch_argv))
HON,0000773840,STATIC_626_MANIFEST,,True,False,False,False,,,no stored Form 4,,,,N/A not polled,0,0,0,,0,0,,,,INTENTIONALLY_OUT_OF_SCOPE,RC1 release launch spec excludes --enable-broad-discovery (release_freeze_preflight/13_full_day_launch_command.md; v2_final_release_acceptance/release_candidate_configuration.json launch_argv)
HONA,0002089271,STATIC_626_MANIFEST,,True,False,False,False,,,no stored Form 4,,,,N/A not polled,0,0,0,,0,0,,,,INTENTIONALLY_OUT_OF_SCOPE,RC1 release launch spec excludes --enable-broad-discovery (release_freeze_preflight/13_full_day_launch_command.md; v2_final_release_acceptance/release_candidate_configuration.json launch_argv)
HOOD,0001783879,STATIC_626_MANIFEST,,True,False,False,False,,,no stored Form 4,,,,N/A not polled,0,0,0,,0,0,,,,INTENTIONALLY_OUT_OF_SCOPE,RC1 release launch spec excludes --enable-broad-discovery (release_freeze_preflight/13_full_day_launch_command.md; v2_final_release_acceptance/release_candidate_configuration.json launch_argv)
HP,0000046765,STATIC_626_MANIFEST,,True,False,False,False,,,no stored Form 4,,,,N/A not polled,0,0,0,,0,0,,,,INTENTIONALLY_OUT_OF_SCOPE,RC1 release launch spec excludes --enable-broad-discovery (release_freeze_preflight/13_full_day_launch_command.md; v2_final_release_acceptance/release_candidate_configuration.json launch_argv)
HPE,0001645590,STATIC_626_MANIFEST,,True,False,False,False,,,no stored Form 4,,,,N/A not polled,0,0,0,,0,0,,,,INTENTIONALLY_OUT_OF_SCOPE,RC1 release launch spec excludes --enable-broad-discovery (release_freeze_preflight/13_full_day_launch_command.md; v2_final_release_acceptance/release_candidate_configuration.json launch_argv)
HPQ,0000047217,STATIC_626_MANIFEST,,True,False,False,False,,,no stored Form 4,,,,N/A not polled,0,0,0,,0,0,,,,INTENTIONALLY_OUT_OF_SCOPE,RC1 release launch spec excludes --enable-broad-discovery (release_freeze_preflight/13_full_day_launch_command.md; v2_final_release_acceptance/release_candidate_configuration.json launch_argv)
HRB,0000012659,STATIC_626_MANIFEST,,True,False,False,False,,,no stored Form 4,,,,N/A not polled,0,0,0,,0,0,,,,INTENTIONALLY_OUT_OF_SCOPE,RC1 release launch spec excludes --enable-broad-discovery (release_freeze_preflight/13_full_day_launch_command.md; v2_final_release_acceptance/release_candidate_configuration.json launch_argv)
HRL,0000048465,STATIC_626_MANIFEST,,True,False,False,False,,,no stored Form 4,,,,N/A not polled,0,0,0,,0,0,,,,INTENTIONALLY_OUT_OF_SCOPE,RC1 release launch spec excludes --enable-broad-discovery (release_freeze_preflight/13_full_day_launch_command.md; v2_final_release_acceptance/release_candidate_configuration.json launch_argv)
HSIC,0001000228,STATIC_626_MANIFEST,,True,False,False,False,,,no stored Form 4,,,,N/A not polled,0,0,0,,0,0,,,,INTENTIONALLY_OUT_OF_SCOPE,RC1 release launch spec excludes --enable-broad-discovery (release_freeze_preflight/13_full_day_launch_command.md; v2_final_release_acceptance/release_candidate_configuration.json launch_argv)
HST,0001070750,STATIC_626_MANIFEST,,True,False,False,False,,,no stored Form 4,,,,N/A not polled,0,0,0,,0,0,,,,INTENTIONALLY_OUT_OF_SCOPE,RC1 release launch spec excludes --enable-broad-discovery (release_freeze_preflight/13_full_day_launch_command.md; v2_final_release_acceptance/release_candidate_configuration.json launch_argv)
HSY,0000047111,STATIC_626_MANIFEST,,True,False,False,False,,,no stored Form 4,,,,N/A not polled,0,0,0,,0,0,,,,INTENTIONALLY_OUT_OF_SCOPE,RC1 release launch spec excludes --enable-broad-discovery (release_freeze_preflight/13_full_day_launch_command.md; v2_final_release_acceptance/release_candidate_configuration.json launch_argv)
HUBB,0000048898,STATIC_626_MANIFEST,,True,False,False,False,,,no stored Form 4,,,,N/A not polled,0,0,0,,0,0,,,,INTENTIONALLY_OUT_OF_SCOPE,RC1 release launch spec excludes --enable-broad-discovery (release_freeze_preflight/13_full_day_launch_command.md; v2_final_release_acceptance/release_candidate_configuration.json launch_argv)
HUM,0000049071,STATIC_626_MANIFEST,,True,False,False,False,,,no stored Form 4,,,,N/A not polled,0,0,0,,0,0,,,,INTENTIONALLY_OUT_OF_SCOPE,RC1 release launch spec excludes --enable-broad-discovery (release_freeze_preflight/13_full_day_launch_command.md; v2_final_release_acceptance/release_candidate_configuration.json launch_argv)
HWM,0000004281,STATIC_626_MANIFEST,,True,False,False,False,,,no stored Form 4,,,,N/A not polled,0,0,0,,0,0,,,,INTENTIONALLY_OUT_OF_SCOPE,RC1 release launch spec excludes --enable-broad-discovery (release_freeze_preflight/13_full_day_launch_command.md; v2_final_release_acceptance/release_candidate_configuration.json launch_argv)
IBKR,0001381197,STATIC_626_MANIFEST,,True,False,False,False,,,no stored Form 4,,,,N/A not polled,0,0,0,,0,0,,,,INTENTIONALLY_OUT_OF_SCOPE,RC1 release launch spec excludes --enable-broad-discovery (release_freeze_preflight/13_full_day_launch_command.md; v2_final_release_acceptance/release_candidate_configuration.json launch_argv)
IBM,0000051143,STATIC_626_MANIFEST,,True,True,True,True,2026-10-07T17:36:01.559422+00:00,2026-10-07T17:36:01.559422+00:00,"in every one of 4637 all-success poll cycles (symbols_polled=39, symbols_failed=0) since 2026-09-24T04:22Z; 12 partial-failure cycles are not symbol-attributed",2026-08-28,True,none attributable (cycle counters only),FRESH (source_freshness SEC_EDGAR_SUBMISSIONS; global),12,14,14,YES,0,0,2026-10-01,2026-10-01T20:36:25,,CONFIGURED_AND_SUCCESSFULLY_POLLED_WITH_FILINGS,V2 execution allowlist = intelligence resolve_watchlist POLLED (run.py --execution-scope resolved-active-watchlist)
ICE,0001571949,STATIC_626_MANIFEST,,True,False,False,False,,,no stored Form 4,,,,N/A not polled,0,0,0,,0,0,,,,INTENTIONALLY_OUT_OF_SCOPE,RC1 release launch spec excludes --enable-broad-discovery (release_freeze_preflight/13_full_day_launch_command.md; v2_final_release_acceptance/release_candidate_configuration.json launch_argv)
IDXX,0000874716,STATIC_626_MANIFEST,,True,False,False,False,,,no stored Form 4,,,,N/A not polled,0,0,0,,0,0,,,,INTENTIONALLY_OUT_OF_SCOPE,RC1 release launch spec excludes --enable-broad-discovery (release_freeze_preflight/13_full_day_launch_command.md; v2_final_release_acceptance/release_candidate_configuration.json launch_argv)
IEX,0000832101,STATIC_626_MANIFEST,,True,False,False,False,,,no stored Form 4,,,,N/A not polled,0,0,0,,0,0,,,,INTENTIONALLY_OUT_OF_SCOPE,RC1 release launch spec excludes --enable-broad-discovery (release_freeze_preflight/13_full_day_launch_command.md; v2_final_release_acceptance/release_candidate_configuration.json launch_argv)
IFF,0000051253,STATIC_626_MANIFEST,,True,False,False,False,,,no stored Form 4,,,,N/A not polled,0,0,0,,0,0,,,,INTENTIONALLY_OUT_OF_SCOPE,RC1 release launch spec excludes --enable-broad-discovery (release_freeze_preflight/13_full_day_launch_command.md; v2_final_release_acceptance/release_candidate_configuration.json launch_argv)
ILMN,0001110803,STATIC_626_MANIFEST,,True,False,False,False,,,no stored Form 4,,,,N/A not polled,0,0,0,,0,0,,,,INTENTIONALLY_OUT_OF_SCOPE,RC1 release launch spec excludes --enable-broad-discovery (release_freeze_preflight/13_full_day_launch_command.md; v2_final_release_acceptance/release_candidate_configuration.json launch_argv)
INCY,0000879169,STATIC_626_MANIFEST,,True,False,False,False,,,no stored Form 4,,,,N/A not polled,0,0,0,,0,0,,,,INTENTIONALLY_OUT_OF_SCOPE,RC1 release launch spec excludes --enable-broad-discovery (release_freeze_preflight/13_full_day_launch_command.md; v2_final_release_acceptance/release_candidate_configuration.json launch_argv)
INFO,,UNRESOLVED,,True,False,False,False,,,no stored Form 4,,,,N/A not polled,0,0,0,,0,0,,,,IDENTITY_UNRESOLVED,626 static CIK manifest: unresolved; and out of RC1 scope (RC1 release launch spec excludes --enable-broad-discovery (release_freeze_preflight/13_full_day_launch_command.md; v2_final_release_acceptance/release_candidate_configuration.json launch_argv))
INTC,0000050863,STATIC_626_MANIFEST,,True,True,True,True,2026-10-07T17:36:01.559422+00:00,2026-10-07T17:36:01.559422+00:00,"in every one of 4637 all-success poll cycles (symbols_polled=39, symbols_failed=0) since 2026-09-24T04:22Z; 12 partial-failure cycles are not symbol-attributed",2026-08-14,True,none attributable (cycle counters only),FRESH (source_freshness SEC_EDGAR_SUBMISSIONS; global),0,0,0,,0,0,2026-08-14,2026-09-04T12:55:27,,CONFIGURED_AND_SUCCESSFULLY_POLLED_NO_FILINGS,V2 execution allowlist = intelligence resolve_watchlist POLLED (run.py --execution-scope resolved-active-watchlist)
INTU,0000896878,STATIC_626_MANIFEST,,True,False,False,False,,,no stored Form 4,,,,N/A not polled,0,0,0,,0,0,,,,INTENTIONALLY_OUT_OF_SCOPE,RC1 release launch spec excludes --enable-broad-discovery (release_freeze_preflight/13_full_day_launch_command.md; v2_final_release_acceptance/release_candidate_configuration.json launch_argv)
INVH,0001687229,STATIC_626_MANIFEST,,True,False,False,False,,,no stored Form 4,,,,N/A not polled,0,0,0,,0,0,,,,INTENTIONALLY_OUT_OF_SCOPE,RC1 release launch spec excludes --enable-broad-discovery (release_freeze_preflight/13_full_day_launch_command.md; v2_final_release_acceptance/release_candidate_configuration.json launch_argv)
IP,0000051434,STATIC_626_MANIFEST,,True,False,False,False,,,no stored Form 4,,,,N/A not polled,0,0,0,,0,0,,,,INTENTIONALLY_OUT_OF_SCOPE,RC1 release launch spec excludes --enable-broad-discovery (release_freeze_preflight/13_full_day_launch_command.md; v2_final_release_acceptance/release_candidate_configuration.json launch_argv)
IPG,,UNRESOLVED,,True,False,False,False,,,no stored Form 4,,,,N/A not polled,0,0,0,,0,0,,,,IDENTITY_UNRESOLVED,626 static CIK manifest: unresolved; and out of RC1 scope (RC1 release launch spec excludes --enable-broad-discovery (release_freeze_preflight/13_full_day_launch_command.md; v2_final_release_acceptance/release_candidate_configuration.json launch_argv))
IPGP,0001111928,STATIC_626_MANIFEST,,True,False,False,False,,,no stored Form 4,,,,N/A not polled,0,0,0,,0,0,,,,INTENTIONALLY_OUT_OF_SCOPE,RC1 release launch spec excludes --enable-broad-discovery (release_freeze_preflight/13_full_day_launch_command.md; v2_final_release_acceptance/release_candidate_configuration.json launch_argv)
IQV,0001478242,STATIC_626_MANIFEST,,True,False,False,False,,,no stored Form 4,,,,N/A not polled,0,0,0,,0,0,,,,INTENTIONALLY_OUT_OF_SCOPE,RC1 release launch spec excludes --enable-broad-discovery (release_freeze_preflight/13_full_day_launch_command.md; v2_final_release_acceptance/release_candidate_configuration.json launch_argv)
IR,0001699150,STATIC_626_MANIFEST,,True,False,False,False,,,no stored Form 4,,,,N/A not polled,0,0,0,,0,0,,,,INTENTIONALLY_OUT_OF_SCOPE,RC1 release launch spec excludes --enable-broad-discovery (release_freeze_preflight/13_full_day_launch_command.md; v2_final_release_acceptance/release_candidate_configuration.json launch_argv)
IRM,0001020569,STATIC_626_MANIFEST,,True,False,False,False,,,no stored Form 4,,,,N/A not polled,0,0,0,,0,0,,,,INTENTIONALLY_OUT_OF_SCOPE,RC1 release launch spec excludes --enable-broad-discovery (release_freeze_preflight/13_full_day_launch_command.md; v2_final_release_acceptance/release_candidate_configuration.json launch_argv)
ISRG,0001035267,STATIC_626_MANIFEST,,True,False,False,False,,,no stored Form 4,,,,N/A not polled,0,0,0,,0,0,,,,INTENTIONALLY_OUT_OF_SCOPE,RC1 release launch spec excludes --enable-broad-discovery (release_freeze_preflight/13_full_day_launch_command.md; v2_final_release_acceptance/release_candidate_configuration.json launch_argv)
IT,0000749251,STATIC_626_MANIFEST,,True,False,False,False,,,no stored Form 4,,,,N/A not polled,0,0,0,,0,0,,,,INTENTIONALLY_OUT_OF_SCOPE,RC1 release launch spec excludes --enable-broad-discovery (release_freeze_preflight/13_full_day_launch_command.md; v2_final_release_acceptance/release_candidate_configuration.json launch_argv)
ITW,0000049826,STATIC_626_MANIFEST,,True,False,False,False,,,no stored Form 4,,,,N/A not polled,0,0,0,,0,0,,,,INTENTIONALLY_OUT_OF_SCOPE,RC1 release launch spec excludes --enable-broad-discovery (release_freeze_preflight/13_full_day_launch_command.md; v2_final_release_acceptance/release_candidate_configuration.json launch_argv)
IVZ,0000914208,STATIC_626_MANIFEST,,True,False,False,False,,,no stored Form 4,,,,N/A not polled,0,0,0,,0,0,,,,INTENTIONALLY_OUT_OF_SCOPE,RC1 release launch spec excludes --enable-broad-discovery (release_freeze_preflight/13_full_day_launch_command.md; v2_final_release_acceptance/release_candidate_configuration.json launch_argv)
J,0000052988,STATIC_626_MANIFEST,,True,False,False,False,,,no stored Form 4,,,,N/A not polled,0,0,0,,0,0,,,,INTENTIONALLY_OUT_OF_SCOPE,RC1 release launch spec excludes --enable-broad-discovery (release_freeze_preflight/13_full_day_launch_command.md; v2_final_release_acceptance/release_candidate_configuration.json launch_argv)
JBHT,0000728535,STATIC_626_MANIFEST,,True,False,False,False,,,no stored Form 4,,,,N/A not polled,0,0,0,,0,0,,,,INTENTIONALLY_OUT_OF_SCOPE,RC1 release launch spec excludes --enable-broad-discovery (release_freeze_preflight/13_full_day_launch_command.md; v2_final_release_acceptance/release_candidate_configuration.json launch_argv)
JBL,0000898293,STATIC_626_MANIFEST,,True,False,False,False,,,no stored Form 4,,,,N/A not polled,0,0,0,,0,0,,,,INTENTIONALLY_OUT_OF_SCOPE,RC1 release launch spec excludes --enable-broad-discovery (release_freeze_preflight/13_full_day_launch_command.md; v2_final_release_acceptance/release_candidate_configuration.json launch_argv)
JCI,0000833444,STATIC_626_MANIFEST,,True,False,False,False,,,no stored Form 4,,,,N/A not polled,0,0,0,,0,0,,,,INTENTIONALLY_OUT_OF_SCOPE,RC1 release launch spec excludes --enable-broad-discovery (release_freeze_preflight/13_full_day_launch_command.md; v2_final_release_acceptance/release_candidate_configuration.json launch_argv)
JKHY,0000779152,STATIC_626_MANIFEST,,True,False,False,False,,,no stored Form 4,,,,N/A not polled,0,0,0,,0,0,,,,INTENTIONALLY_OUT_OF_SCOPE,RC1 release launch spec excludes --enable-broad-discovery (release_freeze_preflight/13_full_day_launch_command.md; v2_final_release_acceptance/release_candidate_configuration.json launch_argv)
JNJ,0000200406,STATIC_626_MANIFEST,,True,True,True,True,2026-10-07T17:36:01.559422+00:00,2026-10-07T17:36:01.559422+00:00,"in every one of 4637 all-success poll cycles (symbols_polled=39, symbols_failed=0) since 2026-09-24T04:22Z; 12 partial-failure cycles are not symbol-attributed",2026-08-18,True,none attributable (cycle counters only),FRESH (source_freshness SEC_EDGAR_SUBMISSIONS; global),0,4,4,YES,0,0,2026-09-10,2026-09-11T08:12:08,,CONFIGURED_AND_SUCCESSFULLY_POLLED_NO_FILINGS,V2 execution allowlist = intelligence resolve_watchlist POLLED (run.py --execution-scope resolved-active-watchlist)
JPM,0000019617,STATIC_626_MANIFEST,,True,True,True,True,2026-10-07T17:36:01.559422+00:00,2026-10-07T17:36:01.559422+00:00,"in every one of 4637 all-success poll cycles (symbols_polled=39, symbols_failed=0) since 2026-09-24T04:22Z; 12 partial-failure cycles are not symbol-attributed",2026-08-11,True,none attributable (cycle counters only),FRESH (source_freshness SEC_EDGAR_SUBMISSIONS; global),4,5,5,YES,0,0,2026-10-01,2026-10-01T20:19:42,,CONFIGURED_AND_SUCCESSFULLY_POLLED_WITH_FILINGS,V2 execution allowlist = intelligence resolve_watchlist POLLED (run.py --execution-scope resolved-active-watchlist)
JWN,,UNRESOLVED,,True,False,False,False,,,no stored Form 4,,,,N/A not polled,0,0,0,,0,0,,,,IDENTITY_UNRESOLVED,626 static CIK manifest: unresolved; and out of RC1 scope (RC1 release launch spec excludes --enable-broad-discovery (release_freeze_preflight/13_full_day_launch_command.md; v2_final_release_acceptance/release_candidate_configuration.json launch_argv))
K,,UNRESOLVED,,True,False,False,False,,,no stored Form 4,,,,N/A not polled,0,0,0,,0,0,,,,IDENTITY_UNRESOLVED,626 static CIK manifest: unresolved; and out of RC1 scope (RC1 release launch spec excludes --enable-broad-discovery (release_freeze_preflight/13_full_day_launch_command.md; v2_final_release_acceptance/release_candidate_configuration.json launch_argv))
KDP,0001418135,STATIC_626_MANIFEST,,True,False,False,False,,,no stored Form 4,,,,N/A not polled,0,0,0,,0,0,,,,INTENTIONALLY_OUT_OF_SCOPE,RC1 release launch spec excludes --enable-broad-discovery (release_freeze_preflight/13_full_day_launch_command.md; v2_final_release_acceptance/release_candidate_configuration.json launch_argv)
KEY,0000091576,STATIC_626_MANIFEST,,True,False,False,False,,,no stored Form 4,,,,N/A not polled,0,0,0,,0,0,,,,INTENTIONALLY_OUT_OF_SCOPE,RC1 release launch spec excludes --enable-broad-discovery (release_freeze_preflight/13_full_day_launch_command.md; v2_final_release_acceptance/release_candidate_configuration.json launch_argv)
KEYS,0001601046,STATIC_626_MANIFEST,,True,False,False,False,,,no stored Form 4,,,,N/A not polled,0,0,0,,0,0,,,,INTENTIONALLY_OUT_OF_SCOPE,RC1 release launch spec excludes --enable-broad-discovery (release_freeze_preflight/13_full_day_launch_command.md; v2_final_release_acceptance/release_candidate_configuration.json launch_argv)
KHC,0001637459,STATIC_626_MANIFEST,,True,False,False,False,,,no stored Form 4,,,,N/A not polled,0,0,0,,0,0,,,,INTENTIONALLY_OUT_OF_SCOPE,RC1 release launch spec excludes --enable-broad-discovery (release_freeze_preflight/13_full_day_launch_command.md; v2_final_release_acceptance/release_candidate_configuration.json launch_argv)
KIM,0000879101,STATIC_626_MANIFEST,,True,False,False,False,,,no stored Form 4,,,,N/A not polled,0,0,0,,0,0,,,,INTENTIONALLY_OUT_OF_SCOPE,RC1 release launch spec excludes --enable-broad-discovery (release_freeze_preflight/13_full_day_launch_command.md; v2_final_release_acceptance/release_candidate_configuration.json launch_argv)
KKR,0001404912,STATIC_626_MANIFEST,,True,False,False,False,,,no stored Form 4,,,,N/A not polled,0,0,0,,0,0,,,,INTENTIONALLY_OUT_OF_SCOPE,RC1 release launch spec excludes --enable-broad-discovery (release_freeze_preflight/13_full_day_launch_command.md; v2_final_release_acceptance/release_candidate_configuration.json launch_argv)
KLAC,0000319201,STATIC_626_MANIFEST,,True,False,False,False,,,no stored Form 4,,,,N/A not polled,0,0,0,,0,0,,,,INTENTIONALLY_OUT_OF_SCOPE,RC1 release launch spec excludes --enable-broad-discovery (release_freeze_preflight/13_full_day_launch_command.md; v2_final_release_acceptance/release_candidate_configuration.json launch_argv)
KMB,0000055785,STATIC_626_MANIFEST,,True,False,False,False,,,no stored Form 4,,,,N/A not polled,0,0,0,,0,0,,,,INTENTIONALLY_OUT_OF_SCOPE,RC1 release launch spec excludes --enable-broad-discovery (release_freeze_preflight/13_full_day_launch_command.md; v2_final_release_acceptance/release_candidate_configuration.json launch_argv)
KMI,0001506307,STATIC_626_MANIFEST,,True,False,False,False,,,no stored Form 4,,,,N/A not polled,0,0,0,,0,0,,,,INTENTIONALLY_OUT_OF_SCOPE,RC1 release launch spec excludes --enable-broad-discovery (release_freeze_preflight/13_full_day_launch_command.md; v2_final_release_acceptance/release_candidate_configuration.json launch_argv)
KMX,0001170010,STATIC_626_MANIFEST,,True,False,False,False,,,no stored Form 4,,,,N/A not polled,0,0,0,,0,0,,,,INTENTIONALLY_OUT_OF_SCOPE,RC1 release launch spec excludes --enable-broad-discovery (release_freeze_preflight/13_full_day_launch_command.md; v2_final_release_acceptance/release_candidate_configuration.json launch_argv)
KO,0000021344,STATIC_626_MANIFEST,,True,True,True,True,2026-10-07T17:36:01.559422+00:00,2026-10-07T17:36:01.559422+00:00,"in every one of 4637 all-success poll cycles (symbols_polled=39, symbols_failed=0) since 2026-09-24T04:22Z; 12 partial-failure cycles are not symbol-attributed",2026-08-24,True,none attributable (cycle counters only),FRESH (source_freshness SEC_EDGAR_SUBMISSIONS; global),0,1,1,YES,0,0,2026-08-24,2026-09-04T13:18:07,,CONFIGURED_AND_SUCCESSFULLY_POLLED_NO_FILINGS,V2 execution allowlist = intelligence resolve_watchlist POLLED (run.py --execution-scope resolved-active-watchlist)
KR,0000056873,STATIC_626_MANIFEST,,True,False,False,False,,,no stored Form 4,,,,N/A not polled,0,0,0,,0,0,,,,INTENTIONALLY_OUT_OF_SCOPE,RC1 release launch spec excludes --enable-broad-discovery (release_freeze_preflight/13_full_day_launch_command.md; v2_final_release_acceptance/release_candidate_configuration.json launch_argv)
KSS,0000885639,STATIC_626_MANIFEST,,True,False,False,False,,,no stored Form 4,,,,N/A not polled,0,0,0,,0,0,,,,INTENTIONALLY_OUT_OF_SCOPE,RC1 release launch spec excludes --enable-broad-discovery (release_freeze_preflight/13_full_day_launch_command.md; v2_final_release_acceptance/release_candidate_configuration.json launch_argv)
KSU,,UNRESOLVED,,True,False,False,False,,,no stored Form 4,,,,N/A not polled,0,0,0,,0,0,,,,IDENTITY_UNRESOLVED,626 static CIK manifest: unresolved; and out of RC1 scope (RC1 release launch spec excludes --enable-broad-discovery (release_freeze_preflight/13_full_day_launch_command.md; v2_final_release_acceptance/release_candidate_configuration.json launch_argv))
KVUE,0001944048,STATIC_626_MANIFEST,,True,False,False,False,,,no stored Form 4,,,,N/A not polled,0,0,0,,0,0,,,,INTENTIONALLY_OUT_OF_SCOPE,RC1 release launch spec excludes --enable-broad-discovery (release_freeze_preflight/13_full_day_launch_command.md; v2_final_release_acceptance/release_candidate_configuration.json launch_argv)
L,0000060086,STATIC_626_MANIFEST,,True,False,False,False,,,no stored Form 4,,,,N/A not polled,0,0,0,,0,0,,,,INTENTIONALLY_OUT_OF_SCOPE,RC1 release launch spec excludes --enable-broad-discovery (release_freeze_preflight/13_full_day_launch_command.md; v2_final_release_acceptance/release_candidate_configuration.json launch_argv)
LB,0001995807,STATIC_626_MANIFEST,,True,False,False,False,,,no stored Form 4,,,,N/A not polled,0,0,0,,0,0,,,,INTENTIONALLY_OUT_OF_SCOPE,RC1 release launch spec excludes --enable-broad-discovery (release_freeze_preflight/13_full_day_launch_command.md; v2_final_release_acceptance/release_candidate_configuration.json launch_argv)
LDOS,0001336920,STATIC_626_MANIFEST,,True,False,False,False,,,no stored Form 4,,,,N/A not polled,0,0,0,,0,0,,,,INTENTIONALLY_OUT_OF_SCOPE,RC1 release launch spec excludes --enable-broad-discovery (release_freeze_preflight/13_full_day_launch_command.md; v2_final_release_acceptance/release_candidate_configuration.json launch_argv)
LEG,,UNRESOLVED,,True,False,False,False,,,no stored Form 4,,,,N/A not polled,0,0,0,,0,0,,,,IDENTITY_UNRESOLVED,626 static CIK manifest: unresolved; and out of RC1 scope (RC1 release launch spec excludes --enable-broad-discovery (release_freeze_preflight/13_full_day_launch_command.md; v2_final_release_acceptance/release_candidate_configuration.json launch_argv))
LEN,0000920760,STATIC_626_MANIFEST,,True,False,False,False,,,no stored Form 4,,,,N/A not polled,0,0,0,,0,0,,,,INTENTIONALLY_OUT_OF_SCOPE,RC1 release launch spec excludes --enable-broad-discovery (release_freeze_preflight/13_full_day_launch_command.md; v2_final_release_acceptance/release_candidate_configuration.json launch_argv)
LH,0000920148,STATIC_626_MANIFEST,,True,False,False,False,,,no stored Form 4,,,,N/A not polled,0,0,0,,0,0,,,,INTENTIONALLY_OUT_OF_SCOPE,RC1 release launch spec excludes --enable-broad-discovery (release_freeze_preflight/13_full_day_launch_command.md; v2_final_release_acceptance/release_candidate_configuration.json launch_argv)
LHX,0000202058,STATIC_626_MANIFEST,,True,False,False,False,,,no stored Form 4,,,,N/A not polled,0,0,0,,0,0,,,,INTENTIONALLY_OUT_OF_SCOPE,RC1 release launch spec excludes --enable-broad-discovery (release_freeze_preflight/13_full_day_launch_command.md; v2_final_release_acceptance/release_candidate_configuration.json launch_argv)
LII,0001069202,STATIC_626_MANIFEST,,True,False,False,False,,,no stored Form 4,,,,N/A not polled,0,0,0,,0,0,,,,INTENTIONALLY_OUT_OF_SCOPE,RC1 release launch spec excludes --enable-broad-discovery (release_freeze_preflight/13_full_day_launch_command.md; v2_final_release_acceptance/release_candidate_configuration.json launch_argv)
LIN,0001707925,STATIC_626_MANIFEST,,True,False,False,False,,,no stored Form 4,,,,N/A not polled,0,0,0,,0,0,,,,INTENTIONALLY_OUT_OF_SCOPE,RC1 release launch spec excludes --enable-broad-discovery (release_freeze_preflight/13_full_day_launch_command.md; v2_final_release_acceptance/release_candidate_configuration.json launch_argv)
LITE,0001633978,STATIC_626_MANIFEST,,True,False,False,False,,,no stored Form 4,,,,N/A not polled,0,0,0,,0,0,,,,INTENTIONALLY_OUT_OF_SCOPE,RC1 release launch spec excludes --enable-broad-discovery (release_freeze_preflight/13_full_day_launch_command.md; v2_final_release_acceptance/release_candidate_configuration.json launch_argv)
LKQ,0001065696,STATIC_626_MANIFEST,,True,False,False,False,,,no stored Form 4,,,,N/A not polled,0,0,0,,0,0,,,,INTENTIONALLY_OUT_OF_SCOPE,RC1 release launch spec excludes --enable-broad-discovery (release_freeze_preflight/13_full_day_launch_command.md; v2_final_release_acceptance/release_candidate_configuration.json launch_argv)
LLY,0000059478,STATIC_626_MANIFEST,,True,False,False,False,,,no stored Form 4,,,,N/A not polled,0,0,0,,0,0,,,,INTENTIONALLY_OUT_OF_SCOPE,RC1 release launch spec excludes --enable-broad-discovery (release_freeze_preflight/13_full_day_launch_command.md; v2_final_release_acceptance/release_candidate_configuration.json launch_argv)
LMT,0000936468,STATIC_626_MANIFEST,,True,False,False,False,,,no stored Form 4,,,,N/A not polled,0,0,0,,0,0,,,,INTENTIONALLY_OUT_OF_SCOPE,RC1 release launch spec excludes --enable-broad-discovery (release_freeze_preflight/13_full_day_launch_command.md; v2_final_release_acceptance/release_candidate_configuration.json launch_argv)
LNC,0000059558,STATIC_626_MANIFEST,,True,False,False,False,,,no stored Form 4,,,,N/A not polled,0,0,0,,0,0,,,,INTENTIONALLY_OUT_OF_SCOPE,RC1 release launch spec excludes --enable-broad-discovery (release_freeze_preflight/13_full_day_launch_command.md; v2_final_release_acceptance/release_candidate_configuration.json launch_argv)
LNT,0000352541,STATIC_626_MANIFEST,,True,False,False,False,,,no stored Form 4,,,,N/A not polled,0,0,0,,0,0,,,,INTENTIONALLY_OUT_OF_SCOPE,RC1 release launch spec excludes --enable-broad-discovery (release_freeze_preflight/13_full_day_launch_command.md; v2_final_release_acceptance/release_candidate_configuration.json launch_argv)
LOW,0000060667,STATIC_626_MANIFEST,,True,False,False,False,,,no stored Form 4,,,,N/A not polled,0,0,0,,0,0,,,,INTENTIONALLY_OUT_OF_SCOPE,RC1 release launch spec excludes --enable-broad-discovery (release_freeze_preflight/13_full_day_launch_command.md; v2_final_release_acceptance/release_candidate_configuration.json launch_argv)
LRCX,0000707549,STATIC_626_MANIFEST,,True,False,False,False,,,no stored Form 4,,,,N/A not polled,0,0,0,,0,0,,,,INTENTIONALLY_OUT_OF_SCOPE,RC1 release launch spec excludes --enable-broad-discovery (release_freeze_preflight/13_full_day_launch_command.md; v2_final_release_acceptance/release_candidate_configuration.json launch_argv)
LULU,0001397187,STATIC_626_MANIFEST,,True,False,False,False,,,no stored Form 4,,,,N/A not polled,0,0,0,,0,0,,,,INTENTIONALLY_OUT_OF_SCOPE,RC1 release launch spec excludes --enable-broad-discovery (release_freeze_preflight/13_full_day_launch_command.md; v2_final_release_acceptance/release_candidate_configuration.json launch_argv)
LUMN,0000018926,STATIC_626_MANIFEST,,True,False,False,False,,,no stored Form 4,,,,N/A not polled,0,0,0,,0,0,,,,INTENTIONALLY_OUT_OF_SCOPE,RC1 release launch spec excludes --enable-broad-discovery (release_freeze_preflight/13_full_day_launch_command.md; v2_final_release_acceptance/release_candidate_configuration.json launch_argv)
LUV,0000092380,STATIC_626_MANIFEST,,True,False,False,False,,,no stored Form 4,,,,N/A not polled,0,0,0,,0,0,,,,INTENTIONALLY_OUT_OF_SCOPE,RC1 release launch spec excludes --enable-broad-discovery (release_freeze_preflight/13_full_day_launch_command.md; v2_final_release_acceptance/release_candidate_configuration.json launch_argv)
LVS,0001300514,STATIC_626_MANIFEST,,True,False,False,False,,,no stored Form 4,,,,N/A not polled,0,0,0,,0,0,,,,INTENTIONALLY_OUT_OF_SCOPE,RC1 release launch spec excludes --enable-broad-discovery (release_freeze_preflight/13_full_day_launch_command.md; v2_final_release_acceptance/release_candidate_configuration.json launch_argv)
LW,0001679273,STATIC_626_MANIFEST,,True,False,False,False,,,no stored Form 4,,,,N/A not polled,0,0,0,,0,0,,,,INTENTIONALLY_OUT_OF_SCOPE,RC1 release launch spec excludes --enable-broad-discovery (release_freeze_preflight/13_full_day_launch_command.md; v2_final_release_acceptance/release_candidate_configuration.json launch_argv)
LYB,0001489393,STATIC_626_MANIFEST,,True,False,False,False,,,no stored Form 4,,,,N/A not polled,0,0,0,,0,0,,,,INTENTIONALLY_OUT_OF_SCOPE,RC1 release launch spec excludes --enable-broad-discovery (release_freeze_preflight/13_full_day_launch_command.md; v2_final_release_acceptance/release_candidate_configuration.json launch_argv)
LYV,0001335258,STATIC_626_MANIFEST,,True,False,False,False,,,no stored Form 4,,,,N/A not polled,0,0,0,,0,0,,,,INTENTIONALLY_OUT_OF_SCOPE,RC1 release launch spec excludes --enable-broad-discovery (release_freeze_preflight/13_full_day_launch_command.md; v2_final_release_acceptance/release_candidate_configuration.json launch_argv)
M,0000794367,STATIC_626_MANIFEST,,True,False,False,False,,,no stored Form 4,,,,N/A not polled,0,0,0,,0,0,,,,INTENTIONALLY_OUT_OF_SCOPE,RC1 release launch spec excludes --enable-broad-discovery (release_freeze_preflight/13_full_day_launch_command.md; v2_final_release_acceptance/release_candidate_configuration.json launch_argv)
MA,0001141391,STATIC_626_MANIFEST,,True,True,True,True,2026-10-07T17:36:01.559422+00:00,2026-10-07T17:36:01.559422+00:00,"in every one of 4637 all-success poll cycles (symbols_polled=39, symbols_failed=0) since 2026-09-24T04:22Z; 12 partial-failure cycles are not symbol-attributed",2026-09-03,True,none attributable (cycle counters only),FRESH (source_freshness SEC_EDGAR_SUBMISSIONS; global),5,7,7,YES,0,0,2026-10-05,2026-10-05T20:13:49,,CONFIGURED_AND_SUCCESSFULLY_POLLED_WITH_FILINGS,V2 execution allowlist = intelligence resolve_watchlist POLLED (run.py --execution-scope resolved-active-watchlist)
MAA,0000912595,STATIC_626_MANIFEST,,True,False,False,False,,,no stored Form 4,,,,N/A not polled,0,0,0,,0,0,,,,INTENTIONALLY_OUT_OF_SCOPE,RC1 release launch spec excludes --enable-broad-discovery (release_freeze_preflight/13_full_day_launch_command.md; v2_final_release_acceptance/release_candidate_configuration.json launch_argv)
MAR,0001048286,STATIC_626_MANIFEST,,True,False,False,False,,,no stored Form 4,,,,N/A not polled,0,0,0,,0,0,,,,INTENTIONALLY_OUT_OF_SCOPE,RC1 release launch spec excludes --enable-broad-discovery (release_freeze_preflight/13_full_day_launch_command.md; v2_final_release_acceptance/release_candidate_configuration.json launch_argv)
MAS,0000062996,STATIC_626_MANIFEST,,True,False,False,False,,,no stored Form 4,,,,N/A not polled,0,0,0,,0,0,,,,INTENTIONALLY_OUT_OF_SCOPE,RC1 release launch spec excludes --enable-broad-discovery (release_freeze_preflight/13_full_day_launch_command.md; v2_final_release_acceptance/release_candidate_configuration.json launch_argv)
MCD,0000063908,STATIC_626_MANIFEST,,True,True,True,True,2026-10-07T17:36:01.559422+00:00,2026-10-07T17:36:01.559422+00:00,"in every one of 4637 all-success poll cycles (symbols_polled=39, symbols_failed=0) since 2026-09-24T04:22Z; 12 partial-failure cycles are not symbol-attributed",2026-08-11,True,none attributable (cycle counters only),FRESH (source_freshness SEC_EDGAR_SUBMISSIONS; global),3,3,3,YES,0,0,2026-10-02,2026-10-02T19:15:44,,CONFIGURED_AND_SUCCESSFULLY_POLLED_WITH_FILINGS,V2 execution allowlist = intelligence resolve_watchlist POLLED (run.py --execution-scope resolved-active-watchlist)
MCHP,0000827054,STATIC_626_MANIFEST,,True,False,False,False,,,no stored Form 4,,,,N/A not polled,0,0,0,,0,0,,,,INTENTIONALLY_OUT_OF_SCOPE,RC1 release launch spec excludes --enable-broad-discovery (release_freeze_preflight/13_full_day_launch_command.md; v2_final_release_acceptance/release_candidate_configuration.json launch_argv)
MCK,0000927653,STATIC_626_MANIFEST,,True,False,False,False,,,no stored Form 4,,,,N/A not polled,0,0,0,,0,0,,,,INTENTIONALLY_OUT_OF_SCOPE,RC1 release launch spec excludes --enable-broad-discovery (release_freeze_preflight/13_full_day_launch_command.md; v2_final_release_acceptance/release_candidate_configuration.json launch_argv)
MCO,0001059556,STATIC_626_MANIFEST,,True,False,False,False,,,no stored Form 4,,,,N/A not polled,0,0,0,,0,0,,,,INTENTIONALLY_OUT_OF_SCOPE,RC1 release launch spec excludes --enable-broad-discovery (release_freeze_preflight/13_full_day_launch_command.md; v2_final_release_acceptance/release_candidate_configuration.json launch_argv)
MDLZ,0001103982,STATIC_626_MANIFEST,,True,False,False,False,,,no stored Form 4,,,,N/A not polled,0,0,0,,0,0,,,,INTENTIONALLY_OUT_OF_SCOPE,RC1 release launch spec excludes --enable-broad-discovery (release_freeze_preflight/13_full_day_launch_command.md; v2_final_release_acceptance/release_candidate_configuration.json launch_argv)
MDT,0001613103,STATIC_626_MANIFEST,,True,False,False,False,,,no stored Form 4,,,,N/A not polled,0,0,0,,0,0,,,,INTENTIONALLY_OUT_OF_SCOPE,RC1 release launch spec excludes --enable-broad-discovery (release_freeze_preflight/13_full_day_launch_command.md; v2_final_release_acceptance/release_candidate_configuration.json launch_argv)
MET,0001099219,STATIC_626_MANIFEST,,True,False,False,False,,,no stored Form 4,,,,N/A not polled,0,0,0,,0,0,,,,INTENTIONALLY_OUT_OF_SCOPE,RC1 release launch spec excludes --enable-broad-discovery (release_freeze_preflight/13_full_day_launch_command.md; v2_final_release_acceptance/release_candidate_configuration.json launch_argv)
META,0001326801,STATIC_626_MANIFEST,,True,False,False,False,,,no stored Form 4,,,,N/A not polled,0,0,0,,0,0,,,,INTENTIONALLY_OUT_OF_SCOPE,RC1 release launch spec excludes --enable-broad-discovery (release_freeze_preflight/13_full_day_launch_command.md; v2_final_release_acceptance/release_candidate_configuration.json launch_argv)
MGM,0000789570,STATIC_626_MANIFEST,,True,False,False,False,,,no stored Form 4,,,,N/A not polled,0,0,0,,0,0,,,,INTENTIONALLY_OUT_OF_SCOPE,RC1 release launch spec excludes --enable-broad-discovery (release_freeze_preflight/13_full_day_launch_command.md; v2_final_release_acceptance/release_candidate_configuration.json launch_argv)
MHK,0000851968,STATIC_626_MANIFEST,,True,False,False,False,,,no stored Form 4,,,,N/A not polled,0,0,0,,0,0,,,,INTENTIONALLY_OUT_OF_SCOPE,RC1 release launch spec excludes --enable-broad-discovery (release_freeze_preflight/13_full_day_launch_command.md; v2_final_release_acceptance/release_candidate_configuration.json launch_argv)
MKC,0000063754,STATIC_626_MANIFEST,,True,False,False,False,,,no stored Form 4,,,,N/A not polled,0,0,0,,0,0,,,,INTENTIONALLY_OUT_OF_SCOPE,RC1 release launch spec excludes --enable-broad-discovery (release_freeze_preflight/13_full_day_launch_command.md; v2_final_release_acceptance/release_candidate_configuration.json launch_argv)
MKTX,0001278021,STATIC_626_MANIFEST,,True,False,False,False,,,no stored Form 4,,,,N/A not polled,0,0,0,,0,0,,,,INTENTIONALLY_OUT_OF_SCOPE,RC1 release launch spec excludes --enable-broad-discovery (release_freeze_preflight/13_full_day_launch_command.md; v2_final_release_acceptance/release_candidate_configuration.json launch_argv)
MLM,0000916076,STATIC_626_MANIFEST,,True,False,False,False,,,no stored Form 4,,,,N/A not polled,0,0,0,,0,0,,,,INTENTIONALLY_OUT_OF_SCOPE,RC1 release launch spec excludes --enable-broad-discovery (release_freeze_preflight/13_full_day_launch_command.md; v2_final_release_acceptance/release_candidate_configuration.json launch_argv)
MMM,0000066740,STATIC_626_MANIFEST,,True,False,False,False,,,no stored Form 4,,,,N/A not polled,0,0,0,,0,0,,,,INTENTIONALLY_OUT_OF_SCOPE,RC1 release launch spec excludes --enable-broad-discovery (release_freeze_preflight/13_full_day_launch_command.md; v2_final_release_acceptance/release_candidate_configuration.json launch_argv)
MNST,0000865752,STATIC_626_MANIFEST,,True,False,False,False,,,no stored Form 4,,,,N/A not polled,0,0,0,,0,0,,,,INTENTIONALLY_OUT_OF_SCOPE,RC1 release launch spec excludes --enable-broad-discovery (release_freeze_preflight/13_full_day_launch_command.md; v2_final_release_acceptance/release_candidate_configuration.json launch_argv)
MO,0000764180,STATIC_626_MANIFEST,,True,False,False,False,,,no stored Form 4,,,,N/A not polled,0,0,0,,0,0,,,,INTENTIONALLY_OUT_OF_SCOPE,RC1 release launch spec excludes --enable-broad-discovery (release_freeze_preflight/13_full_day_launch_command.md; v2_final_release_acceptance/release_candidate_configuration.json launch_argv)
MOH,0001179929,STATIC_626_MANIFEST,,True,False,False,False,,,no stored Form 4,,,,N/A not polled,0,0,0,,0,0,,,,INTENTIONALLY_OUT_OF_SCOPE,RC1 release launch spec excludes --enable-broad-discovery (release_freeze_preflight/13_full_day_launch_command.md; v2_final_release_acceptance/release_candidate_configuration.json launch_argv)
MOS,0001285785,STATIC_626_MANIFEST,,True,False,False,False,,,no stored Form 4,,,,N/A not polled,0,0,0,,0,0,,,,INTENTIONALLY_OUT_OF_SCOPE,RC1 release launch spec excludes --enable-broad-discovery (release_freeze_preflight/13_full_day_launch_command.md; v2_final_release_acceptance/release_candidate_configuration.json launch_argv)
MPC,0001510295,STATIC_626_MANIFEST,,True,False,False,False,,,no stored Form 4,,,,N/A not polled,0,0,0,,0,0,,,,INTENTIONALLY_OUT_OF_SCOPE,RC1 release launch spec excludes --enable-broad-discovery (release_freeze_preflight/13_full_day_launch_command.md; v2_final_release_acceptance/release_candidate_configuration.json launch_argv)
MPWR,0001280452,STATIC_626_MANIFEST,,True,False,False,False,,,no stored Form 4,,,,N/A not polled,0,0,0,,0,0,,,,INTENTIONALLY_OUT_OF_SCOPE,RC1 release launch spec excludes --enable-broad-discovery (release_freeze_preflight/13_full_day_launch_command.md; v2_final_release_acceptance/release_candidate_configuration.json launch_argv)
MRK,0000310158,STATIC_626_MANIFEST,,True,False,False,False,,,no stored Form 4,,,,N/A not polled,0,0,0,,0,0,,,,INTENTIONALLY_OUT_OF_SCOPE,RC1 release launch spec excludes --enable-broad-discovery (release_freeze_preflight/13_full_day_launch_command.md; v2_final_release_acceptance/release_candidate_configuration.json launch_argv)
MRNA,0001682852,STATIC_626_MANIFEST,,True,False,False,False,,,no stored Form 4,,,,N/A not polled,0,0,0,,0,0,,,,INTENTIONALLY_OUT_OF_SCOPE,RC1 release launch spec excludes --enable-broad-discovery (release_freeze_preflight/13_full_day_launch_command.md; v2_final_release_acceptance/release_candidate_configuration.json launch_argv)
MRO,,UNRESOLVED,,True,False,False,False,,,no stored Form 4,,,,N/A not polled,0,0,0,,0,0,,,,IDENTITY_UNRESOLVED,626 static CIK manifest: unresolved; and out of RC1 scope (RC1 release launch spec excludes --enable-broad-discovery (release_freeze_preflight/13_full_day_launch_command.md; v2_final_release_acceptance/release_candidate_configuration.json launch_argv))
MRSH,0000062709,STATIC_626_MANIFEST,,True,False,False,False,,,no stored Form 4,,,,N/A not polled,0,0,0,,0,0,,,,INTENTIONALLY_OUT_OF_SCOPE,RC1 release launch spec excludes --enable-broad-discovery (release_freeze_preflight/13_full_day_launch_command.md; v2_final_release_acceptance/release_candidate_configuration.json launch_argv)
MRVL,0001835632,STATIC_626_MANIFEST,,True,False,False,False,,,no stored Form 4,,,,N/A not polled,0,0,0,,0,0,,,,INTENTIONALLY_OUT_OF_SCOPE,RC1 release launch spec excludes --enable-broad-discovery (release_freeze_preflight/13_full_day_launch_command.md; v2_final_release_acceptance/release_candidate_configuration.json launch_argv)
MS,0000895421,STATIC_626_MANIFEST,,True,False,False,False,,,no stored Form 4,,,,N/A not polled,0,0,0,,0,0,,,,INTENTIONALLY_OUT_OF_SCOPE,RC1 release launch spec excludes --enable-broad-discovery (release_freeze_preflight/13_full_day_launch_command.md; v2_final_release_acceptance/release_candidate_configuration.json launch_argv)
MSCI,0001408198,STATIC_626_MANIFEST,,True,False,False,False,,,no stored Form 4,,,,N/A not polled,0,0,0,,0,0,,,,INTENTIONALLY_OUT_OF_SCOPE,RC1 release launch spec excludes --enable-broad-discovery (release_freeze_preflight/13_full_day_launch_command.md; v2_final_release_acceptance/release_candidate_configuration.json launch_argv)
MSFT,0000789019,STATIC_626_MANIFEST,,True,True,True,True,2026-10-07T17:36:01.559422+00:00,2026-10-07T17:36:01.559422+00:00,"in every one of 4637 all-success poll cycles (symbols_polled=39, symbols_failed=0) since 2026-09-24T04:22Z; 12 partial-failure cycles are not symbol-attributed",2026-09-02,True,none attributable (cycle counters only),FRESH (source_freshness SEC_EDGAR_SUBMISSIONS; global),0,39,39,YES,0,0,2026-09-17,2026-09-21T18:48:26,,CONFIGURED_AND_SUCCESSFULLY_POLLED_NO_FILINGS,V2 execution allowlist = intelligence resolve_watchlist POLLED (run.py --execution-scope resolved-active-watchlist)
MSI,0000068505,STATIC_626_MANIFEST,,True,False,False,False,,,no stored Form 4,,,,N/A not polled,0,0,0,,0,0,,,,INTENTIONALLY_OUT_OF_SCOPE,RC1 release launch spec excludes --enable-broad-discovery (release_freeze_preflight/13_full_day_launch_command.md; v2_final_release_acceptance/release_candidate_configuration.json launch_argv)
MSTR,0001050446,STATIC_626_MANIFEST,,True,True,True,True,2026-10-07T17:36:01.559422+00:00,2026-10-07T17:36:01.559422+00:00,"in every one of 4637 all-success poll cycles (symbols_polled=39, symbols_failed=0) since 2026-09-24T04:22Z; 12 partial-failure cycles are not symbol-attributed",2026-08-31,True,none attributable (cycle counters only),FRESH (source_freshness SEC_EDGAR_SUBMISSIONS; global),2,5,5,YES,0,0,2026-09-23,2026-09-23T20:05:21,,CONFIGURED_AND_SUCCESSFULLY_POLLED_WITH_FILINGS,V2 execution allowlist = intelligence resolve_watchlist POLLED (run.py --execution-scope resolved-active-watchlist)
MTB,0000036270,STATIC_626_MANIFEST,,True,False,False,False,,,no stored Form 4,,,,N/A not polled,0,0,0,,0,0,,,,INTENTIONALLY_OUT_OF_SCOPE,RC1 release launch spec excludes --enable-broad-discovery (release_freeze_preflight/13_full_day_launch_command.md; v2_final_release_acceptance/release_candidate_configuration.json launch_argv)
MTCH,0000891103,STATIC_626_MANIFEST,,True,False,False,False,,,no stored Form 4,,,,N/A not polled,0,0,0,,0,0,,,,INTENTIONALLY_OUT_OF_SCOPE,RC1 release launch spec excludes --enable-broad-discovery (release_freeze_preflight/13_full_day_launch_command.md; v2_final_release_acceptance/release_candidate_configuration.json launch_argv)
MTD,0001037646,STATIC_626_MANIFEST,,True,False,False,False,,,no stored Form 4,,,,N/A not polled,0,0,0,,0,0,,,,INTENTIONALLY_OUT_OF_SCOPE,RC1 release launch spec excludes --enable-broad-discovery (release_freeze_preflight/13_full_day_launch_command.md; v2_final_release_acceptance/release_candidate_configuration.json launch_argv)
MU,0000723125,STATIC_626_MANIFEST,,True,False,False,False,,,no stored Form 4,,,,N/A not polled,0,0,0,,0,0,,,,INTENTIONALLY_OUT_OF_SCOPE,RC1 release launch spec excludes --enable-broad-discovery (release_freeze_preflight/13_full_day_launch_command.md; v2_final_release_acceptance/release_candidate_configuration.json launch_argv)
MXIM,,UNRESOLVED,,True,False,False,False,,,no stored Form 4,,,,N/A not polled,0,0,0,,0,0,,,,IDENTITY_UNRESOLVED,626 static CIK manifest: unresolved; and out of RC1 scope (RC1 release launch spec excludes --enable-broad-discovery (release_freeze_preflight/13_full_day_launch_command.md; v2_final_release_acceptance/release_candidate_configuration.json launch_argv))
MYL,,UNRESOLVED,,True,False,False,False,,,no stored Form 4,,,,N/A not polled,0,0,0,,0,0,,,,IDENTITY_UNRESOLVED,626 static CIK manifest: unresolved; and out of RC1 scope (RC1 release launch spec excludes --enable-broad-discovery (release_freeze_preflight/13_full_day_launch_command.md; v2_final_release_acceptance/release_candidate_configuration.json launch_argv))
NBL,,UNRESOLVED,,True,False,False,False,,,no stored Form 4,,,,N/A not polled,0,0,0,,0,0,,,,IDENTITY_UNRESOLVED,626 static CIK manifest: unresolved; and out of RC1 scope (RC1 release launch spec excludes --enable-broad-discovery (release_freeze_preflight/13_full_day_launch_command.md; v2_final_release_acceptance/release_candidate_configuration.json launch_argv))
NCLH,0001513761,STATIC_626_MANIFEST,,True,False,False,False,,,no stored Form 4,,,,N/A not polled,0,0,0,,0,0,,,,INTENTIONALLY_OUT_OF_SCOPE,RC1 release launch spec excludes --enable-broad-discovery (release_freeze_preflight/13_full_day_launch_command.md; v2_final_release_acceptance/release_candidate_configuration.json launch_argv)
NDAQ,0001120193,STATIC_626_MANIFEST,,True,False,False,False,,,no stored Form 4,,,,N/A not polled,0,0,0,,0,0,,,,INTENTIONALLY_OUT_OF_SCOPE,RC1 release launch spec excludes --enable-broad-discovery (release_freeze_preflight/13_full_day_launch_command.md; v2_final_release_acceptance/release_candidate_configuration.json launch_argv)
NDSN,0000072331,STATIC_626_MANIFEST,,True,False,False,False,,,no stored Form 4,,,,N/A not polled,0,0,0,,0,0,,,,INTENTIONALLY_OUT_OF_SCOPE,RC1 release launch spec excludes --enable-broad-discovery (release_freeze_preflight/13_full_day_launch_command.md; v2_final_release_acceptance/release_candidate_configuration.json launch_argv)
NEE,0000753308,STATIC_626_MANIFEST,,True,False,False,False,,,no stored Form 4,,,,N/A not polled,0,0,0,,0,0,,,,INTENTIONALLY_OUT_OF_SCOPE,RC1 release launch spec excludes --enable-broad-discovery (release_freeze_preflight/13_full_day_launch_command.md; v2_final_release_acceptance/release_candidate_configuration.json launch_argv)
NEM,0001164727,STATIC_626_MANIFEST,,True,False,False,False,,,no stored Form 4,,,,N/A not polled,0,0,0,,0,0,,,,INTENTIONALLY_OUT_OF_SCOPE,RC1 release launch spec excludes --enable-broad-discovery (release_freeze_preflight/13_full_day_launch_command.md; v2_final_release_acceptance/release_candidate_configuration.json launch_argv)
NFLX,0001065280,STATIC_626_MANIFEST,,True,False,False,False,,,no stored Form 4,,,,N/A not polled,0,0,0,,0,0,,,,INTENTIONALLY_OUT_OF_SCOPE,RC1 release launch spec excludes --enable-broad-discovery (release_freeze_preflight/13_full_day_launch_command.md; v2_final_release_acceptance/release_candidate_configuration.json launch_argv)
NI,0001111711,STATIC_626_MANIFEST,,True,False,False,False,,,no stored Form 4,,,,N/A not polled,0,0,0,,0,0,,,,INTENTIONALLY_OUT_OF_SCOPE,RC1 release launch spec excludes --enable-broad-discovery (release_freeze_preflight/13_full_day_launch_command.md; v2_final_release_acceptance/release_candidate_configuration.json launch_argv)
NKE,0000320187,STATIC_626_MANIFEST,,True,False,False,False,,,no stored Form 4,,,,N/A not polled,0,0,0,,0,0,,,,INTENTIONALLY_OUT_OF_SCOPE,RC1 release launch spec excludes --enable-broad-discovery (release_freeze_preflight/13_full_day_launch_command.md; v2_final_release_acceptance/release_candidate_configuration.json launch_argv)
NLSN,,UNRESOLVED,,True,False,False,False,,,no stored Form 4,,,,N/A not polled,0,0,0,,0,0,,,,IDENTITY_UNRESOLVED,626 static CIK manifest: unresolved; and out of RC1 scope (RC1 release launch spec excludes --enable-broad-discovery (release_freeze_preflight/13_full_day_launch_command.md; v2_final_release_acceptance/release_candidate_configuration.json launch_argv))
NOC,0001133421,STATIC_626_MANIFEST,,True,False,False,False,,,no stored Form 4,,,,N/A not polled,0,0,0,,0,0,,,,INTENTIONALLY_OUT_OF_SCOPE,RC1 release launch spec excludes --enable-broad-discovery (release_freeze_preflight/13_full_day_launch_command.md; v2_final_release_acceptance/release_candidate_configuration.json launch_argv)
NOV,0001021860,STATIC_626_MANIFEST,,True,False,False,False,,,no stored Form 4,,,,N/A not polled,0,0,0,,0,0,,,,INTENTIONALLY_OUT_OF_SCOPE,RC1 release launch spec excludes --enable-broad-discovery (release_freeze_preflight/13_full_day_launch_command.md; v2_final_release_acceptance/release_candidate_configuration.json launch_argv)
NOW,0001373715,STATIC_626_MANIFEST,,True,False,False,False,,,no stored Form 4,,,,N/A not polled,0,0,0,,0,0,,,,INTENTIONALLY_OUT_OF_SCOPE,RC1 release launch spec excludes --enable-broad-discovery (release_freeze_preflight/13_full_day_launch_command.md; v2_final_release_acceptance/release_candidate_configuration.json launch_argv)
NRG,0001013871,STATIC_626_MANIFEST,,True,False,False,False,,,no stored Form 4,,,,N/A not polled,0,0,0,,0,0,,,,INTENTIONALLY_OUT_OF_SCOPE,RC1 release launch spec excludes --enable-broad-discovery (release_freeze_preflight/13_full_day_launch_command.md; v2_final_release_acceptance/release_candidate_configuration.json launch_argv)
NSC,0000702165,STATIC_626_MANIFEST,,True,False,False,False,,,no stored Form 4,,,,N/A not polled,0,0,0,,0,0,,,,INTENTIONALLY_OUT_OF_SCOPE,RC1 release launch spec excludes --enable-broad-discovery (release_freeze_preflight/13_full_day_launch_command.md; v2_final_release_acceptance/release_candidate_configuration.json launch_argv)
NTAP,0001002047,STATIC_626_MANIFEST,,True,False,False,False,,,no stored Form 4,,,,N/A not polled,0,0,0,,0,0,,,,INTENTIONALLY_OUT_OF_SCOPE,RC1 release launch spec excludes --enable-broad-discovery (release_freeze_preflight/13_full_day_launch_command.md; v2_final_release_acceptance/release_candidate_configuration.json launch_argv)
NTRS,0000073124,STATIC_626_MANIFEST,,True,False,False,False,,,no stored Form 4,,,,N/A not polled,0,0,0,,0,0,,,,INTENTIONALLY_OUT_OF_SCOPE,RC1 release launch spec excludes --enable-broad-discovery (release_freeze_preflight/13_full_day_launch_command.md; v2_final_release_acceptance/release_candidate_configuration.json launch_argv)
NUE,0000073309,STATIC_626_MANIFEST,,True,True,True,True,2026-10-07T17:36:01.559422+00:00,2026-10-07T17:36:01.559422+00:00,"in every one of 4637 all-success poll cycles (symbols_polled=39, symbols_failed=0) since 2026-09-24T04:22Z; 12 partial-failure cycles are not symbol-attributed",2026-08-19,True,none attributable (cycle counters only),FRESH (source_freshness SEC_EDGAR_SUBMISSIONS; global),0,0,0,,0,0,2026-08-19,2026-09-04T14:00:01,,CONFIGURED_AND_SUCCESSFULLY_POLLED_NO_FILINGS,V2 execution allowlist = intelligence resolve_watchlist POLLED (run.py --execution-scope resolved-active-watchlist)
NVDA,0001045810,STATIC_626_MANIFEST,,True,True,True,True,2026-10-07T17:36:01.559422+00:00,2026-10-07T17:36:01.559422+00:00,"in every one of 4637 all-success poll cycles (symbols_polled=39, symbols_failed=0) since 2026-09-24T04:22Z; 12 partial-failure cycles are not symbol-attributed",2026-09-02,True,none attributable (cycle counters only),FRESH (source_freshness SEC_EDGAR_SUBMISSIONS; global),2,13,13,YES,0,0,2026-09-23,2026-09-24T04:22:28,,CONFIGURED_AND_SUCCESSFULLY_POLLED_WITH_FILINGS,V2 execution allowlist = intelligence resolve_watchlist POLLED (run.py --execution-scope resolved-active-watchlist)
NVR,0000906163,STATIC_626_MANIFEST,,True,False,False,False,,,no stored Form 4,,,,N/A not polled,0,0,0,,0,0,,,,INTENTIONALLY_OUT_OF_SCOPE,RC1 release launch spec excludes --enable-broad-discovery (release_freeze_preflight/13_full_day_launch_command.md; v2_final_release_acceptance/release_candidate_configuration.json launch_argv)
NWL,0000814453,STATIC_626_MANIFEST,,True,False,False,False,,,no stored Form 4,,,,N/A not polled,0,0,0,,0,0,,,,INTENTIONALLY_OUT_OF_SCOPE,RC1 release launch spec excludes --enable-broad-discovery (release_freeze_preflight/13_full_day_launch_command.md; v2_final_release_acceptance/release_candidate_configuration.json launch_argv)
NWS,0001564708,STATIC_626_MANIFEST,NWSA,True,False,False,False,,,no stored Form 4,,,,N/A not polled,0,0,0,,0,0,,,,INTENTIONALLY_OUT_OF_SCOPE,RC1 release launch spec excludes --enable-broad-discovery (release_freeze_preflight/13_full_day_launch_command.md; v2_final_release_acceptance/release_candidate_configuration.json launch_argv)
NWSA,0001564708,STATIC_626_MANIFEST,NWS,True,False,False,False,,,no stored Form 4,,,,N/A not polled,0,0,0,,0,0,,,,INTENTIONALLY_OUT_OF_SCOPE,RC1 release launch spec excludes --enable-broad-discovery (release_freeze_preflight/13_full_day_launch_command.md; v2_final_release_acceptance/release_candidate_configuration.json launch_argv)
NXPI,0001413447,STATIC_626_MANIFEST,,True,False,False,False,,,no stored Form 4,,,,N/A not polled,0,0,0,,0,0,,,,INTENTIONALLY_OUT_OF_SCOPE,RC1 release launch spec excludes --enable-broad-discovery (release_freeze_preflight/13_full_day_launch_command.md; v2_final_release_acceptance/release_candidate_configuration.json launch_argv)
O,0000726728,STATIC_626_MANIFEST,,True,False,False,False,,,no stored Form 4,,,,N/A not polled,0,0,0,,0,0,,,,INTENTIONALLY_OUT_OF_SCOPE,RC1 release launch spec excludes --enable-broad-discovery (release_freeze_preflight/13_full_day_launch_command.md; v2_final_release_acceptance/release_candidate_configuration.json launch_argv)
ODFL,0000878927,STATIC_626_MANIFEST,,True,False,False,False,,,no stored Form 4,,,,N/A not polled,0,0,0,,0,0,,,,INTENTIONALLY_OUT_OF_SCOPE,RC1 release launch spec excludes --enable-broad-discovery (release_freeze_preflight/13_full_day_launch_command.md; v2_final_release_acceptance/release_candidate_configuration.json launch_argv)
OGN,0001821825,STATIC_626_MANIFEST,,True,False,False,False,,,no stored Form 4,,,,N/A not polled,0,0,0,,0,0,,,,INTENTIONALLY_OUT_OF_SCOPE,RC1 release launch spec excludes --enable-broad-discovery (release_freeze_preflight/13_full_day_launch_command.md; v2_final_release_acceptance/release_candidate_configuration.json launch_argv)
OKE,0001039684,STATIC_626_MANIFEST,,True,False,False,False,,,no stored Form 4,,,,N/A not polled,0,0,0,,0,0,,,,INTENTIONALLY_OUT_OF_SCOPE,RC1 release launch spec excludes --enable-broad-discovery (release_freeze_preflight/13_full_day_launch_command.md; v2_final_release_acceptance/release_candidate_configuration.json launch_argv)
OMC,0000029989,STATIC_626_MANIFEST,,True,False,False,False,,,no stored Form 4,,,,N/A not polled,0,0,0,,0,0,,,,INTENTIONALLY_OUT_OF_SCOPE,RC1 release launch spec excludes --enable-broad-discovery (release_freeze_preflight/13_full_day_launch_command.md; v2_final_release_acceptance/release_candidate_configuration.json launch_argv)
ON,0001097864,STATIC_626_MANIFEST,,True,False,False,False,,,no stored Form 4,,,,N/A not polled,0,0,0,,0,0,,,,INTENTIONALLY_OUT_OF_SCOPE,RC1 release launch spec excludes --enable-broad-discovery (release_freeze_preflight/13_full_day_launch_command.md; v2_final_release_acceptance/release_candidate_configuration.json launch_argv)
ORCL,0001341439,STATIC_626_MANIFEST,,True,True,True,True,2026-10-07T17:36:01.559422+00:00,2026-10-07T17:36:01.559422+00:00,"in every one of 4637 all-success poll cycles (symbols_polled=39, symbols_failed=0) since 2026-09-24T04:22Z; 12 partial-failure cycles are not symbol-attributed",2026-07-28,True,none attributable (cycle counters only),FRESH (source_freshness SEC_EDGAR_SUBMISSIONS; global),7,13,13,YES,1,1,2026-10-01,2026-10-01T21:45:11,,CONFIGURED_AND_SUCCESSFULLY_POLLED_WITH_FILINGS,V2 execution allowlist = intelligence resolve_watchlist POLLED (run.py --execution-scope resolved-active-watchlist)
ORLY,0000898173,STATIC_626_MANIFEST,,True,False,False,False,,,no stored Form 4,,,,N/A not polled,0,0,0,,0,0,,,,INTENTIONALLY_OUT_OF_SCOPE,RC1 release launch spec excludes --enable-broad-discovery (release_freeze_preflight/13_full_day_launch_command.md; v2_final_release_acceptance/release_candidate_configuration.json launch_argv)
OTIS,0001781335,STATIC_626_MANIFEST,,True,False,False,False,,,no stored Form 4,,,,N/A not polled,0,0,0,,0,0,,,,INTENTIONALLY_OUT_OF_SCOPE,RC1 release launch spec excludes --enable-broad-discovery (release_freeze_preflight/13_full_day_launch_command.md; v2_final_release_acceptance/release_candidate_configuration.json launch_argv)
OXY,0000797468,STATIC_626_MANIFEST,,True,False,False,False,,,no stored Form 4,,,,N/A not polled,0,0,0,,0,0,,,,INTENTIONALLY_OUT_OF_SCOPE,RC1 release launch spec excludes --enable-broad-discovery (release_freeze_preflight/13_full_day_launch_command.md; v2_final_release_acceptance/release_candidate_configuration.json launch_argv)
PANW,0001327567,STATIC_626_MANIFEST,,True,False,False,False,,,no stored Form 4,,,,N/A not polled,0,0,0,,0,0,,,,INTENTIONALLY_OUT_OF_SCOPE,RC1 release launch spec excludes --enable-broad-discovery (release_freeze_preflight/13_full_day_launch_command.md; v2_final_release_acceptance/release_candidate_configuration.json launch_argv)
PARA,0001826011,STATIC_626_MANIFEST,,True,False,False,False,,,no stored Form 4,,,,N/A not polled,0,0,0,,0,0,,,,INTENTIONALLY_OUT_OF_SCOPE,RC1 release launch spec excludes --enable-broad-discovery (release_freeze_preflight/13_full_day_launch_command.md; v2_final_release_acceptance/release_candidate_configuration.json launch_argv)
PATH,0001734722,LOCAL_COMPANY_TICKERS_CACHE,,False,False,True,False,,,not in effective_symbols; not polled,,,,N/A not polled,0,0,0,,0,0,,,,INTENTIONALLY_OUT_OF_SCOPE,watchlist status=paused: owner did not request a multi-day horizon here
PAYC,0001590955,STATIC_626_MANIFEST,,True,False,False,False,,,no stored Form 4,,,,N/A not polled,0,0,0,,0,0,,,,INTENTIONALLY_OUT_OF_SCOPE,RC1 release launch spec excludes --enable-broad-discovery (release_freeze_preflight/13_full_day_launch_command.md; v2_final_release_acceptance/release_candidate_configuration.json launch_argv)
PAYX,0000723531,STATIC_626_MANIFEST,,True,False,False,False,,,no stored Form 4,,,,N/A not polled,0,0,0,,0,0,,,,INTENTIONALLY_OUT_OF_SCOPE,RC1 release launch spec excludes --enable-broad-discovery (release_freeze_preflight/13_full_day_launch_command.md; v2_final_release_acceptance/release_candidate_configuration.json launch_argv)
PBCT,,UNRESOLVED,,True,False,False,False,,,no stored Form 4,,,,N/A not polled,0,0,0,,0,0,,,,IDENTITY_UNRESOLVED,626 static CIK manifest: unresolved; and out of RC1 scope (RC1 release launch spec excludes --enable-broad-discovery (release_freeze_preflight/13_full_day_launch_command.md; v2_final_release_acceptance/release_candidate_configuration.json launch_argv))
PCAR,0000075362,STATIC_626_MANIFEST,,True,False,False,False,,,no stored Form 4,,,,N/A not polled,0,0,0,,0,0,,,,INTENTIONALLY_OUT_OF_SCOPE,RC1 release launch spec excludes --enable-broad-discovery (release_freeze_preflight/13_full_day_launch_command.md; v2_final_release_acceptance/release_candidate_configuration.json launch_argv)
PCG,0001004980,STATIC_626_MANIFEST,,True,False,False,False,,,no stored Form 4,,,,N/A not polled,0,0,0,,0,0,,,,INTENTIONALLY_OUT_OF_SCOPE,RC1 release launch spec excludes --enable-broad-discovery (release_freeze_preflight/13_full_day_launch_command.md; v2_final_release_acceptance/release_candidate_configuration.json launch_argv)
PEG,0000788784,STATIC_626_MANIFEST,,True,False,False,False,,,no stored Form 4,,,,N/A not polled,0,0,0,,0,0,,,,INTENTIONALLY_OUT_OF_SCOPE,RC1 release launch spec excludes --enable-broad-discovery (release_freeze_preflight/13_full_day_launch_command.md; v2_final_release_acceptance/release_candidate_configuration.json launch_argv)
PENN,0000921738,STATIC_626_MANIFEST,,True,False,False,False,,,no stored Form 4,,,,N/A not polled,0,0,0,,0,0,,,,INTENTIONALLY_OUT_OF_SCOPE,RC1 release launch spec excludes --enable-broad-discovery (release_freeze_preflight/13_full_day_launch_command.md; v2_final_release_acceptance/release_candidate_configuration.json launch_argv)
PEP,0000077476,STATIC_626_MANIFEST,,True,False,False,False,,,no stored Form 4,,,,N/A not polled,0,0,0,,0,0,,,,INTENTIONALLY_OUT_OF_SCOPE,RC1 release launch spec excludes --enable-broad-discovery (release_freeze_preflight/13_full_day_launch_command.md; v2_final_release_acceptance/release_candidate_configuration.json launch_argv)
PFE,0000078003,STATIC_626_MANIFEST,,True,False,False,False,,,no stored Form 4,,,,N/A not polled,0,0,0,,0,0,,,,INTENTIONALLY_OUT_OF_SCOPE,RC1 release launch spec excludes --enable-broad-discovery (release_freeze_preflight/13_full_day_launch_command.md; v2_final_release_acceptance/release_candidate_configuration.json launch_argv)
PFG,0001126328,STATIC_626_MANIFEST,,True,False,False,False,,,no stored Form 4,,,,N/A not polled,0,0,0,,0,0,,,,INTENTIONALLY_OUT_OF_SCOPE,RC1 release launch spec excludes --enable-broad-discovery (release_freeze_preflight/13_full_day_launch_command.md; v2_final_release_acceptance/release_candidate_configuration.json launch_argv)
PG,0000080424,STATIC_626_MANIFEST,,True,True,True,True,2026-10-07T17:36:01.559422+00:00,2026-10-07T17:36:01.559422+00:00,"in every one of 4637 all-success poll cycles (symbols_polled=39, symbols_failed=0) since 2026-09-24T04:22Z; 12 partial-failure cycles are not symbol-attributed",2026-08-27,True,none attributable (cycle counters only),FRESH (source_freshness SEC_EDGAR_SUBMISSIONS; global),15,40,40,YES,0,0,2026-10-06,2026-10-06T20:25:21,,CONFIGURED_AND_SUCCESSFULLY_POLLED_WITH_FILINGS,V2 execution allowlist = intelligence resolve_watchlist POLLED (run.py --execution-scope resolved-active-watchlist)
PGR,0000080661,STATIC_626_MANIFEST,,True,False,False,False,,,no stored Form 4,,,,N/A not polled,0,0,0,,0,0,,,,INTENTIONALLY_OUT_OF_SCOPE,RC1 release launch spec excludes --enable-broad-discovery (release_freeze_preflight/13_full_day_launch_command.md; v2_final_release_acceptance/release_candidate_configuration.json launch_argv)
PH,0000076334,STATIC_626_MANIFEST,,True,False,False,False,,,no stored Form 4,,,,N/A not polled,0,0,0,,0,0,,,,INTENTIONALLY_OUT_OF_SCOPE,RC1 release launch spec excludes --enable-broad-discovery (release_freeze_preflight/13_full_day_launch_command.md; v2_final_release_acceptance/release_candidate_configuration.json launch_argv)
PHM,0000822416,STATIC_626_MANIFEST,,True,False,False,False,,,no stored Form 4,,,,N/A not polled,0,0,0,,0,0,,,,INTENTIONALLY_OUT_OF_SCOPE,RC1 release launch spec excludes --enable-broad-discovery (release_freeze_preflight/13_full_day_launch_command.md; v2_final_release_acceptance/release_candidate_configuration.json launch_argv)
PKG,0000075677,STATIC_626_MANIFEST,,True,False,False,False,,,no stored Form 4,,,,N/A not polled,0,0,0,,0,0,,,,INTENTIONALLY_OUT_OF_SCOPE,RC1 release launch spec excludes --enable-broad-discovery (release_freeze_preflight/13_full_day_launch_command.md; v2_final_release_acceptance/release_candidate_configuration.json launch_argv)
PLD,0001045609,STATIC_626_MANIFEST,,True,False,False,False,,,no stored Form 4,,,,N/A not polled,0,0,0,,0,0,,,,INTENTIONALLY_OUT_OF_SCOPE,RC1 release launch spec excludes --enable-broad-discovery (release_freeze_preflight/13_full_day_launch_command.md; v2_final_release_acceptance/release_candidate_configuration.json launch_argv)
PLTR,0001321655,STATIC_626_MANIFEST,,True,False,True,False,,,not in effective_symbols; not polled,,,,N/A not polled,0,0,0,,0,0,,,,INTENTIONALLY_OUT_OF_SCOPE,watchlist status=paused: owner did not request a multi-day horizon here
PM,0001413329,STATIC_626_MANIFEST,,True,False,False,False,,,no stored Form 4,,,,N/A not polled,0,0,0,,0,0,,,,INTENTIONALLY_OUT_OF_SCOPE,RC1 release launch spec excludes --enable-broad-discovery (release_freeze_preflight/13_full_day_launch_command.md; v2_final_release_acceptance/release_candidate_configuration.json launch_argv)
PNC,0000713676,STATIC_626_MANIFEST,,True,False,False,False,,,no stored Form 4,,,,N/A not polled,0,0,0,,0,0,,,,INTENTIONALLY_OUT_OF_SCOPE,RC1 release launch spec excludes --enable-broad-discovery (release_freeze_preflight/13_full_day_launch_command.md; v2_final_release_acceptance/release_candidate_configuration.json launch_argv)
PNR,0000077360,STATIC_626_MANIFEST,,True,False,False,False,,,no stored Form 4,,,,N/A not polled,0,0,0,,0,0,,,,INTENTIONALLY_OUT_OF_SCOPE,RC1 release launch spec excludes --enable-broad-discovery (release_freeze_preflight/13_full_day_launch_command.md; v2_final_release_acceptance/release_candidate_configuration.json launch_argv)
PNW,0000764622,STATIC_626_MANIFEST,,True,False,False,False,,,no stored Form 4,,,,N/A not polled,0,0,0,,0,0,,,,INTENTIONALLY_OUT_OF_SCOPE,RC1 release launch spec excludes --enable-broad-discovery (release_freeze_preflight/13_full_day_launch_command.md; v2_final_release_acceptance/release_candidate_configuration.json launch_argv)
PODD,0001145197,STATIC_626_MANIFEST,,True,False,False,False,,,no stored Form 4,,,,N/A not polled,0,0,0,,0,0,,,,INTENTIONALLY_OUT_OF_SCOPE,RC1 release launch spec excludes --enable-broad-discovery (release_freeze_preflight/13_full_day_launch_command.md; v2_final_release_acceptance/release_candidate_configuration.json launch_argv)
POOL,0000945841,STATIC_626_MANIFEST,,True,False,False,False,,,no stored Form 4,,,,N/A not polled,0,0,0,,0,0,,,,INTENTIONALLY_OUT_OF_SCOPE,RC1 release launch spec excludes --enable-broad-discovery (release_freeze_preflight/13_full_day_launch_command.md; v2_final_release_acceptance/release_candidate_configuration.json launch_argv)
PPG,0000079879,STATIC_626_MANIFEST,,True,False,False,False,,,no stored Form 4,,,,N/A not polled,0,0,0,,0,0,,,,INTENTIONALLY_OUT_OF_SCOPE,RC1 release launch spec excludes --enable-broad-discovery (release_freeze_preflight/13_full_day_launch_command.md; v2_final_release_acceptance/release_candidate_configuration.json launch_argv)
PPL,0000922224,STATIC_626_MANIFEST,,True,False,False,False,,,no stored Form 4,,,,N/A not polled,0,0,0,,0,0,,,,INTENTIONALLY_OUT_OF_SCOPE,RC1 release launch spec excludes --enable-broad-discovery (release_freeze_preflight/13_full_day_launch_command.md; v2_final_release_acceptance/release_candidate_configuration.json launch_argv)
PRGO,0001585364,STATIC_626_MANIFEST,,True,False,False,False,,,no stored Form 4,,,,N/A not polled,0,0,0,,0,0,,,,INTENTIONALLY_OUT_OF_SCOPE,RC1 release launch spec excludes --enable-broad-discovery (release_freeze_preflight/13_full_day_launch_command.md; v2_final_release_acceptance/release_candidate_configuration.json launch_argv)
PRU,0001137774,STATIC_626_MANIFEST,,True,False,False,False,,,no stored Form 4,,,,N/A not polled,0,0,0,,0,0,,,,INTENTIONALLY_OUT_OF_SCOPE,RC1 release launch spec excludes --enable-broad-discovery (release_freeze_preflight/13_full_day_launch_command.md; v2_final_release_acceptance/release_candidate_configuration.json launch_argv)
PSA,0001393311,STATIC_626_MANIFEST,,True,False,False,False,,,no stored Form 4,,,,N/A not polled,0,0,0,,0,0,,,,INTENTIONALLY_OUT_OF_SCOPE,RC1 release launch spec excludes --enable-broad-discovery (release_freeze_preflight/13_full_day_launch_command.md; v2_final_release_acceptance/release_candidate_configuration.json launch_argv)
PSX,0001534701,STATIC_626_MANIFEST,,True,False,False,False,,,no stored Form 4,,,,N/A not polled,0,0,0,,0,0,,,,INTENTIONALLY_OUT_OF_SCOPE,RC1 release launch spec excludes --enable-broad-discovery (release_freeze_preflight/13_full_day_launch_command.md; v2_final_release_acceptance/release_candidate_configuration.json launch_argv)
PTC,0000857005,STATIC_626_MANIFEST,,True,False,False,False,,,no stored Form 4,,,,N/A not polled,0,0,0,,0,0,,,,INTENTIONALLY_OUT_OF_SCOPE,RC1 release launch spec excludes --enable-broad-discovery (release_freeze_preflight/13_full_day_launch_command.md; v2_final_release_acceptance/release_candidate_configuration.json launch_argv)
PVH,0000078239,STATIC_626_MANIFEST,,True,False,False,False,,,no stored Form 4,,,,N/A not polled,0,0,0,,0,0,,,,INTENTIONALLY_OUT_OF_SCOPE,RC1 release launch spec excludes --enable-broad-discovery (release_freeze_preflight/13_full_day_launch_command.md; v2_final_release_acceptance/release_candidate_configuration.json launch_argv)
PWR,0001050915,STATIC_626_MANIFEST,,True,False,False,False,,,no stored Form 4,,,,N/A not polled,0,0,0,,0,0,,,,INTENTIONALLY_OUT_OF_SCOPE,RC1 release launch spec excludes --enable-broad-discovery (release_freeze_preflight/13_full_day_launch_command.md; v2_final_release_acceptance/release_candidate_configuration.json launch_argv)
PXD,,UNRESOLVED,,True,False,False,False,,,no stored Form 4,,,,N/A not polled,0,0,0,,0,0,,,,IDENTITY_UNRESOLVED,626 static CIK manifest: unresolved; and out of RC1 scope (RC1 release launch spec excludes --enable-broad-discovery (release_freeze_preflight/13_full_day_launch_command.md; v2_final_release_acceptance/release_candidate_configuration.json launch_argv))
PYPL,0001633917,STATIC_626_MANIFEST,,True,True,True,True,2026-10-07T17:36:01.559422+00:00,2026-10-07T17:36:01.559422+00:00,"in every one of 4637 all-success poll cycles (symbols_polled=39, symbols_failed=0) since 2026-09-24T04:22Z; 12 partial-failure cycles are not symbol-attributed",2026-09-03,True,none attributable (cycle counters only),FRESH (source_freshness SEC_EDGAR_SUBMISSIONS; global),0,9,9,YES,0,0,2026-09-16,2026-09-21T18:53:28,,CONFIGURED_AND_SUCCESSFULLY_POLLED_NO_FILINGS,V2 execution allowlist = intelligence resolve_watchlist POLLED (run.py --execution-scope resolved-active-watchlist)
Q,0002058873,STATIC_626_MANIFEST,,True,False,False,False,,,no stored Form 4,,,,N/A not polled,0,0,0,,0,0,,,,INTENTIONALLY_OUT_OF_SCOPE,RC1 release launch spec excludes --enable-broad-discovery (release_freeze_preflight/13_full_day_launch_command.md; v2_final_release_acceptance/release_candidate_configuration.json launch_argv)
QCOM,0000804328,STATIC_626_MANIFEST,,True,False,False,False,,,no stored Form 4,,,,N/A not polled,0,0,0,,0,0,,,,INTENTIONALLY_OUT_OF_SCOPE,RC1 release launch spec excludes --enable-broad-discovery (release_freeze_preflight/13_full_day_launch_command.md; v2_final_release_acceptance/release_candidate_configuration.json launch_argv)
QRVO,0001604778,STATIC_626_MANIFEST,,True,False,False,False,,,no stored Form 4,,,,N/A not polled,0,0,0,,0,0,,,,INTENTIONALLY_OUT_OF_SCOPE,RC1 release launch spec excludes --enable-broad-discovery (release_freeze_preflight/13_full_day_launch_command.md; v2_final_release_acceptance/release_candidate_configuration.json launch_argv)
RCL,0000884887,STATIC_626_MANIFEST,,True,False,False,False,,,no stored Form 4,,,,N/A not polled,0,0,0,,0,0,,,,INTENTIONALLY_OUT_OF_SCOPE,RC1 release launch spec excludes --enable-broad-discovery (release_freeze_preflight/13_full_day_launch_command.md; v2_final_release_acceptance/release_candidate_configuration.json launch_argv)
REG,0000910606,STATIC_626_MANIFEST,,True,False,False,False,,,no stored Form 4,,,,N/A not polled,0,0,0,,0,0,,,,INTENTIONALLY_OUT_OF_SCOPE,RC1 release launch spec excludes --enable-broad-discovery (release_freeze_preflight/13_full_day_launch_command.md; v2_final_release_acceptance/release_candidate_configuration.json launch_argv)
REGN,0000872589,STATIC_626_MANIFEST,,True,False,False,False,,,no stored Form 4,,,,N/A not polled,0,0,0,,0,0,,,,INTENTIONALLY_OUT_OF_SCOPE,RC1 release launch spec excludes --enable-broad-discovery (release_freeze_preflight/13_full_day_launch_command.md; v2_final_release_acceptance/release_candidate_configuration.json launch_argv)
RF,0001281761,STATIC_626_MANIFEST,,True,False,False,False,,,no stored Form 4,,,,N/A not polled,0,0,0,,0,0,,,,INTENTIONALLY_OUT_OF_SCOPE,RC1 release launch spec excludes --enable-broad-discovery (release_freeze_preflight/13_full_day_launch_command.md; v2_final_release_acceptance/release_candidate_configuration.json launch_argv)
RHI,0000315213,STATIC_626_MANIFEST,,True,False,False,False,,,no stored Form 4,,,,N/A not polled,0,0,0,,0,0,,,,INTENTIONALLY_OUT_OF_SCOPE,RC1 release launch spec excludes --enable-broad-discovery (release_freeze_preflight/13_full_day_launch_command.md; v2_final_release_acceptance/release_candidate_configuration.json launch_argv)
RIG,0001451505,LOCAL_COMPANY_TICKERS_CACHE,,False,False,True,False,,,not in effective_symbols; not polled,,,,N/A not polled,0,0,0,,0,0,,,,INTENTIONALLY_OUT_OF_SCOPE,watchlist status=paused: owner did not request a multi-day horizon here
RJF,0000720005,STATIC_626_MANIFEST,,True,False,False,False,,,no stored Form 4,,,,N/A not polled,0,0,0,,0,0,,,,INTENTIONALLY_OUT_OF_SCOPE,RC1 release launch spec excludes --enable-broad-discovery (release_freeze_preflight/13_full_day_launch_command.md; v2_final_release_acceptance/release_candidate_configuration.json launch_argv)
RL,0001037038,STATIC_626_MANIFEST,,True,False,False,False,,,no stored Form 4,,,,N/A not polled,0,0,0,,0,0,,,,INTENTIONALLY_OUT_OF_SCOPE,RC1 release launch spec excludes --enable-broad-discovery (release_freeze_preflight/13_full_day_launch_command.md; v2_final_release_acceptance/release_candidate_configuration.json launch_argv)
RMD,0000943819,STATIC_626_MANIFEST,,True,False,False,False,,,no stored Form 4,,,,N/A not polled,0,0,0,,0,0,,,,INTENTIONALLY_OUT_OF_SCOPE,RC1 release launch spec excludes --enable-broad-discovery (release_freeze_preflight/13_full_day_launch_command.md; v2_final_release_acceptance/release_candidate_configuration.json launch_argv)
ROK,0001024478,STATIC_626_MANIFEST,,True,False,False,False,,,no stored Form 4,,,,N/A not polled,0,0,0,,0,0,,,,INTENTIONALLY_OUT_OF_SCOPE,RC1 release launch spec excludes --enable-broad-discovery (release_freeze_preflight/13_full_day_launch_command.md; v2_final_release_acceptance/release_candidate_configuration.json launch_argv)
ROL,0000084839,STATIC_626_MANIFEST,,True,False,False,False,,,no stored Form 4,,,,N/A not polled,0,0,0,,0,0,,,,INTENTIONALLY_OUT_OF_SCOPE,RC1 release launch spec excludes --enable-broad-discovery (release_freeze_preflight/13_full_day_launch_command.md; v2_final_release_acceptance/release_candidate_configuration.json launch_argv)
ROP,0000882835,STATIC_626_MANIFEST,,True,False,False,False,,,no stored Form 4,,,,N/A not polled,0,0,0,,0,0,,,,INTENTIONALLY_OUT_OF_SCOPE,RC1 release launch spec excludes --enable-broad-discovery (release_freeze_preflight/13_full_day_launch_command.md; v2_final_release_acceptance/release_candidate_configuration.json launch_argv)
ROST,0000745732,STATIC_626_MANIFEST,,True,False,False,False,,,no stored Form 4,,,,N/A not polled,0,0,0,,0,0,,,,INTENTIONALLY_OUT_OF_SCOPE,RC1 release launch spec excludes --enable-broad-discovery (release_freeze_preflight/13_full_day_launch_command.md; v2_final_release_acceptance/release_candidate_configuration.json launch_argv)
RSG,0001060391,STATIC_626_MANIFEST,,True,False,False,False,,,no stored Form 4,,,,N/A not polled,0,0,0,,0,0,,,,INTENTIONALLY_OUT_OF_SCOPE,RC1 release launch spec excludes --enable-broad-discovery (release_freeze_preflight/13_full_day_launch_command.md; v2_final_release_acceptance/release_candidate_configuration.json launch_argv)
RTN,,UNRESOLVED,,True,False,False,False,,,no stored Form 4,,,,N/A not polled,0,0,0,,0,0,,,,IDENTITY_UNRESOLVED,626 static CIK manifest: unresolved; and out of RC1 scope (RC1 release launch spec excludes --enable-broad-discovery (release_freeze_preflight/13_full_day_launch_command.md; v2_final_release_acceptance/release_candidate_configuration.json launch_argv))
RTX,0000101829,STATIC_626_MANIFEST,,True,False,False,False,,,no stored Form 4,,,,N/A not polled,0,0,0,,0,0,,,,INTENTIONALLY_OUT_OF_SCOPE,RC1 release launch spec excludes --enable-broad-discovery (release_freeze_preflight/13_full_day_launch_command.md; v2_final_release_acceptance/release_candidate_configuration.json launch_argv)
RVTY,0000031791,STATIC_626_MANIFEST,,True,False,False,False,,,no stored Form 4,,,,N/A not polled,0,0,0,,0,0,,,,INTENTIONALLY_OUT_OF_SCOPE,RC1 release launch spec excludes --enable-broad-discovery (release_freeze_preflight/13_full_day_launch_command.md; v2_final_release_acceptance/release_candidate_configuration.json launch_argv)
SATS,,UNRESOLVED,,True,False,False,False,,,not polled since broad collection stopped; last Form 4 ingested 2026-09-15T17:43:14,,,,N/A not polled,0,0,0,,0,0,2026-06-17,2026-09-15T17:43:14,,IDENTITY_UNRESOLVED,626 static CIK manifest: unresolved; and out of RC1 scope (RC1 release launch spec excludes --enable-broad-discovery (release_freeze_preflight/13_full_day_launch_command.md; v2_final_release_acceptance/release_candidate_configuration.json launch_argv))
SBAC,0001034054,STATIC_626_MANIFEST,,True,False,False,False,,,no stored Form 4,,,,N/A not polled,0,0,0,,0,0,,,,INTENTIONALLY_OUT_OF_SCOPE,RC1 release launch spec excludes --enable-broad-discovery (release_freeze_preflight/13_full_day_launch_command.md; v2_final_release_acceptance/release_candidate_configuration.json launch_argv)
SBNY,,UNRESOLVED,,True,False,False,False,,,no stored Form 4,,,,N/A not polled,0,0,0,,0,0,,,,IDENTITY_UNRESOLVED,626 static CIK manifest: unresolved; and out of RC1 scope (RC1 release launch spec excludes --enable-broad-discovery (release_freeze_preflight/13_full_day_launch_command.md; v2_final_release_acceptance/release_candidate_configuration.json launch_argv))
SBUX,0000829224,STATIC_626_MANIFEST,,True,False,False,False,,,no stored Form 4,,,,N/A not polled,0,0,0,,0,0,,,,INTENTIONALLY_OUT_OF_SCOPE,RC1 release launch spec excludes --enable-broad-discovery (release_freeze_preflight/13_full_day_launch_command.md; v2_final_release_acceptance/release_candidate_configuration.json launch_argv)
SCHW,0000316709,STATIC_626_MANIFEST,,True,False,False,False,,,no stored Form 4,,,,N/A not polled,0,0,0,,0,0,,,,INTENTIONALLY_OUT_OF_SCOPE,RC1 release launch spec excludes --enable-broad-discovery (release_freeze_preflight/13_full_day_launch_command.md; v2_final_release_acceptance/release_candidate_configuration.json launch_argv)
SEDG,0001419612,STATIC_626_MANIFEST,,True,False,False,False,,,no stored Form 4,,,,N/A not polled,0,0,0,,0,0,,,,INTENTIONALLY_OUT_OF_SCOPE,RC1 release launch spec excludes --enable-broad-discovery (release_freeze_preflight/13_full_day_launch_command.md; v2_final_release_acceptance/release_candidate_configuration.json launch_argv)
SEE,,UNRESOLVED,,True,False,False,False,,,no stored Form 4,,,,N/A not polled,0,0,0,,0,0,,,,IDENTITY_UNRESOLVED,626 static CIK manifest: unresolved; and out of RC1 scope (RC1 release launch spec excludes --enable-broad-discovery (release_freeze_preflight/13_full_day_launch_command.md; v2_final_release_acceptance/release_candidate_configuration.json launch_argv))
SHOP,0001594805,STATIC_626_MANIFEST,,True,True,True,True,2026-10-07T17:36:01.559422+00:00,2026-10-07T17:36:01.559422+00:00,"in every one of 4637 all-success poll cycles (symbols_polled=39, symbols_failed=0) since 2026-09-24T04:22Z; 12 partial-failure cycles are not symbol-attributed",2026-08-31,True,none attributable (cycle counters only),FRESH (source_freshness SEC_EDGAR_SUBMISSIONS; global),0,0,0,,0,0,,,,CONFIGURED_AND_SUCCESSFULLY_POLLED_NO_FILINGS,V2 execution allowlist = intelligence resolve_watchlist POLLED (run.py --execution-scope resolved-active-watchlist)
SHW,0000089800,STATIC_626_MANIFEST,,True,False,False,False,,,no stored Form 4,,,,N/A not polled,0,0,0,,0,0,,,,INTENTIONALLY_OUT_OF_SCOPE,RC1 release launch spec excludes --enable-broad-discovery (release_freeze_preflight/13_full_day_launch_command.md; v2_final_release_acceptance/release_candidate_configuration.json launch_argv)
SIVB,,UNRESOLVED,,True,False,False,False,,,no stored Form 4,,,,N/A not polled,0,0,0,,0,0,,,,IDENTITY_UNRESOLVED,626 static CIK manifest: unresolved; and out of RC1 scope (RC1 release launch spec excludes --enable-broad-discovery (release_freeze_preflight/13_full_day_launch_command.md; v2_final_release_acceptance/release_candidate_configuration.json launch_argv))
SJM,0000091419,STATIC_626_MANIFEST,,True,False,False,False,,,no stored Form 4,,,,N/A not polled,0,0,0,,0,0,,,,INTENTIONALLY_OUT_OF_SCOPE,RC1 release launch spec excludes --enable-broad-discovery (release_freeze_preflight/13_full_day_launch_command.md; v2_final_release_acceptance/release_candidate_configuration.json launch_argv)
SKHY,0002120882,LOCAL_COMPANY_TICKERS_CACHE,,False,False,True,False,,,not in effective_symbols; not polled,,,,N/A not polled,0,0,0,,0,0,,,,INTENTIONALLY_OUT_OF_SCOPE,watchlist resolver: known_non_filer: Korean issuer (SK Hynix) - no SEC domestic filings
SLB,0000087347,STATIC_626_MANIFEST,,True,False,False,False,,,no stored Form 4,,,,N/A not polled,0,0,0,,0,0,,,,INTENTIONALLY_OUT_OF_SCOPE,RC1 release launch spec excludes --enable-broad-discovery (release_freeze_preflight/13_full_day_launch_command.md; v2_final_release_acceptance/release_candidate_configuration.json launch_argv)
SLG,0001040971,STATIC_626_MANIFEST,,True,False,False,False,,,no stored Form 4,,,,N/A not polled,0,0,0,,0,0,,,,INTENTIONALLY_OUT_OF_SCOPE,RC1 release launch spec excludes --enable-broad-discovery (release_freeze_preflight/13_full_day_launch_command.md; v2_final_release_acceptance/release_candidate_configuration.json launch_argv)
SMCI,0001375365,STATIC_626_MANIFEST,,True,False,True,False,,,not in effective_symbols; not polled,,,,N/A not polled,0,0,0,,0,0,,,,INTENTIONALLY_OUT_OF_SCOPE,watchlist status=paused: owner did not request a multi-day horizon here
SNA,0000091440,STATIC_626_MANIFEST,,True,False,False,False,,,no stored Form 4,,,,N/A not polled,0,0,0,,0,0,,,,INTENTIONALLY_OUT_OF_SCOPE,RC1 release launch spec excludes --enable-broad-discovery (release_freeze_preflight/13_full_day_launch_command.md; v2_final_release_acceptance/release_candidate_configuration.json launch_argv)
SNDK,0002023554,STATIC_626_MANIFEST,,True,False,False,False,,,no stored Form 4,,,,N/A not polled,0,0,0,,0,0,,,,INTENTIONALLY_OUT_OF_SCOPE,RC1 release launch spec excludes --enable-broad-discovery (release_freeze_preflight/13_full_day_launch_command.md; v2_final_release_acceptance/release_candidate_configuration.json launch_argv)
SNPS,0000883241,STATIC_626_MANIFEST,,True,False,False,False,,,no stored Form 4,,,,N/A not polled,0,0,0,,0,0,,,,INTENTIONALLY_OUT_OF_SCOPE,RC1 release launch spec excludes --enable-broad-discovery (release_freeze_preflight/13_full_day_launch_command.md; v2_final_release_acceptance/release_candidate_configuration.json launch_argv)
SO,0000092122,STATIC_626_MANIFEST,,True,False,False,False,,,no stored Form 4,,,,N/A not polled,0,0,0,,0,0,,,,INTENTIONALLY_OUT_OF_SCOPE,RC1 release launch spec excludes --enable-broad-discovery (release_freeze_preflight/13_full_day_launch_command.md; v2_final_release_acceptance/release_candidate_configuration.json launch_argv)
SOLS,0002064953,STATIC_626_MANIFEST,,True,False,False,False,,,no stored Form 4,,,,N/A not polled,0,0,0,,0,0,,,,INTENTIONALLY_OUT_OF_SCOPE,RC1 release launch spec excludes --enable-broad-discovery (release_freeze_preflight/13_full_day_launch_command.md; v2_final_release_acceptance/release_candidate_configuration.json launch_argv)
SOLV,0001964738,STATIC_626_MANIFEST,,True,False,False,False,,,no stored Form 4,,,,N/A not polled,0,0,0,,0,0,,,,INTENTIONALLY_OUT_OF_SCOPE,RC1 release launch spec excludes --enable-broad-discovery (release_freeze_preflight/13_full_day_launch_command.md; v2_final_release_acceptance/release_candidate_configuration.json launch_argv)
SPCX,0001181412,LOCAL_COMPANY_TICKERS_CACHE,,False,False,True,False,,,not in effective_symbols; not polled,,,,N/A not polled,0,0,0,,0,0,,,,INTENTIONALLY_OUT_OF_SCOPE,"watchlist resolver: known_non_filer: SpaceX - private company, no SEC reporting"
SPG,0001063761,STATIC_626_MANIFEST,,True,False,False,False,,,no stored Form 4,,,,N/A not polled,0,0,0,,0,0,,,,INTENTIONALLY_OUT_OF_SCOPE,RC1 release launch spec excludes --enable-broad-discovery (release_freeze_preflight/13_full_day_launch_command.md; v2_final_release_acceptance/release_candidate_configuration.json launch_argv)
SPGI,0000064040,STATIC_626_MANIFEST,,True,False,False,False,,,no stored Form 4,,,,N/A not polled,0,0,0,,0,0,,,,INTENTIONALLY_OUT_OF_SCOPE,RC1 release launch spec excludes --enable-broad-discovery (release_freeze_preflight/13_full_day_launch_command.md; v2_final_release_acceptance/release_candidate_configuration.json launch_argv)
SRE,0001032208,STATIC_626_MANIFEST,,True,False,False,False,,,no stored Form 4,,,,N/A not polled,0,0,0,,0,0,,,,INTENTIONALLY_OUT_OF_SCOPE,RC1 release launch spec excludes --enable-broad-discovery (release_freeze_preflight/13_full_day_launch_command.md; v2_final_release_acceptance/release_candidate_configuration.json launch_argv)
STE,0001757898,STATIC_626_MANIFEST,,True,False,False,False,,,no stored Form 4,,,,N/A not polled,0,0,0,,0,0,,,,INTENTIONALLY_OUT_OF_SCOPE,RC1 release launch spec excludes --enable-broad-discovery (release_freeze_preflight/13_full_day_launch_command.md; v2_final_release_acceptance/release_candidate_configuration.json launch_argv)
STLD,0001022671,STATIC_626_MANIFEST,,True,False,False,False,,,no stored Form 4,,,,N/A not polled,0,0,0,,0,0,,,,INTENTIONALLY_OUT_OF_SCOPE,RC1 release launch spec excludes --enable-broad-discovery (release_freeze_preflight/13_full_day_launch_command.md; v2_final_release_acceptance/release_candidate_configuration.json launch_argv)
STT,0000093751,STATIC_626_MANIFEST,,True,False,False,False,,,no stored Form 4,,,,N/A not polled,0,0,0,,0,0,,,,INTENTIONALLY_OUT_OF_SCOPE,RC1 release launch spec excludes --enable-broad-discovery (release_freeze_preflight/13_full_day_launch_command.md; v2_final_release_acceptance/release_candidate_configuration.json launch_argv)
STX,0001137789,STATIC_626_MANIFEST,,True,True,True,True,2026-10-07T17:36:01.559422+00:00,2026-10-07T17:36:01.559422+00:00,"in every one of 4637 all-success poll cycles (symbols_polled=39, symbols_failed=0) since 2026-09-24T04:22Z; 12 partial-failure cycles are not symbol-attributed",2026-09-03,True,none attributable (cycle counters only),FRESH (source_freshness SEC_EDGAR_SUBMISSIONS; global),3,29,29,YES,0,0,2026-10-02,2026-10-02T20:08:38,,CONFIGURED_AND_SUCCESSFULLY_POLLED_WITH_FILINGS,V2 execution allowlist = intelligence resolve_watchlist POLLED (run.py --execution-scope resolved-active-watchlist)
STZ,0000016918,STATIC_626_MANIFEST,,True,False,False,False,,,no stored Form 4,,,,N/A not polled,0,0,0,,0,0,,,,INTENTIONALLY_OUT_OF_SCOPE,RC1 release launch spec excludes --enable-broad-discovery (release_freeze_preflight/13_full_day_launch_command.md; v2_final_release_acceptance/release_candidate_configuration.json launch_argv)
SW,0002005951,STATIC_626_MANIFEST,,True,False,False,False,,,no stored Form 4,,,,N/A not polled,0,0,0,,0,0,,,,INTENTIONALLY_OUT_OF_SCOPE,RC1 release launch spec excludes --enable-broad-discovery (release_freeze_preflight/13_full_day_launch_command.md; v2_final_release_acceptance/release_candidate_configuration.json launch_argv)
SWK,0000093556,STATIC_626_MANIFEST,,True,False,False,False,,,no stored Form 4,,,,N/A not polled,0,0,0,,0,0,,,,INTENTIONALLY_OUT_OF_SCOPE,RC1 release launch spec excludes --enable-broad-discovery (release_freeze_preflight/13_full_day_launch_command.md; v2_final_release_acceptance/release_candidate_configuration.json launch_argv)
SWKS,0000004127,STATIC_626_MANIFEST,,True,False,False,False,,,no stored Form 4,,,,N/A not polled,0,0,0,,0,0,,,,INTENTIONALLY_OUT_OF_SCOPE,RC1 release launch spec excludes --enable-broad-discovery (release_freeze_preflight/13_full_day_launch_command.md; v2_final_release_acceptance/release_candidate_configuration.json launch_argv)
SYF,0001601712,STATIC_626_MANIFEST,,True,False,False,False,,,no stored Form 4,,,,N/A not polled,0,0,0,,0,0,,,,INTENTIONALLY_OUT_OF_SCOPE,RC1 release launch spec excludes --enable-broad-discovery (release_freeze_preflight/13_full_day_launch_command.md; v2_final_release_acceptance/release_candidate_configuration.json launch_argv)
SYK,0000310764,STATIC_626_MANIFEST,,True,False,False,False,,,no stored Form 4,,,,N/A not polled,0,0,0,,0,0,,,,INTENTIONALLY_OUT_OF_SCOPE,RC1 release launch spec excludes --enable-broad-discovery (release_freeze_preflight/13_full_day_launch_command.md; v2_final_release_acceptance/release_candidate_configuration.json launch_argv)
SYY,0000096021,STATIC_626_MANIFEST,,True,False,False,False,,,no stored Form 4,,,,N/A not polled,0,0,0,,0,0,,,,INTENTIONALLY_OUT_OF_SCOPE,RC1 release launch spec excludes --enable-broad-discovery (release_freeze_preflight/13_full_day_launch_command.md; v2_final_release_acceptance/release_candidate_configuration.json launch_argv)
T,0000732717,STATIC_626_MANIFEST,,True,False,False,False,,,no stored Form 4,,,,N/A not polled,0,0,0,,0,0,,,,INTENTIONALLY_OUT_OF_SCOPE,RC1 release launch spec excludes --enable-broad-discovery (release_freeze_preflight/13_full_day_launch_command.md; v2_final_release_acceptance/release_candidate_configuration.json launch_argv)
TAP,0000024545,STATIC_626_MANIFEST,,True,False,False,False,,,no stored Form 4,,,,N/A not polled,0,0,0,,0,0,,,,INTENTIONALLY_OUT_OF_SCOPE,RC1 release launch spec excludes --enable-broad-discovery (release_freeze_preflight/13_full_day_launch_command.md; v2_final_release_acceptance/release_candidate_configuration.json launch_argv)
TDG,0001260221,STATIC_626_MANIFEST,,True,False,False,False,,,no stored Form 4,,,,N/A not polled,0,0,0,,0,0,,,,INTENTIONALLY_OUT_OF_SCOPE,RC1 release launch spec excludes --enable-broad-discovery (release_freeze_preflight/13_full_day_launch_command.md; v2_final_release_acceptance/release_candidate_configuration.json launch_argv)
TDY,0001094285,STATIC_626_MANIFEST,,True,False,False,False,,,no stored Form 4,,,,N/A not polled,0,0,0,,0,0,,,,INTENTIONALLY_OUT_OF_SCOPE,RC1 release launch spec excludes --enable-broad-discovery (release_freeze_preflight/13_full_day_launch_command.md; v2_final_release_acceptance/release_candidate_configuration.json launch_argv)
TECH,0000842023,STATIC_626_MANIFEST,,True,False,False,False,,,no stored Form 4,,,,N/A not polled,0,0,0,,0,0,,,,INTENTIONALLY_OUT_OF_SCOPE,RC1 release launch spec excludes --enable-broad-discovery (release_freeze_preflight/13_full_day_launch_command.md; v2_final_release_acceptance/release_candidate_configuration.json launch_argv)
TEL,0001385157,STATIC_626_MANIFEST,,True,False,False,False,,,no stored Form 4,,,,N/A not polled,0,0,0,,0,0,,,,INTENTIONALLY_OUT_OF_SCOPE,RC1 release launch spec excludes --enable-broad-discovery (release_freeze_preflight/13_full_day_launch_command.md; v2_final_release_acceptance/release_candidate_configuration.json launch_argv)
TER,0000097210,STATIC_626_MANIFEST,,True,False,False,False,,,no stored Form 4,,,,N/A not polled,0,0,0,,0,0,,,,INTENTIONALLY_OUT_OF_SCOPE,RC1 release launch spec excludes --enable-broad-discovery (release_freeze_preflight/13_full_day_launch_command.md; v2_final_release_acceptance/release_candidate_configuration.json launch_argv)
TFC,0000092230,STATIC_626_MANIFEST,,True,False,False,False,,,no stored Form 4,,,,N/A not polled,0,0,0,,0,0,,,,INTENTIONALLY_OUT_OF_SCOPE,RC1 release launch spec excludes --enable-broad-discovery (release_freeze_preflight/13_full_day_launch_command.md; v2_final_release_acceptance/release_candidate_configuration.json launch_argv)
TFX,0000096943,STATIC_626_MANIFEST,,True,False,False,False,,,no stored Form 4,,,,N/A not polled,0,0,0,,0,0,,,,INTENTIONALLY_OUT_OF_SCOPE,RC1 release launch spec excludes --enable-broad-discovery (release_freeze_preflight/13_full_day_launch_command.md; v2_final_release_acceptance/release_candidate_configuration.json launch_argv)
TGT,0000027419,STATIC_626_MANIFEST,,True,False,False,False,,,no stored Form 4,,,,N/A not polled,0,0,0,,0,0,,,,INTENTIONALLY_OUT_OF_SCOPE,RC1 release launch spec excludes --enable-broad-discovery (release_freeze_preflight/13_full_day_launch_command.md; v2_final_release_acceptance/release_candidate_configuration.json launch_argv)
TIF,,UNRESOLVED,,True,False,False,False,,,no stored Form 4,,,,N/A not polled,0,0,0,,0,0,,,,IDENTITY_UNRESOLVED,626 static CIK manifest: unresolved; and out of RC1 scope (RC1 release launch spec excludes --enable-broad-discovery (release_freeze_preflight/13_full_day_launch_command.md; v2_final_release_acceptance/release_candidate_configuration.json launch_argv))
TJX,0000109198,STATIC_626_MANIFEST,,True,False,False,False,,,no stored Form 4,,,,N/A not polled,0,0,0,,0,0,,,,INTENTIONALLY_OUT_OF_SCOPE,RC1 release launch spec excludes --enable-broad-discovery (release_freeze_preflight/13_full_day_launch_command.md; v2_final_release_acceptance/release_candidate_configuration.json launch_argv)
TKO,0001973266,STATIC_626_MANIFEST,,True,False,False,False,,,no stored Form 4,,,,N/A not polled,0,0,0,,0,0,,,,INTENTIONALLY_OUT_OF_SCOPE,RC1 release launch spec excludes --enable-broad-discovery (release_freeze_preflight/13_full_day_launch_command.md; v2_final_release_acceptance/release_candidate_configuration.json launch_argv)
TMO,0000097745,STATIC_626_MANIFEST,,True,False,False,False,,,no stored Form 4,,,,N/A not polled,0,0,0,,0,0,,,,INTENTIONALLY_OUT_OF_SCOPE,RC1 release launch spec excludes --enable-broad-discovery (release_freeze_preflight/13_full_day_launch_command.md; v2_final_release_acceptance/release_candidate_configuration.json launch_argv)
TMUS,0001283699,STATIC_626_MANIFEST,,True,False,False,False,,,no stored Form 4,,,,N/A not polled,0,0,0,,0,0,,,,INTENTIONALLY_OUT_OF_SCOPE,RC1 release launch spec excludes --enable-broad-discovery (release_freeze_preflight/13_full_day_launch_command.md; v2_final_release_acceptance/release_candidate_configuration.json launch_argv)
TPL,0001811074,STATIC_626_MANIFEST,,True,False,False,False,,,no stored Form 4,,,,N/A not polled,0,0,0,,0,0,,,,INTENTIONALLY_OUT_OF_SCOPE,RC1 release launch spec excludes --enable-broad-discovery (release_freeze_preflight/13_full_day_launch_command.md; v2_final_release_acceptance/release_candidate_configuration.json launch_argv)
TPR,0001116132,STATIC_626_MANIFEST,,True,False,False,False,,,no stored Form 4,,,,N/A not polled,0,0,0,,0,0,,,,INTENTIONALLY_OUT_OF_SCOPE,RC1 release launch spec excludes --enable-broad-discovery (release_freeze_preflight/13_full_day_launch_command.md; v2_final_release_acceptance/release_candidate_configuration.json launch_argv)
TRGP,0001389170,STATIC_626_MANIFEST,,True,False,False,False,,,no stored Form 4,,,,N/A not polled,0,0,0,,0,0,,,,INTENTIONALLY_OUT_OF_SCOPE,RC1 release launch spec excludes --enable-broad-discovery (release_freeze_preflight/13_full_day_launch_command.md; v2_final_release_acceptance/release_candidate_configuration.json launch_argv)
TRMB,0000864749,STATIC_626_MANIFEST,,True,False,False,False,,,no stored Form 4,,,,N/A not polled,0,0,0,,0,0,,,,INTENTIONALLY_OUT_OF_SCOPE,RC1 release launch spec excludes --enable-broad-discovery (release_freeze_preflight/13_full_day_launch_command.md; v2_final_release_acceptance/release_candidate_configuration.json launch_argv)
TROW,0001113169,STATIC_626_MANIFEST,,True,False,False,False,,,no stored Form 4,,,,N/A not polled,0,0,0,,0,0,,,,INTENTIONALLY_OUT_OF_SCOPE,RC1 release launch spec excludes --enable-broad-discovery (release_freeze_preflight/13_full_day_launch_command.md; v2_final_release_acceptance/release_candidate_configuration.json launch_argv)
TRV,0000086312,STATIC_626_MANIFEST,,True,False,False,False,,,no stored Form 4,,,,N/A not polled,0,0,0,,0,0,,,,INTENTIONALLY_OUT_OF_SCOPE,RC1 release launch spec excludes --enable-broad-discovery (release_freeze_preflight/13_full_day_launch_command.md; v2_final_release_acceptance/release_candidate_configuration.json launch_argv)
TSCO,0000916365,STATIC_626_MANIFEST,,True,False,False,False,,,no stored Form 4,,,,N/A not polled,0,0,0,,0,0,,,,INTENTIONALLY_OUT_OF_SCOPE,RC1 release launch spec excludes --enable-broad-discovery (release_freeze_preflight/13_full_day_launch_command.md; v2_final_release_acceptance/release_candidate_configuration.json launch_argv)
TSLA,0001318605,STATIC_626_MANIFEST,,True,True,True,True,2026-10-07T17:36:01.559422+00:00,2026-10-07T17:36:01.559422+00:00,"in every one of 4637 all-success poll cycles (symbols_polled=39, symbols_failed=0) since 2026-09-24T04:22Z; 12 partial-failure cycles are not symbol-attributed",2026-06-17,True,none attributable (cycle counters only),FRESH (source_freshness SEC_EDGAR_SUBMISSIONS; global),0,1,1,YES,0,0,2026-09-09,2026-09-10T07:44:49,,CONFIGURED_AND_SUCCESSFULLY_POLLED_NO_FILINGS,V2 execution allowlist = intelligence resolve_watchlist POLLED (run.py --execution-scope resolved-active-watchlist)
TSN,0000100493,STATIC_626_MANIFEST,,True,False,False,False,,,no stored Form 4,,,,N/A not polled,0,0,0,,0,0,,,,INTENTIONALLY_OUT_OF_SCOPE,RC1 release launch spec excludes --enable-broad-discovery (release_freeze_preflight/13_full_day_launch_command.md; v2_final_release_acceptance/release_candidate_configuration.json launch_argv)
TT,0001466258,STATIC_626_MANIFEST,,True,False,False,False,,,no stored Form 4,,,,N/A not polled,0,0,0,,0,0,,,,INTENTIONALLY_OUT_OF_SCOPE,RC1 release launch spec excludes --enable-broad-discovery (release_freeze_preflight/13_full_day_launch_command.md; v2_final_release_acceptance/release_candidate_configuration.json launch_argv)
TTD,0001671933,STATIC_626_MANIFEST,,True,False,False,False,,,no stored Form 4,,,,N/A not polled,0,0,0,,0,0,,,,INTENTIONALLY_OUT_OF_SCOPE,RC1 release launch spec excludes --enable-broad-discovery (release_freeze_preflight/13_full_day_launch_command.md; v2_final_release_acceptance/release_candidate_configuration.json launch_argv)
TTWO,0000946581,STATIC_626_MANIFEST,,True,False,False,False,,,no stored Form 4,,,,N/A not polled,0,0,0,,0,0,,,,INTENTIONALLY_OUT_OF_SCOPE,RC1 release launch spec excludes --enable-broad-discovery (release_freeze_preflight/13_full_day_launch_command.md; v2_final_release_acceptance/release_candidate_configuration.json launch_argv)
TWTR,,UNRESOLVED,,True,False,False,False,,,no stored Form 4,,,,N/A not polled,0,0,0,,0,0,,,,IDENTITY_UNRESOLVED,626 static CIK manifest: unresolved; and out of RC1 scope (RC1 release launch spec excludes --enable-broad-discovery (release_freeze_preflight/13_full_day_launch_command.md; v2_final_release_acceptance/release_candidate_configuration.json launch_argv))
TXN,0000097476,STATIC_626_MANIFEST,,True,False,False,False,,,no stored Form 4,,,,N/A not polled,0,0,0,,0,0,,,,INTENTIONALLY_OUT_OF_SCOPE,RC1 release launch spec excludes --enable-broad-discovery (release_freeze_preflight/13_full_day_launch_command.md; v2_final_release_acceptance/release_candidate_configuration.json launch_argv)
TXT,0000217346,STATIC_626_MANIFEST,,True,False,False,False,,,no stored Form 4,,,,N/A not polled,0,0,0,,0,0,,,,INTENTIONALLY_OUT_OF_SCOPE,RC1 release launch spec excludes --enable-broad-discovery (release_freeze_preflight/13_full_day_launch_command.md; v2_final_release_acceptance/release_candidate_configuration.json launch_argv)
TYL,0000860731,STATIC_626_MANIFEST,,True,False,False,False,,,no stored Form 4,,,,N/A not polled,0,0,0,,0,0,,,,INTENTIONALLY_OUT_OF_SCOPE,RC1 release launch spec excludes --enable-broad-discovery (release_freeze_preflight/13_full_day_launch_command.md; v2_final_release_acceptance/release_candidate_configuration.json launch_argv)
UA,0001336917,STATIC_626_MANIFEST,UAA,True,False,False,False,,,no stored Form 4,,,,N/A not polled,0,0,0,,0,0,,,,INTENTIONALLY_OUT_OF_SCOPE,RC1 release launch spec excludes --enable-broad-discovery (release_freeze_preflight/13_full_day_launch_command.md; v2_final_release_acceptance/release_candidate_configuration.json launch_argv)
UAA,0001336917,STATIC_626_MANIFEST,UA,True,False,False,False,,,no stored Form 4,,,,N/A not polled,0,0,0,,0,0,,,,INTENTIONALLY_OUT_OF_SCOPE,RC1 release launch spec excludes --enable-broad-discovery (release_freeze_preflight/13_full_day_launch_command.md; v2_final_release_acceptance/release_candidate_configuration.json launch_argv)
UAL,0000100517,STATIC_626_MANIFEST,,True,False,False,False,,,no stored Form 4,,,,N/A not polled,0,0,0,,0,0,,,,INTENTIONALLY_OUT_OF_SCOPE,RC1 release launch spec excludes --enable-broad-discovery (release_freeze_preflight/13_full_day_launch_command.md; v2_final_release_acceptance/release_candidate_configuration.json launch_argv)
UBER,0001543151,STATIC_626_MANIFEST,,True,False,False,False,,,no stored Form 4,,,,N/A not polled,0,0,0,,0,0,,,,INTENTIONALLY_OUT_OF_SCOPE,RC1 release launch spec excludes --enable-broad-discovery (release_freeze_preflight/13_full_day_launch_command.md; v2_final_release_acceptance/release_candidate_configuration.json launch_argv)
UDR,0000074208,STATIC_626_MANIFEST,,True,False,False,False,,,no stored Form 4,,,,N/A not polled,0,0,0,,0,0,,,,INTENTIONALLY_OUT_OF_SCOPE,RC1 release launch spec excludes --enable-broad-discovery (release_freeze_preflight/13_full_day_launch_command.md; v2_final_release_acceptance/release_candidate_configuration.json launch_argv)
UHS,0000352915,STATIC_626_MANIFEST,,True,False,False,False,,,no stored Form 4,,,,N/A not polled,0,0,0,,0,0,,,,INTENTIONALLY_OUT_OF_SCOPE,RC1 release launch spec excludes --enable-broad-discovery (release_freeze_preflight/13_full_day_launch_command.md; v2_final_release_acceptance/release_candidate_configuration.json launch_argv)
ULTA,0001403568,STATIC_626_MANIFEST,,True,False,False,False,,,no stored Form 4,,,,N/A not polled,0,0,0,,0,0,,,,INTENTIONALLY_OUT_OF_SCOPE,RC1 release launch spec excludes --enable-broad-discovery (release_freeze_preflight/13_full_day_launch_command.md; v2_final_release_acceptance/release_candidate_configuration.json launch_argv)
UNH,0000731766,STATIC_626_MANIFEST,,True,True,True,True,2026-10-07T17:36:01.559422+00:00,2026-10-07T17:36:01.559422+00:00,"in every one of 4637 all-success poll cycles (symbols_polled=39, symbols_failed=0) since 2026-09-24T04:22Z; 12 partial-failure cycles are not symbol-attributed",2026-08-25,True,none attributable (cycle counters only),FRESH (source_freshness SEC_EDGAR_SUBMISSIONS; global),23,25,25,YES,0,0,2026-10-05,2026-10-05T20:27:05,,CONFIGURED_AND_SUCCESSFULLY_POLLED_WITH_FILINGS,V2 execution allowlist = intelligence resolve_watchlist POLLED (run.py --execution-scope resolved-active-watchlist)
UNM,0000005513,STATIC_626_MANIFEST,,True,False,False,False,,,no stored Form 4,,,,N/A not polled,0,0,0,,0,0,,,,INTENTIONALLY_OUT_OF_SCOPE,RC1 release launch spec excludes --enable-broad-discovery (release_freeze_preflight/13_full_day_launch_command.md; v2_final_release_acceptance/release_candidate_configuration.json launch_argv)
UNP,0000100885,STATIC_626_MANIFEST,,True,False,False,False,,,no stored Form 4,,,,N/A not polled,0,0,0,,0,0,,,,INTENTIONALLY_OUT_OF_SCOPE,RC1 release launch spec excludes --enable-broad-discovery (release_freeze_preflight/13_full_day_launch_command.md; v2_final_release_acceptance/release_candidate_configuration.json launch_argv)
UPS,0001090727,STATIC_626_MANIFEST,,True,False,False,False,,,no stored Form 4,,,,N/A not polled,0,0,0,,0,0,,,,INTENTIONALLY_OUT_OF_SCOPE,RC1 release launch spec excludes --enable-broad-discovery (release_freeze_preflight/13_full_day_launch_command.md; v2_final_release_acceptance/release_candidate_configuration.json launch_argv)
URI,0001067701,STATIC_626_MANIFEST,,True,False,False,False,,,no stored Form 4,,,,N/A not polled,0,0,0,,0,0,,,,INTENTIONALLY_OUT_OF_SCOPE,RC1 release launch spec excludes --enable-broad-discovery (release_freeze_preflight/13_full_day_launch_command.md; v2_final_release_acceptance/release_candidate_configuration.json launch_argv)
USB,0000036104,STATIC_626_MANIFEST,,True,False,False,False,,,no stored Form 4,,,,N/A not polled,0,0,0,,0,0,,,,INTENTIONALLY_OUT_OF_SCOPE,RC1 release launch spec excludes --enable-broad-discovery (release_freeze_preflight/13_full_day_launch_command.md; v2_final_release_acceptance/release_candidate_configuration.json launch_argv)
UTX,,UNRESOLVED,,True,False,False,False,,,no stored Form 4,,,,N/A not polled,0,0,0,,0,0,,,,IDENTITY_UNRESOLVED,626 static CIK manifest: unresolved; and out of RC1 scope (RC1 release launch spec excludes --enable-broad-discovery (release_freeze_preflight/13_full_day_launch_command.md; v2_final_release_acceptance/release_candidate_configuration.json launch_argv))
V,0001403161,STATIC_626_MANIFEST,,True,True,True,True,2026-10-07T17:36:01.559422+00:00,2026-10-07T17:36:01.559422+00:00,"in every one of 4637 all-success poll cycles (symbols_polled=39, symbols_failed=0) since 2026-09-24T04:22Z; 12 partial-failure cycles are not symbol-attributed",2026-09-02,True,none attributable (cycle counters only),FRESH (source_freshness SEC_EDGAR_SUBMISSIONS; global),1,6,6,YES,0,0,2026-10-02,2026-10-02T20:08:39,,CONFIGURED_AND_SUCCESSFULLY_POLLED_WITH_FILINGS,V2 execution allowlist = intelligence resolve_watchlist POLLED (run.py --execution-scope resolved-active-watchlist)
VAR,,UNRESOLVED,,True,False,False,False,,,no stored Form 4,,,,N/A not polled,0,0,0,,0,0,,,,IDENTITY_UNRESOLVED,626 static CIK manifest: unresolved; and out of RC1 scope (RC1 release launch spec excludes --enable-broad-discovery (release_freeze_preflight/13_full_day_launch_command.md; v2_final_release_acceptance/release_candidate_configuration.json launch_argv))
VEEV,0001393052,STATIC_626_MANIFEST,,True,False,False,False,,,no stored Form 4,,,,N/A not polled,0,0,0,,0,0,,,,INTENTIONALLY_OUT_OF_SCOPE,RC1 release launch spec excludes --enable-broad-discovery (release_freeze_preflight/13_full_day_launch_command.md; v2_final_release_acceptance/release_candidate_configuration.json launch_argv)
VFC,0000103379,STATIC_626_MANIFEST,,True,False,False,False,,,no stored Form 4,,,,N/A not polled,0,0,0,,0,0,,,,INTENTIONALLY_OUT_OF_SCOPE,RC1 release launch spec excludes --enable-broad-discovery (release_freeze_preflight/13_full_day_launch_command.md; v2_final_release_acceptance/release_candidate_configuration.json launch_argv)
VICI,0001705696,STATIC_626_MANIFEST,,True,False,False,False,,,no stored Form 4,,,,N/A not polled,0,0,0,,0,0,,,,INTENTIONALLY_OUT_OF_SCOPE,RC1 release launch spec excludes --enable-broad-discovery (release_freeze_preflight/13_full_day_launch_command.md; v2_final_release_acceptance/release_candidate_configuration.json launch_argv)
VLO,0001035002,STATIC_626_MANIFEST,,True,False,False,False,,,no stored Form 4,,,,N/A not polled,0,0,0,,0,0,,,,INTENTIONALLY_OUT_OF_SCOPE,RC1 release launch spec excludes --enable-broad-discovery (release_freeze_preflight/13_full_day_launch_command.md; v2_final_release_acceptance/release_candidate_configuration.json launch_argv)
VLTO,0001967680,STATIC_626_MANIFEST,,True,False,False,False,,,no stored Form 4,,,,N/A not polled,0,0,0,,0,0,,,,INTENTIONALLY_OUT_OF_SCOPE,RC1 release launch spec excludes --enable-broad-discovery (release_freeze_preflight/13_full_day_launch_command.md; v2_final_release_acceptance/release_candidate_configuration.json launch_argv)
VMC,0001396009,STATIC_626_MANIFEST,,True,False,False,False,,,no stored Form 4,,,,N/A not polled,0,0,0,,0,0,,,,INTENTIONALLY_OUT_OF_SCOPE,RC1 release launch spec excludes --enable-broad-discovery (release_freeze_preflight/13_full_day_launch_command.md; v2_final_release_acceptance/release_candidate_configuration.json launch_argv)
VNO,0000899689,STATIC_626_MANIFEST,,True,False,False,False,,,no stored Form 4,,,,N/A not polled,0,0,0,,0,0,,,,INTENTIONALLY_OUT_OF_SCOPE,RC1 release launch spec excludes --enable-broad-discovery (release_freeze_preflight/13_full_day_launch_command.md; v2_final_release_acceptance/release_candidate_configuration.json launch_argv)
VNT,0001786842,STATIC_626_MANIFEST,,True,False,False,False,,,no stored Form 4,,,,N/A not polled,0,0,0,,0,0,,,,INTENTIONALLY_OUT_OF_SCOPE,RC1 release launch spec excludes --enable-broad-discovery (release_freeze_preflight/13_full_day_launch_command.md; v2_final_release_acceptance/release_candidate_configuration.json launch_argv)
VRSK,0001442145,STATIC_626_MANIFEST,,True,False,False,False,,,no stored Form 4,,,,N/A not polled,0,0,0,,0,0,,,,INTENTIONALLY_OUT_OF_SCOPE,RC1 release launch spec excludes --enable-broad-discovery (release_freeze_preflight/13_full_day_launch_command.md; v2_final_release_acceptance/release_candidate_configuration.json launch_argv)
VRSN,0001014473,STATIC_626_MANIFEST,,True,False,False,False,,,no stored Form 4,,,,N/A not polled,0,0,0,,0,0,,,,INTENTIONALLY_OUT_OF_SCOPE,RC1 release launch spec excludes --enable-broad-discovery (release_freeze_preflight/13_full_day_launch_command.md; v2_final_release_acceptance/release_candidate_configuration.json launch_argv)
VRT,0001674101,STATIC_626_MANIFEST,,True,True,True,True,2026-10-07T17:36:01.559422+00:00,2026-10-07T17:36:01.559422+00:00,"in every one of 4637 all-success poll cycles (symbols_polled=39, symbols_failed=0) since 2026-09-24T04:22Z; 12 partial-failure cycles are not symbol-attributed",2026-09-02,True,none attributable (cycle counters only),FRESH (source_freshness SEC_EDGAR_SUBMISSIONS; global),11,14,14,YES,0,0,2026-10-06,2026-10-06T20:22:02,,CONFIGURED_AND_SUCCESSFULLY_POLLED_WITH_FILINGS,V2 execution allowlist = intelligence resolve_watchlist POLLED (run.py --execution-scope resolved-active-watchlist)
VRTX,0000875320,STATIC_626_MANIFEST,,True,False,False,False,,,no stored Form 4,,,,N/A not polled,0,0,0,,0,0,,,,INTENTIONALLY_OUT_OF_SCOPE,RC1 release launch spec excludes --enable-broad-discovery (release_freeze_preflight/13_full_day_launch_command.md; v2_final_release_acceptance/release_candidate_configuration.json launch_argv)
VST,0001692819,STATIC_626_MANIFEST,,True,False,False,False,,,no stored Form 4,,,,N/A not polled,0,0,0,,0,0,,,,INTENTIONALLY_OUT_OF_SCOPE,RC1 release launch spec excludes --enable-broad-discovery (release_freeze_preflight/13_full_day_launch_command.md; v2_final_release_acceptance/release_candidate_configuration.json launch_argv)
VTR,0000740260,STATIC_626_MANIFEST,,True,False,False,False,,,no stored Form 4,,,,N/A not polled,0,0,0,,0,0,,,,INTENTIONALLY_OUT_OF_SCOPE,RC1 release launch spec excludes --enable-broad-discovery (release_freeze_preflight/13_full_day_launch_command.md; v2_final_release_acceptance/release_candidate_configuration.json launch_argv)
VTRS,0001792044,STATIC_626_MANIFEST,,True,False,False,False,,,no stored Form 4,,,,N/A not polled,0,0,0,,0,0,,,,INTENTIONALLY_OUT_OF_SCOPE,RC1 release launch spec excludes --enable-broad-discovery (release_freeze_preflight/13_full_day_launch_command.md; v2_final_release_acceptance/release_candidate_configuration.json launch_argv)
VZ,0000732712,STATIC_626_MANIFEST,,True,False,False,False,,,no stored Form 4,,,,N/A not polled,0,0,0,,0,0,,,,INTENTIONALLY_OUT_OF_SCOPE,RC1 release launch spec excludes --enable-broad-discovery (release_freeze_preflight/13_full_day_launch_command.md; v2_final_release_acceptance/release_candidate_configuration.json launch_argv)
WAB,0000943452,STATIC_626_MANIFEST,,True,False,False,False,,,no stored Form 4,,,,N/A not polled,0,0,0,,0,0,,,,INTENTIONALLY_OUT_OF_SCOPE,RC1 release launch spec excludes --enable-broad-discovery (release_freeze_preflight/13_full_day_launch_command.md; v2_final_release_acceptance/release_candidate_configuration.json launch_argv)
WAT,0001000697,STATIC_626_MANIFEST,,True,False,False,False,,,no stored Form 4,,,,N/A not polled,0,0,0,,0,0,,,,INTENTIONALLY_OUT_OF_SCOPE,RC1 release launch spec excludes --enable-broad-discovery (release_freeze_preflight/13_full_day_launch_command.md; v2_final_release_acceptance/release_candidate_configuration.json launch_argv)
WBA,,UNRESOLVED,,True,False,False,False,,,no stored Form 4,,,,N/A not polled,0,0,0,,0,0,,,,IDENTITY_UNRESOLVED,626 static CIK manifest: unresolved; and out of RC1 scope (RC1 release launch spec excludes --enable-broad-discovery (release_freeze_preflight/13_full_day_launch_command.md; v2_final_release_acceptance/release_candidate_configuration.json launch_argv))
WBD,0001437107,STATIC_626_MANIFEST,,True,False,False,False,,,no stored Form 4,,,,N/A not polled,0,0,0,,0,0,,,,INTENTIONALLY_OUT_OF_SCOPE,RC1 release launch spec excludes --enable-broad-discovery (release_freeze_preflight/13_full_day_launch_command.md; v2_final_release_acceptance/release_candidate_configuration.json launch_argv)
WDAY,0001327811,STATIC_626_MANIFEST,,True,False,False,False,,,no stored Form 4,,,,N/A not polled,0,0,0,,0,0,,,,INTENTIONALLY_OUT_OF_SCOPE,RC1 release launch spec excludes --enable-broad-discovery (release_freeze_preflight/13_full_day_launch_command.md; v2_final_release_acceptance/release_candidate_configuration.json launch_argv)
WDC,0000106040,STATIC_626_MANIFEST,,True,False,False,False,,,no stored Form 4,,,,N/A not polled,0,0,0,,0,0,,,,INTENTIONALLY_OUT_OF_SCOPE,RC1 release launch spec excludes --enable-broad-discovery (release_freeze_preflight/13_full_day_launch_command.md; v2_final_release_acceptance/release_candidate_configuration.json launch_argv)
WEC,0000783325,STATIC_626_MANIFEST,,True,False,False,False,,,no stored Form 4,,,,N/A not polled,0,0,0,,0,0,,,,INTENTIONALLY_OUT_OF_SCOPE,RC1 release launch spec excludes --enable-broad-discovery (release_freeze_preflight/13_full_day_launch_command.md; v2_final_release_acceptance/release_candidate_configuration.json launch_argv)
WELL,0000766704,STATIC_626_MANIFEST,,True,False,False,False,,,no stored Form 4,,,,N/A not polled,0,0,0,,0,0,,,,INTENTIONALLY_OUT_OF_SCOPE,RC1 release launch spec excludes --enable-broad-discovery (release_freeze_preflight/13_full_day_launch_command.md; v2_final_release_acceptance/release_candidate_configuration.json launch_argv)
WFC,0000072971,STATIC_626_MANIFEST,,True,False,False,False,,,no stored Form 4,,,,N/A not polled,0,0,0,,0,0,,,,INTENTIONALLY_OUT_OF_SCOPE,RC1 release launch spec excludes --enable-broad-discovery (release_freeze_preflight/13_full_day_launch_command.md; v2_final_release_acceptance/release_candidate_configuration.json launch_argv)
WHR,0000106640,STATIC_626_MANIFEST,,True,False,False,False,,,no stored Form 4,,,,N/A not polled,0,0,0,,0,0,,,,INTENTIONALLY_OUT_OF_SCOPE,RC1 release launch spec excludes --enable-broad-discovery (release_freeze_preflight/13_full_day_launch_command.md; v2_final_release_acceptance/release_candidate_configuration.json launch_argv)
WM,0000823768,STATIC_626_MANIFEST,,True,False,False,False,,,no stored Form 4,,,,N/A not polled,0,0,0,,0,0,,,,INTENTIONALLY_OUT_OF_SCOPE,RC1 release launch spec excludes --enable-broad-discovery (release_freeze_preflight/13_full_day_launch_command.md; v2_final_release_acceptance/release_candidate_configuration.json launch_argv)
WMB,0000107263,STATIC_626_MANIFEST,,True,False,False,False,,,no stored Form 4,,,,N/A not polled,0,0,0,,0,0,,,,INTENTIONALLY_OUT_OF_SCOPE,RC1 release launch spec excludes --enable-broad-discovery (release_freeze_preflight/13_full_day_launch_command.md; v2_final_release_acceptance/release_candidate_configuration.json launch_argv)
WMT,0000104169,STATIC_626_MANIFEST,,True,True,True,True,2026-10-07T17:36:01.559422+00:00,2026-10-07T17:36:01.559422+00:00,"in every one of 4637 all-success poll cycles (symbols_polled=39, symbols_failed=0) since 2026-09-24T04:22Z; 12 partial-failure cycles are not symbol-attributed",2026-09-02,True,none attributable (cycle counters only),FRESH (source_freshness SEC_EDGAR_SUBMISSIONS; global),10,18,18,YES,0,0,2026-10-02,2026-10-02T21:37:50,,CONFIGURED_AND_SUCCESSFULLY_POLLED_WITH_FILINGS,V2 execution allowlist = intelligence resolve_watchlist POLLED (run.py --execution-scope resolved-active-watchlist)
WRB,0000011544,STATIC_626_MANIFEST,,True,False,False,False,,,no stored Form 4,,,,N/A not polled,0,0,0,,0,0,,,,INTENTIONALLY_OUT_OF_SCOPE,RC1 release launch spec excludes --enable-broad-discovery (release_freeze_preflight/13_full_day_launch_command.md; v2_final_release_acceptance/release_candidate_configuration.json launch_argv)
WSM,0000719955,STATIC_626_MANIFEST,,True,False,False,False,,,no stored Form 4,,,,N/A not polled,0,0,0,,0,0,,,,INTENTIONALLY_OUT_OF_SCOPE,RC1 release launch spec excludes --enable-broad-discovery (release_freeze_preflight/13_full_day_launch_command.md; v2_final_release_acceptance/release_candidate_configuration.json launch_argv)
WST,0000105770,STATIC_626_MANIFEST,,True,False,False,False,,,no stored Form 4,,,,N/A not polled,0,0,0,,0,0,,,,INTENTIONALLY_OUT_OF_SCOPE,RC1 release launch spec excludes --enable-broad-discovery (release_freeze_preflight/13_full_day_launch_command.md; v2_final_release_acceptance/release_candidate_configuration.json launch_argv)
WTW,0001140536,STATIC_626_MANIFEST,,True,False,False,False,,,no stored Form 4,,,,N/A not polled,0,0,0,,0,0,,,,INTENTIONALLY_OUT_OF_SCOPE,RC1 release launch spec excludes --enable-broad-discovery (release_freeze_preflight/13_full_day_launch_command.md; v2_final_release_acceptance/release_candidate_configuration.json launch_argv)
WU,0001365135,STATIC_626_MANIFEST,,True,False,False,False,,,no stored Form 4,,,,N/A not polled,0,0,0,,0,0,,,,INTENTIONALLY_OUT_OF_SCOPE,RC1 release launch spec excludes --enable-broad-discovery (release_freeze_preflight/13_full_day_launch_command.md; v2_final_release_acceptance/release_candidate_configuration.json launch_argv)
WY,0000106535,STATIC_626_MANIFEST,,True,False,False,False,,,no stored Form 4,,,,N/A not polled,0,0,0,,0,0,,,,INTENTIONALLY_OUT_OF_SCOPE,RC1 release launch spec excludes --enable-broad-discovery (release_freeze_preflight/13_full_day_launch_command.md; v2_final_release_acceptance/release_candidate_configuration.json launch_argv)
WYNN,0001174922,STATIC_626_MANIFEST,,True,False,False,False,,,no stored Form 4,,,,N/A not polled,0,0,0,,0,0,,,,INTENTIONALLY_OUT_OF_SCOPE,RC1 release launch spec excludes --enable-broad-discovery (release_freeze_preflight/13_full_day_launch_command.md; v2_final_release_acceptance/release_candidate_configuration.json launch_argv)
XEC,,UNRESOLVED,,True,False,False,False,,,no stored Form 4,,,,N/A not polled,0,0,0,,0,0,,,,IDENTITY_UNRESOLVED,626 static CIK manifest: unresolved; and out of RC1 scope (RC1 release launch spec excludes --enable-broad-discovery (release_freeze_preflight/13_full_day_launch_command.md; v2_final_release_acceptance/release_candidate_configuration.json launch_argv))
XEL,0000072903,STATIC_626_MANIFEST,,True,False,False,False,,,no stored Form 4,,,,N/A not polled,0,0,0,,0,0,,,,INTENTIONALLY_OUT_OF_SCOPE,RC1 release launch spec excludes --enable-broad-discovery (release_freeze_preflight/13_full_day_launch_command.md; v2_final_release_acceptance/release_candidate_configuration.json launch_argv)
XLNX,,UNRESOLVED,,True,False,False,False,,,no stored Form 4,,,,N/A not polled,0,0,0,,0,0,,,,IDENTITY_UNRESOLVED,626 static CIK manifest: unresolved; and out of RC1 scope (RC1 release launch spec excludes --enable-broad-discovery (release_freeze_preflight/13_full_day_launch_command.md; v2_final_release_acceptance/release_candidate_configuration.json launch_argv))
XOM,0002115436,STATIC_626_MANIFEST,,True,False,False,False,,,no stored Form 4,,,,N/A not polled,0,0,0,,0,0,,,,INTENTIONALLY_OUT_OF_SCOPE,RC1 release launch spec excludes --enable-broad-discovery (release_freeze_preflight/13_full_day_launch_command.md; v2_final_release_acceptance/release_candidate_configuration.json launch_argv)
XRAY,0000818479,STATIC_626_MANIFEST,,True,False,False,False,,,no stored Form 4,,,,N/A not polled,0,0,0,,0,0,,,,INTENTIONALLY_OUT_OF_SCOPE,RC1 release launch spec excludes --enable-broad-discovery (release_freeze_preflight/13_full_day_launch_command.md; v2_final_release_acceptance/release_candidate_configuration.json launch_argv)
XRX,0001770450,STATIC_626_MANIFEST,,True,False,False,False,,,no stored Form 4,,,,N/A not polled,0,0,0,,0,0,,,,INTENTIONALLY_OUT_OF_SCOPE,RC1 release launch spec excludes --enable-broad-discovery (release_freeze_preflight/13_full_day_launch_command.md; v2_final_release_acceptance/release_candidate_configuration.json launch_argv)
XYL,0001524472,STATIC_626_MANIFEST,,True,False,False,False,,,no stored Form 4,,,,N/A not polled,0,0,0,,0,0,,,,INTENTIONALLY_OUT_OF_SCOPE,RC1 release launch spec excludes --enable-broad-discovery (release_freeze_preflight/13_full_day_launch_command.md; v2_final_release_acceptance/release_candidate_configuration.json launch_argv)
XYZ,0001512673,STATIC_626_MANIFEST,,True,False,False,False,,,no stored Form 4,,,,N/A not polled,0,0,0,,0,0,,,,INTENTIONALLY_OUT_OF_SCOPE,RC1 release launch spec excludes --enable-broad-discovery (release_freeze_preflight/13_full_day_launch_command.md; v2_final_release_acceptance/release_candidate_configuration.json launch_argv)
YUM,0001041061,STATIC_626_MANIFEST,,True,False,False,False,,,no stored Form 4,,,,N/A not polled,0,0,0,,0,0,,,,INTENTIONALLY_OUT_OF_SCOPE,RC1 release launch spec excludes --enable-broad-discovery (release_freeze_preflight/13_full_day_launch_command.md; v2_final_release_acceptance/release_candidate_configuration.json launch_argv)
ZBH,0001136869,STATIC_626_MANIFEST,,True,False,False,False,,,no stored Form 4,,,,N/A not polled,0,0,0,,0,0,,,,INTENTIONALLY_OUT_OF_SCOPE,RC1 release launch spec excludes --enable-broad-discovery (release_freeze_preflight/13_full_day_launch_command.md; v2_final_release_acceptance/release_candidate_configuration.json launch_argv)
ZBRA,0000877212,STATIC_626_MANIFEST,,True,False,False,False,,,no stored Form 4,,,,N/A not polled,0,0,0,,0,0,,,,INTENTIONALLY_OUT_OF_SCOPE,RC1 release launch spec excludes --enable-broad-discovery (release_freeze_preflight/13_full_day_launch_command.md; v2_final_release_acceptance/release_candidate_configuration.json launch_argv)
ZION,0000109380,STATIC_626_MANIFEST,,True,False,False,False,,,no stored Form 4,,,,N/A not polled,0,0,0,,0,0,,,,INTENTIONALLY_OUT_OF_SCOPE,RC1 release launch spec excludes --enable-broad-discovery (release_freeze_preflight/13_full_day_launch_command.md; v2_final_release_acceptance/release_candidate_configuration.json launch_argv)
ZTS,0001555280,STATIC_626_MANIFEST,,True,False,False,False,,,no stored Form 4,,,,N/A not polled,0,0,0,,0,0,,,,INTENTIONALLY_OUT_OF_SCOPE,RC1 release launch spec excludes --enable-broad-discovery (release_freeze_preflight/13_full_day_launch_command.md; v2_final_release_acceptance/release_candidate_configuration.json launch_argv)
