symbol,exchange,structural,price,adv20_usd,adv20_sh,daily_coverage,rth_coverage_d1,range_bps_d1,spread_bps,spread_basis,v1_floor_eligible,adv_rank
A,NYSE,ELIGIBLE,172.79,401581770.166,2568440.85,1.0,0.9821,6.98,9.9,D-1,True,313
AA,NYSE,ELIGIBLE,42.85,177779176.367,3771634.65,1.0,1.0,7.9,8.15,D-1,True,678
AAA,ARCA,FUND_ETF_ETN,,,,,,,,UNMEASURED,False,
AAAA,BATS,FUND_ETF_ETN,,,,,,,,UNMEASURED,False,
AAAC,ARCA,FUND_ETF_ETN,,,,,,,,UNMEASURED,False,
AAAD,ARCA,FUND_ETF_ETN,,,,,,,,UNMEASURED,False,
AAAP,NASDAQ,FUND_ETF_ETN,,,,,,,,UNMEASURED,False,
AAAU,BATS,FUND_ETF_ETN,,,,,,,,UNMEASURED,False,
AAC,NYSE,ELIGIBLE,10.07,453270.88399999996,44984.8,1.0,0.0026,0.0,34.72,D-1,False,
AAC.U,NYSE,WARRANT,,,,,,,,UNMEASURED,False,
AAC.WS,NYSE,MALFORMED_OR_NON_COMMON_SYMBOL,,,,,,,,UNMEASURED,False,
AACG,NASDAQ,ELIGIBLE,0.86,5487.22578,6243.25,1.0,0.0256,0.0,790.96,D-1,False,
AACI,NASDAQ,ELIGIBLE,10.05,318325.44673,31696.95,1.0,0.0051,0.0,,UNMEASURED,False,
AACIU,NASDAQ,UNIT,,,,,,,,UNMEASURED,False,
AACIW,NASDAQ,WARRANT,,,,,,,,UNMEASURED,False,
AACO,NASDAQ,ELIGIBLE,10.0,103745.6965,10400.2,1.0,0.0,,,UNMEASURED,False,
AACOU,NASDAQ,UNIT,,,,,,,,UNMEASURED,False,
AACOW,NASDAQ,WARRANT,,,,,,,,UNMEASURED,False,
AACP,NASDAQ,ELIGIBLE,10.1,150982.3685,14993.35,1.0,0.0,,,UNMEASURED,False,
AACPR,NASDAQ,RIGHT,,,,,,,,UNMEASURED,False,
AACPU,NASDAQ,UNIT,,,,,,,,UNMEASURED,False,
AACPW,NASDAQ,WARRANT,,,,,,,,UNMEASURED,False,
AACRF,OTC,NOT_TRADABLE,,,,,,,,UNMEASURED,False,
AADR,NASDAQ,FUND_ETF_ETN,,,,,,,,UNMEASURED,False,
AADX,NYSE,ELIGIBLE,12.64,27321838.9625,2173857.2,1.0,0.8436,7.84,19.43,D-1,True,1918
AAEQ,NASDAQ,FUND_ETF_ETN,,,,,,,,UNMEASURED,False,
AAGIY,OTC,NOT_LISTED_EXCHANGE,,,,,,,,UNMEASURED,False,
AAGR,OTC,NOT_TRADABLE,,,,,,,,UNMEASURED,False,
AAGRW,OTC,NOT_TRADABLE,,,,,,,,UNMEASURED,False,
AAL,NASDAQ,ELIGIBLE,13.87,932038862.7574999,70883582.7,1.0,1.0,14.47,7.33,D-1,True,119
AALG,NASDAQ,FUND_ETF_ETN,,,,,,,,UNMEASURED,False,
AAMCF,OTC,NOT_TRADABLE,,,,,,,,UNMEASURED,False,
AAME,NASDAQ,ELIGIBLE,1.36,60152.965249999994,44118.55,1.0,0.0359,0.0,167.85,D-1,False,
AAMI,NYSE,ELIGIBLE,93.88,44854829.5475,492594.75,1.0,0.5179,1.06,14.38,D-1,True,1582
AAOG,BATS,FUND_ETF_ETN,,,,,,,,UNMEASURED,False,
AAOI,NASDAQ,ELIGIBLE,101.4,683828814.9909999,6602411.05,1.0,1.0,22.48,15.02,D-1,True,169
AAON,NASDAQ,ELIGIBLE,89.1,92032496.3735,1167760.9,1.0,0.9872,12.45,31.43,D-1,True,1040
AAOX,BATS,FUND_ETF_ETN,,,,,,,,UNMEASURED,False,
AAOZ,BATS,FUND_ETF_ETN,,,,,,,,UNMEASURED,False,
AAP,NYSE,ELIGIBLE,41.73,73633288.29800001,1726042.6,1.0,0.9205,7.16,14.37,D-1,True,1196
AAPB,NASDAQ,FUND_ETF_ETN,,,,,,,,UNMEASURED,False,
AAPD,NASDAQ,FUND_ETF_ETN,,,,,,,,UNMEASURED,False,
AAPE,BATS,FUND_ETF_ETN,,,,,,,,UNMEASURED,False,
AAPG,NASDAQ,ELIGIBLE,14.856,103185.15934,6265.35,1.0,0.0179,0.0,263.02,D-1,False,
AAPL,NASDAQ,ELIGIBLE,341.07,14164113497.102499,43067993.25,1.0,1.0,6.35,0.89,D-1,True,6
AAPR,BATS,FUND_ETF_ETN,,,,,,,,UNMEASURED,False,
AAPU,NASDAQ,FUND_ETF_ETN,,,,,,,,UNMEASURED,False,
AAPW,BATS,FUND_ETF_ETN,,,,,,,,UNMEASURED,False,
AAPX,BATS,FUND_ETF_ETN,,,,,,,,UNMEASURED,False,
AAPY,BATS,FUND_ETF_ETN,,,,,,,,UNMEASURED,False,
AARD,NASDAQ,ELIGIBLE,5.06,726208.042,133515.9,1.0,0.2051,0.0,334.65,D-1,False,
AAT,NYSE,ELIGIBLE,21.58,10375613.509,473196.3,1.0,0.3821,0.0,9.39,D-1,True,2589
AATC,OTC,NOT_TRADABLE,,,,,,,,UNMEASURED,False,
AAUA,BATS,FUND_ETF_ETN,,,,,,,,UNMEASURED,False,
AAUAF,OTC,NOT_TRADABLE,,,,,,,,UNMEASURED,False,
AAUB,NASDAQ,FUND_ETF_ETN,,,,,,,,UNMEASURED,False,
AAUC,NYSE,ELIGIBLE,22.29,10099755.988,446239.55,1.0,0.2949,0.0,29.36,D-1,True,2610
AAUS,NASDAQ,FUND_ETF_ETN,,,,,,,,UNMEASURED,False,
AAVM,NASDAQ,FUND_ETF_ETN,,,,,,,,UNMEASURED,False,
AAXJ,NASDAQ,FUND_ETF_ETN,,,,,,,,UNMEASURED,False,
AB,NYSE,ELIGIBLE,35.76,10919542.021,301063.4,1.0,0.641,1.4,8.46,D-1,True,2564
ABAT,NASDAQ,ELIGIBLE,2.26,8171633.203,3331187.15,1.0,0.9872,22.06,44.34,D-1,True,2743
ABBNY,OTC,NOT_TRADABLE,,,,,,,,UNMEASURED,False,
ABBV,NYSE,ELIGIBLE,264.34,1059264997.9004999,4077366.2,1.0,0.9949,4.16,9.0,D-1,True,99
ABCB,NYSE,ELIGIBLE,82.29,39324999.633999996,469628.25,1.0,0.5051,1.2,9.11,D-1,True,1671
ABCL,NASDAQ,ELIGIBLE,12.7,50450927.0585,4271629.95,1.0,0.9974,15.56,15.8,D-1,True,1487
ABCS,NASDAQ,FUND_ETF_ETN,,,,,,,,UNMEASURED,False,
ABEO,NASDAQ,ELIGIBLE,5.4,7931303.17925,1410279.25,1.0,0.8128,9.13,18.55,D-1,True,2765
ABEPD,OTC,NOT_LISTED_EXCHANGE,,,,,,,,UNMEASURED,False,
ABEQ,ARCA,FUND_ETF_ETN,,,,,,,,UNMEASURED,False,
ABEV,NYSE,ELIGIBLE,2.91,70526584.8305,23733715.3,1.0,0.9846,17.26,34.48,D-1,True,1228
ABFL,BATS,FUND_ETF_ETN,,,,,,,,UNMEASURED,False,
ABG,NYSE,ELIGIBLE,185.15,47299709.283,240815.05,1.0,0.341,0.0,44.34,D-1,True,1531
ABI,NASDAQ,FUND_ETF_ETN,,,,,,,,UNMEASURED,False,
ABIG,NASDAQ,FUND_ETF_ETN,,,,,,,,UNMEASURED,False,
ABLD,BATS,FUND_ETF_ETN,,,,,,,,UNMEASURED,False,
ABLG,BATS,FUND_ETF_ETN,,,,,,,,UNMEASURED,False,
ABLS,BATS,FUND_ETF_ETN,,,,,,,,UNMEASURED,False,
ABLV,NASDAQ,ELIGIBLE,1.3,183588.36943999998,150566.3,1.0,0.4077,117.88,256.79,D-1,False,
ABLVW,NASDAQ,WARRANT,,,,,,,,UNMEASURED,False,
ABM,NYSE,ELIGIBLE,49.78,27302599.482,555106.15,1.0,0.5641,0.32,11.14,D-1,True,1920
ABNB,NASDAQ,ELIGIBLE,157.47,877960208.38025,5219267.3,1.0,0.9974,9.68,5.13,D-1,True,133
ABND,ARCA,FUND_ETF_ETN,,,,,,,,UNMEASURED,False,
ABOS,NASDAQ,ELIGIBLE,2.24,1059779.6525,384930.95,1.0,0.4333,0.0,44.84,D-1,True,3900
ABOT,BATS,FUND_ETF_ETN,,,,,,,,UNMEASURED,False,
ABPO,OTC,NOT_TRADABLE,,,,,,,,UNMEASURED,False,
ABPWW,OTC,NOT_TRADABLE,,,,,,,,UNMEASURED,False,
ABR,NYSE,ELIGIBLE,4.03,20983631.6635,4568840.1,1.0,0.959,12.34,24.6,D-1,True,2116
ABR.PRD,NYSE,MALFORMED_OR_NON_COMMON_SYMBOL,,,,,,,,UNMEASURED,False,
ABR.PRE,NYSE,MALFORMED_OR_NON_COMMON_SYMBOL,,,,,,,,UNMEASURED,False,
ABR.PRF,NYSE,MALFORMED_OR_NON_COMMON_SYMBOL,,,,,,,,UNMEASURED,False,
ABSI,NASDAQ,ELIGIBLE,9.74,35667893.847500004,3848118.35,1.0,0.9897,15.09,10.11,D-1,True,1740
ABT,NYSE,ELIGIBLE,101.29,921811526.0139999,8793806.15,1.0,1.0,5.94,2.96,D-1,True,121
ABTC,NASDAQ,ELIGIBLE,9.1,16276225.379499998,1837253.85,1.0,0.8744,11.07,33.02,D-1,True,2279
ABTS,NASDAQ,ELIGIBLE,1.18,154135.93162,109551.4,1.0,0.0231,0.0,326.91,D-1,False,
ABUF,BATS,FUND_ETF_ETN,,,,,,,,UNMEASURED,False,
ABUS,NASDAQ,ELIGIBLE,4.85,26928127.2065,5374497.1,1.0,1.0,10.23,20.45,D-1,True,1935
ABVC,NASDAQ,ELIGIBLE,1.13,143147.37078,137153.5,1.0,0.2641,0.0,134.16,D-1,False,
ABVEF,OTC,NOT_TRADABLE,,,,,,,,UNMEASURED,False,
ABVWF,OTC,NOT_TRADABLE,,,,,,,,UNMEASURED,False,
ABVX,NASDAQ,ELIGIBLE,91.06,141206141.826,1329525.8,1.0,0.9692,10.19,28.46,D-1,True,797
ABX,NYSE,ELIGIBLE,8.29,5294486.6265,601831.9,1.0,0.7795,5.48,17.79,D-1,True,3013
ABXB,BATS,FUND_ETF_ETN,,,,,,,,UNMEASURED,False,
ABXL,NYSE,NOTE_DEBT,,,,,,,,UNMEASURED,False,
ABXXF,OTC,NOT_LISTED_EXCHANGE,,,,,,,,UNMEASURED,False,
ACA,NYSE,ELIGIBLE,146.62,98652848.3595,677218.75,1.0,0.7,0.34,1.03,D-1,True,999
ACAA,NASDAQ,ELIGIBLE,10.0,546486.63841,54764.25,1.0,0.0077,0.0,119.4,D-1,False,
ACAAU,NASDAQ,UNIT,,,,,,,,UNMEASURED,False,
ACAAW,NASDAQ,WARRANT,,,,,,,,UNMEASURED,False,
ACAD,NASDAQ,ELIGIBLE,20.68,50091843.248500004,1924226.75,1.0,0.9923,9.66,11.98,D-1,True,1495
ACB,NASDAQ,ELIGIBLE,4.1,3492275.0519999997,876284.7,1.0,0.5821,0.0,24.27,D-1,True,3244
ACBE,NASDAQ,FUND_ETF_ETN,,,,,,,,UNMEASURED,False,
ACBH,NASDAQ,FUND_ETF_ETN,,,,,,,,UNMEASURED,False,
ACCL,NASDAQ,ELIGIBLE,2.5,680175.7849999999,224192.45,1.0,0.0205,0.0,800.18,D-1,False,
ACCO,NYSE,ELIGIBLE,4.31,3064795.8825,717096.65,1.0,0.6436,0.0,23.15,D-1,True,3316
ACCS,AMEX,ELIGIBLE,4.79,128708.8355,25491.65,1.0,0.0103,0.0,381.62,D-1,False,
ACDC,NASDAQ,ELIGIBLE,4.605,5868277.485,1174495.5,1.0,0.7564,8.85,21.7,D-1,True,2953
ACEI,ARCA,FUND_ETF_ETN,,,,,,,,UNMEASURED,False,
ACEL,NYSE,ELIGIBLE,11.07,3492000.5585000003,305048.85,1.0,0.4231,0.0,13.69,D-1,True,3245
ACEP,NASDAQ,FUND_ETF_ETN,,,,,,,,UNMEASURED,False,
ACES,ARCA,FUND_ETF_ETN,,,,,,,,UNMEASURED,False,
ACET,NASDAQ,ELIGIBLE,9.02,1548982.71725,173051.35,1.0,0.3,0.0,188.11,D-1,True,3686
ACFN,NASDAQ,ELIGIBLE,20.985,1377157.0485,68316.85,1.0,0.0744,0.0,318.91,D-1,True,3750
ACGBY,OTC,NOT_LISTED_EXCHANGE,,,,,,,,UNMEASURED,False,
ACGC,NASDAQ,ELIGIBLE,10.051,386762.29813999997,38459.7,1.0,0.0026,0.0,,UNMEASURED,False,
ACGCU,NASDAQ,UNIT,,,,,,,,UNMEASURED,False,
ACGCW,NASDAQ,WARRANT,,,,,,,,UNMEASURED,False,
ACGL,NASDAQ,ELIGIBLE,94.66,424102705.872,4378630.8,1.0,0.9974,4.21,2.11,D-1,True,292
ACGLN,NASDAQ,PREFERRED,,,,,,,,UNMEASURED,False,
ACGLO,NASDAQ,PREFERRED,,,,,,,,UNMEASURED,False,
ACGO,BATS,FUND_ETF_ETN,,,,,,,,UNMEASURED,False,
ACGR,ARCA,FUND_ETF_ETN,,,,,,,,UNMEASURED,False,
ACH,NYSE,ELIGIBLE,0.708,1150981.045325,1177045.9,1.0,0.8872,17.63,56.99,D-1,False,
ACHC,NASDAQ,ELIGIBLE,28.09,41916869.002,1484967.4,1.0,0.8897,7.15,16.2,D-1,True,1623
ACHR,NYSE,ELIGIBLE,5.61,133518863.175,24038737.95,1.0,1.0,17.74,17.68,D-1,True,826
ACHV,NASDAQ,ELIGIBLE,7.54,12819513.861,1647020.45,1.0,0.9641,12.98,19.75,D-1,True,2448
ACHX,BATS,FUND_ETF_ETN,,,,,,,,UNMEASURED,False,
ACI,NYSE,ELIGIBLE,11.67,100781376.677,8230085.2,1.0,0.9949,8.51,8.52,D-1,True,986
ACIC,NASDAQ,ELIGIBLE,9.4,2455499.796,264495.05,1.0,0.4718,0.0,16.11,D-1,True,3436
ACII,ARCA,FUND_ETF_ETN,,,,,,,,UNMEASURED,False,
ACIO,BATS,FUND_ETF_ETN,,,,,,,,UNMEASURED,False,
ACIU,NASDAQ,ELIGIBLE,2.52,435474.965,159805.6,1.0,0.4538,0.0,39.93,D-1,False,
ACIW,NASDAQ,ELIGIBLE,49.51,39485145.5755,767234.85,1.0,0.5333,1.01,10.05,D-1,True,1669
ACKAY,OTC,NOT_LISTED_EXCHANGE,,,,,,,,UNMEASURED,False,
ACKY,ARCA,FUND_ETF_ETN,,,,,,,,UNMEASURED,False,
ACLC,ARCA,FUND_ETF_ETN,,,,,,,,UNMEASURED,False,
ACLLY,OTC,NOT_TRADABLE,,,,,,,,UNMEASURED,False,
ACLO,NYSE,FUND_ETF_ETN,,,,,,,,UNMEASURED,False,
ACLS,NASDAQ,ELIGIBLE,123.11,38814561.6105,345494.8,1.0,0.6,2.51,66.05,D-1,True,1680
ACLZ,BATS,FUND_ETF_ETN,,,,,,,,UNMEASURED,False,
ACM,NYSE,ELIGIBLE,60.89,137365368.366,2115760.05,1.0,0.9744,11.49,19.06,D-1,True,816
ACMM,BATS,FUND_ETF_ETN,,,,,,,,UNMEASURED,False,
ACMR,NASDAQ,ELIGIBLE,77.3,79153253.516,1088261.15,1.0,0.741,7.72,30.95,D-1,True,1141
ACN,NYSE,ELIGIBLE,176.11,894902858.0139999,4832896.35,1.0,1.0,8.35,8.39,D-1,True,128
ACNB,NASDAQ,ELIGIBLE,63.73,4787612.944,74067.95,1.0,0.1462,0.0,42.51,D-1,True,3082
ACNT,NASDAQ,ELIGIBLE,14.7,431762.48475,28851.85,1.0,0.0641,0.0,,UNMEASURED,False,
ACOG,NASDAQ,ELIGIBLE,8.47,1038218.76175,116424.55,1.0,0.159,0.0,199.91,D-1,True,3910
ACOM,ARCA,FUND_ETF_ETN,,,,,,,,UNMEASURED,False,
ACON,NASDAQ,ELIGIBLE,2.59,129337.74343999999,49430.0,1.0,0.0795,0.0,246.71,D-1,False,
ACONW,NASDAQ,WARRANT,,,,,,,,UNMEASURED,False,
ACP,NYSE,FUND_ETF_ETN,,,,,,,,UNMEASURED,False,
ACP.PRA,NYSE,MALFORMED_OR_NON_COMMON_SYMBOL,,,,,,,,UNMEASURED,False,
ACQQ,NASDAQ,FUND_ETF_ETN,,,,,,,,UNMEASURED,False,
ACR,NYSE,ELIGIBLE,10.48,632543.613,48436.1,1.0,0.1462,0.0,175.32,D-1,False,
ACR.PRC,NYSE,MALFORMED_OR_NON_COMMON_SYMBOL,,,,,,,,UNMEASURED,False,
ACR.PRD,NYSE,MALFORMED_OR_NON_COMMON_SYMBOL,,,,,,,,UNMEASURED,False,
ACRE,NYSE,ELIGIBLE,4.19,1688877.85,386906.35,1.0,0.6487,0.0,24.1,D-1,True,3640
ACRS,NASDAQ,ELIGIBLE,5.15,14842496.8905,2649706.1,1.0,0.8564,9.65,19.34,D-1,True,2348
ACRT,NASDAQ,FUND_ETF_ETN,,,,,,,,UNMEASURED,False,
ACRV,NASDAQ,ELIGIBLE,2.1,625830.3785,317993.5,1.0,0.4538,0.0,47.84,D-1,False,
ACSG,BATS,FUND_ETF_ETN,,,,,,,,UNMEASURED,False,
ACSI,BATS,FUND_ETF_ETN,,,,,,,,UNMEASURED,False,
ACSP,NASDAQ,FUND_ETF_ETN,,,,,,,,UNMEASURED,False,
ACSV,BATS,FUND_ETF_ETN,,,,,,,,UNMEASURED,False,
ACT,NASDAQ,ELIGIBLE,46.97,20705598.6855,424062.65,1.0,0.5359,0.0,12.84,D-1,True,2128
ACTG,NASDAQ,ELIGIBLE,4.27,870969.695,194558.6,1.0,0.2154,0.0,23.31,D-1,False,
ACTS,ARCA,FUND_ETF_ETN,,,,,,,,UNMEASURED,False,
ACTU,NASDAQ,ELIGIBLE,0.68,343849.788985,289428.3,1.0,0.4256,0.0,405.93,D-1,False,
ACU,AMEX,ELIGIBLE,62.75,2977419.398,48065.2,1.0,0.0359,3.57,116.31,D-1,True,3330
ACV,NYSE,FUND_ETF_ETN,,,,,,,,UNMEASURED,False,
ACVA,NYSE,ELIGIBLE,10.46,136832593.51700002,13831121.65,1.0,1.0,4.78,9.56,D-1,True,818
ACVF,ARCA,FUND_ETF_ETN,,,,,,,,UNMEASURED,False,
ACVT,ARCA,FUND_ETF_ETN,,,,,,,,UNMEASURED,False,
ACVU,BATS,FUND_ETF_ETN,,,,,,,,UNMEASURED,False,
ACWI,NASDAQ,FUND_ETF_ETN,,,,,,,,UNMEASURED,False,
ACWV,BATS,FUND_ETF_ETN,,,,,,,,UNMEASURED,False,
ACWX,NASDAQ,FUND_ETF_ETN,,,,,,,,UNMEASURED,False,
ACXP,NASDAQ,ELIGIBLE,1.36,121169.2555,87519.9,1.0,0.1282,0.0,146.25,D-1,False,
ACYN,ARCA,FUND_ETF_ETN,,,,,,,,UNMEASURED,False,
ACYQ,ARCA,FUND_ETF_ETN,,,,,,,,UNMEASURED,False,
ACYS,ARCA,FUND_ETF_ETN,,,,,,,,UNMEASURED,False,
AD,NYSE,ELIGIBLE,34.49,10328132.821,279447.85,1.0,0.4538,1.46,17.52,D-1,True,2594
ADAC,NASDAQ,ELIGIBLE,10.12,333521.95924999996,33143.9,1.0,0.0,,,UNMEASURED,False,
ADACU,NASDAQ,UNIT,,,,,,,,UNMEASURED,False,
ADACW,NASDAQ,WARRANT,,,,,,,,UNMEASURED,False,
ADAG,NASDAQ,ELIGIBLE,2.93,700079.6615,215370.9,1.0,0.2487,0.0,67.69,D-1,False,
ADAM,NASDAQ,ELIGIBLE,8.14,10502821.85375,1168266.55,1.0,0.8179,6.15,12.34,D-1,True,2586
ADAMG,NASDAQ,NOTE_DEBT,,,,,,,,UNMEASURED,False,
ADAMH,NASDAQ,NOTE_DEBT,,,,,,,,UNMEASURED,False,
ADAMI,NASDAQ,NOTE_DEBT,,,,,,,,UNMEASURED,False,
ADAMK,NASDAQ,NOTE_DEBT,,,,,,,,UNMEASURED,False,
ADAML,NASDAQ,PREFERRED,,,,,,,,UNMEASURED,False,
ADAMM,NASDAQ,PREFERRED,,,,,,,,UNMEASURED,False,
ADAMN,NASDAQ,PREFERRED,,,,,,,,UNMEASURED,False,
ADAMO,NASDAQ,NOTE_DEBT,,,,,,,,UNMEASURED,False,
ADAMZ,NASDAQ,PREFERRED,,,,,,,,UNMEASURED,False,
ADAPY,OTC,NOT_TRADABLE,,,,,,,,UNMEASURED,False,
ADBE,NASDAQ,ELIGIBLE,235.47,1442280457.7944999,5592942.2,1.0,1.0,7.94,7.32,D-1,True,70
ADBG,NASDAQ,FUND_ETF_ETN,,,,,,,,UNMEASURED,False,
ADBT,NASDAQ,ELIGIBLE,0.113,10266203.729245,58734078.6,1.0,0.8667,25.77,60.48,D-1,False,
ADBU,ARCA,FUND_ETF_ETN,,,,,,,,UNMEASURED,False,
ADC,NYSE,ELIGIBLE,67.48,105769089.4335,1511403.8,1.0,0.8718,2.97,5.22,D-1,True,957
ADC.PRA,NYSE,MALFORMED_OR_NON_COMMON_SYMBOL,,,,,,,,UNMEASURED,False,
ADCT,NYSE,ELIGIBLE,1.27,1932910.798,1621570.0,1.0,0.8487,39.19,78.74,D-1,True,3574
ADDS,ARCA,FUND_ETF_ETN,,,,,,,,UNMEASURED,False,
ADDYY,OTC,NOT_LISTED_EXCHANGE,,,,,,,,UNMEASURED,False,
ADEA,NASDAQ,ELIGIBLE,25.48,22163537.236500002,871902.45,1.0,0.7282,3.94,17.79,D-1,True,2074
ADGM,NASDAQ,ELIGIBLE,0.195,575017.31451,2373732.85,1.0,0.9103,57.32,270.25,D-1,False,
ADI,NASDAQ,ELIGIBLE,393.6,1245586499.2905002,3377114.0,1.0,1.0,8.64,6.46,D-1,True,85
ADIG,NYSE,ELIGIBLE,19.55,15837139.716,758397.2,1.0,0.5538,10.0,83.96,D-1,True,2299
ADIL,NASDAQ,ELIGIBLE,4.22,273625.25175,50808.85,1.0,0.0744,0.0,369.9,D-1,False,
ADIS,OTC,NOT_TRADABLE,,,,,,,,UNMEASURED,False,
ADIU,BATS,FUND_ETF_ETN,,,,,,,,UNMEASURED,False,
ADIV,ARCA,FUND_ETF_ETN,,,,,,,,UNMEASURED,False,
ADM,NYSE,ELIGIBLE,81.12,329482876.9635,3895558.35,1.0,0.9872,6.81,3.08,D-1,True,398
ADMA,NASDAQ,ELIGIBLE,9.38,26376520.829,2839724.6,1.0,1.0,5.38,10.52,D-1,True,1946
ADME,BATS,FUND_ETF_ETN,,,,,,,,UNMEASURED,False,
ADNH,OTC,NOT_TRADABLE,,,,,,,,UNMEASURED,False,
ADNT,NYSE,ELIGIBLE,17.63,17612777.7515,961009.7,1.0,0.7641,5.65,14.23,D-1,True,2233
ADNWW,OTC,NOT_TRADABLE,,,,,,,,UNMEASURED,False,
ADP,NASDAQ,ELIGIBLE,263.67,609017296.037,2229744.75,1.0,0.9026,3.7,8.33,D-1,True,194
ADPT,NASDAQ,ELIGIBLE,29.43,59219412.910000004,2210961.1,1.0,0.9795,7.69,8.53,D-1,True,1369
ADPV,ARCA,FUND_ETF_ETN,,,,,,,,UNMEASURED,False,
ADRNY,OTC,NOT_LISTED_EXCHANGE,,,,,,,,UNMEASURED,False,
ADRX,NASDAQ,NOT_SEC_REGISTRANT_TICKER,,,,,,,,UNMEASURED,False,
ADSE,NASDAQ,ELIGIBLE,10.81,182812.557,16016.6,1.0,0.0256,0.93,,UNMEASURED,False,
ADSEW,NASDAQ,WARRANT,,,,,,,,UNMEASURED,False,
ADSK,NASDAQ,ELIGIBLE,209.4,532055955.7005,2366780.5,1.0,0.9718,5.42,7.99,D-1,True,224
ADT,NYSE,ELIGIBLE,6.4,54951404.251,7893644.35,1.0,0.9949,7.89,15.72,D-1,True,1419
ADTI,OTC,NOT_TRADABLE,,,,,,,,UNMEASURED,False,
ADTN,NASDAQ,ELIGIBLE,7.13,11803125.0345,1622296.05,1.0,0.841,7.16,21.52,D-1,True,2502
ADTX,OTC,NOT_TRADABLE,,,,,,,,UNMEASURED,False,
ADUR,NASDAQ,ELIGIBLE,12.63,4056143.288,306492.85,1.0,0.4231,0.0,48.14,D-1,True,3169
ADUS,NASDAQ,ELIGIBLE,113.19,24987486.454499997,214135.2,1.0,0.4359,0.0,28.88,D-1,True,1996
ADV,NASDAQ,ELIGIBLE,33.12,1837784.2550000001,56014.45,1.0,0.1974,0.0,142.23,D-1,True,3595
ADVB,NASDAQ,ELIGIBLE,6.38,786903.63225,85273.4,1.0,0.0333,15.28,460.83,D-1,False,
ADVE,ARCA,FUND_ETF_ETN,,,,,,,,UNMEASURED,False,
ADX,NYSE,FUND_ETF_ETN,,,,,,,,UNMEASURED,False,
ADXN,NASDAQ,ELIGIBLE,3.65,128335.2335,35579.7,1.0,0.041,0.0,430.79,D-1,False,
ADYEY,OTC,NOT_LISTED_EXCHANGE,,,,,,,,UNMEASURED,False,
AEAEU,OTC,NOT_TRADABLE,,,,,,,,UNMEASURED,False,
AEAEW,OTC,NOT_TRADABLE,,,,,,,,UNMEASURED,False,
AEAQ,NASDAQ,ELIGIBLE,10.08,489703.7270000001,48581.6,1.0,0.0,,,UNMEASURED,False,
AEAQU,NASDAQ,UNIT,,,,,,,,UNMEASURED,False,
AEAQW,NASDAQ,WARRANT,,,,,,,,UNMEASURED,False,
AEBI,NASDAQ,ELIGIBLE,11.0,4039285.563,335682.05,1.0,0.6103,3.92,42.94,D-1,True,3172
AEC,NASDAQ,ELIGIBLE,3.64,155798.5213,40313.8,1.0,0.0795,0.0,348.76,D-1,False,
AEE,NYSE,ELIGIBLE,99.39,169341411.2845,1635752.85,1.0,0.9718,3.05,5.06,D-1,True,704
AEF,AMEX,FUND_ETF_ETN,,,,,,,,UNMEASURED,False,
AEFC,NYSE,NOTE_DEBT,,,,,,,,UNMEASURED,False,
AEG,NYSE,ELIGIBLE,8.89,43684881.533,4822469.7,1.0,0.9256,5.6,11.24,D-1,True,1600
AEHG,BATS,FUND_ETF_ETN,,,,,,,,UNMEASURED,False,
AEHL,NASDAQ,ELIGIBLE,9.36,32807778.31275,4605091.9,1.0,0.1718,0.0,497.84,D-1,True,1792
AEHR,NASDAQ,ELIGIBLE,104.39,253787891.94050002,2857349.3,1.0,0.9974,27.22,21.23,D-1,True,509
AEI,NASDAQ,ELIGIBLE,0.7843,47872.70111,52752.35,1.0,0.0385,0.0,169.76,D-1,False,
AEIS,NASDAQ,ELIGIBLE,279.68,146137641.0785,542679.5,1.0,0.7897,7.28,20.73,D-1,True,775
AELV,ARCA,FUND_ETF_ETN,,,,,,,,UNMEASURED,False,
AEM,NYSE,ELIGIBLE,194.48,427943421.41550004,2143277.15,1.0,0.9564,4.89,11.59,D-1,True,287
AEMC,ARCA,FUND_ETF_ETN,,,,,,,,UNMEASURED,False,
AEMD,NASDAQ,ELIGIBLE,6.28,38747218.565500006,7256130.3,1.0,0.3359,0.0,167.66,D-1,True,1682
AEMG,ARCA,FUND_ETF_ETN,,,,,,,,UNMEASURED,False,
AEMV,ARCA,FUND_ETF_ETN,,,,,,,,UNMEASURED,False,
AENT,NASDAQ,ELIGIBLE,4.88,2949416.4809499998,473131.1,1.0,0.0872,0.0,131.72,D-1,True,3338
AENTW,NASDAQ,WARRANT,,,,,,,,UNMEASURED,False,
AEO,NYSE,ELIGIBLE,16.58,122278918.16,7731959.55,1.0,0.9897,9.12,6.14,D-1,True,883
AEON,AMEX,ELIGIBLE,0.2636,3734800.4239749997,12759513.15,1.0,0.4872,0.0,59.47,D-1,False,
AEP,NASDAQ,ELIGIBLE,118.35,483750802.1085,3983320.6,1.0,1.0,4.27,5.12,D-1,True,248
AER,NYSE,ELIGIBLE,149.21,167252144.565,1165157.9,1.0,0.9051,3.01,9.25,D-1,True,709
AERO,NYSE,ELIGIBLE,15.82,5677005.6525,371607.3,1.0,0.5077,0.0,56.92,D-1,True,2979
AERT,NASDAQ,ELIGIBLE,7.1,114650.70349999999,16403.95,1.0,0.0205,0.0,,UNMEASURED,False,
AERTW,NASDAQ,WARRANT,,,,,,,,UNMEASURED,False,
AES,NYSE,ELIGIBLE,14.87,112772978.11700001,7617098.85,1.0,0.9974,3.36,6.73,D-1,True,923
AESB,ARCA,FUND_ETF_ETN,,,,,,,,UNMEASURED,False,
AESG,ARCA,FUND_ETF_ETN,,,,,,,,UNMEASURED,False,
AESI,NYSE,ELIGIBLE,12.47,45734751.9695,3524860.7,1.0,0.9974,24.0,15.39,D-1,True,1565
AESL,ARCA,FUND_ETF_ETN,,,,,,,,UNMEASURED,False,
AESP,NASDAQ,ELIGIBLE,9.97,195852.60995,19620.8,1.0,0.0,,,UNMEASURED,False,
AESPR,NASDAQ,RIGHT,,,,,,,,UNMEASURED,False,
AESPU,NASDAQ,UNIT,,,,,,,,UNMEASURED,False,
AESPW,NASDAQ,WARRANT,,,,,,,,UNMEASURED,False,
AESR,BATS,FUND_ETF_ETN,,,,,,,,UNMEASURED,False,
AETH,ARCA,FUND_ETF_ETN,,,,,,,,UNMEASURED,False,
AEVA,NASDAQ,ELIGIBLE,15.35,22633881.4345,1485253.5,1.0,0.9026,9.73,25.91,D-1,True,2064
AEXA,NYSE,ELIGIBLE,11.16,830093.851,73715.9,1.0,0.1436,0.0,84.81,D-1,False,
AEYE,NASDAQ,ELIGIBLE,6.86,1420028.16625,189309.6,1.0,0.2179,0.0,118.24,D-1,True,3730
AEYGQ,OTC,NOT_TRADABLE,,,,,,,,UNMEASURED,False,
AFB,NYSE,FUND_ETF_ETN,,,,,,,,UNMEASURED,False,
AFCG,NASDAQ,ELIGIBLE,3.56,278237.152,79110.45,1.0,0.1179,0.0,56.82,D-1,False,
AFDM,NASDAQ,FUND_ETF_ETN,,,,,,,,UNMEASURED,False,
AFEM,NASDAQ,FUND_ETF_ETN,,,,,,,,UNMEASURED,False,
AFG,NYSE,ELIGIBLE,138.22,54648042.129999995,384606.05,1.0,0.4923,0.0,10.85,D-1,True,1423
AFGB,NYSE,NOTE_DEBT,,,,,,,,UNMEASURED,False,
AFGC,NYSE,NOTE_DEBT,,,,,,,,UNMEASURED,False,
AFGD,NYSE,NOTE_DEBT,,,,,,,,UNMEASURED,False,
AFGE,NYSE,NOTE_DEBT,,,,,,,,UNMEASURED,False,
AFGR,ARCA,FUND_ETF_ETN,,,,,,,,UNMEASURED,False,
AFIB,OTC,NOT_TRADABLE,,,,,,,,UNMEASURED,False,
AFIF,BATS,FUND_ETF_ETN,,,,,,,,UNMEASURED,False,
AFIIQ,OTC,NOT_TRADABLE,,,,,,,,UNMEASURED,False,
AFIX,ARCA,FUND_ETF_ETN,,,,,,,,UNMEASURED,False,
AFJK,NASDAQ,ELIGIBLE,12.19,364686.24743,29830.0,1.0,0.0179,0.0,,UNMEASURED,False,
AFJKR,NASDAQ,RIGHT,,,,,,,,UNMEASURED,False,
AFJKU,NASDAQ,UNIT,,,,,,,,UNMEASURED,False,
AFK,ARCA,FUND_ETF_ETN,,,,,,,,UNMEASURED,False,
AFL,NYSE,ELIGIBLE,113.72,274401130.5315,2365320.1,1.0,0.9923,3.52,3.09,D-1,True,461
AFLG,ARCA,FUND_ETF_ETN,,,,,,,,UNMEASURED,False,
AFMC,ARCA,FUND_ETF_ETN,,,,,,,,UNMEASURED,False,
AFMDQ,OTC,NOT_TRADABLE,,,,,,,,UNMEASURED,False,
AFOS,NASDAQ,FUND_ETF_ETN,,,,,,,,UNMEASURED,False,
AFRI,NASDAQ,ELIGIBLE,10.97,298264.682,26829.0,1.0,0.0385,0.0,108.21,D-1,False,
AFRIW,NASDAQ,WARRANT,,,,,,,,UNMEASURED,False,
AFRM,NASDAQ,ELIGIBLE,71.52,448498836.147,6141216.8,1.0,0.9923,9.02,9.11,D-1,True,271
AFRU,BATS,FUND_ETF_ETN,,,,,,,,UNMEASURED,False,
AFSC,NASDAQ,FUND_ETF_ETN,,,,,,,,UNMEASURED,False,
AFSM,ARCA,FUND_ETF_ETN,,,,,,,,UNMEASURED,False,
AFYA,NASDAQ,ELIGIBLE,13.0,4923545.0995,354873.45,1.0,0.7103,3.83,19.27,D-1,True,3058
AG,NYSE,ELIGIBLE,19.01,187159710.0315,9395282.8,1.0,1.0,10.49,5.28,D-1,True,651
AGACF,OTC,NOT_TRADABLE,,,,,,,,UNMEASURED,False,
AGBK,NYSE,ELIGIBLE,5.89,1053953.5015,165382.65,1.0,0.1615,0.0,94.62,D-1,True,3903
AGCC,NASDAQ,ELIGIBLE,15.0,242324.424395,18068.25,1.0,0.0436,0.0,,UNMEASURED,False,
AGCO,NYSE,ELIGIBLE,118.02,155489360.107,1268154.15,1.0,0.7641,4.23,15.32,D-1,True,745
AGD,NYSE,FUND_ETF_ETN,,,,,,,,UNMEASURED,False,
AGEM,NASDAQ,FUND_ETF_ETN,,,,,,,,UNMEASURED,False,
AGEN,NASDAQ,ELIGIBLE,8.54,6994520.569,905183.5,1.0,0.7487,5.92,29.29,D-1,True,2836
AGESY,OTC,NOT_LISTED_EXCHANGE,,,,,,,,UNMEASURED,False,
AGG,ARCA,FUND_ETF_ETN,,,,,,,,UNMEASURED,False,
AGGA,NASDAQ,FUND_ETF_ETN,,,,,,,,UNMEASURED,False,
AGGH,ARCA,FUND_ETF_ETN,,,,,,,,UNMEASURED,False,
AGGM,ARCA,FUND_ETF_ETN,,,,,,,,UNMEASURED,False,
AGGS,ARCA,FUND_ETF_ETN,,,,,,,,UNMEASURED,False,
AGGY,ARCA,FUND_ETF_ETN,,,,,,,,UNMEASURED,False,
AGI,NYSE,ELIGIBLE,34.5,129904231.698,3640535.8,1.0,0.9949,7.26,2.91,D-1,True,843
AGIG,AMEX,ELIGIBLE,1.34,151341.756,129526.15,1.0,0.2513,0.0,190.4,D-1,False,
AGILQ,OTC,NOT_TRADABLE,,,,,,,,UNMEASURED,False,
AGIO,NASDAQ,ELIGIBLE,32.58,31205747.768,930347.95,1.0,0.8923,6.82,39.58,D-1,True,1828
AGIQ,ARCA,FUND_ETF_ETN,,,,,,,,UNMEASURED,False,
AGIX,NASDAQ,FUND_ETF_ETN,,,,,,,,UNMEASURED,False,
AGL,NYSE,ELIGIBLE,80.73,19466218.3895,222351.2,1.0,0.5641,0.61,83.69,D-1,True,2168
AGM,NYSE,ELIGIBLE,214.01,25346596.0495,114277.05,1.0,0.2128,0.46,77.33,D-1,True,1978
AGM.A,NYSE,ELIGIBLE,146.58,47618.748,312.15,1.0,0.0026,0.0,376.13,D-1,False,
AGM.PRD,NYSE,MALFORMED_OR_NON_COMMON_SYMBOL,,,,,,,,UNMEASURED,False,
AGM.PRE,NYSE,MALFORMED_OR_NON_COMMON_SYMBOL,,,,,,,,UNMEASURED,False,
AGM.PRF,NYSE,MALFORMED_OR_NON_COMMON_SYMBOL,,,,,,,,UNMEASURED,False,
AGM.PRG,NYSE,MALFORMED_OR_NON_COMMON_SYMBOL,,,,,,,,UNMEASURED,False,
AGM.PRH,NYSE,MALFORMED_OR_NON_COMMON_SYMBOL,,,,,,,,UNMEASURED,False,
AGM.PRI,NYSE,MALFORMED_OR_NON_COMMON_SYMBOL,,,,,,,,UNMEASURED,False,
AGMB,NASDAQ,ELIGIBLE,10.51,2275112.206,172661.0,1.0,0.2,0.0,219.75,D-1,True,3472
AGMH,NASDAQ,ELIGIBLE,0.769,818684.243135,1001925.1,1.0,0.0872,0.0,345.73,D-1,False,
AGMI,NASDAQ,FUND_ETF_ETN,,,,,,,,UNMEASURED,False,
AGNC,NASDAQ,ELIGIBLE,9.62,360413027.4305,35720386.3,1.0,1.0,10.45,10.44,D-1,True,352
AGNCL,NASDAQ,PREFERRED,,,,,,,,UNMEASURED,False,
AGNCM,NASDAQ,PREFERRED,,,,,,,,UNMEASURED,False,
AGNCN,NASDAQ,PREFERRED,,,,,,,,UNMEASURED,False,
AGNCO,NASDAQ,PREFERRED,,,,,,,,UNMEASURED,False,
AGNCP,NASDAQ,PREFERRED,,,,,,,,UNMEASURED,False,
AGNCZ,NASDAQ,PREFERRED,,,,,,,,UNMEASURED,False,
AGNG,NASDAQ,FUND_ETF_ETN,,,,,,,,UNMEASURED,False,
AGNPF,OTC,NOT_TRADABLE,,,,,,,,UNMEASURED,False,
AGNT,NASDAQ,ELIGIBLE,3.63,7134659.948999999,1845351.55,1.0,0.8077,13.76,27.93,D-1,True,2822
AGO,NYSE,ELIGIBLE,69.49,37899442.600999996,528237.25,1.0,0.7,2.83,19.12,D-1,True,1699
AGOX,ARCA,FUND_ETF_ETN,,,,,,,,UNMEASURED,False,
AGPU,NASDAQ,ELIGIBLE,12.09,3609328.5730000003,317096.1,1.0,0.4872,0.0,106.85,D-1,True,3225
AGQ,ARCA,FUND_ETF_ETN,,,,,,,,UNMEASURED,False,
AGQI,ARCA,FUND_ETF_ETN,,,,,,,,UNMEASURED,False,
AGRO,NYSE,ELIGIBLE,10.43,8844386.209,759568.3,1.0,0.5897,0.0,24.05,D-1,True,2691
AGRW,ARCA,FUND_ETF_ETN,,,,,,,,UNMEASURED,False,
AGRX,OTC,NOT_TRADABLE,,,,,,,,UNMEASURED,False,
AGRZ,NASDAQ,ELIGIBLE,0.1903,2403743.96111,9647680.35,1.0,0.3923,0.0,36.38,D-1,False,
AGX,NYSE,ELIGIBLE,364.29,183934340.384,463559.8,1.0,0.7667,3.84,15.63,D-1,True,666
AGYS,NASDAQ,ELIGIBLE,99.64,22714931.2745,213025.3,1.0,0.2897,0.0,45.36,D-1,True,2061
AGZ,ARCA,FUND_ETF_ETN,,,,,,,,UNMEASURED,False,
AGZD,NASDAQ,FUND_ETF_ETN,,,,,,,,UNMEASURED,False,
AHBM,ARCA,FUND_ETF_ETN,,,,,,,,UNMEASURED,False,
AHCO,NASDAQ,ELIGIBLE,5.64,16480223.973500002,2808081.7,1.0,0.9103,8.89,17.86,D-1,True,2272
AHD,NASDAQ,FUND_ETF_ETN,,,,,,,,UNMEASURED,False,
AHG,NASDAQ,ELIGIBLE,0.75,10541.368214999999,13594.25,1.0,0.0103,0.0,,UNMEASURED,False,
AHKSY,OTC,NOT_LISTED_EXCHANGE,,,,,,,,UNMEASURED,False,
AHL.PRD,NYSE,MALFORMED_OR_NON_COMMON_SYMBOL,,,,,,,,UNMEASURED,False,
AHL.PRE,NYSE,MALFORMED_OR_NON_COMMON_SYMBOL,,,,,,,,UNMEASURED,False,
AHL.PRF,NYSE,MALFORMED_OR_NON_COMMON_SYMBOL,,,,,,,,UNMEASURED,False,
AHLT,ARCA,FUND_ETF_ETN,,,,,,,,UNMEASURED,False,
AHMA,NASDAQ,ELIGIBLE,1.37,2526183.327,1445064.75,1.0,0.1308,0.0,231.18,D-1,True,3421
AHPIQ,OTC,NOT_TRADABLE,,,,,,,,UNMEASURED,False,
AHR,NYSE,ELIGIBLE,52.02,168198444.52899998,3151496.55,1.0,0.9462,3.83,5.75,D-1,True,707
AHRT,NYSE,ELIGIBLE,5.91,4862926.0024999995,774128.4,1.0,0.7564,0.0,16.88,D-1,True,3067
AHRT.PRA,NYSE,MALFORMED_OR_NON_COMMON_SYMBOL,,,,,,,,UNMEASURED,False,
AHT,NYSE,ELIGIBLE,2.49,52829.846000000005,18252.6,1.0,0.0436,0.0,318.61,D-1,False,
AHT.PRD,NYSE,MALFORMED_OR_NON_COMMON_SYMBOL,,,,,,,,UNMEASURED,False,
AHT.PRF,NYSE,MALFORMED_OR_NON_COMMON_SYMBOL,,,,,,,,UNMEASURED,False,
AHT.PRG,NYSE,MALFORMED_OR_NON_COMMON_SYMBOL,,,,,,,,UNMEASURED,False,
AHT.PRH,NYSE,MALFORMED_OR_NON_COMMON_SYMBOL,,,,,,,,UNMEASURED,False,
AHT.PRI,NYSE,MALFORMED_OR_NON_COMMON_SYMBOL,,,,,,,,UNMEASURED,False,
AHYB,ARCA,FUND_ETF_ETN,,,,,,,,UNMEASURED,False,
AI,NYSE,ELIGIBLE,10.65,58386099.602,5479585.8,1.0,0.9923,9.67,9.46,D-1,True,1377
AIA,NASDAQ,FUND_ETF_ETN,,,,,,,,UNMEASURED,False,
AIAI,NASDAQ,ELIGIBLE,3.64,1761682.6852499999,497159.25,1.0,0.4436,0.0,70.89,D-1,True,3619
AIB,AMEX,ELIGIBLE,1.69,1513891.0345,1122227.2,1.0,0.5974,31.23,100.27,D-1,True,3697
AIBD,ARCA,FUND_ETF_ETN,,,,,,,,UNMEASURED,False,
AIBF,ARCA,FUND_ETF_ETN,,,,,,,,UNMEASURED,False,
AIBU,ARCA,FUND_ETF_ETN,,,,,,,,UNMEASURED,False,
AIBZ,NASDAQ,ELIGIBLE,4.09,1670992.4109999998,364406.8,1.0,0.6256,0.0,74.08,D-1,True,3651
AICH,NASDAQ,FUND_ETF_ETN,,,,,,,,UNMEASURED,False,
AIDX,NASDAQ,ELIGIBLE,0.4347,31580.597535,58262.05,1.0,0.0974,0.0,436.67,D-1,False,
AIEQ,ARCA,FUND_ETF_ETN,,,,,,,,UNMEASURED,False,
AIEV,OTC,NOT_TRADABLE,,,,,,,,UNMEASURED,False,
AIFA,NASDAQ,ELIGIBLE,3.96,190865.1395,56271.35,1.0,0.1974,0.0,197.49,D-1,False,
AIFC,NASDAQ,ELIGIBLE,0.5174,344862.07854,655099.85,1.0,0.5205,0.0,19.11,D-1,False,
AIFD,NASDAQ,FUND_ETF_ETN,,,,,,,,UNMEASURED,False,
AIFF,NASDAQ,ELIGIBLE,2.01,15387399.65279,7933611.65,1.0,1.0,126.41,61.17,D-1,True,2316
AIFR,NASDAQ,FUND_ETF_ETN,,,,,,,,UNMEASURED,False,
AIFU,NASDAQ,ELIGIBLE,12.02,828930.66075,54694.3,1.0,0.2179,0.0,528.53,D-1,False,
AIG,NYSE,ELIGIBLE,74.17,326693864.995,4321869.85,1.0,0.9923,4.04,3.37,D-1,True,402
AIHY,ARCA,FUND_ETF_ETN,,,,,,,,UNMEASURED,False,
AII,NYSE,ELIGIBLE,25.19,5858373.469,225077.25,1.0,0.1487,0.0,94.75,D-1,True,2958
AIIA,NYSE,ELIGIBLE,10.26,511773.5845,49968.05,1.0,0.0051,0.0,38.99,D-1,False,
AIIA.RT,NYSE,MALFORMED_OR_NON_COMMON_SYMBOL,,,,,,,,UNMEASURED,False,
AIIA.U,NYSE,RIGHT,,,,,,,,UNMEASURED,False,
AIIO,NASDAQ,ELIGIBLE,1.39,1129307.685,638509.85,1.0,0.5974,0.0,72.21,D-1,True,3866
AIIOW,NASDAQ,WARRANT,,,,,,,,UNMEASURED,False,
AIIR,NASDAQ,ELIGIBLE,7.62,37072.96225,5017.25,1.0,0.0077,39.45,933.54,D-1,False,
AIJTY,OTC,NOT_TRADABLE,,,,,,,,UNMEASURED,False,
AILEQ,OTC,NOT_TRADABLE,,,,,,,,UNMEASURED,False,
AILWQ,OTC,NOT_TRADABLE,,,,,,,,UNMEASURED,False,
AIM,AMEX,ELIGIBLE,0.1901,2870103.997225,12600947.65,1.0,0.8744,4.97,30.98,D-1,False,
AIMD,NASDAQ,ELIGIBLE,1.34,482847.5945,335176.9,1.0,0.2154,0.0,253.77,D-1,False,
AIMDW,NASDAQ,WARRANT,,,,,,,,UNMEASURED,False,
AIMG,NASDAQ,FUND_ETF_ETN,,,,,,,,UNMEASURED,False,
AIMS,NASDAQ,FUND_ETF_ETN,,,,,,,,UNMEASURED,False,
AIN,NYSE,ELIGIBLE,60.98,16537894.537,276405.2,1.0,0.2744,0.0,29.72,D-1,True,2269
AINF,NASDAQ,FUND_ETF_ETN,,,,,,,,UNMEASURED,False,
AINP,ARCA,FUND_ETF_ETN,,,,,,,,UNMEASURED,False,
AINT,ARCA,FUND_ETF_ETN,,,,,,,,UNMEASURED,False,
AIO,NYSE,FUND_ETF_ETN,,,,,,,,UNMEASURED,False,
AIOO,BATS,FUND_ETF_ETN,,,,,,,,UNMEASURED,False,
AIOS,NASDAQ,ELIGIBLE,12.5,839531.84375,58457.2,1.0,0.0487,0.0,814.37,D-1,False,
AIOT,NASDAQ,ELIGIBLE,2.8,4019085.0530000003,1362416.75,1.0,0.8154,0.0,35.21,D-1,True,3175
AIP,NASDAQ,ELIGIBLE,23.89,16383867.4505,736781.0,1.0,0.7,2.08,24.79,D-1,True,2274
AIPI,NASDAQ,FUND_ETF_ETN,,,,,,,,UNMEASURED,False,
AIPO,NASDAQ,FUND_ETF_ETN,,,,,,,,UNMEASURED,False,
AIPUY,OTC,NOT_LISTED_EXCHANGE,,,,,,,,UNMEASURED,False,
AIQ,NASDAQ,FUND_ETF_ETN,,,,,,,,UNMEASURED,False,
AIQD,ARCA,FUND_ETF_ETN,,,,,,,,UNMEASURED,False,
AIQU,ARCA,FUND_ETF_ETN,,,,,,,,UNMEASURED,False,
AIR,NYSE,ELIGIBLE,116.11,48398922.305,403673.1,1.0,0.6026,2.51,29.72,D-1,True,1520
AIRDF,OTC,NOT_TRADABLE,,,,,,,,UNMEASURED,False,
AIRE,NASDAQ,ELIGIBLE,1.34,57336.498,39538.1,1.0,0.0974,0.0,357.69,D-1,False,
AIRG,NASDAQ,ELIGIBLE,5.14,246773.5465,46945.95,1.0,0.0821,0.0,86.16,D-1,False,
AIRI,AMEX,ELIGIBLE,2.6,32113.058999999997,12209.0,1.0,0.0282,0.0,507.27,D-1,False,
AIRJ,NASDAQ,ELIGIBLE,4.09,3869955.34,896009.75,1.0,0.8128,0.0,24.45,D-1,True,3199
AIRJW,NASDAQ,WARRANT,,,,,,,,UNMEASURED,False,
AIRO,NASDAQ,ELIGIBLE,7.24,2978730.1025,412405.65,1.0,0.4846,0.0,34.55,D-1,True,3329
AIRR,NASDAQ,FUND_ETF_ETN,,,,,,,,UNMEASURED,False,
AIRS,NASDAQ,ELIGIBLE,1.96,2262565.27775,940731.1,1.0,0.7,0.0,50.13,D-1,True,3476
AIRT,NASDAQ,ELIGIBLE,29.03,1570650.17825,51073.85,1.0,0.1333,32.54,571.08,D-1,True,3679
AIRTP,NASDAQ,PREFERRED,,,,,,,,UNMEASURED,False,
AIS,ARCA,FUND_ETF_ETN,,,,,,,,UNMEASURED,False,
AISP,NASDAQ,ELIGIBLE,1.82,433149.247,217837.35,1.0,0.3436,0.0,53.33,D-1,False,
AISPW,NASDAQ,WARRANT,,,,,,,,UNMEASURED,False,
AIT,NYSE,ELIGIBLE,333.39,100934892.366,312674.25,1.0,0.6692,0.15,20.13,D-1,True,985
AIUP,ARCA,FUND_ETF_ETN,,,,,,,,UNMEASURED,False,
AIV,NYSE,ELIGIBLE,2.18,4415201.614,1888946.4,1.0,0.8359,20.72,46.08,D-1,True,3121
AIVC,ARCA,FUND_ETF_ETN,,,,,,,,UNMEASURED,False,
AIVI,ARCA,FUND_ETF_ETN,,,,,,,,UNMEASURED,False,
AIVL,ARCA,FUND_ETF_ETN,,,,,,,,UNMEASURED,False,
AIX,NASDAQ,FUND_ETF_ETN,,,,,,,,UNMEASURED,False,
AIXC,NASDAQ,ELIGIBLE,1.73,665921.328795,559955.85,1.0,0.6821,29.75,184.28,D-1,False,
AIXI,NASDAQ,ELIGIBLE,1.72,1553844.128,681312.85,1.0,0.3821,0.0,144.61,D-1,True,3684
AIYY,ARCA,FUND_ETF_ETN,,,,,,,,UNMEASURED,False,
AIZ,NYSE,ELIGIBLE,265.0,106510752.132,382974.65,1.0,0.5205,0.38,17.85,D-1,True,954
AIZN,NYSE,NOTE_DEBT,,,,,,,,UNMEASURED,False,
AJAN,BATS,FUND_ETF_ETN,,,,,,,,UNMEASURED,False,
AJG,NYSE,ELIGIBLE,231.1,353780143.358,1431571.55,1.0,0.9641,4.87,14.37,D-1,True,361
AJUL,BATS,FUND_ETF_ETN,,,,,,,,UNMEASURED,False,
AKA,NYSE,ELIGIBLE,11.22,36758.728,3413.7,1.0,0.0026,35.65,753.38,D-1,False,
AKAF,NYSE,FUND_ETF_ETN,,,,,,,,UNMEASURED,False,
AKAL,BATS,FUND_ETF_ETN,,,,,,,,UNMEASURED,False,
AKAM,NASDAQ,ELIGIBLE,113.94,552478896.917,4990656.65,1.0,1.0,26.69,8.46,D-1,True,213
AKAN,NASDAQ,NOT_TRADABLE,,,,,,,,UNMEASURED,False,
AKBA,NASDAQ,ELIGIBLE,0.8962,7162191.24586,7628222.0,1.0,0.9462,7.63,19.2,D-1,False,
AKO.A,NYSE,ELIGIBLE,25.97,10094.0525,417.85,1.0,0.0,,931.66,D-1,False,
AKO.B,NYSE,ELIGIBLE,30.7,483240.82721499994,16293.25,1.0,0.0308,0.0,226.63,D-1,False,
AKR,NYSE,ELIGIBLE,19.24,27111458.7995,1364469.1,1.0,0.7769,2.61,5.23,D-1,True,1925
AKRE,ARCA,FUND_ETF_ETN,,,,,,,,UNMEASURED,False,
AKTS,NASDAQ,ELIGIBLE,19.43,11180727.298999999,493855.35,1.0,0.5487,2.58,57.35,D-1,True,2542
AKTX,NASDAQ,ELIGIBLE,9.755,934318.14075,88999.7,1.0,0.1333,0.0,601.52,D-1,False,
AKZOY,OTC,NOT_LISTED_EXCHANGE,,,,,,,,UNMEASURED,False,
ALA,BATS,FUND_ETF_ETN,,,,,,,,UNMEASURED,False,
ALAB,NASDAQ,ELIGIBLE,364.62,1230667322.5735002,4039532.9,1.0,0.9949,18.45,25.38,D-1,True,87
ALAI,ARCA,FUND_ETF_ETN,,,,,,,,UNMEASURED,False,
ALAR,NASDAQ,ELIGIBLE,1.78,368781.808,201895.5,1.0,0.0923,0.0,195.64,D-1,False,
ALB,NYSE,ELIGIBLE,109.73,316580822.58849996,2622995.35,1.0,0.9974,9.5,11.31,D-1,True,407
ALB.PRA,NYSE,MALFORMED_OR_NON_COMMON_SYMBOL,,,,,,,,UNMEASURED,False,
ALBG,NASDAQ,FUND_ETF_ETN,,,,,,,,UNMEASURED,False,
ALC,NYSE,ELIGIBLE,64.47,109807602.15900001,1629371.85,1.0,0.9821,3.89,3.1,D-1,True,940
ALCE,OTC,NOT_TRADABLE,,,,,,,,UNMEASURED,False,
ALCO,NASDAQ,ELIGIBLE,39.07,853784.85,21604.25,1.0,0.0436,0.0,126.44,D-1,False,
ALCUF,OTC,NOT_TRADABLE,,,,,,,,UNMEASURED,False,
ALCWF,OTC,NOT_TRADABLE,,,,,,,,UNMEASURED,False,
ALCYF,OTC,NOT_TRADABLE,,,,,,,,UNMEASURED,False,
ALDB,BATS,FUND_ETF_ETN,,,,,,,,UNMEASURED,False,
ALDF,NASDAQ,ELIGIBLE,10.83,547887.597,50667.35,1.0,0.0,,,UNMEASURED,False,
ALDFU,NASDAQ,UNIT,,,,,,,,UNMEASURED,False,
ALDFW,NASDAQ,WARRANT,,,,,,,,UNMEASURED,False,
ALDX,NASDAQ,ELIGIBLE,1.205,911136.1227500001,650235.1,1.0,0.8026,0.0,82.64,D-1,False,
ALEC,NASDAQ,ELIGIBLE,1.95,3164541.238,1454113.95,1.0,0.8,10.9,51.17,D-1,True,3298
ALF,NASDAQ,ELIGIBLE,10.92,2817.2110000000002,259.8,1.0,0.0,,,UNMEASURED,False,
ALFIQ,OTC,NOT_TRADABLE,,,,,,,,UNMEASURED,False,
ALFUU,NASDAQ,UNIT,,,,,,,,UNMEASURED,False,
ALFUW,NASDAQ,WARRANT,,,,,,,,UNMEASURED,False,
ALG,NYSE,ELIGIBLE,159.45,33586728.7035,201430.95,1.0,0.2846,0.62,83.64,D-1,True,1778
ALGM,NASDAQ,ELIGIBLE,36.76,81930960.037,2323455.5,1.0,0.9795,9.83,12.54,D-1,True,1115
ALGN,NASDAQ,ELIGIBLE,146.78,140179034.797,921580.05,1.0,0.7667,5.09,25.9,D-1,True,801
ALGS,NASDAQ,ELIGIBLE,5.51,291566.844,51292.1,1.0,0.0795,0.0,331.21,D-1,False,
ALGT,NASDAQ,ELIGIBLE,79.09,38900847.028249994,502015.9,1.0,0.6333,1.31,26.52,D-1,True,1677
ALH,NYSE,ELIGIBLE,21.86,21672997.062,991252.15,1.0,0.7,2.32,16.23,D-1,True,2094
ALHC,NASDAQ,ELIGIBLE,8.21,104525372.329,10794314.75,1.0,1.0,19.77,12.34,D-1,True,966
ALIL,NASDAQ,FUND_ETF_ETN,,,,,,,,UNMEASURED,False,
ALIS,NASDAQ,ELIGIBLE,10.29,406575.46030000004,39464.3,1.0,0.0077,0.0,48.47,D-1,False,
ALISR,NASDAQ,RIGHT,,,,,,,,UNMEASURED,False,
ALISU,NASDAQ,UNIT,,,,,,,,UNMEASURED,False,
ALIT,NYSE,ELIGIBLE,11.02,5541163.0715,435292.95,1.0,0.6513,4.55,35.79,D-1,True,2989
ALIZY,OTC,NOT_LISTED_EXCHANGE,,,,,,,,UNMEASURED,False,
ALJJ,OTC,NOT_TRADABLE,,,,,,,,UNMEASURED,False,
ALK,NYSE,ELIGIBLE,40.94,103233126.9145,2532984.35,1.0,0.9974,9.68,4.9,D-1,True,973
ALKS,NASDAQ,ELIGIBLE,40.85,92210650.698,2070531.85,1.0,0.9769,6.13,12.29,D-1,True,1039
ALKT,NASDAQ,ELIGIBLE,13.8,36565570.797000006,2079524.95,1.0,0.9744,10.63,21.31,D-1,True,1728
ALL,NYSE,ELIGIBLE,227.6,506812063.66999996,2067769.9,1.0,0.9333,4.17,6.58,D-1,True,237
ALL.PRB,NYSE,MALFORMED_OR_NON_COMMON_SYMBOL,,,,,,,,UNMEASURED,False,
ALL.PRH,NYSE,MALFORMED_OR_NON_COMMON_SYMBOL,,,,,,,,UNMEASURED,False,
ALL.PRI,NYSE,MALFORMED_OR_NON_COMMON_SYMBOL,,,,,,,,UNMEASURED,False,
ALL.PRJ,NYSE,MALFORMED_OR_NON_COMMON_SYMBOL,,,,,,,,UNMEASURED,False,
ALLE,NYSE,ELIGIBLE,154.47,217434478.04549998,1410455.25,1.0,0.8205,2.89,13.24,D-1,True,578
ALLGF,OTC,NOT_TRADABLE,,,,,,,,UNMEASURED,False,
ALLO,NASDAQ,ELIGIBLE,1.65,10024028.04775,5611566.55,1.0,0.9692,30.46,60.97,D-1,True,2615
ALLR,NASDAQ,ELIGIBLE,1.03,143975.0491,117885.5,1.0,0.0897,0.0,,UNMEASURED,False,
ALLT,NASDAQ,ELIGIBLE,8.69,2682526.2775000003,331933.65,1.0,0.5846,0.0,17.19,D-1,True,3381
ALLW,NASDAQ,FUND_ETF_ETN,,,,,,,,UNMEASURED,False,
ALLY,NYSE,ELIGIBLE,38.79,142384189.04500002,3472092.25,1.0,0.9949,5.19,3.88,D-1,True,790
ALM,NASDAQ,ELIGIBLE,13.72,106389259.20475,6757101.2,1.0,1.0,21.77,7.21,D-1,True,955
ALMR,NASDAQ,ELIGIBLE,32.8,13701809.042000001,429939.3,1.0,0.5718,1.52,53.0,D-1,True,2405
ALMS,NASDAQ,ELIGIBLE,7.1,49068674.435,5131940.3,1.0,0.9538,13.83,28.09,D-1,True,1508
ALMU,NASDAQ,ELIGIBLE,13.29,8448674.716,653123.25,1.0,0.6641,7.36,52.63,D-1,True,2721
ALNT,NASDAQ,ELIGIBLE,116.01,22577846.404,227608.15,1.0,0.3231,0.0,41.01,D-1,True,2065
ALNY,NASDAQ,ELIGIBLE,255.96,396461641.8735,1583294.25,1.0,0.9795,9.1,14.12,D-1,True,316
ALOV,NASDAQ,ELIGIBLE,10.0,1001455.5109999999,100261.95,1.0,0.0077,0.0,,UNMEASURED,True,3924
ALOVU,NASDAQ,UNIT,,,,,,,,UNMEASURED,False,
ALOVW,NASDAQ,WARRANT,,,,,,,,UNMEASURED,False,
ALOY,NASDAQ,ELIGIBLE,8.9,18355040.03475,2021657.75,1.0,0.9359,11.45,17.29,D-1,True,2208
ALP,NASDAQ,ELIGIBLE,5.58,727306.07764,145784.9,1.0,0.2256,17.93,438.25,D-1,False,
ALPMY,OTC,NOT_LISTED_EXCHANGE,,,,,,,,UNMEASURED,False,
ALPP,OTC,NOT_TRADABLE,,,,,,,,UNMEASURED,False,
ALPS,NASDAQ,ELIGIBLE,0.396,24609.630655,62427.9,1.0,0.1231,0.0,10.13,D-1,False,
ALPWF,OTC,NOT_TRADABLE,,,,,,,,UNMEASURED,False,
ALPX,NASDAQ,ELIGIBLE,9.95,460462.909155,46290.6,1.0,0.0026,0.0,20.1,D-1,False,
ALPXR,NASDAQ,RIGHT,,,,,,,,UNMEASURED,False,
ALPXU,NASDAQ,UNIT,,,,,,,,UNMEASURED,False,
ALPXW,NASDAQ,WARRANT,,,,,,,,UNMEASURED,False,
ALRG,ARCA,FUND_ETF_ETN,,,,,,,,UNMEASURED,False,
ALRM,NASDAQ,ELIGIBLE,53.38,25161506.6,457521.05,1.0,0.5256,0.0,11.24,D-1,True,1985
ALRS,NASDAQ,ELIGIBLE,32.17,5729416.913000001,174781.4,1.0,0.4179,0.0,28.75,D-1,True,2973
ALSAF,OTC,NOT_TRADABLE,,,,,,,,UNMEASURED,False,
ALSN,NYSE,ELIGIBLE,113.86,96392355.1285,793976.0,1.0,0.6436,3.07,18.73,D-1,True,1019
ALSTF,OTC,NOT_TRADABLE,,,,,,,,UNMEASURED,False,
ALSWF,OTC,NOT_TRADABLE,,,,,,,,UNMEASURED,False,
ALT,NASDAQ,ELIGIBLE,3.06,12489409.543000001,3845082.45,1.0,0.9154,16.33,32.79,D-1,True,2462
ALTG,NYSE,ELIGIBLE,6.22,1292046.7234999998,217126.2,1.0,0.4487,0.0,74.62,D-1,True,3792
ALTG.PRA,NYSE,MALFORMED_OR_NON_COMMON_SYMBOL,,,,,,,,UNMEASURED,False,
ALTI,NASDAQ,ELIGIBLE,3.13,678395.81425,210435.3,1.0,0.1462,0.0,113.72,D-1,False,
ALTL,ARCA,FUND_ETF_ETN,,,,,,,,UNMEASURED,False,
ALTO,NASDAQ,ELIGIBLE,3.73,4944771.9799999995,1244685.0,1.0,0.7359,0.0,26.77,D-1,True,3054
ALTY,NASDAQ,FUND_ETF_ETN,,,,,,,,UNMEASURED,False,
ALUB,NYSE,ELIGIBLE,10.12,918289.0994999999,90744.65,1.0,0.0026,0.0,9.88,D-1,False,
ALUB.U,NYSE,WARRANT,,,,,,,,UNMEASURED,False,
ALUB.WS,NYSE,MALFORMED_OR_NON_COMMON_SYMBOL,,,,,,,,UNMEASURED,False,
ALUR,OTC,NOT_TRADABLE,,,,,,,,UNMEASURED,False,
ALURW,OTC,NOT_TRADABLE,,,,,,,,UNMEASURED,False,
ALV,NYSE,ELIGIBLE,117.52,80241641.5985,675539.05,1.0,0.7308,4.68,16.68,D-1,True,1133
ALVO,NASDAQ,ELIGIBLE,5.75,6198120.4375,1140331.0,1.0,0.7897,8.54,17.23,D-1,True,2907
ALVOW,NASDAQ,WARRANT,,,,,,,,UNMEASURED,False,
ALX,NYSE,ELIGIBLE,247.12,11011335.1885,43298.15,1.0,0.0846,0.0,98.12,D-1,True,2558
ALXO,NASDAQ,ELIGIBLE,1.31,1811617.12775,1032223.9,1.0,0.8231,0.0,76.06,D-1,True,3603
ALYAF,OTC,NOT_TRADABLE,,,,,,,,UNMEASURED,False,
ALZN,NASDAQ,ELIGIBLE,1.83,207546.21354,116538.15,1.0,0.0564,0.0,163.49,D-1,False,
AM,NYSE,ELIGIBLE,20.93,53000743.494,2438887.0,1.0,0.9308,4.75,7.19,D-1,True,1448
AMA,NASDAQ,FUND_ETF_ETN,,,,,,,,UNMEASURED,False,
AMAA,BATS,FUND_ETF_ETN,,,,,,,,UNMEASURED,False,
AMAC,NASDAQ,ELIGIBLE,9.8,615872.1232928571,62760.142857142855,0.7,0.0231,0.0,10.21,D-1,False,
AMACU,NASDAQ,UNIT,,,,,,,,UNMEASURED,False,
AMACW,NASDAQ,WARRANT,,,,,,,,UNMEASURED,False,
AMAL,NASDAQ,ELIGIBLE,47.58,12041684.0975,252043.9,1.0,0.3256,0.0,12.68,D-1,True,2488
AMAN,NASDAQ,ELIGIBLE,10.65,55670.955500000004,5206.15,1.0,0.0128,0.0,,UNMEASURED,False,
AMAT,NASDAQ,ELIGIBLE,485.0,2872144854.2149997,6382552.15,1.0,1.0,10.83,5.92,D-1,True,28
AMAU,BATS,FUND_ETF_ETN,,,,,,,,UNMEASURED,False,
AMAX,ARCA,FUND_ETF_ETN,,,,,,,,UNMEASURED,False,
AMBA,NASDAQ,ELIGIBLE,72.68,138485326.3825,2079964.85,1.0,0.9641,15.96,46.64,D-1,True,812
AMBIQ,OTC,NOT_TRADABLE,,,,,,,,UNMEASURED,False,
AMBO,AMEX,ELIGIBLE,2.12,6006.04582,2849.4,1.0,0.0077,0.0,989.22,D-1,False,
AMBP,NYSE,ELIGIBLE,4.38,8527415.611499999,1785267.9,1.0,0.8436,0.0,22.99,D-1,True,2716
AMBQ,NYSE,ELIGIBLE,69.79,36809100.084,579874.55,1.0,0.5564,1.43,45.18,D-1,True,1721
AMBR,NASDAQ,ELIGIBLE,1.86,1427284.247545,1381158.25,1.0,0.1487,0.0,507.24,D-1,True,3728
AMBWQ,OTC,NOT_TRADABLE,,,,,,,,UNMEASURED,False,
AMC,NYSE,ELIGIBLE,2.94,72661693.7205,27048579.85,1.0,1.0,34.52,34.61,D-1,True,1206
AMCI,NASDAQ,ELIGIBLE,3.18,449623.3625,134159.75,1.0,0.0564,30.9,388.43,D-1,False,
AMCR,NYSE,ELIGIBLE,42.51,147145721.3475,3381315.2,1.0,0.9949,4.72,2.37,D-1,True,772
AMCX,NASDAQ,ELIGIBLE,12.16,7363810.5795,610816.7,1.0,0.5231,0.0,20.66,D-1,True,2802
AMD,NASDAQ,ELIGIBLE,630.63,11693697050.887249,21655505.45,1.0,1.0,11.44,5.19,D-1,True,8
AMDC,BATS,FUND_ETF_ETN,,,,,,,,UNMEASURED,False,
AMDD,NASDAQ,FUND_ETF_ETN,,,,,,,,UNMEASURED,False,
AMDG,NASDAQ,FUND_ETF_ETN,,,,,,,,UNMEASURED,False,
AMDL,NASDAQ,FUND_ETF_ETN,,,,,,,,UNMEASURED,False,
AMDW,BATS,FUND_ETF_ETN,,,,,,,,UNMEASURED,False,
AMDY,ARCA,FUND_ETF_ETN,,,,,,,,UNMEASURED,False,
AME,NYSE,ELIGIBLE,250.74,354809049.8955,1490023.2,1.0,0.9308,4.38,13.76,D-1,True,359
AMEI,NASDAQ,FUND_ETF_ETN,,,,,,,,UNMEASURED,False,
AMEM,NASDAQ,FUND_ETF_ETN,,,,,,,,UNMEASURED,False,
AMG,NYSE,ELIGIBLE,373.69,103306907.943,287000.5,1.0,0.7077,1.61,28.34,D-1,True,972
AMGN,NASDAQ,ELIGIBLE,414.61,1227270362.0015,3068382.65,1.0,1.0,5.57,5.79,D-1,True,88
AMGR,NASDAQ,FUND_ETF_ETN,,,,,,,,UNMEASURED,False,
AMH,NYSE,ELIGIBLE,30.64,96965311.158,3071541.55,1.0,0.9949,4.89,3.27,D-1,True,1015
AMH.PRG,NYSE,MALFORMED_OR_NON_COMMON_SYMBOL,,,,,,,,UNMEASURED,False,
AMH.PRH,NYSE,MALFORMED_OR_NON_COMMON_SYMBOL,,,,,,,,UNMEASURED,False,
AMHI,ARCA,FUND_ETF_ETN,,,,,,,,UNMEASURED,False,
AMID,NASDAQ,FUND_ETF_ETN,,,,,,,,UNMEASURED,False,
AMIGY,OTC,NOT_LISTED_EXCHANGE,,,,,,,,UNMEASURED,False,
AMIX,NASDAQ,ELIGIBLE,4.02,552852.35675,121988.05,1.0,0.2308,0.0,159.52,D-1,False,
AMJB,ARCA,FUND_ETF_ETN,,,,,,,,UNMEASURED,False,
AMKBY,OTC,NOT_LISTED_EXCHANGE,,,,,,,,UNMEASURED,False,
AMKL,BATS,FUND_ETF_ETN,,,,,,,,UNMEASURED,False,
AMKR,NASDAQ,ELIGIBLE,53.61,198271242.0605,4025195.1,1.0,0.9949,9.33,12.12,D-1,True,626
AMKX,BATS,FUND_ETF_ETN,,,,,,,,UNMEASURED,False,
AMLIF,OTC,NOT_TRADABLE,,,,,,,,UNMEASURED,False,
AMLP,ARCA,FUND_ETF_ETN,,,,,,,,UNMEASURED,False,
AMLX,NASDAQ,ELIGIBLE,29.49,52419803.33775,1595706.75,1.0,0.8974,8.43,33.48,D-1,True,1458
AMMO,ARCA,FUND_ETF_ETN,,,,,,,,UNMEASURED,False,
AMN,NYSE,ELIGIBLE,34.56,20042639.395,588118.0,1.0,0.4949,2.9,24.63,D-1,True,2144
AMOD,NASDAQ,ELIGIBLE,1.65,665095.4445,270555.45,1.0,0.0872,0.0,210.94,D-1,False,
AMODW,NASDAQ,WARRANT,,,,,,,,UNMEASURED,False,
AMOM,ARCA,FUND_ETF_ETN,,,,,,,,UNMEASURED,False,
AMP,NYSE,ELIGIBLE,493.0,342780815.00750005,639145.15,1.0,0.9436,5.58,11.8,D-1,True,374
AMPE,OTC,NOT_TRADABLE,,,,,,,,UNMEASURED,False,
AMPG,NASDAQ,ELIGIBLE,3.34,2766688.4984999998,817888.7,1.0,0.5795,0.0,44.23,D-1,True,3363
AMPGZ,NASDAQ,RIGHT,,,,,,,,UNMEASURED,False,
AMPH,NASDAQ,ELIGIBLE,26.13,12141594.8755,508200.55,1.0,0.5205,0.96,17.27,D-1,True,2483
AMPL,NASDAQ,ELIGIBLE,13.3,21777944.1745,1631580.85,1.0,0.7256,3.72,18.45,D-1,True,2088
AMPU,BATS,FUND_ETF_ETN,,,,,,,,UNMEASURED,False,
AMPWF,OTC,NOT_TRADABLE,,,,,,,,UNMEASURED,False,
AMPX,NYSE,ELIGIBLE,9.75,43096276.648,4465966.4,1.0,0.9949,15.15,10.24,D-1,True,1607
AMPX.WS,NYSE,MALFORMED_OR_NON_COMMON_SYMBOL,,,,,,,,UNMEASURED,False,
AMPY,NYSE,ELIGIBLE,4.28,2620173.0190000003,555178.9,1.0,0.5692,0.0,23.53,D-1,True,3396
AMR,NYSE,ELIGIBLE,174.43,67419537.96000001,332961.6,1.0,0.3205,0.0,50.47,D-1,True,1261
AMRC,NYSE,ELIGIBLE,21.48,14796232.867500002,646850.25,1.0,0.6282,4.65,20.8,D-1,True,2352
AMRN,NASDAQ,ELIGIBLE,13.2,757119.56275,54985.75,1.0,0.1692,0.0,54.97,D-1,False,
AMRSQ,OTC,NOT_TRADABLE,,,,,,,,UNMEASURED,False,
AMRX,NASDAQ,ELIGIBLE,19.77,47233605.0075,2559241.85,1.0,0.941,5.14,10.23,D-1,True,1534
AMRZ,NYSE,ELIGIBLE,38.22,177707294.00149998,4382650.75,1.0,1.0,6.48,2.63,D-1,True,679
AMS,AMEX,ELIGIBLE,1.42,12295.27333,8490.5,1.0,0.0205,0.0,137.46,D-1,False,
AMSC,NASDAQ,ELIGIBLE,30.01,20825761.6005,709912.65,1.0,0.7487,3.31,18.18,D-1,True,2123
AMSF,NASDAQ,ELIGIBLE,23.51,14899532.514500001,600516.75,1.0,0.6,0.0,16.81,D-1,True,2344
AMSS,NASDAQ,ELIGIBLE,0.64,59040.8014,79023.3,1.0,0.059,0.0,,UNMEASURED,False,
AMST,NASDAQ,ELIGIBLE,1.04,147428.199,140661.35,1.0,0.1974,0.0,233.88,D-1,False,
AMT,NYSE,ELIGIBLE,169.03,443004902.32650006,2539212.0,1.0,0.9923,5.35,4.17,D-1,True,277
AMTB,NYSE,ELIGIBLE,29.57,10348698.3745,353015.55,1.0,0.4692,0.0,43.97,D-1,True,2590
AMTD,NYSE,ELIGIBLE,0.7318,4552.33454,6207.5,1.0,0.0282,0.0,750.85,D-1,False,
AMTM,NYSE,ELIGIBLE,19.19,33119988.685500003,1672349.1,1.0,0.8667,5.22,10.46,D-1,True,1787
AMTX,NASDAQ,ELIGIBLE,1.79,1668036.011,852148.45,1.0,0.6,0.0,56.03,D-1,True,3655
AMUB,ARCA,FUND_ETF_ETN,,,,,,,,UNMEASURED,False,
AMUN,NASDAQ,FUND_ETF_ETN,,,,,,,,UNMEASURED,False,
AMUU,NASDAQ,FUND_ETF_ETN,,,,,,,,UNMEASURED,False,
AMVOY,OTC,NOT_LISTED_EXCHANGE,,,,,,,,UNMEASURED,False,
AMWL,NYSE,ELIGIBLE,13.43,1370184.327,104473.35,1.0,0.2538,0.0,122.35,D-1,True,3753
AMX,NYSE,RIGHT,,,,,,,,UNMEASURED,False,
AMYY,NASDAQ,FUND_ETF_ETN,,,,,,,,UNMEASURED,False,
AMZA,ARCA,FUND_ETF_ETN,,,,,,,,UNMEASURED,False,
AMZD,NASDAQ,FUND_ETF_ETN,,,,,,,,UNMEASURED,False,
AMZE,AMEX,ELIGIBLE,0.136,1649723.33013,11075561.35,1.0,0.6436,7.24,91.24,D-1,False,
AMZG,BATS,FUND_ETF_ETN,,,,,,,,UNMEASURED,False,
AMZN,NASDAQ,ELIGIBLE,249.67,9007394295.603,35384429.5,1.0,1.0,6.82,1.81,D-1,True,13
AMZO,BATS,FUND_ETF_ETN,,,,,,,,UNMEASURED,False,
AMZP,BATS,FUND_ETF_ETN,,,,,,,,UNMEASURED,False,
AMZU,NASDAQ,FUND_ETF_ETN,,,,,,,,UNMEASURED,False,
AMZW,BATS,FUND_ETF_ETN,,,,,,,,UNMEASURED,False,
AMZY,ARCA,FUND_ETF_ETN,,,,,,,,UNMEASURED,False,
AMZZ,NASDAQ,FUND_ETF_ETN,,,,,,,,UNMEASURED,False,
AN,NYSE,ELIGIBLE,166.98,115095211.401,614757.05,1.0,0.6359,1.78,30.21,D-1,True,909
ANAB,NASDAQ,ELIGIBLE,51.0,29306668.218000002,534492.95,1.0,0.6231,3.88,20.39,D-1,True,1872
ANDE,NASDAQ,ELIGIBLE,66.97,27318401.346499998,394444.0,1.0,0.3077,3.0,45.9,D-1,True,1919
ANDG,NYSE,ELIGIBLE,52.96,22721543.387000002,415794.35,1.0,0.3436,1.83,69.72,D-1,True,2059
ANEB,OTC,NOT_TRADABLE,,,,,,,,UNMEASURED,False,
ANEL,NASDAQ,FUND_ETF_ETN,,,,,,,,UNMEASURED,False,
ANET,NYSE,ELIGIBLE,206.55,940244824.3115,4776126.35,1.0,1.0,7.87,6.73,D-1,True,115
ANEW,ARCA,FUND_ETF_ETN,,,,,,,,UNMEASURED,False,
ANF,NYSE,ELIGIBLE,135.71,215596114.88449997,1521868.35,1.0,0.8923,6.75,10.77,D-1,True,586
ANG.PRD,NYSE,MALFORMED_OR_NON_COMMON_SYMBOL,,,,,,,,UNMEASURED,False,
ANGH,NASDAQ,ELIGIBLE,3.8791,94211.52663000001,26532.95,1.0,0.0179,0.0,901.86,D-1,False,
ANGHW,NASDAQ,WARRANT,,,,,,,,UNMEASURED,False,
ANGI,NASDAQ,ELIGIBLE,5.42,4381877.654,872809.55,1.0,0.741,0.0,28.39,D-1,True,3128
ANGL,NASDAQ,FUND_ETF_ETN,,,,,,,,UNMEASURED,False,
ANGO,NASDAQ,ELIGIBLE,15.49,6871024.580499999,443816.0,1.0,0.5615,3.24,22.91,D-1,True,2846
ANGPY,OTC,NOT_LISTED_EXCHANGE,,,,,,,,UNMEASURED,False,
ANGU,NASDAQ,FUND_ETF_ETN,,,,,,,,UNMEASURED,False,
ANGX,NYSE,ELIGIBLE,4.8,10202991.308,2022388.45,1.0,0.8154,10.35,20.92,D-1,True,2605
ANIK,NASDAQ,ELIGIBLE,20.37,1579822.64325,75683.4,1.0,0.1487,3.63,87.06,D-1,True,3678
ANIP,NASDAQ,ELIGIBLE,74.0,31032451.2245,420426.1,1.0,0.4436,0.0,57.94,D-1,True,1831
ANIX,NASDAQ,ELIGIBLE,2.78,1090470.2789999999,379086.35,1.0,0.4,0.0,72.99,D-1,True,3887
ANL,NASDAQ,ELIGIBLE,15.53,2577719.21525,169769.75,1.0,0.1154,0.0,166.38,D-1,True,3405
ANNA,NASDAQ,ELIGIBLE,2.71,944183.6314999999,299099.85,1.0,0.2154,0.0,73.8,D-1,False,
ANNAW,NASDAQ,WARRANT,,,,,,,,UNMEASURED,False,
ANNX,NASDAQ,ELIGIBLE,3.64,12546681.1505,2961758.5,1.0,0.9897,13.61,27.06,D-1,True,2459
ANPA,NASDAQ,ELIGIBLE,2.0,1145769.2462,297186.3,1.0,0.0538,0.0,699.61,D-1,True,3859
ANRO,NYSE,ELIGIBLE,26.49,17829416.648500003,563148.0,1.0,0.5256,3.7,51.97,D-1,True,2228
ANTA,NASDAQ,ELIGIBLE,2.84,34084.40496,10582.35,1.0,0.0077,0.0,405.27,D-1,False,
ANTW,ARCA,FUND_ETF_ETN,,,,,,,,UNMEASURED,False,
ANTX,NASDAQ,ELIGIBLE,4.88,1245234.03,232720.1,1.0,0.2103,0.0,71.94,D-1,True,3813
ANV,NASDAQ,FUND_ETF_ETN,,,,,,,,UNMEASURED,False,
ANVS,NYSE,ELIGIBLE,1.31,1809006.4079999998,1405682.1,1.0,0.6923,0.0,75.76,D-1,True,3604
AOA,ARCA,FUND_ETF_ETN,,,,,,,,UNMEASURED,False,
AOCT,BATS,FUND_ETF_ETN,,,,,,,,UNMEASURED,False,
AOD,NYSE,FUND_ETF_ETN,,,,,,,,UNMEASURED,False,
AOGO,OTC,NOT_TRADABLE,,,,,,,,UNMEASURED,False,
AOGOW,OTC,NOT_TRADABLE,,,,,,,,UNMEASURED,False,
AOHY,NASDAQ,FUND_ETF_ETN,,,,,,,,UNMEASURED,False,
AOK,ARCA,FUND_ETF_ETN,,,,,,,,UNMEASURED,False,
AOM,ARCA,FUND_ETF_ETN,,,,,,,,UNMEASURED,False,
AOMD,NYSE,NOTE_DEBT,,,,,,,,UNMEASURED,False,
AOMN,NYSE,NOTE_DEBT,,,,,,,,UNMEASURED,False,
AOMR,NYSE,ELIGIBLE,7.55,1340080.193,168021.4,1.0,0.3308,0.0,26.81,D-1,True,3770
AON,NYSE,ELIGIBLE,277.99,676789729.1555,2224344.7,1.0,0.9974,5.36,5.88,D-1,True,172
AONC,OTC,NOT_TRADABLE,,,,,,,,UNMEASURED,False,
AONCW,OTC,NOT_TRADABLE,,,,,,,,UNMEASURED,False,
AOR,ARCA,FUND_ETF_ETN,,,,,,,,UNMEASURED,False,
AORT,NYSE,ELIGIBLE,22.63,16195274.3765,653760.0,1.0,0.5692,2.2,24.05,D-1,True,2283
AOS,NYSE,ELIGIBLE,58.65,86141429.6275,1481699.35,1.0,0.9077,3.41,8.57,D-1,True,1083
AOSL,NASDAQ,ELIGIBLE,27.93,14754058.010499999,579065.25,1.0,0.4846,3.59,19.81,D-1,True,2356
AOTG,NASDAQ,FUND_ETF_ETN,,,,,,,,UNMEASURED,False,
AOUT,NASDAQ,ELIGIBLE,17.55,5404898.7157499995,369988.55,1.0,0.3077,0.0,69.12,D-1,True,3007
AP,NYSE,ELIGIBLE,8.64,642203.032,75824.0,1.0,0.259,0.0,107.15,D-1,False,
APA,NASDAQ,ELIGIBLE,42.74,251463580.78225,5679435.4,1.0,1.0,9.3,2.34,D-1,True,512
APAC,NASDAQ,ELIGIBLE,10.26,37656.754499999995,3677.5,1.0,0.0,,38.95,D-1,False,
APACR,NASDAQ,RIGHT,,,,,,,,UNMEASURED,False,
APACU,NASDAQ,UNIT,,,,,,,,UNMEASURED,False,
APAM,NYSE,ELIGIBLE,36.16,31610718.655500002,817684.15,1.0,0.6974,0.0,6.98,D-1,True,1814
APC,NASDAQ,ELIGIBLE,16.23,2845901.369,157602.7,1.0,0.5282,0.0,42.4,D-1,True,3355
APCB,ARCA,FUND_ETF_ETN,,,,,,,,UNMEASURED,False,
APCX,OTC,NOT_TRADABLE,,,,,,,,UNMEASURED,False,
APCXW,OTC,NOT_TRADABLE,,,,,,,,UNMEASURED,False,
APD,NYSE,ELIGIBLE,281.76,343812952.61,1177036.95,1.0,0.9667,3.36,4.59,D-1,True,371
APDB,BATS,FUND_ETF_ETN,,,,,,,,UNMEASURED,False,
APEI,NASDAQ,ELIGIBLE,41.665,11195984.68925,253940.7,1.0,0.2795,0.0,65.61,D-1,True,2539
APG,NYSE,ELIGIBLE,38.46,144362379.9135,3778204.05,1.0,0.9872,3.96,5.21,D-1,True,782
APGH,OTC,NOT_TRADABLE,,,,,,,,UNMEASURED,False,
APH,NYSE,ELIGIBLE,84.09,972023178.9655001,12063021.4,1.0,1.0,8.23,3.56,D-1,True,106
APHG,BATS,FUND_ETF_ETN,,,,,,,,UNMEASURED,False,
APHU,BATS,FUND_ETF_ETN,,,,,,,,UNMEASURED,False,
API,NASDAQ,ELIGIBLE,4.21,578017.6805,138366.4,1.0,0.3051,0.0,23.8,D-1,False,
APIE,ARCA,FUND_ETF_ETN,,,,,,,,UNMEASURED,False,
APLD,NASDAQ,ELIGIBLE,26.25,412771806.6285,15721140.2,1.0,1.0,16.94,3.81,D-1,True,303
APLE,NYSE,ELIGIBLE,16.19,41229596.603,2629663.35,1.0,0.9821,3.14,6.26,D-1,True,1637
APLM,NASDAQ,ELIGIBLE,22.35,272334.71175,11256.75,1.0,0.1513,3.21,762.18,D-1,False,
APLMW,NASDAQ,WARRANT,,,,,,,,UNMEASURED,False,
APLU,ARCA,FUND_ETF_ETN,,,,,,,,UNMEASURED,False,
APLX,BATS,FUND_ETF_ETN,,,,,,,,UNMEASURED,False,
APLY,ARCA,FUND_ETF_ETN,,,,,,,,UNMEASURED,False,
APLZ,BATS,FUND_ETF_ETN,,,,,,,,UNMEASURED,False,
APMC,NASDAQ,ELIGIBLE,9.96,41483.4065,4167.9,1.0,0.0,,,UNMEASURED,False,
APMCR,NASDAQ,RIGHT,,,,,,,,UNMEASURED,False,
APMCU,NASDAQ,UNIT,,,,,,,,UNMEASURED,False,
APMD,NASDAQ,ELIGIBLE,21.09,15452956.414500002,575583.3,1.0,0.5231,0.0,164.48,D-1,True,2313
APMI,BATS,FUND_ETF_ETN,,,,,,,,UNMEASURED,False,
APMU,ARCA,FUND_ETF_ETN,,,,,,,,UNMEASURED,False,
APO,NYSE,ELIGIBLE,121.69,342033500.931,2669073.8,1.0,0.9769,5.78,11.57,D-1,True,376
APOC,BATS,FUND_ETF_ETN,,,,,,,,UNMEASURED,False,
APOG,NASDAQ,ELIGIBLE,37.15,9869035.59,261254.95,1.0,0.2513,0.0,36.77,D-1,True,2624
APOS,NYSE,NOTE_DEBT,,,,,,,,UNMEASURED,False,
APP,NASDAQ,ELIGIBLE,310.75,1561115700.5025,4905235.6,1.0,1.0,9.95,11.72,D-1,True,62
APPC,BATS,FUND_ETF_ETN,,,,,,,,UNMEASURED,False,
APPF,NASDAQ,ELIGIBLE,204.22,65808286.3785,301730.5,1.0,0.3205,0.0,41.39,D-1,True,1278
APPHQ,OTC,NOT_TRADABLE,,,,,,,,UNMEASURED,False,
APPN,NASDAQ,ELIGIBLE,36.01,34202127.275,907569.3,1.0,0.6359,6.87,20.25,D-1,True,1766
APPS,NASDAQ,ELIGIBLE,11.11,30720423.393,2761028.15,1.0,0.9897,17.78,21.84,D-1,True,1838
APPX,NASDAQ,FUND_ETF_ETN,,,,,,,,UNMEASURED,False,
APRB,BATS,FUND_ETF_ETN,,,,,,,,UNMEASURED,False,
APRE,NASDAQ,ELIGIBLE,0.7608,145542.128475,183262.2,1.0,0.1333,0.66,253.41,D-1,False,
APRH,BATS,FUND_ETF_ETN,,,,,,,,UNMEASURED,False,
APRJ,BATS,FUND_ETF_ETN,,,,,,,,UNMEASURED,False,
APRP,BATS,FUND_ETF_ETN,,,,,,,,UNMEASURED,False,
APRT,BATS,FUND_ETF_ETN,,,,,,,,UNMEASURED,False,
APRW,BATS,FUND_ETF_ETN,,,,,,,,UNMEASURED,False,
APRZ,BATS,FUND_ETF_ETN,,,,,,,,UNMEASURED,False,
APT,AMEX,ELIGIBLE,5.14,135947.151,25939.15,1.0,0.2231,0.0,198.02,D-1,False,
APTOF,OTC,NOT_TRADABLE,,,,,,,,UNMEASURED,False,
APTV,NYSE,ELIGIBLE,44.79,231484759.8605,5176553.6,1.0,0.9949,6.79,8.93,D-1,True,546
APUE,ARCA,FUND_ETF_ETN,,,,,,,,UNMEASURED,False,
APUR,NASDAQ,ELIGIBLE,10.03,1942267.553065,193681.95,1.0,0.0,,,UNMEASURED,True,3571
APURR,NASDAQ,RIGHT,,,,,,,,UNMEASURED,False,
APUS,AMEX,ELIGIBLE,7.25,35329150.08375,6390664.7,1.0,0.9897,112.46,76.14,D-1,True,1747
APVO,NASDAQ,ELIGIBLE,1.89,413089.142,208920.95,1.0,0.1077,0.0,187.96,D-1,False,
APWC,NASDAQ,ELIGIBLE,1.34,9854.87384,7322.85,1.0,0.0128,0.0,443.38,D-1,False,
APXIF,OTC,NOT_TRADABLE,,,,,,,,UNMEASURED,False,
APXM,BATS,FUND_ETF_ETN,,,,,,,,UNMEASURED,False,
APXT,NASDAQ,ELIGIBLE,10.14,1480166.81975,146044.05,1.0,0.0,,9.87,D-1,True,3703
APXTU,NASDAQ,UNIT,,,,,,,,UNMEASURED,False,
APXTW,NASDAQ,WARRANT,,,,,,,,UNMEASURED,False,
APYX,NASDAQ,ELIGIBLE,2.96,281391.511,94060.05,1.0,0.2026,0.0,68.26,D-1,False,
AQB,NASDAQ,ELIGIBLE,0.95,92450.58361,89785.5,1.0,0.2615,0.0,139.73,D-1,False,
AQEC,BATS,FUND_ETF_ETN,,,,,,,,UNMEASURED,False,
AQLG,NASDAQ,FUND_ETF_ETN,,,,,,,,UNMEASURED,False,
AQLT,BATS,FUND_ETF_ETN,,,,,,,,UNMEASURED,False,
AQMS,NASDAQ,ELIGIBLE,2.62,76864.93803,30390.35,1.0,0.0538,0.0,292.42,D-1,False,
AQN,NYSE,ELIGIBLE,5.0,24364671.364499997,4522944.25,1.0,0.9,10.01,20.1,D-1,True,2015
AQNB,NYSE,NOTE_DEBT,,,,,,,,UNMEASURED,False,
AQST,NASDAQ,ELIGIBLE,4.68,11586154.3005,2346173.65,1.0,0.8641,10.55,21.25,D-1,True,2514
AQWA,NASDAQ,FUND_ETF_ETN,,,,,,,,UNMEASURED,False,
AR,NYSE,ELIGIBLE,35.0,150640785.713,4072999.95,1.0,1.0,7.17,2.85,D-1,True,759
ARAI,NASDAQ,ELIGIBLE,0.2012,182237.061845,770928.35,1.0,0.5846,2.17,59.23,D-1,False,
ARAY,NASDAQ,ELIGIBLE,0.2151,117144.000015,482895.85,1.0,0.5769,0.0,31.71,D-1,False,
ARB,ARCA,FUND_ETF_ETN,,,,,,,,UNMEASURED,False,
ARBB,NASDAQ,ELIGIBLE,4.47,11273.175745,2583.75,1.0,0.0128,0.0,796.36,D-1,False,
ARBE,NASDAQ,ELIGIBLE,0.635,5115993.885345,6917104.85,1.0,0.9385,4.95,9.68,D-1,False,
ARBEW,NASDAQ,WARRANT,,,,,,,,UNMEASURED,False,
ARBK,NASDAQ,ELIGIBLE,2.34,44082.023885,16493.7,1.0,0.0359,0.0,255.32,D-1,False,
ARCB,NASDAQ,ELIGIBLE,125.16,32697367.770499997,246269.05,1.0,0.3872,0.4,45.7,D-1,True,1793
ARCC,NASDAQ,ELIGIBLE,19.2,91183061.621,4647121.7,1.0,0.9974,2.63,5.25,D-1,True,1046
ARCI,NASDAQ,ELIGIBLE,10.1,263510.41949999996,26086.55,1.0,0.0,,,UNMEASURED,False,
ARCIU,NASDAQ,UNIT,,,,,,,,UNMEASURED,False,
ARCIW,NASDAQ,WARRANT,,,,,,,,UNMEASURED,False,
ARCL,NASDAQ,ELIGIBLE,9.99,288500.421,28860.35,1.0,0.0,,,UNMEASURED,False,
ARCLR,NASDAQ,RIGHT,,,,,,,,UNMEASURED,False,
ARCLU,NASDAQ,UNIT,,,,,,,,UNMEASURED,False,
ARCLW,NASDAQ,WARRANT,,,,,,,,UNMEASURED,False,
ARCM,BATS,FUND_ETF_ETN,,,,,,,,UNMEASURED,False,
ARCO,NYSE,ELIGIBLE,7.24,8558530.567,1098138.3,1.0,0.8128,0.14,13.91,D-1,True,2713
ARCP,ARCA,FUND_ETF_ETN,,,,,,,,UNMEASURED,False,
ARCT,NASDAQ,ELIGIBLE,13.85,15079284.206999999,989120.85,1.0,0.7667,10.77,55.2,D-1,True,2338
ARCX,BATS,FUND_ETF_ETN,,,,,,,,UNMEASURED,False,
ARDC,NYSE,FUND_ETF_ETN,,,,,,,,UNMEASURED,False,
ARDS,OTC,NOT_TRADABLE,,,,,,,,UNMEASURED,False,
ARDT,NYSE,ELIGIBLE,10.54,4669949.459,432735.7,1.0,0.441,0.0,33.11,D-1,True,3095
ARDX,NASDAQ,ELIGIBLE,3.42,15080484.931499999,4202915.55,1.0,0.8974,14.6,29.28,D-1,True,2337
ARE,NYSE,ELIGIBLE,49.93,95253974.9895,1816828.75,1.0,0.941,6.0,13.08,D-1,True,1023
AREB,OTC,NOT_TRADABLE,,,,,,,,UNMEASURED,False,
AREBW,OTC,NOT_TRADABLE,,,,,,,,UNMEASURED,False,
AREC,NASDAQ,ELIGIBLE,1.9,3459522.43375,1608032.5,1.0,0.8821,25.61,52.64,D-1,True,3252
ARES,NYSE,ELIGIBLE,122.01,280197092.8965,2155193.95,1.0,0.9385,5.73,12.22,D-1,True,454
ARES.PRB,NYSE,MALFORMED_OR_NON_COMMON_SYMBOL,,,,,,,,UNMEASURED,False,
ARGGY,OTC,NOT_TRADABLE,,,,,,,,UNMEASURED,False,
ARGT,ARCA,FUND_ETF_ETN,,,,,,,,UNMEASURED,False,
ARGX,NASDAQ,ELIGIBLE,959.49,236076825.427,237695.95,1.0,0.7282,2.5,16.29,D-1,True,539
ARHS,NASDAQ,ELIGIBLE,9.71,10640289.273,1257119.65,1.0,0.9,5.25,15.69,D-1,True,2577
ARI,NYSE,ELIGIBLE,6.24,15354733.279499998,2339128.35,1.0,0.9,7.99,15.99,D-1,True,2320
ARIA,ARCA,FUND_ETF_ETN,,,,,,,,UNMEASURED,False,
ARIS,NYSE,ELIGIBLE,18.93,28982469.125,1496959.65,1.0,0.9333,7.87,7.97,D-1,True,1881
ARKB,BATS,FUND_ETF_ETN,,,,,,,,UNMEASURED,False,
ARKD,BATS,FUND_ETF_ETN,,,,,,,,UNMEASURED,False,
ARKE,BATS,FUND_ETF_ETN,,,,,,,,UNMEASURED,False,
ARKF,BATS,FUND_ETF_ETN,,,,,,,,UNMEASURED,False,
ARKG,BATS,FUND_ETF_ETN,,,,,,,,UNMEASURED,False,
ARKI,BATS,FUND_ETF_ETN,,,,,,,,UNMEASURED,False,
ARKK,BATS,FUND_ETF_ETN,,,,,,,,UNMEASURED,False,
ARKO,NASDAQ,ELIGIBLE,4.28,4339751.87875,975219.05,1.0,0.6769,0.0,23.66,D-1,True,3134
ARKQ,BATS,FUND_ETF_ETN,,,,,,,,UNMEASURED,False,
ARKR,NASDAQ,ELIGIBLE,4.51,53269.879335000005,10632.55,1.0,0.0051,0.0,283.94,D-1,False,
ARKT,BATS,FUND_ETF_ETN,,,,,,,,UNMEASURED,False,
ARKW,BATS,FUND_ETF_ETN,,,,,,,,UNMEASURED,False,
ARKX,BATS,FUND_ETF_ETN,,,,,,,,UNMEASURED,False,
ARKY,BATS,FUND_ETF_ETN,,,,,,,,UNMEASURED,False,
ARL,NYSE,ELIGIBLE,16.21,90657.9255,5841.25,1.0,0.0103,0.0,421.27,D-1,False,
ARLI,BATS,FUND_ETF_ETN,,,,,,,,UNMEASURED,False,
ARLO,NYSE,ELIGIBLE,12.84,17931924.146,1346766.9,1.0,0.7615,3.83,22.94,D-1,True,2223
ARLP,NASDAQ,UNIT,,,,,,,,UNMEASURED,False,
ARLU,BATS,FUND_ETF_ETN,,,,,,,,UNMEASURED,False,
ARM,NASDAQ,ELIGIBLE,310.32,1489312953.1799998,5302165.8,1.0,1.0,16.52,7.58,D-1,True,65
ARMA,BATS,FUND_ETF_ETN,,,,,,,,UNMEASURED,False,
ARMG,NASDAQ,FUND_ETF_ETN,,,,,,,,UNMEASURED,False,
ARMH,ARCA,NOT_SEC_REGISTRANT_TICKER,,,,,,,,UNMEASURED,False,
ARMK,NYSE,ELIGIBLE,54.92,132393209.2315,2324817.5,1.0,0.959,3.2,7.32,D-1,True,833
ARMP,AMEX,ELIGIBLE,3.74,1896828.6149999998,369941.35,1.0,0.2077,0.0,193.45,D-1,True,3582
ARMS,ARCA,FUND_ETF_ETN,,,,,,,,UNMEASURED,False,
ARMW,BATS,FUND_ETF_ETN,,,,,,,,UNMEASURED,False,
ARMY,NASDAQ,FUND_ETF_ETN,,,,,,,,UNMEASURED,False,
AROC,NYSE,ELIGIBLE,30.43,58798586.551,1864307.35,1.0,0.8333,3.28,11.5,D-1,True,1372
AROW,NASDAQ,ELIGIBLE,37.65,3268156.3205000004,85346.5,1.0,0.2,0.0,46.72,D-1,True,3283
ARP,ARCA,FUND_ETF_ETN,,,,,,,,UNMEASURED,False,
ARQ,NASDAQ,ELIGIBLE,2.02,445244.228,211099.3,1.0,0.4103,0.0,74.33,D-1,False,
ARQQ,NASDAQ,ELIGIBLE,24.6,7765154.794,387342.55,1.0,0.6667,8.05,72.41,D-1,True,2783
ARQQW,NASDAQ,NOT_TRADABLE,,,,,,,,UNMEASURED,False,
ARQT,NASDAQ,ELIGIBLE,26.92,83872511.9015,3327073.6,1.0,0.9205,7.71,9.53,D-1,True,1102
ARR,NYSE,ELIGIBLE,14.1,65110800.798,4249678.4,1.0,1.0,7.1,7.15,D-1,True,1286
ARR.PRC,NYSE,MALFORMED_OR_NON_COMMON_SYMBOL,,,,,,,,UNMEASURED,False,
ARRY,NASDAQ,ELIGIBLE,4.03,27250724.1295,6340270.05,1.0,0.9846,12.58,25.09,D-1,True,1921
ARTC,NASDAQ,ELIGIBLE,9.97,1029898.0146199999,103228.8,1.0,0.0077,0.0,,UNMEASURED,True,3914
ARTCU,NASDAQ,UNIT,,,,,,,,UNMEASURED,False,
ARTCW,NASDAQ,WARRANT,,,,,,,,UNMEASURED,False,
ARTL,NASDAQ,ELIGIBLE,4.54,10081108.45795,1429603.35,1.0,0.441,21.82,225.18,D-1,True,2613
ARTNA,NASDAQ,ELIGIBLE,33.25,1102882.2465,31338.6,1.0,0.1051,0.0,102.59,D-1,True,3880
ARTV,NASDAQ,ELIGIBLE,6.99,4220493.304,464169.6,1.0,0.7103,0.0,35.53,D-1,True,3152
ARTW,NASDAQ,ELIGIBLE,3.27,50603.685505,16257.25,1.0,0.0179,0.0,778.51,D-1,False,
ARTY,ARCA,FUND_ETF_ETN,,,,,,,,UNMEASURED,False,
ARVLF,OTC,NOT_TRADABLE,,,,,,,,UNMEASURED,False,
ARVN,NASDAQ,ELIGIBLE,7.59,7325209.847499999,863644.65,1.0,0.6692,0.0,13.09,D-1,True,2806
ARVR,NASDAQ,FUND_ETF_ETN,,,,,,,,UNMEASURED,False,
ARW,NYSE,ELIGIBLE,232.8,116880278.46,540359.35,1.0,0.5436,0.86,26.17,D-1,True,899
ARWG,BATS,FUND_ETF_ETN,,,,,,,,UNMEASURED,False,
ARWR,NASDAQ,ELIGIBLE,65.92,165172523.4645,2237515.85,1.0,0.9308,7.48,29.4,D-1,True,715
ARX,NYSE,ELIGIBLE,19.75,35041735.706,1773422.7,1.0,0.6487,0.0,5.06,D-1,True,1754
ARXS,NASDAQ,ELIGIBLE,50.12,44530618.5915,863930.7,1.0,0.9103,8.07,22.74,D-1,True,1587
AS,NYSE,ELIGIBLE,27.77,216993424.66799998,7755564.9,1.0,1.0,7.42,3.66,D-1,True,580
ASA,NYSE,ELIGIBLE,56.68,3880914.88975,64474.3,1.0,0.1385,0.0,77.69,D-1,True,3195
ASAIY,OTC,NOT_LISTED_EXCHANGE,,,,,,,,UNMEASURED,False,
ASAN,NYSE,ELIGIBLE,9.02,83071949.686,8807764.1,1.0,0.9949,16.16,10.9,D-1,True,1108
ASAZY,OTC,NOT_LISTED_EXCHANGE,,,,,,,,UNMEASURED,False,
ASB,NYSE,ELIGIBLE,29.37,68731246.963,2292931.05,1.0,0.9692,3.41,3.4,D-1,True,1251
ASB.PRE,NYSE,MALFORMED_OR_NON_COMMON_SYMBOL,,,,,,,,UNMEASURED,False,
ASB.PRF,NYSE,MALFORMED_OR_NON_COMMON_SYMBOL,,,,,,,,UNMEASURED,False,
ASBA,NYSE,NOTE_DEBT,,,,,,,,UNMEASURED,False,
ASBFY,OTC,NOT_LISTED_EXCHANGE,,,,,,,,UNMEASURED,False,
ASBH,NYSE,NOT_SEC_REGISTRANT_TICKER,,,,,,,,UNMEASURED,False,
ASBP,NASDAQ,ELIGIBLE,8.32,327226.38925,37529.1,1.0,0.0692,0.0,339.81,D-1,False,
ASBPW,NASDAQ,WARRANT,,,,,,,,UNMEASURED,False,
ASC,NYSE,ELIGIBLE,17.85,10736809.662999999,590410.6,1.0,0.6846,0.56,19.76,D-1,True,2573
ASCE,ARCA,FUND_ETF_ETN,,,,,,,,UNMEASURED,False,
ASCI,NASDAQ,FUND_ETF_ETN,,,,,,,,UNMEASURED,False,
ASCRF,OTC,NOT_TRADABLE,,,,,,,,UNMEASURED,False,
ASCWF,OTC,NOT_TRADABLE,,,,,,,,UNMEASURED,False,
ASD,NASDAQ,FUND_ETF_ETN,,,,,,,,UNMEASURED,False,
ASEA,ARCA,FUND_ETF_ETN,,,,,,,,UNMEASURED,False,
ASEC,NASDAQ,FUND_ETF_ETN,,,,,,,,UNMEASURED,False,
ASG,NYSE,ELIGIBLE,5.1,1312000.8484999998,258796.7,1.0,0.2564,0.0,19.68,D-1,True,3780
ASGI,NYSE,FUND_ETF_ETN,,,,,,,,UNMEASURED,False,
ASGI.RT,NYSE,MALFORMED_OR_NON_COMMON_SYMBOL,,,,,,,,UNMEASURED,False,
ASGM,ARCA,FUND_ETF_ETN,,,,,,,,UNMEASURED,False,
ASH,NYSE,ELIGIBLE,69.06,48078501.6355,676127.7,1.0,0.6462,2.17,22.46,D-1,True,1523
ASHR,ARCA,FUND_ETF_ETN,,,,,,,,UNMEASURED,False,
ASHS,ARCA,FUND_ETF_ETN,,,,,,,,UNMEASURED,False,
ASIA,ARCA,FUND_ETF_ETN,,,,,,,,UNMEASURED,False,
ASIC,NYSE,ELIGIBLE,27.15,1944106.3195,71548.3,1.0,0.1821,0.0,113.42,D-1,True,3570
ASIX,NYSE,ELIGIBLE,15.8,4356251.297,262113.1,1.0,0.3513,0.0,25.55,D-1,True,3133
ASLE,NASDAQ,ELIGIBLE,5.4,2595760.5835,471532.45,1.0,0.4923,0.0,18.4,D-1,True,3399
ASLV,ARCA,FUND_ETF_ETN,,,,,,,,UNMEASURED,False,
ASM,AMEX,ELIGIBLE,5.94,26233428.3755,3856700.2,1.0,0.9513,8.5,16.93,D-1,True,1953
ASMB,NASDAQ,ELIGIBLE,23.67,11250064.574,394142.3,1.0,0.3462,0.0,50.72,D-1,True,2534
ASMF,ARCA,FUND_ETF_ETN,,,,,,,,UNMEASURED,False,
ASMG,NASDAQ,FUND_ETF_ETN,,,,,,,,UNMEASURED,False,
ASMH,ARCA,NOT_SEC_REGISTRANT_TICKER,,,,,,,,UNMEASURED,False,
ASMIY,OTC,NOT_LISTED_EXCHANGE,,,,,,,,UNMEASURED,False,
ASML,NASDAQ,ELIGIBLE,1743.94,2227697673.946,1325930.95,1.0,1.0,7.63,5.0,D-1,True,44
ASMU,NASDAQ,FUND_ETF_ETN,,,,,,,,UNMEASURED,False,
ASMZ,BATS,FUND_ETF_ETN,,,,,,,,UNMEASURED,False,
ASND,NASDAQ,ELIGIBLE,225.6,218621134.4645,884368.05,1.0,0.7436,0.0,41.04,D-1,True,572
ASNS,OTC,NOT_TRADABLE,,,,,,,,UNMEASURED,False,
ASO,NASDAQ,ELIGIBLE,49.14,108811310.91875,2223477.3,1.0,0.9026,6.1,15.46,D-1,True,943
ASPC,NASDAQ,ELIGIBLE,10.835,108219.43045999999,9885.7,1.0,0.0026,0.0,,UNMEASURED,False,
ASPCR,NASDAQ,RIGHT,,,,,,,,UNMEASURED,False,
ASPCU,NASDAQ,UNIT,,,,,,,,UNMEASURED,False,
ASPI,NASDAQ,ELIGIBLE,2.925,13947114.8805,4064486.95,1.0,0.9795,17.03,34.02,D-1,True,2391
ASPN,NYSE,ELIGIBLE,5.22,4499572.108,882518.1,1.0,0.8872,9.69,19.44,D-1,True,3108
ASPS,NASDAQ,ELIGIBLE,5.49,46749.88875,8289.9,1.0,0.0282,0.0,131.7,D-1,False,
ASPSW,NASDAQ,WARRANT,,,,,,,,UNMEASURED,False,
ASPSZ,NASDAQ,WARRANT,,,,,,,,UNMEASURED,False,
ASPU,OTC,NOT_TRADABLE,,,,,,,,UNMEASURED,False,
ASR,NYSE,ELIGIBLE,243.21,14164428.335499998,56992.6,1.0,0.4051,0.0,29.95,D-1,True,2380
ASRV,NASDAQ,ELIGIBLE,4.68,69416.3515,14493.7,1.0,0.0564,0.0,531.35,D-1,False,
ASST,NASDAQ,ELIGIBLE,29.44,281195908.0225,10315516.95,1.0,1.0,14.39,8.48,D-1,True,452
ASSX,BATS,FUND_ETF_ETN,,,,,,,,UNMEASURED,False,
ASTC,NASDAQ,ELIGIBLE,7.155,229860.59625,33086.75,1.0,0.0897,0.0,299.14,D-1,False,
ASTE,NASDAQ,ELIGIBLE,41.28,9197118.680499999,220204.05,1.0,0.2436,2.42,52.61,D-1,True,2666
ASTG,BATS,FUND_ETF_ETN,,,,,,,,UNMEASURED,False,
ASTH,NASDAQ,ELIGIBLE,36.37,15048967.242499998,416305.9,1.0,0.4026,1.38,40.55,D-1,True,2340
ASTI,NASDAQ,ELIGIBLE,2.92,831254.67325,281997.3,1.0,0.241,0.0,68.97,D-1,False,
ASTL,NASDAQ,ELIGIBLE,4.26,3329445.867,770204.9,1.0,0.7026,0.0,23.56,D-1,True,3271
ASTLW,NASDAQ,WARRANT,,,,,,,,UNMEASURED,False,
ASTN,BATS,FUND_ETF_ETN,,,,,,,,UNMEASURED,False,
ASTS,NASDAQ,ELIGIBLE,61.81,599318447.4269999,9836607.75,1.0,1.0,16.19,8.12,D-1,True,197
ASTT,BATS,FUND_ETF_ETN,,,,,,,,UNMEASURED,False,
ASTX,BATS,FUND_ETF_ETN,,,,,,,,UNMEASURED,False,
ASTY,BATS,FUND_ETF_ETN,,,,,,,,UNMEASURED,False,
ASUP,BATS,FUND_ETF_ETN,,,,,,,,UNMEASURED,False,
ASUR,NASDAQ,ELIGIBLE,7.89,836152.655,98138.6,1.0,0.2128,0.0,63.44,D-1,False,
ASX,NYSE,ELIGIBLE,44.31,267592626.2,6695861.4,1.0,1.0,7.88,2.25,D-1,True,476
ASYS,NASDAQ,ELIGIBLE,15.78,4377587.7105,298339.65,1.0,0.4231,0.0,45.01,D-1,True,3130
AT,BATS,FUND_ETF_ETN,,,,,,,,UNMEASURED,False,
ATAT,NASDAQ,ELIGIBLE,32.23,27578440.824500002,829676.9,1.0,0.7436,3.12,10.88,D-1,True,1912
ATC,NASDAQ,FUND_ETF_ETN,,,,,,,,UNMEASURED,False,
ATCH,AMEX,ELIGIBLE,0.1878,1971849.365985,10277335.3,1.0,0.9103,10.56,70.97,D-1,False,
ATCL,ARCA,FUND_ETF_ETN,,,,,,,,UNMEASURED,False,
ATCX,NASDAQ,ELIGIBLE,3.1,29824.166749999997,9358.95,1.0,0.0436,0.0,447.28,D-1,False,
ATEC,NASDAQ,ELIGIBLE,10.12,23322764.18675,2332816.3,1.0,0.9385,5.06,9.91,D-1,True,2044
ATEK,OTC,NOT_TRADABLE,,,,,,,,UNMEASURED,False,
ATEKW,OTC,NOT_TRADABLE,,,,,,,,UNMEASURED,False,
ATEN,NYSE,ELIGIBLE,25.73,27322642.696499996,1061895.1,1.0,0.7513,3.82,11.54,D-1,True,1917
ATER,NASDAQ,ELIGIBLE,0.664,3671093.0065800003,5371098.4,1.0,0.1667,0.0,317.35,D-1,False,
ATEX,NASDAQ,ELIGIBLE,81.42,25526653.906999998,308634.75,1.0,0.2872,0.0,71.38,D-1,True,1971
ATEYY,OTC,NOT_LISTED_EXCHANGE,,,,,,,,UNMEASURED,False,
ATFV,ARCA,FUND_ETF_ETN,,,,,,,,UNMEASURED,False,
ATGL,NASDAQ,ELIGIBLE,5.5,59947.60400000001,9665.1,1.0,0.0282,0.0,1695.88,D-1,False,
ATH.PRA,NYSE,MALFORMED_OR_NON_COMMON_SYMBOL,,,,,,,,UNMEASURED,False,
ATH.PRB,NYSE,MALFORMED_OR_NON_COMMON_SYMBOL,,,,,,,,UNMEASURED,False,
ATH.PRD,NYSE,MALFORMED_OR_NON_COMMON_SYMBOL,,,,,,,,UNMEASURED,False,
ATH.PRE,NYSE,MALFORMED_OR_NON_COMMON_SYMBOL,,,,,,,,UNMEASURED,False,
ATHE,NASDAQ,ELIGIBLE,3.67,59696.817,14611.8,1.0,0.0128,0.0,246.91,D-1,False,
ATHM,NYSE,ELIGIBLE,21.33,11419694.387,528391.55,1.0,0.8,2.37,11.78,D-1,True,2521
ATHR,NASDAQ,ELIGIBLE,3.7,38645.76025,11628.15,1.0,0.0231,0.0,1249.06,D-1,False,
ATHS,NYSE,NOTE_DEBT,,,,,,,,UNMEASURED,False,
ATI,NYSE,ELIGIBLE,185.48,401663406.8725,2037260.95,1.0,0.8154,6.71,23.12,D-1,True,312
ATII,NASDAQ,ELIGIBLE,10.69,3540101.336,331660.65,1.0,0.0923,0.0,9.36,D-1,True,3239
ATIIU,NASDAQ,UNIT,,,,,,,,UNMEASURED,False,
ATIIW,NASDAQ,WARRANT,,,,,,,,UNMEASURED,False,
ATIP,OTC,NOT_TRADABLE,,,,,,,,UNMEASURED,False,
ATKR,NYSE,ELIGIBLE,94.57,72225136.30399999,767316.65,1.0,0.7692,0.0,1.06,D-1,True,1211
ATLC,NASDAQ,ELIGIBLE,92.5,11610962.057,124842.8,1.0,0.1667,0.0,91.02,D-1,True,2510
ATLCL,NASDAQ,NOTE_DEBT,,,,,,,,UNMEASURED,False,
ATLCP,NASDAQ,PREFERRED,,,,,,,,UNMEASURED,False,
ATLCZ,NASDAQ,NOTE_DEBT,,,,,,,,UNMEASURED,False,
ATLKY,OTC,NOT_LISTED_EXCHANGE,,,,,,,,UNMEASURED,False,
ATLO,NASDAQ,ELIGIBLE,31.82,1015495.5464999999,31740.45,1.0,0.059,0.0,75.34,D-1,True,3918
ATLQ,NASDAQ,ELIGIBLE,9.98,278505.870305,27940.85,1.0,0.0026,0.0,20.06,D-1,False,
ATLQR,NASDAQ,RIGHT,,,,,,,,UNMEASURED,False,
ATLQU,NASDAQ,UNIT,,,,,,,,UNMEASURED,False,
ATLQW,NASDAQ,WARRANT,,,,,,,,UNMEASURED,False,
ATLX,NASDAQ,ELIGIBLE,2.7,688504.2705,226402.55,1.0,0.5897,0.0,37.31,D-1,False,
ATMP,BATS,FUND_ETF_ETN,,,,,,,,UNMEASURED,False,
ATMU,NYSE,ELIGIBLE,44.71,33216051.771500003,731131.65,1.0,0.6308,2.21,16.76,D-1,True,1785
ATNI,NASDAQ,ELIGIBLE,28.62,2499055.332,83736.7,1.0,0.2205,0.0,89.42,D-1,True,3426
ATNM,AMEX,ELIGIBLE,1.2,174424.32175,142852.4,1.0,0.0513,0.0,84.39,D-1,False,
ATNXQ,OTC,NOT_TRADABLE,,,,,,,,UNMEASURED,False,
ATO,NYSE,ELIGIBLE,157.21,163969113.9605,1009504.65,1.0,0.8205,2.23,14.44,D-1,True,721
ATOM,NASDAQ,ELIGIBLE,4.35,1780685.591,433258.05,1.0,0.4,0.0,47.06,D-1,True,3614
ATOS,NASDAQ,ELIGIBLE,1.9,122572.94949999999,52222.45,1.0,0.1641,0.0,196.08,D-1,False,
ATPC,NASDAQ,ELIGIBLE,2.24,46302.602629999994,20020.85,1.0,0.0128,0.0,285.43,D-1,False,
ATR,NYSE,ELIGIBLE,123.87,53849948.986,427703.9,1.0,0.5179,0.81,11.34,D-1,True,1433
ATRA,NASDAQ,ELIGIBLE,8.81,445933.6215,46573.95,1.0,0.1179,0.0,224.47,D-1,False,
ATRC,NASDAQ,ELIGIBLE,58.38,85466357.05925,1520183.75,1.0,0.9256,6.69,11.66,D-1,True,1091
ATRO,NASDAQ,ELIGIBLE,69.22,45481755.50974999,650036.6,1.0,0.5333,0.0,29.86,D-1,True,1573
ATROB,OTC,NOT_TRADABLE,,,,,,,,UNMEASURED,False,
ATS,NYSE,ELIGIBLE,19.1,5683683.513499999,295545.4,1.0,0.3872,0.0,21.09,D-1,True,2978
ATTO,NASDAQ,ELIGIBLE,17.78,7154401.4745000005,330952.95,1.0,0.6359,0.0,141.69,D-1,True,2820
ATTOF,OTC,NOT_TRADABLE,,,,,,,,UNMEASURED,False,
ATTR,BATS,FUND_ETF_ETN,,,,,,,,UNMEASURED,False,
ATTT,NASDAQ,ELIGIBLE,2.73,1553442.241,488742.1,1.0,0.0385,0.0,,UNMEASURED,True,3685
ATXG,NASDAQ,NOT_TRADABLE,,,,,,,,UNMEASURED,False,
ATXI,OTC,NOT_TRADABLE,,,,,,,,UNMEASURED,False,
ATYR,NASDAQ,ELIGIBLE,0.305,2678475.18279,7768797.0,1.0,0.9282,52.59,58.34,D-1,False,
AU,NYSE,ELIGIBLE,99.03,258233134.7935,2459580.55,1.0,0.9282,6.09,11.68,D-1,True,498
AUAU,ARCA,FUND_ETF_ETN,,,,,,,,UNMEASURED,False,
AUB,NYSE,ELIGIBLE,38.78,52823574.5785,1334029.85,1.0,0.9051,2.58,7.75,D-1,True,1454
AUB.PRA,NYSE,MALFORMED_OR_NON_COMMON_SYMBOL,,,,,,,,UNMEASURED,False,
AUBN,NASDAQ,ELIGIBLE,27.225,55193.266079999994,2060.8,1.0,0.0359,4.59,287.98,D-1,False,
AUC,NASDAQ,ELIGIBLE,8.48,47473.5597,6528.65,1.0,0.0077,0.0,410.63,D-1,False,
AUDC,NASDAQ,ELIGIBLE,10.66,973402.0737500001,96821.85,1.0,0.2026,0.0,49.14,D-1,False,
AUGC,BATS,FUND_ETF_ETN,,,,,,,,UNMEASURED,False,
AUGM,BATS,FUND_ETF_ETN,,,,,,,,UNMEASURED,False,
AUGO,NASDAQ,ELIGIBLE,83.57,98371880.99475,1140985.85,1.0,0.6308,1.19,35.0,D-1,True,1000
AUGP,BATS,FUND_ETF_ETN,,,,,,,,UNMEASURED,False,
AUGT,BATS,FUND_ETF_ETN,,,,,,,,UNMEASURED,False,
AUGU,BATS,FUND_ETF_ETN,,,,,,,,UNMEASURED,False,
AUGW,BATS,FUND_ETF_ETN,,,,,,,,UNMEASURED,False,
AUGZ,BATS,FUND_ETF_ETN,,,,,,,,UNMEASURED,False,
AUID,NASDAQ,ELIGIBLE,0.4639,264161.82571,597307.4,1.0,0.4128,0.0,169.68,D-1,False,
AUMI,NASDAQ,FUND_ETF_ETN,,,,,,,,UNMEASURED,False,
AUMN,OTC,NOT_TRADABLE,,,,,,,,UNMEASURED,False,
AUNA,NYSE,ELIGIBLE,5.1,576911.4415,111352.3,1.0,0.1821,0.0,117.34,D-1,False,
AUOTY,OTC,NOT_LISTED_EXCHANGE,,,,,,,,UNMEASURED,False,
AUPH,NASDAQ,ELIGIBLE,16.44,13358387.136750001,814127.7,1.0,0.7231,3.02,9.12,D-1,True,2423
AUR,NASDAQ,ELIGIBLE,6.04,207797303.93699998,33254130.25,1.0,1.0,24.3,16.5,D-1,True,605
AURA,NASDAQ,ELIGIBLE,6.0,5930264.154,883441.9,1.0,0.8821,8.28,16.59,D-1,True,2946
AURE,NASDAQ,ELIGIBLE,1.14,97158.5231,76670.9,1.0,0.0641,0.0,1111.11,D-1,False,
AUROW,NASDAQ,WARRANT,,,,,,,,UNMEASURED,False,
AUSF,ARCA,FUND_ETF_ETN,,,,,,,,UNMEASURED,False,
AUSM,ARCA,FUND_ETF_ETN,,,,,,,,UNMEASURED,False,
AUST,AMEX,ELIGIBLE,1.0755,47636.788625,40711.55,1.0,0.0205,0.0,230.84,D-1,False,
AUTL,NASDAQ,ELIGIBLE,1.855,3297840.9225000003,1601584.3,1.0,0.8564,15.42,53.05,D-1,True,3277
AUUD,NASDAQ,ELIGIBLE,1.14,2385533.6063,2083816.2,1.0,0.4923,0.0,84.41,D-1,True,3454
AUVI,OTC,NOT_TRADABLE,,,,,,,,UNMEASURED,False,
AUVIP,OTC,NOT_TRADABLE,,,,,,,,UNMEASURED,False,
AUXX,AMEX,ELIGIBLE,5.315,370129.8214285714,57394.07142857143,0.7,0.0333,0.0,184.87,D-1,False,
AV,BATS,FUND_ETF_ETN,,,,,,,,UNMEASURED,False,
AVA,NYSE,ELIGIBLE,35.11,26714076.7155,729643.6,1.0,0.7872,2.86,7.19,D-1,True,1940
AVAH,NASDAQ,ELIGIBLE,12.41,43984810.1695,3239579.2,1.0,0.9282,8.02,8.11,D-1,True,1594
AVAL,NYSE,ELIGIBLE,4.96,623500.031,119983.85,1.0,0.1692,0.0,151.18,D-1,False,
AVAT,NASDAQ,ELIGIBLE,1.84,3752662.345075,2287934.4,1.0,0.7205,4.12,157.76,D-1,True,3213
AVAV,NASDAQ,ELIGIBLE,152.05,345439596.57375,2302376.2,1.0,0.9513,11.98,18.14,D-1,True,366
AVAZ,BATS,FUND_ETF_ETN,,,,,,,,UNMEASURED,False,
AVBC,NYSE,ELIGIBLE,21.68,4073649.109,184765.6,1.0,0.2154,0.0,29.87,D-1,True,3167
AVBH,NASDAQ,ELIGIBLE,31.41,2281030.3045,72392.2,1.0,0.1949,0.0,54.0,D-1,True,3470
AVBP,NASDAQ,ELIGIBLE,28.45,17071805.1345,578844.2,1.0,0.7051,3.48,28.95,D-1,True,2248
AVCTQ,OTC,NOT_TRADABLE,,,,,,,,UNMEASURED,False,
AVD,NYSE,ELIGIBLE,1.87,602708.8589999999,280147.8,1.0,0.2718,0.0,78.33,D-1,False,
AVDE,ARCA,FUND_ETF_ETN,,,,,,,,UNMEASURED,False,
AVDS,ARCA,FUND_ETF_ETN,,,,,,,,UNMEASURED,False,
AVDV,ARCA,FUND_ETF_ETN,,,,,,,,UNMEASURED,False,
AVEE,ARCA,FUND_ETF_ETN,,,,,,,,UNMEASURED,False,
AVEM,ARCA,FUND_ETF_ETN,,,,,,,,UNMEASURED,False,
AVES,ARCA,FUND_ETF_ETN,,,,,,,,UNMEASURED,False,
AVEX,NYSE,ELIGIBLE,16.07,20038367.1005,1221966.15,1.0,0.8538,6.12,15.32,D-1,True,2145
AVGB,NASDAQ,FUND_ETF_ETN,,,,,,,,UNMEASURED,False,
AVGC,BATS,FUND_ETF_ETN,,,,,,,,UNMEASURED,False,
AVGE,ARCA,FUND_ETF_ETN,,,,,,,,UNMEASURED,False,
AVGG,NASDAQ,FUND_ETF_ETN,,,,,,,,UNMEASURED,False,
AVGO,NASDAQ,ELIGIBLE,352.81,9818787781.071001,27432545.2,1.0,1.0,7.26,1.84,D-1,True,11
AVGU,NASDAQ,FUND_ETF_ETN,,,,,,,,UNMEASURED,False,
AVGV,ARCA,FUND_ETF_ETN,,,,,,,,UNMEASURED,False,
AVGW,BATS,FUND_ETF_ETN,,,,,,,,UNMEASURED,False,
AVGX,NASDAQ,FUND_ETF_ETN,,,,,,,,UNMEASURED,False,
AVHI,OTC,NOT_TRADABLE,,,,,,,,UNMEASURED,False,
AVHIW,OTC,NOT_TRADABLE,,,,,,,,UNMEASURED,False,
AVIE,ARCA,FUND_ETF_ETN,,,,,,,,UNMEASURED,False,
AVIG,ARCA,FUND_ETF_ETN,,,,,,,,UNMEASURED,False,
AVIR,NASDAQ,ELIGIBLE,5.17,1542637.6195,286725.25,1.0,0.4846,0.0,29.38,D-1,True,3688
AVIV,ARCA,FUND_ETF_ETN,,,,,,,,UNMEASURED,False,
AVK,NYSE,FUND_ETF_ETN,,,,,,,,UNMEASURED,False,
AVL,NASDAQ,FUND_ETF_ETN,,,,,,,,UNMEASURED,False,
AVLC,ARCA,FUND_ETF_ETN,,,,,,,,UNMEASURED,False,
AVLN,NASDAQ,ELIGIBLE,28.08,8533623.386,254110.5,1.0,0.4,3.63,123.58,D-1,True,2714
AVLV,ARCA,FUND_ETF_ETN,,,,,,,,UNMEASURED,False,
AVMA,ARCA,FUND_ETF_ETN,,,,,,,,UNMEASURED,False,
AVMC,ARCA,FUND_ETF_ETN,,,,,,,,UNMEASURED,False,
AVMU,ARCA,FUND_ETF_ETN,,,,,,,,UNMEASURED,False,
AVMV,ARCA,FUND_ETF_ETN,,,,,,,,UNMEASURED,False,
AVNM,ARCA,FUND_ETF_ETN,,,,,,,,UNMEASURED,False,
AVNT,NYSE,ELIGIBLE,41.28,28252024.915999997,674362.7,1.0,0.6923,2.42,9.73,D-1,True,1899
AVNV,ARCA,FUND_ETF_ETN,,,,,,,,UNMEASURED,False,
AVNW,NASDAQ,ELIGIBLE,20.09,3569769.8935000002,179854.2,1.0,0.2154,0.0,57.55,D-1,True,3235
AVO,NASDAQ,ELIGIBLE,13.14,11015816.610000001,856569.3,1.0,0.6949,7.59,11.49,D-1,True,2557
AVOS,NASDAQ,FUND_ETF_ETN,,,,,,,,UNMEASURED,False,
AVPT,NASDAQ,ELIGIBLE,13.0,22711991.7425,1707551.95,1.0,0.9,3.84,7.65,D-1,True,2063
AVR,NASDAQ,ELIGIBLE,7.69,5891460.0649999995,710804.65,1.0,0.6846,6.45,26.18,D-1,True,2947
AVRE,ARCA,FUND_ETF_ETN,,,,,,,,UNMEASURED,False,
AVRY,BATS,FUND_ETF_ETN,,,,,,,,UNMEASURED,False,
AVS,NASDAQ,FUND_ETF_ETN,,,,,,,,UNMEASURED,False,
AVSC,ARCA,FUND_ETF_ETN,,,,,,,,UNMEASURED,False,
AVSD,ARCA,FUND_ETF_ETN,,,,,,,,UNMEASURED,False,
AVSE,ARCA,FUND_ETF_ETN,,,,,,,,UNMEASURED,False,
AVSF,ARCA,FUND_ETF_ETN,,,,,,,,UNMEASURED,False,
AVSU,ARCA,FUND_ETF_ETN,,,,,,,,UNMEASURED,False,
AVT,NASDAQ,ELIGIBLE,103.075,125409419.98975,1323759.7,1.0,0.8923,5.3,18.15,D-1,True,863
AVTM,ARCA,FUND_ETF_ETN,,,,,,,,UNMEASURED,False,
AVTR,NYSE,ELIGIBLE,15.25,132235722.623,8753447.1,1.0,1.0,6.55,6.54,D-1,True,837
AVTX,NASDAQ,ELIGIBLE,15.47,19464641.446000002,1141704.0,1.0,0.9282,13.02,43.0,D-1,True,2169
AVUQ,NASDAQ,FUND_ETF_ETN,,,,,,,,UNMEASURED,False,
AVUS,ARCA,FUND_ETF_ETN,,,,,,,,UNMEASURED,False,
AVUV,ARCA,FUND_ETF_ETN,,,,,,,,UNMEASURED,False,
AVVIY,OTC,NOT_LISTED_EXCHANGE,,,,,,,,UNMEASURED,False,
AVX,NASDAQ,ELIGIBLE,6.04,1645428.7905,358479.3,1.0,0.5077,0.0,198.71,D-1,True,3663
AVXC,NASDAQ,FUND_ETF_ETN,,,,,,,,UNMEASURED,False,
AVXL,NASDAQ,ELIGIBLE,2.38,1765432.2445,679487.1,1.0,0.5103,0.0,42.28,D-1,True,3618
AVXX,NASDAQ,FUND_ETF_ETN,,,,,,,,UNMEASURED,False,
AVY,NYSE,ELIGIBLE,170.34,208349744.34750003,1211056.7,1.0,0.6795,0.59,12.3,D-1,True,602
AVYAQ,OTC,NOT_TRADABLE,,,,,,,,UNMEASURED,False,
AWAY,ARCA,FUND_ETF_ETN,,,,,,,,UNMEASURED,False,
AWCA,OTC,NOT_TRADABLE,,,,,,,,UNMEASURED,False,
AWF,NYSE,FUND_ETF_ETN,,,,,,,,UNMEASURED,False,
AWHL,OTC,NOT_TRADABLE,,,,,,,,UNMEASURED,False,
AWI,NYSE,ELIGIBLE,162.81,60314341.8975,365812.6,1.0,0.4,0.0,23.98,D-1,True,1353
AWIN,OTC,NOT_TRADABLE,,,,,,,,UNMEASURED,False,
AWINW,OTC,NOT_TRADABLE,,,,,,,,UNMEASURED,False,
AWK,NYSE,ELIGIBLE,130.91,262747794.8,1911283.9,1.0,0.8795,3.45,10.69,D-1,True,487
AWP,NYSE,FUND_ETF_ETN,,,,,,,,UNMEASURED,False,
AWR,NYSE,ELIGIBLE,82.8,19680032.8285,227305.85,1.0,0.3,0.0,31.64,D-1,True,2161
AWRE,NASDAQ,ELIGIBLE,1.18,42483.69225,34952.35,1.0,0.059,0.0,167.72,D-1,False,
AWX,AMEX,ELIGIBLE,2.5863,20633.661744999998,7883.55,1.0,0.0154,0.0,383.14,D-1,False,
AX,NYSE,ELIGIBLE,88.52,35662554.096,385819.5,1.0,0.3641,0.0,32.01,D-1,True,1741
AXAC,OTC,NOT_TRADABLE,,,,,,,,UNMEASURED,False,
AXAS,OTC,NOT_TRADABLE,,,,,,,,UNMEASURED,False,
AXG,NASDAQ,ELIGIBLE,0.2,1708232.0760000001,5658414.6,1.0,0.9564,216.12,43.85,D-1,False,
AXGN,NASDAQ,ELIGIBLE,43.39,56597105.25825,1265322.75,1.0,0.8615,4.6,12.07,D-1,True,1401
AXIAY,OTC,NOT_TRADABLE,,,,,,,,UNMEASURED,False,
AXICY,OTC,NOT_TRADABLE,,,,,,,,UNMEASURED,False,
AXIL,AMEX,ELIGIBLE,6.27,133128.93325,20840.05,1.0,0.0179,0.0,412.85,D-1,False,
AXIN,NASDAQ,ELIGIBLE,10.34,913520.2039999999,88359.1,1.0,0.0128,0.0,,UNMEASURED,False,
AXINR,NASDAQ,RIGHT,,,,,,,,UNMEASURED,False,
AXINU,NASDAQ,UNIT,,,,,,,,UNMEASURED,False,
AXON,NASDAQ,ELIGIBLE,430.11,517721128.538,1079778.9,1.0,0.9846,9.21,11.71,D-1,True,232
AXP,NYSE,ELIGIBLE,308.89,965667445.716,3048102.65,1.0,1.0,5.97,4.15,D-1,True,111
AXR,NYSE,ELIGIBLE,22.37,197376.8725,8651.0,1.0,0.0231,0.0,704.65,D-1,False,
AXS,NYSE,ELIGIBLE,94.45,62001113.7255,627863.65,1.0,0.6026,1.05,13.2,D-1,True,1321
AXS.PRE,NYSE,MALFORMED_OR_NON_COMMON_SYMBOL,,,,,,,,UNMEASURED,False,
AXSM,NASDAQ,ELIGIBLE,195.09,126830593.57049999,613140.35,1.0,0.8744,6.0,38.83,D-1,True,854
AXTA,NYSE,ELIGIBLE,32.89,68832003.08150001,2036968.3,1.0,0.9385,3.05,4.58,D-1,True,1247
AXTC,BATS,FUND_ETF_ETN,,,,,,,,UNMEASURED,False,
AXTI,NASDAQ,ELIGIBLE,78.94,583408246.8824999,8752664.7,1.0,1.0,24.73,14.84,D-1,True,201
AXTL,BATS,FUND_ETF_ETN,,,,,,,,UNMEASURED,False,
AXTQ,BATS,FUND_ETF_ETN,,,,,,,,UNMEASURED,False,
AXTU,BATS,FUND_ETF_ETN,,,,,,,,UNMEASURED,False,
AXTX,BATS,FUND_ETF_ETN,,,,,,,,UNMEASURED,False,
AXXA,OTC,NOT_TRADABLE,,,,,,,,UNMEASURED,False,
AYA,NASDAQ,ELIGIBLE,28.47,38044868.556,1350559.35,1.0,0.8077,5.26,19.28,D-1,True,1693
AYI,NYSE,ELIGIBLE,319.42,87764604.24450001,280691.3,1.0,0.859,5.55,18.51,D-1,True,1064
AYTU,NASDAQ,ELIGIBLE,2.28,105170.72875000001,47962.45,1.0,0.0513,0.0,200.64,D-1,False,
AZ,NASDAQ,ELIGIBLE,5.45,2229594.83,376736.75,1.0,0.2,0.0,44.48,D-1,True,3486
AZI,NASDAQ,ELIGIBLE,1.17,82695.8365,66721.75,1.0,0.1256,0.0,124.48,D-1,False,
AZIO,NASDAQ,ELIGIBLE,1.28,317830.93925,249287.55,1.0,0.1154,0.0,,UNMEASURED,False,
AZN,NYSE,ELIGIBLE,166.58,498353612.9665,3057524.5,1.0,0.9744,4.23,4.52,D-1,True,241
AZO,NYSE,ELIGIBLE,2872.16,1158760406.961,399835.4,1.0,0.9949,9.69,22.3,D-1,True,94
AZREF,OTC,NOT_TRADABLE,,,,,,,,UNMEASURED,False,
AZTA,NASDAQ,ELIGIBLE,34.02,27767534.4555,856451.55,1.0,0.7051,4.42,19.12,D-1,True,1909
AZTD,ARCA,FUND_ETF_ETN,,,,,,,,UNMEASURED,False,
AZTR,AMEX,ELIGIBLE,0.1678,104121.273415,600379.8,1.0,0.1231,0.0,219.47,D-1,False,
AZUL,NYSE,ELIGIBLE,6.49,1318756.955,205081.0,1.0,0.1026,0.0,185.69,D-1,True,3775
AZYY,NASDAQ,FUND_ETF_ETN,,,,,,,,UNMEASURED,False,
AZZ,NYSE,ELIGIBLE,137.17,33069328.7455,244167.7,1.0,0.2974,0.0,39.76,D-1,True,1788
B,NYSE,ELIGIBLE,42.88,387817194.301,8877020.05,1.0,1.0,7.03,2.35,D-1,True,323
BA,NYSE,ELIGIBLE,198.07,1324461776.464,6516556.4,1.0,1.0,7.97,6.8,D-1,True,81
BA.PRA,NYSE,MALFORMED_OR_NON_COMMON_SYMBOL,,,,,,,,UNMEASURED,False,
BAB,ARCA,FUND_ETF_ETN,,,,,,,,UNMEASURED,False,
BABA,NYSE,ELIGIBLE,109.74,975862641.9834999,8706371.35,1.0,1.0,4.46,1.82,D-1,True,105
BABC,BATS,FUND_ETF_ETN,,,,,,,,UNMEASURED,False,
BABO,ARCA,FUND_ETF_ETN,,,,,,,,UNMEASURED,False,
BABU,NASDAQ,FUND_ETF_ETN,,,,,,,,UNMEASURED,False,
BABW,BATS,FUND_ETF_ETN,,,,,,,,UNMEASURED,False,
BABX,NASDAQ,FUND_ETF_ETN,,,,,,,,UNMEASURED,False,
BAC,NYSE,ELIGIBLE,56.7,2235204323.743,37443539.4,1.0,1.0,5.36,1.78,D-1,True,43
BAC.PRB,NYSE,MALFORMED_OR_NON_COMMON_SYMBOL,,,,,,,,UNMEASURED,False,
BAC.PRE,NYSE,MALFORMED_OR_NON_COMMON_SYMBOL,,,,,,,,UNMEASURED,False,
BAC.PRK,NYSE,MALFORMED_OR_NON_COMMON_SYMBOL,,,,,,,,UNMEASURED,False,
BAC.PRL,NYSE,MALFORMED_OR_NON_COMMON_SYMBOL,,,,,,,,UNMEASURED,False,
BAC.PRM,NYSE,MALFORMED_OR_NON_COMMON_SYMBOL,,,,,,,,UNMEASURED,False,
BAC.PRN,NYSE,MALFORMED_OR_NON_COMMON_SYMBOL,,,,,,,,UNMEASURED,False,
BAC.PRO,NYSE,MALFORMED_OR_NON_COMMON_SYMBOL,,,,,,,,UNMEASURED,False,
BAC.PRP,NYSE,MALFORMED_OR_NON_COMMON_SYMBOL,,,,,,,,UNMEASURED,False,
BAC.PRQ,NYSE,MALFORMED_OR_NON_COMMON_SYMBOL,,,,,,,,UNMEASURED,False,
BAC.PRS,NYSE,MALFORMED_OR_NON_COMMON_SYMBOL,,,,,,,,UNMEASURED,False,
BACC,NASDAQ,ELIGIBLE,10.495,1003441.4992249999,95096.8,1.0,0.0744,0.0,66.57,D-1,True,3923
BACCR,NASDAQ,RIGHT,,,,,,,,UNMEASURED,False,
BACCU,NASDAQ,UNIT,,,,,,,,UNMEASURED,False,
BACHY,OTC,NOT_LISTED_EXCHANGE,,,,,,,,UNMEASURED,False,
BACK,OTC,NOT_TRADABLE,,,,,,,,UNMEASURED,False,
BAER,NASDAQ,ELIGIBLE,0.7932,689618.470805,691478.4,1.0,0.5282,2.39,105.93,D-1,False,
BAERW,NASDAQ,WARRANT,,,,,,,,UNMEASURED,False,
BAESY,OTC,NOT_LISTED_EXCHANGE,,,,,,,,UNMEASURED,False,
BAFE,NASDAQ,FUND_ETF_ETN,,,,,,,,UNMEASURED,False,
BAFN,NASDAQ,ELIGIBLE,6.795,1600206.6985,188028.9,1.0,0.2744,0.0,328.9,D-1,True,3670
BAGX,BATS,FUND_ETF_ETN,,,,,,,,UNMEASURED,False,
BAGY,BATS,FUND_ETF_ETN,,,,,,,,UNMEASURED,False,
BAH,NYSE,ELIGIBLE,72.95,120120965.379,1587954.25,1.0,0.8974,5.51,11.68,D-1,True,891
BAI,ARCA,FUND_ETF_ETN,,,,,,,,UNMEASURED,False,
BAIG,NASDAQ,FUND_ETF_ETN,,,,,,,,UNMEASURED,False,
BAIV,NASDAQ,FUND_ETF_ETN,,,,,,,,UNMEASURED,False,
BAK,NYSE,PREFERRED,,,,,,,,UNMEASURED,False,
BALI,BATS,FUND_ETF_ETN,,,,,,,,UNMEASURED,False,
BALL,NYSE,ELIGIBLE,56.83,122750577.029,2024512.0,1.0,0.9769,5.28,7.04,D-1,True,876
BALQ,NASDAQ,FUND_ETF_ETN,,,,,,,,UNMEASURED,False,
BALT,BATS,FUND_ETF_ETN,,,,,,,,UNMEASURED,False,
BALY,NYSE,ELIGIBLE,14.0,1414073.0435000001,134135.05,1.0,0.3487,0.0,176.81,D-1,True,3732
BAM,NYSE,ELIGIBLE,44.59,124863319.8405,2637082.2,1.0,0.9974,4.87,5.64,D-1,True,867
BAMA,BATS,FUND_ETF_ETN,,,,,,,,UNMEASURED,False,
BAMB,BATS,FUND_ETF_ETN,,,,,,,,UNMEASURED,False,
BAMD,BATS,FUND_ETF_ETN,,,,,,,,UNMEASURED,False,
BAMG,BATS,FUND_ETF_ETN,,,,,,,,UNMEASURED,False,
BAMO,BATS,FUND_ETF_ETN,,,,,,,,UNMEASURED,False,
BAMU,BATS,FUND_ETF_ETN,,,,,,,,UNMEASURED,False,
BAMV,BATS,FUND_ETF_ETN,,,,,,,,UNMEASURED,False,
BAMY,BATS,FUND_ETF_ETN,,,,,,,,UNMEASURED,False,
BANC,NYSE,ELIGIBLE,17.94,49559826.5875,2694496.35,1.0,0.9385,5.54,5.56,D-1,True,1499
BANC.PRF,NYSE,MALFORMED_OR_NON_COMMON_SYMBOL,,,,,,,,UNMEASURED,False,
BAND,NASDAQ,ELIGIBLE,61.81,52643725.0845,1002559.95,1.0,0.8154,10.64,37.67,D-1,True,1456
BANF,NASDAQ,ELIGIBLE,108.71,15302118.2115,139426.4,1.0,0.3154,0.0,63.48,D-1,True,2322
BANFP,NASDAQ,PREFERRED,,,,,,,,UNMEASURED,False,
BANL,NASDAQ,NOT_TRADABLE,,,,,,,,UNMEASURED,False,
BANR,NASDAQ,ELIGIBLE,69.03,20420594.1785,289983.25,1.0,0.3795,0.0,15.89,D-1,True,2133
BANX,NASDAQ,ELIGIBLE,19.92,986696.98928,47392.25,1.0,0.1974,0.0,152.47,D-1,False,
BANXR,NASDAQ,RIGHT,,,,,,,,UNMEASURED,False,
BAOS,NASDAQ,ELIGIBLE,0.2641,2824886.5789949996,8839919.25,1.0,0.2923,0.0,216.99,D-1,False,
BAP,NYSE,ELIGIBLE,386.16,127765312.4395,337619.0,1.0,0.7026,0.13,23.91,D-1,True,849
BAPR,BATS,FUND_ETF_ETN,,,,,,,,UNMEASURED,False,
BAR,ARCA,ELIGIBLE,42.21,11448022.487,267007.3,1.0,0.5795,0.0,7.71,D-1,True,2519
BARK,NYSE,ELIGIBLE,8.16,543427.8965,58390.9,1.0,0.2282,0.0,119.08,D-1,False,
BARKW,OTC,NOT_TRADABLE,,,,,,,,UNMEASURED,False,
BASFY,OTC,NOT_LISTED_EXCHANGE,,,,,,,,UNMEASURED,False,
BASG,NASDAQ,FUND_ETF_ETN,,,,,,,,UNMEASURED,False,
BASV,NASDAQ,FUND_ETF_ETN,,,,,,,,UNMEASURED,False,
BATL,AMEX,ELIGIBLE,1.05,6720297.6435,5264366.8,1.0,0.9436,47.22,94.35,D-1,True,2861
BATRA,NASDAQ,ELIGIBLE,59.03,3820163.4235,68130.05,1.0,0.1462,0.0,47.03,D-1,True,3205
BATRK,NASDAQ,ELIGIBLE,54.26,22950916.76675,448229.3,1.0,0.741,1.86,14.89,D-1,True,2055
BATT,ARCA,FUND_ETF_ETN,,,,,,,,UNMEASURED,False,
BAUG,BATS,FUND_ETF_ETN,,,,,,,,UNMEASURED,False,
BAVA,ARCA,FUND_ETF_ETN,,,,,,,,UNMEASURED,False,
BAX,NYSE,ELIGIBLE,23.37,153809988.3645,6411143.05,1.0,1.0,8.48,4.26,D-1,True,748
BAY,BATS,FUND_ETF_ETN,,,,,,,,UNMEASURED,False,
BAYRY,OTC,NOT_LISTED_EXCHANGE,,,,,,,,UNMEASURED,False,
BB,NYSE,ELIGIBLE,8.21,120246676.89649999,14709966.25,1.0,1.0,24.21,12.22,D-1,True,888
BBAG,BATS,FUND_ETF_ETN,,,,,,,,UNMEASURED,False,
BBAI,NYSE,ELIGIBLE,2.8,43689032.6385,15132906.75,1.0,1.0,35.41,35.84,D-1,True,1599
BBAI.WS,NYSE,MALFORMED_OR_NON_COMMON_SYMBOL,,,,,,,,UNMEASURED,False,
BBAR,NYSE,ELIGIBLE,13.15,8970571.742,609517.85,1.0,0.4795,0.07,41.28,D-1,True,2682
BBAX,BATS,FUND_ETF_ETN,,,,,,,,UNMEASURED,False,
BBB,NASDAQ,FUND_ETF_ETN,,,,,,,,UNMEASURED,False,
BBBI,ARCA,FUND_ETF_ETN,,,,,,,,UNMEASURED,False,
BBBL,ARCA,FUND_ETF_ETN,,,,,,,,UNMEASURED,False,
BBBS,ARCA,FUND_ETF_ETN,,,,,,,,UNMEASURED,False,
BBBYW,NASDAQ,WARRANT,,,,,,,,UNMEASURED,False,
BBC,ARCA,FUND_ETF_ETN,,,,,,,,UNMEASURED,False,
BBCA,BATS,FUND_ETF_ETN,,,,,,,,UNMEASURED,False,
BBCB,BATS,FUND_ETF_ETN,,,,,,,,UNMEASURED,False,
BBCP,NASDAQ,ELIGIBLE,9.77,2598218.685,262360.35,1.0,0.1974,0.0,82.64,D-1,True,3398
BBD,NYSE,PREFERRED,,,,,,,,UNMEASURED,False,
BBDC,NYSE,ELIGIBLE,8.67,5535011.1695,618012.2,1.0,0.5718,0.0,11.58,D-1,True,2990
BBDO,NYSE,ELIGIBLE,3.1,226214.788,72288.5,1.0,0.1436,0.0,65.2,D-1,False,
BBEM,BATS,FUND_ETF_ETN,,,,,,,,UNMEASURED,False,
BBEU,BATS,FUND_ETF_ETN,,,,,,,,UNMEASURED,False,
BBGI,NASDAQ,ELIGIBLE,15.29,973799.7112499999,54212.15,1.0,0.141,0.0,291.26,D-1,False,
BBH,NASDAQ,FUND_ETF_ETN,,,,,,,,UNMEASURED,False,
BBHL,ARCA,FUND_ETF_ETN,,,,,,,,UNMEASURED,False,
BBHM,ARCA,FUND_ETF_ETN,,,,,,,,UNMEASURED,False,
BBHY,BATS,FUND_ETF_ETN,,,,,,,,UNMEASURED,False,
BBIB,BATS,FUND_ETF_ETN,,,,,,,,UNMEASURED,False,
BBIG,OTC,NOT_TRADABLE,,,,,,,,UNMEASURED,False,
BBIN,BATS,FUND_ETF_ETN,,,,,,,,UNMEASURED,False,
BBIO,NASDAQ,ELIGIBLE,65.57,185955494.9445,2648912.65,1.0,0.9641,6.86,17.59,D-1,True,658
BBJP,BATS,FUND_ETF_ETN,,,,,,,,UNMEASURED,False,
BBLB,BATS,FUND_ETF_ETN,,,,,,,,UNMEASURED,False,
BBLG,NASDAQ,ELIGIBLE,0.496,164034.98872999998,309097.8,1.0,0.0872,0.0,156.7,D-1,False,
BBLGW,NASDAQ,WARRANT,,,,,,,,UNMEASURED,False,
BBLS,ARCA,FUND_ETF_ETN,,,,,,,,UNMEASURED,False,
BBLU,ARCA,FUND_ETF_ETN,,,,,,,,UNMEASURED,False,
BBMC,BATS,FUND_ETF_ETN,,,,,,,,UNMEASURED,False,
BBN,NYSE,ELIGIBLE,14.47,3688807.1619999995,246300.6,1.0,0.4462,0.0,10.41,D-1,True,3218
BBNX,NASDAQ,ELIGIBLE,21.51,29854061.421249997,1453832.6,1.0,0.8897,9.17,27.77,D-1,True,1860
BBOT,NASDAQ,ELIGIBLE,3.95,3885684.8814999997,706705.65,1.0,0.6436,0.0,50.8,D-1,True,3194
BBP,ARCA,FUND_ETF_ETN,,,,,,,,UNMEASURED,False,
BBRE,BATS,FUND_ETF_ETN,,,,,,,,UNMEASURED,False,
BBSB,BATS,FUND_ETF_ETN,,,,,,,,UNMEASURED,False,
BBSC,BATS,FUND_ETF_ETN,,,,,,,,UNMEASURED,False,
BBSI,NASDAQ,ELIGIBLE,31.14,6373802.3005,193571.5,1.0,0.3359,3.16,20.76,D-1,True,2894
BBT,NYSE,ELIGIBLE,28.19,32238327.243,1069890.95,1.0,0.8462,3.53,10.62,D-1,True,1798
BBUC,NYSE,ELIGIBLE,25.46,9838466.3515,372952.55,1.0,0.4564,0.0,27.6,D-1,True,2627
BBUL,NASDAQ,FUND_ETF_ETN,,,,,,,,UNMEASURED,False,
BBUS,BATS,FUND_ETF_ETN,,,,,,,,UNMEASURED,False,
BBVA,NYSE,ELIGIBLE,28.87,35173447.3815,1220602.85,1.0,0.9538,2.71,3.49,D-1,True,1752
BBW,NYSE,ELIGIBLE,25.77,21751469.866499998,779263.25,1.0,0.6154,3.88,29.24,D-1,True,2090
BBWI,NYSE,ELIGIBLE,16.45,114104221.0895,6414027.2,1.0,1.0,11.96,6.02,D-1,True,915
BBY,NYSE,ELIGIBLE,90.51,357270446.05149996,4005605.05,1.0,0.9974,7.69,8.33,D-1,True,355
BBYY,NASDAQ,FUND_ETF_ETN,,,,,,,,UNMEASURED,False,
BC,NYSE,ELIGIBLE,67.19,56729246.623,810178.95,1.0,0.7487,2.96,19.47,D-1,True,1398
BC.PRC,NYSE,MALFORMED_OR_NON_COMMON_SYMBOL,,,,,,,,UNMEASURED,False,
BCAB,OTC,NOT_TRADABLE,,,,,,,,UNMEASURED,False,
BCAL,NASDAQ,ELIGIBLE,21.64,5178020.203500001,238909.35,1.0,0.3154,0.0,13.82,D-1,True,3025
BCAT,NYSE,ELIGIBLE,13.7,18008756.854,1230340.7,1.0,0.9103,3.57,7.3,D-1,True,2222
BCAT.RTWI,NYSE,MALFORMED_OR_NON_COMMON_SYMBOL,,,,,,,,UNMEASURED,False,
BCAX,NASDAQ,ELIGIBLE,19.21,13529877.245,608953.75,1.0,0.7308,2.57,26.96,D-1,True,2413
BCBP,NASDAQ,ELIGIBLE,8.75,3531002.1774999998,407486.45,1.0,0.5359,0.0,22.95,D-1,True,3241
BCC,NYSE,ELIGIBLE,77.14,25509676.2635,333585.95,1.0,0.3923,0.0,57.28,D-1,True,1972
BCCC,BATS,FUND_ETF_ETN,,,,,,,,UNMEASURED,False,
BCCQ,NASDAQ,ELIGIBLE,9.9647,1346171.67582,134721.1,1.0,0.0231,0.0,10.04,D-1,True,3767
BCCQU,NASDAQ,UNIT,,,,,,,,UNMEASURED,False,
BCCQW,NASDAQ,WARRANT,,,,,,,,UNMEASURED,False,
BCD,ARCA,FUND_ETF_ETN,,,,,,,,UNMEASURED,False,
BCDA,NASDAQ,ELIGIBLE,1.05,411211.358,360379.0,1.0,0.1513,0.0,139.97,D-1,False,
BCDF,ARCA,FUND_ETF_ETN,,,,,,,,UNMEASURED,False,
BCE,NYSE,ELIGIBLE,20.97,92469488.8245,4079367.85,1.0,0.9923,4.75,4.74,D-1,True,1038
BCEL,OTC,NOT_TRADABLE,,,,,,,,UNMEASURED,False,
BCEM,NYSE,FUND_ETF_ETN,,,,,,,,UNMEASURED,False,
BCFN,NASDAQ,FUND_ETF_ETN,,,,,,,,UNMEASURED,False,
BCG,NASDAQ,ELIGIBLE,1.15,35000.961685,27655.1,1.0,0.0564,0.0,347.83,D-1,False,
BCGD,NYSE,FUND_ETF_ETN,,,,,,,,UNMEASURED,False,
BCGS,ARCA,FUND_ETF_ETN,,,,,,,,UNMEASURED,False,
BCGWW,NASDAQ,WARRANT,,,,,,,,UNMEASURED,False,
BCH,NYSE,ELIGIBLE,42.04,12395809.099,296368.3,1.0,0.5538,0.0,13.15,D-1,True,2467
BCHG,OTC,NOT_LISTED_EXCHANGE,,,,,,,,UNMEASURED,False,
BCHP,BATS,FUND_ETF_ETN,,,,,,,,UNMEASURED,False,
BCHPY,OTC,NOT_TRADABLE,,,,,,,,UNMEASURED,False,
BCHT,AMEX,ELIGIBLE,1.61,121693.468,82581.65,1.0,0.1077,0.0,496.19,D-1,False,
BCI,ARCA,FUND_ETF_ETN,,,,,,,,UNMEASURED,False,
BCIC,NASDAQ,ELIGIBLE,6.94,436241.23375,59834.05,1.0,0.1179,0.0,129.38,D-1,False,
BCIL,ARCA,FUND_ETF_ETN,,,,,,,,UNMEASURED,False,
BCKT,BATS,FUND_ETF_ETN,,,,,,,,UNMEASURED,False,
BCLI,OTC,NOT_TRADABLE,,,,,,,,UNMEASURED,False,
BCLO,NASDAQ,FUND_ETF_ETN,,,,,,,,UNMEASURED,False,
BCML,NASDAQ,ELIGIBLE,30.87,1477270.6085,48955.7,1.0,0.1846,0.0,132.13,D-1,True,3704
BCO,NYSE,ELIGIBLE,106.82,45911783.6085,425636.7,1.0,0.5103,1.4,20.13,D-1,True,1560
BCOR,ARCA,FUND_ETF_ETN,,,,,,,,UNMEASURED,False,
BCOW,OTC,NOT_TRADABLE,,,,,,,,UNMEASURED,False,
BCPC,NASDAQ,ELIGIBLE,167.89,36171993.7465,214392.55,1.0,0.2923,0.0,21.6,D-1,True,1734
BCPL,ARCA,FUND_ETF_ETN,,,,,,,,UNMEASURED,False,
BCRX,NASDAQ,ELIGIBLE,8.59,42923265.79099999,4884846.35,1.0,0.9821,11.67,11.74,D-1,True,1610
BCS,NYSE,ELIGIBLE,24.81,112455716.6665,4364567.0,1.0,0.9744,4.04,4.05,D-1,True,926
BCSF,NYSE,ELIGIBLE,11.08,6130066.296,536838.3,1.0,0.4308,0.0,9.06,D-1,True,2920
BCSM,NYSE,FUND_ETF_ETN,,,,,,,,UNMEASURED,False,
BCSS,NYSE,ELIGIBLE,10.31,244378.8625,23732.05,1.0,0.0179,0.0,48.45,D-1,False,
BCSS.U,NYSE,WARRANT,,,,,,,,UNMEASURED,False,
BCSS.WS,NYSE,MALFORMED_OR_NON_COMMON_SYMBOL,,,,,,,,UNMEASURED,False,
BCTK,NASDAQ,FUND_ETF_ETN,,,,,,,,UNMEASURED,False,
BCTX,NASDAQ,ELIGIBLE,4.315,601710.414,153676.7,1.0,0.3051,0.0,175.2,D-1,False,
BCTXL,NASDAQ,WARRANT,,,,,,,,UNMEASURED,False,
BCTXZ,NASDAQ,WARRANT,,,,,,,,UNMEASURED,False,
BCUS,ARCA,FUND_ETF_ETN,,,,,,,,UNMEASURED,False,
BCV,AMEX,FUND_ETF_ETN,,,,,,,,UNMEASURED,False,
BCX,NYSE,ELIGIBLE,12.07,1952411.9579999999,152471.0,1.0,0.3077,0.0,24.76,D-1,True,3566
BCYC,NASDAQ,ELIGIBLE,3.685,1673423.8417500001,434887.15,1.0,0.5179,0.0,27.21,D-1,True,3649
BD,ARCA,FUND_ETF_ETN,,,,,,,,UNMEASURED,False,
BDBT,ARCA,FUND_ETF_ETN,,,,,,,,UNMEASURED,False,
BDC,NYSE,ELIGIBLE,112.45,50930376.4405,444793.25,1.0,0.4974,0.44,25.74,D-1,True,1479
BDCI,NASDAQ,ELIGIBLE,10.155,105039.49691000002,10352.0,1.0,0.0,,,UNMEASURED,False,
BDCIU,NASDAQ,UNIT,,,,,,,,UNMEASURED,False,
BDCIW,NASDAQ,WARRANT,,,,,,,,UNMEASURED,False,
BDCX,ARCA,FUND_ETF_ETN,,,,,,,,UNMEASURED,False,
BDCZ,ARCA,FUND_ETF_ETN,,,,,,,,UNMEASURED,False,
BDEC,BATS,FUND_ETF_ETN,,,,,,,,UNMEASURED,False,
BDGS,NASDAQ,FUND_ETF_ETN,,,,,,,,UNMEASURED,False,
BDIV,ARCA,FUND_ETF_ETN,,,,,,,,UNMEASURED,False,
BDJ,NYSE,ELIGIBLE,9.61,4130973.821,425326.75,1.0,0.5359,0.0,10.46,D-1,True,3162
BDL,AMEX,ELIGIBLE,45.12,952558.348,21225.95,1.0,0.1077,0.0,452.54,D-1,False,
BDMD,NASDAQ,ELIGIBLE,0.7665,58648.47872500001,62811.85,1.0,0.0821,0.0,510.67,D-1,False,
BDMDW,NASDAQ,WARRANT,,,,,,,,UNMEASURED,False,
BDN,NYSE,ELIGIBLE,2.86,5529041.361500001,1863406.75,1.0,0.8462,17.12,34.78,D-1,True,2991
BDORY,OTC,NOT_LISTED_EXCHANGE,,,,,,,,UNMEASURED,False,
BDOUY,OTC,NOT_LISTED_EXCHANGE,,,,,,,,UNMEASURED,False,
BDRFY,OTC,NOT_LISTED_EXCHANGE,,,,,,,,UNMEASURED,False,
BDRX,NASDAQ,ELIGIBLE,0.676,13592645.18339,10590077.05,1.0,0.2487,0.0,130.03,D-1,False,
BDRY,ARCA,FUND_ETF_ETN,,,,,,,,UNMEASURED,False,
BDSX,NASDAQ,ELIGIBLE,29.1,2170125.109,78280.75,1.0,0.2231,0.0,148.12,D-1,True,3503
BDTX,NASDAQ,ELIGIBLE,1.88,1177445.2685,586891.1,1.0,0.5359,0.0,53.48,D-1,True,3846
BDVG,ARCA,FUND_ETF_ETN,,,,,,,,UNMEASURED,False,
BDVL,NASDAQ,FUND_ETF_ETN,,,,,,,,UNMEASURED,False,
BDX,NYSE,ELIGIBLE,183.82,337043262.7165,1843667.55,1.0,0.9821,5.21,10.15,D-1,True,385
BDYN,NASDAQ,FUND_ETF_ETN,,,,,,,,UNMEASURED,False,
BE,NYSE,ELIGIBLE,288.7,4351327107.4685,16700251.95,1.0,1.0,24.19,9.07,D-1,True,19
BEAG,NASDAQ,ELIGIBLE,10.71,553384.364835,51439.25,1.0,0.0462,0.0,,UNMEASURED,False,
BEAGR,NASDAQ,RIGHT,,,,,,,,UNMEASURED,False,
BEAGU,NASDAQ,UNIT,,,,,,,,UNMEASURED,False,
BEAM,NASDAQ,ELIGIBLE,24.27,50414020.82825,1955814.1,1.0,0.8923,7.38,8.26,D-1,True,1488
BEAT,NASDAQ,ELIGIBLE,0.3598,172683.682485,414634.2,1.0,0.5128,2.77,6.98,D-1,False,
BEATW,NASDAQ,WARRANT,,,,,,,,UNMEASURED,False,
BEBE,NYSE,ELIGIBLE,10.04,111000.46849999999,11064.05,1.0,0.0,,19.9,D-1,False,
BEBE.U,NYSE,WARRANT,,,,,,,,UNMEASURED,False,
BEBE.WS,NYSE,MALFORMED_OR_NON_COMMON_SYMBOL,,,,,,,,UNMEASURED,False,
BEC,BATS,FUND_ETF_ETN,,,,,,,,UNMEASURED,False,
BEDY,NASDAQ,FUND_ETF_ETN,,,,,,,,UNMEASURED,False,
BEEM,NASDAQ,ELIGIBLE,1.19,535536.47275,392055.55,1.0,0.2385,0.0,82.99,D-1,False,
BEEP,NASDAQ,ELIGIBLE,2.87,63729.2475,21910.5,1.0,0.0308,0.0,557.49,D-1,False,
BEEX,NASDAQ,FUND_ETF_ETN,,,,,,,,UNMEASURED,False,
BEEZ,NASDAQ,FUND_ETF_ETN,,,,,,,,UNMEASURED,False,
BEG,NASDAQ,FUND_ETF_ETN,,,,,,,,UNMEASURED,False,
BEGS,BATS,FUND_ETF_ETN,,,,,,,,UNMEASURED,False,
BEKE,NYSE,ELIGIBLE,16.33,92631885.6,5459296.65,1.0,0.9872,6.03,6.03,D-1,True,1036
BELFA,NASDAQ,ELIGIBLE,203.1,17916526.6625,88942.45,1.0,0.1821,0.0,101.31,D-1,True,2225
BELFB,NASDAQ,ELIGIBLE,252.69,36751089.58125,150694.3,1.0,0.2744,0.0,67.4,D-1,True,1724
BEMB,BATS,FUND_ETF_ETN,,,,,,,,UNMEASURED,False,
BEMD,BATS,FUND_ETF_ETN,,,,,,,,UNMEASURED,False,
BEN,NYSE,ELIGIBLE,33.02,124970593.039,3738949.55,1.0,0.9949,6.04,3.04,D-1,True,865
BENF,NASDAQ,ELIGIBLE,1.46,56226270.282555,30032948.6,1.0,1.0,114.6,56.25,D-1,True,1407
BENFW,NASDAQ,WARRANT,,,,,,,,UNMEASURED,False,
BENJ,ARCA,FUND_ETF_ETN,,,,,,,,UNMEASURED,False,
BEOLF,OTC,NOT_TRADABLE,,,,,,,,UNMEASURED,False,
BEP,NYSE,ELIGIBLE,28.35,32875078.348,1090117.1,1.0,0.841,3.49,7.03,D-1,True,1791
BEP.PRA,NYSE,MALFORMED_OR_NON_COMMON_SYMBOL,,,,,,,,UNMEASURED,False,
BEPC,NYSE,ELIGIBLE,28.47,53780295.696,1763796.2,1.0,0.9769,5.25,7.0,D-1,True,1434
BEPH,NYSE,NOTE_DEBT,,,,,,,,UNMEASURED,False,
BEPI,NYSE,NOTE_DEBT,,,,,,,,UNMEASURED,False,
BEPJ,NYSE,NOTE_DEBT,,,,,,,,UNMEASURED,False,
BERZ,ARCA,FUND_ETF_ETN,,,,,,,,UNMEASURED,False,
BESF,BATS,FUND_ETF_ETN,,,,,,,,UNMEASURED,False,
BESO,NASDAQ,FUND_ETF_ETN,,,,,,,,UNMEASURED,False,
BESS,AMEX,ELIGIBLE,2.79,138327.477,48775.9,1.0,0.1872,0.0,196.09,D-1,False,
BESS.WS,AMEX,MALFORMED_OR_NON_COMMON_SYMBOL,,,,,,,,UNMEASURED,False,
BETA,NYSE,ELIGIBLE,23.85,84234136.38350001,3962155.3,1.0,0.9462,12.39,18.77,D-1,True,1100
BETE,ARCA,FUND_ETF_ETN,,,,,,,,UNMEASURED,False,
BETH,ARCA,FUND_ETF_ETN,,,,,,,,UNMEASURED,False,
BETR,NASDAQ,ELIGIBLE,10.45,6175966.1705,491346.65,1.0,0.7769,13.84,51.97,D-1,True,2910
BETRW,NASDAQ,WARRANT,,,,,,,,UNMEASURED,False,
BETSF,OTC,NOT_TRADABLE,,,,,,,,UNMEASURED,False,
BETZ,ARCA,FUND_ETF_ETN,,,,,,,,UNMEASURED,False,
BEX,BATS,FUND_ETF_ETN,,,,,,,,UNMEASURED,False,
BEZ,BATS,FUND_ETF_ETN,,,,,,,,UNMEASURED,False,
BF.A,NYSE,ELIGIBLE,26.69,4970946.4485,185086.15,1.0,0.2897,0.0,18.82,D-1,True,3045
BF.B,NYSE,ELIGIBLE,26.16,70096287.728,2653988.6,1.0,0.9487,3.82,7.67,D-1,True,1233
BFAM,NYSE,ELIGIBLE,65.86,67252846.9155,999524.0,1.0,0.7615,4.52,18.86,D-1,True,1265
BFAP,ARCA,FUND_ETF_ETN,,,,,,,,UNMEASURED,False,
BFC,NASDAQ,ELIGIBLE,152.13,10607655.894,69558.7,1.0,0.1949,0.0,58.89,D-1,True,2579
BFEB,BATS,FUND_ETF_ETN,,,,,,,,UNMEASURED,False,
BFEW,BATS,FUND_ETF_ETN,,,,,,,,UNMEASURED,False,
BFH,NYSE,ELIGIBLE,102.91,64690714.538499996,611152.4,1.0,0.7077,1.45,45.08,D-1,True,1291
BFH.PRA,NYSE,MALFORMED_OR_NON_COMMON_SYMBOL,,,,,,,,UNMEASURED,False,
BFH.PRB,NYSE,MALFORMED_OR_NON_COMMON_SYMBOL,,,,,,,,UNMEASURED,False,
BFIX,ARCA,FUND_ETF_ETN,,,,,,,,UNMEASURED,False,
BFJA,ARCA,FUND_ETF_ETN,,,,,,,,UNMEASURED,False,
BFJL,ARCA,FUND_ETF_ETN,,,,,,,,UNMEASURED,False,
BFLB,BATS,FUND_ETF_ETN,,,,,,,,UNMEASURED,False,
BFLX,NASDAQ,FUND_ETF_ETN,,,,,,,,UNMEASURED,False,
BFLY,NYSE,ELIGIBLE,9.39,45686357.0445,5466789.85,1.0,0.9897,10.77,10.57,D-1,True,1568
BFOC,ARCA,FUND_ETF_ETN,,,,,,,,UNMEASURED,False,
BFOR,ARCA,FUND_ETF_ETN,,,,,,,,UNMEASURED,False,
BFRG,NASDAQ,ELIGIBLE,0.6656,11490348.836615,13498307.3,1.0,0.8564,24.47,41.18,D-1,False,
BFRGW,NASDAQ,WARRANT,,,,,,,,UNMEASURED,False,
BFRI,NASDAQ,ELIGIBLE,1.18,1093345.23875,781323.75,1.0,0.3,0.0,83.68,D-1,True,3885
BFRIW,NASDAQ,WARRANT,,,,,,,,UNMEASURED,False,
BFRZ,ARCA,FUND_ETF_ETN,,,,,,,,UNMEASURED,False,
BFS,NYSE,ELIGIBLE,30.0,4389760.5765,140943.1,1.0,0.3256,0.0,21.91,D-1,True,3126
BFS.PRD,NYSE,MALFORMED_OR_NON_COMMON_SYMBOL,,,,,,,,UNMEASURED,False,
BFS.PRE,NYSE,MALFORMED_OR_NON_COMMON_SYMBOL,,,,,,,,UNMEASURED,False,
BFST,NASDAQ,ELIGIBLE,30.86,6431113.336,207109.65,1.0,0.4051,0.0,8.12,D-1,True,2890
BFXU,BATS,FUND_ETF_ETN,,,,,,,,UNMEASURED,False,
BG,NYSE,ELIGIBLE,109.0,241431580.43600002,2053089.2,1.0,0.9231,6.43,15.14,D-1,True,529
BGB,NYSE,FUND_ETF_ETN,,,,,,,,UNMEASURED,False,
BGC,NASDAQ,ELIGIBLE,11.84,43388520.2295,3577693.0,1.0,0.9462,8.56,8.58,D-1,True,1604
BGCG,NASDAQ,FUND_ETF_ETN,,,,,,,,UNMEASURED,False,
BGDE,NASDAQ,ELIGIBLE,5.76,359777.113,57761.8,1.0,0.1641,0.0,146.94,D-1,False,
BGDV,ARCA,FUND_ETF_ETN,,,,,,,,UNMEASURED,False,
BGEG,NASDAQ,FUND_ETF_ETN,,,,,,,,UNMEASURED,False,
BGFI,BATS,FUND_ETF_ETN,,,,,,,,UNMEASURED,False,
BGGG,NASDAQ,FUND_ETF_ETN,,,,,,,,UNMEASURED,False,
BGH,NYSE,FUND_ETF_ETN,,,,,,,,UNMEASURED,False,
BGIA,NASDAQ,FUND_ETF_ETN,,,,,,,,UNMEASURED,False,
BGICF,OTC,NOT_TRADABLE,,,,,,,,UNMEASURED,False,
BGIG,ARCA,FUND_ETF_ETN,,,,,,,,UNMEASURED,False,
BGIN,NASDAQ,ELIGIBLE,1.9,13150.78283,6939.9,1.0,0.0128,0.0,,UNMEASURED,False,
BGL,NASDAQ,ELIGIBLE,0.2131,53035.367625,249223.45,1.0,0.2128,0.0,270.3,D-1,False,
BGLC,NASDAQ,ELIGIBLE,1.39,5838.14675,3955.45,1.0,0.0231,0.0,,UNMEASURED,False,
BGLD,BATS,FUND_ETF_ETN,,,,,,,,UNMEASURED,False,
BGLWW,NASDAQ,WARRANT,,,,,,,,UNMEASURED,False,
BGM,NASDAQ,ELIGIBLE,0.24,32034.586580000003,110581.95,1.0,0.1513,133.71,807.38,D-1,False,
BGMS,NASDAQ,ELIGIBLE,0.92,165028.28664999997,179002.5,1.0,0.0256,0.0,199.04,D-1,False,
BGR,NYSE,ELIGIBLE,17.06,1627010.251,93555.15,1.0,0.1949,0.0,29.34,D-1,True,3667
BGRN,NASDAQ,FUND_ETF_ETN,,,,,,,,UNMEASURED,False,
BGRO,NASDAQ,FUND_ETF_ETN,,,,,,,,UNMEASURED,False,
BGS,NYSE,ELIGIBLE,3.1,6811504.444499999,2150876.85,1.0,0.8487,14.79,32.9,D-1,True,2850
BGSF,NYSE,ELIGIBLE,5.0,48859.122500000005,9556.55,1.0,0.0051,0.2,685.65,D-1,False,
BGSI,NYSE,ELIGIBLE,79.95,5217984.454,61260.6,1.0,0.1256,0.0,51.95,D-1,True,3020
BGT,NYSE,ELIGIBLE,10.49,1368848.3115,126063.75,1.0,0.3615,0.0,19.1,D-1,True,3755
BGUS,NASDAQ,FUND_ETF_ETN,,,,,,,,UNMEASURED,False,
BGX,NYSE,FUND_ETF_ETN,,,,,,,,UNMEASURED,False,
BGXXQ,OTC,NOT_TRADABLE,,,,,,,,UNMEASURED,False,
BGY,NYSE,ELIGIBLE,5.77,1202900.1935,206660.25,1.0,0.2231,0.0,17.48,D-1,True,3837
BH,NYSE,ELIGIBLE,344.81,59232523.13250001,160933.45,1.0,0.3154,9.13,127.78,D-1,True,1368
BH.A,NYSE,ELIGIBLE,1724.22,53020979.9745,29602.2,1.0,0.7051,11.67,30.4,D-1,True,1447
BHATF,OTC,NOT_TRADABLE,,,,,,,,UNMEASURED,False,
BHAV,NASDAQ,ELIGIBLE,10.035,19683.608,1963.5,1.0,0.0026,0.0,,UNMEASURED,False,
BHAVR,NASDAQ,RIGHT,,,,,,,,UNMEASURED,False,
BHAVU,NASDAQ,UNIT,,,,,,,,UNMEASURED,False,
BHB,AMEX,ELIGIBLE,38.96,3961149.7935,99479.35,1.0,0.2154,0.63,48.8,D-1,True,3182
BHC,NYSE,ELIGIBLE,5.69,14415138.301500002,2346415.7,1.0,0.8872,8.61,17.35,D-1,True,2370
BHDG,NASDAQ,FUND_ETF_ETN,,,,,,,,UNMEASURED,False,
BHE,NYSE,ELIGIBLE,82.52,29982320.687,395624.1,1.0,0.5795,1.8,43.79,D-1,True,1852
BHF,NASDAQ,ELIGIBLE,53.24,54971446.714,1070577.95,1.0,0.7103,3.76,13.21,D-1,True,1418
BHFAL,NASDAQ,NOTE_DEBT,,,,,,,,UNMEASURED,False,
BHFAM,NASDAQ,PREFERRED,,,,,,,,UNMEASURED,False,
BHFAN,NASDAQ,PREFERRED,,,,,,,,UNMEASURED,False,
BHFAO,NASDAQ,PREFERRED,,,,,,,,UNMEASURED,False,
BHFAP,NASDAQ,PREFERRED,,,,,,,,UNMEASURED,False,
BHK,NYSE,ELIGIBLE,8.37,3214348.8109999998,372710.55,1.0,0.5897,0.0,12.02,D-1,True,3290
BHM,AMEX,ELIGIBLE,8.1313,17746.295745000003,2100.35,1.0,0.0,,637.38,D-1,False,
BHP,NYSE,ELIGIBLE,84.97,211813981.0535,2398314.35,1.0,1.0,4.14,4.12,D-1,True,595
BHR,NYSE,ELIGIBLE,1.69,909257.326,495007.2,1.0,0.6564,0.0,59.0,D-1,False,
BHR.PRB,NYSE,MALFORMED_OR_NON_COMMON_SYMBOL,,,,,,,,UNMEASURED,False,
BHR.PRD,NYSE,MALFORMED_OR_NON_COMMON_SYMBOL,,,,,,,,UNMEASURED,False,
BHRB,NASDAQ,ELIGIBLE,69.84,8737662.775,123782.9,1.0,0.1821,0.0,40.78,D-1,True,2697
BHST,NASDAQ,ELIGIBLE,1.46,55649.871,32070.6,1.0,0.0487,0.0,277.78,D-1,False,
BHV,NYSE,ELIGIBLE,12.6601,74301.259015,5897.9,1.0,0.0077,0.0,211.62,D-1,False,
BHVN,NYSE,ELIGIBLE,12.99,45159990.2605,3231345.9,1.0,0.9026,7.77,15.54,D-1,True,1576
BHYB,BATS,FUND_ETF_ETN,,,,,,,,UNMEASURED,False,
BHYP,ARCA,FUND_ETF_ETN,,,,,,,,UNMEASURED,False,
BIAF,NASDAQ,ELIGIBLE,7.93,89828253.177,9261179.85,1.0,0.3128,0.0,164.87,D-1,True,1054
BIAFW,NASDAQ,WARRANT,,,,,,,,UNMEASURED,False,
BIB,NASDAQ,FUND_ETF_ETN,,,,,,,,UNMEASURED,False,
BIBL,ARCA,FUND_ETF_ETN,,,,,,,,UNMEASURED,False,
BID,NASDAQ,ELIGIBLE,9.925,449489.49625,45414.2,1.0,0.0,,,UNMEASURED,False,
BIDD,ARCA,FUND_ETF_ETN,,,,,,,,UNMEASURED,False,
BIDG,NASDAQ,FUND_ETF_ETN,,,,,,,,UNMEASURED,False,
BIDU,NASDAQ,ELIGIBLE,87.33,236617404.73850003,2567753.0,1.0,0.9897,4.56,4.56,D-1,True,537
BIDWR,NASDAQ,RIGHT,,,,,,,,UNMEASURED,False,
BIDWU,NASDAQ,UNIT,,,,,,,,UNMEASURED,False,
BIGGQ,OTC,NOT_TRADABLE,,,,,,,,UNMEASURED,False,
BIGY,ARCA,FUND_ETF_ETN,,,,,,,,UNMEASURED,False,
BIIB,NASDAQ,ELIGIBLE,227.6,205746224.0195,937087.55,1.0,0.8256,3.08,12.09,D-1,True,614
BIII,NYSE,ELIGIBLE,10.045,2179627.12175,216619.8,1.0,0.0,,9.96,D-1,True,3499
BIII.U,NYSE,WARRANT,,,,,,,,UNMEASURED,False,
BIII.WS,NYSE,MALFORMED_OR_NON_COMMON_SYMBOL,,,,,,,,UNMEASURED,False,
BIL,ARCA,FUND_ETF_ETN,,,,,,,,UNMEASURED,False,
BILD,ARCA,FUND_ETF_ETN,,,,,,,,UNMEASURED,False,
BILI,NASDAQ,ELIGIBLE,14.895,55010523.774749994,3564830.6,1.0,0.9103,3.36,6.72,D-1,True,1417
BILL,NYSE,ELIGIBLE,44.25,88197293.476,1834721.0,1.0,0.9538,5.55,9.92,D-1,True,1062
BILS,ARCA,FUND_ETF_ETN,,,,,,,,UNMEASURED,False,
BILT,BATS,FUND_ETF_ETN,,,,,,,,UNMEASURED,False,
BILZ,ARCA,FUND_ETF_ETN,,,,,,,,UNMEASURED,False,
BIMI,OTC,NOT_TRADABLE,,,,,,,,UNMEASURED,False,
BINC,ARCA,FUND_ETF_ETN,,,,,,,,UNMEASURED,False,
BINI,OTC,NOT_LISTED_EXCHANGE,,,,,,,,UNMEASURED,False,
BINT,ARCA,FUND_ETF_ETN,,,,,,,,UNMEASURED,False,
BINV,BATS,FUND_ETF_ETN,,,,,,,,UNMEASURED,False,
BIO,NYSE,ELIGIBLE,381.0,102455548.984,270070.45,1.0,0.6692,0.79,19.39,D-1,True,980
BIO.B,NYSE,ELIGIBLE,365.08,0.0,0.0,1.0,0.0,,564.85,D-1,False,
BIOA,NASDAQ,ELIGIBLE,7.05,5877485.61,694033.8,1.0,0.6821,0.07,20.98,D-1,True,2951
BIOCQ,OTC,NOT_TRADABLE,,,,,,,,UNMEASURED,False,
BIOT,NASDAQ,ELIGIBLE,0.4127,102832.76879500001,242642.45,1.0,0.1308,0.0,334.22,D-1,False,
BIOTW,NASDAQ,WARRANT,,,,,,,,UNMEASURED,False,
BIOX,NASDAQ,ELIGIBLE,0.3743,233054.40183000002,565186.2,1.0,0.1513,0.0,281.93,D-1,False,
BIOY,NASDAQ,FUND_ETF_ETN,,,,,,,,UNMEASURED,False,
BIP,NYSE,UNIT,,,,,,,,UNMEASURED,False,
BIP.PRA,NYSE,MALFORMED_OR_NON_COMMON_SYMBOL,,,,,,,,UNMEASURED,False,
BIP.PRB,NYSE,MALFORMED_OR_NON_COMMON_SYMBOL,,,,,,,,UNMEASURED,False,
BIPC,NYSE,ELIGIBLE,34.96,46270409.1175,1265477.25,1.0,0.8128,2.87,4.3,D-1,True,1550
BIPH,NYSE,NOTE_DEBT,,,,,,,,UNMEASURED,False,
BIPI,NYSE,NOTE_DEBT,,,,,,,,UNMEASURED,False,
BIPJ,NYSE,NOTE_DEBT,,,,,,,,UNMEASURED,False,
BIRD,NASDAQ,ELIGIBLE,2.32,711433.20375,294131.35,1.0,0.4205,0.0,43.02,D-1,False,
BIRK,NYSE,ELIGIBLE,33.6,73109525.0785,2267633.15,1.0,0.9821,9.01,8.93,D-1,True,1202
BIS,NASDAQ,FUND_ETF_ETN,,,,,,,,UNMEASURED,False,
BIT,NYSE,ELIGIBLE,11.23,5136171.7985,443866.2,1.0,0.7487,0.0,8.96,D-1,True,3029
BITA,NASDAQ,FUND_ETF_ETN,,,,,,,,UNMEASURED,False,
BITB,ARCA,FUND_ETF_ETN,,,,,,,,UNMEASURED,False,
BITC,ARCA,FUND_ETF_ETN,,,,,,,,UNMEASURED,False,
BITI,ARCA,FUND_ETF_ETN,,,,,,,,UNMEASURED,False,
BITO,ARCA,FUND_ETF_ETN,,,,,,,,UNMEASURED,False,
BITQ,ARCA,FUND_ETF_ETN,,,,,,,,UNMEASURED,False,
BITS,NASDAQ,FUND_ETF_ETN,,,,,,,,UNMEASURED,False,
BITU,ARCA,FUND_ETF_ETN,,,,,,,,UNMEASURED,False,
BITW,ARCA,FUND_ETF_ETN,,,,,,,,UNMEASURED,False,
BITX,BATS,FUND_ETF_ETN,,,,,,,,UNMEASURED,False,
BITY,BATS,FUND_ETF_ETN,,,,,,,,UNMEASURED,False,
BIV,ARCA,FUND_ETF_ETN,,,,,,,,UNMEASURED,False,
BIVI,NASDAQ,ELIGIBLE,1.605,901148.3,465430.25,1.0,0.2897,0.0,123.08,D-1,False,
BIVIW,NASDAQ,WARRANT,,,,,,,,UNMEASURED,False,
BIXI,NASDAQ,ELIGIBLE,10.15,325446.5955,32240.25,1.0,0.0,,,UNMEASURED,False,
BIXIU,NASDAQ,UNIT,,,,,,,,UNMEASURED,False,
BIXIW,NASDAQ,WARRANT,,,,,,,,UNMEASURED,False,
BIYA,NASDAQ,ELIGIBLE,2.11,83343.2985,38302.7,1.0,0.1205,0.0,334.13,D-1,False,
BIZD,ARCA,FUND_ETF_ETN,,,,,,,,UNMEASURED,False,
BJ,NYSE,ELIGIBLE,93.79,143037288.28350002,1556817.35,1.0,0.9692,6.38,13.48,D-1,True,789
BJAN,BATS,FUND_ETF_ETN,,,,,,,,UNMEASURED,False,
BJDX,NASDAQ,ELIGIBLE,0.9213,3406628.99116,3415628.0,1.0,0.3385,0.0,98.92,D-1,False,
BJRI,NASDAQ,ELIGIBLE,60.13,26366370.282750003,432795.5,1.0,0.5872,1.65,56.98,D-1,True,1947
BJUL,BATS,FUND_ETF_ETN,,,,,,,,UNMEASURED,False,
BJUN,BATS,FUND_ETF_ETN,,,,,,,,UNMEASURED,False,
BKAG,ARCA,FUND_ETF_ETN,,,,,,,,UNMEASURED,False,
BKAYY,OTC,NOT_LISTED_EXCHANGE,,,,,,,,UNMEASURED,False,
BKCG,ARCA,FUND_ETF_ETN,,,,,,,,UNMEASURED,False,
BKCH,NASDAQ,FUND_ETF_ETN,,,,,,,,UNMEASURED,False,
BKCI,ARCA,FUND_ETF_ETN,,,,,,,,UNMEASURED,False,
BKD,NYSE,ELIGIBLE,11.11,50345657.4355,4288230.0,1.0,0.9333,4.57,9.14,D-1,True,1491
BKDV,ARCA,FUND_ETF_ETN,,,,,,,,UNMEASURED,False,
BKE,NYSE,ELIGIBLE,42.27,21032004.6815,508593.55,1.0,0.5051,1.2,16.75,D-1,True,2114
BKEM,ARCA,FUND_ETF_ETN,,,,,,,,UNMEASURED,False,
BKF,ARCA,FUND_ETF_ETN,,,,,,,,UNMEASURED,False,
BKFI,ARCA,FUND_ETF_ETN,,,,,,,,UNMEASURED,False,
BKGI,BATS,FUND_ETF_ETN,,,,,,,,UNMEASURED,False,
BKH,NYSE,ELIGIBLE,70.46,70228387.667,982079.2,1.0,0.8564,4.96,10.69,D-1,True,1232
BKHA,NASDAQ,ELIGIBLE,12.27,15006.229845,1231.25,1.0,0.0077,0.0,478.01,D-1,False,
BKHAR,NASDAQ,RIGHT,,,,,,,,UNMEASURED,False,
BKHAU,NASDAQ,UNIT,,,,,,,,UNMEASURED,False,
BKHY,ARCA,FUND_ETF_ETN,,,,,,,,UNMEASURED,False,
BKIE,ARCA,FUND_ETF_ETN,,,,,,,,UNMEASURED,False,
BKKLY,OTC,NOT_LISTED_EXCHANGE,,,,,,,,UNMEASURED,False,
BKKT,NYSE,ELIGIBLE,8.5,11002056.035,1321324.1,1.0,0.8667,11.65,35.09,D-1,True,2560
BKKT.WS,NYSE,MALFORMED_OR_NON_COMMON_SYMBOL,,,,,,,,UNMEASURED,False,
BKLC,ARCA,FUND_ETF_ETN,,,,,,,,UNMEASURED,False,
BKLG,ARCA,FUND_ETF_ETN,,,,,,,,UNMEASURED,False,
BKLN,ARCA,FUND_ETF_ETN,,,,,,,,UNMEASURED,False,
BKMC,ARCA,FUND_ETF_ETN,,,,,,,,UNMEASURED,False,
BKMI,NASDAQ,FUND_ETF_ETN,,,,,,,,UNMEASURED,False,
BKMS,NASDAQ,FUND_ETF_ETN,,,,,,,,UNMEASURED,False,
BKNG,NASDAQ,ELIGIBLE,163.95,1482155206.976,8524917.1,1.0,1.0,10.49,1.54,D-1,True,66
BKR,NASDAQ,ELIGIBLE,57.83,505143966.812,8509281.2,1.0,1.0,6.09,2.6,D-1,True,239
BKRKY,OTC,NOT_LISTED_EXCHANGE,,,,,,,,UNMEASURED,False,
BKSC,OTC,NOT_TRADABLE,,,,,,,,UNMEASURED,False,
BKSE,ARCA,FUND_ETF_ETN,,,,,,,,UNMEASURED,False,
BKSY,NYSE,ELIGIBLE,23.25,20855226.775,953002.65,1.0,0.8564,8.64,19.52,D-1,True,2121
BKSYW,OTC,NOT_TRADABLE,,,,,,,,UNMEASURED,False,
BKT,NYSE,ELIGIBLE,9.55,1759888.6375,178555.05,1.0,0.3436,0.0,10.5,D-1,True,3620
BKTI,AMEX,ELIGIBLE,74.78,3002503.403,41100.2,1.0,0.0872,0.0,153.69,D-1,True,3325
BKU,NYSE,ELIGIBLE,43.64,44785605.296000004,1000516.15,1.0,0.8,3.41,9.12,D-1,True,1585
BKUI,ARCA,FUND_ETF_ETN,,,,,,,,UNMEASURED,False,
BKV,NYSE,ELIGIBLE,21.81,61361402.7675,2531960.5,1.0,0.8949,9.2,15.89,D-1,True,1330
BKYI,NASDAQ,ELIGIBLE,1.79,151247.92613500002,63735.4,1.0,0.2615,0.0,370.45,D-1,False,
BL,NASDAQ,ELIGIBLE,27.99,26928845.4985,900316.5,1.0,0.8795,3.55,14.15,D-1,True,1934
BLBD,NASDAQ,ELIGIBLE,58.12,33846601.154,558907.1,1.0,0.7487,5.14,17.14,D-1,True,1773
BLCK,BATS,FUND_ETF_ETN,,,,,,,,UNMEASURED,False,
BLCO,NYSE,ELIGIBLE,16.86,6547748.7855,376084.0,1.0,0.3641,0.0,17.79,D-1,True,2881
BLCR,NASDAQ,FUND_ETF_ETN,,,,,,,,UNMEASURED,False,
BLCV,ARCA,FUND_ETF_ETN,,,,,,,,UNMEASURED,False,
BLDG,BATS,FUND_ETF_ETN,,,,,,,,UNMEASURED,False,
BLDP,NASDAQ,ELIGIBLE,2.13,6247438.71,2779816.6,1.0,0.9205,23.1,46.62,D-1,True,2902
BLDR,NYSE,ELIGIBLE,59.17,231765712.23450002,3855241.75,1.0,0.9385,8.43,23.12,D-1,True,545
BLDX,ARCA,FUND_ETF_ETN,,,,,,,,UNMEASURED,False,
BLES,ARCA,FUND_ETF_ETN,,,,,,,,UNMEASURED,False,
BLFS,NASDAQ,ELIGIBLE,38.49,33422678.229000002,917922.6,1.0,0.8872,3.9,7.82,D-1,True,1782
BLGR,ARCA,FUND_ETF_ETN,,,,,,,,UNMEASURED,False,
BLIN,NASDAQ,ELIGIBLE,0.8316,23607.07752,26093.2,1.0,0.0179,0.0,,UNMEASURED,False,
BLIV,NASDAQ,ELIGIBLE,2.315,11746.00252,5210.85,1.0,0.0,,,UNMEASURED,False,
BLK,NYSE,ELIGIBLE,1086.31,623907946.317,571719.45,1.0,0.8282,3.38,12.66,D-1,True,191
BLKB,NASDAQ,ELIGIBLE,43.19,19336465.402000003,432986.3,1.0,0.4359,2.29,19.47,D-1,True,2177
BLLN,NASDAQ,ELIGIBLE,123.08,67182555.525,637998.05,1.0,0.6487,3.98,43.58,D-1,True,1267
BLMN,NASDAQ,ELIGIBLE,7.875,18645797.204749998,2119772.0,1.0,0.9615,12.5,12.59,D-1,True,2196
BLMZF,OTC,NOT_TRADABLE,,,,,,,,UNMEASURED,False,
BLND,NYSE,ELIGIBLE,1.11,2799050.9274999998,2086226.0,1.0,0.9051,44.68,89.69,D-1,True,3358
BLNE,NASDAQ,ELIGIBLE,0.8886,436643.7095100001,428686.05,1.0,0.3205,0.0,75.61,D-1,False,
BLNK,NASDAQ,ELIGIBLE,0.5793,672982.2948800001,1208726.45,1.0,0.5949,0.87,24.41,D-1,False,
BLOK,ARCA,FUND_ETF_ETN,,,,,,,,UNMEASURED,False,
BLOX,ARCA,FUND_ETF_ETN,,,,,,,,UNMEASURED,False,
BLRK,NASDAQ,ELIGIBLE,10.11,901456.44175,89340.35,1.0,0.0667,0.0,,UNMEASURED,False,
BLRKU,NASDAQ,UNIT,,,,,,,,UNMEASURED,False,
BLRKW,NASDAQ,WARRANT,,,,,,,,UNMEASURED,False,
BLRX,NASDAQ,ELIGIBLE,2.6,78805.01195,29397.15,1.0,0.041,0.0,335.25,D-1,False,
BLSG,NASDAQ,FUND_ETF_ETN,,,,,,,,UNMEASURED,False,
BLSH,NYSE,ELIGIBLE,37.58,56461648.198,1555237.65,1.0,0.8641,8.0,25.2,D-1,True,1404
BLSM,NASDAQ,ELIGIBLE,19.75,5046057.9125,218256.3,1.0,0.3154,3.78,144.56,D-1,True,3035
BLST,ARCA,FUND_ETF_ETN,,,,,,,,UNMEASURED,False,
BLTD,ARCA,FUND_ETF_ETN,,,,,,,,UNMEASURED,False,
BLTE,NASDAQ,ELIGIBLE,167.33,37593227.917500004,212857.8,1.0,0.2308,0.0,119.99,D-1,True,1707
BLUAW,OTC,NOT_TRADABLE,,,,,,,,UNMEASURED,False,
BLUC,ARCA,FUND_ETF_ETN,,,,,,,,UNMEASURED,False,
BLUI,ARCA,FUND_ETF_ETN,,,,,,,,UNMEASURED,False,
BLUW,NASDAQ,ELIGIBLE,10.3723,721555.95791,69552.45,1.0,0.0026,0.0,,UNMEASURED,False,
BLUWU,NASDAQ,UNIT,,,,,,,,UNMEASURED,False,
BLUWW,NASDAQ,WARRANT,,,,,,,,UNMEASURED,False,
BLUX,ARCA,FUND_ETF_ETN,,,,,,,,UNMEASURED,False,
BLV,ARCA,FUND_ETF_ETN,,,,,,,,UNMEASURED,False,
BLW,NYSE,ELIGIBLE,11.61,2156255.1935,178622.85,1.0,0.4949,0.0,17.26,D-1,True,3508
BLX,NYSE,ELIGIBLE,54.74,9674199.475499999,176227.65,1.0,0.1795,0.0,88.69,D-1,True,2635
BLZE,NASDAQ,ELIGIBLE,13.19,23630367.55175,1754298.85,1.0,0.8564,7.67,41.94,D-1,True,2036
BLZR,NASDAQ,ELIGIBLE,10.22,657808.025005,64423.5,1.0,0.0103,0.0,,UNMEASURED,False,
BLZRU,NASDAQ,UNIT,,,,,,,,UNMEASURED,False,
BLZRW,NASDAQ,WARRANT,,,,,,,,UNMEASURED,False,
BMA,NYSE,ELIGIBLE,68.86,18762647.3155,245687.7,1.0,0.641,1.45,53.23,D-1,True,2191
BMAR,BATS,FUND_ETF_ETN,,,,,,,,UNMEASURED,False,
BMAY,BATS,FUND_ETF_ETN,,,,,,,,UNMEASURED,False,
BMBL,NASDAQ,ELIGIBLE,2.66,6152765.259000001,2150265.1,1.0,0.8205,14.88,37.17,D-1,True,2916
BME,NYSE,ELIGIBLE,44.84,1682661.735,37439.55,1.0,0.1333,0.0,20.09,D-1,True,3644
BMEA,NASDAQ,ELIGIBLE,1.32,3904344.5982500003,2306267.35,1.0,0.941,36.6,73.82,D-1,True,3191
BMED,ARCA,FUND_ETF_ETN,,,,,,,,UNMEASURED,False,
BMEZ,NYSE,ELIGIBLE,16.81,2248980.711,135026.65,1.0,0.4026,0.0,38.88,D-1,True,3482
BMGL,NASDAQ,ELIGIBLE,3.7,11603577.2165,1640657.15,1.0,0.0205,0.0,705.54,D-1,True,2512
BMHL,NASDAQ,ELIGIBLE,5.11,8525.86412,1502.35,1.0,0.0026,901.29,,UNMEASURED,False,
BMI,NYSE,ELIGIBLE,129.48,48736197.0675,373184.2,1.0,0.4821,0.77,51.11,D-1,True,1515
BML.PRG,NYSE,MALFORMED_OR_NON_COMMON_SYMBOL,,,,,,,,UNMEASURED,False,
BML.PRH,NYSE,MALFORMED_OR_NON_COMMON_SYMBOL,,,,,,,,UNMEASURED,False,
BML.PRJ,NYSE,MALFORMED_OR_NON_COMMON_SYMBOL,,,,,,,,UNMEASURED,False,
BML.PRL,NYSE,MALFORMED_OR_NON_COMMON_SYMBOL,,,,,,,,UNMEASURED,False,
BMM,NASDAQ,ELIGIBLE,5.16,2672421.33625,477520.8,1.0,0.4692,0.0,48.3,D-1,True,3386
BMN,NYSE,ELIGIBLE,22.83,361784.30406999995,14932.1,1.0,0.0718,0.0,71.02,D-1,False,
BMNG,NASDAQ,FUND_ETF_ETN,,,,,,,,UNMEASURED,False,
BMNP,NYSE,PREFERRED,,,,,,,,UNMEASURED,False,
BMNR,NYSE,ELIGIBLE,27.56,1095921011.134,43113778.55,1.0,1.0,16.27,3.64,D-1,True,98
BMNU,BATS,FUND_ETF_ETN,,,,,,,,UNMEASURED,False,
BMNZ,ARCA,FUND_ETF_ETN,,,,,,,,UNMEASURED,False,
BMO,NYSE,ELIGIBLE,172.3,117794304.72850001,679230.5,1.0,0.6641,0.58,6.99,D-1,True,896
BMOP,NASDAQ,FUND_ETF_ETN,,,,,,,,UNMEASURED,False,
BMR,NASDAQ,ELIGIBLE,1.26,60933.39061,47285.05,1.0,0.0282,0.0,,UNMEASURED,False,
BMRA,NASDAQ,ELIGIBLE,2.32,107096.33899999999,46148.5,1.0,0.1487,0.0,661.16,D-1,False,
BMRC,NASDAQ,ELIGIBLE,27.91,4467193.678499999,161151.1,1.0,0.2282,0.0,44.9,D-1,True,3111
BMRN,NASDAQ,ELIGIBLE,60.26,126948768.04925,1967455.25,1.0,0.9538,3.32,3.29,D-1,True,853
BMRRY,OTC,NOT_LISTED_EXCHANGE,,,,,,,,UNMEASURED,False,
BMSI,BATS,FUND_ETF_ETN,,,,,,,,UNMEASURED,False,
BMVP,ARCA,FUND_ETF_ETN,,,,,,,,UNMEASURED,False,
BMWKY,OTC,NOT_TRADABLE,,,,,,,,UNMEASURED,False,
BMY,NYSE,ELIGIBLE,62.86,677490632.0205,10618786.5,1.0,1.0,6.38,1.6,D-1,True,171
BN,NYSE,ELIGIBLE,36.87,182241234.0215,4748299.4,1.0,0.9974,4.11,2.73,D-1,True,669
BNAI,NASDAQ,ELIGIBLE,6.17,1244968.69725,151220.35,1.0,0.3744,0.0,112.82,D-1,True,3814
BNAIW,NASDAQ,WARRANT,,,,,,,,UNMEASURED,False,
BNAV,BATS,FUND_ETF_ETN,,,,,,,,UNMEASURED,False,
BNBX,OTC,NOT_TRADABLE,,,,,,,,UNMEASURED,False,
BNC,NASDAQ,ELIGIBLE,6.11,28746700.2375,5468192.9,1.0,0.7436,0.0,16.37,D-1,True,1890
BNCWW,NASDAQ,WARRANT,,,,,,,,UNMEASURED,False,
BNCWZ,NASDAQ,WARRANT,,,,,,,,UNMEASURED,False,
BND,NASDAQ,FUND_ETF_ETN,,,,,,,,UNMEASURED,False,
BNDC,ARCA,FUND_ETF_ETN,,,,,,,,UNMEASURED,False,
BNDD,ARCA,FUND_ETF_ETN,,,,,,,,UNMEASURED,False,
BNDI,ARCA,FUND_ETF_ETN,,,,,,,,UNMEASURED,False,
BNDP,NASDAQ,FUND_ETF_ETN,,,,,,,,UNMEASURED,False,
BNDS,ARCA,FUND_ETF_ETN,,,,,,,,UNMEASURED,False,
BNDW,NASDAQ,FUND_ETF_ETN,,,,,,,,UNMEASURED,False,
BNDX,NASDAQ,FUND_ETF_ETN,,,,,,,,UNMEASURED,False,
BNDY,BATS,FUND_ETF_ETN,,,,,,,,UNMEASURED,False,
BNED,NYSE,ELIGIBLE,11.33,3261210.2395,289434.45,1.0,0.2436,3.71,35.78,D-1,True,3284
BNGE,ARCA,FUND_ETF_ETN,,,,,,,,UNMEASURED,False,
BNGLF,OTC,NOT_TRADABLE,,,,,,,,UNMEASURED,False,
BNGO,NASDAQ,ELIGIBLE,1.66,4044536.3595,2572414.1,1.0,0.4923,0.0,90.63,D-1,True,3170
BNH,NYSE,NOTE_DEBT,,,,,,,,UNMEASURED,False,
BNJ,NYSE,NOTE_DEBT,,,,,,,,UNMEASURED,False,
BNKD,ARCA,FUND_ETF_ETN,,,,,,,,UNMEASURED,False,
BNKK,NASDAQ,ELIGIBLE,1.53,142802.55599999998,103975.75,1.0,0.2026,0.0,305.81,D-1,False,
BNKU,ARCA,FUND_ETF_ETN,,,,,,,,UNMEASURED,False,
BNL,NYSE,ELIGIBLE,18.91,39111402.2215,1960011.5,1.0,0.9308,2.65,5.3,D-1,True,1676
BNMC,BATS,FUND_ETF_ETN,,,,,,,,UNMEASURED,False,
BNO,ARCA,FUND_ETF_ETN,,,,,,,,UNMEASURED,False,
BNOV,BATS,FUND_ETF_ETN,,,,,,,,UNMEASURED,False,
BNPQY,OTC,NOT_LISTED_EXCHANGE,,,,,,,,UNMEASURED,False,
BNR,NASDAQ,ELIGIBLE,18.6,780530.0775,62219.55,1.0,0.1026,0.0,315.77,D-1,False,
BNS,NYSE,ELIGIBLE,93.48,156273666.418,1679854.7,1.0,0.8667,1.62,5.38,D-1,True,744
BNSOF,OTC,NOT_TRADABLE,,,,,,,,UNMEASURED,False,
BNT,NYSE,ELIGIBLE,36.82,763300.743,19861.75,1.0,0.0308,0.0,36.77,D-1,False,
BNTC,NASDAQ,ELIGIBLE,9.59,1709299.0969999998,153872.9,1.0,0.2359,0.0,226.45,D-1,True,3634
BNTGY,OTC,NOT_LISTED_EXCHANGE,,,,,,,,UNMEASURED,False,
BNTX,NASDAQ,ELIGIBLE,98.52,99745524.26025,1000062.4,1.0,0.8795,4.55,11.66,D-1,True,991
BNY,NYSE,ELIGIBLE,150.15,601713601.812,3845374.95,1.0,1.0,5.34,3.35,D-1,True,196
BNY.PRK,NYSE,MALFORMED_OR_NON_COMMON_SYMBOL,,,,,,,,UNMEASURED,False,
BOAT,ARCA,FUND_ETF_ETN,,,,,,,,UNMEASURED,False,
BOBP,ARCA,FUND_ETF_ETN,,,,,,,,UNMEASURED,False,
BOBS,NYSE,ELIGIBLE,13.75,13013424.173,857065.6,1.0,0.7,2.6,14.52,D-1,True,2441
BOC,NYSE,ELIGIBLE,13.47,2235510.5685,164125.45,1.0,0.3487,0.0,71.17,D-1,True,3484
BOCT,BATS,FUND_ETF_ETN,,,,,,,,UNMEASURED,False,
BODI,NASDAQ,ELIGIBLE,4.56,158047.4325,29557.35,1.0,0.0872,0.0,62.7,D-1,False,
BOE,NYSE,ELIGIBLE,12.06,1358458.0095000002,110735.7,1.0,0.4821,0.0,29.25,D-1,True,3759
BOEG,NASDAQ,FUND_ETF_ETN,,,,,,,,UNMEASURED,False,
BOEU,NASDAQ,FUND_ETF_ETN,,,,,,,,UNMEASURED,False,
BOF,NASDAQ,ELIGIBLE,3.71,93364.9035,24404.6,1.0,0.1077,0.0,124.22,D-1,False,
BOH,NYSE,ELIGIBLE,71.65,27844343.5955,376895.55,1.0,0.6897,1.39,9.73,D-1,True,1908
BOH.PRA,NYSE,MALFORMED_OR_NON_COMMON_SYMBOL,,,,,,,,UNMEASURED,False,
BOH.PRB,NYSE,MALFORMED_OR_NON_COMMON_SYMBOL,,,,,,,,UNMEASURED,False,
BOIL,ARCA,FUND_ETF_ETN,,,,,,,,UNMEASURED,False,
BOKF,NASDAQ,ELIGIBLE,131.77,36771837.9345,273955.3,1.0,0.3692,0.0,21.62,D-1,True,1723
BOLD,NASDAQ,ELIGIBLE,2.66,348882.451,126410.1,1.0,0.3179,0.0,57.14,D-1,False,
BOLT,NASDAQ,ELIGIBLE,3.58,141981.49467,38576.35,1.0,0.0154,0.0,516.97,D-1,False,
BON,NASDAQ,ELIGIBLE,1.2021,9348.551105,7982.5,1.0,0.0462,0.0,83.68,D-1,False,
BOND,NYSE,FUND_ETF_ETN,,,,,,,,UNMEASURED,False,
BOOM,NASDAQ,ELIGIBLE,5.91,623157.4815,98606.15,1.0,0.4,0.0,72.62,D-1,False,
BOOT,NYSE,ELIGIBLE,123.3,89968431.5175,670810.3,1.0,0.6846,4.43,28.8,D-1,True,1051
BORR,NYSE,ELIGIBLE,4.2,25486524.214500003,5788826.1,1.0,0.9949,12.03,24.06,D-1,True,1976
BOSC,NASDAQ,ELIGIBLE,4.74,134397.54450000002,28538.1,1.0,0.0154,0.0,217.53,D-1,False,
BOT,NASDAQ,ELIGIBLE,28.62,6444563.83275,232955.05,1.0,0.4923,3.47,117.76,D-1,True,2888
BOTJ,NASDAQ,ELIGIBLE,26.75,1039708.949,38403.6,1.0,0.1974,0.0,115.59,D-1,True,3908
BOTT,NASDAQ,FUND_ETF_ETN,,,,,,,,UNMEASURED,False,
BOTX,OTC,NOT_TRADABLE,,,,,,,,UNMEASURED,False,
BOTZ,NASDAQ,FUND_ETF_ETN,,,,,,,,UNMEASURED,False,
BOUT,ARCA,FUND_ETF_ETN,,,,,,,,UNMEASURED,False,
BOW,NYSE,ELIGIBLE,33.76,9988655.099,296481.5,1.0,0.2615,0.0,4.44,D-1,True,2617
BOWN,NASDAQ,NOT_SEC_REGISTRANT_TICKER,,,,,,,,UNMEASURED,False,
BOX,NYSE,ELIGIBLE,31.39,97263055.674,2835527.4,1.0,0.9718,6.28,4.72,D-1,True,1012
BOXA,BATS,FUND_ETF_ETN,,,,,,,,UNMEASURED,False,
BOXL,NASDAQ,ELIGIBLE,4.81,318822.0165,60765.85,1.0,0.0282,0.0,,UNMEASURED,False,
BOXX,BATS,FUND_ETF_ETN,,,,,,,,UNMEASURED,False,
BP,NYSE,ELIGIBLE,44.15,447681392.0805,10064368.65,1.0,1.0,5.7,2.27,D-1,True,272
BPAC,NASDAQ,ELIGIBLE,10.19,29917.341999999997,2935.6,1.0,0.0,,,UNMEASURED,False,
BPACR,NASDAQ,RIGHT,,,,,,,,UNMEASURED,False,
BPACU,NASDAQ,UNIT,,,,,,,,UNMEASURED,False,
BPAY,ARCA,FUND_ETF_ETN,,,,,,,,UNMEASURED,False,
BPH,ARCA,NOT_SEC_REGISTRANT_TICKER,,,,,,,,UNMEASURED,False,
BPHLY,OTC,NOT_LISTED_EXCHANGE,,,,,,,,UNMEASURED,False,
BPI,ARCA,FUND_ETF_ETN,,,,,,,,UNMEASURED,False,
BPOP,NASDAQ,ELIGIBLE,160.48,93811623.06850001,569597.4,1.0,0.541,0.62,21.36,D-1,True,1031
BPOPM,NASDAQ,PREFERRED,,,,,,,,UNMEASURED,False,
BPRE,NYSE,FUND_ETF_ETN,,,,,,,,UNMEASURED,False,
BPRN,NASDAQ,ELIGIBLE,43.41,1205282.0615,27890.85,1.0,0.0821,0.0,80.22,D-1,True,3836
BPRO,ARCA,FUND_ETF_ETN,,,,,,,,UNMEASURED,False,
BPTH,OTC,NOT_TRADABLE,,,,,,,,UNMEASURED,False,
BPTSY,OTC,NOT_TRADABLE,,,,,,,,UNMEASURED,False,
BPYPM,NASDAQ,UNIT,,,,,,,,UNMEASURED,False,
BPYPN,NASDAQ,UNIT,,,,,,,,UNMEASURED,False,
BPYPO,NASDAQ,UNIT,,,,,,,,UNMEASURED,False,
BPYPP,NASDAQ,UNIT,,,,,,,,UNMEASURED,False,
BQ,AMEX,ELIGIBLE,0.8301,52798.3194504,62536.75,1.0,0.0641,0.0,162.56,D-1,False,
BR,NYSE,ELIGIBLE,163.77,181515068.076,1070243.9,1.0,0.9026,4.25,15.82,D-1,True,672
BRAG,NASDAQ,ELIGIBLE,1.38,34166.89925,25083.4,1.0,0.0205,0.0,437.96,D-1,False,
BRAI,NASDAQ,ELIGIBLE,5.47,209388.368,37483.25,1.0,0.0615,0.0,415.54,D-1,False,
BRAZ,ARCA,FUND_ETF_ETN,,,,,,,,UNMEASURED,False,
BRBI,NASDAQ,ELIGIBLE,11.24,4855.548975,438.0,1.0,0.0,,112.22,D-1,False,
BRBR,NYSE,ELIGIBLE,7.91,30943094.320499998,3348878.0,1.0,1.0,12.65,12.6,D-1,True,1836
BRBS,AMEX,ELIGIBLE,3.85,5459141.8695,1374531.5,1.0,0.5128,0.0,25.7,D-1,True,2998
BRC,NYSE,ELIGIBLE,84.02,25204395.0155,290821.1,1.0,0.3513,0.0,30.03,D-1,True,1983
BRCB,NASDAQ,ELIGIBLE,7.19,3160473.7690000003,382698.8,1.0,0.3872,0.0,55.64,D-1,True,3300
BRCC,NYSE,ELIGIBLE,9.22,977899.3905,109431.7,1.0,0.2,0.0,92.86,D-1,False,
BRCE,NYSE,FUND_ETF_ETN,,,,,,,,UNMEASURED,False,
BRDCY,OTC,NOT_LISTED_EXCHANGE,,,,,,,,UNMEASURED,False,
BREE,NYSE,FUND_ETF_ETN,,,,,,,,UNMEASURED,False,
BREM,NASDAQ,FUND_ETF_ETN,,,,,,,,UNMEASURED,False,
BRES,NASDAQ,FUND_ETF_ETN,,,,,,,,UNMEASURED,False,
BREW,BATS,FUND_ETF_ETN,,,,,,,,UNMEASURED,False,
BREZ,NASDAQ,ELIGIBLE,10.02,354226.175745,35397.2,1.0,0.0,,,UNMEASURED,False,
BREZR,NASDAQ,RIGHT,,,,,,,,UNMEASURED,False,
BRF,ARCA,FUND_ETF_ETN,,,,,,,,UNMEASURED,False,
BRFH,NASDAQ,ELIGIBLE,0.9244,30394.499050000002,26953.95,1.0,0.141,0.0,264.24,D-1,False,
BRHY,NASDAQ,FUND_ETF_ETN,,,,,,,,UNMEASURED,False,
BRIA,AMEX,ELIGIBLE,1.4,6354.893494999999,4483.05,1.0,0.0103,0.0,983.13,D-1,False,
BRIB,ARCA,FUND_ETF_ETN,,,,,,,,UNMEASURED,False,
BRID,NASDAQ,ELIGIBLE,5.825,22986.469895,3879.65,1.0,0.0077,0.0,223.18,D-1,False,
BRIE,NYSE,FUND_ETF_ETN,,,,,,,,UNMEASURED,False,
BRIF,ARCA,FUND_ETF_ETN,,,,,,,,UNMEASURED,False,
BRK.A,NYSE,ELIGIBLE,758505.68,209087609.725,274.25,1.0,0.1872,0.0,13.66,D-1,True,601
BRK.B,NYSE,ELIGIBLE,505.48,2356021129.2035,4638286.8,1.0,1.0,2.97,2.03,D-1,True,41
BRKC,ARCA,FUND_ETF_ETN,,,,,,,,UNMEASURED,False,
BRKH,NASDAQ,ELIGIBLE,10.015,336327.4305,33632.45,1.0,0.0051,0.0,,UNMEASURED,False,
BRKHU,NASDAQ,UNIT,,,,,,,,UNMEASURED,False,
BRKHW,NASDAQ,WARRANT,,,,,,,,UNMEASURED,False,
BRKL,BATS,FUND_ETF_ETN,,,,,,,,UNMEASURED,False,
BRKR,NASDAQ,ELIGIBLE,64.18,131673994.671,2244160.75,1.0,0.9795,9.41,12.16,D-1,True,839
BRKRP,NASDAQ,PREFERRED,,,,,,,,UNMEASURED,False,
BRKU,NASDAQ,FUND_ETF_ETN,,,,,,,,UNMEASURED,False,
BRKW,BATS,FUND_ETF_ETN,,,,,,,,UNMEASURED,False,
BRLN,BATS,FUND_ETF_ETN,,,,,,,,UNMEASURED,False,
BRLS,NASDAQ,ELIGIBLE,1.39,24568.854190000002,19758.55,1.0,0.0103,0.0,1374.05,D-1,False,
BRLSW,NASDAQ,WARRANT,,,,,,,,UNMEASURED,False,
BRLT,NASDAQ,ELIGIBLE,1.37,112464.91799999999,81035.05,1.0,0.0667,0.0,141.84,D-1,False,
BRN,AMEX,ELIGIBLE,0.9412,45382.70965,45388.25,1.0,0.0487,0.0,322.15,D-1,False,
BRNX,NASDAQ,ELIGIBLE,2.49,4960088.92,1631474.55,1.0,0.3538,0.0,168.26,D-1,True,3048
BRNY,NASDAQ,FUND_ETF_ETN,,,,,,,,UNMEASURED,False,
BRO,NYSE,ELIGIBLE,60.82,144547759.3375,2175968.35,1.0,0.9744,4.88,7.33,D-1,True,781
BROGF,OTC,NOT_TRADABLE,,,,,,,,UNMEASURED,False,
BROL,NYSE,FUND_ETF_ETN,,,,,,,,UNMEASURED,False,
BROS,NYSE,ELIGIBLE,37.89,186643883.5645,4355758.05,1.0,1.0,9.18,11.79,D-1,True,656
BRQSF,OTC,NOT_TRADABLE,,,,,,,,UNMEASURED,False,
BRRKU,NASDAQ,UNIT,,,,,,,,UNMEASURED,False,
BRRR,NASDAQ,FUND_ETF_ETN,,,,,,,,UNMEASURED,False,
BRSHF,OTC,NOT_TRADABLE,,,,,,,,UNMEASURED,False,
BRSL,NYSE,ELIGIBLE,9.96,23767990.078,2243497.8,1.0,0.9692,9.35,10.16,D-1,True,2031
BRSM,ARCA,FUND_ETF_ETN,,,,,,,,UNMEASURED,False,
BRSP,NYSE,ELIGIBLE,4.09,7437813.2795,1714251.05,1.0,0.8513,12.14,24.51,D-1,True,2797
BRSV,BATS,FUND_ETF_ETN,,,,,,,,UNMEASURED,False,
BRSWF,OTC,NOT_TRADABLE,,,,,,,,UNMEASURED,False,
BRT,NYSE,ELIGIBLE,13.77,795972.2705,56526.15,1.0,0.1846,0.0,32.45,D-1,False,
BRTM,NASDAQ,ELIGIBLE,9.8,950887.8150000001,96642.83333333333,0.6,0.0256,0.0,10.19,D-1,False,
BRTMU,NASDAQ,UNIT,,,,,,,,UNMEASURED,False,
BRTMW,NASDAQ,WARRANT,,,,,,,,UNMEASURED,False,
BRTR,NASDAQ,FUND_ETF_ETN,,,,,,,,UNMEASURED,False,
BRTX,NASDAQ,ELIGIBLE,2.55,100705.54725999999,35581.9,1.0,0.0692,0.0,605.49,D-1,False,
BRUN,NASDAQ,ELIGIBLE,16.77,37645349.2865,2276595.85,1.0,0.9256,15.02,12.0,D-1,True,1704
BRVE,NASDAQ,ELIGIBLE,20.62,14748609.934,560905.8,1.0,0.641,9.46,108.95,D-1,True,2357
BRW,NYSE,FUND_ETF_ETN,,,,,,,,UNMEASURED,False,
BRX,NYSE,ELIGIBLE,28.07,91480880.3455,3212082.75,1.0,0.9897,3.62,3.6,D-1,True,1045
BRZD,BATS,FUND_ETF_ETN,,,,,,,,UNMEASURED,False,
BRZE,NASDAQ,ELIGIBLE,24.37,73710258.37425001,2716446.85,1.0,0.9256,8.13,12.25,D-1,True,1194
BRZHR,OTC,NOT_TRADABLE,,,,,,,,UNMEASURED,False,
BRZL,BATS,FUND_ETF_ETN,,,,,,,,UNMEASURED,False,
BRZU,ARCA,FUND_ETF_ETN,,,,,,,,UNMEASURED,False,
BRZX,BATS,FUND_ETF_ETN,,,,,,,,UNMEASURED,False,
BSAA,NASDAQ,ELIGIBLE,11.3,26288.41875,2368.45,1.0,0.0,,,UNMEASURED,False,
BSAAR,NASDAQ,RIGHT,,,,,,,,UNMEASURED,False,
BSAAU,NASDAQ,UNIT,,,,,,,,UNMEASURED,False,
BSAC,NYSE,ELIGIBLE,34.37,10173317.767,291786.0,1.0,0.759,1.45,33.59,D-1,True,2607
BSBK,NASDAQ,ELIGIBLE,9.115,34521.920880000005,3775.0,1.0,0.0077,0.0,,UNMEASURED,False,
BSBR,NYSE,ELIGIBLE,5.76,22084173.722,3759082.95,1.0,0.7692,0.0,17.45,D-1,True,2077
BSCA,NASDAQ,FUND_ETF_ETN,,,,,,,,UNMEASURED,False,
BSCQ,NASDAQ,FUND_ETF_ETN,,,,,,,,UNMEASURED,False,
BSCR,NASDAQ,FUND_ETF_ETN,,,,,,,,UNMEASURED,False,
BSCS,NASDAQ,FUND_ETF_ETN,,,,,,,,UNMEASURED,False,
BSCT,NASDAQ,FUND_ETF_ETN,,,,,,,,UNMEASURED,False,
BSCU,NASDAQ,FUND_ETF_ETN,,,,,,,,UNMEASURED,False,
BSCV,NASDAQ,FUND_ETF_ETN,,,,,,,,UNMEASURED,False,
BSCW,NASDAQ,FUND_ETF_ETN,,,,,,,,UNMEASURED,False,
BSCX,NASDAQ,FUND_ETF_ETN,,,,,,,,UNMEASURED,False,
BSCY,NASDAQ,FUND_ETF_ETN,,,,,,,,UNMEASURED,False,
BSCZ,NASDAQ,FUND_ETF_ETN,,,,,,,,UNMEASURED,False,
BSEM,NASDAQ,ELIGIBLE,4.14,739098.922,176395.8,1.0,0.3333,0.0,331.5,D-1,False,
BSEP,BATS,FUND_ETF_ETN,,,,,,,,UNMEASURED,False,
BSET,NASDAQ,ELIGIBLE,18.28,408030.47625,22623.35,1.0,0.0487,0.0,190.62,D-1,False,
BSFC,OTC,NOT_TRADABLE,,,,,,,,UNMEASURED,False,
BSGR,NASDAQ,FUND_ETF_ETN,,,,,,,,UNMEASURED,False,
BSGT,NASDAQ,FUND_ETF_ETN,,,,,,,,UNMEASURED,False,
BSIN,NASDAQ,ELIGIBLE,1.44,1178702.706,757781.25,1.0,0.4359,0.0,67.81,D-1,True,3844
BSJQ,NASDAQ,FUND_ETF_ETN,,,,,,,,UNMEASURED,False,
BSJR,NASDAQ,FUND_ETF_ETN,,,,,,,,UNMEASURED,False,
BSJS,NASDAQ,FUND_ETF_ETN,,,,,,,,UNMEASURED,False,
BSJT,NASDAQ,FUND_ETF_ETN,,,,,,,,UNMEASURED,False,
BSJU,NASDAQ,FUND_ETF_ETN,,,,,,,,UNMEASURED,False,
BSJV,NASDAQ,FUND_ETF_ETN,,,,,,,,UNMEASURED,False,
BSJW,NASDAQ,FUND_ETF_ETN,,,,,,,,UNMEASURED,False,
BSJX,NASDAQ,FUND_ETF_ETN,,,,,,,,UNMEASURED,False,
BSJY,NASDAQ,FUND_ETF_ETN,,,,,,,,UNMEASURED,False,
BSL,NYSE,FUND_ETF_ETN,,,,,,,,UNMEASURED,False,
BSLK,OTC,NOT_TRADABLE,,,,,,,,UNMEASURED,False,
BSLKW,OTC,NOT_TRADABLE,,,,,,,,UNMEASURED,False,
BSM,NYSE,ELIGIBLE,14.42,5262748.949,354717.5,1.0,0.4051,0.0,20.64,D-1,True,3017
BSMA,NASDAQ,FUND_ETF_ETN,,,,,,,,UNMEASURED,False,
BSMC,BATS,FUND_ETF_ETN,,,,,,,,UNMEASURED,False,
BSMQ,NASDAQ,FUND_ETF_ETN,,,,,,,,UNMEASURED,False,
BSMR,NASDAQ,FUND_ETF_ETN,,,,,,,,UNMEASURED,False,
BSMS,NASDAQ,FUND_ETF_ETN,,,,,,,,UNMEASURED,False,
BSMT,NASDAQ,FUND_ETF_ETN,,,,,,,,UNMEASURED,False,
BSMU,NASDAQ,FUND_ETF_ETN,,,,,,,,UNMEASURED,False,
BSMV,NASDAQ,FUND_ETF_ETN,,,,,,,,UNMEASURED,False,
BSMW,NASDAQ,FUND_ETF_ETN,,,,,,,,UNMEASURED,False,
BSMY,NASDAQ,FUND_ETF_ETN,,,,,,,,UNMEASURED,False,
BSMZ,NASDAQ,FUND_ETF_ETN,,,,,,,,UNMEASURED,False,
BSOL,ARCA,FUND_ETF_ETN,,,,,,,,UNMEASURED,False,
BSP,NASDAQ,ELIGIBLE,33.25,78503494.4255,2086215.7,1.0,0.9872,15.6,7.75,D-1,True,1146
BSR,ARCA,FUND_ETF_ETN,,,,,,,,UNMEASURED,False,
BSRR,NASDAQ,ELIGIBLE,39.9,1922505.55,47695.45,1.0,0.059,0.0,67.16,D-1,True,3577
BSSX,NASDAQ,FUND_ETF_ETN,,,,,,,,UNMEASURED,False,
BST,NYSE,ELIGIBLE,48.9,4532657.763,91456.65,1.0,0.3154,0.0,55.16,D-1,True,3105
BSTP,ARCA,FUND_ETF_ETN,,,,,,,,UNMEASURED,False,
BSTS,NASDAQ,FUND_ETF_ETN,,,,,,,,UNMEASURED,False,
BSTU,NASDAQ,FUND_ETF_ETN,,,,,,,,UNMEASURED,False,
BSTV,NASDAQ,FUND_ETF_ETN,,,,,,,,UNMEASURED,False,
BSTZ,NYSE,ELIGIBLE,29.76,4814955.6865,160945.45,1.0,0.3103,0.0,62.58,D-1,True,3077
BSV,ARCA,FUND_ETF_ETN,,,,,,,,UNMEASURED,False,
BSVN,NASDAQ,ELIGIBLE,55.85,2945585.9899999998,53976.8,1.0,0.0846,0.0,90.34,D-1,True,3339
BSVO,NASDAQ,FUND_ETF_ETN,,,,,,,,UNMEASURED,False,
BSX,NYSE,ELIGIBLE,43.92,944666467.3959999,21031827.95,1.0,1.0,9.14,2.28,D-1,True,113
BSY,NASDAQ,ELIGIBLE,31.44,87775727.587,2678729.9,1.0,0.9769,4.73,7.83,D-1,True,1063
BTA,ARCA,FUND_ETF_ETN,,,,,,,,UNMEASURED,False,
BTAIQ,OTC,NOT_TRADABLE,,,,,,,,UNMEASURED,False,
BTAL,ARCA,FUND_ETF_ETN,,,,,,,,UNMEASURED,False,
BTBD,NASDAQ,ELIGIBLE,1.94,57603.48889,33776.8,1.0,0.1615,0.0,947.08,D-1,False,
BTBDW,NASDAQ,WARRANT,,,,,,,,UNMEASURED,False,
BTBT,NASDAQ,ELIGIBLE,1.76,45677405.4805,28016672.2,1.0,0.9949,57.2,58.31,D-1,True,1569
BTC,ARCA,FUND_ETF_ETN,,,,,,,,UNMEASURED,False,
BTCC,ARCA,FUND_ETF_ETN,,,,,,,,UNMEASURED,False,
BTCI,BATS,FUND_ETF_ETN,,,,,,,,UNMEASURED,False,
BTCK,ARCA,FUND_ETF_ETN,,,,,,,,UNMEASURED,False,
BTCL,BATS,FUND_ETF_ETN,,,,,,,,UNMEASURED,False,
BTCO,BATS,FUND_ETF_ETN,,,,,,,,UNMEASURED,False,
BTCS,NASDAQ,ELIGIBLE,1.53,3039306.724,2107213.7,1.0,0.8513,11.81,65.14,D-1,True,3321
BTCT,NASDAQ,ELIGIBLE,1.19,7187368.64425,4876559.65,1.0,0.5564,0.83,83.69,D-1,True,2817
BTCU,ARCA,FUND_ETF_ETN,,,,,,,,UNMEASURED,False,
BTCW,BATS,FUND_ETF_ETN,,,,,,,,UNMEASURED,False,
BTCY,OTC,NOT_TRADABLE,,,,,,,,UNMEASURED,False,
BTCZ,BATS,FUND_ETF_ETN,,,,,,,,UNMEASURED,False,
BTDL,NASDAQ,FUND_ETF_ETN,,,,,,,,UNMEASURED,False,
BTDPY,OTC,NOT_LISTED_EXCHANGE,,,,,,,,UNMEASURED,False,
BTDR,NASDAQ,ELIGIBLE,11.51,120689016.48700002,10223727.95,1.0,1.0,21.6,8.69,D-1,True,887
BTE,NYSE,ELIGIBLE,4.53,83518560.535,17202978.65,1.0,0.9846,11.09,22.07,D-1,True,1105
BTF,NASDAQ,FUND_ETF_ETN,,,,,,,,UNMEASURED,False,
BTG,AMEX,ELIGIBLE,5.48,139969426.9255,25735334.7,1.0,0.9974,17.0,18.34,D-1,True,803
BTGD,NASDAQ,FUND_ETF_ETN,,,,,,,,UNMEASURED,False,
BTGO,NYSE,ELIGIBLE,7.48,17483365.8355,2354262.15,1.0,0.9154,13.27,20.12,D-1,True,2237
BTI,NYSE,ELIGIBLE,55.63,287922744.242,5171128.5,1.0,0.9949,3.61,1.8,D-1,True,447
BTLN,NASDAQ,ELIGIBLE,5.119,148612.2064,25388.9,1.0,0.2026,0.0,186.29,D-1,False,
BTMD,NASDAQ,ELIGIBLE,1.22,292876.09375,196298.8,1.0,0.0897,0.0,340.09,D-1,False,
BTMWQ,OTC,NOT_TRADABLE,,,,,,,,UNMEASURED,False,
BTO,NYSE,FUND_ETF_ETN,,,,,,,,UNMEASURED,False,
BTOC,NASDAQ,ELIGIBLE,0.2585,10371.94507,37967.7,1.0,0.2256,3.77,775.66,D-1,False,
BTOT,ARCA,FUND_ETF_ETN,,,,,,,,UNMEASURED,False,
BTQ,NASDAQ,ELIGIBLE,2.74,7258231.84875,2512391.65,1.0,0.8205,17.8,36.23,D-1,True,2809
BTRN,ARCA,FUND_ETF_ETN,,,,,,,,UNMEASURED,False,
BTSG,NASDAQ,ELIGIBLE,56.59,146273081.0575,2507334.25,1.0,0.9897,7.08,14.69,D-1,True,774
BTSGU,NASDAQ,UNIT,,,,,,,,UNMEASURED,False,
BTT,NYSE,ELIGIBLE,21.74,2613146.908,117429.25,1.0,0.3821,0.0,16.12,D-1,True,3397
BTTC,NASDAQ,ELIGIBLE,0.4981,18049760.490719996,24242193.6,1.0,0.5718,2.0,160.8,D-1,False,
BTTX,OTC,NOT_TRADABLE,,,,,,,,UNMEASURED,False,
BTU,NYSE,ELIGIBLE,25.44,71023288.6615,2601458.75,1.0,0.8744,5.88,7.91,D-1,True,1220
BTVCY,OTC,NOT_LISTED_EXCHANGE,,,,,,,,UNMEASURED,False,
BTX,NYSE,ELIGIBLE,9.04,3435361.6450000005,388363.05,1.0,0.6154,0.0,11.09,D-1,True,3257
BTZ,NYSE,ELIGIBLE,9.48,3871212.5335,399835.0,1.0,0.4154,0.0,10.59,D-1,True,3198
BTZI,OTC,NOT_TRADABLE,,,,,,,,UNMEASURED,False,
BUCK,ARCA,FUND_ETF_ETN,,,,,,,,UNMEASURED,False,
BUD,NYSE,ELIGIBLE,78.0,186571746.53399998,2364585.05,1.0,0.9795,2.58,2.58,D-1,True,657
BUDA,AMEX,ELIGIBLE,7.15,40982.093215,5247.5,1.0,0.0154,0.0,249.84,D-1,False,
BUFB,BATS,FUND_ETF_ETN,,,,,,,,UNMEASURED,False,
BUFC,NASDAQ,FUND_ETF_ETN,,,,,,,,UNMEASURED,False,
BUFD,BATS,FUND_ETF_ETN,,,,,,,,UNMEASURED,False,
BUFE,BATS,FUND_ETF_ETN,,,,,,,,UNMEASURED,False,
BUFF,BATS,FUND_ETF_ETN,,,,,,,,UNMEASURED,False,
BUFG,BATS,FUND_ETF_ETN,,,,,,,,UNMEASURED,False,
BUFH,BATS,FUND_ETF_ETN,,,,,,,,UNMEASURED,False,
BUFI,NASDAQ,FUND_ETF_ETN,,,,,,,,UNMEASURED,False,
BUFM,NASDAQ,FUND_ETF_ETN,,,,,,,,UNMEASURED,False,
BUFP,BATS,FUND_ETF_ETN,,,,,,,,UNMEASURED,False,
BUFQ,BATS,FUND_ETF_ETN,,,,,,,,UNMEASURED,False,
BUFR,BATS,FUND_ETF_ETN,,,,,,,,UNMEASURED,False,
BUFS,BATS,FUND_ETF_ETN,,,,,,,,UNMEASURED,False,
BUFT,BATS,FUND_ETF_ETN,,,,,,,,UNMEASURED,False,
BUFX,BATS,FUND_ETF_ETN,,,,,,,,UNMEASURED,False,
BUFY,BATS,FUND_ETF_ETN,,,,,,,,UNMEASURED,False,
BUFZ,BATS,FUND_ETF_ETN,,,,,,,,UNMEASURED,False,
BUG,NASDAQ,FUND_ETF_ETN,,,,,,,,UNMEASURED,False,
BUI,NYSE,ELIGIBLE,24.95,1989062.719,76254.35,1.0,0.2436,0.0,18.03,D-1,True,3557
BUIL,BATS,FUND_ETF_ETN,,,,,,,,UNMEASURED,False,
BUKS,OTC,NOT_TRADABLE,,,,,,,,UNMEASURED,False,
BUL,ARCA,FUND_ETF_ETN,,,,,,,,UNMEASURED,False,
BULD,NASDAQ,FUND_ETF_ETN,,,,,,,,UNMEASURED,False,
BULG,NASDAQ,FUND_ETF_ETN,,,,,,,,UNMEASURED,False,
BULL,NASDAQ,ELIGIBLE,7.19,127344998.81100002,14591477.8,1.0,1.0,13.78,13.82,D-1,True,851
BULLW,NASDAQ,WARRANT,,,,,,,,UNMEASURED,False,
BULZ,ARCA,FUND_ETF_ETN,,,,,,,,UNMEASURED,False,
BUR,NYSE,ELIGIBLE,3.64,7920935.120999999,1931596.4,1.0,0.9231,13.68,27.48,D-1,True,2768
BURBY,OTC,NOT_LISTED_EXCHANGE,,,,,,,,UNMEASURED,False,
BURL,NYSE,ELIGIBLE,254.69,450237315.9205,1791411.5,1.0,0.9974,9.4,14.02,D-1,True,270
BURU,AMEX,ELIGIBLE,0.99,1914151.262,1724415.5,0.5,0.4795,2.01,98.52,D-1,False,
BUSA,BATS,FUND_ETF_ETN,,,,,,,,UNMEASURED,False,
BUSE,NASDAQ,ELIGIBLE,30.09,23551924.5115,779152.55,1.0,0.8436,1.66,3.31,D-1,True,2038
BUSEP,NASDAQ,PREFERRED,,,,,,,,UNMEASURED,False,
BUSM,BATS,FUND_ETF_ETN,,,,,,,,UNMEASURED,False,
BUUU,NASDAQ,ELIGIBLE,44.2,2896963.443,71063.8,1.0,0.0744,9.95,227.53,D-1,True,3344
BUXX,NYSE,FUND_ETF_ETN,,,,,,,,UNMEASURED,False,
BUYB,ARCA,FUND_ETF_ETN,,,,,,,,UNMEASURED,False,
BUYO,ARCA,FUND_ETF_ETN,,,,,,,,UNMEASURED,False,
BUYW,BATS,FUND_ETF_ETN,,,,,,,,UNMEASURED,False,
BUYZ,BATS,FUND_ETF_ETN,,,,,,,,UNMEASURED,False,
BUZZ,ARCA,FUND_ETF_ETN,,,,,,,,UNMEASURED,False,
BV,NYSE,ELIGIBLE,10.41,9985514.857,917192.05,1.0,0.8077,4.83,9.86,D-1,True,2618
BVAL,ARCA,FUND_ETF_ETN,,,,,,,,UNMEASURED,False,
BVC,NASDAQ,ELIGIBLE,11.35,638698.535205,45875.1,1.0,0.0538,0.0,823.42,D-1,False,
BVFL,NASDAQ,ELIGIBLE,20.87,435679.64800000004,20504.3,1.0,0.0385,0.0,208.0,D-1,False,
BVN,NYSE,ELIGIBLE,33.17,39324938.7195,1154525.6,1.0,0.6051,1.3,28.78,D-1,True,1672
BVNRY,OTC,NOT_LISTED_EXCHANGE,,,,,,,,UNMEASURED,False,
BVS,NASDAQ,ELIGIBLE,13.81,6695235.713,494609.85,1.0,0.6308,0.0,32.97,D-1,True,2865
BW,NYSE,ELIGIBLE,6.27,34282603.4945,4851832.75,1.0,0.9974,16.07,16.14,D-1,True,1763
BW.PRA,NYSE,MALFORMED_OR_NON_COMMON_SYMBOL,,,,,,,,UNMEASURED,False,
BWA,NYSE,ELIGIBLE,61.32,139168763.8865,2202890.25,1.0,0.9846,5.76,6.61,D-1,True,808
BWAY,NASDAQ,ELIGIBLE,13.31,1159685.3035,83690.15,1.0,0.2026,0.0,90.81,D-1,True,3857
BWB,NASDAQ,ELIGIBLE,20.77,2175061.2565,103223.35,1.0,0.1462,0.0,36.14,D-1,True,3501
BWBBP,NASDAQ,PREFERRED,,,,,,,,UNMEASURED,False,
BWEN,NASDAQ,ELIGIBLE,4.23,897124.6599999999,215574.8,1.0,0.2846,0.0,52.85,D-1,False,
BWET,ARCA,FUND_ETF_ETN,,,,,,,,UNMEASURED,False,
BWFG,NASDAQ,ELIGIBLE,66.48,5013969.397,75247.8,1.0,0.1205,0.0,62.59,D-1,True,3041
BWG,NYSE,FUND_ETF_ETN,,,,,,,,UNMEASURED,False,
BWIN,NASDAQ,ELIGIBLE,31.85,150847741.125,4737427.05,1.0,0.8333,1.57,3.13,D-1,True,758
BWIV,NYSE,ELIGIBLE,10.0,429073.45250500005,43089.3,1.0,0.0026,0.0,30.05,D-1,False,
BWIV.U,NYSE,WARRANT,,,,,,,,UNMEASURED,False,
BWIV.WS,NYSE,MALFORMED_OR_NON_COMMON_SYMBOL,,,,,,,,UNMEASURED,False,
BWLP,NYSE,ELIGIBLE,24.23,11933054.589,482255.2,1.0,0.4821,0.0,20.73,D-1,True,2495
BWMN,NASDAQ,ELIGIBLE,42.57,13233773.151999999,311246.7,1.0,0.5923,0.0,2.35,D-1,True,2429
BWMX,NYSE,ELIGIBLE,16.74,1285719.5854999998,79907.65,1.0,0.0667,0.0,119.82,D-1,True,3796
BWOW,ARCA,FUND_ETF_ETN,,,,,,,,UNMEASURED,False,
BWQG,BATS,FUND_ETF_ETN,,,,,,,,UNMEASURED,False,
BWTG,BATS,FUND_ETF_ETN,,,,,,,,UNMEASURED,False,
BWX,ARCA,FUND_ETF_ETN,,,,,,,,UNMEASURED,False,
BWXT,NYSE,ELIGIBLE,138.47,162792891.52850002,1082023.85,1.0,0.9436,6.16,18.14,D-1,True,726
BWZ,ARCA,FUND_ETF_ETN,,,,,,,,UNMEASURED,False,
BX,NYSE,ELIGIBLE,118.42,480176707.51549995,3748646.75,1.0,1.0,8.49,5.48,D-1,True,252
BXBL,NASDAQ,ELIGIBLE,4.03,866808.814,209435.8,1.0,0.259,0.0,124.88,D-1,False,
BXBLY,OTC,NOT_LISTED_EXCHANGE,,,,,,,,UNMEASURED,False,
BXC,NYSE,ELIGIBLE,76.35,12434534.228,159958.05,1.0,0.3718,0.0,90.9,D-1,True,2465
BXDC,NYSE,ELIGIBLE,19.08,46542790.3305,2380787.4,1.0,0.9513,7.96,7.92,D-1,True,1542
BXMT,NYSE,ELIGIBLE,12.5,31616921.666500002,2369208.35,1.0,0.9128,3.99,7.99,D-1,True,1812
BXP,NYSE,ELIGIBLE,63.4,90371698.0455,1396406.45,1.0,0.8667,3.16,9.57,D-1,True,1048
BXRXQ,OTC,NOT_TRADABLE,,,,,,,,UNMEASURED,False,
BXSL,NYSE,FUND_ETF_ETN,,,,,,,,UNMEASURED,False,
BY,NYSE,ELIGIBLE,37.44,11097634.2135,292101.75,1.0,0.4795,0.0,12.01,D-1,True,2554
BYAH,NASDAQ,ELIGIBLE,2.77,416060.139,167207.5,1.0,0.4282,34.42,241.82,D-1,False,
BYD,NYSE,ELIGIBLE,71.23,76549246.237,1019495.4,1.0,0.8436,4.21,9.14,D-1,True,1161
BYDDY,OTC,NOT_LISTED_EXCHANGE,,,,,,,,UNMEASURED,False,
BYFC,NASDAQ,ELIGIBLE,11.91,25467.519510000002,2121.75,1.0,0.0,,151.13,D-1,False,
BYLD,ARCA,FUND_ETF_ETN,,,,,,,,UNMEASURED,False,
BYND,NASDAQ,ELIGIBLE,8.35,14364195.8325,1344694.7,1.0,0.9897,17.4,23.48,D-1,True,2372
BYRE,ARCA,FUND_ETF_ETN,,,,,,,,UNMEASURED,False,
BYRN,NASDAQ,ELIGIBLE,3.49,1168137.55525,324299.4,1.0,0.3308,0.0,57.72,D-1,True,3854
BYSI,NASDAQ,ELIGIBLE,0.7772,58472.90857000001,80384.05,1.0,0.0385,0.0,134.45,D-1,False,
BZ,NASDAQ,ELIGIBLE,14.11,143060029.376,9065134.8,1.0,0.9872,5.65,7.04,D-1,True,788
BZAI,NASDAQ,ELIGIBLE,0.5139,1691017.015245,3076356.95,1.0,0.759,1.98,29.62,D-1,False,
BZAIW,NASDAQ,WARRANT,,,,,,,,UNMEASURED,False,
BZFD,NASDAQ,ELIGIBLE,1.04,387363.446,343442.3,1.0,0.3231,0.0,96.16,D-1,False,
BZFDW,NASDAQ,WARRANT,,,,,,,,UNMEASURED,False,
BZH,NYSE,ELIGIBLE,33.37,22382394.8745,672480.75,1.0,0.859,1.5,3.0,D-1,True,2068
BZLFY,OTC,NOT_LISTED_EXCHANGE,,,,,,,,UNMEASURED,False,
BZQ,ARCA,FUND_ETF_ETN,,,,,,,,UNMEASURED,False,
BZUN,NASDAQ,ELIGIBLE,2.94,549574.2585,191454.25,1.0,0.4,0.0,33.73,D-1,False,
BZZ,BATS,FUND_ETF_ETN,,,,,,,,UNMEASURED,False,
C,NYSE,ELIGIBLE,134.28,1310386974.83,9744432.4,1.0,1.0,6.69,3.0,D-1,True,82
C.PRN,NYSE,MALFORMED_OR_NON_COMMON_SYMBOL,,,,,,,,UNMEASURED,False,
C.PRR,NYSE,MALFORMED_OR_NON_COMMON_SYMBOL,,,,,,,,UNMEASURED,False,
CAAA,ARCA,FUND_ETF_ETN,,,,,,,,UNMEASURED,False,
CAAP,NYSE,ELIGIBLE,23.88,4952673.617000001,206620.45,1.0,0.3538,0.0,31.53,D-1,True,3051
CAAS,NASDAQ,ELIGIBLE,4.8608,112270.79884999999,21315.45,1.0,0.0513,0.0,261.31,D-1,False,
CABA,NASDAQ,ELIGIBLE,2.07,16968156.63525,6056924.7,1.0,0.9385,23.83,47.5,D-1,True,2251
CABGY,OTC,NOT_LISTED_EXCHANGE,,,,,,,,UNMEASURED,False,
CABO,NYSE,ELIGIBLE,14.65,6532215.6415,315469.05,1.0,0.5051,6.55,116.27,D-1,True,2882
CABR,NASDAQ,ELIGIBLE,1.2369,52024.187395,38900.95,1.0,0.0282,0.0,253.16,D-1,False,
CABZ,BATS,FUND_ETF_ETN,,,,,,,,UNMEASURED,False,
CAC,NASDAQ,ELIGIBLE,57.82,5521091.6425,96324.6,1.0,0.1282,2.6,74.33,D-1,True,2992
CACC,NASDAQ,ELIGIBLE,555.68,72742692.5725,124541.9,1.0,0.5231,3.57,27.89,D-1,True,1205
CACI,NYSE,ELIGIBLE,618.32,162832869.961,260740.35,1.0,0.7231,3.32,37.98,D-1,True,725
CADL,NASDAQ,ELIGIBLE,11.02,13914486.84375,1205899.4,1.0,0.7615,8.79,31.25,D-1,True,2392
CAE,NASDAQ,ELIGIBLE,24.86,24052406.1695,996750.15,1.0,0.8795,3.76,8.09,D-1,True,2025
CAES,NASDAQ,ELIGIBLE,10.06,148055.09105,14693.05,1.0,0.0,,,UNMEASURED,False,
CAF,NYSE,FUND_ETF_ETN,,,,,,,,UNMEASURED,False,
CAFG,NASDAQ,FUND_ETF_ETN,,,,,,,,UNMEASURED,False,
CAFX,ARCA,FUND_ETF_ETN,,,,,,,,UNMEASURED,False,
CAG,NYSE,ELIGIBLE,14.32,166975752.194,11001033.15,1.0,0.9974,7.0,6.96,D-1,True,711
CAGE,ARCA,FUND_ETF_ETN,,,,,,,,UNMEASURED,False,
CAH,NYSE,ELIGIBLE,220.22,420823643.40749997,1819155.4,1.0,0.9308,4.75,10.91,D-1,True,294
CAI,NASDAQ,ELIGIBLE,31.98,150025651.1345,5339904.25,1.0,1.0,9.38,9.34,D-1,True,763
CAIE,ARCA,FUND_ETF_ETN,,,,,,,,UNMEASURED,False,
CAII,NASDAQ,ELIGIBLE,9.99,334994.618645,33563.6,1.0,0.0026,10.01,29.99,D-1,False,
CAIIU,NASDAQ,UNIT,,,,,,,,UNMEASURED,False,
CAIIW,NASDAQ,WARRANT,,,,,,,,UNMEASURED,False,
CAIQ,NASDAQ,FUND_ETF_ETN,,,,,,,,UNMEASURED,False,
CAJPY,OTC,NOT_TRADABLE,,,,,,,,UNMEASURED,False,
CAKE,NASDAQ,ELIGIBLE,104.49,145139792.2615,1401197.9,1.0,0.8949,6.75,26.54,D-1,True,778
CAL,NYSE,ELIGIBLE,12.52,7570748.217,621294.6,1.0,0.6385,0.0,20.04,D-1,True,2793
CALA,OTC,NOT_TRADABLE,,,,,,,,UNMEASURED,False,
CALC,NASDAQ,ELIGIBLE,1.75,191361.31910000002,92911.45,1.0,0.1333,0.0,249.12,D-1,False,
CALF,BATS,FUND_ETF_ETN,,,,,,,,UNMEASURED,False,
CALI,NASDAQ,FUND_ETF_ETN,,,,,,,,UNMEASURED,False,
CALM,NASDAQ,ELIGIBLE,67.43,72179862.338,976880.7,1.0,0.9205,5.94,17.0,D-1,True,1212
CALX,NYSE,ELIGIBLE,33.14,37977427.954,1070188.9,1.0,0.8462,3.0,8.96,D-1,True,1695
CALY,NYSE,ELIGIBLE,14.44,31005121.8305,2062456.95,1.0,0.9282,3.48,6.96,D-1,True,1833
CAM,ARCA,FUND_ETF_ETN,,,,,,,,UNMEASURED,False,
CAMC,BATS,FUND_ETF_ETN,,,,,,,,UNMEASURED,False,
CAML,ARCA,FUND_ETF_ETN,,,,,,,,UNMEASURED,False,
CAMP,NASDAQ,ELIGIBLE,3.92,1209769.3105000001,289295.45,1.0,0.2154,0.0,181.62,D-1,True,3833
CAMT,NASDAQ,ELIGIBLE,147.05,53113978.505,375949.5,1.0,0.641,0.0,47.22,D-1,True,1445
CAMX,ARCA,FUND_ETF_ETN,,,,,,,,UNMEASURED,False,
CAN,NASDAQ,ELIGIBLE,0.3772,5939198.007065,16565483.05,1.0,0.9744,10.56,23.52,D-1,False,
CANC,NASDAQ,FUND_ETF_ETN,,,,,,,,UNMEASURED,False,
CANE,ARCA,FUND_ETF_ETN,,,,,,,,UNMEASURED,False,
CANF,AMEX,ELIGIBLE,2.162,2577343.6307,1093281.65,1.0,0.0615,0.0,160.81,D-1,True,3406
CANG,NYSE,ELIGIBLE,1.91,1119707.9255000001,522534.65,1.0,0.2821,0.0,102.7,D-1,True,3870
CANQ,NASDAQ,FUND_ETF_ETN,,,,,,,,UNMEASURED,False,
CAOS,BATS,FUND_ETF_ETN,,,,,,,,UNMEASURED,False,
CAPA,BATS,FUND_ETF_ETN,,,,,,,,UNMEASURED,False,
CAPE,ARCA,FUND_ETF_ETN,,,,,,,,UNMEASURED,False,
CAPL,NYSE,UNIT,,,,,,,,UNMEASURED,False,
CAPN,NASDAQ,ELIGIBLE,11.25,26872.554210000002,2388.05,1.0,0.0,,,UNMEASURED,False,
CAPNR,NASDAQ,RIGHT,,,,,,,,UNMEASURED,False,
CAPNU,NASDAQ,UNIT,,,,,,,,UNMEASURED,False,
CAPR,NASDAQ,ELIGIBLE,8.36,29982166.2005,3260590.35,1.0,0.9923,11.87,17.83,D-1,True,1853
CAPS,NASDAQ,ELIGIBLE,0.1634,1387732.440195,7216836.8,1.0,0.5333,12.18,159.8,D-1,False,
CAQ,NASDAQ,ELIGIBLE,10.0,177325.08729999998,17706.0,1.0,0.0026,0.0,,UNMEASURED,False,
CAQUU,NASDAQ,UNIT,,,,,,,,UNMEASURED,False,
CAQUW,NASDAQ,WARRANT,,,,,,,,UNMEASURED,False,
CAR,NASDAQ,ELIGIBLE,108.29,55866543.1625,452634.05,1.0,0.4872,1.65,47.7,D-1,True,1409
CARD,ARCA,FUND_ETF_ETN,,,,,,,,UNMEASURED,False,
CARE,NASDAQ,ELIGIBLE,30.31,8528055.5015,275943.15,1.0,0.3205,0.0,34.81,D-1,True,2715
CARG,NASDAQ,ELIGIBLE,31.3,38086208.3895,1144827.0,1.0,0.7641,3.18,11.05,D-1,True,1692
CARK,ARCA,FUND_ETF_ETN,,,,,,,,UNMEASURED,False,
CARL,NASDAQ,ELIGIBLE,15.1,1343287.5395,86248.2,1.0,0.1077,11.66,173.22,D-1,True,3769
CARM,OTC,NOT_TRADABLE,,,,,,,,UNMEASURED,False,
CARR,NYSE,ELIGIBLE,56.37,393160542.13850003,7003685.15,1.0,1.0,8.01,4.46,D-1,True,319
CARS,NYSE,ELIGIBLE,10.9,6645512.68,589326.3,1.0,0.6,0.0,23.13,D-1,True,2869
CART,NASDAQ,ELIGIBLE,43.19,188226894.5015,4021711.4,1.0,0.9846,5.81,3.46,D-1,True,647
CARU,ARCA,FUND_ETF_ETN,,,,,,,,UNMEASURED,False,
CARX,BATS,FUND_ETF_ETN,,,,,,,,UNMEASURED,False,
CARY,NASDAQ,FUND_ETF_ETN,,,,,,,,UNMEASURED,False,
CARZ,NASDAQ,FUND_ETF_ETN,,,,,,,,UNMEASURED,False,
CAS,ARCA,FUND_ETF_ETN,,,,,,,,UNMEASURED,False,
CASH,NASDAQ,ELIGIBLE,73.8,18963468.807,242394.65,1.0,0.3974,0.0,20.93,D-1,True,2186
CASIF,OTC,NOT_TRADABLE,,,,,,,,UNMEASURED,False,
CASS,NASDAQ,ELIGIBLE,54.13,4885943.2895,88486.6,1.0,0.1436,0.0,61.72,D-1,True,3062
CAST,NASDAQ,ELIGIBLE,1.19,1700246.02,1270451.5,1.0,0.5103,0.0,81.63,D-1,True,3638
CASY,NASDAQ,ELIGIBLE,598.46,485283172.239,758879.75,1.0,0.8769,5.35,19.09,D-1,True,246
CAT,NYSE,ELIGIBLE,821.58,1940968056.834,2418518.55,1.0,0.9974,7.06,6.82,D-1,True,52
CATF,ARCA,FUND_ETF_ETN,,,,,,,,UNMEASURED,False,
CATG,BATS,FUND_ETF_ETN,,,,,,,,UNMEASURED,False,
CATH,NASDAQ,FUND_ETF_ETN,,,,,,,,UNMEASURED,False,
CATL,NASDAQ,ELIGIBLE,9.8,693033.9842857142,70463.85714285714,0.35,0.0333,0.0,20.41,D-1,False,
CATLR,NASDAQ,RIGHT,,,,,,,,UNMEASURED,False,
CATLU,NASDAQ,UNIT,,,,,,,,UNMEASURED,False,
CATO,NYSE,ELIGIBLE,2.45,282156.4685,112213.6,1.0,0.1333,0.0,40.65,D-1,False,
CATX,AMEX,ELIGIBLE,2.52,6254340.1625,2179603.95,1.0,0.9231,20.02,40.41,D-1,True,2901
CATY,NASDAQ,ELIGIBLE,61.45,31947325.014999997,517540.95,1.0,0.6641,0.0,4.88,D-1,True,1805
CAUD,OTC,NOT_TRADABLE,,,,,,,,UNMEASURED,False,
CAUG,BATS,FUND_ETF_ETN,,,,,,,,UNMEASURED,False,
CAVA,NYSE,ELIGIBLE,51.58,194590330.5345,3567745.3,1.0,0.9923,13.23,12.41,D-1,True,634
CB,NYSE,ELIGIBLE,333.37,550958187.3269999,1623185.85,1.0,0.9974,3.59,3.59,D-1,True,214
CBAN,NYSE,ELIGIBLE,20.68,3117319.143,148379.95,1.0,0.3026,0.0,36.12,D-1,True,3307
CBAT,NASDAQ,ELIGIBLE,1.25,902168.1004000001,790286.9,1.0,0.6462,0.0,81.98,D-1,False,
CBC,NASDAQ,ELIGIBLE,32.06,53092422.58625,1662647.05,1.0,0.8308,1.56,6.23,D-1,True,1446
CBFV,NASDAQ,ELIGIBLE,37.05,174725.1895,4684.75,1.0,0.0077,0.0,140.76,D-1,False,
CBIL,BATS,FUND_ETF_ETN,,,,,,,,UNMEASURED,False,
CBIO,NASDAQ,ELIGIBLE,13.99,9470520.7175,541852.25,1.0,0.3897,0.0,81.66,D-1,True,2651
CBK,NASDAQ,ELIGIBLE,32.09,1459362.647,43820.6,1.0,0.0923,0.0,156.58,D-1,True,3711
CBL,NYSE,ELIGIBLE,51.91,14666784.6305,271467.55,1.0,0.3538,0.0,61.1,D-1,True,2360
CBLL,NASDAQ,ELIGIBLE,23.69,8342743.194500001,342634.75,1.0,0.4205,0.0,16.88,D-1,True,2733
CBLS,ARCA,FUND_ETF_ETN,,,,,,,,UNMEASURED,False,
CBNA,NYSE,ELIGIBLE,47.76,972768.8455,20799.05,1.0,0.0513,0.0,172.06,D-1,False,
CBNK,NASDAQ,ELIGIBLE,36.05,1824056.9940000002,50417.5,1.0,0.0949,0.0,59.52,D-1,True,3599
CBOA,BATS,FUND_ETF_ETN,,,,,,,,UNMEASURED,False,
CBOE,BATS,ELIGIBLE,258.03,295018893.945,1041362.45,1.0,0.9769,11.35,17.21,D-1,True,440
CBOJ,BATS,FUND_ETF_ETN,,,,,,,,UNMEASURED,False,
CBOL,BATS,FUND_ETF_ETN,,,,,,,,UNMEASURED,False,
CBON,ARCA,FUND_ETF_ETN,,,,,,,,UNMEASURED,False,
CBOO,BATS,FUND_ETF_ETN,,,,,,,,UNMEASURED,False,
CBOT,BATS,FUND_ETF_ETN,,,,,,,,UNMEASURED,False,
CBOX,BATS,FUND_ETF_ETN,,,,,,,,UNMEASURED,False,
CBOY,BATS,FUND_ETF_ETN,,,,,,,,UNMEASURED,False,
CBRE,NYSE,ELIGIBLE,134.55,277064830.80700004,1963127.5,1.0,0.9897,7.4,9.58,D-1,True,457
CBRG,BATS,FUND_ETF_ETN,,,,,,,,UNMEASURED,False,
CBRL,NASDAQ,ELIGIBLE,51.81,56326262.47775,1144122.15,1.0,0.9179,8.7,20.38,D-1,True,1405
CBRS,NASDAQ,ELIGIBLE,206.75,1143811539.5295,5842726.45,1.0,1.0,21.46,13.57,D-1,True,96
CBRX,BATS,FUND_ETF_ETN,,,,,,,,UNMEASURED,False,
CBRZ,BATS,FUND_ETF_ETN,,,,,,,,UNMEASURED,False,
CBSE,ARCA,FUND_ETF_ETN,,,,,,,,UNMEASURED,False,
CBSH,NASDAQ,ELIGIBLE,56.44,61974902.096,1079821.5,1.0,0.8513,1.78,2.67,D-1,True,1323
CBT,NYSE,ELIGIBLE,78.76,31358872.950999998,393753.9,1.0,0.5077,1.27,23.99,D-1,True,1821
CBTA,BATS,FUND_ETF_ETN,,,,,,,,UNMEASURED,False,
CBTJ,BATS,FUND_ETF_ETN,,,,,,,,UNMEASURED,False,
CBTL,BATS,FUND_ETF_ETN,,,,,,,,UNMEASURED,False,
CBTO,BATS,FUND_ETF_ETN,,,,,,,,UNMEASURED,False,
CBTY,BATS,FUND_ETF_ETN,,,,,,,,UNMEASURED,False,
CBU,NYSE,ELIGIBLE,61.57,18399730.8275,295878.65,1.0,0.4487,0.0,11.85,D-1,True,2206
CBUS,NASDAQ,ELIGIBLE,1.52,161460.95575000002,102624.25,1.0,0.1538,0.0,165.01,D-1,False,
CBXA,BATS,FUND_ETF_ETN,,,,,,,,UNMEASURED,False,
CBXJ,BATS,FUND_ETF_ETN,,,,,,,,UNMEASURED,False,
CBXL,BATS,FUND_ETF_ETN,,,,,,,,UNMEASURED,False,
CBXO,BATS,FUND_ETF_ETN,,,,,,,,UNMEASURED,False,
CBXY,BATS,FUND_ETF_ETN,,,,,,,,UNMEASURED,False,
CBZ,NYSE,ELIGIBLE,54.68,60441881.83400001,1106694.25,1.0,0.6282,0.0,1.83,D-1,True,1349
CC,NYSE,ELIGIBLE,14.46,27084995.089999996,1818865.9,1.0,0.9205,6.92,10.41,D-1,True,1926
CCAP,NASDAQ,ELIGIBLE,9.57,2933668.3435,291814.8,1.0,0.359,0.0,31.48,D-1,True,3340
CCAQ,NASDAQ,ELIGIBLE,10.69,11434.49825,1077.35,1.0,0.0,,198.39,D-1,False,
CCAQU,NASDAQ,UNIT,,,,,,,,UNMEASURED,False,
CCAQW,NASDAQ,WARRANT,,,,,,,,UNMEASURED,False,
CCB,NASDAQ,ELIGIBLE,44.82,8446974.287,180029.8,1.0,0.3538,0.0,62.47,D-1,True,2722
CCBG,NASDAQ,ELIGIBLE,49.86,3830280.4865,76121.0,1.0,0.1026,0.0,53.52,D-1,True,3204
CCC,NASDAQ,ELIGIBLE,6.9,81212409.25,11899223.75,1.0,1.0,14.5,14.66,D-1,True,1125
CCCC,NASDAQ,ELIGIBLE,2.98,6924941.4865,2009268.25,1.0,0.9615,16.76,33.96,D-1,True,2841
CCCT,NASDAQ,ELIGIBLE,9.84,495327.16125,50344.95,1.0,0.0,,,UNMEASURED,False,
CCCTU,NASDAQ,UNIT,,,,,,,,UNMEASURED,False,
CCCTW,NASDAQ,WARRANT,,,,,,,,UNMEASURED,False,
CCD,NASDAQ,FUND_ETF_ETN,,,,,,,,UNMEASURED,False,
CCEC,NASDAQ,ELIGIBLE,21.75,95016.01926,4279.65,1.0,0.0128,0.0,441.35,D-1,False,
CCEF,ARCA,FUND_ETF_ETN,,,,,,,,UNMEASURED,False,
CCEL,AMEX,ELIGIBLE,4.24,59623.964179999995,14028.45,1.0,0.0,,334.95,D-1,False,
CCEP,NASDAQ,ELIGIBLE,101.73,184148932.407,1785385.65,1.0,0.8897,2.49,5.45,D-1,True,665
CCFE,NASDAQ,FUND_ETF_ETN,,,,,,,,UNMEASURED,False,
CCG,NASDAQ,ELIGIBLE,11.3,506563.78831000003,36716.25,1.0,0.0615,0.0,451.43,D-1,False,
CCGWW,NASDAQ,WARRANT,,,,,,,,UNMEASURED,False,
CCHH,NASDAQ,ELIGIBLE,1.0,48743.34375,43567.8,1.0,0.0538,0.0,635.4,D-1,False,
CCI,NYSE,ELIGIBLE,67.84,256004525.45749998,3483004.25,1.0,0.9923,6.61,7.42,D-1,True,502
CCID,NYSE,FUND_ETF_ETN,,,,,,,,UNMEASURED,False,
CCIF,NYSE,FUND_ETF_ETN,,,,,,,,UNMEASURED,False,
CCII,NASDAQ,ELIGIBLE,10.3,1112954.05476,107852.9,1.0,0.0,,,UNMEASURED,True,3872
CCIIU,NASDAQ,UNIT,,,,,,,,UNMEASURED,False,
CCIIW,NASDAQ,WARRANT,,,,,,,,UNMEASURED,False,
CCJ,NYSE,ELIGIBLE,88.07,273953024.0115,2890197.35,1.0,0.9872,6.81,11.34,D-1,True,463
CCK,NYSE,ELIGIBLE,108.06,110086453.10550001,988056.3,1.0,0.8487,4.41,13.23,D-1,True,937
CCL,NYSE,ELIGIBLE,22.25,517664407.822,22790728.85,1.0,1.0,11.17,4.53,D-1,True,233
CCLD,NASDAQ,ELIGIBLE,2.05,707639.159,316828.5,1.0,0.2436,0.0,48.43,D-1,False,
CCM,NYSE,ELIGIBLE,3.6,93461.5115,21373.95,1.0,0.0333,0.0,617.91,D-1,False,
CCML,NASDAQ,FUND_ETF_ETN,,,,,,,,UNMEASURED,False,
CCNE,NASDAQ,ELIGIBLE,34.09,5207328.2865,152507.9,1.0,0.2564,0.0,30.85,D-1,True,3022
CCNEP,NASDAQ,PREFERRED,,,,,,,,UNMEASURED,False,
CCNR,NASDAQ,FUND_ETF_ETN,,,,,,,,UNMEASURED,False,
CCO,NYSE,ELIGIBLE,2.36,10289206.257,4342278.15,1.0,0.7513,21.1,42.28,D-1,True,2599
CCOI,NASDAQ,ELIGIBLE,7.69,20518108.2295,2251385.05,1.0,0.9513,12.73,19.43,D-1,True,2132
CCOM,ARCA,FUND_ETF_ETN,,,,,,,,UNMEASURED,False,
CCOR,ARCA,NOT_SEC_REGISTRANT_TICKER,,,,,,,,UNMEASURED,False,
CCPX,BATS,FUND_ETF_ETN,,,,,,,,UNMEASURED,False,
CCRP,ARCA,FUND_ETF_ETN,,,,,,,,UNMEASURED,False,
CCS,NYSE,ELIGIBLE,62.66,18319281.36,292981.75,1.0,0.3769,0.0,46.05,D-1,True,2210
CCSB,NASDAQ,FUND_ETF_ETN,,,,,,,,UNMEASURED,False,
CCSI,NASDAQ,ELIGIBLE,35.22,5857577.049500001,162769.75,1.0,0.1974,0.0,99.38,D-1,True,2959
CCSO,NASDAQ,FUND_ETF_ETN,,,,,,,,UNMEASURED,False,
CCTG,NASDAQ,ELIGIBLE,0.515,38217.867385000005,65074.2,1.0,0.1436,2.74,458.41,D-1,False,
CCTSF,OTC,NOT_TRADABLE,,,,,,,,UNMEASURED,False,
CCU,NYSE,ELIGIBLE,11.0,1439647.9855,124741.65,1.0,0.3154,0.0,81.61,D-1,True,3724
CCUP,BATS,FUND_ETF_ETN,,,,,,,,UNMEASURED,False,
CCXI,NASDAQ,ELIGIBLE,12.43,25763415.6565,2019444.05,1.0,0.7821,7.8,20.5,D-1,True,1965
CCXIU,NASDAQ,UNIT,,,,,,,,UNMEASURED,False,
CCXIW,NASDAQ,WARRANT,,,,,,,,UNMEASURED,False,
CCZ,NYSE,NOTE_DEBT,,,,,,,,UNMEASURED,False,
CD,NASDAQ,ELIGIBLE,5.33,825077.3815,228258.5,1.0,0.3205,0.0,156.06,D-1,False,
CDAKQ,OTC,NOT_TRADABLE,,,,,,,,UNMEASURED,False,
CDAQF,OTC,NOT_TRADABLE,,,,,,,,UNMEASURED,False,
CDAUF,OTC,NOT_TRADABLE,,,,,,,,UNMEASURED,False,
CDC,NASDAQ,FUND_ETF_ETN,,,,,,,,UNMEASURED,False,
CDE,NYSE,ELIGIBLE,19.22,688059099.118,34166098.85,1.0,1.0,12.95,5.21,D-1,True,168
CDEI,ARCA,FUND_ETF_ETN,,,,,,,,UNMEASURED,False,
CDIG,NASDAQ,FUND_ETF_ETN,,,,,,,,UNMEASURED,False,
CDIO,NASDAQ,ELIGIBLE,1.95,65948.961,33721.0,1.0,0.2641,0.0,194.14,D-1,False,
CDIOW,NASDAQ,WARRANT,,,,,,,,UNMEASURED,False,
CDL,NASDAQ,FUND_ETF_ETN,,,,,,,,UNMEASURED,False,
CDLR,NYSE,ELIGIBLE,23.51,1564020.6925000001,62638.35,1.0,0.3641,0.0,25.57,D-1,True,3681
CDLX,NASDAQ,ELIGIBLE,3.3,144773.4915,37068.65,1.0,0.0718,0.0,289.02,D-1,False,
CDNA,NASDAQ,ELIGIBLE,63.68,68611026.2595,1271274.8,1.0,0.9923,17.09,13.38,D-1,True,1252
CDNG,BATS,FUND_ETF_ETN,,,,,,,,UNMEASURED,False,
CDNL,NASDAQ,ELIGIBLE,28.02,19755256.6525,597172.95,1.0,0.7308,3.65,52.38,D-1,True,2157
CDNS,NASDAQ,ELIGIBLE,326.13,796601281.02175,2676005.3,1.0,1.0,7.4,6.15,D-1,True,148
CDP,NYSE,ELIGIBLE,33.88,32129358.175,920222.4,1.0,0.7154,1.48,10.42,D-1,True,1802
CDPI,ARCA,FUND_ETF_ETN,,,,,,,,UNMEASURED,False,
CDR.PRB,NYSE,MALFORMED_OR_NON_COMMON_SYMBOL,,,,,,,,UNMEASURED,False,
CDR.PRC,NYSE,MALFORMED_OR_NON_COMMON_SYMBOL,,,,,,,,UNMEASURED,False,
CDRE,NYSE,ELIGIBLE,26.39,12931603.178,469292.9,1.0,0.5872,0.95,38.16,D-1,True,2442
CDRO,NASDAQ,ELIGIBLE,10.01,327343.2365,35371.95,1.0,0.4718,0.0,193.12,D-1,False,
CDROW,NASDAQ,WARRANT,,,,,,,,UNMEASURED,False,
CDT,NASDAQ,ELIGIBLE,0.08,1989165.20845,8099921.65,1.0,0.9641,44.37,48.83,D-1,False,
CDTG,NASDAQ,ELIGIBLE,1.23,7924664.126455,5910385.35,1.0,0.2897,0.0,138.5,D-1,True,2766
CDTTW,NASDAQ,WARRANT,,,,,,,,UNMEASURED,False,
CDW,NASDAQ,ELIGIBLE,135.43,237375821.90399998,1607017.65,1.0,0.8564,5.43,23.55,D-1,True,536
CDX,ARCA,FUND_ETF_ETN,,,,,,,,UNMEASURED,False,
CDXS,NASDAQ,ELIGIBLE,1.32,1261783.7125,881405.05,1.0,0.6923,0.0,73.28,D-1,True,3807
CDZI,NASDAQ,ELIGIBLE,3.65,3280553.18125,861871.7,1.0,0.6077,0.0,27.17,D-1,True,3281
CDZIP,NASDAQ,DEPOSITARY_NON_ADR,,,,,,,,UNMEASURED,False,
CE,NYSE,ELIGIBLE,47.09,91590757.181,1989959.45,1.0,0.9205,6.28,10.46,D-1,True,1043
CEAYY,OTC,NOT_TRADABLE,,,,,,,,UNMEASURED,False,
CECO,NASDAQ,ELIGIBLE,73.5,53457355.4975,738240.05,1.0,0.6179,1.36,37.96,D-1,True,1440
CEE,NYSE,FUND_ETF_ETN,,,,,,,,UNMEASURED,False,
CEF,ARCA,ELIGIBLE,43.51,22776847.5925,517299.8,1.0,0.8769,2.3,4.61,D-1,True,2058
CEFA,NASDAQ,FUND_ETF_ETN,,,,,,,,UNMEASURED,False,
CEFD,ARCA,FUND_ETF_ETN,,,,,,,,UNMEASURED,False,
CEFS,BATS,FUND_ETF_ETN,,,,,,,,UNMEASURED,False,
CEFZ,BATS,FUND_ETF_ETN,,,,,,,,UNMEASURED,False,
CEG,NASDAQ,ELIGIBLE,263.27,789272004.85025,2890791.25,1.0,0.9974,9.17,10.68,D-1,True,150
CEGX,BATS,FUND_ETF_ETN,,,,,,,,UNMEASURED,False,
CEIN,OTC,NOT_TRADABLE,,,,,,,,UNMEASURED,False,
CELC,NASDAQ,ELIGIBLE,79.52,75352936.25299999,875020.95,1.0,0.7333,3.83,14.01,D-1,True,1170
CELG.RT,NYSE,MALFORMED_OR_NON_COMMON_SYMBOL,,,,,,,,UNMEASURED,False,
CELH,NASDAQ,ELIGIBLE,27.99,211878071.9595,7309301.7,1.0,1.0,8.97,3.58,D-1,True,594
CELU,NASDAQ,ELIGIBLE,1.38,1953223.402,1200865.95,1.0,0.3077,0.0,74.07,D-1,True,3565
CELZ,NASDAQ,ELIGIBLE,1.03,1262891.4012149998,1263793.95,1.0,0.2974,0.0,146.99,D-1,True,3805
CEMB,BATS,FUND_ETF_ETN,,,,,,,,UNMEASURED,False,
CENN,NASDAQ,ELIGIBLE,4.4411,86836.414355,21029.8,1.0,0.0256,0.0,,UNMEASURED,False,
CENT,NASDAQ,ELIGIBLE,39.51,3514558.3729999997,86054.15,1.0,0.1744,0.0,32.97,D-1,True,3242
CENTA,NASDAQ,ELIGIBLE,34.06,11189466.1785,317652.3,1.0,0.3872,0.0,10.28,D-1,True,2540
CENX,NASDAQ,ELIGIBLE,38.39,67349692.28975001,1574971.9,1.0,0.8564,5.21,11.75,D-1,True,1262
CEPF,NASDAQ,ELIGIBLE,10.3,950872.04075,92083.05,1.0,0.0256,0.0,9.72,D-1,False,
CEPI,NASDAQ,FUND_ETF_ETN,,,,,,,,UNMEASURED,False,
CEPL,NASDAQ,ELIGIBLE,4.71,3326140.0475000003,565383.3,1.0,0.6282,0.0,113.57,D-1,True,3272
CEPO,NASDAQ,ELIGIBLE,10.765,1088961.9895,101181.75,1.0,0.0128,0.0,9.29,D-1,True,3888
CEPS,NASDAQ,ELIGIBLE,10.3,62651.35400000001,6059.75,1.0,0.0,,,UNMEASURED,False,
CEPU,NYSE,ELIGIBLE,13.18,3613764.5105000003,261211.05,1.0,0.3744,0.0,41.61,D-1,True,3224
CEPV,NASDAQ,ELIGIBLE,10.36,14903.7255,1436.7,1.0,0.0,,,UNMEASURED,False,
CERO,OTC,NOT_TRADABLE,,,,,,,,UNMEASURED,False,
CEROW,OTC,NOT_TRADABLE,,,,,,,,UNMEASURED,False,
CERS,NASDAQ,ELIGIBLE,2.62,4331502.384000001,1665433.4,1.0,0.9,19.24,38.75,D-1,True,3138
CERT,NASDAQ,ELIGIBLE,9.11,19892669.171,2398046.4,1.0,0.9718,5.59,11.16,D-1,True,2150
CERY,ARCA,FUND_ETF_ETN,,,,,,,,UNMEASURED,False,
CET,AMEX,ELIGIBLE,56.39,1384229.042835,24924.95,1.0,0.0821,0.0,92.92,D-1,True,3748
CETX,NASDAQ,ELIGIBLE,2.03,117544.55425,51981.85,1.0,0.141,0.0,265.29,D-1,False,
CETXP,OTC,NOT_TRADABLE,,,,,,,,UNMEASURED,False,
CETY,NASDAQ,ELIGIBLE,0.98,26551.024729999997,25525.4,1.0,0.0051,122.17,886.7,D-1,False,
CEV,AMEX,ELIGIBLE,9.99,291974.60699999996,28666.35,1.0,0.0487,0.0,209.06,D-1,False,
CEVA,NASDAQ,ELIGIBLE,36.2,18574528.2275,631802.25,1.0,0.9051,8.52,29.18,D-1,True,2200
CEW,ARCA,FUND_ETF_ETN,,,,,,,,UNMEASURED,False,
CF,NYSE,ELIGIBLE,114.67,359973845.6915,2759192.95,1.0,0.9667,6.9,14.66,D-1,True,353
CFA,NASDAQ,FUND_ETF_ETN,,,,,,,,UNMEASURED,False,
CFBK,NASDAQ,ELIGIBLE,34.51,1221458.2305,34983.5,1.0,0.2205,0.0,39.12,D-1,True,3826
CFEIY,OTC,NOT_TRADABLE,,,,,,,,UNMEASURED,False,
CFFI,NASDAQ,ELIGIBLE,93.6,7074039.1455,75887.05,1.0,0.1103,0.0,52.27,D-1,True,2828
CFFN,NASDAQ,ELIGIBLE,8.68,8346431.7475,949452.45,1.0,0.8462,0.0,11.49,D-1,True,2732
CFG,NYSE,ELIGIBLE,65.53,261622289.62550002,3841530.3,1.0,1.0,4.61,3.08,D-1,True,492
CFG.PRE,NYSE,MALFORMED_OR_NON_COMMON_SYMBOL,,,,,,,,UNMEASURED,False,
CFG.PRH,NYSE,MALFORMED_OR_NON_COMMON_SYMBOL,,,,,,,,UNMEASURED,False,
CFG.PRI,NYSE,MALFORMED_OR_NON_COMMON_SYMBOL,,,,,,,,UNMEASURED,False,
CFIT,BATS,FUND_ETF_ETN,,,,,,,,UNMEASURED,False,
CFND,NYSE,FUND_ETF_ETN,,,,,,,,UNMEASURED,False,
CFO,NASDAQ,FUND_ETF_ETN,,,,,,,,UNMEASURED,False,
CFR,NYSE,ELIGIBLE,157.42,85698167.888,534598.3,1.0,0.5949,1.9,18.29,D-1,True,1087
CFR.PRB,NYSE,MALFORMED_OR_NON_COMMON_SYMBOL,,,,,,,,UNMEASURED,False,
CFRUY,OTC,NOT_LISTED_EXCHANGE,,,,,,,,UNMEASURED,False,
CFTR.PRA,NYSE,MALFORMED_OR_NON_COMMON_SYMBOL,,,,,,,,UNMEASURED,False,
CG,NASDAQ,ELIGIBLE,40.03,139239558.42049998,3259396.5,1.0,0.9769,5.04,7.56,D-1,True,807
CGABL,NASDAQ,NOTE_DEBT,,,,,,,,UNMEASURED,False,
CGAU,NYSE,ELIGIBLE,22.56,28613751.5685,1262061.5,1.0,0.9026,4.41,4.42,D-1,True,1892
CGBD,NASDAQ,ELIGIBLE,11.25,4447484.915,385995.45,1.0,0.5051,0.0,8.96,D-1,True,3117
CGBL,ARCA,FUND_ETF_ETN,,,,,,,,UNMEASURED,False,
CGBSF,OTC,NOT_TRADABLE,,,,,,,,UNMEASURED,False,
CGC,NASDAQ,ELIGIBLE,0.9415,2090434.9553750001,2189962.05,1.0,0.7385,2.12,49.63,D-1,False,
CGCB,ARCA,FUND_ETF_ETN,,,,,,,,UNMEASURED,False,
CGCF,NASDAQ,ELIGIBLE,9.81,262204.71418500005,26722.5,1.0,0.0,,,UNMEASURED,False,
CGCFU,NASDAQ,UNIT,,,,,,,,UNMEASURED,False,
CGCFW,NASDAQ,WARRANT,,,,,,,,UNMEASURED,False,
CGCP,ARCA,FUND_ETF_ETN,,,,,,,,UNMEASURED,False,
CGCV,ARCA,FUND_ETF_ETN,,,,,,,,UNMEASURED,False,
CGDG,ARCA,FUND_ETF_ETN,,,,,,,,UNMEASURED,False,
CGDV,ARCA,FUND_ETF_ETN,,,,,,,,UNMEASURED,False,
CGEM,NASDAQ,ELIGIBLE,14.81,23284349.1875,1185544.0,1.0,0.9769,13.19,13.43,D-1,True,2045
CGEN,NASDAQ,ELIGIBLE,2.38,457809.63899999997,184133.3,1.0,0.1718,0.0,42.11,D-1,False,
CGFS,BATS,FUND_ETF_ETN,,,,,,,,UNMEASURED,False,
CGGE,ARCA,FUND_ETF_ETN,,,,,,,,UNMEASURED,False,
CGGG,ARCA,FUND_ETF_ETN,,,,,,,,UNMEASURED,False,
CGGO,ARCA,FUND_ETF_ETN,,,,,,,,UNMEASURED,False,
CGGR,ARCA,FUND_ETF_ETN,,,,,,,,UNMEASURED,False,
CGHM,ARCA,FUND_ETF_ETN,,,,,,,,UNMEASURED,False,
CGHY,ARCA,FUND_ETF_ETN,,,,,,,,UNMEASURED,False,
CGIB,ARCA,FUND_ETF_ETN,,,,,,,,UNMEASURED,False,
CGIC,ARCA,FUND_ETF_ETN,,,,,,,,UNMEASURED,False,
CGIE,ARCA,FUND_ETF_ETN,,,,,,,,UNMEASURED,False,
CGLD,OTC,NOT_TRADABLE,,,,,,,,UNMEASURED,False,
CGMM,ARCA,FUND_ETF_ETN,,,,,,,,UNMEASURED,False,
CGMS,ARCA,FUND_ETF_ETN,,,,,,,,UNMEASURED,False,
CGMU,ARCA,FUND_ETF_ETN,,,,,,,,UNMEASURED,False,
CGNG,ARCA,FUND_ETF_ETN,,,,,,,,UNMEASURED,False,
CGNT,NASDAQ,ELIGIBLE,8.52,5819530.3955,690782.45,1.0,0.6769,0.0,17.51,D-1,True,2963
CGNX,NASDAQ,ELIGIBLE,58.66,91647445.70750001,1516308.95,1.0,0.9897,6.83,12.04,D-1,True,1042
CGO,NASDAQ,FUND_ETF_ETN,,,,,,,,UNMEASURED,False,
CGON,NASDAQ,ELIGIBLE,67.15,65814388.19450001,892861.3,1.0,0.8154,5.94,32.08,D-1,True,1277
CGOV,BATS,FUND_ETF_ETN,,,,,,,,UNMEASURED,False,
CGPT,NASDAQ,FUND_ETF_ETN,,,,,,,,UNMEASURED,False,
CGRO,ARCA,FUND_ETF_ETN,,,,,,,,UNMEASURED,False,
CGSD,ARCA,FUND_ETF_ETN,,,,,,,,UNMEASURED,False,
CGSM,ARCA,FUND_ETF_ETN,,,,,,,,UNMEASURED,False,
CGTL,NASDAQ,ELIGIBLE,4.11,204732.38999999998,49735.35,1.0,0.0821,0.0,871.79,D-1,False,
CGTX,NASDAQ,ELIGIBLE,0.9365,403331.80747500004,400581.25,1.0,0.4359,0.0,67.82,D-1,False,
CGUI,ARCA,FUND_ETF_ETN,,,,,,,,UNMEASURED,False,
CGUS,ARCA,FUND_ETF_ETN,,,,,,,,UNMEASURED,False,
CGV,NYSE,FUND_ETF_ETN,,,,,,,,UNMEASURED,False,
CGVV,ARCA,FUND_ETF_ETN,,,,,,,,UNMEASURED,False,
CGW,ARCA,FUND_ETF_ETN,,,,,,,,UNMEASURED,False,
CGXU,ARCA,FUND_ETF_ETN,,,,,,,,UNMEASURED,False,
CHA,NASDAQ,ELIGIBLE,11.41,17535007.408,1473619.85,1.0,0.7333,0.0,17.59,D-1,True,2235
CHAD,NASDAQ,PREFERRED,,,,,,,,UNMEASURED,False,
CHAI,NASDAQ,ELIGIBLE,0.272,6496642.382875001,16509305.55,1.0,0.2897,0.0,199.07,D-1,False,
CHAR,NASDAQ,ELIGIBLE,10.99,107567.80350000001,9805.6,1.0,0.0154,0.0,,UNMEASURED,False,
CHARR,NASDAQ,RIGHT,,,,,,,,UNMEASURED,False,
CHARU,NASDAQ,UNIT,,,,,,,,UNMEASURED,False,
CHAT,ARCA,FUND_ETF_ETN,,,,,,,,UNMEASURED,False,
CHAU,ARCA,FUND_ETF_ETN,,,,,,,,UNMEASURED,False,
CHCI,NASDAQ,ELIGIBLE,19.33,1024650.939,50475.9,1.0,0.1,0.0,189.07,D-1,True,3915
CHCO,NASDAQ,ELIGIBLE,141.97,18634696.0595,130478.2,1.0,0.1974,0.0,36.33,D-1,True,2199
CHCT,NYSE,ELIGIBLE,14.41,5691616.009000001,390490.65,1.0,0.4436,0.0,17.54,D-1,True,2976
CHD,NYSE,ELIGIBLE,96.38,173620987.573,1801182.65,1.0,0.8897,2.6,6.78,D-1,True,693
CHDG,BATS,FUND_ETF_ETN,,,,,,,,UNMEASURED,False,
CHDN,NASDAQ,ELIGIBLE,79.77,90884969.824,1085533.1,1.0,0.8103,2.52,15.12,D-1,True,1047
CHE,NYSE,ELIGIBLE,512.16,75833091.4695,148556.15,1.0,0.6205,0.96,33.67,D-1,True,1167
CHEC,NASDAQ,ELIGIBLE,10.28,47360.2605,4614.5,1.0,0.0026,4.86,,UNMEASURED,False,
CHECU,NASDAQ,UNIT,,,,,,,,UNMEASURED,False,
CHECW,NASDAQ,WARRANT,,,,,,,,UNMEASURED,False,
CHEF,NASDAQ,ELIGIBLE,110.27,76692880.3655,689602.5,1.0,0.4641,0.91,28.73,D-1,True,1160
CHGA,NASDAQ,ELIGIBLE,2.1,1217718.7599,438470.65,1.0,0.0872,0.0,437.13,D-1,True,3828
CHGCY,OTC,NOT_LISTED_EXCHANGE,,,,,,,,UNMEASURED,False,
CHGG,NYSE,ELIGIBLE,0.7347,1081844.2920600001,1283776.55,1.0,0.4615,0.0,32.68,D-1,False,
CHGX,NASDAQ,FUND_ETF_ETN,,,,,,,,UNMEASURED,False,
CHH,NYSE,ELIGIBLE,101.81,57872464.0135,581162.05,1.0,0.6,0.74,42.47,D-1,True,1387
CHI,NASDAQ,FUND_ETF_ETN,,,,,,,,UNMEASURED,False,
CHIP,NASDAQ,FUND_ETF_ETN,,,,,,,,UNMEASURED,False,
CHIQ,ARCA,FUND_ETF_ETN,,,,,,,,UNMEASURED,False,
CHKP,NASDAQ,ELIGIBLE,131.24,164218749.998,1209622.55,1.0,0.8821,6.05,9.38,D-1,True,720
CHMG,NASDAQ,ELIGIBLE,82.0,6015228.09375,72173.85,1.0,0.1641,0.91,36.38,D-1,True,2933
CHMI,NYSE,ELIGIBLE,2.74,636787.8180000001,221714.0,1.0,0.3154,0.0,36.36,D-1,False,
CHMI.PRA,NYSE,MALFORMED_OR_NON_COMMON_SYMBOL,,,,,,,,UNMEASURED,False,
CHMI.PRB,NYSE,MALFORMED_OR_NON_COMMON_SYMBOL,,,,,,,,UNMEASURED,False,
CHNL,BATS,FUND_ETF_ETN,,,,,,,,UNMEASURED,False,
CHNR,NASDAQ,ELIGIBLE,4.08,21311.87042,5446.0,1.0,0.041,0.0,363.64,D-1,False,
CHNU,BATS,FUND_ETF_ETN,,,,,,,,UNMEASURED,False,
CHOW,AMEX,ELIGIBLE,0.668,496183.09336,834946.0,1.0,0.2103,0.0,112.96,D-1,False,
CHPG,NASDAQ,ELIGIBLE,10.45,95810.1975,9182.7,1.0,0.0026,0.0,9.57,D-1,False,
CHPGR,NASDAQ,RIGHT,,,,,,,,UNMEASURED,False,
CHPGU,NASDAQ,UNIT,,,,,,,,UNMEASURED,False,
CHPS,NASDAQ,FUND_ETF_ETN,,,,,,,,UNMEASURED,False,
CHPT,NYSE,ELIGIBLE,8.93,39615827.6555,4329051.1,1.0,0.9718,11.27,22.82,D-1,True,1668
CHPX,NASDAQ,FUND_ETF_ETN,,,,,,,,UNMEASURED,False,
CHPY,ARCA,FUND_ETF_ETN,,,,,,,,UNMEASURED,False,
CHR,NASDAQ,ELIGIBLE,1.66,59855.8855,36403.05,1.0,0.0974,0.0,265.41,D-1,False,
CHRA,OTC,NOT_TRADABLE,,,,,,,,UNMEASURED,False,
CHRD,NASDAQ,ELIGIBLE,136.27,103122373.34150001,706704.2,1.0,0.8436,3.64,18.35,D-1,True,974
CHRI,NASDAQ,FUND_ETF_ETN,,,,,,,,UNMEASURED,False,
CHRN,NASDAQ,ELIGIBLE,19.85,2717255.2285,139172.75,1.0,0.2769,0.0,277.47,D-1,True,3376
CHRS,NASDAQ,ELIGIBLE,1.13,1664051.4795,1273774.1,1.0,0.8077,0.0,86.21,D-1,True,3657
CHRW,NASDAQ,ELIGIBLE,147.1,211031347.86925,1398341.05,1.0,0.9103,4.44,8.71,D-1,True,599
CHSCL,NASDAQ,PREFERRED,,,,,,,,UNMEASURED,False,
CHSCM,NASDAQ,PREFERRED,,,,,,,,UNMEASURED,False,
CHSCN,NASDAQ,PREFERRED,,,,,,,,UNMEASURED,False,
CHSCO,NASDAQ,PREFERRED,,,,,,,,UNMEASURED,False,
CHSCP,NASDAQ,PREFERRED,,,,,,,,UNMEASURED,False,
CHSN,NASDAQ,NOT_TRADABLE,,,,,,,,UNMEASURED,False,
CHT,NYSE,ELIGIBLE,46.15,11220604.263,249397.4,1.0,0.3513,0.0,15.23,D-1,True,2535
CHTR,NASDAQ,ELIGIBLE,112.91,410987886.38699996,3045676.75,1.0,0.9872,10.42,7.0,D-1,True,306
CHTRP,NASDAQ,PREFERRED,,,,,,,,UNMEASURED,False,
CHW,NASDAQ,FUND_ETF_ETN,,,,,,,,UNMEASURED,False,
CHWY,NYSE,ELIGIBLE,18.27,224792894.03650004,10673924.35,1.0,1.0,10.82,5.41,D-1,True,557
CHY,NASDAQ,FUND_ETF_ETN,,,,,,,,UNMEASURED,False,
CHYG,BATS,FUND_ETF_ETN,,,,,,,,UNMEASURED,False,
CHYM,NASDAQ,ELIGIBLE,26.78,254355275.672,8056468.35,1.0,1.0,7.43,5.56,D-1,True,507
CI,NYSE,ELIGIBLE,272.01,418439095.263,1505128.3,1.0,0.9821,6.7,11.9,D-1,True,299
CIA,NYSE,ELIGIBLE,3.59,475452.6925,129819.75,1.0,0.2436,0.0,28.17,D-1,False,
CIB,NYSE,PREFERRED,,,,,,,,UNMEASURED,False,
CIBR,NASDAQ,FUND_ETF_ETN,,,,,,,,UNMEASURED,False,
CICB,NYSE,NOTE_DEBT,,,,,,,,UNMEASURED,False,
CICC,NYSE,NOTE_DEBT,,,,,,,,UNMEASURED,False,
CICHY,OTC,NOT_LISTED_EXCHANGE,,,,,,,,UNMEASURED,False,
CIEG,BATS,FUND_ETF_ETN,,,,,,,,UNMEASURED,False,
CIEI,BATS,FUND_ETF_ETN,,,,,,,,UNMEASURED,False,
CIEN,NYSE,ELIGIBLE,356.91,971908618.8735001,2827001.9,1.0,0.9974,13.38,14.37,D-1,True,107
CIEX,BATS,FUND_ETF_ETN,,,,,,,,UNMEASURED,False,
CIFC,BATS,FUND_ETF_ETN,,,,,,,,UNMEASURED,False,
CIFG,NASDAQ,FUND_ETF_ETN,,,,,,,,UNMEASURED,False,
CIFR,NASDAQ,ELIGIBLE,17.73,581638997.8252499,34121182.25,1.0,1.0,28.16,5.65,D-1,True,202
CIFU,BATS,FUND_ETF_ETN,,,,,,,,UNMEASURED,False,
CIG,NYSE,ELIGIBLE,2.06,11258754.8765,5273492.75,1.0,0.841,14.08,48.66,D-1,True,2533
CIG.C,NYSE,ELIGIBLE,3.31,6407.590330000001,1957.5,1.0,0.0051,0.0,1196.17,D-1,False,
CIGI,NASDAQ,ELIGIBLE,90.42,26151795.892500002,277674.7,1.0,0.4077,0.0,46.47,D-1,True,1955
CIGL,NASDAQ,ELIGIBLE,0.4,24771.649429999998,58343.2,1.0,0.0615,0.0,261.53,D-1,False,
CIHKY,OTC,NOT_LISTED_EXCHANGE,,,,,,,,UNMEASURED,False,
CII,NYSE,FUND_ETF_ETN,,,,,,,,UNMEASURED,False,
CIIT,NASDAQ,ELIGIBLE,2.75,140490.0055,54633.6,1.0,0.1128,0.0,459.31,D-1,False,
CIK,AMEX,FUND_ETF_ETN,,,,,,,,UNMEASURED,False,
CIM,NYSE,ELIGIBLE,10.34,13274797.3855,1203425.65,1.0,0.9359,4.85,9.71,D-1,True,2427
CIM.PRA,NYSE,MALFORMED_OR_NON_COMMON_SYMBOL,,,,,,,,UNMEASURED,False,
CIM.PRB,NYSE,MALFORMED_OR_NON_COMMON_SYMBOL,,,,,,,,UNMEASURED,False,
CIM.PRC,NYSE,MALFORMED_OR_NON_COMMON_SYMBOL,,,,,,,,UNMEASURED,False,
CIM.PRD,NYSE,MALFORMED_OR_NON_COMMON_SYMBOL,,,,,,,,UNMEASURED,False,
CIMG,OTC,NOT_TRADABLE,,,,,,,,UNMEASURED,False,
CIMN,NYSE,NOTE_DEBT,,,,,,,,UNMEASURED,False,
CIMO,NYSE,NOTE_DEBT,,,,,,,,UNMEASURED,False,
CIMP,NYSE,NOTE_DEBT,,,,,,,,UNMEASURED,False,
CINF,NASDAQ,ELIGIBLE,162.54,106770572.49149999,632337.9,1.0,0.5897,0.46,11.39,D-1,True,953
CING,NASDAQ,ELIGIBLE,4.83,505322.91475,98604.35,1.0,0.3231,0.0,99.06,D-1,False,
CINGW,NASDAQ,WARRANT,,,,,,,,UNMEASURED,False,
CINT,NYSE,ELIGIBLE,2.97,269148.87600000005,81538.45,1.0,0.0769,0.0,82.7,D-1,False,
CION,NYSE,ELIGIBLE,7.16,2497029.3725,344649.2,1.0,0.5205,0.0,14.0,D-1,True,3428
CIR,BATS,FUND_ETF_ETN,,,,,,,,UNMEASURED,False,
CIRC,NASDAQ,ELIGIBLE,0.342,250937.04932,487467.05,1.0,0.3359,0.0,209.16,D-1,False,
CISO,NASDAQ,ELIGIBLE,0.2411,38093.808515,159164.3,1.0,0.1051,0.0,336.7,D-1,False,
CISS,NASDAQ,ELIGIBLE,1.11,1583800.3495,1228910.6,1.0,0.2949,0.0,185.19,D-1,True,3676
CITR,AMEX,ELIGIBLE,4.32,215191.64899999998,43031.85,1.0,0.1154,0.0,401.76,D-1,False,
CIVB,NASDAQ,ELIGIBLE,27.06,4058219.8055,149003.4,1.0,0.3692,0.0,66.54,D-1,True,3168
CIVG,BATS,FUND_ETF_ETN,,,,,,,,UNMEASURED,False,
CIX,AMEX,ELIGIBLE,37.8,1390110.325,37470.8,1.0,0.0846,0.0,257.39,D-1,True,3744
CJEWY,OTC,NOT_LISTED_EXCHANGE,,,,,,,,UNMEASURED,False,
CJMB,NASDAQ,ELIGIBLE,2.21,247095.535,112834.8,1.0,0.1205,0.0,344.91,D-1,False,
CJPRY,OTC,NOT_LISTED_EXCHANGE,,,,,,,,UNMEASURED,False,
CJUL,BATS,FUND_ETF_ETN,,,,,,,,UNMEASURED,False,
CJUN,BATS,FUND_ETF_ETN,,,,,,,,UNMEASURED,False,
CKHUY,OTC,NOT_LISTED_EXCHANGE,,,,,,,,UNMEASURED,False,
CKX,AMEX,ELIGIBLE,10.815,39925.43892,3672.15,1.0,0.0128,148.91,424.18,D-1,False,
CL,NYSE,ELIGIBLE,86.06,470722100.51449996,5364676.6,1.0,1.0,3.8,3.5,D-1,True,259
CLAR,NASDAQ,ELIGIBLE,3.58,413961.524,113951.1,1.0,0.2538,0.0,27.86,D-1,False,
CLB,NYSE,ELIGIBLE,10.39,6247032.8115,536537.05,1.0,0.6923,1.37,18.92,D-1,True,2903
CLBK,NASDAQ,ELIGIBLE,11.33,52942326.6255,4597364.3,1.0,0.9718,4.41,8.81,D-1,True,1449
CLBR,NYSE,ELIGIBLE,10.2,1634833.64225,159881.2,1.0,0.0385,0.0,19.59,D-1,True,3666
CLBR.U,NYSE,WARRANT,,,,,,,,UNMEASURED,False,
CLBR.WS,NYSE,MALFORMED_OR_NON_COMMON_SYMBOL,,,,,,,,UNMEASURED,False,
CLBT,NASDAQ,ELIGIBLE,10.79,30268907.77525,2633751.7,1.0,0.9821,11.85,9.11,D-1,True,1848
CLCG,ARCA,FUND_ETF_ETN,,,,,,,,UNMEASURED,False,
CLCV,ARCA,FUND_ETF_ETN,,,,,,,,UNMEASURED,False,
CLDI,AMEX,ELIGIBLE,1.13,249480.28312500002,219358.6,1.0,0.2205,0.0,375.87,D-1,False,
CLDT,NYSE,ELIGIBLE,13.35,3548204.1795,271978.75,1.0,0.4026,0.0,18.89,D-1,True,3238
CLDT.PRA,NYSE,MALFORMED_OR_NON_COMMON_SYMBOL,,,,,,,,UNMEASURED,False,
CLDWW,OTC,NOT_TRADABLE,,,,,,,,UNMEASURED,False,
CLDX,NASDAQ,ELIGIBLE,31.1,59912715.5515,1717649.05,1.0,0.9359,6.46,8.1,D-1,True,1360
CLEUF,OTC,NOT_TRADABLE,,,,,,,,UNMEASURED,False,
CLF,NYSE,ELIGIBLE,12.18,156954106.7435,12853593.95,1.0,1.0,12.16,8.14,D-1,True,742
CLFD,NASDAQ,ELIGIBLE,31.07,4288348.442,144726.5,1.0,0.1385,0.0,52.17,D-1,True,3144
CLGN,NASDAQ,ELIGIBLE,4.25,4257782.20875,1107410.3,1.0,0.0564,0.0,463.13,D-1,True,3146
CLH,NYSE,ELIGIBLE,313.04,124905013.69000001,395154.4,1.0,0.7846,2.63,17.23,D-1,True,866
CLIK,NASDAQ,ELIGIBLE,1.14,550566.89003,440392.9,1.0,0.1385,92.86,256.41,D-1,False,
CLIM,ARCA,FUND_ETF_ETN,,,,,,,,UNMEASURED,False,
CLIP,ARCA,FUND_ETF_ETN,,,,,,,,UNMEASURED,False,
CLIR,NASDAQ,ELIGIBLE,3.4505,82519.73036,21381.0,1.0,0.0462,0.0,737.64,D-1,False,
CLIX,ARCA,FUND_ETF_ETN,,,,,,,,UNMEASURED,False,
CLLS,NASDAQ,ELIGIBLE,1.47,329988.82725,194918.1,1.0,0.0692,0.0,208.83,D-1,False,
CLM,AMEX,FUND_ETF_ETN,,,,,,,,UNMEASURED,False,
CLMB,NASDAQ,ELIGIBLE,31.65,4013497.8875,138001.25,1.0,0.5179,0.0,102.06,D-1,True,3176
CLMT,NASDAQ,ELIGIBLE,53.65,82412209.89750001,1494034.1,1.0,0.8872,7.53,17.98,D-1,True,1111
CLNE,NASDAQ,ELIGIBLE,1.6,3098300.5064999997,1848055.05,1.0,0.7436,0.0,62.12,D-1,True,3310
CLNK,ARCA,FUND_ETF_ETN,,,,,,,,UNMEASURED,False,
CLNN,NASDAQ,ELIGIBLE,4.3,596576.44775,149768.65,1.0,0.2487,0.0,225.11,D-1,False,
CLOA,NASDAQ,FUND_ETF_ETN,,,,,,,,UNMEASURED,False,
CLOB,ARCA,FUND_ETF_ETN,,,,,,,,UNMEASURED,False,
CLOC,ARCA,FUND_ETF_ETN,,,,,,,,UNMEASURED,False,
CLOD,NASDAQ,FUND_ETF_ETN,,,,,,,,UNMEASURED,False,
CLOE,OTC,NOT_TRADABLE,,,,,,,,UNMEASURED,False,
CLOER,OTC,NOT_TRADABLE,,,,,,,,UNMEASURED,False,
CLOI,ARCA,FUND_ETF_ETN,,,,,,,,UNMEASURED,False,
CLOO,ARCA,FUND_ETF_ETN,,,,,,,,UNMEASURED,False,
CLOU,NASDAQ,FUND_ETF_ETN,,,,,,,,UNMEASURED,False,
CLOV,NASDAQ,ELIGIBLE,4.49,19161902.15425,4229472.55,1.0,0.9795,10.99,21.93,D-1,True,2180
CLOX,ARCA,FUND_ETF_ETN,,,,,,,,UNMEASURED,False,
CLOZ,ARCA,FUND_ETF_ETN,,,,,,,,UNMEASURED,False,
CLPBY,OTC,NOT_LISTED_EXCHANGE,,,,,,,,UNMEASURED,False,
CLPHY,OTC,NOT_LISTED_EXCHANGE,,,,,,,,UNMEASURED,False,
CLPR,NYSE,ELIGIBLE,3.32,192793.853,57423.3,1.0,0.059,0.0,175.72,D-1,False,
CLPS,NASDAQ,ELIGIBLE,1.0254,8266.74496,7882.75,1.0,0.0077,93.19,,UNMEASURED,False,
CLPT,NASDAQ,ELIGIBLE,14.83,8372299.376,584848.7,1.0,0.5026,0.0,30.36,D-1,True,2728
CLRB,NASDAQ,ELIGIBLE,1.8,129295.76499999998,57193.4,1.0,0.2,26.62,105.26,D-1,False,
CLRCF,OTC,NOT_TRADABLE,,,,,,,,UNMEASURED,False,
CLRO,NASDAQ,ELIGIBLE,3.45,279233.292,74737.8,1.0,0.1436,0.0,482.88,D-1,False,
CLRRF,OTC,NOT_TRADABLE,,,,,,,,UNMEASURED,False,
CLRWF,OTC,NOT_TRADABLE,,,,,,,,UNMEASURED,False,
CLS,NYSE,ELIGIBLE,365.44,747817269.776,2276922.1,1.0,0.9897,13.07,20.46,D-1,True,160
CLSDQ,OTC,NOT_TRADABLE,,,,,,,,UNMEASURED,False,
CLSE,BATS,FUND_ETF_ETN,,,,,,,,UNMEASURED,False,
CLSK,NASDAQ,ELIGIBLE,13.95,231812155.07399997,17391677.3,1.0,1.0,21.65,7.3,D-1,True,543
CLSKW,NASDAQ,WARRANT,,,,,,,,UNMEASURED,False,
CLSM,NASDAQ,FUND_ETF_ETN,,,,,,,,UNMEASURED,False,
CLST,NASDAQ,ELIGIBLE,17.9,56986.270355,3177.15,1.0,0.0,,,UNMEASURED,False,
CLSX,BATS,FUND_ETF_ETN,,,,,,,,UNMEASURED,False,
CLUB,ARCA,FUND_ETF_ETN,,,,,,,,UNMEASURED,False,
CLVR,OTC,NOT_TRADABLE,,,,,,,,UNMEASURED,False,
CLVRW,OTC,NOT_TRADABLE,,,,,,,,UNMEASURED,False,
CLVT,NYSE,ELIGIBLE,1.78,8454730.570999999,4394170.65,1.0,0.9462,28.03,56.03,D-1,True,2720
CLW,NYSE,ELIGIBLE,20.34,2888619.5315,138818.85,1.0,0.2564,0.0,86.38,D-1,True,3349
CLWT,NASDAQ,ELIGIBLE,1.37,21087.3724,13518.85,1.0,0.0333,12.85,667.41,D-1,False,
CLX,NYSE,ELIGIBLE,83.8,328324732.652,3653183.75,1.0,1.0,5.98,6.07,D-1,True,399
CLYM,NASDAQ,ELIGIBLE,11.66,26294996.224,1860819.05,1.0,0.8154,8.55,21.41,D-1,True,1950
CM,NYSE,ELIGIBLE,113.6,168046356.813,1469642.9,1.0,0.8282,2.65,5.54,D-1,True,708
CMAG,BATS,FUND_ETF_ETN,,,,,,,,UNMEASURED,False,
CMAY,BATS,FUND_ETF_ETN,,,,,,,,UNMEASURED,False,
CMBMF,OTC,NOT_TRADABLE,,,,,,,,UNMEASURED,False,
CMBO,NASDAQ,FUND_ETF_ETN,,,,,,,,UNMEASURED,False,
CMBS,ARCA,FUND_ETF_ETN,,,,,,,,UNMEASURED,False,
CMBT,NYSE,ELIGIBLE,19.01,21581744.5785,1122313.75,1.0,0.8667,5.26,5.28,D-1,True,2098
CMC,NYSE,ELIGIBLE,65.73,68491133.227,1030536.9,1.0,0.7897,3.04,7.68,D-1,True,1254
CMCI,BATS,FUND_ETF_ETN,,,,,,,,UNMEASURED,False,
CMCL,AMEX,ELIGIBLE,23.84,4460539.608,178969.75,1.0,0.3821,0.0,94.5,D-1,True,3114
CMCM,NYSE,ELIGIBLE,2.68,35182.32475,11515.05,1.0,0.0128,0.0,553.37,D-1,False,
CMCO,NASDAQ,ELIGIBLE,16.83,7194497.505500001,425738.7,1.0,0.7385,5.94,17.98,D-1,True,2816
CMCSA,NASDAQ,ELIGIBLE,21.91,742884120.8685,30819956.65,1.0,1.0,9.23,4.61,D-1,True,162
CMCT,NASDAQ,ELIGIBLE,2.03,66940.64725000001,24332.55,1.0,0.0923,0.0,278.93,D-1,False,
CMCWF,OTC,NOT_TRADABLE,,,,,,,,UNMEASURED,False,
CMDB,NYSE,ELIGIBLE,21.9,1456344.277,63528.15,1.0,0.1667,0.0,188.01,D-1,True,3712
CMDT,ARCA,FUND_ETF_ETN,,,,,,,,UNMEASURED,False,
CMDY,ARCA,FUND_ETF_ETN,,,,,,,,UNMEASURED,False,
CME,NASDAQ,ELIGIBLE,264.48,534815084.46800005,1931672.3,1.0,1.0,8.15,9.68,D-1,True,223
CMF,ARCA,FUND_ETF_ETN,,,,,,,,UNMEASURED,False,
CMG,NYSE,ELIGIBLE,31.33,444048585.9225,12669140.65,1.0,1.0,6.37,3.17,D-1,True,276
CMI,NYSE,ELIGIBLE,525.06,632671369.7,1168364.5,1.0,0.9795,6.16,11.79,D-1,True,188
CMLSQ,OTC,NOT_TRADABLE,,,,,,,,UNMEASURED,False,
CMMB,NASDAQ,ELIGIBLE,2.16,248189.269,96193.4,1.0,0.1,0.0,,UNMEASURED,False,
CMND,NASDAQ,ELIGIBLE,0.803,1324673.427635,1169866.9,1.0,0.1333,0.0,264.94,D-1,False,
CMP,NYSE,ELIGIBLE,22.62,9694428.5015,397959.9,1.0,0.4026,0.0,22.13,D-1,True,2632
CMPGY,OTC,NOT_LISTED_EXCHANGE,,,,,,,,UNMEASURED,False,
CMPR,NASDAQ,ELIGIBLE,79.79,15654637.931,186636.35,1.0,0.241,0.0,45.38,D-1,True,2306
CMPS,NASDAQ,ELIGIBLE,13.06,38557834.631,2710319.55,1.0,0.9333,7.6,15.14,D-1,True,1684
CMPX,NASDAQ,ELIGIBLE,1.13,7636918.0175,4555707.5,1.0,0.9795,43.48,85.48,D-1,True,2787
CMRA,OTC,NOT_TRADABLE,,,,,,,,UNMEASURED,False,
CMRC,NASDAQ,ELIGIBLE,3.255,3717536.7445,1237187.25,1.0,0.6564,0.0,31.05,D-1,True,3216
CMRE,NYSE,ELIGIBLE,14.53,5496976.571,362470.9,1.0,0.3974,0.0,20.68,D-1,True,2993
CMRE.PRB,NYSE,MALFORMED_OR_NON_COMMON_SYMBOL,,,,,,,,UNMEASURED,False,
CMRE.PRC,NYSE,MALFORMED_OR_NON_COMMON_SYMBOL,,,,,,,,UNMEASURED,False,
CMRE.PRD,NYSE,MALFORMED_OR_NON_COMMON_SYMBOL,,,,,,,,UNMEASURED,False,
CMS,NYSE,ELIGIBLE,62.95,218811838.1795,3308079.6,1.0,1.0,4.78,3.19,D-1,True,571
CMS.PRB,NYSE,MALFORMED_OR_NON_COMMON_SYMBOL,,,,,,,,UNMEASURED,False,
CMS.PRC,NYSE,MALFORMED_OR_NON_COMMON_SYMBOL,,,,,,,,UNMEASURED,False,
CMSA,NYSE,NOTE_DEBT,,,,,,,,UNMEASURED,False,
CMSC,NYSE,NOTE_DEBT,,,,,,,,UNMEASURED,False,
CMSD,NYSE,NOTE_DEBT,,,,,,,,UNMEASURED,False,
CMT,AMEX,ELIGIBLE,23.21,832087.2335,34921.0,1.0,0.2,0.0,162.25,D-1,False,
CMTG,NYSE,ELIGIBLE,1.31,1411154.3325,960998.75,1.0,0.4513,0.0,76.92,D-1,True,3734
CMTL,NASDAQ,ELIGIBLE,1.39,460720.82800000004,302092.0,1.0,0.3051,0.0,71.43,D-1,False,
CMTV,NASDAQ,ELIGIBLE,40.82,1992740.53975,48819.3,1.0,0.0923,0.0,174.04,D-1,True,3555
CMWAY,OTC,NOT_LISTED_EXCHANGE,,,,,,,,UNMEASURED,False,
CNA,NYSE,ELIGIBLE,45.98,28122149.1575,588094.0,1.0,0.6923,1.09,9.8,D-1,True,1904
CNAV,BATS,FUND_ETF_ETN,,,,,,,,UNMEASURED,False,
CNBS,ARCA,FUND_ETF_ETN,,,,,,,,UNMEASURED,False,
CNC,NYSE,ELIGIBLE,61.82,316233498.3715,4848373.25,1.0,0.9923,8.77,6.42,D-1,True,408
CNCK,NASDAQ,ELIGIBLE,1.59,90350.324,45977.55,1.0,0.1179,0.0,210.8,D-1,False,
CNCKW,NASDAQ,WARRANT,,,,,,,,UNMEASURED,False,
CNDAW,OTC,NOT_TRADABLE,,,,,,,,UNMEASURED,False,
CNDT,NASDAQ,ELIGIBLE,1.64,1826334.6605,1087737.35,1.0,0.7462,0.0,60.06,D-1,True,3598
CNEQ,ARCA,FUND_ETF_ETN,,,,,,,,UNMEASURED,False,
CNET,NASDAQ,ELIGIBLE,1.85,2466460.3619850003,1334113.0,1.0,0.9667,150.7,127.25,D-1,True,3434
CNEY,NASDAQ,ELIGIBLE,0.5604,34160.57169,62388.0,1.0,0.0769,0.0,,UNMEASURED,False,
CNF,NYSE,ELIGIBLE,1.97,9366.565035,4757.15,1.0,0.0769,0.0,748.13,D-1,False,
CNGLU,OTC,NOT_TRADABLE,,,,,,,,UNMEASURED,False,
CNGLW,OTC,NOT_TRADABLE,,,,,,,,UNMEASURED,False,
CNH,NYSE,ELIGIBLE,13.09,334770912.9325,25380870.05,1.0,1.0,11.38,7.66,D-1,True,390
CNI,NYSE,ELIGIBLE,120.93,180034431.054,1480605.9,1.0,0.9897,3.72,4.14,D-1,True,675
CNK,NYSE,ELIGIBLE,37.77,80435089.02250001,2267688.3,1.0,0.8897,5.31,13.45,D-1,True,1130
CNL,NASDAQ,ELIGIBLE,12.94,2524063.355,179964.2,1.0,0.4333,0.0,39.02,D-1,True,3422
CNM,NYSE,ELIGIBLE,42.64,125235614.676,2958953.05,1.0,0.9256,5.86,8.25,D-1,True,864
CNMD,NYSE,ELIGIBLE,45.38,15571135.1745,332342.85,1.0,0.4538,2.19,34.9,D-1,True,2310
CNNE,NYSE,ELIGIBLE,15.74,8586888.9675,554995.25,1.0,0.4974,0.0,12.74,D-1,True,2712
CNO,NYSE,ELIGIBLE,53.98,66094304.29099999,1200890.85,1.0,0.5897,0.93,9.3,D-1,True,1274
CNO.PRA,NYSE,MALFORMED_OR_NON_COMMON_SYMBOL,,,,,,,,UNMEASURED,False,
CNOB,NASDAQ,ELIGIBLE,31.06,12356898.3685,391984.3,1.0,0.6308,0.0,6.44,D-1,True,2472
CNOBP,NASDAQ,PREFERRED,,,,,,,,UNMEASURED,False,
CNP,NYSE,ELIGIBLE,36.84,257356966.239,6661798.2,1.0,1.0,4.1,2.73,D-1,True,501
CNQ,NYSE,ELIGIBLE,47.41,358742497.438,7164478.65,1.0,1.0,6.33,3.17,D-1,True,354
CNQQ,NASDAQ,FUND_ETF_ETN,,,,,,,,UNMEASURED,False,
CNR,NYSE,ELIGIBLE,89.02,48046275.25,502949.25,1.0,0.4897,1.13,30.5,D-1,True,1524
CNRG,ARCA,FUND_ETF_ETN,,,,,,,,UNMEASURED,False,
CNS,NYSE,ELIGIBLE,74.2,21779195.161000002,287844.2,1.0,0.3897,0.0,62.15,D-1,True,2087
CNSP,NASDAQ,ELIGIBLE,4.931,27347.736635,4778.9,1.0,0.0051,0.0,,UNMEASURED,False,
CNSY,NASDAQ,ELIGIBLE,1.99,202214.3865,89290.45,1.0,0.3205,0.0,171.89,D-1,False,
CNTB,NASDAQ,ELIGIBLE,1.08,3309794.4044999997,2096563.45,1.0,0.6103,0.0,91.34,D-1,True,3275
CNTGF,OTC,NOT_TRADABLE,,,,,,,,UNMEASURED,False,
CNTM,OTC,NOT_TRADABLE,,,,,,,,UNMEASURED,False,
CNTN,NASDAQ,ELIGIBLE,2.57,1866808.15075,826309.65,1.0,0.8564,19.1,39.16,D-1,True,3588
CNTX,NASDAQ,ELIGIBLE,0.3457,474890.29183999996,1282779.3,1.0,0.8769,2.83,16.24,D-1,False,
CNTY,NASDAQ,ELIGIBLE,1.1,45591.93575,39216.45,1.0,0.0513,0.0,135.75,D-1,False,
CNVIF,OTC,NOT_TRADABLE,,,,,,,,UNMEASURED,False,
CNVS,NASDAQ,ELIGIBLE,2.02,253115.19900000002,114317.7,1.0,0.1333,0.0,192.31,D-1,False,
CNX,NYSE,ELIGIBLE,32.79,67425676.1865,1941815.4,1.0,0.9872,6.07,7.62,D-1,True,1260
CNXC,NASDAQ,ELIGIBLE,27.08,52291866.385000005,1789674.05,1.0,0.9718,18.16,23.11,D-1,True,1460
CNXN,NASDAQ,ELIGIBLE,89.32,11863192.762,139329.45,1.0,0.1718,0.0,50.37,D-1,True,2498
CNXT,ARCA,FUND_ETF_ETN,,,,,,,,UNMEASURED,False,
CNXU,NASDAQ,ELIGIBLE,3.89,1095882.50275,216792.25,1.0,0.2846,0.0,167.01,D-1,True,3883
CNXX,OTC,NOT_TRADABLE,,,,,,,,UNMEASURED,False,
CNXXW,OTC,NOT_TRADABLE,,,,,,,,UNMEASURED,False,
CNYA,BATS,FUND_ETF_ETN,,,,,,,,UNMEASURED,False,
COAG,NASDAQ,ELIGIBLE,34.74,24181669.807,588409.75,1.0,0.5179,0.0,71.12,D-1,True,2022
COAL,ARCA,FUND_ETF_ETN,,,,,,,,UNMEASURED,False,
COCH,NASDAQ,ELIGIBLE,0.715,39153.20785,55164.95,1.0,0.0872,0.0,146.26,D-1,False,
COCHW,NASDAQ,WARRANT,,,,,,,,UNMEASURED,False,
COCO,NASDAQ,ELIGIBLE,58.59,86938056.4495,1557687.1,1.0,0.7436,5.11,17.1,D-1,True,1074
COCP,NASDAQ,ELIGIBLE,1.17,60242.139500000005,50891.05,1.0,0.041,0.0,,UNMEASURED,False,
CODA,NASDAQ,ELIGIBLE,10.78,1303188.319,124026.5,1.0,0.1615,0.0,111.47,D-1,True,3785
CODI,NYSE,ELIGIBLE,11.25,6067525.742500001,537331.45,1.0,0.4692,0.0,17.87,D-1,True,2926
CODI.PRA,NYSE,MALFORMED_OR_NON_COMMON_SYMBOL,,,,,,,,UNMEASURED,False,
CODI.PRB,NYSE,MALFORMED_OR_NON_COMMON_SYMBOL,,,,,,,,UNMEASURED,False,
CODI.PRC,NYSE,MALFORMED_OR_NON_COMMON_SYMBOL,,,,,,,,UNMEASURED,False,
CODX,NASDAQ,ELIGIBLE,1.09,267194.30482,255940.65,1.0,0.2282,0.0,89.29,D-1,False,
COE,AMEX,ELIGIBLE,11.67,736743.33075,59003.0,1.0,0.1974,24.14,184.53,D-1,False,
COF,NYSE,ELIGIBLE,200.2,744055809.0649999,3596487.5,1.0,1.0,6.74,5.8,D-1,True,161
COF.PRI,NYSE,MALFORMED_OR_NON_COMMON_SYMBOL,,,,,,,,UNMEASURED,False,
COF.PRJ,NYSE,MALFORMED_OR_NON_COMMON_SYMBOL,,,,,,,,UNMEASURED,False,
COF.PRK,NYSE,MALFORMED_OR_NON_COMMON_SYMBOL,,,,,,,,UNMEASURED,False,
COF.PRL,NYSE,MALFORMED_OR_NON_COMMON_SYMBOL,,,,,,,,UNMEASURED,False,
COF.PRN,NYSE,MALFORMED_OR_NON_COMMON_SYMBOL,,,,,,,,UNMEASURED,False,
COFS,NASDAQ,ELIGIBLE,33.06,2351219.0475,70251.45,1.0,0.1128,0.0,69.57,D-1,True,3462
COGT,NASDAQ,ELIGIBLE,32.31,66658796.474,2014533.7,1.0,0.9564,10.9,11.07,D-1,True,1269
COHC,BATS,FUND_ETF_ETN,,,,,,,,UNMEASURED,False,
COHH,BATS,FUND_ETF_ETN,,,,,,,,UNMEASURED,False,
COHN,AMEX,ELIGIBLE,10.11,247797.05099999998,22979.25,1.0,0.0308,0.0,245.37,D-1,False,
COHQ,BATS,FUND_ETF_ETN,,,,,,,,UNMEASURED,False,
COHR,NYSE,ELIGIBLE,295.83,1829128049.9045002,6250517.4,1.0,1.0,17.98,9.98,D-1,True,55
COHU,NASDAQ,ELIGIBLE,67.0,54660333.94,1008919.75,1.0,0.7949,9.79,26.59,D-1,True,1422
COHX,BATS,FUND_ETF_ETN,,,,,,,,UNMEASURED,False,
COIA,ARCA,FUND_ETF_ETN,,,,,,,,UNMEASURED,False,
COIG,NASDAQ,FUND_ETF_ETN,,,,,,,,UNMEASURED,False,
COIN,NASDAQ,ELIGIBLE,195.11,1862414799.6875,10071988.05,1.0,1.0,14.59,9.75,D-1,True,53
COIW,BATS,FUND_ETF_ETN,,,,,,,,UNMEASURED,False,
COIX,BATS,FUND_ETF_ETN,,,,,,,,UNMEASURED,False,
COKE,NASDAQ,ELIGIBLE,190.29,110738837.5335,572981.75,1.0,0.6564,1.39,14.11,D-1,True,934
COLA,NASDAQ,ELIGIBLE,10.45,452486.62350000005,43499.4,1.0,0.0205,0.0,,UNMEASURED,False,
COLAR,NASDAQ,RIGHT,,,,,,,,UNMEASURED,False,
COLAU,NASDAQ,UNIT,,,,,,,,UNMEASURED,False,
COLB,NASDAQ,ELIGIBLE,29.64,88369821.43450001,2958383.95,1.0,0.9718,3.38,3.38,D-1,True,1061
COLD,NYSE,ELIGIBLE,14.74,53138829.9045,3653024.3,1.0,0.9128,6.93,6.95,D-1,True,1444
COLL,NASDAQ,ELIGIBLE,22.53,22002700.439000003,948896.25,1.0,0.741,4.4,22.2,D-1,True,2080
COLM,NASDAQ,ELIGIBLE,57.6,37637101.753000006,659154.75,1.0,0.6436,1.76,10.5,D-1,True,1705
COLO,ARCA,FUND_ETF_ETN,,,,,,,,UNMEASURED,False,
COM,ARCA,FUND_ETF_ETN,,,,,,,,UNMEASURED,False,
COMB,ARCA,FUND_ETF_ETN,,,,,,,,UNMEASURED,False,
COMD,BATS,FUND_ETF_ETN,,,,,,,,UNMEASURED,False,
COMP,NYSE,ELIGIBLE,9.38,150579848.7295,14754232.05,1.0,1.0,10.75,10.66,D-1,True,760
COMS,OTC,NOT_TRADABLE,,,,,,,,UNMEASURED,False,
COMT,NASDAQ,FUND_ETF_ETN,,,,,,,,UNMEASURED,False,
CON,NYSE,ELIGIBLE,35.01,33344706.905,952897.55,1.0,0.6538,1.44,8.63,D-1,True,1784
CONI,NASDAQ,FUND_ETF_ETN,,,,,,,,UNMEASURED,False,
CONL,NASDAQ,FUND_ETF_ETN,,,,,,,,UNMEASURED,False,
CONX,NASDAQ,FUND_ETF_ETN,,,,,,,,UNMEASURED,False,
CONY,ARCA,FUND_ETF_ETN,,,,,,,,UNMEASURED,False,
COO,NASDAQ,ELIGIBLE,55.38,284292872.34725,4954498.2,1.0,0.9974,5.43,2.69,D-1,True,449
COOK,NYSE,ELIGIBLE,46.6,1739808.5329999998,35410.95,1.0,0.0821,0.0,222.99,D-1,True,3627
COOL,NASDAQ,FUND_ETF_ETN,,,,,,,,UNMEASURED,False,
COOT,NASDAQ,ELIGIBLE,0.4776,3064316.79253,5509947.7,1.0,0.1538,0.0,468.52,D-1,False,
COOTW,NASDAQ,WARRANT,,,,,,,,UNMEASURED,False,
COP,NYSE,ELIGIBLE,127.3,911321179.5955,6851013.1,1.0,1.0,5.9,4.71,D-1,True,124
COPA,BATS,FUND_ETF_ETN,,,,,,,,UNMEASURED,False,
COPJ,NASDAQ,FUND_ETF_ETN,,,,,,,,UNMEASURED,False,
COPL,NYSE,ELIGIBLE,10.555,35336.23115,3350.9,1.0,0.0,,28.42,D-1,False,
COPL.U,NYSE,WARRANT,,,,,,,,UNMEASURED,False,
COPL.WS,NYSE,MALFORMED_OR_NON_COMMON_SYMBOL,,,,,,,,UNMEASURED,False,
COPP,NASDAQ,FUND_ETF_ETN,,,,,,,,UNMEASURED,False,
COPR,AMEX,ELIGIBLE,3.07,388154.226,115804.85,1.0,0.0436,0.0,401.07,D-1,False,
COPR.WS,AMEX,MALFORMED_OR_NON_COMMON_SYMBOL,,,,,,,,UNMEASURED,False,
COPX,ARCA,FUND_ETF_ETN,,,,,,,,UNMEASURED,False,
COPY,ARCA,FUND_ETF_ETN,,,,,,,,UNMEASURED,False,
COPZ,ARCA,FUND_ETF_ETN,,,,,,,,UNMEASURED,False,
COR,NYSE,ELIGIBLE,306.92,402124653.3115,1255056.55,1.0,0.9821,5.38,7.12,D-1,True,311
CORB,ARCA,FUND_ETF_ETN,,,,,,,,UNMEASURED,False,
CORBF,OTC,NOT_TRADABLE,,,,,,,,UNMEASURED,False,
CORD,BATS,FUND_ETF_ETN,,,,,,,,UNMEASURED,False,
CORLQ,OTC,NOT_TRADABLE,,,,,,,,UNMEASURED,False,
CORN,ARCA,FUND_ETF_ETN,,,,,,,,UNMEASURED,False,
CORO,NASDAQ,FUND_ETF_ETN,,,,,,,,UNMEASURED,False,
CORP,ARCA,FUND_ETF_ETN,,,,,,,,UNMEASURED,False,
CORRQ,OTC,NOT_TRADABLE,,,,,,,,UNMEASURED,False,
CORT,NASDAQ,ELIGIBLE,116.1,193984037.06025,1732754.0,1.0,0.7949,4.33,16.0,D-1,True,637
CORZ,NASDAQ,ELIGIBLE,17.34,198004114.208,11344642.8,1.0,1.0,16.97,5.7,D-1,True,627
CORZW,NASDAQ,WARRANT,,,,,,,,UNMEASURED,False,
CORZZ,NASDAQ,WARRANT,,,,,,,,UNMEASURED,False,
COSM,NASDAQ,ELIGIBLE,0.3516,1182724.76681,3806158.5,1.0,0.8026,2.79,105.94,D-1,False,
COSO,NYSE,ELIGIBLE,26.61,3557294.946,130711.5,1.0,0.2128,0.0,18.71,D-1,True,3236
COST,NASDAQ,ELIGIBLE,922.765,2130906922.412,2338855.4,1.0,1.0,7.91,3.65,D-1,True,45
COSW,BATS,FUND_ETF_ETN,,,,,,,,UNMEASURED,False,
COTG,NASDAQ,FUND_ETF_ETN,,,,,,,,UNMEASURED,False,
COTY,NYSE,ELIGIBLE,2.65,14251870.686500002,5289052.55,1.0,0.9436,18.97,38.03,D-1,True,2375
COUR,NYSE,ELIGIBLE,5.05,29346986.8015,5395760.45,1.0,0.9923,12.39,19.87,D-1,True,1869
COVTY,OTC,NOT_LISTED_EXCHANGE,,,,,,,,UNMEASURED,False,
COWG,NASDAQ,FUND_ETF_ETN,,,,,,,,UNMEASURED,False,
COWS,NASDAQ,FUND_ETF_ETN,,,,,,,,UNMEASURED,False,
COWZ,BATS,FUND_ETF_ETN,,,,,,,,UNMEASURED,False,
COYA,NASDAQ,ELIGIBLE,5.08,704927.1745,147237.55,1.0,0.2179,0.0,78.47,D-1,False,
COYY,NASDAQ,FUND_ETF_ETN,,,,,,,,UNMEASURED,False,
COZX,BATS,FUND_ETF_ETN,,,,,,,,UNMEASURED,False,
CP,NYSE,ELIGIBLE,86.91,196008920.179,2201668.6,1.0,0.9923,4.59,4.59,D-1,True,631
CPA,NYSE,ELIGIBLE,133.72,41374595.498,317434.9,1.0,0.4718,0.0,19.98,D-1,True,1632
CPAC,NYSE,ELIGIBLE,12.23,738347.0415,60080.65,1.0,0.0128,0.0,85.81,D-1,False,
CPAG,NASDAQ,FUND_ETF_ETN,,,,,,,,UNMEASURED,False,
CPAI,NYSE,FUND_ETF_ETN,,,,,,,,UNMEASURED,False,
CPAY,NYSE,ELIGIBLE,398.11,177056187.95450002,437442.35,1.0,0.7179,2.12,18.84,D-1,True,680
CPB,NASDAQ,ELIGIBLE,19.37,191625665.08575,8905990.2,1.0,1.0,7.76,5.12,D-1,True,642
CPBI,NASDAQ,ELIGIBLE,19.8,95262.29735,4631.25,1.0,0.0026,0.0,582.52,D-1,False,
CPER,ARCA,FUND_ETF_ETN,,,,,,,,UNMEASURED,False,
CPF,NYSE,ELIGIBLE,36.85,6527898.0795,174509.2,1.0,0.241,0.0,51.46,D-1,True,2883
CPHC,NASDAQ,ELIGIBLE,15.78,25561.49438,1623.75,1.0,0.0,,327.47,D-1,False,
CPHI,AMEX,ELIGIBLE,0.7516,185846.56921000002,241215.0,1.0,0.3949,78.12,488.2,D-1,False,
CPHY,NASDAQ,FUND_ETF_ETN,,,,,,,,UNMEASURED,False,
CPII,ARCA,FUND_ETF_ETN,,,,,,,,UNMEASURED,False,
CPIX,NASDAQ,ELIGIBLE,7.61,366958.13300000003,51395.0,1.0,0.0872,0.0,359.81,D-1,False,
CPK,NYSE,ELIGIBLE,128.77,23972174.9025,183286.75,1.0,0.2744,0.77,31.48,D-1,True,2028
CPLB,ARCA,FUND_ETF_ETN,,,,,,,,UNMEASURED,False,
CPLS,NASDAQ,FUND_ETF_ETN,,,,,,,,UNMEASURED,False,
CPNG,NYSE,ELIGIBLE,13.88,241546449.57199997,16191828.2,1.0,0.9974,7.49,7.14,D-1,True,528
CPNJ,ARCA,FUND_ETF_ETN,,,,,,,,UNMEASURED,False,
CPNM,ARCA,FUND_ETF_ETN,,,,,,,,UNMEASURED,False,
CPNQ,ARCA,FUND_ETF_ETN,,,,,,,,UNMEASURED,False,
CPNS,ARCA,FUND_ETF_ETN,,,,,,,,UNMEASURED,False,
CPNX,BATS,FUND_ETF_ETN,,,,,,,,UNMEASURED,False,
CPOP,NASDAQ,ELIGIBLE,5.08,2440109.9581,587854.6,1.0,0.1077,0.0,514.78,D-1,True,3440
CPPMF,OTC,NOT_TRADABLE,,,,,,,,UNMEASURED,False,
CPRA,ARCA,FUND_ETF_ETN,,,,,,,,UNMEASURED,False,
CPRI,NYSE,ELIGIBLE,15.1,86495469.9155,6125235.05,1.0,0.9897,6.6,6.59,D-1,True,1080
CPRJ,ARCA,FUND_ETF_ETN,,,,,,,,UNMEASURED,False,
CPRO,ARCA,FUND_ETF_ETN,,,,,,,,UNMEASURED,False,
CPRT,NASDAQ,ELIGIBLE,27.59,315317080.999,10327337.35,1.0,1.0,7.16,3.6,D-1,True,411
CPRY,ARCA,FUND_ETF_ETN,,,,,,,,UNMEASURED,False,
CPS,NYSE,ELIGIBLE,22.7,5865778.102,242409.45,1.0,0.3923,0.0,48.95,D-1,True,2954
CPSA,ARCA,FUND_ETF_ETN,,,,,,,,UNMEASURED,False,
CPSD,ARCA,FUND_ETF_ETN,,,,,,,,UNMEASURED,False,
CPSF,ARCA,FUND_ETF_ETN,,,,,,,,UNMEASURED,False,
CPSH,NASDAQ,ELIGIBLE,3.85,831960.96225,214318.6,1.0,0.2231,0.0,52.08,D-1,False,
CPSJ,ARCA,FUND_ETF_ETN,,,,,,,,UNMEASURED,False,
CPSL,BATS,FUND_ETF_ETN,,,,,,,,UNMEASURED,False,
CPSM,ARCA,FUND_ETF_ETN,,,,,,,,UNMEASURED,False,
CPSN,ARCA,FUND_ETF_ETN,,,,,,,,UNMEASURED,False,
CPSO,ARCA,FUND_ETF_ETN,,,,,,,,UNMEASURED,False,
CPSP,ARCA,FUND_ETF_ETN,,,,,,,,UNMEASURED,False,
CPSR,ARCA,FUND_ETF_ETN,,,,,,,,UNMEASURED,False,
CPSS,NASDAQ,ELIGIBLE,9.56,279062.1355,29879.9,1.0,0.1128,0.0,49.67,D-1,False,
CPST,ARCA,FUND_ETF_ETN,,,,,,,,UNMEASURED,False,
CPSU,ARCA,FUND_ETF_ETN,,,,,,,,UNMEASURED,False,
CPSY,ARCA,FUND_ETF_ETN,,,,,,,,UNMEASURED,False,
CPT,NYSE,ELIGIBLE,98.12,114630778.826,1126135.9,1.0,0.9359,4.08,6.66,D-1,True,913
CPTAF,OTC,NOT_TRADABLE,,,,,,,,UNMEASURED,False,
CPTL,NASDAQ,FUND_ETF_ETN,,,,,,,,UNMEASURED,False,
CPTWF,OTC,NOT_TRADABLE,,,,,,,,UNMEASURED,False,
CPXR,ARCA,FUND_ETF_ETN,,,,,,,,UNMEASURED,False,
CPZ,NASDAQ,ELIGIBLE,12.755,811666.38025,62721.6,1.0,0.2615,0.0,31.65,D-1,False,
CQP,NYSE,ELIGIBLE,63.43,8091599.161,120276.3,1.0,0.2154,0.0,66.91,D-1,True,2750
CQQQ,ARCA,FUND_ETF_ETN,,,,,,,,UNMEASURED,False,
CQTM,BATS,FUND_ETF_ETN,,,,,,,,UNMEASURED,False,
CR,NYSE,ELIGIBLE,206.83,82203129.728,409068.45,1.0,0.5487,0.79,26.66,D-1,True,1113
CRAC,NASDAQ,ELIGIBLE,10.24,57328.50199999999,5620.15,1.0,0.0026,0.0,,UNMEASURED,False,
CRACR,NASDAQ,RIGHT,,,,,,,,UNMEASURED,False,
CRACU,NASDAQ,UNIT,,,,,,,,UNMEASURED,False,
CRACW,NASDAQ,WARRANT,,,,,,,,UNMEASURED,False,
CRAI,NASDAQ,ELIGIBLE,162.07,21431475.801,128519.0,1.0,0.1462,0.0,77.42,D-1,True,2105
CRAK,ARCA,FUND_ETF_ETN,,,,,,,,UNMEASURED,False,
CRAM,NASDAQ,FUND_ETF_ETN,,,,,,,,UNMEASURED,False,
CRAN,NASDAQ,ELIGIBLE,10.1,517404.61799999996,51091.2,1.0,0.0,,,UNMEASURED,False,
CRANR,NASDAQ,RIGHT,,,,,,,,UNMEASURED,False,
CRANU,NASDAQ,UNIT,,,,,,,,UNMEASURED,False,
CRAQ,NASDAQ,ELIGIBLE,10.4,604746.160865,58229.5,1.0,0.0,,,UNMEASURED,False,
CRAQR,NASDAQ,RIGHT,,,,,,,,UNMEASURED,False,
CRAQU,NASDAQ,UNIT,,,,,,,,UNMEASURED,False,
CRBD,NYSE,NOTE_DEBT,,,,,,,,UNMEASURED,False,
CRBG,NYSE,ELIGIBLE,34.87,141385094.3655,4126167.95,1.0,0.9974,5.74,2.9,D-1,True,796
CRBN,ARCA,FUND_ETF_ETN,,,,,,,,UNMEASURED,False,
CRBP,NASDAQ,ELIGIBLE,7.14,11115085.86375,1344000.35,1.0,0.6923,7.05,28.27,D-1,True,2552
CRBU,NASDAQ,ELIGIBLE,1.24,1656304.6455,1202178.2,1.0,0.9,7.31,80.97,D-1,True,3658
CRC,NYSE,ELIGIBLE,52.51,50199020.388,923810.4,1.0,0.7256,3.82,24.8,D-1,True,1492
CRCA,ARCA,FUND_ETF_ETN,,,,,,,,UNMEASURED,False,
CRCD,BATS,FUND_ETF_ETN,,,,,,,,UNMEASURED,False,
CRCG,NASDAQ,FUND_ETF_ETN,,,,,,,,UNMEASURED,False,
CRCL,NYSE,ELIGIBLE,89.0,1429816375.172,15542693.25,1.0,1.0,14.63,7.33,D-1,True,72
CRCO,ARCA,FUND_ETF_ETN,,,,,,,,UNMEASURED,False,
CRCT,NASDAQ,ELIGIBLE,6.14,3956802.3354999996,691448.4,1.0,0.7103,8.17,16.5,D-1,True,3184
CRCUF,OTC,NOT_TRADABLE,,,,,,,,UNMEASURED,False,
CRD,BATS,FUND_ETF_ETN,,,,,,,,UNMEASURED,False,
CRD.A,NYSE,ELIGIBLE,12.5,988986.6605,78042.4,1.0,0.1718,0.0,334.66,D-1,False,
CRD.B,NYSE,ELIGIBLE,11.83,550361.3615,43354.2,1.0,0.0436,0.0,268.81,D-1,False,
CRDD,BATS,FUND_ETF_ETN,,,,,,,,UNMEASURED,False,
CRDF,NASDAQ,ELIGIBLE,1.24,1107937.1208600001,893502.05,1.0,0.4897,0.0,80.32,D-1,True,3877
CRDL,NASDAQ,ELIGIBLE,1.71,2655170.481,1329981.35,1.0,0.3923,0.0,58.48,D-1,True,3389
CRDO,NASDAQ,ELIGIBLE,210.97,1724360488.916,9764570.6,1.0,1.0,27.75,16.9,D-1,True,57
CRDT,ARCA,FUND_ETF_ETN,,,,,,,,UNMEASURED,False,
CRDU,BATS,FUND_ETF_ETN,,,,,,,,UNMEASURED,False,
CRDX,BATS,FUND_ETF_ETN,,,,,,,,UNMEASURED,False,
CRE,NASDAQ,ELIGIBLE,2.82,238407.52349999998,76177.75,1.0,0.3974,55.0,258.65,D-1,False,
CREG,OTC,NOT_TRADABLE,,,,,,,,UNMEASURED,False,
CRESY,NASDAQ,ELIGIBLE,12.71,3470729.3915,282788.7,1.0,0.3692,0.0,35.58,D-1,True,3248
CREUF,OTC,NOT_TRADABLE,,,,,,,,UNMEASURED,False,
CREVF,OTC,NOT_TRADABLE,,,,,,,,UNMEASURED,False,
CREX,NASDAQ,ELIGIBLE,2.48,88049.94399999999,33323.6,1.0,0.041,0.0,244.9,D-1,False,
CRF,AMEX,FUND_ETF_ETN,,,,,,,,UNMEASURED,False,
CRGEQ,OTC,NOT_TRADABLE,,,,,,,,UNMEASURED,False,
CRGO,NASDAQ,ELIGIBLE,1.05,72260.53475,63728.8,1.0,0.1718,0.0,145.88,D-1,False,
CRGOW,NASDAQ,WARRANT,,,,,,,,UNMEASURED,False,
CRGY,NYSE,ELIGIBLE,13.15,94140942.308,6724833.55,1.0,0.9949,7.6,7.58,D-1,True,1028
CRH,NYSE,ELIGIBLE,85.04,440991449.01500005,4964315.9,1.0,0.9974,7.03,7.94,D-1,True,282
CRHKY,OTC,NOT_LISTED_EXCHANGE,,,,,,,,UNMEASURED,False,
CRI,NYSE,ELIGIBLE,31.31,50496535.339,1627903.9,1.0,0.8974,4.89,13.0,D-1,True,1486
CRIB,ARCA,FUND_ETF_ETN,,,,,,,,UNMEASURED,False,
CRIS,NASDAQ,ELIGIBLE,0.8299,163437.95922000002,148042.15,1.0,0.2949,1.14,191.94,D-1,False,
CRK,NYSE,ELIGIBLE,13.12,43908697.54099999,3034636.3,1.0,0.9718,7.64,11.38,D-1,True,1596
CRKN,OTC,NOT_TRADABLE,,,,,,,,UNMEASURED,False,
CRL,NYSE,ELIGIBLE,292.84,271925599.2255,963597.65,1.0,0.7308,2.74,14.04,D-1,True,468
CRM,NYSE,ELIGIBLE,234.02,3642734129.0495005,14618241.4,1.0,1.0,7.68,4.03,D-1,True,22
CRMD,NASDAQ,ELIGIBLE,7.85,6972552.405750001,868965.15,1.0,0.6,0.0,12.89,D-1,True,2837
CRMG,NASDAQ,FUND_ETF_ETN,,,,,,,,UNMEASURED,False,
CRML,NASDAQ,ELIGIBLE,7.83,81880530.329,10318925.25,1.0,1.0,18.82,12.7,D-1,True,1116
CRMLW,NASDAQ,WARRANT,,,,,,,,UNMEASURED,False,
CRMT,NASDAQ,ELIGIBLE,1.06,1034766.7595,608391.55,1.0,0.6923,0.0,88.9,D-1,True,3913
CRMU,NASDAQ,FUND_ETF_ETN,,,,,,,,UNMEASURED,False,
CRMX,BATS,FUND_ETF_ETN,,,,,,,,UNMEASURED,False,
CRNC,NASDAQ,ELIGIBLE,7.95,4964776.711,603816.35,1.0,0.641,0.0,25.08,D-1,True,3046
CRNT,NASDAQ,ELIGIBLE,2.11,645797.5037499999,309855.2,1.0,0.4385,0.0,46.84,D-1,False,
CROB,NASDAQ,FUND_ETF_ETN,,,,,,,,UNMEASURED,False,
CRON,NASDAQ,ELIGIBLE,3.34,2718922.1045000004,824726.8,1.0,0.7692,0.0,30.21,D-1,True,3375
CROX,NASDAQ,ELIGIBLE,126.14,135681564.42249998,1145641.35,1.0,0.8179,3.55,14.79,D-1,True,820
CRPJY,OTC,NOT_LISTED_EXCHANGE,,,,,,,,UNMEASURED,False,
CRPT,ARCA,FUND_ETF_ETN,,,,,,,,UNMEASURED,False,
CRPWF,OTC,NOT_TRADABLE,,,,,,,,UNMEASURED,False,
CRS,NYSE,ELIGIBLE,396.84,378824838.7385,863990.6,1.0,0.9667,7.72,22.33,D-1,True,332
CRSH,ARCA,FUND_ETF_ETN,,,,,,,,UNMEASURED,False,
CRSP,NASDAQ,ELIGIBLE,54.23,89829476.73725,1616244.05,1.0,0.8872,6.39,14.66,D-1,True,1053
CRSR,NASDAQ,ELIGIBLE,13.66,14162389.165000001,1096518.2,1.0,0.8846,7.22,21.79,D-1,True,2381
CRT,NYSE,ELIGIBLE,12.5,443986.647,36766.65,1.0,0.0923,0.0,156.22,D-1,False,
CRTC,ARCA,FUND_ETF_ETN,,,,,,,,UNMEASURED,False,
CRTD,OTC,NOT_TRADABLE,,,,,,,,UNMEASURED,False,
CRTO,NASDAQ,ELIGIBLE,16.28,3778558.2189999996,219683.65,1.0,0.5846,3.05,30.67,D-1,True,3208
CRTWF,OTC,NOT_TRADABLE,,,,,,,,UNMEASURED,False,
CRUC,BATS,FUND_ETF_ETN,,,,,,,,UNMEASURED,False,
CRUS,NASDAQ,ELIGIBLE,119.92,111178057.9305,962357.45,1.0,0.659,0.83,21.66,D-1,True,931
CRUX,ARCA,FUND_ETF_ETN,,,,,,,,UNMEASURED,False,
CRVL,NASDAQ,ELIGIBLE,74.33,15342062.81575,217637.3,1.0,0.3487,0.0,31.54,D-1,True,2321
CRVO,NASDAQ,ELIGIBLE,2.54,406286.8545,160444.85,1.0,0.1821,0.0,115.6,D-1,False,
CRVS,NASDAQ,ELIGIBLE,11.62,14927663.184999999,1149369.15,1.0,0.8615,8.29,17.2,D-1,True,2343
CRWC,BATS,FUND_ETF_ETN,,,,,,,,UNMEASURED,False,
CRWD,NASDAQ,ELIGIBLE,252.13,2841971146.539,12247662.65,1.0,1.0,11.76,8.41,D-1,True,29
CRWG,NASDAQ,FUND_ETF_ETN,,,,,,,,UNMEASURED,False,
CRWL,NASDAQ,FUND_ETF_ETN,,,,,,,,UNMEASURED,False,
CRWS,NASDAQ,ELIGIBLE,2.5,228856.815,87064.4,1.0,0.3462,0.0,59.8,D-1,False,
CRWU,BATS,FUND_ETF_ETN,,,,,,,,UNMEASURED,False,
CRWV,NASDAQ,ELIGIBLE,87.59,2509505492.98,29124527.75,1.0,1.0,16.03,2.57,D-1,True,37
CRWX,BATS,FUND_ETF_ETN,,,,,,,,UNMEASURED,False,
CRXP,ARCA,FUND_ETF_ETN,,,,,,,,UNMEASURED,False,
CRXTQ,OTC,NOT_TRADABLE,,,,,,,,UNMEASURED,False,
CRY,NASDAQ,FUND_ETF_ETN,,,,,,,,UNMEASURED,False,
CRZBY,OTC,NOT_LISTED_EXCHANGE,,,,,,,,UNMEASURED,False,
CSAI,NASDAQ,ELIGIBLE,3.53,163950.72875,45995.45,1.0,0.0436,0.0,431.61,D-1,False,
CSANY,OTC,NOT_TRADABLE,,,,,,,,UNMEASURED,False,
CSB,NASDAQ,FUND_ETF_ETN,,,,,,,,UNMEASURED,False,
CSBR,NASDAQ,ELIGIBLE,4.9,67350.70175,13295.7,1.0,0.0205,0.0,254.02,D-1,False,
CSCIF,OTC,NOT_TRADABLE,,,,,,,,UNMEASURED,False,
CSCL,NASDAQ,FUND_ETF_ETN,,,,,,,,UNMEASURED,False,
CSCO,NASDAQ,ELIGIBLE,106.7,1974190648.9294999,18133503.0,1.0,1.0,5.57,1.4,D-1,True,50
CSCS,NASDAQ,FUND_ETF_ETN,,,,,,,,UNMEASURED,False,
CSD,ARCA,FUND_ETF_ETN,,,,,,,,UNMEASURED,False,
CSEN,NASDAQ,FUND_ETF_ETN,,,,,,,,UNMEASURED,False,
CSEP,BATS,FUND_ETF_ETN,,,,,,,,UNMEASURED,False,
CSEX,BATS,FUND_ETF_ETN,,,,,,,,UNMEASURED,False,
CSGP,NASDAQ,ELIGIBLE,28.09,230470129.28225,7581949.0,1.0,1.0,10.55,3.53,D-1,True,547
CSHI,ARCA,FUND_ETF_ETN,,,,,,,,UNMEASURED,False,
CSHP,ARCA,FUND_ETF_ETN,,,,,,,,UNMEASURED,False,
CSHR,NASDAQ,ELIGIBLE,5.53,2062650.538,365180.85,1.0,0.6974,9.08,81.56,D-1,True,3542
CSHRW,NASDAQ,WARRANT,,,,,,,,UNMEASURED,False,
CSIO,ARCA,FUND_ETF_ETN,,,,,,,,UNMEASURED,False,
CSIQ,NASDAQ,ELIGIBLE,10.8,25138291.563,2035081.1,1.0,0.9615,9.26,18.4,D-1,True,1990
CSL,NYSE,ELIGIBLE,326.37,243938812.91,731650.8,1.0,0.9333,10.32,20.65,D-1,True,525
CSLLY,OTC,NOT_LISTED_EXCHANGE,,,,,,,,UNMEASURED,False,
CSLRF,OTC,NOT_TRADABLE,,,,,,,,UNMEASURED,False,
CSM,BATS,FUND_ETF_ETN,,,,,,,,UNMEASURED,False,
CSMD,ARCA,FUND_ETF_ETN,,,,,,,,UNMEASURED,False,
CSNR,ARCA,FUND_ETF_ETN,,,,,,,,UNMEASURED,False,
CSPF,ARCA,FUND_ETF_ETN,,,,,,,,UNMEASURED,False,
CSPI,NASDAQ,ELIGIBLE,7.71,90359.196,11541.65,1.0,0.0205,0.0,207.25,D-1,False,
CSQ,NASDAQ,ELIGIBLE,20.75,3599443.835,173360.5,1.0,0.4385,0.0,34.94,D-1,True,3229
CSQR,NYSE,ELIGIBLE,17.01,30959862.1835,1725550.55,1.0,0.7744,5.85,43.67,D-1,True,1835
CSR,NYSE,ELIGIBLE,55.29,21186729.104,375268.15,1.0,0.3051,0.0,21.77,D-1,True,2111
CSRA,ARCA,FUND_ETF_ETN,,,,,,,,UNMEASURED,False,
CSRE,ARCA,FUND_ETF_ETN,,,,,,,,UNMEASURED,False,
CSSD,ARCA,FUND_ETF_ETN,,,,,,,,UNMEASURED,False,
CSSLQ,OTC,NOT_TRADABLE,,,,,,,,UNMEASURED,False,
CSSNQ,OTC,NOT_TRADABLE,,,,,,,,UNMEASURED,False,
CSSPQ,OTC,NOT_TRADABLE,,,,,,,,UNMEASURED,False,
CSTAF,OTC,NOT_TRADABLE,,,,,,,,UNMEASURED,False,
CSTE,NASDAQ,ELIGIBLE,2.94,165418.1345,55249.25,1.0,0.0949,0.0,492.26,D-1,False,
CSTK,BATS,FUND_ETF_ETN,,,,,,,,UNMEASURED,False,
CSTL,NASDAQ,ELIGIBLE,35.81,11610914.3245,337230.1,1.0,0.5436,4.22,47.92,D-1,True,2511
CSTM,NYSE,ELIGIBLE,24.89,38212325.8115,1470773.45,1.0,0.9385,4.02,16.18,D-1,True,1691
CSUAY,OTC,NOT_LISTED_EXCHANGE,,,,,,,,UNMEASURED,False,
CSV,NYSE,ELIGIBLE,31.94,4873368.726,151298.1,1.0,0.3128,0.0,83.27,D-1,True,3064
CSW,NYSE,ELIGIBLE,296.8,40429685.357,135729.3,1.0,0.2897,0.0,44.1,D-1,True,1655
CSWC,NASDAQ,ELIGIBLE,23.13,15919269.9005,659532.1,1.0,0.7333,2.14,6.54,D-1,True,2294
CSX,NASDAQ,ELIGIBLE,46.78,520107156.08100003,10806452.75,1.0,1.0,4.28,2.14,D-1,True,231
CTA,ARCA,FUND_ETF_ETN,,,,,,,,UNMEASURED,False,
CTA.PRA,NYSE,MALFORMED_OR_NON_COMMON_SYMBOL,,,,,,,,UNMEASURED,False,
CTA.PRB,NYSE,MALFORMED_OR_NON_COMMON_SYMBOL,,,,,,,,UNMEASURED,False,
CTAA,NASDAQ,ELIGIBLE,9.95,150087.43050000002,15069.0,1.0,0.0,,,UNMEASURED,False,
CTAAR,NASDAQ,RIGHT,,,,,,,,UNMEASURED,False,
CTAAU,NASDAQ,UNIT,,,,,,,,UNMEASURED,False,
CTAP,ARCA,FUND_ETF_ETN,,,,,,,,UNMEASURED,False,
CTAS,NASDAQ,ELIGIBLE,199.91,410651261.85,2065599.7,1.0,0.9897,5.64,4.01,D-1,True,308
CTAU,BATS,FUND_ETF_ETN,,,,,,,,UNMEASURED,False,
CTBI,NASDAQ,ELIGIBLE,75.56,7991640.739,104759.35,1.0,0.1795,0.0,35.71,D-1,True,2758
CTEC,NASDAQ,FUND_ETF_ETN,,,,,,,,UNMEASURED,False,
CTEF,BATS,FUND_ETF_ETN,,,,,,,,UNMEASURED,False,
CTEV,NYSE,ELIGIBLE,23.2,4718128.9795,142685.05,1.0,0.3333,0.0,94.72,D-1,True,3091
CTEX,ARCA,FUND_ETF_ETN,,,,,,,,UNMEASURED,False,
CTGG,NYSE,NOTE_DEBT,,,,,,,,UNMEASURED,False,
CTGO,AMEX,ELIGIBLE,18.55,7617550.909999999,401425.45,1.0,0.6077,5.33,30.05,D-1,True,2790
CTHH,NYSE,NOTE_DEBT,,,,,,,,UNMEASURED,False,
CTIF,BATS,FUND_ETF_ETN,,,,,,,,UNMEASURED,False,
CTJL,BATS,FUND_ETF_ETN,,,,,,,,UNMEASURED,False,
CTJN,BATS,FUND_ETF_ETN,,,,,,,,UNMEASURED,False,
CTKB,NASDAQ,ELIGIBLE,5.65,6728551.8155000005,1310071.7,1.0,0.7667,8.79,17.53,D-1,True,2860
CTM,AMEX,ELIGIBLE,0.6288,362809.99962,596306.75,1.0,0.2872,0.0,27.94,D-1,False,
CTMA,BATS,FUND_ETF_ETN,,,,,,,,UNMEASURED,False,
CTMX,NASDAQ,ELIGIBLE,2.7,13774038.213999998,4433767.65,1.0,0.9026,18.47,37.17,D-1,True,2398
CTNM,NASDAQ,ELIGIBLE,12.56,7745250.745999999,543325.5,1.0,0.6821,7.92,47.72,D-1,True,2784
CTNT,NASDAQ,ELIGIBLE,4.725,9304739.892,1219801.15,1.0,1.0,64.08,31.45,D-1,True,2655
CTO,NYSE,ELIGIBLE,20.72,8753992.410500001,421279.75,1.0,0.5615,0.0,9.77,D-1,True,2695
CTO.PRA,NYSE,MALFORMED_OR_NON_COMMON_SYMBOL,,,,,,,,UNMEASURED,False,
CTOR,NASDAQ,ELIGIBLE,1.05,94289.07521499999,95576.3,1.0,0.1,0.0,241.09,D-1,False,
CTOS,NYSE,ELIGIBLE,9.45,9053095.9365,987400.15,1.0,0.559,0.0,16.09,D-1,True,2675
CTRE,NYSE,ELIGIBLE,37.41,81268056.714,2117957.55,1.0,0.9462,4.02,6.74,D-1,True,1123
CTRI,NYSE,ELIGIBLE,20.51,34453538.2965,1717992.45,1.0,0.8359,4.88,7.35,D-1,True,1762
CTRM,NASDAQ,ELIGIBLE,2.14,137703.46725,59101.6,1.0,0.0692,0.0,,UNMEASURED,False,
CTRN,NASDAQ,ELIGIBLE,49.03,11556290.19475,193915.85,1.0,0.3256,0.0,49.91,D-1,True,2516
CTS,NYSE,ELIGIBLE,59.6,13209325.2205,229096.9,1.0,0.3256,0.83,58.33,D-1,True,2432
CTSE,BATS,FUND_ETF_ETN,,,,,,,,UNMEASURED,False,
CTSH,NASDAQ,ELIGIBLE,57.33,372854495.902,6098594.5,1.0,1.0,7.74,1.73,D-1,True,340
CTSO,NASDAQ,ELIGIBLE,4.38,191745.259695,27589.8,1.0,0.041,0.0,,UNMEASURED,False,
CTSWF,OTC,NOT_TRADABLE,,,,,,,,UNMEASURED,False,
CTTAY,OTC,NOT_LISTED_EXCHANGE,,,,,,,,UNMEASURED,False,
CTVA,NYSE,ELIGIBLE,78.52,414437976.872,4947330.5,1.0,0.9949,6.4,7.03,D-1,True,302
CTW,NASDAQ,ELIGIBLE,2.1,53750.31725,23125.5,1.0,0.0949,47.94,908.0,D-1,False,
CTWO,ARCA,ELIGIBLE,19.375,935.1112499999999,49.3,1.0,0.0,,129.03,D-1,False,
CTXR,NASDAQ,ELIGIBLE,0.5786,120857.39852500001,206587.5,1.0,0.1667,0.0,112.89,D-1,False,
CUB,NASDAQ,ELIGIBLE,10.89,1114788.66997,102535.65,1.0,0.0051,2.3,,UNMEASURED,True,3871
CUBB,NYSE,NOTE_DEBT,,,,,,,,UNMEASURED,False,
CUBE,NYSE,ELIGIBLE,37.82,109221307.456,2782228.95,1.0,0.9821,3.98,2.65,D-1,True,942
CUBI,NYSE,ELIGIBLE,77.06,21842792.341,279356.0,1.0,0.441,0.0,22.07,D-1,True,2082
CUBWU,NASDAQ,UNIT,,,,,,,,UNMEASURED,False,
CUBWW,NASDAQ,WARRANT,,,,,,,,UNMEASURED,False,
CUE,NASDAQ,ELIGIBLE,31.41,12730372.5725,422493.05,1.0,0.4359,0.0,134.09,D-1,True,2453
CUEN,OTC,NOT_TRADABLE,,,,,,,,UNMEASURED,False,
CULP,NASDAQ,ELIGIBLE,3.56,768725.757,209710.85,1.0,0.141,0.0,83.92,D-1,False,
CUPR,NASDAQ,ELIGIBLE,1.87,296142.23124500003,141216.0,1.0,0.0256,0.0,269.54,D-1,False,
CURB,NYSE,ELIGIBLE,28.46,44933550.805,1547981.75,1.0,0.8231,1.76,7.06,D-1,True,1580
CURE,ARCA,FUND_ETF_ETN,,,,,,,,UNMEASURED,False,
CURI,NASDAQ,ELIGIBLE,3.1,2285196.9102499997,815700.3,1.0,0.6718,0.0,32.47,D-1,True,3469
CURR,NASDAQ,ELIGIBLE,3.0,2312627.137,698934.2,1.0,0.1256,0.0,134.23,D-1,True,3467
CURV,NYSE,ELIGIBLE,2.35,1145288.0555,484318.0,1.0,0.2872,0.0,61.19,D-1,True,3860
CURX,NASDAQ,ELIGIBLE,4.74,117141.29199999999,24787.65,1.0,0.1513,0.0,601.44,D-1,False,
CUST,BATS,FUND_ETF_ETN,,,,,,,,UNMEASURED,False,
CUT,ARCA,FUND_ETF_ETN,,,,,,,,UNMEASURED,False,
CUVL,NASDAQ,ELIGIBLE,5.63,158210.256,26012.9,1.0,0.0385,0.0,89.09,D-1,False,
CUZ,NYSE,ELIGIBLE,28.65,42116026.775,1477054.05,1.0,0.8641,3.48,3.49,D-1,True,1621
CV,NASDAQ,ELIGIBLE,6.65,1715016.702,268550.55,1.0,0.3667,0.0,77.91,D-1,True,3632
CVAR,BATS,FUND_ETF_ETN,,,,,,,,UNMEASURED,False,
CVAT,OTC,NOT_TRADABLE,,,,,,,,UNMEASURED,False,
CVBF,NASDAQ,ELIGIBLE,22.53,31036863.460500002,1380557.65,1.0,0.9333,2.22,4.44,D-1,True,1830
CVCO,NASDAQ,ELIGIBLE,557.28,56626129.67999999,103629.95,1.0,0.3051,2.51,72.99,D-1,True,1400
CVE,NYSE,ELIGIBLE,30.93,212737737.602,6554744.65,1.0,1.0,8.05,3.25,D-1,True,592
CVEO,NYSE,ELIGIBLE,32.47,2567455.4524999997,76134.15,1.0,0.141,0.0,129.71,D-1,True,3411
CVGD,ARCA,FUND_ETF_ETN,,,,,,,,UNMEASURED,False,
CVGI,NASDAQ,ELIGIBLE,2.98,760518.817,248684.45,1.0,0.3026,0.0,33.67,D-1,False,
CVI,NYSE,ELIGIBLE,51.52,60146144.8515,1236121.1,1.0,0.8154,9.6,23.85,D-1,True,1355
CVIE,ARCA,FUND_ETF_ETN,,,,,,,,UNMEASURED,False,
CVKD,NASDAQ,ELIGIBLE,1.15,2098973.3989999997,1243284.55,1.0,0.1641,0.0,273.64,D-1,True,3528
CVLC,ARCA,FUND_ETF_ETN,,,,,,,,UNMEASURED,False,
CVLG,NYSE,ELIGIBLE,32.47,8081718.1235,233360.2,1.0,0.2872,0.02,52.01,D-1,True,2751
CVLT,NASDAQ,ELIGIBLE,145.54,77230345.75175,550843.2,1.0,0.6718,2.04,16.98,D-1,True,1154
CVM,AMEX,ELIGIBLE,1.67,179263.649,111183.1,1.0,0.1128,0.0,118.69,D-1,False,
CVMC,ARCA,FUND_ETF_ETN,,,,,,,,UNMEASURED,False,
CVNA,NYSE,ELIGIBLE,65.06,455049994.647,6606950.15,1.0,1.0,12.34,4.67,D-1,True,268
CVNY,ARCA,FUND_ETF_ETN,,,,,,,,UNMEASURED,False,
CVR,AMEX,ELIGIBLE,10.2499,42278.11258,4146.25,1.0,0.0,,541.52,D-1,False,
CVRD,ARCA,FUND_ETF_ETN,,,,,,,,UNMEASURED,False,
CVRT,ARCA,FUND_ETF_ETN,,,,,,,,UNMEASURED,False,
CVRX,NASDAQ,ELIGIBLE,2.7,1712651.1765,585662.25,1.0,0.6026,0.0,37.95,D-1,True,3633
CVS,NYSE,ELIGIBLE,89.13,694709188.412,7591971.7,1.0,1.0,10.19,4.0,D-1,True,167
CVSA,NYSE,ELIGIBLE,120.75,45053527.068,354658.7,1.0,0.541,2.48,29.62,D-1,True,1578
CVSB,ARCA,FUND_ETF_ETN,,,,,,,,UNMEASURED,False,
CVSM,ARCA,FUND_ETF_ETN,,,,,,,,UNMEASURED,False,
CVU,AMEX,ELIGIBLE,5.08,224785.72650000002,43858.75,1.0,0.1,0.0,88.5,D-1,False,
CVV,NASDAQ,ELIGIBLE,4.4,578346.4645,113924.85,1.0,0.0718,0.0,158.53,D-1,False,
CVX,NYSE,ELIGIBLE,204.45,2117691678.1384997,10114985.75,1.0,1.0,5.68,2.32,D-1,True,46
CVY,ARCA,FUND_ETF_ETN,,,,,,,,UNMEASURED,False,
CW,NYSE,ELIGIBLE,539.73,246340003.3,436932.8,1.0,0.6385,1.67,13.88,D-1,True,523
CWB,ARCA,FUND_ETF_ETN,,,,,,,,UNMEASURED,False,
CWBC,NASDAQ,ELIGIBLE,26.77,4934762.164,189107.75,1.0,0.341,0.0,28.28,D-1,True,3056
CWBR,OTC,NOT_TRADABLE,,,,,,,,UNMEASURED,False,
CWCO,NASDAQ,ELIGIBLE,27.86,2449954.0455,85874.75,1.0,0.2,0.0,41.32,D-1,True,3437
CWD,NASDAQ,ELIGIBLE,0.6242,3960074.325829999,5487201.4,1.0,0.3744,1.58,102.06,D-1,False,
CWEB,ARCA,FUND_ETF_ETN,,,,,,,,UNMEASURED,False,
CWEN,NYSE,ELIGIBLE,29.77,39312116.454,1267795.95,1.0,0.8385,3.37,10.13,D-1,True,1673
CWH,NYSE,ELIGIBLE,5.39,11280289.899500001,1897061.55,1.0,0.9821,9.3,18.62,D-1,True,2531
CWI,ARCA,FUND_ETF_ETN,,,,,,,,UNMEASURED,False,
CWK,NYSE,ELIGIBLE,12.16,23670779.7645,1835415.2,1.0,0.9,8.1,8.16,D-1,True,2034
CWS,ARCA,FUND_ETF_ETN,,,,,,,,UNMEASURED,False,
CWST,NASDAQ,ELIGIBLE,82.24,44840610.236,500203.05,1.0,0.5744,1.2,19.83,D-1,True,1583
CWT,NYSE,ELIGIBLE,46.17,24501082.923,502846.15,1.0,0.4462,0.0,15.26,D-1,True,2012
CWVX,BATS,FUND_ETF_ETN,,,,,,,,UNMEASURED,False,
CWY,NASDAQ,FUND_ETF_ETN,,,,,,,,UNMEASURED,False,
CX,NYSE,ELIGIBLE,9.71,67303306.0325,6535139.4,1.0,0.9949,9.85,10.31,D-1,True,1263
CXAI,NASDAQ,ELIGIBLE,2.495,349447.126,116010.45,1.0,0.1051,0.0,199.6,D-1,False,
CXAIW,NASDAQ,WARRANT,,,,,,,,UNMEASURED,False,
CXDC,OTC,NOT_TRADABLE,,,,,,,,UNMEASURED,False,
CXDO,NASDAQ,ELIGIBLE,6.09,1881793.2059999998,323194.0,1.0,0.4385,0.0,34.17,D-1,True,3585
CXII,NASDAQ,ELIGIBLE,10.79,290662.13164,26942.75,1.0,0.0051,0.0,,UNMEASURED,False,
CXIIU,NASDAQ,UNIT,,,,,,,,UNMEASURED,False,
CXIIW,NASDAQ,WARRANT,,,,,,,,UNMEASURED,False,
CXM,NYSE,ELIGIBLE,5.07,27072793.792000003,4313531.0,1.0,0.8846,9.46,19.18,D-1,True,1929
CXRN,ARCA,FUND_ETF_ETN,,,,,,,,UNMEASURED,False,
CXSE,NASDAQ,FUND_ETF_ETN,,,,,,,,UNMEASURED,False,
CXT,NYSE,ELIGIBLE,47.72,27563008.9955,567775.15,1.0,0.6487,3.15,26.34,D-1,True,1913
CXW,NYSE,ELIGIBLE,32.13,69928885.098,2062922.05,1.0,0.9436,13.92,14.19,D-1,True,1237
CYAB,NASDAQ,ELIGIBLE,0.2172,6799750.23473,17206317.2,1.0,0.3769,0.0,115.75,D-1,False,
CYADY,OTC,NOT_TRADABLE,,,,,,,,UNMEASURED,False,
CYAN,OTC,NOT_TRADABLE,,,,,,,,UNMEASURED,False,
CYBL,OTC,NOT_TRADABLE,,,,,,,,UNMEASURED,False,
CYCU,NASDAQ,ELIGIBLE,2.81,916931.1295,268203.7,1.0,0.2462,0.0,112.95,D-1,False,
CYCUW,NASDAQ,WARRANT,,,,,,,,UNMEASURED,False,
CYD,NYSE,ELIGIBLE,33.03,4115599.5585000003,117039.65,1.0,0.3359,0.0,79.94,D-1,True,3164
CYH,NYSE,ELIGIBLE,2.94,3594235.5905,1230172.9,1.0,0.6667,0.0,34.19,D-1,True,3231
CYN,NASDAQ,ELIGIBLE,0.6899,153446.58795000002,185581.95,1.0,0.2744,0.0,60.34,D-1,False,
CYPH,NASDAQ,ELIGIBLE,4.12,52114263.63125,17711058.65,1.0,1.0,49.87,25.35,D-1,True,1463
CYRNQ,OTC,NOT_TRADABLE,,,,,,,,UNMEASURED,False,
CYRX,NASDAQ,ELIGIBLE,17.41,9277040.067499999,563358.55,1.0,0.5462,0.0,20.17,D-1,True,2656
CYTK,NASDAQ,ELIGIBLE,64.66,148619463.10050002,2112646.4,1.0,0.9205,8.5,17.0,D-1,True,767
CYTOF,OTC,NOT_TRADABLE,,,,,,,,UNMEASURED,False,
CZA,ARCA,FUND_ETF_ETN,,,,,,,,UNMEASURED,False,
CZFS,NASDAQ,ELIGIBLE,79.85,2861276.0640000002,35104.45,1.0,0.0333,16.26,135.22,D-1,True,3354
CZNC,NASDAQ,ELIGIBLE,25.7,1441789.278,55934.95,1.0,0.1103,0.0,56.62,D-1,True,3721
CZOOF,OTC,NOT_TRADABLE,,,,,,,,UNMEASURED,False,
CZOWF,OTC,NOT_TRADABLE,,,,,,,,UNMEASURED,False,
CZR,NASDAQ,ELIGIBLE,29.59,132979732.5695,4485145.15,1.0,0.9026,1.69,3.38,D-1,True,829
CZWI,NASDAQ,ELIGIBLE,21.34,1286297.566,59267.9,1.0,0.0872,0.0,182.52,D-1,True,3795
D,NYSE,ELIGIBLE,60.68,332308072.211,5180311.45,1.0,1.0,5.79,1.65,D-1,True,393
DAAQ,NASDAQ,ELIGIBLE,10.46,788755.8440449999,75540.25,1.0,0.0077,0.0,,UNMEASURED,False,
DAAQU,NASDAQ,UNIT,,,,,,,,UNMEASURED,False,
DAAQW,NASDAQ,WARRANT,,,,,,,,UNMEASURED,False,
DABS,ARCA,FUND_ETF_ETN,,,,,,,,UNMEASURED,False,
DAC,NYSE,ELIGIBLE,154.14,19904266.3725,127362.6,1.0,0.2231,3.26,61.16,D-1,True,2149
DACL,ARCA,FUND_ETF_ETN,,,,,,,,UNMEASURED,False,
DADS,NASDAQ,FUND_ETF_ETN,,,,,,,,UNMEASURED,False,
DAIC,NASDAQ,ELIGIBLE,3.2,37573964.7675,8115056.35,1.0,0.4333,0.0,224.04,D-1,True,1708
DAICW,NASDAQ,WARRANT,,,,,,,,UNMEASURED,False,
DAIO,NASDAQ,ELIGIBLE,2.85,60353.45925,21332.2,1.0,0.0256,0.0,,UNMEASURED,False,
DAK,NASDAQ,FUND_ETF_ETN,,,,,,,,UNMEASURED,False,
DAKT,NASDAQ,ELIGIBLE,17.02,14763844.627,794587.9,1.0,0.5872,2.91,17.48,D-1,True,2355
DAL,NYSE,ELIGIBLE,84.94,555950206.5305,6941015.75,1.0,1.0,8.82,3.59,D-1,True,210
DALI,NASDAQ,FUND_ETF_ETN,,,,,,,,UNMEASURED,False,
DAMD,ARCA,FUND_ETF_ETN,,,,,,,,UNMEASURED,False,
DAN,NYSE,ELIGIBLE,27.14,43570765.2015,1452663.45,1.0,0.9,7.25,12.79,D-1,True,1602
DANA,ARCA,FUND_ETF_ETN,,,,,,,,UNMEASURED,False,
DANOY,OTC,NOT_LISTED_EXCHANGE,,,,,,,,UNMEASURED,False,
DAO,NYSE,ELIGIBLE,14.7,1133764.4980000001,74533.9,1.0,0.0744,0.0,111.59,D-1,True,3864
DAPP,NASDAQ,FUND_ETF_ETN,,,,,,,,UNMEASURED,False,
DAPR,BATS,FUND_ETF_ETN,,,,,,,,UNMEASURED,False,
DAR,NYSE,ELIGIBLE,61.29,159389724.115,2453413.0,1.0,0.9641,8.27,8.21,D-1,True,736
DARE,NASDAQ,ELIGIBLE,0.7755,201974.842925,269274.45,1.0,0.1564,0.0,192.27,D-1,False,
DARP,ARCA,FUND_ETF_ETN,,,,,,,,UNMEASURED,False,
DASH,NASDAQ,ELIGIBLE,193.36,793552115.429,3913002.2,1.0,0.9974,9.41,14.68,D-1,True,149
DAT,ARCA,FUND_ETF_ETN,,,,,,,,UNMEASURED,False,
DAUG,BATS,FUND_ETF_ETN,,,,,,,,UNMEASURED,False,
DAVA,NYSE,ELIGIBLE,1.81,1569906.099,708359.3,1.0,0.5231,0.0,54.35,D-1,True,3680
DAVE,NASDAQ,ELIGIBLE,324.88,122652156.403,344003.0,1.0,0.3667,0.0,54.82,D-1,True,878
DAVEW,NASDAQ,WARRANT,,,,,,,,UNMEASURED,False,
DAX,NASDAQ,FUND_ETF_ETN,,,,,,,,UNMEASURED,False,
DB,NYSE,ELIGIBLE,36.57,74597783.377,1917603.9,1.0,0.9487,4.11,2.75,D-1,True,1180
DBA,ARCA,FUND_ETF_ETN,,,,,,,,UNMEASURED,False,
DBAW,ARCA,FUND_ETF_ETN,,,,,,,,UNMEASURED,False,
DBB,ARCA,FUND_ETF_ETN,,,,,,,,UNMEASURED,False,
DBC,ARCA,FUND_ETF_ETN,,,,,,,,UNMEASURED,False,
DBCA,NASDAQ,ELIGIBLE,10.03,377987.609885,37708.2,1.0,0.0128,0.0,19.94,D-1,False,
DBCAU,NASDAQ,UNIT,,,,,,,,UNMEASURED,False,
DBCAW,NASDAQ,WARRANT,,,,,,,,UNMEASURED,False,
DBD,NYSE,ELIGIBLE,62.72,15243344.304,232999.85,1.0,0.1897,0.0,58.69,D-1,True,2326
DBE,ARCA,FUND_ETF_ETN,,,,,,,,UNMEASURED,False,
DBEF,ARCA,FUND_ETF_ETN,,,,,,,,UNMEASURED,False,
DBEM,ARCA,FUND_ETF_ETN,,,,,,,,UNMEASURED,False,
DBEU,ARCA,FUND_ETF_ETN,,,,,,,,UNMEASURED,False,
DBEZ,ARCA,FUND_ETF_ETN,,,,,,,,UNMEASURED,False,
DBGI,NASDAQ,ELIGIBLE,4.73,13152745.956,2129497.55,1.0,0.5,0.0,151.53,D-1,True,2436
DBI,NYSE,ELIGIBLE,6.13,4778110.805,812041.2,1.0,0.6513,0.0,32.59,D-1,True,3084
DBJP,ARCA,FUND_ETF_ETN,,,,,,,,UNMEASURED,False,
DBL,NYSE,FUND_ETF_ETN,,,,,,,,UNMEASURED,False,
DBMF,ARCA,FUND_ETF_ETN,,,,,,,,UNMEASURED,False,
DBND,ARCA,FUND_ETF_ETN,,,,,,,,UNMEASURED,False,
DBO,ARCA,FUND_ETF_ETN,,,,,,,,UNMEASURED,False,
DBOEY,OTC,NOT_LISTED_EXCHANGE,,,,,,,,UNMEASURED,False,
DBP,ARCA,FUND_ETF_ETN,,,,,,,,UNMEASURED,False,
DBRG,NYSE,ELIGIBLE,15.98,92972954.9125,5834679.1,1.0,0.9949,3.13,6.26,D-1,True,1034
DBRG.PRH,NYSE,MALFORMED_OR_NON_COMMON_SYMBOL,,,,,,,,UNMEASURED,False,
DBRG.PRI,NYSE,MALFORMED_OR_NON_COMMON_SYMBOL,,,,,,,,UNMEASURED,False,
DBRG.PRJ,NYSE,MALFORMED_OR_NON_COMMON_SYMBOL,,,,,,,,UNMEASURED,False,
DBSDY,OTC,NOT_LISTED_EXCHANGE,,,,,,,,UNMEASURED,False,
DBVT,NASDAQ,ELIGIBLE,11.56,3893105.886,317217.95,1.0,0.4487,0.0,68.72,D-1,True,3193
DBX,NASDAQ,ELIGIBLE,32.32,165075239.333,4694659.55,1.0,0.9974,7.63,3.06,D-1,True,716
DC,AMEX,ELIGIBLE,6.61,9525827.356,1530786.05,1.0,0.8821,7.47,14.95,D-1,True,2645
DCAP,BATS,FUND_ETF_ETN,,,,,,,,UNMEASURED,False,
DCBG,NYSE,NOTE_DEBT,,,,,,,,UNMEASURED,False,
DCBO,NASDAQ,ELIGIBLE,22.84,1068197.675,43584.45,1.0,0.1205,0.0,92.66,D-1,True,3898
DCFWQ,OTC,NOT_TRADABLE,,,,,,,,UNMEASURED,False,
DCGO,NASDAQ,ELIGIBLE,0.3445,243567.98112500002,662124.1,1.0,0.441,0.0,111.82,D-1,False,
DCH,NYSE,ELIGIBLE,5.46,21390867.2555,3554540.2,1.0,0.9436,9.22,18.31,D-1,True,2106
DCI,NYSE,ELIGIBLE,87.41,60723413.523,688610.3,1.0,0.5846,1.14,9.17,D-1,True,1342
DCMT,ARCA,FUND_ETF_ETN,,,,,,,,UNMEASURED,False,
DCO,NYSE,ELIGIBLE,172.15,43777641.1695,258679.7,1.0,0.3077,0.86,42.97,D-1,True,1598
DCOM,NYSE,ELIGIBLE,40.37,12116360.617,298833.05,1.0,0.4846,0.0,14.21,D-1,True,2484
DCOM.PR,NYSE,MALFORMED_OR_NON_COMMON_SYMBOL,,,,,,,,UNMEASURED,False,
DCOR,ARCA,NOT_SEC_REGISTRANT_TICKER,,,,,,,,UNMEASURED,False,
DCOY,NASDAQ,ELIGIBLE,3.09,21836256.926,6723454.6,1.0,0.5128,25.07,47.51,D-1,True,2083
DCRE,ARCA,FUND_ETF_ETN,,,,,,,,UNMEASURED,False,
DCTH,NASDAQ,ELIGIBLE,15.6,5998180.327,370053.2,1.0,0.4897,0.0,22.12,D-1,True,2934
DCX,NASDAQ,ELIGIBLE,7.904,5620337.585,278183.3,1.0,0.9769,98.23,145.37,D-1,True,2983
DD,NYSE,ELIGIBLE,131.71,156670261.692,1202894.45,1.0,0.8333,3.05,17.55,D-1,True,743
DDC,AMEX,ELIGIBLE,0.1976,1773077.65557,7393382.45,1.0,0.7513,5.18,153.63,D-1,False,
DDD,NYSE,ELIGIBLE,3.57,7836873.9535,2293844.5,1.0,0.9487,14.07,28.5,D-1,True,2779
DDDD,ARCA,FUND_ETF_ETN,,,,,,,,UNMEASURED,False,
DDEC,BATS,FUND_ETF_ETN,,,,,,,,UNMEASURED,False,
DDFA,BATS,FUND_ETF_ETN,,,,,,,,UNMEASURED,False,
DDFD,BATS,FUND_ETF_ETN,,,,,,,,UNMEASURED,False,
DDFF,BATS,FUND_ETF_ETN,,,,,,,,UNMEASURED,False,
DDFG,BATS,FUND_ETF_ETN,,,,,,,,UNMEASURED,False,
DDFJ,BATS,FUND_ETF_ETN,,,,,,,,UNMEASURED,False,
DDFL,BATS,FUND_ETF_ETN,,,,,,,,UNMEASURED,False,
DDFM,BATS,FUND_ETF_ETN,,,,,,,,UNMEASURED,False,
DDFN,BATS,FUND_ETF_ETN,,,,,,,,UNMEASURED,False,
DDFO,BATS,FUND_ETF_ETN,,,,,,,,UNMEASURED,False,
DDFS,BATS,FUND_ETF_ETN,,,,,,,,UNMEASURED,False,
DDFY,BATS,FUND_ETF_ETN,,,,,,,,UNMEASURED,False,
DDFZ,BATS,FUND_ETF_ETN,,,,,,,,UNMEASURED,False,
DDI,NASDAQ,ELIGIBLE,13.0,2229268.62125,174091.95,1.0,0.2923,0.0,23.0,D-1,True,3487
DDIV,NASDAQ,FUND_ETF_ETN,,,,,,,,UNMEASURED,False,
DDL,NYSE,ELIGIBLE,2.22,614151.7305,273675.6,1.0,0.3128,0.0,45.66,D-1,False,
DDLS,BATS,FUND_ETF_ETN,,,,,,,,UNMEASURED,False,
DDM,ARCA,FUND_ETF_ETN,,,,,,,,UNMEASURED,False,
DDNQ,BATS,FUND_ETF_ETN,,,,,,,,UNMEASURED,False,
DDOG,NASDAQ,ELIGIBLE,268.13,851214125.80725,3681712.75,1.0,0.9974,14.73,16.7,D-1,True,139
DDS,NYSE,ELIGIBLE,664.07,116852856.06300001,183052.05,1.0,0.4487,3.02,48.98,D-1,True,900
DDSQ,BATS,FUND_ETF_ETN,,,,,,,,UNMEASURED,False,
DDT,NYSE,NOTE_DEBT,,,,,,,,UNMEASURED,False,
DDTA,BATS,FUND_ETF_ETN,,,,,,,,UNMEASURED,False,
DDTD,BATS,FUND_ETF_ETN,,,,,,,,UNMEASURED,False,
DDTF,BATS,FUND_ETF_ETN,,,,,,,,UNMEASURED,False,
DDTG,BATS,FUND_ETF_ETN,,,,,,,,UNMEASURED,False,
DDTJ,BATS,FUND_ETF_ETN,,,,,,,,UNMEASURED,False,
DDTL,BATS,FUND_ETF_ETN,,,,,,,,UNMEASURED,False,
DDTM,BATS,FUND_ETF_ETN,,,,,,,,UNMEASURED,False,
DDTN,BATS,FUND_ETF_ETN,,,,,,,,UNMEASURED,False,
DDTO,BATS,FUND_ETF_ETN,,,,,,,,UNMEASURED,False,
DDTS,BATS,FUND_ETF_ETN,,,,,,,,UNMEASURED,False,
DDTY,BATS,FUND_ETF_ETN,,,,,,,,UNMEASURED,False,
DDTZ,BATS,FUND_ETF_ETN,,,,,,,,UNMEASURED,False,
DDV,BATS,FUND_ETF_ETN,,,,,,,,UNMEASURED,False,
DDWM,BATS,FUND_ETF_ETN,,,,,,,,UNMEASURED,False,
DDX,BATS,FUND_ETF_ETN,,,,,,,,UNMEASURED,False,
DDXX,BATS,FUND_ETF_ETN,,,,,,,,UNMEASURED,False,
DE,NYSE,ELIGIBLE,690.46,939713048.3295,1373262.15,1.0,0.9846,5.78,11.11,D-1,True,116
DEA,NYSE,ELIGIBLE,22.91,8775988.7345,370393.6,1.0,0.5564,0.0,12.11,D-1,True,2693
DEC,NYSE,ELIGIBLE,13.79,13346554.837000001,919085.75,1.0,0.8462,3.6,21.73,D-1,True,2425
DECK,NYSE,ELIGIBLE,78.67,270762848.87049997,3341056.7,1.0,0.9974,6.35,6.96,D-1,True,469
DECM,BATS,FUND_ETF_ETN,,,,,,,,UNMEASURED,False,
DECO,NASDAQ,FUND_ETF_ETN,,,,,,,,UNMEASURED,False,
DECP,BATS,FUND_ETF_ETN,,,,,,,,UNMEASURED,False,
DECT,BATS,FUND_ETF_ETN,,,,,,,,UNMEASURED,False,
DECU,BATS,FUND_ETF_ETN,,,,,,,,UNMEASURED,False,
DECW,BATS,FUND_ETF_ETN,,,,,,,,UNMEASURED,False,
DECZ,BATS,FUND_ETF_ETN,,,,,,,,UNMEASURED,False,
DEED,ARCA,FUND_ETF_ETN,,,,,,,,UNMEASURED,False,
DEEF,ARCA,FUND_ETF_ETN,,,,,,,,UNMEASURED,False,
DEEP,ARCA,FUND_ETF_ETN,,,,,,,,UNMEASURED,False,
DEFR,BATS,FUND_ETF_ETN,,,,,,,,UNMEASURED,False,
DEFT,NASDAQ,ELIGIBLE,0.504,1534442.229525,2635952.9,1.0,0.7436,1.98,99.56,D-1,False,
DEHP,ARCA,FUND_ETF_ETN,,,,,,,,UNMEASURED,False,
DEI,NYSE,ELIGIBLE,9.82,21480488.547,2036526.0,1.0,0.9615,5.09,10.18,D-1,True,2104
DELL,NYSE,ELIGIBLE,562.89,5927152215.4185,11293069.0,1.0,1.0,15.97,6.88,D-1,True,15
DEM,ARCA,FUND_ETF_ETN,,,,,,,,UNMEASURED,False,
DEMZ,NASDAQ,FUND_ETF_ETN,,,,,,,,UNMEASURED,False,
DEO,NYSE,ELIGIBLE,87.52,81464831.397,928923.15,1.0,0.8333,2.28,4.02,D-1,True,1121
DEPW,ARCA,FUND_ETF_ETN,,,,,,,,UNMEASURED,False,
DERM,NASDAQ,ELIGIBLE,6.14,1251174.4555,176341.05,1.0,0.3205,0.0,56.31,D-1,True,3812
DES,ARCA,FUND_ETF_ETN,,,,,,,,UNMEASURED,False,
DESK,ARCA,FUND_ETF_ETN,,,,,,,,UNMEASURED,False,
DETX,NASDAQ,ELIGIBLE,2.108,88115.470285,37465.65,1.0,0.0256,0.0,909.09,D-1,False,
DEUS,ARCA,FUND_ETF_ETN,,,,,,,,UNMEASURED,False,
DEVSF,OTC,NOT_TRADABLE,,,,,,,,UNMEASURED,False,
DEW,ARCA,FUND_ETF_ETN,,,,,,,,UNMEASURED,False,
DEXC,ARCA,FUND_ETF_ETN,,,,,,,,UNMEASURED,False,
DFAC,ARCA,FUND_ETF_ETN,,,,,,,,UNMEASURED,False,
DFAE,ARCA,FUND_ETF_ETN,,,,,,,,UNMEASURED,False,
DFAI,ARCA,FUND_ETF_ETN,,,,,,,,UNMEASURED,False,
DFAL,BATS,FUND_ETF_ETN,,,,,,,,UNMEASURED,False,
DFAR,ARCA,FUND_ETF_ETN,,,,,,,,UNMEASURED,False,
DFAS,ARCA,FUND_ETF_ETN,,,,,,,,UNMEASURED,False,
DFAT,ARCA,FUND_ETF_ETN,,,,,,,,UNMEASURED,False,
DFAU,ARCA,FUND_ETF_ETN,,,,,,,,UNMEASURED,False,
DFAW,ARCA,FUND_ETF_ETN,,,,,,,,UNMEASURED,False,
DFAX,ARCA,FUND_ETF_ETN,,,,,,,,UNMEASURED,False,
DFCA,ARCA,FUND_ETF_ETN,,,,,,,,UNMEASURED,False,
DFCF,ARCA,FUND_ETF_ETN,,,,,,,,UNMEASURED,False,
DFDV,NASDAQ,ELIGIBLE,6.04,14791223.4995,2607069.0,1.0,0.9718,17.86,17.38,D-1,True,2353
DFDVW,NASDAQ,WARRANT,,,,,,,,UNMEASURED,False,
DFE,ARCA,FUND_ETF_ETN,,,,,,,,UNMEASURED,False,
DFEB,BATS,FUND_ETF_ETN,,,,,,,,UNMEASURED,False,
DFEM,ARCA,FUND_ETF_ETN,,,,,,,,UNMEASURED,False,
DFEN,ARCA,FUND_ETF_ETN,,,,,,,,UNMEASURED,False,
DFEV,ARCA,FUND_ETF_ETN,,,,,,,,UNMEASURED,False,
DFGP,NASDAQ,FUND_ETF_ETN,,,,,,,,UNMEASURED,False,
DFGR,ARCA,FUND_ETF_ETN,,,,,,,,UNMEASURED,False,
DFGX,NASDAQ,FUND_ETF_ETN,,,,,,,,UNMEASURED,False,
DFH,NYSE,ELIGIBLE,11.3,11999471.438499998,979326.6,1.0,0.7949,8.78,35.59,D-1,True,2492
DFIC,BATS,FUND_ETF_ETN,,,,,,,,UNMEASURED,False,
DFII,ARCA,FUND_ETF_ETN,,,,,,,,UNMEASURED,False,
DFIN,NYSE,ELIGIBLE,48.92,11958227.754999999,246041.75,1.0,0.2923,0.0,41.95,D-1,True,2494
DFIP,ARCA,FUND_ETF_ETN,,,,,,,,UNMEASURED,False,
DFIS,BATS,FUND_ETF_ETN,,,,,,,,UNMEASURED,False,
DFIV,ARCA,FUND_ETF_ETN,,,,,,,,UNMEASURED,False,
DFJ,ARCA,FUND_ETF_ETN,,,,,,,,UNMEASURED,False,
DFLI,NASDAQ,ELIGIBLE,0.9135,265145.0421,275351.25,1.0,0.359,0.0,117.88,D-1,False,
DFLIW,NASDAQ,WARRANT,,,,,,,,UNMEASURED,False,
DFLV,ARCA,FUND_ETF_ETN,,,,,,,,UNMEASURED,False,
DFMC,ARCA,FUND_ETF_ETN,,,,,,,,UNMEASURED,False,
DFNL,BATS,FUND_ETF_ETN,,,,,,,,UNMEASURED,False,
DFNM,ARCA,FUND_ETF_ETN,,,,,,,,UNMEASURED,False,
DFNS,NASDAQ,ELIGIBLE,7.79,5006611.3575,523486.4,1.0,0.4436,0.0,64.31,D-1,True,3043
DFNSW,NASDAQ,WARRANT,,,,,,,,UNMEASURED,False,
DFP,NYSE,FUND_ETF_ETN,,,,,,,,UNMEASURED,False,
DFSB,ARCA,FUND_ETF_ETN,,,,,,,,UNMEASURED,False,
DFSC,NASDAQ,ELIGIBLE,1.1,214191.68349999998,157322.5,1.0,0.1692,0.0,181.83,D-1,False,
DFSCW,NASDAQ,WARRANT,,,,,,,,UNMEASURED,False,
DFSD,ARCA,FUND_ETF_ETN,,,,,,,,UNMEASURED,False,
DFSE,ARCA,FUND_ETF_ETN,,,,,,,,UNMEASURED,False,
DFSI,ARCA,FUND_ETF_ETN,,,,,,,,UNMEASURED,False,
DFSU,ARCA,FUND_ETF_ETN,,,,,,,,UNMEASURED,False,
DFSV,ARCA,FUND_ETF_ETN,,,,,,,,UNMEASURED,False,
DFTT,ARCA,FUND_ETF_ETN,,,,,,,,UNMEASURED,False,
DFTX,NASDAQ,ELIGIBLE,36.17,89451402.2815,2319655.6,1.0,0.9872,9.6,17.82,D-1,True,1055
DFUS,ARCA,FUND_ETF_ETN,,,,,,,,UNMEASURED,False,
DFUV,ARCA,FUND_ETF_ETN,,,,,,,,UNMEASURED,False,
DFVE,ARCA,FUND_ETF_ETN,,,,,,,,UNMEASURED,False,
DFVX,ARCA,FUND_ETF_ETN,,,,,,,,UNMEASURED,False,
DG,NYSE,ELIGIBLE,124.84,330240279.8135,2627815.3,1.0,0.9641,6.79,12.08,D-1,True,396
DGAC,NYSE,ELIGIBLE,10.0,390960.11205500003,39096.25,1.0,0.0026,0.0,20.0,D-1,False,
DGAC.RT,NYSE,MALFORMED_OR_NON_COMMON_SYMBOL,,,,,,,,UNMEASURED,False,
DGAC.U,NYSE,RIGHT,,,,,,,,UNMEASURED,False,
DGAP,BATS,FUND_ETF_ETN,,,,,,,,UNMEASURED,False,
DGCB,NASDAQ,FUND_ETF_ETN,,,,,,,,UNMEASURED,False,
DGICA,NASDAQ,ELIGIBLE,18.09,2132697.2325,112920.05,1.0,0.3667,0.0,16.71,D-1,True,3516
DGICB,NASDAQ,ELIGIBLE,18.2,32549.421499999997,1549.95,1.0,0.0051,23.03,361.99,D-1,False,
DGII,NASDAQ,ELIGIBLE,78.3,27130027.30575,378019.65,1.0,0.4538,0.64,42.89,D-1,True,1924
DGIN,ARCA,FUND_ETF_ETN,,,,,,,,UNMEASURED,False,
DGJA,BATS,FUND_ETF_ETN,,,,,,,,UNMEASURED,False,
DGJL,BATS,FUND_ETF_ETN,,,,,,,,UNMEASURED,False,
DGLO,NASDAQ,FUND_ETF_ETN,,,,,,,,UNMEASURED,False,
DGLY,NASDAQ,NOT_TRADABLE,,,,,,,,UNMEASURED,False,
DGNX,NASDAQ,ELIGIBLE,1.35,614802.8085,434037.8,1.0,0.4538,0.0,71.97,D-1,False,
DGOC,BATS,FUND_ETF_ETN,,,,,,,,UNMEASURED,False,
DGP,ARCA,FUND_ETF_ETN,,,,,,,,UNMEASURED,False,
DGRE,NASDAQ,FUND_ETF_ETN,,,,,,,,UNMEASURED,False,
DGRO,ARCA,FUND_ETF_ETN,,,,,,,,UNMEASURED,False,
DGRS,NASDAQ,FUND_ETF_ETN,,,,,,,,UNMEASURED,False,
DGRW,NASDAQ,FUND_ETF_ETN,,,,,,,,UNMEASURED,False,
DGS,ARCA,FUND_ETF_ETN,,,,,,,,UNMEASURED,False,
DGT,ARCA,FUND_ETF_ETN,,,,,,,,UNMEASURED,False,
DGX,NYSE,ELIGIBLE,236.32,264034714.05749997,1103016.95,1.0,0.7436,4.02,14.85,D-1,True,482
DGXX,NASDAQ,ELIGIBLE,4.59,9240574.84475,2309196.05,1.0,0.9538,11.32,22.12,D-1,True,2661
DGZ,ARCA,FUND_ETF_ETN,,,,,,,,UNMEASURED,False,
DH,NASDAQ,ELIGIBLE,0.945,1244120.6486300002,1258881.4,1.0,0.4282,1.02,40.17,D-1,False,
DHAI,OTC,NOT_TRADABLE,,,,,,,,UNMEASURED,False,
DHAIW,OTC,NOT_TRADABLE,,,,,,,,UNMEASURED,False,
DHC,NASDAQ,ELIGIBLE,8.13,15234967.802000001,1940607.95,1.0,0.7949,6.2,12.46,D-1,True,2328
DHCNI,NASDAQ,NOTE_DEBT,,,,,,,,UNMEASURED,False,
DHCNL,NASDAQ,NOTE_DEBT,,,,,,,,UNMEASURED,False,
DHDG,BATS,FUND_ETF_ETN,,,,,,,,UNMEASURED,False,
DHF,NYSE,FUND_ETF_ETN,,,,,,,,UNMEASURED,False,
DHI,NYSE,ELIGIBLE,141.51,374792912.462,2674412.95,1.0,0.9308,5.71,7.82,D-1,True,338
DHLGY,OTC,NOT_LISTED_EXCHANGE,,,,,,,,UNMEASURED,False,
DHLX,ARCA,FUND_ETF_ETN,,,,,,,,UNMEASURED,False,
DHR,NYSE,ELIGIBLE,224.49,848818417.391,3996202.85,1.0,0.9897,6.02,6.91,D-1,True,140
DHS,ARCA,FUND_ETF_ETN,,,,,,,,UNMEASURED,False,
DHSB,ARCA,FUND_ETF_ETN,,,,,,,,UNMEASURED,False,
DHT,NYSE,ELIGIBLE,21.78,85625194.84,3959635.0,1.0,0.9949,9.16,4.61,D-1,True,1088
DHX,NYSE,ELIGIBLE,4.73,1370083.006,295136.95,1.0,0.3256,0.0,74.21,D-1,True,3754
DHY,AMEX,FUND_ETF_ETN,,,,,,,,UNMEASURED,False,
DIA,ARCA,FUND_ETF_ETN,,,,,,,,UNMEASURED,False,
DIAL,ARCA,FUND_ETF_ETN,,,,,,,,UNMEASURED,False,
DIBS,NASDAQ,ELIGIBLE,3.97,520445.49450000003,121743.65,1.0,0.2974,0.0,100.13,D-1,False,
DICE,BATS,FUND_ETF_ETN,,,,,,,,UNMEASURED,False,
DIDIY,OTC,NOT_LISTED_EXCHANGE,,,,,,,,UNMEASURED,False,
DIEM,ARCA,FUND_ETF_ETN,,,,,,,,UNMEASURED,False,
DIG,ARCA,FUND_ETF_ETN,,,,,,,,UNMEASURED,False,
DIHP,BATS,FUND_ETF_ETN,,,,,,,,UNMEASURED,False,
DIM,ARCA,FUND_ETF_ETN,,,,,,,,UNMEASURED,False,
DIME,NASDAQ,FUND_ETF_ETN,,,,,,,,UNMEASURED,False,
DIN,NYSE,ELIGIBLE,28.17,11478282.9095,393644.45,1.0,0.6077,6.92,38.2,D-1,True,2518
DINE,NASDAQ,FUND_ETF_ETN,,,,,,,,UNMEASURED,False,
DINO,NYSE,ELIGIBLE,106.82,315010940.056,2915760.55,1.0,0.9744,9.63,17.3,D-1,True,412
DINT,BATS,FUND_ETF_ETN,,,,,,,,UNMEASURED,False,
DIOD,NASDAQ,ELIGIBLE,95.84,49163602.19725,537266.95,1.0,0.5744,1.03,23.28,D-1,True,1506
DIPR,BATS,FUND_ETF_ETN,,,,,,,,UNMEASURED,False,
DIPS,ARCA,FUND_ETF_ETN,,,,,,,,UNMEASURED,False,
DIS,NYSE,ELIGIBLE,106.15,852387949.5645,8070089.15,1.0,1.0,4.75,2.85,D-1,True,138
DISK,ARCA,FUND_ETF_ETN,,,,,,,,UNMEASURED,False,
DISV,BATS,FUND_ETF_ETN,,,,,,,,UNMEASURED,False,
DIT,AMEX,ELIGIBLE,67.56,10871.259000000002,163.1,1.0,0.0,,787.4,D-1,False,
DIV,ARCA,FUND_ETF_ETN,,,,,,,,UNMEASURED,False,
DIVB,BATS,FUND_ETF_ETN,,,,,,,,UNMEASURED,False,
DIVD,NASDAQ,FUND_ETF_ETN,,,,,,,,UNMEASURED,False,
DIVE,ARCA,FUND_ETF_ETN,,,,,,,,UNMEASURED,False,
DIVG,ARCA,FUND_ETF_ETN,,,,,,,,UNMEASURED,False,
DIVH,ARCA,FUND_ETF_ETN,,,,,,,,UNMEASURED,False,
DIVI,ARCA,FUND_ETF_ETN,,,,,,,,UNMEASURED,False,
DIVL,ARCA,FUND_ETF_ETN,,,,,,,,UNMEASURED,False,
DIVN,BATS,FUND_ETF_ETN,,,,,,,,UNMEASURED,False,
DIVO,ARCA,FUND_ETF_ETN,,,,,,,,UNMEASURED,False,
DIVP,ARCA,FUND_ETF_ETN,,,,,,,,UNMEASURED,False,
DIVS,ARCA,FUND_ETF_ETN,,,,,,,,UNMEASURED,False,
DIVY,NYSE,FUND_ETF_ETN,,,,,,,,UNMEASURED,False,
DIVZ,ARCA,FUND_ETF_ETN,,,,,,,,UNMEASURED,False,
DJAN,BATS,FUND_ETF_ETN,,,,,,,,UNMEASURED,False,
DJCO,NASDAQ,ELIGIBLE,656.86,42274325.271749996,65162.95,1.0,0.2462,0.0,116.08,D-1,True,1617
DJD,ARCA,FUND_ETF_ETN,,,,,,,,UNMEASURED,False,
DJIA,ARCA,FUND_ETF_ETN,,,,,,,,UNMEASURED,False,
DJP,ARCA,FUND_ETF_ETN,,,,,,,,UNMEASURED,False,
DJT,NASDAQ,ELIGIBLE,9.14,27436139.491750002,3030458.85,1.0,0.959,5.51,10.98,D-1,True,1915
DJTU,BATS,FUND_ETF_ETN,,,,,,,,UNMEASURED,False,
DJTWW,NASDAQ,WARRANT,,,,,,,,UNMEASURED,False,
DJUL,BATS,FUND_ETF_ETN,,,,,,,,UNMEASURED,False,
DJUN,BATS,FUND_ETF_ETN,,,,,,,,UNMEASURED,False,
DK,NYSE,ELIGIBLE,67.84,212978016.50550002,2875124.0,1.0,0.9821,14.24,9.04,D-1,True,591
DKI,NASDAQ,ELIGIBLE,2.73,194505.173,69018.5,1.0,0.2051,0.0,462.08,D-1,False,
DKILY,OTC,NOT_LISTED_EXCHANGE,,,,,,,,UNMEASURED,False,
DKL,NYSE,ELIGIBLE,53.89,12391685.48,219287.8,1.0,0.2615,0.0,67.14,D-1,True,2468
DKNG,NASDAQ,ELIGIBLE,22.02,295544806.7605,12805787.6,1.0,1.0,14.15,4.71,D-1,True,439
DKS,NYSE,ELIGIBLE,136.43,447227823.15,3404744.5,1.0,0.9974,7.92,9.27,D-1,True,273
DLAG,BATS,FUND_ETF_ETN,,,,,,,,UNMEASURED,False,
DLAKY,OTC,NOT_LISTED_EXCHANGE,,,,,,,,UNMEASURED,False,
DLAPQ,OTC,NOT_TRADABLE,,,,,,,,UNMEASURED,False,
DLB,NYSE,ELIGIBLE,58.56,62863613.63200001,1043704.8,1.0,0.6897,3.45,11.2,D-1,True,1308
DLCU,NASDAQ,FUND_ETF_ETN,,,,,,,,UNMEASURED,False,
DLFE,BATS,FUND_ETF_ETN,,,,,,,,UNMEASURED,False,
DLHC,NASDAQ,ELIGIBLE,3.55,48934.83575,12304.85,1.0,0.0487,0.0,,UNMEASURED,False,
DLLL,NASDAQ,FUND_ETF_ETN,,,,,,,,UNMEASURED,False,
DLMY,BATS,FUND_ETF_ETN,,,,,,,,UNMEASURED,False,
DLN,ARCA,FUND_ETF_ETN,,,,,,,,UNMEASURED,False,
DLNG,NYSE,ELIGIBLE,3.56,213800.46899999998,57053.1,1.0,0.0897,0.0,112.12,D-1,False,
DLNG.PRA,NYSE,MALFORMED_OR_NON_COMMON_SYMBOL,,,,,,,,UNMEASURED,False,
DLNV,BATS,FUND_ETF_ETN,,,,,,,,UNMEASURED,False,
DLO,NASDAQ,ELIGIBLE,14.08,24596529.4465,1665722.15,1.0,0.8077,3.56,7.09,D-1,True,2009
DLPN,NASDAQ,ELIGIBLE,1.085,9553.01,8597.8,1.0,0.0077,0.0,,UNMEASURED,False,
DLR,NYSE,ELIGIBLE,178.61,392629448.457,2132803.25,1.0,0.9718,5.85,11.13,D-1,True,320
DLR.PRJ,NYSE,MALFORMED_OR_NON_COMMON_SYMBOL,,,,,,,,UNMEASURED,False,
DLR.PRK,NYSE,MALFORMED_OR_NON_COMMON_SYMBOL,,,,,,,,UNMEASURED,False,
DLR.PRL,NYSE,MALFORMED_OR_NON_COMMON_SYMBOL,,,,,,,,UNMEASURED,False,
DLS,ARCA,FUND_ETF_ETN,,,,,,,,UNMEASURED,False,
DLTH,NASDAQ,ELIGIBLE,3.97,1171112.325,266104.9,1.0,0.1564,0.0,87.86,D-1,True,3849
DLTR,NASDAQ,ELIGIBLE,114.07,342102696.917,2890799.15,1.0,0.9897,7.1,12.35,D-1,True,375
DLUX,ARCA,FUND_ETF_ETN,,,,,,,,UNMEASURED,False,
DLX,NYSE,ELIGIBLE,24.33,10569831.48,445963.25,1.0,0.3974,0.0,18.45,D-1,True,2582
DLXY,NASDAQ,ELIGIBLE,2.5,30332389.318549998,3006518.1,1.0,0.5538,8.01,278.16,D-1,True,1846
DLY,NYSE,FUND_ETF_ETN,,,,,,,,UNMEASURED,False,
DMA,NYSE,FUND_ETF_ETN,,,,,,,,UNMEASURED,False,
DMAA,NASDAQ,ELIGIBLE,10.84,441187.675,40866.55,1.0,0.0077,0.0,,UNMEASURED,False,
DMAAR,NASDAQ,RIGHT,,,,,,,,UNMEASURED,False,
DMAAU,NASDAQ,UNIT,,,,,,,,UNMEASURED,False,
DMAC,NASDAQ,ELIGIBLE,7.94,1262063.6664999998,181261.2,1.0,0.4179,0.0,38.97,D-1,True,3806
DMAR,BATS,FUND_ETF_ETN,,,,,,,,UNMEASURED,False,
DMAX,BATS,FUND_ETF_ETN,,,,,,,,UNMEASURED,False,
DMAY,BATS,FUND_ETF_ETN,,,,,,,,UNMEASURED,False,
DMB,NYSE,FUND_ETF_ETN,,,,,,,,UNMEASURED,False,
DMBS,ARCA,FUND_ETF_ETN,,,,,,,,UNMEASURED,False,
DMC,NYSE,ELIGIBLE,30.71,13951837.054,444887.55,1.0,0.3821,0.0,14.8,D-1,True,2390
DMII,NASDAQ,ELIGIBLE,10.16,561356.89997,55209.15,1.0,0.0051,2.46,,UNMEASURED,False,
DMIIR,NASDAQ,RIGHT,,,,,,,,UNMEASURED,False,
DMIIU,NASDAQ,UNIT,,,,,,,,UNMEASURED,False,
DMLP,NASDAQ,UNIT,,,,,,,,UNMEASURED,False,
DMNIF,OTC,NOT_TRADABLE,,,,,,,,UNMEASURED,False,
DMO,NYSE,FUND_ETF_ETN,,,,,,,,UNMEASURED,False,
DMRA,NASDAQ,ELIGIBLE,20.66,19373059.670500003,800710.5,1.0,0.7308,9.95,44.53,D-1,True,2174
DMRC,NASDAQ,ELIGIBLE,4.91,794930.918,153921.6,1.0,0.4974,0.0,99.19,D-1,False,
DMSLQ,OTC,NOT_TRADABLE,,,,,,,,UNMEASURED,False,
DMX,ARCA,FUND_ETF_ETN,,,,,,,,UNMEASURED,False,
DMXF,NASDAQ,FUND_ETF_ETN,,,,,,,,UNMEASURED,False,
DMXU,ARCA,FUND_ETF_ETN,,,,,,,,UNMEASURED,False,
DMYYU,OTC,NOT_TRADABLE,,,,,,,,UNMEASURED,False,
DNA,NYSE,ELIGIBLE,10.66,12643511.535,1544743.65,1.0,0.9462,19.35,29.58,D-1,True,2455
DNABW,OTC,NOT_TRADABLE,,,,,,,,UNMEASURED,False,
DNBBY,OTC,NOT_LISTED_EXCHANGE,,,,,,,,UNMEASURED,False,
DNKEY,OTC,NOT_LISTED_EXCHANGE,,,,,,,,UNMEASURED,False,
DNL,ARCA,FUND_ETF_ETN,,,,,,,,UNMEASURED,False,
DNLI,NASDAQ,ELIGIBLE,20.39,34741001.57975,1633648.3,1.0,0.8256,4.96,14.87,D-1,True,1758
DNMRQ,OTC,NOT_TRADABLE,,,,,,,,UNMEASURED,False,
DNMWQ,OTC,NOT_TRADABLE,,,,,,,,UNMEASURED,False,
DNMX,NASDAQ,ELIGIBLE,10.055,553442.7992499999,55009.2,1.0,0.0026,0.0,,UNMEASURED,False,
DNMXU,NASDAQ,UNIT,,,,,,,,UNMEASURED,False,
DNMXW,NASDAQ,WARRANT,,,,,,,,UNMEASURED,False,
DNN,AMEX,ELIGIBLE,2.65,74138389.764,24266350.15,1.0,1.0,37.77,38.03,D-1,True,1186
DNNGY,OTC,NOT_LISTED_EXCHANGE,,,,,,,,UNMEASURED,False,
DNOPY,OTC,NOT_LISTED_EXCHANGE,,,,,,,,UNMEASURED,False,
DNOV,BATS,FUND_ETF_ETN,,,,,,,,UNMEASURED,False,
DNOW,NYSE,ELIGIBLE,15.93,35368760.3315,2234796.35,1.0,0.8923,3.16,6.35,D-1,True,1746
DNP,NYSE,FUND_ETF_ETN,,,,,,,,UNMEASURED,False,
DNPLY,OTC,NOT_LISTED_EXCHANGE,,,,,,,,UNMEASURED,False,
DNTH,NASDAQ,ELIGIBLE,88.55,83476808.5105,826829.9,1.0,0.5718,3.91,42.89,D-1,True,1106
DNUT,NASDAQ,ELIGIBLE,2.89,6903048.251,2160799.45,1.0,0.9385,16.96,33.96,D-1,True,2842
DNZOY,OTC,NOT_LISTED_EXCHANGE,,,,,,,,UNMEASURED,False,
DOC,NYSE,ELIGIBLE,20.31,105342231.826,5129851.95,1.0,1.0,4.98,4.97,D-1,True,959
DOCK,BATS,FUND_ETF_ETN,,,,,,,,UNMEASURED,False,
DOCN,NYSE,ELIGIBLE,139.75,364806092.61399996,2852420.55,1.0,0.9949,16.08,25.57,D-1,True,346
DOCS,NYSE,ELIGIBLE,26.35,70562613.8475,2710558.65,1.0,0.9718,5.75,9.5,D-1,True,1226
DOCT,BATS,FUND_ETF_ETN,,,,,,,,UNMEASURED,False,
DOCU,NASDAQ,ELIGIBLE,67.5,257931872.35099998,3817873.4,1.0,0.9974,6.97,5.87,D-1,True,499
DOG,ARCA,FUND_ETF_ETN,,,,,,,,UNMEASURED,False,
DOGG,BATS,FUND_ETF_ETN,,,,,,,,UNMEASURED,False,
DOGP,OTC,NOT_TRADABLE,,,,,,,,UNMEASURED,False,
DOGZ,NASDAQ,ELIGIBLE,0.9,13259.797954999998,14012.2,1.0,0.0256,0.0,428.68,D-1,False,
DOJE,BATS,FUND_ETF_ETN,,,,,,,,UNMEASURED,False,
DOL,ARCA,FUND_ETF_ETN,,,,,,,,UNMEASURED,False,
DOLE,NYSE,ELIGIBLE,12.98,13339113.4495,991373.85,1.0,0.8692,3.85,7.75,D-1,True,2426
DOMAW,OTC,NOT_TRADABLE,,,,,,,,UNMEASURED,False,
DOMH,NASDAQ,ELIGIBLE,2.335,647574.65625,280419.1,1.0,0.4385,0.0,152.89,D-1,False,
DON,ARCA,FUND_ETF_ETN,,,,,,,,UNMEASURED,False,
DOO,NASDAQ,ELIGIBLE,57.17,20618231.410499997,335814.45,1.0,0.5179,3.13,15.59,D-1,True,2129
DORM,NASDAQ,ELIGIBLE,124.02,24734526.92975,197207.6,1.0,0.2667,0.0,61.95,D-1,True,2003
DOUG,NYSE,ELIGIBLE,1.57,838508.3295,495068.0,1.0,0.3744,0.0,64.52,D-1,False,
DOV,NYSE,ELIGIBLE,191.88,268162599.85700002,1409663.25,1.0,0.9333,4.87,14.69,D-1,True,475
DOW,NYSE,ELIGIBLE,28.02,259615179.833,8826825.4,1.0,1.0,7.84,3.58,D-1,True,493
DOX,NASDAQ,ELIGIBLE,57.71,58648142.112,961687.0,1.0,0.7846,1.72,7.75,D-1,True,1375
DOYU,NASDAQ,ELIGIBLE,4.61,141878.6875,30901.2,1.0,0.2615,0.0,162.03,D-1,False,
DPC,NYSE,ELIGIBLE,41.03,53296897.827,1281779.4,1.0,0.7564,4.81,75.78,D-1,True,1441
DPG,NYSE,FUND_ETF_ETN,,,,,,,,UNMEASURED,False,
DPLS,OTC,NOT_TRADABLE,,,,,,,,UNMEASURED,False,
DPRE,ARCA,FUND_ETF_ETN,,,,,,,,UNMEASURED,False,
DPRO,NASDAQ,ELIGIBLE,5.35,10937841.44225,1925677.4,1.0,0.8641,9.34,18.77,D-1,True,2563
DPST,ARCA,FUND_ETF_ETN,,,,,,,,UNMEASURED,False,
DPU,NASDAQ,ELIGIBLE,1.57,921586.5470100001,452458.15,1.0,0.0385,0.0,375.0,D-1,False,
DPZ,NASDAQ,ELIGIBLE,292.14,272532438.70725,854628.3,1.0,0.9769,7.82,22.05,D-1,True,466
DQ,NYSE,ELIGIBLE,11.47,9678667.3375,793173.85,1.0,0.5769,1.75,13.08,D-1,True,2634
DQJN,BATS,FUND_ETF_ETN,,,,,,,,UNMEASURED,False,
DQSE,BATS,FUND_ETF_ETN,,,,,,,,UNMEASURED,False,
DRAI,ARCA,FUND_ETF_ETN,,,,,,,,UNMEASURED,False,
DRAL,BATS,FUND_ETF_ETN,,,,,,,,UNMEASURED,False,
DRAM,BATS,FUND_ETF_ETN,,,,,,,,UNMEASURED,False,
DRAY,ARCA,FUND_ETF_ETN,,,,,,,,UNMEASURED,False,
DRCT,NASDAQ,ELIGIBLE,1.57,824749.5835,448827.15,1.0,0.0205,0.0,,UNMEASURED,False,
DRD,NYSE,ELIGIBLE,25.21,7353686.540000001,273119.75,1.0,0.4231,0.0,33.78,D-1,True,2803
DRDB,NASDAQ,ELIGIBLE,10.71,139618.15944000002,13066.6,1.0,0.0051,0.0,,UNMEASURED,False,
DRDBU,NASDAQ,UNIT,,,,,,,,UNMEASURED,False,
DRDBW,NASDAQ,WARRANT,,,,,,,,UNMEASURED,False,
DRES,ARCA,FUND_ETF_ETN,,,,,,,,UNMEASURED,False,
DRGN,BATS,FUND_ETF_ETN,,,,,,,,UNMEASURED,False,
DRH,NASDAQ,ELIGIBLE,12.49,35752617.011,2918466.6,1.0,0.9821,4.05,8.09,D-1,True,1738
DRI,NYSE,ELIGIBLE,199.75,268885283.077,1273132.55,1.0,0.9487,7.04,13.07,D-1,True,471
DRIO,NASDAQ,ELIGIBLE,6.63,176258.1955,25130.05,1.0,0.0231,0.0,526.72,D-1,False,
DRIP,ARCA,FUND_ETF_ETN,,,,,,,,UNMEASURED,False,
DRIV,NASDAQ,FUND_ETF_ETN,,,,,,,,UNMEASURED,False,
DRK,NASDAQ,ELIGIBLE,3.07,1339667.5395,502779.05,1.0,0.1897,0.0,99.01,D-1,True,3771
DRKY,ARCA,FUND_ETF_ETN,,,,,,,,UNMEASURED,False,
DRLL,NYSE,FUND_ETF_ETN,,,,,,,,UNMEASURED,False,
DRMA,NASDAQ,ELIGIBLE,1.14,46863.92,38260.85,1.0,0.0974,0.0,264.32,D-1,False,
DRMP,BATS,FUND_ETF_ETN,,,,,,,,UNMEASURED,False,
DRMY,ARCA,FUND_ETF_ETN,,,,,,,,UNMEASURED,False,
DRN,ARCA,FUND_ETF_ETN,,,,,,,,UNMEASURED,False,
DRNZ,NASDAQ,FUND_ETF_ETN,,,,,,,,UNMEASURED,False,
DRPRY,OTC,NOT_LISTED_EXCHANGE,,,,,,,,UNMEASURED,False,
DRS,NASDAQ,ELIGIBLE,37.16,35853389.437,964889.35,1.0,0.7872,2.69,4.05,D-1,True,1737
DRSK,BATS,FUND_ETF_ETN,,,,,,,,UNMEASURED,False,
DRTS,NASDAQ,ELIGIBLE,14.54,9485016.046,648532.9,1.0,0.6231,0.07,61.42,D-1,True,2649
DRTSW,NASDAQ,WARRANT,,,,,,,,UNMEASURED,False,
DRTTF,OTC,NOT_TRADABLE,,,,,,,,UNMEASURED,False,
DRUG,NASDAQ,ELIGIBLE,51.8,5715708.929,91891.7,1.0,0.4846,0.0,114.9,D-1,True,2974
DRUP,ARCA,FUND_ETF_ETN,,,,,,,,UNMEASURED,False,
DRV,ARCA,FUND_ETF_ETN,,,,,,,,UNMEASURED,False,
DRVN,NASDAQ,ELIGIBLE,12.31,15359150.60325,1228317.2,1.0,0.7795,4.16,12.23,D-1,True,2319
DRVR,ARCA,FUND_ETF_ETN,,,,,,,,UNMEASURED,False,
DSAC,NASDAQ,ELIGIBLE,10.15,1683042.7355,165315.1,1.0,0.0026,0.0,,UNMEASURED,True,3643
DSACU,NASDAQ,UNIT,,,,,,,,UNMEASURED,False,
DSACW,NASDAQ,WARRANT,,,,,,,,UNMEASURED,False,
DSC,NASDAQ,ELIGIBLE,6.277,366481.46400000004,48129.2,1.0,0.0385,0.0,594.68,D-1,False,
DSCO,ARCA,FUND_ETF_ETN,,,,,,,,UNMEASURED,False,
DSDVY,OTC,NOT_LISTED_EXCHANGE,,,,,,,,UNMEASURED,False,
DSEP,BATS,FUND_ETF_ETN,,,,,,,,UNMEASURED,False,
DSFIY,OTC,NOT_LISTED_EXCHANGE,,,,,,,,UNMEASURED,False,
DSGN,NASDAQ,ELIGIBLE,12.12,10808413.81875,794703.1,1.0,0.6333,0.0,28.82,D-1,True,2570
DSGR,NASDAQ,ELIGIBLE,34.96,7644965.588500001,219715.7,1.0,0.5487,0.0,2.86,D-1,True,2786
DSGX,NASDAQ,ELIGIBLE,78.61,65112966.526999995,830688.35,1.0,0.659,3.78,16.23,D-1,True,1285
DSI,ARCA,FUND_ETF_ETN,,,,,,,,UNMEASURED,False,
DSL,NYSE,FUND_ETF_ETN,,,,,,,,UNMEASURED,False,
DSM,NYSE,FUND_ETF_ETN,,,,,,,,UNMEASURED,False,
DSMC,NYSE,FUND_ETF_ETN,,,,,,,,UNMEASURED,False,
DSNKY,OTC,NOT_LISTED_EXCHANGE,,,,,,,,UNMEASURED,False,
DSP,NASDAQ,ELIGIBLE,12.19,6064880.83475,508835.45,1.0,0.6436,7.96,39.84,D-1,True,2927
DSPC,BATS,FUND_ETF_ETN,,,,,,,,UNMEASURED,False,
DSPY,ARCA,FUND_ETF_ETN,,,,,,,,UNMEASURED,False,
DSS,AMEX,ELIGIBLE,0.7076,5171563.260195,6108713.0,1.0,0.0436,0.0,484.06,D-1,False,
DSTL,ARCA,FUND_ETF_ETN,,,,,,,,UNMEASURED,False,
DSTX,NYSE,FUND_ETF_ETN,,,,,,,,UNMEASURED,False,
DSU,NYSE,FUND_ETF_ETN,,,,,,,,UNMEASURED,False,
DSWL,NASDAQ,ELIGIBLE,3.1,28347.422749999998,9223.25,1.0,0.0103,0.0,,UNMEASURED,False,
DSX,NYSE,ELIGIBLE,2.8,4461647.831,1502878.7,1.0,0.5846,0.0,35.4,D-1,True,3113
DSX.PRB,NYSE,MALFORMED_OR_NON_COMMON_SYMBOL,,,,,,,,UNMEASURED,False,
DSX.WS,NYSE,MALFORMED_OR_NON_COMMON_SYMBOL,,,,,,,,UNMEASURED,False,
DSY,NASDAQ,ELIGIBLE,3.61,78360.4205,21449.3,1.0,0.0359,0.0,,UNMEASURED,False,
DSYWW,NASDAQ,WARRANT,,,,,,,,UNMEASURED,False,
DT,NYSE,ELIGIBLE,57.95,378900236.835,6923039.45,1.0,1.0,9.42,4.28,D-1,True,331
DTAN,ARCA,FUND_ETF_ETN,,,,,,,,UNMEASURED,False,
DTB,NYSE,NOTE_DEBT,,,,,,,,UNMEASURED,False,
DTCKF,OTC,NOT_TRADABLE,,,,,,,,UNMEASURED,False,
DTCR,NASDAQ,FUND_ETF_ETN,,,,,,,,UNMEASURED,False,
DTCWY,OTC,NOT_LISTED_EXCHANGE,,,,,,,,UNMEASURED,False,
DTCX,NASDAQ,ELIGIBLE,1.91,492718.5245,238484.0,1.0,0.1718,0.0,139.69,D-1,False,
DTD,ARCA,FUND_ETF_ETN,,,,,,,,UNMEASURED,False,
DTE,NYSE,ELIGIBLE,121.44,220242542.1095,1693362.95,1.0,0.9615,3.72,7.86,D-1,True,565
DTEAF,OTC,NOT_TRADABLE,,,,,,,,UNMEASURED,False,
DTEC,ARCA,FUND_ETF_ETN,,,,,,,,UNMEASURED,False,
DTEGY,OTC,NOT_LISTED_EXCHANGE,,,,,,,,UNMEASURED,False,
DTF,NYSE,FUND_ETF_ETN,,,,,,,,UNMEASURED,False,
DTG,NYSE,NOTE_DEBT,,,,,,,,UNMEASURED,False,
DTH,ARCA,FUND_ETF_ETN,,,,,,,,UNMEASURED,False,
DTI,NASDAQ,ELIGIBLE,2.45,498648.52400000003,198737.1,1.0,0.2462,0.0,40.73,D-1,False,
DTIL,NASDAQ,ELIGIBLE,6.22,1783795.3905000002,256790.7,1.0,0.4179,0.0,39.87,D-1,True,3612
DTK,NYSE,NOTE_DEBT,,,,,,,,UNMEASURED,False,
DTM,NYSE,ELIGIBLE,122.28,112339123.749,882961.95,1.0,0.5615,2.04,16.31,D-1,True,927
DTRE,ARCA,FUND_ETF_ETN,,,,,,,,UNMEASURED,False,
DTRUY,OTC,NOT_TRADABLE,,,,,,,,UNMEASURED,False,
DTSQ,NASDAQ,ELIGIBLE,11.5,3383.34686,296.9,1.0,0.0,,104.17,D-1,False,
DTSQR,NASDAQ,RIGHT,,,,,,,,UNMEASURED,False,
DTSQU,NASDAQ,UNIT,,,,,,,,UNMEASURED,False,
DTSS,NASDAQ,ELIGIBLE,0.8785,10419792.500695001,9470465.9,1.0,0.2641,0.0,227.13,D-1,False,
DTST,NASDAQ,ELIGIBLE,3.13,57225.334455000004,18863.85,1.0,0.2821,3.05,647.81,D-1,False,
DTW,NYSE,NOTE_DEBT,,,,,,,,UNMEASURED,False,
DUBS,BATS,FUND_ETF_ETN,,,,,,,,UNMEASURED,False,
DUG,ARCA,FUND_ETF_ETN,,,,,,,,UNMEASURED,False,
DUHP,ARCA,FUND_ETF_ETN,,,,,,,,UNMEASURED,False,
DUK,NYSE,ELIGIBLE,113.35,456474543.81450003,3860524.75,1.0,1.0,4.43,2.88,D-1,True,267
DUK.PRA,NYSE,MALFORMED_OR_NON_COMMON_SYMBOL,,,,,,,,UNMEASURED,False,
DUKB,NYSE,NOTE_DEBT,,,,,,,,UNMEASURED,False,
DUKH,NASDAQ,FUND_ETF_ETN,,,,,,,,UNMEASURED,False,
DUKQ,ARCA,FUND_ETF_ETN,,,,,,,,UNMEASURED,False,
DUKR,NASDAQ,ELIGIBLE,5.29,84757.9025,15536.1,1.0,0.0487,0.0,266.3,D-1,False,
DUKRW,NASDAQ,WARRANT,,,,,,,,UNMEASURED,False,
DUKU,NYSE,UNIT,,,,,,,,UNMEASURED,False,
DUKX,NASDAQ,FUND_ETF_ETN,,,,,,,,UNMEASURED,False,
DUKZ,ARCA,FUND_ETF_ETN,,,,,,,,UNMEASURED,False,
DULL,ARCA,FUND_ETF_ETN,,,,,,,,UNMEASURED,False,
DUNK,ARCA,FUND_ETF_ETN,,,,,,,,UNMEASURED,False,
DUO,NASDAQ,ELIGIBLE,0.6479,3249789.60087,3484958.6,1.0,0.2179,0.0,278.32,D-1,False,
DUOG,NASDAQ,FUND_ETF_ETN,,,,,,,,UNMEASURED,False,
DUOL,NASDAQ,ELIGIBLE,143.51,174155053.95499998,1164136.4,1.0,0.7641,4.89,45.58,D-1,True,690
DUOT,NASDAQ,ELIGIBLE,9.14,6154618.7195,703564.5,1.0,0.5333,0.05,60.27,D-1,True,2915
DURA,BATS,FUND_ETF_ETN,,,,,,,,UNMEASURED,False,
DUSA,BATS,FUND_ETF_ETN,,,,,,,,UNMEASURED,False,
DUSB,ARCA,FUND_ETF_ETN,,,,,,,,UNMEASURED,False,
DUSG,NASDAQ,FUND_ETF_ETN,,,,,,,,UNMEASURED,False,
DUSL,ARCA,FUND_ETF_ETN,,,,,,,,UNMEASURED,False,
DUST,ARCA,FUND_ETF_ETN,,,,,,,,UNMEASURED,False,
DUTY,ARCA,FUND_ETF_ETN,,,,,,,,UNMEASURED,False,
DV,NYSE,ELIGIBLE,13.41,46929227.743,3489504.8,1.0,0.9513,3.74,7.47,D-1,True,1539
DVA,NYSE,ELIGIBLE,178.47,132446036.20250002,725549.75,1.0,0.7103,1.7,17.2,D-1,True,832
DVAL,NASDAQ,FUND_ETF_ETN,,,,,,,,UNMEASURED,False,
DVDN,ARCA,FUND_ETF_ETN,,,,,,,,UNMEASURED,False,
DVGR,NASDAQ,FUND_ETF_ETN,,,,,,,,UNMEASURED,False,
DVLT,NASDAQ,ELIGIBLE,0.1526,12051469.229915,64449703.1,1.0,0.9872,26.02,16.34,D-1,False,
DVLU,NASDAQ,FUND_ETF_ETN,,,,,,,,UNMEASURED,False,
DVN,NYSE,ELIGIBLE,47.05,647349210.9814999,13284291.05,1.0,1.0,8.41,2.11,D-1,True,182
DVND,ARCA,FUND_ETF_ETN,,,,,,,,UNMEASURED,False,
DVOL,NASDAQ,FUND_ETF_ETN,,,,,,,,UNMEASURED,False,
DVQQ,NASDAQ,FUND_ETF_ETN,,,,,,,,UNMEASURED,False,
DVSP,NASDAQ,FUND_ETF_ETN,,,,,,,,UNMEASURED,False,
DVVY,BATS,FUND_ETF_ETN,,,,,,,,UNMEASURED,False,
DVY,NASDAQ,FUND_ETF_ETN,,,,,,,,UNMEASURED,False,
DVYA,ARCA,FUND_ETF_ETN,,,,,,,,UNMEASURED,False,
DVYE,ARCA,FUND_ETF_ETN,,,,,,,,UNMEASURED,False,
DWAHY,OTC,NOT_LISTED_EXCHANGE,,,,,,,,UNMEASURED,False,
DWAS,NASDAQ,FUND_ETF_ETN,,,,,,,,UNMEASURED,False,
DWAW,NASDAQ,FUND_ETF_ETN,,,,,,,,UNMEASURED,False,
DWLD,BATS,FUND_ETF_ETN,,,,,,,,UNMEASURED,False,
DWM,ARCA,FUND_ETF_ETN,,,,,,,,UNMEASURED,False,
DWMF,ARCA,FUND_ETF_ETN,,,,,,,,UNMEASURED,False,
DWSH,NASDAQ,FUND_ETF_ETN,,,,,,,,UNMEASURED,False,
DWSN,NASDAQ,ELIGIBLE,2.89,237847.171,71989.4,1.0,0.1077,0.0,249.06,D-1,False,
DWTX,NASDAQ,ELIGIBLE,1.36,142597.5085,70538.2,1.0,0.1077,0.0,494.7,D-1,False,
DWUS,NASDAQ,FUND_ETF_ETN,,,,,,,,UNMEASURED,False,
DWWN,BATS,FUND_ETF_ETN,,,,,,,,UNMEASURED,False,
DWX,ARCA,FUND_ETF_ETN,,,,,,,,UNMEASURED,False,
DX,NYSE,ELIGIBLE,11.34,78557925.5505,6415930.05,1.0,0.9974,8.82,8.89,D-1,True,1145
DX.PRC,NYSE,MALFORMED_OR_NON_COMMON_SYMBOL,,,,,,,,UNMEASURED,False,
DXC,NYSE,ELIGIBLE,10.65,29266821.463,2612079.2,1.0,0.9744,9.34,9.31,D-1,True,1874
DXCM,NASDAQ,ELIGIBLE,86.62,351000909.30050004,4007929.0,1.0,0.9487,4.59,3.45,D-1,True,364
DXD,ARCA,FUND_ETF_ETN,,,,,,,,UNMEASURED,False,
DXF,AMEX,ELIGIBLE,0.5265,323220.205335,684234.75,1.0,0.1077,0.0,247.48,D-1,False,
DXIV,ARCA,FUND_ETF_ETN,,,,,,,,UNMEASURED,False,
DXJ,ARCA,FUND_ETF_ETN,,,,,,,,UNMEASURED,False,
DXLG,NASDAQ,ELIGIBLE,0.4992,64138.27537,106582.0,1.0,0.7,0.0,206.01,D-1,False,
DXPE,NASDAQ,ELIGIBLE,192.1,21301907.196000002,114424.3,1.0,0.1615,0.0,70.69,D-1,True,2109
DXR,NASDAQ,ELIGIBLE,11.01,502364.5619,44794.0,1.0,0.0667,0.0,240.53,D-1,False,
DXST,NASDAQ,ELIGIBLE,2.11,58532.11699999999,23384.4,1.0,0.0359,0.0,,UNMEASURED,False,
DXYN,OTC,NOT_TRADABLE,,,,,,,,UNMEASURED,False,
DXYZ,NYSE,ELIGIBLE,30.62,28796451.151,904642.95,1.0,0.8564,7.05,23.09,D-1,True,1888
DY,NYSE,ELIGIBLE,271.52,193839355.916,667472.55,1.0,0.8718,5.49,14.64,D-1,True,640
DYAI,NASDAQ,ELIGIBLE,0.416,107355.77756,230625.55,1.0,0.4,0.0,291.89,D-1,False,
DYFI,NASDAQ,FUND_ETF_ETN,,,,,,,,UNMEASURED,False,
DYLD,ARCA,FUND_ETF_ETN,,,,,,,,UNMEASURED,False,
DYLG,ARCA,FUND_ETF_ETN,,,,,,,,UNMEASURED,False,
DYN,NASDAQ,ELIGIBLE,16.03,68878926.041,3541571.2,1.0,0.9436,6.19,9.3,D-1,True,1246
DYNB,NASDAQ,FUND_ETF_ETN,,,,,,,,UNMEASURED,False,
DYNC,NASDAQ,ELIGIBLE,10.895,216381.71182,19866.45,1.0,0.059,0.0,13.78,D-1,False,
DYNCU,NASDAQ,UNIT,,,,,,,,UNMEASURED,False,
DYNCW,NASDAQ,WARRANT,,,,,,,,UNMEASURED,False,
DYNF,ARCA,FUND_ETF_ETN,,,,,,,,UNMEASURED,False,
DYOR,NASDAQ,ELIGIBLE,10.13,337151.77814500005,33281.3,1.0,0.0026,0.0,,UNMEASURED,False,
DYORU,NASDAQ,UNIT,,,,,,,,UNMEASURED,False,
DYORW,NASDAQ,WARRANT,,,,,,,,UNMEASURED,False,
DYTA,NASDAQ,FUND_ETF_ETN,,,,,,,,UNMEASURED,False,
DZZ,ARCA,FUND_ETF_ETN,,,,,,,,UNMEASURED,False,
E,NYSE,ELIGIBLE,54.71,18361764.855499998,333764.3,1.0,0.6179,0.0,5.5,D-1,True,2207
EAD,AMEX,FUND_ETF_ETN,,,,,,,,UNMEASURED,False,
EADSY,OTC,NOT_LISTED_EXCHANGE,,,,,,,,UNMEASURED,False,
EAF,NYSE,ELIGIBLE,11.09,5784715.05,700943.95,1.0,0.6205,9.19,27.9,D-1,True,2966
EAFG,ARCA,FUND_ETF_ETN,,,,,,,,UNMEASURED,False,
EAGG,ARCA,FUND_ETF_ETN,,,,,,,,UNMEASURED,False,
EAGL,ARCA,FUND_ETF_ETN,,,,,,,,UNMEASURED,False,
EAI,NYSE,NOTE_DEBT,,,,,,,,UNMEASURED,False,
EALT,BATS,FUND_ETF_ETN,,,,,,,,UNMEASURED,False,
EAPR,ARCA,FUND_ETF_ETN,,,,,,,,UNMEASURED,False,
EARN,NYSE,ELIGIBLE,4.26,1464703.189,341211.5,1.0,0.5513,0.0,23.73,D-1,True,3709
EART,NASDAQ,FUND_ETF_ETN,,,,,,,,UNMEASURED,False,
EASY,NASDAQ,FUND_ETF_ETN,,,,,,,,UNMEASURED,False,
EAT,NYSE,ELIGIBLE,207.2,302663127.069,1447015.85,1.0,0.8154,6.72,23.98,D-1,True,426
EBAY,NASDAQ,ELIGIBLE,107.9,580490515.247,5384345.25,1.0,0.9897,5.56,5.08,D-1,True,204
EBC,NASDAQ,ELIGIBLE,21.42,52936206.4205,2442036.55,1.0,0.9308,2.34,4.67,D-1,True,1451
EBET,OTC,NOT_TRADABLE,,,,,,,,UNMEASURED,False,
EBF,NYSE,ELIGIBLE,22.13,3490206.0625,162294.5,1.0,0.2692,0.0,45.09,D-1,True,3246
EBI,NASDAQ,FUND_ETF_ETN,,,,,,,,UNMEASURED,False,
EBIT,ARCA,FUND_ETF_ETN,,,,,,,,UNMEASURED,False,
EBIZ,NASDAQ,FUND_ETF_ETN,,,,,,,,UNMEASURED,False,
EBKDY,OTC,NOT_LISTED_EXCHANGE,,,,,,,,UNMEASURED,False,
EBMT,NASDAQ,ELIGIBLE,21.53,735745.9575,33070.1,1.0,0.0923,0.0,210.34,D-1,False,
EBND,ARCA,FUND_ETF_ETN,,,,,,,,UNMEASURED,False,
EBON,NASDAQ,ELIGIBLE,2.06,11081.941495000001,5211.9,1.0,0.0154,0.0,1002.51,D-1,False,
EBS,NYSE,ELIGIBLE,6.79,7606833.4755,1191964.2,1.0,0.7231,0.0,29.66,D-1,True,2792
EBUF,ARCA,FUND_ETF_ETN,,,,,,,,UNMEASURED,False,
EBZT,OTC,NOT_TRADABLE,,,,,,,,UNMEASURED,False,
EC,NYSE,ELIGIBLE,16.58,27868582.6435,1614280.6,1.0,0.8359,6.02,10.61,D-1,True,1907
ECAT,NYSE,ELIGIBLE,14.07,8593024.128,587869.1,1.0,0.6385,2.21,28.47,D-1,True,2711
ECBK,NASDAQ,ELIGIBLE,20.7,224684.54424999998,10746.7,1.0,0.0205,0.0,270.62,D-1,False,
ECC,NYSE,ELIGIBLE,3.5,3283123.417,878796.8,1.0,0.8282,0.0,28.41,D-1,True,3280
ECC.PRD,NYSE,MALFORMED_OR_NON_COMMON_SYMBOL,,,,,,,,UNMEASURED,False,
ECCC,NYSE,PREFERRED,,,,,,,,UNMEASURED,False,
ECCU,NYSE,NOTE_DEBT,,,,,,,,UNMEASURED,False,
ECCV,NYSE,NOTE_DEBT,,,,,,,,UNMEASURED,False,
ECDAW,OTC,NOT_TRADABLE,,,,,,,,UNMEASURED,False,
ECF,AMEX,FUND_ETF_ETN,,,,,,,,UNMEASURED,False,
ECG,NYSE,ELIGIBLE,116.94,48921387.114,425950.3,1.0,0.5436,0.87,43.53,D-1,True,1510
ECH,BATS,FUND_ETF_ETN,,,,,,,,UNMEASURED,False,
ECHO,NASDAQ,ELIGIBLE,90.11,284066451.6945,3092008.1,1.0,0.9923,9.79,10.45,D-1,True,450
ECHX,NASDAQ,FUND_ETF_ETN,,,,,,,,UNMEASURED,False,
ECL,NYSE,ELIGIBLE,279.49,329624592.4175,1193537.55,1.0,0.9897,5.19,3.96,D-1,True,397
ECML,ARCA,FUND_ETF_ETN,,,,,,,,UNMEASURED,False,
ECNS,ARCA,FUND_ETF_ETN,,,,,,,,UNMEASURED,False,
ECO,NYSE,ELIGIBLE,77.9,60147778.1625,772030.1,1.0,0.841,9.53,19.34,D-1,True,1354
ECON,ARCA,FUND_ETF_ETN,,,,,,,,UNMEASURED,False,
ECOR,NASDAQ,ELIGIBLE,11.12,911875.0630000001,86595.5,1.0,0.1872,0.0,208.55,D-1,False,
ECOW,NASDAQ,FUND_ETF_ETN,,,,,,,,UNMEASURED,False,
ECPG,NASDAQ,ELIGIBLE,98.41,38824469.8285,396170.85,1.0,0.259,1.02,21.34,D-1,True,1679
ECVT,NYSE,ELIGIBLE,10.14,13444112.584999999,1301760.2,1.0,0.7436,4.91,9.83,D-1,True,2416
ECX,NASDAQ,ELIGIBLE,1.09,1270649.1985000002,1179403.05,1.0,0.4949,0.0,90.56,D-1,True,3801
ECXWW,NASDAQ,WARRANT,,,,,,,,UNMEASURED,False,
ED,NYSE,ELIGIBLE,103.1,216214813.07799998,2040539.15,1.0,0.9744,3.9,8.29,D-1,True,584
EDBL,NASDAQ,ELIGIBLE,1.24,1412718.8055,1109018.55,1.0,0.9949,40.94,80.64,D-1,True,3733
EDBLW,NASDAQ,WARRANT,,,,,,,,UNMEASURED,False,
EDC,ARCA,FUND_ETF_ETN,,,,,,,,UNMEASURED,False,
EDD,NYSE,FUND_ETF_ETN,,,,,,,,UNMEASURED,False,
EDEN,BATS,FUND_ETF_ETN,,,,,,,,UNMEASURED,False,
EDF,NYSE,FUND_ETF_ETN,,,,,,,,UNMEASURED,False,
EDGE,BATS,FUND_ETF_ETN,,,,,,,,UNMEASURED,False,
EDGF,ARCA,FUND_ETF_ETN,,,,,,,,UNMEASURED,False,
EDGH,ARCA,FUND_ETF_ETN,,,,,,,,UNMEASURED,False,
EDGI,ARCA,FUND_ETF_ETN,,,,,,,,UNMEASURED,False,
EDGQ,ARCA,FUND_ETF_ETN,,,,,,,,UNMEASURED,False,
EDGU,ARCA,FUND_ETF_ETN,,,,,,,,UNMEASURED,False,
EDGX,ARCA,FUND_ETF_ETN,,,,,,,,UNMEASURED,False,
EDHL,NASDAQ,ELIGIBLE,5.0,2149118.7994150002,473762.85,1.0,0.3103,9.96,79.01,D-1,True,3509
EDIT,NASDAQ,ELIGIBLE,2.58,8844946.3,3164673.2,1.0,0.941,19.15,38.31,D-1,True,2690
EDIV,ARCA,FUND_ETF_ETN,,,,,,,,UNMEASURED,False,
EDN,NYSE,ELIGIBLE,21.32,1443809.891,60776.0,1.0,0.1744,0.0,119.72,D-1,True,3719
EDOG,ARCA,FUND_ETF_ETN,,,,,,,,UNMEASURED,False,
EDOW,ARCA,FUND_ETF_ETN,,,,,,,,UNMEASURED,False,
EDPFY,OTC,NOT_LISTED_EXCHANGE,,,,,,,,UNMEASURED,False,
EDRY,NASDAQ,ELIGIBLE,48.16,11595418.348749999,194620.25,1.0,0.5205,2.14,277.32,D-1,True,2513
EDSA,NASDAQ,ELIGIBLE,4.01,174727.9365,40009.35,1.0,0.0769,0.0,243.0,D-1,False,
EDTK,NASDAQ,ELIGIBLE,1.05,3725.90302,3921.0,1.0,0.0077,0.0,188.68,D-1,False,
EDU,NYSE,ELIGIBLE,56.47,39933131.2445,699731.7,1.0,0.5872,0.0,14.1,D-1,True,1662
EDUC,NASDAQ,ELIGIBLE,1.3,90680.053,68686.25,1.0,0.0359,0.0,76.63,D-1,False,
EDV,ARCA,FUND_ETF_ETN,,,,,,,,UNMEASURED,False,
EDVA,AMEX,ELIGIBLE,0.1921,1433889.2229550001,6604117.75,1.0,0.6282,0.0,175.89,D-1,False,
EDZ,ARCA,FUND_ETF_ETN,,,,,,,,UNMEASURED,False,
EE,NYSE,ELIGIBLE,33.09,16655071.888,451330.25,1.0,0.459,0.0,25.84,D-1,True,2262
EEA,NYSE,FUND_ETF_ETN,,,,,,,,UNMEASURED,False,
EEE,NASDAQ,FUND_ETF_ETN,,,,,,,,UNMEASURED,False,
EEFT,NASDAQ,ELIGIBLE,65.61,42405549.7065,612396.25,1.0,0.641,2.29,16.74,D-1,True,1615
EEIQ,NASDAQ,ELIGIBLE,4.82,63038.784750000006,17238.7,1.0,0.1103,0.0,425.86,D-1,False,
EELV,ARCA,FUND_ETF_ETN,,,,,,,,UNMEASURED,False,
EEM,ARCA,FUND_ETF_ETN,,,,,,,,UNMEASURED,False,
EEMA,NASDAQ,FUND_ETF_ETN,,,,,,,,UNMEASURED,False,
EEMO,ARCA,FUND_ETF_ETN,,,,,,,,UNMEASURED,False,
EEMS,ARCA,FUND_ETF_ETN,,,,,,,,UNMEASURED,False,
EEMV,BATS,FUND_ETF_ETN,,,,,,,,UNMEASURED,False,
EEMX,ARCA,FUND_ETF_ETN,,,,,,,,UNMEASURED,False,
EES,ARCA,FUND_ETF_ETN,,,,,,,,UNMEASURED,False,
EET,ARCA,FUND_ETF_ETN,,,,,,,,UNMEASURED,False,
EETH,ARCA,FUND_ETF_ETN,,,,,,,,UNMEASURED,False,
EEV,ARCA,FUND_ETF_ETN,,,,,,,,UNMEASURED,False,
EFA,ARCA,FUND_ETF_ETN,,,,,,,,UNMEASURED,False,
EFAA,ARCA,FUND_ETF_ETN,,,,,,,,UNMEASURED,False,
EFAD,BATS,FUND_ETF_ETN,,,,,,,,UNMEASURED,False,
EFAS,NASDAQ,FUND_ETF_ETN,,,,,,,,UNMEASURED,False,
EFAV,BATS,FUND_ETF_ETN,,,,,,,,UNMEASURED,False,
EFAX,ARCA,FUND_ETF_ETN,,,,,,,,UNMEASURED,False,
EFC,NYSE,ELIGIBLE,12.36,16796835.0595,1308925.0,1.0,0.9308,4.04,8.13,D-1,True,2254
EFC.PRB,NYSE,MALFORMED_OR_NON_COMMON_SYMBOL,,,,,,,,UNMEASURED,False,
EFC.PRC,NYSE,MALFORMED_OR_NON_COMMON_SYMBOL,,,,,,,,UNMEASURED,False,
EFC.PRD,NYSE,MALFORMED_OR_NON_COMMON_SYMBOL,,,,,,,,UNMEASURED,False,
EFFE,ARCA,FUND_ETF_ETN,,,,,,,,UNMEASURED,False,
EFFI,ARCA,FUND_ETF_ETN,,,,,,,,UNMEASURED,False,
EFG,BATS,FUND_ETF_ETN,,,,,,,,UNMEASURED,False,
EFIV,ARCA,FUND_ETF_ETN,,,,,,,,UNMEASURED,False,
EFNL,BATS,FUND_ETF_ETN,,,,,,,,UNMEASURED,False,
EFO,ARCA,FUND_ETF_ETN,,,,,,,,UNMEASURED,False,
EFOI,NASDAQ,ELIGIBLE,2.72,29504.16431,10835.95,1.0,0.0256,0.0,586.08,D-1,False,
EFOR,NYSE,ELIGIBLE,33.12,24059453.467499997,744425.45,1.0,0.7077,3.0,21.19,D-1,True,2024
EFR,NYSE,FUND_ETF_ETN,,,,,,,,UNMEASURED,False,
EFRA,NASDAQ,FUND_ETF_ETN,,,,,,,,UNMEASURED,False,
EFSC,NASDAQ,ELIGIBLE,60.93,19624895.67925,314976.3,1.0,0.4923,0.0,12.29,D-1,True,2163
EFSCP,NASDAQ,PREFERRED,,,,,,,,UNMEASURED,False,
EFSI,NASDAQ,ELIGIBLE,45.72,2116869.18325,47356.35,1.0,0.0667,0.0,72.0,D-1,True,3522
EFT,NYSE,ELIGIBLE,10.5,987039.084,93428.8,1.0,0.2872,0.0,24.0,D-1,False,
EFTR,OTC,NOT_TRADABLE,,,,,,,,UNMEASURED,False,
EFTRW,OTC,NOT_TRADABLE,,,,,,,,UNMEASURED,False,
EFTY,NASDAQ,ELIGIBLE,15.02,0.0,0.0,1.0,0.0,,,UNMEASURED,False,
EFU,ARCA,FUND_ETF_ETN,,,,,,,,UNMEASURED,False,
EFV,BATS,FUND_ETF_ETN,,,,,,,,UNMEASURED,False,
EFX,NYSE,ELIGIBLE,148.11,254703646.5375,1533628.0,1.0,0.9821,8.49,11.72,D-1,True,505
EFXT,NYSE,ELIGIBLE,23.57,11399039.747499999,515989.15,1.0,0.6103,4.25,19.22,D-1,True,2522
EFZ,ARCA,FUND_ETF_ETN,,,,,,,,UNMEASURED,False,
EG,NYSE,ELIGIBLE,370.43,160517784.192,428143.9,1.0,0.8359,1.76,11.83,D-1,True,731
EGAN,NASDAQ,ELIGIBLE,5.83,1952242.30625,342978.6,1.0,0.4615,0.0,42.73,D-1,True,3567
EGBN,NASDAQ,ELIGIBLE,28.54,8493809.991500001,303512.6,1.0,0.4641,0.0,8.75,D-1,True,2718
EGG,AMEX,ELIGIBLE,2.8,22597.50125,8125.35,1.0,0.0128,0.0,402.13,D-1,False,
EGGQ,NASDAQ,FUND_ETF_ETN,,,,,,,,UNMEASURED,False,
EGGS,ARCA,FUND_ETF_ETN,,,,,,,,UNMEASURED,False,
EGGY,ARCA,FUND_ETF_ETN,,,,,,,,UNMEASURED,False,
EGHA,NASDAQ,ELIGIBLE,10.4,14961.0932,1438.65,1.0,0.0,,,UNMEASURED,False,
EGHAR,NASDAQ,RIGHT,,,,,,,,UNMEASURED,False,
EGHAU,NASDAQ,UNIT,,,,,,,,UNMEASURED,False,
EGHT,NASDAQ,ELIGIBLE,2.3,3250127.6969999997,1634890.05,1.0,0.8846,21.31,43.67,D-1,True,3285
EGIOQ,OTC,NOT_TRADABLE,,,,,,,,UNMEASURED,False,
EGLE,ARCA,FUND_ETF_ETN,,,,,,,,UNMEASURED,False,
EGLXF,OTC,NOT_TRADABLE,,,,,,,,UNMEASURED,False,
EGO,NYSE,ELIGIBLE,41.92,132332526.90799999,3084774.4,1.0,0.9667,6.03,6.0,D-1,True,834
EGOXF,OTC,NOT_TRADABLE,,,,,,,,UNMEASURED,False,
EGP,NYSE,ELIGIBLE,201.52,102172796.671,509574.3,1.0,0.5923,3.47,16.59,D-1,True,981
EGRVF,OTC,NOT_TRADABLE,,,,,,,,UNMEASURED,False,
EGRX,OTC,NOT_TRADABLE,,,,,,,,UNMEASURED,False,
EGUS,BATS,FUND_ETF_ETN,,,,,,,,UNMEASURED,False,
EGUVF,OTC,NOT_TRADABLE,,,,,,,,UNMEASURED,False,
EGY,NYSE,ELIGIBLE,5.82,8501748.328,1396746.95,1.0,0.8846,8.58,17.29,D-1,True,2717
EH,NASDAQ,ELIGIBLE,4.51,2866900.2835,628069.25,1.0,0.7128,0.0,33.15,D-1,True,3352
EHC,NYSE,ELIGIBLE,123.47,103319758.43200001,846786.0,1.0,0.8769,3.23,12.53,D-1,True,971
EHCC,BATS,FUND_ETF_ETN,,,,,,,,UNMEASURED,False,
EHGO,NASDAQ,ELIGIBLE,0.8819,517855.283995,487663.45,1.0,0.1718,0.0,87.63,D-1,False,
EHI,NYSE,FUND_ETF_ETN,,,,,,,,UNMEASURED,False,
EHLD,NASDAQ,ELIGIBLE,11.95,185848.543785,13539.65,1.0,0.0256,0.0,2310.76,D-1,False,
EHLS,NASDAQ,FUND_ETF_ETN,,,,,,,,UNMEASURED,False,
EHTH,NASDAQ,ELIGIBLE,0.7556,347524.43445,380591.4,1.0,0.6949,5.25,78.3,D-1,False,
EHY,BATS,FUND_ETF_ETN,,,,,,,,UNMEASURED,False,
EIC,NYSE,ELIGIBLE,9.42,940246.0215,95708.5,1.0,0.1282,0.0,37.12,D-1,False,
EICA,NYSE,PREFERRED,,,,,,,,UNMEASURED,False,
EIDO,ARCA,FUND_ETF_ETN,,,,,,,,UNMEASURED,False,
EIG,NYSE,ELIGIBLE,47.3,8425353.491,172325.25,1.0,0.2718,0.0,57.02,D-1,True,2724
EIIA,NYSE,FUND_ETF_ETN,,,,,,,,UNMEASURED,False,
EIKN,NASDAQ,ELIGIBLE,7.92,6083164.549000001,651554.65,1.0,0.5692,0.0,55.88,D-1,True,2925
EIM,AMEX,FUND_ETF_ETN,,,,,,,,UNMEASURED,False,
EINC,ARCA,FUND_ETF_ETN,,,,,,,,UNMEASURED,False,
EIPI,ARCA,FUND_ETF_ETN,,,,,,,,UNMEASURED,False,
EIPX,ARCA,FUND_ETF_ETN,,,,,,,,UNMEASURED,False,
EIRL,ARCA,FUND_ETF_ETN,,,,,,,,UNMEASURED,False,
EIS,ARCA,FUND_ETF_ETN,,,,,,,,UNMEASURED,False,
EIX,NYSE,ELIGIBLE,52.65,424423350.9475,7499812.15,1.0,0.9949,6.65,8.55,D-1,True,290
EJAN,ARCA,FUND_ETF_ETN,,,,,,,,UNMEASURED,False,
EJH,NASDAQ,NOT_TRADABLE,,,,,,,,UNMEASURED,False,
EJPRY,OTC,NOT_LISTED_EXCHANGE,,,,,,,,UNMEASURED,False,
EJUL,ARCA,FUND_ETF_ETN,,,,,,,,UNMEASURED,False,
EKG,NASDAQ,FUND_ETF_ETN,,,,,,,,UNMEASURED,False,
EL,NYSE,ELIGIBLE,94.47,300100913.643,3047578.35,1.0,1.0,7.41,7.93,D-1,True,431
ELA,AMEX,ELIGIBLE,12.54,1716687.516,128152.45,1.0,0.141,0.0,99.85,D-1,True,3631
ELAB,NASDAQ,ELIGIBLE,4.57,166655.76799999998,34312.25,1.0,0.0333,0.0,211.42,D-1,False,
ELAN,NYSE,ELIGIBLE,22.31,126795022.07149999,5461880.55,1.0,1.0,6.75,4.45,D-1,True,855
ELBM,NASDAQ,ELIGIBLE,0.5382,190291.950525,339508.7,1.0,0.2564,0.0,46.4,D-1,False,
ELC,NYSE,NOTE_DEBT,,,,,,,,UNMEASURED,False,
ELCV,ARCA,FUND_ETF_ETN,,,,,,,,UNMEASURED,False,
ELD,ARCA,FUND_ETF_ETN,,,,,,,,UNMEASURED,False,
ELDN,NASDAQ,ELIGIBLE,2.65,2845160.2490000003,995509.45,1.0,0.7051,18.69,37.81,D-1,True,3356
ELE,NASDAQ,ELIGIBLE,20.74,9683542.024,460361.85,1.0,0.7179,2.47,19.64,D-1,True,2633
ELF,NYSE,ELIGIBLE,99.51,152868189.91500002,1511823.0,1.0,0.8769,8.01,25.19,D-1,True,751
ELFY,NASDAQ,FUND_ETF_ETN,,,,,,,,UNMEASURED,False,
ELIL,NASDAQ,FUND_ETF_ETN,,,,,,,,UNMEASURED,False,
ELIQQ,OTC,NOT_TRADABLE,,,,,,,,UNMEASURED,False,
ELLA,NYSE,NOTE_DEBT,,,,,,,,UNMEASURED,False,
ELLO,AMEX,ELIGIBLE,21.98,36623.522,1763.45,1.0,0.0,,673.03,D-1,False,
ELM,ARCA,FUND_ETF_ETN,,,,,,,,UNMEASURED,False,
ELMD,AMEX,ELIGIBLE,27.88,3021685.388,110100.5,1.0,0.2923,0.0,104.41,D-1,True,3323
ELME,NYSE,ELIGIBLE,1.73,1134072.1765,672280.0,1.0,0.5051,0.0,58.14,D-1,True,3863
ELMSQ,OTC,NOT_TRADABLE,,,,,,,,UNMEASURED,False,
ELMT,NASDAQ,ELIGIBLE,19.64,26444391.5735,1272336.85,1.0,0.5795,2.58,85.62,D-1,True,1943
ELOG,NASDAQ,ELIGIBLE,0.48,586583.7362,1034816.8,1.0,0.0282,0.0,,UNMEASURED,False,
ELOL,NASDAQ,FUND_ETF_ETN,,,,,,,,UNMEASURED,False,
ELOX,NASDAQ,ELIGIBLE,15.03,502852.89575,31046.55,1.0,0.0667,0.0,499.84,D-1,False,
ELPC,NYSE,ELIGIBLE,12.24,6059282.1295,494276.95,1.0,0.6923,1.85,8.27,D-1,True,2928
ELPW,NASDAQ,ELIGIBLE,3.19,1520987.4145000002,480085.1,1.0,0.8513,133.68,249.2,D-1,True,3695
ELS,NYSE,ELIGIBLE,59.23,99273533.0845,1623793.85,1.0,0.9436,3.39,4.24,D-1,True,996
ELTK,NASDAQ,ELIGIBLE,8.12,129522.13829999999,14626.9,1.0,0.0,,,UNMEASURED,False,
ELTX,NASDAQ,ELIGIBLE,1.84,844423.34575,392626.6,1.0,0.3846,0.0,80.01,D-1,False,
ELUT,NASDAQ,ELIGIBLE,0.8198,31691.217885000002,37882.25,1.0,0.0308,0.0,,UNMEASURED,False,
ELUXY,OTC,NOT_LISTED_EXCHANGE,,,,,,,,UNMEASURED,False,
ELV,NYSE,ELIGIBLE,396.09,497067959.8495,1218980.0,1.0,0.9667,6.86,12.88,D-1,True,242
ELVA,NASDAQ,ELIGIBLE,6.35,2257190.2735,342862.1,1.0,0.4769,0.0,23.41,D-1,True,3479
ELVN,NASDAQ,ELIGIBLE,44.75,75115272.582,1445045.15,1.0,0.8077,9.0,17.89,D-1,True,1174
ELVR,NASDAQ,ELIGIBLE,41.43,2542769.6765,51998.85,1.0,0.1872,0.0,164.63,D-1,True,3417
ELWT,NASDAQ,ELIGIBLE,7.125,88827.222805,12363.75,1.0,0.0487,91.19,1027.67,D-1,False,
ELYS,OTC,NOT_TRADABLE,,,,,,,,UNMEASURED,False,
EMA,NYSE,ELIGIBLE,47.73,18354043.6735,371429.55,1.0,0.641,1.05,7.36,D-1,True,2209
EMAT,NASDAQ,ELIGIBLE,3.2,4825101.1305,1375723.95,1.0,0.8615,15.74,48.47,D-1,True,3075
EMAU,BATS,FUND_ETF_ETN,,,,,,,,UNMEASURED,False,
EMB,NASDAQ,FUND_ETF_ETN,,,,,,,,UNMEASURED,False,
EMBC,NASDAQ,ELIGIBLE,5.9,6800774.728,1279617.35,1.0,0.7154,1.02,17.37,D-1,True,2853
EMBD,ARCA,FUND_ETF_ETN,,,,,,,,UNMEASURED,False,
EMBJ,NYSE,ELIGIBLE,78.63,91811247.853,1231206.0,1.0,0.9769,7.63,3.88,D-1,True,1041
EMBX,ARCA,FUND_ETF_ETN,,,,,,,,UNMEASURED,False,
EMC,ARCA,FUND_ETF_ETN,,,,,,,,UNMEASURED,False,
EMCB,NASDAQ,FUND_ETF_ETN,,,,,,,,UNMEASURED,False,
EMCR,ARCA,FUND_ETF_ETN,,,,,,,,UNMEASURED,False,
EMCS,ARCA,FUND_ETF_ETN,,,,,,,,UNMEASURED,False,
EMD,NYSE,FUND_ETF_ETN,,,,,,,,UNMEASURED,False,
EMDM,ARCA,FUND_ETF_ETN,,,,,,,,UNMEASURED,False,
EMDV,BATS,FUND_ETF_ETN,,,,,,,,UNMEASURED,False,
EME,NYSE,ELIGIBLE,762.21,268549755.643,359115.35,1.0,0.6538,2.38,20.7,D-1,True,472
EMEM,NASDAQ,FUND_ETF_ETN,,,,,,,,UNMEASURED,False,
EMEQ,NASDAQ,FUND_ETF_ETN,,,,,,,,UNMEASURED,False,
EMES,ARCA,FUND_ETF_ETN,,,,,,,,UNMEASURED,False,
EMET,ARCA,FUND_ETF_ETN,,,,,,,,UNMEASURED,False,
EMF,NYSE,FUND_ETF_ETN,,,,,,,,UNMEASURED,False,
EMFI,ARCA,FUND_ETF_ETN,,,,,,,,UNMEASURED,False,
EMGF,BATS,FUND_ETF_ETN,,,,,,,,UNMEASURED,False,
EMHC,ARCA,FUND_ETF_ETN,,,,,,,,UNMEASURED,False,
EMHY,BATS,FUND_ETF_ETN,,,,,,,,UNMEASURED,False,
EMIF,NASDAQ,FUND_ETF_ETN,,,,,,,,UNMEASURED,False,
EMIS,NASDAQ,ELIGIBLE,10.27,428943.29500000004,41838.65,1.0,0.0077,0.0,,UNMEASURED,False,
EMISR,NASDAQ,RIGHT,,,,,,,,UNMEASURED,False,
EMJL,BATS,FUND_ETF_ETN,,,,,,,,UNMEASURED,False,
EMJN,BATS,FUND_ETF_ETN,,,,,,,,UNMEASURED,False,
EMKT,ARCA,FUND_ETF_ETN,,,,,,,,UNMEASURED,False,
EML,NASDAQ,ELIGIBLE,24.1,323483.37425,12464.35,1.0,0.0128,0.0,160.0,D-1,False,
EMLC,ARCA,FUND_ETF_ETN,,,,,,,,UNMEASURED,False,
EMLP,ARCA,FUND_ETF_ETN,,,,,,,,UNMEASURED,False,
EMM,ARCA,FUND_ETF_ETN,,,,,,,,UNMEASURED,False,
EMMF,ARCA,FUND_ETF_ETN,,,,,,,,UNMEASURED,False,
EMMY,BATS,FUND_ETF_ETN,,,,,,,,UNMEASURED,False,
EMN,NYSE,ELIGIBLE,66.97,76235304.167,1122612.0,1.0,0.8026,2.56,6.76,D-1,True,1163
EMNT,ARCA,FUND_ETF_ETN,,,,,,,,UNMEASURED,False,
EMO,NYSE,FUND_ETF_ETN,,,,,,,,UNMEASURED,False,
EMOP,ARCA,FUND_ETF_ETN,,,,,,,,UNMEASURED,False,
EMOT,ARCA,FUND_ETF_ETN,,,,,,,,UNMEASURED,False,
EMP,NYSE,NOTE_DEBT,,,,,,,,UNMEASURED,False,
EMPB,ARCA,FUND_ETF_ETN,,,,,,,,UNMEASURED,False,
EMPD,NASDAQ,ELIGIBLE,2.89,1054328.9932499998,329303.85,1.0,0.2718,0.0,52.19,D-1,True,3902
EMQQ,ARCA,FUND_ETF_ETN,,,,,,,,UNMEASURED,False,
EMR,NYSE,ELIGIBLE,158.23,338304600.2805,2241330.7,1.0,1.0,6.25,11.04,D-1,True,382
EMSC,NASDAQ,FUND_ETF_ETN,,,,,,,,UNMEASURED,False,
EMSE,BATS,FUND_ETF_ETN,,,,,,,,UNMEASURED,False,
EMSF,ARCA,FUND_ETF_ETN,,,,,,,,UNMEASURED,False,
EMTY,ARCA,FUND_ETF_ETN,,,,,,,,UNMEASURED,False,
EMWPF,OTC,NOT_TRADABLE,,,,,,,,UNMEASURED,False,
EMXC,NASDAQ,FUND_ETF_ETN,,,,,,,,UNMEASURED,False,
EMXF,NASDAQ,FUND_ETF_ETN,,,,,,,,UNMEASURED,False,
EMXX,BATS,FUND_ETF_ETN,,,,,,,,UNMEASURED,False,
ENB,NYSE,ELIGIBLE,46.74,292995612.217,5984326.5,1.0,1.0,4.29,2.15,D-1,True,441
ENDPQ,OTC,NOT_TRADABLE,,,,,,,,UNMEASURED,False,
ENDW,NASDAQ,FUND_ETF_ETN,,,,,,,,UNMEASURED,False,
ENFR,ARCA,FUND_ETF_ETN,,,,,,,,UNMEASURED,False,
ENFY,OTC,NOT_TRADABLE,,,,,,,,UNMEASURED,False,
ENGCQ,OTC,NOT_TRADABLE,,,,,,,,UNMEASURED,False,
ENGIY,OTC,NOT_LISTED_EXCHANGE,,,,,,,,UNMEASURED,False,
ENGN,NASDAQ,ELIGIBLE,1.96,1361354.207,714324.5,1.0,0.5231,0.0,52.77,D-1,True,3757
ENGNW,NASDAQ,WARRANT,,,,,,,,UNMEASURED,False,
ENGS,NASDAQ,ELIGIBLE,2.94,6297691.347,2223438.6,1.0,0.6385,6.1,34.55,D-1,True,2900
ENHA,NYSE,ELIGIBLE,1.44,1300713.5574999999,845081.05,1.0,0.5718,6.99,69.69,D-1,True,3787
ENHI,NASDAQ,FUND_ETF_ETN,,,,,,,,UNMEASURED,False,
ENHU,NASDAQ,FUND_ETF_ETN,,,,,,,,UNMEASURED,False,
ENIC,NYSE,ELIGIBLE,4.29,3877857.5524999998,895719.65,1.0,0.5795,0.0,23.39,D-1,True,3196
ENJ,NYSE,NOTE_DEBT,,,,,,,,UNMEASURED,False,
ENLAY,OTC,NOT_LISTED_EXCHANGE,,,,,,,,UNMEASURED,False,
ENLT,NASDAQ,ELIGIBLE,69.47,14325357.536000002,192824.75,1.0,0.2128,0.0,58.16,D-1,True,2373
ENLV,NASDAQ,ELIGIBLE,0.5975,363983.723705,414006.45,1.0,0.3897,0.0,255.5,D-1,False,
ENO,NYSE,NOTE_DEBT,,,,,,,,UNMEASURED,False,
ENOR,BATS,FUND_ETF_ETN,,,,,,,,UNMEASURED,False,
ENOV,NYSE,ELIGIBLE,18.46,41170680.686000004,2162111.6,1.0,0.8821,8.11,16.29,D-1,True,1639
ENPH,NASDAQ,ELIGIBLE,32.4,161841239.8605,4551710.05,1.0,0.9974,12.15,7.68,D-1,True,728
ENR,NYSE,ELIGIBLE,22.0,20292294.5865,956073.25,1.0,0.6974,4.52,11.33,D-1,True,2141
ENRD,NASDAQ,ELIGIBLE,4.14,890708.3754999998,227277.45,1.0,0.4205,0.0,325.0,D-1,False,
ENRDW,NASDAQ,WARRANT,,,,,,,,UNMEASURED,False,
ENRG,ARCA,FUND_ETF_ETN,,,,,,,,UNMEASURED,False,
ENS,NYSE,ELIGIBLE,178.89,102816983.38949999,575666.15,1.0,0.5846,1.68,25.43,D-1,True,976
ENSC,NASDAQ,ELIGIBLE,0.4123,243447.47637,539002.9,1.0,0.259,0.0,162.42,D-1,False,
ENSG,NASDAQ,ELIGIBLE,175.18,61823516.0545,355885.05,1.0,0.3308,0.0,17.02,D-1,True,1325
ENSV,OTC,NOT_TRADABLE,,,,,,,,UNMEASURED,False,
ENTA,NASDAQ,ELIGIBLE,11.88,3136559.6265000002,243533.1,1.0,0.441,0.0,31.91,D-1,True,3303
ENTG,NASDAQ,ELIGIBLE,151.89,297918599.53400004,2157896.75,1.0,0.9231,8.11,19.62,D-1,True,435
ENTL,BATS,FUND_ETF_ETN,,,,,,,,UNMEASURED,False,
ENTX,NASDAQ,ELIGIBLE,2.745,1189628.0432499999,409890.3,1.0,0.5026,0.0,36.5,D-1,True,3840
ENVA,NYSE,ELIGIBLE,173.48,79120813.28400001,413379.9,1.0,0.5,0.0,33.91,D-1,True,1142
ENVB,NASDAQ,ELIGIBLE,1.5,93466.952,61793.95,1.0,0.1308,0.0,100.12,D-1,False,
ENVX,NASDAQ,ELIGIBLE,2.87,18161196.2855,5826624.85,1.0,0.9821,17.6,34.73,D-1,True,2214
ENZB,OTC,NOT_TRADABLE,,,,,,,,UNMEASURED,False,
ENZL,NASDAQ,FUND_ETF_ETN,,,,,,,,UNMEASURED,False,
EO,BATS,FUND_ETF_ETN,,,,,,,,UNMEASURED,False,
EOCN,NASDAQ,ELIGIBLE,3.63,150036.72830000002,35645.25,1.0,0.0179,0.0,965.52,D-1,False,
EOCT,ARCA,FUND_ETF_ETN,,,,,,,,UNMEASURED,False,
EOD,NYSE,FUND_ETF_ETN,,,,,,,,UNMEASURED,False,
EOG,NYSE,ELIGIBLE,140.35,492084722.5405,3382516.85,1.0,0.9923,6.42,4.62,D-1,True,244
EOI,NYSE,FUND_ETF_ETN,,,,,,,,UNMEASURED,False,
EOLS,NASDAQ,ELIGIBLE,7.97,6627086.444,785463.9,1.0,0.5051,0.0,19.27,D-1,True,2873
EONR,AMEX,ELIGIBLE,0.4929,454491.01472,805584.7,1.0,0.5,0.0,81.21,D-1,False,
EONR.WS,AMEX,MALFORMED_OR_NON_COMMON_SYMBOL,,,,,,,,UNMEASURED,False,
EOS,NYSE,FUND_ETF_ETN,,,,,,,,UNMEASURED,False,
EOSE,NASDAQ,ELIGIBLE,3.165,106309780.71925,28400082.6,1.0,1.0,31.3,31.2,D-1,True,956
EOSU,BATS,FUND_ETF_ETN,,,,,,,,UNMEASURED,False,
EOT,NYSE,ELIGIBLE,15.41,759990.222,47008.35,1.0,0.0872,0.0,32.38,D-1,False,
EP,AMEX,ELIGIBLE,2.11,99724.0395,39108.1,1.0,0.0385,0.0,160.61,D-1,False,
EP.PRC,NYSE,MALFORMED_OR_NON_COMMON_SYMBOL,,,,,,,,UNMEASURED,False,
EPAC,NYSE,ELIGIBLE,35.7,15270708.978,425071.6,1.0,0.5795,4.25,48.63,D-1,True,2324
EPAI,ARCA,FUND_ETF_ETN,,,,,,,,UNMEASURED,False,
EPAM,NYSE,ELIGIBLE,108.23,133438015.2685,1151302.25,1.0,0.8821,8.76,26.73,D-1,True,827
EPC,NYSE,ELIGIBLE,27.82,16215703.2405,589754.5,1.0,0.5564,1.79,19.8,D-1,True,2282
EPD,NYSE,ELIGIBLE,36.75,101638262.90599999,2643605.7,1.0,1.0,5.01,2.71,D-1,True,983
EPEM,ARCA,FUND_ETF_ETN,,,,,,,,UNMEASURED,False,
EPHE,ARCA,FUND_ETF_ETN,,,,,,,,UNMEASURED,False,
EPI,ARCA,FUND_ETF_ETN,,,,,,,,UNMEASURED,False,
EPIN,ARCA,FUND_ETF_ETN,,,,,,,,UNMEASURED,False,
EPM,AMEX,ELIGIBLE,3.52,2222238.9565000003,603251.55,1.0,0.7103,0.0,28.53,D-1,True,3493
EPMB,ARCA,FUND_ETF_ETN,,,,,,,,UNMEASURED,False,
EPMV,ARCA,FUND_ETF_ETN,,,,,,,,UNMEASURED,False,
EPOBY,OTC,NOT_TRADABLE,,,,,,,,UNMEASURED,False,
EPOL,ARCA,FUND_ETF_ETN,,,,,,,,UNMEASURED,False,
EPOW,NASDAQ,ELIGIBLE,5.66,1235587.367145,107672.6,1.0,0.0487,0.0,,UNMEASURED,True,3818
EPP,ARCA,FUND_ETF_ETN,,,,,,,,UNMEASURED,False,
EPR,NYSE,ELIGIBLE,56.83,53226470.188999996,911621.8,1.0,0.7692,1.76,8.87,D-1,True,1442
EPR.PRC,NYSE,MALFORMED_OR_NON_COMMON_SYMBOL,,,,,,,,UNMEASURED,False,
EPR.PRE,NYSE,MALFORMED_OR_NON_COMMON_SYMBOL,,,,,,,,UNMEASURED,False,
EPR.PRG,NYSE,MALFORMED_OR_NON_COMMON_SYMBOL,,,,,,,,UNMEASURED,False,
EPRF,BATS,FUND_ETF_ETN,,,,,,,,UNMEASURED,False,
EPRT,NYSE,ELIGIBLE,26.53,64227170.913,2311021.5,1.0,0.9513,3.79,3.79,D-1,True,1296
EPRX,NASDAQ,ELIGIBLE,8.01,4798994.0649999995,591229.95,1.0,0.5718,0.0,31.28,D-1,True,3079
EPS,ARCA,FUND_ETF_ETN,,,,,,,,UNMEASURED,False,
EPSB,ARCA,FUND_ETF_ETN,,,,,,,,UNMEASURED,False,
EPSM,NASDAQ,ELIGIBLE,1.28,1231920.91554,771176.0,1.0,0.1154,0.0,338.9,D-1,True,3821
EPSN,NASDAQ,ELIGIBLE,5.93,1083737.5955,177312.95,1.0,0.1795,0.0,25.16,D-1,True,3890
EPSV,ARCA,FUND_ETF_ETN,,,,,,,,UNMEASURED,False,
EPU,ARCA,FUND_ETF_ETN,,,,,,,,UNMEASURED,False,
EPV,ARCA,FUND_ETF_ETN,,,,,,,,UNMEASURED,False,
EPWKF,OTC,NOT_TRADABLE,,,,,,,,UNMEASURED,False,
EQ,NASDAQ,ELIGIBLE,1.67,1120781.399,543500.85,1.0,0.3718,0.0,59.35,D-1,True,3869
EQAL,ARCA,FUND_ETF_ETN,,,,,,,,UNMEASURED,False,
EQBK,NYSE,ELIGIBLE,48.36,5255075.085,106124.15,1.0,0.1744,0.0,82.4,D-1,True,3019
EQH,NYSE,ELIGIBLE,53.84,169742492.1735,3209305.65,1.0,0.9846,4.71,8.45,D-1,True,702
EQH.PRA,NYSE,MALFORMED_OR_NON_COMMON_SYMBOL,,,,,,,,UNMEASURED,False,
EQH.PRC,NYSE,MALFORMED_OR_NON_COMMON_SYMBOL,,,,,,,,UNMEASURED,False,
EQIN,ARCA,FUND_ETF_ETN,,,,,,,,UNMEASURED,False,
EQIX,NASDAQ,ELIGIBLE,1008.08,550677668.287,534520.8,1.0,0.9615,9.16,10.58,D-1,True,215
EQL,ARCA,FUND_ETF_ETN,,,,,,,,UNMEASURED,False,
EQLT,BATS,FUND_ETF_ETN,,,,,,,,UNMEASURED,False,
EQNR,NYSE,ELIGIBLE,42.19,148289467.3985,3402312.15,1.0,1.0,7.02,2.37,D-1,True,769
EQPT,NASDAQ,ELIGIBLE,17.35,59945331.9965,3368235.0,1.0,1.0,11.8,14.7,D-1,True,1359
EQQQ,NASDAQ,FUND_ETF_ETN,,,,,,,,UNMEASURED,False,
EQRR,NASDAQ,FUND_ETF_ETN,,,,,,,,UNMEASURED,False,
EQS,NYSE,ELIGIBLE,0.999,15897.727710000001,16131.0,1.0,0.0205,0.0,260.41,D-1,False,
EQT,NYSE,ELIGIBLE,50.81,389550054.487,7426899.3,1.0,1.0,7.85,1.97,D-1,True,321
EQTY,ARCA,FUND_ETF_ETN,,,,,,,,UNMEASURED,False,
EQWL,ARCA,FUND_ETF_ETN,,,,,,,,UNMEASURED,False,
EQX,AMEX,ELIGIBLE,11.94,159533702.82999998,12925823.9,1.0,0.9949,8.49,8.41,D-1,True,735
ERAS,NASDAQ,ELIGIBLE,14.25,76145452.47475001,4837175.7,1.0,0.9897,13.8,13.91,D-1,True,1164
ERC,AMEX,FUND_ETF_ETN,,,,,,,,UNMEASURED,False,
ERET,NASDAQ,FUND_ETF_ETN,,,,,,,,UNMEASURED,False,
ERH,AMEX,FUND_ETF_ETN,,,,,,,,UNMEASURED,False,
ERIC,NASDAQ,ELIGIBLE,9.53,75147781.7985,7499963.2,1.0,0.9923,5.24,10.47,D-1,True,1173
ERIE,NASDAQ,ELIGIBLE,222.86,74961960.823,303117.6,1.0,0.2256,0.0,49.25,D-1,True,1176
ERII,NASDAQ,ELIGIBLE,6.81,8136584.5430000005,1111038.45,1.0,0.6231,0.0,14.63,D-1,True,2746
ERNA,NASDAQ,ELIGIBLE,3.445,186924.7935,45626.8,1.0,0.0897,0.0,261.25,D-1,False,
ERNAW,NASDAQ,WARRANT,,,,,,,,UNMEASURED,False,
ERO,NYSE,ELIGIBLE,37.87,49641843.864999995,1391819.8,1.0,0.8846,6.84,14.66,D-1,True,1498
EROC,NYSE,ELIGIBLE,12.6,32633124.108499996,2618101.85,1.0,0.9513,16.37,23.7,D-1,True,1795
EROK,NYSE,ELIGIBLE,21.57,3058822.9555,126096.15,1.0,0.2718,0.0,68.5,D-1,True,3317
ERTH,ARCA,FUND_ETF_ETN,,,,,,,,UNMEASURED,False,
ERX,ARCA,FUND_ETF_ETN,,,,,,,,UNMEASURED,False,
ERY,ARCA,FUND_ETF_ETN,,,,,,,,UNMEASURED,False,
ES,NYSE,ELIGIBLE,63.67,160739821.4115,2359165.9,1.0,0.9974,4.74,3.95,D-1,True,730
ESAB,NYSE,ELIGIBLE,71.91,66598008.39650001,950495.05,1.0,0.7564,7.86,18.71,D-1,True,1270
ESALY,OTC,NOT_LISTED_EXCHANGE,,,,,,,,UNMEASURED,False,
ESBA,ARCA,ELIGIBLE,4.0,23024.029325,5616.6,1.0,0.0,,711.24,D-1,False,
ESBG,ARCA,FUND_ETF_ETN,,,,,,,,UNMEASURED,False,
ESCA,NASDAQ,ELIGIBLE,19.52,561387.122,28323.55,1.0,0.0949,0.0,146.38,D-1,False,
ESE,NYSE,ELIGIBLE,268.09,67194116.442,252058.7,1.0,0.6231,1.49,14.73,D-1,True,1266
ESEA,NASDAQ,ELIGIBLE,69.7,2986258.3392499997,39961.45,1.0,0.0821,0.0,126.69,D-1,True,3328
ESG,BATS,FUND_ETF_ETN,,,,,,,,UNMEASURED,False,
ESGD,NASDAQ,FUND_ETF_ETN,,,,,,,,UNMEASURED,False,
ESGE,NASDAQ,FUND_ETF_ETN,,,,,,,,UNMEASURED,False,
ESGG,BATS,FUND_ETF_ETN,,,,,,,,UNMEASURED,False,
ESGU,NASDAQ,FUND_ETF_ETN,,,,,,,,UNMEASURED,False,
ESGV,BATS,FUND_ETF_ETN,,,,,,,,UNMEASURED,False,
ESI,NYSE,ELIGIBLE,35.71,199410099.815,5803519.55,1.0,0.9897,8.43,5.63,D-1,True,624
ESIM,ARCA,FUND_ETF_ETN,,,,,,,,UNMEASURED,False,
ESLA,NASDAQ,ELIGIBLE,0.481,25592.982105,43471.35,1.0,0.059,0.0,518.13,D-1,False,
ESLAW,NASDAQ,WARRANT,,,,,,,,UNMEASURED,False,
ESLG,ARCA,FUND_ETF_ETN,,,,,,,,UNMEASURED,False,
ESLT,NASDAQ,ELIGIBLE,735.0,50597281.16875,69784.6,1.0,0.2923,0.0,50.46,D-1,True,1485
ESLV,ARCA,FUND_ETF_ETN,,,,,,,,UNMEASURED,False,
ESML,BATS,FUND_ETF_ETN,,,,,,,,UNMEASURED,False,
ESMV,NASDAQ,FUND_ETF_ETN,,,,,,,,UNMEASURED,False,
ESN,NASDAQ,FUND_ETF_ETN,,,,,,,,UNMEASURED,False,
ESNT,NYSE,ELIGIBLE,63.73,52903697.444,785523.7,1.0,0.7641,2.35,9.43,D-1,True,1452
ESOA,NASDAQ,ELIGIBLE,11.12,1398777.9789999998,123954.85,1.0,0.2231,0.0,53.98,D-1,True,3740
ESP,AMEX,ELIGIBLE,65.63,2226980.7225,35070.55,1.0,0.2205,0.0,89.59,D-1,True,3489
ESPO,NASDAQ,FUND_ETF_ETN,,,,,,,,UNMEASURED,False,
ESQ,NASDAQ,ELIGIBLE,122.28,26055166.547,216512.2,1.0,0.2231,0.0,46.11,D-1,True,1957
ESRT,NYSE,ELIGIBLE,4.11,19451903.408,4635451.1,1.0,0.9846,12.16,24.36,D-1,True,2170
ESS,NYSE,ELIGIBLE,271.61,162518383.567,590517.1,1.0,0.7077,1.11,15.07,D-1,True,727
ESSC,ARCA,FUND_ETF_ETN,,,,,,,,UNMEASURED,False,
ESTA,NASDAQ,ELIGIBLE,65.97,23172415.2565,326640.65,1.0,0.5256,1.5,46.31,D-1,True,2047
ESTC,NYSE,ELIGIBLE,88.12,254217982.3005,2772139.55,1.0,0.9692,9.02,17.17,D-1,True,508
ESUM,ARCA,FUND_ETF_ETN,,,,,,,,UNMEASURED,False,
ESYN,NASDAQ,NOT_SEC_REGISTRANT_TICKER,,,,,,,,UNMEASURED,False,
ET,NYSE,UNIT,,,,,,,,UNMEASURED,False,
ET.PRI,NYSE,MALFORMED_OR_NON_COMMON_SYMBOL,,,,,,,,UNMEASURED,False,
ETAOF,OTC,NOT_TRADABLE,,,,,,,,UNMEASURED,False,
ETB,NYSE,FUND_ETF_ETN,,,,,,,,UNMEASURED,False,
ETCG,OTC,NOT_LISTED_EXCHANGE,,,,,,,,UNMEASURED,False,
ETCO,ARCA,FUND_ETF_ETN,,,,,,,,UNMEASURED,False,
ETD,NYSE,ELIGIBLE,21.29,14765160.407499999,660117.7,1.0,0.5667,0.0,16.54,D-1,True,2354
ETEC,NASDAQ,FUND_ETF_ETN,,,,,,,,UNMEASURED,False,
ETFT,ARCA,FUND_ETF_ETN,,,,,,,,UNMEASURED,False,
ETG,NYSE,FUND_ETF_ETN,,,,,,,,UNMEASURED,False,
ETH,ARCA,FUND_ETF_ETN,,,,,,,,UNMEASURED,False,
ETHA,NASDAQ,FUND_ETF_ETN,,,,,,,,UNMEASURED,False,
ETHB,NASDAQ,FUND_ETF_ETN,,,,,,,,UNMEASURED,False,
ETHD,ARCA,FUND_ETF_ETN,,,,,,,,UNMEASURED,False,
ETHE,ARCA,FUND_ETF_ETN,,,,,,,,UNMEASURED,False,
ETHO,ARCA,FUND_ETF_ETN,,,,,,,,UNMEASURED,False,
ETHT,ARCA,FUND_ETF_ETN,,,,,,,,UNMEASURED,False,
ETHU,BATS,FUND_ETF_ETN,,,,,,,,UNMEASURED,False,
ETHV,BATS,FUND_ETF_ETN,,,,,,,,UNMEASURED,False,
ETHW,ARCA,FUND_ETF_ETN,,,,,,,,UNMEASURED,False,
ETI.PR,NYSE,MALFORMED_OR_NON_COMMON_SYMBOL,,,,,,,,UNMEASURED,False,
ETJ,NYSE,FUND_ETF_ETN,,,,,,,,UNMEASURED,False,
ETN,NYSE,ELIGIBLE,439.98,859272194.4095001,2079377.2,1.0,1.0,7.42,13.86,D-1,True,136
ETNG,BATS,FUND_ETF_ETN,,,,,,,,UNMEASURED,False,
ETO,NYSE,FUND_ETF_ETN,,,,,,,,UNMEASURED,False,
ETON,NASDAQ,ELIGIBLE,57.68,28592125.652999997,491305.95,1.0,0.7667,4.28,52.04,D-1,True,1893
ETOR,NASDAQ,ELIGIBLE,26.39,30311690.821,1027141.55,1.0,0.8872,7.53,15.09,D-1,True,1847
ETR,NYSE,ELIGIBLE,98.57,312497355.7935,3006553.2,1.0,0.9795,5.11,5.62,D-1,True,414
ETRA,NASDAQ,ELIGIBLE,11.55,17762078.395,1355384.0,0.3,0.7487,4.3,279.35,D-1,True,2231
ETS,NASDAQ,ELIGIBLE,1.59,990170.6956,630084.5,1.0,0.1026,0.0,216.0,D-1,False,
ETSS,NYSE,ELIGIBLE,9.95,983161.591,98959.35,1.0,0.0026,0.0,10.07,D-1,False,
ETSS.U,NYSE,WARRANT,,,,,,,,UNMEASURED,False,
ETSS.WS,NYSE,MALFORMED_OR_NON_COMMON_SYMBOL,,,,,,,,UNMEASURED,False,
ETSY,NYSE,ELIGIBLE,68.44,243402821.02899998,3275933.7,1.0,1.0,10.14,9.22,D-1,True,526
ETTY,BATS,FUND_ETF_ETN,,,,,,,,UNMEASURED,False,
ETU,BATS,FUND_ETF_ETN,,,,,,,,UNMEASURED,False,
ETV,NYSE,FUND_ETF_ETN,,,,,,,,UNMEASURED,False,
ETW,NYSE,FUND_ETF_ETN,,,,,,,,UNMEASURED,False,
ETWOW,OTC,NOT_TRADABLE,,,,,,,,UNMEASURED,False,
ETX,NYSE,ELIGIBLE,17.53,438139.85091000004,24620.55,1.0,0.1179,0.0,74.59,D-1,False,
ETY,NYSE,FUND_ETF_ETN,,,,,,,,UNMEASURED,False,
EU,NASDAQ,ELIGIBLE,1.24,8849236.38259,8615544.5,1.0,0.841,41.59,83.68,D-1,True,2688
EUAD,BATS,FUND_ETF_ETN,,,,,,,,UNMEASURED,False,
EUDA,NASDAQ,ELIGIBLE,17.8615,479252.446975,31576.5,1.0,0.0692,0.0,286.57,D-1,False,
EUDAW,NASDAQ,WARRANT,,,,,,,,UNMEASURED,False,
EUDG,ARCA,FUND_ETF_ETN,,,,,,,,UNMEASURED,False,
EUDV,BATS,FUND_ETF_ETN,,,,,,,,UNMEASURED,False,
EUFN,NASDAQ,FUND_ETF_ETN,,,,,,,,UNMEASURED,False,
EUHY,BATS,FUND_ETF_ETN,,,,,,,,UNMEASURED,False,
EUIG,BATS,FUND_ETF_ETN,,,,,,,,UNMEASURED,False,
EUM,ARCA,FUND_ETF_ETN,,,,,,,,UNMEASURED,False,
EUO,ARCA,FUND_ETF_ETN,,,,,,,,UNMEASURED,False,
EURK,NASDAQ,ELIGIBLE,11.5432,202609.900065,17593.0,1.0,0.0026,0.0,,UNMEASURED,False,
EURKR,NASDAQ,RIGHT,,,,,,,,UNMEASURED,False,
EURKU,NASDAQ,UNIT,,,,,,,,UNMEASURED,False,
EURL,ARCA,FUND_ETF_ETN,,,,,,,,UNMEASURED,False,
EUSA,ARCA,FUND_ETF_ETN,,,,,,,,UNMEASURED,False,
EUSB,ARCA,FUND_ETF_ETN,,,,,,,,UNMEASURED,False,
EUV,BATS,FUND_ETF_ETN,,,,,,,,UNMEASURED,False,
EUVX,BATS,FUND_ETF_ETN,,,,,,,,UNMEASURED,False,
EVAC,NYSE,ELIGIBLE,10.31,1637845.50925,158995.25,1.0,0.0641,0.0,9.69,D-1,True,3665
EVAC.U,NYSE,WARRANT,,,,,,,,UNMEASURED,False,
EVAC.WS,NYSE,MALFORMED_OR_NON_COMMON_SYMBOL,,,,,,,,UNMEASURED,False,
EVAX,NASDAQ,ELIGIBLE,3.34,165527.589075,52974.55,1.0,0.1282,0.0,212.31,D-1,False,
EVC,NYSE,ELIGIBLE,7.41,9140868.9765,1127520.75,1.0,0.9103,6.62,26.58,D-1,True,2671
EVCM,NASDAQ,ELIGIBLE,8.08,1430400.666,184312.7,1.0,0.2179,0.0,144.97,D-1,True,3726
EVER,NASDAQ,ELIGIBLE,18.64,18719159.8625,874807.7,1.0,0.7179,5.46,30.19,D-1,True,2193
EVEX,NYSE,ELIGIBLE,2.17,2161621.9395,1006768.35,1.0,0.7897,20.91,48.19,D-1,True,3507
EVEX.WS,NYSE,MALFORMED_OR_NON_COMMON_SYMBOL,,,,,,,,UNMEASURED,False,
EVF,NYSE,ELIGIBLE,4.87,325058.6585,66393.8,1.0,0.0923,0.0,20.66,D-1,False,
EVFM,OTC,NOT_TRADABLE,,,,,,,,UNMEASURED,False,
EVG,NYSE,FUND_ETF_ETN,,,,,,,,UNMEASURED,False,
EVGN,NASDAQ,ELIGIBLE,0.4157,97600.668875,202293.05,1.0,0.0897,0.0,1310.24,D-1,False,
EVGO,NASDAQ,ELIGIBLE,1.38,6376692.885,4491805.65,1.0,0.9769,36.08,71.94,D-1,True,2893
EVH,NYSE,ELIGIBLE,3.61,9270741.5145,2327873.5,1.0,0.7615,13.71,28.29,D-1,True,2657
EVHY,ARCA,FUND_ETF_ETN,,,,,,,,UNMEASURED,False,
EVI,AMEX,ELIGIBLE,20.33,980426.9029999999,59666.7,1.0,0.1462,2.48,181.84,D-1,False,
EVIM,ARCA,FUND_ETF_ETN,,,,,,,,UNMEASURED,False,
EVKG,OTC,NOT_TRADABLE,,,,,,,,UNMEASURED,False,
EVLN,ARCA,FUND_ETF_ETN,,,,,,,,UNMEASURED,False,
EVLU,BATS,FUND_ETF_ETN,,,,,,,,UNMEASURED,False,
EVLV,NASDAQ,ELIGIBLE,4.79,10336654.257000001,2059701.65,1.0,0.9128,10.2,20.7,D-1,True,2592
EVMN,NYSE,ELIGIBLE,8.49,8261802.571500001,780531.9,1.0,0.7051,0.0,47.39,D-1,True,2737
EVMO,ARCA,FUND_ETF_ETN,,,,,,,,UNMEASURED,False,
EVMT,NASDAQ,FUND_ETF_ETN,,,,,,,,UNMEASURED,False,
EVMU,ARCA,FUND_ETF_ETN,,,,,,,,UNMEASURED,False,
EVN,NYSE,ELIGIBLE,9.79,816768.2845,80240.5,1.0,0.4205,0.0,36.05,D-1,False,
EVNT,ARCA,FUND_ETF_ETN,,,,,,,,UNMEASURED,False,
EVO,NASDAQ,ELIGIBLE,1.56,248023.09350000002,151834.0,1.0,0.0513,0.0,64.72,D-1,False,
EVOX,NASDAQ,ELIGIBLE,10.11,525544.09,51970.15,1.0,0.0026,0.0,,UNMEASURED,False,
EVOXU,NASDAQ,UNIT,,,,,,,,UNMEASURED,False,
EVOXW,NASDAQ,WARRANT,,,,,,,,UNMEASURED,False,
EVPF,NASDAQ,FUND_ETF_ETN,,,,,,,,UNMEASURED,False,
EVR,NYSE,ELIGIBLE,262.91,140578319.81300002,512178.85,1.0,0.9282,6.69,26.7,D-1,True,800
EVRG,NASDAQ,ELIGIBLE,78.04,174800617.2945,2171542.3,1.0,0.9692,3.85,3.22,D-1,True,688
EVSB,ARCA,FUND_ETF_ETN,,,,,,,,UNMEASURED,False,
EVSD,NASDAQ,FUND_ETF_ETN,,,,,,,,UNMEASURED,False,
EVSM,ARCA,FUND_ETF_ETN,,,,,,,,UNMEASURED,False,
EVT,NYSE,FUND_ETF_ETN,,,,,,,,UNMEASURED,False,
EVTC,NYSE,ELIGIBLE,28.18,13753934.2595,478527.75,1.0,0.4692,0.0,28.31,D-1,True,2400
EVTL,NYSE,ELIGIBLE,0.739,3973472.1703600003,6278889.2,1.0,0.9923,46.32,54.65,D-1,False,
EVTR,NYSE,FUND_ETF_ETN,,,,,,,,UNMEASURED,False,
EVTWF,OTC,NOT_TRADABLE,,,,,,,,UNMEASURED,False,
EVUS,BATS,FUND_ETF_ETN,,,,,,,,UNMEASURED,False,
EVV,AMEX,FUND_ETF_ETN,,,,,,,,UNMEASURED,False,
EVVAQ,OTC,NOT_TRADABLE,,,,,,,,UNMEASURED,False,
EVVTY,OTC,NOT_LISTED_EXCHANGE,,,,,,,,UNMEASURED,False,
EVX,ARCA,FUND_ETF_ETN,,,,,,,,UNMEASURED,False,
EVYM,NASDAQ,FUND_ETF_ETN,,,,,,,,UNMEASURED,False,
EW,NYSE,ELIGIBLE,86.29,290080884.2165,3302426.8,1.0,0.9949,5.21,5.19,D-1,True,446
EWA,ARCA,FUND_ETF_ETN,,,,,,,,UNMEASURED,False,
EWAV,NASDAQ,ELIGIBLE,9.9,437821.3155,44263.8,1.0,0.0,,,UNMEASURED,False,
EWAVR,NASDAQ,RIGHT,,,,,,,,UNMEASURED,False,
EWAVU,NASDAQ,UNIT,,,,,,,,UNMEASURED,False,
EWBC,NASDAQ,ELIGIBLE,127.23,105225591.0215,824319.25,1.0,0.7308,1.57,6.32,D-1,True,961
EWC,ARCA,FUND_ETF_ETN,,,,,,,,UNMEASURED,False,
EWD,ARCA,FUND_ETF_ETN,,,,,,,,UNMEASURED,False,
EWG,ARCA,FUND_ETF_ETN,,,,,,,,UNMEASURED,False,
EWH,ARCA,FUND_ETF_ETN,,,,,,,,UNMEASURED,False,
EWI,ARCA,FUND_ETF_ETN,,,,,,,,UNMEASURED,False,
EWJ,ARCA,FUND_ETF_ETN,,,,,,,,UNMEASURED,False,
EWJV,NASDAQ,FUND_ETF_ETN,,,,,,,,UNMEASURED,False,
EWK,ARCA,FUND_ETF_ETN,,,,,,,,UNMEASURED,False,
EWL,ARCA,FUND_ETF_ETN,,,,,,,,UNMEASURED,False,
EWM,ARCA,FUND_ETF_ETN,,,,,,,,UNMEASURED,False,
EWN,ARCA,FUND_ETF_ETN,,,,,,,,UNMEASURED,False,
EWO,ARCA,FUND_ETF_ETN,,,,,,,,UNMEASURED,False,
EWP,ARCA,FUND_ETF_ETN,,,,,,,,UNMEASURED,False,
EWQ,ARCA,FUND_ETF_ETN,,,,,,,,UNMEASURED,False,
EWS,ARCA,FUND_ETF_ETN,,,,,,,,UNMEASURED,False,
EWT,ARCA,FUND_ETF_ETN,,,,,,,,UNMEASURED,False,
EWTX,NASDAQ,ELIGIBLE,39.34,64400954.5005,1487035.9,1.0,0.9513,10.1,16.2,D-1,True,1295
EWU,ARCA,FUND_ETF_ETN,,,,,,,,UNMEASURED,False,
EWUS,BATS,FUND_ETF_ETN,,,,,,,,UNMEASURED,False,
EWV,ARCA,FUND_ETF_ETN,,,,,,,,UNMEASURED,False,
EWW,ARCA,FUND_ETF_ETN,,,,,,,,UNMEASURED,False,
EWX,ARCA,FUND_ETF_ETN,,,,,,,,UNMEASURED,False,
EWY,ARCA,FUND_ETF_ETN,,,,,,,,UNMEASURED,False,
EWZ,ARCA,FUND_ETF_ETN,,,,,,,,UNMEASURED,False,
EWZS,NASDAQ,FUND_ETF_ETN,,,,,,,,UNMEASURED,False,
EXC,NASDAQ,ELIGIBLE,40.34,330454054.00450003,7706039.55,1.0,1.0,6.23,2.5,D-1,True,395
EXE,NASDAQ,ELIGIBLE,86.84,291076363.936,3171245.1,1.0,0.9974,6.31,5.76,D-1,True,444
EXEL,NASDAQ,ELIGIBLE,58.16,125429758.94049999,2183714.85,1.0,0.9744,5.17,12.9,D-1,True,862
EXEQ,ARCA,FUND_ETF_ETN,,,,,,,,UNMEASURED,False,
EXFY,NASDAQ,ELIGIBLE,2.21,1258499.3730000001,539129.5,1.0,0.8692,0.0,44.45,D-1,True,3809
EXG,NYSE,FUND_ETF_ETN,,,,,,,,UNMEASURED,False,
EXI,ARCA,FUND_ETF_ETN,,,,,,,,UNMEASURED,False,
EXK,NYSE,ELIGIBLE,9.39,87351510.222,8443979.25,1.0,0.9795,10.96,10.71,D-1,True,1068
EXLS,NASDAQ,ELIGIBLE,34.75,70017681.5175,1942468.8,1.0,0.9667,4.28,4.29,D-1,True,1235
EXNRF,OTC,NOT_TRADABLE,,,,,,,,UNMEASURED,False,
EXOD,AMEX,ELIGIBLE,7.92,654685.257,91699.0,1.0,0.0897,0.0,266.56,D-1,False,
EXOZ,NASDAQ,ELIGIBLE,6.245,49960.723815,7891.5,1.0,0.0462,0.0,616.6,D-1,False,
EXP,NYSE,ELIGIBLE,178.49,80379681.27849999,436343.6,1.0,0.7026,1.32,34.91,D-1,True,1131
EXPD,NYSE,ELIGIBLE,187.46,189029344.488,998837.6,1.0,0.7872,2.13,10.19,D-1,True,644
EXPE,NASDAQ,ELIGIBLE,264.17,665187355.167,2356141.75,1.0,0.9667,10.13,12.75,D-1,True,177
EXPGY,OTC,NOT_LISTED_EXCHANGE,,,,,,,,UNMEASURED,False,
EXPN,BATS,FUND_ETF_ETN,,,,,,,,UNMEASURED,False,
EXPO,NASDAQ,ELIGIBLE,64.18,33580819.69575,495115.3,1.0,0.559,0.0,15.5,D-1,True,1779
EXR,NYSE,ELIGIBLE,133.35,208326672.603,1516735.45,1.0,0.8667,2.92,8.69,D-1,True,603
EXTR,NASDAQ,ELIGIBLE,21.52,29565925.9245,1345659.15,1.0,0.8462,4.6,11.5,D-1,True,1865
EXUS,NASDAQ,FUND_ETF_ETN,,,,,,,,UNMEASURED,False,
EXYN,NASDAQ,ELIGIBLE,2.31,315814.198,110015.9,1.0,0.1744,0.0,172.22,D-1,False,
EXYNW,NASDAQ,WARRANT,,,,,,,,UNMEASURED,False,
EYE,NASDAQ,ELIGIBLE,16.53,40029303.369,2383480.1,1.0,0.9103,6.05,15.07,D-1,True,1661
EYEG,NASDAQ,FUND_ETF_ETN,,,,,,,,UNMEASURED,False,
EYES,BATS,FUND_ETF_ETN,,,,,,,,UNMEASURED,False,
EYLD,BATS,FUND_ETF_ETN,,,,,,,,UNMEASURED,False,
EYPT,NASDAQ,ELIGIBLE,3.62,15108675.673750002,3656718.4,1.0,0.9615,13.86,27.78,D-1,True,2335
EYUBY,OTC,NOT_LISTED_EXCHANGE,,,,,,,,UNMEASURED,False,
EZA,ARCA,FUND_ETF_ETN,,,,,,,,UNMEASURED,False,
EZBC,BATS,FUND_ETF_ETN,,,,,,,,UNMEASURED,False,
EZET,BATS,FUND_ETF_ETN,,,,,,,,UNMEASURED,False,
EZGO,NASDAQ,ELIGIBLE,0.91,244284.245915,231167.6,1.0,0.1538,0.0,157.54,D-1,False,
EZJ,ARCA,FUND_ETF_ETN,,,,,,,,UNMEASURED,False,
EZM,ARCA,FUND_ETF_ETN,,,,,,,,UNMEASURED,False,
EZMO,NASDAQ,FUND_ETF_ETN,,,,,,,,UNMEASURED,False,
EZPW,NASDAQ,ELIGIBLE,31.16,21730735.102,688151.85,1.0,0.5974,3.23,20.91,D-1,True,2093
EZPZ,BATS,FUND_ETF_ETN,,,,,,,,UNMEASURED,False,
EZRA,NASDAQ,ELIGIBLE,2.68,114668.7375,41711.8,1.0,0.0359,0.0,297.4,D-1,False,
EZRO,NASDAQ,FUND_ETF_ETN,,,,,,,,UNMEASURED,False,
EZU,BATS,FUND_ETF_ETN,,,,,,,,UNMEASURED,False,
F,NYSE,ELIGIBLE,12.71,663931521.7805,48912677.85,1.0,1.0,11.69,7.86,D-1,True,178
F.PRB,NYSE,MALFORMED_OR_NON_COMMON_SYMBOL,,,,,,,,UNMEASURED,False,
F.PRC,NYSE,MALFORMED_OR_NON_COMMON_SYMBOL,,,,,,,,UNMEASURED,False,
F.PRD,NYSE,MALFORMED_OR_NON_COMMON_SYMBOL,,,,,,,,UNMEASURED,False,
FA,NASDAQ,ELIGIBLE,19.6,27510472.0005,1325004.3,1.0,0.7744,2.54,10.08,D-1,True,1914
FAAA,NASDAQ,FUND_ETF_ETN,,,,,,,,UNMEASURED,False,
FAAR,NASDAQ,FUND_ETF_ETN,,,,,,,,UNMEASURED,False,
FAASF,OTC,NOT_TRADABLE,,,,,,,,UNMEASURED,False,
FAB,NASDAQ,FUND_ETF_ETN,,,,,,,,UNMEASURED,False,
FABC,NASDAQ,ELIGIBLE,2.41,359108.736,151345.05,1.0,0.3462,0.0,171.01,D-1,False,
FABTQ,OTC,NOT_TRADABLE,,,,,,,,UNMEASURED,False,
FAC,NASDAQ,ELIGIBLE,6.28,2504425.227,430374.3,1.0,0.6513,0.0,179.41,D-1,True,3423
FACT,NASDAQ,ELIGIBLE,10.7211,57152.377694999996,5336.5,1.0,0.0026,8.3,,UNMEASURED,False,
FACTU,NASDAQ,UNIT,,,,,,,,UNMEASURED,False,
FACTW,NASDAQ,WARRANT,,,,,,,,UNMEASURED,False,
FACWW,NASDAQ,WARRANT,,,,,,,,UNMEASURED,False,
FAD,NASDAQ,FUND_ETF_ETN,,,,,,,,UNMEASURED,False,
FAF,NYSE,ELIGIBLE,66.27,62827052.0495,881957.4,1.0,0.8026,4.57,9.52,D-1,True,1310
FAI,ARCA,FUND_ETF_ETN,,,,,,,,UNMEASURED,False,
FALN,NASDAQ,FUND_ETF_ETN,,,,,,,,UNMEASURED,False,
FAMI,NASDAQ,ELIGIBLE,0.1332,10078519.82782,70296902.5,1.0,0.6923,15.44,102.07,D-1,False,
FAN,ARCA,FUND_ETF_ETN,,,,,,,,UNMEASURED,False,
FANG,NASDAQ,ELIGIBLE,186.67,660071242.27725,3368620.9,1.0,0.9564,4.56,12.06,D-1,True,179
FANUY,OTC,NOT_LISTED_EXCHANGE,,,,,,,,UNMEASURED,False,
FAPR,BATS,FUND_ETF_ETN,,,,,,,,UNMEASURED,False,
FARX,ARCA,FUND_ETF_ETN,,,,,,,,UNMEASURED,False,
FAS,ARCA,FUND_ETF_ETN,,,,,,,,UNMEASURED,False,
FAST,NASDAQ,ELIGIBLE,50.43,333874219.3905,6746677.8,1.0,0.9949,4.92,1.97,D-1,True,392
FASWF,OTC,NOT_TRADABLE,,,,,,,,UNMEASURED,False,
FATAQ,OTC,NOT_TRADABLE,,,,,,,,UNMEASURED,False,
FATE,NASDAQ,ELIGIBLE,2.35,3589560.0659999996,1461623.5,1.0,0.9077,21.63,43.57,D-1,True,3232
FATN,NASDAQ,ELIGIBLE,5.31,452705.18375,79024.75,1.0,0.0897,0.0,118.89,D-1,False,
FATPQ,OTC,NOT_TRADABLE,,,,,,,,UNMEASURED,False,
FAUG,BATS,FUND_ETF_ETN,,,,,,,,UNMEASURED,False,
FAX,AMEX,FUND_ETF_ETN,,,,,,,,UNMEASURED,False,
FAZ,ARCA,FUND_ETF_ETN,,,,,,,,UNMEASURED,False,
FB,BATS,FUND_ETF_ETN,,,,,,,,UNMEASURED,False,
FBCG,BATS,FUND_ETF_ETN,,,,,,,,UNMEASURED,False,
FBCV,BATS,FUND_ETF_ETN,,,,,,,,UNMEASURED,False,
FBDC,ARCA,FUND_ETF_ETN,,,,,,,,UNMEASURED,False,
FBDT,NASDAQ,ELIGIBLE,1.14,4916290.43482,5141201.35,1.0,0.6282,24.13,128.76,D-1,True,3060
FBGL,NASDAQ,ELIGIBLE,3.839,2266547.73485,514146.4,1.0,0.6077,2.66,93.18,D-1,True,3473
FBIN,NYSE,ELIGIBLE,39.38,88452343.954,2174876.45,1.0,0.9744,7.64,7.72,D-1,True,1060
FBIO,NASDAQ,ELIGIBLE,2.28,711037.9542500001,277975.1,1.0,0.5846,0.0,43.67,D-1,False,
FBIOP,NASDAQ,PREFERRED,,,,,,,,UNMEASURED,False,
FBIZ,NASDAQ,ELIGIBLE,70.53,4282910.964,60264.25,1.0,0.0872,0.0,94.63,D-1,True,3145
FBK,NYSE,ELIGIBLE,52.74,33681884.1725,620813.45,1.0,0.5769,0.0,14.18,D-1,True,1775
FBL,NASDAQ,FUND_ETF_ETN,,,,,,,,UNMEASURED,False,
FBLA,NASDAQ,ELIGIBLE,16.47,1860934.475,116246.1,1.0,0.159,0.0,30.39,D-1,True,3590
FBLG,NASDAQ,ELIGIBLE,1.39,466305.51574999996,261345.4,1.0,0.1282,0.0,371.75,D-1,False,
FBNC,NASDAQ,ELIGIBLE,63.5,14723588.896000002,231867.35,1.0,0.3564,0.0,29.9,D-1,True,2359
FBND,ARCA,FUND_ETF_ETN,,,,,,,,UNMEASURED,False,
FBOT,NASDAQ,FUND_ETF_ETN,,,,,,,,UNMEASURED,False,
FBP,NYSE,ELIGIBLE,27.06,39386378.012,1422925.8,1.0,0.8974,1.85,5.54,D-1,True,1670
FBRT,NYSE,ELIGIBLE,6.97,20901592.846,2680061.85,1.0,0.9564,7.2,14.32,D-1,True,2119
FBRT.PRE,NYSE,MALFORMED_OR_NON_COMMON_SYMBOL,,,,,,,,UNMEASURED,False,
FBT,ARCA,FUND_ETF_ETN,,,,,,,,UNMEASURED,False,
FBTC,BATS,FUND_ETF_ETN,,,,,,,,UNMEASURED,False,
FBUF,BATS,FUND_ETF_ETN,,,,,,,,UNMEASURED,False,
FBX,BATS,FUND_ETF_ETN,,,,,,,,UNMEASURED,False,
FBY,ARCA,FUND_ETF_ETN,,,,,,,,UNMEASURED,False,
FBYD,NASDAQ,ELIGIBLE,7.43,1169214.249,160335.3,1.0,0.1974,0.0,212.23,D-1,True,3852
FBYDP,NASDAQ,PREFERRED,,,,,,,,UNMEASURED,False,
FBYDW,NASDAQ,WARRANT,,,,,,,,UNMEASURED,False,
FBYY,NASDAQ,FUND_ETF_ETN,,,,,,,,UNMEASURED,False,
FC,NYSE,ELIGIBLE,17.31,1160923.1779999998,63631.5,1.0,0.0949,0.0,78.27,D-1,True,3855
FCA,NASDAQ,FUND_ETF_ETN,,,,,,,,UNMEASURED,False,
FCAL,NASDAQ,FUND_ETF_ETN,,,,,,,,UNMEASURED,False,
FCAP,NASDAQ,ELIGIBLE,60.29,1367585.2035,21987.4,1.0,0.0538,0.0,133.34,D-1,True,3756
FCBC,NASDAQ,ELIGIBLE,47.62,4953944.3555,104071.1,1.0,0.1282,0.0,65.27,D-1,True,3049
FCBD,ARCA,FUND_ETF_ETN,,,,,,,,UNMEASURED,False,
FCBM,NYSE,ELIGIBLE,12.68,3429251.1725000003,268662.5,1.0,0.3,0.0,27.49,D-1,True,3258
FCCO,NASDAQ,ELIGIBLE,32.95,2457451.08,73826.75,1.0,0.0897,0.0,59.58,D-1,True,3435
FCEF,NASDAQ,FUND_ETF_ETN,,,,,,,,UNMEASURED,False,
FCEL,NASDAQ,ELIGIBLE,16.49,113276278.7915,6884691.0,1.0,1.0,17.87,14.96,D-1,True,921
FCF,NYSE,ELIGIBLE,20.91,20536669.446000002,975958.0,1.0,0.8718,2.38,4.75,D-1,True,2131
FCFS,NASDAQ,ELIGIBLE,217.45,86882645.0275,393732.7,1.0,0.3462,1.38,36.26,D-1,True,1076
FCFY,ARCA,FUND_ETF_ETN,,,,,,,,UNMEASURED,False,
FCG,ARCA,FUND_ETF_ETN,,,,,,,,UNMEASURED,False,
FCHL,NASDAQ,ELIGIBLE,1.0,453224.17058000003,417255.4,1.0,0.0462,0.0,656.96,D-1,False,
FCLD,BATS,FUND_ETF_ETN,,,,,,,,UNMEASURED,False,
FCLO,NASDAQ,FUND_ETF_ETN,,,,,,,,UNMEASURED,False,
FCN,NYSE,ELIGIBLE,134.29,60126034.029999994,417169.65,1.0,0.4846,1.49,38.93,D-1,True,1356
FCNCA,NASDAQ,ELIGIBLE,2090.36,146380538.4475,68577.3,1.0,0.5949,0.05,24.97,D-1,True,773
FCNCN,NASDAQ,PREFERRED,,,,,,,,UNMEASURED,False,
FCNCO,NASDAQ,PREFERRED,,,,,,,,UNMEASURED,False,
FCNCP,NASDAQ,DEPOSITARY_NON_ADR,,,,,,,,UNMEASURED,False,
FCOM,ARCA,FUND_ETF_ETN,,,,,,,,UNMEASURED,False,
FCOR,ARCA,FUND_ETF_ETN,,,,,,,,UNMEASURED,False,
FCPI,BATS,FUND_ETF_ETN,,,,,,,,UNMEASURED,False,
FCPT,NYSE,ELIGIBLE,22.2,27063943.776499998,1159000.1,1.0,0.8795,2.31,9.08,D-1,True,1930
FCRS,NYSE,ELIGIBLE,10.245,1070799.602985,104434.25,1.0,0.0077,0.0,9.77,D-1,True,3897
FCRS.U,NYSE,WARRANT,,,,,,,,UNMEASURED,False,
FCRS.WS,NYSE,MALFORMED_OR_NON_COMMON_SYMBOL,,,,,,,,UNMEASURED,False,
FCSH,ARCA,FUND_ETF_ETN,,,,,,,,UNMEASURED,False,
FCTE,NASDAQ,FUND_ETF_ETN,,,,,,,,UNMEASURED,False,
FCTR,BATS,FUND_ETF_ETN,,,,,,,,UNMEASURED,False,
FCUS,ARCA,FUND_ETF_ETN,,,,,,,,UNMEASURED,False,
FCUV,NASDAQ,ELIGIBLE,4.52,3346711.7572500003,300155.35,1.0,0.0667,0.0,219.78,D-1,True,3268
FCVT,NASDAQ,FUND_ETF_ETN,,,,,,,,UNMEASURED,False,
FCX,NYSE,ELIGIBLE,72.31,856697518.8510001,11762055.85,1.0,1.0,8.3,3.46,D-1,True,137
FCXG,NASDAQ,FUND_ETF_ETN,,,,,,,,UNMEASURED,False,
FDAT,ARCA,FUND_ETF_ETN,,,,,,,,UNMEASURED,False,
FDBC,NASDAQ,ELIGIBLE,55.74,661723.2075,12083.45,1.0,0.0179,0.0,162.66,D-1,False,
FDCF,NASDAQ,FUND_ETF_ETN,,,,,,,,UNMEASURED,False,
FDD,ARCA,FUND_ETF_ETN,,,,,,,,UNMEASURED,False,
FDEC,BATS,FUND_ETF_ETN,,,,,,,,UNMEASURED,False,
FDEM,BATS,FUND_ETF_ETN,,,,,,,,UNMEASURED,False,
FDEV,BATS,FUND_ETF_ETN,,,,,,,,UNMEASURED,False,
FDFF,NASDAQ,FUND_ETF_ETN,,,,,,,,UNMEASURED,False,
FDG,ARCA,FUND_ETF_ETN,,,,,,,,UNMEASURED,False,
FDHY,ARCA,FUND_ETF_ETN,,,,,,,,UNMEASURED,False,
FDIF,NASDAQ,FUND_ETF_ETN,,,,,,,,UNMEASURED,False,
FDIG,NASDAQ,FUND_ETF_ETN,,,,,,,,UNMEASURED,False,
FDIQ,NASDAQ,FUND_ETF_ETN,,,,,,,,UNMEASURED,False,
FDIS,ARCA,FUND_ETF_ETN,,,,,,,,UNMEASURED,False,
FDIV,NASDAQ,FUND_ETF_ETN,,,,,,,,UNMEASURED,False,
FDL,ARCA,FUND_ETF_ETN,,,,,,,,UNMEASURED,False,
FDLO,ARCA,FUND_ETF_ETN,,,,,,,,UNMEASURED,False,
FDLS,ARCA,FUND_ETF_ETN,,,,,,,,UNMEASURED,False,
FDM,ARCA,FUND_ETF_ETN,,,,,,,,UNMEASURED,False,
FDMM,NASDAQ,ELIGIBLE,9.835,757946.33087,76946.8,1.0,0.0,,,UNMEASURED,False,
FDMMU,NASDAQ,UNIT,,,,,,,,UNMEASURED,False,
FDMMW,NASDAQ,WARRANT,,,,,,,,UNMEASURED,False,
FDMO,ARCA,FUND_ETF_ETN,,,,,,,,UNMEASURED,False,
FDMT,NASDAQ,ELIGIBLE,14.47,13450577.774,922212.9,1.0,0.7487,0.0,31.62,D-1,True,2415
FDN,ARCA,FUND_ETF_ETN,,,,,,,,UNMEASURED,False,
FDND,BATS,FUND_ETF_ETN,,,,,,,,UNMEASURED,False,
FDNI,NASDAQ,FUND_ETF_ETN,,,,,,,,UNMEASURED,False,
FDRR,ARCA,FUND_ETF_ETN,,,,,,,,UNMEASURED,False,
FDRS,NASDAQ,FUND_ETF_ETN,,,,,,,,UNMEASURED,False,
FDRV,BATS,FUND_ETF_ETN,,,,,,,,UNMEASURED,False,
FDRX,NASDAQ,FUND_ETF_ETN,,,,,,,,UNMEASURED,False,
FDS,NYSE,ELIGIBLE,273.08,241135502.31849998,845891.65,1.0,0.6359,0.68,33.06,D-1,True,530
FDSB,NASDAQ,ELIGIBLE,17.75,99985.45529,5443.8,1.0,0.0051,28.15,133.19,D-1,False,
FDT,NASDAQ,FUND_ETF_ETN,,,,,,,,UNMEASURED,False,
FDTS,NASDAQ,FUND_ETF_ETN,,,,,,,,UNMEASURED,False,
FDTX,NASDAQ,FUND_ETF_ETN,,,,,,,,UNMEASURED,False,
FDUS,NASDAQ,ELIGIBLE,19.15,6087016.3345,312485.95,1.0,0.3231,0.0,13.16,D-1,True,2924
FDV,ARCA,FUND_ETF_ETN,,,,,,,,UNMEASURED,False,
FDVV,ARCA,FUND_ETF_ETN,,,,,,,,UNMEASURED,False,
FDX,NYSE,ELIGIBLE,285.85,515264335.9455,1676006.3,1.0,0.9949,6.67,7.39,D-1,True,234
FDXF,NYSE,ELIGIBLE,113.18,211574715.72149998,1717657.75,1.0,0.9077,7.22,17.2,D-1,True,598
FE,NYSE,ELIGIBLE,43.3,187585846.8905,4116007.3,1.0,0.9923,4.63,2.33,D-1,True,649
FEAC,ARCA,FUND_ETF_ETN,,,,,,,,UNMEASURED,False,
FEAM,NASDAQ,ELIGIBLE,2.8,1709162.7550000001,778822.9,1.0,0.5128,0.0,72.25,D-1,True,3635
FEBM,BATS,FUND_ETF_ETN,,,,,,,,UNMEASURED,False,
FEBO,NASDAQ,ELIGIBLE,0.69,102188.24416500001,147389.25,1.0,0.0256,0.0,,UNMEASURED,False,
FEBP,BATS,FUND_ETF_ETN,,,,,,,,UNMEASURED,False,
FEBT,BATS,FUND_ETF_ETN,,,,,,,,UNMEASURED,False,
FEBU,BATS,FUND_ETF_ETN,,,,,,,,UNMEASURED,False,
FEBW,BATS,FUND_ETF_ETN,,,,,,,,UNMEASURED,False,
FEBZ,BATS,FUND_ETF_ETN,,,,,,,,UNMEASURED,False,
FECM,ARCA,FUND_ETF_ETN,,,,,,,,UNMEASURED,False,
FEDM,ARCA,FUND_ETF_ETN,,,,,,,,UNMEASURED,False,
FEDU,NYSE,ELIGIBLE,10.0,2832.726445,278.8,1.0,0.0,,1000.0,D-1,False,
FEED,OTC,NOT_TRADABLE,,,,,,,,UNMEASURED,False,
FEGE,NYSE,FUND_ETF_ETN,,,,,,,,UNMEASURED,False,
FEIG,ARCA,FUND_ETF_ETN,,,,,,,,UNMEASURED,False,
FEIM,NASDAQ,ELIGIBLE,88.43,30099441.501999997,376799.45,1.0,0.6385,8.07,73.34,D-1,True,1850
FELC,ARCA,FUND_ETF_ETN,,,,,,,,UNMEASURED,False,
FELE,NASDAQ,ELIGIBLE,97.07,30081530.337,310319.45,1.0,0.4103,0.77,18.97,D-1,True,1851
FELG,ARCA,FUND_ETF_ETN,,,,,,,,UNMEASURED,False,
FELV,ARCA,FUND_ETF_ETN,,,,,,,,UNMEASURED,False,
FEM,NASDAQ,FUND_ETF_ETN,,,,,,,,UNMEASURED,False,
FEMB,NASDAQ,FUND_ETF_ETN,,,,,,,,UNMEASURED,False,
FEMD,ARCA,FUND_ETF_ETN,,,,,,,,UNMEASURED,False,
FEMG,ARCA,FUND_ETF_ETN,,,,,,,,UNMEASURED,False,
FEMR,ARCA,FUND_ETF_ETN,,,,,,,,UNMEASURED,False,
FEMS,NASDAQ,FUND_ETF_ETN,,,,,,,,UNMEASURED,False,
FEMV,ARCA,FUND_ETF_ETN,,,,,,,,UNMEASURED,False,
FEMY,NASDAQ,ELIGIBLE,2.48,288075.9085,97812.3,1.0,0.0795,0.0,202.02,D-1,False,
FENC,NASDAQ,ELIGIBLE,10.605,2641154.13075,226934.55,1.0,0.2026,0.0,89.01,D-1,True,3390
FENG,NYSE,ELIGIBLE,1.43,3724.7380299999995,2557.0,1.0,0.0103,0.0,745.76,D-1,False,
FENI,ARCA,FUND_ETF_ETN,,,,,,,,UNMEASURED,False,
FENY,ARCA,FUND_ETF_ETN,,,,,,,,UNMEASURED,False,
FEOE,NYSE,FUND_ETF_ETN,,,,,,,,UNMEASURED,False,
FEP,NASDAQ,FUND_ETF_ETN,,,,,,,,UNMEASURED,False,
FEPI,NASDAQ,FUND_ETF_ETN,,,,,,,,UNMEASURED,False,
FER,NASDAQ,ELIGIBLE,55.83,79785837.875,1420111.3,1.0,0.8949,1.8,1.79,D-1,True,1137
FERA,NASDAQ,ELIGIBLE,10.54,253906.22999999998,24149.2,1.0,0.0026,9.49,,UNMEASURED,False,
FERAR,NASDAQ,RIGHT,,,,,,,,UNMEASURED,False,
FERAU,NASDAQ,UNIT,,,,,,,,UNMEASURED,False,
FERG,NYSE,ELIGIBLE,222.74,303627888.96500003,1378347.1,1.0,0.8949,4.96,9.79,D-1,True,424
FESC,ARCA,FUND_ETF_ETN,,,,,,,,UNMEASURED,False,
FESM,ARCA,FUND_ETF_ETN,,,,,,,,UNMEASURED,False,
FET,NYSE,ELIGIBLE,82.83,15843056.088999998,194156.75,1.0,0.2641,0.0,62.22,D-1,True,2298
FETH,BATS,FUND_ETF_ETN,,,,,,,,UNMEASURED,False,
FEUS,ARCA,FUND_ETF_ETN,,,,,,,,UNMEASURED,False,
FEUZ,NASDAQ,FUND_ETF_ETN,,,,,,,,UNMEASURED,False,
FEX,NASDAQ,FUND_ETF_ETN,,,,,,,,UNMEASURED,False,
FEZ,ARCA,FUND_ETF_ETN,,,,,,,,UNMEASURED,False,
FF,NYSE,ELIGIBLE,5.12,1980144.3684999999,368699.35,1.0,0.4,0.0,58.55,D-1,True,3561
FFA,NYSE,FUND_ETF_ETN,,,,,,,,UNMEASURED,False,
FFAI,NASDAQ,ELIGIBLE,1.61,3608197.4359999998,2157047.2,1.0,0.9974,120.73,60.01,D-1,True,3227
FFBC,NASDAQ,ELIGIBLE,32.4,30524913.6935,947358.25,1.0,0.8949,4.6,3.08,D-1,True,1842
FFC,NYSE,FUND_ETF_ETN,,,,,,,,UNMEASURED,False,
FFDI,BATS,FUND_ETF_ETN,,,,,,,,UNMEASURED,False,
FFEB,BATS,FUND_ETF_ETN,,,,,,,,UNMEASURED,False,
FFEM,BATS,FUND_ETF_ETN,,,,,,,,UNMEASURED,False,
FFF,BATS,FUND_ETF_ETN,,,,,,,,UNMEASURED,False,
FFGX,BATS,FUND_ETF_ETN,,,,,,,,UNMEASURED,False,
FFIN,NASDAQ,ELIGIBLE,32.45,25196712.425,765659.4,1.0,0.8564,3.07,3.08,D-1,True,1984
FFIU,ARCA,FUND_ETF_ETN,,,,,,,,UNMEASURED,False,
FFIV,NASDAQ,ELIGIBLE,443.06,229279989.3105,544903.45,1.0,0.8103,2.79,19.43,D-1,True,548
FFLC,BATS,FUND_ETF_ETN,,,,,,,,UNMEASURED,False,
FFLG,BATS,FUND_ETF_ETN,,,,,,,,UNMEASURED,False,
FFLS,ARCA,FUND_ETF_ETN,,,,,,,,UNMEASURED,False,
FFLV,BATS,FUND_ETF_ETN,,,,,,,,UNMEASURED,False,
FFLX,ARCA,FUND_ETF_ETN,,,,,,,,UNMEASURED,False,
FFMGF,OTC,NOT_TRADABLE,,,,,,,,UNMEASURED,False,
FFND,ARCA,FUND_ETF_ETN,,,,,,,,UNMEASURED,False,
FFOG,BATS,FUND_ETF_ETN,,,,,,,,UNMEASURED,False,
FFOX,ARCA,FUND_ETF_ETN,,,,,,,,UNMEASURED,False,
FFSM,BATS,FUND_ETF_ETN,,,,,,,,UNMEASURED,False,
FFTY,ARCA,FUND_ETF_ETN,,,,,,,,UNMEASURED,False,
FFUT,NASDAQ,FUND_ETF_ETN,,,,,,,,UNMEASURED,False,
FG,NYSE,ELIGIBLE,22.12,16098406.233000001,694109.55,1.0,0.5641,1.61,18.26,D-1,True,2288
FGBI,NASDAQ,ELIGIBLE,8.01,198888.7085,23704.0,1.0,0.0564,0.0,238.01,D-1,False,
FGBIP,NASDAQ,PREFERRED,,,,,,,,UNMEASURED,False,
FGC,NASDAQ,NOT_SEC_REGISTRANT_TICKER,,,,,,,,UNMEASURED,False,
FGCPP,NASDAQ,PREFERRED,,,,,,,,UNMEASURED,False,
FGD,ARCA,FUND_ETF_ETN,,,,,,,,UNMEASURED,False,
FGDL,ARCA,FUND_ETF_ETN,,,,,,,,UNMEASURED,False,
FGI,NASDAQ,ELIGIBLE,7.66,446214.51449999993,52179.5,1.0,0.0564,0.0,311.26,D-1,False,
FGII,NASDAQ,ELIGIBLE,10.02,251796.57399999996,25146.6,1.0,0.0051,4.99,,UNMEASURED,False,
FGIIU,NASDAQ,UNIT,,,,,,,,UNMEASURED,False,
FGIIW,NASDAQ,WARRANT,,,,,,,,UNMEASURED,False,
FGIWW,NASDAQ,WARRANT,,,,,,,,UNMEASURED,False,
FGL,NASDAQ,ELIGIBLE,4.33,2975598.4635,426519.7,1.0,0.4359,70.78,710.92,D-1,True,3331
FGM,NASDAQ,FUND_ETF_ETN,,,,,,,,UNMEASURED,False,
FGN,NYSE,NOTE_DEBT,,,,,,,,UNMEASURED,False,
FGRU,BATS,FUND_ETF_ETN,,,,,,,,UNMEASURED,False,
FGSI,NASDAQ,FUND_ETF_ETN,,,,,,,,UNMEASURED,False,
FGSM,ARCA,FUND_ETF_ETN,,,,,,,,UNMEASURED,False,
FGSN,NYSE,NOTE_DEBT,,,,,,,,UNMEASURED,False,
FHB,NASDAQ,ELIGIBLE,25.25,52832333.80475,2066795.1,1.0,0.9692,3.96,3.96,D-1,True,1453
FHDG,BATS,FUND_ETF_ETN,,,,,,,,UNMEASURED,False,
FHEQ,BATS,FUND_ETF_ETN,,,,,,,,UNMEASURED,False,
FHI,NYSE,ELIGIBLE,57.82,40978004.2055,692272.05,1.0,0.6641,0.86,16.54,D-1,True,1645
FHIL,BATS,FUND_ETF_ETN,,,,,,,,UNMEASURED,False,
FHLC,ARCA,FUND_ETF_ETN,,,,,,,,UNMEASURED,False,
FHN,NYSE,ELIGIBLE,23.46,116843957.91700001,4839207.0,1.0,0.9769,4.26,4.28,D-1,True,901
FHN.PRE,NYSE,MALFORMED_OR_NON_COMMON_SYMBOL,,,,,,,,UNMEASURED,False,
FHN.PRF,NYSE,MALFORMED_OR_NON_COMMON_SYMBOL,,,,,,,,UNMEASURED,False,
FHN.PRH,NYSE,MALFORMED_OR_NON_COMMON_SYMBOL,,,,,,,,UNMEASURED,False,
FHSEY,OTC,NOT_TRADABLE,,,,,,,,UNMEASURED,False,
FHTX,NASDAQ,ELIGIBLE,3.5,1987022.2719999999,449218.55,1.0,0.5359,0.0,56.03,D-1,True,3558
FHYS,ARCA,FUND_ETF_ETN,,,,,,,,UNMEASURED,False,
FIAT,ARCA,FUND_ETF_ETN,,,,,,,,UNMEASURED,False,
FIAX,ARCA,FUND_ETF_ETN,,,,,,,,UNMEASURED,False,
FIBK,NASDAQ,ELIGIBLE,36.91,45197062.51875,1221548.9,1.0,0.9128,2.71,2.71,D-1,True,1575
FICO,NYSE,ELIGIBLE,863.09,419535882.3965,437339.95,1.0,0.9718,10.46,25.07,D-1,True,297
FICS,NASDAQ,FUND_ETF_ETN,,,,,,,,UNMEASURED,False,
FID,NASDAQ,FUND_ETF_ETN,,,,,,,,UNMEASURED,False,
FIDI,ARCA,FUND_ETF_ETN,,,,,,,,UNMEASURED,False,
FIDU,ARCA,FUND_ETF_ETN,,,,,,,,UNMEASURED,False,
FIEE,NASDAQ,ELIGIBLE,3.85,73873.108,18732.2,1.0,0.0077,0.0,471.39,D-1,False,
FIG,NYSE,ELIGIBLE,20.85,351525293.3865,14793413.1,1.0,1.0,11.81,4.71,D-1,True,363
FIGB,ARCA,FUND_ETF_ETN,,,,,,,,UNMEASURED,False,
FIGG,NASDAQ,FUND_ETF_ETN,,,,,,,,UNMEASURED,False,
FIGR,NASDAQ,ELIGIBLE,31.9,163182107.94524997,4630445.1,1.0,1.0,18.75,15.76,D-1,True,724
FIGS,NYSE,ELIGIBLE,13.42,35642918.3585,2616034.7,1.0,0.9872,15.14,11.5,D-1,True,1742
FIGX,NASDAQ,ELIGIBLE,10.33,295057.85322000005,28589.9,1.0,0.0,,,UNMEASURED,False,
FIGXU,NASDAQ,UNIT,,,,,,,,UNMEASURED,False,
FIGXW,NASDAQ,WARRANT,,,,,,,,UNMEASURED,False,
FIIG,ARCA,FUND_ETF_ETN,,,,,,,,UNMEASURED,False,
FIMU,NASDAQ,FUND_ETF_ETN,,,,,,,,UNMEASURED,False,
FINA,ARCA,FUND_ETF_ETN,,,,,,,,UNMEASURED,False,
FINS,NYSE,ELIGIBLE,11.92,619685.7076999999,50224.35,1.0,0.2692,0.0,58.67,D-1,False,
FINT,ARCA,FUND_ETF_ETN,,,,,,,,UNMEASURED,False,
FINV,NYSE,ELIGIBLE,3.11,4997311.3175,1490003.3,1.0,0.6,0.0,31.85,D-1,True,3044
FINW,NASDAQ,ELIGIBLE,11.32,515368.16524999996,40631.65,1.0,0.1385,0.0,163.03,D-1,False,
FINX,NASDAQ,FUND_ETF_ETN,,,,,,,,UNMEASURED,False,
FINY,NASDAQ,FUND_ETF_ETN,,,,,,,,UNMEASURED,False,
FIP,NASDAQ,ELIGIBLE,3.125,4153042.5485,1320937.15,1.0,0.741,0.0,32.25,D-1,True,3160
FIRY,NYSE,ELIGIBLE,12.42,1770192.2585,155899.75,1.0,0.3282,0.0,86.62,D-1,True,3616
FIS,NYSE,ELIGIBLE,35.41,233282568.218,6119932.45,1.0,1.0,7.08,2.82,D-1,True,541
FISI,NASDAQ,ELIGIBLE,40.23,5816132.082,143026.45,1.0,0.2667,0.0,26.13,D-1,True,2964
FISK,ARCA,ELIGIBLE,3.84,7546.589,1768.35,1.0,0.0026,155.51,1840.16,D-1,False,
FISN,NASDAQ,ELIGIBLE,6.25,2680145.7065000003,362506.4,1.0,0.6692,7.95,38.72,D-1,True,3382
FISR,ARCA,FUND_ETF_ETN,,,,,,,,UNMEASURED,False,
FISV,NASDAQ,ELIGIBLE,46.48,363888478.7895,7347640.4,1.0,1.0,8.56,4.3,D-1,True,347
FITB,NYSE,ELIGIBLE,52.1,304776229.981,5706788.95,1.0,1.0,5.75,1.92,D-1,True,422
FITB.PRA,NYSE,MALFORMED_OR_NON_COMMON_SYMBOL,,,,,,,,UNMEASURED,False,
FITB.PRI,NYSE,MALFORMED_OR_NON_COMMON_SYMBOL,,,,,,,,UNMEASURED,False,
FITB.PRK,NYSE,MALFORMED_OR_NON_COMMON_SYMBOL,,,,,,,,UNMEASURED,False,
FITB.PRM,NYSE,MALFORMED_OR_NON_COMMON_SYMBOL,,,,,,,,UNMEASURED,False,
FITE,ARCA,FUND_ETF_ETN,,,,,,,,UNMEASURED,False,
FITZ,ARCA,FUND_ETF_ETN,,,,,,,,UNMEASURED,False,
FIVA,ARCA,FUND_ETF_ETN,,,,,,,,UNMEASURED,False,
FIVE,NASDAQ,ELIGIBLE,222.6,314125479.01750004,1311301.5,1.0,0.8692,6.95,26.82,D-1,True,413
FIVN,NASDAQ,ELIGIBLE,35.77,77441349.67300001,2240783.3,1.0,0.9487,10.86,20.96,D-1,True,1153
FIW,ARCA,FUND_ETF_ETN,,,,,,,,UNMEASURED,False,
FIX,NYSE,ELIGIBLE,1658.91,530231300.17550004,330566.7,1.0,0.9718,10.14,21.05,D-1,True,226
FIXD,NASDAQ,FUND_ETF_ETN,,,,,,,,UNMEASURED,False,
FIXP,ARCA,FUND_ETF_ETN,,,,,,,,UNMEASURED,False,
FIXT,NYSE,FUND_ETF_ETN,,,,,,,,UNMEASURED,False,
FIXX,BATS,FUND_ETF_ETN,,,,,,,,UNMEASURED,False,
FIYY,NASDAQ,FUND_ETF_ETN,,,,,,,,UNMEASURED,False,
FIZY,ARCA,FUND_ETF_ETN,,,,,,,,UNMEASURED,False,
FIZZ,NASDAQ,ELIGIBLE,29.67,13383633.0225,426393.3,1.0,0.5128,0.0,13.44,D-1,True,2420
FJAN,BATS,FUND_ETF_ETN,,,,,,,,UNMEASURED,False,
FJDI,NASDAQ,ELIGIBLE,9.85,5288918.1,536946.0,0.1,0.0667,0.0,10.16,D-1,True,3015
FJDIR,NASDAQ,RIGHT,,,,,,,,UNMEASURED,False,
FJDIU,NASDAQ,UNIT,,,,,,,,UNMEASURED,False,
FJDIW,NASDAQ,WARRANT,,,,,,,,UNMEASURED,False,
FJET,AMEX,ELIGIBLE,1.82,3770391.5100000002,1804119.2,1.0,0.8077,22.6,56.19,D-1,True,3210
FJP,NASDAQ,FUND_ETF_ETN,,,,,,,,UNMEASURED,False,
FJTSY,OTC,NOT_LISTED_EXCHANGE,,,,,,,,UNMEASURED,False,
FJUL,BATS,FUND_ETF_ETN,,,,,,,,UNMEASURED,False,
FJUN,BATS,FUND_ETF_ETN,,,,,,,,UNMEASURED,False,
FKU,NASDAQ,FUND_ETF_ETN,,,,,,,,UNMEASURED,False,
FKWL,NASDAQ,ELIGIBLE,2.43,24489.551185,10049.9,1.0,0.0128,20.81,,UNMEASURED,False,
FLAG,ARCA,FUND_ETF_ETN,,,,,,,,UNMEASURED,False,
FLAO,BATS,FUND_ETF_ETN,,,,,,,,UNMEASURED,False,
FLAU,ARCA,FUND_ETF_ETN,,,,,,,,UNMEASURED,False,
FLAX,ARCA,FUND_ETF_ETN,,,,,,,,UNMEASURED,False,
FLBL,BATS,FUND_ETF_ETN,,,,,,,,UNMEASURED,False,
FLBR,ARCA,FUND_ETF_ETN,,,,,,,,UNMEASURED,False,
FLC,NYSE,FUND_ETF_ETN,,,,,,,,UNMEASURED,False,
FLCA,ARCA,FUND_ETF_ETN,,,,,,,,UNMEASURED,False,
FLCB,ARCA,FUND_ETF_ETN,,,,,,,,UNMEASURED,False,
FLCC,ARCA,FUND_ETF_ETN,,,,,,,,UNMEASURED,False,
FLCE,ARCA,FUND_ETF_ETN,,,,,,,,UNMEASURED,False,
FLCG,ARCA,FUND_ETF_ETN,,,,,,,,UNMEASURED,False,
FLCH,ARCA,FUND_ETF_ETN,,,,,,,,UNMEASURED,False,
FLCO,ARCA,FUND_ETF_ETN,,,,,,,,UNMEASURED,False,
FLCV,ARCA,FUND_ETF_ETN,,,,,,,,UNMEASURED,False,
FLD,NASDAQ,ELIGIBLE,0.5367,207847.14534500003,420861.9,1.0,0.2256,0.0,479.91,D-1,False,
FLDB,NASDAQ,FUND_ETF_ETN,,,,,,,,UNMEASURED,False,
FLDDU,OTC,NOT_TRADABLE,,,,,,,,UNMEASURED,False,
FLDDW,NASDAQ,WARRANT,,,,,,,,UNMEASURED,False,
FLDR,BATS,FUND_ETF_ETN,,,,,,,,UNMEASURED,False,
FLDZ,BATS,FUND_ETF_ETN,,,,,,,,UNMEASURED,False,
FLEE,ARCA,FUND_ETF_ETN,,,,,,,,UNMEASURED,False,
FLEL,BATS,FUND_ETF_ETN,,,,,,,,UNMEASURED,False,
FLEU,ARCA,FUND_ETF_ETN,,,,,,,,UNMEASURED,False,
FLEX,NASDAQ,ELIGIBLE,114.68,367138634.50100005,3331586.5,1.0,0.9744,12.08,9.85,D-1,True,344
FLG,NYSE,ELIGIBLE,12.37,57116460.015,4432195.9,1.0,0.9821,4.04,8.05,D-1,True,1392
FLG.PRA,NYSE,MALFORMED_OR_NON_COMMON_SYMBOL,,,,,,,,UNMEASURED,False,
FLG.PRU,NYSE,MALFORMED_OR_NON_COMMON_SYMBOL,,,,,,,,UNMEASURED,False,
FLGB,ARCA,FUND_ETF_ETN,,,,,,,,UNMEASURED,False,
FLGR,ARCA,FUND_ETF_ETN,,,,,,,,UNMEASURED,False,
FLGT,NASDAQ,ELIGIBLE,22.2,7032898.450499999,339128.7,1.0,0.4333,0.0,21.84,D-1,True,2833
FLGV,ARCA,FUND_ETF_ETN,,,,,,,,UNMEASURED,False,
FLHY,BATS,FUND_ETF_ETN,,,,,,,,UNMEASURED,False,
FLIA,BATS,FUND_ETF_ETN,,,,,,,,UNMEASURED,False,
FLIN,ARCA,FUND_ETF_ETN,,,,,,,,UNMEASURED,False,
FLJH,ARCA,FUND_ETF_ETN,,,,,,,,UNMEASURED,False,
FLJJ,BATS,FUND_ETF_ETN,,,,,,,,UNMEASURED,False,
FLJP,ARCA,FUND_ETF_ETN,,,,,,,,UNMEASURED,False,
FLKR,ARCA,FUND_ETF_ETN,,,,,,,,UNMEASURED,False,
FLL,NASDAQ,ELIGIBLE,1.7,309118.052,163096.45,1.0,0.2564,0.0,57.48,D-1,False,
FLLA,ARCA,NOT_SEC_REGISTRANT_TICKER,,,,,,,,UNMEASURED,False,
FLMB,ARCA,FUND_ETF_ETN,,,,,,,,UNMEASURED,False,
FLMI,ARCA,FUND_ETF_ETN,,,,,,,,UNMEASURED,False,
FLMX,ARCA,FUND_ETF_ETN,,,,,,,,UNMEASURED,False,
FLN,NASDAQ,FUND_ETF_ETN,,,,,,,,UNMEASURED,False,
FLNA,NASDAQ,ELIGIBLE,0.7481,5389908.298455,5370448.4,1.0,0.6231,1.32,44.06,D-1,False,
FLNC,NASDAQ,ELIGIBLE,7.85,74063109.24,8546569.25,1.0,1.0,19.11,12.79,D-1,True,1187
FLNG,NYSE,ELIGIBLE,30.88,13658137.176499998,431296.1,1.0,0.5744,0.0,11.34,D-1,True,2406
FLNT,NASDAQ,ELIGIBLE,3.16,122372.31049999999,37735.2,1.0,0.1769,0.0,209.27,D-1,False,
FLO,NYSE,ELIGIBLE,5.74,52307445.142000005,8425613.7,1.0,0.9923,17.54,17.55,D-1,True,1459
FLOC,NYSE,ELIGIBLE,19.14,11860576.361,577678.2,1.0,0.5667,2.58,43.62,D-1,True,2499
FLOT,BATS,FUND_ETF_ETN,,,,,,,,UNMEASURED,False,
FLOW,ARCA,FUND_ETF_ETN,,,,,,,,UNMEASURED,False,
FLQL,BATS,FUND_ETF_ETN,,,,,,,,UNMEASURED,False,
FLQM,BATS,FUND_ETF_ETN,,,,,,,,UNMEASURED,False,
FLQS,BATS,FUND_ETF_ETN,,,,,,,,UNMEASURED,False,
FLR,NYSE,ELIGIBLE,50.38,126395674.24249999,2320287.75,1.0,0.9923,8.89,9.41,D-1,True,856
FLRG,ARCA,FUND_ETF_ETN,,,,,,,,UNMEASURED,False,
FLRN,ARCA,FUND_ETF_ETN,,,,,,,,UNMEASURED,False,
FLRT,ARCA,FUND_ETF_ETN,,,,,,,,UNMEASURED,False,
FLS,NYSE,ELIGIBLE,73.82,127165837.34,1689195.9,1.0,0.8282,7.32,23.17,D-1,True,852
FLSA,ARCA,FUND_ETF_ETN,,,,,,,,UNMEASURED,False,
FLSP,ARCA,FUND_ETF_ETN,,,,,,,,UNMEASURED,False,
FLSW,ARCA,FUND_ETF_ETN,,,,,,,,UNMEASURED,False,
FLTB,ARCA,FUND_ETF_ETN,,,,,,,,UNMEASURED,False,
FLTR,ARCA,FUND_ETF_ETN,,,,,,,,UNMEASURED,False,
FLTW,ARCA,FUND_ETF_ETN,,,,,,,,UNMEASURED,False,
FLUD,ARCA,FUND_ETF_ETN,,,,,,,,UNMEASURED,False,
FLUT,NYSE,ELIGIBLE,83.23,291286835.8555,3073403.05,1.0,0.9795,9.78,13.4,D-1,True,442
FLUX,NASDAQ,ELIGIBLE,0.4627,79171.629885,146399.4,1.0,0.1795,0.0,258.86,D-1,False,
FLV,ARCA,FUND_ETF_ETN,,,,,,,,UNMEASURED,False,
FLWS,NASDAQ,ELIGIBLE,2.68,1295875.40925,441896.6,1.0,0.4077,0.0,54.13,D-1,True,3789
FLX,NASDAQ,ELIGIBLE,1.17,293400.05806999997,216096.45,1.0,0.3538,0.0,132.2,D-1,False,
FLXI,BATS,FUND_ETF_ETN,,,,,,,,UNMEASURED,False,
FLXN,BATS,FUND_ETF_ETN,,,,,,,,UNMEASURED,False,
FLXR,NYSE,FUND_ETF_ETN,,,,,,,,UNMEASURED,False,
FLXS,NASDAQ,ELIGIBLE,89.37,7961202.198000001,96649.45,1.0,0.2,0.0,125.31,D-1,True,2762
FLY,NASDAQ,ELIGIBLE,24.36,62743301.60725,2881540.65,1.0,1.0,23.74,6.15,D-1,True,1312
FLYD,ARCA,FUND_ETF_ETN,,,,,,,,UNMEASURED,False,
FLYE,NASDAQ,ELIGIBLE,1.41,9575703.8,4379067.65,1.0,0.1333,0.0,,UNMEASURED,True,2642
FLYT,BATS,FUND_ETF_ETN,,,,,,,,UNMEASURED,False,
FLYU,ARCA,FUND_ETF_ETN,,,,,,,,UNMEASURED,False,
FLYW,NASDAQ,ELIGIBLE,17.4,23914010.744999997,1338115.0,1.0,0.8256,5.76,11.59,D-1,True,2029
FLYX,AMEX,ELIGIBLE,1.27,354889.327,294596.05,1.0,0.2333,0.0,79.37,D-1,False,
FLYX.WS,AMEX,MALFORMED_OR_NON_COMMON_SYMBOL,,,,,,,,UNMEASURED,False,
FLYYQ,OTC,NOT_TRADABLE,,,,,,,,UNMEASURED,False,
FLZH,OTC,NOT_TRADABLE,,,,,,,,UNMEASURED,False,
FMAC,NASDAQ,ELIGIBLE,10.09,1067.348075,105.9,1.0,0.0026,0.0,,UNMEASURED,False,
FMACR,NASDAQ,RIGHT,,,,,,,,UNMEASURED,False,
FMACU,NASDAQ,UNIT,,,,,,,,UNMEASURED,False,
FMAG,BATS,FUND_ETF_ETN,,,,,,,,UNMEASURED,False,
FMAO,NASDAQ,ELIGIBLE,34.93,1677894.7515,47772.3,1.0,0.1487,0.0,145.34,D-1,True,3647
FMAR,BATS,FUND_ETF_ETN,,,,,,,,UNMEASURED,False,
FMAT,ARCA,FUND_ETF_ETN,,,,,,,,UNMEASURED,False,
FMAY,BATS,FUND_ETF_ETN,,,,,,,,UNMEASURED,False,
FMB,NASDAQ,FUND_ETF_ETN,,,,,,,,UNMEASURED,False,
FMBH,NASDAQ,ELIGIBLE,49.72,6632596.55,132159.1,1.0,0.3692,0.0,13.07,D-1,True,2871
FMC,NYSE,ELIGIBLE,9.58,42213567.7365,3774791.25,1.0,0.9923,10.41,10.45,D-1,True,1618
FMCE,ARCA,FUND_ETF_ETN,,,,,,,,UNMEASURED,False,
FMCX,ARCA,FUND_ETF_ETN,,,,,,,,UNMEASURED,False,
FMDE,ARCA,FUND_ETF_ETN,,,,,,,,UNMEASURED,False,
FMED,NASDAQ,FUND_ETF_ETN,,,,,,,,UNMEASURED,False,
FMET,NASDAQ,FUND_ETF_ETN,,,,,,,,UNMEASURED,False,
FMF,ARCA,FUND_ETF_ETN,,,,,,,,UNMEASURED,False,
FMFC,NASDAQ,ELIGIBLE,0.1958,559207.5067350001,2526889.45,1.0,0.3,0.0,291.7,D-1,False,
FMHI,NASDAQ,FUND_ETF_ETN,,,,,,,,UNMEASURED,False,
FMKT,ARCA,FUND_ETF_ETN,,,,,,,,UNMEASURED,False,
FMN,NYSE,FUND_ETF_ETN,,,,,,,,UNMEASURED,False,
FMNB,NASDAQ,ELIGIBLE,15.43,5963366.81675,381800.25,1.0,0.5231,0.0,6.48,D-1,True,2938
FMNY,ARCA,FUND_ETF_ETN,,,,,,,,UNMEASURED,False,
FMQQ,ARCA,FUND_ETF_ETN,,,,,,,,UNMEASURED,False,
FMS,NYSE,ELIGIBLE,22.69,15386587.669,683642.9,1.0,0.7769,2.2,4.42,D-1,True,2317
FMST,NASDAQ,ELIGIBLE,0.7232,83049.770785,97474.75,1.0,0.1077,0.0,270.63,D-1,False,
FMSTW,NASDAQ,WARRANT,,,,,,,,UNMEASURED,False,
FMTL,ARCA,FUND_ETF_ETN,,,,,,,,UNMEASURED,False,
FMTM,NASDAQ,FUND_ETF_ETN,,,,,,,,UNMEASURED,False,
FMTOF,OTC,NOT_TRADABLE,,,,,,,,UNMEASURED,False,
FMUB,NASDAQ,FUND_ETF_ETN,,,,,,,,UNMEASURED,False,
FMUN,NASDAQ,FUND_ETF_ETN,,,,,,,,UNMEASURED,False,
FMX,NYSE,ELIGIBLE,119.62,42673467.9825,355626.8,1.0,0.4949,0.84,11.34,D-1,True,1613
FMY,NYSE,FUND_ETF_ETN,,,,,,,,UNMEASURED,False,
FN,NYSE,ELIGIBLE,417.39,310237805.919,776129.15,1.0,0.9077,9.51,17.11,D-1,True,416
FNB,NYSE,ELIGIBLE,17.64,73699365.934,4090698.55,1.0,0.9974,5.66,5.68,D-1,True,1195
FNCHQ,OTC,NOT_TRADABLE,,,,,,,,UNMEASURED,False,
FNCL,ARCA,FUND_ETF_ETN,,,,,,,,UNMEASURED,False,
FND,NYSE,ELIGIBLE,47.06,122647320.41300002,2561703.5,1.0,0.9564,7.43,13.86,D-1,True,879
FNDA,ARCA,FUND_ETF_ETN,,,,,,,,UNMEASURED,False,
FNDB,ARCA,FUND_ETF_ETN,,,,,,,,UNMEASURED,False,
FNDC,ARCA,FUND_ETF_ETN,,,,,,,,UNMEASURED,False,
FNDE,ARCA,FUND_ETF_ETN,,,,,,,,UNMEASURED,False,
FNDF,ARCA,FUND_ETF_ETN,,,,,,,,UNMEASURED,False,
FNDX,ARCA,FUND_ETF_ETN,,,,,,,,UNMEASURED,False,
FNF,NYSE,ELIGIBLE,41.42,116646289.34849998,2662900.95,1.0,0.9795,5.3,6.06,D-1,True,902
FNG,BATS,FUND_ETF_ETN,,,,,,,,UNMEASURED,False,
FNGD,ARCA,FUND_ETF_ETN,,,,,,,,UNMEASURED,False,
FNGG,ARCA,FUND_ETF_ETN,,,,,,,,UNMEASURED,False,
FNGO,ARCA,FUND_ETF_ETN,,,,,,,,UNMEASURED,False,
FNGR,NASDAQ,ELIGIBLE,0.1514,27466212.256415,77583653.05,1.0,0.9436,13.86,16.14,D-1,False,
FNGS,ARCA,FUND_ETF_ETN,,,,,,,,UNMEASURED,False,
FNGU,ARCA,FUND_ETF_ETN,,,,,,,,UNMEASURED,False,
FNK,NASDAQ,FUND_ETF_ETN,,,,,,,,UNMEASURED,False,
FNKO,NASDAQ,ELIGIBLE,5.5,6783029.6444999995,1184355.8,1.0,0.7282,8.84,18.19,D-1,True,2855
FNLC,NASDAQ,ELIGIBLE,34.35,1235128.941,35475.05,1.0,0.0974,0.0,79.1,D-1,True,3819
FNOV,BATS,FUND_ETF_ETN,,,,,,,,UNMEASURED,False,
FNRN,NASDAQ,ELIGIBLE,17.17,1668334.9545,97159.0,1.0,0.1718,0.0,40.73,D-1,True,3654
FNUC,NASDAQ,ELIGIBLE,1.46,604320.15275,390284.5,1.0,0.2615,0.0,101.7,D-1,False,
FNV,NYSE,ELIGIBLE,257.87,194491718.922,738408.35,1.0,0.7077,3.1,13.29,D-1,True,635
FNVUF,OTC,NOT_TRADABLE,,,,,,,,UNMEASURED,False,
FNWB,NASDAQ,ELIGIBLE,10.05,312041.01375000004,29875.3,1.0,0.1,0.0,196.2,D-1,False,
FNWD,NASDAQ,ELIGIBLE,43.24,582872.9269999999,13527.95,1.0,0.0641,0.0,51.84,D-1,False,
FNX,NASDAQ,FUND_ETF_ETN,,,,,,,,UNMEASURED,False,
FNY,NASDAQ,FUND_ETF_ETN,,,,,,,,UNMEASURED,False,
FOA,NYSE,ELIGIBLE,14.49,1101089.2715,70680.85,1.0,0.1462,0.0,93.66,D-1,True,3882
FOACW,OTC,NOT_TRADABLE,,,,,,,,UNMEASURED,False,
FOCL,NASDAQ,ELIGIBLE,4.71,332234.9695,77705.1,1.0,0.1256,0.0,288.31,D-1,False,
FOCT,BATS,FUND_ETF_ETN,,,,,,,,UNMEASURED,False,
FOF,NYSE,FUND_ETF_ETN,,,,,,,,UNMEASURED,False,
FOFO,NASDAQ,ELIGIBLE,2.19,1000324.7047700001,415025.85,1.0,0.3333,0.0,200.33,D-1,True,3925
FOIL,NYSE,ELIGIBLE,18.12,580783.2035000001,27748.55,1.0,0.2718,0.0,316.17,D-1,False,
FOMG,BATS,FUND_ETF_ETN,,,,,,,,UNMEASURED,False,
FOPC,ARCA,FUND_ETF_ETN,,,,,,,,UNMEASURED,False,
FOR,NYSE,ELIGIBLE,26.49,4412564.6049999995,164372.35,1.0,0.2103,3.76,41.6,D-1,True,3122
FORH,BATS,FUND_ETF_ETN,,,,,,,,UNMEASURED,False,
FORLW,OTC,NOT_TRADABLE,,,,,,,,UNMEASURED,False,
FORM,NASDAQ,ELIGIBLE,129.69,127346173.26275,1142448.3,1.0,0.9462,10.43,33.58,D-1,True,850
FORR,NASDAQ,ELIGIBLE,11.4,1416767.9015000002,119852.5,1.0,0.2487,0.0,121.83,D-1,True,3731
FORTY,NASDAQ,ELIGIBLE,114.99,108326.61465,933.3,1.0,0.0744,0.0,,UNMEASURED,False,
FOSL,NASDAQ,ELIGIBLE,6.2,3996302.4590000003,752787.05,1.0,0.5667,0.0,24.74,D-1,True,3180
FOTO,BATS,FUND_ETF_ETN,,,,,,,,UNMEASURED,False,
FOUR,NYSE,ELIGIBLE,38.45,87443416.103,2091552.85,1.0,0.941,12.92,26.14,D-1,True,1067
FOUR.PRA,NYSE,MALFORMED_OR_NON_COMMON_SYMBOL,,,,,,,,UNMEASURED,False,
FOWF,BATS,FUND_ETF_ETN,,,,,,,,UNMEASURED,False,
FOX,NASDAQ,ELIGIBLE,56.54,75948548.3485,1296695.4,1.0,0.7128,2.66,6.2,D-1,True,1166
FOXA,NASDAQ,ELIGIBLE,63.07,334194101.7335,5098152.9,1.0,0.9974,6.35,5.16,D-1,True,391
FOXF,NASDAQ,ELIGIBLE,18.55,8640668.3275,442116.2,1.0,0.4897,0.0,29.43,D-1,True,2708
FOXO,OTC,NOT_TRADABLE,,,,,,,,UNMEASURED,False,
FOXX,NASDAQ,ELIGIBLE,2.4985,16851.45895,6642.0,1.0,0.0051,0.0,1267.89,D-1,False,
FOXXW,NASDAQ,WARRANT,,,,,,,,UNMEASURED,False,
FOXY,ARCA,FUND_ETF_ETN,,,,,,,,UNMEASURED,False,
FPA,NASDAQ,FUND_ETF_ETN,,,,,,,,UNMEASURED,False,
FPAA,BATS,FUND_ETF_ETN,,,,,,,,UNMEASURED,False,
FPAG,BATS,FUND_ETF_ETN,,,,,,,,UNMEASURED,False,
FPAS,BATS,FUND_ETF_ETN,,,,,,,,UNMEASURED,False,
FPBC,OTC,NOT_TRADABLE,,,,,,,,UNMEASURED,False,
FPE,ARCA,FUND_ETF_ETN,,,,,,,,UNMEASURED,False,
FPEI,ARCA,FUND_ETF_ETN,,,,,,,,UNMEASURED,False,
FPF,NYSE,FUND_ETF_ETN,,,,,,,,UNMEASURED,False,
FPFD,BATS,FUND_ETF_ETN,,,,,,,,UNMEASURED,False,
FPH,NYSE,ELIGIBLE,4.75,765383.1155000001,155517.95,1.0,0.4,0.0,21.3,D-1,False,
FPI,NYSE,ELIGIBLE,10.86,6631288.1205,621275.55,1.0,0.6821,4.61,9.32,D-1,True,2872
FPRO,BATS,FUND_ETF_ETN,,,,,,,,UNMEASURED,False,
FPS,NYSE,ELIGIBLE,38.97,355627300.4285,10345768.65,1.0,1.0,18.15,15.41,D-1,True,358
FPSX,BATS,FUND_ETF_ETN,,,,,,,,UNMEASURED,False,
FPWR,ARCA,FUND_ETF_ETN,,,,,,,,UNMEASURED,False,
FPX,ARCA,FUND_ETF_ETN,,,,,,,,UNMEASURED,False,
FPXE,NASDAQ,FUND_ETF_ETN,,,,,,,,UNMEASURED,False,
FPXI,NASDAQ,FUND_ETF_ETN,,,,,,,,UNMEASURED,False,
FQAL,ARCA,FUND_ETF_ETN,,,,,,,,UNMEASURED,False,
FR,NYSE,ELIGIBLE,61.17,60814977.3505,986623.9,1.0,0.7615,1.63,4.89,D-1,True,1340
FRA,NYSE,FUND_ETF_ETN,,,,,,,,UNMEASURED,False,
FRAF,NASDAQ,ELIGIBLE,62.65,2490737.6580000003,39558.45,1.0,0.0641,0.0,107.21,D-1,True,3431
FRBA,NASDAQ,NOT_SEC_REGISTRANT_TICKER,,,,,,,,UNMEASURED,False,
FRBKQ,OTC,NOT_TRADABLE,,,,,,,,UNMEASURED,False,
FRBT,NASDAQ,ELIGIBLE,17.67,3007889.5555,166068.55,1.0,0.1923,0.0,131.4,D-1,True,3324
FRCB,OTC,NOT_TRADABLE,,,,,,,,UNMEASURED,False,
FRCIL,OTC,NOT_TRADABLE,,,,,,,,UNMEASURED,False,
FRCJL,OTC,NOT_TRADABLE,,,,,,,,UNMEASURED,False,
FRCOY,OTC,NOT_LISTED_EXCHANGE,,,,,,,,UNMEASURED,False,
FRD,NASDAQ,ELIGIBLE,39.34,2569314.0765,60437.35,1.0,0.1026,0.0,138.03,D-1,True,3410
FRDM,BATS,FUND_ETF_ETN,,,,,,,,UNMEASURED,False,
FREHY,OTC,NOT_TRADABLE,,,,,,,,UNMEASURED,False,
FREI,NASDAQ,FUND_ETF_ETN,,,,,,,,UNMEASURED,False,
FREL,ARCA,FUND_ETF_ETN,,,,,,,,UNMEASURED,False,
FRGN,ARCA,FUND_ETF_ETN,,,,,,,,UNMEASURED,False,
FRGT,NASDAQ,ELIGIBLE,0.35,1402274.8293299999,2401893.75,1.0,0.5436,54.52,341.4,D-1,False,
FRHC,NASDAQ,ELIGIBLE,172.08,15124348.3035,89057.6,1.0,0.159,0.0,78.66,D-1,True,2334
FRI,ARCA,FUND_ETF_ETN,,,,,,,,UNMEASURED,False,
FRIZ,ARCA,FUND_ETF_ETN,,,,,,,,UNMEASURED,False,
FRME,NASDAQ,ELIGIBLE,40.71,20307612.75475,494002.6,1.0,0.7538,2.43,4.89,D-1,True,2140
FRMEP,NASDAQ,ELIGIBLE,25.2,23588.93235,942.05,1.0,0.0103,0.0,,UNMEASURED,False,
FRMI,NASDAQ,ELIGIBLE,4.52,87277204.842,17446247.7,1.0,1.0,22.34,22.35,D-1,True,1071
FRMM,NASDAQ,ELIGIBLE,5.04,625395.1975,126382.05,1.0,0.1974,0.0,48.41,D-1,False,
FRNM,NASDAQ,ELIGIBLE,15.99,16572142.489249999,1035388.65,1.0,0.6436,0.0,22.43,D-1,True,2267
FRNW,BATS,FUND_ETF_ETN,,,,,,,,UNMEASURED,False,
FRO,NYSE,ELIGIBLE,47.73,188475948.126,3848620.65,1.0,1.0,8.46,7.34,D-1,True,646
FROG,NASDAQ,ELIGIBLE,89.18,172357326.34649998,1874738.2,1.0,0.9513,11.52,26.9,D-1,True,696
FRPH,NASDAQ,ELIGIBLE,21.11,2387911.998,109729.65,1.0,0.241,0.0,30.84,D-1,True,3452
FRPT,NASDAQ,ELIGIBLE,57.91,70459943.29300001,1090246.15,1.0,0.7,5.28,17.41,D-1,True,1229
FRSH,NASDAQ,ELIGIBLE,12.54,54389805.6365,4280300.95,1.0,0.9821,7.84,7.88,D-1,True,1424
FRST,NASDAQ,ELIGIBLE,15.69,2439439.164,153054.8,1.0,0.3154,0.0,9.53,D-1,True,3441
FRSX,NASDAQ,ELIGIBLE,1.15,240596.69446,197238.05,1.0,0.0359,0.0,131.39,D-1,False,
FRT,NYSE,ELIGIBLE,110.52,99475830.74149999,877858.35,1.0,0.8282,1.81,5.0,D-1,True,993
FRT.PRC,NYSE,MALFORMED_OR_NON_COMMON_SYMBOL,,,,,,,,UNMEASURED,False,
FRTT,NASDAQ,ELIGIBLE,0.8986,312195.40033,337299.95,1.0,0.0949,0.0,212.02,D-1,False,
FRTX,OTC,NOT_TRADABLE,,,,,,,,UNMEASURED,False,
FRTY,ARCA,FUND_ETF_ETN,,,,,,,,UNMEASURED,False,
FRUT,ARCA,FUND_ETF_ETN,,,,,,,,UNMEASURED,False,
FRVO,NASDAQ,ELIGIBLE,15.18,141466454.375,8165431.45,1.0,1.0,25.75,17.31,D-1,True,795
FRWD,NASDAQ,FUND_ETF_ETN,,,,,,,,UNMEASURED,False,
FSBC,NASDAQ,ELIGIBLE,43.83,9194211.2765,203729.35,1.0,0.1949,0.0,29.7,D-1,True,2668
FSBW,NASDAQ,ELIGIBLE,44.18,1207435.2445,27665.85,1.0,0.0846,0.0,109.65,D-1,True,3835
FSCC,ARCA,FUND_ETF_ETN,,,,,,,,UNMEASURED,False,
FSCO,NYSE,ELIGIBLE,5.11,4854150.193,923756.2,1.0,0.7385,0.0,19.61,D-1,True,3069
FSCS,NASDAQ,FUND_ETF_ETN,,,,,,,,UNMEASURED,False,
FSEA,NASDAQ,ELIGIBLE,17.24,82350.751435,4789.35,1.0,0.0154,0.03,,UNMEASURED,False,
FSEC,ARCA,FUND_ETF_ETN,,,,,,,,UNMEASURED,False,
FSEG,ARCA,FUND_ETF_ETN,,,,,,,,UNMEASURED,False,
FSEP,BATS,FUND_ETF_ETN,,,,,,,,UNMEASURED,False,
FSEV,ARCA,FUND_ETF_ETN,,,,,,,,UNMEASURED,False,
FSGS,NASDAQ,FUND_ETF_ETN,,,,,,,,UNMEASURED,False,
FSHP,NASDAQ,ELIGIBLE,11.28,11898.427749999999,1049.5,1.0,0.0,,,UNMEASURED,False,
FSHPR,NASDAQ,RIGHT,,,,,,,,UNMEASURED,False,
FSHPU,NASDAQ,UNIT,,,,,,,,UNMEASURED,False,
FSI,AMEX,ELIGIBLE,5.8,57084.8355,9837.35,1.0,0.0179,0.0,85.84,D-1,False,
FSIG,ARCA,FUND_ETF_ETN,,,,,,,,UNMEASURED,False,
FSK,NYSE,ELIGIBLE,11.25,19286428.5165,1633193.7,1.0,0.8359,3.67,8.96,D-1,True,2179
FSLR,NASDAQ,ELIGIBLE,177.71,477163129.077,2427452.95,1.0,0.9974,12.97,19.46,D-1,True,255
FSLY,NASDAQ,ELIGIBLE,24.96,206279773.416,8167001.95,1.0,1.0,23.79,9.93,D-1,True,611
FSM,NYSE,ELIGIBLE,11.69,51804824.6155,4331545.55,1.0,0.9641,8.55,8.55,D-1,True,1468
FSMB,ARCA,FUND_ETF_ETN,,,,,,,,UNMEASURED,False,
FSMD,ARCA,FUND_ETF_ETN,,,,,,,,UNMEASURED,False,
FSML,ARCA,FUND_ETF_ETN,,,,,,,,UNMEASURED,False,
FSOL,ARCA,FUND_ETF_ETN,,,,,,,,UNMEASURED,False,
FSP,AMEX,ELIGIBLE,0.35,332547.319785,922273.35,1.0,0.4231,0.0,91.35,D-1,False,
FSPC,ARCA,FUND_ETF_ETN,,,,,,,,UNMEASURED,False,
FSRCY,OTC,NOT_LISTED_EXCHANGE,,,,,,,,UNMEASURED,False,
FSS,NYSE,ELIGIBLE,114.75,49373834.704500005,429232.95,1.0,0.4718,0.88,16.66,D-1,True,1504
FSSL,NYSE,FUND_ETF_ETN,,,,,,,,UNMEASURED,False,
FSTA,ARCA,FUND_ETF_ETN,,,,,,,,UNMEASURED,False,
FSTB,NASDAQ,FUND_ETF_ETN,,,,,,,,UNMEASURED,False,
FSTR,NASDAQ,ELIGIBLE,37.47,1538032.451,41096.45,1.0,0.1667,0.0,99.12,D-1,True,3689
FSUGY,OTC,NOT_LISTED_EXCHANGE,,,,,,,,UNMEASURED,False,
FSUN,NASDAQ,ELIGIBLE,39.74,15597394.355500001,392986.1,1.0,0.541,0.0,10.1,D-1,True,2309
FSV,NASDAQ,ELIGIBLE,128.62,32898764.3565,243111.8,1.0,0.3436,0.0,26.92,D-1,True,1790
FSYD,ARCA,FUND_ETF_ETN,,,,,,,,UNMEASURED,False,
FSZ,NASDAQ,FUND_ETF_ETN,,,,,,,,UNMEASURED,False,
FT,NYSE,ELIGIBLE,7.09,453270.933,60551.65,1.0,0.2051,0.0,42.37,D-1,False,
FTA,NASDAQ,FUND_ETF_ETN,,,,,,,,UNMEASURED,False,
FTAG,NASDAQ,FUND_ETF_ETN,,,,,,,,UNMEASURED,False,
FTAI,NASDAQ,ELIGIBLE,175.06,263795590.896,1413463.35,1.0,1.0,12.67,18.75,D-1,True,483
FTAIM,NASDAQ,PREFERRED,,,,,,,,UNMEASURED,False,
FTBD,ARCA,FUND_ETF_ETN,,,,,,,,UNMEASURED,False,
FTBI,ARCA,FUND_ETF_ETN,,,,,,,,UNMEASURED,False,
FTC,NASDAQ,FUND_ETF_ETN,,,,,,,,UNMEASURED,False,
FTCA,ARCA,FUND_ETF_ETN,,,,,,,,UNMEASURED,False,
FTCB,ARCA,FUND_ETF_ETN,,,,,,,,UNMEASURED,False,
FTCE,ARCA,FUND_ETF_ETN,,,,,,,,UNMEASURED,False,
FTCHQ,OTC,NOT_TRADABLE,,,,,,,,UNMEASURED,False,
FTCI,NASDAQ,ELIGIBLE,2.66,973605.8775000001,401999.5,1.0,0.4513,0.38,56.36,D-1,False,
FTCS,NASDAQ,FUND_ETF_ETN,,,,,,,,UNMEASURED,False,
FTDR,NASDAQ,ELIGIBLE,73.99,44999991.5225,573109.75,1.0,0.7615,4.73,38.58,D-1,True,1579
FTDS,NASDAQ,FUND_ETF_ETN,,,,,,,,UNMEASURED,False,
FTEC,ARCA,FUND_ETF_ETN,,,,,,,,UNMEASURED,False,
FTEK,NASDAQ,ELIGIBLE,1.715,401474.87799999997,239697.65,1.0,0.0923,0.0,,UNMEASURED,False,
FTF,AMEX,ELIGIBLE,5.36,1052791.8035,188091.45,1.0,0.3974,0.0,18.66,D-1,True,3904
FTFT,NASDAQ,ELIGIBLE,4.38,81698804.57679999,16492793.95,1.0,0.4179,0.0,226.34,D-1,True,1119
FTG,NASDAQ,FUND_ETF_ETN,,,,,,,,UNMEASURED,False,
FTGC,NASDAQ,FUND_ETF_ETN,,,,,,,,UNMEASURED,False,
FTGS,NASDAQ,FUND_ETF_ETN,,,,,,,,UNMEASURED,False,
FTH,NASDAQ,ELIGIBLE,28.0,15724515.154,451658.55,1.0,0.7385,4.45,120.41,D-1,True,2304
FTHA,NASDAQ,ELIGIBLE,9.971,406358.8079,40782.8,1.0,0.0,,,UNMEASURED,False,
FTHAU,NASDAQ,UNIT,,,,,,,,UNMEASURED,False,
FTHAW,NASDAQ,WARRANT,,,,,,,,UNMEASURED,False,
FTHB,ARCA,FUND_ETF_ETN,,,,,,,,UNMEASURED,False,
FTHF,ARCA,FUND_ETF_ETN,,,,,,,,UNMEASURED,False,
FTHI,NASDAQ,FUND_ETF_ETN,,,,,,,,UNMEASURED,False,
FTHM,NASDAQ,ELIGIBLE,0.583,1585222.48991,2773992.0,1.0,0.9949,72.66,87.84,D-1,False,
FTHWF,OTC,NOT_TRADABLE,,,,,,,,UNMEASURED,False,
FTHY,NYSE,FUND_ETF_ETN,,,,,,,,UNMEASURED,False,
FTI,NYSE,ELIGIBLE,70.99,224235072.695,3002165.5,1.0,0.9462,5.65,9.89,D-1,True,559
FTIF,ARCA,FUND_ETF_ETN,,,,,,,,UNMEASURED,False,
FTIIW,OTC,NOT_TRADABLE,,,,,,,,UNMEASURED,False,
FTK,NYSE,ELIGIBLE,29.53,11187144.3295,406954.1,1.0,0.5718,3.34,68.18,D-1,True,2541
FTKI,ARCA,FUND_ETF_ETN,,,,,,,,UNMEASURED,False,
FTLF,NASDAQ,ELIGIBLE,9.255,119222.72709999999,12523.7,1.0,0.0179,0.0,100.02,D-1,False,
FTLS,ARCA,FUND_ETF_ETN,,,,,,,,UNMEASURED,False,
FTMA,ARCA,FUND_ETF_ETN,,,,,,,,UNMEASURED,False,
FTMH,ARCA,FUND_ETF_ETN,,,,,,,,UNMEASURED,False,
FTMN,ARCA,FUND_ETF_ETN,,,,,,,,UNMEASURED,False,
FTMS,ARCA,FUND_ETF_ETN,,,,,,,,UNMEASURED,False,
FTMU,ARCA,FUND_ETF_ETN,,,,,,,,UNMEASURED,False,
FTNJ,ARCA,FUND_ETF_ETN,,,,,,,,UNMEASURED,False,
FTNT,NASDAQ,ELIGIBLE,173.46,755160041.8215001,4513088.7,1.0,0.9923,7.41,8.87,D-1,True,159
FTNY,ARCA,FUND_ETF_ETN,,,,,,,,UNMEASURED,False,
FTOH,ARCA,FUND_ETF_ETN,,,,,,,,UNMEASURED,False,
FTPA,ARCA,FUND_ETF_ETN,,,,,,,,UNMEASURED,False,
FTQI,NASDAQ,FUND_ETF_ETN,,,,,,,,UNMEASURED,False,
FTRA,NYSE,ELIGIBLE,9.86,1047812.26239,106010.05,1.0,0.0051,2.54,10.15,D-1,True,3905
FTRA.U,NYSE,WARRANT,,,,,,,,UNMEASURED,False,
FTRA.WS,NYSE,MALFORMED_OR_NON_COMMON_SYMBOL,,,,,,,,UNMEASURED,False,
FTRB,ARCA,FUND_ETF_ETN,,,,,,,,UNMEASURED,False,
FTRE,NASDAQ,ELIGIBLE,19.89,27181257.069,1435655.45,1.0,0.7795,5.05,15.27,D-1,True,1923
FTRI,NASDAQ,FUND_ETF_ETN,,,,,,,,UNMEASURED,False,
FTRKD,OTC,NOT_TRADABLE,,,,,,,,UNMEASURED,False,
FTS,NYSE,ELIGIBLE,53.09,40746269.943,750380.35,1.0,0.941,1.89,2.84,D-1,True,1650
FTSD,ARCA,FUND_ETF_ETN,,,,,,,,UNMEASURED,False,
FTSL,NASDAQ,FUND_ETF_ETN,,,,,,,,UNMEASURED,False,
FTSM,NASDAQ,FUND_ETF_ETN,,,,,,,,UNMEASURED,False,
FTV,NYSE,ELIGIBLE,56.09,131717349.7895,2341605.65,1.0,0.9359,3.56,7.13,D-1,True,838
FTW,NYSE,ELIGIBLE,10.2,838533.0194999999,79311.7,1.0,0.1,0.0,39.36,D-1,False,
FTW.WS,NYSE,MALFORMED_OR_NON_COMMON_SYMBOL,,,,,,,,UNMEASURED,False,
FTWO,NYSE,FUND_ETF_ETN,,,,,,,,UNMEASURED,False,
FTXG,NASDAQ,FUND_ETF_ETN,,,,,,,,UNMEASURED,False,
FTXH,NASDAQ,FUND_ETF_ETN,,,,,,,,UNMEASURED,False,
FTXL,NASDAQ,FUND_ETF_ETN,,,,,,,,UNMEASURED,False,
FTXN,NASDAQ,FUND_ETF_ETN,,,,,,,,UNMEASURED,False,
FTXO,NASDAQ,FUND_ETF_ETN,,,,,,,,UNMEASURED,False,
FTXR,NASDAQ,FUND_ETF_ETN,,,,,,,,UNMEASURED,False,
FUBO,NYSE,ELIGIBLE,9.64,13378385.9965,1251192.4,1.0,0.7846,8.09,30.45,D-1,True,2422
FUFU,NASDAQ,ELIGIBLE,1.45,120666.18600000002,89779.75,1.0,0.0667,0.0,208.34,D-1,False,
FUFUW,NASDAQ,WARRANT,,,,,,,,UNMEASURED,False,
FUJHY,OTC,NOT_LISTED_EXCHANGE,,,,,,,,UNMEASURED,False,
FUJIY,OTC,NOT_LISTED_EXCHANGE,,,,,,,,UNMEASURED,False,
FUL,NYSE,ELIGIBLE,50.06,41870922.788,817601.85,1.0,0.7949,5.06,14.16,D-1,True,1625
FULC,NASDAQ,ELIGIBLE,3.74,5544510.374500001,1455194.65,1.0,0.8051,0.0,26.74,D-1,True,2988
FULT,NASDAQ,ELIGIBLE,23.23,38231357.783,1631538.75,1.0,0.8949,2.16,4.3,D-1,True,1689
FULTP,NASDAQ,PREFERRED,,,,,,,,UNMEASURED,False,
FUMB,ARCA,FUND_ETF_ETN,,,,,,,,UNMEASURED,False,
FUN,NYSE,ELIGIBLE,12.32,28420619.145999998,2082985.35,1.0,0.8846,8.03,16.27,D-1,True,1896
FUNC,NASDAQ,ELIGIBLE,43.29,1237056.38925,28227.5,1.0,0.0436,0.0,231.78,D-1,True,3816
FUND,NASDAQ,ELIGIBLE,9.95,223277.34449999998,21368.7,1.0,0.0564,0.0,85.49,D-1,False,
FUPBY,OTC,NOT_LISTED_EXCHANGE,,,,,,,,UNMEASURED,False,
FURY,AMEX,ELIGIBLE,0.534,151139.62837,261247.95,1.0,0.3385,7.45,32.36,D-1,False,
FUSB,NASDAQ,ELIGIBLE,16.44,137631.667,8355.35,1.0,0.0462,0.0,101.07,D-1,False,
FUSD,BATS,FUND_ETF_ETN,,,,,,,,UNMEASURED,False,
FUSE,NASDAQ,ELIGIBLE,0.5752,58179.4972,97687.25,1.0,0.1385,0.0,,UNMEASURED,False,
FUSEW,NASDAQ,WARRANT,,,,,,,,UNMEASURED,False,
FUSI,ARCA,FUND_ETF_ETN,,,,,,,,UNMEASURED,False,
FUTG,NASDAQ,FUND_ETF_ETN,,,,,,,,UNMEASURED,False,
FUTU,NASDAQ,ELIGIBLE,111.87,99295383.0515,859932.0,1.0,0.7974,3.57,10.71,D-1,True,995
FUTY,ARCA,FUND_ETF_ETN,,,,,,,,UNMEASURED,False,
FV,NASDAQ,FUND_ETF_ETN,,,,,,,,UNMEASURED,False,
FVAL,ARCA,FUND_ETF_ETN,,,,,,,,UNMEASURED,False,
FVAV,NASDAQ,ELIGIBLE,10.28,107925.73124,10577.9,1.0,0.0051,0.0,,UNMEASURED,False,
FVC,NASDAQ,FUND_ETF_ETN,,,,,,,,UNMEASURED,False,
FVCB,NASDAQ,ELIGIBLE,17.98,1295404.75325,71149.9,1.0,0.1692,0.0,92.5,D-1,True,3790
FVD,ARCA,FUND_ETF_ETN,,,,,,,,UNMEASURED,False,
FVN,NASDAQ,ELIGIBLE,9.72,512559.7035,50986.4,1.0,0.0256,18.35,520.52,D-1,False,
FVNNR,NASDAQ,RIGHT,,,,,,,,UNMEASURED,False,
FVNNU,NASDAQ,UNIT,,,,,,,,UNMEASURED,False,
FVR,NYSE,ELIGIBLE,17.86,2789210.9465,152182.2,1.0,0.2179,0.0,75.56,D-1,True,3359
FVRR,NYSE,ELIGIBLE,8.55,4620742.9825,518524.7,1.0,0.5974,0.0,17.59,D-1,True,3098
FWAC,NASDAQ,ELIGIBLE,9.94,565997.2052999999,56953.0,1.0,0.0,,,UNMEASURED,False,
FWACR,NASDAQ,RIGHT,,,,,,,,UNMEASURED,False,
FWACU,NASDAQ,UNIT,,,,,,,,UNMEASURED,False,
FWACW,NASDAQ,WARRANT,,,,,,,,UNMEASURED,False,
FWD,ARCA,FUND_ETF_ETN,,,,,,,,UNMEASURED,False,
FWDI,NASDAQ,ELIGIBLE,8.42,17057940.8815,2427730.3,1.0,0.9692,11.83,11.88,D-1,True,2249
FWONA,NASDAQ,ELIGIBLE,86.46,16543562.583500002,189168.65,1.0,0.5051,0.0,16.27,D-1,True,2268
FWONK,NASDAQ,ELIGIBLE,94.61,216494653.4125,2264101.7,1.0,0.9795,5.8,5.83,D-1,True,581
FWRD,NASDAQ,ELIGIBLE,14.69,8974821.131000001,558925.35,1.0,0.4897,3.37,29.45,D-1,True,2681
FWRG,NASDAQ,ELIGIBLE,10.14,13577831.274500001,1231353.9,1.0,0.8744,4.93,14.79,D-1,True,2411
FXA,ARCA,ELIGIBLE,69.6269,584929.33778,8282.0,1.0,0.0256,0.0,2.87,D-1,False,
FXAC,NASDAQ,ELIGIBLE,10.08,676304.7109000001,67094.8,1.0,0.0051,0.0,,UNMEASURED,False,
FXACU,NASDAQ,UNIT,,,,,,,,UNMEASURED,False,
FXACW,NASDAQ,WARRANT,,,,,,,,UNMEASURED,False,
FXB,ARCA,ELIGIBLE,127.561,3408175.9184649996,26392.2,1.0,0.0333,0.0,2.35,D-1,True,3260
FXC,ARCA,ELIGIBLE,69.0805,2494729.507625,35555.2,1.0,0.0872,0.0,10.86,D-1,True,3429
FXCOR,OTC,NOT_TRADABLE,,,,,,,,UNMEASURED,False,
FXD,ARCA,FUND_ETF_ETN,,,,,,,,UNMEASURED,False,
FXE,ARCA,ELIGIBLE,105.15,9525542.42444,89531.7,1.0,0.2128,0.0,1.42,D-1,True,2646
FXED,NYSE,FUND_ETF_ETN,,,,,,,,UNMEASURED,False,
FXF,ARCA,ELIGIBLE,106.2887,3182760.5084650004,29549.95,1.0,0.0974,0.0,2.59,D-1,True,3295
FXG,ARCA,FUND_ETF_ETN,,,,,,,,UNMEASURED,False,
FXH,ARCA,FUND_ETF_ETN,,,,,,,,UNMEASURED,False,
FXHO,NASDAQ,ELIGIBLE,9.965,1007280.362,83390.85,1.0,0.1538,5.07,837.65,D-1,True,3922
FXI,ARCA,FUND_ETF_ETN,,,,,,,,UNMEASURED,False,
FXL,ARCA,FUND_ETF_ETN,,,,,,,,UNMEASURED,False,
FXLV,OTC,NOT_TRADABLE,,,,,,,,UNMEASURED,False,
FXN,ARCA,FUND_ETF_ETN,,,,,,,,UNMEASURED,False,
FXNC,NASDAQ,ELIGIBLE,29.38,811434.4145000001,26521.4,1.0,0.1231,0.0,82.31,D-1,False,
FXO,ARCA,FUND_ETF_ETN,,,,,,,,UNMEASURED,False,
FXP,ARCA,FUND_ETF_ETN,,,,,,,,UNMEASURED,False,
FXR,ARCA,FUND_ETF_ETN,,,,,,,,UNMEASURED,False,
FXU,ARCA,FUND_ETF_ETN,,,,,,,,UNMEASURED,False,
FXY,ARCA,ELIGIBLE,58.3,17487747.9225,298635.75,1.0,0.4154,0.0,1.71,D-1,True,2236
FXZ,ARCA,FUND_ETF_ETN,,,,,,,,UNMEASURED,False,
FYC,NASDAQ,FUND_ETF_ETN,,,,,,,,UNMEASURED,False,
FYEE,BATS,FUND_ETF_ETN,,,,,,,,UNMEASURED,False,
FYLD,BATS,FUND_ETF_ETN,,,,,,,,UNMEASURED,False,
FYT,NASDAQ,FUND_ETF_ETN,,,,,,,,UNMEASURED,False,
FYX,NASDAQ,FUND_ETF_ETN,,,,,,,,UNMEASURED,False,
G,NYSE,ELIGIBLE,33.1,71145559.6225,1998330.65,1.0,0.9256,3.02,8.98,D-1,True,1218
GAA,BATS,FUND_ETF_ETN,,,,,,,,UNMEASURED,False,
GAB,NYSE,ELIGIBLE,5.32,5710265.942500001,1047810.9,1.0,0.9359,9.34,18.73,D-1,True,2975
GAB.PRG,NYSE,MALFORMED_OR_NON_COMMON_SYMBOL,,,,,,,,UNMEASURED,False,
GAB.PRH,NYSE,MALFORMED_OR_NON_COMMON_SYMBOL,,,,,,,,UNMEASURED,False,
GAB.PRK,NYSE,MALFORMED_OR_NON_COMMON_SYMBOL,,,,,,,,UNMEASURED,False,
GABC,NASDAQ,ELIGIBLE,49.5,6551045.4625,132623.75,1.0,0.3026,0.0,28.89,D-1,True,2880
GABF,ARCA,FUND_ETF_ETN,,,,,,,,UNMEASURED,False,
GAEM,ARCA,FUND_ETF_ETN,,,,,,,,UNMEASURED,False,
GAIA,NASDAQ,ELIGIBLE,1.3,130281.65050000002,91825.25,1.0,0.5462,0.0,149.25,D-1,False,
GAIN,NASDAQ,ELIGIBLE,15.81,2678017.031,166641.25,1.0,0.3923,0.0,6.4,D-1,True,3384
GAING,NASDAQ,NOTE_DEBT,,,,,,,,UNMEASURED,False,
GAINI,NASDAQ,NOTE_DEBT,,,,,,,,UNMEASURED,False,
GAINZ,NASDAQ,NOTE_DEBT,,,,,,,,UNMEASURED,False,
GAIQ,ARCA,FUND_ETF_ETN,,,,,,,,UNMEASURED,False,
GAL,ARCA,FUND_ETF_ETN,,,,,,,,UNMEASURED,False,
GALT,NASDAQ,ELIGIBLE,3.9,1355924.5325,334974.25,1.0,0.2769,0.0,89.95,D-1,True,3761
GALX,ARCA,FUND_ETF_ETN,,,,,,,,UNMEASURED,False,
GAM,NYSE,ELIGIBLE,64.52,1112689.655,16991.95,1.0,0.0564,0.0,41.07,D-1,True,3873
GAM.PRB,NYSE,MALFORMED_OR_NON_COMMON_SYMBOL,,,,,,,,UNMEASURED,False,
GAME,NASDAQ,ELIGIBLE,3.11,460418.661,141880.35,1.0,0.1513,0.0,95.39,D-1,False,
GAMI,OTC,NOT_TRADABLE,,,,,,,,UNMEASURED,False,
GAMR,ARCA,FUND_ETF_ETN,,,,,,,,UNMEASURED,False,
GANX,NASDAQ,ELIGIBLE,1.78,621715.4795,346693.75,1.0,0.5538,0.0,55.1,D-1,False,
GAP,NYSE,ELIGIBLE,21.82,168314298.32450002,7709379.35,1.0,0.9974,6.93,4.63,D-1,True,706
GAPR,BATS,FUND_ETF_ETN,,,,,,,,UNMEASURED,False,
GAQWF,OTC,NOT_TRADABLE,,,,,,,,UNMEASURED,False,
GARA,ARCA,FUND_ETF_ETN,,,,,,,,UNMEASURED,False,
GARP,BATS,FUND_ETF_ETN,,,,,,,,UNMEASURED,False,
GARY,NASDAQ,FUND_ETF_ETN,,,,,,,,UNMEASURED,False,
GASS,NASDAQ,ELIGIBLE,8.89,1313761.181,140029.25,1.0,0.141,0.0,61.8,D-1,True,3778
GASZ,BATS,FUND_ETF_ETN,,,,,,,,UNMEASURED,False,
GATX,NYSE,ELIGIBLE,183.73,42197297.2445,235514.0,1.0,0.359,0.0,39.48,D-1,True,1619
GAU,AMEX,ELIGIBLE,2.06,5638832.7445,2603620.5,1.0,0.8949,3.41,48.66,D-1,True,2982
GAUG,BATS,FUND_ETF_ETN,,,,,,,,UNMEASURED,False,
GAUZ,NASDAQ,ELIGIBLE,5.32,168142.5054,23823.45,1.0,0.0564,0.0,1201.41,D-1,False,
GAVA,NASDAQ,FUND_ETF_ETN,,,,,,,,UNMEASURED,False,
GBAB,NYSE,ELIGIBLE,12.64,1784054.58,135879.15,1.0,0.3077,0.0,23.73,D-1,True,3611
GBAT,OTC,NOT_TRADABLE,,,,,,,,UNMEASURED,False,
GBCI,NYSE,ELIGIBLE,44.75,46233478.121,1019489.55,1.0,0.9256,2.24,5.58,D-1,True,1552
GBDC,NASDAQ,ELIGIBLE,12.46,16887561.4035,1330575.3,1.0,0.8821,4.01,8.09,D-1,True,2252
GBFH,NASDAQ,ELIGIBLE,19.12,1440966.8900000001,73738.35,1.0,0.1564,0.0,89.3,D-1,True,3722
GBGWF,OTC,NOT_TRADABLE,,,,,,,,UNMEASURED,False,
GBHI,ARCA,FUND_ETF_ETN,,,,,,,,UNMEASURED,False,
GBIL,ARCA,FUND_ETF_ETN,,,,,,,,UNMEASURED,False,
GBLI,NASDAQ,ELIGIBLE,24.835,232066.792,8348.6,1.0,0.0538,0.0,,UNMEASURED,False,
GBND,ARCA,FUND_ETF_ETN,,,,,,,,UNMEASURED,False,
GBNY,OTC,NOT_TRADABLE,,,,,,,,UNMEASURED,False,
GBOOY,OTC,NOT_LISTED_EXCHANGE,,,,,,,,UNMEASURED,False,
GBR,AMEX,ELIGIBLE,0.6902,59315.85801499999,74468.6,1.0,0.059,0.0,249.93,D-1,False,
GBTC,ARCA,FUND_ETF_ETN,,,,,,,,UNMEASURED,False,
GBTG,NYSE,ELIGIBLE,9.5,22824245.1175,2409645.95,1.0,0.9769,0.0,10.53,D-1,True,2056
GBUG,NASDAQ,FUND_ETF_ETN,,,,,,,,UNMEASURED,False,
GBX,NYSE,ELIGIBLE,42.54,18488613.893,432133.25,1.0,0.5231,0.0,17.55,D-1,True,2204
GCAD,ARCA,FUND_ETF_ETN,,,,,,,,UNMEASURED,False,
GCAL,ARCA,FUND_ETF_ETN,,,,,,,,UNMEASURED,False,
GCBC,NASDAQ,ELIGIBLE,34.46,1452343.8605,41173.5,1.0,0.0513,0.0,165.87,D-1,True,3713
GCC,ARCA,FUND_ETF_ETN,,,,,,,,UNMEASURED,False,
GCDT,AMEX,ELIGIBLE,0.671,27224941.368145,35788313.4,1.0,0.7513,51.53,250.71,D-1,False,
GCGR,NASDAQ,ELIGIBLE,10.12,251001.44249999998,24677.0,1.0,0.0026,0.0,69.2,D-1,False,
GCGRU,NASDAQ,UNIT,,,,,,,,UNMEASURED,False,
GCGRW,NASDAQ,WARRANT,,,,,,,,UNMEASURED,False,
GCL,NASDAQ,ELIGIBLE,0.7529,292724.692285,452420.5,1.0,0.2231,0.0,214.62,D-1,False,
GCLO,ARCA,FUND_ETF_ETN,,,,,,,,UNMEASURED,False,
GCLWW,NASDAQ,WARRANT,,,,,,,,UNMEASURED,False,
GCMG,NASDAQ,ELIGIBLE,13.04,6741852.85,515057.3,1.0,0.4077,0.0,19.47,D-1,True,2859
GCO,NYSE,ELIGIBLE,34.54,7963343.8005,234076.1,1.0,0.1923,0.0,122.6,D-1,True,2761
GCOR,ARCA,FUND_ETF_ETN,,,,,,,,UNMEASURED,False,
GCOW,BATS,FUND_ETF_ETN,,,,,,,,UNMEASURED,False,
GCPB,NYSE,FUND_ETF_ETN,,,,,,,,UNMEASURED,False,
GCPU,ARCA,FUND_ETF_ETN,,,,,,,,UNMEASURED,False,
GCSH,ARCA,FUND_ETF_ETN,,,,,,,,UNMEASURED,False,
GCT,NASDAQ,ELIGIBLE,53.98,35500413.98825,681697.15,1.0,0.6872,5.53,27.62,D-1,True,1744
GCTK,NASDAQ,ELIGIBLE,1.82,9968699.212749999,4177369.65,1.0,0.8641,41.98,75.55,D-1,True,2619
GCTS,NYSE,ELIGIBLE,2.23,2958167.1920000003,1515299.9,1.0,0.7718,4.46,45.46,D-1,True,3335
GCTS.WS,NYSE,MALFORMED_OR_NON_COMMON_SYMBOL,,,,,,,,UNMEASURED,False,
GCV,NYSE,FUND_ETF_ETN,,,,,,,,UNMEASURED,False,
GD,NYSE,ELIGIBLE,336.72,441707655.85249996,1242588.25,1.0,1.0,5.4,7.83,D-1,True,280
GDC,NASDAQ,NOT_TRADABLE,,,,,,,,UNMEASURED,False,
GDDY,NYSE,ELIGIBLE,97.14,267503824.84499997,2698046.4,1.0,0.9846,14.4,17.77,D-1,True,477
GDE,BATS,FUND_ETF_ETN,,,,,,,,UNMEASURED,False,
GDEC,BATS,FUND_ETF_ETN,,,,,,,,UNMEASURED,False,
GDEV,NASDAQ,ELIGIBLE,10.9,22102.612415000003,1933.7,1.0,0.0,,315.36,D-1,False,
GDHG,NASDAQ,ELIGIBLE,1.17,860043.762115,660506.2,1.0,0.0256,0.0,214.96,D-1,False,
GDIV,NYSE,FUND_ETF_ETN,,,,,,,,UNMEASURED,False,
GDL,NYSE,FUND_ETF_ETN,,,,,,,,UNMEASURED,False,
GDLC,ARCA,FUND_ETF_ETN,,,,,,,,UNMEASURED,False,
GDMA,BATS,FUND_ETF_ETN,,,,,,,,UNMEASURED,False,
GDMN,BATS,FUND_ETF_ETN,,,,,,,,UNMEASURED,False,
GDO,NYSE,FUND_ETF_ETN,,,,,,,,UNMEASURED,False,
GDOC,ARCA,FUND_ETF_ETN,,,,,,,,UNMEASURED,False,
GDOG,ARCA,FUND_ETF_ETN,,,,,,,,UNMEASURED,False,
GDOT,NYSE,ELIGIBLE,12.25,4830221.2455,371511.6,1.0,0.5462,12.48,24.34,D-1,True,3073
GDRX,NASDAQ,ELIGIBLE,3.35,3339746.946,971388.9,1.0,0.6641,0.0,29.77,D-1,True,3270
GDS,NASDAQ,ELIGIBLE,32.77,35489022.5905,1106097.0,1.0,0.8385,4.53,10.64,D-1,True,1745
GDSTR,OTC,NOT_TRADABLE,,,,,,,,UNMEASURED,False,
GDSTW,OTC,NOT_TRADABLE,,,,,,,,UNMEASURED,False,
GDT,BATS,FUND_ETF_ETN,,,,,,,,UNMEASURED,False,
GDTC,NASDAQ,ELIGIBLE,0.955,10985.517969999999,12363.1,1.0,0.0205,33.69,503.38,D-1,False,
GDV,NYSE,ELIGIBLE,28.95,2870329.7079999996,97257.45,1.0,0.3436,0.0,10.38,D-1,True,3351
GDV.PRH,NYSE,MALFORMED_OR_NON_COMMON_SYMBOL,,,,,,,,UNMEASURED,False,
GDV.PRK,NYSE,MALFORMED_OR_NON_COMMON_SYMBOL,,,,,,,,UNMEASURED,False,
GDX,ARCA,FUND_ETF_ETN,,,,,,,,UNMEASURED,False,
GDXD,ARCA,FUND_ETF_ETN,,,,,,,,UNMEASURED,False,
GDXJ,ARCA,FUND_ETF_ETN,,,,,,,,UNMEASURED,False,
GDXU,ARCA,FUND_ETF_ETN,,,,,,,,UNMEASURED,False,
GDXW,BATS,FUND_ETF_ETN,,,,,,,,UNMEASURED,False,
GDXY,ARCA,FUND_ETF_ETN,,,,,,,,UNMEASURED,False,
GDYN,NASDAQ,ELIGIBLE,7.75,7530032.5135,951530.5,1.0,0.6897,0.0,12.96,D-1,True,2794
GE,NYSE,ELIGIBLE,327.09,1356907202.986,4216731.35,1.0,1.0,7.87,3.4,D-1,True,77
GECC,NASDAQ,ELIGIBLE,5.28,376303.59225,64664.9,1.0,0.0462,0.0,169.65,D-1,False,
GECCG,NASDAQ,NOTE_DEBT,,,,,,,,UNMEASURED,False,
GECCH,NASDAQ,NOTE_DEBT,,,,,,,,UNMEASURED,False,
GECCI,NASDAQ,NOTE_DEBT,,,,,,,,UNMEASURED,False,
GEEQ,ARCA,FUND_ETF_ETN,,,,,,,,UNMEASURED,False,
GEF,NYSE,ELIGIBLE,82.66,31503534.942,377622.5,1.0,0.3923,1.2,24.06,D-1,True,1819
GEF.B,NYSE,ELIGIBLE,108.15,10526622.863000002,97565.65,1.0,0.1692,6.02,223.25,D-1,True,2585
GEG,NASDAQ,ELIGIBLE,2.16,51609.46000000001,23646.6,1.0,0.0308,0.0,126.92,D-1,False,
GEGGL,NASDAQ,NOTE_DEBT,,,,,,,,UNMEASURED,False,
GEHC,NASDAQ,ELIGIBLE,66.63,233189527.36875,3519974.4,1.0,0.9923,6.0,4.14,D-1,True,542
GEHDY,OTC,NOT_LISTED_EXCHANGE,,,,,,,,UNMEASURED,False,
GEL,NYSE,ELIGIBLE,14.17,4941157.3895000005,322289.65,1.0,0.3923,0.0,22.84,D-1,True,3055
GELHY,OTC,NOT_LISTED_EXCHANGE,,,,,,,,UNMEASURED,False,
GELS,NASDAQ,ELIGIBLE,0.546,6823662.28022,8979625.5,1.0,0.1282,0.0,169.71,D-1,False,
GEM,ARCA,FUND_ETF_ETN,,,,,,,,UNMEASURED,False,
GEMD,BATS,FUND_ETF_ETN,,,,,,,,UNMEASURED,False,
GEME,NASDAQ,FUND_ETF_ETN,,,,,,,,UNMEASURED,False,
GEMG,NASDAQ,FUND_ETF_ETN,,,,,,,,UNMEASURED,False,
GEMI,NASDAQ,ELIGIBLE,5.54,15083197.0725,2905567.45,1.0,0.9641,17.89,17.97,D-1,True,2336
GEMQ,NASDAQ,FUND_ETF_ETN,,,,,,,,UNMEASURED,False,
GEN,NASDAQ,ELIGIBLE,21.62,255718149.66425,9386510.65,1.0,1.0,18.33,4.47,D-1,True,503
GENB,NASDAQ,ELIGIBLE,15.15,20856092.87,1291725.15,1.0,0.8718,6.59,19.63,D-1,True,2120
GENC,AMEX,ELIGIBLE,17.46,1259785.9685,70164.5,1.0,0.1179,0.0,95.12,D-1,True,3808
GEND,ARCA,FUND_ETF_ETN,,,,,,,,UNMEASURED,False,
GENI,NYSE,ELIGIBLE,6.44,46239096.122499995,7048942.35,1.0,0.9949,23.58,15.91,D-1,True,1551
GENK,NASDAQ,ELIGIBLE,1.74,78308.49825,44548.25,1.0,0.0436,0.0,203.24,D-1,False,
GENM,ARCA,FUND_ETF_ETN,,,,,,,,UNMEASURED,False,
GENNQ,OTC,NOT_TRADABLE,,,,,,,,UNMEASURED,False,
GENT,ARCA,FUND_ETF_ETN,,,,,,,,UNMEASURED,False,
GENVR,NASDAQ,RIGHT,,,,,,,,UNMEASURED,False,
GENW,ARCA,FUND_ETF_ETN,,,,,,,,UNMEASURED,False,
GENZ,NASDAQ,FUND_ETF_ETN,,,,,,,,UNMEASURED,False,
GEO,NYSE,ELIGIBLE,31.22,73225056.2745,2348834.65,1.0,0.9103,6.39,9.71,D-1,True,1201
GEOS,NASDAQ,ELIGIBLE,4.99,371402.2335,72044.15,1.0,0.2051,0.0,89.44,D-1,False,
GEQ,NASDAQ,FUND_ETF_ETN,,,,,,,,UNMEASURED,False,
GERN,NASDAQ,ELIGIBLE,1.26,15187485.9465,10846463.2,1.0,0.9795,40.01,79.68,D-1,True,2332
GETR,OTC,NOT_TRADABLE,,,,,,,,UNMEASURED,False,
GETY,NYSE,ELIGIBLE,0.1404,743331.791585,3555528.45,1.0,0.8179,12.52,62.77,D-1,False,
GEV,NYSE,ELIGIBLE,957.63,2093563834.3329997,2259241.5,1.0,0.9872,9.76,9.41,D-1,True,47
GEVC,BATS,FUND_ETF_ETN,,,,,,,,UNMEASURED,False,
GEVG,NASDAQ,FUND_ETF_ETN,,,,,,,,UNMEASURED,False,
GEVO,NASDAQ,ELIGIBLE,1.4,4359918.825,2786519.3,1.0,0.9897,35.65,71.43,D-1,True,3132
GEVX,BATS,FUND_ETF_ETN,,,,,,,,UNMEASURED,False,
GEW,NASDAQ,FUND_ETF_ETN,,,,,,,,UNMEASURED,False,
GF,NYSE,FUND_ETF_ETN,,,,,,,,UNMEASURED,False,
GFAI,NASDAQ,ELIGIBLE,0.3302,34234.065725,98246.2,1.0,0.141,0.0,418.34,D-1,False,
GFAIW,NASDAQ,WARRANT,,,,,,,,UNMEASURED,False,
GFEB,BATS,FUND_ETF_ETN,,,,,,,,UNMEASURED,False,
GFF,NYSE,ELIGIBLE,98.39,32428423.077499997,339082.45,1.0,0.2846,0.0,34.36,D-1,True,1796
GFGF,NASDAQ,FUND_ETF_ETN,,,,,,,,UNMEASURED,False,
GFI,NYSE,ELIGIBLE,40.38,152630747.82549998,3430973.05,1.0,0.9923,5.0,2.49,D-1,True,752
GFL,NYSE,ELIGIBLE,42.27,129491695.70799999,3047148.5,1.0,0.9359,4.75,4.75,D-1,True,844
GFLW,NASDAQ,FUND_ETF_ETN,,,,,,,,UNMEASURED,False,
GFR,NYSE,ELIGIBLE,5.87,10187483.3545,1598400.15,1.0,0.6436,0.0,16.73,D-1,True,2606
GFS,NASDAQ,ELIGIBLE,49.0,187090793.2925,4082104.3,1.0,1.0,12.16,7.17,D-1,True,653
GFSG,BATS,FUND_ETF_ETN,,,,,,,,UNMEASURED,False,
GFUZ,NASDAQ,ELIGIBLE,7.77,1160457.492,144085.0,1.0,0.2231,0.0,161.3,D-1,True,3856
GFUZW,NASDAQ,WARRANT,,,,,,,,UNMEASURED,False,
GGAAF,OTC,NOT_TRADABLE,,,,,,,,UNMEASURED,False,
GGAL,NASDAQ,ELIGIBLE,38.74,30206583.25,707596.85,1.0,0.741,6.39,13.99,D-1,True,1849
GGB,NYSE,ELIGIBLE,4.85,54838202.51799999,11110607.65,1.0,0.9487,10.39,20.92,D-1,True,1420
GGEI,OTC,NOT_TRADABLE,,,,,,,,UNMEASURED,False,
GGG,NYSE,ELIGIBLE,77.86,196354528.968,2542102.35,1.0,0.8513,2.57,6.46,D-1,True,630
GGLL,NASDAQ,FUND_ETF_ETN,,,,,,,,UNMEASURED,False,
GGLS,NASDAQ,FUND_ETF_ETN,,,,,,,,UNMEASURED,False,
GGM,ARCA,FUND_ETF_ETN,,,,,,,,UNMEASURED,False,
GGME,ARCA,FUND_ETF_ETN,,,,,,,,UNMEASURED,False,
GGN,AMEX,ELIGIBLE,5.42,2678997.497,483541.15,1.0,0.3667,0.0,18.55,D-1,True,3383
GGOV,ARCA,FUND_ETF_ETN,,,,,,,,UNMEASURED,False,
GGR,NASDAQ,ELIGIBLE,3.05,43031.242249999996,15923.0,1.0,0.0282,0.0,,UNMEASURED,False,
GGROW,NASDAQ,WARRANT,,,,,,,,UNMEASURED,False,
GGRW,ARCA,FUND_ETF_ETN,,,,,,,,UNMEASURED,False,
GGT,NYSE,ELIGIBLE,3.98,1686346.7025,418560.95,1.0,0.3179,0.0,25.19,D-1,True,3641
GGT.PRE,NYSE,MALFORMED_OR_NON_COMMON_SYMBOL,,,,,,,,UNMEASURED,False,
GGT.PRG,NYSE,MALFORMED_OR_NON_COMMON_SYMBOL,,,,,,,,UNMEASURED,False,
GGTL,ARCA,FUND_ETF_ETN,,,,,,,,UNMEASURED,False,
GGUS,ARCA,FUND_ETF_ETN,,,,,,,,UNMEASURED,False,
GGZ,NYSE,ELIGIBLE,15.43,100864.46296,6288.55,1.0,0.0231,0.0,181.51,D-1,False,
GH,NASDAQ,ELIGIBLE,177.25,319543894.9355,1880550.25,1.0,0.9769,11.26,13.75,D-1,True,405
GHC,NYSE,ELIGIBLE,1154.89,44523686.5275,39076.7,1.0,0.4718,1.4,30.84,D-1,True,1588
GHG,NYSE,ELIGIBLE,1.01,9091.82856,8736.35,1.0,0.0103,0.0,248.26,D-1,False,
GHI,NYSE,UNIT,,,,,,,,UNMEASURED,False,
GHM,NYSE,ELIGIBLE,87.21,14228023.046,165875.75,1.0,0.2615,0.0,55.82,D-1,True,2376
GHRS,NASDAQ,ELIGIBLE,23.84,5412144.1765,199005.45,1.0,0.4231,0.0,61.23,D-1,True,3005
GHTA,BATS,FUND_ETF_ETN,,,,,,,,UNMEASURED,False,
GHXI,NASDAQ,ELIGIBLE,10.0,1306310.469,130401.35,1.0,0.0051,0.0,,UNMEASURED,True,3784
GHXIU,NASDAQ,UNIT,,,,,,,,UNMEASURED,False,
GHXIW,NASDAQ,WARRANT,,,,,,,,UNMEASURED,False,
GHY,NYSE,FUND_ETF_ETN,,,,,,,,UNMEASURED,False,
GHYB,ARCA,FUND_ETF_ETN,,,,,,,,UNMEASURED,False,
GHYG,BATS,FUND_ETF_ETN,,,,,,,,UNMEASURED,False,
GIAX,ARCA,FUND_ETF_ETN,,,,,,,,UNMEASURED,False,
GIB,NYSE,ELIGIBLE,67.77,28982942.1735,408051.3,1.0,0.5667,1.48,13.27,D-1,True,1879
GIBO,NASDAQ,ELIGIBLE,33.0,815172.63092,24645.7,1.0,0.0205,1.5,1228.92,D-1,False,
GIBOW,NASDAQ,WARRANT,,,,,,,,UNMEASURED,False,
GIC,NYSE,ELIGIBLE,41.5,5825134.147,144889.35,1.0,0.1821,0.0,92.98,D-1,True,2962
GIEQ,NASDAQ,FUND_ETF_ETN,,,,,,,,UNMEASURED,False,
GIFT,NASDAQ,ELIGIBLE,0.6665,25373.368065,36443.75,1.0,0.0538,0.0,,UNMEASURED,False,
GIGB,ARCA,FUND_ETF_ETN,,,,,,,,UNMEASURED,False,
GIGL,ARCA,FUND_ETF_ETN,,,,,,,,UNMEASURED,False,
GIGM,NASDAQ,ELIGIBLE,1.4302,4927.477825,3566.15,1.0,0.0077,0.0,938.63,D-1,False,
GII,ARCA,FUND_ETF_ETN,,,,,,,,UNMEASURED,False,
GIII,NASDAQ,ELIGIBLE,27.12,26537002.148000002,939846.55,1.0,0.6051,1.85,11.1,D-1,True,1942
GIL,NYSE,ELIGIBLE,40.98,73935730.05700001,1607927.3,1.0,0.9795,7.38,3.7,D-1,True,1191
GILD,NASDAQ,ELIGIBLE,150.93,878218371.5040001,5901141.4,1.0,1.0,6.03,3.68,D-1,True,132
GILT,NASDAQ,ELIGIBLE,10.14,4949384.586999999,498545.75,1.0,0.5231,0.0,24.7,D-1,True,3052
GINC,ARCA,FUND_ETF_ETN,,,,,,,,UNMEASURED,False,
GIND,NASDAQ,FUND_ETF_ETN,,,,,,,,UNMEASURED,False,
GINN,ARCA,FUND_ETF_ETN,,,,,,,,UNMEASURED,False,
GINX,NASDAQ,FUND_ETF_ETN,,,,,,,,UNMEASURED,False,
GIPR,NASDAQ,ELIGIBLE,0.43,17774428.477795,29775508.9,1.0,0.9385,113.53,136.93,D-1,False,
GIS,NYSE,ELIGIBLE,33.64,373775117.2895,10045880.6,1.0,1.0,7.34,2.94,D-1,True,339
GISC,ARCA,FUND_ETF_ETN,,,,,,,,UNMEASURED,False,
GITS,NASDAQ,ELIGIBLE,2.0275,63102.254,29647.5,1.0,0.0179,0.0,952.38,D-1,False,
GIW,NASDAQ,ELIGIBLE,10.16,742067.77275,73042.7,1.0,0.0026,0.0,,UNMEASURED,False,
GIWWR,NASDAQ,RIGHT,,,,,,,,UNMEASURED,False,
GIWWU,NASDAQ,UNIT,,,,,,,,UNMEASURED,False,
GIX,NASDAQ,ELIGIBLE,10.005,258684.897555,25852.9,1.0,0.0026,0.0,,UNMEASURED,False,
GIXI,NASDAQ,ELIGIBLE,4.9,1224222.46,132476.17647058822,0.85,0.0179,0.0,512.82,D-1,True,3825
GIXXR,NASDAQ,RIGHT,,,,,,,,UNMEASURED,False,
GIXXU,NASDAQ,UNIT,,,,,,,,UNMEASURED,False,
GJAN,BATS,FUND_ETF_ETN,,,,,,,,UNMEASURED,False,
GJH,NYSE,NOTE_DEBT,,,,,,,,UNMEASURED,False,
GJO,NYSE,NOTE_DEBT,,,,,,,,UNMEASURED,False,
GJP,NYSE,ELIGIBLE,24.48,23696.689250000003,965.75,1.0,0.0,,109.69,D-1,False,
GJR,NYSE,ELIGIBLE,24.6,7591.4662499999995,308.8,1.0,0.0026,0.0,211.12,D-1,False,
GJS,NYSE,ELIGIBLE,23.12,19039.593335,818.7,1.0,0.0077,0.0,158.76,D-1,False,
GJT,NYSE,ELIGIBLE,23.235,7201.994585,309.4,1.0,0.0,,390.46,D-1,False,
GJUL,BATS,FUND_ETF_ETN,,,,,,,,UNMEASURED,False,
GJUN,BATS,FUND_ETF_ETN,,,,,,,,UNMEASURED,False,
GK,ARCA,FUND_ETF_ETN,,,,,,,,UNMEASURED,False,
GKAT,NASDAQ,FUND_ETF_ETN,,,,,,,,UNMEASURED,False,
GKOS,NYSE,ELIGIBLE,154.43,132306329.70799999,785447.8,1.0,0.7615,5.17,38.74,D-1,True,835
GL,NYSE,ELIGIBLE,167.04,71163753.05399999,415197.85,1.0,0.5333,0.9,14.95,D-1,True,1217
GL.PRD,NYSE,MALFORMED_OR_NON_COMMON_SYMBOL,,,,,,,,UNMEASURED,False,
GLAD,NASDAQ,ELIGIBLE,19.36,3164680.29375,161094.0,1.0,0.3436,0.0,15.64,D-1,True,3297
GLAM,BATS,FUND_ETF_ETN,,,,,,,,UNMEASURED,False,
GLAS,NYSE,ELIGIBLE,6.8,7158953.2765,889149.4,1.0,0.9385,20.74,48.66,D-1,True,2819
GLBE,NASDAQ,ELIGIBLE,40.17,60702542.614999995,1580985.5,1.0,0.9256,4.93,6.2,D-1,True,1344
GLBL,BATS,FUND_ETF_ETN,,,,,,,,UNMEASURED,False,
GLBS,NASDAQ,ELIGIBLE,3.44,583635.0445000001,157005.2,1.0,0.1795,0.0,100.62,D-1,False,
GLBZ,OTC,NOT_TRADABLE,,,,,,,,UNMEASURED,False,
GLCR,NASDAQ,FUND_ETF_ETN,,,,,,,,UNMEASURED,False,
GLD,ARCA,FUND_ETF_ETN,,,,,,,,UNMEASURED,False,
GLDB,NASDAQ,FUND_ETF_ETN,,,,,,,,UNMEASURED,False,
GLDG,AMEX,ELIGIBLE,0.9719,584605.90252,563325.2,1.0,0.3949,0.0,123.85,D-1,False,
GLDI,NASDAQ,FUND_ETF_ETN,,,,,,,,UNMEASURED,False,
GLDM,ARCA,FUND_ETF_ETN,,,,,,,,UNMEASURED,False,
GLDN,ARCA,FUND_ETF_ETN,,,,,,,,UNMEASURED,False,
GLDW,BATS,FUND_ETF_ETN,,,,,,,,UNMEASURED,False,
GLE,NASDAQ,ELIGIBLE,0.4938,73832.033885,132350.0,1.0,0.059,0.0,299.99,D-1,False,
GLED,NYSE,ELIGIBLE,10.02,118203.92425,11796.3,1.0,0.0077,0.0,34.89,D-1,False,
GLED.RT,NYSE,MALFORMED_OR_NON_COMMON_SYMBOL,,,,,,,,UNMEASURED,False,
GLED.U,NYSE,RIGHT,,,,,,,,UNMEASURED,False,
GLGG,NASDAQ,FUND_ETF_ETN,,,,,,,,UNMEASURED,False,
GLIBA,NASDAQ,ELIGIBLE,23.65,1036765.7625,41382.1,1.0,0.1179,0.0,85.45,D-1,True,3912
GLIBK,NASDAQ,ELIGIBLE,23.55,8099652.0370000005,324201.7,1.0,0.3872,6.36,37.06,D-1,True,2749
GLIN,ARCA,FUND_ETF_ETN,,,,,,,,UNMEASURED,False,
GLIX,ARCA,FUND_ETF_ETN,,,,,,,,UNMEASURED,False,
GLL,ARCA,FUND_ETF_ETN,,,,,,,,UNMEASURED,False,
GLLRF,OTC,NOT_TRADABLE,,,,,,,,UNMEASURED,False,
GLNCY,OTC,NOT_LISTED_EXCHANGE,,,,,,,,UNMEASURED,False,
GLND,NASDAQ,ELIGIBLE,5.54,120197725.22674999,30710617.75,1.0,1.0,132.4,17.47,D-1,True,890
GLNDW,NASDAQ,WARRANT,,,,,,,,UNMEASURED,False,
GLNG,NASDAQ,ELIGIBLE,49.61,69374158.8145,1352496.2,1.0,0.7923,2.01,10.05,D-1,True,1243
GLNK,ARCA,FUND_ETF_ETN,,,,,,,,UNMEASURED,False,
GLO,AMEX,FUND_ETF_ETN,,,,,,,,UNMEASURED,False,
GLOB,NYSE,ELIGIBLE,34.5,37901954.077,1003917.6,1.0,0.6872,2.89,27.33,D-1,True,1698
GLOF,ARCA,FUND_ETF_ETN,,,,,,,,UNMEASURED,False,
GLOO,NASDAQ,ELIGIBLE,4.77,5770993.841,1267984.65,1.0,0.7641,10.46,31.48,D-1,True,2968
GLOP.PRA,NYSE,MALFORMED_OR_NON_COMMON_SYMBOL,,,,,,,,UNMEASURED,False,
GLOP.PRB,NYSE,MALFORMED_OR_NON_COMMON_SYMBOL,,,,,,,,UNMEASURED,False,
GLOP.PRC,NYSE,MALFORMED_OR_NON_COMMON_SYMBOL,,,,,,,,UNMEASURED,False,
GLOW,NASDAQ,FUND_ETF_ETN,,,,,,,,UNMEASURED,False,
GLP,NYSE,ELIGIBLE,47.54,3046360.0535,59410.4,1.0,0.1051,0.0,71.35,D-1,True,3318
GLPI,NASDAQ,ELIGIBLE,38.79,185438508.88099998,4525127.9,1.0,0.9949,3.89,2.6,D-1,True,661
GLQ,AMEX,FUND_ETF_ETN,,,,,,,,UNMEASURED,False,
GLRE,NASDAQ,ELIGIBLE,14.89,2178907.83,144225.5,1.0,0.2308,0.0,20.21,D-1,True,3500
GLRY,ARCA,FUND_ETF_ETN,,,,,,,,UNMEASURED,False,
GLSHQ,OTC,NOT_TRADABLE,,,,,,,,UNMEASURED,False,
GLSI,NASDAQ,ELIGIBLE,18.22,2194854.9535,130507.1,1.0,0.159,0.0,172.57,D-1,True,3495
GLSTR,OTC,NOT_TRADABLE,,,,,,,,UNMEASURED,False,
GLSTU,OTC,NOT_TRADABLE,,,,,,,,UNMEASURED,False,
GLTR,ARCA,FUND_ETF_ETN,,,,,,,,UNMEASURED,False,
GLU,AMEX,ELIGIBLE,17.82,133506.58998,7158.35,1.0,0.041,0.0,88.09,D-1,False,
GLUE,NASDAQ,ELIGIBLE,11.77,15444886.4135,1166715.3,1.0,0.7128,4.29,29.93,D-1,True,2314
GLV,AMEX,FUND_ETF_ETN,,,,,,,,UNMEASURED,False,
GLW,NYSE,ELIGIBLE,156.74,1326126811.5665002,8699605.4,1.0,1.0,11.23,11.55,D-1,True,80
GLWG,NASDAQ,FUND_ETF_ETN,,,,,,,,UNMEASURED,False,
GLX,BATS,FUND_ETF_ETN,,,,,,,,UNMEASURED,False,
GLXG,NASDAQ,ELIGIBLE,1.13,97938.984455,92778.05,1.0,0.2667,86.03,572.9,D-1,False,
GLXU,BATS,FUND_ETF_ETN,,,,,,,,UNMEASURED,False,
GLXY,NASDAQ,ELIGIBLE,24.24,123883017.506,5006365.05,1.0,0.9974,16.25,9.25,D-1,True,872
GM,NYSE,ELIGIBLE,82.63,622713745.7440001,7358318.8,1.0,1.0,7.88,5.46,D-1,True,192
GMAB,NASDAQ,ELIGIBLE,35.32,68447955.51425001,2004765.0,1.0,0.9692,4.29,2.85,D-1,True,1255
GMAR,BATS,FUND_ETF_ETN,,,,,,,,UNMEASURED,False,
GMAY,BATS,FUND_ETF_ETN,,,,,,,,UNMEASURED,False,
GMBL,OTC,NOT_TRADABLE,,,,,,,,UNMEASURED,False,
GMBLP,OTC,NOT_TRADABLE,,,,,,,,UNMEASURED,False,
GMBLW,OTC,NOT_TRADABLE,,,,,,,,UNMEASURED,False,
GMBLZ,OTC,NOT_TRADABLE,,,,,,,,UNMEASURED,False,
GME,NYSE,ELIGIBLE,23.39,206298502.1975,9641845.5,1.0,1.0,14.97,4.28,D-1,True,610
GME.WS,NYSE,MALFORMED_OR_NON_COMMON_SYMBOL,,,,,,,,UNMEASURED,False,
GMEC,BATS,FUND_ETF_ETN,,,,,,,,UNMEASURED,False,
GMED,NYSE,ELIGIBLE,74.52,114642020.585,1513310.8,1.0,0.8923,4.03,6.69,D-1,True,912
GMEU,BATS,FUND_ETF_ETN,,,,,,,,UNMEASURED,False,
GMEX,NASDAQ,ELIGIBLE,3.29,2142164.45105,471238.9,1.0,0.6795,18.49,293.3,D-1,True,3511
GMEY,ARCA,FUND_ETF_ETN,,,,,,,,UNMEASURED,False,
GMF,ARCA,FUND_ETF_ETN,,,,,,,,UNMEASURED,False,
GMHS,NASDAQ,ELIGIBLE,0.69,340777.20936000004,404311.1,1.0,0.0436,0.0,725.9,D-1,False,
GMM,NASDAQ,ELIGIBLE,1.965,48504.107595,22843.35,1.0,0.0641,0.0,256.44,D-1,False,
GMMA,ARCA,FUND_ETF_ETN,,,,,,,,UNMEASURED,False,
GMMF,NYSE,FUND_ETF_ETN,,,,,,,,UNMEASURED,False,
GMNY,ARCA,FUND_ETF_ETN,,,,,,,,UNMEASURED,False,
GMOC,ARCA,FUND_ETF_ETN,,,,,,,,UNMEASURED,False,
GMOD,ARCA,FUND_ETF_ETN,,,,,,,,UNMEASURED,False,
GMOI,ARCA,FUND_ETF_ETN,,,,,,,,UNMEASURED,False,
GMOM,BATS,FUND_ETF_ETN,,,,,,,,UNMEASURED,False,
GMOV,ARCA,FUND_ETF_ETN,,,,,,,,UNMEASURED,False,
GMRS,NYSE,ELIGIBLE,11.06,13175373.8215,1056392.55,1.0,0.6769,0.0,27.38,D-1,True,2434
GMTL,AMEX,ELIGIBLE,10.09,1832266.3105000001,164642.0,1.0,0.4103,4.87,157.0,D-1,True,3596
GMUB,ARCA,FUND_ETF_ETN,,,,,,,,UNMEASURED,False,
GMVDF,OTC,NOT_TRADABLE,,,,,,,,UNMEASURED,False,
GMVHY,OTC,NOT_LISTED_EXCHANGE,,,,,,,,UNMEASURED,False,
GNCAQ,OTC,NOT_TRADABLE,,,,,,,,UNMEASURED,False,
GNE,NYSE,ELIGIBLE,15.92,1225330.8299999998,77841.1,1.0,0.1385,0.0,109.6,D-1,True,3823
GNFTY,OTC,NOT_TRADABLE,,,,,,,,UNMEASURED,False,
GNK,NYSE,ELIGIBLE,26.09,18146418.4075,670007.35,1.0,0.641,0.0,15.34,D-1,True,2216
GNL,NYSE,ELIGIBLE,8.55,20358734.997,2286521.1,1.0,0.9282,5.79,11.6,D-1,True,2138
GNL.PRA,NYSE,MALFORMED_OR_NON_COMMON_SYMBOL,,,,,,,,UNMEASURED,False,
GNL.PRB,NYSE,MALFORMED_OR_NON_COMMON_SYMBOL,,,,,,,,UNMEASURED,False,
GNL.PRD,NYSE,MALFORMED_OR_NON_COMMON_SYMBOL,,,,,,,,UNMEASURED,False,
GNL.PRE,NYSE,MALFORMED_OR_NON_COMMON_SYMBOL,,,,,,,,UNMEASURED,False,
GNLN,NASDAQ,ELIGIBLE,3.07,60461.329999999994,21569.1,1.0,0.0744,0.0,464.5,D-1,False,
GNLX,NASDAQ,ELIGIBLE,2.48,687024.436,273577.65,1.0,0.2026,0.0,61.1,D-1,False,
GNMA,NASDAQ,FUND_ETF_ETN,,,,,,,,UNMEASURED,False,
GNMX,BATS,FUND_ETF_ETN,,,,,,,,UNMEASURED,False,
GNOM,NASDAQ,FUND_ETF_ETN,,,,,,,,UNMEASURED,False,
GNOV,BATS,FUND_ETF_ETN,,,,,,,,UNMEASURED,False,
GNPX,NASDAQ,ELIGIBLE,3.29,677192.281,184935.25,1.0,0.2,0.0,147.06,D-1,False,
GNR,ARCA,FUND_ETF_ETN,,,,,,,,UNMEASURED,False,
GNRC,NYSE,ELIGIBLE,208.14,296173118.309,1512317.6,1.0,0.9641,8.81,29.38,D-1,True,438
GNS,AMEX,ELIGIBLE,0.1573,584633.023075,3551768.6,1.0,0.6359,6.26,71.6,D-1,False,
GNSS,NASDAQ,ELIGIBLE,1.48,118094.991,79434.6,1.0,0.0846,0.0,67.8,D-1,False,
GNT,NYSE,ELIGIBLE,8.78,392298.462,43304.85,1.0,0.0974,0.0,28.47,D-1,False,
GNT.PRA,NYSE,MALFORMED_OR_NON_COMMON_SYMBOL,,,,,,,,UNMEASURED,False,
GNTA,NASDAQ,ELIGIBLE,0.6853,50618.972729999994,63786.55,1.0,0.0513,0.0,969.11,D-1,False,
GNTX,NASDAQ,ELIGIBLE,22.58,50741379.3505,2254113.7,1.0,0.9744,4.45,4.46,D-1,True,1483
GNW,NYSE,ELIGIBLE,9.43,46179109.8755,4568510.55,1.0,0.9769,5.31,10.64,D-1,True,1556
GO,NASDAQ,ELIGIBLE,11.07,26348314.833,2261511.1,1.0,0.9538,4.46,8.89,D-1,True,1948
GOAI,NASDAQ,ELIGIBLE,2.09,468684.359,198852.1,1.0,0.1564,0.0,473.28,D-1,False,
GOAU,ARCA,FUND_ETF_ETN,,,,,,,,UNMEASURED,False,
GOCT,BATS,FUND_ETF_ETN,,,,,,,,UNMEASURED,False,
GOEVQ,OTC,NOT_TRADABLE,,,,,,,,UNMEASURED,False,
GOEWQ,OTC,NOT_TRADABLE,,,,,,,,UNMEASURED,False,
GOEX,ARCA,FUND_ETF_ETN,,,,,,,,UNMEASURED,False,
GOF,NYSE,FUND_ETF_ETN,,,,,,,,UNMEASURED,False,
GOGL,BATS,FUND_ETF_ETN,,,,,,,,UNMEASURED,False,
GOGO,NASDAQ,ELIGIBLE,2.3,4796378.321,1879904.95,1.0,0.9513,21.7,43.86,D-1,True,3080
GOIB,BATS,FUND_ETF_ETN,,,,,,,,UNMEASURED,False,
GOLD,NYSE,ELIGIBLE,43.95,34943406.8785,770859.95,1.0,0.5282,1.14,22.84,D-1,True,1755
GOLF,NYSE,ELIGIBLE,83.02,28903507.5695,344373.2,1.0,0.3231,0.0,30.2,D-1,True,1884
GOLI,NASDAQ,FUND_ETF_ETN,,,,,,,,UNMEASURED,False,
GOLLQ,OTC,NOT_TRADABLE,,,,,,,,UNMEASURED,False,
GOLS,ARCA,FUND_ETF_ETN,,,,,,,,UNMEASURED,False,
GOLY,BATS,FUND_ETF_ETN,,,,,,,,UNMEASURED,False,
GOOD,NASDAQ,ELIGIBLE,12.5,4594300.595000001,359131.9,1.0,0.5154,0.0,8.01,D-1,True,3101
GOODN,NASDAQ,PREFERRED,,,,,,,,UNMEASURED,False,
GOODO,NASDAQ,PREFERRED,,,,,,,,UNMEASURED,False,
GOOG,NASDAQ,ELIGIBLE,341.08,5961943096.42,17576541.05,1.0,1.0,7.03,2.5,D-1,True,14
GOOGL,NASDAQ,ELIGIBLE,343.92,9271857183.3275,27068057.25,1.0,1.0,7.29,1.6,D-1,True,12
GOOGM,NASDAQ,PREFERRED,,,,,,,,UNMEASURED,False,
GOOGN,NASDAQ,PREFERRED,,,,,,,,UNMEASURED,False,
GOOL,BATS,FUND_ETF_ETN,,,,,,,,UNMEASURED,False,
GOOP,BATS,FUND_ETF_ETN,,,,,,,,UNMEASURED,False,
GOOS,NYSE,ELIGIBLE,7.61,6405444.1355,830439.55,1.0,0.6949,6.52,13.14,D-1,True,2891
GOOW,BATS,FUND_ETF_ETN,,,,,,,,UNMEASURED,False,
GOOX,BATS,FUND_ETF_ETN,,,,,,,,UNMEASURED,False,
GOOY,ARCA,FUND_ETF_ETN,,,,,,,,UNMEASURED,False,
GOP,BATS,FUND_ETF_ETN,,,,,,,,UNMEASURED,False,
GORO,AMEX,ELIGIBLE,3.5,5882724.8855,1600085.0,1.0,0.6692,0.0,28.73,D-1,True,2949
GOSS,NASDAQ,ELIGIBLE,10.94,2737662.221,238367.8,1.0,0.5154,4.62,100.86,D-1,True,3370
GOTU,NYSE,ELIGIBLE,2.46,1176281.084,538451.25,1.0,0.5897,0.0,40.32,D-1,True,3847
GOU,NASDAQ,FUND_ETF_ETN,,,,,,,,UNMEASURED,False,
GOVI,NASDAQ,FUND_ETF_ETN,,,,,,,,UNMEASURED,False,
GOVM,BATS,FUND_ETF_ETN,,,,,,,,UNMEASURED,False,
GOVT,BATS,FUND_ETF_ETN,,,,,,,,UNMEASURED,False,
GOVX,NASDAQ,ELIGIBLE,0.351,172317.738235,350934.2,1.0,0.1718,0.0,218.03,D-1,False,
GOVZ,BATS,FUND_ETF_ETN,,,,,,,,UNMEASURED,False,
GOW,NASDAQ,ELIGIBLE,,,,,0.4103,65.67,673.76,D-1,False,
GP,NASDAQ,ELIGIBLE,0.5909,197953.581335,229176.95,1.0,0.3487,0.0,168.38,D-1,False,
GPAC,NASDAQ,ELIGIBLE,10.09,262714.3525,26097.2,1.0,0.0026,0.0,,UNMEASURED,False,
GPACU,NASDAQ,UNIT,,,,,,,,UNMEASURED,False,
GPACW,NASDAQ,WARRANT,,,,,,,,UNMEASURED,False,
GPAK,OTC,NOT_TRADABLE,,,,,,,,UNMEASURED,False,
GPAT,NASDAQ,ELIGIBLE,11.08,112495.89132999998,10240.15,1.0,0.0,,,UNMEASURED,False,
GPATU,NASDAQ,UNIT,,,,,,,,UNMEASURED,False,
GPATW,NASDAQ,WARRANT,,,,,,,,UNMEASURED,False,
GPC,NYSE,ELIGIBLE,129.61,129113002.488,975569.0,1.0,0.6513,0.77,12.32,D-1,True,846
GPCR,NASDAQ,ELIGIBLE,35.93,50938885.496999994,1293326.3,1.0,0.8359,6.17,75.12,D-1,True,1478
GPGI,NYSE,ELIGIBLE,11.61,23011943.3385,1766948.45,1.0,0.8359,8.29,16.84,D-1,True,2053
GPI,NYSE,ELIGIBLE,252.18,69487682.3075,258653.05,1.0,0.6846,1.58,24.59,D-1,True,1242
GPIQ,NASDAQ,FUND_ETF_ETN,,,,,,,,UNMEASURED,False,
GPIX,NASDAQ,FUND_ETF_ETN,,,,,,,,UNMEASURED,False,
GPJA,NYSE,NOTE_DEBT,,,,,,,,UNMEASURED,False,
GPK,NYSE,ELIGIBLE,9.38,64581463.2365,6592817.4,1.0,0.9872,10.64,10.66,D-1,True,1292
GPMT,NYSE,ELIGIBLE,0.9151,293901.65124,311533.0,1.0,0.2769,0.0,118.73,D-1,False,
GPMT.PRA,NYSE,MALFORMED_OR_NON_COMMON_SYMBOL,,,,,,,,UNMEASURED,False,
GPN,NYSE,ELIGIBLE,86.49,217161920.04899997,2466739.05,1.0,0.9744,6.67,6.41,D-1,True,579
GPOR,NYSE,ELIGIBLE,154.62,46365997.572,274316.55,1.0,0.5897,1.28,27.87,D-1,True,1548
GPRE,NASDAQ,ELIGIBLE,14.92,25987091.61575,1731207.2,1.0,0.7256,6.66,13.5,D-1,True,1959
GPRF,NASDAQ,FUND_ETF_ETN,,,,,,,,UNMEASURED,False,
GPRK,NYSE,ELIGIBLE,11.2,15216688.216,1319555.65,1.0,0.6795,4.44,17.79,D-1,True,2330
GPRO,NASDAQ,ELIGIBLE,1.29,129324603.50932999,94248451.8,1.0,1.0,65.29,77.52,D-1,True,845
GPT,NASDAQ,FUND_ETF_ETN,,,,,,,,UNMEASURED,False,
GPTY,ARCA,FUND_ETF_ETN,,,,,,,,UNMEASURED,False,
GPUS,AMEX,ELIGIBLE,0.1653,9243940.63337,48372459.9,1.0,1.0,12.19,6.09,D-1,False,
GPZ,ARCA,FUND_ETF_ETN,,,,,,,,UNMEASURED,False,
GQGU,ARCA,FUND_ETF_ETN,,,,,,,,UNMEASURED,False,
GQI,ARCA,FUND_ETF_ETN,,,,,,,,UNMEASURED,False,
GQQQ,NASDAQ,FUND_ETF_ETN,,,,,,,,UNMEASURED,False,
GQRE,ARCA,FUND_ETF_ETN,,,,,,,,UNMEASURED,False,
GRAB,NASDAQ,ELIGIBLE,3.13,222100145.6645,71731534.0,1.0,1.0,31.56,31.45,D-1,True,563
GRABW,NASDAQ,WARRANT,,,,,,,,UNMEASURED,False,
GRAG,NASDAQ,FUND_ETF_ETN,,,,,,,,UNMEASURED,False,
GRAL,NASDAQ,ELIGIBLE,126.89,122325634.5325,1288017.65,1.0,0.8641,13.04,36.77,D-1,True,882
GRAN,NASDAQ,ELIGIBLE,1.11,227455.403365,211151.1,1.0,0.0154,0.0,366.97,D-1,False,
GRBK,NYSE,ELIGIBLE,68.79,29014033.588999998,420836.35,1.0,0.4359,1.84,29.21,D-1,True,1878
GRBK.PRA,NYSE,MALFORMED_OR_NON_COMMON_SYMBOL,,,,,,,,UNMEASURED,False,
GRC,NYSE,ELIGIBLE,74.21,14740099.3025,200096.05,1.0,0.2641,0.0,45.54,D-1,True,2358
GRCE,NASDAQ,ELIGIBLE,2.12,331509.6365,152787.1,1.0,0.1103,0.0,94.34,D-1,False,
GRCTF,OTC,NOT_LISTED_EXCHANGE,,,,,,,,UNMEASURED,False,
GRDN,NYSE,ELIGIBLE,41.21,31512353.439499997,724877.95,1.0,0.6205,3.58,23.89,D-1,True,1817
GRDX,NASDAQ,ELIGIBLE,3.43,306349.2718,92809.4,1.0,0.1974,0.0,255.38,D-1,False,
GREEL,NASDAQ,NOTE_DEBT,,,,,,,,UNMEASURED,False,
GREK,ARCA,FUND_ETF_ETN,,,,,,,,UNMEASURED,False,
GRF,AMEX,FUND_ETF_ETN,,,,,,,,UNMEASURED,False,
GRFS,NASDAQ,ELIGIBLE,7.35,4455157.95025,599562.8,1.0,0.5462,0.0,13.66,D-1,True,3115
GRFXY,OTC,NOT_TRADABLE,,,,,,,,UNMEASURED,False,
GRI,NASDAQ,ELIGIBLE,2.05,1512998.237,583858.0,1.0,0.1205,0.0,197.04,D-1,True,3698
GRID,NASDAQ,FUND_ETF_ETN,,,,,,,,UNMEASURED,False,
GRIN,NASDAQ,FUND_ETF_ETN,,,,,,,,UNMEASURED,False,
GRML,NASDAQ,ELIGIBLE,14.66,254656512.94700003,22517782.9,1.0,1.0,67.38,19.43,D-1,True,506
GRMLW,NASDAQ,WARRANT,,,,,,,,UNMEASURED,False,
GRMN,NYSE,ELIGIBLE,294.14,240434454.504,859492.05,1.0,0.7359,3.74,17.81,D-1,True,531
GRN,ARCA,NOTE_DEBT,,,,,,,,UNMEASURED,False,
GRNB,ARCA,FUND_ETF_ETN,,,,,,,,UNMEASURED,False,
GRND,NYSE,ELIGIBLE,15.77,20022840.8315,1290099.55,1.0,0.7564,3.13,12.61,D-1,True,2147
GRNI,ARCA,FUND_ETF_ETN,,,,,,,,UNMEASURED,False,
GRNJ,ARCA,FUND_ETF_ETN,,,,,,,,UNMEASURED,False,
GRNQ,NASDAQ,ELIGIBLE,10.55,2089131.4093550001,142410.5,1.0,0.0615,0.0,1540.44,D-1,True,3533
GRNT,NYSE,ELIGIBLE,4.44,8383400.533,1680062.75,1.0,0.9026,11.21,22.5,D-1,True,2725
GRNY,ARCA,FUND_ETF_ETN,,,,,,,,UNMEASURED,False,
GRO,AMEX,ELIGIBLE,2.36,458142.357,186647.7,1.0,0.1077,0.0,74.09,D-1,False,
GROM,OTC,NOT_TRADABLE,,,,,,,,UNMEASURED,False,
GROMW,OTC,NOT_TRADABLE,,,,,,,,UNMEASURED,False,
GROV,NYSE,ELIGIBLE,1.06,111681.07331,106699.15,1.0,0.0308,0.0,95.24,D-1,False,
GROW,NASDAQ,ELIGIBLE,2.98,79925.614,26449.6,1.0,0.0205,0.0,,UNMEASURED,False,
GROY,AMEX,ELIGIBLE,3.16,6174395.029,1859439.1,1.0,0.6513,0.0,31.85,D-1,True,2911
GROY.WS,AMEX,MALFORMED_OR_NON_COMMON_SYMBOL,,,,,,,,UNMEASURED,False,
GROZ,BATS,FUND_ETF_ETN,,,,,,,,UNMEASURED,False,
GRPM,ARCA,FUND_ETF_ETN,,,,,,,,UNMEASURED,False,
GRPN,NASDAQ,ELIGIBLE,21.3,23134425.597,1180257.65,1.0,0.7359,4.69,16.41,D-1,True,2049
GRPZ,ARCA,FUND_ETF_ETN,,,,,,,,UNMEASURED,False,
GRRR,NASDAQ,ELIGIBLE,14.01,8917964.1015,640159.85,1.0,0.7154,3.45,31.56,D-1,True,2687
GRRRW,NASDAQ,WARRANT,,,,,,,,UNMEASURED,False,
GRSD,NASDAQ,ELIGIBLE,1.57,322167.93200000003,188820.1,1.0,0.2231,0.0,63.29,D-1,False,
GRVY,NASDAQ,ELIGIBLE,66.51,1958503.18775,27279.15,1.0,0.0487,0.0,129.19,D-1,True,3564
GRW,NASDAQ,FUND_ETF_ETN,,,,,,,,UNMEASURED,False,
GRWG,NASDAQ,ELIGIBLE,1.56,363587.054,229931.1,1.0,0.3,0.0,63.9,D-1,False,
GRX,NYSE,ELIGIBLE,9.67,226253.1545,23030.8,1.0,0.0436,0.0,71.43,D-1,False,
GS,NYSE,ELIGIBLE,935.45,2021414144.9380002,2068665.8,1.0,0.9949,6.19,6.71,D-1,True,49
GS.PRA,NYSE,MALFORMED_OR_NON_COMMON_SYMBOL,,,,,,,,UNMEASURED,False,
GS.PRC,NYSE,MALFORMED_OR_NON_COMMON_SYMBOL,,,,,,,,UNMEASURED,False,
GS.PRD,NYSE,MALFORMED_OR_NON_COMMON_SYMBOL,,,,,,,,UNMEASURED,False,
GSAT,NASDAQ,ELIGIBLE,82.88,47459094.1825,577530.75,1.0,0.6641,0.6,3.62,D-1,True,1530
GSBC,NASDAQ,ELIGIBLE,78.91,6659552.3935,84080.85,1.0,0.0949,0.0,69.86,D-1,True,2868
GSBD,NYSE,ELIGIBLE,9.54,7874013.1865,803767.55,1.0,0.6667,0.0,10.54,D-1,True,2775
GSC,ARCA,FUND_ETF_ETN,,,,,,,,UNMEASURED,False,
GSEE,BATS,FUND_ETF_ETN,,,,,,,,UNMEASURED,False,
GSEP,BATS,FUND_ETF_ETN,,,,,,,,UNMEASURED,False,
GSEU,ARCA,FUND_ETF_ETN,,,,,,,,UNMEASURED,False,
GSEW,BATS,FUND_ETF_ETN,,,,,,,,UNMEASURED,False,
GSG,ARCA,FUND_ETF_ETN,,,,,,,,UNMEASURED,False,
GSGO,NASDAQ,FUND_ETF_ETN,,,,,,,,UNMEASURED,False,
GSHD,NASDAQ,ELIGIBLE,45.23,25866348.51825,482767.95,1.0,0.6308,1.11,45.21,D-1,True,1961
GSHR,NASDAQ,ELIGIBLE,10.57,260317.3355,24684.25,1.0,0.0051,0.0,,UNMEASURED,False,
GSHRU,NASDAQ,UNIT,,,,,,,,UNMEASURED,False,
GSHRW,NASDAQ,WARRANT,,,,,,,,UNMEASURED,False,
GSIB,NASDAQ,FUND_ETF_ETN,,,,,,,,UNMEASURED,False,
GSID,BATS,FUND_ETF_ETN,,,,,,,,UNMEASURED,False,
GSIE,ARCA,FUND_ETF_ETN,,,,,,,,UNMEASURED,False,
GSIT,NASDAQ,ELIGIBLE,5.61,2782192.856,522170.05,1.0,0.5615,0.0,44.77,D-1,True,3361
GSIW,NASDAQ,ELIGIBLE,14.035,873076.589645,57366.65,1.0,0.0333,0.0,395.42,D-1,False,
GSJY,ARCA,FUND_ETF_ETN,,,,,,,,UNMEASURED,False,
GSK,NYSE,ELIGIBLE,49.24,148317125.9135,2966587.2,1.0,0.9872,3.06,2.03,D-1,True,768
GSKH,ARCA,NOT_SEC_REGISTRANT_TICKER,,,,,,,,UNMEASURED,False,
GSL,NYSE,ELIGIBLE,44.33,12730817.0095,282131.9,1.0,0.6205,0.0,14.8,D-1,True,2452
GSL.PRB,NYSE,MALFORMED_OR_NON_COMMON_SYMBOL,,,,,,,,UNMEASURED,False,
GSLC,ARCA,FUND_ETF_ETN,,,,,,,,UNMEASURED,False,
GSM,NASDAQ,ELIGIBLE,4.07,5104160.5765,1178696.25,1.0,0.7462,0.0,24.48,D-1,True,3033
GSOL,ARCA,FUND_ETF_ETN,,,,,,,,UNMEASURED,False,
GSPY,ARCA,FUND_ETF_ETN,,,,,,,,UNMEASURED,False,
GSRF,NASDAQ,ELIGIBLE,10.23,44041.39950000001,4303.85,1.0,0.0,,,UNMEASURED,False,
GSRFR,NASDAQ,RIGHT,,,,,,,,UNMEASURED,False,
GSRFU,NASDAQ,UNIT,,,,,,,,UNMEASURED,False,
GSRV,NASDAQ,ELIGIBLE,9.89,1108551.1941850001,112078.35,1.0,0.0026,0.0,,UNMEASURED,True,3876
GSRVR,NASDAQ,RIGHT,,,,,,,,UNMEASURED,False,
GSRVU,NASDAQ,UNIT,,,,,,,,UNMEASURED,False,
GSSC,ARCA,FUND_ETF_ETN,,,,,,,,UNMEASURED,False,
GSST,BATS,FUND_ETF_ETN,,,,,,,,UNMEASURED,False,
GSUI,ARCA,FUND_ETF_ETN,,,,,,,,UNMEASURED,False,
GSUN,NASDAQ,ELIGIBLE,0.229,2424195.716785,8644293.1,1.0,0.4179,0.0,124.42,D-1,False,
GSUS,BATS,FUND_ETF_ETN,,,,,,,,UNMEASURED,False,
GSWO,BATS,FUND_ETF_ETN,,,,,,,,UNMEASURED,False,
GSY,ARCA,FUND_ETF_ETN,,,,,,,,UNMEASURED,False,
GT,NASDAQ,ELIGIBLE,5.125,53554819.98225,9752483.9,1.0,0.9897,9.79,19.5,D-1,True,1438
GTBP,NASDAQ,ELIGIBLE,6.89,1045389.5808250001,123170.65,1.0,0.2462,0.0,360.93,D-1,True,3907
GTE,AMEX,ELIGIBLE,9.62,5881201.9695,568573.15,1.0,0.759,5.07,30.77,D-1,True,2950
GTEC,NASDAQ,ELIGIBLE,1.09,289977.015975,267446.95,1.0,0.3051,0.0,137.44,D-1,False,
GTEK,ARCA,FUND_ETF_ETN,,,,,,,,UNMEASURED,False,
GTEN,NASDAQ,ELIGIBLE,10.49,14300.872500000001,1354.25,1.0,0.0,,,UNMEASURED,False,
GTENU,NASDAQ,UNIT,,,,,,,,UNMEASURED,False,
GTENW,NASDAQ,WARRANT,,,,,,,,UNMEASURED,False,
GTERA,NASDAQ,ELIGIBLE,10.42,155572.369,14932.15,1.0,0.0026,0.0,,UNMEASURED,False,
GTERR,NASDAQ,RIGHT,,,,,,,,UNMEASURED,False,
GTERU,NASDAQ,UNIT,,,,,,,,UNMEASURED,False,
GTERW,NASDAQ,WARRANT,,,,,,,,UNMEASURED,False,
GTES,NYSE,ELIGIBLE,26.86,48192457.294,1874834.55,1.0,0.8821,3.8,33.98,D-1,True,1522
GTIJF,OTC,NOT_TRADABLE,,,,,,,,UNMEASURED,False,
GTIM,NASDAQ,ELIGIBLE,1.51,53868.914000000004,35504.7,1.0,0.0718,0.0,100.56,D-1,False,
GTIP,BATS,FUND_ETF_ETN,,,,,,,,UNMEASURED,False,
GTLB,NASDAQ,ELIGIBLE,46.845,286597302.13049996,5935872.7,1.0,1.0,10.46,6.24,D-1,True,448
GTM,NASDAQ,ELIGIBLE,3.75,21565957.889,5406054.5,1.0,0.9846,12.88,25.74,D-1,True,2099
GTMEY,OTC,NOT_LISTED_EXCHANGE,,,,,,,,UNMEASURED,False,
GTN,NYSE,ELIGIBLE,4.58,4700248.7335,993703.75,1.0,0.6846,0.0,21.95,D-1,True,3092
GTN.A,NYSE,ELIGIBLE,5.34,12560.48704,2356.05,1.0,0.0026,0.0,1647.94,D-1,False,
GTND,ARCA,FUND_ETF_ETN,,,,,,,,UNMEASURED,False,
GTO,ARCA,FUND_ETF_ETN,,,,,,,,UNMEASURED,False,
GTOC,BATS,FUND_ETF_ETN,,,,,,,,UNMEASURED,False,
GTOH,BATS,FUND_ETF_ETN,,,,,,,,UNMEASURED,False,
GTOP,NASDAQ,FUND_ETF_ETN,,,,,,,,UNMEASURED,False,
GTOQ,NASDAQ,FUND_ETF_ETN,,,,,,,,UNMEASURED,False,
GTOS,BATS,FUND_ETF_ETN,,,,,,,,UNMEASURED,False,
GTPE,NASDAQ,FUND_ETF_ETN,,,,,,,,UNMEASURED,False,
GTR,NASDAQ,FUND_ETF_ETN,,,,,,,,UNMEASURED,False,
GTX,NASDAQ,ELIGIBLE,25.72,73075199.959,2733791.9,1.0,0.9026,3.9,7.79,D-1,True,1204
GTY,NYSE,ELIGIBLE,28.66,21351953.8825,692033.95,1.0,0.8256,3.5,10.54,D-1,True,2107
GUAC,NASDAQ,ELIGIBLE,9.901,542044.0683299999,54623.7,1.0,0.0026,0.0,,UNMEASURED,False,
GUACU,NASDAQ,UNIT,,,,,,,,UNMEASURED,False,
GUACW,NASDAQ,WARRANT,,,,,,,,UNMEASURED,False,
GUG,NYSE,FUND_ETF_ETN,,,,,,,,UNMEASURED,False,
GUMI,ARCA,FUND_ETF_ETN,,,,,,,,UNMEASURED,False,
GUNR,ARCA,FUND_ETF_ETN,,,,,,,,UNMEASURED,False,
GURE,NASDAQ,ELIGIBLE,3.26,565891.59938,153057.25,1.0,0.0436,0.0,216.38,D-1,False,
GURU,ARCA,FUND_ETF_ETN,,,,,,,,UNMEASURED,False,
GUSA,ARCA,FUND_ETF_ETN,,,,,,,,UNMEASURED,False,
GUSE,NASDAQ,FUND_ETF_ETN,,,,,,,,UNMEASURED,False,
GUSH,ARCA,FUND_ETF_ETN,,,,,,,,UNMEASURED,False,
GUT,NYSE,ELIGIBLE,5.9,1150257.792,185882.7,1.0,0.3949,0.0,25.41,D-1,True,3858
GUT.PRC,NYSE,MALFORMED_OR_NON_COMMON_SYMBOL,,,,,,,,UNMEASURED,False,
GUTS,NASDAQ,ELIGIBLE,0.4856,1118724.375575,1835067.45,1.0,0.7359,13.34,65.81,D-1,False,
GVA,NYSE,ELIGIBLE,115.08,62331711.373,536183.35,1.0,0.5128,0.88,16.4,D-1,True,1316
GVAL,BATS,FUND_ETF_ETN,,,,,,,,UNMEASURED,False,
GVH,NASDAQ,ELIGIBLE,1.08,528321.5165,425812.3,1.0,0.0846,0.0,181.82,D-1,False,
GVHGF,OTC,NOT_TRADABLE,,,,,,,,UNMEASURED,False,
GVI,BATS,FUND_ETF_ETN,,,,,,,,UNMEASURED,False,
GVIP,ARCA,FUND_ETF_ETN,,,,,,,,UNMEASURED,False,
GVLE,NASDAQ,FUND_ETF_ETN,,,,,,,,UNMEASURED,False,
GVLU,ARCA,FUND_ETF_ETN,,,,,,,,UNMEASURED,False,
GVUS,ARCA,FUND_ETF_ETN,,,,,,,,UNMEASURED,False,
GWAV,NASDAQ,ELIGIBLE,2.39,195721.203,59094.65,1.0,0.0179,0.0,,UNMEASURED,False,
GWH,NYSE,ELIGIBLE,0.21,359282.63234999997,1179383.15,1.0,0.9692,93.41,75.28,D-1,False,
GWHWW,OTC,NOT_TRADABLE,,,,,,,,UNMEASURED,False,
GWRE,NYSE,ELIGIBLE,145.56,272620243.9605,1684180.1,1.0,0.841,7.42,23.02,D-1,True,465
GWRS,NASDAQ,ELIGIBLE,8.1,735255.7745,85357.05,1.0,0.141,0.0,37.06,D-1,False,
GWW,NYSE,ELIGIBLE,1243.07,341949841.8835,267257.95,1.0,0.9923,6.41,13.56,D-1,True,377
GWX,ARCA,FUND_ETF_ETN,,,,,,,,UNMEASURED,False,
GXAI,NASDAQ,ELIGIBLE,0.5695,187959.979265,277183.0,1.0,0.2436,0.0,106.91,D-1,False,
GXC,ARCA,FUND_ETF_ETN,,,,,,,,UNMEASURED,False,
GXDW,NASDAQ,FUND_ETF_ETN,,,,,,,,UNMEASURED,False,
GXIG,ARCA,FUND_ETF_ETN,,,,,,,,UNMEASURED,False,
GXLC,ARCA,FUND_ETF_ETN,,,,,,,,UNMEASURED,False,
GXO,NYSE,ELIGIBLE,45.2,62044271.833000004,1343136.25,1.0,0.8282,4.44,14.48,D-1,True,1320
GXPC,ARCA,FUND_ETF_ETN,,,,,,,,UNMEASURED,False,
GXPD,ARCA,FUND_ETF_ETN,,,,,,,,UNMEASURED,False,
GXPE,ARCA,FUND_ETF_ETN,,,,,,,,UNMEASURED,False,
GXPS,ARCA,FUND_ETF_ETN,,,,,,,,UNMEASURED,False,
GXPT,ARCA,FUND_ETF_ETN,,,,,,,,UNMEASURED,False,
GXRP,ARCA,FUND_ETF_ETN,,,,,,,,UNMEASURED,False,
GXUS,ARCA,FUND_ETF_ETN,,,,,,,,UNMEASURED,False,
GXYYY,OTC,NOT_LISTED_EXCHANGE,,,,,,,,UNMEASURED,False,
GYGY,NASDAQ,ELIGIBLE,0.7396,5392022.62552,4841142.0,1.0,0.4359,0.0,154.31,D-1,False,
GYLD,NYSE,FUND_ETF_ETN,,,,,,,,UNMEASURED,False,
GYRE,NASDAQ,ELIGIBLE,7.35,1337769.651,184399.95,1.0,0.2615,0.0,54.75,D-1,True,3772
GYRO,NASDAQ,ELIGIBLE,4.63,14718.592129999999,2961.05,1.0,0.0179,0.0,425.53,D-1,False,
H,NYSE,ELIGIBLE,158.48,128470310.69549999,799096.1,1.0,0.8256,2.7,23.54,D-1,True,847
HACK,ARCA,FUND_ETF_ETN,,,,,,,,UNMEASURED,False,
HACQ,NASDAQ,ELIGIBLE,10.035,664595.9550000001,66039.95,1.0,0.0,,,UNMEASURED,False,
HACQU,NASDAQ,UNIT,,,,,,,,UNMEASURED,False,
HACQW,NASDAQ,WARRANT,,,,,,,,UNMEASURED,False,
HAE,NYSE,ELIGIBLE,105.3,63016952.608500004,600242.9,1.0,0.6026,2.35,36.28,D-1,True,1305
HAFC,NASDAQ,ELIGIBLE,32.1,7336388.8115,230314.4,1.0,0.4872,0.0,7.81,D-1,True,2805
HAFN,NYSE,ELIGIBLE,8.92,26170913.367000002,2859823.15,1.0,0.8821,5.64,11.31,D-1,True,1954
HAIAF,OTC,NOT_TRADABLE,,,,,,,,UNMEASURED,False,
HAIL,ARCA,FUND_ETF_ETN,,,,,,,,UNMEASURED,False,
HAIN,NASDAQ,ELIGIBLE,0.4975,1740517.5135400002,2906987.1,1.0,0.7051,2.05,14.15,D-1,False,
HAIWF,OTC,NOT_TRADABLE,,,,,,,,UNMEASURED,False,
HAKY,ARCA,FUND_ETF_ETN,,,,,,,,UNMEASURED,False,
HAL,NYSE,ELIGIBLE,32.76,381712635.0755,10818422.7,1.0,1.0,7.72,3.08,D-1,True,327
HALO,NASDAQ,ELIGIBLE,113.9,249400987.5815,2247142.45,1.0,0.9282,4.38,13.15,D-1,True,516
HALX,BATS,FUND_ETF_ETN,,,,,,,,UNMEASURED,False,
HAO,NASDAQ,ELIGIBLE,2.9,394549.8485,128319.8,1.0,0.141,0.0,,UNMEASURED,False,
HAP,ARCA,FUND_ETF_ETN,,,,,,,,UNMEASURED,False,
HAPI,ARCA,FUND_ETF_ETN,,,,,,,,UNMEASURED,False,
HAPN,NASDAQ,ELIGIBLE,15.03,22997839.487,1401960.95,1.0,0.8744,6.6,19.89,D-1,True,2054
HAPS,ARCA,FUND_ETF_ETN,,,,,,,,UNMEASURED,False,
HARD,ARCA,FUND_ETF_ETN,,,,,,,,UNMEASURED,False,
HAS,NASDAQ,ELIGIBLE,88.09,140997620.362,1572742.5,1.0,0.9308,4.56,8.56,D-1,True,799
HASI,NYSE,ELIGIBLE,36.44,46371912.8085,1223725.05,1.0,0.7846,2.76,6.92,D-1,True,1547
HAUG,BATS,FUND_ETF_ETN,,,,,,,,UNMEASURED,False,
HAUS,BATS,FUND_ETF_ETN,,,,,,,,UNMEASURED,False,
HAUZ,ARCA,FUND_ETF_ETN,,,,,,,,UNMEASURED,False,
HAVA,NASDAQ,ELIGIBLE,10.22,749175.345,73340.6,1.0,0.0,,,UNMEASURED,False,
HAVAR,NASDAQ,RIGHT,,,,,,,,UNMEASURED,False,
HAVAU,NASDAQ,UNIT,,,,,,,,UNMEASURED,False,
HAWG,ARCA,FUND_ETF_ETN,,,,,,,,UNMEASURED,False,
HAWK,NYSE,ELIGIBLE,16.1,25542061.148500003,1511302.85,1.0,0.6897,3.1,34.07,D-1,True,1970
HAWX,ARCA,FUND_ETF_ETN,,,,,,,,UNMEASURED,False,
HAYW,NYSE,ELIGIBLE,12.63,46224269.2615,3550738.1,1.0,0.9949,7.89,7.92,D-1,True,1554
HBAN,NASDAQ,ELIGIBLE,15.64,480171732.47574997,29669808.0,1.0,1.0,7.74,6.42,D-1,True,253
HBANL,NASDAQ,PREFERRED,,,,,,,,UNMEASURED,False,
HBANM,NASDAQ,PREFERRED,,,,,,,,UNMEASURED,False,
HBANP,NASDAQ,PREFERRED,,,,,,,,UNMEASURED,False,
HBANZ,NASDAQ,PREFERRED,,,,,,,,UNMEASURED,False,
HBB,NYSE,ELIGIBLE,37.26,2595145.8115000003,81034.95,1.0,0.259,0.0,90.83,D-1,True,3400
HBCP,NASDAQ,ELIGIBLE,67.6,4187984.9875,60887.7,1.0,0.1487,0.0,73.83,D-1,True,3154
HBDC,NASDAQ,FUND_ETF_ETN,,,,,,,,UNMEASURED,False,
HBIL,ARCA,FUND_ETF_ETN,,,,,,,,UNMEASURED,False,
HBIO,NASDAQ,ELIGIBLE,7.96,143530.45049999998,17847.7,1.0,0.0333,0.0,100.5,D-1,False,
HBIT,ARCA,FUND_ETF_ETN,,,,,,,,UNMEASURED,False,
HBM,NYSE,ELIGIBLE,26.63,104528233.136,3852903.65,1.0,0.9897,7.58,3.77,D-1,True,965
HBMX,BATS,FUND_ETF_ETN,,,,,,,,UNMEASURED,False,
HBNB,NASDAQ,ELIGIBLE,4.7201,21231.84696,4314.05,1.0,0.0,,,UNMEASURED,False,
HBNC,NASDAQ,ELIGIBLE,19.28,10152798.901,520437.05,1.0,0.7718,2.59,5.18,D-1,True,2608
HBR,NASDAQ,FUND_ETF_ETN,,,,,,,,UNMEASURED,False,
HBRD,ARCA,FUND_ETF_ETN,,,,,,,,UNMEASURED,False,
HBT,NASDAQ,ELIGIBLE,36.25,4523486.264,125599.45,1.0,0.1744,0.0,40.34,D-1,True,3106
HBTA,ARCA,FUND_ETF_ETN,,,,,,,,UNMEASURED,False,
HBTC,BATS,FUND_ETF_ETN,,,,,,,,UNMEASURED,False,
HCA,NYSE,ELIGIBLE,435.61,652789412.7815,1546589.85,1.0,1.0,6.24,7.57,D-1,True,181
HCAC,NASDAQ,ELIGIBLE,10.12,743415.8595,73552.95,1.0,0.2462,0.0,9.88,D-1,False,
HCACR,NASDAQ,RIGHT,,,,,,,,UNMEASURED,False,
HCACU,NASDAQ,UNIT,,,,,,,,UNMEASURED,False,
HCAI,NASDAQ,ELIGIBLE,0.5201,1296431.989105,1294054.9,1.0,0.1744,0.0,245.24,D-1,False,
HCAT,NASDAQ,ELIGIBLE,1.74,794529.5179999999,456163.45,1.0,0.241,0.0,57.48,D-1,False,
HCC,NYSE,ELIGIBLE,89.51,59074465.452,617198.25,1.0,0.4359,3.37,25.14,D-1,True,1370
HCDPQ,OTC,NOT_TRADABLE,,,,,,,,UNMEASURED,False,
HCHL,NASDAQ,ELIGIBLE,3.96,0.0,0.0,1.0,0.0,,,UNMEASURED,False,
HCI,NYSE,ELIGIBLE,174.94,29895796.386,161639.3,1.0,0.2692,1.71,52.5,D-1,True,1858
HCIC,NASDAQ,ELIGIBLE,9.98,271585.427,27205.65,1.0,0.0026,0.0,,UNMEASURED,False,
HCICR,NASDAQ,RIGHT,,,,,,,,UNMEASURED,False,
HCICU,NASDAQ,UNIT,,,,,,,,UNMEASURED,False,
HCKT,NASDAQ,ELIGIBLE,10.03,2181029.8765000002,200853.1,1.0,0.3538,0.0,24.56,D-1,True,3498
HCM,NASDAQ,ELIGIBLE,13.94,1310312.668,95836.9,1.0,0.1205,0.0,120.28,D-1,True,3781
HCMA,NASDAQ,ELIGIBLE,10.3,295104.828,28675.1,1.0,0.0051,0.0,,UNMEASURED,False,
HCMAU,NASDAQ,UNIT,,,,,,,,UNMEASURED,False,
HCMAW,NASDAQ,WARRANT,,,,,,,,UNMEASURED,False,
HCMT,ARCA,FUND_ETF_ETN,,,,,,,,UNMEASURED,False,
HCOW,NASDAQ,FUND_ETF_ETN,,,,,,,,UNMEASURED,False,
HCRB,BATS,FUND_ETF_ETN,,,,,,,,UNMEASURED,False,
HCSG,NASDAQ,ELIGIBLE,21.05,14625782.86,675236.05,1.0,0.5051,0.05,16.72,D-1,True,2362
HCTI,NASDAQ,ELIGIBLE,0.778,2810756.004885,3143738.5,1.0,0.7,1.41,129.57,D-1,False,
HCVIU,OTC,NOT_TRADABLE,,,,,,,,UNMEASURED,False,
HCWB,NASDAQ,ELIGIBLE,1.93,2071932.27825,963087.35,1.0,0.4821,0.0,161.3,D-1,True,3540
HCXY,NYSE,NOTE_DEBT,,,,,,,,UNMEASURED,False,
HD,NYSE,ELIGIBLE,293.2,1382474418.0584998,4507333.25,1.0,1.0,6.55,3.92,D-1,True,75
HDB,NYSE,ELIGIBLE,23.01,259303748.56849998,11292809.15,1.0,0.9949,4.35,4.36,D-1,True,496
HDEF,ARCA,FUND_ETF_ETN,,,,,,,,UNMEASURED,False,
HDG,ARCA,FUND_ETF_ETN,,,,,,,,UNMEASURED,False,
HDGE,ARCA,FUND_ETF_ETN,,,,,,,,UNMEASURED,False,
HDL,NASDAQ,ELIGIBLE,11.745,8062.2168950000005,666.45,1.0,0.0,,,UNMEASURED,False,
HDLB,ARCA,FUND_ETF_ETN,,,,,,,,UNMEASURED,False,
HDMV,ARCA,FUND_ETF_ETN,,,,,,,,UNMEASURED,False,
HDRN,NASDAQ,ELIGIBLE,1.37,156630.3445,92181.95,1.0,0.0795,0.0,294.68,D-1,False,
HDRNW,NASDAQ,WARRANT,,,,,,,,UNMEASURED,False,
HDSN,NASDAQ,ELIGIBLE,5.16,2401160.5352499997,457099.5,1.0,0.4359,0.0,19.3,D-1,True,3451
HDUS,ARCA,FUND_ETF_ETN,,,,,,,,UNMEASURED,False,
HDV,ARCA,FUND_ETF_ETN,,,,,,,,UNMEASURED,False,
HE,NYSE,ELIGIBLE,9.1,29913313.7515,2919324.3,1.0,0.9641,5.52,11.01,D-1,True,1855
HEAL,NASDAQ,FUND_ETF_ETN,,,,,,,,UNMEASURED,False,
HECA,ARCA,FUND_ETF_ETN,,,,,,,,UNMEASURED,False,
HECO,NASDAQ,FUND_ETF_ETN,,,,,,,,UNMEASURED,False,
HEDG,ARCA,FUND_ETF_ETN,,,,,,,,UNMEASURED,False,
HEDJ,ARCA,FUND_ETF_ETN,,,,,,,,UNMEASURED,False,
HEEM,BATS,FUND_ETF_ETN,,,,,,,,UNMEASURED,False,
HEFA,BATS,FUND_ETF_ETN,,,,,,,,UNMEASURED,False,
HEFT,ARCA,FUND_ETF_ETN,,,,,,,,UNMEASURED,False,
HEGD,BATS,FUND_ETF_ETN,,,,,,,,UNMEASURED,False,
HEI,NYSE,ELIGIBLE,308.53,153280892.46600002,490346.0,1.0,0.8769,5.51,14.9,D-1,True,749
HEI.A,NYSE,ELIGIBLE,232.02,77609634.8015,336472.55,1.0,0.4333,1.51,43.2,D-1,True,1152
HEINY,OTC,NOT_LISTED_EXCHANGE,,,,,,,,UNMEASURED,False,
HELE,NASDAQ,ELIGIBLE,28.63,11631913.0905,413253.8,1.0,0.5256,0.87,27.32,D-1,True,2509
HELO,ARCA,FUND_ETF_ETN,,,,,,,,UNMEASURED,False,
HELP,NASDAQ,ELIGIBLE,12.61,23405696.06,1818288.85,1.0,0.8436,9.69,39.13,D-1,True,2041
HELS,ARCA,FUND_ETF_ETN,,,,,,,,UNMEASURED,False,
HELX,BATS,FUND_ETF_ETN,,,,,,,,UNMEASURED,False,
HEMI,BATS,FUND_ETF_ETN,,,,,,,,UNMEASURED,False,
HENKY,OTC,NOT_LISTED_EXCHANGE,,,,,,,,UNMEASURED,False,
HEPA,OTC,NOT_TRADABLE,,,,,,,,UNMEASURED,False,
HEPS,NASDAQ,ELIGIBLE,2.51,1486929.80175,570702.3,1.0,0.4103,0.0,39.92,D-1,True,3701
HEQ,NYSE,FUND_ETF_ETN,,,,,,,,UNMEASURED,False,
HEQQ,NASDAQ,FUND_ETF_ETN,,,,,,,,UNMEASURED,False,
HEQT,ARCA,FUND_ETF_ETN,,,,,,,,UNMEASURED,False,
HERD,NASDAQ,FUND_ETF_ETN,,,,,,,,UNMEASURED,False,
HERE,NASDAQ,ELIGIBLE,1.69,47868.501000000004,26512.45,1.0,0.0256,0.0,269.01,D-1,False,
HERO,NASDAQ,FUND_ETF_ETN,,,,,,,,UNMEASURED,False,
HERZ,NASDAQ,FUND_ETF_ETN,,,,,,,,UNMEASURED,False,
HESAY,OTC,NOT_LISTED_EXCHANGE,,,,,,,,UNMEASURED,False,
HESM,NYSE,ELIGIBLE,38.25,54341088.58099999,1368584.4,1.0,0.8949,3.95,10.53,D-1,True,1427
HEWJ,ARCA,FUND_ETF_ETN,,,,,,,,UNMEASURED,False,
HEZU,ARCA,FUND_ETF_ETN,,,,,,,,UNMEASURED,False,
HF,NYSE,FUND_ETF_ETN,,,,,,,,UNMEASURED,False,
HFBL,NASDAQ,ELIGIBLE,24.8,21335.4025,843.45,1.0,0.0026,0.0,408.16,D-1,False,
HFEQ,NYSE,FUND_ETF_ETN,,,,,,,,UNMEASURED,False,
HFFG,NASDAQ,ELIGIBLE,1.59,127712.755,77410.65,1.0,0.1769,0.0,130.3,D-1,False,
HFGM,NYSE,FUND_ETF_ETN,,,,,,,,UNMEASURED,False,
HFGO,BATS,FUND_ETF_ETN,,,,,,,,UNMEASURED,False,
HFMF,NYSE,FUND_ETF_ETN,,,,,,,,UNMEASURED,False,
HFND,NYSE,FUND_ETF_ETN,,,,,,,,UNMEASURED,False,
HFRO,NYSE,FUND_ETF_ETN,,,,,,,,UNMEASURED,False,
HFRO.PRA,NYSE,MALFORMED_OR_NON_COMMON_SYMBOL,,,,,,,,UNMEASURED,False,
HFRO.PRB,NYSE,MALFORMED_OR_NON_COMMON_SYMBOL,,,,,,,,UNMEASURED,False,
HFSI,BATS,FUND_ETF_ETN,,,,,,,,UNMEASURED,False,
HFSP,NASDAQ,FUND_ETF_ETN,,,,,,,,UNMEASURED,False,
HFWA,NASDAQ,ELIGIBLE,28.57,12348925.545,433992.15,1.0,0.5179,0.0,7.03,D-1,True,2473
HFXI,ARCA,FUND_ETF_ETN,,,,,,,,UNMEASURED,False,
HG,NYSE,ELIGIBLE,33.29,14054462.5995,404669.25,1.0,0.5436,0.0,13.58,D-1,True,2387
HGAS,OTC,NOT_TRADABLE,,,,,,,,UNMEASURED,False,
HGASW,OTC,NOT_TRADABLE,,,,,,,,UNMEASURED,False,
HGBL,NASDAQ,ELIGIBLE,1.33,162660.5085,121160.5,1.0,0.041,0.0,149.25,D-1,False,
HGER,NYSE,FUND_ETF_ETN,,,,,,,,UNMEASURED,False,
HGLB,NYSE,FUND_ETF_ETN,,,,,,,,UNMEASURED,False,
HGRO,ARCA,FUND_ETF_ETN,,,,,,,,UNMEASURED,False,
HGTY,NYSE,ELIGIBLE,13.59,8732024.013,643397.15,1.0,0.2667,0.0,44.12,D-1,True,2698
HGV,NYSE,ELIGIBLE,35.77,40828227.421000004,1065501.4,1.0,0.7744,2.85,14.18,D-1,True,1647
HHH,NYSE,ELIGIBLE,68.43,45623034.8815,718367.9,1.0,0.8308,5.84,15.7,D-1,True,1570
HHS,NASDAQ,ELIGIBLE,4.6,459458.32050000003,104274.55,1.0,0.0692,0.0,86.29,D-1,False,
HIAI,BATS,FUND_ETF_ETN,,,,,,,,UNMEASURED,False,
HIBL,ARCA,FUND_ETF_ETN,,,,,,,,UNMEASURED,False,
HIBS,ARCA,FUND_ETF_ETN,,,,,,,,UNMEASURED,False,
HIDE,NASDAQ,FUND_ETF_ETN,,,,,,,,UNMEASURED,False,
HIDV,ARCA,FUND_ETF_ETN,,,,,,,,UNMEASURED,False,
HIFS,NASDAQ,NOT_SEC_REGISTRANT_TICKER,,,,,,,,UNMEASURED,False,
HIG,NYSE,ELIGIBLE,124.23,216244288.354,1619042.25,1.0,0.941,3.22,6.82,D-1,True,582
HIG.PRG,NYSE,MALFORMED_OR_NON_COMMON_SYMBOL,,,,,,,,UNMEASURED,False,
HIGH,ARCA,FUND_ETF_ETN,,,,,,,,UNMEASURED,False,
HIHO,NASDAQ,ELIGIBLE,0.9098,38726.532934999996,42223.3,1.0,0.0564,0.0,246.61,D-1,False,
HII,NYSE,ELIGIBLE,264.02,125728414.8395,450246.9,1.0,0.8923,3.79,14.61,D-1,True,859
HIMC,BATS,FUND_ETF_ETN,,,,,,,,UNMEASURED,False,
HIMS,NYSE,ELIGIBLE,29.42,279948839.1285,9785409.0,1.0,1.0,16.31,6.9,D-1,True,455
HIMU,BATS,FUND_ETF_ETN,,,,,,,,UNMEASURED,False,
HIMX,NASDAQ,ELIGIBLE,14.44,13398559.1735,959721.8,1.0,0.7667,3.46,6.96,D-1,True,2419
HIMZ,NASDAQ,FUND_ETF_ETN,,,,,,,,UNMEASURED,False,
HIND,NASDAQ,ELIGIBLE,2.04,42490.08555,20605.05,1.0,0.0179,0.0,,UNMEASURED,False,
HIO,NYSE,FUND_ETF_ETN,,,,,,,,UNMEASURED,False,
HIPO,NYSE,ELIGIBLE,30.61,6092619.5185,190101.0,1.0,0.2538,6.53,73.09,D-1,True,2923
HIPOW,OTC,NOT_TRADABLE,,,,,,,,UNMEASURED,False,
HIPS,ARCA,FUND_ETF_ETN,,,,,,,,UNMEASURED,False,
HIS,NASDAQ,FUND_ETF_ETN,,,,,,,,UNMEASURED,False,
HISF,NASDAQ,FUND_ETF_ETN,,,,,,,,UNMEASURED,False,
HIT,NASDAQ,ELIGIBLE,0.86,49914.650215,55167.35,1.0,0.0564,0.0,686.33,D-1,False,
HITI,NASDAQ,ELIGIBLE,2.79,2227341.541,847002.8,1.0,0.6667,0.0,36.23,D-1,True,3488
HIVE,NASDAQ,ELIGIBLE,3.16,41479237.44275,13416027.9,1.0,0.9974,31.15,31.65,D-1,True,1631
HIW,NYSE,ELIGIBLE,30.09,36567846.916,1195218.2,1.0,0.8436,3.31,13.32,D-1,True,1727
HIX,NYSE,FUND_ETF_ETN,,,,,,,,UNMEASURED,False,
HIYY,ARCA,FUND_ETF_ETN,,,,,,,,UNMEASURED,False,
HJLY,BATS,FUND_ETF_ETN,,,,,,,,UNMEASURED,False,
HJUN,BATS,FUND_ETF_ETN,,,,,,,,UNMEASURED,False,
HKD,NYSE,ELIGIBLE,1.68,156312.808,91760.7,1.0,0.2103,0.0,59.0,D-1,False,
HKHHY,OTC,NOT_LISTED_EXCHANGE,,,,,,,,UNMEASURED,False,
HKIT,NASDAQ,NOT_TRADABLE,,,,,,,,UNMEASURED,False,
HKPD,NASDAQ,ELIGIBLE,0.1118,1556914.4010949999,10192655.1,1.0,0.2436,0.0,105.27,D-1,False,
HKXCY,OTC,NOT_LISTED_EXCHANGE,,,,,,,,UNMEASURED,False,
HL,NYSE,ELIGIBLE,18.19,678395323.125,35346947.95,1.0,1.0,11.38,5.51,D-1,True,170
HL.PRB,NYSE,MALFORMED_OR_NON_COMMON_SYMBOL,,,,,,,,UNMEASURED,False,
HLAL,NASDAQ,FUND_ETF_ETN,,,,,,,,UNMEASURED,False,
HLF,NYSE,ELIGIBLE,12.55,21747786.4435,1823180.45,1.0,0.7897,4.1,8.09,D-1,True,2091
HLGN,OTC,NOT_TRADABLE,,,,,,,,UNMEASURED,False,
HLI,NYSE,ELIGIBLE,129.07,117142279.7145,880509.65,1.0,0.8179,4.32,11.77,D-1,True,898
HLIO,NYSE,ELIGIBLE,68.64,25092002.023500003,360980.75,1.0,0.5769,1.45,26.3,D-1,True,1992
HLIT,NASDAQ,ELIGIBLE,11.01,16581853.27125,1449227.35,1.0,0.8051,4.49,9.02,D-1,True,2266
HLLY,NYSE,ELIGIBLE,2.47,3393479.2730000005,1264943.2,1.0,0.7872,0.0,40.0,D-1,True,3264
HLMN,NASDAQ,ELIGIBLE,7.05,14152872.8875,1946611.15,1.0,0.8385,7.06,14.2,D-1,True,2382
HLN,NYSE,ELIGIBLE,9.26,181754563.716,19363182.6,1.0,0.9974,5.46,10.89,D-1,True,671
HLNE,NASDAQ,ELIGIBLE,86.21,59348755.014,629938.2,1.0,0.7538,4.66,17.43,D-1,True,1366
HLP,NASDAQ,ELIGIBLE,2.21,224619.58075000002,132723.05,1.0,0.2487,0.0,135.75,D-1,False,
HLPPY,OTC,NOT_TRADABLE,,,,,,,,UNMEASURED,False,
HLSQ,AMEX,ELIGIBLE,0.528,1106645.115705,1045518.6,1.0,0.4,48.04,212.51,D-1,False,
HLT,NYSE,ELIGIBLE,313.96,526498129.22349995,1701884.65,1.0,0.9923,5.25,6.41,D-1,True,228
HLTH,NASDAQ,FUND_ETF_ETN,,,,,,,,UNMEASURED,False,
HLTHQ,OTC,NOT_TRADABLE,,,,,,,,UNMEASURED,False,
HLXC,NASDAQ,ELIGIBLE,10.94,451677.01914999995,41540.45,1.0,0.0,,,UNMEASURED,False,
HMAY,BATS,FUND_ETF_ETN,,,,,,,,UNMEASURED,False,
HMC,NYSE,ELIGIBLE,32.93,26990878.0145,837241.55,1.0,0.9,1.53,3.04,D-1,True,1932
HMH,NASDAQ,ELIGIBLE,19.16,3609210.8745,186645.95,1.0,0.4077,0.0,92.73,D-1,True,3226
HMN,NYSE,ELIGIBLE,45.35,16729953.0475,342491.75,1.0,0.4436,0.0,15.3,D-1,True,2258
HMNY,OTC,NOT_TRADABLE,,,,,,,,UNMEASURED,False,
HMOP,ARCA,FUND_ETF_ETN,,,,,,,,UNMEASURED,False,
HMR,NASDAQ,ELIGIBLE,1.77,302503.58999999997,182958.9,1.0,0.1615,0.0,82.8,D-1,False,
HMY,NYSE,ELIGIBLE,18.97,84449955.138,4275131.85,1.0,0.9487,5.31,5.3,D-1,True,1097
HMYY,NASDAQ,FUND_ETF_ETN,,,,,,,,UNMEASURED,False,
HNDL,NASDAQ,FUND_ETF_ETN,,,,,,,,UNMEASURED,False,
HNGE,NYSE,ELIGIBLE,95.57,182116320.249,1975286.45,1.0,0.8615,9.51,31.82,D-1,True,670
HNI,NYSE,ELIGIBLE,47.21,28106833.477999996,595121.75,1.0,0.7,2.12,10.64,D-1,True,1905
HNNA,NASDAQ,ELIGIBLE,10.18,83972.325065,8178.2,1.0,0.0103,0.0,156.4,D-1,False,
HNPIY,OTC,NOT_TRADABLE,,,,,,,,UNMEASURED,False,
HNRG,NASDAQ,ELIGIBLE,14.72,10566815.965,684398.8,1.0,0.5256,0.0,31.04,D-1,True,2583
HNST,NASDAQ,ELIGIBLE,5.29,11203972.562,2031092.45,1.0,0.8846,9.4,18.98,D-1,True,2537
HNVR,NASDAQ,ELIGIBLE,26.51,1014690.8755000001,37788.55,1.0,0.241,0.0,67.18,D-1,True,3920
HOCPY,OTC,NOT_LISTED_EXCHANGE,,,,,,,,UNMEASURED,False,
HODL,BATS,FUND_ETF_ETN,,,,,,,,UNMEASURED,False,
HODO,NASDAQ,ELIGIBLE,0.1697,158040.75207,827163.05,1.0,0.1179,0.0,122.84,D-1,False,
HODU,NASDAQ,FUND_ETF_ETN,,,,,,,,UNMEASURED,False,
HOFT,NASDAQ,ELIGIBLE,13.14,699612.9245,53402.1,1.0,0.0308,0.0,187.09,D-1,False,
HOFV,OTC,NOT_TRADABLE,,,,,,,,UNMEASURED,False,
HOG,NYSE,ELIGIBLE,25.45,45706719.19,1704266.05,1.0,0.9795,7.85,9.81,D-1,True,1566
HOLA,ARCA,FUND_ETF_ETN,,,,,,,,UNMEASURED,False,
HOLD,ARCA,FUND_ETF_ETN,,,,,,,,UNMEASURED,False,
HOLO,NASDAQ,NOT_TRADABLE,,,,,,,,UNMEASURED,False,
HOLOW,NASDAQ,WARRANT,,,,,,,,UNMEASURED,False,
HOMB,NYSE,ELIGIBLE,29.19,45853097.2495,1547445.3,1.0,0.9077,3.41,3.42,D-1,True,1562
HOMZ,ARCA,FUND_ETF_ETN,,,,,,,,UNMEASURED,False,
HON,NASDAQ,ELIGIBLE,212.55,665757803.523,3200235.7,1.0,0.9744,4.29,7.43,D-1,True,176
HONA,NASDAQ,ELIGIBLE,158.78,671405368.529,4174002.55,1.0,0.9974,9.41,14.94,D-1,True,173
HONG,BATS,FUND_ETF_ETN,,,,,,,,UNMEASURED,False,
HOOC,BATS,FUND_ETF_ETN,,,,,,,,UNMEASURED,False,
HOOD,NASDAQ,ELIGIBLE,119.4,2662971504.5435,23077347.2,1.0,1.0,11.78,3.79,D-1,True,33
HOOG,NASDAQ,FUND_ETF_ETN,,,,,,,,UNMEASURED,False,
HOOW,BATS,FUND_ETF_ETN,,,,,,,,UNMEASURED,False,
HOOX,NASDAQ,FUND_ETF_ETN,,,,,,,,UNMEASURED,False,
HOOY,ARCA,FUND_ETF_ETN,,,,,,,,UNMEASURED,False,
HOPE,NASDAQ,ELIGIBLE,13.83,12064441.18,868183.9,1.0,0.7333,3.6,7.22,D-1,True,2486
HOS,NYSE,ELIGIBLE,8.19,24257818.717,2666149.45,1.0,0.8205,6.08,12.21,D-1,True,2020
HOST,AMEX,ELIGIBLE,6.14,1473472.8133999999,160207.45,1.0,0.6897,0.0,216.94,D-1,True,3705
HOUR,NASDAQ,ELIGIBLE,1.74,17475.006385,9610.2,1.0,0.0128,0.0,,UNMEASURED,False,
HOV,NYSE,ELIGIBLE,115.15,13598469.225499999,114827.4,1.0,0.1564,0.87,93.08,D-1,True,2409
HOVNP,NASDAQ,PREFERRED,,,,,,,,UNMEASURED,False,
HOVR,NASDAQ,ELIGIBLE,1.73,932489.91425,558252.5,1.0,0.5949,0.0,57.97,D-1,False,
HOVRW,NASDAQ,WARRANT,,,,,,,,UNMEASURED,False,
HOWL,NASDAQ,ELIGIBLE,0.9599,860205.8743799999,894885.85,1.0,0.3821,0.0,22.76,D-1,False,
HOYY,NASDAQ,FUND_ETF_ETN,,,,,,,,UNMEASURED,False,
HP,NYSE,ELIGIBLE,38.57,53494916.885000005,1243595.55,1.0,0.7718,3.87,11.47,D-1,True,1439
HPAI,NASDAQ,ELIGIBLE,0.3146,518273.6844400001,1726175.05,1.0,0.2051,0.0,253.5,D-1,False,
HPAIW,NASDAQ,WARRANT,,,,,,,,UNMEASURED,False,
HPCO,OTC,NOT_TRADABLE,,,,,,,,UNMEASURED,False,
HPE,NYSE,ELIGIBLE,62.94,1595563665.6504998,28156732.45,1.0,1.0,13.86,5.46,D-1,True,61
HPE.PRC,NYSE,MALFORMED_OR_NON_COMMON_SYMBOL,,,,,,,,UNMEASURED,False,
HPEL,BATS,FUND_ETF_ETN,,,,,,,,UNMEASURED,False,
HPF,NYSE,FUND_ETF_ETN,,,,,,,,UNMEASURED,False,
HPI,NYSE,FUND_ETF_ETN,,,,,,,,UNMEASURED,False,
HPK,NASDAQ,ELIGIBLE,7.56,4222391.054500001,516515.7,1.0,0.5795,0.0,26.22,D-1,True,3150
HPP,NYSE,ELIGIBLE,11.65,7629880.352,628982.3,1.0,0.6769,0.0,25.76,D-1,True,2788
HPP.PRC,NYSE,MALFORMED_OR_NON_COMMON_SYMBOL,,,,,,,,UNMEASURED,False,
HPQ,NYSE,ELIGIBLE,31.3,543741218.959,16631977.35,1.0,1.0,9.59,3.18,D-1,True,220
HPS,NYSE,FUND_ETF_ETN,,,,,,,,UNMEASURED,False,
HQ,NASDAQ,ELIGIBLE,15.59,6961395.111,511243.5,1.0,0.359,0.0,183.62,D-1,True,2838
HQDG,NASDAQ,FUND_ETF_ETN,,,,,,,,UNMEASURED,False,
HQGO,NASDAQ,FUND_ETF_ETN,,,,,,,,UNMEASURED,False,
HQH,NYSE,ELIGIBLE,21.24,2894865.049,131742.05,1.0,0.3051,0.0,32.95,D-1,True,3346
HQI,NASDAQ,ELIGIBLE,20.04,480300.70200000005,27090.0,1.0,0.2872,0.0,260.83,D-1,False,
HQL,NYSE,ELIGIBLE,18.97,2570498.6745,128335.85,1.0,0.4154,0.0,34.27,D-1,True,3409
HQWWW,NASDAQ,WARRANT,,,,,,,,UNMEASURED,False,
HQY,NASDAQ,ELIGIBLE,88.25,86601089.8775,917362.4,1.0,0.9077,6.25,23.57,D-1,True,1078
HR,NYSE,ELIGIBLE,18.05,75757271.70199999,4070958.45,1.0,0.9923,5.54,5.62,D-1,True,1168
HRB,NYSE,ELIGIBLE,42.19,89425313.4415,1952827.55,1.0,0.9769,7.13,8.37,D-1,True,1056
HRI,NYSE,ELIGIBLE,135.36,124274529.353,892330.3,1.0,0.641,2.82,29.21,D-1,True,870
HRL,NYSE,ELIGIBLE,19.71,105616590.72150001,5025188.75,1.0,0.9974,5.13,5.11,D-1,True,958
HRMY,NASDAQ,ELIGIBLE,41.26,45882372.178500004,1100375.85,1.0,0.7231,2.44,10.96,D-1,True,1561
HROW,NASDAQ,ELIGIBLE,33.07,18973734.759,542507.95,1.0,0.5641,0.0,23.54,D-1,True,2185
HRSK,ARCA,FUND_ETF_ETN,,,,,,,,UNMEASURED,False,
HRTG,NYSE,ELIGIBLE,33.27,9629150.491,281149.05,1.0,0.3333,0.0,18.11,D-1,True,2638
HRTS,NASDAQ,FUND_ETF_ETN,,,,,,,,UNMEASURED,False,
HRTX,NASDAQ,ELIGIBLE,0.2942,628228.422705,2057017.85,1.0,0.859,10.22,6.8,D-1,False,
HRZN,NASDAQ,ELIGIBLE,4.63,2987991.4850000003,630632.75,1.0,0.4462,0.0,21.81,D-1,True,3327
HSAI,NASDAQ,ELIGIBLE,16.25,22302557.9415,1296568.65,1.0,0.7795,3.08,15.48,D-1,True,2069
HSBC,NYSE,ELIGIBLE,100.95,137549296.10250002,1333740.95,1.0,0.9487,2.48,1.98,D-1,True,815
HSBH,ARCA,NOT_SEC_REGISTRANT_TICKER,,,,,,,,UNMEASURED,False,
HSCS,NASDAQ,ELIGIBLE,4.73,630835.2455,150963.6,1.0,0.1846,0.0,488.71,D-1,False,
HSCSW,NASDAQ,WARRANT,,,,,,,,UNMEASURED,False,
HSCZ,ARCA,FUND_ETF_ETN,,,,,,,,UNMEASURED,False,
HSDT,NASDAQ,ELIGIBLE,2.94,1427575.548,541035.15,1.0,0.4359,0.0,121.56,D-1,True,3727
HSEP,BATS,FUND_ETF_ETN,,,,,,,,UNMEASURED,False,
HSHCY,OTC,NOT_LISTED_EXCHANGE,,,,,,,,UNMEASURED,False,
HSHP,NYSE,ELIGIBLE,17.54,9199261.4935,504731.85,1.0,0.5795,0.0,42.84,D-1,True,2665
HSIC,NASDAQ,ELIGIBLE,86.37,97475638.65400001,1117679.1,1.0,0.9128,4.63,8.14,D-1,True,1007
HSLV,AMEX,ELIGIBLE,5.34,3753236.8795000003,677923.3,1.0,0.7179,0.0,18.64,D-1,True,3212
HSMV,ARCA,FUND_ETF_ETN,,,,,,,,UNMEASURED,False,
HSPOF,OTC,NOT_TRADABLE,,,,,,,,UNMEASURED,False,
HSPRF,OTC,NOT_TRADABLE,,,,,,,,UNMEASURED,False,
HSPUF,OTC,NOT_TRADABLE,,,,,,,,UNMEASURED,False,
HSPWF,OTC,NOT_TRADABLE,,,,,,,,UNMEASURED,False,
HSQVY,OTC,NOT_LISTED_EXCHANGE,,,,,,,,UNMEASURED,False,
HST,NASDAQ,ELIGIBLE,22.42,176523434.6965,7998959.5,1.0,0.9974,4.52,4.49,D-1,True,683
HSTM,NASDAQ,ELIGIBLE,29.1,5813592.1505,199011.25,1.0,0.2872,0.0,51.83,D-1,True,2965
HSY,NYSE,ELIGIBLE,166.37,245229906.027,1427346.8,1.0,0.8769,3.0,11.06,D-1,True,524
HTAB,ARCA,FUND_ETF_ETN,,,,,,,,UNMEASURED,False,
HTAX,ARCA,FUND_ETF_ETN,,,,,,,,UNMEASURED,False,
HTB,NYSE,ELIGIBLE,46.19,10725418.941,227127.55,1.0,0.241,0.0,36.97,D-1,True,2575
HTCO,NASDAQ,ELIGIBLE,2.28,142140.3735,61409.5,1.0,0.0282,0.0,,UNMEASURED,False,
HTCR,NASDAQ,ELIGIBLE,2.1357,31423.29033,14817.2,1.0,0.0077,0.0,400.44,D-1,False,
HTD,NYSE,FUND_ETF_ETN,,,,,,,,UNMEASURED,False,
HTEC,ARCA,FUND_ETF_ETN,,,,,,,,UNMEASURED,False,
HTFC,NYSE,NOTE_DEBT,,,,,,,,UNMEASURED,False,
HTFL,NASDAQ,ELIGIBLE,49.17,100433741.328,2044804.35,1.0,0.7538,6.1,34.71,D-1,True,989
HTGC,NYSE,ELIGIBLE,16.97,22153873.808000002,1267469.2,1.0,0.8744,2.96,5.95,D-1,True,2075
HTGMQ,OTC,NOT_TRADABLE,,,,,,,,UNMEASURED,False,
HTH,NYSE,ELIGIBLE,38.56,13380747.51,346692.85,1.0,0.3538,0.0,10.36,D-1,True,2421
HTHIY,OTC,NOT_LISTED_EXCHANGE,,,,,,,,UNMEASURED,False,
HTHT,NASDAQ,ELIGIBLE,42.0,60464801.4545,1363845.6,1.0,0.7308,2.38,7.15,D-1,True,1347
HTLD,NASDAQ,ELIGIBLE,11.3,9246562.683,771175.85,1.0,0.7692,4.42,13.3,D-1,True,2659
HTLM,NASDAQ,ELIGIBLE,1.78,5430.416005,2986.3,1.0,0.0,,,UNMEASURED,False,
HTO,NASDAQ,ELIGIBLE,62.27,29609942.421499997,469259.85,1.0,0.4103,0.0,10.53,D-1,True,1864
HTOO,NASDAQ,ELIGIBLE,2.04,305922.590845,128564.35,1.0,0.0436,0.0,402.01,D-1,False,
HTRB,ARCA,FUND_ETF_ETN,,,,,,,,UNMEASURED,False,
HTT,NYSE,ELIGIBLE,2.41,197294.6115,77668.6,1.0,0.0846,0.0,82.64,D-1,False,
HTUS,BATS,FUND_ETF_ETN,,,,,,,,UNMEASURED,False,
HTZ,NASDAQ,ELIGIBLE,1.74,28129429.031,13791297.3,1.0,0.9974,38.66,57.64,D-1,True,1903
HTZWW,NASDAQ,WARRANT,,,,,,,,UNMEASURED,False,
HUBB,NYSE,ELIGIBLE,466.62,217990849.056,480638.45,1.0,0.7897,4.66,16.33,D-1,True,575
HUBC,NASDAQ,ELIGIBLE,1.9,791838.71415,181317.95,1.0,0.7359,42.57,127.38,D-1,False,
HUBCW,NASDAQ,WARRANT,,,,,,,,UNMEASURED,False,
HUBCZ,NASDAQ,WARRANT,,,,,,,,UNMEASURED,False,
HUBG,NASDAQ,ELIGIBLE,30.34,46085176.427499995,1330176.45,1.0,0.7256,3.31,13.12,D-1,True,1558
HUBS,NYSE,ELIGIBLE,213.74,388890497.1125,1689766.1,1.0,0.9821,11.08,29.84,D-1,True,322
HUCK,NASDAQ,NOT_SEC_REGISTRANT_TICKER,,,,,,,,UNMEASURED,False,
HUDI,NASDAQ,NOT_TRADABLE,,,,,,,,UNMEASURED,False,
HUHU,NASDAQ,ELIGIBLE,5.31,242928.8355,50748.8,1.0,0.0795,0.84,257.51,D-1,False,
HUIZ,NASDAQ,ELIGIBLE,1.32,80871.27225000001,53102.35,1.0,0.0641,0.0,171.3,D-1,False,
HULL,BATS,FUND_ETF_ETN,,,,,,,,UNMEASURED,False,
HUM,NYSE,ELIGIBLE,397.93,380556217.23800004,970404.15,1.0,0.9718,12.49,19.48,D-1,True,328
HUMA,NASDAQ,ELIGIBLE,0.5573,2697939.57175,4618443.7,1.0,0.8641,1.82,85.84,D-1,False,
HUMM,ARCA,FUND_ETF_ETN,,,,,,,,UNMEASURED,False,
HUMN,BATS,FUND_ETF_ETN,,,,,,,,UNMEASURED,False,
HUN,NYSE,ELIGIBLE,8.9,22540858.1035,2428321.2,1.0,0.9436,5.66,11.3,D-1,True,2066
HURA,NASDAQ,ELIGIBLE,2.1,393814.9085,188295.8,1.0,0.2205,0.0,95.58,D-1,False,
HURC,NASDAQ,ELIGIBLE,21.65,590071.548,26616.45,1.0,0.0308,0.0,230.41,D-1,False,
HURN,NASDAQ,ELIGIBLE,157.98,36415638.7285,232657.5,1.0,0.1641,0.0,59.48,D-1,True,1730
HUSV,ARCA,FUND_ETF_ETN,,,,,,,,UNMEASURED,False,
HUT,NASDAQ,ELIGIBLE,96.82,424415719.03674996,4563438.3,1.0,0.9949,18.38,32.81,D-1,True,291
HUTG,NASDAQ,FUND_ETF_ETN,,,,,,,,UNMEASURED,False,
HUYA,NYSE,ELIGIBLE,2.3,2533494.397,1183946.25,1.0,0.7872,0.0,43.48,D-1,True,3419
HVAC,ARCA,FUND_ETF_ETN,,,,,,,,UNMEASURED,False,
HVMC,NASDAQ,ELIGIBLE,10.26,335335.76,32709.7,1.0,0.0,,,UNMEASURED,False,
HVMCU,NASDAQ,UNIT,,,,,,,,UNMEASURED,False,
HVMCW,NASDAQ,WARRANT,,,,,,,,UNMEASURED,False,
HVT,NYSE,ELIGIBLE,27.95,3653392.29,132374.6,1.0,0.2564,0.0,37.79,D-1,True,3220
HVT.A,NYSE,ELIGIBLE,28.09,35444.559,1286.7,1.0,0.0,,880.07,D-1,False,
HWBK,NASDAQ,ELIGIBLE,38.16,680972.783,17472.15,1.0,0.0949,0.0,95.76,D-1,False,
HWC,NASDAQ,ELIGIBLE,73.85,60342988.828499995,809236.1,1.0,0.8615,2.7,4.4,D-1,True,1352
HWCPZ,NASDAQ,NOTE_DEBT,,,,,,,,UNMEASURED,False,
HWGV,NASDAQ,FUND_ETF_ETN,,,,,,,,UNMEASURED,False,
HWIV,NASDAQ,FUND_ETF_ETN,,,,,,,,UNMEASURED,False,
HWKN,NASDAQ,ELIGIBLE,129.03,24034883.356,193343.45,1.0,0.2128,0.0,63.58,D-1,True,2027
HWM,NYSE,ELIGIBLE,232.48,967585176.7735001,4085349.0,1.0,0.9846,6.03,9.54,D-1,True,110
HWMV,NASDAQ,FUND_ETF_ETN,,,,,,,,UNMEASURED,False,
HWO,NASDAQ,FUND_ETF_ETN,,,,,,,,UNMEASURED,False,
HWSM,NASDAQ,FUND_ETF_ETN,,,,,,,,UNMEASURED,False,
HXA,ARCA,FUND_ETF_ETN,,,,,,,,UNMEASURED,False,
HXC,ARCA,FUND_ETF_ETN,,,,,,,,UNMEASURED,False,
HXE,ARCA,FUND_ETF_ETN,,,,,,,,UNMEASURED,False,
HXF,ARCA,FUND_ETF_ETN,,,,,,,,UNMEASURED,False,
HXGBY,OTC,NOT_LISTED_EXCHANGE,,,,,,,,UNMEASURED,False,
HXHX,NASDAQ,ELIGIBLE,0.4299,146580.84676000001,373793.15,1.0,0.0769,0.0,486.47,D-1,False,
HXL,NYSE,ELIGIBLE,85.8,76128486.8205,848513.3,1.0,0.7051,1.17,16.95,D-1,True,1165
HY,NYSE,ELIGIBLE,30.97,3928223.536,118660.6,1.0,0.2179,0.0,94.62,D-1,True,3188
HYAC.U,NYSE,WARRANT,,,,,,,,UNMEASURED,False,
HYB,NYSE,NOT_TRADABLE,,,,,,,,UNMEASURED,False,
HYBB,ARCA,FUND_ETF_ETN,,,,,,,,UNMEASURED,False,
HYBI,NASDAQ,FUND_ETF_ETN,,,,,,,,UNMEASURED,False,
HYBL,BATS,FUND_ETF_ETN,,,,,,,,UNMEASURED,False,
HYBX,NYSE,FUND_ETF_ETN,,,,,,,,UNMEASURED,False,
HYD,BATS,FUND_ETF_ETN,,,,,,,,UNMEASURED,False,
HYDB,BATS,FUND_ETF_ETN,,,,,,,,UNMEASURED,False,
HYDR,NASDAQ,FUND_ETF_ETN,,,,,,,,UNMEASURED,False,
HYDW,ARCA,FUND_ETF_ETN,,,,,,,,UNMEASURED,False,
HYEM,ARCA,FUND_ETF_ETN,,,,,,,,UNMEASURED,False,
HYFI,ARCA,FUND_ETF_ETN,,,,,,,,UNMEASURED,False,
HYFM,NASDAQ,ELIGIBLE,0.9732,86576.763585,92261.65,1.0,0.0359,0.0,401.26,D-1,False,
HYFT,NASDAQ,ELIGIBLE,1.38,273857.54425,207122.0,1.0,0.1436,0.0,145.99,D-1,False,
HYG,ARCA,FUND_ETF_ETN,,,,,,,,UNMEASURED,False,
HYGD,BATS,FUND_ETF_ETN,,,,,,,,UNMEASURED,False,
HYGH,ARCA,FUND_ETF_ETN,,,,,,,,UNMEASURED,False,
HYGM,BATS,FUND_ETF_ETN,,,,,,,,UNMEASURED,False,
HYGU,BATS,FUND_ETF_ETN,,,,,,,,UNMEASURED,False,
HYGV,ARCA,FUND_ETF_ETN,,,,,,,,UNMEASURED,False,
HYGW,BATS,FUND_ETF_ETN,,,,,,,,UNMEASURED,False,
HYHG,BATS,FUND_ETF_ETN,,,,,,,,UNMEASURED,False,
HYI,NYSE,FUND_ETF_ETN,,,,,,,,UNMEASURED,False,
HYIN,BATS,FUND_ETF_ETN,,,,,,,,UNMEASURED,False,
HYLB,ARCA,FUND_ETF_ETN,,,,,,,,UNMEASURED,False,
HYLN,AMEX,ELIGIBLE,4.22,7433212.4205,1883756.7,1.0,0.9231,11.7,23.67,D-1,True,2798
HYLS,NASDAQ,FUND_ETF_ETN,,,,,,,,UNMEASURED,False,
HYMB,ARCA,FUND_ETF_ETN,,,,,,,,UNMEASURED,False,
HYMC,NASDAQ,ELIGIBLE,21.48,46876036.4665,2144924.25,1.0,0.941,11.75,11.75,D-1,True,1540
HYNE,NASDAQ,ELIGIBLE,16.43,131542.76750000002,7966.95,1.0,0.0103,3.04,66.61,D-1,False,
HYNX,ARCA,FUND_ETF_ETN,,,,,,,,UNMEASURED,False,
HYP,NASDAQ,FUND_ETF_ETN,,,,,,,,UNMEASURED,False,
HYPD,NASDAQ,ELIGIBLE,4.04,2096851.3050000002,579675.1,1.0,0.5795,0.0,49.45,D-1,True,3529
HYPG,NASDAQ,FUND_ETF_ETN,,,,,,,,UNMEASURED,False,
HYPR,NASDAQ,ELIGIBLE,0.8133,312289.077065,389394.65,1.0,0.4359,0.0,11.12,D-1,False,
HYREQ,OTC,NOT_TRADABLE,,,,,,,,UNMEASURED,False,
HYS,ARCA,FUND_ETF_ETN,,,,,,,,UNMEASURED,False,
HYSA,ARCA,FUND_ETF_ETN,,,,,,,,UNMEASURED,False,
HYSD,ARCA,FUND_ETF_ETN,,,,,,,,UNMEASURED,False,
HYT,NYSE,FUND_ETF_ETN,,,,,,,,UNMEASURED,False,
HYTI,ARCA,FUND_ETF_ETN,,,,,,,,UNMEASURED,False,
HYTR,NYSE,FUND_ETF_ETN,,,,,,,,UNMEASURED,False,
HYUP,ARCA,FUND_ETF_ETN,,,,,,,,UNMEASURED,False,
HYXF,NASDAQ,FUND_ETF_ETN,,,,,,,,UNMEASURED,False,
HYZD,NASDAQ,FUND_ETF_ETN,,,,,,,,UNMEASURED,False,
HZO,NYSE,ELIGIBLE,52.44,43056431.1685,823576.35,1.0,0.5923,0.0,1.91,D-1,True,1608
IA,NASDAQ,ELIGIBLE,18.89,5293722.281,283509.1,1.0,0.3872,0.0,69.75,D-1,True,3014
IACL,BATS,FUND_ETF_ETN,,,,,,,,UNMEASURED,False,
IACO,NASDAQ,ELIGIBLE,10.0,362983.62974999996,36323.25,1.0,0.0077,0.0,,UNMEASURED,False,
IACOU,NASDAQ,UNIT,,,,,,,,UNMEASURED,False,
IACOW,NASDAQ,WARRANT,,,,,,,,UNMEASURED,False,
IACQ,NASDAQ,ELIGIBLE,9.9101,102867.68674499998,10368.95,1.0,0.0051,17.6,,UNMEASURED,False,
IACQU,NASDAQ,UNIT,,,,,,,,UNMEASURED,False,
IACQW,NASDAQ,WARRANT,,,,,,,,UNMEASURED,False,
IAE,NYSE,FUND_ETF_ETN,,,,,,,,UNMEASURED,False,
IAF,AMEX,FUND_ETF_ETN,,,,,,,,UNMEASURED,False,
IAG,NYSE,ELIGIBLE,19.7,107969800.3085,5362856.45,1.0,0.9974,7.63,5.11,D-1,True,947
IAGG,BATS,FUND_ETF_ETN,,,,,,,,UNMEASURED,False,
IAI,ARCA,FUND_ETF_ETN,,,,,,,,UNMEASURED,False,
IAK,ARCA,FUND_ETF_ETN,,,,,,,,UNMEASURED,False,
IALT,NASDAQ,FUND_ETF_ETN,,,,,,,,UNMEASURED,False,
IAPR,ARCA,FUND_ETF_ETN,,,,,,,,UNMEASURED,False,
IART,NASDAQ,ELIGIBLE,16.12,14472453.485499999,909869.5,1.0,0.641,3.1,15.62,D-1,True,2367
IAT,ARCA,FUND_ETF_ETN,,,,,,,,UNMEASURED,False,
IAU,ARCA,FUND_ETF_ETN,,,,,,,,UNMEASURED,False,
IAUG,ARCA,FUND_ETF_ETN,,,,,,,,UNMEASURED,False,
IAUI,BATS,FUND_ETF_ETN,,,,,,,,UNMEASURED,False,
IAUM,ARCA,FUND_ETF_ETN,,,,,,,,UNMEASURED,False,
IAUX,AMEX,ELIGIBLE,1.74,14800965.576,8388494.55,1.0,0.959,28.3,56.98,D-1,True,2351
IAUX.WS,AMEX,MALFORMED_OR_NON_COMMON_SYMBOL,,,,,,,,UNMEASURED,False,
IBAAY,OTC,NOT_TRADABLE,,,,,,,,UNMEASURED,False,
IBAC,NASDAQ,ELIGIBLE,11.3,26782.7625,2401.25,1.0,0.0,,610.35,D-1,False,
IBACR,NASDAQ,RIGHT,,,,,,,,UNMEASURED,False,
IBAT,NASDAQ,FUND_ETF_ETN,,,,,,,,UNMEASURED,False,
IBB,NASDAQ,FUND_ETF_ETN,,,,,,,,UNMEASURED,False,
IBBQ,NASDAQ,FUND_ETF_ETN,,,,,,,,UNMEASURED,False,
IBCA,ARCA,FUND_ETF_ETN,,,,,,,,UNMEASURED,False,
IBCB,ARCA,FUND_ETF_ETN,,,,,,,,UNMEASURED,False,
IBCP,NASDAQ,ELIGIBLE,35.83,6803864.1620000005,186728.85,1.0,0.3564,0.0,9.73,D-1,True,2852
IBD,ARCA,FUND_ETF_ETN,,,,,,,,UNMEASURED,False,
IBDR,ARCA,FUND_ETF_ETN,,,,,,,,UNMEASURED,False,
IBDRY,OTC,NOT_LISTED_EXCHANGE,,,,,,,,UNMEASURED,False,
IBDS,ARCA,FUND_ETF_ETN,,,,,,,,UNMEASURED,False,
IBDT,ARCA,FUND_ETF_ETN,,,,,,,,UNMEASURED,False,
IBDU,ARCA,FUND_ETF_ETN,,,,,,,,UNMEASURED,False,
IBDV,ARCA,FUND_ETF_ETN,,,,,,,,UNMEASURED,False,
IBDW,ARCA,FUND_ETF_ETN,,,,,,,,UNMEASURED,False,
IBDX,ARCA,FUND_ETF_ETN,,,,,,,,UNMEASURED,False,
IBDY,ARCA,FUND_ETF_ETN,,,,,,,,UNMEASURED,False,
IBDZ,ARCA,FUND_ETF_ETN,,,,,,,,UNMEASURED,False,
IBEX,NASDAQ,ELIGIBLE,44.53,7081523.837,176406.2,1.0,0.3513,1.12,50.45,D-1,True,2826
IBFR,ARCA,FUND_ETF_ETN,,,,,,,,UNMEASURED,False,
IBG,NASDAQ,ELIGIBLE,0.9551,27714.24158,28017.2,1.0,0.0103,0.0,211.69,D-1,False,
IBGA,NASDAQ,FUND_ETF_ETN,,,,,,,,UNMEASURED,False,
IBGB,NASDAQ,FUND_ETF_ETN,,,,,,,,UNMEASURED,False,
IBGC,NASDAQ,FUND_ETF_ETN,,,,,,,,UNMEASURED,False,
IBGK,NASDAQ,FUND_ETF_ETN,,,,,,,,UNMEASURED,False,
IBGL,NASDAQ,FUND_ETF_ETN,,,,,,,,UNMEASURED,False,
IBGM,NASDAQ,FUND_ETF_ETN,,,,,,,,UNMEASURED,False,
IBHF,BATS,FUND_ETF_ETN,,,,,,,,UNMEASURED,False,
IBHG,BATS,FUND_ETF_ETN,,,,,,,,UNMEASURED,False,
IBHH,BATS,FUND_ETF_ETN,,,,,,,,UNMEASURED,False,
IBHI,BATS,FUND_ETF_ETN,,,,,,,,UNMEASURED,False,
IBHJ,BATS,FUND_ETF_ETN,,,,,,,,UNMEASURED,False,
IBHK,BATS,FUND_ETF_ETN,,,,,,,,UNMEASURED,False,
IBHL,BATS,FUND_ETF_ETN,,,,,,,,UNMEASURED,False,
IBHM,BATS,FUND_ETF_ETN,,,,,,,,UNMEASURED,False,
IBIC,ARCA,FUND_ETF_ETN,,,,,,,,UNMEASURED,False,
IBID,ARCA,FUND_ETF_ETN,,,,,,,,UNMEASURED,False,
IBIE,ARCA,FUND_ETF_ETN,,,,,,,,UNMEASURED,False,
IBIF,ARCA,FUND_ETF_ETN,,,,,,,,UNMEASURED,False,
IBIG,ARCA,FUND_ETF_ETN,,,,,,,,UNMEASURED,False,
IBIH,ARCA,FUND_ETF_ETN,,,,,,,,UNMEASURED,False,
IBII,ARCA,FUND_ETF_ETN,,,,,,,,UNMEASURED,False,
IBIJ,ARCA,FUND_ETF_ETN,,,,,,,,UNMEASURED,False,
IBIK,ARCA,FUND_ETF_ETN,,,,,,,,UNMEASURED,False,
IBIL,ARCA,FUND_ETF_ETN,,,,,,,,UNMEASURED,False,
IBIM,ARCA,FUND_ETF_ETN,,,,,,,,UNMEASURED,False,
IBIO,NASDAQ,ELIGIBLE,1.19,830395.0900000001,656078.7,1.0,0.6359,0.0,83.34,D-1,False,
IBIT,NASDAQ,FUND_ETF_ETN,,,,,,,,UNMEASURED,False,
IBKR,NASDAQ,ELIGIBLE,89.24,341130633.55,3751962.75,1.0,0.9949,6.16,5.58,D-1,True,378
IBLC,ARCA,FUND_ETF_ETN,,,,,,,,UNMEASURED,False,
IBM,NYSE,ELIGIBLE,225.51,1302025014.1950002,5538522.75,1.0,1.0,7.06,6.38,D-1,True,83
IBMO,BATS,FUND_ETF_ETN,,,,,,,,UNMEASURED,False,
IBMP,BATS,FUND_ETF_ETN,,,,,,,,UNMEASURED,False,
IBMQ,BATS,FUND_ETF_ETN,,,,,,,,UNMEASURED,False,
IBMR,BATS,FUND_ETF_ETN,,,,,,,,UNMEASURED,False,
IBMS,BATS,FUND_ETF_ETN,,,,,,,,UNMEASURED,False,
IBMT,BATS,FUND_ETF_ETN,,,,,,,,UNMEASURED,False,
IBMU,BATS,FUND_ETF_ETN,,,,,,,,UNMEASURED,False,
IBMV,BATS,FUND_ETF_ETN,,,,,,,,UNMEASURED,False,
IBMW,BATS,FUND_ETF_ETN,,,,,,,,UNMEASURED,False,
IBMX,BATS,FUND_ETF_ETN,,,,,,,,UNMEASURED,False,
IBN,NYSE,ELIGIBLE,27.92,131385720.869,4533404.4,1.0,0.9615,1.8,3.59,D-1,True,840
IBND,ARCA,FUND_ETF_ETN,,,,,,,,UNMEASURED,False,
IBO,AMEX,ELIGIBLE,5.69,186306.7788,28301.55,1.0,0.0872,0.0,630.18,D-1,False,
IBOC,NASDAQ,ELIGIBLE,69.94,26726992.264000002,378677.4,1.0,0.541,0.0,7.89,D-1,True,1939
IBOT,NASDAQ,FUND_ETF_ETN,,,,,,,,UNMEASURED,False,
IBP,NYSE,ELIGIBLE,200.23,98711711.433,468419.25,1.0,0.7256,5.04,16.07,D-1,True,998
IBRN,ARCA,FUND_ETF_ETN,,,,,,,,UNMEASURED,False,
IBRX,NASDAQ,ELIGIBLE,8.44,84927256.908,10174045.65,1.0,0.9974,11.74,11.77,D-1,True,1093
IBTA,NYSE,ELIGIBLE,41.06,8020435.619,200315.7,1.0,0.3974,0.0,63.17,D-1,True,2755
IBTG,NASDAQ,FUND_ETF_ETN,,,,,,,,UNMEASURED,False,
IBTH,NASDAQ,FUND_ETF_ETN,,,,,,,,UNMEASURED,False,
IBTI,NASDAQ,FUND_ETF_ETN,,,,,,,,UNMEASURED,False,
IBTJ,NASDAQ,FUND_ETF_ETN,,,,,,,,UNMEASURED,False,
IBTK,NASDAQ,FUND_ETF_ETN,,,,,,,,UNMEASURED,False,
IBTL,NASDAQ,FUND_ETF_ETN,,,,,,,,UNMEASURED,False,
IBTM,NASDAQ,FUND_ETF_ETN,,,,,,,,UNMEASURED,False,
IBTO,NASDAQ,FUND_ETF_ETN,,,,,,,,UNMEASURED,False,
IBTP,NASDAQ,FUND_ETF_ETN,,,,,,,,UNMEASURED,False,
IBTQ,NASDAQ,FUND_ETF_ETN,,,,,,,,UNMEASURED,False,
IBTR,NASDAQ,FUND_ETF_ETN,,,,,,,,UNMEASURED,False,
IBUF,ARCA,FUND_ETF_ETN,,,,,,,,UNMEASURED,False,
IBUY,ARCA,FUND_ETF_ETN,,,,,,,,UNMEASURED,False,
IBX,BATS,FUND_ETF_ETN,,,,,,,,UNMEASURED,False,
ICAGY,OTC,NOT_LISTED_EXCHANGE,,,,,,,,UNMEASURED,False,
ICAP,ARCA,FUND_ETF_ETN,,,,,,,,UNMEASURED,False,
ICCC,NASDAQ,ELIGIBLE,9.925,139835.5685,14178.35,1.0,0.0308,0.0,245.15,D-1,False,
ICCM,NASDAQ,ELIGIBLE,1.73,201467.92450000002,97297.55,1.0,0.0872,0.0,169.66,D-1,False,
ICCT,OTC,NOT_TRADABLE,,,,,,,,UNMEASURED,False,
ICE,NYSE,ELIGIBLE,154.31,505397804.9225,3206270.65,1.0,0.9795,5.17,11.64,D-1,True,238
ICF,BATS,FUND_ETF_ETN,,,,,,,,UNMEASURED,False,
ICFI,NASDAQ,ELIGIBLE,83.56,15768990.4525,182139.85,1.0,0.2487,0.0,67.75,D-1,True,2302
ICG,NASDAQ,ELIGIBLE,0.881,34346.41275,37406.55,1.0,0.1256,0.0,555.71,D-1,False,
ICHR,NASDAQ,ELIGIBLE,57.94,37879396.64825,690381.75,1.0,0.7077,3.45,33.17,D-1,True,1700
ICL,NYSE,ELIGIBLE,5.14,7007149.0845,1252190.5,1.0,0.7923,9.7,19.47,D-1,True,2835
ICLN,NASDAQ,FUND_ETF_ETN,,,,,,,,UNMEASURED,False,
ICLO,BATS,FUND_ETF_ETN,,,,,,,,UNMEASURED,False,
ICLR,NASDAQ,ELIGIBLE,172.33,163397705.7825,977581.25,1.0,0.8564,5.45,14.34,D-1,True,723
ICMB,NASDAQ,ELIGIBLE,0.86,24993.2882,29144.75,1.0,0.0256,0.0,333.89,D-1,False,
ICNP,OTC,NOT_TRADABLE,,,,,,,,UNMEASURED,False,
ICON,NASDAQ,ELIGIBLE,1.0,22772.020135,23414.45,1.0,0.0641,0.0,147.79,D-1,False,
ICOP,NASDAQ,FUND_ETF_ETN,,,,,,,,UNMEASURED,False,
ICOW,BATS,FUND_ETF_ETN,,,,,,,,UNMEASURED,False,
ICPI,ARCA,FUND_ETF_ETN,,,,,,,,UNMEASURED,False,
ICPY,ARCA,FUND_ETF_ETN,,,,,,,,UNMEASURED,False,
ICR.PRA,NYSE,MALFORMED_OR_NON_COMMON_SYMBOL,,,,,,,,UNMEASURED,False,
ICSH,BATS,FUND_ETF_ETN,,,,,,,,UNMEASURED,False,
ICU,NASDAQ,ELIGIBLE,3.42,123056.87692,38679.35,1.0,0.0615,0.0,230.89,D-1,False,
ICUCW,NASDAQ,WARRANT,,,,,,,,UNMEASURED,False,
ICUI,NASDAQ,ELIGIBLE,164.95,41368075.3175,254811.9,1.0,0.3821,0.0,26.87,D-1,True,1633
ICVT,BATS,FUND_ETF_ETN,,,,,,,,UNMEASURED,False,
IDA,NYSE,ELIGIBLE,129.78,74508980.5975,558670.05,1.0,0.6744,1.56,14.51,D-1,True,1181
IDAC,NASDAQ,ELIGIBLE,10.0,208089.11375,20808.05,1.0,0.0026,10.0,20.02,D-1,False,
IDACU,NASDAQ,UNIT,,,,,,,,UNMEASURED,False,
IDACW,NASDAQ,WARRANT,,,,,,,,UNMEASURED,False,
IDAI,NASDAQ,ELIGIBLE,3.0399,104273.461455,33080.9,1.0,0.059,0.0,,UNMEASURED,False,
IDAU,BATS,FUND_ETF_ETN,,,,,,,,UNMEASURED,False,
IDBAY,OTC,NOT_TRADABLE,,,,,,,,UNMEASURED,False,
IDCBY,OTC,NOT_LISTED_EXCHANGE,,,,,,,,UNMEASURED,False,
IDCC,NASDAQ,ELIGIBLE,334.21,74238755.389,223349.75,1.0,0.5692,3.1,21.36,D-1,True,1185
IDE,NYSE,FUND_ETF_ETN,,,,,,,,UNMEASURED,False,
IDEC,ARCA,FUND_ETF_ETN,,,,,,,,UNMEASURED,False,
IDEF,NASDAQ,FUND_ETF_ETN,,,,,,,,UNMEASURED,False,
IDEQ,ARCA,FUND_ETF_ETN,,,,,,,,UNMEASURED,False,
IDEV,ARCA,FUND_ETF_ETN,,,,,,,,UNMEASURED,False,
IDEXY,OTC,NOT_LISTED_EXCHANGE,,,,,,,,UNMEASURED,False,
IDGT,ARCA,FUND_ETF_ETN,,,,,,,,UNMEASURED,False,
IDHQ,ARCA,FUND_ETF_ETN,,,,,,,,UNMEASURED,False,
IDICQ,OTC,NOT_TRADABLE,,,,,,,,UNMEASURED,False,
IDJL,BATS,FUND_ETF_ETN,,,,,,,,UNMEASURED,False,
IDJN,BATS,FUND_ETF_ETN,,,,,,,,UNMEASURED,False,
IDLV,ARCA,FUND_ETF_ETN,,,,,,,,UNMEASURED,False,
IDMO,ARCA,FUND_ETF_ETN,,,,,,,,UNMEASURED,False,
IDMY,BATS,FUND_ETF_ETN,,,,,,,,UNMEASURED,False,
IDN,NASDAQ,ELIGIBLE,2.39,798388.2935,310018.7,1.0,0.3128,0.0,41.41,D-1,False,
IDNA,ARCA,FUND_ETF_ETN,,,,,,,,UNMEASURED,False,
IDOG,ARCA,FUND_ETF_ETN,,,,,,,,UNMEASURED,False,
IDR,AMEX,ELIGIBLE,30.39,6232494.61,206417.3,1.0,0.3513,0.0,112.36,D-1,True,2906
IDRV,ARCA,FUND_ETF_ETN,,,,,,,,UNMEASURED,False,
IDSE,BATS,FUND_ETF_ETN,,,,,,,,UNMEASURED,False,
IDT,NYSE,ELIGIBLE,67.46,18070249.944,261553.55,1.0,0.3692,0.0,32.48,D-1,True,2220
IDU,ARCA,FUND_ETF_ETN,,,,,,,,UNMEASURED,False,
IDUB,BATS,FUND_ETF_ETN,,,,,,,,UNMEASURED,False,
IDV,BATS,FUND_ETF_ETN,,,,,,,,UNMEASURED,False,
IDVO,ARCA,FUND_ETF_ETN,,,,,,,,UNMEASURED,False,
IDVY,NASDAQ,FUND_ETF_ETN,,,,,,,,UNMEASURED,False,
IDVZ,BATS,FUND_ETF_ETN,,,,,,,,UNMEASURED,False,
IDX,ARCA,FUND_ETF_ETN,,,,,,,,UNMEASURED,False,
IDXX,NASDAQ,ELIGIBLE,519.26,266103908.14650002,509124.45,1.0,0.8385,2.8,12.28,D-1,True,480
IDYA,NASDAQ,ELIGIBLE,36.69,32163947.990999997,835749.75,1.0,0.6103,2.74,30.65,D-1,True,1800
IDYN,ARCA,FUND_ETF_ETN,,,,,,,,UNMEASURED,False,
IE,AMEX,ELIGIBLE,10.56,22719019.916,2246195.65,1.0,0.9667,10.17,9.57,D-1,True,2060
IEAG,NASDAQ,ELIGIBLE,10.22,247579.703155,24169.55,1.0,0.0,,,UNMEASURED,False,
IEAGR,NASDAQ,RIGHT,,,,,,,,UNMEASURED,False,
IEAGU,NASDAQ,UNIT,,,,,,,,UNMEASURED,False,
IEF,NASDAQ,FUND_ETF_ETN,,,,,,,,UNMEASURED,False,
IEFA,BATS,FUND_ETF_ETN,,,,,,,,UNMEASURED,False,
IEI,NASDAQ,FUND_ETF_ETN,,,,,,,,UNMEASURED,False,
IEMG,ARCA,FUND_ETF_ETN,,,,,,,,UNMEASURED,False,
IEO,BATS,FUND_ETF_ETN,,,,,,,,UNMEASURED,False,
IEP,NASDAQ,ELIGIBLE,6.96,5056001.94825,726810.95,1.0,0.6615,0.0,14.37,D-1,True,3034
IESC,NASDAQ,ELIGIBLE,324.13,87340454.0695,273684.45,1.0,0.5949,0.7,35.5,D-1,True,1069
IETC,BATS,FUND_ETF_ETN,,,,,,,,UNMEASURED,False,
IEUR,ARCA,FUND_ETF_ETN,,,,,,,,UNMEASURED,False,
IEUS,NASDAQ,FUND_ETF_ETN,,,,,,,,UNMEASURED,False,
IEV,ARCA,FUND_ETF_ETN,,,,,,,,UNMEASURED,False,
IEX,NYSE,ELIGIBLE,230.08,126111438.8525,560774.15,1.0,0.4949,0.65,31.48,D-1,True,857
IEZ,ARCA,FUND_ETF_ETN,,,,,,,,UNMEASURED,False,
IFBD,NASDAQ,ELIGIBLE,1.34,1597208.3417949998,1283473.25,1.0,0.9256,119.67,85.27,D-1,True,3672
IFEB,ARCA,FUND_ETF_ETN,,,,,,,,UNMEASURED,False,
IFED,ARCA,FUND_ETF_ETN,,,,,,,,UNMEASURED,False,
IFF,NYSE,ELIGIBLE,85.69,142130084.7855,1671894.6,1.0,0.9487,4.09,3.5,D-1,True,792
IFGL,NASDAQ,FUND_ETF_ETN,,,,,,,,UNMEASURED,False,
IFJPY,OTC,NOT_LISTED_EXCHANGE,,,,,,,,UNMEASURED,False,
IFLN,ARCA,FUND_ETF_ETN,,,,,,,,UNMEASURED,False,
IFLO,NASDAQ,FUND_ETF_ETN,,,,,,,,UNMEASURED,False,
IFLR,ARCA,FUND_ETF_ETN,,,,,,,,UNMEASURED,False,
IFMK,OTC,NOT_TRADABLE,,,,,,,,UNMEASURED,False,
IFN,NYSE,FUND_ETF_ETN,,,,,,,,UNMEASURED,False,
IFNNY,OTC,NOT_LISTED_EXCHANGE,,,,,,,,UNMEASURED,False,
IFRA,BATS,FUND_ETF_ETN,,,,,,,,UNMEASURED,False,
IFRX,NASDAQ,ELIGIBLE,1.89,1107581.886,527835.8,1.0,0.7333,23.71,52.77,D-1,True,3878
IFS,NYSE,ELIGIBLE,56.25,11116739.274,201813.0,1.0,0.2769,0.0,75.46,D-1,True,2551
IFV,NASDAQ,FUND_ETF_ETN,,,,,,,,UNMEASURED,False,
IFXY,OTC,NOT_TRADABLE,,,,,,,,UNMEASURED,False,
IG,BATS,FUND_ETF_ETN,,,,,,,,UNMEASURED,False,
IGA,NYSE,FUND_ETF_ETN,,,,,,,,UNMEASURED,False,
IGAC,NASDAQ,ELIGIBLE,10.14,264644.93125,26232.6,1.0,0.041,0.0,59.35,D-1,False,
IGACR,NASDAQ,RIGHT,,,,,,,,UNMEASURED,False,
IGACU,NASDAQ,UNIT,,,,,,,,UNMEASURED,False,
IGBH,ARCA,FUND_ETF_ETN,,,,,,,,UNMEASURED,False,
IGC,AMEX,ELIGIBLE,0.2824,163097.76053,570875.3,1.0,0.2769,0.0,135.32,D-1,False,
IGCB,NYSE,FUND_ETF_ETN,,,,,,,,UNMEASURED,False,
IGD,NYSE,FUND_ETF_ETN,,,,,,,,UNMEASURED,False,
IGE,BATS,FUND_ETF_ETN,,,,,,,,UNMEASURED,False,
IGEB,BATS,FUND_ETF_ETN,,,,,,,,UNMEASURED,False,
IGF,NASDAQ,FUND_ETF_ETN,,,,,,,,UNMEASURED,False,
IGGY,ARCA,FUND_ETF_ETN,,,,,,,,UNMEASURED,False,
IGHG,BATS,FUND_ETF_ETN,,,,,,,,UNMEASURED,False,
IGI,NYSE,ELIGIBLE,15.7501,361289.220695,22883.95,1.0,0.0282,0.0,110.76,D-1,False,
IGIB,NASDAQ,FUND_ETF_ETN,,,,,,,,UNMEASURED,False,
IGIC,NASDAQ,ELIGIBLE,24.61,1945923.4465,76181.1,1.0,0.2333,0.0,59.3,D-1,True,3569
IGLB,ARCA,FUND_ETF_ETN,,,,,,,,UNMEASURED,False,
IGLD,BATS,FUND_ETF_ETN,,,,,,,,UNMEASURED,False,
IGM,ARCA,FUND_ETF_ETN,,,,,,,,UNMEASURED,False,
IGOT,OTC,NOT_TRADABLE,,,,,,,,UNMEASURED,False,
IGOV,NASDAQ,FUND_ETF_ETN,,,,,,,,UNMEASURED,False,
IGPT,ARCA,FUND_ETF_ETN,,,,,,,,UNMEASURED,False,
IGR,NYSE,FUND_ETF_ETN,,,,,,,,UNMEASURED,False,
IGRO,BATS,FUND_ETF_ETN,,,,,,,,UNMEASURED,False,
IGSB,NASDAQ,FUND_ETF_ETN,,,,,,,,UNMEASURED,False,
IGTA,OTC,NOT_TRADABLE,,,,,,,,UNMEASURED,False,
IGTAR,OTC,NOT_TRADABLE,,,,,,,,UNMEASURED,False,
IGTAW,OTC,NOT_TRADABLE,,,,,,,,UNMEASURED,False,
IGV,BATS,FUND_ETF_ETN,,,,,,,,UNMEASURED,False,
IH,NYSE,ELIGIBLE,1.15,9188.294015,7723.65,1.0,0.0256,0.0,172.41,D-1,False,
IHAK,ARCA,FUND_ETF_ETN,,,,,,,,UNMEASURED,False,
IHD,NYSE,FUND_ETF_ETN,,,,,,,,UNMEASURED,False,
IHDG,ARCA,FUND_ETF_ETN,,,,,,,,UNMEASURED,False,
IHE,ARCA,FUND_ETF_ETN,,,,,,,,UNMEASURED,False,
IHF,ARCA,FUND_ETF_ETN,,,,,,,,UNMEASURED,False,
IHG,NYSE,ELIGIBLE,158.16,24816361.395,158617.6,1.0,0.3923,0.0,11.75,D-1,True,1999
IHI,ARCA,FUND_ETF_ETN,,,,,,,,UNMEASURED,False,
IHRT,NASDAQ,ELIGIBLE,2.29,1669339.98025,664365.65,1.0,0.6718,0.0,44.64,D-1,True,3652
IHS,NYSE,ELIGIBLE,8.43,8964335.841,1062230.55,1.0,0.459,0.0,11.85,D-1,True,2683
IHT,AMEX,ELIGIBLE,1.4,120917.475,90946.25,1.0,0.0231,0.0,176.43,D-1,False,
IHY,ARCA,FUND_ETF_ETN,,,,,,,,UNMEASURED,False,
IIF,NYSE,FUND_ETF_ETN,,,,,,,,UNMEASURED,False,
IIGD,ARCA,FUND_ETF_ETN,,,,,,,,UNMEASURED,False,
III,NASDAQ,ELIGIBLE,5.26,1107332.9475,212690.85,1.0,0.3744,0.0,18.82,D-1,True,3879
IIIN,NYSE,ELIGIBLE,29.48,4316486.123,143201.7,1.0,0.2308,0.0,54.45,D-1,True,3139
IIIV,NASDAQ,ELIGIBLE,14.88,9878467.7005,644798.3,1.0,0.3667,0.0,104.22,D-1,True,2622
IIM,NYSE,ELIGIBLE,11.0,1799376.2289999998,152187.45,1.0,0.4359,0.0,40.78,D-1,True,3609
IINC,ARCA,FUND_ETF_ETN,,,,,,,,UNMEASURED,False,
IIPR,NYSE,ELIGIBLE,55.52,19646569.993,349353.3,1.0,0.5,1.8,32.39,D-1,True,2162
IIPR.PRA,NYSE,MALFORMED_OR_NON_COMMON_SYMBOL,,,,,,,,UNMEASURED,False,
IJAN,ARCA,FUND_ETF_ETN,,,,,,,,UNMEASURED,False,
IJH,ARCA,FUND_ETF_ETN,,,,,,,,UNMEASURED,False,
IJJ,ARCA,FUND_ETF_ETN,,,,,,,,UNMEASURED,False,
IJK,ARCA,FUND_ETF_ETN,,,,,,,,UNMEASURED,False,
IJR,ARCA,FUND_ETF_ETN,,,,,,,,UNMEASURED,False,
IJS,ARCA,FUND_ETF_ETN,,,,,,,,UNMEASURED,False,
IJT,NASDAQ,FUND_ETF_ETN,,,,,,,,UNMEASURED,False,
IJUL,ARCA,FUND_ETF_ETN,,,,,,,,UNMEASURED,False,
IJUN,ARCA,FUND_ETF_ETN,,,,,,,,UNMEASURED,False,
IKT,NASDAQ,ELIGIBLE,2.06,1253527.4264999998,541155.45,1.0,0.6385,0.0,47.84,D-1,True,3810
ILAG,NASDAQ,NOT_TRADABLE,,,,,,,,UNMEASURED,False,
ILCB,ARCA,FUND_ETF_ETN,,,,,,,,UNMEASURED,False,
ILCG,ARCA,FUND_ETF_ETN,,,,,,,,UNMEASURED,False,
ILCV,ARCA,FUND_ETF_ETN,,,,,,,,UNMEASURED,False,
ILDR,ARCA,FUND_ETF_ETN,,,,,,,,UNMEASURED,False,
ILF,ARCA,FUND_ETF_ETN,,,,,,,,UNMEASURED,False,
ILIT,NASDAQ,FUND_ETF_ETN,,,,,,,,UNMEASURED,False,
ILKAY,OTC,NOT_LISTED_EXCHANGE,,,,,,,,UNMEASURED,False,
ILLMF,OTC,NOT_TRADABLE,,,,,,,,UNMEASURED,False,
ILLR,NASDAQ,ELIGIBLE,0.3461,220601.81203,395236.15,1.0,0.4026,2.82,181.53,D-1,False,
ILLRW,NASDAQ,WARRANT,,,,,,,,UNMEASURED,False,
ILLU,NASDAQ,ELIGIBLE,10.005,1251747.3047,125442.2,1.0,0.0026,0.0,,UNMEASURED,True,3811
ILLUU,NASDAQ,UNIT,,,,,,,,UNMEASURED,False,
ILLUW,NASDAQ,WARRANT,,,,,,,,UNMEASURED,False,
ILMN,NASDAQ,ELIGIBLE,270.0,934480979.4395001,3964214.7,1.0,0.9974,11.53,16.94,D-1,True,117
ILOW,ARCA,FUND_ETF_ETN,,,,,,,,UNMEASURED,False,
ILPT,NASDAQ,ELIGIBLE,7.37,2466892.1462499998,314410.35,1.0,0.4359,0.0,20.35,D-1,True,3433
ILTB,ARCA,FUND_ETF_ETN,,,,,,,,UNMEASURED,False,
IMA,NASDAQ,ELIGIBLE,4.72,88784.673,17959.15,1.0,0.0564,0.0,147.52,D-1,False,
IMAQR,OTC,NOT_TRADABLE,,,,,,,,UNMEASURED,False,
IMAQW,OTC,NOT_TRADABLE,,,,,,,,UNMEASURED,False,
IMAR,ARCA,FUND_ETF_ETN,,,,,,,,UNMEASURED,False,
IMAX,NYSE,ELIGIBLE,56.05,48825808.223000005,926593.15,1.0,0.8256,5.31,8.07,D-1,True,1512
IMAY,ARCA,FUND_ETF_ETN,,,,,,,,UNMEASURED,False,
IMBBY,OTC,NOT_LISTED_EXCHANGE,,,,,,,,UNMEASURED,False,
IMC,AMEX,ELIGIBLE,6.8,606769.9275,84134.5,1.0,0.0718,0.0,613.07,D-1,False,
IMCB,ARCA,FUND_ETF_ETN,,,,,,,,UNMEASURED,False,
IMCC,NASDAQ,ELIGIBLE,2.84,32918603.391000003,8385090.85,1.0,0.5872,33.43,125.85,D-1,True,1789
IMCG,ARCA,FUND_ETF_ETN,,,,,,,,UNMEASURED,False,
IMCR,NASDAQ,ELIGIBLE,30.72,12504180.206,372096.85,1.0,0.5282,0.0,45.7,D-1,True,2461
IMCV,NASDAQ,FUND_ETF_ETN,,,,,,,,UNMEASURED,False,
IMDX,NASDAQ,ELIGIBLE,3.92,974890.949,243938.5,1.0,0.4051,0.0,64.82,D-1,False,
IMF,BATS,FUND_ETF_ETN,,,,,,,,UNMEASURED,False,
IMFL,BATS,FUND_ETF_ETN,,,,,,,,UNMEASURED,False,
IMKTA,NASDAQ,ELIGIBLE,83.77,8948157.166499998,108340.35,1.0,0.1641,0.0,40.12,D-1,True,2684
IMMP,NASDAQ,ELIGIBLE,5.27,142945.61059999999,21456.3,1.0,0.2872,0.0,21.16,D-1,False,
IMMR,NASDAQ,ELIGIBLE,7.28,2763947.4125,373467.3,1.0,0.4846,0.0,13.73,D-1,True,3364
IMMX,NASDAQ,ELIGIBLE,10.97,18143455.066999998,1428590.95,1.0,0.9513,13.79,31.63,D-1,True,2217
IMNM,NASDAQ,ELIGIBLE,21.41,31303872.7955,1277551.75,1.0,0.9872,11.7,14.07,D-1,True,1824
IMNN,NASDAQ,ELIGIBLE,1.41,208347.06875,142990.4,1.0,0.2026,0.0,289.86,D-1,False,
IMO,AMEX,ELIGIBLE,122.86,82551224.308,635566.1,1.0,0.6744,2.42,7.74,D-1,True,1109
IMOM,NASDAQ,FUND_ETF_ETN,,,,,,,,UNMEASURED,False,
IMOS,NASDAQ,ELIGIBLE,71.78,4689139.514,78058.35,1.0,0.2641,0.0,61.64,D-1,True,3093
IMPLQ,OTC,NOT_TRADABLE,,,,,,,,UNMEASURED,False,
IMPMQ,OTC,NOT_TRADABLE,,,,,,,,UNMEASURED,False,
IMPP,NASDAQ,ELIGIBLE,5.07,3065558.34575,553590.65,1.0,0.7256,0.0,19.82,D-1,True,3315
IMPPP,NASDAQ,PREFERRED,,,,,,,,UNMEASURED,False,
IMPUY,OTC,NOT_LISTED_EXCHANGE,,,,,,,,UNMEASURED,False,
IMRN,NASDAQ,ELIGIBLE,1.16,11714904.64975,6533729.2,1.0,0.1205,0.0,124.84,D-1,True,2505
IMRX,NASDAQ,ELIGIBLE,4.27,3303818.7975000003,717378.6,1.0,0.6103,0.0,23.34,D-1,True,3276
IMSR,NASDAQ,ELIGIBLE,4.305,6585347.452,1409236.85,1.0,0.7744,11.45,23.42,D-1,True,2877
IMSRW,NASDAQ,WARRANT,,,,,,,,UNMEASURED,False,
IMTB,ARCA,FUND_ETF_ETN,,,,,,,,UNMEASURED,False,
IMTE,NASDAQ,ELIGIBLE,0.5,67770.384345,131611.7,1.0,0.0051,0.0,,UNMEASURED,False,
IMTG,BATS,FUND_ETF_ETN,,,,,,,,UNMEASURED,False,
IMTM,ARCA,FUND_ETF_ETN,,,,,,,,UNMEASURED,False,
IMTX,NASDAQ,ELIGIBLE,8.37,5837247.7335,653995.45,1.0,0.5179,5.92,29.92,D-1,True,2961
IMUX,NASDAQ,ELIGIBLE,9.345,4418118.21675,382322.3,1.0,0.8179,10.8,48.63,D-1,True,3120
IMVIF,OTC,NOT_TRADABLE,,,,,,,,UNMEASURED,False,
IMVP,ARCA,FUND_ETF_ETN,,,,,,,,UNMEASURED,False,
IMVT,NASDAQ,ELIGIBLE,33.3,57593934.921500005,1545381.6,1.0,0.9513,6.02,11.93,D-1,True,1389
IMXI,NASDAQ,ELIGIBLE,11.25,7080884.220000001,564023.7,1.0,0.8538,8.99,22.71,D-1,True,2827
INAB,NASDAQ,ELIGIBLE,1.2,43410.921749999994,38603.9,1.0,0.1615,0.0,163.29,D-1,False,
INAC,NASDAQ,ELIGIBLE,10.33,34189.4903,3303.35,1.0,0.0026,0.0,,UNMEASURED,False,
INACR,NASDAQ,RIGHT,,,,,,,,UNMEASURED,False,
INACU,NASDAQ,UNIT,,,,,,,,UNMEASURED,False,
INBK,NASDAQ,ELIGIBLE,26.39,1546208.983,55215.25,1.0,0.0872,0.0,130.94,D-1,True,3687
INBKZ,NASDAQ,NOTE_DEBT,,,,,,,,UNMEASURED,False,
INBS,NASDAQ,ELIGIBLE,1.7,724451.878,304544.55,1.0,0.1128,0.0,227.6,D-1,False,
INBX,NASDAQ,ELIGIBLE,99.61,40679609.8705,361899.25,1.0,0.3077,0.0,56.83,D-1,True,1653
INCE,ARCA,FUND_ETF_ETN,,,,,,,,UNMEASURED,False,
INCM,ARCA,FUND_ETF_ETN,,,,,,,,UNMEASURED,False,
INCO,ARCA,FUND_ETF_ETN,,,,,,,,UNMEASURED,False,
INCR,NASDAQ,ELIGIBLE,5.21,43926.975,8149.95,1.0,0.0513,0.0,233.92,D-1,False,
INCY,NASDAQ,ELIGIBLE,123.89,188902902.774,1511794.5,1.0,0.8487,4.44,14.54,D-1,True,645
IND,NASDAQ,FUND_ETF_ETN,,,,,,,,UNMEASURED,False,
INDA,BATS,FUND_ETF_ETN,,,,,,,,UNMEASURED,False,
INDB,NASDAQ,ELIGIBLE,81.2,28305547.6295,345090.15,1.0,0.4154,1.23,15.41,D-1,True,1898
INDE,ARCA,FUND_ETF_ETN,,,,,,,,UNMEASURED,False,
INDFY,OTC,NOT_LISTED_EXCHANGE,,,,,,,,UNMEASURED,False,
INDH,NASDAQ,FUND_ETF_ETN,,,,,,,,UNMEASURED,False,
INDI,NASDAQ,ELIGIBLE,3.02,16484980.548750002,5012456.4,1.0,0.9923,16.5,33.06,D-1,True,2271
INDL,ARCA,FUND_ETF_ETN,,,,,,,,UNMEASURED,False,
INDO,AMEX,ELIGIBLE,2.81,769946.307,254129.85,1.0,0.2615,0.0,70.06,D-1,False,
INDP,NASDAQ,ELIGIBLE,3.85,3939940.6020000004,1524393.0,1.0,0.5487,0.0,160.93,D-1,True,3186
INDQ,NASDAQ,FUND_ETF_ETN,,,,,,,,UNMEASURED,False,
INDS,ARCA,FUND_ETF_ETN,,,,,,,,UNMEASURED,False,
INDV,NASDAQ,ELIGIBLE,35.82,73720719.0975,2107736.9,1.0,0.8077,2.79,11.12,D-1,True,1193
INDY,NASDAQ,FUND_ETF_ETN,,,,,,,,UNMEASURED,False,
INDZ,ARCA,FUND_ETF_ETN,,,,,,,,UNMEASURED,False,
INEO,NASDAQ,ELIGIBLE,0.6356,44811.532035,75868.65,1.0,0.0821,0.0,451.36,D-1,False,
INEQ,ARCA,FUND_ETF_ETN,,,,,,,,UNMEASURED,False,
INFH,BATS,FUND_ETF_ETN,,,,,,,,UNMEASURED,False,
INFIQ,OTC,NOT_TRADABLE,,,,,,,,UNMEASURED,False,
INFL,ARCA,FUND_ETF_ETN,,,,,,,,UNMEASURED,False,
INFO,NYSE,FUND_ETF_ETN,,,,,,,,UNMEASURED,False,
INFQ,NYSE,ELIGIBLE,14.51,113311333.24249999,8485040.7,1.0,1.0,17.06,6.94,D-1,True,920
INFQ.WS,NYSE,MALFORMED_OR_NON_COMMON_SYMBOL,,,,,,,,UNMEASURED,False,
INFU,AMEX,ELIGIBLE,12.71,1748400.9379999998,140144.75,1.0,0.241,0.0,157.99,D-1,True,3622
INFY,NYSE,ELIGIBLE,10.5,174801364.854,15545124.25,1.0,1.0,9.53,9.56,D-1,True,687
ING,NYSE,ELIGIBLE,36.55,63989131.636,1752430.35,1.0,0.9821,2.75,2.75,D-1,True,1297
INGM,NYSE,ELIGIBLE,26.98,68737937.5935,2546098.2,1.0,0.8667,4.63,9.28,D-1,True,1250
INGN,NASDAQ,ELIGIBLE,5.36,1807144.2735,344587.6,1.0,0.5641,0.0,19.13,D-1,True,3607
INGR,NYSE,ELIGIBLE,96.72,63142494.10349999,632665.35,1.0,0.6385,1.04,10.36,D-1,True,1304
INHD,NASDAQ,ELIGIBLE,3.1,492501.16500000004,114651.9,1.0,0.0949,0.0,315.01,D-1,False,
INIO,NASDAQ,ELIGIBLE,19.12,112730820.84950002,5638519.95,1.0,0.9974,13.12,11.76,D-1,True,924
INKM,ARCA,FUND_ETF_ETN,,,,,,,,UNMEASURED,False,
INKT,NASDAQ,ELIGIBLE,12.18,169653.08870000002,14273.3,1.0,0.0538,0.0,567.67,D-1,False,
INLF,NASDAQ,ELIGIBLE,5.1,14143246.244749999,2987524.65,1.0,0.9974,118.46,50.48,D-1,True,2383
INLX,AMEX,ELIGIBLE,5.15,39373.15414,7318.5,1.0,0.0051,369.28,747.66,D-1,False,
INM,NASDAQ,ELIGIBLE,1.38,96110.566,70973.8,1.0,0.0744,0.0,180.25,D-1,False,
INMB,NASDAQ,ELIGIBLE,2.03,781727.538,348508.0,1.0,0.3974,0.0,50.13,D-1,False,
INMD,NASDAQ,ELIGIBLE,14.26,7890413.842499999,536750.8,1.0,0.5,0.0,7.02,D-1,True,2770
INMU,ARCA,FUND_ETF_ETN,,,,,,,,UNMEASURED,False,
INN,NYSE,ELIGIBLE,5.74,4953432.4765,865885.2,1.0,0.8872,0.0,17.55,D-1,True,3050
INN.PRE,NYSE,MALFORMED_OR_NON_COMMON_SYMBOL,,,,,,,,UNMEASURED,False,
INN.PRF,NYSE,MALFORMED_OR_NON_COMMON_SYMBOL,,,,,,,,UNMEASURED,False,
INND,OTC,NOT_TRADABLE,,,,,,,,UNMEASURED,False,
INNV,NASDAQ,ELIGIBLE,9.0,6810729.316,710148.6,1.0,0.7564,11.37,11.63,D-1,True,2851
INO,NASDAQ,ELIGIBLE,1.18,3861646.482,3026667.65,1.0,0.8974,33.69,84.39,D-1,True,3200
INOD,NASDAQ,ELIGIBLE,69.21,89248168.8,1413418.9,1.0,0.9564,14.46,27.36,D-1,True,1058
INOV,ARCA,FUND_ETF_ETN,,,,,,,,UNMEASURED,False,
INQQ,ARCA,FUND_ETF_ETN,,,,,,,,UNMEASURED,False,
INR,NYSE,ELIGIBLE,13.06,4509641.1219999995,322599.3,1.0,0.5462,0.0,135.61,D-1,True,3107
INRO,NASDAQ,FUND_ETF_ETN,,,,,,,,UNMEASURED,False,
INSE,NASDAQ,ELIGIBLE,4.57,1094774.1875,221434.45,1.0,0.3513,0.0,43.86,D-1,True,3884
INSG,NASDAQ,ELIGIBLE,3.76,946457.99525,227625.15,1.0,0.4872,0.0,39.4,D-1,False,
INSM,NASDAQ,ELIGIBLE,117.83,262373503.66799998,2134334.3,1.0,0.9615,8.55,25.58,D-1,True,490
INSP,NYSE,ELIGIBLE,70.5,58563457.9995,831806.0,1.0,0.6487,4.55,25.16,D-1,True,1376
INSW,NYSE,ELIGIBLE,105.64,83687377.9365,795468.9,1.0,0.7564,2.83,30.3,D-1,True,1104
INT,BATS,FUND_ETF_ETN,,,,,,,,UNMEASURED,False,
INTA,NASDAQ,ELIGIBLE,36.1,23643021.2395,609444.4,1.0,0.4641,0.0,40.89,D-1,True,2035
INTC,NASDAQ,ELIGIBLE,123.0,11269762784.143,105668105.4,1.0,1.0,15.27,1.61,D-1,True,9
INTF,ARCA,FUND_ETF_ETN,,,,,,,,UNMEASURED,False,
INTG,NASDAQ,ELIGIBLE,33.33,3277728.20425,90455.05,1.0,0.1231,8.7,112.04,D-1,True,3282
INTJ,NASDAQ,ELIGIBLE,2.7,20601.41975,7160.3,1.0,0.0154,0.0,,UNMEASURED,False,
INTL,BATS,FUND_ETF_ETN,,,,,,,,UNMEASURED,False,
INTM,BATS,FUND_ETF_ETN,,,,,,,,UNMEASURED,False,
INTR,NASDAQ,ELIGIBLE,5.11,21797665.677500002,3951384.3,1.0,0.9359,9.76,19.61,D-1,True,2084
INTS,NASDAQ,ELIGIBLE,3.8,52519.46950000001,13016.5,1.0,0.0179,0.0,386.1,D-1,False,
INTT,AMEX,ELIGIBLE,11.57,1312386.959,118560.9,1.0,0.2436,0.0,148.78,D-1,True,3779
INTU,NASDAQ,ELIGIBLE,275.79,1146365234.2855,3612047.8,1.0,1.0,7.61,5.79,D-1,True,95
INTW,NASDAQ,FUND_ETF_ETN,,,,,,,,UNMEASURED,False,
INTZ,NASDAQ,ELIGIBLE,0.7107,147678.646315,184283.5,1.0,0.0641,0.0,641.28,D-1,False,
INUV,AMEX,ELIGIBLE,0.574,95930.97284500001,152975.85,1.0,0.2436,0.0,231.39,D-1,False,
INV,NASDAQ,ELIGIBLE,0.7268,7766779.090885,8676476.95,1.0,0.9154,29.55,137.07,D-1,False,
INVA,NASDAQ,ELIGIBLE,20.74,21002253.014,1007896.5,1.0,0.6795,0.0,12.23,D-1,True,2115
INVE,NASDAQ,ELIGIBLE,2.45,324770.4715,124404.3,1.0,0.2846,0.0,41.94,D-1,False,
INVG,ARCA,FUND_ETF_ETN,,,,,,,,UNMEASURED,False,
INVH,NYSE,ELIGIBLE,26.62,150408021.457,5447226.6,1.0,0.9949,3.79,3.79,D-1,True,761
INVLW,OTC,NOT_TRADABLE,,,,,,,,UNMEASURED,False,
INVN,ARCA,FUND_ETF_ETN,,,,,,,,UNMEASURED,False,
INVU,OTC,NOT_TRADABLE,,,,,,,,UNMEASURED,False,
INVX,NYSE,ELIGIBLE,28.5,25856396.732499998,876723.95,1.0,0.4385,0.0,22.77,D-1,True,1963
INVZ,NASDAQ,ELIGIBLE,0.385,1017643.3440200001,2901441.2,1.0,0.7821,2.64,14.35,D-1,False,
INYY,ARCA,FUND_ETF_ETN,,,,,,,,UNMEASURED,False,
IOBTQ,OTC,NOT_TRADABLE,,,,,,,,UNMEASURED,False,
IOCT,ARCA,FUND_ETF_ETN,,,,,,,,UNMEASURED,False,
ION,ARCA,FUND_ETF_ETN,,,,,,,,UNMEASURED,False,
IONC,BATS,FUND_ETF_ETN,,,,,,,,UNMEASURED,False,
IOND,NASDAQ,ELIGIBLE,81.98,65484748.311000004,796885.15,1.0,0.5769,6.0,39.3,D-1,True,1280
IONL,NASDAQ,FUND_ETF_ETN,,,,,,,,UNMEASURED,False,
IONM,OTC,NOT_TRADABLE,,,,,,,,UNMEASURED,False,
IONQ,NYSE,ELIGIBLE,45.48,969377323.464,24030498.85,1.0,1.0,22.08,4.44,D-1,True,109
IONQ.WS,NYSE,MALFORMED_OR_NON_COMMON_SYMBOL,,,,,,,,UNMEASURED,False,
IONR,NASDAQ,ELIGIBLE,3.31,274366.309,88453.25,1.0,0.1333,0.0,216.96,D-1,False,
IONS,NASDAQ,ELIGIBLE,44.5,223013397.8215,4458100.2,1.0,0.9718,11.19,15.7,D-1,True,561
IONX,NASDAQ,FUND_ETF_ETN,,,,,,,,UNMEASURED,False,
IONZ,NASDAQ,FUND_ETF_ETN,,,,,,,,UNMEASURED,False,
IOO,ARCA,FUND_ETF_ETN,,,,,,,,UNMEASURED,False,
IOPP,ARCA,FUND_ETF_ETN,,,,,,,,UNMEASURED,False,
IOR,AMEX,ELIGIBLE,18.23,4543.423345,252.75,1.0,0.0,,710.55,D-1,False,
IOSP,NASDAQ,ELIGIBLE,98.72,19130283.9905,203156.35,1.0,0.2051,0.0,49.25,D-1,True,2181
IOSX,BATS,FUND_ETF_ETN,,,,,,,,UNMEASURED,False,
IOT,NYSE,ELIGIBLE,37.96,316185537.81,7971148.65,1.0,0.9949,10.35,5.12,D-1,True,409
IOTR,NASDAQ,ELIGIBLE,2.03,183661.11697,76783.15,1.0,0.0154,0.0,,UNMEASURED,False,
IOVA,NASDAQ,ELIGIBLE,11.0,129955290.8145,13716013.9,1.0,1.0,18.14,9.17,D-1,True,842
IOYY,NASDAQ,FUND_ETF_ETN,,,,,,,,UNMEASURED,False,
IP,NYSE,ELIGIBLE,35.02,184758062.729,5204835.3,1.0,0.9974,7.18,8.55,D-1,True,663
IPAC,ARCA,FUND_ETF_ETN,,,,,,,,UNMEASURED,False,
IPAR,NASDAQ,ELIGIBLE,117.93,24443881.962,214051.7,1.0,0.3333,0.0,47.91,D-1,True,2013
IPAV,BATS,FUND_ETF_ETN,,,,,,,,UNMEASURED,False,
IPAY,ARCA,FUND_ETF_ETN,,,,,,,,UNMEASURED,False,
IPB,NYSE,FUND_ETF_ETN,,,,,,,,UNMEASURED,False,
IPDN,NASDAQ,ELIGIBLE,4.5,14848654.18235,3215328.95,1.0,0.8538,113.49,174.5,D-1,True,2347
IPFX,NASDAQ,ELIGIBLE,10.05,1673091.8505700002,166241.45,1.0,0.0282,0.0,9.95,D-1,True,3650
IPFXU,NASDAQ,UNIT,,,,,,,,UNMEASURED,False,
IPFXW,NASDAQ,WARRANT,,,,,,,,UNMEASURED,False,
IPGP,NASDAQ,ELIGIBLE,78.12,34054111.3885,441946.0,1.0,0.5103,1.27,43.64,D-1,True,1769
IPHA,NASDAQ,ELIGIBLE,1.7,88035.372,45699.95,1.0,0.0308,0.0,175.81,D-1,False,
IPHXU,NASDAQ,UNIT,,,,,,,,UNMEASURED,False,
IPI,NYSE,ELIGIBLE,34.04,7996133.0285,205154.25,1.0,0.3846,0.0,36.36,D-1,True,2757
IPKW,NASDAQ,FUND_ETF_ETN,,,,,,,,UNMEASURED,False,
IPM,NASDAQ,ELIGIBLE,1.7901,14277.968325,7702.8,1.0,0.0103,0.0,138.35,D-1,False,
IPO,ARCA,FUND_ETF_ETN,,,,,,,,UNMEASURED,False,
IPOS,ARCA,FUND_ETF_ETN,,,,,,,,UNMEASURED,False,
IPSC,NASDAQ,ELIGIBLE,1.67,937517.4025000001,488533.65,1.0,0.4974,0.0,60.42,D-1,False,
IPST,NASDAQ,ELIGIBLE,3.71,1137863.60475,308013.3,1.0,0.8667,160.51,109.76,D-1,True,3862
IPVV,NASDAQ,ELIGIBLE,9.86,312129.4095,31592.9,1.0,0.0026,10.15,,UNMEASURED,False,
IPVVU,NASDAQ,UNIT,,,,,,,,UNMEASURED,False,
IPVVW,NASDAQ,WARRANT,,,,,,,,UNMEASURED,False,
IPW,NASDAQ,ELIGIBLE,1.25,5570129.291999999,2213993.7,1.0,0.1564,0.0,640.0,D-1,True,2986
IPWR,NASDAQ,ELIGIBLE,4.03,931903.6564999999,217796.55,1.0,0.1974,0.0,136.97,D-1,False,
IPX,NASDAQ,ELIGIBLE,19.61,6900436.222,341005.45,1.0,0.2513,0.0,69.68,D-1,True,2843
IPXG,NASDAQ,ELIGIBLE,10.045,641843.13504,63904.5,1.0,0.0205,0.0,,UNMEASURED,False,
IPXGU,NASDAQ,UNIT,,,,,,,,UNMEASURED,False,
IPXGW,NASDAQ,WARRANT,,,,,,,,UNMEASURED,False,
IQ,NASDAQ,ELIGIBLE,1.02,9843046.28085,10058924.8,1.0,0.7846,0.96,96.62,D-1,True,2626
IQDF,ARCA,FUND_ETF_ETN,,,,,,,,UNMEASURED,False,
IQDG,BATS,FUND_ETF_ETN,,,,,,,,UNMEASURED,False,
IQDY,ARCA,FUND_ETF_ETN,,,,,,,,UNMEASURED,False,
IQGR,NASDAQ,FUND_ETF_ETN,,,,,,,,UNMEASURED,False,
IQHI,ARCA,FUND_ETF_ETN,,,,,,,,UNMEASURED,False,
IQI,NYSE,ELIGIBLE,8.95,2223631.966,231472.2,1.0,0.5051,0.0,33.39,D-1,True,3491
IQLT,ARCA,FUND_ETF_ETN,,,,,,,,UNMEASURED,False,
IQM,BATS,FUND_ETF_ETN,,,,,,,,UNMEASURED,False,
IQMM,ARCA,FUND_ETF_ETN,,,,,,,,UNMEASURED,False,
IQMX,NASDAQ,ELIGIBLE,10.61,4184526.342,414580.55,1.0,0.6179,0.0,123.28,D-1,True,3155
IQMXW,NASDAQ,WARRANT,,,,,,,,UNMEASURED,False,
IQQ,NASDAQ,FUND_ETF_ETN,,,,,,,,UNMEASURED,False,
IQQQ,NASDAQ,FUND_ETF_ETN,,,,,,,,UNMEASURED,False,
IQSI,ARCA,FUND_ETF_ETN,,,,,,,,UNMEASURED,False,
IQSM,ARCA,FUND_ETF_ETN,,,,,,,,UNMEASURED,False,
IQST,NASDAQ,ELIGIBLE,0.9881,262506.11643,265478.25,1.0,0.1846,0.0,49.75,D-1,False,
IQSU,ARCA,FUND_ETF_ETN,,,,,,,,UNMEASURED,False,
IQSZ,ARCA,FUND_ETF_ETN,,,,,,,,UNMEASURED,False,
IQV,NYSE,ELIGIBLE,270.37,434577452.892,1633046.25,1.0,0.8692,5.89,13.27,D-1,True,283
IR,NYSE,ELIGIBLE,76.08,335455209.73249996,4530005.2,1.0,1.0,7.2,5.94,D-1,True,389
IRAB,NYSE,ELIGIBLE,10.0,410967.2985,41091.4,1.0,0.0,,44.94,D-1,False,
IRAB.U,NYSE,WARRANT,,,,,,,,UNMEASURED,False,
IRAB.WS,NYSE,MALFORMED_OR_NON_COMMON_SYMBOL,,,,,,,,UNMEASURED,False,
IRD,NASDAQ,ELIGIBLE,4.76,28569669.5005,5236229.9,1.0,0.9231,10.4,20.84,D-1,True,1894
IRDM,NASDAQ,ELIGIBLE,48.75,50820641.4445,1075292.0,1.0,0.9385,3.56,12.35,D-1,True,1482
IRE,ARCA,FUND_ETF_ETN,,,,,,,,UNMEASURED,False,
IREC,BATS,FUND_ETF_ETN,,,,,,,,UNMEASURED,False,
IREG,NASDAQ,FUND_ETF_ETN,,,,,,,,UNMEASURED,False,
IREN,NASDAQ,ELIGIBLE,44.125,1707973027.8855,39911799.6,1.0,1.0,19.25,2.28,D-1,True,59
IREX,BATS,FUND_ETF_ETN,,,,,,,,UNMEASURED,False,
IREZ,BATS,FUND_ETF_ETN,,,,,,,,UNMEASURED,False,
IRHO,NASDAQ,ELIGIBLE,10.06,377378.41025,37525.85,1.0,0.0,,,UNMEASURED,False,
IRHOR,NASDAQ,RIGHT,,,,,,,,UNMEASURED,False,
IRHOU,NASDAQ,UNIT,,,,,,,,UNMEASURED,False,
IRIX,NASDAQ,ELIGIBLE,0.625,36247.42222,54198.25,1.0,0.0641,0.0,270.88,D-1,False,
IRM,NYSE,ELIGIBLE,111.38,195044115.452,1705035.05,1.0,0.9154,8.06,15.87,D-1,True,632
IRMD,NASDAQ,ELIGIBLE,85.76,10740019.2905,127746.4,1.0,0.1667,0.0,61.84,D-1,True,2572
IROC,BATS,FUND_ETF_ETN,,,,,,,,UNMEASURED,False,
IRON,NASDAQ,ELIGIBLE,65.24,41152391.6625,566658.8,1.0,0.5077,1.51,31.48,D-1,True,1641
IRRX,OTC,NOT_TRADABLE,,,,,,,,UNMEASURED,False,
IRRXU,OTC,NOT_TRADABLE,,,,,,,,UNMEASURED,False,
IRRXW,OTC,NOT_TRADABLE,,,,,,,,UNMEASURED,False,
IRS,NYSE,DEPOSITARY_NON_ADR,,,,,,,,UNMEASURED,False,
IRT,NYSE,ELIGIBLE,14.63,57091945.02,3742853.95,1.0,0.959,3.45,6.86,D-1,True,1393
IRTC,NASDAQ,ELIGIBLE,110.38,63736949.07474999,553088.4,1.0,0.4769,0.9,33.18,D-1,True,1301
IRTR,ARCA,FUND_ETF_ETN,,,,,,,,UNMEASURED,False,
IRVH,ARCA,FUND_ETF_ETN,,,,,,,,UNMEASURED,False,
IRWD,NASDAQ,ELIGIBLE,4.13,8670282.0935,2031175.3,1.0,0.7795,0.0,24.27,D-1,True,2703
ISBA,NASDAQ,ELIGIBLE,38.45,2386531.5535,61350.15,1.0,0.0615,0.0,147.1,D-1,True,3453
ISBG,BATS,FUND_ETF_ETN,,,,,,,,UNMEASURED,False,
ISCB,ARCA,FUND_ETF_ETN,,,,,,,,UNMEASURED,False,
ISCF,ARCA,FUND_ETF_ETN,,,,,,,,UNMEASURED,False,
ISCG,ARCA,FUND_ETF_ETN,,,,,,,,UNMEASURED,False,
ISCV,ARCA,FUND_ETF_ETN,,,,,,,,UNMEASURED,False,
ISD,NYSE,FUND_ETF_ETN,,,,,,,,UNMEASURED,False,
ISEP,ARCA,FUND_ETF_ETN,,,,,,,,UNMEASURED,False,
ISHG,NASDAQ,FUND_ETF_ETN,,,,,,,,UNMEASURED,False,
ISHP,NASDAQ,FUND_ETF_ETN,,,,,,,,UNMEASURED,False,
ISLUF,OTC,NOT_TRADABLE,,,,,,,,UNMEASURED,False,
ISLWF,OTC,NOT_TRADABLE,,,,,,,,UNMEASURED,False,
ISMD,ARCA,FUND_ETF_ETN,,,,,,,,UNMEASURED,False,
ISMF,BATS,FUND_ETF_ETN,,,,,,,,UNMEASURED,False,
ISNPY,OTC,NOT_LISTED_EXCHANGE,,,,,,,,UNMEASURED,False,
ISNR,NASDAQ,ELIGIBLE,9.83,8226.80443,837.2,1.0,0.0,,,UNMEASURED,False,
ISNRU,NASDAQ,UNIT,,,,,,,,UNMEASURED,False,
ISNRW,NASDAQ,WARRANT,,,,,,,,UNMEASURED,False,
ISOU,AMEX,ELIGIBLE,9.35,1937279.3254999998,189916.6,1.0,0.3103,0.0,42.68,D-1,True,3572
ISPC,NASDAQ,ELIGIBLE,1.26,2183945.543,1451843.25,1.0,0.5256,0.0,82.66,D-1,True,3497
ISPR,NASDAQ,ELIGIBLE,1.35,37358.13675,27146.6,1.0,0.1,34.6,559.44,D-1,False,
ISPY,BATS,FUND_ETF_ETN,,,,,,,,UNMEASURED,False,
ISRA,ARCA,FUND_ETF_ETN,,,,,,,,UNMEASURED,False,
ISRG,NASDAQ,ELIGIBLE,405.18,914772804.4020001,2416009.15,1.0,0.9974,9.69,11.15,D-1,True,122
ISRL,NASDAQ,FUND_ETF_ETN,,,,,,,,UNMEASURED,False,
ISRLF,OTC,NOT_TRADABLE,,,,,,,,UNMEASURED,False,
ISSB,BATS,FUND_ETF_ETN,,,,,,,,UNMEASURED,False,
ISTB,NASDAQ,FUND_ETF_ETN,,,,,,,,UNMEASURED,False,
ISTM,NASDAQ,FUND_ETF_ETN,,,,,,,,UNMEASURED,False,
ISTR,NASDAQ,ELIGIBLE,29.37,2721760.2010000004,89944.35,1.0,0.2128,0.0,47.49,D-1,True,3374
ISUL,NASDAQ,FUND_ETF_ETN,,,,,,,,UNMEASURED,False,
ISUNQ,OTC,NOT_TRADABLE,,,,,,,,UNMEASURED,False,
ISVL,BATS,FUND_ETF_ETN,,,,,,,,UNMEASURED,False,
ISWN,ARCA,FUND_ETF_ETN,,,,,,,,UNMEASURED,False,
IT,NYSE,ELIGIBLE,187.9,197806424.5195,1066638.7,1.0,0.8154,6.41,29.17,D-1,True,628
ITA,BATS,FUND_ETF_ETN,,,,,,,,UNMEASURED,False,
ITAN,ARCA,FUND_ETF_ETN,,,,,,,,UNMEASURED,False,
ITB,BATS,FUND_ETF_ETN,,,,,,,,UNMEASURED,False,
ITCLY,OTC,NOT_TRADABLE,,,,,,,,UNMEASURED,False,
ITDB,ARCA,FUND_ETF_ETN,,,,,,,,UNMEASURED,False,
ITDC,ARCA,FUND_ETF_ETN,,,,,,,,UNMEASURED,False,
ITDD,ARCA,FUND_ETF_ETN,,,,,,,,UNMEASURED,False,
ITDE,ARCA,FUND_ETF_ETN,,,,,,,,UNMEASURED,False,
ITDF,ARCA,FUND_ETF_ETN,,,,,,,,UNMEASURED,False,
ITDG,ARCA,FUND_ETF_ETN,,,,,,,,UNMEASURED,False,
ITDH,ARCA,FUND_ETF_ETN,,,,,,,,UNMEASURED,False,
ITDI,ARCA,FUND_ETF_ETN,,,,,,,,UNMEASURED,False,
ITDJ,ARCA,FUND_ETF_ETN,,,,,,,,UNMEASURED,False,
ITEQ,ARCA,FUND_ETF_ETN,,,,,,,,UNMEASURED,False,
ITG,NASDAQ,ELIGIBLE,10.48,5197902.3335,419597.45,1.0,0.3026,0.0,57.52,D-1,True,3023
ITGR,NYSE,ELIGIBLE,126.34,94918168.68450001,753258.8,1.0,0.6538,0.0,0.79,D-1,True,1024
ITHA,NASDAQ,ELIGIBLE,10.06,229834.419,22852.2,1.0,0.0051,2.48,,UNMEASURED,False,
ITHAU,NASDAQ,UNIT,,,,,,,,UNMEASURED,False,
ITHAW,NASDAQ,WARRANT,,,,,,,,UNMEASURED,False,
ITIC,NASDAQ,ELIGIBLE,286.06,20370965.856,69010.95,1.0,0.0769,0.0,71.74,D-1,True,2137
ITM,BATS,FUND_ETF_ETN,,,,,,,,UNMEASURED,False,
ITOC,NASDAQ,ELIGIBLE,0.2908,326145.946055,1033481.65,1.0,0.1103,0.0,393.38,D-1,False,
ITOCY,OTC,NOT_LISTED_EXCHANGE,,,,,,,,UNMEASURED,False,
ITOT,ARCA,FUND_ETF_ETN,,,,,,,,UNMEASURED,False,
ITP,AMEX,ELIGIBLE,0.1555,51224.471399999995,313429.5,1.0,0.0615,0.0,443.55,D-1,False,
ITRG,AMEX,ELIGIBLE,2.75,5286563.5765,1892270.25,1.0,0.6154,0.0,36.63,D-1,True,3016
ITRI,NASDAQ,ELIGIBLE,89.75,51927978.473000005,557473.55,1.0,0.4923,1.11,34.59,D-1,True,1467
ITRMF,OTC,NOT_TRADABLE,,,,,,,,UNMEASURED,False,
ITRN,NASDAQ,ELIGIBLE,51.69,5259580.119,101751.55,1.0,0.2974,0.0,66.75,D-1,True,3018
ITT,NYSE,ELIGIBLE,206.26,169475017.368,834791.35,1.0,0.9051,9.26,34.71,D-1,True,703
ITUB,NYSE,ELIGIBLE,8.11,173693951.326,21266124.15,1.0,0.9974,9.42,12.37,D-1,True,692
ITVPY,OTC,NOT_LISTED_EXCHANGE,,,,,,,,UNMEASURED,False,
ITW,NYSE,ELIGIBLE,274.32,339977443.373,1260048.5,1.0,0.9564,4.38,10.2,D-1,True,380
ITWO,BATS,FUND_ETF_ETN,,,,,,,,UNMEASURED,False,
IUS,NASDAQ,FUND_ETF_ETN,,,,,,,,UNMEASURED,False,
IUSB,NASDAQ,FUND_ETF_ETN,,,,,,,,UNMEASURED,False,
IUSG,NASDAQ,FUND_ETF_ETN,,,,,,,,UNMEASURED,False,
IUSV,NASDAQ,FUND_ETF_ETN,,,,,,,,UNMEASURED,False,
IVA,NASDAQ,ELIGIBLE,3.37,6474245.009749999,1633153.05,1.0,0.9744,14.98,30.3,D-1,True,2887
IVAL,NASDAQ,FUND_ETF_ETN,,,,,,,,UNMEASURED,False,
IVAUF,OTC,NOT_TRADABLE,,,,,,,,UNMEASURED,False,
IVAWF,OTC,NOT_TRADABLE,,,,,,,,UNMEASURED,False,
IVCAF,OTC,NOT_TRADABLE,,,,,,,,UNMEASURED,False,
IVCBF,OTC,NOT_TRADABLE,,,,,,,,UNMEASURED,False,
IVCRQ,OTC,NOT_TRADABLE,,,,,,,,UNMEASURED,False,
IVCWF,OTC,NOT_TRADABLE,,,,,,,,UNMEASURED,False,
IVDA,NASDAQ,ELIGIBLE,0.3039,111070.83229,371709.15,1.0,0.1667,0.0,83.46,D-1,False,
IVDAW,NASDAQ,WARRANT,,,,,,,,UNMEASURED,False,
IVE,ARCA,FUND_ETF_ETN,,,,,,,,UNMEASURED,False,
IVEP,ARCA,FUND_ETF_ETN,,,,,,,,UNMEASURED,False,
IVES,ARCA,FUND_ETF_ETN,,,,,,,,UNMEASURED,False,
IVF,NASDAQ,ELIGIBLE,0.9447,161142.44163,165124.15,1.0,0.2667,4.74,105.62,D-1,False,
IVLU,ARCA,FUND_ETF_ETN,,,,,,,,UNMEASURED,False,
IVOG,ARCA,FUND_ETF_ETN,,,,,,,,UNMEASURED,False,
IVOL,ARCA,FUND_ETF_ETN,,,,,,,,UNMEASURED,False,
IVOO,ARCA,FUND_ETF_ETN,,,,,,,,UNMEASURED,False,
IVOV,ARCA,FUND_ETF_ETN,,,,,,,,UNMEASURED,False,
IVPR,OTC,NOT_TRADABLE,,,,,,,,UNMEASURED,False,
IVR,NYSE,ELIGIBLE,6.41,21505569.6875,3173052.1,1.0,0.9769,7.81,15.66,D-1,True,2102
IVR.PRC,NYSE,MALFORMED_OR_NON_COMMON_SYMBOL,,,,,,,,UNMEASURED,False,
IVSI,NASDAQ,FUND_ETF_ETN,,,,,,,,UNMEASURED,False,
IVSS,NASDAQ,FUND_ETF_ETN,,,,,,,,UNMEASURED,False,
IVSX,NASDAQ,FUND_ETF_ETN,,,,,,,,UNMEASURED,False,
IVT,NYSE,ELIGIBLE,30.53,19694606.162,624703.15,1.0,0.6462,0.0,6.6,D-1,True,2160
IVV,ARCA,FUND_ETF_ETN,,,,,,,,UNMEASURED,False,
IVVB,BATS,FUND_ETF_ETN,,,,,,,,UNMEASURED,False,
IVVD,NASDAQ,ELIGIBLE,0.9342,4541023.348165,5126847.15,1.0,0.9564,17.53,29.7,D-1,False,
IVVM,BATS,FUND_ETF_ETN,,,,,,,,UNMEASURED,False,
IVVW,BATS,FUND_ETF_ETN,,,,,,,,UNMEASURED,False,
IVW,ARCA,FUND_ETF_ETN,,,,,,,,UNMEASURED,False,
IVZ,NYSE,ELIGIBLE,30.92,132901417.007,4234682.0,1.0,1.0,8.07,3.25,D-1,True,830
IWB,ARCA,FUND_ETF_ETN,,,,,,,,UNMEASURED,False,
IWC,ARCA,FUND_ETF_ETN,,,,,,,,UNMEASURED,False,
IWD,ARCA,FUND_ETF_ETN,,,,,,,,UNMEASURED,False,
IWF,ARCA,FUND_ETF_ETN,,,,,,,,UNMEASURED,False,
IWFG,ARCA,FUND_ETF_ETN,,,,,,,,UNMEASURED,False,
IWL,ARCA,FUND_ETF_ETN,,,,,,,,UNMEASURED,False,
IWLG,ARCA,FUND_ETF_ETN,,,,,,,,UNMEASURED,False,
IWM,ARCA,FUND_ETF_ETN,,,,,,,,UNMEASURED,False,
IWMI,BATS,FUND_ETF_ETN,,,,,,,,UNMEASURED,False,
IWMW,BATS,FUND_ETF_ETN,,,,,,,,UNMEASURED,False,
IWMY,ARCA,FUND_ETF_ETN,,,,,,,,UNMEASURED,False,
IWN,ARCA,FUND_ETF_ETN,,,,,,,,UNMEASURED,False,
IWO,ARCA,FUND_ETF_ETN,,,,,,,,UNMEASURED,False,
IWP,ARCA,FUND_ETF_ETN,,,,,,,,UNMEASURED,False,
IWR,ARCA,FUND_ETF_ETN,,,,,,,,UNMEASURED,False,
IWS,ARCA,FUND_ETF_ETN,,,,,,,,UNMEASURED,False,
IWV,ARCA,FUND_ETF_ETN,,,,,,,,UNMEASURED,False,
IWX,ARCA,FUND_ETF_ETN,,,,,,,,UNMEASURED,False,
IWY,ARCA,FUND_ETF_ETN,,,,,,,,UNMEASURED,False,
IX,NYSE,ELIGIBLE,39.19,12540638.9745,317865.3,1.0,0.5769,0.0,10.2,D-1,True,2460
IXC,ARCA,FUND_ETF_ETN,,,,,,,,UNMEASURED,False,
IXG,ARCA,FUND_ETF_ETN,,,,,,,,UNMEASURED,False,
IXHL,NASDAQ,ELIGIBLE,3.32,337495.4695,97328.35,1.0,0.1385,0.0,89.42,D-1,False,
IXJ,ARCA,FUND_ETF_ETN,,,,,,,,UNMEASURED,False,
IXN,ARCA,FUND_ETF_ETN,,,,,,,,UNMEASURED,False,
IXP,ARCA,FUND_ETF_ETN,,,,,,,,UNMEASURED,False,
IXQWF,OTC,NOT_TRADABLE,,,,,,,,UNMEASURED,False,
IXUS,NASDAQ,FUND_ETF_ETN,,,,,,,,UNMEASURED,False,
IYC,ARCA,FUND_ETF_ETN,,,,,,,,UNMEASURED,False,
IYE,ARCA,FUND_ETF_ETN,,,,,,,,UNMEASURED,False,
IYF,ARCA,FUND_ETF_ETN,,,,,,,,UNMEASURED,False,
IYG,ARCA,FUND_ETF_ETN,,,,,,,,UNMEASURED,False,
IYH,ARCA,FUND_ETF_ETN,,,,,,,,UNMEASURED,False,
IYJ,BATS,FUND_ETF_ETN,,,,,,,,UNMEASURED,False,
IYK,ARCA,FUND_ETF_ETN,,,,,,,,UNMEASURED,False,
IYLD,BATS,FUND_ETF_ETN,,,,,,,,UNMEASURED,False,
IYM,ARCA,FUND_ETF_ETN,,,,,,,,UNMEASURED,False,
IYR,ARCA,FUND_ETF_ETN,,,,,,,,UNMEASURED,False,
IYRI,BATS,FUND_ETF_ETN,,,,,,,,UNMEASURED,False,
IYT,BATS,FUND_ETF_ETN,,,,,,,,UNMEASURED,False,
IYW,ARCA,FUND_ETF_ETN,,,,,,,,UNMEASURED,False,
IYY,ARCA,FUND_ETF_ETN,,,,,,,,UNMEASURED,False,
IYZ,BATS,FUND_ETF_ETN,,,,,,,,UNMEASURED,False,
IZEA,NASDAQ,ELIGIBLE,2.59,97162.31975,34997.85,1.0,0.1256,0.0,328.77,D-1,False,
IZM,NASDAQ,NOT_TRADABLE,,,,,,,,UNMEASURED,False,
IZRL,BATS,FUND_ETF_ETN,,,,,,,,UNMEASURED,False,
J,NYSE,ELIGIBLE,138.37,115520719.044,802108.65,1.0,0.8385,3.29,19.62,D-1,True,904
JA,ARCA,FUND_ETF_ETN,,,,,,,,UNMEASURED,False,
JAAA,ARCA,FUND_ETF_ETN,,,,,,,,UNMEASURED,False,
JABS,ARCA,FUND_ETF_ETN,,,,,,,,UNMEASURED,False,
JACK,NASDAQ,ELIGIBLE,13.455,7948395.16275,548644.9,1.0,0.7308,3.7,18.73,D-1,True,2764
JACS,NYSE,ELIGIBLE,10.83,544955.68975,50671.2,1.0,0.0026,0.0,9.26,D-1,False,
JACS.RT,NYSE,MALFORMED_OR_NON_COMMON_SYMBOL,,,,,,,,UNMEASURED,False,
JACS.U,NYSE,RIGHT,,,,,,,,UNMEASURED,False,
JADB,BATS,FUND_ETF_ETN,,,,,,,,UNMEASURED,False,
JADE,ARCA,FUND_ETF_ETN,,,,,,,,UNMEASURED,False,
JAGU,AMEX,ELIGIBLE,1.44,182206.9075,116208.35,1.0,0.3333,0.0,141.84,D-1,False,
JAGX,NASDAQ,ELIGIBLE,7.7,65961946.0347,3657518.4,1.0,0.959,137.17,69.92,D-1,True,1275
JAJL,BATS,FUND_ETF_ETN,,,,,,,,UNMEASURED,False,
JAKK,NASDAQ,ELIGIBLE,25.26,1238668.541,50628.15,1.0,0.1179,0.0,72.41,D-1,True,3815
JAN,NYSE,ELIGIBLE,30.05,56541680.2955,1853405.8,1.0,0.8641,3.36,8.38,D-1,True,1402
JANB,BATS,FUND_ETF_ETN,,,,,,,,UNMEASURED,False,
JANH,BATS,FUND_ETF_ETN,,,,,,,,UNMEASURED,False,
JANI,BATS,FUND_ETF_ETN,,,,,,,,UNMEASURED,False,
JANJ,BATS,FUND_ETF_ETN,,,,,,,,UNMEASURED,False,
JANM,BATS,FUND_ETF_ETN,,,,,,,,UNMEASURED,False,
JANP,BATS,FUND_ETF_ETN,,,,,,,,UNMEASURED,False,
JANT,BATS,FUND_ETF_ETN,,,,,,,,UNMEASURED,False,
JANU,BATS,FUND_ETF_ETN,,,,,,,,UNMEASURED,False,
JANW,BATS,FUND_ETF_ETN,,,,,,,,UNMEASURED,False,
JANX,NASDAQ,ELIGIBLE,16.3,18260724.61825,1025557.2,1.0,0.7128,6.09,18.45,D-1,True,2212
JANZ,BATS,FUND_ETF_ETN,,,,,,,,UNMEASURED,False,
JAPAY,OTC,NOT_LISTED_EXCHANGE,,,,,,,,UNMEASURED,False,
JAPN,NASDAQ,FUND_ETF_ETN,,,,,,,,UNMEASURED,False,
JAPSY,OTC,NOT_LISTED_EXCHANGE,,,,,,,,UNMEASURED,False,
JATT,NASDAQ,ELIGIBLE,11.15,178039.335,14926.15,1.0,0.1026,0.0,166.25,D-1,False,
JAVA,ARCA,FUND_ETF_ETN,,,,,,,,UNMEASURED,False,
JAZZ,NASDAQ,ELIGIBLE,237.95,191942419.0345,791357.6,1.0,0.6538,3.16,13.67,D-1,True,641
JBAXY,OTC,NOT_LISTED_EXCHANGE,,,,,,,,UNMEASURED,False,
JBBB,BATS,FUND_ETF_ETN,,,,,,,,UNMEASURED,False,
JBDI,NASDAQ,NOT_TRADABLE,,,,,,,,UNMEASURED,False,
JBFCY,OTC,NOT_LISTED_EXCHANGE,,,,,,,,UNMEASURED,False,
JBGS,NYSE,ELIGIBLE,10.53,12275947.009,1088888.85,1.0,0.8564,4.74,19.04,D-1,True,2478
JBHT,NASDAQ,ELIGIBLE,225.46,302682333.79499996,1219061.65,1.0,0.9103,7.08,11.2,D-1,True,425
JBI,NYSE,ELIGIBLE,4.21,11006839.8325,2416617.0,1.0,0.9795,11.86,23.93,D-1,True,2559
JBIO,NASDAQ,ELIGIBLE,14.42,18152750.2895,1017560.65,1.0,0.5923,3.43,31.02,D-1,True,2215
JBK,NYSE,ELIGIBLE,25.32,4404.8805,172.9,1.0,0.0,,77.44,D-1,False,
JBL,NYSE,ELIGIBLE,316.74,343579929.0995,1128033.1,1.0,1.0,11.09,11.3,D-1,True,372
JBLG,BATS,FUND_ETF_ETN,,,,,,,,UNMEASURED,False,
JBLU,NASDAQ,ELIGIBLE,4.4,82225206.631,18413348.4,1.0,1.0,22.59,22.86,D-1,True,1112
JBND,NYSE,FUND_ETF_ETN,,,,,,,,UNMEASURED,False,
JBS,NYSE,ELIGIBLE,11.57,63215072.453999996,5064508.6,1.0,0.9846,6.63,8.64,D-1,True,1302
JBSS,NASDAQ,ELIGIBLE,67.24,8654207.921500001,123633.65,1.0,0.1718,0.0,55.99,D-1,True,2705
JBTM,NYSE,ELIGIBLE,110.09,61041527.633,538485.1,1.0,0.6487,0.0,27.03,D-1,True,1336
JCAL,ARCA,FUND_ETF_ETN,,,,,,,,UNMEASURED,False,
JCAP,NASDAQ,ELIGIBLE,19.46,5029220.522,242632.75,1.0,0.3846,0.0,46.3,D-1,True,3039
JCE,NYSE,FUND_ETF_ETN,,,,,,,,UNMEASURED,False,
JCHI,ARCA,FUND_ETF_ETN,,,,,,,,UNMEASURED,False,
JCI,NYSE,ELIGIBLE,150.2,476388430.64,3339020.7,1.0,0.9949,6.05,7.38,D-1,True,257
JCPB,ARCA,FUND_ETF_ETN,,,,,,,,UNMEASURED,False,
JCPI,ARCA,FUND_ETF_ETN,,,,,,,,UNMEASURED,False,
JCSE,NASDAQ,NOT_TRADABLE,,,,,,,,UNMEASURED,False,
JCTC,NASDAQ,ELIGIBLE,2.91,28644.33323,9758.65,1.0,0.0179,0.0,238.5,D-1,False,
JD,NASDAQ,ELIGIBLE,26.51,163752455.502,5984009.0,1.0,0.9923,3.77,3.77,D-1,True,722
JDIV,ARCA,FUND_ETF_ETN,,,,,,,,UNMEASURED,False,
JDOC,NASDAQ,FUND_ETF_ETN,,,,,,,,UNMEASURED,False,
JDST,ARCA,FUND_ETF_ETN,,,,,,,,UNMEASURED,False,
JDVI,ARCA,FUND_ETF_ETN,,,,,,,,UNMEASURED,False,
JDVL,ARCA,FUND_ETF_ETN,,,,,,,,UNMEASURED,False,
JDZG,NASDAQ,ELIGIBLE,4.31,2565866.5285,648213.6,1.0,0.5179,0.0,64.53,D-1,True,3412
JEDI,ARCA,FUND_ETF_ETN,,,,,,,,UNMEASURED,False,
JEF,NYSE,ELIGIBLE,47.68,106893474.422,2144511.55,1.0,0.9795,6.43,9.57,D-1,True,951
JELD,NYSE,ELIGIBLE,1.84,3404086.8060000003,1632044.2,1.0,0.5487,0.0,56.19,D-1,True,3262
JELH,BATS,FUND_ETF_ETN,,,,,,,,UNMEASURED,False,
JELM,BATS,FUND_ETF_ETN,,,,,,,,UNMEASURED,False,
JEM,NASDAQ,ELIGIBLE,3.79,187803.6885,45676.4,1.0,0.0821,0.0,391.64,D-1,False,
JEMA,NASDAQ,FUND_ETF_ETN,,,,,,,,UNMEASURED,False,
JEMB,ARCA,FUND_ETF_ETN,,,,,,,,UNMEASURED,False,
JENA,NYSE,ELIGIBLE,10.39,239835.96150000003,23082.45,1.0,0.0051,0.0,48.05,D-1,False,
JENA.RT,NYSE,MALFORMED_OR_NON_COMMON_SYMBOL,,,,,,,,UNMEASURED,False,
JENA.U,NYSE,RIGHT,,,,,,,,UNMEASURED,False,
JENGQ,OTC,NOT_TRADABLE,,,,,,,,UNMEASURED,False,
JEPI,ARCA,FUND_ETF_ETN,,,,,,,,UNMEASURED,False,
JEPQ,NASDAQ,FUND_ETF_ETN,,,,,,,,UNMEASURED,False,
JETD,ARCA,FUND_ETF_ETN,,,,,,,,UNMEASURED,False,
JETS,ARCA,FUND_ETF_ETN,,,,,,,,UNMEASURED,False,
JETU,ARCA,FUND_ETF_ETN,,,,,,,,UNMEASURED,False,
JEWL,OTC,NOT_TRADABLE,,,,,,,,UNMEASURED,False,
JF,NASDAQ,ELIGIBLE,0.95,7181.014125,7432.05,1.0,0.0179,0.0,,UNMEASURED,False,
JFIN,NASDAQ,ELIGIBLE,1.51,123047.30958,72322.1,1.0,0.0462,0.0,,UNMEASURED,False,
JFLI,ARCA,FUND_ETF_ETN,,,,,,,,UNMEASURED,False,
JFLX,ARCA,FUND_ETF_ETN,,,,,,,,UNMEASURED,False,
JFR,NYSE,FUND_ETF_ETN,,,,,,,,UNMEASURED,False,
JFU,NASDAQ,ELIGIBLE,2.67,11209.035249999999,4247.5,1.0,0.0,,1176.47,D-1,False,
JG,NASDAQ,ELIGIBLE,6.79,28325.162115000003,4394.85,1.0,0.0103,0.0,238.27,D-1,False,
JGH,NYSE,FUND_ETF_ETN,,,,,,,,UNMEASURED,False,
JGLO,NASDAQ,FUND_ETF_ETN,,,,,,,,UNMEASURED,False,
JGRO,ARCA,FUND_ETF_ETN,,,,,,,,UNMEASURED,False,
JGRW,ARCA,FUND_ETF_ETN,,,,,,,,UNMEASURED,False,
JGSMY,OTC,NOT_TRADABLE,,,,,,,,UNMEASURED,False,
JHAC,ARCA,FUND_ETF_ETN,,,,,,,,UNMEASURED,False,
JHAI,NASDAQ,FUND_ETF_ETN,,,,,,,,UNMEASURED,False,
JHCB,ARCA,FUND_ETF_ETN,,,,,,,,UNMEASURED,False,
JHCP,ARCA,FUND_ETF_ETN,,,,,,,,UNMEASURED,False,
JHCR,ARCA,FUND_ETF_ETN,,,,,,,,UNMEASURED,False,
JHDG,ARCA,FUND_ETF_ETN,,,,,,,,UNMEASURED,False,
JHDV,ARCA,FUND_ETF_ETN,,,,,,,,UNMEASURED,False,
JHEM,ARCA,FUND_ETF_ETN,,,,,,,,UNMEASURED,False,
JHHY,ARCA,FUND_ETF_ETN,,,,,,,,UNMEASURED,False,
JHI,NYSE,ELIGIBLE,12.25,343714.13919,26793.35,1.0,0.059,0.0,45.17,D-1,False,
JHID,ARCA,FUND_ETF_ETN,,,,,,,,UNMEASURED,False,
JHLN,ARCA,FUND_ETF_ETN,,,,,,,,UNMEASURED,False,
JHMB,ARCA,FUND_ETF_ETN,,,,,,,,UNMEASURED,False,
JHMD,ARCA,FUND_ETF_ETN,,,,,,,,UNMEASURED,False,
JHML,ARCA,FUND_ETF_ETN,,,,,,,,UNMEASURED,False,
JHMM,ARCA,FUND_ETF_ETN,,,,,,,,UNMEASURED,False,
JHMU,ARCA,FUND_ETF_ETN,,,,,,,,UNMEASURED,False,
JHPI,ARCA,FUND_ETF_ETN,,,,,,,,UNMEASURED,False,
JHS,NYSE,ELIGIBLE,10.41,124178.72234999998,11685.2,1.0,0.0436,0.0,62.49,D-1,False,
JHSC,ARCA,FUND_ETF_ETN,,,,,,,,UNMEASURED,False,
JHX,NYSE,ELIGIBLE,26.1,377610639.80799997,13825422.4,1.0,1.0,7.72,3.83,D-1,True,334
JIDE,ARCA,FUND_ETF_ETN,,,,,,,,UNMEASURED,False,
JIG,ARCA,FUND_ETF_ETN,,,,,,,,UNMEASURED,False,
JIII,ARCA,FUND_ETF_ETN,,,,,,,,UNMEASURED,False,
JILL,NYSE,ELIGIBLE,24.63,5025364.779,219299.9,1.0,0.2077,0.0,114.91,D-1,True,3040
JINT,NASDAQ,FUND_ETF_ETN,,,,,,,,UNMEASURED,False,
JIRE,ARCA,FUND_ETF_ETN,,,,,,,,UNMEASURED,False,
JIVE,NASDAQ,FUND_ETF_ETN,,,,,,,,UNMEASURED,False,
JJSF,NASDAQ,ELIGIBLE,77.51,16010306.757500002,195716.5,1.0,0.2359,0.0,47.83,D-1,True,2291
JKHY,NASDAQ,ELIGIBLE,147.79,166035648.5365,1048572.05,1.0,0.7051,2.37,14.02,D-1,True,714
JKS,NYSE,ELIGIBLE,9.67,9576423.6565,841689.4,1.0,0.759,5.22,25.91,D-1,True,2641
JL,NASDAQ,ELIGIBLE,4.85,92340.04368500001,19226.8,1.0,0.0179,0.0,680.57,D-1,False,
JLCO,ARCA,FUND_ETF_ETN,,,,,,,,UNMEASURED,False,
JLHL,NASDAQ,ELIGIBLE,5.785,4210656.34325,670896.85,1.0,0.1795,0.0,104.82,D-1,True,3153
JLL,NYSE,ELIGIBLE,321.91,117149006.12249999,340010.1,1.0,0.9179,4.01,21.13,D-1,True,897
JLQD,ARCA,FUND_ETF_ETN,,,,,,,,UNMEASURED,False,
JLS,NYSE,FUND_ETF_ETN,,,,,,,,UNMEASURED,False,
JLVP,NASDAQ,FUND_ETF_ETN,,,,,,,,UNMEASURED,False,
JMBS,ARCA,FUND_ETF_ETN,,,,,,,,UNMEASURED,False,
JMEE,ARCA,FUND_ETF_ETN,,,,,,,,UNMEASURED,False,
JMHI,ARCA,FUND_ETF_ETN,,,,,,,,UNMEASURED,False,
JMIA,NYSE,ELIGIBLE,6.88,10851028.9175,1523956.75,1.0,0.8231,7.11,14.53,D-1,True,2569
JMID,NASDAQ,FUND_ETF_ETN,,,,,,,,UNMEASURED,False,
JMKE,NYSE,ELIGIBLE,16.99,69847700.4515,3468256.45,1.0,0.9974,8.78,11.66,D-1,True,1239
JMM,NYSE,FUND_ETF_ETN,,,,,,,,UNMEASURED,False,
JMMF,ARCA,FUND_ETF_ETN,,,,,,,,UNMEASURED,False,
JMOM,ARCA,FUND_ETF_ETN,,,,,,,,UNMEASURED,False,
JMSB,NASDAQ,ELIGIBLE,23.09,1896791.51925,81916.6,1.0,0.1436,0.0,90.55,D-1,True,3583
JMSI,ARCA,FUND_ETF_ETN,,,,,,,,UNMEASURED,False,
JMST,ARCA,FUND_ETF_ETN,,,,,,,,UNMEASURED,False,
JMTG,ARCA,FUND_ETF_ETN,,,,,,,,UNMEASURED,False,
JMUB,ARCA,FUND_ETF_ETN,,,,,,,,UNMEASURED,False,
JNEU,BATS,FUND_ETF_ETN,,,,,,,,UNMEASURED,False,
JNJ,NYSE,ELIGIBLE,271.22,1721506398.1465,6382361.6,1.0,0.9974,4.8,4.44,D-1,True,58
JNK,ARCA,FUND_ETF_ETN,,,,,,,,UNMEASURED,False,
JNUG,ARCA,FUND_ETF_ETN,,,,,,,,UNMEASURED,False,
JOB,AMEX,ELIGIBLE,0.2352,46719.45443,196499.35,1.0,0.0538,0.0,141.2,D-1,False,
JOBC,BATS,FUND_ETF_ETN,,,,,,,,UNMEASURED,False,
JOBX,BATS,FUND_ETF_ETN,,,,,,,,UNMEASURED,False,
JOBY,NYSE,ELIGIBLE,6.32,166435513.866,25702483.7,1.0,1.0,15.93,15.94,D-1,True,713
JOE,NYSE,ELIGIBLE,65.3,19579835.066999998,302133.65,1.0,0.341,0.0,54.47,D-1,True,2165
JOET,ARCA,FUND_ETF_ETN,,,,,,,,UNMEASURED,False,
JOF,NYSE,FUND_ETF_ETN,,,,,,,,UNMEASURED,False,
JOJO,ARCA,FUND_ETF_ETN,,,,,,,,UNMEASURED,False,
JONE,NASDAQ,ELIGIBLE,9.83,377292.894325,38386.6875,0.8,0.0051,0.0,,UNMEASURED,False,
JONER,NASDAQ,RIGHT,,,,,,,,UNMEASURED,False,
JONEU,NASDAQ,UNIT,,,,,,,,UNMEASURED,False,
JOUL,BATS,FUND_ETF_ETN,,,,,,,,UNMEASURED,False,
JOUT,NASDAQ,ELIGIBLE,44.43,1851825.7695,41345.15,1.0,0.0692,0.0,131.92,D-1,True,3591
JOYT,NASDAQ,FUND_ETF_ETN,,,,,,,,UNMEASURED,False,
JOYY,NASDAQ,ELIGIBLE,79.77,31022083.246,401404.55,1.0,0.7077,1.47,21.94,D-1,True,1832
JPAN,ARCA,FUND_ETF_ETN,,,,,,,,UNMEASURED,False,
JPC,NYSE,FUND_ETF_ETN,,,,,,,,UNMEASURED,False,
JPEF,NASDAQ,FUND_ETF_ETN,,,,,,,,UNMEASURED,False,
JPEM,ARCA,FUND_ETF_ETN,,,,,,,,UNMEASURED,False,
JPFP,NASDAQ,FUND_ETF_ETN,,,,,,,,UNMEASURED,False,
JPHY,ARCA,FUND_ETF_ETN,,,,,,,,UNMEASURED,False,
JPIB,ARCA,FUND_ETF_ETN,,,,,,,,UNMEASURED,False,
JPIE,ARCA,FUND_ETF_ETN,,,,,,,,UNMEASURED,False,
JPIN,ARCA,FUND_ETF_ETN,,,,,,,,UNMEASURED,False,
JPLD,ARCA,FUND_ETF_ETN,,,,,,,,UNMEASURED,False,
JPM,NYSE,ELIGIBLE,343.06,2701930592.2720003,7718469.15,1.0,1.0,5.94,2.65,D-1,True,32
JPM.PRC,NYSE,MALFORMED_OR_NON_COMMON_SYMBOL,,,,,,,,UNMEASURED,False,
JPM.PRD,NYSE,MALFORMED_OR_NON_COMMON_SYMBOL,,,,,,,,UNMEASURED,False,
JPM.PRJ,NYSE,MALFORMED_OR_NON_COMMON_SYMBOL,,,,,,,,UNMEASURED,False,
JPM.PRK,NYSE,MALFORMED_OR_NON_COMMON_SYMBOL,,,,,,,,UNMEASURED,False,
JPM.PRL,NYSE,MALFORMED_OR_NON_COMMON_SYMBOL,,,,,,,,UNMEASURED,False,
JPM.PRM,NYSE,MALFORMED_OR_NON_COMMON_SYMBOL,,,,,,,,UNMEASURED,False,
JPMB,ARCA,FUND_ETF_ETN,,,,,,,,UNMEASURED,False,
JPME,ARCA,FUND_ETF_ETN,,,,,,,,UNMEASURED,False,
JPND,BATS,FUND_ETF_ETN,,,,,,,,UNMEASURED,False,
JPNU,BATS,FUND_ETF_ETN,,,,,,,,UNMEASURED,False,
JPO,ARCA,FUND_ETF_ETN,,,,,,,,UNMEASURED,False,
JPPYY,OTC,NOT_TRADABLE,,,,,,,,UNMEASURED,False,
JPRE,ARCA,FUND_ETF_ETN,,,,,,,,UNMEASURED,False,
JPRF,ARCA,FUND_ETF_ETN,,,,,,,,UNMEASURED,False,
JPSE,ARCA,FUND_ETF_ETN,,,,,,,,UNMEASURED,False,
JPST,ARCA,FUND_ETF_ETN,,,,,,,,UNMEASURED,False,
JPSV,ARCA,FUND_ETF_ETN,,,,,,,,UNMEASURED,False,
JPUS,ARCA,FUND_ETF_ETN,,,,,,,,UNMEASURED,False,
JPXGY,OTC,NOT_LISTED_EXCHANGE,,,,,,,,UNMEASURED,False,
JPXN,ARCA,FUND_ETF_ETN,,,,,,,,UNMEASURED,False,
JPY,NASDAQ,FUND_ETF_ETN,,,,,,,,UNMEASURED,False,
JQC,NYSE,FUND_ETF_ETN,,,,,,,,UNMEASURED,False,
JQUA,ARCA,FUND_ETF_ETN,,,,,,,,UNMEASURED,False,
JRI,NYSE,FUND_ETF_ETN,,,,,,,,UNMEASURED,False,
JRJCY,OTC,NOT_TRADABLE,,,,,,,,UNMEASURED,False,
JRS,NYSE,FUND_ETF_ETN,,,,,,,,UNMEASURED,False,
JRSH,NASDAQ,ELIGIBLE,5.68,445388.36775000003,80918.5,1.0,0.2026,0.0,132.58,D-1,False,
JRVR,NASDAQ,ELIGIBLE,3.53,1168969.572,304733.15,1.0,0.4333,0.0,28.29,D-1,True,3853
JSAIY,OTC,NOT_LISTED_EXCHANGE,,,,,,,,UNMEASURED,False,
JSCP,ARCA,FUND_ETF_ETN,,,,,,,,UNMEASURED,False,
JSI,ARCA,FUND_ETF_ETN,,,,,,,,UNMEASURED,False,
JSM,NASDAQ,NOTE_DEBT,,,,,,,,UNMEASURED,False,
JSMD,NASDAQ,FUND_ETF_ETN,,,,,,,,UNMEASURED,False,
JSML,NASDAQ,FUND_ETF_ETN,,,,,,,,UNMEASURED,False,
JSPR,NASDAQ,ELIGIBLE,0.6091,226435.72920499998,350073.7,1.0,0.2641,1.65,113.58,D-1,False,
JSTC,ARCA,FUND_ETF_ETN,,,,,,,,UNMEASURED,False,
JTAI,NASDAQ,ELIGIBLE,1.56,920125.99875,535100.75,1.0,0.1795,0.0,276.56,D-1,False,
JTEK,NASDAQ,FUND_ETF_ETN,,,,,,,,UNMEASURED,False,
JTKWY,OTC,NOT_TRADABLE,,,,,,,,UNMEASURED,False,
JTNY,ARCA,FUND_ETF_ETN,,,,,,,,UNMEASURED,False,
JTTT,NASDAQ,ELIGIBLE,10.94,295750.1395,26880.7,1.0,0.0051,22.82,,UNMEASURED,False,
JUCY,BATS,FUND_ETF_ETN,,,,,,,,UNMEASURED,False,
JUDB,BATS,FUND_ETF_ETN,,,,,,,,UNMEASURED,False,
JUDO,BATS,FUND_ETF_ETN,,,,,,,,UNMEASURED,False,
JULB,BATS,FUND_ETF_ETN,,,,,,,,UNMEASURED,False,
JULC,BATS,FUND_ETF_ETN,,,,,,,,UNMEASURED,False,
JULH,BATS,FUND_ETF_ETN,,,,,,,,UNMEASURED,False,
JULI,BATS,FUND_ETF_ETN,,,,,,,,UNMEASURED,False,
JULJ,BATS,FUND_ETF_ETN,,,,,,,,UNMEASURED,False,
JULM,BATS,FUND_ETF_ETN,,,,,,,,UNMEASURED,False,
JULP,BATS,FUND_ETF_ETN,,,,,,,,UNMEASURED,False,
JULT,BATS,FUND_ETF_ETN,,,,,,,,UNMEASURED,False,
JULU,BATS,FUND_ETF_ETN,,,,,,,,UNMEASURED,False,
JULV,ARCA,FUND_ETF_ETN,,,,,,,,UNMEASURED,False,
JULW,BATS,FUND_ETF_ETN,,,,,,,,UNMEASURED,False,
JULZ,BATS,FUND_ETF_ETN,,,,,,,,UNMEASURED,False,
JUNC,BATS,FUND_ETF_ETN,,,,,,,,UNMEASURED,False,
JUNM,BATS,FUND_ETF_ETN,,,,,,,,UNMEASURED,False,
JUNP,BATS,FUND_ETF_ETN,,,,,,,,UNMEASURED,False,
JUNS,NASDAQ,ELIGIBLE,2.67,262037.08325,79110.1,1.0,0.0795,0.0,444.41,D-1,False,
JUNT,BATS,FUND_ETF_ETN,,,,,,,,UNMEASURED,False,
JUNW,BATS,FUND_ETF_ETN,,,,,,,,UNMEASURED,False,
JUNZ,BATS,FUND_ETF_ETN,,,,,,,,UNMEASURED,False,
JUSA,ARCA,FUND_ETF_ETN,,,,,,,,UNMEASURED,False,
JUST,ARCA,FUND_ETF_ETN,,,,,,,,UNMEASURED,False,
JVA,NASDAQ,ELIGIBLE,4.06,283087.5285,71396.7,1.0,0.1308,0.0,99.13,D-1,False,
JVAL,ARCA,FUND_ETF_ETN,,,,,,,,UNMEASURED,False,
JWEL,NASDAQ,ELIGIBLE,2.61,176744.093,76377.05,1.0,0.1308,0.0,808.15,D-1,False,
JXG,NASDAQ,ELIGIBLE,6.92,170877.606,19855.1,1.0,0.0718,0.0,,UNMEASURED,False,
JXI,ARCA,FUND_ETF_ETN,,,,,,,,UNMEASURED,False,
JXN,NYSE,ELIGIBLE,133.12,119046172.5405,888098.3,1.0,0.8564,2.74,11.92,D-1,True,893
JXN.PRA,NYSE,MALFORMED_OR_NON_COMMON_SYMBOL,,,,,,,,UNMEASURED,False,
JXX,BATS,FUND_ETF_ETN,,,,,,,,UNMEASURED,False,
JYD,NASDAQ,ELIGIBLE,0.97,95072.03644499999,124610.9,1.0,0.0128,0.0,,UNMEASURED,False,
JYNT,NASDAQ,ELIGIBLE,8.23,783149.8105,94062.05,1.0,0.1641,0.0,60.8,D-1,False,
JZ,NASDAQ,NOT_TRADABLE,,,,,,,,UNMEASURED,False,
JZXN,NASDAQ,ELIGIBLE,1.13,3214450.17,2505554.35,1.0,0.1179,0.0,329.05,D-1,True,3289
KACLF,OTC,NOT_TRADABLE,,,,,,,,UNMEASURED,False,
KACWF,OTC,NOT_TRADABLE,,,,,,,,UNMEASURED,False,
KAI,NYSE,ELIGIBLE,273.89,47614807.4905,170680.25,1.0,0.3,0.18,65.09,D-1,True,1527
KAIT,ARCA,FUND_ETF_ETN,,,,,,,,UNMEASURED,False,
KALA,NASDAQ,ELIGIBLE,0.4756,453459.184825,808784.8,1.0,0.3231,0.0,66.55,D-1,False,
KALU,NASDAQ,ELIGIBLE,152.55,33883165.2155,216364.45,1.0,0.2231,0.0,43.77,D-1,True,1772
KAMO,BATS,FUND_ETF_ETN,,,,,,,,UNMEASURED,False,
KANT,OTC,NOT_TRADABLE,,,,,,,,UNMEASURED,False,
KAOOY,OTC,NOT_LISTED_EXCHANGE,,,,,,,,UNMEASURED,False,
KAPA,AMEX,ELIGIBLE,1.72,176269.61440000002,100468.35,1.0,0.0949,0.0,227.61,D-1,False,
KAPR,BATS,FUND_ETF_ETN,,,,,,,,UNMEASURED,False,
KARD,NASDAQ,ELIGIBLE,14.79,14036394.871000001,812328.35,1.0,0.5795,9.89,60.64,D-1,True,2388
KARO,NASDAQ,ELIGIBLE,61.63,4405537.3895000005,67898.85,1.0,0.1231,0.0,171.04,D-1,True,3123
KARS,ARCA,FUND_ETF_ETN,,,,,,,,UNMEASURED,False,
KAT,NASDAQ,FUND_ETF_ETN,,,,,,,,UNMEASURED,False,
KATT,BATS,FUND_ETF_ETN,,,,,,,,UNMEASURED,False,
KAUG,BATS,FUND_ETF_ETN,,,,,,,,UNMEASURED,False,
KAVL,OTC,NOT_TRADABLE,,,,,,,,UNMEASURED,False,
KAZR,NASDAQ,ELIGIBLE,2.68,711431.58825,318634.8,1.0,0.4205,0.0,183.25,D-1,False,
KB,NYSE,ELIGIBLE,127.26,19581992.7945,152900.4,1.0,0.2256,0.0,43.67,D-1,True,2164
KBA,ARCA,FUND_ETF_ETN,,,,,,,,UNMEASURED,False,
KBAB,NASDAQ,FUND_ETF_ETN,,,,,,,,UNMEASURED,False,
KBCSY,OTC,NOT_LISTED_EXCHANGE,,,,,,,,UNMEASURED,False,
KBDC,NYSE,ELIGIBLE,13.04,4602386.5805,349052.5,1.0,0.5359,0.0,7.67,D-1,True,3100
KBDU,NASDAQ,FUND_ETF_ETN,,,,,,,,UNMEASURED,False,
KBE,ARCA,FUND_ETF_ETN,,,,,,,,UNMEASURED,False,
KBFR,ARCA,FUND_ETF_ETN,,,,,,,,UNMEASURED,False,
KBH,NYSE,ELIGIBLE,48.01,83690856.572,1713544.2,1.0,0.9308,6.25,6.29,D-1,True,1103
KBNT,OTC,NOT_TRADABLE,,,,,,,,UNMEASURED,False,
KBON,NASDAQ,ELIGIBLE,10.07,641314.7502499999,63536.3,1.0,0.0,,49.53,D-1,False,
KBONU,NASDAQ,UNIT,,,,,,,,UNMEASURED,False,
KBONW,NASDAQ,WARRANT,,,,,,,,UNMEASURED,False,
KBR,NYSE,ELIGIBLE,34.54,47072267.989999995,1297459.3,1.0,0.9615,4.42,8.8,D-1,True,1537
KBSX,NASDAQ,ELIGIBLE,1.68,25643.04969,20562.05,1.0,0.1231,0.0,278.83,D-1,False,
KBUF,ARCA,FUND_ETF_ETN,,,,,,,,UNMEASURED,False,
KBWB,NASDAQ,FUND_ETF_ETN,,,,,,,,UNMEASURED,False,
KBWD,NASDAQ,FUND_ETF_ETN,,,,,,,,UNMEASURED,False,
KBWP,NASDAQ,FUND_ETF_ETN,,,,,,,,UNMEASURED,False,
KBWY,NASDAQ,FUND_ETF_ETN,,,,,,,,UNMEASURED,False,
KC,NASDAQ,ELIGIBLE,9.66,12002273.981,1194153.65,1.0,0.7923,0.0,10.3,D-1,True,2491
KCA.U,NYSE,WARRANT,,,,,,,,UNMEASURED,False,
KCAC.U,NYSE,WARRANT,,,,,,,,UNMEASURED,False,
KCAC.WS,NYSE,MALFORMED_OR_NON_COMMON_SYMBOL,,,,,,,,UNMEASURED,False,
KCAI,ARCA,FUND_ETF_ETN,,,,,,,,UNMEASURED,False,
KCCA,ARCA,FUND_ETF_ETN,,,,,,,,UNMEASURED,False,
KCDMY,OTC,NOT_LISTED_EXCHANGE,,,,,,,,UNMEASURED,False,
KCE,ARCA,FUND_ETF_ETN,,,,,,,,UNMEASURED,False,
KCHP,ARCA,FUND_ETF_ETN,,,,,,,,UNMEASURED,False,
KCHV,NASDAQ,ELIGIBLE,10.45,302588.89968,28966.6,1.0,0.0,,,UNMEASURED,False,
KCHVR,NASDAQ,RIGHT,,,,,,,,UNMEASURED,False,
KCHVU,NASDAQ,UNIT,,,,,,,,UNMEASURED,False,
KCOP,BATS,FUND_ETF_ETN,,,,,,,,UNMEASURED,False,
KCSH,ARCA,FUND_ETF_ETN,,,,,,,,UNMEASURED,False,
KD,NYSE,ELIGIBLE,11.6,46106942.2825,3628609.25,1.0,0.9949,8.47,8.43,D-1,True,1557
KDDIY,OTC,NOT_LISTED_EXCHANGE,,,,,,,,UNMEASURED,False,
KDEC,BATS,FUND_ETF_ETN,,,,,,,,UNMEASURED,False,
KDEF,ARCA,FUND_ETF_ETN,,,,,,,,UNMEASURED,False,
KDK,NASDAQ,ELIGIBLE,2.43,8197118.476000001,2682909.85,1.0,1.0,41.42,41.95,D-1,True,2742
KDKRW,NASDAQ,WARRANT,,,,,,,,UNMEASURED,False,
KDP,NASDAQ,ELIGIBLE,31.95,319561338.5605,10086130.05,1.0,1.0,6.35,3.19,D-1,True,404
KDRN,ARCA,FUND_ETF_ETN,,,,,,,,UNMEASURED,False,
KDVD,ARCA,FUND_ETF_ETN,,,,,,,,UNMEASURED,False,
KE,NASDAQ,ELIGIBLE,27.27,4793040.5015,191059.95,1.0,0.3718,0.0,56.19,D-1,True,3081
KEAT,NASDAQ,FUND_ETF_ETN,,,,,,,,UNMEASURED,False,
KEEL,NASDAQ,ELIGIBLE,3.8,120235958.0795,33458435.45,1.0,1.0,26.52,26.45,D-1,True,889
KEEX,BATS,FUND_ETF_ETN,,,,,,,,UNMEASURED,False,
KELYA,NASDAQ,ELIGIBLE,16.48,4832224.16,293514.0,1.0,0.3487,0.0,18.26,D-1,True,3072
KELYB,NASDAQ,ELIGIBLE,22.19,265302.46554999996,11814.0,1.0,0.0077,0.0,246.99,D-1,False,
KEMQ,ARCA,FUND_ETF_ETN,,,,,,,,UNMEASURED,False,
KEMX,ARCA,FUND_ETF_ETN,,,,,,,,UNMEASURED,False,
KEN,NYSE,ELIGIBLE,63.75,971429.5595000001,14758.6,1.0,0.0513,0.0,91.05,D-1,False,
KEO,BATS,FUND_ETF_ETN,,,,,,,,UNMEASURED,False,
KEP,NYSE,ELIGIBLE,11.01,11301445.589499999,971858.2,1.0,0.7231,0.0,9.12,D-1,True,2528
KEQU,NASDAQ,ELIGIBLE,34.02,166786.106505,4795.1,1.0,0.0051,0.0,,UNMEASURED,False,
KERNW,OTC,NOT_TRADABLE,,,,,,,,UNMEASURED,False,
KEX,NYSE,ELIGIBLE,128.88,58739133.0845,429105.35,1.0,0.7051,1.56,17.45,D-1,True,1374
KEY,NYSE,ELIGIBLE,20.61,308411487.5195,14521160.7,1.0,1.0,7.27,4.88,D-1,True,419
KEY.PRI,NYSE,MALFORMED_OR_NON_COMMON_SYMBOL,,,,,,,,UNMEASURED,False,
KEY.PRJ,NYSE,MALFORMED_OR_NON_COMMON_SYMBOL,,,,,,,,UNMEASURED,False,
KEY.PRK,NYSE,MALFORMED_OR_NON_COMMON_SYMBOL,,,,,,,,UNMEASURED,False,
KEY.PRL,NYSE,MALFORMED_OR_NON_COMMON_SYMBOL,,,,,,,,UNMEASURED,False,
KEYG,BATS,FUND_ETF_ETN,,,,,,,,UNMEASURED,False,
KEYS,NYSE,ELIGIBLE,362.15,361828896.691,1092416.25,1.0,0.9821,8.02,13.16,D-1,True,349
KEYX,BATS,FUND_ETF_ETN,,,,,,,,UNMEASURED,False,
KEYY,NASDAQ,ELIGIBLE,9.91,1314902.83775,132730.45,1.0,0.0,,,UNMEASURED,True,3777
KEYYU,NASDAQ,UNIT,,,,,,,,UNMEASURED,False,
KEYYW,NASDAQ,WARRANT,,,,,,,,UNMEASURED,False,
KF,NYSE,FUND_ETF_ETN,,,,,,,,UNMEASURED,False,
KFEB,BATS,FUND_ETF_ETN,,,,,,,,UNMEASURED,False,
KFFB,NASDAQ,ELIGIBLE,5.58,55075.51101,9457.95,1.0,0.0026,0.0,,UNMEASURED,False,
KFII,NASDAQ,ELIGIBLE,10.67,575764.233,54020.1,1.0,0.0051,0.0,,UNMEASURED,False,
KFIIR,NASDAQ,RIGHT,,,,,,,,UNMEASURED,False,
KFIIU,NASDAQ,UNIT,,,,,,,,UNMEASURED,False,
KFRC,NYSE,ELIGIBLE,51.56,14874719.662999999,281072.05,1.0,0.2769,0.0,42.06,D-1,True,2346
KFY,NYSE,ELIGIBLE,71.73,47252372.5155,600132.65,1.0,0.7205,2.09,20.86,D-1,True,1533
KG,NASDAQ,ELIGIBLE,5.04,286610.00700000004,41943.6,1.0,0.1103,17.69,778.76,D-1,False,
KGC,NYSE,ELIGIBLE,25.05,224429445.78449997,7869889.2,1.0,1.0,9.99,4.03,D-1,True,558
KGEI,NASDAQ,ELIGIBLE,6.35,1045696.7825,160117.45,1.0,0.2154,0.0,71.19,D-1,True,3906
KGFHY,OTC,NOT_LISTED_EXCHANGE,,,,,,,,UNMEASURED,False,
KGLD,BATS,FUND_ETF_ETN,,,,,,,,UNMEASURED,False,
KGRN,ARCA,FUND_ETF_ETN,,,,,,,,UNMEASURED,False,
KGS,NYSE,ELIGIBLE,52.91,111152377.6865,1904425.5,1.0,0.9359,7.54,24.14,D-1,True,932
KHC,NYSE,ELIGIBLE,23.63,575463560.2185,23260091.6,1.0,1.0,6.35,4.24,D-1,True,205
KHOLY,OTC,NOT_LISTED_EXCHANGE,,,,,,,,UNMEASURED,False,
KHPI,BATS,FUND_ETF_ETN,,,,,,,,UNMEASURED,False,
KHYB,ARCA,FUND_ETF_ETN,,,,,,,,UNMEASURED,False,
KIDS,NASDAQ,ELIGIBLE,22.55,4453895.514,198120.75,1.0,0.259,0.0,58.59,D-1,True,3116
KIDZ,NASDAQ,ELIGIBLE,2.5,1841994.8057499998,630896.5,1.0,0.1872,0.0,221.36,D-1,True,3592
KIDZW,NASDAQ,WARRANT,,,,,,,,UNMEASURED,False,
KIE,ARCA,FUND_ETF_ETN,,,,,,,,UNMEASURED,False,
KIGRY,OTC,NOT_LISTED_EXCHANGE,,,,,,,,UNMEASURED,False,
KIM,NYSE,ELIGIBLE,22.44,137221878.8795,5924611.4,1.0,0.9846,4.48,4.5,D-1,True,817
KIM.PRL,NYSE,MALFORMED_OR_NON_COMMON_SYMBOL,,,,,,,,UNMEASURED,False,
KIM.PRM,NYSE,MALFORMED_OR_NON_COMMON_SYMBOL,,,,,,,,UNMEASURED,False,
KIM.PRN,NYSE,MALFORMED_OR_NON_COMMON_SYMBOL,,,,,,,,UNMEASURED,False,
KINS,NASDAQ,ELIGIBLE,18.25,1905898.9365000003,97951.0,1.0,0.1641,0.0,67.08,D-1,True,3578
KIO,NYSE,FUND_ETF_ETN,,,,,,,,UNMEASURED,False,
KIQQ,NASDAQ,FUND_ETF_ETN,,,,,,,,UNMEASURED,False,
KIQSF,OTC,NOT_TRADABLE,,,,,,,,UNMEASURED,False,
KITT,NASDAQ,ELIGIBLE,2.32,2580222.5665999996,863609.25,1.0,0.9718,84.02,84.93,D-1,True,3402
KITTW,NASDAQ,WARRANT,,,,,,,,UNMEASURED,False,
KJAN,BATS,FUND_ETF_ETN,,,,,,,,UNMEASURED,False,
KJD,NASDAQ,FUND_ETF_ETN,,,,,,,,UNMEASURED,False,
KJUL,BATS,FUND_ETF_ETN,,,,,,,,UNMEASURED,False,
KJUN,BATS,FUND_ETF_ETN,,,,,,,,UNMEASURED,False,
KKOYY,OTC,NOT_LISTED_EXCHANGE,,,,,,,,UNMEASURED,False,
KKR,NYSE,ELIGIBLE,96.67,379175878.6275,3707275.35,1.0,0.9923,7.24,9.31,D-1,True,330
KKR.PRD,NYSE,MALFORMED_OR_NON_COMMON_SYMBOL,,,,,,,,UNMEASURED,False,
KKRS,NYSE,NOTE_DEBT,,,,,,,,UNMEASURED,False,
KKRT,NYSE,NOTE_DEBT,,,,,,,,UNMEASURED,False,
KLAC,NASDAQ,ELIGIBLE,187.92,1724700580.5169997,9657361.75,1.0,1.0,11.18,1.86,D-1,True,56
KLAG,NASDAQ,FUND_ETF_ETN,,,,,,,,UNMEASURED,False,
KLAR,NYSE,ELIGIBLE,12.8,92773923.962,6673866.75,1.0,0.9923,7.85,7.81,D-1,True,1035
KLC,NYSE,ELIGIBLE,2.12,1483316.7015,614834.05,1.0,0.5538,0.0,46.3,D-1,True,3702
KLDO,OTC,NOT_TRADABLE,,,,,,,,UNMEASURED,False,
KLIC,NASDAQ,ELIGIBLE,91.18,61221973.05550001,731241.8,1.0,0.7077,3.28,23.67,D-1,True,1332
KLIP,ARCA,FUND_ETF_ETN,,,,,,,,UNMEASURED,False,
KLMN,ARCA,FUND_ETF_ETN,,,,,,,,UNMEASURED,False,
KLMT,ARCA,FUND_ETF_ETN,,,,,,,,UNMEASURED,False,
KLRA,NASDAQ,ELIGIBLE,11.215,15821940.201499999,1163436.45,1.0,0.9179,8.98,50.94,D-1,True,2301
KLRS,NASDAQ,ELIGIBLE,2.92,217862.03075,64328.95,1.0,0.1513,0.0,350.22,D-1,False,
KLTR,NASDAQ,ELIGIBLE,1.315,321197.89900000003,224833.6,1.0,0.3077,0.0,75.47,D-1,False,
KLXE,NASDAQ,ELIGIBLE,1.61,1500075.8817500002,985151.35,1.0,0.6795,31.88,68.62,D-1,True,3699
KMAR,BATS,FUND_ETF_ETN,,,,,,,,UNMEASURED,False,
KMAY,BATS,FUND_ETF_ETN,,,,,,,,UNMEASURED,False,
KMB,NASDAQ,ELIGIBLE,98.43,476396331.58525,4733651.95,1.0,1.0,4.12,3.08,D-1,True,256
KMCA,ARCA,FUND_ETF_ETN,,,,,,,,UNMEASURED,False,
KMDA,NASDAQ,ELIGIBLE,8.72,1228333.3515,145817.25,1.0,0.2513,0.0,54.31,D-1,True,3822
KMEM,BATS,FUND_ETF_ETN,,,,,,,,UNMEASURED,False,
KMI,NYSE,ELIGIBLE,30.75,399860127.987,12714416.6,1.0,1.0,6.51,3.25,D-1,True,314
KMID,ARCA,FUND_ETF_ETN,,,,,,,,UNMEASURED,False,
KMLI,NASDAQ,FUND_ETF_ETN,,,,,,,,UNMEASURED,False,
KMLM,ARCA,FUND_ETF_ETN,,,,,,,,UNMEASURED,False,
KMPB,NYSE,NOTE_DEBT,,,,,,,,UNMEASURED,False,
KMPR,NYSE,ELIGIBLE,25.32,24600049.285,906842.25,1.0,0.6974,3.87,12.81,D-1,True,2008
KMRK,NASDAQ,ELIGIBLE,0.9483,12638.169515,12073.9,1.0,0.0231,0.0,600.38,D-1,False,
KMT,NYSE,ELIGIBLE,31.03,41148347.751,1379837.9,1.0,0.8436,3.23,9.74,D-1,True,1642
KMTS,NASDAQ,ELIGIBLE,27.14,9874283.908750001,397318.55,1.0,0.5103,1.82,46.91,D-1,True,2623
KMTUY,OTC,NOT_LISTED_EXCHANGE,,,,,,,,UNMEASURED,False,
KMX,NYSE,ELIGIBLE,57.21,124549227.83399999,2110969.0,1.0,0.9897,8.82,10.45,D-1,True,869
KN,NYSE,ELIGIBLE,37.53,24345538.904,686769.3,1.0,0.7385,2.65,25.62,D-1,True,2016
KNBWY,OTC,NOT_LISTED_EXCHANGE,,,,,,,,UNMEASURED,False,
KNCT,ARCA,FUND_ETF_ETN,,,,,,,,UNMEASURED,False,
KNDI,NASDAQ,ELIGIBLE,0.588,50869.275375000005,87097.45,1.0,0.1949,0.0,360.78,D-1,False,
KNF,NYSE,ELIGIBLE,54.58,60892430.885000005,1067539.85,1.0,0.8462,6.45,27.5,D-1,True,1339
KNG,BATS,FUND_ETF_ETN,,,,,,,,UNMEASURED,False,
KNGZ,NASDAQ,FUND_ETF_ETN,,,,,,,,UNMEASURED,False,
KNO,ARCA,FUND_ETF_ETN,,,,,,,,UNMEASURED,False,
KNOP,NYSE,ELIGIBLE,10.56,500137.657,44928.6,1.0,0.1333,7.16,158.94,D-1,False,
KNOV,BATS,FUND_ETF_ETN,,,,,,,,UNMEASURED,False,
KNOW,BATS,FUND_ETF_ETN,,,,,,,,UNMEASURED,False,
KNRG,ARCA,FUND_ETF_ETN,,,,,,,,UNMEASURED,False,
KNRX,AMEX,ELIGIBLE,0.304,15853.094430000001,42784.6,1.0,0.0205,0.0,291.76,D-1,False,
KNSA,NASDAQ,ELIGIBLE,75.08,42124469.783,542776.55,1.0,0.5897,1.32,15.88,D-1,True,1620
KNSL,NYSE,ELIGIBLE,330.49,69154138.316,191336.5,1.0,0.559,1.28,25.07,D-1,True,1244
KNTK,NYSE,ELIGIBLE,51.21,65912610.927499995,1225522.55,1.0,0.7744,3.7,11.65,D-1,True,1276
KNX,NYSE,ELIGIBLE,63.67,257511067.3905,3817969.05,1.0,0.9974,10.15,11.68,D-1,True,500
KNYJY,OTC,NOT_LISTED_EXCHANGE,,,,,,,,UNMEASURED,False,
KO,NYSE,ELIGIBLE,87.81,1395825044.5025,15815722.0,1.0,1.0,4.35,1.14,D-1,True,73
KOCT,BATS,FUND_ETF_ETN,,,,,,,,UNMEASURED,False,
KOD,NASDAQ,ELIGIBLE,32.35,28944638.442500003,857433.1,1.0,0.8667,18.55,41.78,D-1,True,1882
KODK,NYSE,ELIGIBLE,9.51,8374493.3405,900674.3,1.0,0.5974,0.0,26.43,D-1,True,2727
KOF,NYSE,ELIGIBLE,110.23,14106026.733000001,126903.8,1.0,0.1205,0.0,45.09,D-1,True,2384
KOID,NASDAQ,FUND_ETF_ETN,,,,,,,,UNMEASURED,False,
KOKU,ARCA,FUND_ETF_ETN,,,,,,,,UNMEASURED,False,
KOLD,ARCA,FUND_ETF_ETN,,,,,,,,UNMEASURED,False,
KOMP,ARCA,FUND_ETF_ETN,,,,,,,,UNMEASURED,False,
KONG,BATS,FUND_ETF_ETN,,,,,,,,UNMEASURED,False,
KOOL,ARCA,FUND_ETF_ETN,,,,,,,,UNMEASURED,False,
KOP,NYSE,ELIGIBLE,46.27,8124418.4105,175683.05,1.0,0.1949,0.0,86.01,D-1,True,2747
KOPN,NASDAQ,ELIGIBLE,4.99,15979714.115,3508461.7,1.0,0.9872,10.24,20.22,D-1,True,2292
KORP,ARCA,FUND_ETF_ETN,,,,,,,,UNMEASURED,False,
KORU,ARCA,FUND_ETF_ETN,,,,,,,,UNMEASURED,False,
KOS,NYSE,ELIGIBLE,2.65,34573313.459,12255104.4,1.0,0.9846,18.97,37.39,D-1,True,1761
KOSS,NASDAQ,ELIGIBLE,4.0,219494.075,56482.4,1.0,0.2282,0.0,216.81,D-1,False,
KOYN,NASDAQ,ELIGIBLE,10.23,549668.5425,53731.75,1.0,0.0154,0.0,,UNMEASURED,False,
KOYNU,NASDAQ,UNIT,,,,,,,,UNMEASURED,False,
KOYNW,NASDAQ,WARRANT,,,,,,,,UNMEASURED,False,
KPCPY,OTC,NOT_LISTED_EXCHANGE,,,,,,,,UNMEASURED,False,
KPDD,NASDAQ,FUND_ETF_ETN,,,,,,,,UNMEASURED,False,
KPET,NYSE,ELIGIBLE,9.99,71484.4015,7160.25,1.0,0.0,,149.18,D-1,False,
KPET.U,NYSE,WARRANT,,,,,,,,UNMEASURED,False,
KPET.WS,NYSE,MALFORMED_OR_NON_COMMON_SYMBOL,,,,,,,,UNMEASURED,False,
KPHO,ARCA,FUND_ETF_ETN,,,,,,,,UNMEASURED,False,
KPLT,NASDAQ,ELIGIBLE,5.04,2380561.1315,299438.2,1.0,0.7487,28.86,19.11,D-1,True,3456
KPO,BATS,FUND_ETF_ETN,,,,,,,,UNMEASURED,False,
KPRO,ARCA,FUND_ETF_ETN,,,,,,,,UNMEASURED,False,
KPRX,NASDAQ,ELIGIBLE,2.63,37248.691999999995,14174.25,1.0,0.0077,0.0,,UNMEASURED,False,
KPTI,NASDAQ,ELIGIBLE,1.62,2498821.233,1436469.4,1.0,0.6564,0.0,86.3,D-1,True,3427
KQQQ,NASDAQ,FUND_ETF_ETN,,,,,,,,UNMEASURED,False,
KR,NYSE,ELIGIBLE,58.74,451365928.963,7650998.95,1.0,1.0,7.69,5.13,D-1,True,269
KRAQ,NASDAQ,ELIGIBLE,10.0194,536208.07295,53555.8,1.0,0.0026,0.0,,UNMEASURED,False,
KRAQU,NASDAQ,UNIT,,,,,,,,UNMEASURED,False,
KRAQW,NASDAQ,WARRANT,,,,,,,,UNMEASURED,False,
KRBN,ARCA,FUND_ETF_ETN,,,,,,,,UNMEASURED,False,
KRBPQ,OTC,NOT_TRADABLE,,,,,,,,UNMEASURED,False,
KRC,NYSE,ELIGIBLE,34.23,49471269.123,1409340.5,1.0,0.8231,2.93,7.38,D-1,True,1500
KRE,ARCA,FUND_ETF_ETN,,,,,,,,UNMEASURED,False,
KREF,NYSE,ELIGIBLE,6.35,5547346.943,810884.6,1.0,0.859,7.79,15.57,D-1,True,2987
KREF.PRA,NYSE,MALFORMED_OR_NON_COMMON_SYMBOL,,,,,,,,UNMEASURED,False,
KRG,NYSE,ELIGIBLE,24.78,55369977.362,2162756.45,1.0,0.9564,4.07,4.08,D-1,True,1415
KRKR,NASDAQ,ELIGIBLE,3.0599,12096.362055,3864.7,1.0,0.0077,0.0,569.51,D-1,False,
KRMD,NASDAQ,ELIGIBLE,3.21,852399.6300000001,263613.3,1.0,0.5051,0.0,32.64,D-1,False,
KRMN,NYSE,ELIGIBLE,35.69,155422434.6435,4229064.15,1.0,0.9974,20.28,16.07,D-1,True,746
KRNT,NASDAQ,ELIGIBLE,15.56,4829715.604250001,306342.6,1.0,0.6564,3.28,29.46,D-1,True,3074
KRNY,NASDAQ,ELIGIBLE,9.36,5207655.1265,535787.55,1.0,0.6641,0.0,10.68,D-1,True,3021
KRO,NYSE,ELIGIBLE,8.25,3487303.075,418535.6,1.0,0.4872,0.0,30.29,D-1,True,3247
KROP,NASDAQ,FUND_ETF_ETN,,,,,,,,UNMEASURED,False,
KROS,NASDAQ,ELIGIBLE,11.62,2140914.062,190221.1,1.0,0.5513,0.0,39.25,D-1,True,3514
KRP,NYSE,UNIT,,,,,,,,UNMEASURED,False,
KRRO,NASDAQ,ELIGIBLE,9.57,2317870.5295,199254.7,1.0,0.3154,0.0,94.44,D-1,True,3466
KRSA,NASDAQ,ELIGIBLE,31.0,1936243.4164999998,58683.15,1.0,0.1769,0.0,473.02,D-1,True,3573
KRSP,NYSE,ELIGIBLE,11.0,1371929.1145,125971.5,1.0,0.0615,0.0,33.23,D-1,True,3752
KRSP.U,NYSE,WARRANT,,,,,,,,UNMEASURED,False,
KRSP.WS,NYSE,MALFORMED_OR_NON_COMMON_SYMBOL,,,,,,,,UNMEASURED,False,
KRT,NASDAQ,ELIGIBLE,53.09,8440998.3655,168249.75,1.0,0.4462,0.0,46.53,D-1,True,2723
KRUS,NASDAQ,ELIGIBLE,38.91,9580906.6485,243314.5,1.0,0.5641,0.0,55.52,D-1,True,2640
KRWX,BATS,FUND_ETF_ETN,,,,,,,,UNMEASURED,False,
KRYAY,OTC,NOT_LISTED_EXCHANGE,,,,,,,,UNMEASURED,False,
KRYP,ARCA,FUND_ETF_ETN,,,,,,,,UNMEASURED,False,
KRYS,NASDAQ,ELIGIBLE,345.82,94633963.047,272633.9,1.0,0.6538,2.33,20.77,D-1,True,1025
KSA,ARCA,FUND_ETF_ETN,,,,,,,,UNMEASURED,False,
KSCP,NASDAQ,ELIGIBLE,0.9098,1100786.68174,914930.25,1.0,0.659,2.15,6.24,D-1,False,
KSEP,BATS,FUND_ETF_ETN,,,,,,,,UNMEASURED,False,
KSLV,BATS,FUND_ETF_ETN,,,,,,,,UNMEASURED,False,
KSMH,NASDAQ,FUND_ETF_ETN,,,,,,,,UNMEASURED,False,
KSPI,NASDAQ,ELIGIBLE,95.67,63803309.867,636915.95,1.0,0.6744,2.09,30.54,D-1,True,1300
KSPN,OTC,NOT_TRADABLE,,,,,,,,UNMEASURED,False,
KSPY,ARCA,FUND_ETF_ETN,,,,,,,,UNMEASURED,False,
KSS,NYSE,ELIGIBLE,17.9,71109382.7065,4035837.05,1.0,1.0,11.32,8.56,D-1,True,1219
KSTR,ARCA,FUND_ETF_ETN,,,,,,,,UNMEASURED,False,
KT,NYSE,ELIGIBLE,19.7,23424171.957,1192618.55,1.0,0.8128,2.53,5.08,D-1,True,2039
KTB,NYSE,ELIGIBLE,65.37,55099302.285500005,800815.95,1.0,0.6205,1.62,20.77,D-1,True,1416
KTCC,NASDAQ,ELIGIBLE,2.17,116070.22875000001,47138.75,1.0,0.0205,0.0,712.74,D-1,False,
KTEC,ARCA,FUND_ETF_ETN,,,,,,,,UNMEASURED,False,
KTEL,OTC,NOT_TRADABLE,,,,,,,,UNMEASURED,False,
KTF,NYSE,ELIGIBLE,8.23,2725801.188,323188.6,1.0,0.2308,0.0,24.25,D-1,True,3372
KTH,NYSE,NOTE_DEBT,,,,,,,,UNMEASURED,False,
KTN,NYSE,NOTE_DEBT,,,,,,,,UNMEASURED,False,
KTOS,NASDAQ,ELIGIBLE,45.62,178141930.2115,3739103.95,1.0,1.0,11.59,6.55,D-1,True,677
KTTA,NASDAQ,ELIGIBLE,0.4992,118475.999795,217313.9,1.0,0.1897,0.0,193.39,D-1,False,
KTUP,BATS,FUND_ETF_ETN,,,,,,,,UNMEASURED,False,
KTWO,NASDAQ,ELIGIBLE,10.08,130684.79849999999,12954.35,1.0,0.0026,0.0,,UNMEASURED,False,
KTWOR,NASDAQ,RIGHT,,,,,,,,UNMEASURED,False,
KTWOU,NASDAQ,UNIT,,,,,,,,UNMEASURED,False,
KUBTY,OTC,NOT_LISTED_EXCHANGE,,,,,,,,UNMEASURED,False,
KUKEY,OTC,NOT_TRADABLE,,,,,,,,UNMEASURED,False,
KULR,AMEX,ELIGIBLE,2.44,1527184.183,627855.1,1.0,0.759,0.6,40.32,D-1,True,3692
KURA,NASDAQ,ELIGIBLE,10.76,21644973.077,1819492.3,1.0,0.9513,4.62,13.8,D-1,True,2097
KURE,ARCA,FUND_ETF_ETN,,,,,,,,UNMEASURED,False,
KUST,NASDAQ,ELIGIBLE,0.629,831005.27977,1071431.95,1.0,0.2821,0.0,193.97,D-1,False,
KVACF,OTC,NOT_TRADABLE,,,,,,,,UNMEASURED,False,
KVAUF,OTC,NOT_TRADABLE,,,,,,,,UNMEASURED,False,
KVAWF,OTC,NOT_TRADABLE,,,,,,,,UNMEASURED,False,
KVHI,NASDAQ,ELIGIBLE,7.39,837457.2347500001,116195.35,1.0,0.1487,0.0,53.98,D-1,False,
KVLE,ARCA,FUND_ETF_ETN,,,,,,,,UNMEASURED,False,
KVUE,NYSE,ELIGIBLE,17.8,481008402.3415,26597292.15,1.0,0.9974,5.62,5.65,D-1,True,249
KVYO,NYSE,ELIGIBLE,15.8,118070006.451,6794456.85,1.0,0.9974,9.39,6.21,D-1,True,895
KWEB,ARCA,FUND_ETF_ETN,,,,,,,,UNMEASURED,False,
KWH,ARCA,FUND_ETF_ETN,,,,,,,,UNMEASURED,False,
KWIN,ARCA,FUND_ETF_ETN,,,,,,,,UNMEASURED,False,
KWR,NYSE,ELIGIBLE,163.45,24187142.834,152540.5,1.0,0.1821,0.0,60.59,D-1,True,2021
KWT,BATS,FUND_ETF_ETN,,,,,,,,UNMEASURED,False,
KWY,NYSE,ELIGIBLE,9.03,396556.028,40901.65,1.0,0.0872,0.0,110.25,D-1,False,
KXI,ARCA,FUND_ETF_ETN,,,,,,,,UNMEASURED,False,
KXIAY,OTC,NOT_LISTED_EXCHANGE,,,,,,,,UNMEASURED,False,
KXIN,NASDAQ,ELIGIBLE,1.42,8687921.06875,5374121.6,1.0,0.1744,0.0,440.96,D-1,True,2702
KYC,BATS,FUND_ETF_ETN,,,,,,,,UNMEASURED,False,
KYIV,NASDAQ,ELIGIBLE,13.05,5146780.419,380842.6,1.0,0.4128,0.0,34.12,D-1,True,3028
KYIVW,NASDAQ,WARRANT,,,,,,,,UNMEASURED,False,
KYLD,BATS,FUND_ETF_ETN,,,,,,,,UNMEASURED,False,
KYMR,NASDAQ,ELIGIBLE,111.95,86228037.789,738019.45,1.0,0.6333,3.56,32.03,D-1,True,1082
KYN,NYSE,FUND_ETF_ETN,,,,,,,,UNMEASURED,False,
KYNB,NASDAQ,ELIGIBLE,6.94,202576.95075000002,26444.3,1.0,0.0744,0.0,409.89,D-1,False,
KYOAY,OTC,NOT_TRADABLE,,,,,,,,UNMEASURED,False,
KYTX,NASDAQ,ELIGIBLE,6.81,6958485.290250001,933785.0,1.0,0.9385,14.74,22.13,D-1,True,2839
KZIA,NASDAQ,ELIGIBLE,9.57,4579436.801,395873.5,1.0,0.4231,0.0,125.0,D-1,True,3103
L,NYSE,ELIGIBLE,104.82,113745008.2845,1054587.3,1.0,0.8179,1.91,8.36,D-1,True,918
LAB,NASDAQ,ELIGIBLE,0.7399,1014452.4761399999,1451865.95,1.0,0.6769,1.37,46.48,D-1,False,
LABD,ARCA,FUND_ETF_ETN,,,,,,,,UNMEASURED,False,
LABT,NASDAQ,ELIGIBLE,1.67,3132150.8759999997,1284716.4,1.0,0.2026,0.0,240.24,D-1,True,3304
LABU,ARCA,FUND_ETF_ETN,,,,,,,,UNMEASURED,False,
LABX,BATS,FUND_ETF_ETN,,,,,,,,UNMEASURED,False,
LAC,NYSE,ELIGIBLE,2.75,28934657.865500003,9759563.6,1.0,0.9897,32.09,35.97,D-1,True,1883
LAD,NYSE,ELIGIBLE,316.42,96440459.60800001,284865.1,1.0,0.6872,2.48,21.73,D-1,True,1018
LADM,BATS,FUND_ETF_ETN,,,,,,,,UNMEASURED,False,
LADR,NYSE,ELIGIBLE,9.08,12032749.4595,1265075.75,1.0,0.8513,5.52,11.04,D-1,True,2490
LAES,NASDAQ,ELIGIBLE,2.35,12445281.659,5273295.8,1.0,0.9077,21.38,43.11,D-1,True,2464
LAFA,NASDAQ,ELIGIBLE,10.19,196598.81449999998,19326.8,1.0,0.0051,0.0,,UNMEASURED,False,
LAFAR,NASDAQ,RIGHT,,,,,,,,UNMEASURED,False,
LAFAU,NASDAQ,UNIT,,,,,,,,UNMEASURED,False,
LAKE,NASDAQ,ELIGIBLE,10.495,641960.1382500001,61177.05,1.0,0.1744,0.0,122.1,D-1,False,
LALT,ARCA,FUND_ETF_ETN,,,,,,,,UNMEASURED,False,
LAMR,NASDAQ,ELIGIBLE,143.98,70868995.749,479601.2,1.0,0.6051,0.0,12.23,D-1,True,1222
LAND,NASDAQ,ELIGIBLE,9.48,7137556.4405000005,749547.75,1.0,0.7128,2.3,10.67,D-1,True,2821
LANDO,NASDAQ,PREFERRED,,,,,,,,UNMEASURED,False,
LANDP,NASDAQ,PREFERRED,,,,,,,,UNMEASURED,False,
LANV,NYSE,ELIGIBLE,1.085,38488.361,36731.35,1.0,0.0205,94.5,673.82,D-1,False,
LANWF,OTC,NOT_TRADABLE,,,,,,,,UNMEASURED,False,
LAPR,BATS,FUND_ETF_ETN,,,,,,,,UNMEASURED,False,
LAR,NYSE,ELIGIBLE,5.52,11317412.372499999,1810541.75,1.0,0.8128,8.8,17.83,D-1,True,2527
LARK,NASDAQ,ELIGIBLE,31.97,302017.67875,9395.9,1.0,0.0256,0.0,140.71,D-1,False,
LASC,BATS,FUND_ETF_ETN,,,,,,,,UNMEASURED,False,
LASE,NASDAQ,ELIGIBLE,0.8625,4733795.47927,5645068.8,1.0,0.5615,2.27,76.06,D-1,False,
LASR,NASDAQ,ELIGIBLE,40.33,44673250.116500005,1107620.25,1.0,0.7231,2.49,52.59,D-1,True,1586
LATA,NASDAQ,ELIGIBLE,10.19,225460.88103,22147.0,1.0,0.0103,0.0,,UNMEASURED,False,
LATAU,NASDAQ,UNIT,,,,,,,,UNMEASURED,False,
LATAW,NASDAQ,WARRANT,,,,,,,,UNMEASURED,False,
LATR,BATS,FUND_ETF_ETN,,,,,,,,UNMEASURED,False,
LAUR,NASDAQ,ELIGIBLE,37.4,36582828.3185,1000743.05,1.0,0.8897,2.66,7.97,D-1,True,1726
LAW,NYSE,ELIGIBLE,4.35,886327.3945,208845.4,1.0,0.4667,0.0,52.2,D-1,False,
LAWR,NASDAQ,ELIGIBLE,3.75,0.0,0.0,1.0,0.0,,,UNMEASURED,False,
LAZ,NYSE,ELIGIBLE,36.72,68251834.63,1776539.1,1.0,0.9205,5.45,13.61,D-1,True,1256
LAZR,ARCA,FUND_ETF_ETN,,,,,,,,UNMEASURED,False,
LB,NYSE,ELIGIBLE,81.38,18667448.324500002,217964.1,1.0,0.2487,0.0,66.49,D-1,True,2195
LBAY,ARCA,FUND_ETF_ETN,,,,,,,,UNMEASURED,False,
LBGJ,NASDAQ,ELIGIBLE,2.11,1081750.8745,484634.3,1.0,0.3692,87.0,283.13,D-1,True,3892
LBO,BATS,FUND_ETF_ETN,,,,,,,,UNMEASURED,False,
LBOX,BATS,FUND_ETF_ETN,,,,,,,,UNMEASURED,False,
LBRA,OTC,NOT_TRADABLE,,,,,,,,UNMEASURED,False,
LBRT,NYSE,ELIGIBLE,18.94,69540760.086,3545140.35,1.0,1.0,13.24,7.93,D-1,True,1241
LBRX,NASDAQ,ELIGIBLE,37.33,13643696.5315,309491.35,1.0,0.5385,0.0,69.64,D-1,True,2407
LBTYA,NASDAQ,ELIGIBLE,9.45,24404616.764,2391076.9,1.0,0.9308,5.32,10.68,D-1,True,2014
LBTYB,NASDAQ,ELIGIBLE,12.41,37734.63,3087.1,1.0,0.0308,0.0,873.67,D-1,False,
LBTYK,NASDAQ,ELIGIBLE,9.26,17872165.72975,1792519.9,1.0,0.9436,5.51,10.96,D-1,True,2227
LCAP,BATS,FUND_ETF_ETN,,,,,,,,UNMEASURED,False,
LCCC,NASDAQ,ELIGIBLE,10.52,5625.8155,534.75,1.0,0.0,,,UNMEASURED,False,
LCCCR,NASDAQ,RIGHT,,,,,,,,UNMEASURED,False,
LCCCU,NASDAQ,UNIT,,,,,,,,UNMEASURED,False,
LCDS,NASDAQ,FUND_ETF_ETN,,,,,,,,UNMEASURED,False,
LCF,BATS,FUND_ETF_ETN,,,,,,,,UNMEASURED,False,
LCFY,NASDAQ,ELIGIBLE,2.58,18948.2586,7593.95,1.0,0.0,,1048.54,D-1,False,
LCFYW,NASDAQ,WARRANT,,,,,,,,UNMEASURED,False,
LCID,NASDAQ,ELIGIBLE,4.07,48773230.7435,11220037.15,1.0,1.0,24.13,24.27,D-1,True,1514
LCII,NYSE,ELIGIBLE,84.51,29385158.464999996,321525.85,1.0,0.5,3.54,22.6,D-1,True,1867
LCINQ,OTC,NOT_TRADABLE,,,,,,,,UNMEASURED,False,
LCLG,ARCA,FUND_ETF_ETN,,,,,,,,UNMEASURED,False,
LCLN,NYSE,ELIGIBLE,23.37,21967918.461,852086.9,1.0,0.5128,0.0,67.31,D-1,True,2081
LCNB,NASDAQ,ELIGIBLE,18.83,615925.4545,32372.65,1.0,0.0667,1.35,148.55,D-1,False,
LCO,ARCA,FUND_ETF_ETN,,,,,,,,UNMEASURED,False,
LCOW,BATS,FUND_ETF_ETN,,,,,,,,UNMEASURED,False,
LCR,ARCA,FUND_ETF_ETN,,,,,,,,UNMEASURED,False,
LCTD,ARCA,FUND_ETF_ETN,,,,,,,,UNMEASURED,False,
LCTO,BATS,FUND_ETF_ETN,,,,,,,,UNMEASURED,False,
LCTU,ARCA,FUND_ETF_ETN,,,,,,,,UNMEASURED,False,
LCTX,AMEX,ELIGIBLE,1.03,1386492.43909,1340028.05,1.0,0.9077,15.09,22.05,D-1,True,3747
LCUT,NASDAQ,ELIGIBLE,9.36,1521601.29,172975.95,1.0,0.4821,0.0,64.19,D-1,True,3694
LDDR,BATS,FUND_ETF_ETN,,,,,,,,UNMEASURED,False,
LDEM,NASDAQ,FUND_ETF_ETN,,,,,,,,UNMEASURED,False,
LDI,NYSE,ELIGIBLE,0.6701,5682354.652845,7330083.65,1.0,0.9641,4.41,31.18,D-1,False,
LDOS,NYSE,ELIGIBLE,123.61,170666879.12350002,1311148.7,1.0,0.9128,4.85,10.89,D-1,True,700
LDP,NYSE,FUND_ETF_ETN,,,,,,,,UNMEASURED,False,
LDRC,ARCA,FUND_ETF_ETN,,,,,,,,UNMEASURED,False,
LDRH,ARCA,FUND_ETF_ETN,,,,,,,,UNMEASURED,False,
LDRI,ARCA,FUND_ETF_ETN,,,,,,,,UNMEASURED,False,
LDRT,ARCA,FUND_ETF_ETN,,,,,,,,UNMEASURED,False,
LDRX,NASDAQ,FUND_ETF_ETN,,,,,,,,UNMEASURED,False,
LDSF,NASDAQ,FUND_ETF_ETN,,,,,,,,UNMEASURED,False,
LDTCF,OTC,NOT_TRADABLE,,,,,,,,UNMEASURED,False,
LDTDF,OTC,NOT_TRADABLE,,,,,,,,UNMEASURED,False,
LDUR,ARCA,FUND_ETF_ETN,,,,,,,,UNMEASURED,False,
LE,NASDAQ,ELIGIBLE,10.26,2184641.704,202961.9,1.0,0.3128,0.0,39.0,D-1,True,3496
LEA,NYSE,ELIGIBLE,122.71,84403937.3985,676012.15,1.0,0.8077,2.44,15.15,D-1,True,1098
LECO,NASDAQ,ELIGIBLE,271.7,115251697.74175,437598.35,1.0,0.8744,3.72,13.73,D-1,True,907
LEDRU,NASDAQ,UNIT,,,,,,,,UNMEASURED,False,
LEDS,NASDAQ,ELIGIBLE,2.24,38705.916,17624.7,1.0,0.0231,0.0,739.16,D-1,False,
LEE,NASDAQ,ELIGIBLE,6.79,298266.15150000004,39851.6,1.0,0.0949,0.0,304.32,D-1,False,
LEEEF,OTC,NOT_TRADABLE,,,,,,,,UNMEASURED,False,
LEGH,NASDAQ,ELIGIBLE,29.3,2127730.1829999997,75578.55,1.0,0.3692,0.0,36.52,D-1,True,3518
LEGN,NASDAQ,ELIGIBLE,19.11,41107911.376499996,2170464.5,1.0,0.8795,5.27,11.88,D-1,True,1643
LEGO,AMEX,ELIGIBLE,10.0,553452.1655,55394.8,1.0,0.0,,10.01,D-1,False,
LEGO.U,AMEX,WARRANT,,,,,,,,UNMEASURED,False,
LEGO.WS,AMEX,MALFORMED_OR_NON_COMMON_SYMBOL,,,,,,,,UNMEASURED,False,
LEGR,NASDAQ,FUND_ETF_ETN,,,,,,,,UNMEASURED,False,
LEGWQ,OTC,NOT_TRADABLE,,,,,,,,UNMEASURED,False,
LEJUY,OTC,NOT_TRADABLE,,,,,,,,UNMEASURED,False,
LEMB,ARCA,FUND_ETF_ETN,,,,,,,,UNMEASURED,False,
LEMIF,OTC,NOT_TRADABLE,,,,,,,,UNMEASURED,False,
LEN,NYSE,ELIGIBLE,82.15,372168590.27000004,4631354.45,1.0,1.0,7.44,6.17,D-1,True,341
LEN.B,NYSE,ELIGIBLE,80.49,10102126.550999999,128220.65,1.0,0.4026,0.0,23.24,D-1,True,2609
LEND,NASDAQ,FUND_ETF_ETN,,,,,,,,UNMEASURED,False,
LENS,BATS,FUND_ETF_ETN,,,,,,,,UNMEASURED,False,
LENZ,NASDAQ,ELIGIBLE,3.915,3496867.062,756257.55,1.0,0.6949,11.19,39.37,D-1,True,3243
LEO,NYSE,ELIGIBLE,5.63,923446.2865,157659.45,1.0,0.5436,0.0,17.84,D-1,False,
LESL,NASDAQ,ELIGIBLE,0.2923,1053759.417025,2187682.2,1.0,0.9436,156.67,204.59,D-1,False,
LEU,NYSE,ELIGIBLE,147.07,122623380.502,774288.6,1.0,0.6769,3.04,29.89,D-1,True,880
LEUX,BATS,FUND_ETF_ETN,,,,,,,,UNMEASURED,False,
LEVI,NYSE,ELIGIBLE,19.73,47037823.8625,2330839.75,1.0,0.941,5.08,12.65,D-1,True,1538
LEVWQ,OTC,NOT_TRADABLE,,,,,,,,UNMEASURED,False,
LEXI,NASDAQ,FUND_ETF_ETN,,,,,,,,UNMEASURED,False,
LEXX,NASDAQ,ELIGIBLE,3.28,684341.04325,108684.9,1.0,0.1538,0.0,469.04,D-1,False,
LFAC,NASDAQ,ELIGIBLE,10.09,267913.44325,26597.65,1.0,0.0026,0.0,,UNMEASURED,False,
LFACU,NASDAQ,UNIT,,,,,,,,UNMEASURED,False,
LFACW,NASDAQ,WARRANT,,,,,,,,UNMEASURED,False,
LFAI,BATS,FUND_ETF_ETN,,,,,,,,UNMEASURED,False,
LFAO,BATS,FUND_ETF_ETN,,,,,,,,UNMEASURED,False,
LFAW,BATS,FUND_ETF_ETN,,,,,,,,UNMEASURED,False,
LFBE,BATS,FUND_ETF_ETN,,,,,,,,UNMEASURED,False,
LFCR,NASDAQ,ELIGIBLE,4.2,671629.222,154284.45,1.0,0.1974,0.0,82.66,D-1,False,
LFDR,BATS,FUND_ETF_ETN,,,,,,,,UNMEASURED,False,
LFEQ,ARCA,FUND_ETF_ETN,,,,,,,,UNMEASURED,False,
LFGY,ARCA,FUND_ETF_ETN,,,,,,,,UNMEASURED,False,
LFLYW,OTC,NOT_TRADABLE,,,,,,,,UNMEASURED,False,
LFMD,NASDAQ,ELIGIBLE,2.97,2684883.3419999997,854229.15,1.0,0.8179,0.0,34.08,D-1,True,3380
LFMDP,NASDAQ,PREFERRED,,,,,,,,UNMEASURED,False,
LFS,NASDAQ,ELIGIBLE,2.14,443017.54775,205995.0,1.0,0.5744,45.39,194.19,D-1,False,
LFSC,NASDAQ,FUND_ETF_ETN,,,,,,,,UNMEASURED,False,
LFST,NASDAQ,ELIGIBLE,11.84,74901790.745,5942560.3,1.0,0.9872,8.32,8.38,D-1,True,1178
LFT,NYSE,ELIGIBLE,5.19,131058.28455000001,21406.95,1.0,0.0744,0.0,76.85,D-1,False,
LFT.PRA,NYSE,MALFORMED_OR_NON_COMMON_SYMBOL,,,,,,,,UNMEASURED,False,
LFTO,NASDAQ,ELIGIBLE,15.91,16460461.5595,951312.95,1.0,0.4436,0.0,49.75,D-1,True,2273
LFUS,NASDAQ,ELIGIBLE,429.22,79025159.883,192391.7,1.0,0.4897,0.24,31.32,D-1,True,1144
LFVN,NASDAQ,ELIGIBLE,6.26,298601.5495,47570.5,1.0,0.041,0.0,190.18,D-1,False,
LFWD,NASDAQ,ELIGIBLE,6.99,32776.657699999996,4609.65,1.0,0.0077,0.0,171.67,D-1,False,
LGCL,NASDAQ,ELIGIBLE,2.97,1389557.3506,342549.75,1.0,0.3718,0.0,264.43,D-1,True,3745
LGCY,AMEX,ELIGIBLE,9.31,628256.0265,61857.75,1.0,0.4615,1.89,94.81,D-1,False,
LGDS,NASDAQ,FUND_ETF_ETN,,,,,,,,UNMEASURED,False,
LGDX,ARCA,FUND_ETF_ETN,,,,,,,,UNMEASURED,False,
LGH,ARCA,FUND_ETF_ETN,,,,,,,,UNMEASURED,False,
LGHL,NASDAQ,ELIGIBLE,7.3,1406327.7135,168258.2,1.0,0.0821,0.0,301.62,D-1,True,3736
LGHT,BATS,FUND_ETF_ETN,,,,,,,,UNMEASURED,False,
LGI,NYSE,FUND_ETF_ETN,,,,,,,,UNMEASURED,False,
LGIH,NASDAQ,ELIGIBLE,49.99,16126279.784,314446.45,1.0,0.8205,0.0,18.29,D-1,True,2286
LGL,AMEX,ELIGIBLE,6.7,173090.579,24776.55,1.0,0.041,0.0,275.16,D-1,False,
LGLV,ARCA,FUND_ETF_ETN,,,,,,,,UNMEASURED,False,
LGMK,OTC,NOT_TRADABLE,,,,,,,,UNMEASURED,False,
LGN,NASDAQ,ELIGIBLE,52.52,45758141.470249996,847655.7,1.0,0.7,5.72,37.48,D-1,True,1564
LGND,NASDAQ,ELIGIBLE,301.52,65206111.615499996,226401.8,1.0,0.2667,0.66,63.63,D-1,True,1283
LGO,NASDAQ,ELIGIBLE,0.534,477251.52303,790874.6,1.0,0.8436,37.75,104.69,D-1,False,
LGOV,ARCA,FUND_ETF_ETN,,,,,,,,UNMEASURED,False,
LGPS,AMEX,ELIGIBLE,0.7901,2126862.230725,1895217.6,1.0,0.0615,0.0,883.68,D-1,False,
LGRDY,OTC,NOT_LISTED_EXCHANGE,,,,,,,,UNMEASURED,False,
LGRO,NASDAQ,FUND_ETF_ETN,,,,,,,,UNMEASURED,False,
LGVN,NASDAQ,ELIGIBLE,2.81,683331.4299999999,181589.45,1.0,0.1487,0.0,382.39,D-1,False,
LH,NYSE,ELIGIBLE,309.64,262993973.192,825374.7,1.0,0.9564,4.5,6.12,D-1,True,486
LHAI,NASDAQ,ELIGIBLE,1.02,5936427.175170001,5336661.65,1.0,0.0846,0.0,316.12,D-1,True,2944
LHDXQ,OTC,NOT_TRADABLE,,,,,,,,UNMEASURED,False,
LHSW,NASDAQ,ELIGIBLE,0.72,22686242.67986,25906562.85,1.0,0.6385,1.46,101.97,D-1,False,
LHX,NYSE,ELIGIBLE,237.69,419095775.1945,1669000.35,1.0,1.0,6.28,8.38,D-1,True,298
LI,NASDAQ,ELIGIBLE,11.5,34576091.96,2900215.85,1.0,0.9667,4.35,8.71,D-1,True,1760
LIAE,BATS,FUND_ETF_ETN,,,,,,,,UNMEASURED,False,
LIAM,BATS,FUND_ETF_ETN,,,,,,,,UNMEASURED,False,
LIANY,OTC,NOT_TRADABLE,,,,,,,,UNMEASURED,False,
LIAU,BATS,FUND_ETF_ETN,,,,,,,,UNMEASURED,False,
LIBD,BATS,FUND_ETF_ETN,,,,,,,,UNMEASURED,False,
LICN,NASDAQ,ELIGIBLE,1.04,21894.2475,19893.85,1.0,0.0205,0.0,751.17,D-1,False,
LICYQ,OTC,NOT_TRADABLE,,,,,,,,UNMEASURED,False,
LIDR,NASDAQ,ELIGIBLE,1.21,11122257.691,7691638.35,1.0,0.3795,0.0,83.34,D-1,True,2550
LIEN,NASDAQ,ELIGIBLE,10.04,513531.96775,50142.85,1.0,0.1538,0.0,195.81,D-1,False,
LIF,NASDAQ,ELIGIBLE,41.1,23810276.646,568369.05,1.0,0.5256,1.21,29.04,D-1,True,2030
LIFE,NASDAQ,ELIGIBLE,34.3,60685712.986,1619725.7,1.0,0.9282,18.96,48.15,D-1,True,1345
LIFT,BATS,FUND_ETF_ETN,,,,,,,,UNMEASURED,False,
LII,NYSE,ELIGIBLE,373.77,184198539.752,494127.3,1.0,0.8692,4.58,13.87,D-1,True,664
LILA,NASDAQ,ELIGIBLE,8.48,3213347.076,372252.7,1.0,0.4769,0.0,11.82,D-1,True,3291
LILAK,NASDAQ,ELIGIBLE,8.49,11819766.072,1376962.5,1.0,0.7154,5.86,11.84,D-1,True,2501
LILAP,NASDAQ,NOTE_DEBT,,,,,,,,UNMEASURED,False,
LILMF,OTC,NOT_TRADABLE,,,,,,,,UNMEASURED,False,
LILWF,OTC,NOT_TRADABLE,,,,,,,,UNMEASURED,False,
LIME,NASDAQ,ELIGIBLE,29.21,13107218.676,402764.9,1.0,0.5949,2.56,46.0,D-1,True,2439
LIMN,NASDAQ,ELIGIBLE,4.195,109815.92324999999,29032.65,1.0,0.0795,0.0,514.67,D-1,False,
LIMNW,NASDAQ,WARRANT,,,,,,,,UNMEASURED,False,
LIN,NASDAQ,ELIGIBLE,469.89,924853304.8264999,1969982.95,1.0,1.0,3.7,5.23,D-1,True,120
LINC,NASDAQ,ELIGIBLE,22.46,19846208.8295,804268.85,1.0,0.8538,11.35,27.62,D-1,True,2153
LIND,NASDAQ,ELIGIBLE,28.45,25140787.48375,939738.75,1.0,0.6769,5.31,17.98,D-1,True,1989
LINE,NASDAQ,ELIGIBLE,36.15,35308598.819749996,935237.9,1.0,0.8538,5.63,11.15,D-1,True,1749
LINK,NASDAQ,ELIGIBLE,5.55,153643.02550000002,28137.35,1.0,0.1538,0.0,368.35,D-1,False,
LINT,NASDAQ,FUND_ETF_ETN,,,,,,,,UNMEASURED,False,
LION,NYSE,ELIGIBLE,10.85,31977692.2585,2863533.7,1.0,0.9667,9.22,13.87,D-1,True,1804
LIPO,OTC,NOT_TRADABLE,,,,,,,,UNMEASURED,False,
LIQT,NASDAQ,ELIGIBLE,0.6136,69923.305145,103804.05,1.0,0.259,0.0,463.63,D-1,False,
LIT,ARCA,FUND_ETF_ETN,,,,,,,,UNMEASURED,False,
LITB,NYSE,ELIGIBLE,3.065,13177.670000000002,4301.95,1.0,0.0128,0.0,554.65,D-1,False,
LITC,BATS,FUND_ETF_ETN,,,,,,,,UNMEASURED,False,
LITE,NASDAQ,ELIGIBLE,941.65,4033434282.04975,4396279.35,1.0,1.0,18.92,12.6,D-1,True,21
LITG,BATS,FUND_ETF_ETN,,,,,,,,UNMEASURED,False,
LITL,ARCA,FUND_ETF_ETN,,,,,,,,UNMEASURED,False,
LITP,NASDAQ,FUND_ETF_ETN,,,,,,,,UNMEASURED,False,
LITS,NASDAQ,ELIGIBLE,1.44,1109244.92786,882876.75,1.0,0.5487,22.81,71.69,D-1,True,3875
LITU,BATS,FUND_ETF_ETN,,,,,,,,UNMEASURED,False,
LITX,BATS,FUND_ETF_ETN,,,,,,,,UNMEASURED,False,
LITZ,BATS,FUND_ETF_ETN,,,,,,,,UNMEASURED,False,
LIVE,NASDAQ,ELIGIBLE,7.85,59346.08624999999,7073.7,1.0,0.0128,0.0,114.0,D-1,False,
LIVN,NASDAQ,ELIGIBLE,76.63,50956918.3355,646085.0,1.0,0.7308,2.6,13.0,D-1,True,1477
LJAN,BATS,FUND_ETF_ETN,,,,,,,,UNMEASURED,False,
LJUL,BATS,FUND_ETF_ETN,,,,,,,,UNMEASURED,False,
LKCOF,OTC,NOT_TRADABLE,,,,,,,,UNMEASURED,False,
LKFN,NASDAQ,ELIGIBLE,59.51,11559096.22,193364.95,1.0,0.2718,0.0,13.08,D-1,True,2515
LKFT,NASDAQ,ELIGIBLE,29.38,9195095.4825,319782.7,1.0,0.541,0.0,15.25,D-1,True,2667
LKNCY,OTC,NOT_LISTED_EXCHANGE,,,,,,,,UNMEASURED,False,
LKOR,BATS,FUND_ETF_ETN,,,,,,,,UNMEASURED,False,
LKQ,NASDAQ,ELIGIBLE,23.29,80046529.84400001,3332743.95,1.0,0.9718,4.35,6.46,D-1,True,1135
LKSP,NASDAQ,ELIGIBLE,10.25,55406.2325,5419.3,1.0,0.0,,,UNMEASURED,False,
LKSPR,NASDAQ,RIGHT,,,,,,,,UNMEASURED,False,
LKSPU,NASDAQ,UNIT,,,,,,,,UNMEASURED,False,
LLDR,ARCA,FUND_ETF_ETN,,,,,,,,UNMEASURED,False,
LLY,NYSE,ELIGIBLE,1183.46,2721615610.2755003,2362262.1,1.0,1.0,7.73,9.71,D-1,True,31
LLYVA,NASDAQ,ELIGIBLE,96.32,12376111.8495,129697.4,1.0,0.1282,0.0,38.53,D-1,True,2470
LLYVB,OTC,NOT_TRADABLE,,,,,,,,UNMEASURED,False,
LLYVK,NASDAQ,ELIGIBLE,99.36,29296275.79,296018.45,1.0,0.4282,0.0,27.73,D-1,True,1873
LLYX,ARCA,FUND_ETF_ETN,,,,,,,,UNMEASURED,False,
LMAT,NASDAQ,ELIGIBLE,81.52,21499806.249,267851.25,1.0,0.3641,0.0,30.41,D-1,True,2103
LMB,NASDAQ,ELIGIBLE,51.48,20034053.097,409887.35,1.0,0.2564,0.0,68.74,D-1,True,2146
LMBS,NASDAQ,FUND_ETF_ETN,,,,,,,,UNMEASURED,False,
LMND,NYSE,ELIGIBLE,44.93,51055826.321499996,1044100.8,1.0,0.9179,6.67,10.93,D-1,True,1476
LMNR,NASDAQ,ELIGIBLE,11.78,2018036.012,152427.8,1.0,0.3359,0.0,42.35,D-1,True,3552
LMPX,OTC,NOT_TRADABLE,,,,,,,,UNMEASURED,False,
LMRI,NASDAQ,ELIGIBLE,10.21,4253856.833,384301.05,1.0,0.5949,0.0,24.8,D-1,True,3147
LMT,NYSE,ELIGIBLE,519.56,627899990.5215,1178766.0,1.0,0.9974,4.64,8.57,D-1,True,189
LMTL,NASDAQ,FUND_ETF_ETN,,,,,,,,UNMEASURED,False,
LMUB,ARCA,FUND_ETF_ETN,,,,,,,,UNMEASURED,False,
LNAI,NASDAQ,ELIGIBLE,1.93,95862.2475,41928.5,1.0,0.1308,0.0,403.62,D-1,False,
LNC,NYSE,ELIGIBLE,41.69,84091602.4525,1958121.8,1.0,0.8923,3.58,6.01,D-1,True,1101
LNC.PRD,NYSE,MALFORMED_OR_NON_COMMON_SYMBOL,,,,,,,,UNMEASURED,False,
LND,NYSE,ELIGIBLE,3.51,201932.635,54490.05,1.0,0.0615,0.0,71.25,D-1,False,
LNG,NYSE,ELIGIBLE,268.54,633461342.0365,2270866.35,1.0,0.9949,8.53,10.82,D-1,True,187
LNGX,ARCA,FUND_ETF_ETN,,,,,,,,UNMEASURED,False,
LNKS,NASDAQ,ELIGIBLE,0.9706,25307.4493,26296.55,1.0,0.0154,16.67,,UNMEASURED,False,
LNN,NYSE,ELIGIBLE,114.25,20973952.116,177689.15,1.0,0.2,0.0,71.52,D-1,True,2117
LNOK,BATS,FUND_ETF_ETN,,,,,,,,UNMEASURED,False,
LNSR,NASDAQ,ELIGIBLE,6.92,588466.2795,74661.15,1.0,0.0692,0.0,134.65,D-1,False,
LNT,NASDAQ,ELIGIBLE,63.6,152914284.56100002,2304913.0,1.0,0.9923,3.18,2.38,D-1,True,750
LNTH,NASDAQ,ELIGIBLE,99.74,97986192.49700001,975308.9,1.0,0.8744,0.5,1.0,D-1,True,1003
LNVGY,OTC,NOT_LISTED_EXCHANGE,,,,,,,,UNMEASURED,False,
LNWO,OTC,NOT_TRADABLE,,,,,,,,UNMEASURED,False,
LNZA,NASDAQ,ELIGIBLE,6.03,391474.281,65225.25,1.0,0.1513,0.0,243.06,D-1,False,
LNZAW,NASDAQ,WARRANT,,,,,,,,UNMEASURED,False,
LOAN,NASDAQ,ELIGIBLE,3.9,93776.27075,23538.1,1.0,0.0564,0.0,25.67,D-1,False,
LOAR,NYSE,ELIGIBLE,65.04,48269632.4535,729663.45,1.0,0.7103,4.59,23.09,D-1,True,1521
LOB,NYSE,ELIGIBLE,37.48,7949780.643999999,205462.3,1.0,0.3615,0.0,27.94,D-1,True,2763
LOB.PRA,NYSE,MALFORMED_OR_NON_COMMON_SYMBOL,,,,,,,,UNMEASURED,False,
LOBO,NASDAQ,ELIGIBLE,0.5599,6140278.729459999,9023701.3,1.0,0.3179,0.0,83.36,D-1,False,
LOCL,NYSE,ELIGIBLE,1.09,51573.35897,45551.75,1.0,0.0231,0.0,413.9,D-1,False,
LOCO,NASDAQ,ELIGIBLE,14.09,2960308.9845,200487.7,1.0,0.3154,0.0,32.03,D-1,True,3334
LOCT,BATS,FUND_ETF_ETN,,,,,,,,UNMEASURED,False,
LODE,AMEX,ELIGIBLE,2.56,3533486.6619999995,1262368.1,1.0,0.8769,19.41,39.06,D-1,True,3240
LODI,ARCA,FUND_ETF_ETN,,,,,,,,UNMEASURED,False,
LOEV,ARCA,FUND_ETF_ETN,,,,,,,,UNMEASURED,False,
LOFD,ARCA,FUND_ETF_ETN,,,,,,,,UNMEASURED,False,
LOFF,ARCA,FUND_ETF_ETN,,,,,,,,UNMEASURED,False,
LOGC,OTC,NOT_TRADABLE,,,,,,,,UNMEASURED,False,
LOGI,NASDAQ,ELIGIBLE,101.09,74918807.735,741493.05,1.0,0.8205,4.45,11.81,D-1,True,1177
LOGO,NASDAQ,FUND_ETF_ETN,,,,,,,,UNMEASURED,False,
LOHA,BATS,FUND_ETF_ETN,,,,,,,,UNMEASURED,False,
LOMA,NYSE,ELIGIBLE,9.35,3407952.0270000002,347810.35,1.0,0.4154,0.0,37.16,D-1,True,3261
LONA,NASDAQ,ELIGIBLE,3.25,425764.94649999996,70137.85,1.0,0.4333,26.54,504.4,D-1,False,
LONZ,ARCA,FUND_ETF_ETN,,,,,,,,UNMEASURED,False,
LOOP,NASDAQ,ELIGIBLE,0.461,102585.82113,209519.2,1.0,0.1103,0.0,236.04,D-1,False,
LOPE,NASDAQ,ELIGIBLE,147.28,52079990.6725,345034.65,1.0,0.5333,0.67,41.15,D-1,True,1465
LOPP,ARCA,FUND_ETF_ETN,,,,,,,,UNMEASURED,False,
LOT,NASDAQ,ELIGIBLE,0.8999,421105.473655,378261.7,1.0,0.0641,0.0,391.24,D-1,False,
LOTI,NASDAQ,FUND_ETF_ETN,,,,,,,,UNMEASURED,False,
LOTWW,NASDAQ,WARRANT,,,,,,,,UNMEASURED,False,
LOUP,ARCA,FUND_ETF_ETN,,,,,,,,UNMEASURED,False,
LOVE,NASDAQ,ELIGIBLE,15.19,4909949.220000001,331008.6,1.0,0.4692,3.31,26.64,D-1,True,3061
LOVIU,NASDAQ,UNIT,,,,,,,,UNMEASURED,False,
LOVLQ,OTC,NOT_TRADABLE,,,,,,,,UNMEASURED,False,
LOW,NYSE,ELIGIBLE,189.28,641416544.297,3260382.3,1.0,0.9974,6.88,11.95,D-1,True,185
LOWV,ARCA,FUND_ETF_ETN,,,,,,,,UNMEASURED,False,
LPA,AMEX,ELIGIBLE,2.9081,99295.847135,31440.75,1.0,0.0769,0.0,544.28,D-1,False,
LPAA,NASDAQ,ELIGIBLE,10.76,1774.5739999999998,164.9,1.0,0.0,,,UNMEASURED,False,
LPAAU,NASDAQ,UNIT,,,,,,,,UNMEASURED,False,
LPAAW,NASDAQ,WARRANT,,,,,,,,UNMEASURED,False,
LPBB,NASDAQ,ELIGIBLE,10.83,696801.17545,64355.25,1.0,0.0231,0.0,,UNMEASURED,False,
LPBBU,NASDAQ,UNIT,,,,,,,,UNMEASURED,False,
LPBBW,NASDAQ,WARRANT,,,,,,,,UNMEASURED,False,
LPCN,NASDAQ,ELIGIBLE,2.1,72828.7705,32968.0,1.0,0.0615,0.0,306.34,D-1,False,
LPCV,NASDAQ,ELIGIBLE,10.08,328442.94425000006,32668.8,1.0,0.0026,0.0,,UNMEASURED,False,
LPCVU,NASDAQ,UNIT,,,,,,,,UNMEASURED,False,
LPCVW,NASDAQ,WARRANT,,,,,,,,UNMEASURED,False,
LPG,NYSE,ELIGIBLE,53.43,33663285.019,617194.75,1.0,0.6333,1.87,19.6,D-1,True,1776
LPL,NYSE,ELIGIBLE,2.98,7613499.38,2423778.35,1.0,0.8308,8.14,33.84,D-1,True,2791
LPLA,NASDAQ,ELIGIBLE,314.36,259583330.60275,775317.75,1.0,0.9821,10.75,12.39,D-1,True,494
LPRE,ARCA,FUND_ETF_ETN,,,,,,,,UNMEASURED,False,
LPSV,ARCA,FUND_ETF_ETN,,,,,,,,UNMEASURED,False,
LPTH,NASDAQ,ELIGIBLE,9.98,37182289.796,3734907.35,1.0,0.9231,9.94,10.01,D-1,True,1715
LPX,NYSE,ELIGIBLE,66.7,74251567.69500001,1105057.3,1.0,0.6205,1.5,20.38,D-1,True,1184
LQ,NASDAQ,FUND_ETF_ETN,,,,,,,,UNMEASURED,False,
LQAI,ARCA,FUND_ETF_ETN,,,,,,,,UNMEASURED,False,
LQD,ARCA,FUND_ETF_ETN,,,,,,,,UNMEASURED,False,
LQDA,NASDAQ,ELIGIBLE,68.43,81980562.252,1209951.05,1.0,0.8359,9.35,35.62,D-1,True,1114
LQDB,ARCA,FUND_ETF_ETN,,,,,,,,UNMEASURED,False,
LQDD,BATS,FUND_ETF_ETN,,,,,,,,UNMEASURED,False,
LQDH,ARCA,FUND_ETF_ETN,,,,,,,,UNMEASURED,False,
LQDI,BATS,FUND_ETF_ETN,,,,,,,,UNMEASURED,False,
LQDM,BATS,FUND_ETF_ETN,,,,,,,,UNMEASURED,False,
LQDT,NASDAQ,ELIGIBLE,43.61,9727516.936,231485.25,1.0,0.4103,0.0,41.37,D-1,True,2630
LQDU,BATS,FUND_ETF_ETN,,,,,,,,UNMEASURED,False,
LQDW,BATS,FUND_ETF_ETN,,,,,,,,UNMEASURED,False,
LQID,BATS,FUND_ETF_ETN,,,,,,,,UNMEASURED,False,
LQMT,OTC,NOT_TRADABLE,,,,,,,,UNMEASURED,False,
LQTI,ARCA,FUND_ETF_ETN,,,,,,,,UNMEASURED,False,
LRCC,BATS,FUND_ETF_ETN,,,,,,,,UNMEASURED,False,
LRCU,BATS,FUND_ETF_ETN,,,,,,,,UNMEASURED,False,
LRCX,NASDAQ,ELIGIBLE,315.21,2739667048.348,9286548.6,1.0,1.0,10.67,7.66,D-1,True,30
LRE,NASDAQ,ELIGIBLE,1.1,28173.382055000002,24983.65,1.0,0.0154,0.0,639.27,D-1,False,
LRGC,ARCA,FUND_ETF_ETN,,,,,,,,UNMEASURED,False,
LRGE,NASDAQ,FUND_ETF_ETN,,,,,,,,UNMEASURED,False,
LRGF,ARCA,FUND_ETF_ETN,,,,,,,,UNMEASURED,False,
LRGG,ARCA,FUND_ETF_ETN,,,,,,,,UNMEASURED,False,
LRHC,NASDAQ,ELIGIBLE,2.6,515806.58509999997,185499.45,1.0,0.0359,0.0,422.26,D-1,False,
LRMR,NASDAQ,ELIGIBLE,3.075,4921556.393,1327270.9,1.0,0.9462,16.0,31.65,D-1,True,3059
LRN,NYSE,ELIGIBLE,78.56,59618782.7785,727417.65,1.0,0.5385,1.92,36.84,D-1,True,1363
LRND,NASDAQ,FUND_ETF_ETN,,,,,,,,UNMEASURED,False,
LRNX,BATS,FUND_ETF_ETN,,,,,,,,UNMEASURED,False,
LRNZ,BATS,FUND_ETF_ETN,,,,,,,,UNMEASURED,False,
LSAF,ARCA,FUND_ETF_ETN,,,,,,,,UNMEASURED,False,
LSAK,NASDAQ,ELIGIBLE,4.18,667489.3055,155058.25,1.0,0.3231,0.0,35.96,D-1,False,
LSAT,ARCA,FUND_ETF_ETN,,,,,,,,UNMEASURED,False,
LSBCF,OTC,NOT_TRADABLE,,,,,,,,UNMEASURED,False,
LSBK,NASDAQ,ELIGIBLE,17.82,638635.96975,35429.1,1.0,0.0513,0.0,,UNMEASURED,False,
LSBWF,OTC,NOT_TRADABLE,,,,,,,,UNMEASURED,False,
LSCC,NASDAQ,ELIGIBLE,128.05,187740945.562,1639764.75,1.0,0.9615,9.45,12.62,D-1,True,648
LSCP,ARCA,FUND_ETF_ETN,,,,,,,,UNMEASURED,False,
LSDIF,OTC,NOT_TRADABLE,,,,,,,,UNMEASURED,False,
LSE,NASDAQ,ELIGIBLE,4.8,27509.89784,5265.95,1.0,0.059,0.0,304.57,D-1,False,
LSEGY,OTC,NOT_TRADABLE,,,,,,,,UNMEASURED,False,
LSEQ,ARCA,FUND_ETF_ETN,,,,,,,,UNMEASURED,False,
LSF,AMEX,ELIGIBLE,3.45,96779.8605,25367.4,1.0,0.0769,0.0,330.37,D-1,False,
LSGR,ARCA,FUND_ETF_ETN,,,,,,,,UNMEASURED,False,
LSPD,NYSE,ELIGIBLE,9.87,6165165.5995,618623.55,1.0,0.7462,5.09,10.25,D-1,True,2914
LSRCY,OTC,NOT_LISTED_EXCHANGE,,,,,,,,UNMEASURED,False,
LST,ARCA,FUND_ETF_ETN,,,,,,,,UNMEASURED,False,
LSTA,NASDAQ,ELIGIBLE,1.58,535371.0434999999,318667.6,1.0,0.0487,0.0,297.04,D-1,False,
LSTB,ARCA,FUND_ETF_ETN,,,,,,,,UNMEASURED,False,
LSTR,NASDAQ,ELIGIBLE,163.77,56650669.559,328550.4,1.0,0.4205,0.76,28.57,D-1,True,1399
LSVD,ARCA,FUND_ETF_ETN,,,,,,,,UNMEASURED,False,
LTAX,ARCA,FUND_ETF_ETN,,,,,,,,UNMEASURED,False,
LTBR,NASDAQ,ELIGIBLE,6.85,5688900.072,821279.55,1.0,0.7692,2.7,29.66,D-1,True,2977
LTC,NYSE,ELIGIBLE,42.94,26237298.554500002,618416.3,1.0,0.6821,2.31,11.68,D-1,True,1952
LTCC,NASDAQ,FUND_ETF_ETN,,,,,,,,UNMEASURED,False,
LTCH,OTC,NOT_TRADABLE,,,,,,,,UNMEASURED,False,
LTCN,OTC,NOT_LISTED_EXCHANGE,,,,,,,,UNMEASURED,False,
LTGO,NASDAQ,ELIGIBLE,17.15,7212307.708500001,328056.4,1.0,0.4462,0.0,158.87,D-1,True,2814
LTGR,NASDAQ,ELIGIBLE,9.99,29390.21188,2954.35,1.0,0.0051,1.2,,UNMEASURED,False,
LTGRU,NASDAQ,UNIT,,,,,,,,UNMEASURED,False,
LTGRW,NASDAQ,WARRANT,,,,,,,,UNMEASURED,False,
LTH,NYSE,ELIGIBLE,39.97,139618013.52249998,3406719.8,1.0,0.9872,5.04,3.75,D-1,True,806
LTL,ARCA,FUND_ETF_ETN,,,,,,,,UNMEASURED,False,
LTM,NYSE,ELIGIBLE,52.45,37351622.4155,728032.3,1.0,0.9333,6.67,14.45,D-1,True,1713
LTPZ,ARCA,FUND_ETF_ETN,,,,,,,,UNMEASURED,False,
LTRN,NASDAQ,ELIGIBLE,1.22,383242.88575,237101.45,1.0,0.4718,0.0,122.11,D-1,False,
LTRPA,OTC,NOT_TRADABLE,,,,,,,,UNMEASURED,False,
LTRPB,OTC,NOT_TRADABLE,,,,,,,,UNMEASURED,False,
LTRX,NASDAQ,ELIGIBLE,7.015,7420422.152249999,1312984.3,1.0,0.9538,7.41,14.46,D-1,True,2799
LTRYW,NASDAQ,WARRANT,,,,,,,,UNMEASURED,False,
LTTI,ARCA,FUND_ETF_ETN,,,,,,,,UNMEASURED,False,
LU,NYSE,ELIGIBLE,1.23,1677990.2895,1361218.4,1.0,0.8308,0.0,79.07,D-1,True,3646
LUCD,NASDAQ,ELIGIBLE,0.826,928470.37091,1098257.2,1.0,0.7256,1.2,34.59,D-1,False,
LUCK,NYSE,ELIGIBLE,5.21,494553.67300000007,86534.5,1.0,0.1487,0.0,96.87,D-1,False,
LUCY,NASDAQ,ELIGIBLE,0.9499,270397.68539,296653.5,1.0,0.1897,0.0,153.41,D-1,False,
LUCYW,NASDAQ,WARRANT,,,,,,,,UNMEASURED,False,
LUD,AMEX,ELIGIBLE,4.0,16377.228400000002,3889.9,1.0,0.0051,0.0,676.33,D-1,False,
LULG,NASDAQ,FUND_ETF_ETN,,,,,,,,UNMEASURED,False,
LULU,NASDAQ,ELIGIBLE,101.3,872461351.96,8271912.85,1.0,0.9974,11.88,10.38,D-1,True,134
LUMA,ARCA,FUND_ETF_ETN,,,,,,,,UNMEASURED,False,
LUMN,NYSE,ELIGIBLE,5.71,87695443.442,13432524.3,1.0,0.9923,16.97,17.05,D-1,True,1065
LUNA,OTC,NOT_TRADABLE,,,,,,,,UNMEASURED,False,
LUNG,NASDAQ,ELIGIBLE,1.91,632090.5885,304818.2,1.0,0.5641,0.0,51.28,D-1,False,
LUNL,BATS,FUND_ETF_ETN,,,,,,,,UNMEASURED,False,
LUNR,NASDAQ,ELIGIBLE,15.61,104771854.632,7018085.55,1.0,1.0,18.78,6.35,D-1,True,963
LUV,NYSE,ELIGIBLE,42.68,238563327.759,5950308.55,1.0,1.0,9.6,6.0,D-1,True,534
LUXE,NYSE,ELIGIBLE,9.38,3138909.6175,358515.8,1.0,0.441,0.0,80.92,D-1,True,3302
LUXHQ,OTC,NOT_TRADABLE,,,,,,,,UNMEASURED,False,
LUXPQ,OTC,NOT_TRADABLE,,,,,,,,UNMEASURED,False,
LVDS,NASDAQ,FUND_ETF_ETN,,,,,,,,UNMEASURED,False,
LVHD,NASDAQ,FUND_ETF_ETN,,,,,,,,UNMEASURED,False,
LVHI,BATS,FUND_ETF_ETN,,,,,,,,UNMEASURED,False,
LVIG,NASDAQ,FUND_ETF_ETN,,,,,,,,UNMEASURED,False,
LVLN,ARCA,FUND_ETF_ETN,,,,,,,,UNMEASURED,False,
LVLU,NASDAQ,ELIGIBLE,11.54,642877.1410000001,54996.35,1.0,0.0487,0.0,436.32,D-1,False,
LVMUY,OTC,NOT_LISTED_EXCHANGE,,,,,,,,UNMEASURED,False,
LVO,NASDAQ,ELIGIBLE,2.34,435089.35750000004,132641.85,1.0,0.2615,0.0,252.87,D-1,False,
LVROF,OTC,NOT_TRADABLE,,,,,,,,UNMEASURED,False,
LVRWF,OTC,NOT_TRADABLE,,,,,,,,UNMEASURED,False,
LVS,NYSE,ELIGIBLE,38.99,249200903.705,5944992.85,1.0,1.0,5.14,3.87,D-1,True,517
LVWR,NYSE,ELIGIBLE,1.5,689184.4515,500455.3,1.0,0.3077,0.0,72.2,D-1,False,
LVWR.WS,NYSE,MALFORMED_OR_NON_COMMON_SYMBOL,,,,,,,,UNMEASURED,False,
LW,NYSE,ELIGIBLE,43.58,70529815.713,1456390.6,1.0,0.9077,4.53,7.96,D-1,True,1227
LWAC,NASDAQ,ELIGIBLE,10.3821,394403.87851,38204.4,1.0,0.0,,,UNMEASURED,False,
LWACU,NASDAQ,UNIT,,,,,,,,UNMEASURED,False,
LWACW,NASDAQ,WARRANT,,,,,,,,UNMEASURED,False,
LWAY,NASDAQ,ELIGIBLE,21.74,3320621.252,137262.75,1.0,0.2256,0.0,70.62,D-1,True,3274
LWLG,NASDAQ,ELIGIBLE,5.31,13548639.787999999,2601839.2,1.0,0.9692,18.34,18.74,D-1,True,2412
LWLX,BATS,FUND_ETF_ETN,,,,,,,,UNMEASURED,False,
LX,NASDAQ,ELIGIBLE,0.7425,5016365.20453,5719625.2,1.0,0.7718,2.69,56.71,D-1,False,
LXEH,NASDAQ,ELIGIBLE,1.68,2363404.5724500003,1481256.85,1.0,0.2385,0.0,247.86,D-1,True,3458
LXEO,NASDAQ,ELIGIBLE,3.31,4127175.3585,1010326.3,1.0,0.8256,14.83,29.86,D-1,True,3163
LXFR,NYSE,ELIGIBLE,17.25,7242569.925500001,420134.15,1.0,0.4359,0.0,5.8,D-1,True,2812
LXP,NYSE,ELIGIBLE,60.88,52815946.570999995,868592.15,1.0,0.6974,0.0,1.64,D-1,True,1455
LXP.PRC,NYSE,MALFORMED_OR_NON_COMMON_SYMBOL,,,,,,,,UNMEASURED,False,
LXRX,NASDAQ,ELIGIBLE,1.795,6341832.102,3041120.8,1.0,0.9179,22.99,54.35,D-1,True,2896
LXU,NYSE,ELIGIBLE,9.89,9034775.5495,821502.65,1.0,0.5949,1.07,15.24,D-1,True,2676
LYB,NYSE,ELIGIBLE,58.14,225758849.8665,3579012.95,1.0,1.0,8.62,9.35,D-1,True,555
LYEL,NASDAQ,ELIGIBLE,9.85,1521758.7619999999,130582.7,1.0,0.2667,0.0,55.2,D-1,True,3693
LYFT,NASDAQ,ELIGIBLE,14.865,157830793.07349998,9979332.25,1.0,0.9949,10.03,6.69,D-1,True,739
LYG,NYSE,ELIGIBLE,5.77,82422321.40900001,13992272.7,1.0,0.9949,8.68,17.42,D-1,True,1110
LYLD,BATS,FUND_ETF_ETN,,,,,,,,UNMEASURED,False,
LYLTQ,OTC,NOT_TRADABLE,,,,,,,,UNMEASURED,False,
LYNX,NYSE,ELIGIBLE,12.86,5448024.146,412621.6,1.0,0.3564,0.0,142.86,D-1,True,3004
LYRA,OTC,NOT_TRADABLE,,,,,,,,UNMEASURED,False,
LYSDY,OTC,NOT_TRADABLE,,,,,,,,UNMEASURED,False,
LYTE,BATS,FUND_ETF_ETN,,,,,,,,UNMEASURED,False,
LYTHF,OTC,NOT_TRADABLE,,,,,,,,UNMEASURED,False,
LYTS,NASDAQ,ELIGIBLE,21.09,8616577.096,427841.6,1.0,0.5154,0.0,81.39,D-1,True,2709
LYV,NYSE,ELIGIBLE,170.87,336223857.47800004,1957362.5,1.0,0.9051,3.82,7.38,D-1,True,387
LZ,NASDAQ,ELIGIBLE,5.62,16263835.892500002,2701125.5,1.0,0.9487,8.84,17.58,D-1,True,2280
LZAGY,OTC,NOT_LISTED_EXCHANGE,,,,,,,,UNMEASURED,False,
LZB,NYSE,ELIGIBLE,29.88,25589640.678,830570.5,1.0,0.7359,3.32,10.02,D-1,True,1968
LZM,NYSE,ELIGIBLE,3.99,1290024.477,318519.4,1.0,0.5949,0.0,25.19,D-1,True,3793
LZM.WS,NYSE,MALFORMED_OR_NON_COMMON_SYMBOL,,,,,,,,UNMEASURED,False,
LZMH,NASDAQ,ELIGIBLE,1.15,248815.46024999995,214781.05,1.0,0.2718,0.0,619.86,D-1,False,
LZRFY,OTC,NOT_TRADABLE,,,,,,,,UNMEASURED,False,
M,NYSE,ELIGIBLE,22.64,148644093.8315,6763253.1,1.0,0.9949,6.67,4.46,D-1,True,766
MA,NYSE,ELIGIBLE,567.65,1473869595.27,2576866.65,1.0,1.0,4.32,2.79,D-1,True,67
MAA,NYSE,ELIGIBLE,118.35,143163024.367,1162265.5,1.0,0.9385,3.8,6.37,D-1,True,786
MAA.PRI,NYSE,MALFORMED_OR_NON_COMMON_SYMBOL,,,,,,,,UNMEASURED,False,
MAAS,NASDAQ,ELIGIBLE,15.37,7174504.734,467545.1,1.0,0.4154,0.0,171.69,D-1,True,2818
MAAY,NASDAQ,FUND_ETF_ETN,,,,,,,,UNMEASURED,False,
MAC,NYSE,ELIGIBLE,22.64,80600625.7825,3517719.45,1.0,0.9821,4.41,4.42,D-1,True,1127
MACI,NASDAQ,ELIGIBLE,11.05,27836.05725,2525.7,1.0,0.0026,0.0,,UNMEASURED,False,
MACIU,NASDAQ,UNIT,,,,,,,,UNMEASURED,False,
MACIW,NASDAQ,WARRANT,,,,,,,,UNMEASURED,False,
MADE,ARCA,FUND_ETF_ETN,,,,,,,,UNMEASURED,False,
MAGA,ARCA,FUND_ETF_ETN,,,,,,,,UNMEASURED,False,
MAGC,BATS,FUND_ETF_ETN,,,,,,,,UNMEASURED,False,
MAGG,ARCA,FUND_ETF_ETN,,,,,,,,UNMEASURED,False,
MAGH,NASDAQ,ELIGIBLE,6.76,0.0,0.0,1.0,0.0,,,UNMEASURED,False,
MAGN,NYSE,ELIGIBLE,12.13,4490379.9350000005,375759.6,1.0,0.4051,0.0,24.84,D-1,True,3110
MAGS,BATS,FUND_ETF_ETN,,,,,,,,UNMEASURED,False,
MAGX,BATS,FUND_ETF_ETN,,,,,,,,UNMEASURED,False,
MAGY,BATS,FUND_ETF_ETN,,,,,,,,UNMEASURED,False,
MAIA,AMEX,ELIGIBLE,1.2,835326.6985,627734.35,1.0,0.7949,40.45,81.97,D-1,False,
MAIN,NYSE,ELIGIBLE,55.1,25495571.737999998,449941.9,1.0,0.7487,1.83,8.21,D-1,True,1975
MAIR,NYSE,ELIGIBLE,25.16,60423891.722500004,2426254.75,1.0,0.9487,8.0,12.0,D-1,True,1350
MAKO,NASDAQ,ELIGIBLE,9.98,1972449.303,193756.8,1.0,0.2667,0.0,24.63,D-1,True,3562
MAKSY,OTC,NOT_LISTED_EXCHANGE,,,,,,,,UNMEASURED,False,
MAKX,ARCA,FUND_ETF_ETN,,,,,,,,UNMEASURED,False,
MAMA,NASDAQ,ELIGIBLE,13.35,12695542.694500001,885893.85,1.0,0.7436,3.78,22.74,D-1,True,2454
MAMB,BATS,FUND_ETF_ETN,,,,,,,,UNMEASURED,False,
MAMK,NASDAQ,ELIGIBLE,13.0,0.0,0.0,1.0,0.0,,,UNMEASURED,False,
MAMO,NASDAQ,NOT_TRADABLE,,,,,,,,UNMEASURED,False,
MAN,NYSE,ELIGIBLE,57.41,45527086.984500006,777541.45,1.0,0.759,5.67,27.86,D-1,True,1572
MANE,NYSE,ELIGIBLE,116.57,79750396.3395,747998.2,1.0,0.6154,3.02,46.36,D-1,True,1138
MANH,NASDAQ,ELIGIBLE,206.03,132842830.27049999,628139.9,1.0,0.6872,1.14,22.74,D-1,True,831
MANI,ARCA,FUND_ETF_ETN,,,,,,,,UNMEASURED,False,
MANU,NYSE,ELIGIBLE,20.4,7824670.728,379607.85,1.0,0.6462,2.49,24.89,D-1,True,2781
MAPS,OTC,NOT_TRADABLE,,,,,,,,UNMEASURED,False,
MAPSW,OTC,NOT_TRADABLE,,,,,,,,UNMEASURED,False,
MAQCW,OTC,NOT_TRADABLE,,,,,,,,UNMEASURED,False,
MAR,NASDAQ,ELIGIBLE,352.03,545597298.892,1609988.95,1.0,0.9897,5.93,8.87,D-1,True,219
MARA,NASDAQ,ELIGIBLE,12.55,549908152.5765,46062243.75,1.0,1.0,23.02,8.09,D-1,True,216
MARK,OTC,NOT_TRADABLE,,,,,,,,UNMEASURED,False,
MARM,BATS,FUND_ETF_ETN,,,,,,,,UNMEASURED,False,
MARO,ARCA,FUND_ETF_ETN,,,,,,,,UNMEASURED,False,
MARPS,NASDAQ,UNIT,,,,,,,,UNMEASURED,False,
MARS,BATS,FUND_ETF_ETN,,,,,,,,UNMEASURED,False,
MART,BATS,FUND_ETF_ETN,,,,,,,,UNMEASURED,False,
MARU,BATS,FUND_ETF_ETN,,,,,,,,UNMEASURED,False,
MARUY,OTC,NOT_LISTED_EXCHANGE,,,,,,,,UNMEASURED,False,
MARW,BATS,FUND_ETF_ETN,,,,,,,,UNMEASURED,False,
MARZ,BATS,FUND_ETF_ETN,,,,,,,,UNMEASURED,False,
MAS,NYSE,ELIGIBLE,68.85,164746617.1005,2378671.05,1.0,0.9769,5.1,4.38,D-1,True,717
MASK,NASDAQ,ELIGIBLE,0.873,1361862.50581,1279006.65,1.0,0.2923,0.0,171.11,D-1,False,
MASS,NASDAQ,ELIGIBLE,11.44,3845295.7270000004,366269.55,1.0,0.4333,0.0,35.16,D-1,True,3202
MAT,NASDAQ,ELIGIBLE,13.29,54665391.47625001,3983413.25,1.0,0.9821,3.82,7.6,D-1,True,1421
MATE,NASDAQ,FUND_ETF_ETN,,,,,,,,UNMEASURED,False,
MATH,NASDAQ,ELIGIBLE,0.9808,200673.727435,199948.8,1.0,0.0333,2.0,305.11,D-1,False,
MATR,ARCA,FUND_ETF_ETN,,,,,,,,UNMEASURED,False,
MATV,NYSE,ELIGIBLE,11.92,6172279.6815,506721.9,1.0,0.5385,0.0,12.55,D-1,True,2912
MATW,NASDAQ,ELIGIBLE,18.95,23409829.748,1158165.55,1.0,0.5359,0.0,15.66,D-1,True,2040
MATX,NYSE,ELIGIBLE,224.66,70326106.488,307559.95,1.0,0.3846,0.5,37.22,D-1,True,1230
MAUG,BATS,FUND_ETF_ETN,,,,,,,,UNMEASURED,False,
MAVF,ARCA,FUND_ETF_ETN,,,,,,,,UNMEASURED,False,
MAX,NYSE,ELIGIBLE,9.27,8021801.4715,728973.1,1.0,0.6256,0.0,21.17,D-1,True,2754
MAXI,NASDAQ,FUND_ETF_ETN,,,,,,,,UNMEASURED,False,
MAXJ,BATS,FUND_ETF_ETN,,,,,,,,UNMEASURED,False,
MAXNQ,OTC,NOT_TRADABLE,,,,,,,,UNMEASURED,False,
MAYC,BATS,FUND_ETF_ETN,,,,,,,,UNMEASURED,False,
MAYM,BATS,FUND_ETF_ETN,,,,,,,,UNMEASURED,False,
MAYP,BATS,FUND_ETF_ETN,,,,,,,,UNMEASURED,False,
MAYS,NASDAQ,ELIGIBLE,40.0,52439.411349999995,1274.05,1.0,0.0077,0.0,253.16,D-1,False,
MAYT,BATS,FUND_ETF_ETN,,,,,,,,UNMEASURED,False,
MAYU,BATS,FUND_ETF_ETN,,,,,,,,UNMEASURED,False,
MAYW,BATS,FUND_ETF_ETN,,,,,,,,UNMEASURED,False,
MAYZ,BATS,FUND_ETF_ETN,,,,,,,,UNMEASURED,False,
MAZE,NASDAQ,ELIGIBLE,26.05,20785773.2055,799994.0,1.0,0.941,15.48,51.23,D-1,True,2126
MB,NASDAQ,ELIGIBLE,4.0,78002.565,19007.3,1.0,0.0205,0.0,811.46,D-1,False,
MBAI,NASDAQ,ELIGIBLE,4.59,194529.23275,31276.45,1.0,0.0923,0.0,378.87,D-1,False,
MBB,NASDAQ,FUND_ETF_ETN,,,,,,,,UNMEASURED,False,
MBBA,BATS,FUND_ETF_ETN,,,,,,,,UNMEASURED,False,
MBBB,BATS,FUND_ETF_ETN,,,,,,,,UNMEASURED,False,
MBBC,NASDAQ,ELIGIBLE,15.28,62893.703735,4136.2,1.0,0.0154,0.0,,UNMEASURED,False,
MBC,NYSE,ELIGIBLE,7.23,22255568.563,3078973.25,1.0,0.9615,6.9,13.79,D-1,True,2072
MBCE,BATS,FUND_ETF_ETN,,,,,,,,UNMEASURED,False,
MBGAF,OTC,NOT_TRADABLE,,,,,,,,UNMEASURED,False,
MBGL,NYSE,ELIGIBLE,17.87,77610383.1715,3933545.7,1.0,0.9974,5.58,5.54,D-1,True,1151
MBGYY,OTC,NOT_LISTED_EXCHANGE,,,,,,,,UNMEASURED,False,
MBI,NYSE,ELIGIBLE,4.39,2081358.0825,454346.2,1.0,0.4974,0.0,22.65,D-1,True,3536
MBIN,NASDAQ,ELIGIBLE,52.1,12424111.7455,237072.1,1.0,0.2436,0.0,49.74,D-1,True,2466
MBINL,NASDAQ,PREFERRED,,,,,,,,UNMEASURED,False,
MBINM,NASDAQ,PREFERRED,,,,,,,,UNMEASURED,False,
MBINN,NASDAQ,PREFERRED,,,,,,,,UNMEASURED,False,
MBIO,NASDAQ,ELIGIBLE,0.5204,13663.085954999999,25927.8,1.0,0.0359,0.0,,UNMEASURED,False,
MBLY,NASDAQ,ELIGIBLE,8.03,40681235.1555,5060669.25,1.0,1.0,12.6,12.68,D-1,True,1652
MBND,BATS,FUND_ETF_ETN,,,,,,,,UNMEASURED,False,
MBNKO,NASDAQ,PREFERRED,,,,,,,,UNMEASURED,False,
MBOT,NASDAQ,ELIGIBLE,1.275,657523.7814999999,465751.85,1.0,0.5128,0.0,78.43,D-1,False,
MBOX,ARCA,FUND_ETF_ETN,,,,,,,,UNMEASURED,False,
MBRFY,OTC,NOT_LISTED_EXCHANGE,,,,,,,,UNMEASURED,False,
MBRX,NASDAQ,ELIGIBLE,0.6016,723477.3009200001,1171560.5,1.0,0.7513,53.88,222.23,D-1,False,
MBS,NASDAQ,FUND_ETF_ETN,,,,,,,,UNMEASURED,False,
MBSD,ARCA,FUND_ETF_ETN,,,,,,,,UNMEASURED,False,
MBSF,ARCA,FUND_ETF_ETN,,,,,,,,UNMEASURED,False,
MBSX,ARCA,FUND_ETF_ETN,,,,,,,,UNMEASURED,False,
MBUU,NASDAQ,ELIGIBLE,24.09,7047694.30975,279296.3,1.0,0.4513,3.15,44.51,D-1,True,2830
MBVI,NASDAQ,ELIGIBLE,10.24,491486.44621,48046.5,1.0,0.0,,,UNMEASURED,False,
MBVIU,NASDAQ,UNIT,,,,,,,,UNMEASURED,False,
MBVIW,NASDAQ,WARRANT,,,,,,,,UNMEASURED,False,
MBWM,NASDAQ,ELIGIBLE,60.03,6932445.364499999,114507.55,1.0,0.1513,0.0,46.53,D-1,True,2840
MBX,NASDAQ,ELIGIBLE,53.63,31726085.4935,521722.55,1.0,0.6359,4.71,44.22,D-1,True,1808
MC,NYSE,ELIGIBLE,58.74,49399609.425,787879.75,1.0,0.6846,4.26,24.05,D-1,True,1503
MCAGR,OTC,NOT_TRADABLE,,,,,,,,UNMEASURED,False,
MCAH,NASDAQ,ELIGIBLE,10.03,396471.41172000003,39568.8,1.0,0.0077,0.0,,UNMEASURED,False,
MCAHR,NASDAQ,RIGHT,,,,,,,,UNMEASURED,False,
MCAHU,NASDAQ,UNIT,,,,,,,,UNMEASURED,False,
MCB,NYSE,ELIGIBLE,89.6,10943800.056,121398.35,1.0,0.2051,1.12,54.52,D-1,True,2562
MCBS,NASDAQ,ELIGIBLE,34.98,2715317.473,77353.95,1.0,0.1974,0.0,21.5,D-1,True,3377
MCD,NYSE,ELIGIBLE,236.5,1455708222.4495,5827123.1,1.0,1.0,5.7,2.33,D-1,True,69
MCDS,NASDAQ,FUND_ETF_ETN,,,,,,,,UNMEASURED,False,
MCEM,OTC,NOT_TRADABLE,,,,,,,,UNMEASURED,False,
MCFT,NASDAQ,ELIGIBLE,20.59,6135294.0805,295953.0,1.0,0.3974,0.0,40.44,D-1,True,2919
MCGA,NASDAQ,ELIGIBLE,10.355,979929.4587,94715.2,1.0,0.0051,0.0,,UNMEASURED,False,
MCGAU,NASDAQ,UNIT,,,,,,,,UNMEASURED,False,
MCGAW,NASDAQ,WARRANT,,,,,,,,UNMEASURED,False,
MCH,ARCA,FUND_ETF_ETN,,,,,,,,UNMEASURED,False,
MCHB,NASDAQ,ELIGIBLE,15.17,7778031.195499999,503348.1,1.0,0.6744,0.0,9.88,D-1,True,2782
MCHG,BATS,FUND_ETF_ETN,,,,,,,,UNMEASURED,False,
MCHI,NASDAQ,FUND_ETF_ETN,,,,,,,,UNMEASURED,False,
MCHP,NASDAQ,ELIGIBLE,78.69,624542059.1439999,8514049.0,1.0,1.0,10.25,2.58,D-1,True,190
MCHPP,NASDAQ,PREFERRED,,,,,,,,UNMEASURED,False,
MCHS,NASDAQ,FUND_ETF_ETN,,,,,,,,UNMEASURED,False,
MCHU,BATS,FUND_ETF_ETN,,,,,,,,UNMEASURED,False,
MCHX,NASDAQ,ELIGIBLE,1.31,82537.2025,60801.25,1.0,0.0462,0.0,608.54,D-1,False,
MCI,NYSE,ELIGIBLE,18.3849,960564.6592599999,49649.15,1.0,0.0949,0.0,86.33,D-1,False,
MCK,NYSE,ELIGIBLE,866.64,817333665.262,917886.95,1.0,0.8359,3.12,12.17,D-1,True,144
MCLDF,OTC,NOT_TRADABLE,,,,,,,,UNMEASURED,False,
MCN,NYSE,FUND_ETF_ETN,,,,,,,,UNMEASURED,False,
MCO,NYSE,ELIGIBLE,468.7,338111643.944,706728.0,1.0,0.8769,3.75,16.89,D-1,True,383
MCOM,OTC,NOT_TRADABLE,,,,,,,,UNMEASURED,False,
MCOW,BATS,FUND_ETF_ETN,,,,,,,,UNMEASURED,False,
MCRB,NASDAQ,ELIGIBLE,3.52,256505.19449999998,55124.65,1.0,0.1795,0.0,285.37,D-1,False,
MCRI,NASDAQ,ELIGIBLE,117.74,23703764.634,196796.9,1.0,0.2667,0.0,45.05,D-1,True,2032
MCRP,AMEX,ELIGIBLE,0.7789,176030.11221,196001.9,1.0,0.2205,0.0,412.5,D-1,False,
MCS,NYSE,ELIGIBLE,28.09,5875516.4005,212026.3,1.0,0.3718,0.0,19.84,D-1,True,2952
MCTA,NASDAQ,NOT_TRADABLE,,,,,,,,UNMEASURED,False,
MCVT,ARCA,FUND_ETF_ETN,,,,,,,,UNMEASURED,False,
MCY,NYSE,ELIGIBLE,99.41,31278660.2425,307649.0,1.0,0.3128,0.0,23.83,D-1,True,1826
MD,NYSE,ELIGIBLE,26.31,19340347.1735,732814.35,1.0,0.4795,0.0,13.44,D-1,True,2176
MDA,NYSE,ELIGIBLE,31.49,38634135.096999995,1297583.4,1.0,0.8179,6.09,14.33,D-1,True,1683
MDAA,ARCA,FUND_ETF_ETN,,,,,,,,UNMEASURED,False,
MDAI,NASDAQ,ELIGIBLE,1.59,184370.7825,114885.8,1.0,0.2231,0.0,62.12,D-1,False,
MDAIW,NASDAQ,WARRANT,,,,,,,,UNMEASURED,False,
MDB,NASDAQ,ELIGIBLE,410.44,799674119.4269999,2032810.7,1.0,0.9821,10.88,17.22,D-1,True,147
MDBH,NASDAQ,ELIGIBLE,2.46,6292.28927,2285.8,1.0,0.0103,10.81,,UNMEASURED,False,
MDCR,BATS,FUND_ETF_ETN,,,,,,,,UNMEASURED,False,
MDCX,NASDAQ,ELIGIBLE,0.1524,1788546.5205450002,10576452.0,1.0,0.6718,6.49,77.25,D-1,False,
MDCXW,NASDAQ,WARRANT,,,,,,,,UNMEASURED,False,
MDEV,BATS,FUND_ETF_ETN,,,,,,,,UNMEASURED,False,
MDGL,NASDAQ,ELIGIBLE,516.56,114816328.72449999,216329.8,1.0,0.5462,0.49,34.26,D-1,True,910
MDIA,NASDAQ,ELIGIBLE,1.09,16621.43306,14725.05,1.0,0.0128,0.0,,UNMEASURED,False,
MDIV,NASDAQ,FUND_ETF_ETN,,,,,,,,UNMEASURED,False,
MDLM,OTC,NOT_TRADABLE,,,,,,,,UNMEASURED,False,
MDLN,NASDAQ,ELIGIBLE,34.7,276606775.219,8188524.85,1.0,1.0,8.65,2.87,D-1,True,458
MDLV,BATS,FUND_ETF_ETN,,,,,,,,UNMEASURED,False,
MDLZ,NASDAQ,ELIGIBLE,60.25,494339103.57449996,8023791.45,1.0,1.0,4.96,1.65,D-1,True,243
MDNAF,OTC,NOT_TRADABLE,,,,,,,,UNMEASURED,False,
MDPL,BATS,FUND_ETF_ETN,,,,,,,,UNMEASURED,False,
MDRR,NASDAQ,ELIGIBLE,11.86,57816.7227,4898.4,1.0,0.0,,1417.72,D-1,False,
MDRX,OTC,NOT_TRADABLE,,,,,,,,UNMEASURED,False,
MDST,NYSE,FUND_ETF_ETN,,,,,,,,UNMEASURED,False,
MDT,NYSE,ELIGIBLE,88.64,912014208.9334999,9957205.4,1.0,1.0,8.45,2.83,D-1,True,123
MDU,NYSE,ELIGIBLE,18.76,37946923.1385,1989832.4,1.0,0.9795,2.68,5.36,D-1,True,1696
MDWD,NASDAQ,ELIGIBLE,13.84,1452098.668,108705.2,1.0,0.3462,0.0,122.22,D-1,True,3714
MDXG,NASDAQ,ELIGIBLE,4.67,5451769.2985,1166893.85,1.0,0.8692,10.77,22.07,D-1,True,3003
MDXH,NASDAQ,ELIGIBLE,0.5652,147610.21252,220500.25,1.0,0.5256,0.0,54.78,D-1,False,
MDY,ARCA,FUND_ETF_ETN,,,,,,,,UNMEASURED,False,
MDYG,ARCA,FUND_ETF_ETN,,,,,,,,UNMEASURED,False,
MDYV,ARCA,FUND_ETF_ETN,,,,,,,,UNMEASURED,False,
MEAR,BATS,FUND_ETF_ETN,,,,,,,,UNMEASURED,False,
MEC,NYSE,ELIGIBLE,17.16,9217664.379999999,510291.4,1.0,0.7846,11.52,17.68,D-1,True,2663
MED,NYSE,ELIGIBLE,12.17,1443671.6099999999,119086.3,1.0,0.2974,8.2,16.52,D-1,True,3720
MEDI,ARCA,FUND_ETF_ETN,,,,,,,,UNMEASURED,False,
MEDP,NASDAQ,ELIGIBLE,618.88,143264672.32950002,236331.9,1.0,0.7179,1.35,30.08,D-1,True,785
MEDS,NASDAQ,ELIGIBLE,3.11,68828289.52976,14589352.1,1.0,0.4436,0.0,127.39,D-1,True,1248
MEDX,NASDAQ,FUND_ETF_ETN,,,,,,,,UNMEASURED,False,
MEGI,NYSE,FUND_ETF_ETN,,,,,,,,UNMEASURED,False,
MEGL,NASDAQ,NOT_TRADABLE,,,,,,,,UNMEASURED,False,
MEGX,BATS,FUND_ETF_ETN,,,,,,,,UNMEASURED,False,
MEHA,OTC,NOT_TRADABLE,,,,,,,,UNMEASURED,False,
MEI,NYSE,ELIGIBLE,14.51,12379572.284,814734.95,1.0,0.5923,0.0,40.59,D-1,True,2469
MEIB,BATS,FUND_ETF_ETN,,,,,,,,UNMEASURED,False,
MELI,NASDAQ,ELIGIBLE,1752.61,1118966195.85625,604245.35,1.0,0.9974,9.05,12.93,D-1,True,97
MEM,ARCA,FUND_ETF_ETN,,,,,,,,UNMEASURED,False,
MEMA,NASDAQ,FUND_ETF_ETN,,,,,,,,UNMEASURED,False,
MEME,ARCA,FUND_ETF_ETN,,,,,,,,UNMEASURED,False,
MEMS,NASDAQ,FUND_ETF_ETN,,,,,,,,UNMEASURED,False,
MEMX,ARCA,FUND_ETF_ETN,,,,,,,,UNMEASURED,False,
MEMY,BATS,FUND_ETF_ETN,,,,,,,,UNMEASURED,False,
MENS,NASDAQ,ELIGIBLE,2.03,113889.11499999999,52315.55,1.0,0.1308,0.48,165.94,D-1,False,
MEOH,NASDAQ,ELIGIBLE,58.855,53558565.26225,873406.45,1.0,0.8231,3.42,13.55,D-1,True,1437
MER.PRK,NYSE,MALFORMED_OR_NON_COMMON_SYMBOL,,,,,,,,UNMEASURED,False,
MERC,NASDAQ,ELIGIBLE,0.3201,431860.52621499996,1151754.05,1.0,0.2308,0.0,69.94,D-1,False,
MESH,NASDAQ,ELIGIBLE,10.075,2476779.1643,245416.8,1.0,0.0282,0.0,,UNMEASURED,True,3432
MESHU,NASDAQ,UNIT,,,,,,,,UNMEASURED,False,
MESHW,NASDAQ,WARRANT,,,,,,,,UNMEASURED,False,
MESO,NASDAQ,ELIGIBLE,15.12,3078532.2615,194685.55,1.0,0.3513,0.0,13.2,D-1,True,3313
MET,NYSE,ELIGIBLE,97.7,298360961.883,3079130.05,1.0,1.0,5.1,5.12,D-1,True,433
MET.PRA,NYSE,MALFORMED_OR_NON_COMMON_SYMBOL,,,,,,,,UNMEASURED,False,
MET.PRE,NYSE,MALFORMED_OR_NON_COMMON_SYMBOL,,,,,,,,UNMEASURED,False,
MET.PRF,NYSE,MALFORMED_OR_NON_COMMON_SYMBOL,,,,,,,,UNMEASURED,False,
META,NASDAQ,ELIGIBLE,751.66,15562980472.876001,22972445.5,1.0,1.0,11.19,2.54,D-1,True,4
METC,NASDAQ,ELIGIBLE,9.02,25593460.2555,2242001.4,1.0,0.9333,5.62,16.82,D-1,True,1967
METCB,NASDAQ,ELIGIBLE,4.5,641048.601,110401.0,1.0,0.1692,0.0,131.34,D-1,False,
METCI,NASDAQ,NOTE_DEBT,,,,,,,,UNMEASURED,False,
METCZ,NASDAQ,NOTE_DEBT,,,,,,,,UNMEASURED,False,
METD,NASDAQ,FUND_ETF_ETN,,,,,,,,UNMEASURED,False,
METG,BATS,FUND_ETF_ETN,,,,,,,,UNMEASURED,False,
METL,NASDAQ,FUND_ETF_ETN,,,,,,,,UNMEASURED,False,
METQ,BATS,FUND_ETF_ETN,,,,,,,,UNMEASURED,False,
METU,NASDAQ,FUND_ETF_ETN,,,,,,,,UNMEASURED,False,
METV,ARCA,FUND_ETF_ETN,,,,,,,,UNMEASURED,False,
METW,BATS,FUND_ETF_ETN,,,,,,,,UNMEASURED,False,
MEVO,NASDAQ,ELIGIBLE,10.0,2116061.82975,211168.55,1.0,0.0282,0.0,,UNMEASURED,True,3523
MEVOU,NASDAQ,UNIT,,,,,,,,UNMEASURED,False,
MEVOW,NASDAQ,WARRANT,,,,,,,,UNMEASURED,False,
MEXX,ARCA,FUND_ETF_ETN,,,,,,,,UNMEASURED,False,
MF,NASDAQ,ELIGIBLE,13.4071,1719741.874525,129303.05,1.0,0.0231,7.46,,UNMEASURED,True,3629
MFA,NYSE,ELIGIBLE,8.17,14075754.4125,1647652.45,1.0,0.7872,6.11,12.24,D-1,True,2385
MFA.PRB,NYSE,MALFORMED_OR_NON_COMMON_SYMBOL,,,,,,,,UNMEASURED,False,
MFA.PRC,NYSE,MALFORMED_OR_NON_COMMON_SYMBOL,,,,,,,,UNMEASURED,False,
MFAN,NYSE,ELIGIBLE,25.16,307237.50471999997,12186.3,1.0,0.0564,0.0,19.86,D-1,False,
MFAO,NYSE,NOTE_DEBT,,,,,,,,UNMEASURED,False,
MFC,NYSE,ELIGIBLE,43.86,76944304.468,1768676.05,1.0,0.941,2.29,2.29,D-1,True,1157
MFDX,ARCA,FUND_ETF_ETN,,,,,,,,UNMEASURED,False,
MFEB,BATS,FUND_ETF_ETN,,,,,,,,UNMEASURED,False,
MFEM,ARCA,FUND_ETF_ETN,,,,,,,,UNMEASURED,False,
MFG,NYSE,ELIGIBLE,11.07,36366114.089999996,3298386.6,1.0,0.9872,4.52,9.06,D-1,True,1732
MFI,NASDAQ,ELIGIBLE,9.6,158342.601605,16959.2,1.0,0.0256,0.0,,UNMEASURED,False,
MFIC,NASDAQ,ELIGIBLE,8.88,4824302.933250001,524820.1,1.0,0.8179,1.58,11.32,D-1,True,3076
MFICL,NASDAQ,NOTE_DEBT,,,,,,,,UNMEASURED,False,
MFIG,NASDAQ,FUND_ETF_ETN,,,,,,,,UNMEASURED,False,
MFIN,NASDAQ,ELIGIBLE,11.96,815297.5755,68309.35,1.0,0.1564,0.0,71.97,D-1,False,
MFLTY,OTC,NOT_TRADABLE,,,,,,,,UNMEASURED,False,
MFLX,NASDAQ,FUND_ETF_ETN,,,,,,,,UNMEASURED,False,
MFM,NYSE,FUND_ETF_ETN,,,,,,,,UNMEASURED,False,
MFMO,NASDAQ,FUND_ETF_ETN,,,,,,,,UNMEASURED,False,
MFP,NASDAQ,ELIGIBLE,42.69,21518542.69,491426.85,1.0,0.5795,0.0,41.45,D-1,True,2101
MFSB,NYSE,FUND_ETF_ETN,,,,,,,,UNMEASURED,False,
MFSD,ARCA,FUND_ETF_ETN,,,,,,,,UNMEASURED,False,
MFSG,NYSE,FUND_ETF_ETN,,,,,,,,UNMEASURED,False,
MFSI,NYSE,FUND_ETF_ETN,,,,,,,,UNMEASURED,False,
MFSM,NYSE,FUND_ETF_ETN,,,,,,,,UNMEASURED,False,
MFSV,NYSE,FUND_ETF_ETN,,,,,,,,UNMEASURED,False,
MFSX,ARCA,FUND_ETF_ETN,,,,,,,,UNMEASURED,False,
MFUL,BATS,FUND_ETF_ETN,,,,,,,,UNMEASURED,False,
MFUS,ARCA,FUND_ETF_ETN,,,,,,,,UNMEASURED,False,
MFUT,BATS,FUND_ETF_ETN,,,,,,,,UNMEASURED,False,
MFVL,NASDAQ,FUND_ETF_ETN,,,,,,,,UNMEASURED,False,
MG,NYSE,ELIGIBLE,21.52,9804064.942,482056.95,1.0,0.5974,0.0,16.26,D-1,True,2629
MGA,NYSE,ELIGIBLE,65.0,73995810.4025,1141312.4,1.0,0.9641,4.65,9.37,D-1,True,1190
MGAM,OTC,NOT_TRADABLE,,,,,,,,UNMEASURED,False,
MGC,ARCA,FUND_ETF_ETN,,,,,,,,UNMEASURED,False,
MGDDY,OTC,NOT_LISTED_EXCHANGE,,,,,,,,UNMEASURED,False,
MGEE,NASDAQ,ELIGIBLE,70.06,13354770.904000001,179341.2,1.0,0.3564,1.43,28.02,D-1,True,2424
MGF,NYSE,FUND_ETF_ETN,,,,,,,,UNMEASURED,False,
MGIH,NASDAQ,ELIGIBLE,1.53,21189.22125,13903.2,1.0,0.0359,0.0,459.02,D-1,False,
MGIN,ARCA,FUND_ETF_ETN,,,,,,,,UNMEASURED,False,
MGK,ARCA,FUND_ETF_ETN,,,,,,,,UNMEASURED,False,
MGLD,AMEX,ELIGIBLE,1.93,1515587.40557,791262.85,1.0,0.9641,25.9,51.68,D-1,True,3696
MGM,NYSE,ELIGIBLE,32.58,143093515.933,3863918.65,1.0,1.0,10.73,3.05,D-1,True,787
MGMT,ARCA,FUND_ETF_ETN,,,,,,,,UNMEASURED,False,
MGN,NASDAQ,ELIGIBLE,3.98,7887675.938849999,1452853.65,1.0,0.3769,0.0,626.73,D-1,True,2771
MGNI,NASDAQ,ELIGIBLE,23.97,56812297.8295,2325768.2,1.0,0.8436,4.14,10.32,D-1,True,1397
MGNR,ARCA,FUND_ETF_ETN,,,,,,,,UNMEASURED,False,
MGNX,NASDAQ,ELIGIBLE,3.74,1962807.6925000001,481194.25,1.0,0.6846,0.0,26.53,D-1,True,3563
MGOV,ARCA,FUND_ETF_ETN,,,,,,,,UNMEASURED,False,
MGPI,NASDAQ,ELIGIBLE,12.82,4300659.4405000005,292154.3,1.0,0.4385,0.0,31.33,D-1,True,3143
MGR,NYSE,NOTE_DEBT,,,,,,,,UNMEASURED,False,
MGRB,NYSE,NOTE_DEBT,,,,,,,,UNMEASURED,False,
MGRC,NASDAQ,ELIGIBLE,113.23,16536780.338499999,148382.1,1.0,0.1692,0.0,39.44,D-1,True,2270
MGRD,NYSE,NOTE_DEBT,,,,,,,,UNMEASURED,False,
MGRE,NYSE,NOTE_DEBT,,,,,,,,UNMEASURED,False,
MGRT,NASDAQ,ELIGIBLE,121.71,1109389.89025,9942.3,1.0,0.0026,99.95,1590.17,D-1,True,3874
MGRX,NASDAQ,ELIGIBLE,0.466,186509.181975,428505.7,1.0,0.1026,0.0,181.91,D-1,False,
MGTE,OTC,NOT_TRADABLE,,,,,,,,UNMEASURED,False,
MGTEW,OTC,NOT_TRADABLE,,,,,,,,UNMEASURED,False,
MGTX,NASDAQ,ELIGIBLE,10.91,11736033.703,920635.7,1.0,0.9718,9.15,9.18,D-1,True,2504
MGV,ARCA,FUND_ETF_ETN,,,,,,,,UNMEASURED,False,
MGX,NASDAQ,ELIGIBLE,1.15,181063.175,156699.85,1.0,0.0974,0.0,86.96,D-1,False,
MGY,NYSE,ELIGIBLE,24.11,111762042.369,4253351.45,1.0,0.9923,6.22,4.12,D-1,True,928
MGYR,NASDAQ,ELIGIBLE,19.365,44071.7426,2269.95,1.0,0.0026,0.0,310.08,D-1,False,
MH,NYSE,ELIGIBLE,12.73,6584829.629,502567.0,1.0,0.5538,0.0,38.04,D-1,True,2878
MHD,NYSE,FUND_ETF_ETN,,,,,,,,UNMEASURED,False,
MHF,NYSE,FUND_ETF_ETN,,,,,,,,UNMEASURED,False,
MHH,AMEX,ELIGIBLE,7.35,55114.22925,7525.65,1.0,0.0103,6.94,408.16,D-1,False,
MHIG,ARCA,FUND_ETF_ETN,,,,,,,,UNMEASURED,False,
MHIP,ARCA,FUND_ETF_ETN,,,,,,,,UNMEASURED,False,
MHK,NYSE,ELIGIBLE,125.16,139094604.582,1102385.7,1.0,0.9333,6.58,15.04,D-1,True,809
MHLA,NYSE,ELIGIBLE,8.95,16703.973,1737.05,1.0,0.0077,22.05,192.11,D-1,False,
MHNC,NYSE,ELIGIBLE,10.25,37443.66885,3464.8,1.0,0.0385,0.0,68.53,D-1,False,
MHO,NYSE,ELIGIBLE,138.75,29904101.821,210127.7,1.0,0.2282,0.0,32.8,D-1,True,1857
MHUAF,OTC,NOT_TRADABLE,,,,,,,,UNMEASURED,False,
MHX,BATS,FUND_ETF_ETN,,,,,,,,UNMEASURED,False,
MHY,ARCA,FUND_ETF_ETN,,,,,,,,UNMEASURED,False,
MI,AMEX,ELIGIBLE,2.27,82166.977,35035.35,1.0,0.0872,0.0,639.66,D-1,False,
MIAC,NASDAQ,ELIGIBLE,9.81,1059447.617,107756.25,1.0,0.0026,5.1,,UNMEASURED,True,3901
MIACU,NASDAQ,UNIT,,,,,,,,UNMEASURED,False,
MIACW,NASDAQ,WARRANT,,,,,,,,UNMEASURED,False,
MIAX,NYSE,ELIGIBLE,34.9,67253134.5855,1689337.15,1.0,0.8821,7.17,14.38,D-1,True,1264
MIC,BATS,FUND_ETF_ETN,,,,,,,,UNMEASURED,False,
MICC,NYSE,ELIGIBLE,18.98,15285875.585499998,786967.85,1.0,0.7846,2.63,5.27,D-1,True,2323
MID,ARCA,FUND_ETF_ETN,,,,,,,,UNMEASURED,False,
MIDD,NASDAQ,ELIGIBLE,107.66,66350960.9225,600754.85,1.0,0.5744,1.84,17.49,D-1,True,1273
MIDE,ARCA,FUND_ETF_ETN,,,,,,,,UNMEASURED,False,
MIDU,ARCA,FUND_ETF_ETN,,,,,,,,UNMEASURED,False,
MIELY,OTC,NOT_LISTED_EXCHANGE,,,,,,,,UNMEASURED,False,
MIG,BATS,FUND_ETF_ETN,,,,,,,,UNMEASURED,False,
MIGO,ARCA,FUND_ETF_ETN,,,,,,,,UNMEASURED,False,
MILK,BATS,FUND_ETF_ETN,,,,,,,,UNMEASURED,False,
MILN,NASDAQ,FUND_ETF_ETN,,,,,,,,UNMEASURED,False,
MIMI,NASDAQ,ELIGIBLE,0.7712,9782370.233965,10439145.8,1.0,0.1538,0.0,91.22,D-1,False,
MIMOQ,OTC,NOT_TRADABLE,,,,,,,,UNMEASURED,False,
MIN,NYSE,FUND_ETF_ETN,,,,,,,,UNMEASURED,False,
MIND,NASDAQ,ELIGIBLE,4.345,460700.3375,109649.8,1.0,0.2077,0.0,140.36,D-1,False,
MINE,AMEX,ELIGIBLE,2.74,566624.0745,188550.7,1.0,0.1974,0.0,54.65,D-1,False,
MINN,BATS,FUND_ETF_ETN,,,,,,,,UNMEASURED,False,
MINO,ARCA,FUND_ETF_ETN,,,,,,,,UNMEASURED,False,
MINT,ARCA,FUND_ETF_ETN,,,,,,,,UNMEASURED,False,
MINV,ARCA,FUND_ETF_ETN,,,,,,,,UNMEASURED,False,
MINY,ARCA,FUND_ETF_ETN,,,,,,,,UNMEASURED,False,
MIR,NYSE,ELIGIBLE,15.59,60360410.30549999,3780653.15,1.0,0.9564,6.38,9.61,D-1,True,1351
MIRA,NASDAQ,ELIGIBLE,0.9,1412983.2948999999,1654386.2,1.0,0.1308,0.0,189.06,D-1,False,
MIRM,NASDAQ,ELIGIBLE,89.7,64482565.92999999,677136.65,1.0,0.7462,5.64,32.13,D-1,True,1293
MISL,ARCA,FUND_ETF_ETN,,,,,,,,UNMEASURED,False,
MIST,NASDAQ,ELIGIBLE,0.7884,1484147.675265,1488097.35,1.0,0.7462,10.4,7.92,D-1,False,
MITEY,OTC,NOT_LISTED_EXCHANGE,,,,,,,,UNMEASURED,False,
MITK,NASDAQ,ELIGIBLE,17.66,11281121.264,636573.85,1.0,0.5769,0.0,25.14,D-1,True,2530
MITN,NYSE,NOTE_DEBT,,,,,,,,UNMEASURED,False,
MITP,NYSE,NOTE_DEBT,,,,,,,,UNMEASURED,False,
MITQ,AMEX,ELIGIBLE,0.6205,102854.9796335,161683.4,1.0,0.0897,0.0,121.28,D-1,False,
MITSY,OTC,NOT_LISTED_EXCHANGE,,,,,,,,UNMEASURED,False,
MITT,NYSE,ELIGIBLE,6.11,2257863.9645,349630.35,1.0,0.5487,0.0,16.38,D-1,True,3478
MITT.PRA,NYSE,MALFORMED_OR_NON_COMMON_SYMBOL,,,,,,,,UNMEASURED,False,
MITT.PRB,NYSE,MALFORMED_OR_NON_COMMON_SYMBOL,,,,,,,,UNMEASURED,False,
MITT.PRC,NYSE,MALFORMED_OR_NON_COMMON_SYMBOL,,,,,,,,UNMEASURED,False,
MIVL,ARCA,FUND_ETF_ETN,,,,,,,,UNMEASURED,False,
MIY,NYSE,FUND_ETF_ETN,,,,,,,,UNMEASURED,False,
MJ,ARCA,FUND_ETF_ETN,,,,,,,,UNMEASURED,False,
MJNA,OTC,NOT_TRADABLE,,,,,,,,UNMEASURED,False,
MJSC,ARCA,FUND_ETF_ETN,,,,,,,,UNMEASURED,False,
MJUN,BATS,FUND_ETF_ETN,,,,,,,,UNMEASURED,False,
MKAM,NASDAQ,FUND_ETF_ETN,,,,,,,,UNMEASURED,False,
MKC,NYSE,ELIGIBLE,47.94,158521129.18800002,3131868.1,1.0,0.9846,5.25,8.39,D-1,True,737
MKC.V,NYSE,ELIGIBLE,49.02,1121049.3881,21374.9,1.0,0.0026,0.0,288.78,D-1,True,3868
MKDTY,OTC,NOT_TRADABLE,,,,,,,,UNMEASURED,False,
MKDW,NASDAQ,ELIGIBLE,1.51,1889222.87728,369946.05,1.0,0.241,0.0,132.46,D-1,True,3584
MKDWW,NASDAQ,WARRANT,,,,,,,,UNMEASURED,False,
MKKGY,OTC,NOT_LISTED_EXCHANGE,,,,,,,,UNMEASURED,False,
MKL,NYSE,ELIGIBLE,1727.73,124762246.57349999,69943.05,1.0,0.7974,3.54,15.22,D-1,True,868
MKLY,NASDAQ,ELIGIBLE,10.28,307390.26591,29996.05,1.0,0.0026,0.0,,UNMEASURED,False,
MKLYR,NASDAQ,RIGHT,,,,,,,,UNMEASURED,False,
MKLYU,NASDAQ,UNIT,,,,,,,,UNMEASURED,False,
MKOR,ARCA,FUND_ETF_ETN,,,,,,,,UNMEASURED,False,
MKSI,NASDAQ,ELIGIBLE,260.82,339653769.6025,1335902.35,1.0,0.7051,3.45,28.88,D-1,True,381
MKTAY,OTC,NOT_LISTED_EXCHANGE,,,,,,,,UNMEASURED,False,
MKTN,ARCA,FUND_ETF_ETN,,,,,,,,UNMEASURED,False,
MKTW,NASDAQ,ELIGIBLE,20.34,522560.914,28436.05,1.0,0.0641,0.0,155.04,D-1,False,
MKTX,NASDAQ,ELIGIBLE,164.19,151093157.11400002,925326.0,1.0,0.7923,0.31,0.61,D-1,True,756
MKZR,NASDAQ,ELIGIBLE,1.34,12862.5139,8948.2,1.0,0.0282,0.0,,UNMEASURED,False,
MLAA,NASDAQ,ELIGIBLE,10.01,582724.169,58207.1,1.0,0.0026,0.0,,UNMEASURED,False,
MLAAU,NASDAQ,UNIT,,,,,,,,UNMEASURED,False,
MLAAW,NASDAQ,WARRANT,,,,,,,,UNMEASURED,False,
MLAB,NASDAQ,ELIGIBLE,134.04,17294760.619,135065.25,1.0,0.2538,1.48,94.25,D-1,True,2245
MLCC,BATS,FUND_ETF_ETN,,,,,,,,UNMEASURED,False,
MLCI,NASDAQ,ELIGIBLE,3.49,60065.19,18602.8,1.0,0.0359,0.0,,UNMEASURED,False,
MLCIL,NASDAQ,NOTE_DEBT,,,,,,,,UNMEASURED,False,
MLCO,NASDAQ,ELIGIBLE,4.73,9008995.0375,1842832.75,1.0,0.7846,0.0,21.19,D-1,True,2677
MLDR,ARCA,FUND_ETF_ETN,,,,,,,,UNMEASURED,False,
MLEC,NASDAQ,ELIGIBLE,5.5999,174444.768725,25887.1,1.0,0.0308,15.08,450.56,D-1,False,
MLECW,NASDAQ,WARRANT,,,,,,,,UNMEASURED,False,
MLGO,NASDAQ,NOT_TRADABLE,,,,,,,,UNMEASURED,False,
MLI,NYSE,ELIGIBLE,60.52,112979364.637,1856762.35,1.0,0.9231,3.31,7.44,D-1,True,922
MLKN,NASDAQ,ELIGIBLE,20.06,16076448.313749999,762756.05,1.0,0.7103,2.49,15.01,D-1,True,2290
MLM,NYSE,ELIGIBLE,484.3,442146468.041,881783.7,1.0,0.9744,6.58,8.96,D-1,True,279
MLN,BATS,FUND_ETF_ETN,,,,,,,,UNMEASURED,False,
MLP,NYSE,ELIGIBLE,16.09,244676.189,15184.7,1.0,0.0308,0.0,168.81,D-1,False,
MLPA,ARCA,FUND_ETF_ETN,,,,,,,,UNMEASURED,False,
MLPB,ARCA,FUND_ETF_ETN,,,,,,,,UNMEASURED,False,
MLPD,ARCA,FUND_ETF_ETN,,,,,,,,UNMEASURED,False,
MLPI,BATS,FUND_ETF_ETN,,,,,,,,UNMEASURED,False,
MLPR,ARCA,FUND_ETF_ETN,,,,,,,,UNMEASURED,False,
MLPX,ARCA,FUND_ETF_ETN,,,,,,,,UNMEASURED,False,
MLR,NYSE,ELIGIBLE,54.04,5453623.776,99565.45,1.0,0.2385,0.0,41.7,D-1,True,3002
MLSS,AMEX,ELIGIBLE,0.4107,29810.319185,70114.2,1.0,0.0487,0.0,262.72,D-1,False,
MLTX,NASDAQ,ELIGIBLE,12.04,21731674.14,1651042.75,1.0,0.9462,8.39,25.16,D-1,True,2092
MLYS,NASDAQ,ELIGIBLE,25.86,39868927.577999994,1407773.75,1.0,0.8846,7.76,15.67,D-1,True,1664
MMA,AMEX,ELIGIBLE,0.4196,221954.659245,515696.05,1.0,0.1154,0.0,218.09,D-1,False,
MMAR,BATS,FUND_ETF_ETN,,,,,,,,UNMEASURED,False,
MMATQ,OTC,NOT_TRADABLE,,,,,,,,UNMEASURED,False,
MMAX,BATS,FUND_ETF_ETN,,,,,,,,UNMEASURED,False,
MMAY,BATS,FUND_ETF_ETN,,,,,,,,UNMEASURED,False,
MMCA,ARCA,FUND_ETF_ETN,,,,,,,,UNMEASURED,False,
MMD,NYSE,FUND_ETF_ETN,,,,,,,,UNMEASURED,False,
MMED,NASDAQ,ELIGIBLE,19.98,61682533.08975001,2804344.55,1.0,0.9949,7.44,4.97,D-1,True,1326
MMI,NYSE,ELIGIBLE,29.75,4925072.941000001,159640.9,1.0,0.4462,0.0,40.17,D-1,True,3057
MMID,NYSE,FUND_ETF_ETN,,,,,,,,UNMEASURED,False,
MMIN,ARCA,FUND_ETF_ETN,,,,,,,,UNMEASURED,False,
MMIT,ARCA,FUND_ETF_ETN,,,,,,,,UNMEASURED,False,
MMK,NYSE,FUND_ETF_ETN,,,,,,,,UNMEASURED,False,
MMKT,NYSE,FUND_ETF_ETN,,,,,,,,UNMEASURED,False,
MMLP,NASDAQ,ELIGIBLE,2.16,25196.98025,11313.55,1.0,0.0256,0.0,362.1,D-1,False,
MMM,NYSE,ELIGIBLE,169.55,480329235.68100005,2877369.65,1.0,0.9718,4.2,4.42,D-1,True,250
MMMA,ARCA,FUND_ETF_ETN,,,,,,,,UNMEASURED,False,
MMS,NYSE,ELIGIBLE,52.61,37442402.134500004,662136.85,1.0,0.6769,2.82,20.81,D-1,True,1710
MMSC,ARCA,FUND_ETF_ETN,,,,,,,,UNMEASURED,False,
MMSD,ARCA,FUND_ETF_ETN,,,,,,,,UNMEASURED,False,
MMSI,NASDAQ,ELIGIBLE,87.5,52133302.67299999,594746.85,1.0,0.5282,0.0,21.98,D-1,True,1462
MMT,NYSE,FUND_ETF_ETN,,,,,,,,UNMEASURED,False,
MMTM,ARCA,FUND_ETF_ETN,,,,,,,,UNMEASURED,False,
MMTX,NASDAQ,ELIGIBLE,10.2,117899.10350000001,11557.1,1.0,0.0051,0.0,,UNMEASURED,False,
MMTXU,NASDAQ,UNIT,,,,,,,,UNMEASURED,False,
MMTXW,NASDAQ,WARRANT,,,,,,,,UNMEASURED,False,
MMU,NYSE,FUND_ETF_ETN,,,,,,,,UNMEASURED,False,
MMVVF,OTC,NOT_TRADABLE,,,,,,,,UNMEASURED,False,
MMVXF,OTC,NOT_TRADABLE,,,,,,,,UNMEASURED,False,
MMYT,NASDAQ,ELIGIBLE,46.75,38311227.621999994,771048.15,1.0,0.8564,9.56,23.96,D-1,True,1687
MNA,ARCA,FUND_ETF_ETN,,,,,,,,UNMEASURED,False,
MNBD,ARCA,FUND_ETF_ETN,,,,,,,,UNMEASURED,False,
MNDO,NASDAQ,ELIGIBLE,1.0,43101.74109,42642.2,1.0,0.0256,0.0,99.5,D-1,False,
MNDR,NASDAQ,ELIGIBLE,1.36,220962.10698500002,164504.3,1.0,0.2051,0.0,153.85,D-1,False,
MNDY,NASDAQ,ELIGIBLE,83.66,97218286.52075,1078897.65,1.0,0.741,4.71,23.54,D-1,True,1013
MNGB,ARCA,FUND_ETF_ETN,,,,,,,,UNMEASURED,False,
MNGU,ARCA,FUND_ETF_ETN,,,,,,,,UNMEASURED,False,
MNGZ,ARCA,FUND_ETF_ETN,,,,,,,,UNMEASURED,False,
MNILY,OTC,NOT_LISTED_EXCHANGE,,,,,,,,UNMEASURED,False,
MNKD,NASDAQ,ELIGIBLE,3.34,15251253.750999998,4165808.75,1.0,0.9436,15.21,30.63,D-1,True,2325
MNKTQ,OTC,NOT_TRADABLE,,,,,,,,UNMEASURED,False,
MNOV,NASDAQ,ELIGIBLE,2.58,2429985.5355,782222.9,1.0,0.4,0.0,57.96,D-1,True,3444
MNPR,NASDAQ,ELIGIBLE,85.235,15237658.430750001,145460.1,1.0,0.2462,2.31,79.78,D-1,True,2327
MNR,NYSE,UNIT,,,,,,,,UNMEASURED,False,
MNRO,NASDAQ,ELIGIBLE,13.74,12590612.29,982081.9,1.0,0.7769,7.15,17.96,D-1,True,2458
MNSB,NASDAQ,ELIGIBLE,24.83,676401.7015,26953.5,1.0,0.0769,0.0,142.36,D-1,False,
MNSBP,NASDAQ,DEPOSITARY_NON_ADR,,,,,,,,UNMEASURED,False,
MNSO,NYSE,ELIGIBLE,8.78,9908763.404000001,1065334.95,1.0,0.7282,4.16,11.41,D-1,True,2620
MNST,NASDAQ,ELIGIBLE,43.11,427532991.6255,9687936.95,1.0,1.0,5.91,2.34,D-1,True,288
MNSX,BATS,FUND_ETF_ETN,,,,,,,,UNMEASURED,False,
MNTK,NASDAQ,ELIGIBLE,2.93,1740745.3932500002,685990.75,1.0,0.8846,18.14,35.09,D-1,True,3626
MNTN,NYSE,ELIGIBLE,11.01,8780484.775,732038.2,1.0,0.6154,0.0,18.14,D-1,True,2692
MNTS,NASDAQ,ELIGIBLE,4.23,2504313.88925,597404.15,1.0,0.7308,0.24,82.21,D-1,True,3424
MNVR,BATS,FUND_ETF_ETN,,,,,,,,UNMEASURED,False,
MNVT,NASDAQ,FUND_ETF_ETN,,,,,,,,UNMEASURED,False,
MNY,NASDAQ,ELIGIBLE,0.6733,24847.194905,33035.1,1.0,0.0385,0.0,166.78,D-1,False,
MNYWW,NASDAQ,WARRANT,,,,,,,,UNMEASURED,False,
MNZL,NASDAQ,FUND_ETF_ETN,,,,,,,,UNMEASURED,False,
MO,NYSE,ELIGIBLE,68.82,569653616.1930001,8239312.05,1.0,1.0,4.37,2.2,D-1,True,206
MOAT,BATS,FUND_ETF_ETN,,,,,,,,UNMEASURED,False,
MOB,NASDAQ,ELIGIBLE,4.8,702282.5035,139778.5,1.0,0.2256,0.0,62.31,D-1,False,
MOBBW,NASDAQ,WARRANT,,,,,,,,UNMEASURED,False,
MOBI,NASDAQ,ELIGIBLE,9.06,2890256.878,272411.35,1.0,0.3359,0.0,88.31,D-1,True,3347
MOBQ,OTC,NOT_TRADABLE,,,,,,,,UNMEASURED,False,
MOBX,NASDAQ,ELIGIBLE,0.8499,11080864.403535001,8964334.3,1.0,0.3795,0.0,19.3,D-1,False,
MOBXW,NASDAQ,WARRANT,,,,,,,,UNMEASURED,False,
MOD,NYSE,ELIGIBLE,198.07,227837334.3695,1213742.85,1.0,0.9667,14.18,37.97,D-1,True,550
MODD,NASDAQ,ELIGIBLE,2.11,687477.419,230985.2,1.0,0.0872,0.0,,UNMEASURED,False,
MODL,NASDAQ,FUND_ETF_ETN,,,,,,,,UNMEASURED,False,
MOG.A,NYSE,ELIGIBLE,387.8,94108058.862,255204.65,1.0,0.7026,6.27,30.16,D-1,True,1029
MOG.B,NYSE,ELIGIBLE,392.72,76397.83780000001,203.45,1.0,0.0,,270.53,D-1,False,
MOGU,NYSE,ELIGIBLE,1.87,4086.3971699999993,2141.3,1.0,0.0,,1212.12,D-1,False,
MOH,NYSE,ELIGIBLE,190.86,124198525.05250001,622486.85,1.0,0.8333,5.9,31.59,D-1,True,871
MOLN,NASDAQ,ELIGIBLE,4.3,4569.29275,1096.85,1.0,0.0,,,UNMEASURED,False,
MOMO,NASDAQ,ELIGIBLE,4.99,5479445.12875,1070043.2,1.0,0.8231,10.09,20.16,D-1,True,2995
MOND,OTC,NOT_TRADABLE,,,,,,,,UNMEASURED,False,
MONDY,OTC,NOT_LISTED_EXCHANGE,,,,,,,,UNMEASURED,False,
MOO,ARCA,FUND_ETF_ETN,,,,,,,,UNMEASURED,False,
MOOD,NASDAQ,FUND_ETF_ETN,,,,,,,,UNMEASURED,False,
MORN,NASDAQ,ELIGIBLE,195.98,64742148.10275,317973.0,1.0,0.4231,1.01,22.49,D-1,True,1289
MORT,ARCA,FUND_ETF_ETN,,,,,,,,UNMEASURED,False,
MOS,NYSE,ELIGIBLE,23.01,207215152.60750002,8318768.7,1.0,1.0,10.98,4.37,D-1,True,607
MOTG,BATS,FUND_ETF_ETN,,,,,,,,UNMEASURED,False,
MOTI,BATS,FUND_ETF_ETN,,,,,,,,UNMEASURED,False,
MOTO,ARCA,FUND_ETF_ETN,,,,,,,,UNMEASURED,False,
MOTS,OTC,NOT_TRADABLE,,,,,,,,UNMEASURED,False,
MOV,NYSE,ELIGIBLE,34.12,6302810.7,189058.1,1.0,0.4154,0.0,19.33,D-1,True,2898
MOVE,NASDAQ,ELIGIBLE,11.77,7046888.6985,611925.55,1.0,0.5923,0.0,204.28,D-1,True,2831
MP,NYSE,ELIGIBLE,48.83,251673598.958,4891643.2,1.0,1.0,10.17,3.6,D-1,True,511
MPA,NYSE,FUND_ETF_ETN,,,,,,,,UNMEASURED,False,
MPAA,NASDAQ,ELIGIBLE,10.7,1356442.18575,122766.4,1.0,0.2,0.0,65.28,D-1,True,3760
MPB,NASDAQ,ELIGIBLE,36.31,3573707.6955,97163.05,1.0,0.1641,2.74,35.84,D-1,True,3234
MPC,NYSE,ELIGIBLE,393.52,1244039433.915,3118194.95,1.0,0.9821,10.55,6.67,D-1,True,86
MPDB,BATS,FUND_ETF_ETN,,,,,,,,UNMEASURED,False,
MPDY,ARCA,FUND_ETF_ETN,,,,,,,,UNMEASURED,False,
MPG,NASDAQ,FUND_ETF_ETN,,,,,,,,UNMEASURED,False,
MPIA,NASDAQ,FUND_ETF_ETN,,,,,,,,UNMEASURED,False,
MPIM,ARCA,FUND_ETF_ETN,,,,,,,,UNMEASURED,False,
MPJPY,OTC,NOT_LISTED_EXCHANGE,,,,,,,,UNMEASURED,False,
MPLT,NASDAQ,ELIGIBLE,10.46,7010577.59025,573779.6,1.0,0.5051,0.0,140.33,D-1,True,2834
MPLX,NYSE,ELIGIBLE,56.8,79051176.0255,1341967.8,1.0,0.9744,4.08,4.39,D-1,True,1143
MPLY,BATS,FUND_ETF_ETN,,,,,,,,UNMEASURED,False,
MPNGY,OTC,NOT_TRADABLE,,,,,,,,UNMEASURED,False,
MPRO,BATS,FUND_ETF_ETN,,,,,,,,UNMEASURED,False,
MPT,NYSE,ELIGIBLE,3.57,40483178.683,10932470.35,1.0,0.9974,14.24,27.93,D-1,True,1654
MPTI,AMEX,ELIGIBLE,74.05,5949937.5645,78935.4,1.0,0.1897,0.0,107.04,D-1,True,2943
MPU,AMEX,ELIGIBLE,2.7805,49310.275605,14936.8,1.0,0.0205,0.0,335.61,D-1,False,
MPV,NYSE,ELIGIBLE,16.37,341491.22645,20352.25,1.0,0.0205,0.0,443.16,D-1,False,
MPWC,BATS,FUND_ETF_ETN,,,,,,,,UNMEASURED,False,
MPWR,NASDAQ,ELIGIBLE,1367.43,932309172.543,748959.15,1.0,0.9923,11.42,15.13,D-1,True,118
MPWX,BATS,FUND_ETF_ETN,,,,,,,,UNMEASURED,False,
MQ,NASDAQ,ELIGIBLE,16.96,12290461.7625,756309.3,1.0,0.8154,2.95,11.83,D-1,True,2477
MQQQ,NASDAQ,FUND_ETF_ETN,,,,,,,,UNMEASURED,False,
MQY,NYSE,FUND_ETF_ETN,,,,,,,,UNMEASURED,False,
MRA,NASDAQ,FUND_ETF_ETN,,,,,,,,UNMEASURED,False,
MRAAY,OTC,NOT_LISTED_EXCHANGE,,,,,,,,UNMEASURED,False,
MRAI,OTC,NOT_TRADABLE,,,,,,,,UNMEASURED,False,
MRAL,NASDAQ,FUND_ETF_ETN,,,,,,,,UNMEASURED,False,
MRAM,NASDAQ,ELIGIBLE,18.47,14168035.143000001,869979.35,1.0,0.8692,13.36,19.21,D-1,True,2379
MRAX,BATS,FUND_ETF_ETN,,,,,,,,UNMEASURED,False,
MRBK,NASDAQ,ELIGIBLE,19.27,1400413.41,72011.4,1.0,0.1846,0.0,31.12,D-1,True,3739
MRCO,NASDAQ,ELIGIBLE,9.86,246119.2295,24918.95,1.0,0.0026,0.0,,UNMEASURED,False,
MRCOU,NASDAQ,UNIT,,,,,,,,UNMEASURED,False,
MRCOW,NASDAQ,WARRANT,,,,,,,,UNMEASURED,False,
MRCP,BATS,FUND_ETF_ETN,,,,,,,,UNMEASURED,False,
MRCY,NASDAQ,ELIGIBLE,82.18,57508353.779750004,683116.15,1.0,0.5846,0.6,23.76,D-1,True,1390
MRDN,NASDAQ,ELIGIBLE,13.36,892849.74,64763.75,1.0,0.0949,0.0,217.81,D-1,False,
MREO,NASDAQ,ELIGIBLE,0.37,528027.34443,1817658.6,1.0,0.4641,5.83,107.2,D-1,False,
MRGR,BATS,FUND_ETF_ETN,,,,,,,,UNMEASURED,False,
MRK,NYSE,ELIGIBLE,148.78,1459574238.7915,9876533.7,1.0,1.0,6.41,2.7,D-1,True,68
MRKR,NASDAQ,ELIGIBLE,1.15,78453.236,63599.7,1.0,0.0795,0.0,172.04,D-1,False,
MRLN,NASDAQ,ELIGIBLE,1.99,7847695.5235,3519622.95,1.0,0.9846,47.35,51.02,D-1,True,2777
MRM,NASDAQ,ELIGIBLE,0.7401,8562.361745,10347.35,1.0,0.0154,0.69,1130.22,D-1,False,
MRNA,NASDAQ,ELIGIBLE,198.88,2510727362.5705004,15906252.2,1.0,1.0,21.21,7.39,D-1,True,36
MRNO,NASDAQ,ELIGIBLE,0.2901,6001166.51857,17566355.4,1.0,0.4051,0.0,379.69,D-1,False,
MRNOW,NASDAQ,WARRANT,,,,,,,,UNMEASURED,False,
MRNX,ARCA,FUND_ETF_ETN,,,,,,,,UNMEASURED,False,
MRNY,ARCA,FUND_ETF_ETN,,,,,,,,UNMEASURED,False,
MRP,NYSE,ELIGIBLE,27.19,47601169.4345,1635543.1,1.0,0.959,5.56,9.27,D-1,True,1528
MRPLY,OTC,NOT_LISTED_EXCHANGE,,,,,,,,UNMEASURED,False,
MRSH,NYSE,ELIGIBLE,171.12,478756896.811,2692164.3,1.0,0.9949,4.65,8.38,D-1,True,254
MRSK,ARCA,FUND_ETF_ETN,,,,,,,,UNMEASURED,False,
MRT,AMEX,ELIGIBLE,2.15,112321.4695,53484.55,1.0,0.0718,0.0,312.23,D-1,False,
MRTN,NASDAQ,ELIGIBLE,12.87,10086851.897499999,738219.95,1.0,0.7205,3.88,7.82,D-1,True,2612
MRVI,NASDAQ,ELIGIBLE,7.6,20393752.864249997,2823581.7,1.0,0.9256,6.75,13.54,D-1,True,2135
MRVL,NASDAQ,ELIGIBLE,261.935,4637256566.00925,20099166.95,1.0,0.9974,14.04,6.85,D-1,True,18
MRVU,NASDAQ,FUND_ETF_ETN,,,,,,,,UNMEASURED,False,
MRVX,BATS,FUND_ETF_ETN,,,,,,,,UNMEASURED,False,
MRX,NASDAQ,ELIGIBLE,71.31,61069711.895500004,826021.2,1.0,0.7615,1.41,50.25,D-1,True,1335
MS,NYSE,ELIGIBLE,196.31,1020311880.3295,4931025.55,1.0,1.0,6.12,5.11,D-1,True,102
MS.PRA,NYSE,MALFORMED_OR_NON_COMMON_SYMBOL,,,,,,,,UNMEASURED,False,
MS.PRE,NYSE,MALFORMED_OR_NON_COMMON_SYMBOL,,,,,,,,UNMEASURED,False,
MS.PRF,NYSE,MALFORMED_OR_NON_COMMON_SYMBOL,,,,,,,,UNMEASURED,False,
MS.PRI,NYSE,MALFORMED_OR_NON_COMMON_SYMBOL,,,,,,,,UNMEASURED,False,
MS.PRK,NYSE,MALFORMED_OR_NON_COMMON_SYMBOL,,,,,,,,UNMEASURED,False,
MS.PRL,NYSE,MALFORMED_OR_NON_COMMON_SYMBOL,,,,,,,,UNMEASURED,False,
MS.PRO,NYSE,MALFORMED_OR_NON_COMMON_SYMBOL,,,,,,,,UNMEASURED,False,
MS.PRP,NYSE,MALFORMED_OR_NON_COMMON_SYMBOL,,,,,,,,UNMEASURED,False,
MS.PRQ,NYSE,MALFORMED_OR_NON_COMMON_SYMBOL,,,,,,,,UNMEASURED,False,
MSA,NYSE,ELIGIBLE,182.46,46210625.012,252552.05,1.0,0.3,0.0,38.02,D-1,True,1555
MSAI,NASDAQ,ELIGIBLE,4.825,50496.20514,10336.45,1.0,0.0103,0.0,518.13,D-1,False,
MSAIW,NASDAQ,WARRANT,,,,,,,,UNMEASURED,False,
MSB,NYSE,ELIGIBLE,19.12,733859.3685,34272.1,1.0,0.1179,0.0,190.62,D-1,False,
MSBI,NASDAQ,ELIGIBLE,33.26,5405585.553,162548.6,1.0,0.3051,0.0,58.6,D-1,True,3006
MSBIP,NASDAQ,PREFERRED,,,,,,,,UNMEASURED,False,
MSBT,ARCA,ELIGIBLE,24.08,19352321.89325,828998.0,1.0,0.7462,2.08,4.17,D-1,True,2175
MSC,NYSE,ELIGIBLE,0.88,106569.363085,115428.35,1.0,0.5077,0.0,477.27,D-1,False,
MSCI,NYSE,ELIGIBLE,551.36,291177511.64900005,524683.9,1.0,0.859,4.07,19.66,D-1,True,443
MSD,NYSE,FUND_ETF_ETN,,,,,,,,UNMEASURED,False,
MSDL,NYSE,FUND_ETF_ETN,,,,,,,,UNMEASURED,False,
MSEP,BATS,FUND_ETF_ETN,,,,,,,,UNMEASURED,False,
MSEUF,OTC,NOT_LISTED_EXCHANGE,,,,,,,,UNMEASURED,False,
MSEX,NASDAQ,ELIGIBLE,53.47,6819578.52475,121063.2,1.0,0.3462,0.0,38.7,D-1,True,2848
MSFC,BATS,FUND_ETF_ETN,,,,,,,,UNMEASURED,False,
MSFD,NASDAQ,FUND_ETF_ETN,,,,,,,,UNMEASURED,False,
MSFL,NASDAQ,FUND_ETF_ETN,,,,,,,,UNMEASURED,False,
MSFO,ARCA,FUND_ETF_ETN,,,,,,,,UNMEASURED,False,
MSFT,NASDAQ,ELIGIBLE,516.17,10979554216.3845,21897123.35,1.0,1.0,9.9,1.69,D-1,True,10
MSFU,NASDAQ,FUND_ETF_ETN,,,,,,,,UNMEASURED,False,
MSFW,BATS,FUND_ETF_ETN,,,,,,,,UNMEASURED,False,
MSFX,BATS,FUND_ETF_ETN,,,,,,,,UNMEASURED,False,
MSFY,BATS,FUND_ETF_ETN,,,,,,,,UNMEASURED,False,
MSGE,NYSE,ELIGIBLE,79.09,37369042.731,474491.25,1.0,0.4718,0.0,29.95,D-1,True,1711
MSGM,NASDAQ,ELIGIBLE,4.28,528438.8955,116712.6,1.0,0.1487,0.0,371.5,D-1,False,
MSGS,NYSE,ELIGIBLE,402.84,113910685.81300001,289323.4,1.0,0.4667,3.28,42.75,D-1,True,917
MSGY,NASDAQ,ELIGIBLE,8.07,22713772.291515,2841011.1,1.0,0.8385,420.71,67.44,D-1,True,2062
MSI,NYSE,ELIGIBLE,456.88,432458731.062,924545.35,1.0,0.9154,2.85,13.25,D-1,True,285
MSIF,NYSE,FUND_ETF_ETN,,,,,,,,UNMEASURED,False,
MSIX,BATS,FUND_ETF_ETN,,,,,,,,UNMEASURED,False,
MSLC,ARCA,FUND_ETF_ETN,,,,,,,,UNMEASURED,False,
MSLE,NASDAQ,ELIGIBLE,8.7,290402.0825,31336.1,1.0,0.1359,0.0,265.57,D-1,False,
MSM,NYSE,ELIGIBLE,121.22,84931107.541,704884.8,1.0,0.7538,2.47,15.64,D-1,True,1092
MSMR,BATS,FUND_ETF_ETN,,,,,,,,UNMEASURED,False,
MSN,AMEX,ELIGIBLE,0.431,202269.707185,412498.15,1.0,0.1949,31.27,324.82,D-1,False,
MSOL,ARCA,ELIGIBLE,33.165,738525.17897,24475.55,1.0,0.1487,0.0,22.87,D-1,False,
MSOS,ARCA,FUND_ETF_ETN,,,,,,,,UNMEASURED,False,
MSOX,ARCA,FUND_ETF_ETN,,,,,,,,UNMEASURED,False,
MSPR,OTC,NOT_TRADABLE,,,,,,,,UNMEASURED,False,
MSPRW,OTC,NOT_TRADABLE,,,,,,,,UNMEASURED,False,
MSPRZ,OTC,NOT_TRADABLE,,,,,,,,UNMEASURED,False,
MSR,NASDAQ,FUND_ETF_ETN,,,,,,,,UNMEASURED,False,
MSS,NASDAQ,ELIGIBLE,1.62,10535091.3905,5094464.0,1.0,0.4385,0.0,147.9,D-1,True,2584
MSSE,ARCA,ELIGIBLE,28.9716,391792.349085,14384.7,1.0,0.0205,0.0,36.28,D-1,False,
MSSM,ARCA,FUND_ETF_ETN,,,,,,,,UNMEASURED,False,
MSSS,BATS,FUND_ETF_ETN,,,,,,,,UNMEASURED,False,
MSST,BATS,FUND_ETF_ETN,,,,,,,,UNMEASURED,False,
MSSWF,NASDAQ,NOT_TRADABLE,,,,,,,,UNMEASURED,False,
MST,NASDAQ,FUND_ETF_ETN,,,,,,,,UNMEASURED,False,
MSTB,BATS,FUND_ETF_ETN,,,,,,,,UNMEASURED,False,
MSTC,BATS,FUND_ETF_ETN,,,,,,,,UNMEASURED,False,
MSTI,ARCA,FUND_ETF_ETN,,,,,,,,UNMEASURED,False,
MSTP,NASDAQ,FUND_ETF_ETN,,,,,,,,UNMEASURED,False,
MSTQ,BATS,FUND_ETF_ETN,,,,,,,,UNMEASURED,False,
MSTR,NASDAQ,ELIGIBLE,158.61,3553689862.453,24797278.0,1.0,1.0,16.36,3.77,D-1,True,23
MSTU,BATS,FUND_ETF_ETN,,,,,,,,UNMEASURED,False,
MSTW,BATS,FUND_ETF_ETN,,,,,,,,UNMEASURED,False,
MSTX,NASDAQ,FUND_ETF_ETN,,,,,,,,UNMEASURED,False,
MSTY,ARCA,FUND_ETF_ETN,,,,,,,,UNMEASURED,False,
MSTZ,BATS,FUND_ETF_ETN,,,,,,,,UNMEASURED,False,
MT,NYSE,ELIGIBLE,70.7,84782993.383,1142329.75,1.0,0.9385,4.23,7.08,D-1,True,1095
MTA,AMEX,ELIGIBLE,10.07,2901442.954,284788.3,1.0,0.6051,0.0,24.75,D-1,True,3342
MTAK,NASDAQ,ELIGIBLE,9.85,266479.1517142857,26986.14285714286,0.35,0.0359,0.0,,UNMEASURED,False,
MTAKU,NASDAQ,UNIT,,,,,,,,UNMEASURED,False,
MTAKW,NASDAQ,WARRANT,,,,,,,,UNMEASURED,False,
MTAL,NYSE,ELIGIBLE,10.16,156486.77649999998,15390.8,1.0,0.0,,29.51,D-1,False,
MTAL.U,NYSE,WARRANT,,,,,,,,UNMEASURED,False,
MTAL.WS,NYSE,MALFORMED_OR_NON_COMMON_SYMBOL,,,,,,,,UNMEASURED,False,
MTAW,ARCA,FUND_ETF_ETN,,,,,,,,UNMEASURED,False,
MTB,NYSE,ELIGIBLE,221.19,255674178.2675,1103155.55,1.0,0.7795,1.58,15.39,D-1,True,504
MTB.PRH,NYSE,MALFORMED_OR_NON_COMMON_SYMBOL,,,,,,,,UNMEASURED,False,
MTB.PRJ,NYSE,MALFORMED_OR_NON_COMMON_SYMBOL,,,,,,,,UNMEASURED,False,
MTB.PRK,NYSE,MALFORMED_OR_NON_COMMON_SYMBOL,,,,,,,,UNMEASURED,False,
MTB.PRL,NYSE,MALFORMED_OR_NON_COMMON_SYMBOL,,,,,,,,UNMEASURED,False,
MTBA,ARCA,FUND_ETF_ETN,,,,,,,,UNMEASURED,False,
MTBLY,OTC,NOT_TRADABLE,,,,,,,,UNMEASURED,False,
MTC,NASDAQ,ELIGIBLE,5.31,186495.56675,32868.6,1.0,0.0359,0.0,694.65,D-1,False,
MTCH,NASDAQ,ELIGIBLE,40.55,150128532.477,3555536.05,1.0,0.9923,6.11,4.85,D-1,True,762
MTCR,OTC,NOT_TRADABLE,,,,,,,,UNMEASURED,False,
MTD,NYSE,ELIGIBLE,1511.64,304902953.355,218998.6,1.0,0.841,3.22,11.11,D-1,True,421
MTDR,NYSE,ELIGIBLE,51.55,102677054.94350001,1778662.25,1.0,0.9051,5.75,10.59,D-1,True,978
MTEK,NASDAQ,ELIGIBLE,1.095,51186.498625,47273.25,1.0,0.0615,0.0,91.32,D-1,False,
MTEKW,NASDAQ,WARRANT,,,,,,,,UNMEASURED,False,
MTEN,NASDAQ,ELIGIBLE,1.02,740054.4933399999,668879.65,1.0,0.2179,0.0,98.06,D-1,False,
MTEX,NASDAQ,ELIGIBLE,7.7,436983.3402,55723.85,1.0,0.1538,0.0,1147.14,D-1,False,
MTG,NYSE,ELIGIBLE,28.48,62876613.1675,2094623.8,1.0,0.9795,3.52,3.52,D-1,True,1307
MTGP,ARCA,FUND_ETF_ETN,,,,,,,,UNMEASURED,False,
MTH,NYSE,ELIGIBLE,64.98,56164868.248,864149.0,1.0,0.7359,2.3,16.23,D-1,True,1408
MTHRY,OTC,NOT_TRADABLE,,,,,,,,UNMEASURED,False,
MTLS,NASDAQ,ELIGIBLE,8.43,1425198.3615,185514.0,1.0,0.7128,5.89,12.09,D-1,True,3729
MTN,NYSE,ELIGIBLE,136.11,122700350.21100001,891559.65,1.0,0.8923,5.48,14.07,D-1,True,877
MTNB,AMEX,ELIGIBLE,2.4,135427.62790000002,49841.35,1.0,0.3051,0.0,161.61,D-1,False,
MTNE,NYSE,ELIGIBLE,9.92,55469.518695,5598.85,1.0,0.0026,0.0,20.18,D-1,False,
MTNE.U,NYSE,WARRANT,,,,,,,,UNMEASURED,False,
MTNE.WS,NYSE,MALFORMED_OR_NON_COMMON_SYMBOL,,,,,,,,UNMEASURED,False,
MTNOY,OTC,NOT_TRADABLE,,,,,,,,UNMEASURED,False,
MTPOY,OTC,NOT_LISTED_EXCHANGE,,,,,,,,UNMEASURED,False,
MTR,NYSE,ELIGIBLE,2.43,28526.211,11849.15,1.0,0.0256,94.79,697.42,D-1,False,
MTRA,BATS,FUND_ETF_ETN,,,,,,,,UNMEASURED,False,
MTRN,NYSE,ELIGIBLE,264.96,60957760.415,245962.85,1.0,0.4051,0.38,55.67,D-1,True,1337
MTRX,NASDAQ,ELIGIBLE,9.74,4883827.804,476372.1,1.0,0.6359,0.0,20.54,D-1,True,3063
MTSG,BATS,FUND_ETF_ETN,,,,,,,,UNMEASURED,False,
MTSI,NASDAQ,ELIGIBLE,285.57,354634842.7605,1322281.4,1.0,0.8641,6.87,22.32,D-1,True,360
MTSUY,OTC,NOT_LISTED_EXCHANGE,,,,,,,,UNMEASURED,False,
MTUM,BATS,FUND_ETF_ETN,,,,,,,,UNMEASURED,False,
MTUS,NYSE,ELIGIBLE,18.84,6483747.107,337568.95,1.0,0.3641,0.0,18.51,D-1,True,2886
MTVA,NASDAQ,ELIGIBLE,1.66,146335.233,85412.45,1.0,0.0769,0.0,,UNMEASURED,False,
MTW,NYSE,ELIGIBLE,22.14,8745166.331999999,413494.05,1.0,0.4641,0.0,31.99,D-1,True,2696
MTX,NYSE,ELIGIBLE,66.98,13116095.053,190432.25,1.0,0.2385,0.0,45.24,D-1,True,2438
MTYY,NASDAQ,FUND_ETF_ETN,,,,,,,,UNMEASURED,False,
MTZ,NYSE,ELIGIBLE,212.85,346520723.4855,1529788.4,1.0,0.9795,10.36,17.65,D-1,True,365
MU,NASDAQ,ELIGIBLE,1082.28,24957510250.9975,25058123.7,1.0,1.0,11.41,3.9,D-1,True,2
MUA,NYSE,FUND_ETF_ETN,,,,,,,,UNMEASURED,False,
MUB,ARCA,FUND_ETF_ETN,,,,,,,,UNMEASURED,False,
MUC,NYSE,FUND_ETF_ETN,,,,,,,,UNMEASURED,False,
MUD,NASDAQ,FUND_ETF_ETN,,,,,,,,UNMEASURED,False,
MUFG,NYSE,ELIGIBLE,23.48,68503906.7135,2929582.8,1.0,0.9949,2.15,4.26,D-1,True,1253
MUG,BATS,FUND_ETF_ETN,,,,,,,,UNMEASURED,False,
MUI,NYSE,NOT_TRADABLE,,,,,,,,UNMEASURED,False,
MUIB,BATS,FUND_ETF_ETN,,,,,,,,UNMEASURED,False,
MUJ,NYSE,FUND_ETF_ETN,,,,,,,,UNMEASURED,False,
MULL,NASDAQ,FUND_ETF_ETN,,,,,,,,UNMEASURED,False,
MULT,NASDAQ,FUND_ETF_ETN,,,,,,,,UNMEASURED,False,
MUNA,ARCA,FUND_ETF_ETN,,,,,,,,UNMEASURED,False,
MUNB,ARCA,FUND_ETF_ETN,,,,,,,,UNMEASURED,False,
MUNC,ARCA,FUND_ETF_ETN,,,,,,,,UNMEASURED,False,
MUND,ARCA,FUND_ETF_ETN,,,,,,,,UNMEASURED,False,
MUNF,ARCA,FUND_ETF_ETN,,,,,,,,UNMEASURED,False,
MUNG,ARCA,FUND_ETF_ETN,,,,,,,,UNMEASURED,False,
MUNH,ARCA,FUND_ETF_ETN,,,,,,,,UNMEASURED,False,
MUNI,ARCA,FUND_ETF_ETN,,,,,,,,UNMEASURED,False,
MUNJ,ARCA,FUND_ETF_ETN,,,,,,,,UNMEASURED,False,
MUNX,ARCA,FUND_ETF_ETN,,,,,,,,UNMEASURED,False,
MUNY,BATS,FUND_ETF_ETN,,,,,,,,UNMEASURED,False,
MUR,NYSE,ELIGIBLE,36.33,61509728.9735,1639943.4,1.0,0.9718,6.92,6.87,D-1,True,1328
MURGY,OTC,NOT_LISTED_EXCHANGE,,,,,,,,UNMEASURED,False,
MUSA,NYSE,ELIGIBLE,511.54,149541475.663,288180.25,1.0,0.5205,0.98,21.73,D-1,True,765
MUSE,NYSE,FUND_ETF_ETN,,,,,,,,UNMEASURED,False,
MUSQ,ARCA,FUND_ETF_ETN,,,,,,,,UNMEASURED,False,
MUST,ARCA,FUND_ETF_ETN,,,,,,,,UNMEASURED,False,
MUU,NASDAQ,FUND_ETF_ETN,,,,,,,,UNMEASURED,False,
MUX,NYSE,ELIGIBLE,19.02,20287268.398500003,1047631.0,1.0,0.7179,2.65,21.31,D-1,True,2142
MUYY,NASDAQ,FUND_ETF_ETN,,,,,,,,UNMEASURED,False,
MUZ,ARCA,FUND_ETF_ETN,,,,,,,,UNMEASURED,False,
MUZE,NASDAQ,ELIGIBLE,10.0,606820.82075,60725.65,1.0,0.0154,0.0,,UNMEASURED,False,
MUZEU,NASDAQ,UNIT,,,,,,,,UNMEASURED,False,
MUZEW,NASDAQ,WARRANT,,,,,,,,UNMEASURED,False,
MVAL,BATS,FUND_ETF_ETN,,,,,,,,UNMEASURED,False,
MVBF,NASDAQ,ELIGIBLE,30.12,1584732.6455,51625.6,1.0,0.1077,0.0,203.1,D-1,True,3675
MVFD,BATS,FUND_ETF_ETN,,,,,,,,UNMEASURED,False,
MVFG,BATS,FUND_ETF_ETN,,,,,,,,UNMEASURED,False,
MVIS,NASDAQ,ELIGIBLE,1.6,2166881.8899999997,1318819.8,1.0,0.6872,31.48,64.11,D-1,True,3504
MVLA,OTC,NOT_TRADABLE,,,,,,,,UNMEASURED,False,
MVLAW,OTC,NOT_TRADABLE,,,,,,,,UNMEASURED,False,
MVLL,NASDAQ,FUND_ETF_ETN,,,,,,,,UNMEASURED,False,
MVPA,NYSE,FUND_ETF_ETN,,,,,,,,UNMEASURED,False,
MVPL,ARCA,FUND_ETF_ETN,,,,,,,,UNMEASURED,False,
MVRL,ARCA,FUND_ETF_ETN,,,,,,,,UNMEASURED,False,
MVST,NASDAQ,ELIGIBLE,0.6881,4728356.228625,7113599.45,1.0,0.9205,8.67,18.37,D-1,False,
MVV,ARCA,FUND_ETF_ETN,,,,,,,,UNMEASURED,False,
MWA,NYSE,ELIGIBLE,21.63,31682864.199,1391704.6,1.0,0.7795,2.32,6.95,D-1,True,1810
MWC,NASDAQ,ELIGIBLE,1.68,284508.5685,167428.45,1.0,0.3103,0.0,315.68,D-1,False,
MWG,AMEX,ELIGIBLE,1.26,3243.70881,2557.5,1.0,0.0051,0.0,158.73,D-1,False,
MWH,NASDAQ,ELIGIBLE,25.2,35293564.845,1384585.5,1.0,0.6821,5.99,23.73,D-1,True,1750
MWHS,ARCA,FUND_ETF_ETN,,,,,,,,UNMEASURED,False,
MWYN,NASDAQ,ELIGIBLE,0.9653,110948.15323999999,102507.55,1.0,0.0205,0.0,676.33,D-1,False,
MX,NYSE,ELIGIBLE,3.3,2636882.8815,837051.75,1.0,0.759,8.86,30.36,D-1,True,3392
MXC,AMEX,ELIGIBLE,10.31,954367.64518,88438.15,1.0,0.0103,0.0,616.09,D-1,False,
MXCT,NASDAQ,ELIGIBLE,1.17,501480.92474999995,409792.95,1.0,0.3154,0.0,85.11,D-1,False,
MXE,NYSE,FUND_ETF_ETN,,,,,,,,UNMEASURED,False,
MXF,NYSE,FUND_ETF_ETN,,,,,,,,UNMEASURED,False,
MXI,ARCA,FUND_ETF_ETN,,,,,,,,UNMEASURED,False,
MXL,NASDAQ,ELIGIBLE,93.84,211748291.49650002,2845869.45,1.0,1.0,26.05,24.78,D-1,True,596
MXLL,BATS,FUND_ETF_ETN,,,,,,,,UNMEASURED,False,
MYCF,NASDAQ,FUND_ETF_ETN,,,,,,,,UNMEASURED,False,
MYCG,NASDAQ,FUND_ETF_ETN,,,,,,,,UNMEASURED,False,
MYCH,NASDAQ,FUND_ETF_ETN,,,,,,,,UNMEASURED,False,
MYCI,NASDAQ,FUND_ETF_ETN,,,,,,,,UNMEASURED,False,
MYCJ,NASDAQ,FUND_ETF_ETN,,,,,,,,UNMEASURED,False,
MYCK,NASDAQ,FUND_ETF_ETN,,,,,,,,UNMEASURED,False,
MYCL,NASDAQ,FUND_ETF_ETN,,,,,,,,UNMEASURED,False,
MYCM,NASDAQ,FUND_ETF_ETN,,,,,,,,UNMEASURED,False,
MYCN,NASDAQ,FUND_ETF_ETN,,,,,,,,UNMEASURED,False,
MYCO,NASDAQ,FUND_ETF_ETN,,,,,,,,UNMEASURED,False,
MYCP,NASDAQ,FUND_ETF_ETN,,,,,,,,UNMEASURED,False,
MYE,NYSE,ELIGIBLE,31.36,11156422.876,357338.85,1.0,0.4051,0.79,49.23,D-1,True,2545
MYFW,NASDAQ,ELIGIBLE,30.53,1460439.48,47400.3,1.0,0.0359,3.25,81.8,D-1,True,3710
MYGN,NASDAQ,ELIGIBLE,4.17,7918671.859,2152365.9,1.0,0.8897,11.89,23.87,D-1,True,2769
MYHA,NASDAQ,FUND_ETF_ETN,,,,,,,,UNMEASURED,False,
MYHB,NASDAQ,FUND_ETF_ETN,,,,,,,,UNMEASURED,False,
MYHC,NASDAQ,FUND_ETF_ETN,,,,,,,,UNMEASURED,False,
MYHD,NASDAQ,FUND_ETF_ETN,,,,,,,,UNMEASURED,False,
MYHE,NASDAQ,FUND_ETF_ETN,,,,,,,,UNMEASURED,False,
MYHF,NASDAQ,FUND_ETF_ETN,,,,,,,,UNMEASURED,False,
MYI,NYSE,FUND_ETF_ETN,,,,,,,,UNMEASURED,False,
MYLD,BATS,FUND_ETF_ETN,,,,,,,,UNMEASURED,False,
MYMF,NASDAQ,FUND_ETF_ETN,,,,,,,,UNMEASURED,False,
MYMG,NASDAQ,FUND_ETF_ETN,,,,,,,,UNMEASURED,False,
MYMH,NASDAQ,FUND_ETF_ETN,,,,,,,,UNMEASURED,False,
MYMI,NASDAQ,FUND_ETF_ETN,,,,,,,,UNMEASURED,False,
MYMJ,NASDAQ,FUND_ETF_ETN,,,,,,,,UNMEASURED,False,
MYMK,NASDAQ,FUND_ETF_ETN,,,,,,,,UNMEASURED,False,
MYML,NASDAQ,FUND_ETF_ETN,,,,,,,,UNMEASURED,False,
MYN,NYSE,FUND_ETF_ETN,,,,,,,,UNMEASURED,False,
MYNAY,OTC,NOT_TRADABLE,,,,,,,,UNMEASURED,False,
MYND,AMEX,ELIGIBLE,0.35,4620.635,13130.7,1.0,0.0513,0.0,936.5,D-1,False,
MYO,AMEX,ELIGIBLE,1.61,564417.1095,392896.2,1.0,0.4,0.0,61.16,D-1,False,
MYPS,NASDAQ,ELIGIBLE,0.4763,157058.77149,326004.5,1.0,0.5128,2.07,130.75,D-1,False,
MYRG,NASDAQ,ELIGIBLE,292.58,81533776.669,285565.6,1.0,0.6128,4.11,27.8,D-1,True,1120
MYSE,NASDAQ,ELIGIBLE,1.86,364427.6815,156374.85,1.0,0.0795,0.0,295.2,D-1,False,
MYSZ,NASDAQ,ELIGIBLE,1.72,3913523.8794999993,1747198.6,1.0,0.0718,0.0,263.42,D-1,True,3190
MYX,NASDAQ,ELIGIBLE,10.04,236048.77293500002,23627.05,1.0,0.0179,0.0,,UNMEASURED,False,
MYXXR,NASDAQ,RIGHT,,,,,,,,UNMEASURED,False,
MYXXU,NASDAQ,UNIT,,,,,,,,UNMEASURED,False,
MYXXW,NASDAQ,WARRANT,,,,,,,,UNMEASURED,False,
MYY,ARCA,FUND_ETF_ETN,,,,,,,,UNMEASURED,False,
MZTI,NASDAQ,ELIGIBLE,100.47,48408200.0535,465496.3,1.0,0.4231,0.0,33.35,D-1,True,1518
MZYX,NYSE,ELIGIBLE,10.0,393457.63725,39391.6,1.0,0.0077,0.0,24.96,D-1,False,
MZYX.U,NYSE,WARRANT,,,,,,,,UNMEASURED,False,
MZYX.WS,NYSE,MALFORMED_OR_NON_COMMON_SYMBOL,,,,,,,,UNMEASURED,False,
MZZ,ARCA,FUND_ETF_ETN,,,,,,,,UNMEASURED,False,
NA,NASDAQ,ELIGIBLE,2.38,1668447.0355000002,750786.6,1.0,0.0385,0.0,,UNMEASURED,True,3653
NAAS,NASDAQ,ELIGIBLE,3.26,52624.987375000004,16569.9,1.0,0.0538,0.0,314.57,D-1,False,
NABL,NYSE,ELIGIBLE,4.0,13512878.152,3426402.1,1.0,0.859,12.21,24.66,D-1,True,2414
NABZY,OTC,NOT_LISTED_EXCHANGE,,,,,,,,UNMEASURED,False,
NAC,NYSE,FUND_ETF_ETN,,,,,,,,UNMEASURED,False,
NACP,ARCA,FUND_ETF_ETN,,,,,,,,UNMEASURED,False,
NAD,NYSE,FUND_ETF_ETN,,,,,,,,UNMEASURED,False,
NAGE,NASDAQ,ELIGIBLE,3.05,1209969.81675,394022.6,1.0,0.5513,0.0,33.17,D-1,True,3832
NAII,NASDAQ,ELIGIBLE,1.75,23679.8125,12053.65,1.0,0.0179,0.0,501.39,D-1,False,
NAIL,ARCA,FUND_ETF_ETN,,,,,,,,UNMEASURED,False,
NAK,AMEX,ELIGIBLE,1.4,5653872.3245,3934095.3,1.0,0.9641,35.91,72.47,D-1,True,2980
NAKA,NASDAQ,ELIGIBLE,9.99,2033853.9980000001,234484.55,1.0,0.359,0.0,82.1,D-1,True,3549
NAMI,NASDAQ,ELIGIBLE,1.59,5860451.225,2225054.25,1.0,0.0692,0.0,280.76,D-1,True,2957
NAMM,NASDAQ,ELIGIBLE,1.145,551530.85775,415140.0,1.0,0.4051,0.0,86.59,D-1,False,
NAMMW,NASDAQ,WARRANT,,,,,,,,UNMEASURED,False,
NAMS,NASDAQ,ELIGIBLE,22.58,41761061.4795,1798174.1,1.0,0.8667,8.84,26.59,D-1,True,1626
NAMSW,NASDAQ,WARRANT,,,,,,,,UNMEASURED,False,
NAN,NYSE,FUND_ETF_ETN,,,,,,,,UNMEASURED,False,
NANC,BATS,FUND_ETF_ETN,,,,,,,,UNMEASURED,False,
NANR,ARCA,FUND_ETF_ETN,,,,,,,,UNMEASURED,False,
NAPR,BATS,FUND_ETF_ETN,,,,,,,,UNMEASURED,False,
NASA,ARCA,FUND_ETF_ETN,,,,,,,,UNMEASURED,False,
NAT,NYSE,ELIGIBLE,7.72,38373156.454500005,5103240.3,1.0,1.0,13.01,13.07,D-1,True,1686
NATH,NASDAQ,ELIGIBLE,101.55,3210043.7385,32580.75,1.0,0.259,0.0,12.82,D-1,True,3293
NATL,NYSE,ELIGIBLE,46.08,31037281.681,674535.45,1.0,0.6154,1.09,6.51,D-1,True,1829
NATO,NASDAQ,FUND_ETF_ETN,,,,,,,,UNMEASURED,False,
NATR,NASDAQ,ELIGIBLE,12.92,1949091.2480000001,143680.15,1.0,0.2385,0.0,46.81,D-1,True,3568
NAUG,BATS,FUND_ETF_ETN,,,,,,,,UNMEASURED,False,
NAUT,NASDAQ,ELIGIBLE,0.9627,998761.21334,1012860.5,1.0,0.7641,0.0,99.01,D-1,False,
NAVBQ,OTC,NOT_TRADABLE,,,,,,,,UNMEASURED,False,
NAVI,NASDAQ,ELIGIBLE,9.12,14551876.210499998,1529473.45,1.0,0.8718,5.48,10.98,D-1,True,2364
NAVN,NASDAQ,ELIGIBLE,19.415,110073823.42674999,4898333.4,1.0,0.9538,10.09,10.14,D-1,True,938
NAZ,NYSE,FUND_ETF_ETN,,,,,,,,UNMEASURED,False,
NB,NASDAQ,ELIGIBLE,3.54,9087560.384,2375169.55,1.0,0.9359,14.01,28.21,D-1,True,2674
NBB,NYSE,FUND_ETF_ETN,,,,,,,,UNMEASURED,False,
NBBK,NASDAQ,ELIGIBLE,22.6,6034275.998749999,265892.8,1.0,0.3821,0.0,13.28,D-1,True,2930
NBCE,ARCA,FUND_ETF_ETN,,,,,,,,UNMEASURED,False,
NBCM,ARCA,FUND_ETF_ETN,,,,,,,,UNMEASURED,False,
NBCR,ARCA,FUND_ETF_ETN,,,,,,,,UNMEASURED,False,
NBDS,ARCA,FUND_ETF_ETN,,,,,,,,UNMEASURED,False,
NBET,ARCA,FUND_ETF_ETN,,,,,,,,UNMEASURED,False,
NBFC,ARCA,FUND_ETF_ETN,,,,,,,,UNMEASURED,False,
NBFR,ARCA,FUND_ETF_ETN,,,,,,,,UNMEASURED,False,
NBGX,ARCA,FUND_ETF_ETN,,,,,,,,UNMEASURED,False,
NBH,AMEX,FUND_ETF_ETN,,,,,,,,UNMEASURED,False,
NBHC,NYSE,ELIGIBLE,40.17,16337448.9645,398594.85,1.0,0.5462,1.24,12.46,D-1,True,2276
NBIC,BATS,FUND_ETF_ETN,,,,,,,,UNMEASURED,False,
NBIE,ARCA,FUND_ETF_ETN,,,,,,,,UNMEASURED,False,
NBIG,NASDAQ,FUND_ETF_ETN,,,,,,,,UNMEASURED,False,
NBIL,NASDAQ,FUND_ETF_ETN,,,,,,,,UNMEASURED,False,
NBIS,NASDAQ,ELIGIBLE,237.33,3396481188.34,15148673.15,1.0,1.0,17.65,6.95,D-1,True,25
NBIX,NASDAQ,ELIGIBLE,138.4,176868590.217,1182072.7,1.0,0.9564,4.36,16.32,D-1,True,681
NBIZ,BATS,FUND_ETF_ETN,,,,,,,,UNMEASURED,False,
NBJP,ARCA,FUND_ETF_ETN,,,,,,,,UNMEASURED,False,
NBN,NASDAQ,NOT_SEC_REGISTRANT_TICKER,,,,,,,,UNMEASURED,False,
NBOS,ARCA,FUND_ETF_ETN,,,,,,,,UNMEASURED,False,
NBP,NASDAQ,ELIGIBLE,1.38,901906.493,604399.95,1.0,0.9436,35.68,70.67,D-1,False,
NBR,NYSE,ELIGIBLE,81.33,20395020.3905,229932.25,1.0,0.2846,0.0,53.29,D-1,True,2134
NBRG,NASDAQ,ELIGIBLE,10.06,30237.894500000002,3005.85,1.0,0.0026,0.0,,UNMEASURED,False,
NBRGR,NASDAQ,RIGHT,,,,,,,,UNMEASURED,False,
NBRGU,NASDAQ,UNIT,,,,,,,,UNMEASURED,False,
NBRVF,OTC,NOT_TRADABLE,,,,,,,,UNMEASURED,False,
NBSD,ARCA,FUND_ETF_ETN,,,,,,,,UNMEASURED,False,
NBSM,ARCA,FUND_ETF_ETN,,,,,,,,UNMEASURED,False,
NBSTW,OTC,NOT_TRADABLE,,,,,,,,UNMEASURED,False,
NBTB,NASDAQ,ELIGIBLE,51.57,17433245.474,338844.7,1.0,0.6128,0.0,5.36,D-1,True,2240
NBTR,ARCA,FUND_ETF_ETN,,,,,,,,UNMEASURED,False,
NBTX,NASDAQ,ELIGIBLE,33.31,4750922.483,128998.25,1.0,0.3615,0.0,110.37,D-1,True,3087
NBXG,NYSE,FUND_ETF_ETN,,,,,,,,UNMEASURED,False,
NC,NYSE,ELIGIBLE,37.67,844027.695,21589.1,1.0,0.0462,0.0,164.69,D-1,False,
NCA,NYSE,FUND_ETF_ETN,,,,,,,,UNMEASURED,False,
NCDL,NYSE,ELIGIBLE,11.7,2541123.81,208719.95,1.0,0.3205,0.0,17.17,D-1,True,3418
NCEL,NASDAQ,ELIGIBLE,2.9465,19770.32343,6185.9,1.0,0.0179,0.0,961.24,D-1,False,
NCEW,NASDAQ,ELIGIBLE,17.63,7003.0145,405.7,1.0,0.0,,,UNMEASURED,False,
NCI,NASDAQ,ELIGIBLE,14.65,10697456.58225,792750.15,1.0,0.4026,0.0,17.05,D-1,True,2576
NCIQ,NASDAQ,FUND_ETF_ETN,,,,,,,,UNMEASURED,False,
NCLD,NASDAQ,FUND_ETF_ETN,,,,,,,,UNMEASURED,False,
NCLH,NYSE,ELIGIBLE,14.61,262386392.41500002,17717515.7,1.0,1.0,13.73,6.92,D-1,True,489
NCLO,ARCA,FUND_ETF_ETN,,,,,,,,UNMEASURED,False,
NCLTY,OTC,NOT_LISTED_EXCHANGE,,,,,,,,UNMEASURED,False,
NCLX,OTC,NOT_TRADABLE,,,,,,,,UNMEASURED,False,
NCMGY,OTC,NOT_LISTED_EXCHANGE,,,,,,,,UNMEASURED,False,
NCMI,NASDAQ,ELIGIBLE,2.26,2341107.6205,1001405.7,1.0,0.5538,22.05,45.98,D-1,True,3463
NCNA,NASDAQ,ELIGIBLE,1.28,144820.2555,90948.35,1.0,0.0513,0.0,672.9,D-1,False,
NCNCF,OTC,NOT_TRADABLE,,,,,,,,UNMEASURED,False,
NCNO,NASDAQ,ELIGIBLE,19.41,50145220.565500006,2321730.3,1.0,0.9231,5.12,18.98,D-1,True,1494
NCNWF,OTC,NOT_TRADABLE,,,,,,,,UNMEASURED,False,
NCO,NASDAQ,ELIGIBLE,9.91,452252.93475,45647.05,1.0,0.0,,,UNMEASURED,False,
NCOOR,NASDAQ,RIGHT,,,,,,,,UNMEASURED,False,
NCOOU,NASDAQ,UNIT,,,,,,,,UNMEASURED,False,
NCOOW,NASDAQ,WARRANT,,,,,,,,UNMEASURED,False,
NCPB,NASDAQ,FUND_ETF_ETN,,,,,,,,UNMEASURED,False,
NCPL,NASDAQ,ELIGIBLE,1.36,25159712.7537,29577931.8,1.0,0.9949,74.67,71.46,D-1,True,1986
NCPLW,NASDAQ,WARRANT,,,,,,,,UNMEASURED,False,
NCRA,NASDAQ,ELIGIBLE,1.8,9631916.388,3506508.7,1.0,0.0513,0.0,,UNMEASURED,True,2637
NCT,NASDAQ,ELIGIBLE,4.43,13713065.381099999,973400.95,1.0,0.3872,22.69,491.02,D-1,True,2402
NCTY,NASDAQ,ELIGIBLE,3.65,903751.293,216524.35,1.0,0.1949,0.14,170.9,D-1,False,
NCV,NYSE,FUND_ETF_ETN,,,,,,,,UNMEASURED,False,
NCV.PRA,NYSE,MALFORMED_OR_NON_COMMON_SYMBOL,,,,,,,,UNMEASURED,False,
NCZ,NYSE,FUND_ETF_ETN,,,,,,,,UNMEASURED,False,
NCZ.PRA,NYSE,MALFORMED_OR_NON_COMMON_SYMBOL,,,,,,,,UNMEASURED,False,
NDAA,NASDAQ,FUND_ETF_ETN,,,,,,,,UNMEASURED,False,
NDAQ,NASDAQ,ELIGIBLE,93.55,304535552.189,3233814.45,1.0,0.9744,5.02,5.88,D-1,True,423
NDEC,BATS,FUND_ETF_ETN,,,,,,,,UNMEASURED,False,
NDEKY,OTC,NOT_LISTED_EXCHANGE,,,,,,,,UNMEASURED,False,
NDIA,ARCA,FUND_ETF_ETN,,,,,,,,UNMEASURED,False,
NDIV,ARCA,FUND_ETF_ETN,,,,,,,,UNMEASURED,False,
NDLS,NASDAQ,ELIGIBLE,12.61,357695.52174999996,26124.4,1.0,0.059,0.0,304.81,D-1,False,
NDMO,NYSE,FUND_ETF_ETN,,,,,,,,UNMEASURED,False,
NDOW,BATS,FUND_ETF_ETN,,,,,,,,UNMEASURED,False,
NDRA,NASDAQ,ELIGIBLE,6.04,365687.59968,64552.95,1.0,0.0974,0.0,198.68,D-1,False,
NDSN,NASDAQ,ELIGIBLE,325.77,114170122.61050001,361838.2,1.0,0.7231,1.31,12.17,D-1,True,914
NE,NYSE,ELIGIBLE,42.82,53644469.6885,1185728.65,1.0,0.8205,4.65,14.07,D-1,True,1436
NE.WS,NYSE,MALFORMED_OR_NON_COMMON_SYMBOL,,,,,,,,UNMEASURED,False,
NE.WSA,NYSE,MALFORMED_OR_NON_COMMON_SYMBOL,,,,,,,,UNMEASURED,False,
NEA,NYSE,FUND_ETF_ETN,,,,,,,,UNMEASURED,False,
NEAR,BATS,FUND_ETF_ETN,,,,,,,,UNMEASURED,False,
NEBX,BATS,FUND_ETF_ETN,,,,,,,,UNMEASURED,False,
NECB,NASDAQ,ELIGIBLE,26.77,937050.6402499999,34868.4,1.0,0.1179,0.0,145.72,D-1,False,
NECK,ARCA,FUND_ETF_ETN,,,,,,,,UNMEASURED,False,
NEE,NYSE,ELIGIBLE,76.08,969406615.5459999,11992125.1,1.0,1.0,5.95,1.31,D-1,True,108
NEE.PRN,NYSE,MALFORMED_OR_NON_COMMON_SYMBOL,,,,,,,,UNMEASURED,False,
NEE.PRS,NYSE,MALFORMED_OR_NON_COMMON_SYMBOL,,,,,,,,UNMEASURED,False,
NEE.PRT,NYSE,MALFORMED_OR_NON_COMMON_SYMBOL,,,,,,,,UNMEASURED,False,
NEE.PRU,NYSE,MALFORMED_OR_NON_COMMON_SYMBOL,,,,,,,,UNMEASURED,False,
NEE.PRV,NYSE,MALFORMED_OR_NON_COMMON_SYMBOL,,,,,,,,UNMEASURED,False,
NEE.PRW,NYSE,MALFORMED_OR_NON_COMMON_SYMBOL,,,,,,,,UNMEASURED,False,
NEGG,NASDAQ,ELIGIBLE,13.52,801349.6845,54078.1,1.0,0.0821,0.0,241.6,D-1,False,
NEHI,BATS,FUND_ETF_ETN,,,,,,,,UNMEASURED,False,
NELS,BATS,FUND_ETF_ETN,,,,,,,,UNMEASURED,False,
NEM,NYSE,ELIGIBLE,121.43,957679427.378,7647188.4,1.0,0.9923,6.6,6.18,D-1,True,112
NEMD,ARCA,FUND_ETF_ETN,,,,,,,,UNMEASURED,False,
NEMG,NASDAQ,FUND_ETF_ETN,,,,,,,,UNMEASURED,False,
NEN,AMEX,ELIGIBLE,51.005,55137.371195,1024.45,1.0,0.0026,0.0,393.08,D-1,False,
NEO,NASDAQ,ELIGIBLE,19.33,36986766.813,1986805.65,1.0,0.941,7.67,15.5,D-1,True,1719
NEOG,NASDAQ,ELIGIBLE,13.76,40363774.59425,3174294.2,1.0,0.9487,7.35,7.41,D-1,True,1656
NEON,NASDAQ,ELIGIBLE,0.916,46594.554925,53104.8,1.0,0.1231,0.0,276.76,D-1,False,
NEOV,NASDAQ,ELIGIBLE,2.19,7052436.97975,2006082.35,1.0,0.9385,22.33,44.75,D-1,True,2829
NEOVW,NASDAQ,WARRANT,,,,,,,,UNMEASURED,False,
NEPH,NASDAQ,ELIGIBLE,4.23,85207.5685,19621.95,1.0,0.0308,0.0,,UNMEASURED,False,
NEPTF,OTC,NOT_TRADABLE,,,,,,,,UNMEASURED,False,
NERD,BATS,FUND_ETF_ETN,,,,,,,,UNMEASURED,False,
NERV,NASDAQ,ELIGIBLE,3.4,660679.0862499999,169700.4,1.0,0.1462,0.0,175.02,D-1,False,
NESR,NASDAQ,ELIGIBLE,32.13,54098923.29099999,1621057.6,1.0,0.8923,7.75,10.84,D-1,True,1428
NET,NYSE,ELIGIBLE,349.02,1025609080.1845,3209720.95,1.0,1.0,12.25,14.95,D-1,True,101
NETG,NASDAQ,FUND_ETF_ETN,,,,,,,,UNMEASURED,False,
NETL,ARCA,FUND_ETF_ETN,,,,,,,,UNMEASURED,False,
NEU,NYSE,ELIGIBLE,898.04,108274857.0845,121725.9,1.0,0.459,3.13,35.94,D-1,True,946
NEUP,NASDAQ,ELIGIBLE,3.65,73891.345,19734.75,1.0,0.0077,0.0,95.31,D-1,False,
NEWP,AMEX,ELIGIBLE,6.62,5471095.842,882098.35,1.0,0.7949,7.46,22.62,D-1,True,2997
NEWT,NASDAQ,ELIGIBLE,11.26,3044830.8355,257086.0,1.0,0.3846,0.0,17.76,D-1,True,3320
NEWTG,NASDAQ,NOTE_DEBT,,,,,,,,UNMEASURED,False,
NEWTH,NASDAQ,NOTE_DEBT,,,,,,,,UNMEASURED,False,
NEWTI,NASDAQ,NOTE_DEBT,,,,,,,,UNMEASURED,False,
NEWTO,NASDAQ,NOTE_DEBT,,,,,,,,UNMEASURED,False,
NEWTP,NASDAQ,PREFERRED,,,,,,,,UNMEASURED,False,
NEWZ,NASDAQ,FUND_ETF_ETN,,,,,,,,UNMEASURED,False,
NEXA,NYSE,ELIGIBLE,12.44,10733185.431,815294.9,1.0,0.5692,0.0,19.75,D-1,True,2574
NEXI,OTC,NOT_TRADABLE,,,,,,,,UNMEASURED,False,
NEXM,NASDAQ,ELIGIBLE,2.18,74463.63725,32149.25,1.0,0.0872,0.0,185.3,D-1,False,
NEXN,NASDAQ,ELIGIBLE,8.7,4081651.868,439646.45,1.0,0.559,0.0,57.01,D-1,True,3166
NEXR,NASDAQ,ELIGIBLE,1.49,661873.908,410139.8,1.0,0.0923,0.0,314.85,D-1,False,
NEXRW,NASDAQ,WARRANT,,,,,,,,UNMEASURED,False,
NEXT,NASDAQ,ELIGIBLE,6.56,17684833.2665,2462504.8,1.0,0.9615,7.73,15.27,D-1,True,2232
NFE,NASDAQ,ELIGIBLE,6.82,4586185.5385,477962.85,1.0,0.6667,16.07,48.16,D-1,True,3102
NFEB,BATS,FUND_ETF_ETN,,,,,,,,UNMEASURED,False,
NFEGP,NASDAQ,PREFERRED,,,,,,,,UNMEASURED,False,
NFG,NYSE,ELIGIBLE,78.99,62148141.7695,767906.25,1.0,0.859,2.55,7.64,D-1,True,1319
NFGC,AMEX,ELIGIBLE,1.75,1931830.332,1078655.9,1.0,0.6744,0.0,57.14,D-1,True,3575
NFJ,NYSE,FUND_ETF_ETN,,,,,,,,UNMEASURED,False,
NFLP,BATS,FUND_ETF_ETN,,,,,,,,UNMEASURED,False,
NFLT,ARCA,FUND_ETF_ETN,,,,,,,,UNMEASURED,False,
NFLU,BATS,FUND_ETF_ETN,,,,,,,,UNMEASURED,False,
NFLW,BATS,FUND_ETF_ETN,,,,,,,,UNMEASURED,False,
NFLX,NASDAQ,ELIGIBLE,71.145,2462662898.86875,32428505.2,1.0,1.0,5.61,1.4,D-1,True,38
NFLY,ARCA,FUND_ETF_ETN,,,,,,,,UNMEASURED,False,
NFRA,ARCA,FUND_ETF_ETN,,,,,,,,UNMEASURED,False,
NFRX,NASDAQ,FUND_ETF_ETN,,,,,,,,UNMEASURED,False,
NFSWF,OTC,NOT_TRADABLE,,,,,,,,UNMEASURED,False,
NFTY,NASDAQ,FUND_ETF_ETN,,,,,,,,UNMEASURED,False,
NFX,BATS,FUND_ETF_ETN,,,,,,,,UNMEASURED,False,
NFXL,NASDAQ,FUND_ETF_ETN,,,,,,,,UNMEASURED,False,
NFXS,NASDAQ,FUND_ETF_ETN,,,,,,,,UNMEASURED,False,
NG,AMEX,ELIGIBLE,7.13,44904437.3485,5879914.45,1.0,0.9462,11.84,14.08,D-1,True,1581
NGEN,NASDAQ,ELIGIBLE,1.94,1214954.9279999998,554413.7,1.0,0.5718,0.0,50.89,D-1,True,3829
NGG,NYSE,ELIGIBLE,75.49,74042237.4135,963427.7,1.0,0.8744,1.89,2.33,D-1,True,1188
NGHT,NASDAQ,FUND_ETF_ETN,,,,,,,,UNMEASURED,False,
NGIF,ARCA,FUND_ETF_ETN,,,,,,,,UNMEASURED,False,
NGL,NYSE,ELIGIBLE,15.1,3445127.6595,199625.85,1.0,0.3231,0.0,75.8,D-1,True,3254
NGL.PRB,NYSE,MALFORMED_OR_NON_COMMON_SYMBOL,,,,,,,,UNMEASURED,False,
NGL.PRC,NYSE,MALFORMED_OR_NON_COMMON_SYMBOL,,,,,,,,UNMEASURED,False,
NGLOY,OTC,NOT_LISTED_EXCHANGE,,,,,,,,UNMEASURED,False,
NGNE,NASDAQ,ELIGIBLE,28.31,10901721.0335,320802.45,1.0,0.2692,0.0,94.71,D-1,True,2565
NGS,NYSE,ELIGIBLE,32.8,4082845.4869999997,114841.05,1.0,0.2872,0.0,68.22,D-1,True,3165
NGVC,NYSE,ELIGIBLE,29.71,4304984.6475,148640.45,1.0,0.1436,0.0,62.22,D-1,True,3141
NGVT,NYSE,ELIGIBLE,73.0,18492468.079,267137.5,1.0,0.2718,1.38,28.5,D-1,True,2203
NHC,AMEX,ELIGIBLE,227.36,24562523.303,110257.8,1.0,0.1205,1.23,83.07,D-1,True,2010
NHI,NYSE,ELIGIBLE,66.92,26305728.332999997,378871.15,1.0,0.4667,0.0,23.96,D-1,True,1949
NHIQ,OTC,NOT_TRADABLE,,,,,,,,UNMEASURED,False,
NHIV,NASDAQ,ELIGIBLE,10.05,254426.68095500005,25261.05,1.0,0.0026,0.0,,UNMEASURED,False,
NHIVU,NASDAQ,UNIT,,,,,,,,UNMEASURED,False,
NHIVW,NASDAQ,WARRANT,,,,,,,,UNMEASURED,False,
NHP,NASDAQ,ELIGIBLE,16.03,10347541.0625,641962.45,1.0,0.4974,0.0,23.56,D-1,True,2591
NHPBP,NASDAQ,PREFERRED,,,,,,,,UNMEASURED,False,
NHS,AMEX,FUND_ETF_ETN,,,,,,,,UNMEASURED,False,
NHTC,NASDAQ,ELIGIBLE,0.9008,82057.71812,64007.25,1.0,0.3462,0.0,59.35,D-1,False,
NHYB,ARCA,FUND_ETF_ETN,,,,,,,,UNMEASURED,False,
NHYDY,OTC,NOT_LISTED_EXCHANGE,,,,,,,,UNMEASURED,False,
NHYM,ARCA,FUND_ETF_ETN,,,,,,,,UNMEASURED,False,
NI,NYSE,ELIGIBLE,39.42,226115556.785,5562803.35,1.0,0.9974,3.84,2.54,D-1,True,554
NIC,NYSE,ELIGIBLE,168.4,25689977.0375,151996.85,1.0,0.2974,0.0,52.12,D-1,True,1966
NICE,NASDAQ,ELIGIBLE,112.81,58972437.04099999,539136.65,1.0,0.6974,5.76,34.31,D-1,True,1371
NICM,NASDAQ,ELIGIBLE,5.7,19569.22745,3215.35,1.0,0.0026,0.0,1052.63,D-1,False,
NICO,ARCA,FUND_ETF_ETN,,,,,,,,UNMEASURED,False,
NIE,NYSE,FUND_ETF_ETN,,,,,,,,UNMEASURED,False,
NIHI,BATS,FUND_ETF_ETN,,,,,,,,UNMEASURED,False,
NIKI,NASDAQ,ELIGIBLE,4.76,1595073.348295,261701.1,1.0,0.1487,0.0,877.46,D-1,True,3673
NIKL,NASDAQ,FUND_ETF_ETN,,,,,,,,UNMEASURED,False,
NIM,NYSE,FUND_ETF_ETN,,,,,,,,UNMEASURED,False,
NINE,AMEX,ELIGIBLE,8.6,480272.77700000006,48392.35,1.0,0.1564,0.0,320.59,D-1,False,
NIO,NYSE,ELIGIBLE,3.58,150888927.4875,39717063.8,1.0,1.0,27.89,27.89,D-1,True,757
NIOBW,NASDAQ,WARRANT,,,,,,,,UNMEASURED,False,
NIOG,NASDAQ,FUND_ETF_ETN,,,,,,,,UNMEASURED,False,
NIPG,NASDAQ,ELIGIBLE,12.5,347010.3225,24229.85,1.0,0.0282,0.0,660.1,D-1,False,
NIQ,NYSE,ELIGIBLE,17.83,20375712.547,1113835.2,1.0,0.7077,2.78,16.66,D-1,True,2136
NISM,ARCA,FUND_ETF_ETN,,,,,,,,UNMEASURED,False,
NITE,ARCA,FUND_ETF_ETN,,,,,,,,UNMEASURED,False,
NIU,NASDAQ,ELIGIBLE,2.05,433957.2965,211650.4,1.0,0.5,0.0,48.43,D-1,False,
NIVF,NASDAQ,ELIGIBLE,0.5601,422014.80393000005,674559.1,1.0,0.3769,163.22,141.01,D-1,False,
NIVFW,NASDAQ,WARRANT,,,,,,,,UNMEASURED,False,
NIXT,NASDAQ,FUND_ETF_ETN,,,,,,,,UNMEASURED,False,
NIXX,NASDAQ,ELIGIBLE,0.3421,219806.57099500002,452559.65,1.0,0.1821,0.0,336.5,D-1,False,
NJAN,BATS,FUND_ETF_ETN,,,,,,,,UNMEASURED,False,
NJDCY,OTC,NOT_TRADABLE,,,,,,,,UNMEASURED,False,
NJNK,ARCA,FUND_ETF_ETN,,,,,,,,UNMEASURED,False,
NJR,NYSE,ELIGIBLE,50.61,37609233.302499995,711060.85,1.0,0.7923,1.97,4.96,D-1,True,1706
NJUL,BATS,FUND_ETF_ETN,,,,,,,,UNMEASURED,False,
NJUN,BATS,FUND_ETF_ETN,,,,,,,,UNMEASURED,False,
NKE,NYSE,ELIGIBLE,35.75,1195334399.6495001,32399446.45,1.0,1.0,9.73,2.79,D-1,True,92
NKGN,OTC,NOT_TRADABLE,,,,,,,,UNMEASURED,False,
NKGNW,OTC,NOT_TRADABLE,,,,,,,,UNMEASURED,False,
NKLR,NASDAQ,ELIGIBLE,3.53,2627867.678,611047.0,1.0,0.5231,0.0,55.91,D-1,True,3394
NKSH,NASDAQ,ELIGIBLE,42.37,1446803.3045,34336.3,1.0,0.0538,0.0,133.4,D-1,True,3715
NKTR,NASDAQ,ELIGIBLE,57.06,81363525.6065,1247346.95,1.0,0.9744,15.26,32.39,D-1,True,1122
NKTX,NASDAQ,ELIGIBLE,2.75,1820637.9587500002,633924.1,1.0,0.659,0.0,36.3,D-1,True,3600
NKX,NYSE,FUND_ETF_ETN,,,,,,,,UNMEASURED,False,
NL,NYSE,ELIGIBLE,7.02,244771.874,35756.6,1.0,0.0256,0.0,220.4,D-1,False,
NLCP,OTC,NOT_LISTED_EXCHANGE,,,,,,,,UNMEASURED,False,
NLOP,NYSE,ELIGIBLE,9.93,1626848.051,151601.65,1.0,0.3667,0.0,85.85,D-1,True,3668
NLR,ARCA,FUND_ETF_ETN,,,,,,,,UNMEASURED,False,
NLSI,BATS,FUND_ETF_ETN,,,,,,,,UNMEASURED,False,
NLST,OTC,NOT_TRADABLE,,,,,,,,UNMEASURED,False,
NLY,NYSE,ELIGIBLE,20.61,207021231.6295,9542493.35,1.0,1.0,7.26,4.88,D-1,True,609
NLY.PRF,NYSE,MALFORMED_OR_NON_COMMON_SYMBOL,,,,,,,,UNMEASURED,False,
NLY.PRG,NYSE,MALFORMED_OR_NON_COMMON_SYMBOL,,,,,,,,UNMEASURED,False,
NLY.PRI,NYSE,MALFORMED_OR_NON_COMMON_SYMBOL,,,,,,,,UNMEASURED,False,
NLY.PRJ,NYSE,MALFORMED_OR_NON_COMMON_SYMBOL,,,,,,,,UNMEASURED,False,
NMAD,NASDAQ,ELIGIBLE,3.58,839314.94275,225321.1,1.0,0.4487,54.6,198.16,D-1,False,
NMAI,NYSE,FUND_ETF_ETN,,,,,,,,UNMEASURED,False,
NMAR,BATS,FUND_ETF_ETN,,,,,,,,UNMEASURED,False,
NMAX,NYSE,ELIGIBLE,10.87,13585579.653,1261746.95,1.0,0.641,0.0,32.1,D-1,True,2410
NMAY,BATS,FUND_ETF_ETN,,,,,,,,UNMEASURED,False,
NMB,ARCA,FUND_ETF_ETN,,,,,,,,UNMEASURED,False,
NMBL,ARCA,FUND_ETF_ETN,,,,,,,,UNMEASURED,False,
NMCO,NYSE,FUND_ETF_ETN,,,,,,,,UNMEASURED,False,
NMCO.RT,NYSE,MALFORMED_OR_NON_COMMON_SYMBOL,,,,,,,,UNMEASURED,False,
NMFC,NASDAQ,ELIGIBLE,6.98,3402279.6785000004,470307.3,1.0,0.5538,0.0,14.35,D-1,True,3263
NMFCZ,NASDAQ,NOTE_DEBT,,,,,,,,UNMEASURED,False,
NMG,NYSE,ELIGIBLE,1.32,472989.81899999996,341757.55,1.0,0.2744,0.0,75.47,D-1,False,
NMHI,OTC,NOT_TRADABLE,,,,,,,,UNMEASURED,False,
NMHIW,OTC,NOT_TRADABLE,,,,,,,,UNMEASURED,False,
NMI,NYSE,ELIGIBLE,9.72,340540.79926,34099.6,1.0,0.0436,0.0,93.12,D-1,False,
NMIH,NASDAQ,ELIGIBLE,41.23,25225434.281999998,580747.2,1.0,0.7359,2.43,17.05,D-1,True,1982
NML,AMEX,FUND_ETF_ETN,,,,,,,,UNMEASURED,False,
NMM,NYSE,ELIGIBLE,91.51,16775209.696,184315.0,1.0,0.3718,0.0,55.83,D-1,True,2256
NMP,NASDAQ,ELIGIBLE,10.37,204598.393265,19747.15,1.0,0.0026,0.0,38.46,D-1,False,
NMPAR,NASDAQ,RIGHT,,,,,,,,UNMEASURED,False,
NMPAU,NASDAQ,UNIT,,,,,,,,UNMEASURED,False,
NMR,NYSE,ELIGIBLE,10.06,7880649.1274999995,761589.35,1.0,0.7769,0.0,9.98,D-1,True,2774
NMRA,NASDAQ,ELIGIBLE,0.6776,1278630.544435,1478646.85,1.0,0.9,10.37,22.24,D-1,False,
NMRD,OTC,NOT_TRADABLE,,,,,,,,UNMEASURED,False,
NMRK,NASDAQ,ELIGIBLE,13.06,29374679.84925,2068622.45,1.0,0.9795,3.82,11.39,D-1,True,1868
NMS,NYSE,FUND_ETF_ETN,,,,,,,,UNMEASURED,False,
NMT,NYSE,FUND_ETF_ETN,,,,,,,,UNMEASURED,False,
NMTC,NASDAQ,ELIGIBLE,1.33,248195.40550000002,160354.2,1.0,0.0846,0.0,342.78,D-1,False,
NMTRQ,OTC,NOT_TRADABLE,,,,,,,,UNMEASURED,False,
NMZ,NYSE,FUND_ETF_ETN,,,,,,,,UNMEASURED,False,
NN,NASDAQ,ELIGIBLE,14.38,35950383.9505,2389110.1,1.0,0.9538,6.93,17.3,D-1,True,1736
NNBR,NASDAQ,ELIGIBLE,3.67,6434320.4115,1802312.35,1.0,0.9308,13.55,26.81,D-1,True,2889
NNDM,NASDAQ,ELIGIBLE,1.57,2809229.69875,1798878.55,1.0,0.7949,0.0,63.7,D-1,True,3357
NNE,NASDAQ,ELIGIBLE,16.99,32396134.2815,1898852.2,1.0,0.9564,11.72,14.82,D-1,True,1797
NNGRY,OTC,NOT_LISTED_EXCHANGE,,,,,,,,UNMEASURED,False,
NNI,NYSE,ELIGIBLE,124.34,19032339.6735,150720.65,1.0,0.3385,0.0,49.67,D-1,True,2182
NNN,NYSE,ELIGIBLE,41.3,79458963.189,1854185.75,1.0,0.9641,3.66,4.88,D-1,True,1139
NNNN,NASDAQ,ELIGIBLE,6.3,1646783.5529999998,263014.75,1.0,0.1538,0.0,390.11,D-1,True,3660
NNOV,BATS,FUND_ETF_ETN,,,,,,,,UNMEASURED,False,
NNOX,NASDAQ,ELIGIBLE,0.6402,1176323.09149,1514122.8,1.0,0.6769,13.49,24.69,D-1,False,
NNVC,AMEX,ELIGIBLE,1.44,833728.3005,632387.45,1.0,0.3615,0.0,68.5,D-1,False,
NNY,NYSE,FUND_ETF_ETN,,,,,,,,UNMEASURED,False,
NOA,NYSE,ELIGIBLE,12.3,1706305.281,130790.25,1.0,0.2462,0.0,80.79,D-1,True,3636
NOAH,NYSE,ELIGIBLE,7.92,772390.132,94127.65,1.0,0.1923,0.0,56.73,D-1,False,
NOBL,BATS,FUND_ETF_ETN,,,,,,,,UNMEASURED,False,
NOC,NYSE,ELIGIBLE,510.52,424633831.0335,812098.2,1.0,0.9077,4.07,8.39,D-1,True,289
NOCT,BATS,FUND_ETF_ETN,,,,,,,,UNMEASURED,False,
NODE,BATS,FUND_ETF_ETN,,,,,,,,UNMEASURED,False,
NODK,NASDAQ,ELIGIBLE,14.8,545096.4735000001,36275.4,1.0,0.1692,0.0,225.57,D-1,False,
NOEM,NASDAQ,ELIGIBLE,10.58,1276.8715,120.0,1.0,0.0,,,UNMEASURED,False,
NOEMR,NASDAQ,RIGHT,,,,,,,,UNMEASURED,False,
NOEMU,NASDAQ,UNIT,,,,,,,,UNMEASURED,False,
NOEMW,NASDAQ,WARRANT,,,,,,,,UNMEASURED,False,
NOEQ,ARCA,FUND_ETF_ETN,,,,,,,,UNMEASURED,False,
NOG,NYSE,ELIGIBLE,23.29,51321177.691,2029743.0,1.0,0.9308,4.32,8.58,D-1,True,1473
NOK,NYSE,ELIGIBLE,10.39,898778825.1225001,86434129.65,1.0,1.0,9.73,9.63,D-1,True,127
NOMA,NASDAQ,ELIGIBLE,1.54,45409.86975,28808.55,1.0,0.0205,0.0,352.67,D-1,False,
NOMD,NYSE,ELIGIBLE,10.63,13987618.352500001,1264096.1,1.0,0.9308,4.73,9.47,D-1,True,2389
NORW,ARCA,FUND_ETF_ETN,,,,,,,,UNMEASURED,False,
NOTE,OTC,NOT_TRADABLE,,,,,,,,UNMEASURED,False,
NOTEW,OTC,NOT_TRADABLE,,,,,,,,UNMEASURED,False,
NOTVQ,OTC,NOT_TRADABLE,,,,,,,,UNMEASURED,False,
NOV,NYSE,ELIGIBLE,19.86,61937559.2015,2988439.25,1.0,0.9974,5.07,5.05,D-1,True,1324
NOVM,BATS,FUND_ETF_ETN,,,,,,,,UNMEASURED,False,
NOVNQ,OTC,NOT_TRADABLE,,,,,,,,UNMEASURED,False,
NOVP,BATS,FUND_ETF_ETN,,,,,,,,UNMEASURED,False,
NOVT,NASDAQ,ELIGIBLE,143.93,51074599.6845,361789.6,1.0,0.4333,1.4,37.6,D-1,True,1475
NOVTU,NASDAQ,UNIT,,,,,,,,UNMEASURED,False,
NOVZ,BATS,FUND_ETF_ETN,,,,,,,,UNMEASURED,False,
NOW,NYSE,ELIGIBLE,135.62,2033748497.8465,14550079.4,1.0,1.0,9.46,6.54,D-1,True,48
NOWL,NASDAQ,FUND_ETF_ETN,,,,,,,,UNMEASURED,False,
NOWX,BATS,FUND_ETF_ETN,,,,,,,,UNMEASURED,False,
NP,NYSE,ELIGIBLE,27.51,15652483.291499998,517637.2,1.0,0.5436,0.0,25.25,D-1,True,2307
NPAC,NASDAQ,ELIGIBLE,10.49,522348.972645,49853.8,1.0,0.0026,0.0,,UNMEASURED,False,
NPACU,NASDAQ,UNIT,,,,,,,,UNMEASURED,False,
NPACW,NASDAQ,WARRANT,,,,,,,,UNMEASURED,False,
NPB,NYSE,ELIGIBLE,15.37,4544140.154,274800.3,1.0,0.3564,0.0,32.42,D-1,True,3104
NPCE,NASDAQ,ELIGIBLE,14.06,1924256.8864999998,133402.1,1.0,0.3872,0.0,60.44,D-1,True,3576
NPCT,NYSE,FUND_ETF_ETN,,,,,,,,UNMEASURED,False,
NPFD,NYSE,FUND_ETF_ETN,,,,,,,,UNMEASURED,False,
NPFE,BATS,FUND_ETF_ETN,,,,,,,,UNMEASURED,False,
NPFI,NASDAQ,FUND_ETF_ETN,,,,,,,,UNMEASURED,False,
NPK,NYSE,ELIGIBLE,144.66,16782775.5265,112340.45,1.0,0.1744,0.0,60.93,D-1,True,2255
NPKI,NYSE,ELIGIBLE,11.72,10259758.9095,806851.8,1.0,0.7128,3.76,12.91,D-1,True,2600
NPO,NYSE,ELIGIBLE,311.43,47514504.0625,160530.55,1.0,0.4718,2.64,33.92,D-1,True,1529
NPPTF,OTC,NOT_TRADABLE,,,,,,,,UNMEASURED,False,
NPSNY,OTC,NOT_TRADABLE,,,,,,,,UNMEASURED,False,
NPT,NASDAQ,ELIGIBLE,2.87,70147.08654,23322.8,1.0,0.0154,33.2,373.51,D-1,False,
NPV,NYSE,FUND_ETF_ETN,,,,,,,,UNMEASURED,False,
NPWR,NYSE,ELIGIBLE,1.63,1073772.3895,594014.5,1.0,0.4821,0.0,60.79,D-1,True,3895
NPWR.WS,NYSE,MALFORMED_OR_NON_COMMON_SYMBOL,,,,,,,,UNMEASURED,False,
NQLT,ARCA,FUND_ETF_ETN,,,,,,,,UNMEASURED,False,
NRAM,ARCA,FUND_ETF_ETN,,,,,,,,UNMEASURED,False,
NRC,NASDAQ,ELIGIBLE,19.57,2655952.052,126093.5,1.0,0.2667,0.0,80.6,D-1,True,3388
NRDBY,OTC,NOT_LISTED_EXCHANGE,,,,,,,,UNMEASURED,False,
NRDS,NASDAQ,ELIGIBLE,8.5,6712883.8345,733354.45,1.0,0.7462,0.0,11.8,D-1,True,2862
NRDY,NYSE,ELIGIBLE,8.67,175303.0325,19119.7,1.0,0.0949,0.0,254.06,D-1,False,
NREF,NYSE,ELIGIBLE,15.77,1130541.5425,67815.85,1.0,0.1,0.0,164.31,D-1,True,3865
NREF.PRA,NYSE,MALFORMED_OR_NON_COMMON_SYMBOL,,,,,,,,UNMEASURED,False,
NRES,NASDAQ,FUND_ETF_ETN,,,,,,,,UNMEASURED,False,
NRG,NYSE,ELIGIBLE,100.37,301411106.092,2782135.85,1.0,0.9821,9.61,13.44,D-1,True,429
NRGD,ARCA,FUND_ETF_ETN,,,,,,,,UNMEASURED,False,
NRGU,ARCA,FUND_ETF_ETN,,,,,,,,UNMEASURED,False,
NRGV,NYSE,ELIGIBLE,4.4,17366833.745500002,4158925.5,1.0,0.9436,11.52,22.76,D-1,True,2244
NRIM,NASDAQ,ELIGIBLE,24.98,4043135.4565,158185.3,1.0,0.259,0.0,62.44,D-1,True,3171
NRIX,NASDAQ,ELIGIBLE,23.01,36429622.982,1441771.6,1.0,0.9308,4.77,8.64,D-1,True,1729
NRK,NYSE,FUND_ETF_ETN,,,,,,,,UNMEASURED,False,
NRO,AMEX,FUND_ETF_ETN,,,,,,,,UNMEASURED,False,
NRP,NYSE,ELIGIBLE,108.78,2745670.7114999997,24851.25,1.0,0.0795,0.0,86.53,D-1,True,3367
NRSH,ARCA,FUND_ETF_ETN,,,,,,,,UNMEASURED,False,
NRSN,NASDAQ,ELIGIBLE,6.95,227577.23119999998,26919.25,1.0,0.0282,0.0,346.02,D-1,False,
NRSNW,NASDAQ,WARRANT,,,,,,,,UNMEASURED,False,
NRT,NYSE,ELIGIBLE,8.6,310141.2765,34238.1,1.0,0.0462,0.0,185.08,D-1,False,
NRUC,NYSE,NOTE_DEBT,,,,,,,,UNMEASURED,False,
NRXP,NASDAQ,ELIGIBLE,2.995,2102300.8745,626182.75,1.0,0.6436,0.34,33.78,D-1,True,3527
NRXS,AMEX,ELIGIBLE,7.56,1084350.291,157050.7,1.0,0.2179,0.0,110.72,D-1,True,3889
NSAI,NASDAQ,ELIGIBLE,9.88,696057.445735294,70584.41176470589,0.85,0.0077,0.0,10.13,D-1,False,
NSAIR,NASDAQ,RIGHT,,,,,,,,UNMEASURED,False,
NSAIU,NASDAQ,UNIT,,,,,,,,UNMEASURED,False,
NSAIW,NASDAQ,WARRANT,,,,,,,,UNMEASURED,False,
NSANY,OTC,NOT_LISTED_EXCHANGE,,,,,,,,UNMEASURED,False,
NSC,NYSE,ELIGIBLE,313.0,367637899.0475,1138347.9,1.0,0.8795,3.04,10.39,D-1,True,343
NSCI,ARCA,FUND_ETF_ETN,,,,,,,,UNMEASURED,False,
NSEP,BATS,FUND_ETF_ETN,,,,,,,,UNMEASURED,False,
NSI,NASDAQ,FUND_ETF_ETN,,,,,,,,UNMEASURED,False,
NSIG,ARCA,FUND_ETF_ETN,,,,,,,,UNMEASURED,False,
NSIT,NASDAQ,ELIGIBLE,159.03,57997427.565,368147.65,1.0,0.4282,0.31,32.02,D-1,True,1383
NSIV,ARCA,FUND_ETF_ETN,,,,,,,,UNMEASURED,False,
NSLR,NASDAQ,ELIGIBLE,7.96,3999119.0774999997,484192.25,1.0,0.3974,0.0,56.12,D-1,True,3179
NSLRL,NASDAQ,NOTE_DEBT,,,,,,,,UNMEASURED,False,
NSP,NYSE,ELIGIBLE,47.83,21328257.3955,423259.2,1.0,0.5026,2.08,30.15,D-1,True,2108
NSPR,NASDAQ,ELIGIBLE,0.7,39545.902155,49692.05,1.0,0.0564,8.57,,UNMEASURED,False,
NSRGY,OTC,NOT_LISTED_EXCHANGE,,,,,,,,UNMEASURED,False,
NSRX,AMEX,ELIGIBLE,3.48,38195.9943,10489.8,1.0,0.0179,0.0,483.24,D-1,False,
NSSC,NASDAQ,ELIGIBLE,35.66,14434016.9185,400130.95,1.0,0.659,1.4,23.88,D-1,True,2368
NSTB,OTC,NOT_TRADABLE,,,,,,,,UNMEASURED,False,
NSTS,NASDAQ,ELIGIBLE,14.12,230337.66085000001,16375.7,1.0,0.041,0.0,30.07,D-1,False,
NSYS,NASDAQ,ELIGIBLE,11.28,191849.86675,16667.5,1.0,0.0282,0.0,262.01,D-1,False,
NTAL,NASDAQ,FUND_ETF_ETN,,,,,,,,UNMEASURED,False,
NTAP,NASDAQ,ELIGIBLE,201.145,485024291.86324996,2551786.6,1.0,0.9462,6.77,23.57,D-1,True,247
NTB,NYSE,ELIGIBLE,58.95,9475168.681,159054.6,1.0,0.2179,0.0,44.22,D-1,True,2650
NTBLQ,OTC,NOT_TRADABLE,,,,,,,,UNMEASURED,False,
NTCL,NASDAQ,ELIGIBLE,2.12,48559.1795,24044.4,1.0,0.0179,0.0,384.62,D-1,False,
NTCT,NASDAQ,ELIGIBLE,39.44,25500630.43725,667043.4,1.0,0.5077,1.27,11.43,D-1,True,1973
NTDOY,OTC,NOT_LISTED_EXCHANGE,,,,,,,,UNMEASURED,False,
NTES,NASDAQ,ELIGIBLE,115.41,71462057.71875,605332.65,1.0,0.7205,0.43,6.95,D-1,True,1215
NTGR,NASDAQ,ELIGIBLE,22.07,7505110.719,345329.05,1.0,0.4718,0.0,23.55,D-1,True,2795
NTHI,NASDAQ,ELIGIBLE,3.31,767442.396,205052.65,1.0,0.2487,0.0,132.95,D-1,False,
NTIC,NASDAQ,ELIGIBLE,7.8,93534.19492,11733.75,1.0,0.0077,7.56,108.38,D-1,False,
NTIP,AMEX,ELIGIBLE,1.59,29945.766000000003,18960.55,1.0,0.0615,0.0,335.16,D-1,False,
NTLA,NASDAQ,ELIGIBLE,11.75,48513704.0125,3963704.0,1.0,0.9872,8.47,8.46,D-1,True,1517
NTNX,NASDAQ,ELIGIBLE,68.03,164635843.15350002,2406826.7,1.0,0.9821,5.84,10.59,D-1,True,718
NTOIY,OTC,NOT_LISTED_EXCHANGE,,,,,,,,UNMEASURED,False,
NTPIF,OTC,NOT_TRADABLE,,,,,,,,UNMEASURED,False,
NTR,NYSE,ELIGIBLE,72.23,215669514.34700003,2791511.45,1.0,0.9872,6.99,7.01,D-1,True,585
NTRA,NASDAQ,ELIGIBLE,412.56,520628458.73325,1451531.55,1.0,0.9462,9.82,18.0,D-1,True,230
NTRB,NASDAQ,ELIGIBLE,8.0,908302.7520999999,125156.1,1.0,0.6795,12.89,128.91,D-1,False,
NTRBW,NASDAQ,WARRANT,,,,,,,,UNMEASURED,False,
NTRL,ARCA,FUND_ETF_ETN,,,,,,,,UNMEASURED,False,
NTRP,NASDAQ,ELIGIBLE,1.93,160724.035,93040.45,1.0,0.2487,0.0,259.09,D-1,False,
NTRS,NASDAQ,ELIGIBLE,175.73,176586118.68725,976579.95,1.0,0.841,2.58,16.07,D-1,True,682
NTRSO,NASDAQ,PREFERRED,,,,,,,,UNMEASURED,False,
NTSD,ARCA,FUND_ETF_ETN,,,,,,,,UNMEASURED,False,
NTSE,ARCA,FUND_ETF_ETN,,,,,,,,UNMEASURED,False,
NTSI,ARCA,FUND_ETF_ETN,,,,,,,,UNMEASURED,False,
NTSK,NASDAQ,ELIGIBLE,17.67,125640610.676,7693486.7,1.0,1.0,14.11,5.61,D-1,True,860
NTST,NYSE,ELIGIBLE,18.21,27906149.5795,1476243.1,1.0,0.8718,2.76,8.24,D-1,True,1906
NTSX,ARCA,FUND_ETF_ETN,,,,,,,,UNMEASURED,False,
NTTYY,OTC,NOT_LISTED_EXCHANGE,,,,,,,,UNMEASURED,False,
NTWK,NASDAQ,ELIGIBLE,4.9,132312.7145,30059.55,1.0,0.1436,0.0,329.22,D-1,False,
NTWO,NASDAQ,ELIGIBLE,10.86,2358387.245,215853.6,1.0,0.0949,0.0,13.81,D-1,True,3459
NTWOU,NASDAQ,UNIT,,,,,,,,UNMEASURED,False,
NTWOW,NASDAQ,WARRANT,,,,,,,,UNMEASURED,False,
NU,NYSE,ELIGIBLE,13.59,1009264411.3645,69849993.3,1.0,1.0,11.81,7.37,D-1,True,103
NUAG,ARCA,FUND_ETF_ETN,,,,,,,,UNMEASURED,False,
NUAI,NASDAQ,ELIGIBLE,7.06,52103903.78,8213535.2,1.0,0.9897,21.48,14.7,D-1,True,1464
NUAIW,NASDAQ,WARRANT,,,,,,,,UNMEASURED,False,
NUBD,ARCA,FUND_ETF_ETN,,,,,,,,UNMEASURED,False,
NUCL,NASDAQ,ELIGIBLE,6.16,1830995.1802499997,284393.2,1.0,0.3282,0.0,97.16,D-1,True,3597
NUCLW,NASDAQ,WARRANT,,,,,,,,UNMEASURED,False,
NUDG,ARCA,FUND_ETF_ETN,,,,,,,,UNMEASURED,False,
NUDM,BATS,FUND_ETF_ETN,,,,,,,,UNMEASURED,False,
NUDV,BATS,FUND_ETF_ETN,,,,,,,,UNMEASURED,False,
NUE,NYSE,ELIGIBLE,247.25,309351245.803,1222411.2,1.0,0.8436,2.83,14.82,D-1,True,417
NUEM,BATS,FUND_ETF_ETN,,,,,,,,UNMEASURED,False,
NUG,NASDAQ,FUND_ETF_ETN,,,,,,,,UNMEASURED,False,
NUGO,ARCA,FUND_ETF_ETN,,,,,,,,UNMEASURED,False,
NUGT,ARCA,FUND_ETF_ETN,,,,,,,,UNMEASURED,False,
NUGY,NASDAQ,FUND_ETF_ETN,,,,,,,,UNMEASURED,False,
NUHY,ARCA,FUND_ETF_ETN,,,,,,,,UNMEASURED,False,
NUIB,NASDAQ,FUND_ETF_ETN,,,,,,,,UNMEASURED,False,
NUIF,NASDAQ,FUND_ETF_ETN,,,,,,,,UNMEASURED,False,
NUKX,ARCA,FUND_ETF_ETN,,,,,,,,UNMEASURED,False,
NUKZ,ARCA,FUND_ETF_ETN,,,,,,,,UNMEASURED,False,
NULC,BATS,FUND_ETF_ETN,,,,,,,,UNMEASURED,False,
NULG,BATS,FUND_ETF_ETN,,,,,,,,UNMEASURED,False,
NULV,BATS,FUND_ETF_ETN,,,,,,,,UNMEASURED,False,
NUMG,BATS,FUND_ETF_ETN,,,,,,,,UNMEASURED,False,
NUMI,ARCA,FUND_ETF_ETN,,,,,,,,UNMEASURED,False,
NUMV,BATS,FUND_ETF_ETN,,,,,,,,UNMEASURED,False,
NUR,NASDAQ,ELIGIBLE,1.07,6781687.47825,3041014.35,1.0,0.1359,0.0,358.65,D-1,True,2856
NURE,BATS,FUND_ETF_ETN,,,,,,,,UNMEASURED,False,
NUS,NYSE,ELIGIBLE,4.63,2624363.7735,556017.7,1.0,0.5436,0.0,21.55,D-1,True,3395
NUSA,ARCA,FUND_ETF_ETN,,,,,,,,UNMEASURED,False,
NUSB,NASDAQ,FUND_ETF_ETN,,,,,,,,UNMEASURED,False,
NUSC,BATS,FUND_ETF_ETN,,,,,,,,UNMEASURED,False,
NUTX,NASDAQ,ELIGIBLE,220.11,32154310.68025,158820.65,1.0,0.3692,0.0,73.06,D-1,True,1801
NUV,NYSE,FUND_ETF_ETN,,,,,,,,UNMEASURED,False,
NUVB,NYSE,ELIGIBLE,5.74,29031888.581,4680576.95,1.0,0.9923,8.71,17.37,D-1,True,1877
NUVOQ,OTC,NOT_TRADABLE,,,,,,,,UNMEASURED,False,
NUVWQ,OTC,NOT_TRADABLE,,,,,,,,UNMEASURED,False,
NUW,NYSE,FUND_ETF_ETN,,,,,,,,UNMEASURED,False,
NUWE,NASDAQ,ELIGIBLE,0.7758,3558623.7558000004,3359046.05,1.0,0.259,0.0,106.49,D-1,False,
NVA,AMEX,ELIGIBLE,5.6,3120727.5415,525414.1,1.0,0.6051,18.48,48.06,D-1,True,3305
NVA.WS,AMEX,MALFORMED_OR_NON_COMMON_SYMBOL,,,,,,,,UNMEASURED,False,
NVACR,OTC,NOT_TRADABLE,,,,,,,,UNMEASURED,False,
NVACW,OTC,NOT_TRADABLE,,,,,,,,UNMEASURED,False,
NVAX,NASDAQ,ELIGIBLE,10.63,58373024.692499995,5819845.5,1.0,0.9872,9.58,9.46,D-1,True,1378
NVBT,BATS,FUND_ETF_ETN,,,,,,,,UNMEASURED,False,
NVBU,BATS,FUND_ETF_ETN,,,,,,,,UNMEASURED,False,
NVBW,BATS,FUND_ETF_ETN,,,,,,,,UNMEASURED,False,
NVC,BATS,FUND_ETF_ETN,,,,,,,,UNMEASURED,False,
NVCR,NASDAQ,ELIGIBLE,15.84,17422951.464500003,1050546.25,1.0,0.7692,3.13,15.61,D-1,True,2241
NVCT,NASDAQ,ELIGIBLE,20.22,4628985.557,205736.2,1.0,0.4436,0.0,141.27,D-1,True,3096
NVD,NASDAQ,FUND_ETF_ETN,,,,,,,,UNMEASURED,False,
NVDA,NASDAQ,ELIGIBLE,225.07,26000458869.113,117235258.1,1.0,1.0,7.0,0.67,D-1,True,1
NVDB,ARCA,FUND_ETF_ETN,,,,,,,,UNMEASURED,False,
NVDD,NASDAQ,FUND_ETF_ETN,,,,,,,,UNMEASURED,False,
NVDG,NASDAQ,FUND_ETF_ETN,,,,,,,,UNMEASURED,False,
NVDL,NASDAQ,FUND_ETF_ETN,,,,,,,,UNMEASURED,False,
NVDQ,BATS,FUND_ETF_ETN,,,,,,,,UNMEASURED,False,
NVDS,NASDAQ,FUND_ETF_ETN,,,,,,,,UNMEASURED,False,
NVDU,NASDAQ,FUND_ETF_ETN,,,,,,,,UNMEASURED,False,
NVDW,BATS,FUND_ETF_ETN,,,,,,,,UNMEASURED,False,
NVDX,BATS,FUND_ETF_ETN,,,,,,,,UNMEASURED,False,
NVDY,ARCA,FUND_ETF_ETN,,,,,,,,UNMEASURED,False,
NVEC,NASDAQ,ELIGIBLE,109.13,11100467.423,109603.5,1.0,0.1846,0.0,72.88,D-1,True,2553
NVG,NYSE,FUND_ETF_ETN,,,,,,,,UNMEASURED,False,
NVGS,NYSE,ELIGIBLE,23.02,11035905.9505,468042.4,1.0,0.6026,0.0,39.08,D-1,True,2556
NVIB,BATS,FUND_ETF_ETN,,,,,,,,UNMEASURED,False,
NVII,BATS,FUND_ETF_ETN,,,,,,,,UNMEASURED,False,
NVIR,ARCA,FUND_ETF_ETN,,,,,,,,UNMEASURED,False,
NVIT,BATS,FUND_ETF_ETN,,,,,,,,UNMEASURED,False,
NVMI,NASDAQ,ELIGIBLE,368.23,218500125.50950003,613515.55,1.0,0.6205,1.35,26.35,D-1,True,573
NVNI,NASDAQ,ELIGIBLE,0.94,56417.753235,59992.95,1.0,0.0282,0.0,522.69,D-1,False,
NVNIW,NASDAQ,WARRANT,,,,,,,,UNMEASURED,False,
NVNO,NASDAQ,ELIGIBLE,8.67,260677.39265,25409.7,1.0,0.0026,0.0,,UNMEASURED,False,
NVO,NYSE,ELIGIBLE,38.8,553543156.9275,13174986.5,1.0,1.0,5.17,2.59,D-1,True,212
NVOC,BATS,FUND_ETF_ETN,,,,,,,,UNMEASURED,False,
NVOH,ARCA,NOT_SEC_REGISTRANT_TICKER,,,,,,,,UNMEASURED,False,
NVOS,OTC,NOT_TRADABLE,,,,,,,,UNMEASURED,False,
NVOX,ARCA,FUND_ETF_ETN,,,,,,,,UNMEASURED,False,
NVPS,NASDAQ,FUND_ETF_ETN,,,,,,,,UNMEASURED,False,
NVR,NYSE,ELIGIBLE,6297.6,258536750.2885,41485.5,1.0,0.541,0.03,20.19,D-1,True,497
NVRI,NYSE,ELIGIBLE,19.15,6314572.0855,295474.0,1.0,0.3846,1.3,49.79,D-1,True,2897
NVS,NYSE,ELIGIBLE,145.46,379295136.0995,2610155.45,1.0,0.9718,2.42,3.11,D-1,True,329
NVST,NYSE,ELIGIBLE,23.95,72583432.6075,2898588.8,1.0,0.9872,6.26,4.17,D-1,True,1207
NVT,NYSE,ELIGIBLE,164.41,395645056.2625,2571473.15,1.0,0.9,5.82,21.91,D-1,True,317
NVTAQ,OTC,NOT_TRADABLE,,,,,,,,UNMEASURED,False,
NVTC,BATS,FUND_ETF_ETN,,,,,,,,UNMEASURED,False,
NVTS,NASDAQ,ELIGIBLE,12.2,127959717.0645,11143759.25,1.0,1.0,17.2,8.27,D-1,True,848
NVTX,BATS,FUND_ETF_ETN,,,,,,,,UNMEASURED,False,
NVVE,OTC,NOT_TRADABLE,,,,,,,,UNMEASURED,False,
NVX,NASDAQ,ELIGIBLE,2.68,110429.487885,37173.55,1.0,0.0333,0.0,204.22,D-1,False,
NVYY,NASDAQ,FUND_ETF_ETN,,,,,,,,UNMEASURED,False,
NVZMY,OTC,NOT_LISTED_EXCHANGE,,,,,,,,UNMEASURED,False,
NWAX,NYSE,ELIGIBLE,10.07,2261273.60204,223015.85,1.0,0.0333,0.0,9.94,D-1,True,3477
NWAX.U,NYSE,WARRANT,,,,,,,,UNMEASURED,False,
NWAX.WS,NYSE,MALFORMED_OR_NON_COMMON_SYMBOL,,,,,,,,UNMEASURED,False,
NWBI,NASDAQ,ELIGIBLE,15.31,17252430.042,1120916.4,1.0,0.6615,2.98,6.54,D-1,True,2246
NWBO,OTC,NOT_TRADABLE,,,,,,,,UNMEASURED,False,
NWCL,NASDAQ,ELIGIBLE,7.425,8053238.2955,833844.4,1.0,0.4462,0.0,160.14,D-1,True,2752
NWCLW,NASDAQ,WARRANT,,,,,,,,UNMEASURED,False,
NWE,NASDAQ,ELIGIBLE,68.84,31345937.4445,451709.85,1.0,0.6692,4.37,10.98,D-1,True,1823
NWFL,NASDAQ,ELIGIBLE,33.78,1121928.149,32581.6,1.0,0.0718,0.0,172.66,D-1,True,3867
NWG,NYSE,ELIGIBLE,18.49,57658382.88250001,3105113.0,1.0,0.9487,2.74,5.45,D-1,True,1388
NWGL,NASDAQ,ELIGIBLE,1.42,1985240.6043150001,1419165.25,1.0,0.1154,0.0,246.36,D-1,True,3559
NWL,NASDAQ,ELIGIBLE,5.43,40033122.257,6809435.55,1.0,0.9974,9.12,18.05,D-1,True,1660
NWN,NYSE,ELIGIBLE,47.04,13249962.890999999,273349.3,1.0,0.3795,0.0,19.78,D-1,True,2428
NWPX,NASDAQ,ELIGIBLE,102.83,15697634.24675,148820.4,1.0,0.2179,0.0,78.37,D-1,True,2305
NWS,NASDAQ,ELIGIBLE,31.75,42819504.991500005,1287829.25,1.0,0.8359,1.59,7.9,D-1,True,1612
NWSA,NASDAQ,ELIGIBLE,28.49,135391981.5705,4543742.2,1.0,0.9897,3.54,3.51,D-1,True,821
NWTG,NASDAQ,ELIGIBLE,1.04,72286.456735,70188.4,1.0,0.4462,0.0,394.58,D-1,False,
NX,NYSE,ELIGIBLE,19.74,11429408.0105,546199.15,1.0,0.4333,0.0,27.92,D-1,True,2520
NXAT,NASDAQ,ELIGIBLE,1.17,153016.13225,115192.1,1.0,0.0385,0.0,382.26,D-1,False,
NXATW,NASDAQ,WARRANT,,,,,,,,UNMEASURED,False,
NXB,AMEX,ELIGIBLE,2.02,124575.2285,55665.35,1.0,0.0231,0.0,598.87,D-1,False,
NXDR,NYSE,ELIGIBLE,2.51,5958498.505,2508648.45,1.0,0.8692,19.91,40.56,D-1,True,2941
NXDT,NYSE,ELIGIBLE,5.21,822504.73,154900.75,1.0,0.4538,0.0,57.37,D-1,False,
NXDT.PRA,NYSE,MALFORMED_OR_NON_COMMON_SYMBOL,,,,,,,,UNMEASURED,False,
NXE,NYSE,ELIGIBLE,9.19,39796748.0055,4009443.1,1.0,0.9385,5.44,10.87,D-1,True,1665
NXG,NYSE,FUND_ETF_ETN,,,,,,,,UNMEASURED,False,
NXGCF,OTC,NOT_TRADABLE,,,,,,,,UNMEASURED,False,
NXGL,NASDAQ,ELIGIBLE,0.174,95109.07225,399634.65,1.0,0.5897,5.19,72.59,D-1,False,
NXGLW,NASDAQ,WARRANT,,,,,,,,UNMEASURED,False,
NXH,NASDAQ,ELIGIBLE,3.27,9214960.05975,2566598.4,1.0,0.9667,15.05,29.77,D-1,True,2664
NXL,NASDAQ,ELIGIBLE,4.39,82548.07747,15371.5,1.0,0.0051,0.0,,UNMEASURED,False,
NXP,NYSE,ELIGIBLE,13.06,3436961.918,253071.0,1.0,0.4641,0.0,15.44,D-1,True,3256
NXPG,BATS,FUND_ETF_ETN,,,,,,,,UNMEASURED,False,
NXPI,NASDAQ,ELIGIBLE,238.08,828304558.111,3631222.65,1.0,0.9872,8.42,10.71,D-1,True,143
NXPL,NASDAQ,ELIGIBLE,9.01,270262.19649999996,29578.5,1.0,0.0231,0.0,332.96,D-1,False,
NXPX,BATS,FUND_ETF_ETN,,,,,,,,UNMEASURED,False,
NXRT,NYSE,ELIGIBLE,19.64,18060898.6065,825820.85,1.0,0.7,5.01,20.16,D-1,True,2221
NXST,NASDAQ,ELIGIBLE,162.1,66563214.5735,397801.95,1.0,0.4846,0.62,38.12,D-1,True,1271
NXT,NASDAQ,ELIGIBLE,80.85,171851398.35250002,2096194.0,1.0,0.9154,8.05,22.2,D-1,True,697
NXTC,NASDAQ,ELIGIBLE,5.08,703035.6755,112276.2,1.0,0.2154,43.82,391.05,D-1,False,
NXTE,ARCA,FUND_ETF_ETN,,,,,,,,UNMEASURED,False,
NXTG,NASDAQ,FUND_ETF_ETN,,,,,,,,UNMEASURED,False,
NXTI,BATS,FUND_ETF_ETN,,,,,,,,UNMEASURED,False,
NXTP,OTC,NOT_TRADABLE,,,,,,,,UNMEASURED,False,
NXTS,NASDAQ,ELIGIBLE,1.47,71616.33072,47057.05,1.0,0.0615,0.0,912.28,D-1,False,
NXTT,NASDAQ,NOT_TRADABLE,,,,,,,,UNMEASURED,False,
NXUR,OTC,NOT_TRADABLE,,,,,,,,UNMEASURED,False,
NXUS,ARCA,FUND_ETF_ETN,,,,,,,,UNMEASURED,False,
NXXT,NASDAQ,ELIGIBLE,0.8509,385788.562695,288822.65,1.0,0.2154,0.0,193.68,D-1,False,
NYAX,NASDAQ,ELIGIBLE,45.03,1352369.00725,28294.6,1.0,0.0846,0.0,120.55,D-1,True,3763
NYC,NYSE,ELIGIBLE,6.5,126755.1199,20606.8,1.0,0.0154,0.0,520.92,D-1,False,
NYF,ARCA,FUND_ETF_ETN,,,,,,,,UNMEASURED,False,
NYM,ARCA,FUND_ETF_ETN,,,,,,,,UNMEASURED,False,
NYMXF,OTC,NOT_TRADABLE,,,,,,,,UNMEASURED,False,
NYNY,BATS,FUND_ETF_ETN,,,,,,,,UNMEASURED,False,
NYSX,ARCA,FUND_ETF_ETN,,,,,,,,UNMEASURED,False,
NYT,NYSE,ELIGIBLE,63.83,219972928.32399997,3277452.05,1.0,0.9974,9.31,7.75,D-1,True,567
NYXH,NASDAQ,ELIGIBLE,1.45,913728.384,565816.35,1.0,0.3846,0.71,87.24,D-1,False,
NYYY,ARCA,FUND_ETF_ETN,,,,,,,,UNMEASURED,False,
NZAC,NASDAQ,FUND_ETF_ETN,,,,,,,,UNMEASURED,False,
NZF,NYSE,FUND_ETF_ETN,,,,,,,,UNMEASURED,False,
O,NYSE,ELIGIBLE,55.54,458473280.984,7880655.2,1.0,1.0,4.52,1.81,D-1,True,265
OABI,NASDAQ,ELIGIBLE,4.61,6709330.2345,1475261.35,1.0,0.8077,10.52,21.26,D-1,True,2863
OABIW,NASDAQ,WARRANT,,,,,,,,UNMEASURED,False,
OACC,NASDAQ,ELIGIBLE,10.78,356788.8139,33103.65,1.0,0.0051,2.37,18.57,D-1,False,
OACCU,NASDAQ,UNIT,,,,,,,,UNMEASURED,False,
OACCW,NASDAQ,WARRANT,,,,,,,,UNMEASURED,False,
OACP,ARCA,FUND_ETF_ETN,,,,,,,,UNMEASURED,False,
OAEM,ARCA,FUND_ETF_ETN,,,,,,,,UNMEASURED,False,
OAIM,ARCA,FUND_ETF_ETN,,,,,,,,UNMEASURED,False,
OAIW,ARCA,FUND_ETF_ETN,,,,,,,,UNMEASURED,False,
OAK.PRA,NYSE,MALFORMED_OR_NON_COMMON_SYMBOL,,,,,,,,UNMEASURED,False,
OAK.PRB,NYSE,MALFORMED_OR_NON_COMMON_SYMBOL,,,,,,,,UNMEASURED,False,
OAKG,ARCA,FUND_ETF_ETN,,,,,,,,UNMEASURED,False,
OAKI,ARCA,FUND_ETF_ETN,,,,,,,,UNMEASURED,False,
OAKM,ARCA,FUND_ETF_ETN,,,,,,,,UNMEASURED,False,
OALC,ARCA,FUND_ETF_ETN,,,,,,,,UNMEASURED,False,
OARK,ARCA,FUND_ETF_ETN,,,,,,,,UNMEASURED,False,
OASC,ARCA,FUND_ETF_ETN,,,,,,,,UNMEASURED,False,
OBA,NASDAQ,ELIGIBLE,10.34,368931.00921,35698.95,1.0,0.0051,0.0,,UNMEASURED,False,
OBAI,NASDAQ,ELIGIBLE,0.2291,359591.886485,1277507.3,1.0,0.5923,0.0,188.53,D-1,False,
OBAWU,NASDAQ,UNIT,,,,,,,,UNMEASURED,False,
OBAWW,NASDAQ,WARRANT,,,,,,,,UNMEASURED,False,
OBDC,NYSE,ELIGIBLE,10.81,33449091.179500002,2990395.1,1.0,0.9821,4.64,9.27,D-1,True,1781
OBE,AMEX,ELIGIBLE,10.69,10794412.911,893851.85,1.0,0.8103,9.45,28.09,D-1,True,2571
OBIL,NASDAQ,FUND_ETF_ETN,,,,,,,,UNMEASURED,False,
OBIO,NASDAQ,ELIGIBLE,5.95,2131842.24125,372081.45,1.0,0.3436,0.0,25.01,D-1,True,3517
OBK,NYSE,ELIGIBLE,53.64,8322006.521,154930.0,1.0,0.2923,0.0,26.07,D-1,True,2734
OBND,BATS,FUND_ETF_ETN,,,,,,,,UNMEASURED,False,
OBOR,ARCA,FUND_ETF_ETN,,,,,,,,UNMEASURED,False,
OBSEF,OTC,NOT_TRADABLE,,,,,,,,UNMEASURED,False,
OBT,NASDAQ,ELIGIBLE,37.82,2112029.591,55514.1,1.0,0.1026,5.28,74.11,D-1,True,3525
OBTC,NASDAQ,UNIT,,,,,,,,UNMEASURED,False,
OBX,NASDAQ,ELIGIBLE,12.86,11382154.874,664027.4,1.0,0.6795,7.84,192.94,D-1,True,2523
OC,NYSE,ELIGIBLE,123.91,148091010.822,1144541.95,1.0,0.7487,2.43,19.34,D-1,True,770
OCAC,NYSE,ELIGIBLE,9.98,331324.7025,33239.65,1.0,0.0,,10.03,D-1,False,
OCAC.RT,NYSE,MALFORMED_OR_NON_COMMON_SYMBOL,,,,,,,,UNMEASURED,False,
OCAC.U,NYSE,WARRANT,,,,,,,,UNMEASURED,False,
OCAC.WS,NYSE,MALFORMED_OR_NON_COMMON_SYMBOL,,,,,,,,UNMEASURED,False,
OCAXW,OTC,NOT_TRADABLE,,,,,,,,UNMEASURED,False,
OCC,NASDAQ,ELIGIBLE,14.53,3768537.5595,271928.45,1.0,0.3615,0.0,58.9,D-1,True,3211
OCCI,NASDAQ,ELIGIBLE,2.27,451750.05325,181058.25,1.0,0.1308,0.0,43.96,D-1,False,
OCCIM,NASDAQ,PREFERRED,,,,,,,,UNMEASURED,False,
OCCIN,NASDAQ,PREFERRED,,,,,,,,UNMEASURED,False,
OCDB,BATS,FUND_ETF_ETN,,,,,,,,UNMEASURED,False,
OCDDY,OTC,NOT_LISTED_EXCHANGE,,,,,,,,UNMEASURED,False,
OCEA,OTC,NOT_TRADABLE,,,,,,,,UNMEASURED,False,
OCEAW,OTC,NOT_TRADABLE,,,,,,,,UNMEASURED,False,
OCFC,NASDAQ,ELIGIBLE,17.1,18550430.0755,1019740.25,1.0,0.8,2.92,5.84,D-1,True,2202
OCG,NASDAQ,ELIGIBLE,1.49,82296.390325,51806.7,1.0,0.0974,0.0,330.03,D-1,False,
OCGN,NASDAQ,ELIGIBLE,1.02,9322263.523585001,8684796.95,1.0,0.9846,48.33,96.62,D-1,True,2654
OCIO,ARCA,FUND_ETF_ETN,,,,,,,,UNMEASURED,False,
OCLT,NASDAQ,ELIGIBLE,9.89,677988.302709091,68565.81818181818,0.55,0.0,,,UNMEASURED,False,
OCLTR,NASDAQ,RIGHT,,,,,,,,UNMEASURED,False,
OCLTU,NASDAQ,UNIT,,,,,,,,UNMEASURED,False,
OCLTW,NASDAQ,WARRANT,,,,,,,,UNMEASURED,False,
OCNL,BATS,FUND_ETF_ETN,,,,,,,,UNMEASURED,False,
OCS,NASDAQ,ELIGIBLE,9.27,2083719.1894999999,194144.0,1.0,0.5154,0.0,59.07,D-1,True,3535
OCSAW,NASDAQ,WARRANT,,,,,,,,UNMEASURED,False,
OCSL,NASDAQ,ELIGIBLE,12.1,5326115.0415,420908.0,1.0,0.541,0.0,8.29,D-1,True,3010
OCTB,BATS,FUND_ETF_ETN,,,,,,,,UNMEASURED,False,
OCTH,BATS,FUND_ETF_ETN,,,,,,,,UNMEASURED,False,
OCTJ,BATS,FUND_ETF_ETN,,,,,,,,UNMEASURED,False,
OCTM,BATS,FUND_ETF_ETN,,,,,,,,UNMEASURED,False,
OCTP,BATS,FUND_ETF_ETN,,,,,,,,UNMEASURED,False,
OCTT,BATS,FUND_ETF_ETN,,,,,,,,UNMEASURED,False,
OCTU,BATS,FUND_ETF_ETN,,,,,,,,UNMEASURED,False,
OCTV,NASDAQ,ELIGIBLE,18.83,62303617.873500004,3297343.1,1.0,0.8128,5.28,15.88,D-1,True,1317
OCTW,BATS,FUND_ETF_ETN,,,,,,,,UNMEASURED,False,
OCTZ,BATS,FUND_ETF_ETN,,,,,,,,UNMEASURED,False,
OCUL,NASDAQ,ELIGIBLE,9.65,23105819.274,2217485.75,1.0,0.9256,5.19,10.37,D-1,True,2051
ODC,NYSE,ELIGIBLE,88.6,9826813.5805,110925.35,1.0,0.2256,1.1,90.22,D-1,True,2628
ODD,NASDAQ,ELIGIBLE,18.64,31720455.4705,1869452.45,1.0,0.7308,5.38,29.93,D-1,True,1809
ODDS,NASDAQ,FUND_ETF_ETN,,,,,,,,UNMEASURED,False,
ODDZ,BATS,FUND_ETF_ETN,,,,,,,,UNMEASURED,False,
ODFL,NASDAQ,ELIGIBLE,173.3,344396503.316,1895583.7,1.0,0.9179,5.45,13.43,D-1,True,368
ODHY,ARCA,FUND_ETF_ETN,,,,,,,,UNMEASURED,False,
ODTE,NASDAQ,FUND_ETF_ETN,,,,,,,,UNMEASURED,False,
ODTX,NASDAQ,ELIGIBLE,20.51,9252453.3695,387986.15,1.0,0.3692,0.0,80.83,D-1,True,2658
ODYS,NASDAQ,ELIGIBLE,3.02,102302.308,28218.9,1.0,0.0462,0.0,628.93,D-1,False,
OEC,NYSE,ELIGIBLE,5.89,2434837.9395,410202.95,1.0,0.6256,0.0,33.93,D-1,True,3443
OEF,ARCA,FUND_ETF_ETN,,,,,,,,UNMEASURED,False,
OEFA,ARCA,FUND_ETF_ETN,,,,,,,,UNMEASURED,False,
OEI,ARCA,FUND_ETF_ETN,,,,,,,,UNMEASURED,False,
OESX,NASDAQ,ELIGIBLE,30.59,2500473.613,91881.15,1.0,0.1744,0.0,96.75,D-1,True,3425
OFAL,NASDAQ,ELIGIBLE,0.5,5008220.52934,7019944.45,1.0,0.7718,52.3,107.95,D-1,False,
OFED,OTC,NOT_TRADABLE,,,,,,,,UNMEASURED,False,
OFG,NYSE,ELIGIBLE,51.94,14488097.233,276666.5,1.0,0.4308,0.0,11.51,D-1,True,2366
OFIX,NASDAQ,ELIGIBLE,9.44,3468180.6509999996,380436.2,1.0,0.6,0.0,35.77,D-1,True,3250
OFLX,NASDAQ,ELIGIBLE,25.54,831125.321,31959.0,1.0,0.1154,0.0,147.08,D-1,False,
OFRM,NYSE,ELIGIBLE,16.26,5640521.836,338141.15,1.0,0.3692,0.0,53.48,D-1,True,2981
OFS,NASDAQ,ELIGIBLE,3.59,319657.233,83701.1,1.0,0.0436,0.0,265.5,D-1,False,
OFSSH,NASDAQ,NOTE_DEBT,,,,,,,,UNMEASURED,False,
OFSSO,NASDAQ,NOTE_DEBT,,,,,,,,UNMEASURED,False,
OGBLY,OTC,NOT_TRADABLE,,,,,,,,UNMEASURED,False,
OGC,NYSE,ELIGIBLE,28.13,19745918.463999998,679119.15,1.0,0.7385,3.54,15.95,D-1,True,2158
OGCP,ARCA,ELIGIBLE,4.0,1247.777,296.85,1.0,0.0,,6046.51,D-1,False,
OGE,NYSE,ELIGIBLE,44.81,75315253.2605,1641497.9,1.0,0.9974,3.37,3.37,D-1,True,1171
OGEN,AMEX,ELIGIBLE,0.4878,16947.506719999998,33690.65,1.0,0.041,0.0,142.28,D-1,False,
OGG,NYSE,ELIGIBLE,2.77,3285684.3940000003,1178106.75,1.0,0.7462,9.99,35.84,D-1,True,3278
OGGWZ,NASDAQ,WARRANT,,,,,,,,UNMEASURED,False,
OGI,NASDAQ,ELIGIBLE,1.1,555987.4245,498604.1,1.0,0.2564,0.0,90.91,D-1,False,
OGIG,ARCA,FUND_ETF_ETN,,,,,,,,UNMEASURED,False,
OGN,NYSE,ELIGIBLE,13.73,38252075.028500006,2788957.05,1.0,0.9256,3.64,7.29,D-1,True,1688
OGS,NYSE,ELIGIBLE,71.8,44796984.2015,585811.5,1.0,0.7077,1.4,11.19,D-1,True,1584
OGSP,ARCA,FUND_ETF_ETN,,,,,,,,UNMEASURED,False,
OGZPY,OTC,NOT_TRADABLE,,,,,,,,UNMEASURED,False,
OHAC,NASDAQ,ELIGIBLE,10.0,672545.4668,67429.8,1.0,0.0026,5.0,10.01,D-1,False,
OHACR,NASDAQ,RIGHT,,,,,,,,UNMEASURED,False,
OHACU,NASDAQ,UNIT,,,,,,,,UNMEASURED,False,
OHI,NYSE,ELIGIBLE,46.28,96707839.27849999,2067622.35,1.0,0.9282,3.25,8.69,D-1,True,1017
OI,NYSE,ELIGIBLE,5.86,21774388.147,3373669.65,1.0,0.9949,8.57,16.96,D-1,True,2089
OIA,NYSE,ELIGIBLE,5.49,822531.9770000001,142992.25,1.0,0.2282,0.0,27.49,D-1,False,
OIBZQ,OTC,NOT_TRADABLE,,,,,,,,UNMEASURED,False,
OIG,NASDAQ,ELIGIBLE,9.57,15831221.508333333,1435697.8333333333,0.3,0.641,20.57,160.62,D-1,True,2300
OIH,ARCA,FUND_ETF_ETN,,,,,,,,UNMEASURED,False,
OII,NYSE,ELIGIBLE,46.26,43606495.558,902149.0,1.0,0.7308,4.25,21.37,D-1,True,1601
OILD,ARCA,FUND_ETF_ETN,,,,,,,,UNMEASURED,False,
OILK,BATS,FUND_ETF_ETN,,,,,,,,UNMEASURED,False,
OILT,ARCA,NOT_TRADABLE,,,,,,,,UNMEASURED,False,
OILU,ARCA,FUND_ETF_ETN,,,,,,,,UNMEASURED,False,
OIM,NASDAQ,ELIGIBLE,10.15,230095.717,22719.45,1.0,0.0,,,UNMEASURED,False,
OIMAU,NASDAQ,UNIT,,,,,,,,UNMEASURED,False,
OIMAW,NASDAQ,WARRANT,,,,,,,,UNMEASURED,False,
OIO,NASDAQ,ELIGIBLE,1.65,289050.42795000004,154550.15,1.0,0.1744,0.0,298.51,D-1,False,
OIOWW,NASDAQ,WARRANT,,,,,,,,UNMEASURED,False,
OIS,NYSE,ELIGIBLE,8.28,4336548.301,507649.75,1.0,0.7026,0.0,12.15,D-1,True,3135
OKE,NYSE,ELIGIBLE,88.63,356093045.4565,3781659.2,1.0,0.9974,6.73,6.17,D-1,True,357
OKLC,BATS,FUND_ETF_ETN,,,,,,,,UNMEASURED,False,
OKLL,NASDAQ,FUND_ETF_ETN,,,,,,,,UNMEASURED,False,
OKLO,NYSE,ELIGIBLE,38.04,393683908.0535,10081536.35,1.0,1.0,14.51,3.96,D-1,True,318
OKTA,NASDAQ,ELIGIBLE,195.19,762517875.928,4172703.8,1.0,1.0,12.79,15.1,D-1,True,157
OKTG,NASDAQ,FUND_ETF_ETN,,,,,,,,UNMEASURED,False,
OKUR,NASDAQ,ELIGIBLE,2.9,536551.7315,164512.3,1.0,0.3333,0.0,86.89,D-1,False,
OKYO,NASDAQ,ELIGIBLE,1.38,128280.39499999999,88865.75,1.0,0.4872,0.0,148.46,D-1,False,
OLB,NASDAQ,ELIGIBLE,0.2034,6359450.382185,19967118.9,1.0,0.3462,0.0,243.64,D-1,False,
OLED,NASDAQ,ELIGIBLE,77.39,63903929.608500004,803384.45,1.0,0.7564,3.62,14.46,D-1,True,1298
OLLI,NASDAQ,ELIGIBLE,84.25,161453346.4005,2114786.75,1.0,0.9718,8.32,11.88,D-1,True,729
OLMA,NASDAQ,ELIGIBLE,8.75,12039645.44925,1214602.95,1.0,0.8205,11.29,22.94,D-1,True,2489
OLN,NYSE,ELIGIBLE,16.4,44370922.14749999,2596098.0,1.0,0.9769,6.11,6.12,D-1,True,1589
OLOX,NASDAQ,ELIGIBLE,0.8649,3654042.349215,3551668.6,1.0,0.259,0.0,164.49,D-1,False,
OLP,NYSE,ELIGIBLE,22.49,1807930.5699999998,77999.05,1.0,0.2974,0.0,35.73,D-1,True,3606
OLYMY,OTC,NOT_TRADABLE,,,,,,,,UNMEASURED,False,
OM,NASDAQ,ELIGIBLE,3.05,463124.51224999997,139399.65,1.0,0.3308,0.0,48.73,D-1,False,
OMAB,NASDAQ,ELIGIBLE,103.03,10877434.1775,109395.5,1.0,0.3128,0.0,45.86,D-1,True,2567
OMAH,ARCA,FUND_ETF_ETN,,,,,,,,UNMEASURED,False,
OMC,NYSE,ELIGIBLE,76.15,261681551.45100003,3308779.5,1.0,0.9744,5.31,7.26,D-1,True,491
OMCC,OTC,NOT_TRADABLE,,,,,,,,UNMEASURED,False,
OMCL,NASDAQ,ELIGIBLE,33.66,19880787.167499997,592840.25,1.0,0.5641,1.51,30.45,D-1,True,2151
OMDA,NASDAQ,ELIGIBLE,19.66,30650846.019,1446932.7,1.0,0.8128,5.01,7.6,D-1,True,1840
OMER,NASDAQ,ELIGIBLE,20.08,29335230.084500004,1551467.4,1.0,0.8205,5.23,14.93,D-1,True,1871
OMEX,NASDAQ,ELIGIBLE,0.7035,203006.35433499998,264396.65,1.0,0.3564,0.0,97.65,D-1,False,
OMF,NYSE,ELIGIBLE,57.36,59899219.99249999,980218.1,1.0,0.8385,3.49,10.61,D-1,True,1361
OMFL,BATS,FUND_ETF_ETN,,,,,,,,UNMEASURED,False,
OMFS,BATS,FUND_ETF_ETN,,,,,,,,UNMEASURED,False,
OMH,NASDAQ,NOT_TRADABLE,,,,,,,,UNMEASURED,False,
OMQS,OTC,NOT_TRADABLE,,,,,,,,UNMEASURED,False,
OMRNY,OTC,NOT_LISTED_EXCHANGE,,,,,,,,UNMEASURED,False,
OMSE,NASDAQ,ELIGIBLE,4.36,144837.463635,31586.05,1.0,0.0282,0.0,394.86,D-1,False,
ON,NASDAQ,ELIGIBLE,77.2,800746059.74,11131621.85,1.0,1.0,13.75,3.9,D-1,True,146
ONB,NASDAQ,ELIGIBLE,25.49,103324210.4,4061396.65,1.0,0.9769,3.93,3.94,D-1,True,969
ONBPO,NASDAQ,PREFERRED,,,,,,,,UNMEASURED,False,
ONBPP,NASDAQ,PREFERRED,,,,,,,,UNMEASURED,False,
ONC,NASDAQ,ELIGIBLE,360.85,139709559.60875002,393144.9,1.0,0.7846,4.07,8.4,D-1,True,804
ONCH,NASDAQ,ELIGIBLE,10.32,285439.47275,27652.15,1.0,0.0,,,UNMEASURED,False,
ONCHU,NASDAQ,UNIT,,,,,,,,UNMEASURED,False,
ONCHW,NASDAQ,WARRANT,,,,,,,,UNMEASURED,False,
ONCO,NASDAQ,ELIGIBLE,1.03,4679313.839145,4831264.9,1.0,1.0,96.88,88.1,D-1,True,3094
ONCR,OTC,NOT_TRADABLE,,,,,,,,UNMEASURED,False,
ONCSQ,OTC,NOT_TRADABLE,,,,,,,,UNMEASURED,False,
ONCY,NASDAQ,ELIGIBLE,0.6833,846670.5355550001,1099145.0,1.0,0.6,1.47,67.28,D-1,False,
OND,ARCA,FUND_ETF_ETN,,,,,,,,UNMEASURED,False,
ONDC,BATS,FUND_ETF_ETN,,,,,,,,UNMEASURED,False,
ONDG,NASDAQ,FUND_ETF_ETN,,,,,,,,UNMEASURED,False,
ONDL,BATS,FUND_ETF_ETN,,,,,,,,UNMEASURED,False,
ONDS,NASDAQ,ELIGIBLE,7.64,480311204.14274997,64433266.65,1.0,1.0,25.43,12.97,D-1,True,251
ONDU,BATS,FUND_ETF_ETN,,,,,,,,UNMEASURED,False,
ONEG,NASDAQ,ELIGIBLE,1.02,32237.953999999998,31544.65,1.0,0.0769,0.0,,UNMEASURED,False,
ONEH,BATS,FUND_ETF_ETN,,,,,,,,UNMEASURED,False,
ONEN,NASDAQ,NOT_SEC_REGISTRANT_TICKER,,,,,,,,UNMEASURED,False,
ONEO,ARCA,FUND_ETF_ETN,,,,,,,,UNMEASURED,False,
ONEQ,NASDAQ,FUND_ETF_ETN,,,,,,,,UNMEASURED,False,
ONEV,ARCA,FUND_ETF_ETN,,,,,,,,UNMEASURED,False,
ONEW,NASDAQ,ELIGIBLE,9.91,1186615.6815,111465.85,1.0,0.1564,0.0,215.31,D-1,True,3841
ONEY,ARCA,FUND_ETF_ETN,,,,,,,,UNMEASURED,False,
ONEZ,BATS,FUND_ETF_ETN,,,,,,,,UNMEASURED,False,
ONFO,NASDAQ,ELIGIBLE,0.91,178431.830575,181096.6,1.0,0.2487,49.52,116.37,D-1,False,
ONFOW,NASDAQ,WARRANT,,,,,,,,UNMEASURED,False,
ONG,BATS,FUND_ETF_ETN,,,,,,,,UNMEASURED,False,
ONIT,NYSE,ELIGIBLE,30.75,2079080.9125,62145.85,1.0,0.1538,3.25,95.44,D-1,True,3537
ONL,NYSE,ELIGIBLE,2.51,687212.533,264488.2,1.0,0.3436,0.0,39.92,D-1,False,
ONLN,ARCA,FUND_ETF_ETN,,,,,,,,UNMEASURED,False,
ONMD,NASDAQ,ELIGIBLE,0.65,260979.13649499998,396490.8,1.0,0.4974,3.15,201.58,D-1,False,
ONMDW,NASDAQ,WARRANT,,,,,,,,UNMEASURED,False,
ONOF,ARCA,FUND_ETF_ETN,,,,,,,,UNMEASURED,False,
ONON,NYSE,ELIGIBLE,29.96,317787891.273,11223364.15,1.0,1.0,11.53,3.31,D-1,True,406
ONT,NYSE,ELIGIBLE,14.0,9667050.8795,564406.5,1.0,0.7282,25.2,43.73,D-1,True,2636
ONTO,NYSE,ELIGIBLE,287.64,233826346.36150002,881056.35,1.0,0.6231,4.88,36.95,D-1,True,540
ONTX,BATS,FUND_ETF_ETN,,,,,,,,UNMEASURED,False,
ONX,BATS,FUND_ETF_ETN,,,,,,,,UNMEASURED,False,
OOMA,NYSE,ELIGIBLE,21.77,12056358.1185,533078.45,1.0,0.5641,0.0,46.61,D-1,True,2487
OOSP,ARCA,FUND_ETF_ETN,,,,,,,,UNMEASURED,False,
OPAD,NASDAQ,ELIGIBLE,3.36,141050.46525,37232.8,1.0,0.0872,0.0,236.02,D-1,False,
OPAL,NASDAQ,ELIGIBLE,1.85,469773.80650000006,246852.95,1.0,0.7282,0.0,55.11,D-1,False,
OPBK,NASDAQ,ELIGIBLE,15.18,747795.174,48915.3,1.0,0.1,0.0,54.45,D-1,False,
OPCH,NASDAQ,ELIGIBLE,23.07,49821471.8255,2082409.6,1.0,0.9103,4.34,10.9,D-1,True,1497
OPEG,NASDAQ,FUND_ETF_ETN,,,,,,,,UNMEASURED,False,
OPEN,NASDAQ,ELIGIBLE,2.57,86545930.63,30779828.15,1.0,1.0,38.52,38.53,D-1,True,1079
OPENL,NASDAQ,WARRANT,,,,,,,,UNMEASURED,False,
OPENW,NASDAQ,WARRANT,,,,,,,,UNMEASURED,False,
OPENZ,NASDAQ,WARRANT,,,,,,,,UNMEASURED,False,
OPER,ARCA,FUND_ETF_ETN,,,,,,,,UNMEASURED,False,
OPEX,BATS,FUND_ETF_ETN,,,,,,,,UNMEASURED,False,
OPFI,NYSE,ELIGIBLE,6.28,6799502.1345,965440.7,1.0,0.6051,0.0,16.01,D-1,True,2854
OPHC,AMEX,ELIGIBLE,8.85,883149.2635,97458.45,1.0,0.2103,0.0,212.07,D-1,False,
OPHLY,OTC,NOT_TRADABLE,,,,,,,,UNMEASURED,False,
OPI,NASDAQ,ELIGIBLE,16.6,1613606.1005000002,93633.6,1.0,0.1462,0.0,131.54,D-1,True,3669
OPITQ,OTC,NOT_TRADABLE,,,,,,,,UNMEASURED,False,
OPK,NASDAQ,ELIGIBLE,1.64,4807614.4935,2979552.65,1.0,0.8974,30.39,60.97,D-1,True,3078
OPLN,NYSE,ELIGIBLE,34.82,36671851.5485,1052083.85,1.0,0.6333,2.87,8.63,D-1,True,1725
OPP,NYSE,FUND_ETF_ETN,,,,,,,,UNMEASURED,False,
OPP.PRA,NYSE,MALFORMED_OR_NON_COMMON_SYMBOL,,,,,,,,UNMEASURED,False,
OPP.PRB,NYSE,MALFORMED_OR_NON_COMMON_SYMBOL,,,,,,,,UNMEASURED,False,
OPPE,ARCA,FUND_ETF_ETN,,,,,,,,UNMEASURED,False,
OPPG,ARCA,FUND_ETF_ETN,,,,,,,,UNMEASURED,False,
OPPJ,NASDAQ,FUND_ETF_ETN,,,,,,,,UNMEASURED,False,
OPRA,NASDAQ,ELIGIBLE,17.65,6243145.852,341278.8,1.0,0.5821,0.0,19.8,D-1,True,2904
OPRT,NASDAQ,ELIGIBLE,8.55,4612120.546,573746.35,1.0,0.7641,0.12,23.67,D-1,True,3099
OPRX,NASDAQ,ELIGIBLE,8.04,1208726.1879999998,156242.8,1.0,0.4692,6.13,43.42,D-1,True,3834
OPTH,NASDAQ,ELIGIBLE,4.82,317906.218,67008.1,1.0,0.0487,0.0,296.6,D-1,False,
OPTT,AMEX,ELIGIBLE,2.01,1266276.86175,421457.1,1.0,0.4282,0.0,146.0,D-1,True,3803
OPTU,NYSE,ELIGIBLE,1.01,2123004.4188750004,2067407.85,1.0,0.8923,6.1,99.01,D-1,True,3520
OPTX,NASDAQ,ELIGIBLE,7.4,2243262.029,303986.2,1.0,0.3231,0.0,97.21,D-1,True,3483
OPTXW,NASDAQ,WARRANT,,,,,,,,UNMEASURED,False,
OPTZ,NASDAQ,FUND_ETF_ETN,,,,,,,,UNMEASURED,False,
OPXS,NASDAQ,ELIGIBLE,10.42,406875.406,39499.65,1.0,0.0308,2.37,104.71,D-1,False,
OPY,NYSE,ELIGIBLE,119.78,14521381.385499999,122235.8,1.0,0.2538,0.84,60.66,D-1,True,2365
OR,NYSE,ELIGIBLE,35.78,30710354.408,842628.65,1.0,0.659,2.79,12.61,D-1,True,1839
ORA,NYSE,ELIGIBLE,93.63,97315799.044,996093.05,1.0,0.6744,3.2,26.3,D-1,True,1011
ORAC,BATS,FUND_ETF_ETN,,,,,,,,UNMEASURED,False,
ORANY,OTC,NOT_TRADABLE,,,,,,,,UNMEASURED,False,
ORBS,NASDAQ,ELIGIBLE,1.14,13783797.169264998,13853717.15,1.0,0.9949,49.29,98.52,D-1,True,2397
ORBX,NASDAQ,FUND_ETF_ETN,,,,,,,,UNMEASURED,False,
ORC,NYSE,ELIGIBLE,5.71,31493319.481,5051148.35,1.0,1.0,8.8,17.48,D-1,True,1820
ORCL,NYSE,ELIGIBLE,137.1,4957960049.335501,33357652.65,1.0,1.0,10.47,3.61,D-1,True,16
ORCL.PRD,NYSE,MALFORMED_OR_NON_COMMON_SYMBOL,,,,,,,,UNMEASURED,False,
ORCS,NASDAQ,FUND_ETF_ETN,,,,,,,,UNMEASURED,False,
ORCU,NASDAQ,FUND_ETF_ETN,,,,,,,,UNMEASURED,False,
ORCX,NASDAQ,FUND_ETF_ETN,,,,,,,,UNMEASURED,False,
ORCZ,BATS,FUND_ETF_ETN,,,,,,,,UNMEASURED,False,
ORGO,NASDAQ,ELIGIBLE,1.41,1022005.8119999999,665841.45,1.0,0.7103,0.0,72.21,D-1,True,3916
ORGS,OTC,NOT_TRADABLE,,,,,,,,UNMEASURED,False,
ORI,NYSE,ELIGIBLE,37.74,56489382.0,1399556.45,1.0,0.9308,2.65,3.97,D-1,True,1403
ORIC,NASDAQ,ELIGIBLE,13.16,18202778.0155,1419491.3,1.0,0.8538,11.38,22.77,D-1,True,2213
ORIO,NASDAQ,ELIGIBLE,1.02,143265.15991000002,135140.75,1.0,0.0564,0.0,98.52,D-1,False,
ORIQ,NASDAQ,ELIGIBLE,10.4399,172642.74017499998,16636.15,1.0,0.0,,,UNMEASURED,False,
ORIQU,NASDAQ,UNIT,,,,,,,,UNMEASURED,False,
ORIQW,NASDAQ,WARRANT,,,,,,,,UNMEASURED,False,
ORISF,OTC,NOT_TRADABLE,,,,,,,,UNMEASURED,False,
ORKA,NASDAQ,ELIGIBLE,84.46,85470318.175,925856.85,1.0,0.5821,2.62,26.82,D-1,True,1090
ORKLY,OTC,NOT_LISTED_EXCHANGE,,,,,,,,UNMEASURED,False,
ORKT,NASDAQ,ELIGIBLE,1.01,115207.07820000002,112391.1,1.0,0.0821,0.0,755.38,D-1,False,
ORLY,NASDAQ,ELIGIBLE,86.115,562472845.7722499,6549741.75,1.0,1.0,5.25,5.81,D-1,True,207
ORMP,NASDAQ,ELIGIBLE,4.73,946885.8470000001,196820.9,1.0,0.3077,0.0,41.89,D-1,False,
ORN,NYSE,ELIGIBLE,8.58,3964993.3875,439663.1,1.0,0.6,0.0,17.67,D-1,True,3181
ORO,BATS,FUND_ETF_ETN,,,,,,,,UNMEASURED,False,
ORPHY,OTC,NOT_TRADABLE,,,,,,,,UNMEASURED,False,
ORR,NASDAQ,FUND_ETF_ETN,,,,,,,,UNMEASURED,False,
ORRF,NASDAQ,ELIGIBLE,41.77,4237217.909,100920.2,1.0,0.2385,0.0,36.97,D-1,True,3148
OSAPQ,OTC,NOT_TRADABLE,,,,,,,,UNMEASURED,False,
OSBC,NASDAQ,ELIGIBLE,24.95,11887443.188,472068.85,1.0,0.7513,2.0,6.01,D-1,True,2496
OSCR,NYSE,ELIGIBLE,29.6,175984008.66500002,5596134.85,1.0,1.0,10.16,6.79,D-1,True,684
OSCV,BATS,FUND_ETF_ETN,,,,,,,,UNMEASURED,False,
OSCX,NASDAQ,FUND_ETF_ETN,,,,,,,,UNMEASURED,False,
OSEA,ARCA,FUND_ETF_ETN,,,,,,,,UNMEASURED,False,
OSG,NYSE,ELIGIBLE,4.19,2686024.4620000003,583629.15,1.0,0.5103,0.0,24.16,D-1,True,3379
OSIS,NASDAQ,ELIGIBLE,197.24,48931150.1955,241714.35,1.0,0.5769,2.54,31.46,D-1,True,1509
OSK,NYSE,ELIGIBLE,132.75,87305610.4905,607692.45,1.0,0.8436,3.03,22.98,D-1,True,1070
OSPN,NASDAQ,ELIGIBLE,17.81,9500304.84525,549511.4,1.0,0.6641,2.87,11.28,D-1,True,2647
OSPR,NASDAQ,ELIGIBLE,9.83,510340.75700000004,51868.5,1.0,0.0154,0.0,10.18,D-1,False,
OSPRU,NASDAQ,UNIT,,,,,,,,UNMEASURED,False,
OSPRW,NASDAQ,WARRANT,,,,,,,,UNMEASURED,False,
OSPWQ,OTC,NOT_TRADABLE,,,,,,,,UNMEASURED,False,
OSRH,OTC,NOT_TRADABLE,,,,,,,,UNMEASURED,False,
OSRHW,OTC,NOT_TRADABLE,,,,,,,,UNMEASURED,False,
OSS,NASDAQ,ELIGIBLE,9.28,6499307.419,689283.85,1.0,0.7205,5.38,32.37,D-1,True,2885
OSSL,BATS,FUND_ETF_ETN,,,,,,,,UNMEASURED,False,
OST,NASDAQ,NOT_TRADABLE,,,,,,,,UNMEASURED,False,
OSTX,AMEX,ELIGIBLE,1.66,1316815.5365,743246.55,1.0,0.5179,0.0,60.42,D-1,True,3776
OSUR,NASDAQ,ELIGIBLE,3.93,1993335.2555,559803.7,1.0,0.6179,0.0,25.26,D-1,True,3554
OSW,NASDAQ,ELIGIBLE,22.92,24046020.663,1072418.05,1.0,0.6308,4.35,19.62,D-1,True,2026
OTAI,NYSE,ELIGIBLE,9.995,49904.338919999995,4990.55,1.0,0.0103,0.0,15.0,D-1,False,
OTAI.RT,NYSE,MALFORMED_OR_NON_COMMON_SYMBOL,,,,,,,,UNMEASURED,False,
OTAI.U,NYSE,RIGHT,,,,,,,,UNMEASURED,False,
OTAX,NYSE,FUND_ETF_ETN,,,,,,,,UNMEASURED,False,
OTEX,NASDAQ,ELIGIBLE,22.51,30564204.249,1302934.7,1.0,0.9564,4.42,4.42,D-1,True,1841
OTF,NYSE,ELIGIBLE,10.31,23165644.7105,2117293.35,1.0,0.8615,4.87,9.77,D-1,True,2048
OTGA,NASDAQ,ELIGIBLE,10.26,290580.672,28380.5,1.0,0.0051,0.0,29.25,D-1,False,
OTGAU,NASDAQ,UNIT,,,,,,,,UNMEASURED,False,
OTGAW,NASDAQ,WARRANT,,,,,,,,UNMEASURED,False,
OTGL,NASDAQ,FUND_ETF_ETN,,,,,,,,UNMEASURED,False,
OTGLY,OTC,NOT_LISTED_EXCHANGE,,,,,,,,UNMEASURED,False,
OTIS,NYSE,ELIGIBLE,65.94,315796897.46999997,4568546.35,1.0,0.9974,6.03,8.27,D-1,True,410
OTLK,NASDAQ,ELIGIBLE,0.6395,2837179.0531800003,4337550.5,1.0,0.8692,12.21,54.23,D-1,False,
OTLY,NASDAQ,ELIGIBLE,11.84,677296.7465,52073.9,1.0,0.0744,0.0,104.63,D-1,False,
OTRKQ,OTC,NOT_TRADABLE,,,,,,,,UNMEASURED,False,
OTRQQ,OTC,NOT_TRADABLE,,,,,,,,UNMEASURED,False,
OTSKY,OTC,NOT_LISTED_EXCHANGE,,,,,,,,UNMEASURED,False,
OTTR,NASDAQ,ELIGIBLE,89.34,23092217.2005,260214.55,1.0,0.3154,0.0,21.63,D-1,True,2052
OUNZ,ARCA,FUND_ETF_ETN,,,,,,,,UNMEASURED,False,
OUSA,ARCA,FUND_ETF_ETN,,,,,,,,UNMEASURED,False,
OUSL,BATS,FUND_ETF_ETN,,,,,,,,UNMEASURED,False,
OUSM,ARCA,FUND_ETF_ETN,,,,,,,,UNMEASURED,False,
OUST,NASDAQ,ELIGIBLE,43.72,76410753.65349999,2083940.45,1.0,0.9974,20.52,28.59,D-1,True,1162
OUT,NYSE,ELIGIBLE,27.65,48844271.964499995,1713019.05,1.0,0.959,3.61,12.66,D-1,True,1511
OVB,BATS,FUND_ETF_ETN,,,,,,,,UNMEASURED,False,
OVBC,NASDAQ,ELIGIBLE,44.15,1446547.19825,31667.4,1.0,0.0692,0.0,174.77,D-1,True,3716
OVCHY,OTC,NOT_LISTED_EXCHANGE,,,,,,,,UNMEASURED,False,
OVF,BATS,FUND_ETF_ETN,,,,,,,,UNMEASURED,False,
OVID,NASDAQ,ELIGIBLE,2.4,4730519.96775,1760826.65,1.0,0.9538,20.55,41.24,D-1,True,3090
OVL,BATS,FUND_ETF_ETN,,,,,,,,UNMEASURED,False,
OVLH,BATS,FUND_ETF_ETN,,,,,,,,UNMEASURED,False,
OVLY,NASDAQ,ELIGIBLE,34.17,707140.06525,20564.9,1.0,0.0385,0.0,197.98,D-1,False,
OVM,BATS,FUND_ETF_ETN,,,,,,,,UNMEASURED,False,
OVS,BATS,FUND_ETF_ETN,,,,,,,,UNMEASURED,False,
OVT,BATS,FUND_ETF_ETN,,,,,,,,UNMEASURED,False,
OVV,NYSE,ELIGIBLE,60.13,207602884.58699998,3270052.35,1.0,0.9974,6.65,3.34,D-1,True,606
OWL,NYSE,ELIGIBLE,9.32,216227309.77249998,20175931.8,1.0,1.0,10.87,10.8,D-1,True,583
OWLS,NASDAQ,ELIGIBLE,5.52,174245.8905,32304.4,1.0,0.0795,0.0,201.28,D-1,False,
OWLT,NYSE,ELIGIBLE,5.04,1078225.283,220032.2,1.0,0.3538,0.0,29.58,D-1,True,3893
OWN,BATS,FUND_ETF_ETN,,,,,,,,UNMEASURED,False,
OWNB,ARCA,FUND_ETF_ETN,,,,,,,,UNMEASURED,False,
OWNS,ARCA,FUND_ETF_ETN,,,,,,,,UNMEASURED,False,
OXBR,NASDAQ,ELIGIBLE,1.46,24813.46675,17424.75,1.0,0.0154,0.0,775.78,D-1,False,
OXBRW,NASDAQ,WARRANT,,,,,,,,UNMEASURED,False,
OXLC,NASDAQ,ELIGIBLE,8.94,8170635.793500001,877079.15,1.0,0.7615,0.22,11.2,D-1,True,2744
OXLCG,NASDAQ,NOTE_DEBT,,,,,,,,UNMEASURED,False,
OXLCI,NASDAQ,NOTE_DEBT,,,,,,,,UNMEASURED,False,
OXLCL,NASDAQ,NOTE_DEBT,,,,,,,,UNMEASURED,False,
OXLCM,NASDAQ,PREFERRED,,,,,,,,UNMEASURED,False,
OXLCN,NASDAQ,PREFERRED,,,,,,,,UNMEASURED,False,
OXLCO,NASDAQ,PREFERRED,,,,,,,,UNMEASURED,False,
OXLCZ,NASDAQ,NOTE_DEBT,,,,,,,,UNMEASURED,False,
OXM,NYSE,ELIGIBLE,25.95,18283188.5485,598366.9,1.0,0.7513,7.77,31.76,D-1,True,2211
OXSQ,NASDAQ,ELIGIBLE,1.27,1743540.7225000001,1324617.95,1.0,0.5462,0.0,79.05,D-1,True,3624
OXSQG,NASDAQ,NOTE_DEBT,,,,,,,,UNMEASURED,False,
OXSQH,NASDAQ,NOTE_DEBT,,,,,,,,UNMEASURED,False,
OXY,NYSE,ELIGIBLE,56.86,508854566.7925,8528114.85,1.0,1.0,7.05,1.75,D-1,True,235
OXY.WS,NYSE,MALFORMED_OR_NON_COMMON_SYMBOL,,,,,,,,UNMEASURED,False,
OYSE,NASDAQ,ELIGIBLE,10.3975,730224.348325,70306.3,1.0,0.0026,0.0,,UNMEASURED,False,
OYSER,NASDAQ,RIGHT,,,,,,,,UNMEASURED,False,
OYSEU,NASDAQ,UNIT,,,,,,,,UNMEASURED,False,
OZ,AMEX,UNIT,,,,,,,,UNMEASURED,False,
OZEM,NASDAQ,FUND_ETF_ETN,,,,,,,,UNMEASURED,False,
OZK,NASDAQ,ELIGIBLE,46.89,53917127.3525,1115826.05,1.0,0.9538,2.15,4.27,D-1,True,1432
OZKAP,NASDAQ,PREFERRED,,,,,,,,UNMEASURED,False,
P,NYSE,ELIGIBLE,126.0,774595116.9045,7347092.75,1.0,0.9974,17.63,13.17,D-1,True,152
PAA,NASDAQ,UNIT,,,,,,,,UNMEASURED,False,
PAAA,ARCA,FUND_ETF_ETN,,,,,,,,UNMEASURED,False,
PAAC,NASDAQ,ELIGIBLE,10.07,148603.42668,14705.45,1.0,0.0,,,UNMEASURED,False,
PAACU,NASDAQ,UNIT,,,,,,,,UNMEASURED,False,
PAACW,NASDAQ,WARRANT,,,,,,,,UNMEASURED,False,
PAAI,AMEX,ELIGIBLE,1.75,12151731.58719,6527394.45,1.0,0.9282,59.21,120.88,D-1,True,2482
PAAS,NYSE,ELIGIBLE,48.04,185864397.3175,3683441.4,1.0,0.9923,6.24,4.17,D-1,True,659
PAB,ARCA,FUND_ETF_ETN,,,,,,,,UNMEASURED,False,
PABD,NASDAQ,FUND_ETF_ETN,,,,,,,,UNMEASURED,False,
PABU,NASDAQ,FUND_ETF_ETN,,,,,,,,UNMEASURED,False,
PAC,NYSE,ELIGIBLE,215.94,27383564.106,132627.1,1.0,0.2897,0.0,53.27,D-1,True,1916
PACB,NASDAQ,ELIGIBLE,1.62,8123666.692,5809822.6,1.0,0.9974,31.97,63.7,D-1,True,2748
PACH,NASDAQ,ELIGIBLE,10.33,755583.6117499999,73132.3,1.0,0.0077,0.0,,UNMEASURED,False,
PACHU,NASDAQ,UNIT,,,,,,,,UNMEASURED,False,
PACHW,NASDAQ,WARRANT,,,,,,,,UNMEASURED,False,
PACK,NYSE,ELIGIBLE,4.39,2008312.4905,481225.4,1.0,0.6641,0.0,35.26,D-1,True,3553
PACS,NYSE,ELIGIBLE,41.3,31272612.2315,731709.7,1.0,0.5897,2.42,41.72,D-1,True,1827
PAG,NYSE,ELIGIBLE,209.62,72537468.68200001,338061.4,1.0,0.5026,1.08,19.65,D-1,True,1208
PAGP,NASDAQ,UNIT,,,,,,,,UNMEASURED,False,
PAGS,NYSE,ELIGIBLE,9.05,28882454.369,3029553.2,1.0,0.9179,5.49,10.98,D-1,True,1885
PAHC,NASDAQ,ELIGIBLE,34.45,9132546.28925,251396.0,1.0,0.3897,0.0,36.09,D-1,True,2672
PAI,NYSE,FUND_ETF_ETN,,,,,,,,UNMEASURED,False,
PAII,NYSE,ELIGIBLE,10.3,767672.078745,74578.2,1.0,0.0154,0.0,9.71,D-1,False,
PAII.U,NYSE,WARRANT,,,,,,,,UNMEASURED,False,
PAII.WS,NYSE,MALFORMED_OR_NON_COMMON_SYMBOL,,,,,,,,UNMEASURED,False,
PAIYY,OTC,NOT_TRADABLE,,,,,,,,UNMEASURED,False,
PAL,NASDAQ,ELIGIBLE,3.68,3679938.0195,856958.25,1.0,0.7,0.0,26.28,D-1,True,3219
PALC,ARCA,FUND_ETF_ETN,,,,,,,,UNMEASURED,False,
PALD,NASDAQ,FUND_ETF_ETN,,,,,,,,UNMEASURED,False,
PALI,NASDAQ,ELIGIBLE,1.45,5958330.0275,3332522.1,1.0,0.9718,34.04,66.49,D-1,True,2942
PALL,ARCA,FUND_ETF_ETN,,,,,,,,UNMEASURED,False,
PALO,NASDAQ,ELIGIBLE,9.97,33281.47282,3334.65,1.0,0.0128,0.0,40.0,D-1,False,
PALOU,NASDAQ,UNIT,,,,,,,,UNMEASURED,False,
PALOW,NASDAQ,WARRANT,,,,,,,,UNMEASURED,False,
PALU,NASDAQ,FUND_ETF_ETN,,,,,,,,UNMEASURED,False,
PAM,NYSE,ELIGIBLE,77.82,16143839.037999999,191978.05,1.0,0.4256,2.56,35.19,D-1,True,2285
PAMC,ARCA,FUND_ETF_ETN,,,,,,,,UNMEASURED,False,
PAMT,NASDAQ,ELIGIBLE,11.75,257057.194,21023.3,1.0,0.0769,0.0,271.47,D-1,False,
PANG,NASDAQ,FUND_ETF_ETN,,,,,,,,UNMEASURED,False,
PANL,NASDAQ,ELIGIBLE,8.01,3703104.911,445523.9,1.0,0.6538,0.0,12.45,D-1,True,3217
PANW,NASDAQ,ELIGIBLE,374.74,2564707065.9255,7109601.6,1.0,1.0,11.45,9.63,D-1,True,35
PAPI,ARCA,FUND_ETF_ETN,,,,,,,,UNMEASURED,False,
PAPL,AMEX,ELIGIBLE,1.0,75450.609305,78818.5,1.0,0.2282,0.0,373.83,D-1,False,
PAPR,BATS,FUND_ETF_ETN,,,,,,,,UNMEASURED,False,
PAR,NYSE,ELIGIBLE,14.06,15940226.4005,951314.35,1.0,0.9282,7.18,21.47,D-1,True,2293
PARA,NASDAQ,ELIGIBLE,0.7,581331.584505,687131.5,1.0,0.6205,0.0,127.41,D-1,False,
PARAW,NASDAQ,WARRANT,,,,,,,,UNMEASURED,False,
PARK,NASDAQ,ELIGIBLE,19.91,875817.7744999999,42566.6,1.0,0.1,0.0,393.12,D-1,False,
PARR,NYSE,ELIGIBLE,77.46,80873800.719,992370.7,1.0,0.7718,5.99,22.14,D-1,True,1126
PASG,NASDAQ,ELIGIBLE,4.8,132765.87925,27335.8,1.0,0.0231,0.0,427.06,D-1,False,
PASW,NASDAQ,ELIGIBLE,0.127,2863294.4033850003,19072346.4,1.0,0.1231,0.0,378.08,D-1,False,
PATH,NYSE,ELIGIBLE,12.46,862448067.5055001,57638200.65,1.0,1.0,15.79,7.93,D-1,True,135
PATK,NASDAQ,ELIGIBLE,68.49,43011707.083,585280.25,1.0,0.6359,4.78,28.08,D-1,True,1609
PATN,NASDAQ,FUND_ETF_ETN,,,,,,,,UNMEASURED,False,
PATX,BATS,FUND_ETF_ETN,,,,,,,,UNMEASURED,False,
PAUG,BATS,FUND_ETF_ETN,,,,,,,,UNMEASURED,False,
PAVE,BATS,FUND_ETF_ETN,,,,,,,,UNMEASURED,False,
PAVM,NASDAQ,ELIGIBLE,3.845,117771.12537499999,26305.25,1.0,0.041,0.0,599.2,D-1,False,
PAVS,NASDAQ,ELIGIBLE,4.43,81531.53222,17878.6,1.0,0.0923,0.0,442.59,D-1,False,
PAWZ,BATS,FUND_ETF_ETN,,,,,,,,UNMEASURED,False,
PAX,NASDAQ,ELIGIBLE,10.24,11835183.633499999,1106549.8,1.0,0.7051,4.89,9.82,D-1,True,2500
PAXS,NYSE,FUND_ETF_ETN,,,,,,,,UNMEASURED,False,
PAY,NYSE,ELIGIBLE,30.17,41505245.223000005,1213368.75,1.0,0.7872,6.58,18.03,D-1,True,1629
PAYC,NYSE,ELIGIBLE,220.46,174861819.6365,771999.1,1.0,0.6154,1.13,31.59,D-1,True,686
PAYH,BATS,FUND_ETF_ETN,,,,,,,,UNMEASURED,False,
PAYM,BATS,FUND_ETF_ETN,,,,,,,,UNMEASURED,False,
PAYO,NASDAQ,ELIGIBLE,7.17,20769425.3915,2912959.85,1.0,0.841,6.97,13.99,D-1,True,2127
PAYP,NASDAQ,ELIGIBLE,16.51,13422162.679499999,775741.1,1.0,0.5872,0.0,21.13,D-1,True,2418
PAYR,BATS,FUND_ETF_ETN,,,,,,,,UNMEASURED,False,
PAYS,NASDAQ,ELIGIBLE,12.67,9886625.59325,778926.55,1.0,0.6231,7.82,31.55,D-1,True,2621
PAYX,NASDAQ,ELIGIBLE,101.37,384804595.665,3354195.2,1.0,0.9974,5.95,2.46,D-1,True,324
PB,NYSE,ELIGIBLE,67.77,78143905.769,1116843.55,1.0,0.8821,2.94,4.41,D-1,True,1148
PBA,NYSE,ELIGIBLE,44.66,52195891.964499995,1098197.45,1.0,0.8436,2.24,6.72,D-1,True,1461
PBAM,NASDAQ,ELIGIBLE,86.25,15078353.134,168195.0,1.0,0.2282,0.0,24.36,D-1,True,2339
PBAP,BATS,FUND_ETF_ETN,,,,,,,,UNMEASURED,False,
PBAU,BATS,FUND_ETF_ETN,,,,,,,,UNMEASURED,False,
PBCRY,OTC,NOT_LISTED_EXCHANGE,,,,,,,,UNMEASURED,False,
PBCS,NASDAQ,FUND_ETF_ETN,,,,,,,,UNMEASURED,False,
PBD,ARCA,FUND_ETF_ETN,,,,,,,,UNMEASURED,False,
PBDC,ARCA,FUND_ETF_ETN,,,,,,,,UNMEASURED,False,
PBDE,BATS,FUND_ETF_ETN,,,,,,,,UNMEASURED,False,
PBE,ARCA,FUND_ETF_ETN,,,,,,,,UNMEASURED,False,
PBEU,NASDAQ,FUND_ETF_ETN,,,,,,,,UNMEASURED,False,
PBF,NYSE,ELIGIBLE,73.69,297779133.27849996,4008190.1,1.0,0.9641,16.09,17.66,D-1,True,436
PBFB,BATS,FUND_ETF_ETN,,,,,,,,UNMEASURED,False,
PBFR,BATS,FUND_ETF_ETN,,,,,,,,UNMEASURED,False,
PBFS,NASDAQ,ELIGIBLE,17.67,309827.4125,17209.25,1.0,0.0436,0.0,227.53,D-1,False,
PBH,NYSE,ELIGIBLE,46.61,28179532.6065,588274.0,1.0,0.5923,2.15,15.22,D-1,True,1901
PBHC,NASDAQ,ELIGIBLE,17.35,82519.98389,5044.8,1.0,0.0077,0.06,159.78,D-1,False,
PBI,NYSE,ELIGIBLE,16.38,28856077.882999998,1695402.95,1.0,0.7231,3.05,6.12,D-1,True,1886
PBI.PRB,NYSE,MALFORMED_OR_NON_COMMON_SYMBOL,,,,,,,,UNMEASURED,False,
PBJ,ARCA,FUND_ETF_ETN,,,,,,,,UNMEASURED,False,
PBJA,BATS,FUND_ETF_ETN,,,,,,,,UNMEASURED,False,
PBJL,BATS,FUND_ETF_ETN,,,,,,,,UNMEASURED,False,
PBJN,BATS,FUND_ETF_ETN,,,,,,,,UNMEASURED,False,
PBK,NASDAQ,ELIGIBLE,0.263,456891.70538999996,1310383.15,1.0,0.5,0.0,193.84,D-1,False,
PBL,BATS,FUND_ETF_ETN,,,,,,,,UNMEASURED,False,
PBLA,OTC,NOT_TRADABLE,,,,,,,,UNMEASURED,False,
PBLS,NASDAQ,ELIGIBLE,31.2,43917330.310499996,1132880.45,1.0,0.8385,18.43,76.74,D-1,True,1595
PBM,NASDAQ,ELIGIBLE,5.56,536827.91175,92180.0,1.0,0.1949,0.0,268.06,D-1,False,
PBMR,BATS,FUND_ETF_ETN,,,,,,,,UNMEASURED,False,
PBMWW,NASDAQ,WARRANT,,,,,,,,UNMEASURED,False,
PBMY,BATS,FUND_ETF_ETN,,,,,,,,UNMEASURED,False,
PBNV,BATS,FUND_ETF_ETN,,,,,,,,UNMEASURED,False,
PBOC,BATS,FUND_ETF_ETN,,,,,,,,UNMEASURED,False,
PBOG,NASDAQ,FUND_ETF_ETN,,,,,,,,UNMEASURED,False,
PBOT,ARCA,FUND_ETF_ETN,,,,,,,,UNMEASURED,False,
PBP,BATS,FUND_ETF_ETN,,,,,,,,UNMEASURED,False,
PBPH,NASDAQ,FUND_ETF_ETN,,,,,,,,UNMEASURED,False,
PBQQ,NASDAQ,FUND_ETF_ETN,,,,,,,,UNMEASURED,False,
PBR,NYSE,ELIGIBLE,20.37,460756777.125,22276409.75,1.0,0.9974,7.36,4.91,D-1,True,262
PBR.A,NYSE,ELIGIBLE,18.52,138165099.6915,7389728.75,1.0,0.9949,5.41,5.4,D-1,True,813
PBRG,NASDAQ,FUND_ETF_ETN,,,,,,,,UNMEASURED,False,
PBSC,NASDAQ,FUND_ETF_ETN,,,,,,,,UNMEASURED,False,
PBSE,BATS,FUND_ETF_ETN,,,,,,,,UNMEASURED,False,
PBT,NYSE,ELIGIBLE,33.53,3442559.2924999995,99358.85,1.0,0.1846,0.0,92.71,D-1,True,3255
PBTP,BATS,FUND_ETF_ETN,,,,,,,,UNMEASURED,False,
PBUB,NASDAQ,FUND_ETF_ETN,,,,,,,,UNMEASURED,False,
PBUS,BATS,FUND_ETF_ETN,,,,,,,,UNMEASURED,False,
PBW,ARCA,FUND_ETF_ETN,,,,,,,,UNMEASURED,False,
PBWN,NASDAQ,FUND_ETF_ETN,,,,,,,,UNMEASURED,False,
PBYI,NASDAQ,ELIGIBLE,9.77,2889583.9689999996,306912.95,1.0,0.4949,0.0,15.43,D-1,True,3348
PC,NASDAQ,ELIGIBLE,9.4,0.0,0.0,1.0,0.0,,,UNMEASURED,False,
PCAP,NASDAQ,ELIGIBLE,10.38,355960.0735,34339.6,1.0,0.0051,2.41,,UNMEASURED,False,
PCAPU,NASDAQ,UNIT,,,,,,,,UNMEASURED,False,
PCAPW,NASDAQ,WARRANT,,,,,,,,UNMEASURED,False,
PCAR,NASDAQ,ELIGIBLE,111.31,402428207.5495,3410583.35,1.0,0.9949,5.4,2.24,D-1,True,310
PCB,NASDAQ,ELIGIBLE,27.71,827658.455,29873.15,1.0,0.0949,0.0,127.84,D-1,False,
PCEB,ARCA,FUND_ETF_ETN,,,,,,,,UNMEASURED,False,
PCEF,ARCA,FUND_ETF_ETN,,,,,,,,UNMEASURED,False,
PCF,NYSE,FUND_ETF_ETN,,,,,,,,UNMEASURED,False,
PCFI,ARCA,FUND_ETF_ETN,,,,,,,,UNMEASURED,False,
PCG,NYSE,ELIGIBLE,12.34,845075538.8610001,61231178.3,1.0,1.0,11.57,8.17,D-1,True,141
PCHI,ARCA,FUND_ETF_ETN,,,,,,,,UNMEASURED,False,
PCI,BATS,FUND_ETF_ETN,,,,,,,,UNMEASURED,False,
PCL,BATS,FUND_ETF_ETN,,,,,,,,UNMEASURED,False,
PCLA,NASDAQ,ELIGIBLE,7.47,6668051.2924999995,693645.55,1.0,0.1179,0.0,363.63,D-1,True,2867
PCLC,ARCA,FUND_ETF_ETN,,,,,,,,UNMEASURED,False,
PCLG,ARCA,FUND_ETF_ETN,,,,,,,,UNMEASURED,False,
PCLN,ARCA,FUND_ETF_ETN,,,,,,,,UNMEASURED,False,
PCLO,ARCA,FUND_ETF_ETN,,,,,,,,UNMEASURED,False,
PCM,NYSE,FUND_ETF_ETN,,,,,,,,UNMEASURED,False,
PCMM,NASDAQ,FUND_ETF_ETN,,,,,,,,UNMEASURED,False,
PCN,NYSE,FUND_ETF_ETN,,,,,,,,UNMEASURED,False,
PCOR,NYSE,ELIGIBLE,49.3,134165066.1025,2471034.65,1.0,0.9538,6.08,18.17,D-1,True,825
PCOV,BATS,FUND_ETF_ETN,,,,,,,,UNMEASURED,False,
PCPC,BATS,FUND_ETF_ETN,,,,,,,,UNMEASURED,False,
PCPI,NASDAQ,FUND_ETF_ETN,,,,,,,,UNMEASURED,False,
PCPP,BATS,FUND_ETF_ETN,,,,,,,,UNMEASURED,False,
PCQ,NYSE,FUND_ETF_ETN,,,,,,,,UNMEASURED,False,
PCR,ARCA,FUND_ETF_ETN,,,,,,,,UNMEASURED,False,
PCRHY,OTC,NOT_LISTED_EXCHANGE,,,,,,,,UNMEASURED,False,
PCRX,NASDAQ,ELIGIBLE,25.12,13864146.381000001,546643.55,1.0,0.4846,0.0,19.87,D-1,True,2394
PCS,BATS,FUND_ETF_ETN,,,,,,,,UNMEASURED,False,
PCSA,NASDAQ,ELIGIBLE,1.84,46281.903325,23771.75,1.0,0.0256,0.0,,UNMEASURED,False,
PCSG,ARCA,FUND_ETF_ETN,,,,,,,,UNMEASURED,False,
PCT,NASDAQ,ELIGIBLE,5.02,22281861.1195,3929303.6,1.0,0.9949,19.51,19.78,D-1,True,2070
PCTTU,NASDAQ,UNIT,,,,,,,,UNMEASURED,False,
PCTTW,NASDAQ,WARRANT,,,,,,,,UNMEASURED,False,
PCTY,NASDAQ,ELIGIBLE,143.35,97757869.58500001,662077.55,1.0,0.6974,2.6,18.52,D-1,True,1006
PCVX,NASDAQ,ELIGIBLE,56.21,80506004.0765,1360348.95,1.0,0.8564,5.33,29.8,D-1,True,1129
PCY,ARCA,FUND_ETF_ETN,,,,,,,,UNMEASURED,False,
PCYO,NASDAQ,ELIGIBLE,10.87,992159.1592499999,89558.1,1.0,0.1923,0.0,32.44,D-1,False,
PD,NYSE,ELIGIBLE,14.38,25299159.919999998,1787891.3,1.0,0.8667,6.84,17.06,D-1,True,1980
PDBA,NASDAQ,FUND_ETF_ETN,,,,,,,,UNMEASURED,False,
PDBC,NASDAQ,FUND_ETF_ETN,,,,,,,,UNMEASURED,False,
PDC,NASDAQ,ELIGIBLE,3.28,143422.7125,43875.45,1.0,0.1487,0.0,257.64,D-1,False,
PDCC,NYSE,ELIGIBLE,8.7002,19252.623435,2172.85,1.0,0.0154,0.0,338.98,D-1,False,
PDD,NASDAQ,ELIGIBLE,77.57,549089996.273,6854117.3,1.0,0.9872,3.85,2.58,D-1,True,217
PDDL,NASDAQ,FUND_ETF_ETN,,,,,,,,UNMEASURED,False,
PDEC,BATS,FUND_ETF_ETN,,,,,,,,UNMEASURED,False,
PDEX,NASDAQ,ELIGIBLE,71.77,5312451.74125,78927.4,1.0,0.1923,0.0,144.04,D-1,True,3012
PDFS,NASDAQ,ELIGIBLE,49.55,28849658.585,639925.55,1.0,0.5769,2.04,28.53,D-1,True,1887
PDI,NYSE,FUND_ETF_ETN,,,,,,,,UNMEASURED,False,
PDLB,NASDAQ,ELIGIBLE,20.34,1686148.0829999999,82899.75,1.0,0.2051,0.0,49.2,D-1,True,3642
PDM,NYSE,ELIGIBLE,9.17,19024602.7275,2017686.7,1.0,0.7026,5.37,10.93,D-1,True,2183
PDN,ARCA,FUND_ETF_ETN,,,,,,,,UNMEASURED,False,
PDO,NYSE,FUND_ETF_ETN,,,,,,,,UNMEASURED,False,
PDP,NASDAQ,FUND_ETF_ETN,,,,,,,,UNMEASURED,False,
PDPA,NYSE,PREFERRED,,,,,,,,UNMEASURED,False,
PDS,NYSE,ELIGIBLE,81.87,8040158.3675,91118.5,1.0,0.2128,0.0,38.48,D-1,True,2753
PDSB,NASDAQ,ELIGIBLE,0.7971,35045777.583245,64869326.3,1.0,0.8744,6.34,21.18,D-1,False,
PDT,NYSE,FUND_ETF_ETN,,,,,,,,UNMEASURED,False,
PDX,NYSE,FUND_ETF_ETN,,,,,,,,UNMEASURED,False,
PDYN,NASDAQ,ELIGIBLE,5.39,4465139.7245,793336.05,1.0,0.7744,9.11,18.62,D-1,True,3112
PEARQ,OTC,NOT_TRADABLE,,,,,,,,UNMEASURED,False,
PEB,NYSE,ELIGIBLE,18.42,41879824.413,2319791.35,1.0,0.9846,8.16,8.16,D-1,True,1624
PEB.PRE,NYSE,MALFORMED_OR_NON_COMMON_SYMBOL,,,,,,,,UNMEASURED,False,
PEB.PRF,NYSE,MALFORMED_OR_NON_COMMON_SYMBOL,,,,,,,,UNMEASURED,False,
PEB.PRG,NYSE,MALFORMED_OR_NON_COMMON_SYMBOL,,,,,,,,UNMEASURED,False,
PEB.PRH,NYSE,MALFORMED_OR_NON_COMMON_SYMBOL,,,,,,,,UNMEASURED,False,
PEBK,NASDAQ,ELIGIBLE,43.24,1015347.8125,23177.7,1.0,0.0385,0.0,89.4,D-1,True,3919
PEBO,NASDAQ,ELIGIBLE,39.22,11279929.8965,285903.0,1.0,0.4692,0.0,7.63,D-1,True,2532
PECE,NASDAQ,ELIGIBLE,10.005,702657.3277499999,70220.25,1.0,0.0,,,UNMEASURED,False,
PECER,NASDAQ,RIGHT,,,,,,,,UNMEASURED,False,
PECEU,NASDAQ,UNIT,,,,,,,,UNMEASURED,False,
PECEW,NASDAQ,WARRANT,,,,,,,,UNMEASURED,False,
PECO,NASDAQ,ELIGIBLE,37.39,37823807.51,997333.5,1.0,0.8692,2.7,4.05,D-1,True,1702
PED,AMEX,ELIGIBLE,13.11,506289.13200000004,34845.95,1.0,0.0615,0.0,217.33,D-1,False,
PEG,NYSE,ELIGIBLE,67.02,248402899.39000002,3494004.95,1.0,0.9897,3.77,2.62,D-1,True,520
PEGA,NASDAQ,ELIGIBLE,33.745,86008684.73425,2373246.15,1.0,0.8538,2.93,10.19,D-1,True,1084
PEJ,ARCA,FUND_ETF_ETN,,,,,,,,UNMEASURED,False,
PEMX,ARCA,FUND_ETF_ETN,,,,,,,,UNMEASURED,False,
PEN,NYSE,ELIGIBLE,318.89,122357815.238,382972.1,1.0,0.6667,0.63,3.92,D-1,True,881
PENG,NASDAQ,ELIGIBLE,56.22,74357118.55399999,1455003.1,1.0,0.9436,10.81,16.25,D-1,True,1183
PENN,NASDAQ,ELIGIBLE,15.65,50406420.683,3004619.15,1.0,0.9872,9.68,6.45,D-1,True,1489
PENU,BATS,FUND_ETF_ETN,,,,,,,,UNMEASURED,False,
PEO,NYSE,FUND_ETF_ETN,,,,,,,,UNMEASURED,False,
PEP,NASDAQ,ELIGIBLE,128.63,1204002220.4305,8953212.6,1.0,1.0,4.67,1.56,D-1,True,91
PEPG,NASDAQ,ELIGIBLE,2.59,1905203.3855,637167.1,1.0,0.8564,0.0,37.95,D-1,True,3579
PEPS,NASDAQ,FUND_ETF_ETN,,,,,,,,UNMEASURED,False,
PERF,NYSE,ELIGIBLE,1.9,325380.1835,169333.65,1.0,0.3128,0.0,52.5,D-1,False,
PERI,NASDAQ,ELIGIBLE,8.59,5764980.812,635790.65,1.0,0.5513,0.0,11.48,D-1,True,2969
PESI,NASDAQ,ELIGIBLE,15.65,5455893.6365,313295.4,1.0,0.6128,3.18,60.55,D-1,True,3001
PETS,NASDAQ,ELIGIBLE,1.53,196302.44225000002,118395.15,1.0,0.2282,0.0,65.15,D-1,False,
PETV,OTC,NOT_TRADABLE,,,,,,,,UNMEASURED,False,
PETVW,OTC,NOT_TRADABLE,,,,,,,,UNMEASURED,False,
PETWQ,OTC,NOT_TRADABLE,,,,,,,,UNMEASURED,False,
PETZ,NASDAQ,ELIGIBLE,1.35,1489936.9241,1114847.45,1.0,0.0077,0.0,,UNMEASURED,True,3700
PEVC,ARCA,FUND_ETF_ETN,,,,,,,,UNMEASURED,False,
PEVM,OTC,NOT_TRADABLE,,,,,,,,UNMEASURED,False,
PEW,NYSE,ELIGIBLE,2.16,418536.9385,188734.55,1.0,0.2256,0.0,46.41,D-1,False,
PEW.WS,NYSE,MALFORMED_OR_NON_COMMON_SYMBOL,,,,,,,,UNMEASURED,False,
PEX,BATS,FUND_ETF_ETN,,,,,,,,UNMEASURED,False,
PEXL,ARCA,FUND_ETF_ETN,,,,,,,,UNMEASURED,False,
PEY,NASDAQ,FUND_ETF_ETN,,,,,,,,UNMEASURED,False,
PEZ,NASDAQ,FUND_ETF_ETN,,,,,,,,UNMEASURED,False,
PFAI,NASDAQ,ELIGIBLE,2.99,1747.581478,617.1,1.0,0.0026,0.0,,UNMEASURED,False,
PFBC,NASDAQ,PREFERRED,,,,,,,,UNMEASURED,False,
PFD,NYSE,FUND_ETF_ETN,,,,,,,,UNMEASURED,False,
PFDE,NASDAQ,FUND_ETF_ETN,,,,,,,,UNMEASURED,False,
PFE,NYSE,ELIGIBLE,28.67,942802056.5020001,33602431.8,1.0,1.0,5.32,3.53,D-1,True,114
PFEB,BATS,FUND_ETF_ETN,,,,,,,,UNMEASURED,False,
PFF,NASDAQ,FUND_ETF_ETN,,,,,,,,UNMEASURED,False,
PFFA,ARCA,FUND_ETF_ETN,,,,,,,,UNMEASURED,False,
PFFD,ARCA,FUND_ETF_ETN,,,,,,,,UNMEASURED,False,
PFFL,ARCA,FUND_ETF_ETN,,,,,,,,UNMEASURED,False,
PFFR,ARCA,FUND_ETF_ETN,,,,,,,,UNMEASURED,False,
PFFV,ARCA,FUND_ETF_ETN,,,,,,,,UNMEASURED,False,
PFG,NASDAQ,ELIGIBLE,114.77,178289896.19175,1547152.35,1.0,0.9487,3.48,7.65,D-1,True,676
PFGC,NYSE,ELIGIBLE,91.55,141516628.59100002,1504185.25,1.0,0.9205,3.28,8.23,D-1,True,794
PFH,NYSE,NOTE_DEBT,,,,,,,,UNMEASURED,False,
PFI,NASDAQ,FUND_ETF_ETN,,,,,,,,UNMEASURED,False,
PFIG,ARCA,FUND_ETF_ETN,,,,,,,,UNMEASURED,False,
PFIS,NASDAQ,ELIGIBLE,69.8,4013092.529,56888.1,1.0,0.0872,0.0,65.92,D-1,True,3177
PFIX,ARCA,FUND_ETF_ETN,,,,,,,,UNMEASURED,False,
PFL,NYSE,FUND_ETF_ETN,,,,,,,,UNMEASURED,False,
PFLA,NYSE,NOTE_DEBT,,,,,,,,UNMEASURED,False,
PFLD,ARCA,FUND_ETF_ETN,,,,,,,,UNMEASURED,False,
PFLT,NYSE,ELIGIBLE,6.99,5156860.2215,716884.0,1.0,0.6308,0.0,14.36,D-1,True,3027
PFM,NASDAQ,FUND_ETF_ETN,,,,,,,,UNMEASURED,False,
PFN,NYSE,FUND_ETF_ETN,,,,,,,,UNMEASURED,False,
PFO,NYSE,FUND_ETF_ETN,,,,,,,,UNMEASURED,False,
PFOE,NASDAQ,FUND_ETF_ETN,,,,,,,,UNMEASURED,False,
PFRL,ARCA,FUND_ETF_ETN,,,,,,,,UNMEASURED,False,
PFRX,ARCA,FUND_ETF_ETN,,,,,,,,UNMEASURED,False,
PFS,NYSE,ELIGIBLE,22.84,19799835.069,855549.65,1.0,0.7795,2.18,4.38,D-1,True,2155
PFSA,NASDAQ,ELIGIBLE,2.18,13604668.651999999,4670167.8,1.0,0.8923,45.44,136.37,D-1,True,2408
PFSI,NYSE,ELIGIBLE,65.46,40104986.947500005,582679.7,1.0,0.6231,1.52,16.8,D-1,True,1658
PFX,NASDAQ,ELIGIBLE,45.59,389242.896985,8496.4,1.0,0.0154,0.0,396.33,D-1,False,
PFXF,ARCA,FUND_ETF_ETN,,,,,,,,UNMEASURED,False,
PFXNZ,NASDAQ,NOTE_DEBT,,,,,,,,UNMEASURED,False,
PG,NYSE,ELIGIBLE,146.23,1177410089.299,8073741.05,1.0,1.0,4.09,2.4,D-1,True,93
PGAC,NASDAQ,ELIGIBLE,10.71,15721.470000000001,1463.4,1.0,0.0,,,UNMEASURED,False,
PGACR,NASDAQ,RIGHT,,,,,,,,UNMEASURED,False,
PGACU,NASDAQ,UNIT,,,,,,,,UNMEASURED,False,
PGC,NASDAQ,ELIGIBLE,45.03,5781152.0195,127665.25,1.0,0.2128,0.0,37.76,D-1,True,2967
PGEN,NASDAQ,ELIGIBLE,7.75,31611474.013749998,4273993.8,1.0,0.9923,13.01,12.94,D-1,True,1813
PGF,ARCA,FUND_ETF_ETN,,,,,,,,UNMEASURED,False,
PGHY,ARCA,FUND_ETF_ETN,,,,,,,,UNMEASURED,False,
PGJ,NASDAQ,FUND_ETF_ETN,,,,,,,,UNMEASURED,False,
PGNY,NASDAQ,ELIGIBLE,25.44,29905464.938,1121728.05,1.0,0.7615,3.86,10.71,D-1,True,1856
PGP,NYSE,FUND_ETF_ETN,,,,,,,,UNMEASURED,False,
PGR,NYSE,ELIGIBLE,205.5,554928906.5385001,2604027.45,1.0,0.9974,5.64,4.41,D-1,True,211
PGRI,ARCA,FUND_ETF_ETN,,,,,,,,UNMEASURED,False,
PGRO,ARCA,FUND_ETF_ETN,,,,,,,,UNMEASURED,False,
PGX,ARCA,FUND_ETF_ETN,,,,,,,,UNMEASURED,False,
PGY,NASDAQ,ELIGIBLE,17.62,49404961.308,2413123.9,1.0,0.9949,14.09,11.17,D-1,True,1502
PGYWW,NASDAQ,WARRANT,,,,,,,,UNMEASURED,False,
PGZ,NYSE,FUND_ETF_ETN,,,,,,,,UNMEASURED,False,
PH,NYSE,ELIGIBLE,978.33,580962735.824,608710.4,1.0,0.8897,5.59,18.79,D-1,True,203
PHAR,NASDAQ,ELIGIBLE,10.46,392726.84525,36264.55,1.0,0.1256,0.0,90.71,D-1,False,
PHASQ,OTC,NOT_TRADABLE,,,,,,,,UNMEASURED,False,
PHAT,NASDAQ,ELIGIBLE,7.3,10480303.86425,1273209.95,1.0,0.8308,6.85,27.49,D-1,True,2587
PHCFF,OTC,NOT_TRADABLE,,,,,,,,UNMEASURED,False,
PHDG,ARCA,FUND_ETF_ETN,,,,,,,,UNMEASURED,False,
PHEQ,ARCA,FUND_ETF_ETN,,,,,,,,UNMEASURED,False,
PHG,NYSE,ELIGIBLE,24.96,19006078.1445,753529.9,1.0,0.8769,2.01,4.03,D-1,True,2184
PHI,NYSE,ELIGIBLE,17.2,2632093.9119999995,146964.7,1.0,0.3949,0.0,26.17,D-1,True,3393
PHIN,NYSE,ELIGIBLE,62.04,25017211.3015,393304.05,1.0,0.459,1.63,29.7,D-1,True,1994
PHIO,NASDAQ,ELIGIBLE,1.01,151020.548935,143585.45,1.0,0.1128,0.0,197.29,D-1,False,
PHK,NYSE,FUND_ETF_ETN,,,,,,,,UNMEASURED,False,
PHM,NYSE,ELIGIBLE,119.85,194209828.541,1618033.35,1.0,0.9103,3.8,12.61,D-1,True,636
PHO,NASDAQ,FUND_ETF_ETN,,,,,,,,UNMEASURED,False,
PHOE,NASDAQ,ELIGIBLE,19.99,162240.30962,7868.4,1.0,0.0154,0.0,652.6,D-1,False,
PHOS,NASDAQ,ELIGIBLE,16.15,718242.1934999999,44919.55,1.0,0.0974,0.0,315.47,D-1,False,
PHOX,ARCA,FUND_ETF_ETN,,,,,,,,UNMEASURED,False,
PHR,NYSE,ELIGIBLE,10.15,7998721.1325,757457.15,1.0,0.6615,4.94,14.82,D-1,True,2756
PHUN,NASDAQ,ELIGIBLE,1.97,192369.091,95419.25,1.0,0.1564,0.0,151.9,D-1,False,
PHVS,NASDAQ,ELIGIBLE,32.02,40308823.688,1092698.4,1.0,0.6154,0.92,45.91,D-1,True,1657
PHYL,ARCA,FUND_ETF_ETN,,,,,,,,UNMEASURED,False,
PHYS,ARCA,ELIGIBLE,32.35,152312922.2985,4633605.75,1.0,0.9256,2.16,3.1,D-1,True,753
PI,NASDAQ,ELIGIBLE,178.28,71951072.4395,409684.1,1.0,0.5077,1.53,44.62,D-1,True,1213
PICB,ARCA,FUND_ETF_ETN,,,,,,,,UNMEASURED,False,
PICK,BATS,FUND_ETF_ETN,,,,,,,,UNMEASURED,False,
PICS,NASDAQ,ELIGIBLE,8.69,4393827.40825,427057.85,1.0,0.8821,11.47,45.84,D-1,True,3124
PID,NASDAQ,FUND_ETF_ETN,,,,,,,,UNMEASURED,False,
PIE,NASDAQ,FUND_ETF_ETN,,,,,,,,UNMEASURED,False,
PIEL,BATS,FUND_ETF_ETN,,,,,,,,UNMEASURED,False,
PIEQ,BATS,FUND_ETF_ETN,,,,,,,,UNMEASURED,False,
PIFI,ARCA,FUND_ETF_ETN,,,,,,,,UNMEASURED,False,
PIFMY,OTC,NOT_LISTED_EXCHANGE,,,,,,,,UNMEASURED,False,
PII,NYSE,ELIGIBLE,53.03,47203088.715,819959.7,1.0,0.7538,1.89,17.12,D-1,True,1535
PIII,NASDAQ,ELIGIBLE,7.05,158862.57450000002,18691.15,1.0,0.0282,0.0,,UNMEASURED,False,
PIIIW,NASDAQ,WARRANT,,,,,,,,UNMEASURED,False,
PIKM,OTC,NOT_TRADABLE,,,,,,,,UNMEASURED,False,
PILL,ARCA,FUND_ETF_ETN,,,,,,,,UNMEASURED,False,
PIM,NYSE,ELIGIBLE,3.02,212152.08250000002,68836.35,1.0,0.059,0.0,33.17,D-1,False,
PINC,BATS,FUND_ETF_ETN,,,,,,,,UNMEASURED,False,
PINE,NYSE,ELIGIBLE,17.07,2743741.302,150893.8,1.0,0.4744,0.0,62.4,D-1,True,3368
PINE.PRA,NYSE,MALFORMED_OR_NON_COMMON_SYMBOL,,,,,,,,UNMEASURED,False,
PINK,ARCA,FUND_ETF_ETN,,,,,,,,UNMEASURED,False,
PINS,NYSE,ELIGIBLE,18.9,302220205.7605,15600028.7,1.0,1.0,7.94,5.3,D-1,True,427
PIO,NASDAQ,FUND_ETF_ETN,,,,,,,,UNMEASURED,False,
PIPE,BATS,FUND_ETF_ETN,,,,,,,,UNMEASURED,False,
PIPR,NYSE,ELIGIBLE,72.34,49988041.998500004,674531.75,1.0,0.6256,2.76,15.32,D-1,True,1496
PIT,BATS,FUND_ETF_ETN,,,,,,,,UNMEASURED,False,
PITEF,OTC,NOT_TRADABLE,,,,,,,,UNMEASURED,False,
PITWF,OTC,NOT_TRADABLE,,,,,,,,UNMEASURED,False,
PIZ,NASDAQ,FUND_ETF_ETN,,,,,,,,UNMEASURED,False,
PJAN,BATS,FUND_ETF_ETN,,,,,,,,UNMEASURED,False,
PJFG,ARCA,FUND_ETF_ETN,,,,,,,,UNMEASURED,False,
PJFM,BATS,FUND_ETF_ETN,,,,,,,,UNMEASURED,False,
PJFV,ARCA,FUND_ETF_ETN,,,,,,,,UNMEASURED,False,
PJIN,ARCA,FUND_ETF_ETN,,,,,,,,UNMEASURED,False,
PJIO,ARCA,FUND_ETF_ETN,,,,,,,,UNMEASURED,False,
PJP,ARCA,FUND_ETF_ETN,,,,,,,,UNMEASURED,False,
PJSM,ARCA,FUND_ETF_ETN,,,,,,,,UNMEASURED,False,
PJT,NYSE,ELIGIBLE,151.77,69655501.8545,425361.35,1.0,0.3744,0.66,27.87,D-1,True,1240
PJUL,BATS,FUND_ETF_ETN,,,,,,,,UNMEASURED,False,
PJUN,BATS,FUND_ETF_ETN,,,,,,,,UNMEASURED,False,
PJUS,BATS,FUND_ETF_ETN,,,,,,,,UNMEASURED,False,
PK,NYSE,ELIGIBLE,15.43,51427443.6005,3375389.85,1.0,0.9897,6.52,6.62,D-1,True,1472
PKB,ARCA,FUND_ETF_ETN,,,,,,,,UNMEASURED,False,
PKBK,NASDAQ,ELIGIBLE,33.77,1336225.574,39181.45,1.0,0.0923,0.0,148.93,D-1,True,3773
PKBO,OTC,NOT_TRADABLE,,,,,,,,UNMEASURED,False,
PKE,NYSE,ELIGIBLE,30.11,8228556.629000001,265653.2,1.0,0.3462,0.0,50.72,D-1,True,2739
PKG,NYSE,ELIGIBLE,237.18,143282671.831,611571.45,1.0,0.5359,0.63,14.92,D-1,True,784
PKOH,NASDAQ,ELIGIBLE,48.04,3045879.2435,66396.35,1.0,0.1564,0.0,107.93,D-1,True,3319
PKW,NASDAQ,FUND_ETF_ETN,,,,,,,,UNMEASURED,False,
PKX,NYSE,ELIGIBLE,56.95,12292305.9575,204224.4,1.0,0.3333,0.0,41.31,D-1,True,2476
PL,NYSE,ELIGIBLE,17.43,227290439.17600003,12911212.35,1.0,1.0,17.11,5.7,D-1,True,551
PLA,NASDAQ,FUND_ETF_ETN,,,,,,,,UNMEASURED,False,
PLAB,NASDAQ,ELIGIBLE,30.4,32175862.075999998,1131931.7,1.0,0.8385,3.3,11.58,D-1,True,1799
PLAG,AMEX,ELIGIBLE,0.68,2157670.445495,3172346.55,1.0,0.1872,0.0,187.25,D-1,False,
PLAOF,OTC,NOT_TRADABLE,,,,,,,,UNMEASURED,False,
PLAY,NASDAQ,ELIGIBLE,6.62,25496287.4985,3392492.8,1.0,0.9179,7.62,15.18,D-1,True,1974
PLBC,NASDAQ,ELIGIBLE,62.29,3347963.17375,53798.4,1.0,0.0846,0.0,49.14,D-1,True,3266
PLBL,NASDAQ,ELIGIBLE,5.26,1293007.53975,227756.25,1.0,0.3385,0.0,83.34,D-1,True,3791
PLBY,NASDAQ,ELIGIBLE,1.03,599478.68175,534686.15,1.0,0.6154,0.0,95.69,D-1,False,
PLCE,NASDAQ,ELIGIBLE,2.16,632686.819,281429.5,1.0,0.1821,0.0,68.34,D-1,False,
PLCI,NASDAQ,ELIGIBLE,9.8901,48911.313595,4944.55,1.0,0.0,,,UNMEASURED,False,
PLCIR,NASDAQ,RIGHT,,,,,,,,UNMEASURED,False,
PLCIU,NASDAQ,UNIT,,,,,,,,UNMEASURED,False,
PLD,NYSE,ELIGIBLE,133.05,445319211.73050004,3272439.15,1.0,0.9949,4.14,4.5,D-1,True,275
PLG,AMEX,ELIGIBLE,1.32,1646719.6945,1131861.05,1.0,0.6103,0.0,75.76,D-1,True,3661
PLGI,BATS,FUND_ETF_ETN,,,,,,,,UNMEASURED,False,
PLGO,NYSE,ELIGIBLE,23.96,11036109.068,453251.0,1.0,0.8051,2.08,4.17,D-1,True,2555
PLIB,BATS,FUND_ETF_ETN,,,,,,,,UNMEASURED,False,
PLMK,NASDAQ,ELIGIBLE,10.72,7556.2865,707.8,1.0,0.0026,0.0,,UNMEASURED,False,
PLMKU,NASDAQ,UNIT,,,,,,,,UNMEASURED,False,
PLMKW,NASDAQ,WARRANT,,,,,,,,UNMEASURED,False,
PLMR,NASDAQ,ELIGIBLE,123.99,29775875.196499996,222686.65,1.0,0.3692,0.2,23.67,D-1,True,1862
PLNT,NYSE,ELIGIBLE,42.68,116469893.276,2483144.2,1.0,0.9821,11.75,15.55,D-1,True,903
PLOW,NYSE,ELIGIBLE,39.74,7301163.4,180329.65,1.0,0.2462,0.0,61.72,D-1,True,2808
PLPC,NASDAQ,ELIGIBLE,423.33,28787494.295999996,70434.85,1.0,0.2974,1.16,103.44,D-1,True,1889
PLRX,NASDAQ,ELIGIBLE,1.08,455300.81825,405214.5,1.0,0.3487,0.0,91.34,D-1,False,
PLRZ,NASDAQ,ELIGIBLE,10.775,934626.7205,76894.15,1.0,0.0077,0.0,431.88,D-1,False,
PLSE,NASDAQ,ELIGIBLE,51.63,37298613.1285,713035.4,1.0,0.741,5.87,53.81,D-1,True,1714
PLSM,NASDAQ,ELIGIBLE,2.41,255639.12849999996,103685.35,1.0,0.0949,0.0,437.38,D-1,False,
PLTA,ARCA,FUND_ETF_ETN,,,,,,,,UNMEASURED,False,
PLTD,NASDAQ,FUND_ETF_ETN,,,,,,,,UNMEASURED,False,
PLTG,NASDAQ,FUND_ETF_ETN,,,,,,,,UNMEASURED,False,
PLTK,NASDAQ,ELIGIBLE,2.13,2725141.606,1209102.05,1.0,0.4974,0.0,46.09,D-1,True,3373
PLTL,BATS,FUND_ETF_ETN,,,,,,,,UNMEASURED,False,
PLTM,ARCA,ELIGIBLE,17.04,2422424.789,140548.85,1.0,0.2154,0.0,11.75,D-1,True,3446
PLTR,NASDAQ,ELIGIBLE,189.67,4710320285.437,26388269.8,1.0,1.0,10.82,5.22,D-1,True,17
PLTU,NASDAQ,FUND_ETF_ETN,,,,,,,,UNMEASURED,False,
PLTW,BATS,FUND_ETF_ETN,,,,,,,,UNMEASURED,False,
PLTY,ARCA,FUND_ETF_ETN,,,,,,,,UNMEASURED,False,
PLTZ,NASDAQ,FUND_ETF_ETN,,,,,,,,UNMEASURED,False,
PLU,BATS,FUND_ETF_ETN,,,,,,,,UNMEASURED,False,
PLUG,NASDAQ,ELIGIBLE,1.98,97350661.292,46323213.95,1.0,1.0,50.29,50.51,D-1,True,1010
PLUL,NASDAQ,FUND_ETF_ETN,,,,,,,,UNMEASURED,False,
PLUN,NYSE,ELIGIBLE,10.08,250840.1265,24916.2,1.0,0.0026,0.0,14.9,D-1,False,
PLUN.RT,NYSE,MALFORMED_OR_NON_COMMON_SYMBOL,,,,,,,,UNMEASURED,False,
PLUN.U,NYSE,RIGHT,,,,,,,,UNMEASURED,False,
PLUR,NASDAQ,ELIGIBLE,1.01,24679.84738,19745.8,1.0,0.0282,0.0,,UNMEASURED,False,
PLUS,NASDAQ,ELIGIBLE,90.51,20949645.98025,230960.0,1.0,0.1821,0.0,54.78,D-1,True,2118
PLUT,NASDAQ,ELIGIBLE,2.11,978.4800000000001,392.8,1.0,0.0026,0.0,,UNMEASURED,False,
PLX,AMEX,ELIGIBLE,2.72,1874903.7545000003,698958.05,1.0,0.6205,0.0,36.7,D-1,True,3586
PLXS,NASDAQ,ELIGIBLE,263.09,54358369.813999996,218695.5,1.0,0.4564,0.0,25.68,D-1,True,1425
PLYX,NASDAQ,ELIGIBLE,2.09,72983.99925000001,35557.4,1.0,0.041,0.0,238.66,D-1,False,
PLYY,NASDAQ,FUND_ETF_ETN,,,,,,,,UNMEASURED,False,
PM,NYSE,ELIGIBLE,190.48,835991253.2135,4417355.45,1.0,0.9769,5.28,10.87,D-1,True,142
PMA,NASDAQ,ELIGIBLE,1.33,72919.285375,58203.8,1.0,0.0359,0.0,,UNMEASURED,False,
PMAP,BATS,FUND_ETF_ETN,,,,,,,,UNMEASURED,False,
PMAR,BATS,FUND_ETF_ETN,,,,,,,,UNMEASURED,False,
PMAU,BATS,FUND_ETF_ETN,,,,,,,,UNMEASURED,False,
PMAX,NASDAQ,ELIGIBLE,1.62,4947469.87441,3044189.5,1.0,0.8564,77.02,215.93,D-1,True,3053
PMAY,BATS,FUND_ETF_ETN,,,,,,,,UNMEASURED,False,
PMBS,NASDAQ,FUND_ETF_ETN,,,,,,,,UNMEASURED,False,
PMCB,NASDAQ,ELIGIBLE,0.441,169372.478405,398553.6,1.0,0.1538,0.0,276.0,D-1,False,
PMDE,BATS,FUND_ETF_ETN,,,,,,,,UNMEASURED,False,
PMDI,OTC,NOT_TRADABLE,,,,,,,,UNMEASURED,False,
PMEC,NASDAQ,ELIGIBLE,0.6125,176311.74453999999,338032.25,1.0,0.0359,0.0,,UNMEASURED,False,
PMFB,BATS,FUND_ETF_ETN,,,,,,,,UNMEASURED,False,
PMI,AMEX,ELIGIBLE,4.62,2663175.365,458295.3,1.0,0.1103,0.0,235.29,D-1,True,3387
PMIO,ARCA,FUND_ETF_ETN,,,,,,,,UNMEASURED,False,
PMJA,BATS,FUND_ETF_ETN,,,,,,,,UNMEASURED,False,
PMJL,BATS,FUND_ETF_ETN,,,,,,,,UNMEASURED,False,
PMJN,BATS,FUND_ETF_ETN,,,,,,,,UNMEASURED,False,
PML,NYSE,FUND_ETF_ETN,,,,,,,,UNMEASURED,False,
PMM,NYSE,ELIGIBLE,5.57,759665.61475,130569.35,1.0,0.2923,0.0,36.07,D-1,False,
PMMF,NYSE,FUND_ETF_ETN,,,,,,,,UNMEASURED,False,
PMMR,BATS,FUND_ETF_ETN,,,,,,,,UNMEASURED,False,
PMMY,BATS,FUND_ETF_ETN,,,,,,,,UNMEASURED,False,
PMN,NASDAQ,ELIGIBLE,11.27,598404.66125,44842.95,1.0,0.0872,4.37,240.67,D-1,False,
PMNT,OTC,NOT_TRADABLE,,,,,,,,UNMEASURED,False,
PMNV,BATS,FUND_ETF_ETN,,,,,,,,UNMEASURED,False,
PMO,NYSE,ELIGIBLE,9.29,833765.13875,86308.2,1.0,0.2872,0.0,37.79,D-1,False,
PMOC,BATS,FUND_ETF_ETN,,,,,,,,UNMEASURED,False,
PMSE,BATS,FUND_ETF_ETN,,,,,,,,UNMEASURED,False,
PMT,NYSE,ELIGIBLE,8.33,14973198.465,1662941.95,1.0,0.9205,5.99,11.97,D-1,True,2342
PMT.PRA,NYSE,MALFORMED_OR_NON_COMMON_SYMBOL,,,,,,,,UNMEASURED,False,
PMT.PRB,NYSE,MALFORMED_OR_NON_COMMON_SYMBOL,,,,,,,,UNMEASURED,False,
PMT.PRC,NYSE,MALFORMED_OR_NON_COMMON_SYMBOL,,,,,,,,UNMEASURED,False,
PMTL,ARCA,FUND_ETF_ETN,,,,,,,,UNMEASURED,False,
PMTR,NASDAQ,ELIGIBLE,10.42,1185865.9992499999,113797.05,1.0,0.0026,0.0,,UNMEASURED,True,3842
PMTRU,NASDAQ,UNIT,,,,,,,,UNMEASURED,False,
PMTRW,NASDAQ,WARRANT,,,,,,,,UNMEASURED,False,
PMTS,NASDAQ,ELIGIBLE,24.75,6345140.0825000005,259211.65,1.0,0.241,4.07,49.92,D-1,True,2895
PMTU,NYSE,NOTE_DEBT,,,,,,,,UNMEASURED,False,
PMTV,NYSE,NOTE_DEBT,,,,,,,,UNMEASURED,False,
PMTW,NYSE,NOTE_DEBT,,,,,,,,UNMEASURED,False,
PMVP,NASDAQ,ELIGIBLE,1.33,1273073.1065,947802.75,1.0,0.5231,0.0,74.63,D-1,True,3800
PN,NASDAQ,ELIGIBLE,2.83,341872.86600000004,132848.55,1.0,0.1641,32.97,287.04,D-1,False,
PNAQ,NYSE,ELIGIBLE,9.95,247068.44999999998,24831.0,0.05,0.0769,0.0,70.8,D-1,False,
PNAQ.RT,NYSE,MALFORMED_OR_NON_COMMON_SYMBOL,,,,,,,,UNMEASURED,False,
PNAQ.U,NYSE,RIGHT,,,,,,,,UNMEASURED,False,
PNBK,NASDAQ,ELIGIBLE,1.0,234420.11556500001,233019.85,1.0,0.2744,0.0,144.64,D-1,False,
PNC,NYSE,ELIGIBLE,225.64,397317737.273,1687256.3,1.0,0.9513,4.24,9.34,D-1,True,315
PNFP,NYSE,ELIGIBLE,94.97,98906526.9975,1011391.35,1.0,0.7744,3.81,17.38,D-1,True,997
PNFP.PRA,NYSE,MALFORMED_OR_NON_COMMON_SYMBOL,,,,,,,,UNMEASURED,False,
PNFP.PRB,NYSE,MALFORMED_OR_NON_COMMON_SYMBOL,,,,,,,,UNMEASURED,False,
PNFP.PRC,NYSE,MALFORMED_OR_NON_COMMON_SYMBOL,,,,,,,,UNMEASURED,False,
PNGAY,OTC,NOT_LISTED_EXCHANGE,,,,,,,,UNMEASURED,False,
PNI,NYSE,FUND_ETF_ETN,,,,,,,,UNMEASURED,False,
PNNT,NYSE,ELIGIBLE,3.32,2049160.2525,572969.9,1.0,0.5282,0.0,30.26,D-1,True,3546
PNOV,BATS,FUND_ETF_ETN,,,,,,,,UNMEASURED,False,
PNQI,NASDAQ,FUND_ETF_ETN,,,,,,,,UNMEASURED,False,
PNR,NYSE,ELIGIBLE,53.66,223474884.981,3833628.7,1.0,0.9615,4.65,6.52,D-1,True,560
PNRG,NASDAQ,ELIGIBLE,208.67,23360293.376,110959.75,1.0,0.1128,8.78,115.0,D-1,True,2043
PNSTQ,OTC,NOT_TRADABLE,,,,,,,,UNMEASURED,False,
PNSWQ,OTC,NOT_TRADABLE,,,,,,,,UNMEASURED,False,
PNTG,NASDAQ,ELIGIBLE,40.77,14988325.4155,376649.1,1.0,0.3641,1.3,36.26,D-1,True,2341
PNW,NYSE,ELIGIBLE,91.74,96971130.7855,1020049.6,1.0,0.9128,2.6,4.39,D-1,True,1014
POAHY,OTC,NOT_LISTED_EXCHANGE,,,,,,,,UNMEASURED,False,
POAS,AMEX,ELIGIBLE,0.168,31017.524345,186319.85,1.0,0.0359,0.0,568.71,D-1,False,
POCI,NASDAQ,ELIGIBLE,4.63,181364.77175,40778.55,1.0,0.0949,0.0,117.03,D-1,False,
POCT,BATS,FUND_ETF_ETN,,,,,,,,UNMEASURED,False,
PODC,NASDAQ,ELIGIBLE,2.2,168079.16275,70365.8,1.0,0.2282,0.0,226.27,D-1,False,
PODD,NASDAQ,ELIGIBLE,136.13,247046324.21550003,1741308.7,1.0,0.9205,5.19,16.21,D-1,True,521
POEL,BATS,FUND_ETF_ETN,,,,,,,,UNMEASURED,False,
POET,NASDAQ,ELIGIBLE,7.77,63861846.140999995,8213861.6,1.0,0.9949,12.78,12.84,D-1,True,1299
POLA,NASDAQ,ELIGIBLE,1.31,135717.227,101616.2,1.0,0.0897,0.0,464.82,D-1,False,
POLCQ,OTC,NOT_TRADABLE,,,,,,,,UNMEASURED,False,
POLE,NASDAQ,ELIGIBLE,10.73,1592454.5189999999,148026.0,1.0,0.0128,0.0,9.32,D-1,True,3674
POLEU,NASDAQ,UNIT,,,,,,,,UNMEASURED,False,
POLEW,NASDAQ,WARRANT,,,,,,,,UNMEASURED,False,
POM,NASDAQ,ELIGIBLE,1.04,17311.502875,20151.05,1.0,0.0923,22.77,788.01,D-1,False,
PONO,NASDAQ,ELIGIBLE,10.02,707851.9944999999,70573.5,1.0,0.0,,,UNMEASURED,False,
PONOR,NASDAQ,RIGHT,,,,,,,,UNMEASURED,False,
PONOU,NASDAQ,UNIT,,,,,,,,UNMEASURED,False,
PONX,BATS,FUND_ETF_ETN,,,,,,,,UNMEASURED,False,
PONY,NASDAQ,ELIGIBLE,6.89,25100475.31775,3595592.8,1.0,0.9641,7.21,14.42,D-1,True,1991
POOL,NASDAQ,ELIGIBLE,164.91,147427717.1905,853760.2,1.0,0.9026,5.19,12.6,D-1,True,771
POR,NYSE,ELIGIBLE,46.85,55572857.1865,1162282.3,1.0,0.9154,3.26,6.46,D-1,True,1412
POST,NYSE,ELIGIBLE,73.15,79161188.2635,996658.2,1.0,0.8308,3.41,12.29,D-1,True,1140
POW,ARCA,FUND_ETF_ETN,,,,,,,,UNMEASURED,False,
POWA,ARCA,FUND_ETF_ETN,,,,,,,,UNMEASURED,False,
POWI,NASDAQ,ELIGIBLE,52.22,42825782.058,851554.85,1.0,0.8077,4.75,24.98,D-1,True,1611
POWL,NASDAQ,ELIGIBLE,189.53,102724786.1455,570326.0,1.0,0.9256,10.55,43.43,D-1,True,977
POWR,ARCA,FUND_ETF_ETN,,,,,,,,UNMEASURED,False,
POWW,NASDAQ,ELIGIBLE,2.29,1182390.8755,539673.65,1.0,0.3154,0.0,43.39,D-1,True,3843
POWWP,NASDAQ,PREFERRED,,,,,,,,UNMEASURED,False,
PPA,ARCA,FUND_ETF_ETN,,,,,,,,UNMEASURED,False,
PPBT,NASDAQ,ELIGIBLE,1.51,7845879.07175,3975658.15,1.0,0.0462,0.0,551.72,D-1,True,2778
PPC,NASDAQ,ELIGIBLE,27.82,39643120.447000004,1333022.55,1.0,0.9385,5.39,7.2,D-1,True,1666
PPCB,NASDAQ,ELIGIBLE,0.6303,573534.8030300001,543934.4,1.0,0.3051,0.0,300.56,D-1,False,
PPERY,OTC,NOT_LISTED_EXCHANGE,,,,,,,,UNMEASURED,False,
PPG,NYSE,ELIGIBLE,107.52,182586033.418,1700042.8,1.0,0.9487,3.72,6.54,D-1,True,667
PPH,NASDAQ,FUND_ETF_ETN,,,,,,,,UNMEASURED,False,
PPHC,NASDAQ,ELIGIBLE,11.06,3605615.5085,292277.3,1.0,0.1949,0.0,148.41,D-1,True,3228
PPI,NASDAQ,FUND_ETF_ETN,,,,,,,,UNMEASURED,False,
PPIH,NASDAQ,ELIGIBLE,31.74,2896551.4605,98145.55,1.0,0.2077,0.0,55.24,D-1,True,3345
PPL,NYSE,ELIGIBLE,32.03,227264206.8005,6709692.45,1.0,1.0,4.72,3.15,D-1,True,552
PPLC,NYSE,UNIT,,,,,,,,UNMEASURED,False,
PPLI,NASDAQ,ELIGIBLE,40.0,46520241.1735,1231318.75,1.0,0.9897,12.6,12.63,D-1,True,1543
PPLT,ARCA,FUND_ETF_ETN,,,,,,,,UNMEASURED,False,
PPSI,NASDAQ,ELIGIBLE,3.3,346351.66099999996,109617.35,1.0,0.0897,0.0,275.98,D-1,False,
PPT,NYSE,ELIGIBLE,3.25,350497.0765,104953.0,1.0,0.3487,0.0,30.72,D-1,False,
PPTA,NASDAQ,ELIGIBLE,23.49,22024243.5145,921347.05,1.0,0.7513,4.26,17.09,D-1,True,2079
PPTY,ARCA,FUND_ETF_ETN,,,,,,,,UNMEASURED,False,
PPYAW,OTC,NOT_TRADABLE,,,,,,,,UNMEASURED,False,
PQAP,NASDAQ,FUND_ETF_ETN,,,,,,,,UNMEASURED,False,
PQDI,ARCA,FUND_ETF_ETN,,,,,,,,UNMEASURED,False,
PQJA,NASDAQ,FUND_ETF_ETN,,,,,,,,UNMEASURED,False,
PQJL,NASDAQ,FUND_ETF_ETN,,,,,,,,UNMEASURED,False,
PQNT,ARCA,FUND_ETF_ETN,,,,,,,,UNMEASURED,False,
PQOC,NASDAQ,FUND_ETF_ETN,,,,,,,,UNMEASURED,False,
PQUS,ARCA,FUND_ETF_ETN,,,,,,,,UNMEASURED,False,
PQV,BATS,FUND_ETF_ETN,,,,,,,,UNMEASURED,False,
PQX,BATS,FUND_ETF_ETN,,,,,,,,UNMEASURED,False,
PQXV,BATS,FUND_ETF_ETN,,,,,,,,UNMEASURED,False,
PQXX,BATS,FUND_ETF_ETN,,,,,,,,UNMEASURED,False,
PR,NYSE,ELIGIBLE,21.36,240232474.573,10460075.05,1.0,1.0,7.03,4.67,D-1,True,532
PRAA,NASDAQ,ELIGIBLE,20.65,8691447.9285,438684.35,1.0,0.4667,0.0,27.05,D-1,True,2701
PRAB,ARCA,FUND_ETF_ETN,,,,,,,,UNMEASURED,False,
PRAE,ARCA,FUND_ETF_ETN,,,,,,,,UNMEASURED,False,
PRAM,BATS,FUND_ETF_ETN,,,,,,,,UNMEASURED,False,
PRAX,NASDAQ,ELIGIBLE,280.78,130279462.59549999,414734.7,1.0,0.8128,7.7,32.24,D-1,True,841
PRAY,ARCA,FUND_ETF_ETN,,,,,,,,UNMEASURED,False,
PRCH,NASDAQ,ELIGIBLE,16.53,25562690.25125,1532401.9,1.0,1.0,14.49,35.86,D-1,True,1969
PRCS,NYSE,FUND_ETF_ETN,,,,,,,,UNMEASURED,False,
PRCT,NASDAQ,ELIGIBLE,17.2,25155874.4825,1263397.15,1.0,0.9282,10.68,8.59,D-1,True,1987
PRCWF,OTC,NOT_TRADABLE,,,,,,,,UNMEASURED,False,
PRDO,NASDAQ,ELIGIBLE,30.49,21668107.9935,666459.2,1.0,0.5949,3.24,24.3,D-1,True,2095
PRE,NASDAQ,ELIGIBLE,22.97,4871701.9399999995,200717.75,1.0,0.5359,0.0,95.5,D-1,True,3065
PREF,ARCA,FUND_ETF_ETN,,,,,,,,UNMEASURED,False,
PRENW,NASDAQ,WARRANT,,,,,,,,UNMEASURED,False,
PRETQ,OTC,NOT_TRADABLE,,,,,,,,UNMEASURED,False,
PRF,ARCA,FUND_ETF_ETN,,,,,,,,UNMEASURED,False,
PRFD,ARCA,FUND_ETF_ETN,,,,,,,,UNMEASURED,False,
PRFX,NASDAQ,ELIGIBLE,0.9767,409182.152275,409013.85,1.0,0.0744,0.0,198.02,D-1,False,
PRFZ,NASDAQ,FUND_ETF_ETN,,,,,,,,UNMEASURED,False,
PRG,NYSE,ELIGIBLE,32.68,23688255.656999998,658947.65,1.0,0.4564,3.08,35.38,D-1,True,2033
PRGO,NYSE,ELIGIBLE,15.42,41291241.1445,2896955.8,1.0,0.9769,12.99,6.72,D-1,True,1634
PRGS,NASDAQ,ELIGIBLE,39.34,23129143.85825,546251.95,1.0,0.6026,0.0,28.68,D-1,True,2050
PRH,NYSE,NOTE_DEBT,,,,,,,,UNMEASURED,False,
PRHI,NASDAQ,ELIGIBLE,7.45,217735.62325,28291.4,1.0,0.0256,42.13,,UNMEASURED,False,
PRHIZ,NASDAQ,NOTE_DEBT,,,,,,,,UNMEASURED,False,
PRI,NYSE,ELIGIBLE,275.59,57887418.747,201371.2,1.0,0.6,0.18,20.47,D-1,True,1386
PRIAF,OTC,NOT_TRADABLE,,,,,,,,UNMEASURED,False,
PRIF.PRD,NYSE,MALFORMED_OR_NON_COMMON_SYMBOL,,,,,,,,UNMEASURED,False,
PRIF.PRK,NYSE,MALFORMED_OR_NON_COMMON_SYMBOL,,,,,,,,UNMEASURED,False,
PRIF.PRL,NYSE,MALFORMED_OR_NON_COMMON_SYMBOL,,,,,,,,UNMEASURED,False,
PRIM,NYSE,ELIGIBLE,72.65,93596061.185,1250772.35,1.0,0.9282,8.7,20.23,D-1,True,1033
PRIV,ARCA,FUND_ETF_ETN,,,,,,,,UNMEASURED,False,
PRIZ,ARCA,FUND_ETF_ETN,,,,,,,,UNMEASURED,False,
PRK,AMEX,ELIGIBLE,181.68,21104600.1315,112707.95,1.0,0.1795,0.0,54.4,D-1,True,2113
PRKS,NYSE,ELIGIBLE,33.25,26793603.5145,729487.05,1.0,0.5692,4.51,26.02,D-1,True,1937
PRLB,NYSE,ELIGIBLE,96.25,18811001.198,221296.65,1.0,0.5385,0.0,29.18,D-1,True,2190
PRLD,NASDAQ,ELIGIBLE,3.875,2494275.7627499998,514619.25,1.0,0.5436,0.0,38.57,D-1,True,3430
PRM,NYSE,ELIGIBLE,29.11,35072566.947500005,1140892.3,1.0,0.8615,8.53,13.74,D-1,True,1753
PRMB,NYSE,ELIGIBLE,19.5,100774342.4835,4730349.0,1.0,0.9769,5.15,5.15,D-1,True,987
PRME,NASDAQ,ELIGIBLE,2.9,10316506.715,3144336.65,1.0,0.9846,33.49,34.08,D-1,True,2596
PRMR,NASDAQ,FUND_ETF_ETN,,,,,,,,UNMEASURED,False,
PRN,NASDAQ,FUND_ETF_ETN,,,,,,,,UNMEASURED,False,
PRNT,BATS,FUND_ETF_ETN,,,,,,,,UNMEASURED,False,
PROCF,OTC,NOT_TRADABLE,,,,,,,,UNMEASURED,False,
PROF,NASDAQ,ELIGIBLE,5.76,774245.529,126906.0,1.0,0.3308,0.0,157.66,D-1,False,
PROK,NASDAQ,ELIGIBLE,1.6,3092546.761,1686610.25,1.0,0.8154,0.0,61.16,D-1,True,3311
PROP,NASDAQ,ELIGIBLE,0.426,571017.05637,1259583.8,1.0,0.5462,2.43,79.21,D-1,False,
PROSY,OTC,NOT_LISTED_EXCHANGE,,,,,,,,UNMEASURED,False,
PROV,NASDAQ,ELIGIBLE,18.42,358026.163,19308.1,1.0,0.0872,0.0,35.24,D-1,False,
PRPH,OTC,NOT_TRADABLE,,,,,,,,UNMEASURED,False,
PRPL,NASDAQ,ELIGIBLE,2.47,186867.785,58782.0,1.0,0.0641,0.0,359.68,D-1,False,
PRPO,NASDAQ,ELIGIBLE,23.65,4332173.04525,161476.7,1.0,0.1615,4.15,258.0,D-1,True,3137
PRQR,NASDAQ,ELIGIBLE,1.65,1170337.5625,607645.1,1.0,0.7103,0.0,59.17,D-1,True,3851
PRS,NYSE,NOTE_DEBT,,,,,,,,UNMEASURED,False,
PRSD,ARCA,FUND_ETF_ETN,,,,,,,,UNMEASURED,False,
PRSO,NASDAQ,ELIGIBLE,0.5087,136899.532675,258541.25,1.0,0.1538,0.0,119.61,D-1,False,
PRST,OTC,NOT_TRADABLE,,,,,,,,UNMEASURED,False,
PRSTW,OTC,NOT_TRADABLE,,,,,,,,UNMEASURED,False,
PRSU,NYSE,ELIGIBLE,49.28,11673743.436,240567.15,1.0,0.2179,2.02,65.5,D-1,True,2508
PRT,NYSE,UNIT,,,,,,,,UNMEASURED,False,
PRTA,NASDAQ,ELIGIBLE,8.29,3899453.08225,439349.1,1.0,0.6615,0.0,24.22,D-1,True,3192
PRTCY,OTC,NOT_TRADABLE,,,,,,,,UNMEASURED,False,
PRTH,NASDAQ,ELIGIBLE,7.78,14879755.44675,1992728.45,1.0,0.741,0.0,12.84,D-1,True,2345
PRTO,ARCA,FUND_ETF_ETN,,,,,,,,UNMEASURED,False,
PRTS,NASDAQ,ELIGIBLE,8.56,783176.5835,87973.25,1.0,0.0718,0.0,167.91,D-1,False,
PRTYQ,OTC,NOT_TRADABLE,,,,,,,,UNMEASURED,False,
PRU,NYSE,ELIGIBLE,119.45,186775564.815,1572706.85,1.0,0.9256,2.94,5.48,D-1,True,655
PRVA,NASDAQ,ELIGIBLE,19.71,25830849.1535,1277217.3,1.0,0.7205,5.06,7.66,D-1,True,1964
PRVS,NYSE,FUND_ETF_ETN,,,,,,,,UNMEASURED,False,
PRXG,ARCA,FUND_ETF_ETN,,,,,,,,UNMEASURED,False,
PRXI,ARCA,FUND_ETF_ETN,,,,,,,,UNMEASURED,False,
PRXV,ARCA,FUND_ETF_ETN,,,,,,,,UNMEASURED,False,
PRZO,NASDAQ,ELIGIBLE,0.5815,686617.3761150001,858426.95,1.0,0.2846,0.0,95.98,D-1,False,
PS,NYSE,ELIGIBLE,56.16,33409687.083499998,740738.9,1.0,0.6385,7.25,90.32,D-1,True,1783
PSA,NYSE,ELIGIBLE,287.97,268267476.1625,902146.9,1.0,0.9872,4.88,10.33,D-1,True,474
PSA.PRF,NYSE,MALFORMED_OR_NON_COMMON_SYMBOL,,,,,,,,UNMEASURED,False,
PSA.PRG,NYSE,MALFORMED_OR_NON_COMMON_SYMBOL,,,,,,,,UNMEASURED,False,
PSA.PRH,NYSE,MALFORMED_OR_NON_COMMON_SYMBOL,,,,,,,,UNMEASURED,False,
PSA.PRI,NYSE,MALFORMED_OR_NON_COMMON_SYMBOL,,,,,,,,UNMEASURED,False,
PSA.PRJ,NYSE,MALFORMED_OR_NON_COMMON_SYMBOL,,,,,,,,UNMEASURED,False,
PSA.PRK,NYSE,MALFORMED_OR_NON_COMMON_SYMBOL,,,,,,,,UNMEASURED,False,
PSA.PRL,NYSE,MALFORMED_OR_NON_COMMON_SYMBOL,,,,,,,,UNMEASURED,False,
PSA.PRM,NYSE,MALFORMED_OR_NON_COMMON_SYMBOL,,,,,,,,UNMEASURED,False,
PSA.PRN,NYSE,MALFORMED_OR_NON_COMMON_SYMBOL,,,,,,,,UNMEASURED,False,
PSA.PRO,NYSE,MALFORMED_OR_NON_COMMON_SYMBOL,,,,,,,,UNMEASURED,False,
PSA.PRP,NYSE,MALFORMED_OR_NON_COMMON_SYMBOL,,,,,,,,UNMEASURED,False,
PSA.PRQ,NYSE,MALFORMED_OR_NON_COMMON_SYMBOL,,,,,,,,UNMEASURED,False,
PSA.PRR,NYSE,MALFORMED_OR_NON_COMMON_SYMBOL,,,,,,,,UNMEASURED,False,
PSA.PRS,NYSE,MALFORMED_OR_NON_COMMON_SYMBOL,,,,,,,,UNMEASURED,False,
PSA.PRT,NYSE,MALFORMED_OR_NON_COMMON_SYMBOL,,,,,,,,UNMEASURED,False,
PSA.PRU,NYSE,MALFORMED_OR_NON_COMMON_SYMBOL,,,,,,,,UNMEASURED,False,
PSAI,BATS,FUND_ETF_ETN,,,,,,,,UNMEASURED,False,
PSBD,NYSE,ELIGIBLE,9.83,1220630.652,118475.4,1.0,0.3564,0.0,71.14,D-1,True,3827
PSC,NASDAQ,FUND_ETF_ETN,,,,,,,,UNMEASURED,False,
PSCC,NASDAQ,FUND_ETF_ETN,,,,,,,,UNMEASURED,False,
PSCD,NASDAQ,FUND_ETF_ETN,,,,,,,,UNMEASURED,False,
PSCE,NASDAQ,FUND_ETF_ETN,,,,,,,,UNMEASURED,False,
PSCF,NASDAQ,FUND_ETF_ETN,,,,,,,,UNMEASURED,False,
PSCH,NASDAQ,FUND_ETF_ETN,,,,,,,,UNMEASURED,False,
PSCI,NASDAQ,FUND_ETF_ETN,,,,,,,,UNMEASURED,False,
PSCJ,BATS,FUND_ETF_ETN,,,,,,,,UNMEASURED,False,
PSCM,NASDAQ,FUND_ETF_ETN,,,,,,,,UNMEASURED,False,
PSCQ,BATS,FUND_ETF_ETN,,,,,,,,UNMEASURED,False,
PSCT,NASDAQ,FUND_ETF_ETN,,,,,,,,UNMEASURED,False,
PSCU,NASDAQ,FUND_ETF_ETN,,,,,,,,UNMEASURED,False,
PSCW,BATS,FUND_ETF_ETN,,,,,,,,UNMEASURED,False,
PSCX,BATS,FUND_ETF_ETN,,,,,,,,UNMEASURED,False,
PSDM,BATS,FUND_ETF_ETN,,,,,,,,UNMEASURED,False,
PSEC,NASDAQ,ELIGIBLE,2.19,8940275.079,4057235.5,1.0,0.9333,22.86,45.67,D-1,True,2685
PSEC.PRA,NYSE,MALFORMED_OR_NON_COMMON_SYMBOL,,,,,,,,UNMEASURED,False,
PSEP,BATS,FUND_ETF_ETN,,,,,,,,UNMEASURED,False,
PSET,NASDAQ,FUND_ETF_ETN,,,,,,,,UNMEASURED,False,
PSEWF,OTC,NOT_TRADABLE,,,,,,,,UNMEASURED,False,
PSF,NYSE,FUND_ETF_ETN,,,,,,,,UNMEASURED,False,
PSFD,BATS,FUND_ETF_ETN,,,,,,,,UNMEASURED,False,
PSFE,NYSE,ELIGIBLE,6.43,2251176.7575,349130.75,1.0,0.4897,0.0,31.05,D-1,True,3480
PSFF,BATS,FUND_ETF_ETN,,,,,,,,UNMEASURED,False,
PSFJ,BATS,FUND_ETF_ETN,,,,,,,,UNMEASURED,False,
PSFM,BATS,FUND_ETF_ETN,,,,,,,,UNMEASURED,False,
PSFO,BATS,FUND_ETF_ETN,,,,,,,,UNMEASURED,False,
PSGTY,OTC,NOT_TRADABLE,,,,,,,,UNMEASURED,False,
PSH,BATS,FUND_ETF_ETN,,,,,,,,UNMEASURED,False,
PSHG,NASDAQ,ELIGIBLE,1.77,118236.999,66797.7,1.0,0.0462,0.0,196.88,D-1,False,
PSI,ARCA,FUND_ETF_ETN,,,,,,,,UNMEASURED,False,
PSIG,NASDAQ,ELIGIBLE,4.57,5110199.82825,1423472.8,1.0,0.7103,21.7,33.03,D-1,True,3031
PSIL,ARCA,FUND_ETF_ETN,,,,,,,,UNMEASURED,False,
PSIX,NASDAQ,ELIGIBLE,46.65,16881690.197,395793.1,1.0,0.5538,0.53,78.11,D-1,True,2253
PSK,ARCA,FUND_ETF_ETN,,,,,,,,UNMEASURED,False,
PSKY,NASDAQ,ELIGIBLE,9.96,225614779.09275,21795481.55,1.0,1.0,13.29,9.96,D-1,True,556
PSL,NASDAQ,FUND_ETF_ETN,,,,,,,,UNMEASURED,False,
PSLV,ARCA,ELIGIBLE,21.01,134943060.035,6334248.95,1.0,0.9795,4.82,4.78,D-1,True,823
PSMD,BATS,FUND_ETF_ETN,,,,,,,,UNMEASURED,False,
PSMJ,BATS,FUND_ETF_ETN,,,,,,,,UNMEASURED,False,
PSMMY,OTC,NOT_LISTED_EXCHANGE,,,,,,,,UNMEASURED,False,
PSMO,BATS,FUND_ETF_ETN,,,,,,,,UNMEASURED,False,
PSMR,BATS,FUND_ETF_ETN,,,,,,,,UNMEASURED,False,
PSMT,NASDAQ,ELIGIBLE,174.73,38217296.681,223982.35,1.0,0.2103,0.0,37.99,D-1,True,1690
PSN,NYSE,ELIGIBLE,43.07,54349368.859000005,1183626.0,1.0,0.8282,5.79,17.5,D-1,True,1426
PSNL,NASDAQ,ELIGIBLE,16.46,39638155.2095,2396249.2,1.0,0.8744,5.99,15.05,D-1,True,1667
PSNY,NASDAQ,ELIGIBLE,6.93,2958055.132,343161.3,1.0,0.3564,0.0,64.58,D-1,True,3336
PSNYW,NASDAQ,ELIGIBLE,4.2,1283882.54869,256102.35,1.0,0.0282,0.0,523.32,D-1,True,3797
PSO,NYSE,ELIGIBLE,16.13,11127750.483,697582.4,1.0,0.6846,0.0,6.21,D-1,True,2548
PSOX,BATS,FUND_ETF_ETN,,,,,,,,UNMEASURED,False,
PSP,ARCA,FUND_ETF_ETN,,,,,,,,UNMEASURED,False,
PSQ,ARCA,FUND_ETF_ETN,,,,,,,,UNMEASURED,False,
PSQA,ARCA,FUND_ETF_ETN,,,,,,,,UNMEASURED,False,
PSQH,NYSE,ELIGIBLE,5.3,233695.088,44097.8,1.0,0.0744,0.0,140.0,D-1,False,
PSQH.WS,NYSE,MALFORMED_OR_NON_COMMON_SYMBOL,,,,,,,,UNMEASURED,False,
PSQL,NASDAQ,ELIGIBLE,6.99,12457799.4955,1078388.3,1.0,0.5641,0.0,42.98,D-1,True,2463
PSQLW,NASDAQ,WARRANT,,,,,,,,UNMEASURED,False,
PSQO,ARCA,FUND_ETF_ETN,,,,,,,,UNMEASURED,False,
PSR,ARCA,FUND_ETF_ETN,,,,,,,,UNMEASURED,False,
PST,ARCA,FUND_ETF_ETN,,,,,,,,UNMEASURED,False,
PSTL,NYSE,ELIGIBLE,23.65,9596271.5455,404758.4,1.0,0.4128,0.0,53.8,D-1,True,2639
PSTP,ARCA,FUND_ETF_ETN,,,,,,,,UNMEASURED,False,
PSTR,NASDAQ,FUND_ETF_ETN,,,,,,,,UNMEASURED,False,
PSUS,NYSE,ELIGIBLE,37.71,11213548.283,290613.3,1.0,0.4795,0.0,34.37,D-1,True,2536
PSWD,NASDAQ,FUND_ETF_ETN,,,,,,,,UNMEASURED,False,
PSX,NYSE,ELIGIBLE,255.75,886751108.55,3411158.85,1.0,0.9949,9.14,8.33,D-1,True,130
PTA,NYSE,FUND_ETF_ETN,,,,,,,,UNMEASURED,False,
PTAC,NASDAQ,ELIGIBLE,9.96,80164.83750000001,8048.6,1.0,0.0,,,UNMEASURED,False,
PTACU,NASDAQ,UNIT,,,,,,,,UNMEASURED,False,
PTACW,NASDAQ,WARRANT,,,,,,,,UNMEASURED,False,
PTAIY,OTC,NOT_LISTED_EXCHANGE,,,,,,,,UNMEASURED,False,
PTBD,ARCA,FUND_ETF_ETN,,,,,,,,UNMEASURED,False,
PTBRY,OTC,NOT_LISTED_EXCHANGE,,,,,,,,UNMEASURED,False,
PTC,NASDAQ,ELIGIBLE,138.12,236507931.32075,1713854.2,1.0,0.759,3.26,23.34,D-1,True,538
PTCT,NASDAQ,ELIGIBLE,62.67,77621519.1305,1166288.25,1.0,0.8231,3.96,13.52,D-1,True,1150
PTEN,NASDAQ,ELIGIBLE,10.91,104852832.743,8575393.55,1.0,1.0,9.23,9.18,D-1,True,962
PTEU,BATS,FUND_ETF_ETN,,,,,,,,UNMEASURED,False,
PTF,NASDAQ,FUND_ETF_ETN,,,,,,,,UNMEASURED,False,
PTGX,NASDAQ,ELIGIBLE,141.86,96310063.22749999,668169.6,1.0,0.7436,4.3,22.77,D-1,True,1020
PTH,NASDAQ,FUND_ETF_ETN,,,,,,,,UNMEASURED,False,
PTHS,AMEX,ELIGIBLE,22.19,931312.2359999999,40538.6,1.0,0.0564,4.49,414.65,D-1,False,
PTIN,ARCA,FUND_ETF_ETN,,,,,,,,UNMEASURED,False,
PTIR,NASDAQ,FUND_ETF_ETN,,,,,,,,UNMEASURED,False,
PTIX,OTC,NOT_TRADABLE,,,,,,,,UNMEASURED,False,
PTIXW,OTC,NOT_TRADABLE,,,,,,,,UNMEASURED,False,
PTL,ARCA,FUND_ETF_ETN,,,,,,,,UNMEASURED,False,
PTLC,BATS,FUND_ETF_ETN,,,,,,,,UNMEASURED,False,
PTLE,NASDAQ,ELIGIBLE,7.15,313364.01749999996,42535.15,1.0,0.0103,0.0,952.38,D-1,False,
PTLO,NASDAQ,ELIGIBLE,3.495,5363117.689,1338252.6,1.0,0.9256,14.1,28.33,D-1,True,3008
PTMC,BATS,FUND_ETF_ETN,,,,,,,,UNMEASURED,False,
PTN,NASDAQ,ELIGIBLE,10.095,1839477.7305,151046.2,1.0,0.0231,221.81,485.39,D-1,True,3594
PTNQ,NASDAQ,FUND_ETF_ETN,,,,,,,,UNMEASURED,False,
PTNRY,OTC,NOT_TRADABLE,,,,,,,,UNMEASURED,False,
PTNT,BATS,FUND_ETF_ETN,,,,,,,,UNMEASURED,False,
PTON,NASDAQ,ELIGIBLE,4.92,46403714.5915,9207950.5,1.0,0.9949,10.24,20.43,D-1,True,1546
PTOR,NASDAQ,ELIGIBLE,9.96,308511.493095,30914.35,1.0,0.0103,0.0,,UNMEASURED,False,
PTORU,NASDAQ,UNIT,,,,,,,,UNMEASURED,False,
PTORW,NASDAQ,WARRANT,,,,,,,,UNMEASURED,False,
PTPI,OTC,NOT_TRADABLE,,,,,,,,UNMEASURED,False,
PTRAQ,OTC,NOT_TRADABLE,,,,,,,,UNMEASURED,False,
PTRB,ARCA,FUND_ETF_ETN,,,,,,,,UNMEASURED,False,
PTRN,NASDAQ,ELIGIBLE,17.02,31529996.141500004,1611373.4,1.0,0.9872,14.62,16.09,D-1,True,1816
PTY,NYSE,FUND_ETF_ETN,,,,,,,,UNMEASURED,False,
PUBM,NASDAQ,ELIGIBLE,18.6,12178486.5985,704717.9,1.0,0.7333,2.69,16.11,D-1,True,2480
PUCKW,OTC,NOT_TRADABLE,,,,,,,,UNMEASURED,False,
PUI,NASDAQ,FUND_ETF_ETN,,,,,,,,UNMEASURED,False,
PUK,NYSE,ELIGIBLE,25.25,27020341.8095,1017047.05,1.0,0.9103,1.99,3.98,D-1,True,1931
PUL,NASDAQ,FUND_ETF_ETN,,,,,,,,UNMEASURED,False,
PULM,NASDAQ,ELIGIBLE,1.61,72550.81649,46390.05,1.0,0.0462,0.0,547.11,D-1,False,
PULS,ARCA,FUND_ETF_ETN,,,,,,,,UNMEASURED,False,
PUMP,NYSE,ELIGIBLE,9.59,41097734.969,3838434.5,1.0,1.0,10.42,10.34,D-1,True,1644
PUR,NASDAQ,FUND_ETF_ETN,,,,,,,,UNMEASURED,False,
PURR,NASDAQ,ELIGIBLE,12.85,340062333.3735,27111877.2,1.0,1.0,23.12,7.75,D-1,True,379
PUSA,NASDAQ,ELIGIBLE,3.72,1904089.0489999999,512736.05,1.0,0.4462,0.0,79.9,D-1,True,3580
PUSH,ARCA,FUND_ETF_ETN,,,,,,,,UNMEASURED,False,
PVAL,ARCA,FUND_ETF_ETN,,,,,,,,UNMEASURED,False,
PVEX,BATS,FUND_ETF_ETN,,,,,,,,UNMEASURED,False,
PVH,NYSE,ELIGIBLE,75.99,80326440.4455,1102193.75,1.0,0.7564,4.61,15.19,D-1,True,1132
PVI,ARCA,FUND_ETF_ETN,,,,,,,,UNMEASURED,False,
PVL,NYSE,ELIGIBLE,1.81,126978.905,68622.85,1.0,0.0436,0.0,82.34,D-1,False,
PVLA,NASDAQ,ELIGIBLE,138.16,32116618.116000004,212158.75,1.0,0.3308,0.87,60.66,D-1,True,1803
PW,AMEX,ELIGIBLE,7.06,171005.16125,23273.05,1.0,0.0308,0.0,1100.79,D-1,False,
PWB,ARCA,FUND_ETF_ETN,,,,,,,,UNMEASURED,False,
PWCM,NASDAQ,ELIGIBLE,1.08,181864.22308,168800.7,1.0,0.0821,0.0,184.34,D-1,False,
PWER,ARCA,FUND_ETF_ETN,,,,,,,,UNMEASURED,False,
PWM,NASDAQ,NOT_TRADABLE,,,,,,,,UNMEASURED,False,
PWP,NASDAQ,ELIGIBLE,14.47,20852757.177500002,1451641.0,1.0,0.959,10.44,24.62,D-1,True,2122
PWR,NYSE,ELIGIBLE,649.13,538303172.2850001,859577.85,1.0,0.9308,5.64,9.39,D-1,True,222
PWRD,NASDAQ,FUND_ETF_ETN,,,,,,,,UNMEASURED,False,
PWRL,NASDAQ,ELIGIBLE,11.01,1815820.8414999999,171633.6,1.0,0.5564,0.0,33.74,D-1,True,3601
PWRZ,BATS,FUND_ETF_ETN,,,,,,,,UNMEASURED,False,
PWS,BATS,FUND_ETF_ETN,,,,,,,,UNMEASURED,False,
PWV,ARCA,FUND_ETF_ETN,,,,,,,,UNMEASURED,False,
PWZ,ARCA,FUND_ETF_ETN,,,,,,,,UNMEASURED,False,
PXE,ARCA,FUND_ETF_ETN,,,,,,,,UNMEASURED,False,
PXED,NYSE,ELIGIBLE,25.85,2211358.8005,80821.9,1.0,0.1872,0.0,91.03,D-1,True,3494
PXF,ARCA,FUND_ETF_ETN,,,,,,,,UNMEASURED,False,
PXH,ARCA,FUND_ETF_ETN,,,,,,,,UNMEASURED,False,
PXI,NASDAQ,FUND_ETF_ETN,,,,,,,,UNMEASURED,False,
PXJ,ARCA,FUND_ETF_ETN,,,,,,,,UNMEASURED,False,
PXLW,NASDAQ,ELIGIBLE,6.93,200014.2255,28601.0,1.0,0.0897,0.0,70.47,D-1,False,
PXMD,OTC,NOT_TRADABLE,,,,,,,,UNMEASURED,False,
PXS,NASDAQ,ELIGIBLE,6.53,1472566.0304999999,229517.85,1.0,0.2,0.0,175.4,D-1,True,3706
PY,NASDAQ,FUND_ETF_ETN,,,,,,,,UNMEASURED,False,
PYLD,ARCA,FUND_ETF_ETN,,,,,,,,UNMEASURED,False,
PYPD,NASDAQ,ELIGIBLE,5.22,498136.01900000003,94776.2,1.0,0.159,0.0,175.98,D-1,False,
PYPG,NASDAQ,FUND_ETF_ETN,,,,,,,,UNMEASURED,False,
PYPL,NASDAQ,ELIGIBLE,55.04,773833460.468,14462633.05,1.0,1.0,10.93,2.73,D-1,True,153
PYPU,ARCA,FUND_ETF_ETN,,,,,,,,UNMEASURED,False,
PYPY,ARCA,FUND_ETF_ETN,,,,,,,,UNMEASURED,False,
PYRGF,OTC,NOT_TRADABLE,,,,,,,,UNMEASURED,False,
PYT,NYSE,ELIGIBLE,23.77,17655.114999999998,744.0,1.0,0.0,,486.76,D-1,False,
PYXS,NASDAQ,ELIGIBLE,2.86,3176322.50075,925448.8,1.0,0.6974,0.0,35.34,D-1,True,3296
PYZ,NASDAQ,FUND_ETF_ETN,,,,,,,,UNMEASURED,False,
PZA,ARCA,FUND_ETF_ETN,,,,,,,,UNMEASURED,False,
PZG,AMEX,ELIGIBLE,1.31,392781.53250000003,288752.75,1.0,0.3282,0.0,76.63,D-1,False,
PZIV,ARCA,FUND_ETF_ETN,,,,,,,,UNMEASURED,False,
PZLV,ARCA,FUND_ETF_ETN,,,,,,,,UNMEASURED,False,
PZT,ARCA,FUND_ETF_ETN,,,,,,,,UNMEASURED,False,
PZZA,NASDAQ,ELIGIBLE,19.55,31852108.148000002,1506250.95,1.0,0.9641,10.13,7.66,D-1,True,1806
Q,NYSE,ELIGIBLE,124.69,205784583.9915,1715625.35,1.0,0.8564,5.44,25.01,D-1,True,613
QABA,NASDAQ,FUND_ETF_ETN,,,,,,,,UNMEASURED,False,
QADR,NASDAQ,ELIGIBLE,9.99,124386.6375,12456.0,1.0,0.0,,,UNMEASURED,False,
QADRU,NASDAQ,UNIT,,,,,,,,UNMEASURED,False,
QADRW,NASDAQ,WARRANT,,,,,,,,UNMEASURED,False,
QAI,ARCA,FUND_ETF_ETN,,,,,,,,UNMEASURED,False,
QALT,NASDAQ,FUND_ETF_ETN,,,,,,,,UNMEASURED,False,
QARP,ARCA,FUND_ETF_ETN,,,,,,,,UNMEASURED,False,
QAT,NASDAQ,FUND_ETF_ETN,,,,,,,,UNMEASURED,False,
QAU,BATS,FUND_ETF_ETN,,,,,,,,UNMEASURED,False,
QB,NASDAQ,FUND_ETF_ETN,,,,,,,,UNMEASURED,False,
QBER,BATS,FUND_ETF_ETN,,,,,,,,UNMEASURED,False,
QBF,BATS,FUND_ETF_ETN,,,,,,,,UNMEASURED,False,
QBIEY,OTC,NOT_LISTED_EXCHANGE,,,,,,,,UNMEASURED,False,
QBIF,BATS,FUND_ETF_ETN,,,,,,,,UNMEASURED,False,
QBIG,NASDAQ,FUND_ETF_ETN,,,,,,,,UNMEASURED,False,
QBIV,BATS,FUND_ETF_ETN,,,,,,,,UNMEASURED,False,
QBKF,BATS,FUND_ETF_ETN,,,,,,,,UNMEASURED,False,
QBKV,BATS,FUND_ETF_ETN,,,,,,,,UNMEASURED,False,
QBQF,BATS,FUND_ETF_ETN,,,,,,,,UNMEASURED,False,
QBQV,BATS,FUND_ETF_ETN,,,,,,,,UNMEASURED,False,
QBSF,BATS,FUND_ETF_ETN,,,,,,,,UNMEASURED,False,
QBSV,BATS,FUND_ETF_ETN,,,,,,,,UNMEASURED,False,
QBTS,NASDAQ,ELIGIBLE,17.41,274823380.01,16081322.75,1.0,1.0,17.21,5.72,D-1,True,459
QBTX,BATS,FUND_ETF_ETN,,,,,,,,UNMEASURED,False,
QBTZ,NASDAQ,FUND_ETF_ETN,,,,,,,,UNMEASURED,False,
QBUF,NASDAQ,FUND_ETF_ETN,,,,,,,,UNMEASURED,False,
QBUL,BATS,FUND_ETF_ETN,,,,,,,,UNMEASURED,False,
QBY,NASDAQ,FUND_ETF_ETN,,,,,,,,UNMEASURED,False,
QCAP,BATS,FUND_ETF_ETN,,,,,,,,UNMEASURED,False,
QCJA,BATS,FUND_ETF_ETN,,,,,,,,UNMEASURED,False,
QCJL,BATS,FUND_ETF_ETN,,,,,,,,UNMEASURED,False,
QCLN,NASDAQ,FUND_ETF_ETN,,,,,,,,UNMEASURED,False,
QCLR,NASDAQ,FUND_ETF_ETN,,,,,,,,UNMEASURED,False,
QCLS,NASDAQ,ELIGIBLE,0.8678,14231647.493629998,15061837.1,1.0,0.6692,11.28,132.16,D-1,False,
QCMD,NASDAQ,FUND_ETF_ETN,,,,,,,,UNMEASURED,False,
QCML,NASDAQ,FUND_ETF_ETN,,,,,,,,UNMEASURED,False,
QCMU,NASDAQ,FUND_ETF_ETN,,,,,,,,UNMEASURED,False,
QCOC,BATS,FUND_ETF_ETN,,,,,,,,UNMEASURED,False,
QCOM,NASDAQ,ELIGIBLE,201.97,2645720235.5745,14572318.9,1.0,1.0,14.2,4.91,D-1,True,34
QCRH,NASDAQ,ELIGIBLE,100.92,10862267.6125,107679.85,1.0,0.1615,0.0,41.54,D-1,True,2568
QDEC,BATS,FUND_ETF_ETN,,,,,,,,UNMEASURED,False,
QDEF,ARCA,FUND_ETF_ETN,,,,,,,,UNMEASURED,False,
QDEL,NASDAQ,ELIGIBLE,10.94,16254670.011500001,1386978.6,1.0,0.7641,4.68,18.66,D-1,True,2281
QDF,ARCA,FUND_ETF_ETN,,,,,,,,UNMEASURED,False,
QDIV,ARCA,FUND_ETF_ETN,,,,,,,,UNMEASURED,False,
QDPL,ARCA,FUND_ETF_ETN,,,,,,,,UNMEASURED,False,
QDTE,BATS,FUND_ETF_ETN,,,,,,,,UNMEASURED,False,
QDTY,NASDAQ,FUND_ETF_ETN,,,,,,,,UNMEASURED,False,
QDVO,ARCA,FUND_ETF_ETN,,,,,,,,UNMEASURED,False,
QEFA,ARCA,FUND_ETF_ETN,,,,,,,,UNMEASURED,False,
QEMM,ARCA,FUND_ETF_ETN,,,,,,,,UNMEASURED,False,
QETA,NASDAQ,ELIGIBLE,11.85,2523.0634999999997,213.25,1.0,0.0,,,UNMEASURED,False,
QETAR,NASDAQ,RIGHT,,,,,,,,UNMEASURED,False,
QETAU,NASDAQ,UNIT,,,,,,,,UNMEASURED,False,
QETH,BATS,FUND_ETF_ETN,,,,,,,,UNMEASURED,False,
QEW,NASDAQ,FUND_ETF_ETN,,,,,,,,UNMEASURED,False,
QFF,NASDAQ,FUND_ETF_ETN,,,,,,,,UNMEASURED,False,
QFHD,BATS,FUND_ETF_ETN,,,,,,,,UNMEASURED,False,
QFIN,NASDAQ,ELIGIBLE,7.3,17902517.894,2157330.25,1.0,0.9436,6.79,13.56,D-1,True,2226
QFLR,ARCA,FUND_ETF_ETN,,,,,,,,UNMEASURED,False,
QFRD,BATS,NOT_SEC_REGISTRANT_TICKER,,,,,,,,UNMEASURED,False,
QGEN,NYSE,ELIGIBLE,44.18,74010929.6375,1705103.7,1.0,0.9385,4.01,3.38,D-1,True,1189
QGRD,NASDAQ,FUND_ETF_ETN,,,,,,,,UNMEASURED,False,
QGRO,ARCA,FUND_ETF_ETN,,,,,,,,UNMEASURED,False,
QGRW,ARCA,FUND_ETF_ETN,,,,,,,,UNMEASURED,False,
QH,NASDAQ,ELIGIBLE,3.98,42049.261175,10510.3,1.0,0.1538,62.46,833.33,D-1,False,
QHY,BATS,FUND_ETF_ETN,,,,,,,,UNMEASURED,False,
QID,ARCA,FUND_ETF_ETN,,,,,,,,UNMEASURED,False,
QIDX,ARCA,FUND_ETF_ETN,,,,,,,,UNMEASURED,False,
QIG,BATS,FUND_ETF_ETN,,,,,,,,UNMEASURED,False,
QINT,ARCA,FUND_ETF_ETN,,,,,,,,UNMEASURED,False,
QIS,ARCA,FUND_ETF_ETN,,,,,,,,UNMEASURED,False,
QJL,BATS,FUND_ETF_ETN,,,,,,,,UNMEASURED,False,
QJN,BATS,FUND_ETF_ETN,,,,,,,,UNMEASURED,False,
QJUN,BATS,FUND_ETF_ETN,,,,,,,,UNMEASURED,False,
QLC,BATS,FUND_ETF_ETN,,,,,,,,UNMEASURED,False,
QLD,ARCA,FUND_ETF_ETN,,,,,,,,UNMEASURED,False,
QLDY,NASDAQ,FUND_ETF_ETN,,,,,,,,UNMEASURED,False,
QLEP,NYSE,ELIGIBLE,10.0,15423.633689999999,1539.85,1.0,0.0026,0.0,49.88,D-1,False,
QLEP.WS,NYSE,MALFORMED_OR_NON_COMMON_SYMBOL,,,,,,,,UNMEASURED,False,
QLTA,ARCA,FUND_ETF_ETN,,,,,,,,UNMEASURED,False,
QLTI,ARCA,FUND_ETF_ETN,,,,,,,,UNMEASURED,False,
QLTY,ARCA,FUND_ETF_ETN,,,,,,,,UNMEASURED,False,
QLV,ARCA,FUND_ETF_ETN,,,,,,,,UNMEASURED,False,
QLVD,ARCA,FUND_ETF_ETN,,,,,,,,UNMEASURED,False,
QLVE,ARCA,FUND_ETF_ETN,,,,,,,,UNMEASURED,False,
QLYS,NASDAQ,ELIGIBLE,172.43,132274938.78099999,756696.75,1.0,0.659,4.83,36.74,D-1,True,836
QMAG,BATS,FUND_ETF_ETN,,,,,,,,UNMEASURED,False,
QMAR,BATS,FUND_ETF_ETN,,,,,,,,UNMEASURED,False,
QMCO,NASDAQ,ELIGIBLE,31.68,40724355.069749996,1545123.85,1.0,0.9872,30.64,44.98,D-1,True,1651
QMFE,BATS,FUND_ETF_ETN,,,,,,,,UNMEASURED,False,
QMID,NASDAQ,FUND_ETF_ETN,,,,,,,,UNMEASURED,False,
QMLS,NASDAQ,ELIGIBLE,7.12,2576054.0259999996,381969.05,1.0,0.3795,0.0,185.05,D-1,True,3407
QMMY,BATS,FUND_ETF_ETN,,,,,,,,UNMEASURED,False,
QMNV,BATS,FUND_ETF_ETN,,,,,,,,UNMEASURED,False,
QMOM,NASDAQ,FUND_ETF_ETN,,,,,,,,UNMEASURED,False,
QMY,BATS,FUND_ETF_ETN,,,,,,,,UNMEASURED,False,
QNBC,NASDAQ,ELIGIBLE,45.79,588314.334,12982.65,1.0,0.1179,0.0,13.17,D-1,False,
QNC,AMEX,ELIGIBLE,1.88,2165752.206,1185557.3,1.0,0.7179,0.0,52.91,D-1,True,3505
QNCX,NASDAQ,ELIGIBLE,31.0,614419.00775,20325.0,1.0,0.0256,0.0,393.06,D-1,False,
QNDX,NASDAQ,FUND_ETF_ETN,,,,,,,,UNMEASURED,False,
QNGYQ,OTC,NOT_TRADABLE,,,,,,,,UNMEASURED,False,
QNME,NASDAQ,ELIGIBLE,0.7385,17889256.32361,27944283.5,1.0,0.7,30.8,87.13,D-1,False,
QNRX,NASDAQ,ELIGIBLE,6.43,10317331.954,1671164.15,1.0,0.0487,0.0,585.91,D-1,True,2595
QNST,NASDAQ,ELIGIBLE,14.41,18723182.5205,1088163.05,1.0,0.7718,3.45,13.86,D-1,True,2192
QNT,NASDAQ,ELIGIBLE,49.53,94266770.9485,1877939.95,1.0,0.9462,16.01,35.45,D-1,True,1027
QNTM,NASDAQ,ELIGIBLE,3.85,717594.6555,199300.9,1.0,0.2667,0.0,164.78,D-1,False,
QNTU,BATS,FUND_ETF_ETN,,,,,,,,UNMEASURED,False,
QNXT,NASDAQ,FUND_ETF_ETN,,,,,,,,UNMEASURED,False,
QOWZ,NASDAQ,FUND_ETF_ETN,,,,,,,,UNMEASURED,False,
QPUX,NASDAQ,FUND_ETF_ETN,,,,,,,,UNMEASURED,False,
QPX,ARCA,FUND_ETF_ETN,,,,,,,,UNMEASURED,False,
QQA,NASDAQ,FUND_ETF_ETN,,,,,,,,UNMEASURED,False,
QQAU,BATS,FUND_ETF_ETN,,,,,,,,UNMEASURED,False,
QQBF,BATS,FUND_ETF_ETN,,,,,,,,UNMEASURED,False,
QQDN,NASDAQ,FUND_ETF_ETN,,,,,,,,UNMEASURED,False,
QQEW,NASDAQ,FUND_ETF_ETN,,,,,,,,UNMEASURED,False,
QQH,ARCA,FUND_ETF_ETN,,,,,,,,UNMEASURED,False,
QQHG,NASDAQ,FUND_ETF_ETN,,,,,,,,UNMEASURED,False,
QQI,NASDAQ,FUND_ETF_ETN,,,,,,,,UNMEASURED,False,
QQJL,BATS,FUND_ETF_ETN,,,,,,,,UNMEASURED,False,
QQJN,BATS,FUND_ETF_ETN,,,,,,,,UNMEASURED,False,
QQLV,NASDAQ,FUND_ETF_ETN,,,,,,,,UNMEASURED,False,
QQMG,NASDAQ,FUND_ETF_ETN,,,,,,,,UNMEASURED,False,
QQMY,BATS,FUND_ETF_ETN,,,,,,,,UNMEASURED,False,
QQQ,NASDAQ,NOT_SEC_REGISTRANT_TICKER,,,,,,,,UNMEASURED,False,
QQQA,NASDAQ,FUND_ETF_ETN,,,,,,,,UNMEASURED,False,
QQQB,NASDAQ,FUND_ETF_ETN,,,,,,,,UNMEASURED,False,
QQQD,ARCA,FUND_ETF_ETN,,,,,,,,UNMEASURED,False,
QQQE,NASDAQ,FUND_ETF_ETN,,,,,,,,UNMEASURED,False,
QQQG,NASDAQ,FUND_ETF_ETN,,,,,,,,UNMEASURED,False,
QQQH,NASDAQ,FUND_ETF_ETN,,,,,,,,UNMEASURED,False,
QQQI,NASDAQ,FUND_ETF_ETN,,,,,,,,UNMEASURED,False,
QQQJ,NASDAQ,FUND_ETF_ETN,,,,,,,,UNMEASURED,False,
QQQM,NASDAQ,FUND_ETF_ETN,,,,,,,,UNMEASURED,False,
QQQP,NASDAQ,FUND_ETF_ETN,,,,,,,,UNMEASURED,False,
QQQS,NASDAQ,FUND_ETF_ETN,,,,,,,,UNMEASURED,False,
QQQT,NASDAQ,FUND_ETF_ETN,,,,,,,,UNMEASURED,False,
QQQU,ARCA,FUND_ETF_ETN,,,,,,,,UNMEASURED,False,
QQQX,NASDAQ,FUND_ETF_ETN,,,,,,,,UNMEASURED,False,
QQQY,NASDAQ,FUND_ETF_ETN,,,,,,,,UNMEASURED,False,
QQSE,BATS,FUND_ETF_ETN,,,,,,,,UNMEASURED,False,
QQUP,NASDAQ,FUND_ETF_ETN,,,,,,,,UNMEASURED,False,
QQWZ,NASDAQ,FUND_ETF_ETN,,,,,,,,UNMEASURED,False,
QQXL,NASDAQ,FUND_ETF_ETN,,,,,,,,UNMEASURED,False,
QQXT,NASDAQ,FUND_ETF_ETN,,,,,,,,UNMEASURED,False,
QRED,NYSE,ELIGIBLE,10.05,124232.88250000002,12365.25,1.0,0.0,,9.95,D-1,False,
QRED.RT,NYSE,MALFORMED_OR_NON_COMMON_SYMBOL,,,,,,,,UNMEASURED,False,
QRED.U,NYSE,RIGHT,,,,,,,,UNMEASURED,False,
QRHC,NASDAQ,ELIGIBLE,1.37,27420.57275,19817.0,1.0,0.0846,0.0,73.8,D-1,False,
QRMI,NASDAQ,FUND_ETF_ETN,,,,,,,,UNMEASURED,False,
QRVO,NASDAQ,ELIGIBLE,117.97,164311411.941,1479591.75,1.0,0.8256,5.51,14.89,D-1,True,719
QS,NASDAQ,ELIGIBLE,4.91,59295207.239999995,11305404.15,1.0,0.9974,19.86,20.26,D-1,True,1367
QSE,BATS,FUND_ETF_ETN,,,,,,,,UNMEASURED,False,
QSEA,NASDAQ,ELIGIBLE,10.64,37314.7,3507.3,1.0,0.0026,0.0,,UNMEASURED,False,
QSEAR,NASDAQ,RIGHT,,,,,,,,UNMEASURED,False,
QSEAU,NASDAQ,UNIT,,,,,,,,UNMEASURED,False,
QSI,NASDAQ,ELIGIBLE,0.8343,1178804.57908,1540970.7,1.0,0.8256,9.74,15.63,D-1,False,
QSIG,BATS,FUND_ETF_ETN,,,,,,,,UNMEASURED,False,
QSIX,NASDAQ,FUND_ETF_ETN,,,,,,,,UNMEASURED,False,
QSML,NASDAQ,FUND_ETF_ETN,,,,,,,,UNMEASURED,False,
QSOL,BATS,FUND_ETF_ETN,,,,,,,,UNMEASURED,False,
QSPT,BATS,FUND_ETF_ETN,,,,,,,,UNMEASURED,False,
QSR,NYSE,ELIGIBLE,71.64,264604787.24499997,3505623.45,1.0,0.9974,5.66,4.92,D-1,True,481
QSU,ARCA,FUND_ETF_ETN,,,,,,,,UNMEASURED,False,
QTAC,BATS,FUND_ETF_ETN,,,,,,,,UNMEASURED,False,
QTAP,BATS,FUND_ETF_ETN,,,,,,,,UNMEASURED,False,
QTEC,NASDAQ,FUND_ETF_ETN,,,,,,,,UNMEASURED,False,
QTEKQ,OTC,NOT_TRADABLE,,,,,,,,UNMEASURED,False,
QTEX,NASDAQ,ELIGIBLE,0.776,1178968.362785,1428731.15,1.0,0.8667,36.94,75.48,D-1,False,
QTI,NASDAQ,ELIGIBLE,2.45,94097.70425,34801.4,1.0,0.059,0.0,546.87,D-1,False,
QTJA,BATS,FUND_ETF_ETN,,,,,,,,UNMEASURED,False,
QTJL,BATS,FUND_ETF_ETN,,,,,,,,UNMEASURED,False,
QTNTQ,OTC,NOT_TRADABLE,,,,,,,,UNMEASURED,False,
QTOC,BATS,FUND_ETF_ETN,,,,,,,,UNMEASURED,False,
QTOP,NASDAQ,FUND_ETF_ETN,,,,,,,,UNMEASURED,False,
QTPI,ARCA,FUND_ETF_ETN,,,,,,,,UNMEASURED,False,
QTR,NASDAQ,FUND_ETF_ETN,,,,,,,,UNMEASURED,False,
QTRX,NASDAQ,ELIGIBLE,3.27,2440532.5235,895838.2,1.0,0.6103,0.0,31.8,D-1,True,3439
QTTB,NASDAQ,ELIGIBLE,8.77,7340251.5675,657993.6,1.0,0.6974,7.91,33.42,D-1,True,2804
QTTOY,OTC,NOT_TRADABLE,,,,,,,,UNMEASURED,False,
QTUM,NASDAQ,FUND_ETF_ETN,,,,,,,,UNMEASURED,False,
QTUP,BATS,FUND_ETF_ETN,,,,,,,,UNMEASURED,False,
QTWO,NYSE,ELIGIBLE,56.13,36802005.806,613176.1,1.0,0.6513,1.77,25.65,D-1,True,1722
QUA,BATS,FUND_ETF_ETN,,,,,,,,UNMEASURED,False,
QUAD,NYSE,ELIGIBLE,9.43,3777415.5705,382342.0,1.0,0.3282,0.0,37.53,D-1,True,3209
QUAL,BATS,FUND_ETF_ETN,,,,,,,,UNMEASURED,False,
QUBT,NASDAQ,ELIGIBLE,8.96,59456530.679,7045008.3,1.0,0.9974,16.3,11.07,D-1,True,1365
QUBX,BATS,FUND_ETF_ETN,,,,,,,,UNMEASURED,False,
QUCY,NASDAQ,ELIGIBLE,1.37,997329.1085000001,685736.25,1.0,0.4513,0.0,73.82,D-1,False,
QUIK,NASDAQ,ELIGIBLE,10.96,2578276.6705,241526.05,1.0,0.341,0.0,27.42,D-1,True,3404
QUIZ,ARCA,FUND_ETF_ETN,,,,,,,,UNMEASURED,False,
QUMS,NASDAQ,ELIGIBLE,10.34,212434.696,20559.45,1.0,0.0,,,UNMEASURED,False,
QUMSR,NASDAQ,RIGHT,,,,,,,,UNMEASURED,False,
QUMSU,NASDAQ,UNIT,,,,,,,,UNMEASURED,False,
QURE,NASDAQ,ELIGIBLE,38.23,60779698.423,1387421.9,1.0,0.9231,9.13,24.87,D-1,True,1341
QUS,ARCA,FUND_ETF_ETN,,,,,,,,UNMEASURED,False,
QUSA,ARCA,FUND_ETF_ETN,,,,,,,,UNMEASURED,False,
QVAL,NASDAQ,FUND_ETF_ETN,,,,,,,,UNMEASURED,False,
QVCAQ,OTC,NOT_TRADABLE,,,,,,,,UNMEASURED,False,
QVCG,NASDAQ,ELIGIBLE,14.21,8237493.790000001,508136.3,1.0,0.4333,0.0,143.75,D-1,True,2738
QVCGQ,OTC,NOT_TRADABLE,,,,,,,,UNMEASURED,False,
QVCPQ,OTC,NOT_TRADABLE,,,,,,,,UNMEASURED,False,
QVML,ARCA,FUND_ETF_ETN,,,,,,,,UNMEASURED,False,
QVMM,ARCA,FUND_ETF_ETN,,,,,,,,UNMEASURED,False,
QVMS,ARCA,FUND_ETF_ETN,,,,,,,,UNMEASURED,False,
QVMT,ARCA,FUND_ETF_ETN,,,,,,,,UNMEASURED,False,
QVOL,NASDAQ,FUND_ETF_ETN,,,,,,,,UNMEASURED,False,
QVOY,BATS,FUND_ETF_ETN,,,,,,,,UNMEASURED,False,
QWLD,ARCA,FUND_ETF_ETN,,,,,,,,UNMEASURED,False,
QXL,NASDAQ,ELIGIBLE,5.0,425665.00625,82009.55,1.0,0.0897,0.0,311.48,D-1,False,
QXO,NYSE,ELIGIBLE,12.43,217814072.019,17643310.4,1.0,1.0,13.43,8.16,D-1,True,576
QXO.PRB,NYSE,MALFORMED_OR_NON_COMMON_SYMBOL,,,,,,,,UNMEASURED,False,
QXQ,NASDAQ,FUND_ETF_ETN,,,,,,,,UNMEASURED,False,
QYLD,NASDAQ,FUND_ETF_ETN,,,,,,,,UNMEASURED,False,
QYLG,NASDAQ,FUND_ETF_ETN,,,,,,,,UNMEASURED,False,
R,NYSE,ELIGIBLE,235.57,58778854.1895,243550.3,1.0,0.3923,0.0,37.43,D-1,True,1373
RA,NYSE,FUND_ETF_ETN,,,,,,,,UNMEASURED,False,
RAA,NASDAQ,FUND_ETF_ETN,,,,,,,,UNMEASURED,False,
RAAA,ARCA,FUND_ETF_ETN,,,,,,,,UNMEASURED,False,
RAAR,ARCA,FUND_ETF_ETN,,,,,,,,UNMEASURED,False,
RAASY,OTC,NOT_TRADABLE,,,,,,,,UNMEASURED,False,
RAAX,ARCA,FUND_ETF_ETN,,,,,,,,UNMEASURED,False,
RAAY,ARCA,FUND_ETF_ETN,,,,,,,,UNMEASURED,False,
RAC,NYSE,ELIGIBLE,10.565,140083.350465,13274.1,1.0,0.0051,2.37,9.47,D-1,False,
RAC.U,NYSE,WARRANT,,,,,,,,UNMEASURED,False,
RAC.WS,NYSE,MALFORMED_OR_NON_COMMON_SYMBOL,,,,,,,,UNMEASURED,False,
RACC,NASDAQ,ELIGIBLE,10.92,1873997.387035,155573.8,1.0,0.0026,36.54,,UNMEASURED,True,3587
RACD,NASDAQ,ELIGIBLE,12.01,55649.486285000006,4629.65,1.0,0.0026,151.9,511.97,D-1,False,
RACE,NYSE,ELIGIBLE,411.33,145568561.4595,353469.65,1.0,0.859,2.8,5.63,D-1,True,776
RACK,BATS,FUND_ETF_ETN,,,,,,,,UNMEASURED,False,
RADCQ,OTC,NOT_TRADABLE,,,,,,,,UNMEASURED,False,
RADX,NASDAQ,ELIGIBLE,1.65,127442.44977500002,65701.55,1.0,0.0538,0.0,827.0,D-1,False,
RAFE,ARCA,FUND_ETF_ETN,,,,,,,,UNMEASURED,False,
RAIL,NASDAQ,ELIGIBLE,7.18,2075230.8469999998,288923.1,1.0,0.4179,0.0,20.82,D-1,True,3538
RAIN,NASDAQ,ELIGIBLE,0.9996,3649892.437605,3612517.35,1.0,0.3128,0.0,168.16,D-1,False,
RAINW,NASDAQ,WARRANT,,,,,,,,UNMEASURED,False,
RAL,NYSE,ELIGIBLE,70.03,98173756.477,1483590.95,1.0,0.8718,5.02,26.57,D-1,True,1002
RAM,BATS,FUND_ETF_ETN,,,,,,,,UNMEASURED,False,
RAML,BATS,FUND_ETF_ETN,,,,,,,,UNMEASURED,False,
RAMP,NYSE,ELIGIBLE,37.5,48614287.44,1289967.05,1.0,0.6974,0.0,2.67,D-1,True,1516
RAMZ,BATS,FUND_ETF_ETN,,,,,,,,UNMEASURED,False,
RAND,NASDAQ,ELIGIBLE,10.0,24127.908945,2282.15,1.0,0.0128,0.0,480.0,D-1,False,
RANG,NASDAQ,ELIGIBLE,10.86,9360.333015,865.7,1.0,0.0026,0.0,9.2,D-1,False,
RANGR,NASDAQ,RIGHT,,,,,,,,UNMEASURED,False,
RANGU,NASDAQ,UNIT,,,,,,,,UNMEASURED,False,
RANI,NASDAQ,ELIGIBLE,0.7592,442291.804115,541642.5,1.0,0.3897,0.0,54.16,D-1,False,
RANK,ARCA,FUND_ETF_ETN,,,,,,,,UNMEASURED,False,
RAPP,NASDAQ,ELIGIBLE,33.91,18551837.84925,452138.9,1.0,0.7513,10.2,69.09,D-1,True,2201
RARE,NASDAQ,ELIGIBLE,14.5,107703006.50899999,6888097.15,1.0,0.9897,13.98,14.0,D-1,True,949
RAUS,NASDAQ,FUND_ETF_ETN,,,,,,,,UNMEASURED,False,
RAVE,NASDAQ,ELIGIBLE,2.29,232440.06775,93386.75,1.0,0.259,0.0,88.55,D-1,False,
RAVI,ARCA,FUND_ETF_ETN,,,,,,,,UNMEASURED,False,
RAYA,NASDAQ,ELIGIBLE,1.92,391743.63615499996,196256.85,1.0,0.0615,0.0,706.37,D-1,False,
RB,BATS,FUND_ETF_ETN,,,,,,,,UNMEASURED,False,
RBA,NYSE,ELIGIBLE,82.49,145168114.22149998,1740500.85,1.0,0.8744,5.39,12.63,D-1,True,777
RBB,NASDAQ,ELIGIBLE,26.58,2580183.48125,97196.95,1.0,0.3,0.0,24.46,D-1,True,3403
RBBN,NASDAQ,ELIGIBLE,1.8,1747543.791,956904.0,1.0,0.741,0.0,55.25,D-1,True,3623
RBC,NYSE,ELIGIBLE,506.1,157124715.0,318758.5,1.0,0.6846,2.67,29.02,D-1,True,741
RBCAA,NASDAQ,ELIGIBLE,94.55,11345460.129999999,119309.45,1.0,0.1487,0.0,52.98,D-1,True,2525
RBCN,OTC,NOT_TRADABLE,,,,,,,,UNMEASURED,False,
RBGLY,OTC,NOT_LISTED_EXCHANGE,,,,,,,,UNMEASURED,False,
RBIL,NASDAQ,FUND_ETF_ETN,,,,,,,,UNMEASURED,False,
RBKB,NASDAQ,ELIGIBLE,12.83,2117161.1835000003,164156.25,1.0,0.1538,0.0,27.13,D-1,True,3521
RBLD,ARCA,FUND_ETF_ETN,,,,,,,,UNMEASURED,False,
RBLU,BATS,FUND_ETF_ETN,,,,,,,,UNMEASURED,False,
RBLX,NYSE,ELIGIBLE,46.44,508260607.89,11003245.7,1.0,1.0,17.09,5.29,D-1,True,236
RBLY,ARCA,FUND_ETF_ETN,,,,,,,,UNMEASURED,False,
RBNE,NASDAQ,ELIGIBLE,2.37,79313.31474999999,31202.05,1.0,0.059,0.0,278.47,D-1,False,
RBOT,OTC,NOT_TRADABLE,,,,,,,,UNMEASURED,False,
RBOTW,OTC,NOT_TRADABLE,,,,,,,,UNMEASURED,False,
RBRK,NYSE,ELIGIBLE,109.55,368725147.8225,3719865.95,1.0,0.9897,12.95,15.21,D-1,True,342
RBTC,OTC,NOT_TRADABLE,,,,,,,,UNMEASURED,False,
RBTCW,OTC,NOT_TRADABLE,,,,,,,,UNMEASURED,False,
RBUF,BATS,FUND_ETF_ETN,,,,,,,,UNMEASURED,False,
RC,NYSE,ELIGIBLE,1.33,2035328.5350000001,1260295.05,1.0,0.8564,35.49,72.73,D-1,True,3548
RC.PRC,NYSE,MALFORMED_OR_NON_COMMON_SYMBOL,,,,,,,,UNMEASURED,False,
RC.PRE,NYSE,MALFORMED_OR_NON_COMMON_SYMBOL,,,,,,,,UNMEASURED,False,
RCAC,OTC,NOT_TRADABLE,,,,,,,,UNMEASURED,False,
RCACW,OTC,NOT_TRADABLE,,,,,,,,UNMEASURED,False,
RCAT,NASDAQ,ELIGIBLE,6.66,64739568.791250005,8708673.35,1.0,0.9974,14.91,14.93,D-1,True,1290
RCAX,NASDAQ,FUND_ETF_ETN,,,,,,,,UNMEASURED,False,
RCBC,NASDAQ,NOT_SEC_REGISTRANT_TICKER,,,,,,,,UNMEASURED,False,
RCD,NYSE,NOTE_DEBT,,,,,,,,UNMEASURED,False,
RCEL,NASDAQ,ELIGIBLE,11.84,3186333.465,294732.5,1.0,0.5128,0.0,63.12,D-1,True,3294
RCG,AMEX,FUND_ETF_ETN,,,,,,,,UNMEASURED,False,
RCGE,NASDAQ,FUND_ETF_ETN,,,,,,,,UNMEASURED,False,
RCI,NYSE,ELIGIBLE,31.91,41168586.1045,1166675.4,1.0,0.9231,3.21,6.22,D-1,True,1640
RCKT,NASDAQ,ELIGIBLE,2.595,6168627.2815,1841655.7,1.0,0.8974,18.8,37.81,D-1,True,2913
RCKY,NASDAQ,ELIGIBLE,45.1,2266125.997,51430.6,1.0,0.2077,0.0,118.98,D-1,True,3474
RCL,NYSE,ELIGIBLE,242.7,724948359.5684999,2909467.35,1.0,1.0,13.32,12.42,D-1,True,164
RCLO,ARCA,FUND_ETF_ETN,,,,,,,,UNMEASURED,False,
RCLR,ARCA,FUND_ETF_ETN,,,,,,,,UNMEASURED,False,
RCLY,ARCA,FUND_ETF_ETN,,,,,,,,UNMEASURED,False,
RCMT,NASDAQ,ELIGIBLE,40.47,3421433.50375,84285.85,1.0,0.1333,0.0,156.64,D-1,True,3259
RCON,NASDAQ,ELIGIBLE,1.4,385665.9905,280492.0,1.0,0.2795,0.0,178.7,D-1,False,
RCRUY,OTC,NOT_LISTED_EXCHANGE,,,,,,,,UNMEASURED,False,
RCS,NYSE,FUND_ETF_ETN,,,,,,,,UNMEASURED,False,
RCT,NASDAQ,ELIGIBLE,0.197,147622.359975,706317.9,1.0,0.1513,0.0,333.16,D-1,False,
RCTR,ARCA,FUND_ETF_ETN,,,,,,,,UNMEASURED,False,
RCUS,NYSE,ELIGIBLE,24.97,45814581.7305,1740223.9,1.0,0.9513,10.03,18.27,D-1,True,1563
RDAC,NASDAQ,ELIGIBLE,5.56,8471601.4245,1322447.5,1.0,0.0308,0.0,271.49,D-1,True,2719
RDACR,NASDAQ,RIGHT,,,,,,,,UNMEASURED,False,
RDACU,NASDAQ,UNIT,,,,,,,,UNMEASURED,False,
RDAG,NASDAQ,ELIGIBLE,10.43,681916.72275,65352.6,1.0,0.0103,0.0,9.58,D-1,False,
RDAGU,NASDAQ,UNIT,,,,,,,,UNMEASURED,False,
RDAGW,NASDAQ,WARRANT,,,,,,,,UNMEASURED,False,
RDCM,NASDAQ,ELIGIBLE,10.36,1101729.1775,108521.0,1.0,0.1205,0.0,38.69,D-1,True,3881
RDDC,BATS,FUND_ETF_ETN,,,,,,,,UNMEASURED,False,
RDDT,NYSE,ELIGIBLE,149.84,729889368.5655,4750201.35,1.0,0.9769,10.21,12.12,D-1,True,163
RDFI,BATS,FUND_ETF_ETN,,,,,,,,UNMEASURED,False,
RDGT,NASDAQ,ELIGIBLE,0.83,472854.5316,553001.95,1.0,0.7051,99.56,222.0,D-1,False,
RDHL,NASDAQ,ELIGIBLE,0.5,5016456.2893,5646542.9,1.0,0.1154,0.0,294.37,D-1,False,
RDI,NASDAQ,ELIGIBLE,1.99,169828.98799999998,78613.9,1.0,0.0359,0.0,102.56,D-1,False,
RDIB,NASDAQ,ELIGIBLE,16.37,1439687.84475,86500.95,1.0,0.1256,42.07,833.16,D-1,True,3723
RDIV,ARCA,FUND_ETF_ETN,,,,,,,,UNMEASURED,False,
RDN,NYSE,ELIGIBLE,33.02,41258083.4945,1169901.15,1.0,0.9154,3.02,12.05,D-1,True,1635
RDNT,NASDAQ,ELIGIBLE,70.79,59744810.1105,800020.4,1.0,0.7205,3.54,35.06,D-1,True,1362
RDNW,NASDAQ,ELIGIBLE,6.06,386674.17949999997,67317.9,1.0,0.0718,0.0,91.55,D-1,False,
RDOG,ARCA,FUND_ETF_ETN,,,,,,,,UNMEASURED,False,
RDTE,BATS,FUND_ETF_ETN,,,,,,,,UNMEASURED,False,
RDTL,NASDAQ,FUND_ETF_ETN,,,,,,,,UNMEASURED,False,
RDTY,NASDAQ,FUND_ETF_ETN,,,,,,,,UNMEASURED,False,
RDVI,BATS,FUND_ETF_ETN,,,,,,,,UNMEASURED,False,
RDVT,NASDAQ,ELIGIBLE,78.55,17103878.1875,226645.75,1.0,0.3897,0.0,56.45,D-1,True,2247
RDVY,NASDAQ,FUND_ETF_ETN,,,,,,,,UNMEASURED,False,
RDW,NYSE,ELIGIBLE,11.62,139670432.898,12734374.1,1.0,1.0,21.07,8.56,D-1,True,805
RDWR,NASDAQ,ELIGIBLE,29.56,8996454.5625,307438.55,1.0,0.3846,0.0,63.97,D-1,True,2678
RDWU,BATS,FUND_ETF_ETN,,,,,,,,UNMEASURED,False,
RDY,NYSE,ELIGIBLE,12.25,35309728.831,2928819.3,1.0,0.9385,4.08,8.18,D-1,True,1748
RDYY,ARCA,FUND_ETF_ETN,,,,,,,,UNMEASURED,False,
RDZN,NASDAQ,ELIGIBLE,1.4,475208.25375,377689.35,1.0,0.5718,0.0,72.76,D-1,False,
RDZNW,NASDAQ,WARRANT,,,,,,,,UNMEASURED,False,
REA,AMEX,ELIGIBLE,11.04,1376153.5445,118875.0,1.0,0.2308,0.0,159.72,D-1,True,3751
REAI,NASDAQ,FUND_ETF_ETN,,,,,,,,UNMEASURED,False,
REAL,NASDAQ,ELIGIBLE,8.83,24094834.8905,2502510.35,1.0,0.9667,11.04,11.09,D-1,True,2023
REAX,NASDAQ,ELIGIBLE,16.43,17799671.1765,972772.8,1.0,0.9128,20.9,60.05,D-1,True,2229
REBN,NASDAQ,ELIGIBLE,1.24,213831.94673000003,239074.15,1.0,0.2513,0.0,283.73,D-1,False,
RECI,ARCA,FUND_ETF_ETN,,,,,,,,UNMEASURED,False,
RECS,ARCA,FUND_ETF_ETN,,,,,,,,UNMEASURED,False,
RECT,NASDAQ,ELIGIBLE,1.38,5468.852080000001,4134.95,1.0,0.0051,0.0,710.21,D-1,False,
REEAF,OTC,NOT_TRADABLE,,,,,,,,UNMEASURED,False,
REED,AMEX,ELIGIBLE,0.651,179818.135415,232015.4,1.0,0.0795,0.0,285.81,D-1,False,
REET,ARCA,FUND_ETF_ETN,,,,,,,,UNMEASURED,False,
REEWF,OTC,NOT_TRADABLE,,,,,,,,UNMEASURED,False,
REF,NYSE,ELIGIBLE,12.37,8368002.273,584389.65,1.0,0.5333,1.28,83.33,D-1,True,2729
REFA,ARCA,FUND_ETF_ETN,,,,,,,,UNMEASURED,False,
REFI,NASDAQ,ELIGIBLE,10.65,2419429.8329999996,222501.3,1.0,0.3333,0.0,18.84,D-1,True,3448
REFR,NASDAQ,ELIGIBLE,0.7914,3327305.1579750003,5079064.25,1.0,0.3821,25.7,249.25,D-1,False,
REG,NASDAQ,ELIGIBLE,73.23,104567015.8375,1407735.0,1.0,0.8487,2.74,4.13,D-1,True,964
REGCO,NASDAQ,PREFERRED,,,,,,,,UNMEASURED,False,
REGCP,NASDAQ,PREFERRED,,,,,,,,UNMEASURED,False,
REGL,BATS,FUND_ETF_ETN,,,,,,,,UNMEASURED,False,
REGN,NASDAQ,ELIGIBLE,788.04,558466326.0035,697578.85,1.0,0.9231,5.05,17.11,D-1,True,209
REGS,ARCA,FUND_ETF_ETN,,,,,,,,UNMEASURED,False,
REI,AMEX,ELIGIBLE,1.36,6030149.6785,4089305.05,1.0,0.9718,36.65,73.27,D-1,True,2932
REIT,NASDAQ,FUND_ETF_ETN,,,,,,,,UNMEASURED,False,
REIX,ARCA,FUND_ETF_ETN,,,,,,,,UNMEASURED,False,
REK,ARCA,FUND_ETF_ETN,,,,,,,,UNMEASURED,False,
REKR,NASDAQ,ELIGIBLE,0.404,816696.9041500001,1715811.4,1.0,0.7718,2.4,14.33,D-1,False,
RELL,NASDAQ,ELIGIBLE,17.52,1814606.1199999999,107030.1,1.0,0.2256,0.0,50.06,D-1,True,3602
RELX,NYSE,ELIGIBLE,33.52,71301206.5455,2067459.3,1.0,0.9436,2.98,2.98,D-1,True,1216
RELY,NASDAQ,ELIGIBLE,21.36,102461668.875,4436641.4,1.0,0.9872,7.06,7.05,D-1,True,979
REM,BATS,FUND_ETF_ETN,,,,,,,,UNMEASURED,False,
REMC,ARCA,FUND_ETF_ETN,,,,,,,,UNMEASURED,False,
REMG,NASDAQ,FUND_ETF_ETN,,,,,,,,UNMEASURED,False,
REMX,ARCA,FUND_ETF_ETN,,,,,,,,UNMEASURED,False,
RENEF,OTC,NOT_TRADABLE,,,,,,,,UNMEASURED,False,
RENO,OTC,NOT_TRADABLE,,,,,,,,UNMEASURED,False,
RENT,NASDAQ,ELIGIBLE,1.67,601431.157,270624.3,1.0,0.2692,0.0,180.03,D-1,False,
RENX,NASDAQ,ELIGIBLE,2.2,249274.783,132006.55,1.0,0.459,0.0,166.7,D-1,False,
REPL,NASDAQ,ELIGIBLE,12.36,26959396.435500003,1962916.55,1.0,0.9769,12.01,14.02,D-1,True,1933
REPX,AMEX,ELIGIBLE,40.55,17440763.4215,411818.75,1.0,0.4513,0.0,51.6,D-1,True,2239
RERE,NYSE,ELIGIBLE,3.94,2555034.9215,632435.6,1.0,0.8308,0.0,25.55,D-1,True,3414
RES,NYSE,ELIGIBLE,5.84,12080396.0625,1970781.35,1.0,0.8513,8.53,17.08,D-1,True,2485
RESM,ARCA,FUND_ETF_ETN,,,,,,,,UNMEASURED,False,
RETL,ARCA,FUND_ETF_ETN,,,,,,,,UNMEASURED,False,
RETO,NASDAQ,ELIGIBLE,0.1526,54466193.08654,61719552.7,1.0,1.0,38.68,16.17,D-1,False,
REVB,NASDAQ,ELIGIBLE,0.8702,22016.41433,23360.15,1.0,0.0795,0.0,151.72,D-1,False,
REVRQ,OTC,NOT_TRADABLE,,,,,,,,UNMEASURED,False,
REVS,ARCA,FUND_ETF_ETN,,,,,,,,UNMEASURED,False,
REW,ARCA,FUND_ETF_ETN,,,,,,,,UNMEASURED,False,
REX,NYSE,ELIGIBLE,42.84,10001540.596,234551.8,1.0,0.2821,1.47,62.3,D-1,True,2616
REXC,NASDAQ,FUND_ETF_ETN,,,,,,,,UNMEASURED,False,
REXR,NYSE,ELIGIBLE,37.47,106939604.11649999,2821988.15,1.0,0.9821,5.34,6.67,D-1,True,950
REXR.PRB,NYSE,MALFORMED_OR_NON_COMMON_SYMBOL,,,,,,,,UNMEASURED,False,
REXR.PRC,NYSE,MALFORMED_OR_NON_COMMON_SYMBOL,,,,,,,,UNMEASURED,False,
REYN,NASDAQ,ELIGIBLE,21.67,37362305.14650001,1685890.85,1.0,0.8846,2.33,11.61,D-1,True,1712
REZ,ARCA,FUND_ETF_ETN,,,,,,,,UNMEASURED,False,
REZI,NYSE,ELIGIBLE,18.27,41200275.05,2175208.85,1.0,0.8513,5.37,13.52,D-1,True,1638
RF,NYSE,ELIGIBLE,27.62,237970762.4605,8199120.65,1.0,1.0,5.46,3.63,D-1,True,535
RF.PRC,NYSE,MALFORMED_OR_NON_COMMON_SYMBOL,,,,,,,,UNMEASURED,False,
RF.PRE,NYSE,MALFORMED_OR_NON_COMMON_SYMBOL,,,,,,,,UNMEASURED,False,
RF.PRF,NYSE,MALFORMED_OR_NON_COMMON_SYMBOL,,,,,,,,UNMEASURED,False,
RFAI,NASDAQ,ELIGIBLE,32.75,786776.1394999999,20104.15,1.0,0.0564,0.0,2099.45,D-1,False,
RFAIR,NASDAQ,RIGHT,,,,,,,,UNMEASURED,False,
RFAIU,NASDAQ,UNIT,,,,,,,,UNMEASURED,False,
RFAM,NASDAQ,ELIGIBLE,10.005,376731.855415,37675.3,1.0,0.0103,0.0,,UNMEASURED,False,
RFAMR,NASDAQ,RIGHT,,,,,,,,UNMEASURED,False,
RFAMU,NASDAQ,UNIT,,,,,,,,UNMEASURED,False,
RFCI,ARCA,FUND_ETF_ETN,,,,,,,,UNMEASURED,False,
RFDA,ARCA,FUND_ETF_ETN,,,,,,,,UNMEASURED,False,
RFFC,ARCA,FUND_ETF_ETN,,,,,,,,UNMEASURED,False,
RFG,ARCA,FUND_ETF_ETN,,,,,,,,UNMEASURED,False,
RFI,NYSE,FUND_ETF_ETN,,,,,,,,UNMEASURED,False,
RFIL,NASDAQ,ELIGIBLE,8.28,2565454.5080000004,285420.65,1.0,0.2718,0.0,48.08,D-1,True,3413
RFIX,ARCA,FUND_ETF_ETN,,,,,,,,UNMEASURED,False,
RFL,NYSE,ELIGIBLE,1.94,323666.1385,145640.3,1.0,0.0897,0.0,276.2,D-1,False,
RFLR,ARCA,FUND_ETF_ETN,,,,,,,,UNMEASURED,False,
RFM,NYSE,FUND_ETF_ETN,,,,,,,,UNMEASURED,False,
RFMZ,NYSE,FUND_ETF_ETN,,,,,,,,UNMEASURED,False,
RFV,ARCA,FUND_ETF_ETN,,,,,,,,UNMEASURED,False,
RGA,NYSE,ELIGIBLE,248.65,79864613.9615,322332.1,1.0,0.4,0.0,22.52,D-1,True,1136
RGC,NASDAQ,NOT_TRADABLE,,,,,,,,UNMEASURED,False,
RGCO,NASDAQ,ELIGIBLE,21.28,295381.30075000005,13815.9,1.0,0.0436,0.0,343.31,D-1,False,
RGEF,ARCA,FUND_ETF_ETN,,,,,,,,UNMEASURED,False,
RGEN,NASDAQ,ELIGIBLE,189.68,181434390.0095,1029979.2,1.0,0.8231,5.29,19.61,D-1,True,673
RGFC,OTC,NOT_TRADABLE,,,,,,,,UNMEASURED,False,
RGLD,NASDAQ,ELIGIBLE,252.49,169797775.1285,667196.25,1.0,0.7846,3.37,19.16,D-1,True,701
RGLO,NASDAQ,FUND_ETF_ETN,,,,,,,,UNMEASURED,False,
RGNT,AMEX,ELIGIBLE,1.98,111888.1385,54570.95,1.0,0.0359,0.0,579.55,D-1,False,
RGNX,NASDAQ,ELIGIBLE,7.4,11126732.00125,1320312.75,1.0,0.8436,6.86,20.71,D-1,True,2549
RGP,NASDAQ,ELIGIBLE,3.785,1388363.48325,345519.65,1.0,0.3641,0.0,26.59,D-1,True,3746
RGR,NYSE,ELIGIBLE,42.81,8353615.859999999,209241.85,1.0,0.4641,0.0,35.53,D-1,True,2730
RGRLF,OTC,NOT_TRADABLE,,,,,,,,UNMEASURED,False,
RGS,NASDAQ,ELIGIBLE,28.365,277221.13922,9850.7,1.0,0.0667,0.0,140.86,D-1,False,
RGT,NYSE,ELIGIBLE,14.48,262625.81336,17719.55,1.0,0.0256,0.0,100.09,D-1,False,
RGTC,BATS,FUND_ETF_ETN,,,,,,,,UNMEASURED,False,
RGTI,NASDAQ,ELIGIBLE,16.66,263711979.78724998,16813646.25,1.0,1.0,17.92,5.98,D-1,True,484
RGTIW,NASDAQ,WARRANT,,,,,,,,UNMEASURED,False,
RGTU,BATS,FUND_ETF_ETN,,,,,,,,UNMEASURED,False,
RGTX,NASDAQ,FUND_ETF_ETN,,,,,,,,UNMEASURED,False,
RGTZ,NASDAQ,FUND_ETF_ETN,,,,,,,,UNMEASURED,False,
RGYY,NASDAQ,FUND_ETF_ETN,,,,,,,,UNMEASURED,False,
RH,NYSE,ELIGIBLE,124.17,113936931.807,852412.75,1.0,0.7487,6.49,29.23,D-1,True,916
RHEP,OTC,NOT_TRADABLE,,,,,,,,UNMEASURED,False,
RHEPZ,OTC,NOT_TRADABLE,,,,,,,,UNMEASURED,False,
RHHBY,OTC,NOT_LISTED_EXCHANGE,,,,,,,,UNMEASURED,False,
RHI,NYSE,ELIGIBLE,36.89,73625077.778,1875211.1,1.0,0.9205,6.85,15.05,D-1,True,1197
RHLD,NYSE,ELIGIBLE,125.38,16754595.459999999,130839.0,1.0,0.3,0.0,176.79,D-1,True,2257
RHP,NYSE,ELIGIBLE,121.46,72454726.2345,592390.8,1.0,0.5564,0.83,26.91,D-1,True,1209
RHRX,ARCA,FUND_ETF_ETN,,,,,,,,UNMEASURED,False,
RHTX,ARCA,FUND_ETF_ETN,,,,,,,,UNMEASURED,False,
RIBB,NASDAQ,ELIGIBLE,8.515,603710.29235,57694.2,1.0,0.0103,0.0,,UNMEASURED,False,
RIBBR,NASDAQ,RIGHT,,,,,,,,UNMEASURED,False,
RIBBU,NASDAQ,UNIT,,,,,,,,UNMEASURED,False,
RICK,NASDAQ,ELIGIBLE,27.56,1360520.6575,47522.45,1.0,0.0692,0.0,140.57,D-1,True,3758
RICOY,OTC,NOT_LISTED_EXCHANGE,,,,,,,,UNMEASURED,False,
RIET,ARCA,FUND_ETF_ETN,,,,,,,,UNMEASURED,False,
RIFR,NASDAQ,FUND_ETF_ETN,,,,,,,,UNMEASURED,False,
RIG,NYSE,ELIGIBLE,5.38,249922166.20900002,43797943.15,1.0,1.0,18.75,18.75,D-1,True,514
RIGL,NASDAQ,ELIGIBLE,48.18,11172791.9015,238221.3,1.0,0.1974,0.0,63.66,D-1,True,2543
RIGS,ARCA,FUND_ETF_ETN,,,,,,,,UNMEASURED,False,
RILA,ARCA,FUND_ETF_ETN,,,,,,,,UNMEASURED,False,
RILY,NASDAQ,ELIGIBLE,5.71,3344326.437,527213.15,1.0,0.5949,0.0,35.24,D-1,True,3269
RILYG,NASDAQ,NOTE_DEBT,,,,,,,,UNMEASURED,False,
RILYL,NASDAQ,PREFERRED,,,,,,,,UNMEASURED,False,
RILYN,NASDAQ,NOTE_DEBT,,,,,,,,UNMEASURED,False,
RILYP,NASDAQ,PREFERRED,,,,,,,,UNMEASURED,False,
RILYT,NASDAQ,NOTE_DEBT,,,,,,,,UNMEASURED,False,
RILYZ,NASDAQ,NOTE_DEBT,,,,,,,,UNMEASURED,False,
RIME,NASDAQ,ELIGIBLE,0.1508,412389.35436,2019384.9,1.0,0.5974,6.25,128.03,D-1,False,
RINF,ARCA,FUND_ETF_ETN,,,,,,,,UNMEASURED,False,
RING,NASDAQ,FUND_ETF_ETN,,,,,,,,UNMEASURED,False,
RINT,NASDAQ,FUND_ETF_ETN,,,,,,,,UNMEASURED,False,
RIO,NYSE,ELIGIBLE,94.56,173950323.70450002,1752459.15,1.0,0.9692,3.69,3.71,D-1,True,691
RIOT,NASDAQ,ELIGIBLE,23.0,356329823.22875,16333063.0,1.0,1.0,19.68,4.39,D-1,True,356
RIOX,ARCA,FUND_ETF_ETN,,,,,,,,UNMEASURED,False,
RISE,ARCA,FUND_ETF_ETN,,,,,,,,UNMEASURED,False,
RISN,ARCA,FUND_ETF_ETN,,,,,,,,UNMEASURED,False,
RISR,ARCA,FUND_ETF_ETN,,,,,,,,UNMEASURED,False,
RITA,ARCA,FUND_ETF_ETN,,,,,,,,UNMEASURED,False,
RITM,NYSE,ELIGIBLE,9.13,52630772.8885,5456907.7,1.0,0.9974,8.89,10.98,D-1,True,1457
RITM.PRA,NYSE,MALFORMED_OR_NON_COMMON_SYMBOL,,,,,,,,UNMEASURED,False,
RITM.PRB,NYSE,MALFORMED_OR_NON_COMMON_SYMBOL,,,,,,,,UNMEASURED,False,
RITM.PRC,NYSE,MALFORMED_OR_NON_COMMON_SYMBOL,,,,,,,,UNMEASURED,False,
RITM.PRD,NYSE,MALFORMED_OR_NON_COMMON_SYMBOL,,,,,,,,UNMEASURED,False,
RITM.PRE,NYSE,MALFORMED_OR_NON_COMMON_SYMBOL,,,,,,,,UNMEASURED,False,
RITM.PRF,NYSE,MALFORMED_OR_NON_COMMON_SYMBOL,,,,,,,,UNMEASURED,False,
RITRF,OTC,NOT_TRADABLE,,,,,,,,UNMEASURED,False,
RIV,NYSE,FUND_ETF_ETN,,,,,,,,UNMEASURED,False,
RIV.PRA,NYSE,MALFORMED_OR_NON_COMMON_SYMBOL,,,,,,,,UNMEASURED,False,
RIVC,BATS,FUND_ETF_ETN,,,,,,,,UNMEASURED,False,
RIVN,NASDAQ,ELIGIBLE,15.47,336222538.05974996,21559848.5,1.0,1.0,12.9,6.48,D-1,True,388
RIZE,BATS,FUND_ETF_ETN,,,,,,,,UNMEASURED,False,
RJCA,ARCA,FUND_ETF_ETN,,,,,,,,UNMEASURED,False,
RJDI,ARCA,FUND_ETF_ETN,,,,,,,,UNMEASURED,False,
RJET,NASDAQ,ELIGIBLE,18.7,1555816.063,87427.9,1.0,0.1205,0.0,77.58,D-1,True,3683
RJF,NYSE,ELIGIBLE,159.87,238655057.08,1411695.5,1.0,0.9,3.75,10.01,D-1,True,533
RJMI,ARCA,FUND_ETF_ETN,,,,,,,,UNMEASURED,False,
RJVI,ARCA,FUND_ETF_ETN,,,,,,,,UNMEASURED,False,
RKDA,NASDAQ,ELIGIBLE,0.3076,588524.02186,1396702.4,1.0,0.2692,0.0,143.81,D-1,False,
RKLB,NASDAQ,ELIGIBLE,73.95,1331675567.6905,20116510.35,1.0,1.0,17.46,3.39,D-1,True,79
RKLX,NASDAQ,FUND_ETF_ETN,,,,,,,,UNMEASURED,False,
RKLZ,NASDAQ,FUND_ETF_ETN,,,,,,,,UNMEASURED,False,
RKNG,NASDAQ,FUND_ETF_ETN,,,,,,,,UNMEASURED,False,
RKSG,ARCA,FUND_ETF_ETN,,,,,,,,UNMEASURED,False,
RKT,NYSE,ELIGIBLE,12.17,428635184.7005,33181191.5,1.0,1.0,16.36,8.29,D-1,True,286
RKTO,NASDAQ,ELIGIBLE,0.7678,320887.890245,412043.05,1.0,0.2462,0.0,88.33,D-1,False,
RKX,BATS,FUND_ETF_ETN,,,,,,,,UNMEASURED,False,
RL,NYSE,ELIGIBLE,357.1,250611121.1735,731785.35,1.0,0.9641,6.11,17.25,D-1,True,513
RLAY,NASDAQ,ELIGIBLE,17.47,66874245.8625,3581140.65,1.0,0.9462,9.69,11.33,D-1,True,1268
RLGT,AMEX,ELIGIBLE,8.58,3723667.196,411660.7,1.0,0.3385,0.0,63.95,D-1,True,3215
RLI,NYSE,ELIGIBLE,55.69,38749449.910500005,644364.25,1.0,0.6692,2.69,12.53,D-1,True,1681
RLJ,NYSE,ELIGIBLE,11.2,18431680.1135,1682161.7,1.0,0.8923,4.52,9.07,D-1,True,2205
RLJ.PRA,NYSE,MALFORMED_OR_NON_COMMON_SYMBOL,,,,,,,,UNMEASURED,False,
RLMD,NASDAQ,ELIGIBLE,3.83,5457664.108,1290397.45,1.0,0.8667,13.13,26.49,D-1,True,2999
RLTY,NYSE,FUND_ETF_ETN,,,,,,,,UNMEASURED,False,
RLX,NYSE,RIGHT,,,,,,,,UNMEASURED,False,
RLY,ARCA,FUND_ETF_ETN,,,,,,,,UNMEASURED,False,
RLYB,NASDAQ,ELIGIBLE,16.62,174742.932,10335.75,1.0,0.041,0.0,230.97,D-1,False,
RM,NYSE,ELIGIBLE,30.82,2140363.161,66773.25,1.0,0.1615,0.0,100.81,D-1,True,3515
RMBC,BATS,FUND_ETF_ETN,,,,,,,,UNMEASURED,False,
RMBI,NASDAQ,ELIGIBLE,15.26,2438387.9274999998,154518.3,1.0,0.1436,0.0,62.23,D-1,True,3442
RMBS,NASDAQ,ELIGIBLE,105.16,252753475.01149997,2792901.9,1.0,0.9667,9.53,22.75,D-1,True,510
RMBX,BATS,FUND_ETF_ETN,,,,,,,,UNMEASURED,False,
RMCA,ARCA,FUND_ETF_ETN,,,,,,,,UNMEASURED,False,
RMCF,NASDAQ,ELIGIBLE,0.85,32642.70768,34447.25,1.0,0.0333,0.0,,UNMEASURED,False,
RMCO,NASDAQ,ELIGIBLE,2.61,29463.952195,10783.9,1.0,0.0077,0.0,327.41,D-1,False,
RMCOW,NASDAQ,WARRANT,,,,,,,,UNMEASURED,False,
RMD,NYSE,ELIGIBLE,222.0,298346897.882,1316292.95,1.0,0.6487,0.9,20.02,D-1,True,434
RMGCF,OTC,NOT_TRADABLE,,,,,,,,UNMEASURED,False,
RMGUF,OTC,NOT_TRADABLE,,,,,,,,UNMEASURED,False,
RMGWF,OTC,NOT_TRADABLE,,,,,,,,UNMEASURED,False,
RMHY,ARCA,FUND_ETF_ETN,,,,,,,,UNMEASURED,False,
RMI,NYSE,FUND_ETF_ETN,,,,,,,,UNMEASURED,False,
RMIX,NASDAQ,ELIGIBLE,13.05,6760621.506999999,462570.4,1.0,0.6487,11.41,41.2,D-1,True,2858
RML,NASDAQ,ELIGIBLE,6.38,1989069.999230769,198807.61538461538,0.65,0.0487,0.0,,UNMEASURED,True,3556
RMM,NYSE,FUND_ETF_ETN,,,,,,,,UNMEASURED,False,
RMME,BATS,FUND_ETF_ETN,,,,,,,,UNMEASURED,False,
RMMZ,NYSE,FUND_ETF_ETN,,,,,,,,UNMEASURED,False,
RMNI,NASDAQ,ELIGIBLE,4.22,2164300.094,446026.85,1.0,0.4154,0.0,23.64,D-1,True,3506
RMNY,ARCA,FUND_ETF_ETN,,,,,,,,UNMEASURED,False,
RMOP,ARCA,FUND_ETF_ETN,,,,,,,,UNMEASURED,False,
RMR,NASDAQ,ELIGIBLE,18.53,1756246.193,91901.35,1.0,0.3051,0.0,56.34,D-1,True,3621
RMRC,ARCA,FUND_ETF_ETN,,,,,,,,UNMEASURED,False,
RMSG,NASDAQ,ELIGIBLE,0.2916,331792.11861,1128427.6,1.0,0.2821,0.0,137.07,D-1,False,
RMSGW,NASDAQ,WARRANT,,,,,,,,UNMEASURED,False,
RMT,NYSE,ELIGIBLE,13.47,1404256.065,103114.75,1.0,0.2821,0.0,44.59,D-1,True,3737
RMTI,NASDAQ,ELIGIBLE,8.37,187448.8535,22770.95,1.0,0.0282,0.0,249.26,D-1,False,
RNA,NASDAQ,ELIGIBLE,8.29,4136238.0039999997,402236.4,1.0,0.459,0.0,30.23,D-1,True,3161
RNAC,NASDAQ,ELIGIBLE,7.41,1008007.868,121424.2,1.0,0.3487,0.0,93.64,D-1,True,3921
RNAQ,NASDAQ,ELIGIBLE,10.09,177554.26777777777,17497.11111111111,0.45,0.0103,4.9,,UNMEASURED,False,
RNAQU,NASDAQ,UNIT,,,,,,,,UNMEASURED,False,
RNAQW,NASDAQ,WARRANT,,,,,,,,UNMEASURED,False,
RNAZ,NASDAQ,ELIGIBLE,1.69,185447.64825,96285.9,1.0,0.041,0.0,538.76,D-1,False,
RND,ARCA,FUND_ETF_ETN,,,,,,,,UNMEASURED,False,
RNECY,OTC,NOT_LISTED_EXCHANGE,,,,,,,,UNMEASURED,False,
RNEM,NASDAQ,FUND_ETF_ETN,,,,,,,,UNMEASURED,False,
RNG,NYSE,ELIGIBLE,76.16,118922962.3365,1611459.4,1.0,0.9487,8.33,20.39,D-1,True,894
RNGE,OTC,NOT_TRADABLE,,,,,,,,UNMEASURED,False,
RNGR,NYSE,ELIGIBLE,15.51,2875302.6735000005,173685.15,1.0,0.1974,0.0,83.56,D-1,True,3350
RNGT,NASDAQ,ELIGIBLE,10.17,274622.70700000005,27002.5,1.0,0.0,,,UNMEASURED,False,
RNGTU,NASDAQ,UNIT,,,,,,,,UNMEASURED,False,
RNGTW,NASDAQ,WARRANT,,,,,,,,UNMEASURED,False,
RNIN,NASDAQ,FUND_ETF_ETN,,,,,,,,UNMEASURED,False,
RNLXY,OTC,NOT_TRADABLE,,,,,,,,UNMEASURED,False,
RNMBY,OTC,NOT_TRADABLE,,,,,,,,UNMEASURED,False,
RNMN,BATS,FUND_ETF_ETN,,,,,,,,UNMEASURED,False,
RNP,NYSE,FUND_ETF_ETN,,,,,,,,UNMEASURED,False,
RNR,NYSE,ELIGIBLE,325.6,98237575.471,299304.55,1.0,0.7026,1.53,10.21,D-1,True,1001
RNR.PRF,NYSE,MALFORMED_OR_NON_COMMON_SYMBOL,,,,,,,,UNMEASURED,False,
RNR.PRG,NYSE,MALFORMED_OR_NON_COMMON_SYMBOL,,,,,,,,UNMEASURED,False,
RNRG,NASDAQ,FUND_ETF_ETN,,,,,,,,UNMEASURED,False,
RNST,NYSE,ELIGIBLE,40.35,28354679.232,699721.4,1.0,0.6846,2.47,6.2,D-1,True,1897
RNTX,NASDAQ,ELIGIBLE,0.7484,308380.406115,387167.45,1.0,0.3,0.0,175.77,D-1,False,
RNTY,ARCA,FUND_ETF_ETN,,,,,,,,UNMEASURED,False,
RNW,NASDAQ,ELIGIBLE,6.84,12741950.488499999,1864140.35,1.0,0.7205,0.0,14.61,D-1,True,2451
RNXT,NASDAQ,ELIGIBLE,1.66,3079597.30775,1501443.8,1.0,0.559,0.0,59.71,D-1,True,3312
ROAD,NASDAQ,ELIGIBLE,93.71,55715063.653,569883.7,1.0,0.8,7.02,33.65,D-1,True,1410
ROAM,ARCA,FUND_ETF_ETN,,,,,,,,UNMEASURED,False,
ROBN,BATS,FUND_ETF_ETN,,,,,,,,UNMEASURED,False,
ROBO,ARCA,FUND_ETF_ETN,,,,,,,,UNMEASURED,False,
ROBT,NASDAQ,FUND_ETF_ETN,,,,,,,,UNMEASURED,False,
ROBX,ARCA,FUND_ETF_ETN,,,,,,,,UNMEASURED,False,
ROC,NASDAQ,ELIGIBLE,4.05,84936.4605,20112.45,1.0,0.0385,0.0,,UNMEASURED,False,
ROCK,NASDAQ,ELIGIBLE,40.56,15554284.711000001,358707.05,1.0,0.6077,1.9,39.41,D-1,True,2311
ROCQ,NASDAQ,FUND_ETF_ETN,,,,,,,,UNMEASURED,False,
ROCY,NASDAQ,FUND_ETF_ETN,,,,,,,,UNMEASURED,False,
RODM,ARCA,FUND_ETF_ETN,,,,,,,,UNMEASURED,False,
ROE,NASDAQ,FUND_ETF_ETN,,,,,,,,UNMEASURED,False,
ROG,NYSE,ELIGIBLE,137.76,28982563.840500005,220928.45,1.0,0.3205,0.72,26.56,D-1,True,1880
ROII,OTC,NOT_TRADABLE,,,,,,,,UNMEASURED,False,
ROIV,NASDAQ,ELIGIBLE,35.8,412746153.6855,10859444.85,1.0,1.0,8.38,6.96,D-1,True,304
ROK,NYSE,ELIGIBLE,434.15,305375542.6405,721145.75,1.0,0.8462,3.45,12.18,D-1,True,420
ROKT,ARCA,FUND_ETF_ETN,,,,,,,,UNMEASURED,False,
ROKU,NASDAQ,ELIGIBLE,152.68,343850280.185,2216885.55,1.0,0.9974,3.6,3.94,D-1,True,370
ROL,NYSE,ELIGIBLE,30.03,220127228.963,6590735.8,1.0,1.0,6.71,3.33,D-1,True,566
ROLR,AMEX,ELIGIBLE,5.9,199775.1315,32468.3,1.0,0.1462,0.0,420.1,D-1,False,
ROM,ARCA,FUND_ETF_ETN,,,,,,,,UNMEASURED,False,
ROMA,NASDAQ,ELIGIBLE,8.9662,23758.002535,2613.1,1.0,0.0026,0.0,524.26,D-1,False,
ROMO,BATS,FUND_ETF_ETN,,,,,,,,UNMEASURED,False,
RONB,NYSE,FUND_ETF_ETN,,,,,,,,UNMEASURED,False,
ROOT,NASDAQ,ELIGIBLE,47.4,10600523.28125,204685.55,1.0,0.3513,2.07,54.24,D-1,True,2580
ROP,NASDAQ,ELIGIBLE,358.56,322847223.9185,839070.6,1.0,0.9128,4.05,11.34,D-1,True,403
ROPE,ARCA,FUND_ETF_ETN,,,,,,,,UNMEASURED,False,
ROSC,ARCA,FUND_ETF_ETN,,,,,,,,UNMEASURED,False,
ROST,NASDAQ,ELIGIBLE,236.12,464872392.2125,2025141.7,1.0,0.9923,5.12,10.2,D-1,True,261
ROUS,ARCA,FUND_ETF_ETN,,,,,,,,UNMEASURED,False,
RPAR,ARCA,FUND_ETF_ETN,,,,,,,,UNMEASURED,False,
RPAY,NASDAQ,ELIGIBLE,3.79,1560365.654,414363.35,1.0,0.4641,0.0,26.05,D-1,True,3682
RPC,NYSE,ELIGIBLE,7.54,4852277.3335,600532.55,1.0,0.7487,6.68,13.46,D-1,True,3070
RPD,NASDAQ,ELIGIBLE,11.62,24776624.437,2071836.7,1.0,0.8641,9.99,24.56,D-1,True,2001
RPG,ARCA,FUND_ETF_ETN,,,,,,,,UNMEASURED,False,
RPGL,NASDAQ,ELIGIBLE,13.0,224118.81549999997,10931.0,1.0,0.0538,0.0,1460.02,D-1,False,
RPID,NASDAQ,ELIGIBLE,1.11,371541.077,311648.8,1.0,0.141,0.0,133.34,D-1,False,
RPM,NYSE,ELIGIBLE,100.44,159999703.348,1564515.85,1.0,0.7564,2.5,9.07,D-1,True,734
RPMT,OTC,NOT_TRADABLE,,,,,,,,UNMEASURED,False,
RPRX,NASDAQ,ELIGIBLE,58.21,197643003.8485,3293432.45,1.0,0.9821,2.58,3.44,D-1,True,629
RPT,NYSE,ELIGIBLE,10.81,234730.67399999997,19620.95,1.0,0.0487,0.0,141.58,D-1,False,
RPT.PRC,NYSE,MALFORMED_OR_NON_COMMON_SYMBOL,,,,,,,,UNMEASURED,False,
RPV,ARCA,FUND_ETF_ETN,,,,,,,,UNMEASURED,False,
RQI,NYSE,FUND_ETF_ETN,,,,,,,,UNMEASURED,False,
RR,NASDAQ,ELIGIBLE,1.7,8292269.411749999,4786281.45,1.0,0.9923,29.91,60.06,D-1,True,2735
RRBI,NASDAQ,ELIGIBLE,101.0,6618490.65975,64918.7,1.0,0.1051,0.0,51.84,D-1,True,2874
RRC,NYSE,ELIGIBLE,38.61,105326517.55649999,2616904.75,1.0,0.9923,6.51,6.5,D-1,True,960
RREV,NASDAQ,ELIGIBLE,9.92,478917.1325,48313.5,1.0,0.0026,0.0,,UNMEASURED,False,
RREVU,NASDAQ,UNIT,,,,,,,,UNMEASURED,False,
RREVW,NASDAQ,WARRANT,,,,,,,,UNMEASURED,False,
RRGB,NASDAQ,ELIGIBLE,7.25,2276914.4267499996,290826.9,1.0,0.2692,0.0,27.29,D-1,True,3471
RRR,NASDAQ,ELIGIBLE,50.76,65230965.703999996,1221535.75,1.0,0.8308,3.98,6.94,D-1,True,1282
RRX,NYSE,ELIGIBLE,156.18,193844115.65350002,1248233.2,1.0,0.9179,5.43,18.71,D-1,True,639
RS,NYSE,ELIGIBLE,387.28,119977861.324,306586.15,1.0,0.4897,1.29,26.32,D-1,True,892
RSBA,BATS,FUND_ETF_ETN,,,,,,,,UNMEASURED,False,
RSBT,BATS,FUND_ETF_ETN,,,,,,,,UNMEASURED,False,
RSBY,BATS,FUND_ETF_ETN,,,,,,,,UNMEASURED,False,
RSDE,ARCA,FUND_ETF_ETN,,,,,,,,UNMEASURED,False,
RSEE,BATS,FUND_ETF_ETN,,,,,,,,UNMEASURED,False,
RSF,NYSE,FUND_ETF_ETN,,,,,,,,UNMEASURED,False,
RSG,NYSE,ELIGIBLE,212.1,375159132.742,1706824.2,1.0,0.8513,2.36,8.0,D-1,True,336
RSI,NYSE,ELIGIBLE,19.87,85791699.6375,3645165.3,1.0,0.9923,10.04,9.98,D-1,True,1086
RSIT,BATS,FUND_ETF_ETN,,,,,,,,UNMEASURED,False,
RSJN,ARCA,FUND_ETF_ETN,,,,,,,,UNMEASURED,False,
RSKD,NYSE,ELIGIBLE,7.78,16375106.355500001,2378698.05,1.0,0.9513,12.72,12.75,D-1,True,2275
RSMC,ARCA,FUND_ETF_ETN,,,,,,,,UNMEASURED,False,
RSMR,ARCA,FUND_ETF_ETN,,,,,,,,UNMEASURED,False,
RSMV,ARCA,FUND_ETF_ETN,,,,,,,,UNMEASURED,False,
RSP,ARCA,FUND_ETF_ETN,,,,,,,,UNMEASURED,False,
RSPA,ARCA,FUND_ETF_ETN,,,,,,,,UNMEASURED,False,
RSPC,ARCA,FUND_ETF_ETN,,,,,,,,UNMEASURED,False,
RSPD,ARCA,FUND_ETF_ETN,,,,,,,,UNMEASURED,False,
RSPE,ARCA,FUND_ETF_ETN,,,,,,,,UNMEASURED,False,
RSPF,ARCA,FUND_ETF_ETN,,,,,,,,UNMEASURED,False,
RSPG,ARCA,FUND_ETF_ETN,,,,,,,,UNMEASURED,False,
RSPH,ARCA,FUND_ETF_ETN,,,,,,,,UNMEASURED,False,
RSPM,ARCA,FUND_ETF_ETN,,,,,,,,UNMEASURED,False,
RSPN,ARCA,FUND_ETF_ETN,,,,,,,,UNMEASURED,False,
RSPR,ARCA,FUND_ETF_ETN,,,,,,,,UNMEASURED,False,
RSPS,ARCA,FUND_ETF_ETN,,,,,,,,UNMEASURED,False,
RSPT,ARCA,FUND_ETF_ETN,,,,,,,,UNMEASURED,False,
RSPU,ARCA,FUND_ETF_ETN,,,,,,,,UNMEASURED,False,
RSSB,BATS,FUND_ETF_ETN,,,,,,,,UNMEASURED,False,
RSSE,ARCA,FUND_ETF_ETN,,,,,,,,UNMEASURED,False,
RSSL,ARCA,FUND_ETF_ETN,,,,,,,,UNMEASURED,False,
RSSS,NASDAQ,ELIGIBLE,2.11,109521.428,52423.7,1.0,0.1179,0.0,47.62,D-1,False,
RSST,BATS,FUND_ETF_ETN,,,,,,,,UNMEASURED,False,
RSSX,BATS,FUND_ETF_ETN,,,,,,,,UNMEASURED,False,
RSSY,BATS,FUND_ETF_ETN,,,,,,,,UNMEASURED,False,
RSVR,NASDAQ,ELIGIBLE,9.49,973290.30425,104020.0,1.0,0.0923,0.0,65.72,D-1,False,
RTAC,NASDAQ,ELIGIBLE,10.43,3323706.53975,317815.4,1.0,0.0308,0.0,9.57,D-1,True,3273
RTACU,NASDAQ,UNIT,,,,,,,,UNMEASURED,False,
RTACW,NASDAQ,WARRANT,,,,,,,,UNMEASURED,False,
RTAI,BATS,FUND_ETF_ETN,,,,,,,,UNMEASURED,False,
RTB,NASDAQ,ELIGIBLE,10.27,1677356.7865,184463.85,1.0,0.2231,0.0,296.59,D-1,True,3648
RTCJF,OTC,NOT_TRADABLE,,,,,,,,UNMEASURED,False,
RTH,NASDAQ,FUND_ETF_ETN,,,,,,,,UNMEASURED,False,
RTO,NYSE,ELIGIBLE,20.64,40765238.1575,1827783.55,1.0,0.959,2.44,4.86,D-1,True,1649
RTOO,ARCA,FUND_ETF_ETN,,,,,,,,UNMEASURED,False,
RTRE,BATS,FUND_ETF_ETN,,,,,,,,UNMEASURED,False,
RTX,NYSE,ELIGIBLE,189.4,768241840.849,3900997.7,1.0,0.9949,5.05,6.64,D-1,True,155
RTXG,NASDAQ,FUND_ETF_ETN,,,,,,,,UNMEASURED,False,
RTYY,NASDAQ,FUND_ETF_ETN,,,,,,,,UNMEASURED,False,
RUBI,NASDAQ,ELIGIBLE,1.13,554751.777,414446.7,1.0,0.3051,0.0,158.79,D-1,False,
RULE,BATS,FUND_ETF_ETN,,,,,,,,UNMEASURED,False,
RUM,NASDAQ,ELIGIBLE,8.36,49183564.19925,5841480.7,1.0,0.9872,11.89,11.94,D-1,True,1505
RUMBW,NASDAQ,WARRANT,,,,,,,,UNMEASURED,False,
RUN,NASDAQ,ELIGIBLE,8.11,65179101.916250005,7615885.85,1.0,1.0,16.56,12.48,D-1,True,1284
RUNN,NASDAQ,FUND_ETF_ETN,,,,,,,,UNMEASURED,False,
RUSC,NASDAQ,FUND_ETF_ETN,,,,,,,,UNMEASURED,False,
RUSHA,NASDAQ,ELIGIBLE,47.97,31351039.474,639282.55,1.0,0.6359,1.04,8.29,D-1,True,1822
RUSHB,NASDAQ,ELIGIBLE,55.19,12369270.757,227932.2,1.0,0.2051,0.0,83.88,D-1,True,2471
RVER,ARCA,FUND_ETF_ETN,,,,,,,,UNMEASURED,False,
RVI,NYSE,FUND_ETF_ETN,,,,,,,,UNMEASURED,False,
RVIC,OTC,NOT_TRADABLE,,,,,,,,UNMEASURED,False,
RVII,NYSE,FUND_ETF_ETN,,,,,,,,UNMEASURED,False,
RVLPQ,OTC,NOT_TRADABLE,,,,,,,,UNMEASURED,False,
RVLV,NYSE,ELIGIBLE,21.2,18861067.8425,894777.45,1.0,0.7026,4.78,14.39,D-1,True,2189
RVMD,NASDAQ,ELIGIBLE,204.97,411801495.236,2053786.85,1.0,0.9821,12.13,18.71,D-1,True,305
RVMDW,NASDAQ,WARRANT,,,,,,,,UNMEASURED,False,
RVNL,NASDAQ,FUND_ETF_ETN,,,,,,,,UNMEASURED,False,
RVNU,ARCA,FUND_ETF_ETN,,,,,,,,UNMEASURED,False,
RVP,AMEX,ELIGIBLE,0.6998,10432.887695000001,15001.35,1.0,0.0154,0.0,242.24,D-1,False,
RVPH,OTC,NOT_TRADABLE,,,,,,,,UNMEASURED,False,
RVSB,NASDAQ,ELIGIBLE,5.95,314009.78500000003,55887.0,1.0,0.1308,0.0,50.34,D-1,False,
RVSN,NASDAQ,ELIGIBLE,3.61,72940.3493,18698.4,1.0,0.041,0.0,501.39,D-1,False,
RVSNW,NASDAQ,WARRANT,,,,,,,,UNMEASURED,False,
RVT,NYSE,ELIGIBLE,17.27,3220691.8725,180840.9,1.0,0.4,0.0,28.94,D-1,True,3288
RVTY,NYSE,ELIGIBLE,151.11,301695148.0475,2197582.9,1.0,0.8333,6.06,12.25,D-1,True,428
RW,ARCA,FUND_ETF_ETN,,,,,,,,UNMEASURED,False,
RWAY,NASDAQ,ELIGIBLE,6.78,2337674.0515,351752.9,1.0,0.3564,0.0,22.32,D-1,True,3464
RWAYI,NASDAQ,NOTE_DEBT,,,,,,,,UNMEASURED,False,
RWAYL,NASDAQ,NOTE_DEBT,,,,,,,,UNMEASURED,False,
RWEM,ARCA,FUND_ETF_ETN,,,,,,,,UNMEASURED,False,
RWEOY,OTC,NOT_LISTED_EXCHANGE,,,,,,,,UNMEASURED,False,
RWIN,NASDAQ,FUND_ETF_ETN,,,,,,,,UNMEASURED,False,
RWJ,ARCA,FUND_ETF_ETN,,,,,,,,UNMEASURED,False,
RWK,ARCA,FUND_ETF_ETN,,,,,,,,UNMEASURED,False,
RWL,ARCA,FUND_ETF_ETN,,,,,,,,UNMEASURED,False,
RWLC,ARCA,FUND_ETF_ETN,,,,,,,,UNMEASURED,False,
RWM,ARCA,FUND_ETF_ETN,,,,,,,,UNMEASURED,False,
RWO,ARCA,FUND_ETF_ETN,,,,,,,,UNMEASURED,False,
RWR,ARCA,FUND_ETF_ETN,,,,,,,,UNMEASURED,False,
RWT,NYSE,ELIGIBLE,3.72,30426040.821,8002715.65,1.0,0.9846,13.58,27.14,D-1,True,1844
RWT.PRA,NYSE,MALFORMED_OR_NON_COMMON_SYMBOL,,,,,,,,UNMEASURED,False,
RWTN,NYSE,NOTE_DEBT,,,,,,,,UNMEASURED,False,
RWTO,NYSE,NOTE_DEBT,,,,,,,,UNMEASURED,False,
RWTP,NYSE,NOTE_DEBT,,,,,,,,UNMEASURED,False,
RWTQ,NYSE,NOTE_DEBT,,,,,,,,UNMEASURED,False,
RWTS,NYSE,NOTE_DEBT,,,,,,,,UNMEASURED,False,
RWX,ARCA,FUND_ETF_ETN,,,,,,,,UNMEASURED,False,
RXD,ARCA,FUND_ETF_ETN,,,,,,,,UNMEASURED,False,
RXI,ARCA,FUND_ETF_ETN,,,,,,,,UNMEASURED,False,
RXL,ARCA,FUND_ETF_ETN,,,,,,,,UNMEASURED,False,
RXO,NYSE,ELIGIBLE,19.79,34606502.511,1730648.75,1.0,0.8872,5.05,12.58,D-1,True,1759
RXRX,NASDAQ,ELIGIBLE,3.74,70035493.50299999,19342119.15,1.0,1.0,26.17,26.45,D-1,True,1234
RXST,NASDAQ,ELIGIBLE,4.66,4857444.4615,825896.7,1.0,0.7026,10.04,31.91,D-1,True,3068
RXT,NASDAQ,ELIGIBLE,3.97,25858490.382,7386880.25,1.0,0.9949,24.41,24.57,D-1,True,1962
RY,NYSE,ELIGIBLE,201.98,207177546.966,1012254.15,1.0,0.9026,2.17,4.48,D-1,True,608
RYAAY,NASDAQ,ELIGIBLE,55.3,80560398.75549999,1491271.5,1.0,0.9179,3.68,10.0,D-1,True,1128
RYAM,NYSE,ELIGIBLE,8.57,6181320.938,723577.25,1.0,0.6282,1.15,23.29,D-1,True,2909
RYAN,NYSE,ELIGIBLE,37.89,84822647.7865,2134993.8,1.0,0.959,5.41,7.96,D-1,True,1094
RYCEY,OTC,NOT_LISTED_EXCHANGE,,,,,,,,UNMEASURED,False,
RYDE,AMEX,ELIGIBLE,0.7005,608492.887355,856084.95,1.0,0.1974,1.42,137.01,D-1,False,
RYET,NASDAQ,ELIGIBLE,0.859,128987.95427999999,145059.7,1.0,0.0282,0.0,528.59,D-1,False,
RYKKY,OTC,NOT_LISTED_EXCHANGE,,,,,,,,UNMEASURED,False,
RYLD,ARCA,FUND_ETF_ETN,,,,,,,,UNMEASURED,False,
RYLG,ARCA,FUND_ETF_ETN,,,,,,,,UNMEASURED,False,
RYM,NASDAQ,ELIGIBLE,21.76,346635.1455,14972.7,1.0,0.0462,0.0,577.4,D-1,False,
RYN,NYSE,ELIGIBLE,18.88,77884137.44399999,3864527.6,1.0,0.9949,5.28,5.28,D-1,True,1149
RYOJ,NASDAQ,ELIGIBLE,3.73,83434.05725,17970.05,1.0,0.0154,0.0,505.99,D-1,False,
RYTM,NASDAQ,ELIGIBLE,98.66,62969760.1745,625255.05,1.0,0.6308,3.31,28.7,D-1,True,1306
RYZ,NYSE,ELIGIBLE,23.85,11293319.7,457690.65,1.0,0.5103,4.17,16.86,D-1,True,2529
RZC,NYSE,NOTE_DEBT,,,,,,,,UNMEASURED,False,
RZG,ARCA,FUND_ETF_ETN,,,,,,,,UNMEASURED,False,
RZLT,NASDAQ,ELIGIBLE,3.9,6030251.803,1464520.75,1.0,0.9308,12.63,25.29,D-1,True,2931
RZLV,NASDAQ,ELIGIBLE,2.18,39201854.292,16341430.2,1.0,0.9949,44.28,45.26,D-1,True,1675
RZLVW,NASDAQ,WARRANT,,,,,,,,UNMEASURED,False,
RZV,ARCA,FUND_ETF_ETN,,,,,,,,UNMEASURED,False,
S,NYSE,ELIGIBLE,22.38,208095287.378,9515835.55,1.0,1.0,12.96,4.37,D-1,True,604
SA,NYSE,ELIGIBLE,30.3,16189501.7465,522082.5,1.0,0.6026,3.29,29.75,D-1,True,2284
SAA,ARCA,FUND_ETF_ETN,,,,,,,,UNMEASURED,False,
SAAQ,NASDAQ,ELIGIBLE,10.07,803320.11775,79667.0,1.0,0.0,,,UNMEASURED,False,
SAAQU,NASDAQ,UNIT,,,,,,,,UNMEASURED,False,
SAAQW,NASDAQ,WARRANT,,,,,,,,UNMEASURED,False,
SABA,NYSE,FUND_ETF_ETN,,,,,,,,UNMEASURED,False,
SABR,NASDAQ,ELIGIBLE,2.18,12897041.90475,5844184.4,1.0,0.9667,22.41,44.64,D-1,True,2443
SABS,NASDAQ,ELIGIBLE,3.29,1791791.637,519620.6,1.0,0.5795,14.49,29.32,D-1,True,3610
SABSW,NASDAQ,WARRANT,,,,,,,,UNMEASURED,False,
SAC,NYSE,ELIGIBLE,10.08,1766350.60011,174809.1,1.0,0.0051,4.96,29.69,D-1,True,3617
SAC.U,NYSE,WARRANT,,,,,,,,UNMEASURED,False,
SAC.WS,NYSE,MALFORMED_OR_NON_COMMON_SYMBOL,,,,,,,,UNMEASURED,False,
SACH,AMEX,ELIGIBLE,0.9149,160460.19436000002,171504.45,1.0,0.1026,0.0,48.73,D-1,False,
SAFE,NYSE,ELIGIBLE,12.26,6591248.85,478865.35,1.0,0.6385,4.05,20.34,D-1,True,2876
SAFRY,OTC,NOT_TRADABLE,,,,,,,,UNMEASURED,False,
SAFT,NASDAQ,ELIGIBLE,103.51,13169515.193,127323.25,1.0,0.2333,0.0,1.44,D-1,True,2435
SAFX,NASDAQ,ELIGIBLE,0.3731,1751888.197065,4176972.05,1.0,0.9538,40.53,63.67,D-1,False,
SAGP,ARCA,FUND_ETF_ETN,,,,,,,,UNMEASURED,False,
SAGT,NASDAQ,ELIGIBLE,0.6101,192757.56165,320383.3,1.0,0.1872,0.0,131.03,D-1,False,
SAGU,NYSE,ELIGIBLE,9.94,230188.2425,23013.35,1.0,0.0,,39.88,D-1,False,
SAGU.RT,NYSE,MALFORMED_OR_NON_COMMON_SYMBOL,,,,,,,,UNMEASURED,False,
SAGU.U,NYSE,WARRANT,,,,,,,,UNMEASURED,False,
SAGU.WS,NYSE,MALFORMED_OR_NON_COMMON_SYMBOL,,,,,,,,UNMEASURED,False,
SAH,NYSE,ELIGIBLE,64.95,22100661.65,314783.95,1.0,0.3333,0.0,58.49,D-1,True,2076
SAIA,NASDAQ,ELIGIBLE,324.22,123852170.853,358919.5,1.0,0.8769,9.7,23.45,D-1,True,873
SAIC,NASDAQ,ELIGIBLE,132.61,70774172.0945,545674.8,1.0,0.3769,0.76,31.36,D-1,True,1224
SAIH,NASDAQ,ELIGIBLE,30.545,521919.40025000006,20457.7,1.0,0.0615,0.0,479.54,D-1,False,
SAIHW,NASDAQ,WARRANT,,,,,,,,UNMEASURED,False,
SAIL,NASDAQ,ELIGIBLE,20.64,102911414.646,5209962.7,1.0,0.9974,12.48,9.43,D-1,True,975
SAJ,NYSE,NOTE_DEBT,,,,,,,,UNMEASURED,False,
SALI,ARCA,FUND_ETF_ETN,,,,,,,,UNMEASURED,False,
SALM,OTC,NOT_TRADABLE,,,,,,,,UNMEASURED,False,
SAM,NYSE,ELIGIBLE,163.77,45149586.510000005,265297.4,1.0,0.2897,0.0,58.62,D-1,True,1577
SAMG,NASDAQ,ELIGIBLE,10.3,999390.04825,102295.4,1.0,0.1692,0.0,94.26,D-1,False,
SAMM,ARCA,FUND_ETF_ETN,,,,,,,,UNMEASURED,False,
SAMO,NYSE,ELIGIBLE,9.8,336216.47157894744,34287.26315789474,0.95,0.0,,10.2,D-1,False,
SAMO.U,NYSE,WARRANT,,,,,,,,UNMEASURED,False,
SAMO.WS,NYSE,MALFORMED_OR_NON_COMMON_SYMBOL,,,,,,,,UNMEASURED,False,
SAMT,ARCA,FUND_ETF_ETN,,,,,,,,UNMEASURED,False,
SAN,NYSE,ELIGIBLE,14.42,110185118.6135,7535045.8,1.0,0.9846,4.12,6.98,D-1,True,936
SANA,NASDAQ,ELIGIBLE,2.945,12624126.756000001,3891766.7,1.0,0.9897,16.92,33.84,D-1,True,2456
SANG,NASDAQ,ELIGIBLE,3.55,21380.392675,5798.25,1.0,0.0,,532.75,D-1,False,
SANM,NASDAQ,ELIGIBLE,224.77,123290798.1085,605294.95,1.0,0.7821,5.26,38.46,D-1,True,875
SANW,OTC,NOT_TRADABLE,,,,,,,,UNMEASURED,False,
SAP,NYSE,ELIGIBLE,210.68,417108778.8065,1958933.9,1.0,0.9872,4.72,3.07,D-1,True,300
SAPH,ARCA,NOT_SEC_REGISTRANT_TICKER,,,,,,,,UNMEASURED,False,
SAR,NYSE,ELIGIBLE,17.11,2582584.016,146376.45,1.0,0.3667,0.0,40.77,D-1,True,3401
SARK,NASDAQ,FUND_ETF_ETN,,,,,,,,UNMEASURED,False,
SARO,NYSE,ELIGIBLE,22.74,89301572.988,3819600.0,1.0,0.9949,6.7,4.43,D-1,True,1057
SASS,ARCA,FUND_ETF_ETN,,,,,,,,UNMEASURED,False,
SATA,NASDAQ,PREFERRED,,,,,,,,UNMEASURED,False,
SATL,NASDAQ,ELIGIBLE,6.17,26117208.651499998,4998086.6,1.0,0.9872,24.13,16.09,D-1,True,1956
SATLW,NASDAQ,WARRANT,,,,,,,,UNMEASURED,False,
SATO,BATS,FUND_ETF_ETN,,,,,,,,UNMEASURED,False,
SAUG,BATS,FUND_ETF_ETN,,,,,,,,UNMEASURED,False,
SAV,NYSE,NOTE_DEBT,,,,,,,,UNMEASURED,False,
SAWG,ARCA,FUND_ETF_ETN,,,,,,,,UNMEASURED,False,
SAWS,ARCA,FUND_ETF_ETN,,,,,,,,UNMEASURED,False,
SAX,NYSE,NOTE_DEBT,,,,,,,,UNMEASURED,False,
SAXPY,OTC,NOT_LISTED_EXCHANGE,,,,,,,,UNMEASURED,False,
SAY,NYSE,NOTE_DEBT,,,,,,,,UNMEASURED,False,
SAZ,NYSE,NOTE_DEBT,,,,,,,,UNMEASURED,False,
SB,NYSE,ELIGIBLE,8.14,14372024.948499998,1661587.6,1.0,0.9385,6.17,12.32,D-1,True,2371
SB.PRC,NYSE,MALFORMED_OR_NON_COMMON_SYMBOL,,,,,,,,UNMEASURED,False,
SB.PRD,NYSE,MALFORMED_OR_NON_COMMON_SYMBOL,,,,,,,,UNMEASURED,False,
SBAC,NASDAQ,ELIGIBLE,166.15,174358062.145,961036.0,1.0,0.8846,5.11,10.84,D-1,True,689
SBAR,ARCA,FUND_ETF_ETN,,,,,,,,UNMEASURED,False,
SBB,ARCA,FUND_ETF_ETN,,,,,,,,UNMEASURED,False,
SBC,NASDAQ,ELIGIBLE,4.9,964778.27975,210088.1,1.0,0.2513,0.0,73.41,D-1,False,
SBCF,NASDAQ,ELIGIBLE,33.03,27083868.374,802707.0,1.0,0.8462,3.02,6.06,D-1,True,1927
SBCWW,NASDAQ,WARRANT,,,,,,,,UNMEASURED,False,
SBDS,OTC,NOT_TRADABLE,,,,,,,,UNMEASURED,False,
SBET,NASDAQ,ELIGIBLE,9.63,81775482.5935,9054834.5,1.0,0.9949,15.46,10.38,D-1,True,1118
SBEVW,OTC,NOT_TRADABLE,,,,,,,,UNMEASURED,False,
SBFG,NASDAQ,ELIGIBLE,29.86,484220.80925000005,16594.65,1.0,0.0795,0.0,182.79,D-1,False,
SBFM,NASDAQ,ELIGIBLE,0.8426,188321.21534,185418.85,1.0,0.1692,0.0,153.62,D-1,False,
SBFMW,NASDAQ,WARRANT,,,,,,,,UNMEASURED,False,
SBGI,NASDAQ,ELIGIBLE,12.78,6093467.281,449015.9,1.0,0.5179,0.0,11.73,D-1,True,2922
SBGSY,OTC,NOT_LISTED_EXCHANGE,,,,,,,,UNMEASURED,False,
SBH,NYSE,ELIGIBLE,17.18,20355908.866499998,1252466.7,1.0,0.7769,5.8,8.79,D-1,True,2139
SBI,NYSE,FUND_ETF_ETN,,,,,,,,UNMEASURED,False,
SBIG,OTC,NOT_TRADABLE,,,,,,,,UNMEASURED,False,
SBIL,ARCA,FUND_ETF_ETN,,,,,,,,UNMEASURED,False,
SBIO,ARCA,FUND_ETF_ETN,,,,,,,,UNMEASURED,False,
SBIT,ARCA,FUND_ETF_ETN,,,,,,,,UNMEASURED,False,
SBLK,NASDAQ,ELIGIBLE,29.54,57912037.874,1863993.1,1.0,0.9923,6.75,5.04,D-1,True,1385
SBMT,AMEX,ELIGIBLE,8.46,595779.5645,71977.65,1.0,0.1077,0.0,279.22,D-1,False,
SBND,ARCA,FUND_ETF_ETN,,,,,,,,UNMEASURED,False,
SBNY,OTC,NOT_TRADABLE,,,,,,,,UNMEASURED,False,
SBNYL,OTC,NOT_TRADABLE,,,,,,,,UNMEASURED,False,
SBR,NYSE,ELIGIBLE,71.79,1803364.6719999998,24413.35,1.0,0.0949,0.0,116.44,D-1,True,3608
SBRA,NASDAQ,ELIGIBLE,19.85,49412888.9405,2432277.85,1.0,0.9077,2.55,5.08,D-1,True,1501
SBS,NYSE,ELIGIBLE,5.18,47291726.352,9219234.75,1.0,0.9051,9.65,19.5,D-1,True,1532
SBSI,NYSE,ELIGIBLE,31.09,4221953.8975,133373.4,1.0,0.1692,0.0,56.11,D-1,True,3151
SBSW,NYSE,ELIGIBLE,10.61,68769722.4485,5812204.35,1.0,0.9795,9.46,9.48,D-1,True,1249
SBTU,BATS,FUND_ETF_ETN,,,,,,,,UNMEASURED,False,
SBUX,NASDAQ,ELIGIBLE,94.86,669936993.6255,6772856.65,1.0,1.0,7.41,2.66,D-1,True,175
SBXE,NYSE,ELIGIBLE,10.1,402924.754,39893.4,1.0,0.0,,9.9,D-1,False,
SBXE.U,NYSE,WARRANT,,,,,,,,UNMEASURED,False,
SBXE.WS,NYSE,MALFORMED_OR_NON_COMMON_SYMBOL,,,,,,,,UNMEASURED,False,
SCA,NASDAQ,FUND_ETF_ETN,,,,,,,,UNMEASURED,False,
SCAG,NASDAQ,ELIGIBLE,0.2375,185312.378045,760644.25,1.0,0.1282,0.0,378.76,D-1,False,
SCAGW,NASDAQ,WARRANT,,,,,,,,UNMEASURED,False,
SCAP,ARCA,FUND_ETF_ETN,,,,,,,,UNMEASURED,False,
SCATU,NASDAQ,UNIT,,,,,,,,UNMEASURED,False,
SCAU,BATS,FUND_ETF_ETN,,,,,,,,UNMEASURED,False,
SCC,ARCA,FUND_ETF_ETN,,,,,,,,UNMEASURED,False,
SCCD,AMEX,NOTE_DEBT,,,,,,,,UNMEASURED,False,
SCCE,AMEX,NOTE_DEBT,,,,,,,,UNMEASURED,False,
SCCF,AMEX,NOTE_DEBT,,,,,,,,UNMEASURED,False,
SCCG,AMEX,NOTE_DEBT,,,,,,,,UNMEASURED,False,
SCCO,NYSE,ELIGIBLE,203.92,218963242.0375,1091225.3,1.0,0.8256,3.82,20.51,D-1,True,570
SCCR,ARCA,FUND_ETF_ETN,,,,,,,,UNMEASURED,False,
SCD,NYSE,FUND_ETF_ETN,,,,,,,,UNMEASURED,False,
SCDS,NASDAQ,FUND_ETF_ETN,,,,,,,,UNMEASURED,False,
SCDV,ARCA,FUND_ETF_ETN,,,,,,,,UNMEASURED,False,
SCE.PRG,NYSE,MALFORMED_OR_NON_COMMON_SYMBOL,,,,,,,,UNMEASURED,False,
SCE.PRL,NYSE,MALFORMED_OR_NON_COMMON_SYMBOL,,,,,,,,UNMEASURED,False,
SCE.PRM,NYSE,MALFORMED_OR_NON_COMMON_SYMBOL,,,,,,,,UNMEASURED,False,
SCE.PRN,NYSE,MALFORMED_OR_NON_COMMON_SYMBOL,,,,,,,,UNMEASURED,False,
SCEC,BATS,NOT_SEC_REGISTRANT_TICKER,,,,,,,,UNMEASURED,False,
SCEP,BATS,FUND_ETF_ETN,,,,,,,,UNMEASURED,False,
SCGLY,OTC,NOT_LISTED_EXCHANGE,,,,,,,,UNMEASURED,False,
SCHA,ARCA,FUND_ETF_ETN,,,,,,,,UNMEASURED,False,
SCHB,ARCA,FUND_ETF_ETN,,,,,,,,UNMEASURED,False,
SCHC,ARCA,FUND_ETF_ETN,,,,,,,,UNMEASURED,False,
SCHD,ARCA,FUND_ETF_ETN,,,,,,,,UNMEASURED,False,
SCHE,ARCA,FUND_ETF_ETN,,,,,,,,UNMEASURED,False,
SCHF,ARCA,FUND_ETF_ETN,,,,,,,,UNMEASURED,False,
SCHG,ARCA,FUND_ETF_ETN,,,,,,,,UNMEASURED,False,
SCHH,ARCA,FUND_ETF_ETN,,,,,,,,UNMEASURED,False,
SCHI,ARCA,FUND_ETF_ETN,,,,,,,,UNMEASURED,False,
SCHJ,ARCA,FUND_ETF_ETN,,,,,,,,UNMEASURED,False,
SCHK,ARCA,FUND_ETF_ETN,,,,,,,,UNMEASURED,False,
SCHL,NASDAQ,ELIGIBLE,32.35,16088231.1595,454892.35,1.0,0.9128,15.56,22.12,D-1,True,2289
SCHM,ARCA,FUND_ETF_ETN,,,,,,,,UNMEASURED,False,
SCHO,ARCA,FUND_ETF_ETN,,,,,,,,UNMEASURED,False,
SCHP,ARCA,FUND_ETF_ETN,,,,,,,,UNMEASURED,False,
SCHQ,ARCA,FUND_ETF_ETN,,,,,,,,UNMEASURED,False,
SCHR,ARCA,FUND_ETF_ETN,,,,,,,,UNMEASURED,False,
SCHV,ARCA,FUND_ETF_ETN,,,,,,,,UNMEASURED,False,
SCHW,NYSE,ELIGIBLE,99.03,911164413.9375,8641266.4,1.0,1.0,5.05,2.51,D-1,True,125
SCHW.PRD,NYSE,MALFORMED_OR_NON_COMMON_SYMBOL,,,,,,,,UNMEASURED,False,
SCHW.PRJ,NYSE,MALFORMED_OR_NON_COMMON_SYMBOL,,,,,,,,UNMEASURED,False,
SCHX,ARCA,FUND_ETF_ETN,,,,,,,,UNMEASURED,False,
SCHY,ARCA,FUND_ETF_ETN,,,,,,,,UNMEASURED,False,
SCHYY,OTC,NOT_LISTED_EXCHANGE,,,,,,,,UNMEASURED,False,
SCHZ,ARCA,FUND_ETF_ETN,,,,,,,,UNMEASURED,False,
SCI,NYSE,ELIGIBLE,77.84,72380452.4535,905546.3,1.0,0.7769,2.24,6.41,D-1,True,1210
SCII,NASDAQ,ELIGIBLE,10.15,285377.754035,28149.7,1.0,0.0,,,UNMEASURED,False,
SCIIR,NASDAQ,RIGHT,,,,,,,,UNMEASURED,False,
SCIIU,NASDAQ,UNIT,,,,,,,,UNMEASURED,False,
SCIO,ARCA,FUND_ETF_ETN,,,,,,,,UNMEASURED,False,
SCJ,ARCA,FUND_ETF_ETN,,,,,,,,UNMEASURED,False,
SCJL,BATS,FUND_ETF_ETN,,,,,,,,UNMEASURED,False,
SCJN,BATS,FUND_ETF_ETN,,,,,,,,UNMEASURED,False,
SCKT,NASDAQ,ELIGIBLE,0.4824,48834.7606,86527.3,1.0,0.1282,0.0,202.06,D-1,False,
SCL,NYSE,ELIGIBLE,64.53,9564140.6365,153227.5,1.0,0.1231,0.0,76.48,D-1,True,2644
SCLX,NASDAQ,ELIGIBLE,4.89,158841.02975000002,30445.95,1.0,0.0667,0.0,388.76,D-1,False,
SCLXW,NASDAQ,WARRANT,,,,,,,,UNMEASURED,False,
SCLZ,BATS,FUND_ETF_ETN,,,,,,,,UNMEASURED,False,
SCM,NYSE,ELIGIBLE,7.65,1347648.8244999999,161953.35,1.0,0.2795,0.0,104.68,D-1,True,3765
SCMB,ARCA,FUND_ETF_ETN,,,,,,,,UNMEASURED,False,
SCMC,BATS,FUND_ETF_ETN,,,,,,,,UNMEASURED,False,
SCMWY,OTC,NOT_LISTED_EXCHANGE,,,,,,,,UNMEASURED,False,
SCMY,BATS,FUND_ETF_ETN,,,,,,,,UNMEASURED,False,
SCNI,NASDAQ,ELIGIBLE,1.55,7248410.4485,3346384.8,1.0,0.2026,0.0,212.47,D-1,True,2811
SCNM,BATS,FUND_ETF_ETN,,,,,,,,UNMEASURED,False,
SCNX,NASDAQ,ELIGIBLE,0.2774,489410.89544,1545829.75,1.0,0.2564,0.0,121.99,D-1,False,
SCO,ARCA,FUND_ETF_ETN,,,,,,,,UNMEASURED,False,
SCOP,ARCA,ELIGIBLE,12.14,674685.728,56233.2,1.0,0.0821,9.43,58.05,D-1,False,
SCOR,NASDAQ,ELIGIBLE,4.91,218404.03999999998,43266.7,1.0,0.0615,0.0,,UNMEASURED,False,
SCOW,BATS,FUND_ETF_ETN,,,,,,,,UNMEASURED,False,
SCPQ,NASDAQ,ELIGIBLE,10.05,168015.053,16718.25,1.0,0.0,,,UNMEASURED,False,
SCPQU,NASDAQ,UNIT,,,,,,,,UNMEASURED,False,
SCPQW,NASDAQ,WARRANT,,,,,,,,UNMEASURED,False,
SCPS,OTC,NOT_TRADABLE,,,,,,,,UNMEASURED,False,
SCPX,OTC,NOT_TRADABLE,,,,,,,,UNMEASURED,False,
SCSB,BATS,FUND_ETF_ETN,,,,,,,,UNMEASURED,False,
SCSC,NASDAQ,ELIGIBLE,58.3,15370798.546,268116.55,1.0,0.3333,0.0,36.58,D-1,True,2318
SCSE,BATS,FUND_ETF_ETN,,,,,,,,UNMEASURED,False,
SCTX,NASDAQ,ELIGIBLE,21.28,11128447.319,379834.0,1.0,0.6821,12.94,66.38,D-1,True,2547
SCUB,BATS,FUND_ETF_ETN,,,,,,,,UNMEASURED,False,
SCUS,ARCA,FUND_ETF_ETN,,,,,,,,UNMEASURED,False,
SCWO,NASDAQ,ELIGIBLE,3.01,194685.22925,62199.15,1.0,0.0513,0.0,230.12,D-1,False,
SCYB,ARCA,FUND_ETF_ETN,,,,,,,,UNMEASURED,False,
SCYX,NASDAQ,ELIGIBLE,4.39,280463.96725,58881.65,1.0,0.0872,0.0,,UNMEASURED,False,
SCZ,NASDAQ,FUND_ETF_ETN,,,,,,,,UNMEASURED,False,
SCZM,NASDAQ,ELIGIBLE,9.48,4494538.4775,476916.0,1.0,0.5795,0.0,21.84,D-1,True,3109
SD,NYSE,ELIGIBLE,13.87,5167544.4215,360985.85,1.0,0.5667,0.0,21.66,D-1,True,3026
SDA,NASDAQ,ELIGIBLE,0.524,955385.510605,1743809.5,1.0,0.4538,0.0,361.54,D-1,False,
SDAWW,NASDAQ,WARRANT,,,,,,,,UNMEASURED,False,
SDCCQ,OTC,NOT_TRADABLE,,,,,,,,UNMEASURED,False,
SDCI,ARCA,FUND_ETF_ETN,,,,,,,,UNMEASURED,False,
SDCP,ARCA,FUND_ETF_ETN,,,,,,,,UNMEASURED,False,
SDD,ARCA,FUND_ETF_ETN,,,,,,,,UNMEASURED,False,
SDEM,ARCA,FUND_ETF_ETN,,,,,,,,UNMEASURED,False,
SDEV,AMEX,ELIGIBLE,1.49,1980398.9429199998,1553091.3,1.0,0.9795,66.67,67.42,D-1,True,3560
SDFI,ARCA,FUND_ETF_ETN,,,,,,,,UNMEASURED,False,
SDG,NASDAQ,FUND_ETF_ETN,,,,,,,,UNMEASURED,False,
SDGR,NASDAQ,ELIGIBLE,28.85,57452587.952,2170120.2,1.0,0.9718,10.31,17.34,D-1,True,1391
SDHC,NYSE,ELIGIBLE,10.28,650182.738,59975.95,1.0,0.0846,0.0,254.96,D-1,False,
SDHI,NASDAQ,ELIGIBLE,10.53,445001.203955,42211.6,1.0,0.0,,,UNMEASURED,False,
SDHIR,NASDAQ,RIGHT,,,,,,,,UNMEASURED,False,
SDHIU,NASDAQ,UNIT,,,,,,,,UNMEASURED,False,
SDHY,NYSE,FUND_ETF_ETN,,,,,,,,UNMEASURED,False,
SDIV,ARCA,FUND_ETF_ETN,,,,,,,,UNMEASURED,False,
SDMF,ARCA,FUND_ETF_ETN,,,,,,,,UNMEASURED,False,
SDOG,ARCA,FUND_ETF_ETN,,,,,,,,UNMEASURED,False,
SDOT,NASDAQ,ELIGIBLE,11.01,1645546.664,128510.4,1.0,0.1231,0.0,165.14,D-1,True,3662
SDOW,ARCA,FUND_ETF_ETN,,,,,,,,UNMEASURED,False,
SDP,ARCA,FUND_ETF_ETN,,,,,,,,UNMEASURED,False,
SDRL,NYSE,ELIGIBLE,45.57,27079032.893,563740.5,1.0,0.3692,1.09,38.89,D-1,True,1928
SDS,ARCA,FUND_ETF_ETN,,,,,,,,UNMEASURED,False,
SDSI,NASDAQ,FUND_ETF_ETN,,,,,,,,UNMEASURED,False,
SDST,NASDAQ,ELIGIBLE,0.1098,10695339.98724,49797295.7,1.0,0.9333,36.51,18.26,D-1,False,
SDSTW,NASDAQ,WARRANT,,,,,,,,UNMEASURED,False,
SDTY,NASDAQ,FUND_ETF_ETN,,,,,,,,UNMEASURED,False,
SDUR,ARCA,FUND_ETF_ETN,,,,,,,,UNMEASURED,False,
SDVD,BATS,FUND_ETF_ETN,,,,,,,,UNMEASURED,False,
SDVKY,OTC,NOT_LISTED_EXCHANGE,,,,,,,,UNMEASURED,False,
SDVY,NASDAQ,FUND_ETF_ETN,,,,,,,,UNMEASURED,False,
SDY,ARCA,FUND_ETF_ETN,,,,,,,,UNMEASURED,False,
SDZNY,OTC,NOT_TRADABLE,,,,,,,,UNMEASURED,False,
SE,NYSE,ELIGIBLE,99.55,377975411.146,3505294.5,1.0,0.9923,6.01,3.49,D-1,True,333
SEA,ARCA,FUND_ETF_ETN,,,,,,,,UNMEASURED,False,
SEAC,OTC,NOT_TRADABLE,,,,,,,,UNMEASURED,False,
SEAL.PRA,NYSE,MALFORMED_OR_NON_COMMON_SYMBOL,,,,,,,,UNMEASURED,False,
SEAL.PRB,NYSE,MALFORMED_OR_NON_COMMON_SYMBOL,,,,,,,,UNMEASURED,False,
SEAT,NASDAQ,ELIGIBLE,3.7,460382.7965,97761.9,1.0,0.3026,0.0,133.62,D-1,False,
SEATW,NASDAQ,WARRANT,,,,,,,,UNMEASURED,False,
SEB,AMEX,ELIGIBLE,3969.18,56257445.281,13431.85,1.0,0.3128,0.13,110.12,D-1,True,1406
SECA,BATS,FUND_ETF_ETN,,,,,,,,UNMEASURED,False,
SECOY,OTC,NOT_TRADABLE,,,,,,,,UNMEASURED,False,
SECR,ARCA,FUND_ETF_ETN,,,,,,,,UNMEASURED,False,
SECT,BATS,FUND_ETF_ETN,,,,,,,,UNMEASURED,False,
SECU,BATS,FUND_ETF_ETN,,,,,,,,UNMEASURED,False,
SECZ,NYSE,ELIGIBLE,15.96,51494113.713,4368052.75,1.0,1.0,34.69,38.43,D-1,True,1470
SEDG,NASDAQ,ELIGIBLE,32.68,109807248.974,3169436.15,1.0,0.9487,12.28,16.98,D-1,True,941
SEED,NASDAQ,ELIGIBLE,0.91,14575.792775,14725.55,1.0,0.041,0.0,,UNMEASURED,False,
SEELQ,OTC,NOT_TRADABLE,,,,,,,,UNMEASURED,False,
SEEM,NASDAQ,FUND_ETF_ETN,,,,,,,,UNMEASURED,False,
SEER,NASDAQ,ELIGIBLE,1.91,391424.923,205512.8,1.0,0.2436,0.0,52.77,D-1,False,
SEF,ARCA,FUND_ETF_ETN,,,,,,,,UNMEASURED,False,
SEG,NYSE,ELIGIBLE,23.4,1599444.1305,64355.05,1.0,0.1513,0.0,93.9,D-1,True,3671
SEGG,NASDAQ,ELIGIBLE,2.87,140439.9325,45506.75,1.0,0.0333,0.0,738.18,D-1,False,
SEI,NYSE,ELIGIBLE,70.97,175499008.5925,2770001.8,1.0,0.9897,12.82,25.88,D-1,True,685
SEIC,NASDAQ,ELIGIBLE,105.65,96177198.6605,902252.9,1.0,0.8179,2.47,11.4,D-1,True,1022
SEIE,NASDAQ,FUND_ETF_ETN,,,,,,,,UNMEASURED,False,
SEIM,BATS,FUND_ETF_ETN,,,,,,,,UNMEASURED,False,
SEIQ,BATS,FUND_ETF_ETN,,,,,,,,UNMEASURED,False,
SEIS,NASDAQ,FUND_ETF_ETN,,,,,,,,UNMEASURED,False,
SEIV,BATS,FUND_ETF_ETN,,,,,,,,UNMEASURED,False,
SEIX,ARCA,FUND_ETF_ETN,,,,,,,,UNMEASURED,False,
SELF,NASDAQ,ELIGIBLE,5.05,163673.16499999998,32072.8,1.0,0.0487,0.0,19.78,D-1,False,
SELV,BATS,FUND_ETF_ETN,,,,,,,,UNMEASURED,False,
SELXF,OTC,NOT_TRADABLE,,,,,,,,UNMEASURED,False,
SEMG,ARCA,FUND_ETF_ETN,,,,,,,,UNMEASURED,False,
SEMI,ARCA,FUND_ETF_ETN,,,,,,,,UNMEASURED,False,
SEMY,NASDAQ,FUND_ETF_ETN,,,,,,,,UNMEASURED,False,
SENEA,NASDAQ,ELIGIBLE,182.66,18710335.4565,98217.65,1.0,0.1667,0.0,110.87,D-1,True,2194
SENEB,NASDAQ,ELIGIBLE,187.42,28655.245000000003,144.5,1.0,0.0,,276.3,D-1,False,
SENS,NASDAQ,ELIGIBLE,10.0,6698180.653,703376.2,1.0,0.7154,4.88,59.13,D-1,True,2864
SEOAY,OTC,NOT_LISTED_EXCHANGE,,,,,,,,UNMEASURED,False,
SEPC,BATS,FUND_ETF_ETN,,,,,,,,UNMEASURED,False,
SEPI,ARCA,FUND_ETF_ETN,,,,,,,,UNMEASURED,False,
SEPM,BATS,FUND_ETF_ETN,,,,,,,,UNMEASURED,False,
SEPN,NASDAQ,ELIGIBLE,37.77,12842612.916499998,334724.3,1.0,0.4949,0.0,80.28,D-1,True,2447
SEPP,BATS,FUND_ETF_ETN,,,,,,,,UNMEASURED,False,
SEPQ,NASDAQ,FUND_ETF_ETN,,,,,,,,UNMEASURED,False,
SEPT,BATS,FUND_ETF_ETN,,,,,,,,UNMEASURED,False,
SEPU,BATS,FUND_ETF_ETN,,,,,,,,UNMEASURED,False,
SEPW,BATS,FUND_ETF_ETN,,,,,,,,UNMEASURED,False,
SEPZ,BATS,FUND_ETF_ETN,,,,,,,,UNMEASURED,False,
SER,AMEX,ELIGIBLE,2.09,143026.289,58656.75,1.0,0.0513,0.0,420.58,D-1,False,
SERA,NASDAQ,ELIGIBLE,2.04,49759.8405,24313.5,1.0,0.0256,0.0,292.68,D-1,False,
SERV,NASDAQ,ELIGIBLE,4.45,13802854.327750001,3010659.5,1.0,0.9359,11.19,22.52,D-1,True,2396
SES,NYSE,ELIGIBLE,0.5345,10576031.24764,19137260.15,1.0,0.9872,18.26,31.89,D-1,False,
SESCW,OTC,NOT_TRADABLE,,,,,,,,UNMEASURED,False,
SETH,ARCA,FUND_ETF_ETN,,,,,,,,UNMEASURED,False,
SETM,NASDAQ,FUND_ETF_ETN,,,,,,,,UNMEASURED,False,
SEUS,NASDAQ,FUND_ETF_ETN,,,,,,,,UNMEASURED,False,
SEV,NASDAQ,ELIGIBLE,1.97,521280.0035,239174.5,1.0,0.3538,0.0,124.94,D-1,False,
SEVN,NASDAQ,ELIGIBLE,7.32,1306558.6269999999,176592.25,1.0,0.1872,0.0,20.7,D-1,True,3783
SEZL,NASDAQ,ELIGIBLE,111.38,57929455.5225,501261.9,1.0,0.6872,3.13,38.72,D-1,True,1384
SF,NYSE,ELIGIBLE,70.35,97958779.71000001,1283873.2,1.0,0.9974,6.39,6.43,D-1,True,1004
SF.PRB,NYSE,MALFORMED_OR_NON_COMMON_SYMBOL,,,,,,,,UNMEASURED,False,
SF.PRC,NYSE,MALFORMED_OR_NON_COMMON_SYMBOL,,,,,,,,UNMEASURED,False,
SF.PRD,NYSE,MALFORMED_OR_NON_COMMON_SYMBOL,,,,,,,,UNMEASURED,False,
SFB,NYSE,NOTE_DEBT,,,,,,,,UNMEASURED,False,
SFBC,NASDAQ,ELIGIBLE,42.72,305232.0185,6330.9,1.0,0.0051,0.0,577.24,D-1,False,
SFBS,NYSE,ELIGIBLE,41.31,29097830.2075,694550.25,1.0,0.6718,2.42,6.08,D-1,True,1875
SFD,NASDAQ,ELIGIBLE,19.04,44211896.568,2166011.7,1.0,0.8872,2.62,5.23,D-1,True,1591
SFEB,BATS,FUND_ETF_ETN,,,,,,,,UNMEASURED,False,
SFES,OTC,NOT_TRADABLE,,,,,,,,UNMEASURED,False,
SFGV,ARCA,FUND_ETF_ETN,,,,,,,,UNMEASURED,False,
SFGYY,OTC,NOT_LISTED_EXCHANGE,,,,,,,,UNMEASURED,False,
SFHG,NASDAQ,ELIGIBLE,2.36,43617.523499999996,18945.05,1.0,0.0308,0.0,255.32,D-1,False,
SFIX,NASDAQ,ELIGIBLE,2.155,7885606.53125,2920558.0,1.0,0.9487,23.04,46.41,D-1,True,2772
SFL,NYSE,ELIGIBLE,12.78,20281230.280500002,1564083.3,1.0,0.9154,3.91,7.8,D-1,True,2143
SFLO,NASDAQ,FUND_ETF_ETN,,,,,,,,UNMEASURED,False,
SFLR,ARCA,FUND_ETF_ETN,,,,,,,,UNMEASURED,False,
SFM,NASDAQ,ELIGIBLE,62.49,144829024.202,1993311.65,1.0,0.9923,9.34,14.77,D-1,True,780
SFNC,NASDAQ,ELIGIBLE,23.23,31509626.729250003,1372051.7,1.0,0.9231,4.29,4.31,D-1,True,1818
SFRT,OTC,NOT_TRADABLE,,,,,,,,UNMEASURED,False,
SFRX,OTC,NOT_TRADABLE,,,,,,,,UNMEASURED,False,
SFST,NASDAQ,ELIGIBLE,60.62,5755396.28,92972.35,1.0,0.1333,0.0,76.04,D-1,True,2972
SFTBY,OTC,NOT_LISTED_EXCHANGE,,,,,,,,UNMEASURED,False,
SFTX,ARCA,FUND_ETF_ETN,,,,,,,,UNMEASURED,False,
SFTY,BATS,FUND_ETF_ETN,,,,,,,,UNMEASURED,False,
SFUNY,OTC,NOT_TRADABLE,,,,,,,,UNMEASURED,False,
SFWL,NASDAQ,ELIGIBLE,9.37,55126.50666,5281.95,1.0,0.0256,0.0,618.31,D-1,False,
SFY,ARCA,FUND_ETF_ETN,,,,,,,,UNMEASURED,False,
SFYF,ARCA,FUND_ETF_ETN,,,,,,,,UNMEASURED,False,
SFYI,ARCA,FUND_ETF_ETN,,,,,,,,UNMEASURED,False,
SG,NYSE,ELIGIBLE,8.24,35584994.003,4997430.2,1.0,0.9974,12.33,12.27,D-1,True,1743
SGA,NASDAQ,ELIGIBLE,8.6,131578.9025,14771.5,1.0,0.0154,0.0,150.72,D-1,False,
SGAPY,OTC,NOT_LISTED_EXCHANGE,,,,,,,,UNMEASURED,False,
SGBLY,OTC,NOT_LISTED_EXCHANGE,,,,,,,,UNMEASURED,False,
SGC,NASDAQ,ELIGIBLE,12.88,494030.23,39771.95,1.0,0.0692,0.0,173.76,D-1,False,
SGDJ,ARCA,FUND_ETF_ETN,,,,,,,,UNMEASURED,False,
SGDM,ARCA,FUND_ETF_ETN,,,,,,,,UNMEASURED,False,
SGHC,NYSE,ELIGIBLE,11.97,33561003.6715,2546177.45,1.0,0.9205,7.13,12.4,D-1,True,1780
SGHT,NASDAQ,ELIGIBLE,8.93,1706200.60175,204066.3,1.0,0.4385,0.0,45.18,D-1,True,3637
SGI,NYSE,ELIGIBLE,63.95,248456505.629,3787951.0,1.0,0.9795,6.39,3.98,D-1,True,519
SGIOY,OTC,NOT_LISTED_EXCHANGE,,,,,,,,UNMEASURED,False,
SGLC,ARCA,FUND_ETF_ETN,,,,,,,,UNMEASURED,False,
SGLD,NASDAQ,ELIGIBLE,3.92,5855762.221111111,917280.9444444445,0.9,0.1282,0.0,229.53,D-1,True,2960
SGLN,OTC,NOT_TRADABLE,,,,,,,,UNMEASURED,False,
SGLY,NASDAQ,ELIGIBLE,0.8692,675850.7499800001,424739.3,1.0,0.4256,0.0,262.69,D-1,False,
SGML,NASDAQ,ELIGIBLE,9.58,22205082.1045,2159449.35,1.0,0.9308,10.32,20.67,D-1,True,2073
SGMOQ,OTC,NOT_TRADABLE,,,,,,,,UNMEASURED,False,
SGMT,NASDAQ,ELIGIBLE,9.24,11680484.098000001,1117252.2,1.0,0.8872,5.58,27.56,D-1,True,2507
SGOL,ARCA,FUND_ETF_ETN,,,,,,,,UNMEASURED,False,
SGOV,NYSE,FUND_ETF_ETN,,,,,,,,UNMEASURED,False,
SGP,NASDAQ,ELIGIBLE,27.07,4161963.5449999995,146732.25,1.0,0.1615,0.0,147.77,D-1,True,3158
SGPYY,OTC,NOT_LISTED_EXCHANGE,,,,,,,,UNMEASURED,False,
SGRP,OTC,NOT_TRADABLE,,,,,,,,UNMEASURED,False,
SGRT,ARCA,FUND_ETF_ETN,,,,,,,,UNMEASURED,False,
SGRW,ARCA,FUND_ETF_ETN,,,,,,,,UNMEASURED,False,
SGRX,NASDAQ,ELIGIBLE,1.44,2058120.9839,999684.15,1.0,0.2564,0.0,350.43,D-1,True,3543
SGRY,NASDAQ,ELIGIBLE,14.4,37917092.008999996,2656354.8,1.0,0.8231,6.85,27.74,D-1,True,1697
SGU,NYSE,UNIT,,,,,,,,UNMEASURED,False,
SGVA,NASDAQ,FUND_ETF_ETN,,,,,,,,UNMEASURED,False,
SGVT,ARCA,FUND_ETF_ETN,,,,,,,,UNMEASURED,False,
SH,ARCA,FUND_ETF_ETN,,,,,,,,UNMEASURED,False,
SHAG,BATS,FUND_ETF_ETN,,,,,,,,UNMEASURED,False,
SHAK,NYSE,ELIGIBLE,55.55,81802839.4255,1332748.8,1.0,0.9308,8.78,21.09,D-1,True,1117
SHAZ,NASDAQ,ELIGIBLE,54.68,86403066.8485,1554275.75,1.0,0.8256,20.37,35.2,D-1,True,1081
SHAZW,OTC,NOT_TRADABLE,,,,,,,,UNMEASURED,False,
SHBI,NASDAQ,ELIGIBLE,23.01,4334967.4625,186995.55,1.0,0.4487,0.0,8.67,D-1,True,3136
SHC,NASDAQ,ELIGIBLE,18.34,37173419.349,1983621.2,1.0,0.8821,2.72,5.45,D-1,True,1717
SHDG,BATS,FUND_ETF_ETN,,,,,,,,UNMEASURED,False,
SHE,ARCA,FUND_ETF_ETN,,,,,,,,UNMEASURED,False,
SHECY,OTC,NOT_LISTED_EXCHANGE,,,,,,,,UNMEASURED,False,
SHEH,ARCA,NOT_SEC_REGISTRANT_TICKER,,,,,,,,UNMEASURED,False,
SHEL,NYSE,ELIGIBLE,95.78,592405767.4085,6269512.2,1.0,1.0,4.18,1.05,D-1,True,199
SHEN,NASDAQ,ELIGIBLE,11.76,12845250.3785,1084843.4,1.0,0.7692,0.09,12.85,D-1,True,2446
SHFS,NASDAQ,ELIGIBLE,0.1572,150882.57667,946862.15,1.0,0.1,0.0,197.89,D-1,False,
SHFSW,NASDAQ,WARRANT,,,,,,,,UNMEASURED,False,
SHG,NYSE,ELIGIBLE,80.95,12771616.1255,156041.7,1.0,0.2897,0.0,33.41,D-1,True,2450
SHIM,NASDAQ,ELIGIBLE,3.155,776350.5815000001,216344.3,1.0,0.3051,0.0,123.48,D-1,False,
SHIP,NASDAQ,ELIGIBLE,16.6,7881421.044500001,433487.25,1.0,0.6513,0.0,47.73,D-1,True,2773
SHLD,ARCA,FUND_ETF_ETN,,,,,,,,UNMEASURED,False,
SHLS,NASDAQ,ELIGIBLE,7.47,30969452.360250004,4257170.65,1.0,0.9692,13.2,13.27,D-1,True,1834
SHM,ARCA,FUND_ETF_ETN,,,,,,,,UNMEASURED,False,
SHMD,NASDAQ,ELIGIBLE,4.37,4420170.859750001,1125697.8,1.0,0.7744,56.71,53.6,D-1,True,3118
SHMDW,NASDAQ,WARRANT,,,,,,,,UNMEASURED,False,
SHNY,ARCA,FUND_ETF_ETN,,,,,,,,UNMEASURED,False,
SHO,NYSE,ELIGIBLE,11.19,24790439.4905,2244420.1,1.0,0.9282,4.49,9.01,D-1,True,2000
SHO.PRH,NYSE,MALFORMED_OR_NON_COMMON_SYMBOL,,,,,,,,UNMEASURED,False,
SHO.PRI,NYSE,MALFORMED_OR_NON_COMMON_SYMBOL,,,,,,,,UNMEASURED,False,
SHOC,NYSE,FUND_ETF_ETN,,,,,,,,UNMEASURED,False,
SHOE,NASDAQ,ELIGIBLE,13.0,19736519.050499998,1512350.8,1.0,0.6538,3.74,11.29,D-1,True,2159
SHOO,NASDAQ,ELIGIBLE,45.06,48809672.0375,1143378.0,1.0,0.6974,2.25,12.86,D-1,True,1513
SHOP,NASDAQ,ELIGIBLE,142.25,1434289895.358,10411586.05,1.0,1.0,10.47,10.19,D-1,True,71
SHOT,NASDAQ,ELIGIBLE,9.855,66689.318325,6773.05,1.0,0.0,,,UNMEASURED,False,
SHOTR,NASDAQ,RIGHT,,,,,,,,UNMEASURED,False,
SHOTU,NASDAQ,UNIT,,,,,,,,UNMEASURED,False,
SHPH,NASDAQ,NOT_TRADABLE,,,,,,,,UNMEASURED,False,
SHPP,ARCA,FUND_ETF_ETN,,,,,,,,UNMEASURED,False,
SHPSQ,OTC,NOT_TRADABLE,,,,,,,,UNMEASURED,False,
SHPU,NASDAQ,FUND_ETF_ETN,,,,,,,,UNMEASURED,False,
SHPWQ,OTC,NOT_TRADABLE,,,,,,,,UNMEASURED,False,
SHRD,ARCA,FUND_ETF_ETN,,,,,,,,UNMEASURED,False,
SHRG,OTC,NOT_TRADABLE,,,,,,,,UNMEASURED,False,
SHRT,ARCA,FUND_ETF_ETN,,,,,,,,UNMEASURED,False,
SHRY,NASDAQ,FUND_ETF_ETN,,,,,,,,UNMEASURED,False,
SHTDY,OTC,NOT_LISTED_EXCHANGE,,,,,,,,UNMEASURED,False,
SHUS,ARCA,FUND_ETF_ETN,,,,,,,,UNMEASURED,False,
SHV,NYSE,FUND_ETF_ETN,,,,,,,,UNMEASURED,False,
SHW,NYSE,ELIGIBLE,329.1,561418388.97,1719977.7,1.0,0.9974,6.07,4.07,D-1,True,208
SHY,NASDAQ,FUND_ETF_ETN,,,,,,,,UNMEASURED,False,
SHYD,BATS,FUND_ETF_ETN,,,,,,,,UNMEASURED,False,
SHYG,ARCA,FUND_ETF_ETN,,,,,,,,UNMEASURED,False,
SHYL,ARCA,FUND_ETF_ETN,,,,,,,,UNMEASURED,False,
SHYM,BATS,FUND_ETF_ETN,,,,,,,,UNMEASURED,False,
SHZHY,OTC,NOT_LISTED_EXCHANGE,,,,,,,,UNMEASURED,False,
SI,NYSE,ELIGIBLE,16.99,2127576.2875,114311.95,1.0,0.1436,0.0,247.57,D-1,True,3519
SIBN,NASDAQ,ELIGIBLE,18.59,10312975.5445,555250.75,1.0,0.5333,2.68,21.5,D-1,True,2597
SICP,OTC,NOT_TRADABLE,,,,,,,,UNMEASURED,False,
SID,NYSE,ELIGIBLE,1.1,9564344.09,7888443.45,1.0,0.6308,0.0,90.91,D-1,True,2643
SIDU,NASDAQ,ELIGIBLE,2.12,7202776.569499999,3496683.0,1.0,0.9436,23.62,47.86,D-1,True,2815
SIEB,NASDAQ,ELIGIBLE,2.2,310814.67325,134692.4,1.0,0.1,0.0,157.51,D-1,False,
SIEGY,OTC,NOT_LISTED_EXCHANGE,,,,,,,,UNMEASURED,False,
SIF,AMEX,ELIGIBLE,22.06,1445957.9265,67028.8,1.0,0.0641,0.0,251.91,D-1,True,3717
SIFI,ARCA,FUND_ETF_ETN,,,,,,,,UNMEASURED,False,
SIFY,NASDAQ,ELIGIBLE,13.35,458426.768,32816.25,1.0,0.1205,0.0,115.57,D-1,False,
SIG,NYSE,ELIGIBLE,102.26,112537579.074,1170270.4,1.0,0.6564,4.37,19.13,D-1,True,925
SIGA,NASDAQ,ELIGIBLE,3.45,2264047.2490000003,711338.9,1.0,0.6,0.0,30.27,D-1,True,3475
SIGI,NASDAQ,ELIGIBLE,86.12,41621387.43775,469504.4,1.0,0.5359,1.17,10.25,D-1,True,1627
SIGIP,NASDAQ,PREFERRED,,,,,,,,UNMEASURED,False,
SIHY,ARCA,FUND_ETF_ETN,,,,,,,,UNMEASURED,False,
SII,NYSE,ELIGIBLE,124.34,16126155.072999999,125231.6,1.0,0.1692,0.0,67.12,D-1,True,2287
SIJ,ARCA,FUND_ETF_ETN,,,,,,,,UNMEASURED,False,
SIL,ARCA,FUND_ETF_ETN,,,,,,,,UNMEASURED,False,
SILC,NASDAQ,ELIGIBLE,52.78,7257133.58925,164810.1,1.0,0.3949,0.0,161.9,D-1,True,2810
SILJ,ARCA,FUND_ETF_ETN,,,,,,,,UNMEASURED,False,
SILO,NASDAQ,ELIGIBLE,1.75,87751.38569,45488.45,1.0,0.0564,0.0,362.75,D-1,False,
SIM,AMEX,ELIGIBLE,28.85,181135.5647,6323.55,1.0,0.1615,0.0,623.77,D-1,False,
SIMA,NASDAQ,ELIGIBLE,10.93,40277.54275,3661.6,1.0,0.0,,,UNMEASURED,False,
SIMAU,NASDAQ,UNIT,,,,,,,,UNMEASURED,False,
SIMAW,NASDAQ,WARRANT,,,,,,,,UNMEASURED,False,
SIMO,NASDAQ,ELIGIBLE,276.23,200522561.52650002,772533.05,1.0,0.6897,8.23,25.82,D-1,True,622
SIMS,ARCA,FUND_ETF_ETN,,,,,,,,UNMEASURED,False,
SIMX,BATS,FUND_ETF_ETN,,,,,,,,UNMEASURED,False,
SIND,NYSE,ELIGIBLE,13.94,2424071.346,156939.3,1.0,0.1641,0.0,259.56,D-1,True,3445
SING,OTC,NOT_TRADABLE,,,,,,,,UNMEASURED,False,
SINGY,OTC,NOT_LISTED_EXCHANGE,,,,,,,,UNMEASURED,False,
SINT,NASDAQ,ELIGIBLE,1.88,51525.7325,29649.35,1.0,0.1308,0.0,192.8,D-1,False,
SIO,ARCA,FUND_ETF_ETN,,,,,,,,UNMEASURED,False,
SION,NASDAQ,ELIGIBLE,5.23,10087459.0835,1540033.1,1.0,0.8256,18.29,57.2,D-1,True,2611
SIOO,ARCA,FUND_ETF_ETN,,,,,,,,UNMEASURED,False,
SIOX,OTC,NOT_TRADABLE,,,,,,,,UNMEASURED,False,
SIRI,NASDAQ,ELIGIBLE,25.855,122236105.331,4363840.7,1.0,0.9949,5.77,3.83,D-1,True,884
SISI,OTC,NOT_TRADABLE,,,,,,,,UNMEASURED,False,
SITC,NYSE,ELIGIBLE,3.06,2990218.998,1019238.4,1.0,0.5923,0.0,33.28,D-1,True,3326
SITE,NYSE,ELIGIBLE,91.31,96297274.686,1031659.05,1.0,0.741,3.93,19.87,D-1,True,1021
SITM,NASDAQ,ELIGIBLE,662.27,279785964.97800004,466364.15,1.0,0.9282,18.63,39.2,D-1,True,456
SITX,BATS,FUND_ETF_ETN,,,,,,,,UNMEASURED,False,
SIVEF,OTC,NOT_TRADABLE,,,,,,,,UNMEASURED,False,
SIVR,ARCA,FUND_ETF_ETN,,,,,,,,UNMEASURED,False,
SIXA,ARCA,FUND_ETF_ETN,,,,,,,,UNMEASURED,False,
SIXD,BATS,FUND_ETF_ETN,,,,,,,,UNMEASURED,False,
SIXF,BATS,FUND_ETF_ETN,,,,,,,,UNMEASURED,False,
SIXH,ARCA,FUND_ETF_ETN,,,,,,,,UNMEASURED,False,
SIXJ,BATS,FUND_ETF_ETN,,,,,,,,UNMEASURED,False,
SIXL,ARCA,FUND_ETF_ETN,,,,,,,,UNMEASURED,False,
SIXO,BATS,FUND_ETF_ETN,,,,,,,,UNMEASURED,False,
SIXP,BATS,FUND_ETF_ETN,,,,,,,,UNMEASURED,False,
SIXS,ARCA,FUND_ETF_ETN,,,,,,,,UNMEASURED,False,
SIXZ,BATS,FUND_ETF_ETN,,,,,,,,UNMEASURED,False,
SIZE,ARCA,FUND_ETF_ETN,,,,,,,,UNMEASURED,False,
SJ,NASDAQ,ELIGIBLE,0.69,45344.054065,54485.4,1.0,0.0256,0.0,,UNMEASURED,False,
SJB,ARCA,FUND_ETF_ETN,,,,,,,,UNMEASURED,False,
SJCP,NASDAQ,FUND_ETF_ETN,,,,,,,,UNMEASURED,False,
SJLD,NASDAQ,FUND_ETF_ETN,,,,,,,,UNMEASURED,False,
SJM,NYSE,ELIGIBLE,121.0,168516886.84100002,1352611.2,1.0,0.8744,3.71,10.31,D-1,True,705
SJNK,ARCA,FUND_ETF_ETN,,,,,,,,UNMEASURED,False,
SJT,NYSE,ELIGIBLE,3.42,894177.8205,288362.6,1.0,0.341,0.0,101.64,D-1,False,
SK,BATS,FUND_ETF_ETN,,,,,,,,UNMEASURED,False,
SKDD,NASDAQ,FUND_ETF_ETN,,,,,,,,UNMEASURED,False,
SKE,NYSE,ELIGIBLE,31.71,14067215.753999999,441540.95,1.0,0.5308,3.15,23.55,D-1,True,2386
SKF,ARCA,FUND_ETF_ETN,,,,,,,,UNMEASURED,False,
SKFRY,OTC,NOT_LISTED_EXCHANGE,,,,,,,,UNMEASURED,False,
SKHA,BATS,FUND_ETF_ETN,,,,,,,,UNMEASURED,False,
SKHHY,OTC,NOT_LISTED_EXCHANGE,,,,,,,,UNMEASURED,False,
SKHL,ARCA,FUND_ETF_ETN,,,,,,,,UNMEASURED,False,
SKHN,BATS,FUND_ETF_ETN,,,,,,,,UNMEASURED,False,
SKHQ,BATS,FUND_ETF_ETN,,,,,,,,UNMEASURED,False,
SKHSY,OTC,NOT_LISTED_EXCHANGE,,,,,,,,UNMEASURED,False,
SKHU,ARCA,FUND_ETF_ETN,,,,,,,,UNMEASURED,False,
SKHX,BATS,FUND_ETF_ETN,,,,,,,,UNMEASURED,False,
SKHY,NASDAQ,ELIGIBLE,191.56,3545941753.097,19396056.95,1.0,1.0,13.05,5.5,D-1,True,24
SKHZ,BATS,FUND_ETF_ETN,,,,,,,,UNMEASURED,False,
SKIL,NYSE,ELIGIBLE,5.95,585867.797,104746.0,1.0,0.0974,0.0,287.41,D-1,False,
SKIN,NASDAQ,ELIGIBLE,0.6648,240984.97223999997,352002.95,1.0,0.4282,0.0,207.97,D-1,False,
SKK,NASDAQ,ELIGIBLE,4.4399,98122.962605,22812.7,1.0,0.0615,125.61,,UNMEASURED,False,
SKM,NYSE,ELIGIBLE,36.3,50902653.917500004,1370102.85,1.0,0.8282,2.76,8.23,D-1,True,1480
SKOR,NASDAQ,FUND_ETF_ETN,,,,,,,,UNMEASURED,False,
SKRE,NASDAQ,FUND_ETF_ETN,,,,,,,,UNMEASURED,False,
SKT,NYSE,ELIGIBLE,34.73,31786200.2425,876678.05,1.0,0.8564,2.87,11.46,D-1,True,1807
SKUU,NASDAQ,FUND_ETF_ETN,,,,,,,,UNMEASURED,False,
SKWD,NASDAQ,ELIGIBLE,54.78,22537361.27425,397523.05,1.0,0.5385,0.92,12.87,D-1,True,2067
SKY,NYSE,ELIGIBLE,87.72,45695233.963,533848.25,1.0,0.4795,1.16,32.53,D-1,True,1567
SKYA,NASDAQ,ELIGIBLE,1.88,515599.46225000004,342413.4,1.0,0.3308,0.0,77.79,D-1,False,
SKYAW,NASDAQ,WARRANT,,,,,,,,UNMEASURED,False,
SKYE,NASDAQ,ELIGIBLE,1.67,166342.07549999998,90113.65,1.0,0.1,0.0,417.91,D-1,False,
SKYH,NYSE,ELIGIBLE,10.01,1465676.0885,143931.45,1.0,0.3179,0.0,40.19,D-1,True,3708
SKYH.WS,NYSE,MALFORMED_OR_NON_COMMON_SYMBOL,,,,,,,,UNMEASURED,False,
SKYQ,NASDAQ,ELIGIBLE,2.67,12592471.6455,4183484.2,1.0,0.8026,18.9,37.8,D-1,True,2457
SKYU,NASDAQ,FUND_ETF_ETN,,,,,,,,UNMEASURED,False,
SKYW,NASDAQ,ELIGIBLE,102.29,33986880.20375,349832.9,1.0,0.3949,0.0,21.23,D-1,True,1770
SKYX,NASDAQ,ELIGIBLE,1.23,1194380.6,904280.75,1.0,0.7385,0.0,83.34,D-1,True,3838
SKYY,NASDAQ,FUND_ETF_ETN,,,,,,,,UNMEASURED,False,
SLAB,NASDAQ,ELIGIBLE,221.24,66443422.739,301842.25,1.0,0.359,0.0,4.29,D-1,True,1272
SLAMF,OTC,NOT_TRADABLE,,,,,,,,UNMEASURED,False,
SLB,NYSE,ELIGIBLE,51.54,800970323.0015,14512697.9,1.0,1.0,7.76,1.94,D-1,True,145
SLBT,NASDAQ,ELIGIBLE,1.57,209684.65649999998,97405.1,1.0,0.2359,0.0,66.01,D-1,False,
SLDB,NASDAQ,ELIGIBLE,7.29,10608908.2305,1197697.3,1.0,0.8897,6.87,13.71,D-1,True,2578
SLDE,NASDAQ,ELIGIBLE,23.1,37824408.458,1536275.3,1.0,0.8487,4.29,12.97,D-1,True,1701
SLDP,NASDAQ,ELIGIBLE,2.39,7130639.040999999,2917939.85,1.0,0.9795,20.96,42.38,D-1,True,2824
SLDPW,NASDAQ,WARRANT,,,,,,,,UNMEASURED,False,
SLDR,ARCA,FUND_ETF_ETN,,,,,,,,UNMEASURED,False,
SLE,NASDAQ,ELIGIBLE,5.03,1276992.573,280079.2,1.0,0.2077,0.0,222.3,D-1,True,3798
SLF,NYSE,ELIGIBLE,79.91,47974558.209,601538.35,1.0,0.5846,1.25,5.03,D-1,True,1525
SLG,NYSE,ELIGIBLE,51.01,43150173.841000006,817224.0,1.0,0.759,2.95,13.82,D-1,True,1606
SLG.PRI,NYSE,MALFORMED_OR_NON_COMMON_SYMBOL,,,,,,,,UNMEASURED,False,
SLGB,NASDAQ,ELIGIBLE,0.2989,1505384.11815,4563605.45,1.0,0.5564,3.3,111.18,D-1,False,
SLGL,NASDAQ,ELIGIBLE,66.85,4228893.696,63797.25,1.0,0.0538,0.0,428.33,D-1,True,3149
SLGN,NYSE,ELIGIBLE,35.91,51569050.3075,1337638.8,1.0,0.9026,4.22,8.38,D-1,True,1469
SLHGF,OTC,NOT_TRADABLE,,,,,,,,UNMEASURED,False,
SLI,AMEX,ELIGIBLE,1.86,3959595.1234999998,1791535.3,1.0,0.9846,27.14,53.91,D-1,True,3183
SLJY,ARCA,FUND_ETF_ETN,,,,,,,,UNMEASURED,False,
SLM,NASDAQ,ELIGIBLE,23.66,50707166.3525,2000704.3,1.0,0.9769,4.32,6.42,D-1,True,1484
SLMBP,NASDAQ,PREFERRED,,,,,,,,UNMEASURED,False,
SLMT,NASDAQ,ELIGIBLE,4.78,465459.3545,122096.05,1.0,0.4333,11.06,178.75,D-1,False,
SLMWF,OTC,NOT_TRADABLE,,,,,,,,UNMEASURED,False,
SLN,NASDAQ,ELIGIBLE,11.18,10479831.7215,807069.25,1.0,0.7308,4.52,26.77,D-1,True,2588
SLND,AMEX,ELIGIBLE,0.6592,61508.361450000004,101280.25,1.0,0.2051,0.0,174.19,D-1,False,
SLND.WS,AMEX,MALFORMED_OR_NON_COMMON_SYMBOL,,,,,,,,UNMEASURED,False,
SLNG,NASDAQ,ELIGIBLE,5.25,234642.93774999998,40221.0,1.0,0.0538,0.19,234.19,D-1,False,
SLNH,NASDAQ,ELIGIBLE,1.22,8846872.3345,7401144.55,1.0,0.9718,41.32,82.31,D-1,True,2689
SLNHP,NASDAQ,PREFERRED,,,,,,,,UNMEASURED,False,
SLNWF,OTC,NOT_TRADABLE,,,,,,,,UNMEASURED,False,
SLNZ,NYSE,FUND_ETF_ETN,,,,,,,,UNMEASURED,False,
SLON,ARCA,FUND_ETF_ETN,,,,,,,,UNMEASURED,False,
SLP,NASDAQ,ELIGIBLE,18.46,3468093.3384999996,188216.85,1.0,0.2821,0.0,5.42,D-1,True,3251
SLQD,NASDAQ,FUND_ETF_ETN,,,,,,,,UNMEASURED,False,
SLQT,NYSE,ELIGIBLE,0.4,516961.2829,1044509.35,1.0,0.6385,2.43,5.0,D-1,False,
SLRC,NASDAQ,ELIGIBLE,11.74,4392842.41275,360525.05,1.0,0.5282,0.0,12.87,D-1,True,3125
SLS,NASDAQ,ELIGIBLE,11.61,84264985.06075,6777744.75,1.0,1.0,16.31,17.26,D-1,True,1099
SLSN,NASDAQ,ELIGIBLE,0.8254,15848.471909999998,19015.8,1.0,0.0308,0.0,,UNMEASURED,False,
SLSR,AMEX,ELIGIBLE,7.15,1297539.7245,165458.95,1.0,0.2205,0.0,41.94,D-1,True,3788
SLTY,ARCA,FUND_ETF_ETN,,,,,,,,UNMEASURED,False,
SLV,ARCA,FUND_ETF_ETN,,,,,,,,UNMEASURED,False,
SLVM,NYSE,ELIGIBLE,35.96,10035335.617,280525.05,1.0,0.3718,0.0,24.91,D-1,True,2614
SLVO,NASDAQ,FUND_ETF_ETN,,,,,,,,UNMEASURED,False,
SLVP,BATS,FUND_ETF_ETN,,,,,,,,UNMEASURED,False,
SLVR,NASDAQ,FUND_ETF_ETN,,,,,,,,UNMEASURED,False,
SLVX,ARCA,FUND_ETF_ETN,,,,,,,,UNMEASURED,False,
SLVY,BATS,FUND_ETF_ETN,,,,,,,,UNMEASURED,False,
SLWS,ARCA,FUND_ETF_ETN,,,,,,,,UNMEASURED,False,
SLX,ARCA,FUND_ETF_ETN,,,,,,,,UNMEASURED,False,
SLXMY,OTC,NOT_LISTED_EXCHANGE,,,,,,,,UNMEASURED,False,
SLXN,NASDAQ,ELIGIBLE,0.2603,5391710.05708,13181088.55,1.0,0.4872,12.06,250.64,D-1,False,
SLXNW,NASDAQ,WARRANT,,,,,,,,UNMEASURED,False,
SLYG,ARCA,FUND_ETF_ETN,,,,,,,,UNMEASURED,False,
SLYV,ARCA,FUND_ETF_ETN,,,,,,,,UNMEASURED,False,
SM,NYSE,ELIGIBLE,33.91,157840407.5595,4257307.45,1.0,1.0,8.86,5.85,D-1,True,738
SMA,NYSE,ELIGIBLE,31.73,24322879.4655,752583.7,1.0,0.6436,0.0,9.58,D-1,True,2017
SMAX,BATS,FUND_ETF_ETN,,,,,,,,UNMEASURED,False,
SMAY,BATS,FUND_ETF_ETN,,,,,,,,UNMEASURED,False,
SMB,BATS,FUND_ETF_ETN,,,,,,,,UNMEASURED,False,
SMBC,NASDAQ,ELIGIBLE,72.26,7081633.3905,97187.05,1.0,0.1923,0.0,51.91,D-1,True,2825
SMBK,NYSE,ELIGIBLE,50.32,5961906.8235,116462.65,1.0,0.1513,0.0,39.48,D-1,True,2939
SMBS,ARCA,FUND_ETF_ETN,,,,,,,,UNMEASURED,False,
SMC,NYSE,ELIGIBLE,30.8,2297174.9009999996,69396.15,1.0,0.1718,0.0,79.83,D-1,True,3468
SMCAY,OTC,NOT_LISTED_EXCHANGE,,,,,,,,UNMEASURED,False,
SMCC,BATS,FUND_ETF_ETN,,,,,,,,UNMEASURED,False,
SMCI,NASDAQ,ELIGIBLE,43.26,1491140459.7855,37914505.05,1.0,1.0,20.83,2.31,D-1,True,64
SMCIP,NASDAQ,PREFERRED,,,,,,,,UNMEASURED,False,
SMCL,NASDAQ,FUND_ETF_ETN,,,,,,,,UNMEASURED,False,
SMCO,NASDAQ,FUND_ETF_ETN,,,,,,,,UNMEASURED,False,
SMCP,ARCA,FUND_ETF_ETN,,,,,,,,UNMEASURED,False,
SMCX,NASDAQ,FUND_ETF_ETN,,,,,,,,UNMEASURED,False,
SMCY,ARCA,FUND_ETF_ETN,,,,,,,,UNMEASURED,False,
SMCZ,NASDAQ,FUND_ETF_ETN,,,,,,,,UNMEASURED,False,
SMDD,ARCA,FUND_ETF_ETN,,,,,,,,UNMEASURED,False,
SMDV,BATS,FUND_ETF_ETN,,,,,,,,UNMEASURED,False,
SMDX,ARCA,FUND_ETF_ETN,,,,,,,,UNMEASURED,False,
SMERY,OTC,NOT_LISTED_EXCHANGE,,,,,,,,UNMEASURED,False,
SMFG,NYSE,ELIGIBLE,26.61,37540790.701,1413882.2,1.0,0.9795,3.75,3.76,D-1,True,1709
SMFL,OTC,NOT_TRADABLE,,,,,,,,UNMEASURED,False,
SMG,NYSE,ELIGIBLE,50.89,51209519.239999995,928540.15,1.0,0.9385,5.9,13.72,D-1,True,1474
SMH,NASDAQ,FUND_ETF_ETN,,,,,,,,UNMEASURED,False,
SMHB,ARCA,FUND_ETF_ETN,,,,,,,,UNMEASURED,False,
SMHC,NASDAQ,FUND_ETF_ETN,,,,,,,,UNMEASURED,False,
SMHD,BATS,FUND_ETF_ETN,,,,,,,,UNMEASURED,False,
SMHI,NYSE,ELIGIBLE,8.73,870630.2285,93091.75,1.0,0.2077,0.0,62.49,D-1,False,
SMHU,BATS,FUND_ETF_ETN,,,,,,,,UNMEASURED,False,
SMHX,NASDAQ,FUND_ETF_ETN,,,,,,,,UNMEASURED,False,
SMID,NASDAQ,ELIGIBLE,24.28,341101.9855,13757.15,1.0,0.0462,0.0,176.93,D-1,False,
SMIG,ARCA,FUND_ETF_ETN,,,,,,,,UNMEASURED,False,
SMIN,BATS,FUND_ETF_ETN,,,,,,,,UNMEASURED,False,
SMIT,OTC,NOT_TRADABLE,,,,,,,,UNMEASURED,False,
SMIZ,ARCA,FUND_ETF_ETN,,,,,,,,UNMEASURED,False,
SMJF,AMEX,ELIGIBLE,1.6,1268584.5275,1047936.7,1.0,0.3949,0.0,157.53,D-1,True,3802
SMLF,ARCA,FUND_ETF_ETN,,,,,,,,UNMEASURED,False,
SMLL,ARCA,FUND_ETF_ETN,,,,,,,,UNMEASURED,False,
SMLV,ARCA,FUND_ETF_ETN,,,,,,,,UNMEASURED,False,
SMMD,BATS,FUND_ETF_ETN,,,,,,,,UNMEASURED,False,
SMMNY,OTC,NOT_LISTED_EXCHANGE,,,,,,,,UNMEASURED,False,
SMMT,NASDAQ,ELIGIBLE,15.61,102064706.84975,6065908.5,1.0,0.9923,12.28,6.18,D-1,True,982
SMMU,ARCA,FUND_ETF_ETN,,,,,,,,UNMEASURED,False,
SMMV,BATS,FUND_ETF_ETN,,,,,,,,UNMEASURED,False,
SMN,ARCA,FUND_ETF_ETN,,,,,,,,UNMEASURED,False,
SMNNY,OTC,NOT_LISTED_EXCHANGE,,,,,,,,UNMEASURED,False,
SMOG,ARCA,FUND_ETF_ETN,,,,,,,,UNMEASURED,False,
SMOM,NASDAQ,FUND_ETF_ETN,,,,,,,,UNMEASURED,False,
SMOT,BATS,FUND_ETF_ETN,,,,,,,,UNMEASURED,False,
SMOX,ARCA,FUND_ETF_ETN,,,,,,,,UNMEASURED,False,
SMP,NYSE,ELIGIBLE,37.69,8207499.2485,215391.0,1.0,0.1821,0.0,88.27,D-1,True,2740
SMPL,NASDAQ,ELIGIBLE,9.6,24642223.3165,2372585.85,1.0,0.9564,5.25,10.49,D-1,True,2005
SMR,NYSE,ELIGIBLE,8.42,337098064.19699997,37172858.15,1.0,1.0,17.86,11.99,D-1,True,384
SMRF,ARCA,FUND_ETF_ETN,,,,,,,,UNMEASURED,False,
SMRI,NASDAQ,FUND_ETF_ETN,,,,,,,,UNMEASURED,False,
SMRT,NYSE,ELIGIBLE,1.19,965849.5775,790391.15,1.0,0.6795,0.0,83.68,D-1,False,
SMRX,BATS,FUND_ETF_ETN,,,,,,,,UNMEASURED,False,
SMSI,NASDAQ,ELIGIBLE,2.71,51836.714,18605.85,1.0,0.0385,0.0,202.71,D-1,False,
SMST,NASDAQ,FUND_ETF_ETN,,,,,,,,UNMEASURED,False,
SMTC,NASDAQ,ELIGIBLE,182.3,531313196.928,3263456.6,1.0,0.9949,12.2,8.22,D-1,True,225
SMTG,BATS,FUND_ETF_ETN,,,,,,,,UNMEASURED,False,
SMTH,ARCA,FUND_ETF_ETN,,,,,,,,UNMEASURED,False,
SMTI,NASDAQ,ELIGIBLE,35.06,7923811.5375,226959.6,1.0,0.3641,0.0,5.71,D-1,True,2767
SMTK,NASDAQ,ELIGIBLE,1.82,680395.2235000001,311008.4,1.0,0.4026,0.0,288.81,D-1,False,
SMTSF,OTC,NOT_TRADABLE,,,,,,,,UNMEASURED,False,
SMU,BATS,FUND_ETF_ETN,,,,,,,,UNMEASURED,False,
SMUP,BATS,FUND_ETF_ETN,,,,,,,,UNMEASURED,False,
SMWB,NYSE,ELIGIBLE,7.58,5041874.735,602505.5,1.0,0.6077,6.51,58.97,D-1,True,3036
SMX,NASDAQ,ELIGIBLE,8.01,564674.920615,44450.1,1.0,0.1538,4.25,483.03,D-1,False,
SMXT,NASDAQ,ELIGIBLE,2.32,50732.890250000004,22643.4,1.0,0.0231,0.0,344.83,D-1,False,
SMXWW,NASDAQ,NOT_TRADABLE,,,,,,,,UNMEASURED,False,
SMYY,NASDAQ,FUND_ETF_ETN,,,,,,,,UNMEASURED,False,
SMZ,BATS,FUND_ETF_ETN,,,,,,,,UNMEASURED,False,
SN,NYSE,ELIGIBLE,177.74,382587121.9185,2237060.7,1.0,0.9103,5.03,12.29,D-1,True,325
SNA,NYSE,ELIGIBLE,369.2,109983240.7345,292378.05,1.0,0.6513,0.47,12.51,D-1,True,939
SNAG,NASDAQ,FUND_ETF_ETN,,,,,,,,UNMEASURED,False,
SNAL,NASDAQ,ELIGIBLE,2.5,91627.073,34666.25,1.0,0.0744,0.0,198.02,D-1,False,
SNAP,NYSE,ELIGIBLE,5.42,181106723.302,32533376.8,1.0,1.0,18.37,18.38,D-1,True,674
SNAV,BATS,FUND_ETF_ETN,,,,,,,,UNMEASURED,False,
SNAX,OTC,NOT_TRADABLE,,,,,,,,UNMEASURED,False,
SNAXW,OTC,NOT_TRADABLE,,,,,,,,UNMEASURED,False,
SNBRQ,OTC,NOT_TRADABLE,,,,,,,,UNMEASURED,False,
SND,NASDAQ,ELIGIBLE,5.23,1309183.467,249776.45,1.0,0.3795,0.0,38.61,D-1,True,3782
SNDA,NYSE,ELIGIBLE,37.71,18643695.1305,486878.1,1.0,0.559,1.33,30.77,D-1,True,2197
SNDC,BATS,FUND_ETF_ETN,,,,,,,,UNMEASURED,False,
SNDG,BATS,FUND_ETF_ETN,,,,,,,,UNMEASURED,False,
SNDK,NASDAQ,ELIGIBLE,1777.8,17878084952.839,10702962.55,1.0,1.0,15.12,6.59,D-1,True,3
SNDL,NASDAQ,ELIGIBLE,1.4,1718535.211,1245048.2,1.0,0.741,0.0,71.43,D-1,True,3630
SNDQ,BATS,FUND_ETF_ETN,,,,,,,,UNMEASURED,False,
SNDR,NYSE,ELIGIBLE,31.25,22800121.6125,683718.75,1.0,0.7103,3.2,17.51,D-1,True,2057
SNDU,BATS,FUND_ETF_ETN,,,,,,,,UNMEASURED,False,
SNDX,NASDAQ,ELIGIBLE,18.2,33592102.26925,1803254.45,1.0,0.8564,5.58,8.37,D-1,True,1777
SNES,NASDAQ,ELIGIBLE,0.714,46022.612160000004,53233.2,1.0,0.0513,0.0,117.61,D-1,False,
SNEX,NASDAQ,ELIGIBLE,66.81,58089153.5005,850172.4,1.0,0.8513,8.97,31.93,D-1,True,1382
SNFCA,NASDAQ,ELIGIBLE,8.74,262573.104,30002.95,1.0,0.0923,0.0,79.86,D-1,False,
SNFI,OTC,NOT_TRADABLE,,,,,,,,UNMEASURED,False,
SNGX,NASDAQ,ELIGIBLE,0.3843,88084.45874,234543.75,1.0,0.1872,0.0,83.22,D-1,False,
SNK,BATS,FUND_ETF_ETN,,,,,,,,UNMEASURED,False,
SNN,NYSE,ELIGIBLE,26.91,53964020.479499996,1919877.15,1.0,0.9359,1.88,3.73,D-1,True,1431
SNOA,NASDAQ,ELIGIBLE,1.27,70537.83325,54910.3,1.0,0.0564,0.0,158.1,D-1,False,
SNOU,BATS,FUND_ETF_ETN,,,,,,,,UNMEASURED,False,
SNOV,BATS,FUND_ETF_ETN,,,,,,,,UNMEASURED,False,
SNOW,NYSE,ELIGIBLE,335.94,1850956552.7240002,5533773.35,1.0,0.9974,11.55,12.34,D-1,True,54
SNOY,ARCA,FUND_ETF_ETN,,,,,,,,UNMEASURED,False,
SNPD,BATS,FUND_ETF_ETN,,,,,,,,UNMEASURED,False,
SNPE,ARCA,FUND_ETF_ETN,,,,,,,,UNMEASURED,False,
SNPG,BATS,FUND_ETF_ETN,,,,,,,,UNMEASURED,False,
SNPHY,OTC,NOT_LISTED_EXCHANGE,,,,,,,,UNMEASURED,False,
SNPS,NASDAQ,ELIGIBLE,425.76,769000138.3149999,1913793.65,1.0,0.9974,11.22,10.89,D-1,True,154
SNRBY,OTC,NOT_TRADABLE,,,,,,,,UNMEASURED,False,
SNSC,AMEX,ELIGIBLE,1.3,74264.686,61530.2,1.0,0.0615,0.0,438.91,D-1,False,
SNSR,NASDAQ,FUND_ETF_ETN,,,,,,,,UNMEASURED,False,
SNT,NASDAQ,ELIGIBLE,1.61,18719.748895,11795.2,1.0,0.0513,0.0,377.36,D-1,False,
SNTG,NASDAQ,ELIGIBLE,1.7,21628.91242,12622.2,1.0,0.1205,0.0,354.01,D-1,False,
SNTH,ARCA,FUND_ETF_ETN,,,,,,,,UNMEASURED,False,
SNTI,NASDAQ,ELIGIBLE,0.3293,363276.54284,1105959.5,1.0,0.4179,0.0,22.61,D-1,False,
SNTQ,BATS,FUND_ETF_ETN,,,,,,,,UNMEASURED,False,
SNUS.PRH,NYSE,MALFORMED_OR_NON_COMMON_SYMBOL,,,,,,,,UNMEASURED,False,
SNUS.PRI,NYSE,MALFORMED_OR_NON_COMMON_SYMBOL,,,,,,,,UNMEASURED,False,
SNWV,NASDAQ,ELIGIBLE,5.04,246017.79249999998,55853.85,1.0,0.1462,0.0,162.61,D-1,False,
SNX,NYSE,ELIGIBLE,263.03,268374694.33499998,1006411.35,1.0,0.9179,12.41,22.95,D-1,True,473
SNXX,BATS,FUND_ETF_ETN,,,,,,,,UNMEASURED,False,
SNY,NASDAQ,ELIGIBLE,41.11,103323696.79425,2408786.5,1.0,0.9846,2.45,2.45,D-1,True,970
SNYRQ,OTC,NOT_TRADABLE,,,,,,,,UNMEASURED,False,
SO,NYSE,ELIGIBLE,82.88,528726044.12649995,6102703.45,1.0,1.0,4.84,2.42,D-1,True,227
SOAR,AMEX,ELIGIBLE,0.1795,5323117.019275,24499457.6,1.0,0.4718,0.0,63.98,D-1,False,
SOARW,OTC,NOT_TRADABLE,,,,,,,,UNMEASURED,False,
SOBKY,OTC,NOT_LISTED_EXCHANGE,,,,,,,,UNMEASURED,False,
SOBO,NYSE,ELIGIBLE,33.99,21784209.0805,600205.95,1.0,0.6641,1.48,7.39,D-1,True,2086
SOBR,OTC,NOT_TRADABLE,,,,,,,,UNMEASURED,False,
SOC,NYSE,ELIGIBLE,3.88,34218018.018,7455375.0,1.0,0.9974,26.06,26.34,D-1,True,1764
SOCA,NASDAQ,ELIGIBLE,10.34,239890.499,23184.6,1.0,0.0026,9.67,,UNMEASURED,False,
SOCAU,NASDAQ,UNIT,,,,,,,,UNMEASURED,False,
SOCAW,NASDAQ,WARRANT,,,,,,,,UNMEASURED,False,
SOCL,NASDAQ,FUND_ETF_ETN,,,,,,,,UNMEASURED,False,
SOEZ,ARCA,FUND_ETF_ETN,,,,,,,,UNMEASURED,False,
SOFA,NASDAQ,FUND_ETF_ETN,,,,,,,,UNMEASURED,False,
SOFC,BATS,FUND_ETF_ETN,,,,,,,,UNMEASURED,False,
SOFI,NASDAQ,ELIGIBLE,16.58,765551724.433,44311187.8,1.0,1.0,11.91,6.0,D-1,True,156
SOFO,OTC,NOT_TRADABLE,,,,,,,,UNMEASURED,False,
SOFR,ARCA,FUND_ETF_ETN,,,,,,,,UNMEASURED,False,
SOFX,NASDAQ,FUND_ETF_ETN,,,,,,,,UNMEASURED,False,
SOGP,NASDAQ,ELIGIBLE,12.17,117628.446,9962.4,1.0,0.0282,0.0,395.09,D-1,False,
SOHU,NASDAQ,ELIGIBLE,13.05,1379245.4065,104881.95,1.0,0.1513,0.0,56.76,D-1,True,3749
SOJC,NYSE,NOTE_DEBT,,,,,,,,UNMEASURED,False,
SOJD,NYSE,NOTE_DEBT,,,,,,,,UNMEASURED,False,
SOJE,NYSE,NOTE_DEBT,,,,,,,,UNMEASURED,False,
SOJF,NYSE,NOTE_DEBT,,,,,,,,UNMEASURED,False,
SOLC,NASDAQ,FUND_ETF_ETN,,,,,,,,UNMEASURED,False,
SOLM,BATS,FUND_ETF_ETN,,,,,,,,UNMEASURED,False,
SOLS,NASDAQ,ELIGIBLE,56.65,185336612.18199998,3034733.05,1.0,0.9667,7.06,17.77,D-1,True,662
SOLT,NASDAQ,FUND_ETF_ETN,,,,,,,,UNMEASURED,False,
SOLV,NYSE,ELIGIBLE,89.5,80229059.1315,895263.25,1.0,0.7897,2.24,13.46,D-1,True,1134
SOLZ,NASDAQ,FUND_ETF_ETN,,,,,,,,UNMEASURED,False,
SOMLY,OTC,NOT_LISTED_EXCHANGE,,,,,,,,UNMEASURED,False,
SOMN,NYSE,UNIT,,,,,,,,UNMEASURED,False,
SON,NYSE,ELIGIBLE,50.06,62455110.318500005,1240736.95,1.0,0.7692,2.0,11.98,D-1,True,1314
SONDQ,OTC,NOT_TRADABLE,,,,,,,,UNMEASURED,False,
SONM,NASDAQ,ELIGIBLE,3.915,71112.83793499999,19172.65,1.0,0.0282,0.0,177.03,D-1,False,
SONO,NASDAQ,ELIGIBLE,18.175,31634560.4375,1996780.95,1.0,0.9564,5.62,5.57,D-1,True,1811
SONWQ,OTC,NOT_TRADABLE,,,,,,,,UNMEASURED,False,
SONX,OTC,NOT_TRADABLE,,,,,,,,UNMEASURED,False,
SONY,NYSE,ELIGIBLE,23.55,88975797.8965,3700847.85,1.0,0.9897,3.58,4.26,D-1,True,1059
SOPAQ,OTC,NOT_TRADABLE,,,,,,,,UNMEASURED,False,
SOPH,NASDAQ,ELIGIBLE,8.34,5613808.4335,689197.75,1.0,0.6103,0.0,29.84,D-1,True,2984
SOR,NYSE,ELIGIBLE,45.4,515443.39644,11149.55,1.0,0.041,0.0,211.23,D-1,False,
SORA,NASDAQ,ELIGIBLE,2.0,84550.043,45569.45,1.0,0.0051,0.0,679.61,D-1,False,
SORN,NASDAQ,ELIGIBLE,10.02,568229.55,56716.35,1.0,0.0128,0.0,,UNMEASURED,False,
SORNU,NASDAQ,UNIT,,,,,,,,UNMEASURED,False,
SORNW,NASDAQ,WARRANT,,,,,,,,UNMEASURED,False,
SOS,NYSE,ELIGIBLE,0.3589,1239253.7611449999,3098618.3,1.0,0.6256,2.78,50.07,D-1,False,
SOTK,NASDAQ,ELIGIBLE,5.01,292574.832,62344.5,1.0,0.1359,0.0,215.01,D-1,False,
SOUHY,OTC,NOT_LISTED_EXCHANGE,,,,,,,,UNMEASURED,False,
SOUL,NYSE,ELIGIBLE,10.4701,215323.03351500002,20570.0,1.0,0.0026,0.0,28.61,D-1,False,
SOUL.RT,NYSE,MALFORMED_OR_NON_COMMON_SYMBOL,,,,,,,,UNMEASURED,False,
SOUL.U,NYSE,RIGHT,,,,,,,,UNMEASURED,False,
SOUN,NASDAQ,ELIGIBLE,6.05,135798109.7345,21051279.55,1.0,1.0,16.34,16.38,D-1,True,819
SOUNW,NASDAQ,WARRANT,,,,,,,,UNMEASURED,False,
SOUX,NASDAQ,FUND_ETF_ETN,,,,,,,,UNMEASURED,False,
SOVF,ARCA,FUND_ETF_ETN,,,,,,,,UNMEASURED,False,
SOWG,NASDAQ,ELIGIBLE,2.26,75336.76413,22859.95,1.0,0.0564,0.0,235.29,D-1,False,
SOXL,ARCA,FUND_ETF_ETN,,,,,,,,UNMEASURED,False,
SOXQ,NASDAQ,FUND_ETF_ETN,,,,,,,,UNMEASURED,False,
SOXS,ARCA,FUND_ETF_ETN,,,,,,,,UNMEASURED,False,
SOXX,NASDAQ,FUND_ETF_ETN,,,,,,,,UNMEASURED,False,
SOXY,ARCA,FUND_ETF_ETN,,,,,,,,UNMEASURED,False,
SOYB,ARCA,FUND_ETF_ETN,,,,,,,,UNMEASURED,False,
SPAB,ARCA,FUND_ETF_ETN,,,,,,,,UNMEASURED,False,
SPAI,NASDAQ,ELIGIBLE,4.17,509894.36525,108261.75,1.0,0.2385,0.0,92.87,D-1,False,
SPAL,BATS,FUND_ETF_ETN,,,,,,,,UNMEASURED,False,
SPAM,NASDAQ,FUND_ETF_ETN,,,,,,,,UNMEASURED,False,
SPAQ,NASDAQ,FUND_ETF_ETN,,,,,,,,UNMEASURED,False,
SPAX,ARCA,FUND_ETF_ETN,,,,,,,,UNMEASURED,False,
SPB,NYSE,ELIGIBLE,84.91,25144070.0565,290093.15,1.0,0.3154,1.18,51.53,D-1,True,1988
SPBC,NASDAQ,FUND_ETF_ETN,,,,,,,,UNMEASURED,False,
SPBO,ARCA,FUND_ETF_ETN,,,,,,,,UNMEASURED,False,
SPBU,BATS,FUND_ETF_ETN,,,,,,,,UNMEASURED,False,
SPBW,BATS,FUND_ETF_ETN,,,,,,,,UNMEASURED,False,
SPBX,BATS,FUND_ETF_ETN,,,,,,,,UNMEASURED,False,
SPCB,NASDAQ,ELIGIBLE,9.27,645416.52975,65053.4,1.0,0.1333,0.0,129.59,D-1,False,
SPCE,NYSE,ELIGIBLE,3.19,18136907.0015,5924119.3,1.0,0.9897,15.64,30.91,D-1,True,2218
SPCF,ARCA,FUND_ETF_ETN,,,,,,,,UNMEASURED,False,
SPCG,BATS,FUND_ETF_ETN,,,,,,,,UNMEASURED,False,
SPCH,BATS,FUND_ETF_ETN,,,,,,,,UNMEASURED,False,
SPCI,BATS,FUND_ETF_ETN,,,,,,,,UNMEASURED,False,
SPCK,NASDAQ,FUND_ETF_ETN,,,,,,,,UNMEASURED,False,
SPCL,BATS,FUND_ETF_ETN,,,,,,,,UNMEASURED,False,
SPCM,BATS,FUND_ETF_ETN,,,,,,,,UNMEASURED,False,
SPCQ,BATS,FUND_ETF_ETN,,,,,,,,UNMEASURED,False,
SPCT,NASDAQ,FUND_ETF_ETN,,,,,,,,UNMEASURED,False,
SPCU,BATS,FUND_ETF_ETN,,,,,,,,UNMEASURED,False,
SPCX,NASDAQ,ELIGIBLE,148.68,13413052296.7435,89777361.1,1.0,1.0,10.62,1.35,D-1,True,7
SPD,ARCA,FUND_ETF_ETN,,,,,,,,UNMEASURED,False,
SPDF,BATS,FUND_ETF_ETN,,,,,,,,UNMEASURED,False,
SPDG,ARCA,FUND_ETF_ETN,,,,,,,,UNMEASURED,False,
SPDN,ARCA,FUND_ETF_ETN,,,,,,,,UNMEASURED,False,
SPDV,ARCA,FUND_ETF_ETN,,,,,,,,UNMEASURED,False,
SPDW,ARCA,FUND_ETF_ETN,,,,,,,,UNMEASURED,False,
SPE,NYSE,FUND_ETF_ETN,,,,,,,,UNMEASURED,False,
SPE.PRC,NYSE,MALFORMED_OR_NON_COMMON_SYMBOL,,,,,,,,UNMEASURED,False,
SPEC,OTC,NOT_TRADABLE,,,,,,,,UNMEASURED,False,
SPECW,OTC,NOT_TRADABLE,,,,,,,,UNMEASURED,False,
SPEG,NASDAQ,ELIGIBLE,10.38,291506.486,28089.9,1.0,0.0051,4.82,,UNMEASURED,False,
SPEGR,NASDAQ,RIGHT,,,,,,,,UNMEASURED,False,
SPEGU,NASDAQ,UNIT,,,,,,,,UNMEASURED,False,
SPEM,ARCA,FUND_ETF_ETN,,,,,,,,UNMEASURED,False,
SPEU,ARCA,FUND_ETF_ETN,,,,,,,,UNMEASURED,False,
SPFF,ARCA,FUND_ETF_ETN,,,,,,,,UNMEASURED,False,
SPFI,NASDAQ,ELIGIBLE,43.0,5576124.3515,126293.8,1.0,0.1974,0.0,60.48,D-1,True,2985
SPG,NYSE,ELIGIBLE,204.82,266777541.2325,1288237.7,1.0,0.8308,1.96,5.87,D-1,True,479
SPG.PRJ,NYSE,MALFORMED_OR_NON_COMMON_SYMBOL,,,,,,,,UNMEASURED,False,
SPGI,NYSE,ELIGIBLE,403.3,758527452.812,1801396.35,1.0,0.9897,5.47,5.33,D-1,True,158
SPGM,ARCA,FUND_ETF_ETN,,,,,,,,UNMEASURED,False,
SPGP,ARCA,FUND_ETF_ETN,,,,,,,,UNMEASURED,False,
SPH,NYSE,ELIGIBLE,16.62,3597202.0105,210570.35,1.0,0.4385,0.0,9.12,D-1,True,3230
SPHB,ARCA,FUND_ETF_ETN,,,,,,,,UNMEASURED,False,
SPHD,ARCA,FUND_ETF_ETN,,,,,,,,UNMEASURED,False,
SPHL,NASDAQ,ELIGIBLE,3.12,2093501.0359,671716.35,1.0,0.2718,0.0,311.47,D-1,True,3531
SPHQ,ARCA,FUND_ETF_ETN,,,,,,,,UNMEASURED,False,
SPHR,NYSE,ELIGIBLE,141.13,78408308.3285,555193.4,1.0,0.5436,2.47,25.72,D-1,True,1147
SPHY,ARCA,FUND_ETF_ETN,,,,,,,,UNMEASURED,False,
SPIB,ARCA,FUND_ETF_ETN,,,,,,,,UNMEASURED,False,
SPIEQ,OTC,NOT_TRADABLE,,,,,,,,UNMEASURED,False,
SPIN,BATS,FUND_ETF_ETN,,,,,,,,UNMEASURED,False,
SPIP,ARCA,FUND_ETF_ETN,,,,,,,,UNMEASURED,False,
SPIR,NYSE,ELIGIBLE,12.08,7866559.7695,662409.3,1.0,0.6615,0.45,28.75,D-1,True,2776
SPIT,NASDAQ,FUND_ETF_ETN,,,,,,,,UNMEASURED,False,
SPKKY,OTC,NOT_LISTED_EXCHANGE,,,,,,,,UNMEASURED,False,
SPKL,NASDAQ,ELIGIBLE,11.585,281952.3225,24342.05,1.0,0.0128,0.0,,UNMEASURED,False,
SPKLU,NASDAQ,UNIT,,,,,,,,UNMEASURED,False,
SPKLW,NASDAQ,WARRANT,,,,,,,,UNMEASURED,False,
SPLB,ARCA,FUND_ETF_ETN,,,,,,,,UNMEASURED,False,
SPLP,OTC,NOT_TRADABLE,,,,,,,,UNMEASURED,False,
SPLS,BATS,FUND_ETF_ETN,,,,,,,,UNMEASURED,False,
SPLV,ARCA,FUND_ETF_ETN,,,,,,,,UNMEASURED,False,
SPMA,NYSE,PREFERRED,,,,,,,,UNMEASURED,False,
SPMB,ARCA,FUND_ETF_ETN,,,,,,,,UNMEASURED,False,
SPMC,NYSE,ELIGIBLE,8.37,215173.85222499998,22997.5,1.0,0.0538,0.0,171.44,D-1,False,
SPMD,ARCA,FUND_ETF_ETN,,,,,,,,UNMEASURED,False,
SPME,NYSE,PREFERRED,,,,,,,,UNMEASURED,False,
SPMO,ARCA,FUND_ETF_ETN,,,,,,,,UNMEASURED,False,
SPNT,NYSE,ELIGIBLE,25.38,26659149.7875,1072083.95,1.0,0.6667,1.97,11.79,D-1,True,1941
SPOG,NASDAQ,FUND_ETF_ETN,,,,,,,,UNMEASURED,False,
SPOK,NASDAQ,ELIGIBLE,10.46,1394910.301,132127.1,1.0,0.2564,0.0,19.24,D-1,True,3742
SPOT,NYSE,ELIGIBLE,510.01,775788930.4219999,1457152.8,1.0,0.9846,6.82,12.73,D-1,True,151
SPPL,NASDAQ,ELIGIBLE,2.09,122833.63999999998,61126.05,1.0,0.0359,0.0,380.95,D-1,False,
SPPP,ARCA,ELIGIBLE,14.03,9486238.442499999,650123.85,1.0,0.7128,3.55,7.14,D-1,True,2648
SPRB,NASDAQ,ELIGIBLE,48.72,6094852.2305,110624.7,1.0,0.0923,0.0,190.23,D-1,True,2921
SPRC,NASDAQ,ELIGIBLE,5.21,189414.2665,34212.5,1.0,0.0564,0.0,283.21,D-1,False,
SPRE,ARCA,FUND_ETF_ETN,,,,,,,,UNMEASURED,False,
SPRO,NASDAQ,ELIGIBLE,1.23,983296.4800000001,771320.4,1.0,0.7128,39.76,81.97,D-1,False,
SPRU,NYSE,ELIGIBLE,1.94,373945.354,197921.15,1.0,0.2077,0.0,182.63,D-1,False,
SPRX,NASDAQ,FUND_ETF_ETN,,,,,,,,UNMEASURED,False,
SPRY,NASDAQ,ELIGIBLE,4.08,6771940.136499999,1411344.3,1.0,0.8692,12.29,24.72,D-1,True,2857
SPSB,ARCA,FUND_ETF_ETN,,,,,,,,UNMEASURED,False,
SPSC,NASDAQ,ELIGIBLE,81.3,45358021.52125,555091.65,1.0,0.6,1.38,21.91,D-1,True,1574
SPSK,ARCA,FUND_ETF_ETN,,,,,,,,UNMEASURED,False,
SPSM,ARCA,FUND_ETF_ETN,,,,,,,,UNMEASURED,False,
SPT,NASDAQ,ELIGIBLE,9.54,13218623.62425,1224814.6,1.0,0.8103,5.17,15.45,D-1,True,2431
SPTB,ARCA,FUND_ETF_ETN,,,,,,,,UNMEASURED,False,
SPTE,ARCA,FUND_ETF_ETN,,,,,,,,UNMEASURED,False,
SPTI,ARCA,FUND_ETF_ETN,,,,,,,,UNMEASURED,False,
SPTL,ARCA,FUND_ETF_ETN,,,,,,,,UNMEASURED,False,
SPTM,ARCA,FUND_ETF_ETN,,,,,,,,UNMEASURED,False,
SPTS,ARCA,FUND_ETF_ETN,,,,,,,,UNMEASURED,False,
SPTU,ARCA,FUND_ETF_ETN,,,,,,,,UNMEASURED,False,
SPTX,NASDAQ,ELIGIBLE,21.52,5861593.276,264054.8,1.0,0.2179,0.0,214.53,D-1,True,2955
SPUC,ARCA,FUND_ETF_ETN,,,,,,,,UNMEASURED,False,
SPUS,ARCA,FUND_ETF_ETN,,,,,,,,UNMEASURED,False,
SPUT,ARCA,FUND_ETF_ETN,,,,,,,,UNMEASURED,False,
SPUU,ARCA,FUND_ETF_ETN,,,,,,,,UNMEASURED,False,
SPVM,ARCA,FUND_ETF_ETN,,,,,,,,UNMEASURED,False,
SPWH,NASDAQ,ELIGIBLE,1.18,826201.69175,675292.85,1.0,0.5564,0.0,84.4,D-1,False,
SPWO,ARCA,FUND_ETF_ETN,,,,,,,,UNMEASURED,False,
SPWR,NASDAQ,ELIGIBLE,0.3141,7121233.66259,18412878.65,1.0,0.4462,3.19,160.4,D-1,False,
SPWRW,NASDAQ,WARRANT,,,,,,,,UNMEASURED,False,
SPXC,NYSE,ELIGIBLE,172.79,99952188.35249999,544435.85,1.0,0.7744,4.63,26.3,D-1,True,990
SPXD,NASDAQ,FUND_ETF_ETN,,,,,,,,UNMEASURED,False,
SPXE,ARCA,FUND_ETF_ETN,,,,,,,,UNMEASURED,False,
SPXL,ARCA,FUND_ETF_ETN,,,,,,,,UNMEASURED,False,
SPXN,ARCA,FUND_ETF_ETN,,,,,,,,UNMEASURED,False,
SPXS,ARCA,FUND_ETF_ETN,,,,,,,,UNMEASURED,False,
SPXT,ARCA,FUND_ETF_ETN,,,,,,,,UNMEASURED,False,
SPXU,ARCA,FUND_ETF_ETN,,,,,,,,UNMEASURED,False,
SPXV,ARCA,FUND_ETF_ETN,,,,,,,,UNMEASURED,False,
SPXX,NYSE,FUND_ETF_ETN,,,,,,,,UNMEASURED,False,
SPY,ARCA,FUND_ETF_ETN,,,,,,,,UNMEASURED,False,
SPYA,BATS,FUND_ETF_ETN,,,,,,,,UNMEASURED,False,
SPYC,ARCA,FUND_ETF_ETN,,,,,,,,UNMEASURED,False,
SPYD,ARCA,FUND_ETF_ETN,,,,,,,,UNMEASURED,False,
SPYG,ARCA,FUND_ETF_ETN,,,,,,,,UNMEASURED,False,
SPYH,BATS,FUND_ETF_ETN,,,,,,,,UNMEASURED,False,
SPYI,BATS,FUND_ETF_ETN,,,,,,,,UNMEASURED,False,
SPYM,ARCA,FUND_ETF_ETN,,,,,,,,UNMEASURED,False,
SPYQ,NASDAQ,FUND_ETF_ETN,,,,,,,,UNMEASURED,False,
SPYT,ARCA,FUND_ETF_ETN,,,,,,,,UNMEASURED,False,
SPYU,ARCA,FUND_ETF_ETN,,,,,,,,UNMEASURED,False,
SPYV,ARCA,FUND_ETF_ETN,,,,,,,,UNMEASURED,False,
SPYX,ARCA,FUND_ETF_ETN,,,,,,,,UNMEASURED,False,
SQBA,BATS,FUND_ETF_ETN,,,,,,,,UNMEASURED,False,
SQBGQ,OTC,NOT_TRADABLE,,,,,,,,UNMEASURED,False,
SQFT,NASDAQ,ELIGIBLE,1.5,1861392.8712499999,1156951.35,1.0,0.2282,0.0,518.41,D-1,True,3589
SQFTP,NASDAQ,PREFERRED,,,,,,,,UNMEASURED,False,
SQFTW,NASDAQ,WARRANT,,,,,,,,UNMEASURED,False,
SQLT,BATS,FUND_ETF_ETN,,,,,,,,UNMEASURED,False,
SQLV,NASDAQ,FUND_ETF_ETN,,,,,,,,UNMEASURED,False,
SQM,NYSE,ELIGIBLE,66.89,73565617.273,1012338.3,1.0,0.7436,3.73,13.42,D-1,True,1198
SQMX,BATS,FUND_ETF_ETN,,,,,,,,UNMEASURED,False,
SQNS,NYSE,ELIGIBLE,2.85,114355.772,39242.1,1.0,0.0641,0.0,120.84,D-1,False,
SQQQ,NASDAQ,FUND_ETF_ETN,,,,,,,,UNMEASURED,False,
SQS,NASDAQ,FUND_ETF_ETN,,,,,,,,UNMEASURED,False,
SQZB,OTC,NOT_TRADABLE,,,,,,,,UNMEASURED,False,
SR,NYSE,ELIGIBLE,77.21,46472791.3655,577293.9,1.0,0.5487,1.3,11.73,D-1,True,1545
SRAD,NASDAQ,ELIGIBLE,13.24,29822652.212,2300216.9,1.0,0.8667,4.13,11.42,D-1,True,1861
SRAX,OTC,NOT_TRADABLE,,,,,,,,UNMEASURED,False,
SRBK,NASDAQ,ELIGIBLE,19.2,396723.9245,20309.85,1.0,0.0487,0.0,57.22,D-1,False,
SRCE,NASDAQ,ELIGIBLE,86.09,8934618.567,103804.45,1.0,0.2051,0.0,23.24,D-1,True,2686
SRE,NYSE,ELIGIBLE,77.93,336896579.81,4090890.45,1.0,1.0,5.13,3.23,D-1,True,386
SREA,NYSE,NOTE_DEBT,,,,,,,,UNMEASURED,False,
SRET,NASDAQ,FUND_ETF_ETN,,,,,,,,UNMEASURED,False,
SRFM,NYSE,ELIGIBLE,1.11,5191979.2783,6975272.0,1.0,0.9949,90.92,92.17,D-1,True,3024
SRG,NYSE,ELIGIBLE,1.82,340321.2365,173078.5,1.0,0.2154,0.0,54.5,D-1,False,
SRG.PRA,NYSE,MALFORMED_OR_NON_COMMON_SYMBOL,,,,,,,,UNMEASURED,False,
SRGAQ,OTC,NOT_TRADABLE,,,,,,,,UNMEASURED,False,
SRHBY,OTC,NOT_LISTED_EXCHANGE,,,,,,,,UNMEASURED,False,
SRHQ,ARCA,FUND_ETF_ETN,,,,,,,,UNMEASURED,False,
SRHR,ARCA,FUND_ETF_ETN,,,,,,,,UNMEASURED,False,
SRI,NYSE,ELIGIBLE,6.93,1074317.802,151246.75,1.0,0.2487,0.0,79.25,D-1,True,3894
SRJN,NYSE,NOTE_DEBT,,,,,,,,UNMEASURED,False,
SRL,NYSE,ELIGIBLE,5.36,31244.74933,5617.9,1.0,0.0231,0.0,757.77,D-1,False,
SRLN,ARCA,FUND_ETF_ETN,,,,,,,,UNMEASURED,False,
SRNE,OTC,NOT_TRADABLE,,,,,,,,UNMEASURED,False,
SROI,ARCA,FUND_ETF_ETN,,,,,,,,UNMEASURED,False,
SRPT,NASDAQ,ELIGIBLE,18.67,64917344.7385,3112888.9,1.0,0.9821,10.7,5.45,D-1,True,1287
SRRK,NASDAQ,ELIGIBLE,48.63,111062857.0055,2171644.65,1.0,0.9,7.19,16.48,D-1,True,933
SRS,ARCA,FUND_ETF_ETN,,,,,,,,UNMEASURED,False,
SRTA,NASDAQ,ELIGIBLE,5.33,3927872.9347499995,731588.45,1.0,0.7513,0.0,18.8,D-1,True,3189
SRTS,NASDAQ,ELIGIBLE,2.94,118337.81950000001,36339.55,1.0,0.1641,0.0,135.25,D-1,False,
SRTY,ARCA,FUND_ETF_ETN,,,,,,,,UNMEASURED,False,
SRV,NYSE,FUND_ETF_ETN,,,,,,,,UNMEASURED,False,
SRVR,ARCA,FUND_ETF_ETN,,,,,,,,UNMEASURED,False,
SRXH,AMEX,ELIGIBLE,1.7,1171038.4955,707564.7,1.0,0.5359,28.71,58.14,D-1,True,3850
SRZN,NASDAQ,ELIGIBLE,29.54,25316831.413,830079.85,1.0,0.9538,51.35,93.05,D-1,True,1979
SSAC,NASDAQ,ELIGIBLE,10.12,377897.152,37431.05,1.0,0.0051,0.0,,UNMEASURED,False,
SSACR,NASDAQ,RIGHT,,,,,,,,UNMEASURED,False,
SSACU,NASDAQ,UNIT,,,,,,,,UNMEASURED,False,
SSACW,NASDAQ,WARRANT,,,,,,,,UNMEASURED,False,
SSB,NYSE,ELIGIBLE,102.46,70983332.4885,678971.65,1.0,0.7205,1.94,7.78,D-1,True,1221
SSBI,NASDAQ,NOT_SEC_REGISTRANT_TICKER,,,,,,,,UNMEASURED,False,
SSCP,ARCA,FUND_ETF_ETN,,,,,,,,UNMEASURED,False,
SSD,NYSE,ELIGIBLE,176.55,53997558.953499995,308746.85,1.0,0.4436,0.57,26.25,D-1,True,1430
SSDOY,OTC,NOT_LISTED_EXCHANGE,,,,,,,,UNMEASURED,False,
SSEA,NASDAQ,ELIGIBLE,10.35,85433.6665,8257.25,1.0,0.0026,0.0,,UNMEASURED,False,
SSEAR,NASDAQ,RIGHT,,,,,,,,UNMEASURED,False,
SSEAU,NASDAQ,UNIT,,,,,,,,UNMEASURED,False,
SSEZY,OTC,NOT_LISTED_EXCHANGE,,,,,,,,UNMEASURED,False,
SSFI,ARCA,FUND_ETF_ETN,,,,,,,,UNMEASURED,False,
SSG,ARCA,FUND_ETF_ETN,,,,,,,,UNMEASURED,False,
SSII,NASDAQ,ELIGIBLE,2.95,213661.721,65574.55,1.0,0.0872,0.0,,UNMEASURED,False,
SSK,BATS,FUND_ETF_ETN,,,,,,,,UNMEASURED,False,
SSKN,OTC,NOT_TRADABLE,,,,,,,,UNMEASURED,False,
SSL,NYSE,ELIGIBLE,14.03,27672258.639,2007344.55,1.0,0.9436,3.58,7.13,D-1,True,1911
SSM,NASDAQ,ELIGIBLE,1.12,13231771.514,4505057.1,1.0,0.2795,0.0,324.72,D-1,True,2430
SSMG,ARCA,FUND_ETF_ETN,,,,,,,,UNMEASURED,False,
SSMR,NYSE,ELIGIBLE,15.35,11196395.2995,663978.1,1.0,0.4128,0.0,58.34,D-1,True,2538
SSMXY,OTC,NOT_LISTED_EXCHANGE,,,,,,,,UNMEASURED,False,
SSNC,NASDAQ,ELIGIBLE,78.61,132984454.11100002,1642962.65,1.0,0.8692,2.53,5.69,D-1,True,828
SSO,ARCA,FUND_ETF_ETN,,,,,,,,UNMEASURED,False,
SSP,NASDAQ,ELIGIBLE,2.76,2054543.5945000001,657920.9,1.0,0.6051,17.22,35.91,D-1,True,3544
SSPC,BATS,FUND_ETF_ETN,,,,,,,,UNMEASURED,False,
SSPY,ARCA,FUND_ETF_ETN,,,,,,,,UNMEASURED,False,
SSREY,OTC,NOT_LISTED_EXCHANGE,,,,,,,,UNMEASURED,False,
SSRM,NASDAQ,ELIGIBLE,35.68,89859937.6985,2455517.8,1.0,1.0,8.38,4.21,D-1,True,1052
SSS,NASDAQ,FUND_ETF_ETN,,,,,,,,UNMEASURED,False,
SST,NYSE,ELIGIBLE,2.82,4865762.007,1427871.5,1.0,0.2897,0.0,242.39,D-1,True,3066
SSTI,NASDAQ,ELIGIBLE,5.64,501724.63300000003,84980.15,1.0,0.0667,0.0,144.01,D-1,False,
SSTK,NYSE,ELIGIBLE,4.18,5033447.453,990791.7,1.0,0.7487,0.0,23.84,D-1,True,3038
SSTPW,OTC,NOT_TRADABLE,,,,,,,,UNMEASURED,False,
SSUMY,OTC,NOT_LISTED_EXCHANGE,,,,,,,,UNMEASURED,False,
SSUNF,OTC,NOT_TRADABLE,,,,,,,,UNMEASURED,False,
SSUP,OTC,NOT_TRADABLE,,,,,,,,UNMEASURED,False,
SSUS,ARCA,FUND_ETF_ETN,,,,,,,,UNMEASURED,False,
SSXU,ARCA,FUND_ETF_ETN,,,,,,,,UNMEASURED,False,
SSYS,NASDAQ,ELIGIBLE,8.26,5106113.56175,653449.05,1.0,0.8026,2.54,18.45,D-1,True,3032
ST,NYSE,ELIGIBLE,42.19,59480123.063,1417268.9,1.0,0.9077,3.61,8.32,D-1,True,1364
STAA,NASDAQ,ELIGIBLE,20.51,24710359.6125,1128249.25,1.0,0.8231,7.46,24.78,D-1,True,2004
STAB,OTC,NOT_TRADABLE,,,,,,,,UNMEASURED,False,
STAG,NYSE,ELIGIBLE,36.79,60445844.8045,1620302.25,1.0,0.9667,4.07,4.08,D-1,True,1348
STAI,OTC,NOT_TRADABLE,,,,,,,,UNMEASURED,False,
STAK,NASDAQ,ELIGIBLE,1.17,3811939.4770000004,2735648.9,1.0,0.8051,42.65,86.21,D-1,True,3206
STAX,ARCA,FUND_ETF_ETN,,,,,,,,UNMEASURED,False,
STBA,NASDAQ,ELIGIBLE,49.82,14176577.4545,284146.55,1.0,0.5103,0.0,6.02,D-1,True,2378
STBF,BATS,FUND_ETF_ETN,,,,,,,,UNMEASURED,False,
STBFY,OTC,NOT_LISTED_EXCHANGE,,,,,,,,UNMEASURED,False,
STBQ,ARCA,FUND_ETF_ETN,,,,,,,,UNMEASURED,False,
STBXF,OTC,NOT_TRADABLE,,,,,,,,UNMEASURED,False,
STC,NYSE,ELIGIBLE,59.19,17790830.055,272530.05,1.0,0.3974,1.69,30.27,D-1,True,2230
STCE,ARCA,FUND_ETF_ETN,,,,,,,,UNMEASURED,False,
STDN,NYSE,ELIGIBLE,12.34,11329341.269,804403.8,1.0,0.5821,0.0,111.54,D-1,True,2526
STE,NYSE,ELIGIBLE,208.93,143515839.35149997,668086.65,1.0,0.5308,0.48,18.67,D-1,True,783
STEM,NYSE,ELIGIBLE,4.48,735007.6190000001,158935.05,1.0,0.7744,31.14,196.16,D-1,False,
STEN,BATS,FUND_ETF_ETN,,,,,,,,UNMEASURED,False,
STEP,NASDAQ,ELIGIBLE,44.36,54039683.788,1108787.8,1.0,0.7333,4.48,16.36,D-1,True,1429
STEW,NYSE,FUND_ETF_ETN,,,,,,,,UNMEASURED,False,
STEX,NASDAQ,ELIGIBLE,0.7,781455.556105,1094191.65,1.0,0.6769,13.29,109.77,D-1,False,
STFS,NASDAQ,ELIGIBLE,3.69,254066.43925,69936.35,1.0,0.1308,0.0,1282.8,D-1,False,
STG,NYSE,ELIGIBLE,2.92,20919.972405,7129.0,1.0,0.0,,583.19,D-1,False,
STGW,NASDAQ,ELIGIBLE,8.32,10204817.5395,1196715.05,1.0,0.6949,0.0,12.0,D-1,True,2604
STHH,ARCA,NOT_SEC_REGISTRANT_TICKER,,,,,,,,UNMEASURED,False,
STHO,NASDAQ,ELIGIBLE,8.23,161214.503,17442.8,1.0,0.0846,0.0,214.41,D-1,False,
STI,NASDAQ,ELIGIBLE,6.52,2729872.03115,396592.75,1.0,0.3641,0.0,226.29,D-1,True,3371
STIM,NASDAQ,ELIGIBLE,2.74,3646639.15575,1264222.6,1.0,0.5333,0.0,35.91,D-1,True,3221
STIP,ARCA,FUND_ETF_ETN,,,,,,,,UNMEASURED,False,
STK,NYSE,FUND_ETF_ETN,,,,,,,,UNMEASURED,False,
STKE,NASDAQ,ELIGIBLE,1.65,560016.7485,405011.75,1.0,0.3667,0.0,97.08,D-1,False,
STKH,NASDAQ,ELIGIBLE,1.72,251207.0835,94820.35,1.0,0.0949,0.0,566.41,D-1,False,
STKS,NASDAQ,ELIGIBLE,1.64,36161.416000000005,22421.4,1.0,0.0538,0.0,490.8,D-1,False,
STLA,NYSE,ELIGIBLE,4.6,113466251.41749999,22373821.05,1.0,1.0,21.62,21.81,D-1,True,919
STLD,NASDAQ,ELIGIBLE,233.66,231793574.61125,974305.15,1.0,0.8051,2.68,25.56,D-1,True,544
STLL,BATS,FUND_ETF_ETN,,,,,,,,UNMEASURED,False,
STLN,NASDAQ,ELIGIBLE,6.66,8647275.048,1329991.3,1.0,0.8615,7.39,18.61,D-1,True,2706
STLNW,NASDAQ,WARRANT,,,,,,,,UNMEASURED,False,
STLR,BATS,FUND_ETF_ETN,,,,,,,,UNMEASURED,False,
STLU,BATS,FUND_ETF_ETN,,,,,,,,UNMEASURED,False,
STM,NYSE,ELIGIBLE,51.93,415706067.5485,8207380.15,1.0,1.0,7.74,1.94,D-1,True,301
STMX,BATS,FUND_ETF_ETN,,,,,,,,UNMEASURED,False,
STN,NYSE,ELIGIBLE,69.02,23217132.4565,327515.75,1.0,0.5436,0.73,9.51,D-1,True,2046
STNC,NASDAQ,FUND_ETF_ETN,,,,,,,,UNMEASURED,False,
STNE,NASDAQ,ELIGIBLE,9.3,60676246.233500004,6183845.8,1.0,0.9821,5.49,10.84,D-1,True,1346
STNG,NYSE,ELIGIBLE,81.49,81225223.0405,971877.3,1.0,0.6487,1.54,19.68,D-1,True,1124
STOK,NASDAQ,ELIGIBLE,24.8,23397416.4295,818157.35,1.0,0.8308,5.96,21.81,D-1,True,2042
STOT,BATS,FUND_ETF_ETN,,,,,,,,UNMEASURED,False,
STOX,BATS,FUND_ETF_ETN,,,,,,,,UNMEASURED,False,
STPZ,ARCA,FUND_ETF_ETN,,,,,,,,UNMEASURED,False,
STRA,NASDAQ,ELIGIBLE,76.83,25280178.989,313204.7,1.0,0.3077,1.93,30.98,D-1,True,1981
STRC,NASDAQ,PREFERRED,,,,,,,,UNMEASURED,False,
STRD,NASDAQ,PREFERRED,,,,,,,,UNMEASURED,False,
STRF,NASDAQ,PREFERRED,,,,,,,,UNMEASURED,False,
STRK,NASDAQ,PREFERRED,,,,,,,,UNMEASURED,False,
STRL,NASDAQ,ELIGIBLE,512.29,272841191.9185,557163.6,1.0,0.8359,8.75,26.43,D-1,True,464
STRN,ARCA,FUND_ETF_ETN,,,,,,,,UNMEASURED,False,
STRNY,OTC,NOT_LISTED_EXCHANGE,,,,,,,,UNMEASURED,False,
STRO,NASDAQ,ELIGIBLE,15.98,5495539.23275,324817.75,1.0,0.459,0.0,59.17,D-1,True,2994
STRR,NASDAQ,ELIGIBLE,10.17,45880.82657,4499.05,1.0,0.0,,934.77,D-1,False,
STRRP,NASDAQ,PREFERRED,,,,,,,,UNMEASURED,False,
STRS,OTC,NOT_TRADABLE,,,,,,,,UNMEASURED,False,
STRT,NASDAQ,ELIGIBLE,66.92,6141029.718,87053.75,1.0,0.1923,0.0,71.03,D-1,True,2918
STRW,AMEX,ELIGIBLE,13.4,606349.5035,44357.75,1.0,0.1923,0.0,293.97,D-1,False,
STRZ,NASDAQ,ELIGIBLE,21.07,7364386.5995000005,297089.25,1.0,0.8744,33.5,73.95,D-1,True,2801
STSM,ARCA,FUND_ETF_ETN,,,,,,,,UNMEASURED,False,
STT,NYSE,ELIGIBLE,181.34,363404472.6055,1956090.65,1.0,0.9949,4.96,7.48,D-1,True,348
STT.PRG,NYSE,MALFORMED_OR_NON_COMMON_SYMBOL,,,,,,,,UNMEASURED,False,
STTK,NASDAQ,ELIGIBLE,6.07,7709851.825,1229759.0,1.0,0.859,1.8,24.39,D-1,True,2785
STTSY,OTC,NOT_LISTED_EXCHANGE,,,,,,,,UNMEASURED,False,
STUB,NYSE,ELIGIBLE,5.44,40872175.4495,6828104.2,1.0,0.9872,18.27,18.47,D-1,True,1646
STVN,NYSE,ELIGIBLE,21.13,6872434.1005,321837.35,1.0,0.6103,0.0,59.35,D-1,True,2845
STWD,NYSE,ELIGIBLE,14.36,67828699.17050001,4433322.2,1.0,0.9974,6.95,6.97,D-1,True,1259
STWWF,OTC,NOT_TRADABLE,,,,,,,,UNMEASURED,False,
STX,NASDAQ,ELIGIBLE,916.83,3201125526.33025,3762535.8,1.0,1.0,17.84,12.93,D-1,True,26
STXD,NYSE,FUND_ETF_ETN,,,,,,,,UNMEASURED,False,
STXE,NYSE,FUND_ETF_ETN,,,,,,,,UNMEASURED,False,
STXF,NYSE,FUND_ETF_ETN,,,,,,,,UNMEASURED,False,
STXG,NYSE,FUND_ETF_ETN,,,,,,,,UNMEASURED,False,
STXK,NYSE,FUND_ETF_ETN,,,,,,,,UNMEASURED,False,
STXL,BATS,FUND_ETF_ETN,,,,,,,,UNMEASURED,False,
STXS,AMEX,ELIGIBLE,1.3,687231.534,512628.8,1.0,0.8103,0.0,76.92,D-1,False,
STXT,NYSE,FUND_ETF_ETN,,,,,,,,UNMEASURED,False,
STXU,BATS,FUND_ETF_ETN,,,,,,,,UNMEASURED,False,
STXV,NYSE,FUND_ETF_ETN,,,,,,,,UNMEASURED,False,
STXX,BATS,FUND_ETF_ETN,,,,,,,,UNMEASURED,False,
STYL,BATS,FUND_ETF_ETN,,,,,,,,UNMEASURED,False,
STZ,NYSE,ELIGIBLE,113.63,301158404.4975,2449313.55,1.0,0.959,3.95,10.3,D-1,True,430
SU,NYSE,ELIGIBLE,68.19,331704190.55,4864384.7,1.0,0.9949,5.88,2.21,D-1,True,394
SUB,ARCA,FUND_ETF_ETN,,,,,,,,UNMEASURED,False,
SUBCY,OTC,NOT_LISTED_EXCHANGE,,,,,,,,UNMEASURED,False,
SUGP,NASDAQ,ELIGIBLE,0.5558,7032816.052239999,11319737.65,1.0,0.9974,100.3,57.68,D-1,False,
SUHJY,OTC,NOT_LISTED_EXCHANGE,,,,,,,,UNMEASURED,False,
SUI,NYSE,ELIGIBLE,112.26,134369362.3095,1150390.2,1.0,0.7897,2.24,15.32,D-1,True,824
SUIG,NASDAQ,ELIGIBLE,1.59,1265149.626485,1001807.3,1.0,0.6154,0.0,63.09,D-1,True,3804
SUIL,BATS,FUND_ETF_ETN,,,,,,,,UNMEASURED,False,
SUIS,NASDAQ,FUND_ETF_ETN,,,,,,,,UNMEASURED,False,
SUJA,NASDAQ,ELIGIBLE,8.61,4379028.2215,470083.95,1.0,0.3538,0.0,82.83,D-1,True,3129
SUMA,NASDAQ,ELIGIBLE,9.95,35583.471815,3576.05,1.0,0.0,,,UNMEASURED,False,
SUMAR,NASDAQ,RIGHT,,,,,,,,UNMEASURED,False,
SUMAU,NASDAQ,UNIT,,,,,,,,UNMEASURED,False,
SUN,NYSE,ELIGIBLE,74.76,49080128.413499996,639766.7,1.0,0.6462,4.02,14.81,D-1,True,1507
SUNB,NYSE,ELIGIBLE,75.06,637098509.08,8922179.35,1.0,0.9974,7.41,6.03,D-1,True,186
SUNC,NYSE,ELIGIBLE,76.32,41584098.6095,522685.75,1.0,0.5744,2.64,12.58,D-1,True,1628
SUNE,NASDAQ,ELIGIBLE,2.4,32665609.913999997,7943555.55,1.0,0.2538,0.0,166.93,D-1,True,1794
SUNS,NASDAQ,ELIGIBLE,7.19,529857.3735,71712.85,1.0,0.2205,0.0,34.8,D-1,False,
SUNWQ,OTC,NOT_TRADABLE,,,,,,,,UNMEASURED,False,
SUPL,ARCA,FUND_ETF_ETN,,,,,,,,UNMEASURED,False,
SUPN,NASDAQ,ELIGIBLE,42.66,26426202.651499998,619421.85,1.0,0.5897,2.29,13.86,D-1,True,1944
SUPP,NASDAQ,FUND_ETF_ETN,,,,,,,,UNMEASURED,False,
SUPV,NYSE,ELIGIBLE,7.24,4028723.953,485144.65,1.0,0.5974,0.0,33.8,D-1,True,3173
SUPX,NASDAQ,ELIGIBLE,6.89,7131285.408499999,895257.2,1.0,0.2487,7.09,78.4,D-1,True,2823
SURE,ARCA,FUND_ETF_ETN,,,,,,,,UNMEASURED,False,
SURG,NASDAQ,ELIGIBLE,0.1464,4157665.232395,25236337.7,1.0,0.7308,13.23,58.91,D-1,False,
SURI,ARCA,FUND_ETF_ETN,,,,,,,,UNMEASURED,False,
SUSA,ARCA,FUND_ETF_ETN,,,,,,,,UNMEASURED,False,
SUSB,NASDAQ,FUND_ETF_ETN,,,,,,,,UNMEASURED,False,
SUSC,NASDAQ,FUND_ETF_ETN,,,,,,,,UNMEASURED,False,
SUSL,NASDAQ,FUND_ETF_ETN,,,,,,,,UNMEASURED,False,
SUTNY,OTC,NOT_LISTED_EXCHANGE,,,,,,,,UNMEASURED,False,
SUZ,NYSE,ELIGIBLE,8.69,25981280.6665,2842871.65,1.0,0.8897,5.69,11.46,D-1,True,1960
SVA,NASDAQ,ELIGIBLE,,,,,0.0,,,UNMEASURED,False,
SVAL,BATS,FUND_ETF_ETN,,,,,,,,UNMEASURED,False,
SVAQ,NASDAQ,ELIGIBLE,10.11,577026.4127499999,57147.4,1.0,0.0026,0.0,,UNMEASURED,False,
SVAQU,NASDAQ,UNIT,,,,,,,,UNMEASURED,False,
SVAQW,NASDAQ,WARRANT,,,,,,,,UNMEASURED,False,
SVBL,OTC,NOT_TRADABLE,,,,,,,,UNMEASURED,False,
SVC,NASDAQ,ELIGIBLE,6.59,11170531.135000002,1594260.1,1.0,0.7744,7.58,15.34,D-1,True,2544
SVCC,NASDAQ,ELIGIBLE,10.72,194540.02,18227.45,1.0,0.0026,0.0,,UNMEASURED,False,
SVCCU,NASDAQ,UNIT,,,,,,,,UNMEASURED,False,
SVCCW,NASDAQ,WARRANT,,,,,,,,UNMEASURED,False,
SVCO,NASDAQ,ELIGIBLE,8.36,2759834.1399999997,385357.7,1.0,0.5513,3.78,29.89,D-1,True,3366
SVIA,NASDAQ,NOT_SEC_REGISTRANT_TICKER,,,,,,,,UNMEASURED,False,
SVIAW,NASDAQ,WARRANT,,,,,,,,UNMEASURED,False,
SVIRF,OTC,NOT_TRADABLE,,,,,,,,UNMEASURED,False,
SVIV,NASDAQ,ELIGIBLE,10.11,322056.99225,31708.85,1.0,0.0282,0.0,9.9,D-1,False,
SVIVU,NASDAQ,UNIT,,,,,,,,UNMEASURED,False,
SVIVW,NASDAQ,WARRANT,,,,,,,,UNMEASURED,False,
SVIX,BATS,FUND_ETF_ETN,,,,,,,,UNMEASURED,False,
SVM,AMEX,ELIGIBLE,11.34,23626478.3985,1960318.75,1.0,0.9026,7.88,8.88,D-1,True,2037
SVNDY,OTC,NOT_LISTED_EXCHANGE,,,,,,,,UNMEASURED,False,
SVOL,ARCA,FUND_ETF_ETN,,,,,,,,UNMEASURED,False,
SVRA,NASDAQ,ELIGIBLE,5.0,8147693.4255,1546450.45,1.0,0.8872,10.01,20.2,D-1,True,2745
SVRE,NASDAQ,ELIGIBLE,2.15,170810.31274999998,64732.0,1.0,0.041,0.0,960.7,D-1,False,
SVREW,NASDAQ,WARRANT,,,,,,,,UNMEASURED,False,
SVRN,NASDAQ,ELIGIBLE,47.26,4736924.3195,213715.1,1.0,0.4821,18.48,326.27,D-1,True,3089
SVUHF,OTC,NOT_TRADABLE,,,,,,,,UNMEASURED,False,
SVUWF,OTC,NOT_TRADABLE,,,,,,,,UNMEASURED,False,
SVV,NYSE,ELIGIBLE,9.34,11549958.076,1205160.25,1.0,0.7538,5.3,16.06,D-1,True,2517
SVVC,OTC,NOT_TRADABLE,,,,,,,,UNMEASURED,False,
SVXY,BATS,FUND_ETF_ETN,,,,,,,,UNMEASURED,False,
SW,NYSE,ELIGIBLE,46.41,199979868.5005,4432734.75,1.0,1.0,6.49,6.48,D-1,True,623
SWAG,NASDAQ,ELIGIBLE,1.56,21358.627,13007.35,1.0,0.0154,0.0,,UNMEASURED,False,
SWAGW,NASDAQ,WARRANT,,,,,,,,UNMEASURED,False,
SWAN,ARCA,FUND_ETF_ETN,,,,,,,,UNMEASURED,False,
SWBI,NASDAQ,ELIGIBLE,14.26,9189209.389,696368.55,1.0,0.5051,0.0,14.38,D-1,True,2669
SWDBY,OTC,NOT_LISTED_EXCHANGE,,,,,,,,UNMEASURED,False,
SWIM,NASDAQ,ELIGIBLE,6.245,5755667.6995,879448.15,1.0,0.6154,0.0,16.13,D-1,True,2971
SWK,NYSE,ELIGIBLE,91.4,155385844.5655,1692100.55,1.0,0.9179,4.91,13.72,D-1,True,747
SWKHL,NASDAQ,NOTE_DEBT,,,,,,,,UNMEASURED,False,
SWKS,NASDAQ,ELIGIBLE,89.34,670375858.2475001,8237653.9,1.0,1.0,13.4,13.79,D-1,True,174
SWMAY,OTC,NOT_TRADABLE,,,,,,,,UNMEASURED,False,
SWMR,NASDAQ,ELIGIBLE,20.73,24527659.21775,921612.65,1.0,0.8436,7.03,42.48,D-1,True,2011
SWP,NASDAQ,FUND_ETF_ETN,,,,,,,,UNMEASURED,False,
SWRAY,OTC,NOT_LISTED_EXCHANGE,,,,,,,,UNMEASURED,False,
SWRD,NASDAQ,ELIGIBLE,2.61,8350750.086666666,2964135.5833333335,0.6,0.5487,0.0,118.12,D-1,True,2731
SWSSW,OTC,NOT_TRADABLE,,,,,,,,UNMEASURED,False,
SWVL,NASDAQ,ELIGIBLE,4.09,3226002.5595000004,713031.0,1.0,0.1744,23.43,146.7,D-1,True,3287
SWVLW,NASDAQ,WARRANT,,,,,,,,UNMEASURED,False,
SWX,NYSE,ELIGIBLE,82.44,65454131.94449999,759885.9,1.0,0.6692,1.23,11.66,D-1,True,1281
SWZ,NYSE,FUND_ETF_ETN,,,,,,,,UNMEASURED,False,
SXC,NYSE,ELIGIBLE,9.57,9143903.7175,923951.15,1.0,0.7667,5.23,10.51,D-1,True,2670
SXI,NYSE,ELIGIBLE,280.17,36383802.393,133628.7,1.0,0.441,0.0,42.22,D-1,True,1731
SXQG,ARCA,FUND_ETF_ETN,,,,,,,,UNMEASURED,False,
SXT,NYSE,ELIGIBLE,129.22,42533135.9215,324555.25,1.0,0.3154,0.0,20.93,D-1,True,1614
SXTC,NASDAQ,ELIGIBLE,2.57,2045259.0495000002,803047.85,1.0,0.1,0.0,118.89,D-1,True,3547
SXTP,NASDAQ,ELIGIBLE,1.17,67113.070265,68845.0,1.0,0.1923,0.0,392.25,D-1,False,
SXTPW,NASDAQ,WARRANT,,,,,,,,UNMEASURED,False,
SXYAY,OTC,NOT_LISTED_EXCHANGE,,,,,,,,UNMEASURED,False,
SY,NASDAQ,ELIGIBLE,2.7,3347281.109,1179763.55,1.0,0.4256,0.0,36.83,D-1,True,3267
SYBT,NASDAQ,ELIGIBLE,78.57,12879682.6365,162672.65,1.0,0.3308,0.0,24.52,D-1,True,2444
SYBX,OTC,NOT_TRADABLE,,,,,,,,UNMEASURED,False,
SYF,NYSE,ELIGIBLE,72.94,228592336.815,3017977.95,1.0,0.9846,5.61,4.14,D-1,True,549
SYF.PRA,NYSE,MALFORMED_OR_NON_COMMON_SYMBOL,,,,,,,,UNMEASURED,False,
SYF.PRB,NYSE,MALFORMED_OR_NON_COMMON_SYMBOL,,,,,,,,UNMEASURED,False,
SYFI,ARCA,FUND_ETF_ETN,,,,,,,,UNMEASURED,False,
SYIEY,OTC,NOT_LISTED_EXCHANGE,,,,,,,,UNMEASURED,False,
SYK,NYSE,ELIGIBLE,272.36,885287266.4200001,3108115.4,1.0,1.0,7.7,8.37,D-1,True,131
SYLD,BATS,FUND_ETF_ETN,,,,,,,,UNMEASURED,False,
SYM,NASDAQ,ELIGIBLE,43.47,73811813.1775,1744382.55,1.0,0.9077,6.8,9.14,D-1,True,1192
SYNA,NASDAQ,ELIGIBLE,102.72,61547559.707,644628.2,1.0,0.8462,3.92,14.94,D-1,True,1327
SYNX,AMEX,ELIGIBLE,1.05,52904.350249999996,60548.4,1.0,0.0769,0.0,243.62,D-1,False,
SYPR,NASDAQ,ELIGIBLE,1.74,54757.331845,30202.55,1.0,0.0564,0.0,116.28,D-1,False,
SYRA,OTC,NOT_TRADABLE,,,,,,,,UNMEASURED,False,
SYRE,NASDAQ,ELIGIBLE,85.69,115470622.3365,1288202.25,1.0,0.7,4.63,26.52,D-1,True,905
SYRS,OTC,NOT_TRADABLE,,,,,,,,UNMEASURED,False,
SYSB,BATS,FUND_ETF_ETN,,,,,,,,UNMEASURED,False,
SYTTY,OTC,NOT_TRADABLE,,,,,,,,UNMEASURED,False,
SYY,NYSE,ELIGIBLE,78.46,360872171.076,4519835.9,1.0,0.9974,5.09,3.85,D-1,True,351
SYZ,NASDAQ,FUND_ETF_ETN,,,,,,,,UNMEASURED,False,
SZK,ARCA,FUND_ETF_ETN,,,,,,,,UNMEASURED,False,
SZKMY,OTC,NOT_LISTED_EXCHANGE,,,,,,,,UNMEASURED,False,
SZZL,NASDAQ,ELIGIBLE,10.49,219135.75042500003,20945.4,1.0,0.0,,,UNMEASURED,False,
SZZLR,NASDAQ,RIGHT,,,,,,,,UNMEASURED,False,
SZZLU,NASDAQ,UNIT,,,,,,,,UNMEASURED,False,
T,NYSE,ELIGIBLE,25.38,977892017.5295,38047847.6,1.0,0.9974,7.67,3.95,D-1,True,104
T.PRA,NYSE,MALFORMED_OR_NON_COMMON_SYMBOL,,,,,,,,UNMEASURED,False,
T.PRC,NYSE,MALFORMED_OR_NON_COMMON_SYMBOL,,,,,,,,UNMEASURED,False,
TABD,ARCA,FUND_ETF_ETN,,,,,,,,UNMEASURED,False,
TAC,NYSE,ELIGIBLE,11.53,25001256.3135,2086087.15,1.0,0.8128,4.25,8.6,D-1,True,1995
TACH,NASDAQ,ELIGIBLE,10.51,266944.794,25410.7,1.0,0.0051,0.0,,UNMEASURED,False,
TACHU,NASDAQ,UNIT,,,,,,,,UNMEASURED,False,
TACHW,NASDAQ,WARRANT,,,,,,,,UNMEASURED,False,
TACK,ARCA,FUND_ETF_ETN,,,,,,,,UNMEASURED,False,
TACN,ARCA,FUND_ETF_ETN,,,,,,,,UNMEASURED,False,
TACO,NASDAQ,ELIGIBLE,10.455,448385.8635,42834.65,1.0,0.0359,0.0,9.56,D-1,False,
TACOU,NASDAQ,UNIT,,,,,,,,UNMEASURED,False,
TACOW,NASDAQ,WARRANT,,,,,,,,UNMEASURED,False,
TACT,NASDAQ,ELIGIBLE,4.87,80943.49799999999,15802.25,1.0,0.0513,0.0,124.66,D-1,False,
TACU,ARCA,FUND_ETF_ETN,,,,,,,,UNMEASURED,False,
TAFI,ARCA,FUND_ETF_ETN,,,,,,,,UNMEASURED,False,
TAFL,ARCA,FUND_ETF_ETN,,,,,,,,UNMEASURED,False,
TAFM,ARCA,FUND_ETF_ETN,,,,,,,,UNMEASURED,False,
TAGG,ARCA,FUND_ETF_ETN,,,,,,,,UNMEASURED,False,
TAGS,ARCA,FUND_ETF_ETN,,,,,,,,UNMEASURED,False,
TAIL,BATS,FUND_ETF_ETN,,,,,,,,UNMEASURED,False,
TAIT,OTC,NOT_TRADABLE,,,,,,,,UNMEASURED,False,
TAJX,BATS,FUND_ETF_ETN,,,,,,,,UNMEASURED,False,
TAK,NYSE,ELIGIBLE,18.86,42312216.942,2278532.75,1.0,0.941,2.66,5.3,D-1,True,1616
TAL,NYSE,ELIGIBLE,12.0,62366949.6515,5246783.8,1.0,0.9436,4.18,8.36,D-1,True,1315
TALO,NYSE,ELIGIBLE,16.47,36025337.9335,2095777.95,1.0,0.9795,6.12,6.08,D-1,True,1735
TALV,ARCA,FUND_ETF_ETN,,,,,,,,UNMEASURED,False,
TAN,ARCA,FUND_ETF_ETN,,,,,,,,UNMEASURED,False,
TANH,NASDAQ,ELIGIBLE,14.375,2930188.886,154389.45,1.0,0.0231,0.0,601.37,D-1,True,3341
TAOP,NASDAQ,ELIGIBLE,0.5599,203636.94918,334687.15,1.0,0.2308,0.0,641.33,D-1,False,
TAOX,NASDAQ,ELIGIBLE,4.43,1018983.4172499999,235095.0,1.0,0.2615,0.0,205.13,D-1,True,3917
TAOZ,NASDAQ,FUND_ETF_ETN,,,,,,,,UNMEASURED,False,
TAP,NYSE,ELIGIBLE,35.95,211935787.10750002,5553502.95,1.0,1.0,5.58,4.85,D-1,True,593
TAP.A,NYSE,ELIGIBLE,39.52,16350.071895000001,384.05,1.0,0.0103,0.0,1302.82,D-1,False,
TAPR,BATS,FUND_ETF_ETN,,,,,,,,UNMEASURED,False,
TARA,NASDAQ,ELIGIBLE,3.28,3211422.3555,878417.8,1.0,0.6436,0.0,30.72,D-1,True,3292
TARK,NASDAQ,FUND_ETF_ETN,,,,,,,,UNMEASURED,False,
TARS,NASDAQ,ELIGIBLE,75.69,62846305.709249996,779141.85,1.0,0.7179,2.66,45.98,D-1,True,1309
TASK,NASDAQ,ELIGIBLE,8.2,4175580.6450000005,510556.95,1.0,0.3667,0.0,12.3,D-1,True,3156
TATT,NASDAQ,ELIGIBLE,37.57,4301564.54375,113061.85,1.0,0.2359,0.0,87.22,D-1,True,3142
TATYY,OTC,NOT_LISTED_EXCHANGE,,,,,,,,UNMEASURED,False,
TAVI,NASDAQ,ELIGIBLE,10.765,6934.736,645.0,1.0,0.0,,,UNMEASURED,False,
TAVIR,NASDAQ,RIGHT,,,,,,,,UNMEASURED,False,
TAVIU,NASDAQ,UNIT,,,,,,,,UNMEASURED,False,
TAWN,BATS,FUND_ETF_ETN,,,,,,,,UNMEASURED,False,
TAX,NASDAQ,FUND_ETF_ETN,,,,,,,,UNMEASURED,False,
TAXE,NASDAQ,FUND_ETF_ETN,,,,,,,,UNMEASURED,False,
TAXF,ARCA,FUND_ETF_ETN,,,,,,,,UNMEASURED,False,
TAXI,NASDAQ,FUND_ETF_ETN,,,,,,,,UNMEASURED,False,
TAXM,ARCA,FUND_ETF_ETN,,,,,,,,UNMEASURED,False,
TAXS,NASDAQ,FUND_ETF_ETN,,,,,,,,UNMEASURED,False,
TAXT,NASDAQ,FUND_ETF_ETN,,,,,,,,UNMEASURED,False,
TAXX,ARCA,FUND_ETF_ETN,,,,,,,,UNMEASURED,False,
TAYD,NASDAQ,ELIGIBLE,63.23,2696902.591,44404.4,1.0,0.2282,0.0,160.22,D-1,True,3378
TBB,NYSE,NOTE_DEBT,,,,,,,,UNMEASURED,False,
TBBB,NYSE,ELIGIBLE,53.56,30423414.823000003,593937.9,1.0,0.6513,3.73,43.27,D-1,True,1845
TBBK,NASDAQ,ELIGIBLE,50.58,34834407.488,664116.5,1.0,0.7564,0.98,13.84,D-1,True,1756
TBCH,NASDAQ,ELIGIBLE,12.74,3861010.7509999997,307920.85,1.0,0.3795,0.0,74.47,D-1,True,3201
TBCVU,NASDAQ,UNIT,,,,,,,,UNMEASURED,False,
TBF,ARCA,FUND_ETF_ETN,,,,,,,,UNMEASURED,False,
TBFC,ARCA,FUND_ETF_ETN,,,,,,,,UNMEASURED,False,
TBFG,ARCA,FUND_ETF_ETN,,,,,,,,UNMEASURED,False,
TBG,ARCA,FUND_ETF_ETN,,,,,,,,UNMEASURED,False,
TBI,NYSE,ELIGIBLE,9.44,3035206.5785,320184.65,1.0,0.3923,0.0,31.63,D-1,True,3322
TBIL,NASDAQ,FUND_ETF_ETN,,,,,,,,UNMEASURED,False,
TBIO,OTC,NOT_TRADABLE,,,,,,,,UNMEASURED,False,
TBJL,BATS,FUND_ETF_ETN,,,,,,,,UNMEASURED,False,
TBLA,NASDAQ,ELIGIBLE,3.48,6874330.0,1856867.25,1.0,0.6949,10.58,28.78,D-1,True,2844
TBLD,NASDAQ,ELIGIBLE,20.475,1667118.4625,78590.95,1.0,0.1308,0.0,58.77,D-1,True,3656
TBLL,ARCA,FUND_ETF_ETN,,,,,,,,UNMEASURED,False,
TBLT,OTC,NOT_TRADABLE,,,,,,,,UNMEASURED,False,
TBLU,NYSE,FUND_ETF_ETN,,,,,,,,UNMEASURED,False,
TBN,NYSE,ELIGIBLE,35.11,6055962.168,157820.45,1.0,0.3205,0.0,133.73,D-1,True,2929
TBT,ARCA,FUND_ETF_ETN,,,,,,,,UNMEASURED,False,
TBUX,ARCA,FUND_ETF_ETN,,,,,,,,UNMEASURED,False,
TBX,ARCA,FUND_ETF_ETN,,,,,,,,UNMEASURED,False,
TBXU,ARCA,FUND_ETF_ETN,,,,,,,,UNMEASURED,False,
TC,NASDAQ,ELIGIBLE,1.87,150913.2755,76039.15,1.0,0.0795,0.0,285.05,D-1,False,
TCAF,ARCA,FUND_ETF_ETN,,,,,,,,UNMEASURED,False,
TCAI,NYSE,FUND_ETF_ETN,,,,,,,,UNMEASURED,False,
TCAL,ARCA,FUND_ETF_ETN,,,,,,,,UNMEASURED,False,
TCAN,NASDAQ,FUND_ETF_ETN,,,,,,,,UNMEASURED,False,
TCBI,NASDAQ,ELIGIBLE,95.82,48404255.465500005,501714.35,1.0,0.7795,2.09,25.39,D-1,True,1519
TCBIO,NASDAQ,PREFERRED,,,,,,,,UNMEASURED,False,
TCBK,NASDAQ,ELIGIBLE,52.38,14830486.783000002,278796.75,1.0,0.6974,1.91,6.69,D-1,True,2349
TCBS,NASDAQ,ELIGIBLE,17.0,33563.113750000004,1958.75,1.0,0.0282,0.0,174.93,D-1,False,
TCBWF,OTC,NOT_TRADABLE,,,,,,,,UNMEASURED,False,
TCBX,NYSE,ELIGIBLE,43.25,5038299.3495,113032.15,1.0,0.2077,2.29,54.45,D-1,True,3037
TCDAQ,OTC,NOT_TRADABLE,,,,,,,,UNMEASURED,False,
TCEHY,OTC,NOT_LISTED_EXCHANGE,,,,,,,,UNMEASURED,False,
TCGLF,OTC,NOT_TRADABLE,,,,,,,,UNMEASURED,False,
TCGX,NASDAQ,ELIGIBLE,14.1,692333.848,49547.25,1.0,0.0154,38.77,319.72,D-1,False,
TCHI,NASDAQ,FUND_ETF_ETN,,,,,,,,UNMEASURED,False,
TCHP,ARCA,FUND_ETF_ETN,,,,,,,,UNMEASURED,False,
TCI,NYSE,ELIGIBLE,42.88,2019318.3875,53433.05,1.0,0.0667,0.0,153.28,D-1,True,3551
TCMD,NASDAQ,ELIGIBLE,22.73,6632779.6915,296030.6,1.0,0.3949,0.0,25.44,D-1,True,2870
TCOM,NASDAQ,ELIGIBLE,39.43,173270728.10050002,4281370.95,1.0,0.9897,2.54,2.54,D-1,True,694
TCPA,NYSE,NOTE_DEBT,,,,,,,,UNMEASURED,False,
TCPB,ARCA,FUND_ETF_ETN,,,,,,,,UNMEASURED,False,
TCPC,NASDAQ,ELIGIBLE,4.01,2741620.1914999997,681714.75,1.0,0.4487,0.0,25.0,D-1,True,3369
TCRT,NASDAQ,ELIGIBLE,1.09,3284549.80872,2480984.3,1.0,0.1436,0.0,362.0,D-1,True,3279
TCRX,NASDAQ,ELIGIBLE,0.34,503495.13943,1349793.4,1.0,0.4,0.0,95.75,D-1,False,
TCSGQ,OTC,NOT_TRADABLE,,,,,,,,UNMEASURED,False,
TCV,ARCA,FUND_ETF_ETN,,,,,,,,UNMEASURED,False,
TCX,NASDAQ,ELIGIBLE,9.98,744945.96175,71435.35,1.0,0.1154,9.81,135.29,D-1,False,
TD,NYSE,ELIGIBLE,120.65,201686493.44300002,1667934.1,1.0,0.9462,3.31,4.99,D-1,True,620
TDAC,NASDAQ,ELIGIBLE,10.87,132490.49804,12184.8,1.0,0.0154,0.0,27.61,D-1,False,
TDACU,NASDAQ,UNIT,,,,,,,,UNMEASURED,False,
TDACW,NASDAQ,WARRANT,,,,,,,,UNMEASURED,False,
TDAQ,BATS,FUND_ETF_ETN,,,,,,,,UNMEASURED,False,
TDAX,BATS,FUND_ETF_ETN,,,,,,,,UNMEASURED,False,
TDAY,NYSE,ELIGIBLE,6.42,13743423.327000001,2158465.35,1.0,0.7564,7.61,15.45,D-1,True,2401
TDC,NYSE,ELIGIBLE,28.94,47671393.68,1660764.6,1.0,0.8795,3.43,10.26,D-1,True,1526
TDCL,NASDAQ,FUND_ETF_ETN,,,,,,,,UNMEASURED,False,
TDEC,BATS,FUND_ETF_ETN,,,,,,,,UNMEASURED,False,
TDF,NYSE,FUND_ETF_ETN,,,,,,,,UNMEASURED,False,
TDG,NYSE,ELIGIBLE,1116.2,433697205.921,387674.3,1.0,0.9667,4.96,10.5,D-1,True,284
TDI,NASDAQ,FUND_ETF_ETN,,,,,,,,UNMEASURED,False,
TDIC,NASDAQ,ELIGIBLE,3.16,6815954.192,2165315.85,1.0,0.6974,270.58,291.05,D-1,True,2849
TDIV,NASDAQ,FUND_ETF_ETN,,,,,,,,UNMEASURED,False,
TDNA,NASDAQ,FUND_ETF_ETN,,,,,,,,UNMEASURED,False,
TDOC,NYSE,ELIGIBLE,6.09,21156883.813,3354760.55,1.0,0.9795,8.19,16.46,D-1,True,2112
TDOG,NASDAQ,FUND_ETF_ETN,,,,,,,,UNMEASURED,False,
TDOT,NASDAQ,FUND_ETF_ETN,,,,,,,,UNMEASURED,False,
TDS,NYSE,ELIGIBLE,35.85,55661870.885000005,1521198.35,1.0,0.9308,5.55,13.93,D-1,True,1411
TDS.PRU,NYSE,MALFORMED_OR_NON_COMMON_SYMBOL,,,,,,,,UNMEASURED,False,
TDS.PRV,NYSE,MALFORMED_OR_NON_COMMON_SYMBOL,,,,,,,,UNMEASURED,False,
TDSB,NASDAQ,FUND_ETF_ETN,,,,,,,,UNMEASURED,False,
TDSC,NASDAQ,FUND_ETF_ETN,,,,,,,,UNMEASURED,False,
TDTF,ARCA,FUND_ETF_ETN,,,,,,,,UNMEASURED,False,
TDTH,NASDAQ,ELIGIBLE,1.46,142588.79238499998,83354.0,1.0,0.2231,68.46,560.75,D-1,False,
TDTT,ARCA,FUND_ETF_ETN,,,,,,,,UNMEASURED,False,
TDUP,NASDAQ,ELIGIBLE,2.25,5987499.354,2356387.55,1.0,0.9308,21.8,44.05,D-1,True,2936
TDV,BATS,FUND_ETF_ETN,,,,,,,,UNMEASURED,False,
TDVG,ARCA,FUND_ETF_ETN,,,,,,,,UNMEASURED,False,
TDVI,BATS,FUND_ETF_ETN,,,,,,,,UNMEASURED,False,
TDW,NYSE,ELIGIBLE,84.74,55429695.771000005,608454.95,1.0,0.5769,1.17,35.78,D-1,True,1414
TDWD,NASDAQ,ELIGIBLE,10.13,476509.1165,47159.25,1.0,0.0,,,UNMEASURED,False,
TDWDR,NASDAQ,RIGHT,,,,,,,,UNMEASURED,False,
TDWDU,NASDAQ,UNIT,,,,,,,,UNMEASURED,False,
TDY,NYSE,ELIGIBLE,614.15,166641199.8485,274338.4,1.0,0.6641,0.65,18.37,D-1,True,712
TE,NYSE,ELIGIBLE,3.78,87049779.7265,19876003.45,1.0,1.0,26.26,26.35,D-1,True,1073
TEAD,NASDAQ,ELIGIBLE,0.443,87223.000015,180398.55,1.0,0.1077,0.0,335.89,D-1,False,
TEAM,NASDAQ,ELIGIBLE,187.74,641516756.378,3395067.85,1.0,0.9923,9.41,7.28,D-1,True,184
TEC,ARCA,FUND_ETF_ETN,,,,,,,,UNMEASURED,False,
TECB,ARCA,FUND_ETF_ETN,,,,,,,,UNMEASURED,False,
TECH,NASDAQ,ELIGIBLE,72.61,210851540.898,2913718.55,1.0,0.9077,0.69,1.38,D-1,True,600
TECK,NYSE,ELIGIBLE,66.05,194945173.9235,2889152.3,1.0,0.9872,6.85,4.56,D-1,True,633
TECL,ARCA,FUND_ETF_ETN,,,,,,,,UNMEASURED,False,
TECS,ARCA,FUND_ETF_ETN,,,,,,,,UNMEASURED,False,
TECX,NASDAQ,ELIGIBLE,23.67,5961592.1365,207680.95,1.0,0.259,0.0,116.22,D-1,True,2940
TECY,NASDAQ,FUND_ETF_ETN,,,,,,,,UNMEASURED,False,
TEI,NYSE,FUND_ETF_ETN,,,,,,,,UNMEASURED,False,
TEK,ARCA,FUND_ETF_ETN,,,,,,,,UNMEASURED,False,
TEKX,NASDAQ,FUND_ETF_ETN,,,,,,,,UNMEASURED,False,
TEKY,NASDAQ,FUND_ETF_ETN,,,,,,,,UNMEASURED,False,
TEL,NYSE,ELIGIBLE,218.59,410774643.6925,1983852.7,1.0,0.8128,4.63,14.04,D-1,True,307
TELA,NASDAQ,ELIGIBLE,1.26,299742.782365,286698.05,1.0,0.2103,0.0,334.41,D-1,False,
TELFY,OTC,NOT_TRADABLE,,,,,,,,UNMEASURED,False,
TELG,BATS,FUND_ETF_ETN,,,,,,,,UNMEASURED,False,
TELNY,OTC,NOT_LISTED_EXCHANGE,,,,,,,,UNMEASURED,False,
TELO,NASDAQ,ELIGIBLE,1.23,85206.4095,71390.1,1.0,0.0795,0.0,163.93,D-1,False,
TEM,NASDAQ,ELIGIBLE,85.01,502612875.8165,7075533.6,1.0,1.0,18.7,7.77,D-1,True,240
TEMC,BATS,FUND_ETF_ETN,,,,,,,,UNMEASURED,False,
TEMD,ARCA,FUND_ETF_ETN,,,,,,,,UNMEASURED,False,
TEMR,ARCA,FUND_ETF_ETN,,,,,,,,UNMEASURED,False,
TEMT,BATS,FUND_ETF_ETN,,,,,,,,UNMEASURED,False,
TEMX,BATS,FUND_ETF_ETN,,,,,,,,UNMEASURED,False,
TEN,NYSE,ELIGIBLE,46.23,24886710.2155,518802.25,1.0,0.5615,2.16,35.54,D-1,True,1998
TEN.PRE,NYSE,MALFORMED_OR_NON_COMMON_SYMBOL,,,,,,,,UNMEASURED,False,
TEN.PRF,NYSE,MALFORMED_OR_NON_COMMON_SYMBOL,,,,,,,,UNMEASURED,False,
TENB,NASDAQ,ELIGIBLE,33.49,205953712.0485,5873185.15,1.0,0.9949,14.32,12.95,D-1,True,612
TEND,BATS,FUND_ETF_ETN,,,,,,,,UNMEASURED,False,
TENJ,BATS,FUND_ETF_ETN,,,,,,,,UNMEASURED,False,
TENM,BATS,FUND_ETF_ETN,,,,,,,,UNMEASURED,False,
TENX,NASDAQ,ELIGIBLE,1.81,9456008.7225,4986959.15,1.0,0.9308,27.41,54.65,D-1,True,2652
TEO,NYSE,ELIGIBLE,13.02,4363239.621,325087.9,1.0,0.359,0.0,45.32,D-1,True,3131
TEQI,ARCA,FUND_ETF_ETN,,,,,,,,UNMEASURED,False,
TER,NASDAQ,ELIGIBLE,398.38,906404054.1285,2508480.65,1.0,0.9949,11.77,16.27,D-1,True,126
TERC,BATS,FUND_ETF_ETN,,,,,,,,UNMEASURED,False,
TERG,NASDAQ,FUND_ETF_ETN,,,,,,,,UNMEASURED,False,
TESC,BATS,FUND_ETF_ETN,,,,,,,,UNMEASURED,False,
TESL,ARCA,FUND_ETF_ETN,,,,,,,,UNMEASURED,False,
TEST,BATS,FUND_ETF_ETN,,,,,,,,UNMEASURED,False,
TETH,BATS,FUND_ETF_ETN,,,,,,,,UNMEASURED,False,
TETWF,OTC,NOT_TRADABLE,,,,,,,,UNMEASURED,False,
TEUP,BATS,FUND_ETF_ETN,,,,,,,,UNMEASURED,False,
TEVA,NYSE,ELIGIBLE,39.19,218284790.593,5550683.1,0.5,1.0,7.66,6.38,D-1,True,574
TEX,NYSE,ELIGIBLE,57.33,60702889.359500006,1012978.2,1.0,0.8179,5.24,12.27,D-1,True,1343
TEXN,NASDAQ,FUND_ETF_ETN,,,,,,,,UNMEASURED,False,
TEXU,ARCA,FUND_ETF_ETN,,,,,,,,UNMEASURED,False,
TEXX,NASDAQ,FUND_ETF_ETN,,,,,,,,UNMEASURED,False,
TFC,NYSE,ELIGIBLE,47.66,375045268.32449996,7614100.3,1.0,0.9974,6.29,2.1,D-1,True,337
TFC.PRI,NYSE,MALFORMED_OR_NON_COMMON_SYMBOL,,,,,,,,UNMEASURED,False,
TFC.PRO,NYSE,MALFORMED_OR_NON_COMMON_SYMBOL,,,,,,,,UNMEASURED,False,
TFC.PRR,NYSE,MALFORMED_OR_NON_COMMON_SYMBOL,,,,,,,,UNMEASURED,False,
TFFI,ARCA,FUND_ETF_ETN,,,,,,,,UNMEASURED,False,
TFGZ,NASDAQ,FUND_ETF_ETN,,,,,,,,UNMEASURED,False,
TFI,ARCA,FUND_ETF_ETN,,,,,,,,UNMEASURED,False,
TFII,NYSE,ELIGIBLE,121.1,28638565.4275,222965.95,1.0,0.4923,1.43,18.39,D-1,True,1891
TFIN,NYSE,ELIGIBLE,61.45,14552283.285,222123.4,1.0,0.4256,0.81,51.02,D-1,True,2363
TFIN.PR,NYSE,MALFORMED_OR_NON_COMMON_SYMBOL,,,,,,,,UNMEASURED,False,
TFJL,BATS,FUND_ETF_ETN,,,,,,,,UNMEASURED,False,
TFLO,ARCA,FUND_ETF_ETN,,,,,,,,UNMEASURED,False,
TFLR,ARCA,FUND_ETF_ETN,,,,,,,,UNMEASURED,False,
TFNS,NASDAQ,FUND_ETF_ETN,,,,,,,,UNMEASURED,False,
TFPM,NYSE,ELIGIBLE,32.19,16716531.7535,502617.55,1.0,0.5538,0.0,14.04,D-1,True,2259
TFPN,ARCA,FUND_ETF_ETN,,,,,,,,UNMEASURED,False,
TFSL,NASDAQ,ELIGIBLE,16.72,12171154.775,712472.9,1.0,0.6923,0.0,8.93,D-1,True,2481
TFX,NYSE,ELIGIBLE,122.07,99401284.4525,765089.7,1.0,0.741,4.81,22.37,D-1,True,994
TG,NYSE,ELIGIBLE,7.05,1214690.1355,169726.35,1.0,0.3128,0.0,28.29,D-1,True,3830
TGAAF,OTC,NOT_TRADABLE,,,,,,,,UNMEASURED,False,
TGB,AMEX,ELIGIBLE,8.61,45593646.25,5294913.15,1.0,0.9974,11.68,11.64,D-1,True,1571
TGE,NYSE,ELIGIBLE,0.82,13261.564155,15139.85,1.0,0.0385,0.0,201.47,D-1,False,
TGE.WS,AMEX,MALFORMED_OR_NON_COMMON_SYMBOL,,,,,,,,UNMEASURED,False,
TGEN,AMEX,ELIGIBLE,3.05,413629.349,133494.1,1.0,0.1436,0.0,116.09,D-1,False,
TGHL,NASDAQ,ELIGIBLE,0.732,105589.80341000001,123183.75,1.0,0.2692,0.0,295.78,D-1,False,
TGIDW,OTC,NOT_TRADABLE,,,,,,,,UNMEASURED,False,
TGL,NASDAQ,ELIGIBLE,2.13,1236667.3397499998,406666.55,1.0,0.1897,0.0,139.86,D-1,True,3817
TGLB,ARCA,FUND_ETF_ETN,,,,,,,,UNMEASURED,False,
TGLR,ARCA,FUND_ETF_ETN,,,,,,,,UNMEASURED,False,
TGLS,NYSE,ELIGIBLE,35.44,11381812.6315,301925.8,1.0,0.5564,0.0,38.5,D-1,True,2524
TGOPY,OTC,NOT_LISTED_EXCHANGE,,,,,,,,UNMEASURED,False,
TGRT,ARCA,FUND_ETF_ETN,,,,,,,,UNMEASURED,False,
TGRW,ARCA,FUND_ETF_ETN,,,,,,,,UNMEASURED,False,
TGRZ,NASDAQ,FUND_ETF_ETN,,,,,,,,UNMEASURED,False,
TGS,NYSE,ELIGIBLE,26.62,6558613.689499999,226178.9,1.0,0.5,0.0,28.22,D-1,True,2879
TGT,NYSE,ELIGIBLE,157.45,520747878.11849993,3272482.0,1.0,0.9897,5.08,7.67,D-1,True,229
TGTX,NASDAQ,ELIGIBLE,57.43,103337006.29975,1845208.3,1.0,0.8487,5.25,9.63,D-1,True,968
TH,NASDAQ,ELIGIBLE,20.58,46229323.9815,2334999.85,1.0,0.8641,4.81,24.07,D-1,True,1553
THC,NYSE,ELIGIBLE,259.71,215524987.43199998,822014.3,1.0,0.6974,2.25,22.71,D-1,True,587
THCH,NASDAQ,ELIGIBLE,1.305,7824.251285,5901.6,1.0,0.0256,0.0,994.29,D-1,False,
THD,ARCA,FUND_ETF_ETN,,,,,,,,UNMEASURED,False,
THEO,NASDAQ,ELIGIBLE,9.89,853822.42662,86476.65,1.0,0.0,,,UNMEASURED,False,
THEOR,NASDAQ,RIGHT,,,,,,,,UNMEASURED,False,
THEOU,NASDAQ,UNIT,,,,,,,,UNMEASURED,False,
THEQ,ARCA,FUND_ETF_ETN,,,,,,,,UNMEASURED,False,
THFF,NASDAQ,ELIGIBLE,75.56,9861666.765,127745.45,1.0,0.1692,0.0,40.0,D-1,True,2625
THG,NYSE,ELIGIBLE,217.44,69913845.8415,309609.15,1.0,0.3949,0.0,28.33,D-1,True,1238
THH,NASDAQ,ELIGIBLE,1.69,138779.403185,81563.05,1.0,0.4103,120.29,562.77,D-1,False,
THIR,NYSE,FUND_ETF_ETN,,,,,,,,UNMEASURED,False,
THKLY,OTC,NOT_LISTED_EXCHANGE,,,,,,,,UNMEASURED,False,
THLV,NYSE,FUND_ETF_ETN,,,,,,,,UNMEASURED,False,
THM,AMEX,ELIGIBLE,2.76,2053631.961,805640.85,1.0,0.5744,0.0,36.17,D-1,True,3545
THMO,OTC,NOT_TRADABLE,,,,,,,,UNMEASURED,False,
THMR,NYSE,FUND_ETF_ETN,,,,,,,,UNMEASURED,False,
THMZ,NASDAQ,FUND_ETF_ETN,,,,,,,,UNMEASURED,False,
THNPY,OTC,NOT_TRADABLE,,,,,,,,UNMEASURED,False,
THNQ,ARCA,FUND_ETF_ETN,,,,,,,,UNMEASURED,False,
THNR,ARCA,FUND_ETF_ETN,,,,,,,,UNMEASURED,False,
THO,NYSE,ELIGIBLE,72.15,60007494.442999996,832171.25,1.0,0.7821,4.16,21.68,D-1,True,1357
THOR,ARCA,FUND_ETF_ETN,,,,,,,,UNMEASURED,False,
THQ,NYSE,FUND_ETF_ETN,,,,,,,,UNMEASURED,False,
THRM,NASDAQ,ELIGIBLE,35.21,13704786.38275,369526.85,1.0,0.8538,10.15,63.88,D-1,True,2404
THRO,ARCA,FUND_ETF_ETN,,,,,,,,UNMEASURED,False,
THRV,NASDAQ,FUND_ETF_ETN,,,,,,,,UNMEASURED,False,
THRY,NASDAQ,ELIGIBLE,1.79,1403532.41275,735117.35,1.0,0.5744,0.0,55.71,D-1,True,3738
THTA,ARCA,FUND_ETF_ETN,,,,,,,,UNMEASURED,False,
THW,NYSE,FUND_ETF_ETN,,,,,,,,UNMEASURED,False,
THY,ARCA,FUND_ETF_ETN,,,,,,,,UNMEASURED,False,
THYF,ARCA,FUND_ETF_ETN,,,,,,,,UNMEASURED,False,
THYM,NASDAQ,FUND_ETF_ETN,,,,,,,,UNMEASURED,False,
THYP,NASDAQ,FUND_ETF_ETN,,,,,,,,UNMEASURED,False,
TIC,NYSE,ELIGIBLE,8.89,12864562.0885,1396382.0,1.0,0.9692,5.6,11.16,D-1,True,2445
TIER,ARCA,FUND_ETF_ETN,,,,,,,,UNMEASURED,False,
TIGO,NASDAQ,ELIGIBLE,92.63,74390646.9645,787889.3,1.0,0.7974,4.27,19.56,D-1,True,1182
TIGR,NASDAQ,ELIGIBLE,4.64,9721910.192499999,1995694.7,1.0,0.9051,10.69,21.41,D-1,True,2631
TIH,NASDAQ,FUND_ETF_ETN,,,,,,,,UNMEASURED,False,
TII,AMEX,ELIGIBLE,2.88,898385.513,298241.15,1.0,0.5128,0.0,52.12,D-1,False,
TIIV,ARCA,FUND_ETF_ETN,,,,,,,,UNMEASURED,False,
TIL,NASDAQ,ELIGIBLE,7.17,113491.8475,15591.0,1.0,0.0513,0.0,126.85,D-1,False,
TILC,NASDAQ,FUND_ETF_ETN,,,,,,,,UNMEASURED,False,
TILE,NASDAQ,ELIGIBLE,35.2,19428328.784,547592.0,1.0,0.4692,0.0,14.15,D-1,True,2171
TILL,ARCA,FUND_ETF_ETN,,,,,,,,UNMEASURED,False,
TILT,BATS,FUND_ETF_ETN,,,,,,,,UNMEASURED,False,
TIMB,NYSE,ELIGIBLE,18.16,8772243.3815,470695.1,1.0,0.6872,2.75,13.88,D-1,True,2694
TIME,ARCA,FUND_ETF_ETN,,,,,,,,UNMEASURED,False,
TINS,ARCA,FUND_ETF_ETN,,,,,,,,UNMEASURED,False,
TINT,ARCA,FUND_ETF_ETN,,,,,,,,UNMEASURED,False,
TINY,ARCA,FUND_ETF_ETN,,,,,,,,UNMEASURED,False,
TIOG,OTC,NOT_TRADABLE,,,,,,,,UNMEASURED,False,
TIP,ARCA,FUND_ETF_ETN,,,,,,,,UNMEASURED,False,
TIPA,ARCA,FUND_ETF_ETN,,,,,,,,UNMEASURED,False,
TIPB,ARCA,FUND_ETF_ETN,,,,,,,,UNMEASURED,False,
TIPC,ARCA,FUND_ETF_ETN,,,,,,,,UNMEASURED,False,
TIPD,ARCA,FUND_ETF_ETN,,,,,,,,UNMEASURED,False,
TIPE,ARCA,FUND_ETF_ETN,,,,,,,,UNMEASURED,False,
TIPF,ARCA,FUND_ETF_ETN,,,,,,,,UNMEASURED,False,
TIPG,ARCA,FUND_ETF_ETN,,,,,,,,UNMEASURED,False,
TIPH,ARCA,FUND_ETF_ETN,,,,,,,,UNMEASURED,False,
TIPT,NASDAQ,ELIGIBLE,17.15,3445449.5985,194459.7,1.0,0.3538,0.0,8.78,D-1,True,3253
TIPX,ARCA,FUND_ETF_ETN,,,,,,,,UNMEASURED,False,
TIPZ,ARCA,FUND_ETF_ETN,,,,,,,,UNMEASURED,False,
TIRXF,OTC,NOT_TRADABLE,,,,,,,,UNMEASURED,False,
TISC,NASDAQ,FUND_ETF_ETN,,,,,,,,UNMEASURED,False,
TISI,NYSE,ELIGIBLE,29.06,1142347.7625,41762.05,1.0,0.0821,0.0,247.04,D-1,True,3861
TITN,NASDAQ,ELIGIBLE,23.49,7374951.25075,318254.35,1.0,0.2462,0.0,102.76,D-1,True,2800
TIZE,ARCA,FUND_ETF_ETN,,,,,,,,UNMEASURED,False,
TJAN,BATS,FUND_ETF_ETN,,,,,,,,UNMEASURED,False,
TJGC,NASDAQ,ELIGIBLE,26.24,18642803.779,1613500.85,1.0,0.2128,0.0,273.36,D-1,True,2198
TJUL,BATS,FUND_ETF_ETN,,,,,,,,UNMEASURED,False,
TJUN,BATS,FUND_ETF_ETN,,,,,,,,UNMEASURED,False,
TJX,NYSE,ELIGIBLE,130.06,1205688693.4754999,9334759.45,1.0,1.0,7.3,5.0,D-1,True,90
TK,NYSE,ELIGIBLE,13.7,7969054.766,573526.7,1.0,0.5821,0.0,18.46,D-1,True,2760
TKAMY,OTC,NOT_TRADABLE,,,,,,,,UNMEASURED,False,
TKC,NYSE,ELIGIBLE,5.17,12305730.545,2408877.2,1.0,0.6538,0.0,19.38,D-1,True,2475
TKHVY,OTC,NOT_LISTED_EXCHANGE,,,,,,,,UNMEASURED,False,
TKLF,NASDAQ,ELIGIBLE,1.64,13920.70153,8155.85,1.0,0.0231,0.0,,UNMEASURED,False,
TKNO,NASDAQ,ELIGIBLE,9.33,1839508.81375,232179.9,1.0,0.5667,5.37,50.76,D-1,True,3593
TKNQ,ARCA,FUND_ETF_ETN,,,,,,,,UNMEASURED,False,
TKNS,NASDAQ,FUND_ETF_ETN,,,,,,,,UNMEASURED,False,
TKNZ,ARCA,FUND_ETF_ETN,,,,,,,,UNMEASURED,False,
TKO,NYSE,ELIGIBLE,182.67,219365612.056,1160058.35,1.0,0.7256,1.65,14.57,D-1,True,569
TKOMY,OTC,NOT_LISTED_EXCHANGE,,,,,,,,UNMEASURED,False,
TKR,NYSE,ELIGIBLE,117.45,111582628.2895,942965.45,1.0,0.8769,5.12,16.79,D-1,True,929
TLA,NASDAQ,FUND_ETF_ETN,,,,,,,,UNMEASURED,False,
TLAC,NASDAQ,ELIGIBLE,9.85,161928.2357142857,16382.857142857143,0.35,0.0026,0.0,,UNMEASURED,False,
TLACU,NASDAQ,UNIT,,,,,,,,UNMEASURED,False,
TLACW,NASDAQ,WARRANT,,,,,,,,UNMEASURED,False,
TLCI,ARCA,FUND_ETF_ETN,,,,,,,,UNMEASURED,False,
TLDR,BATS,FUND_ETF_ETN,,,,,,,,UNMEASURED,False,
TLF,NASDAQ,ELIGIBLE,2.63,57184.058999999994,21871.8,1.0,0.0359,105.26,341.56,D-1,False,
TLG,NASDAQ,FUND_ETF_ETN,,,,,,,,UNMEASURED,False,
TLH,ARCA,FUND_ETF_ETN,,,,,,,,UNMEASURED,False,
TLIE,ARCA,FUND_ETF_ETN,,,,,,,,UNMEASURED,False,
TLIH,NASDAQ,ELIGIBLE,5.78,10315.677749999999,1781.6,1.0,0.0051,0.0,,UNMEASURED,False,
TLIS,OTC,NOT_TRADABLE,,,,,,,,UNMEASURED,False,
TLK,NYSE,ELIGIBLE,13.34,10302305.3275,717500.45,1.0,0.7,0.0,7.52,D-1,True,2598
TLN,NASDAQ,ELIGIBLE,304.42,227075596.03000003,757331.9,1.0,0.9154,8.15,19.61,D-1,True,553
TLNC,NASDAQ,ELIGIBLE,10.24,1062194.689565,103736.4,1.0,0.0051,0.0,,UNMEASURED,True,3899
TLNCU,NASDAQ,UNIT,,,,,,,,UNMEASURED,False,
TLNCW,NASDAQ,WARRANT,,,,,,,,UNMEASURED,False,
TLPH,NASDAQ,ELIGIBLE,1.18,132988.816,111338.25,1.0,0.1128,0.0,,UNMEASURED,False,
TLRY,NASDAQ,ELIGIBLE,4.13,14430883.905000001,3417369.6,1.0,0.9231,12.13,24.3,D-1,True,2369
TLS,NASDAQ,ELIGIBLE,4.04,3156722.75,728030.2,1.0,0.5949,0.0,24.75,D-1,True,3301
TLSA,NASDAQ,ELIGIBLE,1.01,606883.056145,633589.5,1.0,0.4256,0.0,98.52,D-1,False,
TLSI,NASDAQ,ELIGIBLE,4.34,2141235.388,436660.85,1.0,0.5385,0.0,44.54,D-1,True,3513
TLSIW,NASDAQ,WARRANT,,,,,,,,UNMEASURED,False,
TLT,NASDAQ,FUND_ETF_ETN,,,,,,,,UNMEASURED,False,
TLTD,ARCA,FUND_ETF_ETN,,,,,,,,UNMEASURED,False,
TLTE,ARCA,FUND_ETF_ETN,,,,,,,,UNMEASURED,False,
TLTI,BATS,FUND_ETF_ETN,,,,,,,,UNMEASURED,False,
TLTP,BATS,FUND_ETF_ETN,,,,,,,,UNMEASURED,False,
TLTW,BATS,FUND_ETF_ETN,,,,,,,,UNMEASURED,False,
TLTX,BATS,FUND_ETF_ETN,,,,,,,,UNMEASURED,False,
TLX,NASDAQ,ELIGIBLE,11.45,5130982.46425,433879.7,1.0,0.5718,0.0,8.76,D-1,True,3030
TLYS,NYSE,ELIGIBLE,4.27,6405222.856500001,1493727.15,1.0,0.3154,0.0,46.3,D-1,True,2892
TM,NYSE,ELIGIBLE,190.34,64894337.56899999,334246.1,1.0,0.5179,0.0,13.71,D-1,True,1288
TMAR,BATS,FUND_ETF_ETN,,,,,,,,UNMEASURED,False,
TMAT,BATS,FUND_ETF_ETN,,,,,,,,UNMEASURED,False,
TMB,NASDAQ,FUND_ETF_ETN,,,,,,,,UNMEASURED,False,
TMC,NASDAQ,ELIGIBLE,3.93,20815249.921,4935892.1,1.0,0.9769,12.48,25.0,D-1,True,2124
TMCI,NASDAQ,ELIGIBLE,4.5,1070888.559,233267.2,1.0,0.3872,0.0,32.86,D-1,True,3896
TMCR,NASDAQ,ELIGIBLE,4.07,243275.59500000003,47319.0,1.0,0.0769,0.0,457.28,D-1,False,
TMDE,AMEX,ELIGIBLE,0.6666,122242.4428,163688.6,1.0,0.0923,0.0,267.31,D-1,False,
TMDV,BATS,FUND_ETF_ETN,,,,,,,,UNMEASURED,False,
TMDX,NASDAQ,ELIGIBLE,85.29,65652124.7635,763614.85,1.0,0.8077,8.84,28.04,D-1,True,1279
TME,NYSE,ELIGIBLE,8.39,61139179.0595,7519769.45,1.0,0.9949,5.97,11.93,D-1,True,1333
TMED,NASDAQ,FUND_ETF_ETN,,,,,,,,UNMEASURED,False,
TMF,ARCA,FUND_ETF_ETN,,,,,,,,UNMEASURED,False,
TMFC,BATS,FUND_ETF_ETN,,,,,,,,UNMEASURED,False,
TMFE,BATS,FUND_ETF_ETN,,,,,,,,UNMEASURED,False,
TMFG,BATS,FUND_ETF_ETN,,,,,,,,UNMEASURED,False,
TMFM,BATS,FUND_ETF_ETN,,,,,,,,UNMEASURED,False,
TMFS,BATS,FUND_ETF_ETN,,,,,,,,UNMEASURED,False,
TMFX,BATS,FUND_ETF_ETN,,,,,,,,UNMEASURED,False,
TMGN,BATS,FUND_ETF_ETN,,,,,,,,UNMEASURED,False,
TMH,ARCA,NOT_SEC_REGISTRANT_TICKER,,,,,,,,UNMEASURED,False,
TMID,NASDAQ,FUND_ETF_ETN,,,,,,,,UNMEASURED,False,
TMLP,ARCA,FUND_ETF_ETN,,,,,,,,UNMEASURED,False,
TMNL,NASDAQ,FUND_ETF_ETN,,,,,,,,UNMEASURED,False,
TMNS,NASDAQ,FUND_ETF_ETN,,,,,,,,UNMEASURED,False,
TMO,NYSE,ELIGIBLE,675.0,1384472440.1815,2169929.45,1.0,0.9974,6.42,7.78,D-1,True,74
TMP,AMEX,ELIGIBLE,99.57,11882576.302,120869.7,1.0,0.1051,8.53,47.59,D-1,True,2497
TMPOQ,OTC,NOT_TRADABLE,,,,,,,,UNMEASURED,False,
TMQ,AMEX,ELIGIBLE,3.2,4382694.139,1311523.3,1.0,0.7513,11.63,31.2,D-1,True,3127
TMS,NASDAQ,ELIGIBLE,8.0,1654870.3855,218564.5,1.0,0.1923,0.0,194.09,D-1,True,3659
TMSF,NASDAQ,FUND_ETF_ETN,,,,,,,,UNMEASURED,False,
TMSL,ARCA,FUND_ETF_ETN,,,,,,,,UNMEASURED,False,
TMSWW,NASDAQ,WARRANT,,,,,,,,UNMEASURED,False,
TMTS,NASDAQ,ELIGIBLE,10.025,417755.56100000005,41566.65,1.0,0.0026,0.0,,UNMEASURED,False,
TMTSU,NASDAQ,UNIT,,,,,,,,UNMEASURED,False,
TMTSW,NASDAQ,WARRANT,,,,,,,,UNMEASURED,False,
TMUS,NASDAQ,ELIGIBLE,165.43,894103503.0680001,5145266.45,1.0,0.9974,5.13,6.93,D-1,True,129
TMUSI,NASDAQ,NOTE_DEBT,,,,,,,,UNMEASURED,False,
TMUSL,NASDAQ,NOTE_DEBT,,,,,,,,UNMEASURED,False,
TMUSZ,NASDAQ,NOTE_DEBT,,,,,,,,UNMEASURED,False,
TMV,ARCA,FUND_ETF_ETN,,,,,,,,UNMEASURED,False,
TMVE,ARCA,FUND_ETF_ETN,,,,,,,,UNMEASURED,False,
TMYY,NASDAQ,FUND_ETF_ETN,,,,,,,,UNMEASURED,False,
TNA,ARCA,FUND_ETF_ETN,,,,,,,,UNMEASURED,False,
TNC,NYSE,ELIGIBLE,67.74,13196523.969,191639.45,1.0,0.3385,0.0,56.7,D-1,True,2433
TNDM,NASDAQ,ELIGIBLE,15.72,35715949.2215,2004731.85,1.0,0.9795,12.65,12.69,D-1,True,1739
TNET,NYSE,ELIGIBLE,65.11,22263501.606,330061.0,1.0,0.3179,0.0,57.91,D-1,True,2071
TNGX,NASDAQ,ELIGIBLE,24.92,67858090.613,2872677.25,1.0,0.9872,14.08,12.2,D-1,True,1258
TNGY,NYSE,FUND_ETF_ETN,,,,,,,,UNMEASURED,False,
TNK,NYSE,ELIGIBLE,94.07,50395262.4665,526168.35,1.0,0.5821,0.53,32.77,D-1,True,1490
TNL,NYSE,ELIGIBLE,63.66,46302211.203499995,712017.3,1.0,0.6179,1.57,8.68,D-1,True,1549
TNMG,NASDAQ,ELIGIBLE,4.39,8726624.5669,2203320.2,1.0,0.1821,0.0,330.74,D-1,True,2699
TNON,NASDAQ,ELIGIBLE,3.13,75281610.24700001,14065465.8,1.0,0.6282,32.51,129.78,D-1,True,1172
TNONW,NASDAQ,WARRANT,,,,,,,,UNMEASURED,False,
TNUK,ARCA,FUND_ETF_ETN,,,,,,,,UNMEASURED,False,
TNXP,NASDAQ,ELIGIBLE,9.86,5319831.8825,451665.15,1.0,0.7128,10.16,40.77,D-1,True,3011
TNXT,NASDAQ,FUND_ETF_ETN,,,,,,,,UNMEASURED,False,
TNYA,NASDAQ,ELIGIBLE,0.6096,1445730.92494,2176935.3,1.0,0.8256,8.23,3.31,D-1,False,
TOAK,ARCA,FUND_ETF_ETN,,,,,,,,UNMEASURED,False,
TOAO,BATS,FUND_ETF_ETN,,,,,,,,UNMEASURED,False,
TOCT,BATS,FUND_ETF_ETN,,,,,,,,UNMEASURED,False,
TOGA,ARCA,FUND_ETF_ETN,,,,,,,,UNMEASURED,False,
TOGI,OTC,NOT_TRADABLE,,,,,,,,UNMEASURED,False,
TOGIW,OTC,NOT_TRADABLE,,,,,,,,UNMEASURED,False,
TOK,ARCA,FUND_ETF_ETN,,,,,,,,UNMEASURED,False,
TOL,NYSE,ELIGIBLE,137.34,144857329.213,1062181.25,1.0,0.9,4.74,15.75,D-1,True,779
TOLL,BATS,FUND_ETF_ETN,,,,,,,,UNMEASURED,False,
TOLZ,ARCA,FUND_ETF_ETN,,,,,,,,UNMEASURED,False,
TOMXF,OTC,NOT_LISTED_EXCHANGE,,,,,,,,UNMEASURED,False,
TOMZ,NASDAQ,ELIGIBLE,1.48,215094.17405499998,148945.3,1.0,0.1487,0.0,298.16,D-1,False,
TONT,AMEX,ELIGIBLE,10.9,300809.588805,27658.3,1.0,0.0154,0.0,9.18,D-1,False,
TONT.U,AMEX,WARRANT,,,,,,,,UNMEASURED,False,
TONT.WS,AMEX,MALFORMED_OR_NON_COMMON_SYMBOL,,,,,,,,UNMEASURED,False,
TONX,NASDAQ,ELIGIBLE,3.575,1355158.3285,397801.6,1.0,0.4179,0.0,108.81,D-1,True,3762
TOON,AMEX,ELIGIBLE,0.5785,168248.80288499998,281011.35,1.0,0.2308,0.0,65.23,D-1,False,
TOP,NASDAQ,NOT_TRADABLE,,,,,,,,UNMEASURED,False,
TOPC,ARCA,FUND_ETF_ETN,,,,,,,,UNMEASURED,False,
TOPP,AMEX,ELIGIBLE,0.1382,485057.62322000007,3130816.15,1.0,0.2077,0.0,158.32,D-1,False,
TOPS,AMEX,ELIGIBLE,0.6801,7271418.203275,9031498.0,1.0,0.6615,34.33,155.96,D-1,False,
TOPT,ARCA,FUND_ETF_ETN,,,,,,,,UNMEASURED,False,
TOPW,BATS,FUND_ETF_ETN,,,,,,,,UNMEASURED,False,
TORK,NASDAQ,FUND_ETF_ETN,,,,,,,,UNMEASURED,False,
TORO,NASDAQ,ELIGIBLE,5.28,200031.49000000002,32142.2,1.0,0.0897,0.0,467.59,D-1,False,
TOS,BATS,FUND_ETF_ETN,,,,,,,,UNMEASURED,False,
TOST,NYSE,ELIGIBLE,30.6,267445100.254,8370048.9,1.0,1.0,8.12,3.27,D-1,True,478
TOT,ARCA,FUND_ETF_ETN,,,,,,,,UNMEASURED,False,
TOTDY,OTC,NOT_LISTED_EXCHANGE,,,,,,,,UNMEASURED,False,
TOTL,ARCA,FUND_ETF_ETN,,,,,,,,UNMEASURED,False,
TOTR,ARCA,FUND_ETF_ETN,,,,,,,,UNMEASURED,False,
TOUR,NASDAQ,ELIGIBLE,5.08,29253.86018,5736.15,1.0,0.0077,0.0,,UNMEASURED,False,
TOUS,ARCA,FUND_ETF_ETN,,,,,,,,UNMEASURED,False,
TOV,ARCA,FUND_ETF_ETN,,,,,,,,UNMEASURED,False,
TOVX,AMEX,ELIGIBLE,0.2206,103100.06289,428256.4,1.0,0.3385,0.0,248.54,D-1,False,
TOWN,NASDAQ,NOT_SEC_REGISTRANT_TICKER,,,,,,,,UNMEASURED,False,
TOXR,BATS,FUND_ETF_ETN,,,,,,,,UNMEASURED,False,
TOYO,NASDAQ,ELIGIBLE,4.47,2094773.5170000002,481667.75,1.0,0.5205,0.0,33.62,D-1,True,3530
TP,AMEX,ELIGIBLE,8.0,506310.447755,53891.95,1.0,0.0179,0.0,264.74,D-1,False,
TPAY,BATS,FUND_ETF_ETN,,,,,,,,UNMEASURED,False,
TPB,NYSE,ELIGIBLE,62.07,26424975.5225,390496.25,1.0,0.7231,2.44,60.53,D-1,True,1945
TPC,NYSE,ELIGIBLE,83.97,38003386.0115,440028.1,1.0,0.3513,0.0,36.45,D-1,True,1694
TPCS,NASDAQ,ELIGIBLE,5.26,135930.67925,24590.9,1.0,0.0538,0.0,206.19,D-1,False,
TPEI,BATS,FUND_ETF_ETN,,,,,,,,UNMEASURED,False,
TPET,AMEX,ELIGIBLE,1.71,3068779.411,1555770.3,1.0,0.2308,0.0,176.47,D-1,True,3314
TPFC,ARCA,FUND_ETF_ETN,,,,,,,,UNMEASURED,False,
TPFG,ARCA,FUND_ETF_ETN,,,,,,,,UNMEASURED,False,
TPFI,ARCA,FUND_ETF_ETN,,,,,,,,UNMEASURED,False,
TPG,NASDAQ,ELIGIBLE,44.39,125532499.5,2601799.7,1.0,0.9256,5.67,18.1,D-1,True,861
TPGXL,NASDAQ,NOTE_DEBT,,,,,,,,UNMEASURED,False,
TPHD,ARCA,FUND_ETF_ETN,,,,,,,,UNMEASURED,False,
TPHS,OTC,NOT_TRADABLE,,,,,,,,UNMEASURED,False,
TPIF,ARCA,FUND_ETF_ETN,,,,,,,,UNMEASURED,False,
TPL,NYSE,ELIGIBLE,341.07,142223733.2565,396105.9,1.0,0.7538,4.25,21.2,D-1,True,791
TPLC,ARCA,FUND_ETF_ETN,,,,,,,,UNMEASURED,False,
TPLS,NASDAQ,FUND_ETF_ETN,,,,,,,,UNMEASURED,False,
TPLX,BATS,FUND_ETF_ETN,,,,,,,,UNMEASURED,False,
TPOR,ARCA,FUND_ETF_ETN,,,,,,,,UNMEASURED,False,
TPR,NYSE,ELIGIBLE,113.88,382517023.9845,3256208.3,1.0,0.9821,6.17,9.52,D-1,True,326
TPRY,ARCA,FUND_ETF_ETN,,,,,,,,UNMEASURED,False,
TPSC,ARCA,FUND_ETF_ETN,,,,,,,,UNMEASURED,False,
TPST,NASDAQ,ELIGIBLE,0.829,8345619.408485,7661361.05,1.0,0.5128,0.0,133.29,D-1,False,
TPTS,NYSE,NOTE_DEBT,,,,,,,,UNMEASURED,False,
TPUT,ARCA,FUND_ETF_ETN,,,,,,,,UNMEASURED,False,
TPVG,NYSE,ELIGIBLE,4.83,1347152.166,264716.7,1.0,0.2872,0.0,41.8,D-1,True,3766
TPYP,NYSE,FUND_ETF_ETN,,,,,,,,UNMEASURED,False,
TPZ,NYSE,FUND_ETF_ETN,,,,,,,,UNMEASURED,False,
TQQQ,NASDAQ,FUND_ETF_ETN,,,,,,,,UNMEASURED,False,
TQQY,NASDAQ,FUND_ETF_ETN,,,,,,,,UNMEASURED,False,
TR,NYSE,ELIGIBLE,38.04,6598911.8965,171562.1,1.0,0.2846,0.0,17.29,D-1,True,2875
TRAD,NYSE,ELIGIBLE,10.05,12409.505000000001,1236.5,1.0,0.0103,0.0,9.96,D-1,False,
TRAD.RT,NYSE,MALFORMED_OR_NON_COMMON_SYMBOL,,,,,,,,UNMEASURED,False,
TRAD.U,NYSE,RIGHT,,,,,,,,UNMEASURED,False,
TRAK,NYSE,ELIGIBLE,8.23,747441.3085,92169.2,1.0,0.1897,0.0,48.49,D-1,False,
TRAW,NASDAQ,ELIGIBLE,0.5632,851440.3251100002,1523958.05,1.0,0.5718,37.54,219.8,D-1,False,
TRAX,NASDAQ,ELIGIBLE,34.42,29091552.108,734324.25,1.0,0.5538,2.91,102.48,D-1,True,1876
TRBF,NASDAQ,FUND_ETF_ETN,,,,,,,,UNMEASURED,False,
TRBG,NASDAQ,ELIGIBLE,3.74,1344901.4684375,185930.5625,0.8,0.0923,0.0,393.19,D-1,True,3768
TRC,NYSE,ELIGIBLE,16.45,2445431.8755,150982.85,1.0,0.1923,0.0,30.88,D-1,True,3438
TRDA,NASDAQ,ELIGIBLE,6.16,2222804.9724999997,323412.9,1.0,0.5718,0.0,41.02,D-1,True,3492
TREE,NASDAQ,ELIGIBLE,24.62,10888214.3945,406719.5,1.0,0.5436,0.24,26.34,D-1,True,2566
TREO,NASDAQ,ELIGIBLE,3.55,368555.568775,78857.35,1.0,0.0513,0.0,510.75,D-1,False,
TREX,NYSE,ELIGIBLE,44.79,69118191.34400001,1567400.85,1.0,0.9641,6.78,9.14,D-1,True,1245
TRFK,ARCA,FUND_ETF_ETN,,,,,,,,UNMEASURED,False,
TRFM,ARCA,FUND_ETF_ETN,,,,,,,,UNMEASURED,False,
TRGP,NYSE,ELIGIBLE,277.84,327464899.71500003,1132146.15,1.0,0.8923,3.55,12.2,D-1,True,401
TRGS,NASDAQ,ELIGIBLE,9.96,112967.65250000001,11342.05,1.0,0.0,,,UNMEASURED,False,
TRGSR,NASDAQ,RIGHT,,,,,,,,UNMEASURED,False,
TRGSU,NASDAQ,UNIT,,,,,,,,UNMEASURED,False,
TRI,NASDAQ,ELIGIBLE,98.99,157499048.037,1560880.8,1.0,0.9333,5.58,9.08,D-1,True,740
TRIB,NASDAQ,ELIGIBLE,6.76,96997.947,11806.0,1.0,0.0436,0.0,783.44,D-1,False,
TRIN,NYSE,ELIGIBLE,17.66,16628854.35,924635.9,1.0,0.7077,1.29,5.73,D-1,True,2263
TRIO,BATS,FUND_ETF_ETN,,,,,,,,UNMEASURED,False,
TRIP,NASDAQ,ELIGIBLE,8.41,39879913.32625,4477899.2,1.0,0.9872,11.75,11.73,D-1,True,1663
TRIRF,OTC,NOT_TRADABLE,,,,,,,,UNMEASURED,False,
TRKAQ,OTC,NOT_TRADABLE,,,,,,,,UNMEASURED,False,
TRLV,NYSE,ELIGIBLE,12.21,27715869.272000004,2372407.95,1.0,0.8436,8.15,32.52,D-1,True,1910
TRMB,NASDAQ,ELIGIBLE,57.85,214292503.02449998,3631214.05,1.0,0.9436,4.33,7.79,D-1,True,589
TRMD,NASDAQ,ELIGIBLE,34.32,68215722.441,1944562.05,1.0,0.9769,7.34,14.56,D-1,True,1257
TRMK,NASDAQ,ELIGIBLE,46.04,19324801.267,415888.0,1.0,0.6897,2.15,5.4,D-1,True,2178
TRN,NYSE,ELIGIBLE,27.91,17375783.423,617459.75,1.0,0.5949,3.55,12.46,D-1,True,2242
TRND,ARCA,FUND_ETF_ETN,,,,,,,,UNMEASURED,False,
TRNI,NYSE,NOTE_DEBT,,,,,,,,UNMEASURED,False,
TRNO,NYSE,ELIGIBLE,66.07,50194809.44149999,761454.1,1.0,0.7,2.05,9.07,D-1,True,1493
TRNR,NASDAQ,ELIGIBLE,2.4101,92162.124035,34336.75,1.0,0.0487,0.0,281.13,D-1,False,
TRNS,NASDAQ,ELIGIBLE,87.73,8602071.06075,100353.2,1.0,0.2923,0.0,105.34,D-1,True,2710
TRNZ,NYSE,NOTE_DEBT,,,,,,,,UNMEASURED,False,
TRON,NASDAQ,ELIGIBLE,1.44,1680944.6967500001,1052670.15,1.0,0.6897,0.0,69.94,D-1,True,3645
TROO,NASDAQ,ELIGIBLE,1.77,675627.34925,315319.7,1.0,0.3128,0.0,112.85,D-1,False,
TROT,ARCA,FUND_ETF_ETN,,,,,,,,UNMEASURED,False,
TROW,NASDAQ,ELIGIBLE,105.51,160432494.23700002,1506912.95,1.0,0.8795,2.85,8.61,D-1,True,732
TROX,NYSE,ELIGIBLE,4.03,10994665.2445,2395914.2,1.0,0.8821,12.22,24.75,D-1,True,2561
TRP,NYSE,ELIGIBLE,58.78,171144858.1665,2797948.55,1.0,0.9949,4.28,2.55,D-1,True,699
TRPA,BATS,FUND_ETF_ETN,,,,,,,,UNMEASURED,False,
TRS,NASDAQ,ELIGIBLE,39.15,11968486.470999999,308491.9,1.0,0.4718,0.0,30.41,D-1,True,2493
TRSG,NASDAQ,ELIGIBLE,1.3818,3485.5726499999996,2456.75,1.0,0.0026,0.0,516.61,D-1,False,
TRST,NASDAQ,ELIGIBLE,56.2,8977590.852500001,156971.7,1.0,0.1538,0.0,31.93,D-1,True,2680
TRSY,BATS,FUND_ETF_ETN,,,,,,,,UNMEASURED,False,
TRT,NASDAQ,ELIGIBLE,6.215,3119946.993,370988.95,1.0,0.8667,21.64,53.33,D-1,True,3306
TRTN.PRA,NYSE,MALFORMED_OR_NON_COMMON_SYMBOL,,,,,,,,UNMEASURED,False,
TRTN.PRB,NYSE,MALFORMED_OR_NON_COMMON_SYMBOL,,,,,,,,UNMEASURED,False,
TRTN.PRC,NYSE,MALFORMED_OR_NON_COMMON_SYMBOL,,,,,,,,UNMEASURED,False,
TRTN.PRD,NYSE,MALFORMED_OR_NON_COMMON_SYMBOL,,,,,,,,UNMEASURED,False,
TRTN.PRE,NYSE,MALFORMED_OR_NON_COMMON_SYMBOL,,,,,,,,UNMEASURED,False,
TRTN.PRF,NYSE,MALFORMED_OR_NON_COMMON_SYMBOL,,,,,,,,UNMEASURED,False,
TRTN.PRG,NYSE,MALFORMED_OR_NON_COMMON_SYMBOL,,,,,,,,UNMEASURED,False,
TRTWF,OTC,NOT_TRADABLE,,,,,,,,UNMEASURED,False,
TRTX,NYSE,ELIGIBLE,6.56,6519801.7625,899273.35,1.0,0.8436,7.59,15.19,D-1,True,2884
TRTX.PRC,NYSE,MALFORMED_OR_NON_COMMON_SYMBOL,,,,,,,,UNMEASURED,False,
TRTY,BATS,FUND_ETF_ETN,,,,,,,,UNMEASURED,False,
TRU,NYSE,ELIGIBLE,69.17,185749180.4115,2435861.05,1.0,0.9436,7.2,10.5,D-1,True,660
TRUC,NASDAQ,FUND_ETF_ETN,,,,,,,,UNMEASURED,False,
TRUD,NASDAQ,FUND_ETF_ETN,,,,,,,,UNMEASURED,False,
TRUF,NASDAQ,FUND_ETF_ETN,,,,,,,,UNMEASURED,False,
TRUG,NASDAQ,ELIGIBLE,0.2843,27788983.19962,48934387.6,1.0,0.9103,39.12,66.95,D-1,False,
TRUH,NASDAQ,FUND_ETF_ETN,,,,,,,,UNMEASURED,False,
TRUI,NASDAQ,FUND_ETF_ETN,,,,,,,,UNMEASURED,False,
TRUM,NASDAQ,FUND_ETF_ETN,,,,,,,,UNMEASURED,False,
TRUMY,OTC,NOT_LISTED_EXCHANGE,,,,,,,,UNMEASURED,False,
TRUN,NASDAQ,FUND_ETF_ETN,,,,,,,,UNMEASURED,False,
TRUO,NASDAQ,FUND_ETF_ETN,,,,,,,,UNMEASURED,False,
TRUP,NASDAQ,ELIGIBLE,23.16,11710859.949,453380.45,1.0,0.6923,3.84,24.06,D-1,True,2506
TRUR,NASDAQ,FUND_ETF_ETN,,,,,,,,UNMEASURED,False,
TRUT,NASDAQ,FUND_ETF_ETN,,,,,,,,UNMEASURED,False,
TRUU,NASDAQ,FUND_ETF_ETN,,,,,,,,UNMEASURED,False,
TRV,NYSE,ELIGIBLE,363.04,543364846.9585,1468883.5,1.0,0.941,4.02,8.38,D-1,True,221
TRVG,NASDAQ,ELIGIBLE,5.44,1408373.7035,229348.0,1.0,0.2385,0.0,36.63,D-1,True,3735
TRVI,NASDAQ,ELIGIBLE,14.41,24278800.92525,1544769.25,1.0,0.8769,6.9,20.82,D-1,True,2018
TRVN,OTC,NOT_TRADABLE,,,,,,,,UNMEASURED,False,
TRX,AMEX,ELIGIBLE,1.29,4787453.404999999,3855161.9,1.0,0.6923,0.76,76.63,D-1,True,3083
TRXS,BATS,FUND_ETF_ETN,,,,,,,,UNMEASURED,False,
TRYIY,OTC,NOT_LISTED_EXCHANGE,,,,,,,,UNMEASURED,False,
TS,NYSE,ELIGIBLE,55.47,61469178.896000005,1094446.55,1.0,0.8769,2.7,5.41,D-1,True,1329
TSAT,NASDAQ,ELIGIBLE,48.21,5861040.618,124200.6,1.0,0.2615,0.0,51.14,D-1,True,2956
TSBK,NASDAQ,ELIGIBLE,45.41,1534991.9985,33385.6,1.0,0.0692,0.0,224.94,D-1,True,3690
TSCDY,OTC,NOT_LISTED_EXCHANGE,,,,,,,,UNMEASURED,False,
TSCM,NASDAQ,FUND_ETF_ETN,,,,,,,,UNMEASURED,False,
TSCO,NASDAQ,ELIGIBLE,32.27,309203696.94200003,9246659.1,1.0,1.0,9.28,3.12,D-1,True,418
TSCV,ARCA,FUND_ETF_ETN,,,,,,,,UNMEASURED,False,
TSCZ,ARCA,FUND_ETF_ETN,,,,,,,,UNMEASURED,False,
TSDD,NASDAQ,FUND_ETF_ETN,,,,,,,,UNMEASURED,False,
TSEC,ARCA,FUND_ETF_ETN,,,,,,,,UNMEASURED,False,
TSEE,NASDAQ,FUND_ETF_ETN,,,,,,,,UNMEASURED,False,
TSEG,BATS,FUND_ETF_ETN,,,,,,,,UNMEASURED,False,
TSEL,NASDAQ,FUND_ETF_ETN,,,,,,,,UNMEASURED,False,
TSEM,NASDAQ,ELIGIBLE,230.47,420664408.5675,1936798.65,1.0,0.9641,14.66,23.38,D-1,True,296
TSEP,BATS,FUND_ETF_ETN,,,,,,,,UNMEASURED,False,
TSES,ARCA,FUND_ETF_ETN,,,,,,,,UNMEASURED,False,
TSEU,BATS,FUND_ETF_ETN,,,,,,,,UNMEASURED,False,
TSHA,NASDAQ,ELIGIBLE,4.67,17921797.744999997,3499043.7,1.0,0.9077,10.55,21.09,D-1,True,2224
TSI,NYSE,FUND_ETF_ETN,,,,,,,,UNMEASURED,False,
TSIB,BATS,FUND_ETF_ETN,,,,,,,,UNMEASURED,False,
TSIC,ARCA,FUND_ETF_ETN,,,,,,,,UNMEASURED,False,
TSII,BATS,FUND_ETF_ETN,,,,,,,,UNMEASURED,False,
TSL,NASDAQ,FUND_ETF_ETN,,,,,,,,UNMEASURED,False,
TSLA,NASDAQ,ELIGIBLE,372.11,14600490994.969751,39923430.15,1.0,1.0,10.8,3.22,D-1,True,5
TSLG,NASDAQ,FUND_ETF_ETN,,,,,,,,UNMEASURED,False,
TSLI,ARCA,FUND_ETF_ETN,,,,,,,,UNMEASURED,False,
TSLL,NASDAQ,FUND_ETF_ETN,,,,,,,,UNMEASURED,False,
TSLP,BATS,FUND_ETF_ETN,,,,,,,,UNMEASURED,False,
TSLQ,NASDAQ,FUND_ETF_ETN,,,,,,,,UNMEASURED,False,
TSLR,NASDAQ,FUND_ETF_ETN,,,,,,,,UNMEASURED,False,
TSLS,NASDAQ,FUND_ETF_ETN,,,,,,,,UNMEASURED,False,
TSLT,BATS,FUND_ETF_ETN,,,,,,,,UNMEASURED,False,
TSLVF,OTC,NOT_TRADABLE,,,,,,,,UNMEASURED,False,
TSLW,BATS,FUND_ETF_ETN,,,,,,,,UNMEASURED,False,
TSLX,NYSE,ELIGIBLE,18.14,7314710.0084999995,402517.85,1.0,0.5949,1.95,11.07,D-1,True,2807
TSLY,ARCA,FUND_ETF_ETN,,,,,,,,UNMEASURED,False,
TSLZ,BATS,FUND_ETF_ETN,,,,,,,,UNMEASURED,False,
TSM,NYSE,ELIGIBLE,450.61,4227589036.143,9816262.2,1.0,1.0,6.37,3.05,D-1,True,20
TSME,ARCA,FUND_ETF_ETN,,,,,,,,UNMEASURED,False,
TSMG,NASDAQ,FUND_ETF_ETN,,,,,,,,UNMEASURED,False,
TSMU,NASDAQ,FUND_ETF_ETN,,,,,,,,UNMEASURED,False,
TSMX,NASDAQ,FUND_ETF_ETN,,,,,,,,UNMEASURED,False,
TSMY,ARCA,FUND_ETF_ETN,,,,,,,,UNMEASURED,False,
TSMZ,NASDAQ,FUND_ETF_ETN,,,,,,,,UNMEASURED,False,
TSN,NYSE,ELIGIBLE,50.92,203816517.6765,3880102.7,1.0,1.0,4.9,2.94,D-1,True,617
TSNF,ARCA,FUND_ETF_ETN,,,,,,,,UNMEASURED,False,
TSOL,BATS,FUND_ETF_ETN,,,,,,,,UNMEASURED,False,
TSPA,ARCA,FUND_ETF_ETN,,,,,,,,UNMEASURED,False,
TSPH,OTC,NOT_TRADABLE,,,,,,,,UNMEASURED,False,
TSPX,BATS,FUND_ETF_ETN,,,,,,,,UNMEASURED,False,
TSPY,NASDAQ,FUND_ETF_ETN,,,,,,,,UNMEASURED,False,
TSQ,NYSE,ELIGIBLE,4.98,345661.734,65205.3,1.0,0.1282,0.0,161.36,D-1,False,
TSRS,ARCA,FUND_ETF_ETN,,,,,,,,UNMEASURED,False,
TSRYY,OTC,NOT_LISTED_EXCHANGE,,,,,,,,UNMEASURED,False,
TSSD,ARCA,FUND_ETF_ETN,,,,,,,,UNMEASURED,False,
TSSI,NASDAQ,ELIGIBLE,9.87,8658519.053,975117.1,1.0,0.8949,15.13,41.69,D-1,True,2704
TSUI,NASDAQ,FUND_ETF_ETN,,,,,,,,UNMEASURED,False,
TSXD,ARCA,FUND_ETF_ETN,,,,,,,,UNMEASURED,False,
TSXU,ARCA,FUND_ETF_ETN,,,,,,,,UNMEASURED,False,
TSYW,BATS,FUND_ETF_ETN,,,,,,,,UNMEASURED,False,
TSYX,NASDAQ,FUND_ETF_ETN,,,,,,,,UNMEASURED,False,
TSYY,NASDAQ,FUND_ETF_ETN,,,,,,,,UNMEASURED,False,
TT,NYSE,ELIGIBLE,454.44,459562538.967,1050893.5,1.0,1.0,7.34,7.93,D-1,True,264
TTAM,NYSE,ELIGIBLE,13.85,3934113.492,274870.6,1.0,0.3974,0.0,36.65,D-1,True,3187
TTAN,NASDAQ,ELIGIBLE,58.05,263517916.5055,4289465.85,1.0,0.9308,10.24,19.38,D-1,True,485
TTC,NYSE,ELIGIBLE,97.15,99701499.9155,1054332.85,1.0,0.7128,2.06,10.58,D-1,True,992
TTD,NASDAQ,ELIGIBLE,12.6,361175211.90550005,25923365.15,1.0,1.0,11.86,7.89,D-1,True,350
TTDKY,OTC,NOT_LISTED_EXCHANGE,,,,,,,,UNMEASURED,False,
TTDU,BATS,FUND_ETF_ETN,,,,,,,,UNMEASURED,False,
TTE,NYSE,ELIGIBLE,90.94,138620073.3305,1535151.2,1.0,0.9744,4.4,6.04,D-1,True,811
TTEC,NASDAQ,ELIGIBLE,1.23,464241.3375,364882.65,1.0,0.2923,0.0,81.3,D-1,False,
TTEK,NASDAQ,ELIGIBLE,33.91,74973756.911,2099017.7,1.0,0.9615,4.48,5.94,D-1,True,1175
TTEQ,NASDAQ,FUND_ETF_ETN,,,,,,,,UNMEASURED,False,
TTGT,NASDAQ,ELIGIBLE,3.83,1083510.5055,280244.2,1.0,0.3641,0.0,26.29,D-1,True,3891
TTI,NYSE,ELIGIBLE,6.08,12816124.981999999,1967283.7,1.0,0.9179,8.26,16.61,D-1,True,2449
TTMI,NASDAQ,ELIGIBLE,129.17,213550818.67549998,1762978.35,1.0,0.959,13.91,23.18,D-1,True,590
TTMX,BATS,FUND_ETF_ETN,,,,,,,,UNMEASURED,False,
TTNDY,OTC,NOT_LISTED_EXCHANGE,,,,,,,,UNMEASURED,False,
TTOO,OTC,NOT_TRADABLE,,,,,,,,UNMEASURED,False,
TTOP,ARCA,FUND_ETF_ETN,,,,,,,,UNMEASURED,False,
TTRX,NASDAQ,ELIGIBLE,12.49,2354520.3105,174314.85,1.0,0.2179,0.0,237.35,D-1,True,3460
TTSH,OTC,NOT_TRADABLE,,,,,,,,UNMEASURED,False,
TTT,ARCA,FUND_ETF_ETN,,,,,,,,UNMEASURED,False,
TTWO,NASDAQ,ELIGIBLE,201.44,609891949.338,2854854.65,1.0,0.9744,5.84,10.85,D-1,True,193
TTXD,ARCA,FUND_ETF_ETN,,,,,,,,UNMEASURED,False,
TTXU,ARCA,FUND_ETF_ETN,,,,,,,,UNMEASURED,False,
TU,NYSE,ELIGIBLE,8.48,58301898.160000004,6407568.5,1.0,0.9821,5.93,11.81,D-1,True,1381
TUA,ARCA,FUND_ETF_ETN,,,,,,,,UNMEASURED,False,
TUEMQ,OTC,NOT_TRADABLE,,,,,,,,UNMEASURED,False,
TUG,NASDAQ,FUND_ETF_ETN,,,,,,,,UNMEASURED,False,
TULP,NASDAQ,ELIGIBLE,3.0,4314.509255,1295.2,1.0,0.0051,58.44,906.15,D-1,False,
TUR,NASDAQ,FUND_ETF_ETN,,,,,,,,UNMEASURED,False,
TURB,NASDAQ,ELIGIBLE,1.04,5979964.969065001,4508014.95,1.0,0.1333,0.0,363.64,D-1,True,2937
TURF,NASDAQ,FUND_ETF_ETN,,,,,,,,UNMEASURED,False,
TUSB,ARCA,FUND_ETF_ETN,,,,,,,,UNMEASURED,False,
TUSI,BATS,FUND_ETF_ETN,,,,,,,,UNMEASURED,False,
TUSK,NASDAQ,ELIGIBLE,2.98,288749.51825,93147.05,1.0,0.1897,0.0,101.12,D-1,False,
TUYA,NYSE,ELIGIBLE,1.69,1301431.3414999999,757107.2,1.0,0.641,0.0,58.83,D-1,True,3786
TV,NYSE,ELIGIBLE,2.37,4024729.244,1651424.85,1.0,0.5538,0.0,42.46,D-1,True,3174
TVA,NASDAQ,ELIGIBLE,10.57,5934754.27225,562448.65,1.0,0.0256,0.0,,UNMEASURED,True,2945
TVACU,NASDAQ,UNIT,,,,,,,,UNMEASURED,False,
TVACW,NASDAQ,WARRANT,,,,,,,,UNMEASURED,False,
TVAI,NASDAQ,ELIGIBLE,10.4,420293.15750000003,40462.0,1.0,0.0,,,UNMEASURED,False,
TVAIR,NASDAQ,RIGHT,,,,,,,,UNMEASURED,False,
TVAIU,NASDAQ,UNIT,,,,,,,,UNMEASURED,False,
TVAL,ARCA,FUND_ETF_ETN,,,,,,,,UNMEASURED,False,
TVC,NYSE,ELIGIBLE,23.8,224131.03615,9389.95,1.0,0.0333,0.0,33.69,D-1,False,
TVE,NYSE,ELIGIBLE,23.22,215185.992835,9211.75,1.0,0.0487,0.0,19.43,D-1,False,
TVGN,NASDAQ,ELIGIBLE,7.25,60207.075,8111.8,1.0,0.0128,0.0,,UNMEASURED,False,
TVGNW,NASDAQ,WARRANT,,,,,,,,UNMEASURED,False,
TVIV,NASDAQ,ELIGIBLE,9.95,273452.07149999996,27560.9,1.0,0.0,,,UNMEASURED,False,
TVIVU,NASDAQ,UNIT,,,,,,,,UNMEASURED,False,
TVIVW,NASDAQ,WARRANT,,,,,,,,UNMEASURED,False,
TVRD,NASDAQ,ELIGIBLE,1.27,308089.6585,200731.4,1.0,0.6667,0.0,88.9,D-1,False,
TVTX,NASDAQ,ELIGIBLE,59.44,97439781.8575,1528474.85,1.0,0.8487,5.06,7.15,D-1,True,1008
TW,NASDAQ,ELIGIBLE,101.19,134975286.281,1306729.8,1.0,0.9077,3.97,8.42,D-1,True,822
TWAV,NASDAQ,ELIGIBLE,1.57,86089.24499,59625.55,1.0,0.0949,0.0,415.79,D-1,False,
TWFG,NASDAQ,ELIGIBLE,24.15,5010680.25425,186603.15,1.0,0.1872,0.0,140.72,D-1,True,3042
TWG,NASDAQ,ELIGIBLE,0.164,3620072.141375,10647862.9,1.0,0.9282,43.88,150.74,D-1,False,
TWI,NYSE,ELIGIBLE,7.07,4419939.954,596530.95,1.0,0.5949,0.0,21.26,D-1,True,3119
TWIN,NASDAQ,ELIGIBLE,26.13,2108374.198,86527.65,1.0,0.2308,0.0,102.23,D-1,True,3526
TWLO,NYSE,ELIGIBLE,275.8,594648701.3465,2324725.85,1.0,0.9974,17.52,15.55,D-1,True,198
TWLV,NASDAQ,ELIGIBLE,10.06,196424.744,19507.0,1.0,0.0051,2.48,,UNMEASURED,False,
TWLVR,NASDAQ,RIGHT,,,,,,,,UNMEASURED,False,
TWLVU,NASDAQ,UNIT,,,,,,,,UNMEASURED,False,
TWLVW,OTC,NOT_TRADABLE,,,,,,,,UNMEASURED,False,
TWM,ARCA,FUND_ETF_ETN,,,,,,,,UNMEASURED,False,
TWN,NYSE,FUND_ETF_ETN,,,,,,,,UNMEASURED,False,
TWNFF,OTC,NOT_TRADABLE,,,,,,,,UNMEASURED,False,
TWNPQ,OTC,NOT_TRADABLE,,,,,,,,UNMEASURED,False,
TWOD,NYSE,NOTE_DEBT,,,,,,,,UNMEASURED,False,
TWOX,BATS,FUND_ETF_ETN,,,,,,,,UNMEASURED,False,
TWSC,BATS,FUND_ETF_ETN,,,,,,,,UNMEASURED,False,
TWST,NASDAQ,ELIGIBLE,182.83,296560234.6095,1966684.55,1.0,0.9949,22.08,26.85,D-1,True,437
TX,NYSE,ELIGIBLE,55.36,26864324.548,472545.4,1.0,0.5077,1.8,20.82,D-1,True,1936
TXBC,ARCA,FUND_ETF_ETN,,,,,,,,UNMEASURED,False,
TXCA,NASDAQ,FUND_ETF_ETN,,,,,,,,UNMEASURED,False,
TXG,NASDAQ,ELIGIBLE,85.71,203505216.7695,2816421.05,1.0,0.9974,21.81,21.69,D-1,True,618
TXMD,NASDAQ,ELIGIBLE,2.05,48182.1295,22226.35,1.0,0.0923,0.0,288.82,D-1,False,
TXN,NASDAQ,ELIGIBLE,278.07,1603790491.028,6082061.5,1.0,0.9949,8.17,7.39,D-1,True,60
TXNM,NYSE,ELIGIBLE,58.52,108486642.3065,1864548.35,1.0,0.7256,0.85,1.71,D-1,True,945
TXNU,ARCA,FUND_ETF_ETN,,,,,,,,UNMEASURED,False,
TXNY,NASDAQ,FUND_ETF_ETN,,,,,,,,UNMEASURED,False,
TXO,NYSE,ELIGIBLE,14.33,2532363.5795,170478.6,1.0,0.1692,0.0,42.42,D-1,True,3420
TXRH,NASDAQ,ELIGIBLE,159.75,187085202.6175,1072981.95,1.0,0.9615,6.57,13.83,D-1,True,654
TXT,NYSE,ELIGIBLE,76.59,151680571.745,1907738.8,1.0,0.9179,3.91,7.18,D-1,True,754
TXUE,NASDAQ,FUND_ETF_ETN,,,,,,,,UNMEASURED,False,
TXUG,NASDAQ,FUND_ETF_ETN,,,,,,,,UNMEASURED,False,
TXXD,NASDAQ,FUND_ETF_ETN,,,,,,,,UNMEASURED,False,
TXXH,NASDAQ,FUND_ETF_ETN,,,,,,,,UNMEASURED,False,
TXXI,ARCA,FUND_ETF_ETN,,,,,,,,UNMEASURED,False,
TXXS,NASDAQ,FUND_ETF_ETN,,,,,,,,UNMEASURED,False,
TY,NYSE,ELIGIBLE,34.62,1232903.5304999999,35329.45,1.0,0.0513,0.0,50.59,D-1,True,3820
TY.PR,NYSE,MALFORMED_OR_NON_COMMON_SYMBOL,,,,,,,,UNMEASURED,False,
TYA,BATS,FUND_ETF_ETN,,,,,,,,UNMEASURED,False,
TYD,ARCA,FUND_ETF_ETN,,,,,,,,UNMEASURED,False,
TYG,NYSE,ELIGIBLE,40.02,5887442.3625,138637.2,1.0,0.459,0.0,24.9,D-1,True,2948
TYGO,NASDAQ,ELIGIBLE,0.8598,828794.26359,827066.1,1.0,0.6897,6.76,46.72,D-1,False,
TYL,NYSE,ELIGIBLE,325.57,352073379.6415,990149.25,1.0,0.8103,5.19,12.13,D-1,True,362
TYLD,BATS,FUND_ETF_ETN,,,,,,,,UNMEASURED,False,
TYLG,ARCA,FUND_ETF_ETN,,,,,,,,UNMEASURED,False,
TYO,ARCA,FUND_ETF_ETN,,,,,,,,UNMEASURED,False,
TYRA,NASDAQ,ELIGIBLE,21.76,33904182.9675,1404885.5,1.0,0.7538,9.14,20.61,D-1,True,1771
TYYY,ARCA,FUND_ETF_ETN,,,,,,,,UNMEASURED,False,
TZA,ARCA,FUND_ETF_ETN,,,,,,,,UNMEASURED,False,
TZOO,NASDAQ,ELIGIBLE,5.58,314324.7575,53296.2,1.0,0.0692,0.0,89.85,D-1,False,
U,NYSE,ELIGIBLE,41.55,420718706.217,9965900.65,1.0,1.0,14.56,4.85,D-1,True,295
UA,NYSE,ELIGIBLE,4.37,11796042.441,2463395.9,1.0,0.9051,11.25,22.55,D-1,True,2503
UAA,NYSE,ELIGIBLE,4.43,43219294.757,8840235.05,1.0,1.0,11.29,22.15,D-1,True,1605
UAC,AMEX,ELIGIBLE,9.985,771131.41175,77406.95,1.0,0.0,,30.05,D-1,False,
UAC.U,AMEX,WARRANT,,,,,,,,UNMEASURED,False,
UAC.WS,AMEX,MALFORMED_OR_NON_COMMON_SYMBOL,,,,,,,,UNMEASURED,False,
UAE,NASDAQ,FUND_ETF_ETN,,,,,,,,UNMEASURED,False,
UAL,NASDAQ,ELIGIBLE,113.99,421761671.258,3854530.6,1.0,1.0,10.3,14.29,D-1,True,293
UAMY,NYSE,ELIGIBLE,4.5,28520679.812,5839848.4,1.0,0.9821,11.1,22.17,D-1,True,1895
UAN,NYSE,ELIGIBLE,122.7,3842902.6965000005,29447.35,1.0,0.0872,0.0,148.88,D-1,True,3203
UAPR,BATS,FUND_ETF_ETN,,,,,,,,UNMEASURED,False,
UAUG,BATS,FUND_ETF_ETN,,,,,,,,UNMEASURED,False,
UAVS,AMEX,ELIGIBLE,0.9926,1127688.61999,1087353.65,1.0,0.4821,0.0,61.85,D-1,False,
UBCP,NASDAQ,ELIGIBLE,14.815,108839.40655,7008.75,1.0,0.0385,6.75,,UNMEASURED,False,
UBER,NYSE,ELIGIBLE,69.62,1338938357.531,18519890.85,1.0,1.0,7.19,2.16,D-1,True,78
UBEW,BATS,FUND_ETF_ETN,,,,,,,,UNMEASURED,False,
UBND,NASDAQ,FUND_ETF_ETN,,,,,,,,UNMEASURED,False,
UBOT,ARCA,FUND_ETF_ETN,,,,,,,,UNMEASURED,False,
UBR,ARCA,FUND_ETF_ETN,,,,,,,,UNMEASURED,False,
UBRL,NASDAQ,FUND_ETF_ETN,,,,,,,,UNMEASURED,False,
UBS,NYSE,ELIGIBLE,49.67,115144965.881,2220725.2,1.0,0.9949,4.03,2.02,D-1,True,908
UBSFY,OTC,NOT_LISTED_EXCHANGE,,,,,,,,UNMEASURED,False,
UBSI,NASDAQ,ELIGIBLE,46.86,51468912.2725,1092667.35,1.0,0.9,2.13,3.19,D-1,True,1471
UBT,ARCA,FUND_ETF_ETN,,,,,,,,UNMEASURED,False,
UCAR,NASDAQ,NOT_TRADABLE,,,,,,,,UNMEASURED,False,
UCB,NYSE,ELIGIBLE,34.23,28147107.390499998,808752.35,1.0,0.8744,2.91,2.92,D-1,True,1902
UCBG,ARCA,FUND_ETF_ETN,,,,,,,,UNMEASURED,False,
UCC,ARCA,FUND_ETF_ETN,,,,,,,,UNMEASURED,False,
UCFI,NASDAQ,ELIGIBLE,5.51,0.0,0.0,1.0,0.0,,,UNMEASURED,False,
UCFIW,NASDAQ,WARRANT,,,,,,,,UNMEASURED,False,
UCIB,ARCA,FUND_ETF_ETN,,,,,,,,UNMEASURED,False,
UCL,NASDAQ,ELIGIBLE,0.359,280350.97768,739043.75,1.0,0.1615,0.0,266.86,D-1,False,
UCO,ARCA,FUND_ETF_ETN,,,,,,,,UNMEASURED,False,
UCON,ARCA,FUND_ETF_ETN,,,,,,,,UNMEASURED,False,
UCOP,ARCA,FUND_ETF_ETN,,,,,,,,UNMEASURED,False,
UCRD,NASDAQ,FUND_ETF_ETN,,,,,,,,UNMEASURED,False,
UCTT,NASDAQ,ELIGIBLE,77.69,58319228.8035,817759.5,1.0,0.7795,5.52,34.95,D-1,True,1380
UCTX,BATS,FUND_ETF_ETN,,,,,,,,UNMEASURED,False,
UCYB,NASDAQ,FUND_ETF_ETN,,,,,,,,UNMEASURED,False,
UDEC,BATS,FUND_ETF_ETN,,,,,,,,UNMEASURED,False,
UDI,ARCA,FUND_ETF_ETN,,,,,,,,UNMEASURED,False,
UDIV,ARCA,FUND_ETF_ETN,,,,,,,,UNMEASURED,False,
UDN,ARCA,FUND_ETF_ETN,,,,,,,,UNMEASURED,False,
UDOW,ARCA,FUND_ETF_ETN,,,,,,,,UNMEASURED,False,
UDR,NYSE,ELIGIBLE,33.84,139971000.3145,4005092.1,1.0,0.9897,4.45,2.98,D-1,True,802
UE,NYSE,ELIGIBLE,19.9,17056748.6475,828969.3,1.0,0.7641,2.52,10.13,D-1,True,2250
UEC,AMEX,ELIGIBLE,9.41,93853537.652,8748499.75,1.0,1.0,15.56,10.54,D-1,True,1030
UECG,NASDAQ,FUND_ETF_ETN,,,,,,,,UNMEASURED,False,
UEIC,NASDAQ,ELIGIBLE,5.12,329232.53575,67059.85,1.0,0.0538,0.0,116.96,D-1,False,
UEVM,NASDAQ,FUND_ETF_ETN,,,,,,,,UNMEASURED,False,
UFABQ,OTC,NOT_TRADABLE,,,,,,,,UNMEASURED,False,
UFCS,NASDAQ,ELIGIBLE,53.33,8715760.013500001,159764.55,1.0,0.2385,0.0,34.86,D-1,True,2700
UFEB,BATS,FUND_ETF_ETN,,,,,,,,UNMEASURED,False,
UFG,NASDAQ,ELIGIBLE,0.5001,4056114.3465899997,5915103.2,1.0,0.1436,0.0,137.05,D-1,False,
UFI,NYSE,ELIGIBLE,6.6,453535.60549999995,65828.9,1.0,0.1077,0.0,135.28,D-1,False,
UFIV,NASDAQ,FUND_ETF_ETN,,,,,,,,UNMEASURED,False,
UFO,NASDAQ,FUND_ETF_ETN,,,,,,,,UNMEASURED,False,
UFOD,BATS,FUND_ETF_ETN,,,,,,,,UNMEASURED,False,
UFOX,NASDAQ,FUND_ETF_ETN,,,,,,,,UNMEASURED,False,
UFPI,NASDAQ,ELIGIBLE,79.49,37082758.457499996,455401.15,1.0,0.5436,1.27,18.27,D-1,True,1718
UFPT,NASDAQ,ELIGIBLE,295.65,33205842.602999996,116107.9,1.0,0.1615,0.0,65.06,D-1,True,1786
UG,NASDAQ,ELIGIBLE,7.08,55781.95775,7799.1,1.0,0.0128,0.0,264.07,D-1,False,
UGA,ARCA,FUND_ETF_ETN,,,,,,,,UNMEASURED,False,
UGE,ARCA,FUND_ETF_ETN,,,,,,,,UNMEASURED,False,
UGI,NYSE,ELIGIBLE,36.51,74799238.92099999,1980379.45,1.0,0.941,2.76,6.9,D-1,True,1179
UGL,ARCA,FUND_ETF_ETN,,,,,,,,UNMEASURED,False,
UGLD,ARCA,FUND_ETF_ETN,,,,,,,,UNMEASURED,False,
UGP,NYSE,ELIGIBLE,7.1,26018866.883,3548910.65,1.0,0.9744,7.1,14.17,D-1,True,1958
UHAL,NYSE,ELIGIBLE,60.97,9415449.318500001,146036.25,1.0,0.3385,0.0,32.63,D-1,True,2653
UHAL.B,NYSE,ELIGIBLE,53.46,16593721.102500001,292432.4,1.0,0.5103,0.93,14.87,D-1,True,2265
UHS,NYSE,ELIGIBLE,178.86,138026057.4845,787025.35,1.0,0.6821,1.67,29.45,D-1,True,814
UHT,NYSE,ELIGIBLE,38.65,4163203.7255,103419.35,1.0,0.2795,0.0,59.95,D-1,True,3157
UI,NYSE,ELIGIBLE,560.67,94483709.988,165696.9,1.0,0.4051,0.17,49.56,D-1,True,1026
UIS,NYSE,ELIGIBLE,2.32,1395531.4895,559680.5,1.0,0.5821,0.0,42.38,D-1,True,3741
UITB,NASDAQ,FUND_ETF_ETN,,,,,,,,UNMEASURED,False,
UIVM,NASDAQ,FUND_ETF_ETN,,,,,,,,UNMEASURED,False,
UJAN,BATS,FUND_ETF_ETN,,,,,,,,UNMEASURED,False,
UJB,ARCA,FUND_ETF_ETN,,,,,,,,UNMEASURED,False,
UJUL,BATS,FUND_ETF_ETN,,,,,,,,UNMEASURED,False,
UJUN,BATS,FUND_ETF_ETN,,,,,,,,UNMEASURED,False,
UK,NASDAQ,ELIGIBLE,2.1,20906.60314,10249.75,1.0,0.0179,48.4,524.31,D-1,False,
UL,NYSE,ELIGIBLE,62.54,205044108.96699998,3236413.85,1.0,0.9923,2.41,1.61,D-1,True,615
ULBI,NASDAQ,ELIGIBLE,6.16,252246.602,43000.8,1.0,0.0692,0.0,81.88,D-1,False,
ULCC,NASDAQ,ELIGIBLE,6.19,14222587.392500002,2458195.85,1.0,0.9103,8.5,16.75,D-1,True,2377
ULE,ARCA,FUND_ETF_ETN,,,,,,,,UNMEASURED,False,
ULH,NASDAQ,ELIGIBLE,16.69,998606.0495000001,56718.9,1.0,0.1,0.0,262.22,D-1,False,
ULS,NYSE,ELIGIBLE,66.05,58339684.835,860467.05,1.0,0.7154,3.05,17.51,D-1,True,1379
ULST,ARCA,FUND_ETF_ETN,,,,,,,,UNMEASURED,False,
ULTA,NASDAQ,ELIGIBLE,545.2,343881465.418,634287.8,1.0,0.8359,2.61,27.87,D-1,True,369
ULTI,NASDAQ,FUND_ETF_ETN,,,,,,,,UNMEASURED,False,
ULTY,ARCA,FUND_ETF_ETN,,,,,,,,UNMEASURED,False,
ULVM,NASDAQ,FUND_ETF_ETN,,,,,,,,UNMEASURED,False,
ULYX,OTC,NOT_TRADABLE,,,,,,,,UNMEASURED,False,
UMAC,AMEX,ELIGIBLE,24.05,62230850.994500004,2626562.15,1.0,0.9795,18.26,18.64,D-1,True,1318
UMAL,BATS,FUND_ETF_ETN,,,,,,,,UNMEASURED,False,
UMAR,BATS,FUND_ETF_ETN,,,,,,,,UNMEASURED,False,
UMAY,BATS,FUND_ETF_ETN,,,,,,,,UNMEASURED,False,
UMBF,NASDAQ,ELIGIBLE,135.82,92609488.16375001,672773.55,1.0,0.8077,2.57,18.73,D-1,True,1037
UMBFO,NASDAQ,PREFERRED,,,,,,,,UNMEASURED,False,
UMC,NYSE,ELIGIBLE,24.31,269538091.1825,11956927.1,1.0,0.9974,6.19,4.1,D-1,True,470
UMCU,BATS,FUND_ETF_ETN,,,,,,,,UNMEASURED,False,
UMCX,BATS,FUND_ETF_ETN,,,,,,,,UNMEASURED,False,
UMDD,ARCA,FUND_ETF_ETN,,,,,,,,UNMEASURED,False,
UMH,NYSE,ELIGIBLE,15.4,11140409.32,703644.2,1.0,0.5949,0.0,6.54,D-1,True,2546
UMH.PRD,NYSE,MALFORMED_OR_NON_COMMON_SYMBOL,,,,,,,,UNMEASURED,False,
UMI,ARCA,FUND_ETF_ETN,,,,,,,,UNMEASURED,False,
UMICY,OTC,NOT_TRADABLE,,,,,,,,UNMEASURED,False,
UMMA,NASDAQ,FUND_ETF_ETN,,,,,,,,UNMEASURED,False,
UN,BATS,FUND_ETF_ETN,,,,,,,,UNMEASURED,False,
UNAM,OTC,NOT_TRADABLE,,,,,,,,UNMEASURED,False,
UNB,NASDAQ,ELIGIBLE,23.6,86847.85274999999,3659.65,1.0,0.0026,0.0,135.88,D-1,False,
UNBX,OTC,NOT_TRADABLE,,,,,,,,UNMEASURED,False,
UNCRY,OTC,NOT_LISTED_EXCHANGE,,,,,,,,UNMEASURED,False,
UNCY,NASDAQ,ELIGIBLE,4.695,4006335.34375,800097.85,1.0,0.6359,0.0,21.3,D-1,True,3178
UNF,NYSE,ELIGIBLE,259.09,97383019.641,361689.5,1.0,0.6359,1.15,34.45,D-1,True,1009
UNFI,NYSE,ELIGIBLE,45.85,33694131.519,747182.75,1.0,0.4462,2.18,19.77,D-1,True,1774
UNG,ARCA,FUND_ETF_ETN,,,,,,,,UNMEASURED,False,
UNH,NYSE,ELIGIBLE,376.59,1973945604.3040001,5127531.45,1.0,1.0,7.8,5.21,D-1,True,51
UNHG,NASDAQ,FUND_ETF_ETN,,,,,,,,UNMEASURED,False,
UNHU,ARCA,FUND_ETF_ETN,,,,,,,,UNMEASURED,False,
UNHW,BATS,FUND_ETF_ETN,,,,,,,,UNMEASURED,False,
UNICY,OTC,NOT_TRADABLE,,,,,,,,UNMEASURED,False,
UNIT,NASDAQ,ELIGIBLE,8.91,19804747.948,2042302.7,1.0,0.8692,5.67,11.38,D-1,True,2154
UNIY,NASDAQ,FUND_ETF_ETN,,,,,,,,UNMEASURED,False,
UNL,ARCA,FUND_ETF_ETN,,,,,,,,UNMEASURED,False,
UNM,NYSE,ELIGIBLE,92.09,190147154.2435,2016851.55,1.0,0.8385,2.7,5.42,D-1,True,643
UNMA,NYSE,NOTE_DEBT,,,,,,,,UNMEASURED,False,
UNOV,BATS,FUND_ETF_ETN,,,,,,,,UNMEASURED,False,
UNP,NYSE,ELIGIBLE,273.79,699132688.4095,2468834.3,1.0,0.9308,4.57,13.72,D-1,True,166
UNTY,NASDAQ,ELIGIBLE,56.05,3468822.0625,59409.45,1.0,0.1205,0.0,74.84,D-1,True,3249
UNVGY,OTC,NOT_LISTED_EXCHANGE,,,,,,,,UNMEASURED,False,
UNX,BATS,FUND_ETF_ETN,,,,,,,,UNMEASURED,False,
UOCT,BATS,FUND_ETF_ETN,,,,,,,,UNMEASURED,False,
UOKAF,OTC,NOT_TRADABLE,,,,,,,,UNMEASURED,False,
UONE,NASDAQ,ELIGIBLE,4.23,26858.368205,6004.7,1.0,0.0154,28.16,,UNMEASURED,False,
UONEK,NASDAQ,ELIGIBLE,3.7,23492.36763,5824.35,1.0,0.0282,0.0,,UNMEASURED,False,
UOVEY,OTC,NOT_LISTED_EXCHANGE,,,,,,,,UNMEASURED,False,
UP,NYSE,ELIGIBLE,3.77,529765.458,136515.6,1.0,0.1923,0.0,76.66,D-1,False,
UPAL,ARCA,FUND_ETF_ETN,,,,,,,,UNMEASURED,False,
UPAR,ARCA,FUND_ETF_ETN,,,,,,,,UNMEASURED,False,
UPB,NASDAQ,ELIGIBLE,5.36,3584200.5947499997,613307.65,1.0,0.5692,0.0,48.72,D-1,True,3233
UPBD,NASDAQ,ELIGIBLE,16.09,15502519.559,878446.6,1.0,0.841,3.11,12.46,D-1,True,2312
UPC,NASDAQ,ELIGIBLE,4.75,1531996.0415999999,331901.95,1.0,0.0667,0.0,512.82,D-1,True,3691
UPGD,ARCA,FUND_ETF_ETN,,,,,,,,UNMEASURED,False,
UPGR,NASDAQ,FUND_ETF_ETN,,,,,,,,UNMEASURED,False,
UPHL,OTC,NOT_TRADABLE,,,,,,,,UNMEASURED,False,
UPLD,NASDAQ,ELIGIBLE,3.37,150926.90050000002,41242.3,1.0,0.1,0.0,200.74,D-1,False,
UPLT,ARCA,FUND_ETF_ETN,,,,,,,,UNMEASURED,False,
UPMMY,OTC,NOT_LISTED_EXCHANGE,,,,,,,,UNMEASURED,False,
UPRO,ARCA,FUND_ETF_ETN,,,,,,,,UNMEASURED,False,
UPS,NYSE,ELIGIBLE,93.96,459720014.97299993,4647553.8,1.0,1.0,5.37,3.76,D-1,True,263
UPSC,BATS,FUND_ETF_ETN,,,,,,,,UNMEASURED,False,
UPSD,BATS,FUND_ETF_ETN,,,,,,,,UNMEASURED,False,
UPST,NASDAQ,ELIGIBLE,23.81,114684106.92950001,4395962.6,1.0,1.0,10.35,4.12,D-1,True,911
UPSX,BATS,FUND_ETF_ETN,,,,,,,,UNMEASURED,False,
UPV,ARCA,FUND_ETF_ETN,,,,,,,,UNMEASURED,False,
UPW,ARCA,FUND_ETF_ETN,,,,,,,,UNMEASURED,False,
UPWK,NASDAQ,ELIGIBLE,8.15,24271657.353749998,2816333.1,1.0,0.9718,6.13,12.23,D-1,True,2019
UPXI,NASDAQ,ELIGIBLE,1.23,5758950.81214,5150121.15,1.0,0.9692,41.65,84.75,D-1,True,2970
URA,ARCA,FUND_ETF_ETN,,,,,,,,UNMEASURED,False,
URAA,ARCA,FUND_ETF_ETN,,,,,,,,UNMEASURED,False,
URAN,BATS,FUND_ETF_ETN,,,,,,,,UNMEASURED,False,
URBN,NASDAQ,ELIGIBLE,75.35,83138989.853,1073169.15,1.0,0.8923,6.04,17.32,D-1,True,1107
URE,ARCA,FUND_ETF_ETN,,,,,,,,UNMEASURED,False,
URG,AMEX,ELIGIBLE,1.13,7831502.573999999,6205159.35,1.0,0.9769,43.76,87.72,D-1,True,2780
URGN,NASDAQ,ELIGIBLE,41.35,31300956.70575,726589.75,1.0,0.5974,1.21,46.9,D-1,True,1825
URI,NYSE,ELIGIBLE,1047.06,441084842.075,435340.2,1.0,0.8128,3.93,21.18,D-1,True,281
URNJ,NASDAQ,FUND_ETF_ETN,,,,,,,,UNMEASURED,False,
URNM,ARCA,FUND_ETF_ETN,,,,,,,,UNMEASURED,False,
UROY,NASDAQ,ELIGIBLE,4.14,19865402.51825,4435170.85,1.0,0.9718,11.96,23.92,D-1,True,2152
URSP,ARCA,FUND_ETF_ETN,,,,,,,,UNMEASURED,False,
URTH,ARCA,FUND_ETF_ETN,,,,,,,,UNMEASURED,False,
URTY,ARCA,FUND_ETF_ETN,,,,,,,,UNMEASURED,False,
USA,NYSE,FUND_ETF_ETN,,,,,,,,UNMEASURED,False,
USAC,NYSE,ELIGIBLE,25.54,13021465.938499998,485884.7,1.0,0.4436,0.0,19.77,D-1,True,2440
USAF,NASDAQ,FUND_ETF_ETN,,,,,,,,UNMEASURED,False,
USAI,ARCA,FUND_ETF_ETN,,,,,,,,UNMEASURED,False,
USAR,NASDAQ,ELIGIBLE,15.18,211689175.413,12860801.95,1.0,1.0,13.07,6.56,D-1,True,597
USAS,AMEX,ELIGIBLE,4.83,20613017.46,4044861.05,1.0,0.9897,12.89,20.92,D-1,True,2130
USAU,NASDAQ,ELIGIBLE,15.59,2549141.3559999997,163620.9,1.0,0.2718,0.0,64.61,D-1,True,3416
USAX,BATS,FUND_ETF_ETN,,,,,,,,UNMEASURED,False,
USB,NYSE,ELIGIBLE,59.33,473851616.6465,7767836.25,1.0,0.9974,5.08,1.69,D-1,True,258
USB.PRA,NYSE,MALFORMED_OR_NON_COMMON_SYMBOL,,,,,,,,UNMEASURED,False,
USB.PRH,NYSE,MALFORMED_OR_NON_COMMON_SYMBOL,,,,,,,,UNMEASURED,False,
USB.PRP,NYSE,MALFORMED_OR_NON_COMMON_SYMBOL,,,,,,,,UNMEASURED,False,
USB.PRQ,NYSE,MALFORMED_OR_NON_COMMON_SYMBOL,,,,,,,,UNMEASURED,False,
USB.PRR,NYSE,MALFORMED_OR_NON_COMMON_SYMBOL,,,,,,,,UNMEASURED,False,
USB.PRS,NYSE,MALFORMED_OR_NON_COMMON_SYMBOL,,,,,,,,UNMEASURED,False,
USBC,AMEX,ELIGIBLE,0.5121,164348.15939,339599.4,1.0,0.1744,0.0,78.52,D-1,False,
USCA,ARCA,FUND_ETF_ETN,,,,,,,,UNMEASURED,False,
USCB,NASDAQ,ELIGIBLE,22.63,2074860.7525,90214.3,1.0,0.0821,0.0,154.81,D-1,True,3539
USCI,ARCA,FUND_ETF_ETN,,,,,,,,UNMEASURED,False,
USCL,NASDAQ,FUND_ETF_ETN,,,,,,,,UNMEASURED,False,
USD,ARCA,FUND_ETF_ETN,,,,,,,,UNMEASURED,False,
USDE,NASDAQ,ELIGIBLE,17.25,56871890.541999996,5754583.4,1.0,1.0,43.78,41.69,D-1,True,1395
USDEW,NASDAQ,WARRANT,,,,,,,,UNMEASURED,False,
USDP,OTC,NOT_TRADABLE,,,,,,,,UNMEASURED,False,
USDU,ARCA,FUND_ETF_ETN,,,,,,,,UNMEASURED,False,
USDX,NASDAQ,FUND_ETF_ETN,,,,,,,,UNMEASURED,False,
USE,ARCA,FUND_ETF_ETN,,,,,,,,UNMEASURED,False,
USEA,NASDAQ,ELIGIBLE,2.72,465675.038,156073.55,1.0,0.2179,0.0,144.4,D-1,False,
USEP,BATS,FUND_ETF_ETN,,,,,,,,UNMEASURED,False,
USEW,BATS,FUND_ETF_ETN,,,,,,,,UNMEASURED,False,
USFD,NYSE,ELIGIBLE,93.33,248728695.536,2575358.7,1.0,0.941,4.83,16.06,D-1,True,518
USFE,ARCA,FUND_ETF_ETN,,,,,,,,UNMEASURED,False,
USFI,NASDAQ,FUND_ETF_ETN,,,,,,,,UNMEASURED,False,
USFR,ARCA,FUND_ETF_ETN,,,,,,,,UNMEASURED,False,
USG,ARCA,FUND_ETF_ETN,,,,,,,,UNMEASURED,False,
USGG,NASDAQ,FUND_ETF_ETN,,,,,,,,UNMEASURED,False,
USGO,NASDAQ,ELIGIBLE,7.19,696831.2339999999,88912.15,1.0,0.2205,0.0,229.15,D-1,False,
USGX,BATS,FUND_ETF_ETN,,,,,,,,UNMEASURED,False,
USHY,BATS,FUND_ETF_ETN,,,,,,,,UNMEASURED,False,
USIG,NASDAQ,FUND_ETF_ETN,,,,,,,,UNMEASURED,False,
USIN,NASDAQ,FUND_ETF_ETN,,,,,,,,UNMEASURED,False,
USIO,NASDAQ,ELIGIBLE,2.33,705553.726,282912.45,1.0,0.2949,0.0,65.27,D-1,False,
USL,ARCA,FUND_ETF_ETN,,,,,,,,UNMEASURED,False,
USLM,NASDAQ,ELIGIBLE,111.4,17367830.1665,151403.4,1.0,0.1154,0.0,63.03,D-1,True,2243
USLN,BATS,FUND_ETF_ETN,,,,,,,,UNMEASURED,False,
USLV,ARCA,FUND_ETF_ETN,,,,,,,,UNMEASURED,False,
USLX,BATS,FUND_ETF_ETN,,,,,,,,UNMEASURED,False,
USMC,NASDAQ,FUND_ETF_ETN,,,,,,,,UNMEASURED,False,
USMD,ARCA,FUND_ETF_ETN,,,,,,,,UNMEASURED,False,
USMF,BATS,FUND_ETF_ETN,,,,,,,,UNMEASURED,False,
USMV,BATS,FUND_ETF_ETN,,,,,,,,UNMEASURED,False,
USMX,BATS,FUND_ETF_ETN,,,,,,,,UNMEASURED,False,
USNA,NYSE,ELIGIBLE,14.5,3110164.244,213248.0,1.0,0.4051,0.0,41.89,D-1,True,3308
USNG,ARCA,FUND_ETF_ETN,,,,,,,,UNMEASURED,False,
USNZ,ARCA,FUND_ETF_ETN,,,,,,,,UNMEASURED,False,
USO,ARCA,FUND_ETF_ETN,,,,,,,,UNMEASURED,False,
USOI,NASDAQ,FUND_ETF_ETN,,,,,,,,UNMEASURED,False,
USOY,NASDAQ,FUND_ETF_ETN,,,,,,,,UNMEASURED,False,
USPH,NYSE,ELIGIBLE,84.84,13769155.7245,170184.3,1.0,0.1897,0.0,64.42,D-1,True,2399
USPX,ARCA,FUND_ETF_ETN,,,,,,,,UNMEASURED,False,
USRT,ARCA,FUND_ETF_ETN,,,,,,,,UNMEASURED,False,
USSE,ARCA,FUND_ETF_ETN,,,,,,,,UNMEASURED,False,
USSG,ARCA,FUND_ETF_ETN,,,,,,,,UNMEASURED,False,
USSH,NASDAQ,FUND_ETF_ETN,,,,,,,,UNMEASURED,False,
USSX,BATS,FUND_ETF_ETN,,,,,,,,UNMEASURED,False,
UST,ARCA,FUND_ETF_ETN,,,,,,,,UNMEASURED,False,
USTB,NASDAQ,FUND_ETF_ETN,,,,,,,,UNMEASURED,False,
USVM,NASDAQ,FUND_ETF_ETN,,,,,,,,UNMEASURED,False,
USVN,NASDAQ,FUND_ETF_ETN,,,,,,,,UNMEASURED,False,
USX,BATS,FUND_ETF_ETN,,,,,,,,UNMEASURED,False,
USXF,NASDAQ,FUND_ETF_ETN,,,,,,,,UNMEASURED,False,
UTEN,NASDAQ,FUND_ETF_ETN,,,,,,,,UNMEASURED,False,
UTES,ARCA,FUND_ETF_ETN,,,,,,,,UNMEASURED,False,
UTF,NYSE,FUND_ETF_ETN,,,,,,,,UNMEASURED,False,
UTG,AMEX,FUND_ETF_ETN,,,,,,,,UNMEASURED,False,
UTHR,NASDAQ,ELIGIBLE,475.45,366769260.31700003,738910.3,1.0,0.8718,4.18,12.88,D-1,True,345
UTHY,NASDAQ,FUND_ETF_ETN,,,,,,,,UNMEASURED,False,
UTI,NYSE,ELIGIBLE,20.3,38442450.319,1842154.45,1.0,0.8769,9.85,27.12,D-1,True,1685
UTL,NYSE,ELIGIBLE,50.98,7620382.4255,144791.4,1.0,0.1821,0.0,53.3,D-1,True,2789
UTMD,NASDAQ,ELIGIBLE,74.18,2574649.4775,35468.05,1.0,0.0308,0.0,35.52,D-1,True,3408
UTRE,NASDAQ,FUND_ETF_ETN,,,,,,,,UNMEASURED,False,
UTSI,NASDAQ,ELIGIBLE,2.32,47814.558000000005,19979.95,1.0,0.0103,22.46,892.81,D-1,False,
UTSL,ARCA,FUND_ETF_ETN,,,,,,,,UNMEASURED,False,
UTWO,NASDAQ,FUND_ETF_ETN,,,,,,,,UNMEASURED,False,
UTWY,NASDAQ,FUND_ETF_ETN,,,,,,,,UNMEASURED,False,
UTZ,NYSE,ELIGIBLE,14.24,21231044.4025,1491991.1,1.0,0.7897,0.7,7.02,D-1,True,2110
UUP,ARCA,FUND_ETF_ETN,,,,,,,,UNMEASURED,False,
UUPP,BATS,FUND_ETF_ETN,,,,,,,,UNMEASURED,False,
UUU,AMEX,ELIGIBLE,5.11,127872.11499999999,24703.8,1.0,0.0385,0.0,570.72,D-1,False,
UUUC,BATS,FUND_ETF_ETN,,,,,,,,UNMEASURED,False,
UUUG,NASDAQ,FUND_ETF_ETN,,,,,,,,UNMEASURED,False,
UUUU,AMEX,ELIGIBLE,11.35,86920407.2025,6762517.2,1.0,0.9974,9.22,8.82,D-1,True,1075
UVE,NYSE,ELIGIBLE,42.14,6146949.248,140701.45,1.0,0.2205,0.0,33.22,D-1,True,2917
UVIX,BATS,FUND_ETF_ETN,,,,,,,,UNMEASURED,False,
UVRBY,OTC,NOT_LISTED_EXCHANGE,,,,,,,,UNMEASURED,False,
UVSP,NASDAQ,ELIGIBLE,42.16,10251832.147499999,242825.85,1.0,0.459,0.0,5.95,D-1,True,2601
UVV,NYSE,ELIGIBLE,42.47,15223917.141999999,341334.15,1.0,0.5923,0.0,15.4,D-1,True,2329
UVXY,BATS,FUND_ETF_ETN,,,,,,,,UNMEASURED,False,
UWM,ARCA,FUND_ETF_ETN,,,,,,,,UNMEASURED,False,
UWMC,NYSE,ELIGIBLE,1.22,15632957.8105,11798333.0,1.0,0.9974,41.28,81.63,D-1,True,2308
UX,BATS,FUND_ETF_ETN,,,,,,,,UNMEASURED,False,
UXAP,BATS,FUND_ETF_ETN,,,,,,,,UNMEASURED,False,
UXI,ARCA,FUND_ETF_ETN,,,,,,,,UNMEASURED,False,
UXIN,NASDAQ,ELIGIBLE,1.31,1173772.358,909569.45,1.0,0.5538,30.83,74.1,D-1,True,3848
UXJA,BATS,FUND_ETF_ETN,,,,,,,,UNMEASURED,False,
UXJL,BATS,FUND_ETF_ETN,,,,,,,,UNMEASURED,False,
UXOC,BATS,FUND_ETF_ETN,,,,,,,,UNMEASURED,False,
UXRP,ARCA,FUND_ETF_ETN,,,,,,,,UNMEASURED,False,
UYG,ARCA,FUND_ETF_ETN,,,,,,,,UNMEASURED,False,
UYLD,NASDAQ,FUND_ETF_ETN,,,,,,,,UNMEASURED,False,
UYM,ARCA,FUND_ETF_ETN,,,,,,,,UNMEASURED,False,
UYSC,NASDAQ,ELIGIBLE,11.0,15637.805000000002,1436.4,1.0,0.0,,,UNMEASURED,False,
UYSCR,NASDAQ,RIGHT,,,,,,,,UNMEASURED,False,
UYSCU,NASDAQ,UNIT,,,,,,,,UNMEASURED,False,
UZD,NYSE,NOTE_DEBT,,,,,,,,UNMEASURED,False,
UZE,NYSE,NOTE_DEBT,,,,,,,,UNMEASURED,False,
UZF,NYSE,NOTE_DEBT,,,,,,,,UNMEASURED,False,
UZX,NASDAQ,ELIGIBLE,1.475,1741329.5867000003,820325.5,1.0,0.0795,0.0,305.34,D-1,True,3625
V,NYSE,ELIGIBLE,367.38,2242453882.1265,6045916.15,1.0,1.0,5.19,4.5,D-1,True,42
VABK,NASDAQ,ELIGIBLE,48.33,375743.8565,7898.65,1.0,0.0795,0.0,323.99,D-1,False,
VABS,ARCA,FUND_ETF_ETN,,,,,,,,UNMEASURED,False,
VAC,NYSE,ELIGIBLE,102.82,50873387.884500004,498488.95,1.0,0.4128,0.0,28.35,D-1,True,1481
VACI,NYSE,ELIGIBLE,6.93,199781.4681,23672.7,1.0,0.0333,0.0,1264.57,D-1,False,
VACI.U,NYSE,WARRANT,,,,,,,,UNMEASURED,False,
VACI.WS,NYSE,MALFORMED_OR_NON_COMMON_SYMBOL,,,,,,,,UNMEASURED,False,
VAI,NASDAQ,ELIGIBLE,2.22,101866.1485,49136.75,1.0,0.0692,0.0,,UNMEASURED,False,
VAIC,ARCA,FUND_ETF_ETN,,,,,,,,UNMEASURED,False,
VAIE,ARCA,FUND_ETF_ETN,,,,,,,,UNMEASURED,False,
VAL,NYSE,ELIGIBLE,80.99,111551643.113,1312039.55,1.0,0.6692,5.0,21.15,D-1,True,930
VAL.WS,NYSE,MALFORMED_OR_NON_COMMON_SYMBOL,,,,,,,,UNMEASURED,False,
VALE,NYSE,ELIGIBLE,13.61,442892375.23599994,29964890.5,1.0,1.0,7.42,7.39,D-1,True,278
VALG,NASDAQ,FUND_ETF_ETN,,,,,,,,UNMEASURED,False,
VALN,NASDAQ,ELIGIBLE,6.14,214315.58,31936.15,1.0,0.0308,0.0,178.43,D-1,False,
VALQ,ARCA,FUND_ETF_ETN,,,,,,,,UNMEASURED,False,
VALU,NASDAQ,ELIGIBLE,40.16,161271.1505,4218.85,1.0,0.0103,0.0,610.78,D-1,False,
VAMO,BATS,FUND_ETF_ETN,,,,,,,,UNMEASURED,False,
VANI,NASDAQ,ELIGIBLE,1.24,322383.64499999996,247995.4,1.0,0.2821,0.0,80.32,D-1,False,
VATE,NYSE,ELIGIBLE,7.77,786275.5125,103987.25,1.0,0.141,0.0,90.09,D-1,False,
VAVX,NASDAQ,FUND_ETF_ETN,,,,,,,,UNMEASURED,False,
VAW,ARCA,FUND_ETF_ETN,,,,,,,,UNMEASURED,False,
VAXX,OTC,NOT_TRADABLE,,,,,,,,UNMEASURED,False,
VB,ARCA,FUND_ETF_ETN,,,,,,,,UNMEASURED,False,
VBCA,NASDAQ,FUND_ETF_ETN,,,,,,,,UNMEASURED,False,
VBCB,NASDAQ,FUND_ETF_ETN,,,,,,,,UNMEASURED,False,
VBCC,NASDAQ,FUND_ETF_ETN,,,,,,,,UNMEASURED,False,
VBCD,NASDAQ,FUND_ETF_ETN,,,,,,,,UNMEASURED,False,
VBCE,NASDAQ,FUND_ETF_ETN,,,,,,,,UNMEASURED,False,
VBCF,NASDAQ,FUND_ETF_ETN,,,,,,,,UNMEASURED,False,
VBCG,NASDAQ,FUND_ETF_ETN,,,,,,,,UNMEASURED,False,
VBCH,NASDAQ,FUND_ETF_ETN,,,,,,,,UNMEASURED,False,
VBCI,NASDAQ,FUND_ETF_ETN,,,,,,,,UNMEASURED,False,
VBCJ,NASDAQ,FUND_ETF_ETN,,,,,,,,UNMEASURED,False,
VBF,NYSE,FUND_ETF_ETN,,,,,,,,UNMEASURED,False,
VBIL,NASDAQ,FUND_ETF_ETN,,,,,,,,UNMEASURED,False,
VBIO,NASDAQ,ELIGIBLE,3.03,2776300.2706,861801.3,1.0,0.6462,33.71,132.12,D-1,True,3362
VBIVQ,OTC,NOT_TRADABLE,,,,,,,,UNMEASURED,False,
VBK,ARCA,FUND_ETF_ETN,,,,,,,,UNMEASURED,False,
VBNB,NASDAQ,FUND_ETF_ETN,,,,,,,,UNMEASURED,False,
VBND,ARCA,FUND_ETF_ETN,,,,,,,,UNMEASURED,False,
VBNK,NASDAQ,ELIGIBLE,23.41,3549712.4082500003,161134.15,1.0,0.359,6.35,78.36,D-1,True,3237
VBR,ARCA,FUND_ETF_ETN,,,,,,,,UNMEASURED,False,
VC,NASDAQ,ELIGIBLE,90.46,46481548.4835,479233.65,1.0,0.5231,0.56,29.85,D-1,True,1544
VCEB,BATS,FUND_ETF_ETN,,,,,,,,UNMEASURED,False,
VCEL,NASDAQ,ELIGIBLE,39.71,19763474.169,496904.7,1.0,0.6615,0.95,21.64,D-1,True,2156
VCHY,BATS,FUND_ETF_ETN,,,,,,,,UNMEASURED,False,
VCIG,NASDAQ,ELIGIBLE,1.7,131279.892,69912.95,1.0,0.0821,0.0,408.0,D-1,False,
VCIT,NASDAQ,FUND_ETF_ETN,,,,,,,,UNMEASURED,False,
VCLN,ARCA,FUND_ETF_ETN,,,,,,,,UNMEASURED,False,
VCLT,NASDAQ,FUND_ETF_ETN,,,,,,,,UNMEASURED,False,
VCNX,OTC,NOT_TRADABLE,,,,,,,,UNMEASURED,False,
VCOB,ARCA,FUND_ETF_ETN,,,,,,,,UNMEASURED,False,
VCR,ARCA,FUND_ETF_ETN,,,,,,,,UNMEASURED,False,
VCRB,NASDAQ,FUND_ETF_ETN,,,,,,,,UNMEASURED,False,
VCRE,NASDAQ,ELIGIBLE,9.65,290152.9186,27462.0,1.0,0.0179,0.0,219.53,D-1,False,
VCRM,BATS,FUND_ETF_ETN,,,,,,,,UNMEASURED,False,
VCSH,NASDAQ,FUND_ETF_ETN,,,,,,,,UNMEASURED,False,
VCTR,NASDAQ,ELIGIBLE,108.75,84694405.17300001,775758.35,1.0,0.5333,0.93,21.82,D-1,True,1096
VCV,NYSE,ELIGIBLE,9.14,1775621.1015,182976.4,1.0,0.5821,0.0,11.11,D-1,True,3615
VCX,NYSE,FUND_ETF_ETN,,,,,,,,UNMEASURED,False,
VCYT,NASDAQ,ELIGIBLE,45.43,61998503.96775,1446912.1,1.0,0.9231,10.72,45.57,D-1,True,1322
VDC,ARCA,FUND_ETF_ETN,,,,,,,,UNMEASURED,False,
VDE,ARCA,FUND_ETF_ETN,,,,,,,,UNMEASURED,False,
VDG,BATS,FUND_ETF_ETN,,,,,,,,UNMEASURED,False,
VDI,ARCA,FUND_ETF_ETN,,,,,,,,UNMEASURED,False,
VDIG,BATS,FUND_ETF_ETN,,,,,,,,UNMEASURED,False,
VDV,BATS,FUND_ETF_ETN,,,,,,,,UNMEASURED,False,
VEA,ARCA,FUND_ETF_ETN,,,,,,,,UNMEASURED,False,
VECA,NYSE,ELIGIBLE,10.02,3071.629,306.3,1.0,0.0,,958.62,D-1,False,
VECA.RT,NYSE,MALFORMED_OR_NON_COMMON_SYMBOL,,,,,,,,UNMEASURED,False,
VECA.U,NYSE,RIGHT,,,,,,,,UNMEASURED,False,
VECO,NASDAQ,ELIGIBLE,49.67,26246479.6945,597667.7,1.0,0.8974,9.13,29.2,D-1,True,1951
VEEA,NASDAQ,ELIGIBLE,3.08,70766547.1883,13435256.1,1.0,0.5231,0.0,148.05,D-1,True,1225
VEEAW,NASDAQ,WARRANT,,,,,,,,UNMEASURED,False,
VEEE,NASDAQ,ELIGIBLE,13.95,26781611.19975,1578886.95,1.0,0.2,0.0,104.36,D-1,True,1938
VEEM,NASDAQ,FUND_ETF_ETN,,,,,,,,UNMEASURED,False,
VEEV,NYSE,ELIGIBLE,280.68,468217915.6655,1732372.95,1.0,0.9462,7.34,11.93,D-1,True,260
VEFA,NASDAQ,FUND_ETF_ETN,,,,,,,,UNMEASURED,False,
VEGA,ARCA,FUND_ETF_ETN,,,,,,,,UNMEASURED,False,
VEGI,ARCA,FUND_ETF_ETN,,,,,,,,UNMEASURED,False,
VEGN,BATS,FUND_ETF_ETN,,,,,,,,UNMEASURED,False,
VEGX,BATS,FUND_ETF_ETN,,,,,,,,UNMEASURED,False,
VEL,NYSE,ELIGIBLE,15.35,2763295.6265000002,164735.9,1.0,0.3256,0.58,96.07,D-1,True,3365
VELL,BATS,FUND_ETF_ETN,,,,,,,,UNMEASURED,False,
VELO,NASDAQ,ELIGIBLE,11.29,10245681.656,927945.05,1.0,0.8128,9.01,42.52,D-1,True,2602
VEM,ARCA,FUND_ETF_ETN,,,,,,,,UNMEASURED,False,
VEMY,ARCA,FUND_ETF_ETN,,,,,,,,UNMEASURED,False,
VENU,AMEX,ELIGIBLE,1.48,794280.55,466515.6,1.0,0.4667,0.0,66.23,D-1,False,
VEON,NASDAQ,ELIGIBLE,73.52,12312393.32825,180603.5,1.0,0.3154,0.0,40.56,D-1,True,2474
VERA,NASDAQ,ELIGIBLE,32.54,87184137.36950001,2562672.75,1.0,0.959,9.17,15.28,D-1,True,1072
VERI,NASDAQ,ELIGIBLE,1.31,2897809.18367,2754525.15,1.0,0.9051,36.76,74.37,D-1,True,3343
VERS,ARCA,FUND_ETF_ETN,,,,,,,,UNMEASURED,False,
VERU,NASDAQ,ELIGIBLE,2.54,539687.6675,212073.05,1.0,0.2231,0.0,39.68,D-1,False,
VERX,NASDAQ,ELIGIBLE,11.37,17470731.594,1370025.9,1.0,0.8359,4.39,8.67,D-1,True,2238
VET,NYSE,ELIGIBLE,11.6,18956565.5875,1489634.15,1.0,0.8744,4.35,8.68,D-1,True,2188
VETZ,ARCA,FUND_ETF_ETN,,,,,,,,UNMEASURED,False,
VEU,ARCA,FUND_ETF_ETN,,,,,,,,UNMEASURED,False,
VEVMQ,OTC,NOT_TRADABLE,,,,,,,,UNMEASURED,False,
VEXC,ARCA,FUND_ETF_ETN,,,,,,,,UNMEASURED,False,
VFC,NYSE,ELIGIBLE,14.15,93759819.7825,7093901.8,1.0,0.9974,10.67,7.19,D-1,True,1032
VFF,NASDAQ,ELIGIBLE,3.17,2071102.0739999998,702593.15,1.0,0.6897,1.31,32.01,D-1,True,3541
VFH,ARCA,FUND_ETF_ETN,,,,,,,,UNMEASURED,False,
VFLO,NASDAQ,FUND_ETF_ETN,,,,,,,,UNMEASURED,False,
VFMF,BATS,FUND_ETF_ETN,,,,,,,,UNMEASURED,False,
VFMO,BATS,FUND_ETF_ETN,,,,,,,,UNMEASURED,False,
VFMV,BATS,FUND_ETF_ETN,,,,,,,,UNMEASURED,False,
VFQY,BATS,FUND_ETF_ETN,,,,,,,,UNMEASURED,False,
VFS,NASDAQ,ELIGIBLE,3.18,1192624.5577500002,376983.5,1.0,0.5615,0.0,31.55,D-1,True,3839
VFSWW,NASDAQ,WARRANT,,,,,,,,UNMEASURED,False,
VFVA,BATS,FUND_ETF_ETN,,,,,,,,UNMEASURED,False,
VG,NYSE,ELIGIBLE,12.62,214679744.50550002,14882942.3,1.0,1.0,15.37,7.76,D-1,True,588
VGAS,NASDAQ,ELIGIBLE,1.16,18689.854,14695.8,1.0,0.0359,0.0,332.94,D-1,False,
VGASW,NASDAQ,WARRANT,,,,,,,,UNMEASURED,False,
VGFCQ,OTC,NOT_TRADABLE,,,,,,,,UNMEASURED,False,
VGHY,BATS,FUND_ETF_ETN,,,,,,,,UNMEASURED,False,
VGI,NYSE,FUND_ETF_ETN,,,,,,,,UNMEASURED,False,
VGIT,NASDAQ,FUND_ETF_ETN,,,,,,,,UNMEASURED,False,
VGK,ARCA,FUND_ETF_ETN,,,,,,,,UNMEASURED,False,
VGLT,NASDAQ,FUND_ETF_ETN,,,,,,,,UNMEASURED,False,
VGM,NYSE,ELIGIBLE,9.12,2249794.1845,234417.15,1.0,0.5846,0.0,22.02,D-1,True,3481
VGMS,BATS,FUND_ETF_ETN,,,,,,,,UNMEASURED,False,
VGNT,NYSE,ELIGIBLE,46.73,34753067.002,745441.6,1.0,0.6333,3.25,21.61,D-1,True,1757
VGRO,ARCA,FUND_ETF_ETN,,,,,,,,UNMEASURED,False,
VGSH,NASDAQ,FUND_ETF_ETN,,,,,,,,UNMEASURED,False,
VGSR,NASDAQ,FUND_ETF_ETN,,,,,,,,UNMEASURED,False,
VGT,ARCA,FUND_ETF_ETN,,,,,,,,UNMEASURED,False,
VGUS,NASDAQ,FUND_ETF_ETN,,,,,,,,UNMEASURED,False,
VGVT,ARCA,FUND_ETF_ETN,,,,,,,,UNMEASURED,False,
VGZ,AMEX,ELIGIBLE,2.75,4961683.206,1990578.1,1.0,0.7051,7.2,36.17,D-1,True,3047
VHAI,OTC,NOT_TRADABLE,,,,,,,,UNMEASURED,False,
VHAIW,OTC,NOT_TRADABLE,,,,,,,,UNMEASURED,False,
VHAQR,OTC,NOT_TRADABLE,,,,,,,,UNMEASURED,False,
VHC,NASDAQ,ELIGIBLE,10.36,1641391.053,142093.75,1.0,0.2487,8.62,216.98,D-1,True,3664
VHCP,NASDAQ,ELIGIBLE,10.06,377407.8275,37497.65,1.0,0.0,,,UNMEASURED,False,
VHCPU,NASDAQ,UNIT,,,,,,,,UNMEASURED,False,
VHCPW,NASDAQ,WARRANT,,,,,,,,UNMEASURED,False,
VHI,NYSE,ELIGIBLE,15.99,268523.4765,15295.3,1.0,0.0436,0.0,382.16,D-1,False,
VHT,ARCA,FUND_ETF_ETN,,,,,,,,UNMEASURED,False,
VHUB,NASDAQ,ELIGIBLE,0.5384,225322.97007999997,312735.65,1.0,0.2692,1.93,335.06,D-1,False,
VIA,NYSE,ELIGIBLE,29.41,24759319.575999998,890259.05,1.0,0.7103,8.36,45.38,D-1,True,2002
VIAG,BATS,FUND_ETF_ETN,,,,,,,,UNMEASURED,False,
VIAOY,OTC,NOT_TRADABLE,,,,,,,,UNMEASURED,False,
VIAV,NASDAQ,ELIGIBLE,40.68,187253209.0045,5147018.15,1.0,1.0,19.78,5.0,D-1,True,650
VICI,NYSE,ELIGIBLE,23.51,262725357.2555,10656545.5,1.0,1.0,6.22,4.29,D-1,True,488
VICR,NASDAQ,ELIGIBLE,281.96,198771106.188,902272.95,1.0,0.859,15.03,40.86,D-1,True,625
VIDA,AMEX,ELIGIBLE,1.73,362435.681,159483.55,1.0,0.0974,0.0,228.6,D-1,False,
VIDI,ARCA,NOT_SEC_REGISTRANT_TICKER,,,,,,,,UNMEASURED,False,
VIG,ARCA,FUND_ETF_ETN,,,,,,,,UNMEASURED,False,
VIGI,NASDAQ,FUND_ETF_ETN,,,,,,,,UNMEASURED,False,
VII,NYSE,ELIGIBLE,9.8378,662330.26468,67377.45,1.0,0.0,,10.17,D-1,False,
VII.U,NYSE,WARRANT,,,,,,,,UNMEASURED,False,
VII.WS,NYSE,MALFORMED_OR_NON_COMMON_SYMBOL,,,,,,,,UNMEASURED,False,
VIK,NYSE,ELIGIBLE,80.3,377035953.075,4489976.6,1.0,1.0,8.12,3.12,D-1,True,335
VINC,OTC,NOT_TRADABLE,,,,,,,,UNMEASURED,False,
VINO,OTC,NOT_TRADABLE,,,,,,,,UNMEASURED,False,
VINP,NASDAQ,ELIGIBLE,9.35,466199.92075000005,49131.55,1.0,0.0974,0.0,167.43,D-1,False,
VIOG,ARCA,FUND_ETF_ETN,,,,,,,,UNMEASURED,False,
VIOO,ARCA,FUND_ETF_ETN,,,,,,,,UNMEASURED,False,
VIOT,NASDAQ,ELIGIBLE,1.35,6302399.296864999,3856089.9,1.0,0.1744,0.0,74.07,D-1,True,2899
VIOV,ARCA,FUND_ETF_ETN,,,,,,,,UNMEASURED,False,
VIP,NASDAQ,ELIGIBLE,1.63,271735.0885,149241.15,1.0,0.2154,0.0,119.05,D-1,False,
VIPS,NYSE,ELIGIBLE,12.38,38838614.2445,3058150.3,1.0,0.9333,4.04,8.07,D-1,True,1678
VIR,NASDAQ,ELIGIBLE,10.66,24629741.65475,2252787.3,1.0,0.8462,4.71,14.16,D-1,True,2007
VIRC,NASDAQ,ELIGIBLE,6.5,170910.6555,27073.95,1.0,0.0667,0.0,119.03,D-1,False,
VIRT,NYSE,ELIGIBLE,53.4,60950157.05799999,1027330.5,1.0,0.9333,8.43,19.96,D-1,True,1338
VIS,ARCA,FUND_ETF_ETN,,,,,,,,UNMEASURED,False,
VISL,OTC,NOT_TRADABLE,,,,,,,,UNMEASURED,False,
VISN,NASDAQ,ELIGIBLE,6.22,61137232.17775001,9575286.35,1.0,0.9769,8.01,16.05,D-1,True,1334
VIST,NYSE,ELIGIBLE,67.43,90313997.8075,1218558.0,1.0,0.8564,7.4,20.75,D-1,True,1049
VITL,NASDAQ,ELIGIBLE,9.95,18115227.566,1679503.95,1.0,0.9026,9.18,24.68,D-1,True,2219
VIV,NYSE,ELIGIBLE,11.6,17585517.9005,1491332.1,1.0,0.8333,4.31,8.66,D-1,True,2234
VIVE,OTC,NOT_TRADABLE,,,,,,,,UNMEASURED,False,
VIVK,NASDAQ,ELIGIBLE,0.5351,4596009.999615,5263495.6,1.0,0.3769,0.0,57.55,D-1,False,
VIVO,NASDAQ,ELIGIBLE,4.12,1212091.378,308924.5,1.0,0.5026,0.0,60.93,D-1,True,3831
VIVS,NASDAQ,ELIGIBLE,0.224,240844.21306500002,924146.7,1.0,0.2538,0.0,46.44,D-1,False,
VIWWQ,OTC,NOT_TRADABLE,,,,,,,,UNMEASURED,False,
VIXM,BATS,FUND_ETF_ETN,,,,,,,,UNMEASURED,False,
VIXY,BATS,FUND_ETF_ETN,,,,,,,,UNMEASURED,False,
VKI,AMEX,ELIGIBLE,7.96,1037642.9557500001,123763.35,1.0,0.341,0.0,31.32,D-1,True,3911
VKQ,NYSE,ELIGIBLE,8.71,2369264.859,257687.2,1.0,0.4692,0.0,17.21,D-1,True,3457
VKTX,NASDAQ,ELIGIBLE,35.56,249467183.70900002,6730882.4,1.0,1.0,19.55,5.59,D-1,True,515
VLDXW,OTC,NOT_TRADABLE,,,,,,,,UNMEASURED,False,
VLGDF,OTC,NOT_TRADABLE,,,,,,,,UNMEASURED,False,
VLGEA,NASDAQ,ELIGIBLE,45.37,2170379.571,49253.65,1.0,0.159,0.0,122.92,D-1,True,3502
VLN,NYSE,ELIGIBLE,1.88,1178044.0584999998,681701.1,1.0,0.4949,0.0,53.19,D-1,True,3845
VLNWF,OTC,NOT_TRADABLE,,,,,,,,UNMEASURED,False,
VLO,NYSE,ELIGIBLE,387.18,1524550598.3135,3954923.0,1.0,0.9974,13.1,15.21,D-1,True,63
VLOS,NASDAQ,ELIGIBLE,10.68,142503.813,13330.55,1.0,0.0026,28.06,,UNMEASURED,False,
VLOSU,NASDAQ,UNIT,,,,,,,,UNMEASURED,False,
VLOSW,NASDAQ,WARRANT,,,,,,,,UNMEASURED,False,
VLRS,NYSE,ELIGIBLE,6.88,2384849.51,359543.5,1.0,0.4744,0.0,14.72,D-1,True,3455
VLT,NYSE,ELIGIBLE,9.14,288766.63006,30390.05,1.0,0.1385,0.0,38.49,D-1,False,
VLTO,NYSE,ELIGIBLE,97.14,171360763.728,1784034.1,1.0,0.9051,3.48,9.3,D-1,True,698
VLU,ARCA,FUND_ETF_ETN,,,,,,,,UNMEASURED,False,
VLUE,BATS,FUND_ETF_ETN,,,,,,,,UNMEASURED,False,
VLVLY,OTC,NOT_LISTED_EXCHANGE,,,,,,,,UNMEASURED,False,
VLY,NASDAQ,ELIGIBLE,13.08,90092037.48725,6644202.95,1.0,0.9974,3.83,7.64,D-1,True,1050
VLYPN,NASDAQ,PREFERRED,,,,,,,,UNMEASURED,False,
VLYPO,NASDAQ,PREFERRED,,,,,,,,UNMEASURED,False,
VLYPP,NASDAQ,PREFERRED,,,,,,,,UNMEASURED,False,
VMAR,NASDAQ,ELIGIBLE,7.83,455701.39625000005,57634.75,1.0,0.0667,0.0,385.56,D-1,False,
VMAX,BATS,FUND_ETF_ETN,,,,,,,,UNMEASURED,False,
VMBS,NASDAQ,FUND_ETF_ETN,,,,,,,,UNMEASURED,False,
VMC,NYSE,ELIGIBLE,245.0,298977702.6145,1187845.95,1.0,0.9897,6.12,7.95,D-1,True,432
VMCWF,OTC,NOT_TRADABLE,,,,,,,,UNMEASURED,False,
VMD,NASDAQ,ELIGIBLE,8.91,2407205.1755,271606.45,1.0,0.4513,0.0,16.92,D-1,True,3450
VMET,NASDAQ,ELIGIBLE,9.15,2966171.105,304293.35,1.0,0.4436,0.0,32.8,D-1,True,3332
VMHY,NASDAQ,FUND_ETF_ETN,,,,,,,,UNMEASURED,False,
VMI,NYSE,ELIGIBLE,466.83,86611852.198,183332.6,1.0,0.6769,6.4,50.8,D-1,True,1077
VMO,NYSE,ELIGIBLE,8.63,3163663.112,345889.65,1.0,0.6923,0.0,17.55,D-1,True,3299
VMRK,NYSE,ELIGIBLE,61.51,407687093.615,6382337.9,1.0,0.9974,4.92,4.92,D-1,True,309
VMSB,ARCA,FUND_ETF_ETN,,,,,,,,UNMEASURED,False,
VMSD,NASDAQ,FUND_ETF_ETN,,,,,,,,UNMEASURED,False,
VNAM,ARCA,FUND_ETF_ETN,,,,,,,,UNMEASURED,False,
VNCE,NASDAQ,ELIGIBLE,11.5,4847441.152000001,569634.65,1.0,0.6872,31.37,93.77,D-1,True,3071
VNDA,NASDAQ,ELIGIBLE,5.05,3955790.1925,763528.3,1.0,0.6846,0.0,20.1,D-1,True,3185
VNET,NASDAQ,ELIGIBLE,6.64,24902381.73525,3812148.4,1.0,0.9872,15.02,15.12,D-1,True,1997
VNIE,ARCA,FUND_ETF_ETN,,,,,,,,UNMEASURED,False,
VNLA,ARCA,FUND_ETF_ETN,,,,,,,,UNMEASURED,False,
VNM,BATS,FUND_ETF_ETN,,,,,,,,UNMEASURED,False,
VNME,NASDAQ,ELIGIBLE,10.27,244446.43,23777.95,1.0,0.0051,0.0,,UNMEASURED,False,
VNMEU,NASDAQ,UNIT,,,,,,,,UNMEASURED,False,
VNMEW,NASDAQ,WARRANT,,,,,,,,UNMEASURED,False,
VNO,NYSE,ELIGIBLE,34.73,46734319.73,1322102.35,1.0,0.8308,2.88,7.24,D-1,True,1541
VNO.PRL,NYSE,MALFORMED_OR_NON_COMMON_SYMBOL,,,,,,,,UNMEASURED,False,
VNO.PRM,NYSE,MALFORMED_OR_NON_COMMON_SYMBOL,,,,,,,,UNMEASURED,False,
VNO.PRN,NYSE,MALFORMED_OR_NON_COMMON_SYMBOL,,,,,,,,UNMEASURED,False,
VNO.PRO,NYSE,MALFORMED_OR_NON_COMMON_SYMBOL,,,,,,,,UNMEASURED,False,
VNOM,NASDAQ,ELIGIBLE,40.93,77086428.656,1789499.75,1.0,0.9564,4.86,4.86,D-1,True,1156
VNQ,ARCA,FUND_ETF_ETN,,,,,,,,UNMEASURED,False,
VNQI,NASDAQ,FUND_ETF_ETN,,,,,,,,UNMEASURED,False,
VNRX,AMEX,ELIGIBLE,0.259,1373553.72635,4126886.2,1.0,0.7154,21.51,96.24,D-1,False,
VNSE,ARCA,FUND_ETF_ETN,,,,,,,,UNMEASURED,False,
VNT,NYSE,ELIGIBLE,31.48,41485164.917,1298870.95,1.0,0.8359,3.2,8.04,D-1,True,1630
VNTG,AMEX,ELIGIBLE,0.729,169487.28770000002,261259.7,1.0,0.1795,1.39,302.97,D-1,False,
VNTRF,OTC,NOT_TRADABLE,,,,,,,,UNMEASURED,False,
VO,ARCA,FUND_ETF_ETN,,,,,,,,UNMEASURED,False,
VOC,NYSE,ELIGIBLE,3.41,169575.032,50269.6,1.0,0.0795,0.0,44.09,D-1,False,
VOD,NASDAQ,ELIGIBLE,16.62,53673036.147,3178087.3,1.0,0.8872,3.01,6.03,D-1,True,1435
VOE,ARCA,FUND_ETF_ETN,,,,,,,,UNMEASURED,False,
VOGX,NASDAQ,ELIGIBLE,22.73,4747044.945499999,151685.4,1.0,0.1564,0.0,709.93,D-1,True,3088
VOLT,NASDAQ,FUND_ETF_ETN,,,,,,,,UNMEASURED,False,
VONE,NASDAQ,FUND_ETF_ETN,,,,,,,,UNMEASURED,False,
VONG,NASDAQ,FUND_ETF_ETN,,,,,,,,UNMEASURED,False,
VONOY,OTC,NOT_LISTED_EXCHANGE,,,,,,,,UNMEASURED,False,
VONV,NASDAQ,FUND_ETF_ETN,,,,,,,,UNMEASURED,False,
VOO,ARCA,FUND_ETF_ETN,,,,,,,,UNMEASURED,False,
VOOB,NASDAQ,FUND_ETF_ETN,,,,,,,,UNMEASURED,False,
VOOG,ARCA,FUND_ETF_ETN,,,,,,,,UNMEASURED,False,
VOOV,ARCA,FUND_ETF_ETN,,,,,,,,UNMEASURED,False,
VOOY,ARCA,FUND_ETF_ETN,,,,,,,,UNMEASURED,False,
VOR,NASDAQ,ELIGIBLE,18.52,27248414.85025,1257481.45,1.0,0.8205,8.2,23.34,D-1,True,1922
VORBQ,OTC,NOT_TRADABLE,,,,,,,,UNMEASURED,False,
VOT,ARCA,FUND_ETF_ETN,,,,,,,,UNMEASURED,False,
VOTE,NASDAQ,FUND_ETF_ETN,,,,,,,,UNMEASURED,False,
VOX,ARCA,FUND_ETF_ETN,,,,,,,,UNMEASURED,False,
VOXP,BATS,FUND_ETF_ETN,,,,,,,,UNMEASURED,False,
VOXR,NASDAQ,ELIGIBLE,5.44,2225648.052,394837.85,1.0,0.4256,0.0,18.35,D-1,True,3490
VOYA,NYSE,ELIGIBLE,97.27,121849226.3705,1203920.5,1.0,0.7513,1.55,13.48,D-1,True,885
VOYA.PRB,NYSE,MALFORMED_OR_NON_COMMON_SYMBOL,,,,,,,,UNMEASURED,False,
VOYG,NYSE,ELIGIBLE,31.35,76854104.1525,2317598.5,1.0,0.9641,12.73,25.55,D-1,True,1158
VPC,ARCA,FUND_ETF_ETN,,,,,,,,UNMEASURED,False,
VPFF,ARCA,FUND_ETF_ETN,,,,,,,,UNMEASURED,False,
VPG,NYSE,ELIGIBLE,71.63,21523279.3675,335262.15,1.0,0.6205,6.93,43.66,D-1,True,2100
VPL,ARCA,FUND_ETF_ETN,,,,,,,,UNMEASURED,False,
VPLS,NASDAQ,FUND_ETF_ETN,,,,,,,,UNMEASURED,False,
VPU,ARCA,FUND_ETF_ETN,,,,,,,,UNMEASURED,False,
VPV,NYSE,ELIGIBLE,10.61,337266.7605,30813.55,1.0,0.1487,0.0,98.85,D-1,False,
VPX,ARCA,FUND_ETF_ETN,,,,,,,,UNMEASURED,False,
VQSSF,OTC,NOT_TRADABLE,,,,,,,,UNMEASURED,False,
VRA,NASDAQ,ELIGIBLE,4.025,3731191.4832499996,929725.4,1.0,0.341,0.0,73.89,D-1,True,3214
VRAI,ARCA,FUND_ETF_ETN,,,,,,,,UNMEASURED,False,
VRAX,NASDAQ,ELIGIBLE,2.395,90126.2015,34677.4,1.0,0.0718,0.0,340.49,D-1,False,
VRC,BATS,FUND_ETF_ETN,,,,,,,,UNMEASURED,False,
VRCA,NASDAQ,ELIGIBLE,4.37,356334.5875,70133.8,1.0,0.3513,0.0,102.08,D-1,False,
VRDN,NASDAQ,ELIGIBLE,20.47,36315374.015,1647696.75,1.0,0.9051,7.34,14.71,D-1,True,1733
VREX,NASDAQ,ELIGIBLE,18.45,13139658.9125,710783.0,1.0,0.6103,0.0,5.42,D-1,True,2437
VRIG,NASDAQ,FUND_ETF_ETN,,,,,,,,UNMEASURED,False,
VRM,NASDAQ,ELIGIBLE,9.66,705824.667,66755.75,1.0,0.0128,0.0,,UNMEASURED,False,
VRME,NASDAQ,ELIGIBLE,0.9599,9792990.822515,7960035.5,1.0,0.9231,42.96,116.13,D-1,False,
VRMWW,OTC,NOT_TRADABLE,,,,,,,,UNMEASURED,False,
VRNS,NASDAQ,ELIGIBLE,46.25,96893079.84375,2086572.6,1.0,0.841,6.41,12.82,D-1,True,1016
VRP,ARCA,FUND_ETF_ETN,,,,,,,,UNMEASURED,False,
VRPX,OTC,NOT_TRADABLE,,,,,,,,UNMEASURED,False,
VRRM,NASDAQ,ELIGIBLE,3.24,25399202.1505,6990288.05,1.0,0.9692,15.33,30.82,D-1,True,1977
VRSK,NASDAQ,ELIGIBLE,169.21,220829790.225,1230175.0,1.0,0.941,6.74,15.58,D-1,True,564
VRSN,NASDAQ,ELIGIBLE,287.25,219445292.919,745371.7,1.0,0.8026,2.96,22.46,D-1,True,568
VRT,NYSE,ELIGIBLE,253.28,1358484760.0879998,5373758.3,1.0,1.0,12.3,5.96,D-1,True,76
VRTL,NASDAQ,FUND_ETF_ETN,,,,,,,,UNMEASURED,False,
VRTS,NYSE,ELIGIBLE,130.58,19386641.856,137904.4,1.0,0.1769,0.76,58.79,D-1,True,2173
VRTX,NASDAQ,ELIGIBLE,526.19,547179345.885,1039465.7,1.0,0.9282,4.82,20.61,D-1,True,218
VRXA,NASDAQ,ELIGIBLE,1.41,565062.6144999999,346036.9,1.0,0.0769,0.0,248.41,D-1,False,
VRXAW,NASDAQ,WARRANT,,,,,,,,UNMEASURED,False,
VRYWF,OTC,NOT_TRADABLE,,,,,,,,UNMEASURED,False,
VS,NASDAQ,ELIGIBLE,1.07,17348.57167,15539.1,1.0,0.0333,0.0,,UNMEASURED,False,
VSA,NASDAQ,ELIGIBLE,2.74,3099088.386425,871165.5,1.0,0.3487,0.0,368.58,D-1,True,3309
VSAT,NASDAQ,ELIGIBLE,73.02,125760343.24700001,1724031.65,1.0,0.7308,4.61,15.57,D-1,True,858
VSDA,NASDAQ,FUND_ETF_ETN,,,,,,,,UNMEASURED,False,
VSDB,BATS,FUND_ETF_ETN,,,,,,,,UNMEASURED,False,
VSDM,BATS,FUND_ETF_ETN,,,,,,,,UNMEASURED,False,
VSEC,NASDAQ,ELIGIBLE,180.77,70824845.859,376815.45,1.0,0.3795,0.82,55.76,D-1,True,1223
VSECU,NASDAQ,UNIT,,,,,,,,UNMEASURED,False,
VSEEW,OTC,NOT_TRADABLE,,,,,,,,UNMEASURED,False,
VSGX,BATS,FUND_ETF_ETN,,,,,,,,UNMEASURED,False,
VSH,NYSE,ELIGIBLE,32.55,110334747.7835,3517347.1,1.0,0.9821,9.19,15.25,D-1,True,935
VSHY,ARCA,FUND_ETF_ETN,,,,,,,,UNMEASURED,False,
VSLU,ARCA,FUND_ETF_ETN,,,,,,,,UNMEASURED,False,
VSME,NASDAQ,ELIGIBLE,1.0,2353242.575095,2059170.7,1.0,0.4615,249.48,243.69,D-1,True,3461
VSMV,NASDAQ,FUND_ETF_ETN,,,,,,,,UNMEASURED,False,
VSNT,NASDAQ,ELIGIBLE,32.8,63199506.265250005,1709870.35,1.0,0.9436,4.53,15.0,D-1,True,1303
VSOL,NASDAQ,FUND_ETF_ETN,,,,,,,,UNMEASURED,False,
VSS,ARCA,FUND_ETF_ETN,,,,,,,,UNMEASURED,False,
VST,NYSE,ELIGIBLE,138.46,643538208.301,4508663.4,1.0,1.0,9.29,6.56,D-1,True,183
VSTD,OTC,NOT_TRADABLE,,,,,,,,UNMEASURED,False,
VSTL,NASDAQ,FUND_ETF_ETN,,,,,,,,UNMEASURED,False,
VSTM,NASDAQ,ELIGIBLE,7.74,18957023.366,2434455.35,1.0,0.8974,6.46,12.88,D-1,True,2187
VSTS,NYSE,ELIGIBLE,13.65,22039350.992,1646855.55,1.0,0.8744,7.12,10.78,D-1,True,2078
VSTTF,OTC,NOT_TRADABLE,,,,,,,,UNMEASURED,False,
VSTWF,OTC,NOT_TRADABLE,,,,,,,,UNMEASURED,False,
VSXY,NYSE,ELIGIBLE,82.91,173223421.07999998,2218141.0,1.0,0.759,7.13,27.34,D-1,True,695
VT,ARCA,FUND_ETF_ETN,,,,,,,,UNMEASURED,False,
VTAK,AMEX,ELIGIBLE,0.1537,259969.661235,1578960.25,1.0,0.1744,0.0,363.23,D-1,False,
VTC,NASDAQ,FUND_ETF_ETN,,,,,,,,UNMEASURED,False,
VTEB,ARCA,FUND_ETF_ETN,,,,,,,,UNMEASURED,False,
VTEC,BATS,FUND_ETF_ETN,,,,,,,,UNMEASURED,False,
VTEI,BATS,FUND_ETF_ETN,,,,,,,,UNMEASURED,False,
VTEL,BATS,FUND_ETF_ETN,,,,,,,,UNMEASURED,False,
VTES,ARCA,FUND_ETF_ETN,,,,,,,,UNMEASURED,False,
VTEX,NYSE,ELIGIBLE,3.61,2550213.4235,707404.2,1.0,0.6692,0.0,27.78,D-1,True,3415
VTG,ARCA,FUND_ETF_ETN,,,,,,,,UNMEASURED,False,
VTGN,NASDAQ,ELIGIBLE,0.273,11109389.503649998,30638144.25,1.0,0.9231,33.08,101.84,D-1,False,
VTHR,NASDAQ,FUND_ETF_ETN,,,,,,,,UNMEASURED,False,
VTI,ARCA,FUND_ETF_ETN,,,,,,,,UNMEASURED,False,
VTIP,NASDAQ,FUND_ETF_ETN,,,,,,,,UNMEASURED,False,
VTIX,NASDAQ,ELIGIBLE,1.17,342421.57384,297530.75,1.0,0.2026,0.0,171.68,D-1,False,
VTMX,NYSE,ELIGIBLE,32.97,2030026.5350000001,60160.95,1.0,0.1282,0.0,27.27,D-1,True,3550
VTN,NYSE,ELIGIBLE,9.4,510358.643905,51040.55,1.0,0.1974,0.0,48.13,D-1,False,
VTNRQ,OTC,NOT_TRADABLE,,,,,,,,UNMEASURED,False,
VTOL,NYSE,ELIGIBLE,42.62,13854967.752500001,323390.9,1.0,0.3026,0.0,50.87,D-1,True,2395
VTP,ARCA,FUND_ETF_ETN,,,,,,,,UNMEASURED,False,
VTR,NYSE,ELIGIBLE,86.59,343427260.421,3871147.6,1.0,0.9872,4.67,4.66,D-1,True,373
VTRBY,OTC,NOT_TRADABLE,,,,,,,,UNMEASURED,False,
VTRS,NASDAQ,ELIGIBLE,17.83,141177698.57450002,8356194.55,1.0,0.9974,5.76,5.69,D-1,True,798
VTS,NYSE,ELIGIBLE,16.75,10244501.455500001,579306.65,1.0,0.5513,0.0,14.92,D-1,True,2603
VTSI,NASDAQ,ELIGIBLE,2.86,58664.4575,19853.75,1.0,0.0385,0.0,104.89,D-1,False,
VTV,ARCA,FUND_ETF_ETN,,,,,,,,UNMEASURED,False,
VTVT,NASDAQ,ELIGIBLE,30.21,1276853.3275000001,40193.0,1.0,0.1282,0.0,171.03,D-1,True,3799
VTWG,NASDAQ,FUND_ETF_ETN,,,,,,,,UNMEASURED,False,
VTWO,NASDAQ,FUND_ETF_ETN,,,,,,,,UNMEASURED,False,
VTWV,NASDAQ,FUND_ETF_ETN,,,,,,,,UNMEASURED,False,
VUG,ARCA,FUND_ETF_ETN,,,,,,,,UNMEASURED,False,
VUS,ARCA,FUND_ETF_ETN,,,,,,,,UNMEASURED,False,
VUSB,BATS,FUND_ETF_ETN,,,,,,,,UNMEASURED,False,
VUSE,ARCA,FUND_ETF_ETN,,,,,,,,UNMEASURED,False,
VUSG,BATS,FUND_ETF_ETN,,,,,,,,UNMEASURED,False,
VUSI,ARCA,FUND_ETF_ETN,,,,,,,,UNMEASURED,False,
VUSV,BATS,FUND_ETF_ETN,,,,,,,,UNMEASURED,False,
VUZI,NASDAQ,ELIGIBLE,2.94,1903501.73675,711696.5,1.0,0.7462,0.35,35.98,D-1,True,3581
VV,ARCA,FUND_ETF_ETN,,,,,,,,UNMEASURED,False,
VVOS,NASDAQ,ELIGIBLE,0.1407,6141385.99519,31953844.1,1.0,0.3436,0.0,52.67,D-1,False,
VVR,NYSE,ELIGIBLE,2.89,2229617.85,766911.95,1.0,0.9154,0.0,34.78,D-1,True,3485
VVV,NYSE,ELIGIBLE,28.92,77229841.913,2650542.35,1.0,0.9615,5.18,8.72,D-1,True,1155
VVX,NYSE,ELIGIBLE,75.65,55536425.278,736864.5,1.0,0.4179,1.31,38.41,D-1,True,1413
VWAGY,OTC,NOT_LISTED_EXCHANGE,,,,,,,,UNMEASURED,False,
VWAPY,OTC,NOT_LISTED_EXCHANGE,,,,,,,,UNMEASURED,False,
VWAV,NASDAQ,ELIGIBLE,4.87,1734600.9528,216855.6,1.0,0.4436,0.0,39.18,D-1,True,3628
VWAVW,NASDAQ,WARRANT,,,,,,,,UNMEASURED,False,
VWDRY,OTC,NOT_LISTED_EXCHANGE,,,,,,,,UNMEASURED,False,
VWESQ,OTC,NOT_TRADABLE,,,,,,,,UNMEASURED,False,
VWEWQ,OTC,NOT_TRADABLE,,,,,,,,UNMEASURED,False,
VWO,ARCA,FUND_ETF_ETN,,,,,,,,UNMEASURED,False,
VWOB,NASDAQ,FUND_ETF_ETN,,,,,,,,UNMEASURED,False,
VXF,ARCA,FUND_ETF_ETN,,,,,,,,UNMEASURED,False,
VXIT,OTC,NOT_TRADABLE,,,,,,,,UNMEASURED,False,
VXRT,OTC,NOT_TRADABLE,,,,,,,,UNMEASURED,False,
VXUS,NASDAQ,FUND_ETF_ETN,,,,,,,,UNMEASURED,False,
VXX,BATS,FUND_ETF_ETN,,,,,,,,UNMEASURED,False,
VXZ,BATS,FUND_ETF_ETN,,,,,,,,UNMEASURED,False,
VYGR,NASDAQ,ELIGIBLE,2.68,1582580.5459999999,503412.55,1.0,0.7487,0.0,37.26,D-1,True,3677
VYLD,ARCA,FUND_ETF_ETN,,,,,,,,UNMEASURED,False,
VYM,ARCA,FUND_ETF_ETN,,,,,,,,UNMEASURED,False,
VYMI,NASDAQ,FUND_ETF_ETN,,,,,,,,UNMEASURED,False,
VYNT,OTC,NOT_TRADABLE,,,,,,,,UNMEASURED,False,
VYX,NYSE,ELIGIBLE,7.07,25072933.2625,3192813.75,1.0,0.9487,7.0,14.01,D-1,True,1993
VZ,NYSE,ELIGIBLE,47.08,1042255994.334,21231082.3,1.0,1.0,5.29,2.12,D-1,True,100
VZLA,AMEX,ELIGIBLE,3.95,19516472.786000002,4871540.4,1.0,0.8897,12.64,25.35,D-1,True,2167
W,NYSE,ELIGIBLE,98.15,241952972.23299998,2409386.25,1.0,0.9692,10.19,14.9,D-1,True,527
WAB,NYSE,ELIGIBLE,288.0,222735326.42800003,786829.75,1.0,0.7615,2.44,16.42,D-1,True,562
WABC,NASDAQ,ELIGIBLE,60.67,14637977.2785,245166.55,1.0,0.3487,0.0,21.54,D-1,True,2361
WABF,NASDAQ,FUND_ETF_ETN,,,,,,,,UNMEASURED,False,
WAFD,NASDAQ,ELIGIBLE,31.35,44186971.932,1336360.5,1.0,0.8897,3.18,7.99,D-1,True,1592
WAFDP,NASDAQ,DEPOSITARY_NON_ADR,,,,,,,,UNMEASURED,False,
WAFU,NASDAQ,ELIGIBLE,1.49,2951835.0845,2041275.1,1.0,0.1718,0.0,329.82,D-1,True,3337
WAGN,ARCA,FUND_ETF_ETN,,,,,,,,UNMEASURED,False,
WAL,NYSE,ELIGIBLE,77.61,87675611.861,1116459.7,1.0,0.9103,5.76,16.73,D-1,True,1066
WAL.PRA,NYSE,MALFORMED_OR_NON_COMMON_SYMBOL,,,,,,,,UNMEASURED,False,
WALD,NASDAQ,ELIGIBLE,1.03,401489.8175,343661.45,1.0,0.4462,0.0,97.09,D-1,False,
WALDW,NASDAQ,WARRANT,,,,,,,,UNMEASURED,False,
WAMA,NASDAQ,FUND_ETF_ETN,,,,,,,,UNMEASURED,False,
WANT,ARCA,FUND_ETF_ETN,,,,,,,,UNMEASURED,False,
WAR,ARCA,FUND_ETF_ETN,,,,,,,,UNMEASURED,False,
WARP,NASDAQ,FUND_ETF_ETN,,,,,,,,UNMEASURED,False,
WASH,NASDAQ,ELIGIBLE,38.86,5456758.0655000005,138581.3,1.0,0.1744,0.0,39.73,D-1,True,3000
WAT,NYSE,ELIGIBLE,433.54,274111618.6545,656817.3,1.0,0.9,5.85,16.3,D-1,True,462
WATR,NASDAQ,ELIGIBLE,1.88,229020.3935,116908.85,1.0,0.3385,41.65,230.84,D-1,False,
WATS,BATS,FUND_ETF_ETN,,,,,,,,UNMEASURED,False,
WATT,NASDAQ,ELIGIBLE,13.95,1780993.5384999998,151647.5,1.0,0.3564,0.0,131.16,D-1,True,3613
WAVE,NASDAQ,ELIGIBLE,6.05,128746.86791,21793.55,1.0,0.0231,0.0,,UNMEASURED,False,
WAY,NASDAQ,ELIGIBLE,24.7,52020959.535500005,2033949.4,1.0,0.9205,6.07,12.21,D-1,True,1466
WB,NASDAQ,ELIGIBLE,6.49,7228332.041750001,1083372.15,1.0,0.8718,0.0,15.38,D-1,True,2813
WBD,NASDAQ,ELIGIBLE,30.86,1210442230.696,40515774.2,1.0,1.0,1.95,3.24,D-1,True,89
WBEVQ,OTC,NOT_TRADABLE,,,,,,,,UNMEASURED,False,
WBI,NYSE,ELIGIBLE,29.8,21665178.589,694009.6,1.0,0.5923,0.0,23.58,D-1,True,2096
WBIF,ARCA,FUND_ETF_ETN,,,,,,,,UNMEASURED,False,
WBIG,ARCA,FUND_ETF_ETN,,,,,,,,UNMEASURED,False,
WBIL,ARCA,FUND_ETF_ETN,,,,,,,,UNMEASURED,False,
WBIY,NYSE,FUND_ETF_ETN,,,,,,,,UNMEASURED,False,
WBTN,NASDAQ,ELIGIBLE,11.04,4310045.6585,408526.55,1.0,0.3308,0.0,22.68,D-1,True,3140
WBUY,NASDAQ,ELIGIBLE,0.8321,1932065.9897299998,2141667.7,1.0,0.0769,0.0,291.09,D-1,False,
WBX,NYSE,ELIGIBLE,2.85,48926.27975,15577.5,1.0,0.0308,0.0,587.88,D-1,False,
WBXWF,OTC,NOT_TRADABLE,,,,,,,,UNMEASURED,False,
WCAP,ARCA,FUND_ETF_ETN,,,,,,,,UNMEASURED,False,
WCBR,NASDAQ,FUND_ETF_ETN,,,,,,,,UNMEASURED,False,
WCC,NYSE,ELIGIBLE,367.44,167132963.9985,481566.9,1.0,0.7436,2.17,18.14,D-1,True,710
WCCB,NASDAQ,ELIGIBLE,60.71,1224597.58,20361.875,0.4,0.1256,0.0,29.52,D-1,True,3824
WCEO,ARCA,FUND_ETF_ETN,,,,,,,,UNMEASURED,False,
WCLD,NASDAQ,FUND_ETF_ETN,,,,,,,,UNMEASURED,False,
WCME,ARCA,FUND_ETF_ETN,,,,,,,,UNMEASURED,False,
WCMG,ARCA,FUND_ETF_ETN,,,,,,,,UNMEASURED,False,
WCMI,ARCA,FUND_ETF_ETN,,,,,,,,UNMEASURED,False,
WCN,NYSE,ELIGIBLE,155.56,182404607.752,1145383.8,1.0,0.9564,3.52,7.38,D-1,True,668
WCPB,ARCA,FUND_ETF_ETN,,,,,,,,UNMEASURED,False,
WCPRF,OTC,NOT_TRADABLE,,,,,,,,UNMEASURED,False,
WCT,NASDAQ,ELIGIBLE,7.93,6236535.7815,878890.2,1.0,0.3385,12.82,41.81,D-1,True,2905
WD,NYSE,ELIGIBLE,37.98,19413687.770000003,489489.85,1.0,0.6385,1.33,34.8,D-1,True,2172
WDAF,NASDAQ,FUND_ETF_ETN,,,,,,,,UNMEASURED,False,
WDAI,BATS,FUND_ETF_ETN,,,,,,,,UNMEASURED,False,
WDAY,NASDAQ,ELIGIBLE,189.45,607572295.949,3109654.0,1.0,0.9641,5.26,11.54,D-1,True,195
WDC,NASDAQ,ELIGIBLE,456.81,2885280044.981,6446734.75,1.0,1.0,16.91,10.01,D-1,True,27
WDCC,BATS,FUND_ETF_ETN,,,,,,,,UNMEASURED,False,
WDCX,BATS,FUND_ETF_ETN,,,,,,,,UNMEASURED,False,
WDE,BATS,FUND_ETF_ETN,,,,,,,,UNMEASURED,False,
WDEF,ARCA,FUND_ETF_ETN,,,,,,,,UNMEASURED,False,
WDFC,NASDAQ,ELIGIBLE,199.17,24635793.2925,124164.5,1.0,0.1179,0.0,51.25,D-1,True,2006
WDGF,NASDAQ,FUND_ETF_ETN,,,,,,,,UNMEASURED,False,
WDH,NYSE,RIGHT,,,,,,,,UNMEASURED,False,
WDI,NYSE,FUND_ETF_ETN,,,,,,,,UNMEASURED,False,
WDIG,BATS,FUND_ETF_ETN,,,,,,,,UNMEASURED,False,
WDIV,ARCA,FUND_ETF_ETN,,,,,,,,UNMEASURED,False,
WDNA,BATS,FUND_ETF_ETN,,,,,,,,UNMEASURED,False,
WDRN,BATS,FUND_ETF_ETN,,,,,,,,UNMEASURED,False,
WDS,NYSE,ELIGIBLE,22.04,14820161.704499999,636000.35,1.0,0.8308,2.26,6.79,D-1,True,2350
WDTE,ARCA,FUND_ETF_ETN,,,,,,,,UNMEASURED,False,
WEA,NYSE,FUND_ETF_ETN,,,,,,,,UNMEASURED,False,
WEAT,ARCA,FUND_ETF_ETN,,,,,,,,UNMEASURED,False,
WEAV,NYSE,ELIGIBLE,7.35,15848878.591,2166253.4,1.0,0.8282,6.78,13.6,D-1,True,2297
WEBL,ARCA,FUND_ETF_ETN,,,,,,,,UNMEASURED,False,
WEBS,ARCA,FUND_ETF_ETN,,,,,,,,UNMEASURED,False,
WEBX,BATS,FUND_ETF_ETN,,,,,,,,UNMEASURED,False,
WEC,NYSE,ELIGIBLE,101.45,272416156.1665,2616041.9,1.0,0.9923,3.99,3.97,D-1,True,467
WEED,BATS,FUND_ETF_ETN,,,,,,,,UNMEASURED,False,
WEEI,NASDAQ,FUND_ETF_ETN,,,,,,,,UNMEASURED,False,
WEEK,BATS,FUND_ETF_ETN,,,,,,,,UNMEASURED,False,
WEEL,ARCA,FUND_ETF_ETN,,,,,,,,UNMEASURED,False,
WEGRY,OTC,NOT_LISTED_EXCHANGE,,,,,,,,UNMEASURED,False,
WEICY,OTC,NOT_LISTED_EXCHANGE,,,,,,,,UNMEASURED,False,
WEJOF,OTC,NOT_TRADABLE,,,,,,,,UNMEASURED,False,
WELD,ARCA,FUND_ETF_ETN,,,,,,,,UNMEASURED,False,
WELL,NYSE,ELIGIBLE,231.37,659923371.5765,2816013.85,1.0,0.9795,6.06,7.13,D-1,True,180
WEN,NASDAQ,ELIGIBLE,6.55,44235897.363,5988538.35,1.0,0.9974,13.33,15.28,D-1,True,1590
WENC,NYSE,ELIGIBLE,10.0,55991.883010000005,5602.3,1.0,0.0,,49.93,D-1,False,
WENC.RT,NYSE,MALFORMED_OR_NON_COMMON_SYMBOL,,,,,,,,UNMEASURED,False,
WENC.U,NYSE,RIGHT,,,,,,,,UNMEASURED,False,
WENN,NASDAQ,ELIGIBLE,10.41,461347.170915,44388.3,1.0,0.0,,,UNMEASURED,False,
WENNU,NASDAQ,UNIT,,,,,,,,UNMEASURED,False,
WENNW,NASDAQ,WARRANT,,,,,,,,UNMEASURED,False,
WEPN,ARCA,FUND_ETF_ETN,,,,,,,,UNMEASURED,False,
WERN,NASDAQ,ELIGIBLE,32.89,31562724.75625,861140.4,1.0,0.8205,4.52,6.02,D-1,True,1815
WES,NYSE,ELIGIBLE,45.6,40068748.4385,841191.8,1.0,0.8154,2.22,9.95,D-1,True,1659
WEST,NASDAQ,ELIGIBLE,8.09,2419437.2375,308194.25,1.0,0.3795,0.0,37.2,D-1,True,3447
WETH,NASDAQ,ELIGIBLE,1.04,68356.14817500001,62959.45,1.0,0.0795,0.0,,UNMEASURED,False,
WETO,NASDAQ,ELIGIBLE,1.71,29631871.043,8974094.0,1.0,0.8359,29.34,58.48,D-1,True,1863
WEX,NYSE,ELIGIBLE,178.28,107851304.8625,564135.5,1.0,0.7,4.48,21.02,D-1,True,948
WEYS,NASDAQ,ELIGIBLE,47.44,1318962.3725,29228.65,1.0,0.0821,0.0,292.97,D-1,True,3774
WF,NYSE,ELIGIBLE,78.03,6183723.1835,80192.85,1.0,0.159,0.0,42.33,D-1,True,2908
WFAFY,OTC,NOT_LISTED_EXCHANGE,,,,,,,,UNMEASURED,False,
WFC,NYSE,ELIGIBLE,82.97,1249344477.1985002,14349988.45,1.0,1.0,6.03,1.82,D-1,True,84
WFC.PRA,NYSE,MALFORMED_OR_NON_COMMON_SYMBOL,,,,,,,,UNMEASURED,False,
WFC.PRC,NYSE,MALFORMED_OR_NON_COMMON_SYMBOL,,,,,,,,UNMEASURED,False,
WFC.PRD,NYSE,MALFORMED_OR_NON_COMMON_SYMBOL,,,,,,,,UNMEASURED,False,
WFC.PRL,NYSE,MALFORMED_OR_NON_COMMON_SYMBOL,,,,,,,,UNMEASURED,False,
WFC.PRY,NYSE,MALFORMED_OR_NON_COMMON_SYMBOL,,,,,,,,UNMEASURED,False,
WFC.PRZ,NYSE,MALFORMED_OR_NON_COMMON_SYMBOL,,,,,,,,UNMEASURED,False,
WFCF,NASDAQ,ELIGIBLE,10.7919,53754.521035,4049.7,1.0,0.0026,0.0,,UNMEASURED,False,
WFF,NASDAQ,ELIGIBLE,2.4,1445921.386,679094.5,1.0,0.7846,44.69,67.26,D-1,True,3718
WFG,NYSE,ELIGIBLE,71.68,16676288.628999999,237859.65,1.0,0.4692,0.7,44.95,D-1,True,2261
WFRD,NASDAQ,ELIGIBLE,85.08,97872042.78999999,1102096.85,1.0,0.8051,5.32,22.32,D-1,True,1005
WGMI,NASDAQ,FUND_ETF_ETN,,,,,,,,UNMEASURED,False,
WGO,NYSE,ELIGIBLE,27.15,15909415.514500001,564140.45,1.0,0.5974,1.87,18.52,D-1,True,2295
WGS,NASDAQ,ELIGIBLE,88.4,62643059.494500004,690411.85,1.0,0.5641,6.2,44.41,D-1,True,1313
WH,NYSE,ELIGIBLE,69.99,85908269.6795,1235965.0,1.0,0.8641,3.24,10.1,D-1,True,1085
WHD,NYSE,ELIGIBLE,64.3,57064858.96699999,833991.8,1.0,0.6333,1.56,15.51,D-1,True,1394
WHF,NASDAQ,ELIGIBLE,7.04,749302.824,104108.15,1.0,0.1923,0.0,64.14,D-1,False,
WHFCL,NASDAQ,NOTE_DEBT,,,,,,,,UNMEASURED,False,
WHG,NYSE,ELIGIBLE,19.03,371694.624,19669.05,1.0,0.0513,1.31,151.36,D-1,False,
WHGLY,OTC,NOT_LISTED_EXCHANGE,,,,,,,,UNMEASURED,False,
WHK,NYSE,ELIGIBLE,26.26,7971668.323000001,295482.55,1.0,0.3897,0.0,22.77,D-1,True,2759
WHLM,OTC,NOT_TRADABLE,,,,,,,,UNMEASURED,False,
WHLR,NASDAQ,ELIGIBLE,5.2,34194416.6714,6680807.3,1.0,0.9974,100.33,73.02,D-1,True,1767
WHLRD,NASDAQ,PREFERRED,,,,,,,,UNMEASURED,False,
WHLRL,NASDAQ,NOTE_DEBT,,,,,,,,UNMEASURED,False,
WHLRP,NASDAQ,PREFERRED,,,,,,,,UNMEASURED,False,
WHR,NYSE,ELIGIBLE,31.71,101070423.913,2876324.55,1.0,0.9949,11.59,12.27,D-1,True,984
WHR.PRA,NYSE,MALFORMED_OR_NON_COMMON_SYMBOL,,,,,,,,UNMEASURED,False,
WHWK,NASDAQ,ELIGIBLE,3.74,1438686.1035,343679.25,1.0,0.3538,0.0,39.52,D-1,True,3725
WIA,NYSE,FUND_ETF_ETN,,,,,,,,UNMEASURED,False,
WILCF,OTC,NOT_TRADABLE,,,,,,,,UNMEASURED,False,
WIMA,NASDAQ,FUND_ETF_ETN,,,,,,,,UNMEASURED,False,
WIMI,NASDAQ,NOT_TRADABLE,,,,,,,,UNMEASURED,False,
WINA,NASDAQ,ELIGIBLE,296.35,30433524.1165,101582.85,1.0,0.2769,0.0,64.16,D-1,True,1843
WING,NASDAQ,ELIGIBLE,99.07,138841129.06125,1305742.7,1.0,0.8795,10.79,41.47,D-1,True,810
WINN,NYSE,FUND_ETF_ETN,,,,,,,,UNMEASURED,False,
WINT,OTC,NOT_TRADABLE,,,,,,,,UNMEASURED,False,
WINV,OTC,NOT_TRADABLE,,,,,,,,UNMEASURED,False,
WINVR,OTC,NOT_TRADABLE,,,,,,,,UNMEASURED,False,
WINVW,OTC,NOT_TRADABLE,,,,,,,,UNMEASURED,False,
WIP,ARCA,FUND_ETF_ETN,,,,,,,,UNMEASURED,False,
WISE,NASDAQ,FUND_ETF_ETN,,,,,,,,UNMEASURED,False,
WIT,NYSE,ELIGIBLE,1.65,16696188.4795,9607830.2,1.0,0.9744,30.39,60.79,D-1,True,2260
WIW,NYSE,FUND_ETF_ETN,,,,,,,,UNMEASURED,False,
WIX,NASDAQ,ELIGIBLE,73.79,115302401.61324999,1426166.4,1.0,0.9436,16.23,37.14,D-1,True,906
WK,NYSE,ELIGIBLE,69.64,70323757.353,948138.6,1.0,0.5744,1.41,24.51,D-1,True,1231
WKC,NYSE,ELIGIBLE,35.65,40796459.974,1146601.35,1.0,0.6051,2.82,11.23,D-1,True,1648
WKEY,NASDAQ,ELIGIBLE,5.99,209554.963,34174.45,1.0,0.041,0.0,236.79,D-1,False,
WKHS,NASDAQ,ELIGIBLE,2.87,335060.745,105439.45,1.0,0.1615,0.0,120.31,D-1,False,
WKSP,NASDAQ,ELIGIBLE,0.4415,315294.140715,605183.45,1.0,0.1949,0.0,34.33,D-1,False,
WLCO,NASDAQ,ELIGIBLE,9.82,426590.7405,43389.1,1.0,0.0103,0.0,,UNMEASURED,False,
WLCOU,NASDAQ,UNIT,,,,,,,,UNMEASURED,False,
WLCOW,NASDAQ,WARRANT,,,,,,,,UNMEASURED,False,
WLDN,NASDAQ,ELIGIBLE,78.9,15410384.0655,185802.2,1.0,0.2487,0.0,52.27,D-1,True,2315
WLDR,BATS,FUND_ETF_ETN,,,,,,,,UNMEASURED,False,
WLDS,NASDAQ,ELIGIBLE,1.48,606246.3865,358610.05,1.0,0.1205,0.0,200.67,D-1,False,
WLDSW,NASDAQ,WARRANT,,,,,,,,UNMEASURED,False,
WLDU,BATS,FUND_ETF_ETN,,,,,,,,UNMEASURED,False,
WLFC,NASDAQ,ELIGIBLE,54.33,9225438.6445,168128.5,1.0,0.2436,0.0,45.77,D-1,True,2662
WLGSF,OTC,NOT_TRADABLE,,,,,,,,UNMEASURED,False,
WLII,NASDAQ,ELIGIBLE,10.25,158755.99925000002,15480.8,1.0,0.0077,0.0,,UNMEASURED,False,
WLIIU,NASDAQ,UNIT,,,,,,,,UNMEASURED,False,
WLIIW,NASDAQ,WARRANT,,,,,,,,UNMEASURED,False,
WLK,NYSE,ELIGIBLE,67.71,47174744.4215,660793.0,1.0,0.8103,3.72,15.32,D-1,True,1536
WLKP,NYSE,ELIGIBLE,21.6,479621.895,22238.65,1.0,0.0436,0.0,140.0,D-1,False,
WLTG,NYSE,FUND_ETF_ETN,,,,,,,,UNMEASURED,False,
WLTH,NASDAQ,ELIGIBLE,10.18,37790840.2685,3738789.0,1.0,0.8641,4.93,14.67,D-1,True,1703
WLY,NYSE,ELIGIBLE,47.55,30907436.411000002,627252.5,1.0,0.5949,2.08,35.75,D-1,True,1837
WLYB,NYSE,ELIGIBLE,47.77,137178.596,2877.1,1.0,0.0718,0.0,294.72,D-1,False,
WM,NYSE,ELIGIBLE,206.83,487352081.0035,2271020.65,1.0,0.9769,3.87,7.71,D-1,True,245
WMB,NYSE,ELIGIBLE,69.26,587270294.6215,8044664.9,1.0,1.0,7.2,2.87,D-1,True,200
WMG,NASDAQ,ELIGIBLE,27.14,52938328.96775,1878978.9,1.0,0.8359,3.67,9.19,D-1,True,1450
WMK,NYSE,ELIGIBLE,72.02,15899315.221,220933.35,1.0,0.2333,1.39,30.02,D-1,True,2296
WMMVY,OTC,NOT_LISTED_EXCHANGE,,,,,,,,UNMEASURED,False,
WMS,NYSE,ELIGIBLE,133.13,103413807.36649999,797245.6,1.0,0.8487,5.26,17.84,D-1,True,967
WMSB,ARCA,FUND_ETF_ETN,,,,,,,,UNMEASURED,False,
WMT,NASDAQ,ELIGIBLE,107.98,2430968548.59,22704046.75,1.0,1.0,5.58,0.93,D-1,True,39
WMTI,BATS,FUND_ETF_ETN,,,,,,,,UNMEASURED,False,
WNC,NYSE,ELIGIBLE,13.03,9243085.9305,720405.4,1.0,0.7564,11.68,35.36,D-1,True,2660
WNDR,BATS,FUND_ETF_ETN,,,,,,,,UNMEASURED,False,
WNDW,OTC,NOT_TRADABLE,,,,,,,,UNMEASURED,False,
WNEB,NASDAQ,ELIGIBLE,13.97,745997.5295,54109.3,1.0,0.1231,0.0,44.8,D-1,False,
WNTR,ARCA,FUND_ETF_ETN,,,,,,,,UNMEASURED,False,
WNW,NASDAQ,ELIGIBLE,2.52,661135.552,268079.3,1.0,0.1923,0.0,314.96,D-1,False,
WOK,NASDAQ,ELIGIBLE,1.91,106631.875,53371.1,1.0,0.1513,0.0,265.25,D-1,False,
WOLF,NYSE,ELIGIBLE,27.57,62783555.8995,2381490.2,1.0,0.9487,14.5,23.68,D-1,True,1311
WOMN,ARCA,FUND_ETF_ETN,,,,,,,,UNMEASURED,False,
WOOD,NASDAQ,FUND_ETF_ETN,,,,,,,,UNMEASURED,False,
WOOF,NASDAQ,ELIGIBLE,2.27,7503608.2700000005,3003643.15,1.0,0.9,21.59,43.38,D-1,True,2796
WOR,NYSE,ELIGIBLE,62.24,29877510.836000003,504218.7,1.0,0.5205,1.63,34.84,D-1,True,1859
WORX,OTC,NOT_TRADABLE,,,,,,,,UNMEASURED,False,
WPAC,NYSE,ELIGIBLE,10.061,176811.2595,17588.45,1.0,0.0,,9.94,D-1,False,
WPAC.RT,NYSE,MALFORMED_OR_NON_COMMON_SYMBOL,,,,,,,,UNMEASURED,False,
WPAC.U,NYSE,RIGHT,,,,,,,,UNMEASURED,False,
WPC,NYSE,ELIGIBLE,66.09,108663948.9655,1594896.05,1.0,0.9154,3.03,3.8,D-1,True,944
WPM,NYSE,ELIGIBLE,142.92,281276573.8645,1868020.85,1.0,0.9205,5.58,10.13,D-1,True,451
WPP,NYSE,ELIGIBLE,25.99,8380111.55,331083.45,1.0,0.6205,0.0,9.62,D-1,True,2726
WPRT,NASDAQ,ELIGIBLE,2.03,115569.23725,60433.9,1.0,0.0897,0.0,49.88,D-1,False,
WQTM,BATS,FUND_ETF_ETN,,,,,,,,UNMEASURED,False,
WR,BATS,FUND_ETF_ETN,,,,,,,,UNMEASURED,False,
WRAP,NASDAQ,ELIGIBLE,1.45,907261.3375,562734.65,1.0,0.5128,0.0,104.04,D-1,False,
WRB,NYSE,ELIGIBLE,66.82,259420200.1125,3736334.35,1.0,0.9769,3.76,3.75,D-1,True,495
WRB.PRE,NYSE,MALFORMED_OR_NON_COMMON_SYMBOL,,,,,,,,UNMEASURED,False,
WRB.PRF,NYSE,MALFORMED_OR_NON_COMMON_SYMBOL,,,,,,,,UNMEASURED,False,
WRB.PRG,NYSE,MALFORMED_OR_NON_COMMON_SYMBOL,,,,,,,,UNMEASURED,False,
WRB.PRH,NYSE,MALFORMED_OR_NON_COMMON_SYMBOL,,,,,,,,UNMEASURED,False,
WRBY,NYSE,ELIGIBLE,26.71,76764124.86950001,3141572.6,1.0,0.9897,15.09,13.41,D-1,True,1159
WRD,NASDAQ,ELIGIBLE,5.53,13429846.570500001,2347516.25,1.0,0.9538,8.97,17.89,D-1,True,2417
WRLD,NASDAQ,ELIGIBLE,171.99,12211172.3955,66649.4,1.0,0.0897,0.58,68.59,D-1,True,2479
WRN,AMEX,ELIGIBLE,2.32,2861616.15,1191320.55,1.0,0.5872,0.0,43.2,D-1,True,3353
WRND,NASDAQ,FUND_ETF_ETN,,,,,,,,UNMEASURED,False,
WRTH,NASDAQ,FUND_ETF_ETN,,,,,,,,UNMEASURED,False,
WS,NYSE,ELIGIBLE,36.26,10328773.544,300575.6,1.0,0.2333,0.0,71.23,D-1,True,2593
WSBC,NASDAQ,ELIGIBLE,38.66,43468156.5685,1089869.6,1.0,0.7154,1.29,6.45,D-1,True,1603
WSBCO,NASDAQ,PREFERRED,,,,,,,,UNMEASURED,False,
WSBF,NASDAQ,ELIGIBLE,20.39,2141817.76125,102194.85,1.0,0.1846,0.0,39.31,D-1,True,3512
WSBK,NASDAQ,ELIGIBLE,12.74,106445.90640499999,8218.25,1.0,0.0154,0.0,210.36,D-1,False,
WSC,NASDAQ,ELIGIBLE,18.17,53149864.37325,2825017.3,1.0,0.9692,8.37,16.56,D-1,True,1443
WSDB,ARCA,FUND_ETF_ETN,,,,,,,,UNMEASURED,False,
WSE,NASDAQ,ELIGIBLE,11.55,19980078.0165,1658480.65,1.0,0.8846,4.34,8.65,D-1,True,2148
WSFS,NASDAQ,ELIGIBLE,77.76,29970214.6765,381111.3,1.0,0.5359,0.64,13.55,D-1,True,1854
WSGE,NASDAQ,FUND_ETF_ETN,,,,,,,,UNMEASURED,False,
WSHP,NASDAQ,ELIGIBLE,6.06,759834.822,134624.65,1.0,0.4436,0.0,82.75,D-1,False,
WSM,NYSE,ELIGIBLE,231.9,274762203.7525,1217496.55,1.0,0.6949,3.01,19.92,D-1,True,460
WSMD,ARCA,FUND_ETF_ETN,,,,,,,,UNMEASURED,False,
WSML,NASDAQ,FUND_ETF_ETN,,,,,,,,UNMEASURED,False,
WSO,NYSE,ELIGIBLE,317.23,149880842.725,478265.85,1.0,0.7846,6.05,26.19,D-1,True,764
WSO.B,NYSE,ELIGIBLE,326.7053,18543.08248,58.1,1.0,0.0,,75.18,D-1,False,
WSPC,NASDAQ,FUND_ETF_ETN,,,,,,,,UNMEASURED,False,
WST,NYSE,ELIGIBLE,370.44,217490922.027,610382.55,1.0,0.5744,0.81,26.18,D-1,True,577
WSTL,OTC,NOT_TRADABLE,,,,,,,,UNMEASURED,False,
WSTN,NASDAQ,ELIGIBLE,10.185,21392.299000000003,2105.55,1.0,0.0,,,UNMEASURED,False,
WSTNR,NASDAQ,RIGHT,,,,,,,,UNMEASURED,False,
WSTNU,NASDAQ,UNIT,,,,,,,,UNMEASURED,False,
WT,NYSE,ELIGIBLE,24.33,71922648.8365,3063468.5,1.0,0.9513,6.12,8.25,D-1,True,1214
WTAI,BATS,FUND_ETF_ETN,,,,,,,,UNMEASURED,False,
WTBA,NASDAQ,ELIGIBLE,29.19,1466625.921,50462.6,1.0,0.1026,0.0,154.78,D-1,True,3707
WTBN,NASDAQ,FUND_ETF_ETN,,,,,,,,UNMEASURED,False,
WTER,OTC,NOT_TRADABLE,,,,,,,,UNMEASURED,False,
WTF,NASDAQ,ELIGIBLE,2.46,7202.123665000001,2840.0,1.0,0.0154,0.0,542.8,D-1,False,
WTFC,NASDAQ,ELIGIBLE,146.11,64402913.74300001,431018.6,1.0,0.459,0.69,19.77,D-1,True,1294
WTFCN,NASDAQ,PREFERRED,,,,,,,,UNMEASURED,False,
WTG,NASDAQ,ELIGIBLE,10.58,102415.1183,9680.5,1.0,0.0077,0.0,,UNMEASURED,False,
WTGUR,NASDAQ,RIGHT,,,,,,,,UNMEASURED,False,
WTGUU,NASDAQ,UNIT,,,,,,,,UNMEASURED,False,
WTI,NYSE,ELIGIBLE,3.65,14302309.118999999,3672209.7,1.0,0.9769,13.87,27.48,D-1,True,2374
WTIB,ARCA,FUND_ETF_ETN,,,,,,,,UNMEASURED,False,
WTID,ARCA,FUND_ETF_ETN,,,,,,,,UNMEASURED,False,
WTIP,NASDAQ,FUND_ETF_ETN,,,,,,,,UNMEASURED,False,
WTIU,ARCA,FUND_ETF_ETN,,,,,,,,UNMEASURED,False,
WTLS,BATS,FUND_ETF_ETN,,,,,,,,UNMEASURED,False,
WTM,NYSE,ELIGIBLE,2028.62,43855187.88,21170.2,1.0,0.1718,0.0,32.89,D-1,True,1597
WTMAR,OTC,NOT_TRADABLE,,,,,,,,UNMEASURED,False,
WTMF,ARCA,FUND_ETF_ETN,,,,,,,,UNMEASURED,False,
WTMU,NASDAQ,FUND_ETF_ETN,,,,,,,,UNMEASURED,False,
WTMY,NASDAQ,FUND_ETF_ETN,,,,,,,,UNMEASURED,False,
WTPI,ARCA,FUND_ETF_ETN,,,,,,,,UNMEASURED,False,
WTRE,ARCA,FUND_ETF_ETN,,,,,,,,UNMEASURED,False,
WTRG,NYSE,ELIGIBLE,39.53,106786605.013,2593472.9,1.0,0.8821,2.66,5.05,D-1,True,952
WTS,NYSE,ELIGIBLE,357.79,73382568.44049999,206608.35,1.0,0.4692,0.35,13.33,D-1,True,1199
WTTR,NYSE,ELIGIBLE,19.84,35230912.748500004,1749687.55,1.0,0.9949,15.06,12.57,D-1,True,1751
WTV,ARCA,FUND_ETF_ETN,,,,,,,,UNMEASURED,False,
WTW,NASDAQ,ELIGIBLE,293.99,160047490.4705,506239.95,1.0,0.9282,3.38,7.51,D-1,True,733
WU,NYSE,ELIGIBLE,6.18,61310267.28300001,9233236.0,1.0,0.9923,8.12,16.08,D-1,True,1331
WUGI,BATS,FUND_ETF_ETN,,,,,,,,UNMEASURED,False,
WULF,NASDAQ,ELIGIBLE,15.74,457760084.60749996,28363002.5,1.0,1.0,19.19,6.39,D-1,True,266
WULX,BATS,FUND_ETF_ETN,,,,,,,,UNMEASURED,False,
WVE,NASDAQ,ELIGIBLE,3.78,15128997.693500001,3325720.15,1.0,0.9974,13.18,25.88,D-1,True,2333
WVVI,NASDAQ,ELIGIBLE,1.94,19085.938595,9242.3,1.0,0.0282,0.0,666.11,D-1,False,
WVVIP,NASDAQ,PREFERRED,,,,,,,,UNMEASURED,False,
WW,NASDAQ,ELIGIBLE,14.355,3642006.49075,230204.4,1.0,0.3538,4.52,75.14,D-1,True,3222
WWD,NASDAQ,ELIGIBLE,330.31,246719096.4725,751809.9,1.0,0.841,3.94,6.57,D-1,True,522
WWJD,ARCA,FUND_ETF_ETN,,,,,,,,UNMEASURED,False,
WWR,AMEX,ELIGIBLE,0.5253,453204.96068,807651.3,1.0,0.4308,0.0,39.9,D-1,False,
WWW,NYSE,ELIGIBLE,19.07,13708882.735499999,699118.4,1.0,0.641,0.0,12.94,D-1,True,2403
WX,BATS,FUND_ETF_ETN,,,,,,,,UNMEASURED,False,
WXET,ARCA,FUND_ETF_ETN,,,,,,,,UNMEASURED,False,
WXM,NASDAQ,ELIGIBLE,4.0,256511.12075,63234.8,1.0,0.0256,0.0,429.84,D-1,False,
WXXWY,OTC,NOT_TRADABLE,,,,,,,,UNMEASURED,False,
WY,NYSE,ELIGIBLE,20.01,141821798.168,6466465.85,1.0,1.0,7.46,4.97,D-1,True,793
WYFI,NASDAQ,ELIGIBLE,19.62,29419741.047500003,1573411.85,1.0,0.9103,12.84,28.09,D-1,True,1866
WYFL,BATS,FUND_ETF_ETN,,,,,,,,UNMEASURED,False,
WYHG,NASDAQ,ELIGIBLE,4.13,6685440.925,1171649.3,1.0,0.1,0.0,219.0,D-1,True,2866
WYNN,NASDAQ,ELIGIBLE,81.12,187120294.14749998,2174336.7,1.0,0.9872,6.7,6.8,D-1,True,652
WYY,AMEX,ELIGIBLE,5.47,2147167.3510000003,289720.0,1.0,0.641,143.0,111.78,D-1,True,3510
WZRD,BATS,FUND_ETF_ETN,,,,,,,,UNMEASURED,False,
XA,BATS,FUND_ETF_ETN,,,,,,,,UNMEASURED,False,
XAGE,OTC,NOT_TRADABLE,,,,,,,,UNMEASURED,False,
XAGEW,OTC,NOT_TRADABLE,,,,,,,,UNMEASURED,False,
XAGG,ARCA,FUND_ETF_ETN,,,,,,,,UNMEASURED,False,
XAGI,BATS,FUND_ETF_ETN,,,,,,,,UNMEASURED,False,
XAIR,NASDAQ,ELIGIBLE,2.85,2115203.7024999997,547589.7,1.0,0.3077,0.0,163.5,D-1,True,3524
XAIW,ARCA,FUND_ETF_ETN,,,,,,,,UNMEASURED,False,
XAIX,NASDAQ,FUND_ETF_ETN,,,,,,,,UNMEASURED,False,
XAPR,BATS,FUND_ETF_ETN,,,,,,,,UNMEASURED,False,
XAR,ARCA,FUND_ETF_ETN,,,,,,,,UNMEASURED,False,
XAUG,BATS,FUND_ETF_ETN,,,,,,,,UNMEASURED,False,
XB,ARCA,FUND_ETF_ETN,,,,,,,,UNMEASURED,False,
XBAP,BATS,FUND_ETF_ETN,,,,,,,,UNMEASURED,False,
XBB,ARCA,FUND_ETF_ETN,,,,,,,,UNMEASURED,False,
XBCI,NASDAQ,FUND_ETF_ETN,,,,,,,,UNMEASURED,False,
XBFR,ARCA,FUND_ETF_ETN,,,,,,,,UNMEASURED,False,
XBI,ARCA,FUND_ETF_ETN,,,,,,,,UNMEASURED,False,
XBIL,NASDAQ,FUND_ETF_ETN,,,,,,,,UNMEASURED,False,
XBIO,NASDAQ,ELIGIBLE,2.39,495987.06224999996,183527.15,1.0,0.1051,0.0,436.86,D-1,False,
XBIT,NASDAQ,ELIGIBLE,2.17,114092.47325000001,51941.55,1.0,0.0282,0.0,80.88,D-1,False,
XBIX,BATS,FUND_ETF_ETN,,,,,,,,UNMEASURED,False,
XBJA,BATS,FUND_ETF_ETN,,,,,,,,UNMEASURED,False,
XBJL,BATS,FUND_ETF_ETN,,,,,,,,UNMEASURED,False,
XBNB,ARCA,FUND_ETF_ETN,,,,,,,,UNMEASURED,False,
XBOC,BATS,FUND_ETF_ETN,,,,,,,,UNMEASURED,False,
XBOTF,OTC,NOT_TRADABLE,,,,,,,,UNMEASURED,False,
XBOX,BATS,FUND_ETF_ETN,,,,,,,,UNMEASURED,False,
XBP,NASDAQ,ELIGIBLE,3.33,89280.884235,28460.35,1.0,0.0282,0.0,211.16,D-1,False,
XBPEW,NASDAQ,WARRANT,,,,,,,,UNMEASURED,False,
XBTY,NASDAQ,FUND_ETF_ETN,,,,,,,,UNMEASURED,False,
XC,ARCA,FUND_ETF_ETN,,,,,,,,UNMEASURED,False,
XCBE,NASDAQ,ELIGIBLE,10.01,421049.14050000004,42111.25,1.0,0.0026,0.0,,UNMEASURED,False,
XCBEU,NASDAQ,UNIT,,,,,,,,UNMEASURED,False,
XCBEW,NASDAQ,WARRANT,,,,,,,,UNMEASURED,False,
XCCC,ARCA,FUND_ETF_ETN,,,,,,,,UNMEASURED,False,
XCEM,ARCA,FUND_ETF_ETN,,,,,,,,UNMEASURED,False,
XCH,NASDAQ,ELIGIBLE,3.23,38403.47697,11976.3,1.0,0.0077,0.0,515.75,D-1,False,
XCHG,ARCA,FUND_ETF_ETN,,,,,,,,UNMEASURED,False,
XCLR,ARCA,FUND_ETF_ETN,,,,,,,,UNMEASURED,False,
XCNY,NASDAQ,FUND_ETF_ETN,,,,,,,,UNMEASURED,False,
XCOM,BATS,FUND_ETF_ETN,,,,,,,,UNMEASURED,False,
XCOR,ARCA,FUND_ETF_ETN,,,,,,,,UNMEASURED,False,
XCSH,NASDAQ,FUND_ETF_ETN,,,,,,,,UNMEASURED,False,
XCUR,NASDAQ,ELIGIBLE,1.22,43639.7695,32249.8,1.0,0.0154,0.0,,UNMEASURED,False,
XDAT,BATS,FUND_ETF_ETN,,,,,,,,UNMEASURED,False,
XDEC,BATS,FUND_ETF_ETN,,,,,,,,UNMEASURED,False,
XDEF,NASDAQ,FUND_ETF_ETN,,,,,,,,UNMEASURED,False,
XDIV,BATS,FUND_ETF_ETN,,,,,,,,UNMEASURED,False,
XDQQ,BATS,FUND_ETF_ETN,,,,,,,,UNMEASURED,False,
XDSQ,BATS,FUND_ETF_ETN,,,,,,,,UNMEASURED,False,
XDTE,BATS,FUND_ETF_ETN,,,,,,,,UNMEASURED,False,
XE,NASDAQ,ELIGIBLE,15.08,123437105.079,7419339.5,1.0,1.0,12.92,6.5,D-1,True,874
XEL,NASDAQ,ELIGIBLE,69.8,446300339.482,6044300.4,1.0,1.0,5.77,2.17,D-1,True,274
XELA,OTC,NOT_TRADABLE,,,,,,,,UNMEASURED,False,
XELAP,OTC,NOT_TRADABLE,,,,,,,,UNMEASURED,False,
XELB,NASDAQ,ELIGIBLE,0.79,53786.505204999994,56608.05,1.0,0.0513,0.0,,UNMEASURED,False,
XELLL,NASDAQ,NOTE_DEBT,,,,,,,,UNMEASURED,False,
XEMD,BATS,FUND_ETF_ETN,,,,,,,,UNMEASURED,False,
XEML,BATS,FUND_ETF_ETN,,,,,,,,UNMEASURED,False,
XENE,NASDAQ,ELIGIBLE,36.94,91482637.8795,2115060.15,1.0,0.9718,8.1,10.85,D-1,True,1044
XERS,NASDAQ,ELIGIBLE,9.1,15742707.252500001,1909712.05,1.0,0.8821,5.55,11.12,D-1,True,2303
XES,ARCA,FUND_ETF_ETN,,,,,,,,UNMEASURED,False,
XEUR,BATS,FUND_ETF_ETN,,,,,,,,UNMEASURED,False,
XEY,NASDAQ,FUND_ETF_ETN,,,,,,,,UNMEASURED,False,
XFEB,BATS,FUND_ETF_ETN,,,,,,,,UNMEASURED,False,
XFIV,ARCA,FUND_ETF_ETN,,,,,,,,UNMEASURED,False,
XFLH,NYSE,ELIGIBLE,10.04,85039.73770999999,8474.95,1.0,0.0,,19.9,D-1,False,
XFLH.RT,NYSE,MALFORMED_OR_NON_COMMON_SYMBOL,,,,,,,,UNMEASURED,False,
XFLH.U,NYSE,RIGHT,,,,,,,,UNMEASURED,False,
XFLT,NYSE,ELIGIBLE,19.27,1390847.9115,72128.7,1.0,0.1282,0.0,49.36,D-1,True,3743
XFLX,ARCA,FUND_ETF_ETN,,,,,,,,UNMEASURED,False,
XFOR,NASDAQ,ELIGIBLE,3.01,3794767.8205,1098724.35,1.0,0.659,0.0,33.23,D-1,True,3207
XGN,NASDAQ,ELIGIBLE,8.72,2092263.2574999998,266770.2,1.0,0.4615,0.0,28.77,D-1,True,3532
XHB,ARCA,FUND_ETF_ETN,,,,,,,,UNMEASURED,False,
XHE,ARCA,FUND_ETF_ETN,,,,,,,,UNMEASURED,False,
XHG,NASDAQ,ELIGIBLE,2.35,38359.871999999996,12850.9,1.0,0.0231,0.0,357.14,D-1,False,
XHLD,NASDAQ,ELIGIBLE,12.95,37179838.9255,3696493.25,1.0,0.7487,17.94,53.66,D-1,True,1716
XHLF,ARCA,FUND_ETF_ETN,,,,,,,,UNMEASURED,False,
XHOA,BATS,FUND_ETF_ETN,,,,,,,,UNMEASURED,False,
XHR,NYSE,ELIGIBLE,18.17,16601943.252,925968.25,1.0,0.6974,2.78,8.39,D-1,True,2264
XHS,ARCA,FUND_ETF_ETN,,,,,,,,UNMEASURED,False,
XIACY,OTC,NOT_LISTED_EXCHANGE,,,,,,,,UNMEASURED,False,
XIDE,BATS,FUND_ETF_ETN,,,,,,,,UNMEASURED,False,
XIDV,ARCA,FUND_ETF_ETN,,,,,,,,UNMEASURED,False,
XIFR,NYSE,ELIGIBLE,10.55,8641228.0825,765439.0,1.0,0.7051,4.72,9.51,D-1,True,2707
XIGV,BATS,FUND_ETF_ETN,,,,,,,,UNMEASURED,False,
XIII,NASDAQ,ELIGIBLE,10.22,239857.42833333334,22860.166666666668,0.3,0.0077,0.0,,UNMEASURED,False,
XIIIU,NASDAQ,UNIT,,,,,,,,UNMEASURED,False,
XIIIW,NASDAQ,WARRANT,,,,,,,,UNMEASURED,False,
XIJN,BATS,FUND_ETF_ETN,,,,,,,,UNMEASURED,False,
XIMR,BATS,FUND_ETF_ETN,,,,,,,,UNMEASURED,False,
XISE,BATS,FUND_ETF_ETN,,,,,,,,UNMEASURED,False,
XITK,ARCA,FUND_ETF_ETN,,,,,,,,UNMEASURED,False,
XIWC,BATS,FUND_ETF_ETN,,,,,,,,UNMEASURED,False,
XJAN,BATS,FUND_ETF_ETN,,,,,,,,UNMEASURED,False,
XJH,BATS,FUND_ETF_ETN,,,,,,,,UNMEASURED,False,
XJR,BATS,FUND_ETF_ETN,,,,,,,,UNMEASURED,False,
XJUL,BATS,FUND_ETF_ETN,,,,,,,,UNMEASURED,False,
XJUN,BATS,FUND_ETF_ETN,,,,,,,,UNMEASURED,False,
XKRE,BATS,FUND_ETF_ETN,,,,,,,,UNMEASURED,False,
XLAB,NASDAQ,ELIGIBLE,2.43,1808291.12625,373036.1,1.0,0.1308,0.0,542.33,D-1,True,3605
XLABW,NASDAQ,WARRANT,,,,,,,,UNMEASURED,False,
XLB,ARCA,FUND_ETF_ETN,,,,,,,,UNMEASURED,False,
XLBI,ARCA,FUND_ETF_ETN,,,,,,,,UNMEASURED,False,
XLBX,BATS,FUND_ETF_ETN,,,,,,,,UNMEASURED,False,
XLC,ARCA,FUND_ETF_ETN,,,,,,,,UNMEASURED,False,
XLCD,BATS,FUND_ETF_ETN,,,,,,,,UNMEASURED,False,
XLCI,ARCA,FUND_ETF_ETN,,,,,,,,UNMEASURED,False,
XLCU,BATS,FUND_ETF_ETN,,,,,,,,UNMEASURED,False,
XLE,ARCA,FUND_ETF_ETN,,,,,,,,UNMEASURED,False,
XLEI,ARCA,FUND_ETF_ETN,,,,,,,,UNMEASURED,False,
XLEX,BATS,FUND_ETF_ETN,,,,,,,,UNMEASURED,False,
XLF,ARCA,FUND_ETF_ETN,,,,,,,,UNMEASURED,False,
XLFI,ARCA,FUND_ETF_ETN,,,,,,,,UNMEASURED,False,
XLFX,BATS,FUND_ETF_ETN,,,,,,,,UNMEASURED,False,
XLG,ARCA,FUND_ETF_ETN,,,,,,,,UNMEASURED,False,
XLI,ARCA,FUND_ETF_ETN,,,,,,,,UNMEASURED,False,
XLII,ARCA,FUND_ETF_ETN,,,,,,,,UNMEASURED,False,
XLIX,BATS,FUND_ETF_ETN,,,,,,,,UNMEASURED,False,
XLK,ARCA,FUND_ETF_ETN,,,,,,,,UNMEASURED,False,
XLKI,ARCA,FUND_ETF_ETN,,,,,,,,UNMEASURED,False,
XLKX,BATS,FUND_ETF_ETN,,,,,,,,UNMEASURED,False,
XLO,NASDAQ,ELIGIBLE,9.04,96777.35949999999,10774.3,1.0,0.0154,0.0,608.03,D-1,False,
XLP,ARCA,FUND_ETF_ETN,,,,,,,,UNMEASURED,False,
XLPD,BATS,FUND_ETF_ETN,,,,,,,,UNMEASURED,False,
XLPU,BATS,FUND_ETF_ETN,,,,,,,,UNMEASURED,False,
XLPX,BATS,FUND_ETF_ETN,,,,,,,,UNMEASURED,False,
XLRE,ARCA,FUND_ETF_ETN,,,,,,,,UNMEASURED,False,
XLRI,ARCA,FUND_ETF_ETN,,,,,,,,UNMEASURED,False,
XLSI,ARCA,FUND_ETF_ETN,,,,,,,,UNMEASURED,False,
XLSR,ARCA,FUND_ETF_ETN,,,,,,,,UNMEASURED,False,
XLU,ARCA,FUND_ETF_ETN,,,,,,,,UNMEASURED,False,
XLUI,ARCA,FUND_ETF_ETN,,,,,,,,UNMEASURED,False,
XLUX,BATS,FUND_ETF_ETN,,,,,,,,UNMEASURED,False,
XLV,ARCA,FUND_ETF_ETN,,,,,,,,UNMEASURED,False,
XLVI,ARCA,FUND_ETF_ETN,,,,,,,,UNMEASURED,False,
XLVX,BATS,FUND_ETF_ETN,,,,,,,,UNMEASURED,False,
XLY,ARCA,FUND_ETF_ETN,,,,,,,,UNMEASURED,False,
XLYI,ARCA,FUND_ETF_ETN,,,,,,,,UNMEASURED,False,
XLYX,BATS,FUND_ETF_ETN,,,,,,,,UNMEASURED,False,
XMAG,NASDAQ,FUND_ETF_ETN,,,,,,,,UNMEASURED,False,
XMAR,BATS,FUND_ETF_ETN,,,,,,,,UNMEASURED,False,
XMAX,NASDAQ,ELIGIBLE,8.71,4772896.09025,548090.45,1.0,0.5308,0.0,11.46,D-1,True,3085
XMAY,BATS,FUND_ETF_ETN,,,,,,,,UNMEASURED,False,
XME,ARCA,FUND_ETF_ETN,,,,,,,,UNMEASURED,False,
XMHQ,ARCA,FUND_ETF_ETN,,,,,,,,UNMEASURED,False,
XMLV,ARCA,FUND_ETF_ETN,,,,,,,,UNMEASURED,False,
XMMO,ARCA,FUND_ETF_ETN,,,,,,,,UNMEASURED,False,
XMPT,BATS,FUND_ETF_ETN,,,,,,,,UNMEASURED,False,
XMTR,NASDAQ,ELIGIBLE,100.57,75504026.97025,795673.2,1.0,0.6538,7.73,36.18,D-1,True,1169
XMVM,ARCA,FUND_ETF_ETN,,,,,,,,UNMEASURED,False,
XNAV,ARCA,FUND_ETF_ETN,,,,,,,,UNMEASURED,False,
XNCR,NASDAQ,ELIGIBLE,23.8,36852587.426249996,1462729.75,1.0,0.659,4.18,14.86,D-1,True,1720
XNDU,NASDAQ,ELIGIBLE,4.98,34216877.04099999,5304557.4,1.0,1.0,20.06,20.08,D-1,True,1765
XNDX,BATS,FUND_ETF_ETN,,,,,,,,UNMEASURED,False,
XNET,NASDAQ,ELIGIBLE,5.01,1039326.89125,210902.6,1.0,0.4974,0.0,19.88,D-1,True,3909
XNOV,BATS,FUND_ETF_ETN,,,,,,,,UNMEASURED,False,
XNTK,ARCA,FUND_ETF_ETN,,,,,,,,UNMEASURED,False,
XOCT,BATS,FUND_ETF_ETN,,,,,,,,UNMEASURED,False,
XOEF,ARCA,FUND_ETF_ETN,,,,,,,,UNMEASURED,False,
XOEX,BATS,FUND_ETF_ETN,,,,,,,,UNMEASURED,False,
XOM,NYSE,ELIGIBLE,160.59,2364528989.8915,14552328.3,1.0,1.0,6.23,2.18,D-1,True,40
XOMO,ARCA,FUND_ETF_ETN,,,,,,,,UNMEASURED,False,
XOMX,NASDAQ,FUND_ETF_ETN,,,,,,,,UNMEASURED,False,
XONE,ARCA,FUND_ETF_ETN,,,,,,,,UNMEASURED,False,
XONI,OTC,NOT_TRADABLE,,,,,,,,UNMEASURED,False,
XOP,ARCA,FUND_ETF_ETN,,,,,,,,UNMEASURED,False,
XOS,NASDAQ,ELIGIBLE,2.62,666545.6745,230150.65,1.0,0.2051,0.0,117.19,D-1,False,
XOVL,BATS,FUND_ETF_ETN,,,,,,,,UNMEASURED,False,
XOVR,NASDAQ,FUND_ETF_ETN,,,,,,,,UNMEASURED,False,
XP,NASDAQ,ELIGIBLE,20.51,151452092.72775,7642900.2,1.0,1.0,9.75,4.92,D-1,True,755
XPAV,BATS,FUND_ETF_ETN,,,,,,,,UNMEASURED,False,
XPAY,ARCA,FUND_ETF_ETN,,,,,,,,UNMEASURED,False,
XPEG,NASDAQ,FUND_ETF_ETN,,,,,,,,UNMEASURED,False,
XPEL,NASDAQ,ELIGIBLE,43.48,8995633.116500001,190951.85,1.0,0.2821,0.0,69.02,D-1,True,2679
XPER,NYSE,ELIGIBLE,5.56,2413227.1695,421255.0,1.0,0.3974,0.0,27.21,D-1,True,3449
XPEV,NYSE,ELIGIBLE,10.12,69935628.3635,6564717.0,1.0,0.9744,4.96,9.87,D-1,True,1236
XPH,ARCA,FUND_ETF_ETN,,,,,,,,UNMEASURED,False,
XPL,AMEX,ELIGIBLE,0.6339,152360.83917999998,247593.55,1.0,0.0744,0.0,180.31,D-1,False,
XPND,ARCA,FUND_ETF_ETN,,,,,,,,UNMEASURED,False,
XPO,NYSE,ELIGIBLE,173.17,204258767.5645,1126278.75,1.0,0.8692,5.49,20.25,D-1,True,616
XPOF,NYSE,ELIGIBLE,3.92,2961233.9280000003,714315.45,1.0,0.5436,0.0,26.42,D-1,True,3333
XPON,NASDAQ,ELIGIBLE,4.66,3874135.2594999997,560417.7,1.0,0.0564,0.0,357.14,D-1,True,3197
XPP,ARCA,FUND_ETF_ETN,,,,,,,,UNMEASURED,False,
XPRO,NYSE,ELIGIBLE,16.33,13866371.5005,802291.95,1.0,0.5795,3.05,45.43,D-1,True,2393
XQBT,ARCA,FUND_ETF_ETN,,,,,,,,UNMEASURED,False,
XQQI,NASDAQ,FUND_ETF_ETN,,,,,,,,UNMEASURED,False,
XQTM,BATS,FUND_ETF_ETN,,,,,,,,UNMEASURED,False,
XRAY,NASDAQ,ELIGIBLE,9.4,46017273.727249995,4516357.6,1.0,0.9872,10.52,10.52,D-1,True,1559
XRLX,ARCA,FUND_ETF_ETN,,,,,,,,UNMEASURED,False,
XRMI,ARCA,FUND_ETF_ETN,,,,,,,,UNMEASURED,False,
XRN,NYSE,ELIGIBLE,35.85,3621566.2435000003,99567.4,1.0,0.2385,0.0,67.28,D-1,True,3223
XRN.PRA,NYSE,MALFORMED_OR_NON_COMMON_SYMBOL,,,,,,,,UNMEASURED,False,
XRN.PRB,NYSE,MALFORMED_OR_NON_COMMON_SYMBOL,,,,,,,,UNMEASURED,False,
XRP,ARCA,FUND_ETF_ETN,,,,,,,,UNMEASURED,False,
XRPC,NASDAQ,FUND_ETF_ETN,,,,,,,,UNMEASURED,False,
XRPI,NASDAQ,FUND_ETF_ETN,,,,,,,,UNMEASURED,False,
XRPM,BATS,FUND_ETF_ETN,,,,,,,,UNMEASURED,False,
XRPN,NASDAQ,ELIGIBLE,10.58,2329046.5175,220737.4,1.0,0.2436,0.0,9.46,D-1,True,3465
XRPNU,NASDAQ,UNIT,,,,,,,,UNMEASURED,False,
XRPNW,NASDAQ,WARRANT,,,,,,,,UNMEASURED,False,
XRPR,BATS,FUND_ETF_ETN,,,,,,,,UNMEASURED,False,
XRPT,NASDAQ,FUND_ETF_ETN,,,,,,,,UNMEASURED,False,
XRPZ,ARCA,FUND_ETF_ETN,,,,,,,,UNMEASURED,False,
XRT,ARCA,FUND_ETF_ETN,,,,,,,,UNMEASURED,False,
XRTX,NASDAQ,ELIGIBLE,1.69,1348270.4128999999,688938.2,1.0,0.059,0.0,170.94,D-1,True,3764
XRX,NASDAQ,ELIGIBLE,3.32,9091061.9395,2731947.95,1.0,0.8821,14.69,29.38,D-1,True,2673
XRXDW,NASDAQ,WARRANT,,,,,,,,UNMEASURED,False,
XSD,ARCA,FUND_ETF_ETN,,,,,,,,UNMEASURED,False,
XSEM,BATS,FUND_ETF_ETN,,,,,,,,UNMEASURED,False,
XSEP,BATS,FUND_ETF_ETN,,,,,,,,UNMEASURED,False,
XSHD,BATS,FUND_ETF_ETN,,,,,,,,UNMEASURED,False,
XSHP,BATS,FUND_ETF_ETN,,,,,,,,UNMEASURED,False,
XSHQ,BATS,FUND_ETF_ETN,,,,,,,,UNMEASURED,False,
XSLL,NASDAQ,ELIGIBLE,9.98,624453.5055000001,62577.05,1.0,0.0,,,UNMEASURED,False,
XSLLU,NASDAQ,UNIT,,,,,,,,UNMEASURED,False,
XSLLW,NASDAQ,WARRANT,,,,,,,,UNMEASURED,False,
XSLV,ARCA,FUND_ETF_ETN,,,,,,,,UNMEASURED,False,
XSMO,ARCA,FUND_ETF_ETN,,,,,,,,UNMEASURED,False,
XSOE,ARCA,FUND_ETF_ETN,,,,,,,,UNMEASURED,False,
XSPC,NASDAQ,FUND_ETF_ETN,,,,,,,,UNMEASURED,False,
XSPI,NASDAQ,FUND_ETF_ETN,,,,,,,,UNMEASURED,False,
XSVM,ARCA,FUND_ETF_ETN,,,,,,,,UNMEASURED,False,
XSVN,ARCA,FUND_ETF_ETN,,,,,,,,UNMEASURED,False,
XSW,ARCA,FUND_ETF_ETN,,,,,,,,UNMEASURED,False,
XT,NASDAQ,FUND_ETF_ETN,,,,,,,,UNMEASURED,False,
XTAI,BATS,FUND_ETF_ETN,,,,,,,,UNMEASURED,False,
XTAP,BATS,FUND_ETF_ETN,,,,,,,,UNMEASURED,False,
XTEN,ARCA,FUND_ETF_ETN,,,,,,,,UNMEASURED,False,
XTER,NASDAQ,ELIGIBLE,9.785,150582.793145,15368.2,1.0,0.0154,0.0,,UNMEASURED,False,
XTERU,NASDAQ,UNIT,,,,,,,,UNMEASURED,False,
XTERW,NASDAQ,WARRANT,,,,,,,,UNMEASURED,False,
XTIA,NASDAQ,ELIGIBLE,0.9811,1060253.582685,1043329.4,1.0,0.8718,0.0,126.08,D-1,False,
XTJA,BATS,FUND_ETF_ETN,,,,,,,,UNMEASURED,False,
XTJL,BATS,FUND_ETF_ETN,,,,,,,,UNMEASURED,False,
XTKGF,OTC,NOT_TRADABLE,,,,,,,,UNMEASURED,False,
XTL,ARCA,FUND_ETF_ETN,,,,,,,,UNMEASURED,False,
XTLB,NASDAQ,ELIGIBLE,2.2001,12108.88459,4812.15,1.0,0.0077,0.0,,UNMEASURED,False,
XTN,ARCA,FUND_ETF_ETN,,,,,,,,UNMEASURED,False,
XTND,NYSE,ELIGIBLE,3.98,5990000.7245000005,1230204.5,1.0,0.6769,0.0,74.72,D-1,True,2935
XTNT,AMEX,ELIGIBLE,0.3757,1830367.149415,4757681.85,1.0,0.2769,0.0,86.73,D-1,False,
XTOC,BATS,FUND_ETF_ETN,,,,,,,,UNMEASURED,False,
XTR,ARCA,FUND_ETF_ETN,,,,,,,,UNMEASURED,False,
XTRE,ARCA,FUND_ETF_ETN,,,,,,,,UNMEASURED,False,
XTWO,ARCA,FUND_ETF_ETN,,,,,,,,UNMEASURED,False,
XTWY,ARCA,FUND_ETF_ETN,,,,,,,,UNMEASURED,False,
XUDV,ARCA,FUND_ETF_ETN,,,,,,,,UNMEASURED,False,
XUSM,NASDAQ,FUND_ETF_ETN,,,,,,,,UNMEASURED,False,
XUSP,BATS,FUND_ETF_ETN,,,,,,,,UNMEASURED,False,
XV,ARCA,FUND_ETF_ETN,,,,,,,,UNMEASURED,False,
XVAD,BATS,FUND_ETF_ETN,,,,,,,,UNMEASURED,False,
XVAP,BATS,FUND_ETF_ETN,,,,,,,,UNMEASURED,False,
XVAZ,BATS,FUND_ETF_ETN,,,,,,,,UNMEASURED,False,
XVGL,BATS,FUND_ETF_ETN,,,,,,,,UNMEASURED,False,
XVMS,BATS,FUND_ETF_ETN,,,,,,,,UNMEASURED,False,
XVMT,BATS,FUND_ETF_ETN,,,,,,,,UNMEASURED,False,
XVNV,BATS,FUND_ETF_ETN,,,,,,,,UNMEASURED,False,
XVPT,BATS,FUND_ETF_ETN,,,,,,,,UNMEASURED,False,
XVSP,BATS,FUND_ETF_ETN,,,,,,,,UNMEASURED,False,
XVTS,BATS,FUND_ETF_ETN,,,,,,,,UNMEASURED,False,
XVV,BATS,FUND_ETF_ETN,,,,,,,,UNMEASURED,False,
XW,BATS,FUND_ETF_ETN,,,,,,,,UNMEASURED,False,
XWEL,NASDAQ,ELIGIBLE,0.894,26167.969415,28223.9,1.0,0.0308,0.0,224.72,D-1,False,
XWNG,ARCA,FUND_ETF_ETN,,,,,,,,UNMEASURED,False,
XXI,NYSE,ELIGIBLE,6.64,16337078.932999998,2729428.35,1.0,0.9026,7.65,15.27,D-1,True,2277
XXII,NASDAQ,ELIGIBLE,1.33,490639.69850000006,228094.35,1.0,0.359,0.0,191.86,D-1,False,
XXRP,ARCA,FUND_ETF_ETN,,,,,,,,UNMEASURED,False,
XXV,ARCA,FUND_ETF_ETN,,,,,,,,UNMEASURED,False,
XXX,NASDAQ,FUND_ETF_ETN,,,,,,,,UNMEASURED,False,
XYF,NYSE,ELIGIBLE,5.26,435331.35099999997,82336.95,1.0,0.1744,0.0,271.53,D-1,False,
XYL,NYSE,ELIGIBLE,102.63,290994930.663,2717746.6,1.0,0.9718,5.78,8.25,D-1,True,445
XYLD,ARCA,FUND_ETF_ETN,,,,,,,,UNMEASURED,False,
XYLG,ARCA,FUND_ETF_ETN,,,,,,,,UNMEASURED,False,
XYZ,NYSE,ELIGIBLE,76.42,311598144.1045,3946887.65,1.0,0.9974,7.23,6.54,D-1,True,415
XYZG,NASDAQ,FUND_ETF_ETN,,,,,,,,UNMEASURED,False,
XYZY,ARCA,FUND_ETF_ETN,,,,,,,,UNMEASURED,False,
XZO,NYSE,ELIGIBLE,15.21,5346825.324,326933.8,1.0,0.3179,0.0,39.05,D-1,True,3009
YAAS,NASDAQ,ELIGIBLE,1.24,96034.8635,53833.25,1.0,0.0744,0.0,268.02,D-1,False,
YALA,NYSE,ELIGIBLE,5.48,1689849.0100000002,308501.7,1.0,0.2205,0.0,18.28,D-1,True,3639
YALL,ARCA,FUND_ETF_ETN,,,,,,,,UNMEASURED,False,
YANG,ARCA,FUND_ETF_ETN,,,,,,,,UNMEASURED,False,
YARIY,OTC,NOT_LISTED_EXCHANGE,,,,,,,,UNMEASURED,False,
YARW,NASDAQ,ELIGIBLE,25.54,4624419.2415,167568.1,1.0,0.3205,0.0,161.69,D-1,True,3097
YB,NASDAQ,ELIGIBLE,12.215,468701.6155,35886.1,1.0,0.0487,0.0,172.63,D-1,False,
YBIT,ARCA,FUND_ETF_ETN,,,,,,,,UNMEASURED,False,
YBST,NASDAQ,FUND_ETF_ETN,,,,,,,,UNMEASURED,False,
YBTC,BATS,FUND_ETF_ETN,,,,,,,,UNMEASURED,False,
YBTY,NASDAQ,FUND_ETF_ETN,,,,,,,,UNMEASURED,False,
YCBD,AMEX,ELIGIBLE,0.468,456793.295465,992013.6,1.0,0.1821,0.0,373.84,D-1,False,
YCL,ARCA,FUND_ETF_ETN,,,,,,,,UNMEASURED,False,
YCLO,ARCA,FUND_ETF_ETN,,,,,,,,UNMEASURED,False,
YCS,ARCA,FUND_ETF_ETN,,,,,,,,UNMEASURED,False,
YCY,NYSE,ELIGIBLE,10.29,286229.445,27860.55,1.0,0.0128,0.0,29.17,D-1,False,
YCY.U,NYSE,WARRANT,,,,,,,,UNMEASURED,False,
YCY.WS,NYSE,MALFORMED_OR_NON_COMMON_SYMBOL,,,,,,,,UNMEASURED,False,
YDDL,NASDAQ,ELIGIBLE,1.46,4161932.5377499997,1892992.0,1.0,0.1128,0.0,404.08,D-1,True,3159
YDEC,BATS,FUND_ETF_ETN,,,,,,,,UNMEASURED,False,
YDES,NASDAQ,ELIGIBLE,5.73,2787585.06725,696418.05,1.0,0.6385,47.64,159.12,D-1,True,3360
YDESW,NASDAQ,WARRANT,,,,,,,,UNMEASURED,False,
YDKG,NASDAQ,ELIGIBLE,0.888,9950.901125,11259.95,1.0,0.0308,0.0,,UNMEASURED,False,
YEAR,ARCA,FUND_ETF_ETN,,,,,,,,UNMEASURED,False,
YELP,NYSE,ELIGIBLE,18.03,28226954.345999997,1380022.15,1.0,0.8538,5.39,19.02,D-1,True,1900
YETH,BATS,FUND_ETF_ETN,,,,,,,,UNMEASURED,False,
YETI,NYSE,ELIGIBLE,42.28,73338399.9735,1774499.3,1.0,0.8256,4.72,8.33,D-1,True,1200
YEXT,NYSE,ELIGIBLE,6.47,8197517.187000001,1273842.35,1.0,0.8308,7.6,15.27,D-1,True,2741
YFFI,ARCA,FUND_ETF_ETN,,,,,,,,UNMEASURED,False,
YFOR,NASDAQ,ELIGIBLE,1.47,2675706.3765000002,1727871.9,1.0,0.3256,0.0,200.0,D-1,True,3385
YFYA,ARCA,FUND_ETF_ETN,,,,,,,,UNMEASURED,False,
YGFGF,OTC,NOT_TRADABLE,,,,,,,,UNMEASURED,False,
YGLD,ARCA,FUND_ETF_ETN,,,,,,,,UNMEASURED,False,
YGMZF,OTC,NOT_TRADABLE,,,,,,,,UNMEASURED,False,
YHC,NASDAQ,ELIGIBLE,1.3,124452.7495,90521.0,1.0,0.0949,0.0,116.43,D-1,False,
YHGJ,NASDAQ,ELIGIBLE,2.44,8792.788895000002,3341.65,1.0,0.0231,0.0,498.7,D-1,False,
YHNA,NASDAQ,ELIGIBLE,11.04,375278.17,34000.95,1.0,0.0128,0.0,,UNMEASURED,False,
YHNAR,NASDAQ,RIGHT,,,,,,,,UNMEASURED,False,
YHNAU,NASDAQ,UNIT,,,,,,,,UNMEASURED,False,
YI,NASDAQ,ELIGIBLE,3.6,66474.19817999999,19072.05,1.0,0.0026,0.0,,UNMEASURED,False,
YIBO,NASDAQ,ELIGIBLE,1.11,2285.7287499999998,1940.9,1.0,0.0051,36.17,,UNMEASURED,False,
YICC,NASDAQ,ELIGIBLE,9.92,1091704.24375,109879.75,1.0,0.0077,0.0,,UNMEASURED,True,3886
YICCU,NASDAQ,UNIT,,,,,,,,UNMEASURED,False,
YICCW,NASDAQ,WARRANT,,,,,,,,UNMEASURED,False,
YINN,ARCA,FUND_ETF_ETN,,,,,,,,UNMEASURED,False,
YJ,NASDAQ,ELIGIBLE,1.82,245104.23625,117211.05,1.0,0.2769,0.0,434.78,D-1,False,
YJUN,BATS,FUND_ETF_ETN,,,,,,,,UNMEASURED,False,
YLD,ARCA,FUND_ETF_ETN,,,,,,,,UNMEASURED,False,
YLDE,NASDAQ,FUND_ETF_ETN,,,,,,,,UNMEASURED,False,
YLDW,ARCA,FUND_ETF_ETN,,,,,,,,UNMEASURED,False,
YLDY,BATS,FUND_ETF_ETN,,,,,,,,UNMEASURED,False,
YMAG,ARCA,FUND_ETF_ETN,,,,,,,,UNMEASURED,False,
YMAR,BATS,FUND_ETF_ETN,,,,,,,,UNMEASURED,False,
YMAT,NASDAQ,ELIGIBLE,1.56,7035287.29295,3849433.35,1.0,0.6256,51.7,247.75,D-1,True,2832
YMAX,ARCA,FUND_ETF_ETN,,,,,,,,UNMEASURED,False,
YMM,NYSE,ELIGIBLE,8.13,44012867.228,5263023.6,1.0,0.9949,6.14,12.27,D-1,True,1593
YMT,NASDAQ,ELIGIBLE,1.81,373972.96499999997,174653.6,1.0,0.3051,0.0,273.97,D-1,False,
YNOT,NASDAQ,FUND_ETF_ETN,,,,,,,,UNMEASURED,False,
YOKE,NASDAQ,FUND_ETF_ETN,,,,,,,,UNMEASURED,False,
YOLO,ARCA,FUND_ETF_ETN,,,,,,,,UNMEASURED,False,
YORW,NASDAQ,ELIGIBLE,30.98,4760069.96,145511.3,1.0,0.4923,0.0,25.84,D-1,True,3086
YOTA,OTC,NOT_TRADABLE,,,,,,,,UNMEASURED,False,
YOTAR,OTC,NOT_TRADABLE,,,,,,,,UNMEASURED,False,
YOTAW,OTC,NOT_TRADABLE,,,,,,,,UNMEASURED,False,
YOU,NYSE,ELIGIBLE,39.6,85473431.198,2074607.3,1.0,0.8564,5.15,10.27,D-1,True,1089
YOUL,NASDAQ,ELIGIBLE,0.4885,31215.057275,65176.95,1.0,0.0308,277.28,,UNMEASURED,False,
YPF,NYSE,ELIGIBLE,52.1,73098893.175,1346491.05,1.0,0.8846,5.74,12.45,D-1,True,1203
YQ,NASDAQ,ELIGIBLE,3.69,687597.0665,214658.3,1.0,0.0154,6.78,,UNMEASURED,False,
YQQQ,NASDAQ,FUND_ETF_ETN,,,,,,,,UNMEASURED,False,
YRAM,NASDAQ,FUND_ETF_ETN,,,,,,,,UNMEASURED,False,
YRD,NYSE,ELIGIBLE,0.9907,44954.8571,44967.75,1.0,0.0641,0.0,79.47,D-1,False,
YSAG,NASDAQ,FUND_ETF_ETN,,,,,,,,UNMEASURED,False,
YSAU,NASDAQ,FUND_ETF_ETN,,,,,,,,UNMEASURED,False,
YSEP,BATS,FUND_ETF_ETN,,,,,,,,UNMEASURED,False,
YSG,NYSE,ELIGIBLE,2.54,258022.99049999999,98579.85,1.0,0.3462,0.0,76.78,D-1,False,
YSPC,ARCA,FUND_ETF_ETN,,,,,,,,UNMEASURED,False,
YSPY,NASDAQ,FUND_ETF_ETN,,,,,,,,UNMEASURED,False,
YSS,NYSE,ELIGIBLE,9.57,34060740.157500006,3918201.45,1.0,0.9923,20.71,26.31,D-1,True,1768
YSWY,NASDAQ,ELIGIBLE,19.32,6821463.7985,307550.55,1.0,0.3231,0.0,31.17,D-1,True,2847
YSXT,NASDAQ,ELIGIBLE,1.3,32063.11952,24065.55,1.0,0.0205,0.0,,UNMEASURED,False,
YTENQ,OTC,NOT_TRADABLE,,,,,,,,UNMEASURED,False,
YTRA,NASDAQ,ELIGIBLE,0.99,40173.383010000005,38992.05,1.0,0.0487,0.0,,UNMEASURED,False,
YUM,NYSE,ELIGIBLE,138.63,327473294.883,2287027.75,1.0,0.9795,6.12,16.16,D-1,True,400
YUMC,NYSE,ELIGIBLE,40.47,56827397.546000004,1335663.05,1.0,0.8487,2.47,4.95,D-1,True,1396
YUNG,BATS,FUND_ETF_ETN,,,,,,,,UNMEASURED,False,
YXI,ARCA,FUND_ETF_ETN,,,,,,,,UNMEASURED,False,
YXT,NASDAQ,ELIGIBLE,2.41,44940.335,18081.7,1.0,0.0333,0.0,603.28,D-1,False,
YYAI,NASDAQ,ELIGIBLE,0.7935,359612.888805,466155.7,1.0,0.4026,1.24,114.81,D-1,False,
YYY,ARCA,FUND_ETF_ETN,,,,,,,,UNMEASURED,False,
YYYM,ARCA,FUND_ETF_ETN,,,,,,,,UNMEASURED,False,
YZCAY,OTC,NOT_LISTED_EXCHANGE,,,,,,,,UNMEASURED,False,
Z,NASDAQ,ELIGIBLE,28.43,121828937.58399999,3876662.5,1.0,1.0,8.75,5.26,D-1,True,886
ZALT,BATS,FUND_ETF_ETN,,,,,,,,UNMEASURED,False,
ZAP,NASDAQ,FUND_ETF_ETN,,,,,,,,UNMEASURED,False,
ZAPPF,OTC,NOT_TRADABLE,,,,,,,,UNMEASURED,False,
ZAPR,BATS,FUND_ETF_ETN,,,,,,,,UNMEASURED,False,
ZAPWF,OTC,NOT_TRADABLE,,,,,,,,UNMEASURED,False,
ZAUG,BATS,FUND_ETF_ETN,,,,,,,,UNMEASURED,False,
ZBAO,NASDAQ,ELIGIBLE,0.0918,1317246.876145,11752326.75,1.0,0.6744,11.02,152.25,D-1,False,
ZBH,NYSE,ELIGIBLE,91.04,193863282.71649998,2036516.6,1.0,0.9487,4.39,6.58,D-1,True,638
ZBIO,NASDAQ,ELIGIBLE,26.95,20786703.688,663016.0,1.0,0.7846,10.2,35.68,D-1,True,2125
ZBRA,NASDAQ,ELIGIBLE,370.04,202055695.8285,572492.7,1.0,0.6615,2.21,35.2,D-1,True,619
ZCAR,OTC,NOT_TRADABLE,,,,,,,,UNMEASURED,False,
ZCARW,OTC,NOT_TRADABLE,,,,,,,,UNMEASURED,False,
ZCBA,ARCA,FUND_ETF_ETN,,,,,,,,UNMEASURED,False,
ZCBB,ARCA,FUND_ETF_ETN,,,,,,,,UNMEASURED,False,
ZCBC,ARCA,FUND_ETF_ETN,,,,,,,,UNMEASURED,False,
ZCBE,ARCA,FUND_ETF_ETN,,,,,,,,UNMEASURED,False,
ZCBF,ARCA,FUND_ETF_ETN,,,,,,,,UNMEASURED,False,
ZCBG,ARCA,FUND_ETF_ETN,,,,,,,,UNMEASURED,False,
ZCMD,NASDAQ,ELIGIBLE,0.9204,402148.33832,437586.9,1.0,0.1872,0.0,197.81,D-1,False,
ZCSH,ARCA,FUND_ETF_ETN,,,,,,,,UNMEASURED,False,
ZD,NASDAQ,ELIGIBLE,56.51,41233186.7635,722432.25,1.0,0.5128,1.76,13.16,D-1,True,1636
ZDAI,NASDAQ,ELIGIBLE,1.61,14861.701550000002,9265.35,1.0,0.0282,0.0,416.81,D-1,False,
ZDEK,BATS,FUND_ETF_ETN,,,,,,,,UNMEASURED,False,
ZDGE,AMEX,ELIGIBLE,3.0,327213.88,108162.85,1.0,0.0615,0.0,246.47,D-1,False,
ZDIS,ARCA,FUND_ETF_ETN,,,,,,,,UNMEASURED,False,
ZECP,BATS,FUND_ETF_ETN,,,,,,,,UNMEASURED,False,
ZENA,NASDAQ,ELIGIBLE,1.42,2637204.4267499996,1683179.25,1.0,0.8333,20.76,69.44,D-1,True,3391
ZENVF,OTC,NOT_TRADABLE,,,,,,,,UNMEASURED,False,
ZEO,NASDAQ,ELIGIBLE,0.3812,14466228.429945001,34588840.9,1.0,0.9744,59.65,136.06,D-1,False,
ZEOWW,NASDAQ,WARRANT,,,,,,,,UNMEASURED,False,
ZEPP,NYSE,ELIGIBLE,4.14,232886.99700000003,49763.45,1.0,0.0692,0.0,478.95,D-1,False,
ZETA,NYSE,ELIGIBLE,29.45,201537803.479,6543906.3,1.0,0.9974,11.36,5.06,D-1,True,621
ZEVY,OTC,NOT_TRADABLE,,,,,,,,UNMEASURED,False,
ZFEB,BATS,FUND_ETF_ETN,,,,,,,,UNMEASURED,False,
ZG,NASDAQ,ELIGIBLE,29.3,29338630.183749996,909357.7,1.0,0.9205,6.74,10.2,D-1,True,1870
ZGN,NYSE,ELIGIBLE,12.73,16288009.0745,1324645.05,1.0,0.6564,3.95,15.98,D-1,True,2278
ZH,NYSE,ELIGIBLE,3.76,2085756.7719999999,660158.1,1.0,0.7,0.0,25.61,D-1,True,3534
ZHDG,ARCA,FUND_ETF_ETN,,,,,,,,UNMEASURED,False,
ZHOG,NASDAQ,FUND_ETF_ETN,,,,,,,,UNMEASURED,False,
ZIG,ARCA,FUND_ETF_ETN,,,,,,,,UNMEASURED,False,
ZIM,NYSE,ELIGIBLE,29.19,39208323.866,1333291.05,1.0,0.8718,3.44,12.02,D-1,True,1674
ZINC,ARCA,FUND_ETF_ETN,,,,,,,,UNMEASURED,False,
ZINN,ARCA,FUND_ETF_ETN,,,,,,,,UNMEASURED,False,
ZION,NASDAQ,ELIGIBLE,63.83,100671642.4605,1518065.3,1.0,0.9385,3.13,4.72,D-1,True,988
ZIONP,NASDAQ,PREFERRED,,,,,,,,UNMEASURED,False,
ZIP,NYSE,ELIGIBLE,3.51,3355174.6535,851339.45,1.0,0.5821,0.0,28.66,D-1,True,3265
ZIVO,OTC,NOT_LISTED_EXCHANGE,,,,,,,,UNMEASURED,False,
ZJAN,BATS,FUND_ETF_ETN,,,,,,,,UNMEASURED,False,
ZJK,NASDAQ,ELIGIBLE,2.1,31043.379000000004,14177.7,1.0,0.0128,0.0,,UNMEASURED,False,
ZJUL,BATS,FUND_ETF_ETN,,,,,,,,UNMEASURED,False,
ZJUN,BATS,FUND_ETF_ETN,,,,,,,,UNMEASURED,False,
ZJYL,NASDAQ,NOT_TRADABLE,,,,,,,,UNMEASURED,False,
ZKH,NYSE,ELIGIBLE,2.86,763687.412,261914.8,1.0,0.6897,0.0,70.42,D-1,False,
ZKIN,NASDAQ,ELIGIBLE,2.35,113977.24250000001,68078.15,1.0,0.1949,0.0,859.3,D-1,False,
ZKP,NASDAQ,ELIGIBLE,10.03,368744.60025,36737.5,1.0,0.0051,0.0,,UNMEASURED,False,
ZKPU,NASDAQ,UNIT,,,,,,,,UNMEASURED,False,
ZKPW,NASDAQ,WARRANT,,,,,,,,UNMEASURED,False,
ZLAB,NASDAQ,ELIGIBLE,24.98,21795172.1265,855682.95,1.0,0.4077,0.79,23.77,D-1,True,2085
ZLNDY,OTC,NOT_LISTED_EXCHANGE,,,,,,,,UNMEASURED,False,
ZLSWF,OTC,NOT_TRADABLE,,,,,,,,UNMEASURED,False,
ZM,NASDAQ,ELIGIBLE,89.71,280905381.3215,2989475.7,1.0,0.9949,5.53,5.48,D-1,True,453
ZMAR,BATS,FUND_ETF_ETN,,,,,,,,UNMEASURED,False,
ZMAY,BATS,FUND_ETF_ETN,,,,,,,,UNMEASURED,False,
ZMENY,OTC,NOT_TRADABLE,,,,,,,,UNMEASURED,False,
ZMUN,NASDAQ,FUND_ETF_ETN,,,,,,,,UNMEASURED,False,
ZNB,NASDAQ,ELIGIBLE,1.35,56252.528000000006,37315.3,1.0,0.0615,0.0,512.82,D-1,False,
ZNOV,BATS,FUND_ETF_ETN,,,,,,,,UNMEASURED,False,
ZNTL,NASDAQ,ELIGIBLE,2.7,3241689.818,964093.95,1.0,0.9179,16.97,37.25,D-1,True,3286
ZOCT,BATS,FUND_ETF_ETN,,,,,,,,UNMEASURED,False,
ZOMDF,OTC,NOT_TRADABLE,,,,,,,,UNMEASURED,False,
ZONE,AMEX,ELIGIBLE,0.1299,1083201.5141750001,7615560.55,1.0,0.9641,37.87,65.59,D-1,False,
ZOOZ,NASDAQ,ELIGIBLE,7.71,293478.413,39644.25,1.0,0.0051,0.0,439.84,D-1,False,
ZOOZW,NASDAQ,WARRANT,,,,,,,,UNMEASURED,False,
ZPTA,OTC,NOT_TRADABLE,,,,,,,,UNMEASURED,False,
ZPTAW,OTC,NOT_TRADABLE,,,,,,,,UNMEASURED,False,
ZROZ,ARCA,FUND_ETF_ETN,,,,,,,,UNMEASURED,False,
ZS,NASDAQ,ELIGIBLE,193.05,724581526.3659999,3901033.0,1.0,1.0,15.77,8.91,D-1,True,165
ZSB,ARCA,FUND_ETF_ETN,,,,,,,,UNMEASURED,False,
ZSC,ARCA,FUND_ETF_ETN,,,,,,,,UNMEASURED,False,
ZSEP,BATS,FUND_ETF_ETN,,,,,,,,UNMEASURED,False,
ZSL,ARCA,FUND_ETF_ETN,,,,,,,,UNMEASURED,False,
ZSPC,OTC,NOT_TRADABLE,,,,,,,,UNMEASURED,False,
ZSQR,NASDAQ,ELIGIBLE,3.78,1287007.8074999999,432003.45,1.0,0.5513,13.8,53.98,D-1,True,3794
ZSTK,NASDAQ,ELIGIBLE,4.07,588514.45875,127267.6,1.0,0.0744,0.0,443.35,D-1,False,
ZTAX,ARCA,FUND_ETF_ETN,,,,,,,,UNMEASURED,False,
ZTEKF,OTC,NOT_TRADABLE,,,,,,,,UNMEASURED,False,
ZTEN,NASDAQ,FUND_ETF_ETN,,,,,,,,UNMEASURED,False,
ZTG,NASDAQ,ELIGIBLE,1.34,15188699.263225,12201094.3,1.0,0.4897,0.0,175.45,D-1,True,2331
ZTO,NYSE,ELIGIBLE,19.49,59991534.3125,2966433.65,1.0,0.959,2.57,5.14,D-1,True,1358
ZTOP,NASDAQ,FUND_ETF_ETN,,,,,,,,UNMEASURED,False,
ZTR,NYSE,FUND_ETF_ETN,,,,,,,,UNMEASURED,False,
ZTRE,NASDAQ,FUND_ETF_ETN,,,,,,,,UNMEASURED,False,
ZTS,NYSE,ELIGIBLE,71.05,345058942.426,4685175.85,1.0,0.9974,6.44,6.42,D-1,True,367
ZTWO,NASDAQ,FUND_ETF_ETN,,,,,,,,UNMEASURED,False,
ZUMZ,NASDAQ,ELIGIBLE,13.31,5474967.866,366644.3,1.0,0.4154,0.0,33.63,D-1,True,2996
ZURA,NASDAQ,ELIGIBLE,4.04,8281071.314499999,1645071.9,1.0,0.9179,12.19,24.97,D-1,True,2736
ZURVY,OTC,NOT_LISTED_EXCHANGE,,,,,,,,UNMEASURED,False,
ZVIA,NYSE,ELIGIBLE,1.33,538285.9235,402211.95,1.0,0.541,0.0,75.19,D-1,False,
ZVOI,OTC,NOT_TRADABLE,,,,,,,,UNMEASURED,False,
ZVOL,BATS,FUND_ETF_ETN,,,,,,,,UNMEASURED,False,
ZVRA,NASDAQ,ELIGIBLE,11.04,10582688.919,888679.3,1.0,0.6949,0.0,13.48,D-1,True,2581
ZVSA,OTC,NOT_TRADABLE,,,,,,,,UNMEASURED,False,
ZWS,NYSE,ELIGIBLE,46.65,42013170.890499994,901406.75,1.0,0.5949,1.51,7.5,D-1,True,1622
ZYBT,NASDAQ,ELIGIBLE,1.305,47586.02325,31380.3,1.0,0.0462,0.0,454.55,D-1,False,
ZYME,NASDAQ,ELIGIBLE,26.52,19526397.691749997,707378.25,1.0,0.7667,3.79,17.05,D-1,True,2166
ZYXIQ,OTC,NOT_TRADABLE,,,,,,,,UNMEASURED,False,
