cell,n,distinct_dates,distinct_symbols,cost_bps,n_missing_exit,missing_exit_rate,mean_raw,median_raw,mean_spy_relative,mean_sector_relative,median_sector_relative,mean_sector_relative_net,hit_rate,dispersion_sd,ci_low,ci_high,ci_insufficient_n,mean_without_top1,mean_without_top3,mean_without_top5,stable_years,missing_exit_bounds,suspect_adjustment_n,sensitivity_mean_sector_relative_ex_suspect,n_ge_300,dates_ge_150,mean_ge_2x_cost,ci_excludes_zero,sign_stable_4_of_5,top5_removal_keeps_sign,missing_exit_rate_le_2pct,SCREEN_PASS,nominatable,label
GAP_UP_3|LONG|H0|L1,32323,1241,2608,30,0,0.0,-0.0018388724801964608,-0.002188183807439903,-0.001906852242163086,-0.001449451393760314,-0.0017390202527978182,-0.004449451393760314,0.47418247068650804,0.05297783456952454,-0.0040214351464578565,0.0009050404984542298,False,-0.0015211799341712693,-0.0015921993895009884,-0.0016351200583150046,5,"{'BOUND_LONG_MINUS100_SHORT_0': {'mean_sector_relative': -0.001449451393760314, 'mean_ge_2x_cost': False, 'sign_unchanged': True}, 'BOUND_MIRROR_LONG_0_SHORT_MINUS100': {'mean_sector_relative': -0.001449451393760314, 'mean_ge_2x_cost': False, 'sign_unchanged': True}}",12,-0.001669641376843514,True,True,False,False,True,True,True,False,False,DISCOVERY
GAP_UP_3|LONG|H0|L2,20505,1199,1442,20,0,0.0,-0.0016428975086648257,-0.001996427445623561,-0.001702307303933174,-0.0013749527657346576,-0.001349846780973385,-0.0033749527657346576,0.479151426481346,0.05266592404108567,-0.003817321964569256,0.000991719725816531,False,-0.0014854969841964184,-0.001563720076593698,-0.0016326072422539269,3,"{'BOUND_LONG_MINUS100_SHORT_0': {'mean_sector_relative': -0.0013749527657346576, 'mean_ge_2x_cost': False, 'sign_unchanged': True}, 'BOUND_MIRROR_LONG_0_SHORT_MINUS100': {'mean_sector_relative': -0.0013749527657346576, 'mean_ge_2x_cost': False, 'sign_unchanged': True}}",9,-0.0016386242326303566,True,True,False,False,False,True,True,False,False,DISCOVERY
GAP_UP_3|LONG|H0|L3,2292,637,181,12,0,0.0,-0.006501214023970192,-0.005082190570044498,-0.006113206851061636,-0.00583515733762018,-0.003856682703139769,-0.007035157337620179,0.4341186736474695,0.052563639709522395,-0.009252431877724262,-0.002340417934903526,False,-0.006132343308456623,-0.006615899895699273,-0.006954594510062144,5,"{'BOUND_LONG_MINUS100_SHORT_0': {'mean_sector_relative': -0.00583515733762018, 'mean_ge_2x_cost': False, 'sign_unchanged': True}, 'BOUND_MIRROR_LONG_0_SHORT_MINUS100': {'mean_sector_relative': -0.00583515733762018, 'mean_ge_2x_cost': False, 'sign_unchanged': True}}",4,-0.006339286419381938,True,True,False,True,True,True,True,False,False,DISCOVERY
GAP_UP_3|LONG|H1|L1,32308,1240,2607,30,9,0.00027849119658384134,0.00026715100975733885,-0.0030939228030363863,-0.0033259665472280247,-0.00253650161732414,-0.004255167664764081,-0.005536501617324141,0.4581218274111675,0.07900688804316902,-0.006637875836560364,0.0014286190546350687,False,-0.0025887129147058132,-0.0026829319837280313,-0.002766871697502142,3,"{'BOUND_LONG_MINUS100_SHORT_0': {'mean_sector_relative': -0.0028142864205374365, 'mean_ge_2x_cost': False, 'sign_unchanged': True}, 'BOUND_MIRROR_LONG_0_SHORT_MINUS100': {'mean_sector_relative': -0.002535795223953595, 'mean_ge_2x_cost': False, 'sign_unchanged': True}}",25,-0.0029534159247431926,True,True,False,False,False,True,True,False,False,DISCOVERY
GAP_UP_3|LONG|H1|L2,20498,1198,1441,20,4,0.000195102916788606,0.0012838198004677752,-0.0014311315924219192,-0.0029746934821931674,-0.002478070150576311,-0.003075066556630923,-0.004478070150576311,0.46672846131329887,0.07693724972450687,-0.00628125643616407,0.0012408073253239683,False,-0.0025624673108704072,-0.002668470793478582,-0.002762429087977029,3,"{'BOUND_LONG_MINUS100_SHORT_0': {'mean_sector_relative': -0.002672689588650533, 'mean_ge_2x_cost': False, 'sign_unchanged': True}, 'BOUND_MIRROR_LONG_0_SHORT_MINUS100': {'mean_sector_relative': -0.002477586671861927, 'mean_ge_2x_cost': False, 'sign_unchanged': True}}",12,-0.0028176627655039,True,True,False,False,False,True,True,False,False,DISCOVERY
GAP_UP_3|LONG|H1|L3,2292,637,181,12,0,0.0,-0.003261172439704287,-0.00418956953035704,-0.007247183934223995,-0.006613737589054569,-0.005415536586067804,-0.007813737589054568,0.4258289703315881,0.10072668322199889,-0.012156390326859862,-0.0008401319671597331,False,-0.007905154116663423,-0.008780530229485745,-0.009202919034819916,4,"{'BOUND_LONG_MINUS100_SHORT_0': {'mean_sector_relative': -0.006613737589054569, 'mean_ge_2x_cost': False, 'sign_unchanged': True}, 'BOUND_MIRROR_LONG_0_SHORT_MINUS100': {'mean_sector_relative': -0.006613737589054569, 'mean_ge_2x_cost': False, 'sign_unchanged': True}}",6,-0.008628528068533597,True,True,False,True,True,True,True,False,False,DISCOVERY
GAP_UP_3|LONG|H3|L1,32282,1238,2603,30,28,0.0008666047663262148,-0.0018566742665978718,-0.0024197451831496908,-0.004978344473121417,-0.0032329152693539673,-0.005521907546994609,-0.006232915269353967,0.45849079982652874,0.11443956364332301,-0.008147883824318813,0.0014892790337953617,False,-0.00336459501560944,-0.003561186169255947,-0.003729230620275367,5,"{'BOUND_LONG_MINUS100_SHORT_0': {'mean_sector_relative': -0.004096718375898631, 'mean_ge_2x_cost': False, 'sign_unchanged': True}, 'BOUND_MIRROR_LONG_0_SHORT_MINUS100': {'mean_sector_relative': -0.003230113609572416, 'mean_ge_2x_cost': False, 'sign_unchanged': True}}",40,-0.004211194827850618,True,True,False,False,True,True,True,False,False,DISCOVERY
GAP_UP_3|LONG|H3|L2,20475,1196,1437,20,18,0.000878348704435661,-0.0019722826663160077,-0.0009614064002197997,-0.0058784757722201925,-0.0044436252630924294,-0.005023023278284411,-0.0064436252630924295,0.46046398046398046,0.11561160159709084,-0.009234623737850587,0.0002201482063575365,False,-0.004768938591454712,-0.004970217899678829,-0.005106301638541998,3,"{'BOUND_LONG_MINUS100_SHORT_0': {'mean_sector_relative': -0.005318070915035255, 'mean_ge_2x_cost': False, 'sign_unchanged': True}, 'BOUND_MIRROR_LONG_0_SHORT_MINUS100': {'mean_sector_relative': -0.004439722210599594, 'mean_ge_2x_cost': False, 'sign_unchanged': True}}",17,-0.00518060238666531,True,True,False,False,False,True,True,False,False,DISCOVERY
GAP_UP_3|LONG|H3|L3,2291,636,181,12,0,0.0,-0.006546132223279893,-0.004713275726630051,-0.01059052907081799,-0.009120789218386821,-0.007614471691397062,-0.010320789218386821,0.43954604975993017,0.13138412782970546,-0.016717801834306552,-0.0015189479712059506,False,-0.010307933950114697,-0.011906221177938464,-0.012870341253021061,3,"{'BOUND_LONG_MINUS100_SHORT_0': {'mean_sector_relative': -0.009120789218386821, 'mean_ge_2x_cost': False, 'sign_unchanged': True}, 'BOUND_MIRROR_LONG_0_SHORT_MINUS100': {'mean_sector_relative': -0.009120789218386821, 'mean_ge_2x_cost': False, 'sign_unchanged': True}}",8,-0.01253440164357994,True,True,False,True,False,True,True,False,False,DISCOVERY
GAP_UP_3|LONG|H5|L1,32231,1236,2600,30,41,0.0012704511650966782,-0.0026818538752743696,-0.002694509936005396,-0.0054708856880933965,-0.004027486085603593,-0.00654182418888305,-0.007027486085603593,0.4619775992057336,0.12561978198934523,-0.009917618365034206,0.0016250348210649218,False,-0.00414094198809072,-0.004325202684656262,-0.0044432705718230586,5,"{'BOUND_LONG_MINUS100_SHORT_0': {'mean_sector_relative': -0.005292820526310405, 'mean_ge_2x_cost': False, 'sign_unchanged': True}, 'BOUND_MIRROR_LONG_0_SHORT_MINUS100': {'mean_sector_relative': -0.004022369361213727, 'mean_ge_2x_cost': False, 'sign_unchanged': True}}",45,-0.00474260608539773,True,True,False,False,True,True,True,False,False,DISCOVERY
GAP_UP_3|LONG|H5|L2,20448,1194,1435,20,26,0.0012699032919800722,-0.004088602891986387,-0.002871011905602905,-0.0064013106731201745,-0.005104194527061383,-0.006701531528311266,-0.007104194527061383,0.4577953834115806,0.14840624830619545,-0.010414024532950891,0.0002044025965046017,False,-0.00551522475551277,-0.005994664278043094,-0.006238903359145012,4,"{'BOUND_LONG_MINUS100_SHORT_0': {'mean_sector_relative': -0.006367615985608633, 'mean_ge_2x_cost': False, 'sign_unchanged': True}, 'BOUND_MIRROR_LONG_0_SHORT_MINUS100': {'mean_sector_relative': -0.005097712693628561, 'mean_ge_2x_cost': False, 'sign_unchanged': True}}",23,-0.006284729599653907,True,True,False,False,True,True,True,False,False,DISCOVERY
GAP_UP_3|LONG|H5|L3,2288,635,181,12,0,0.0,-0.01173582582630169,-0.00981106076112881,-0.014138908771690191,-0.0124929278045067,-0.011466982122031122,-0.0136929278045067,0.4230769230769231,0.13088028276848818,-0.020010851128020875,-0.0053442035320246375,False,-0.013208518715299721,-0.014560404130793974,-0.015413402402901451,4,"{'BOUND_LONG_MINUS100_SHORT_0': {'mean_sector_relative': -0.0124929278045067, 'mean_ge_2x_cost': False, 'sign_unchanged': True}, 'BOUND_MIRROR_LONG_0_SHORT_MINUS100': {'mean_sector_relative': -0.0124929278045067, 'mean_ge_2x_cost': False, 'sign_unchanged': True}}",8,-0.014539471270793015,True,True,False,True,True,True,True,False,False,DISCOVERY
GAP_UP_3|LONG|H10|L1,32067,1231,2593,30,75,0.002333395557214859,0.01150040726683808,0.004363738738738521,-0.0038598477489425213,-0.0025639968060933963,-0.008666816815279477,-0.005563996806093397,0.4600679826613029,0.15997744893530863,-0.00876922426681285,0.003996149070449008,False,-0.0027504256549264936,-0.002988820183250051,-0.003185101268069269,4,"{'BOUND_LONG_MINUS100_SHORT_0': {'mean_sector_relative': -0.004891409544552205, 'mean_ge_2x_cost': False, 'sign_unchanged': True}, 'BOUND_MIRROR_LONG_0_SHORT_MINUS100': {'mean_sector_relative': -0.0025580139873373447, 'mean_ge_2x_cost': False, 'sign_unchanged': True}}",64,-0.003386605709264401,True,True,False,False,True,True,True,False,False,DISCOVERY
GAP_UP_3|LONG|H10|L2,20365,1189,1432,20,43,0.002107016856134849,0.011891551248160648,0.006141618497109924,-0.004530209894014282,-0.003626102835991088,-0.006989531044422348,-0.005626102835991088,0.4651608151239872,0.20389244124537864,-0.009584637755591503,0.002303938280888776,False,-0.0044327036208715,-0.005017017744798509,-0.005337859664061803,3,"{'BOUND_LONG_MINUS100_SHORT_0': {'mean_sector_relative': -0.005725479432328426, 'mean_ge_2x_cost': False, 'sign_unchanged': True}, 'BOUND_MIRROR_LONG_0_SHORT_MINUS100': {'mean_sector_relative': -0.0036184625761935766, 'mean_ge_2x_cost': False, 'sign_unchanged': True}}",34,-0.005450642746900716,True,True,False,False,False,True,True,False,False,DISCOVERY
GAP_UP_3|LONG|H10|L3,2285,634,180,12,2,0.0008745080891998251,0.0007234626454941934,-0.0017577888228875738,-0.015580707315417369,-0.013659958477928193,-0.016270034932641453,-0.014859958477928193,0.4140043763676149,0.1908591410148065,-0.023859929989084157,-0.0032252973875749645,False,-0.01562984688936366,-0.017396620657463203,-0.018437802809912963,4,"{'BOUND_LONG_MINUS100_SHORT_0': {'mean_sector_relative': -0.014522520822940936, 'mean_ge_2x_cost': False, 'sign_unchanged': True}, 'BOUND_MIRROR_LONG_0_SHORT_MINUS100': {'mean_sector_relative': -0.013648012733741112, 'mean_ge_2x_cost': False, 'sign_unchanged': True}}",9,-0.01746201541810541,True,True,False,True,True,True,True,False,False,DISCOVERY
GAP_UP_3|SHORT|H0|L1,32323,1241,2608,30,0,0.0,0.0018388724801964608,0.002188183807439903,0.001906852242163086,0.001449451393760314,0.0017390202527978182,-0.001550548606239686,0.5257247161463973,0.05297783456952454,-0.00090504049845423,0.0040214351464578565,False,0.0014230819355702455,0.0013867720456460682,0.001356430526802142,5,"{'BOUND_LONG_MINUS100_SHORT_0': {'mean_sector_relative': 0.001449451393760314, 'mean_ge_2x_cost': False, 'sign_unchanged': True}, 'BOUND_MIRROR_LONG_0_SHORT_MINUS100': {'mean_sector_relative': 0.001449451393760314, 'mean_ge_2x_cost': False, 'sign_unchanged': True}}",12,0.001669641376843514,True,True,False,False,True,True,True,False,False,DISCOVERY
GAP_UP_3|SHORT|H0|L2,20505,1199,1442,20,0,0.0,0.0016428975086648257,0.001996427445623561,0.001702307303933174,0.0013749527657346576,0.001349846780973385,-0.0006250472342653425,0.520848573518654,0.05266592404108567,-0.0009917197258165315,0.003817321964569256,False,0.0013470429903037055,0.0012944174980230978,0.001250333041063462,3,"{'BOUND_LONG_MINUS100_SHORT_0': {'mean_sector_relative': 0.0013749527657346576, 'mean_ge_2x_cost': False, 'sign_unchanged': True}, 'BOUND_MIRROR_LONG_0_SHORT_MINUS100': {'mean_sector_relative': 0.0013749527657346576, 'mean_ge_2x_cost': False, 'sign_unchanged': True}}",9,0.0016386242326303566,True,True,False,False,False,True,True,False,False,DISCOVERY
GAP_UP_3|SHORT|H0|L3,2292,637,181,12,0,0.0,0.006501214023970192,0.005082190570044498,0.006113206851061636,0.00583515733762018,0.003856682703139769,0.00463515733762018,0.5658813263525305,0.052563639709522395,0.0023404179349035257,0.009252431877724262,False,0.005653771358357217,0.005316492386723888,0.005047925329046936,5,"{'BOUND_LONG_MINUS100_SHORT_0': {'mean_sector_relative': 0.00583515733762018, 'mean_ge_2x_cost': True, 'sign_unchanged': True}, 'BOUND_MIRROR_LONG_0_SHORT_MINUS100': {'mean_sector_relative': 0.00583515733762018, 'mean_ge_2x_cost': True, 'sign_unchanged': True}}",4,0.006339286419381938,True,True,True,True,True,True,True,True,True,DISCOVERY
GAP_UP_3|SHORT|H1|L1,32308,1240,2607,30,9,0.00027849119658384134,-0.00026715100975733885,0.0030939228030363863,0.0033259665472280247,0.00253650161732414,0.004255167664764081,-0.00046349838267585987,0.5418472205026619,0.07900688804316902,-0.0014286190546350694,0.006637875836560362,False,0.002510372651880946,0.0024642630870127884,0.002424150250373284,3,"{'BOUND_LONG_MINUS100_SHORT_0': {'mean_sector_relative': 0.002535795223953595, 'mean_ge_2x_cost': False, 'sign_unchanged': True}, 'BOUND_MIRROR_LONG_0_SHORT_MINUS100': {'mean_sector_relative': 0.002257304027369754, 'mean_ge_2x_cost': False, 'sign_unchanged': True}}",25,0.0029534159247431926,True,True,False,False,False,True,True,False,False,DISCOVERY
GAP_UP_3|SHORT|H1|L2,20498,1198,1441,20,4,0.000195102916788606,-0.0012838198004677752,0.0014311315924219192,0.0029746934821931674,0.002478070150576311,0.003075066556630923,0.0004780701505763111,0.53322275343936,0.07693724972450687,-0.0012408073253239685,0.006281256436164069,False,0.00244310172623132,0.0023786820359016736,0.002325128553854112,3,"{'BOUND_LONG_MINUS100_SHORT_0': {'mean_sector_relative': 0.002477586671861927, 'mean_ge_2x_cost': False, 'sign_unchanged': True}, 'BOUND_MIRROR_LONG_0_SHORT_MINUS100': {'mean_sector_relative': 0.0022824837550733212, 'mean_ge_2x_cost': False, 'sign_unchanged': True}}",12,0.0028176627655039,True,True,False,False,False,True,True,False,False,DISCOVERY
GAP_UP_3|SHORT|H1|L3,2292,637,181,12,0,0.0,0.003261172439704287,0.00418956953035704,0.007247183934223995,0.006613737589054569,0.005415536586067804,0.005413737589054569,0.5741710296684118,0.10072668322199889,0.0008401319671597329,0.012156390326859862,False,0.006295441504037111,0.0058322500200597635,0.005426336231647085,4,"{'BOUND_LONG_MINUS100_SHORT_0': {'mean_sector_relative': 0.006613737589054569, 'mean_ge_2x_cost': True, 'sign_unchanged': True}, 'BOUND_MIRROR_LONG_0_SHORT_MINUS100': {'mean_sector_relative': 0.006613737589054569, 'mean_ge_2x_cost': True, 'sign_unchanged': True}}",6,0.008628528068533597,True,True,True,True,True,True,True,True,True,DISCOVERY
GAP_UP_3|SHORT|H3|L1,32282,1238,2603,30,28,0.0008666047663262148,0.0018566742665978718,0.0024197451831496908,0.004978344473121417,0.0032329152693539673,0.005521907546994609,0.0002329152693539673,0.5415092001734713,0.11443956364332301,-0.0014892790337953622,0.008147883824318813,False,0.0032049564587592915,0.0031565939877741043,0.003108826850775847,5,"{'BOUND_LONG_MINUS100_SHORT_0': {'mean_sector_relative': 0.003230113609572416, 'mean_ge_2x_cost': False, 'sign_unchanged': True}, 'BOUND_MIRROR_LONG_0_SHORT_MINUS100': {'mean_sector_relative': 0.0023635088432462014, 'mean_ge_2x_cost': False, 'sign_unchanged': True}}",40,0.004211194827850618,True,True,False,False,True,True,True,False,False,DISCOVERY
GAP_UP_3|SHORT|H3|L2,20475,1196,1437,20,18,0.000878348704435661,0.0019722826663160077,0.0009614064002197997,0.0058784757722201925,0.0044436252630924294,0.005023023278284411,0.0024436252630924294,0.5395360195360195,0.11561160159709084,-0.00022014820635753683,0.009234623737850587,False,0.004405311339868199,0.004336329585795744,0.00427029133242516,3,"{'BOUND_LONG_MINUS100_SHORT_0': {'mean_sector_relative': 0.004439722210599594, 'mean_ge_2x_cost': True, 'sign_unchanged': True}, 'BOUND_MIRROR_LONG_0_SHORT_MINUS100': {'mean_sector_relative': 0.0035613735061639337, 'mean_ge_2x_cost': False, 'sign_unchanged': True}}",17,0.00518060238666531,True,True,True,False,False,True,True,False,False,DISCOVERY
GAP_UP_3|SHORT|H3|L3,2291,636,181,12,0,0.0,0.006546132223279893,0.004713275726630051,0.01059052907081799,0.009120789218386821,0.007614471691397062,0.007920789218386822,0.5604539502400698,0.13138412782970546,0.0015189479712059506,0.01671780183430655,False,0.008747449211202412,0.008191541269503664,0.007711257780223202,3,"{'BOUND_LONG_MINUS100_SHORT_0': {'mean_sector_relative': 0.009120789218386821, 'mean_ge_2x_cost': True, 'sign_unchanged': True}, 'BOUND_MIRROR_LONG_0_SHORT_MINUS100': {'mean_sector_relative': 0.009120789218386821, 'mean_ge_2x_cost': True, 'sign_unchanged': True}}",8,0.01253440164357994,True,True,True,True,False,True,True,False,False,DISCOVERY
GAP_UP_3|SHORT|H5|L1,32231,1236,2600,30,41,0.0012704511650966782,0.0026818538752743696,0.002694509936005396,0.0054708856880933965,0.004027486085603593,0.00654182418888305,0.001027486085603593,0.5379913747634265,0.12561978198934523,-0.0016250348210649218,0.009917618365034204,False,0.003998077466442281,0.003944375428676642,0.0038935771553509535,5,"{'BOUND_LONG_MINUS100_SHORT_0': {'mean_sector_relative': 0.004022369361213727, 'mean_ge_2x_cost': False, 'sign_unchanged': True}, 'BOUND_MIRROR_LONG_0_SHORT_MINUS100': {'mean_sector_relative': 0.0027519181961170487, 'mean_ge_2x_cost': False, 'sign_unchanged': True}}",45,0.00474260608539773,True,True,False,False,True,True,True,False,False,DISCOVERY
GAP_UP_3|SHORT|H5|L2,20448,1194,1435,20,26,0.0012699032919800722,0.004088602891986387,0.002871011905602905,0.0064013106731201745,0.005104194527061383,0.006701531528311266,0.0031041945270613826,0.5422046165884195,0.14840624830619545,-0.0002044025965046024,0.010414024532950891,False,0.0050608480520489595,0.00498025461675819,0.004907825172650257,4,"{'BOUND_LONG_MINUS100_SHORT_0': {'mean_sector_relative': 0.005097712693628561, 'mean_ge_2x_cost': True, 'sign_unchanged': True}, 'BOUND_MIRROR_LONG_0_SHORT_MINUS100': {'mean_sector_relative': 0.0038278094016484885, 'mean_ge_2x_cost': False, 'sign_unchanged': True}}",23,0.006284729599653907,True,True,True,False,True,True,True,False,False,DISCOVERY
GAP_UP_3|SHORT|H5|L3,2288,635,181,12,0,0.0,0.01173582582630169,0.00981106076112881,0.014138908771690191,0.0124929278045067,0.011466982122031122,0.0112929278045067,0.5769230769230769,0.13088028276848818,0.005344203532024637,0.020010851128020875,False,0.01212435655265172,0.01144884036102083,0.01092412438151392,4,"{'BOUND_LONG_MINUS100_SHORT_0': {'mean_sector_relative': 0.0124929278045067, 'mean_ge_2x_cost': True, 'sign_unchanged': True}, 'BOUND_MIRROR_LONG_0_SHORT_MINUS100': {'mean_sector_relative': 0.0124929278045067, 'mean_ge_2x_cost': True, 'sign_unchanged': True}}",8,0.014539471270793015,True,True,True,True,True,True,True,True,True,DISCOVERY
GAP_UP_3|SHORT|H10|L1,32067,1231,2593,30,75,0.002333395557214859,-0.01150040726683808,-0.004363738738738521,0.0038598477489425213,0.0025639968060933963,0.008666816815279477,-0.0004360031939066038,0.5399320173386971,0.15997744893530863,-0.003996149070449008,0.00876922426681285,False,0.0025332063125032864,0.002473654807879051,0.002418464803113765,4,"{'BOUND_LONG_MINUS100_SHORT_0': {'mean_sector_relative': 0.0025580139873373447, 'mean_ge_2x_cost': False, 'sign_unchanged': True}, 'BOUND_MIRROR_LONG_0_SHORT_MINUS100': {'mean_sector_relative': 0.000224618430122486, 'mean_ge_2x_cost': False, 'sign_unchanged': True}}",64,0.003386605709264401,True,True,False,False,True,True,True,False,False,DISCOVERY
GAP_UP_3|SHORT|H10|L2,20365,1189,1432,20,43,0.002107016856134849,-0.011891551248160648,-0.006141618497109924,0.004530209894014282,0.003626102835991088,0.006989531044422348,0.001626102835991088,0.5348391848760128,0.20389244124537864,-0.0023039382808887764,0.0095846377555915,False,0.003579402259415267,0.003492067364891206,0.003409825374548205,3,"{'BOUND_LONG_MINUS100_SHORT_0': {'mean_sector_relative': 0.0036184625761935766, 'mean_ge_2x_cost': False, 'sign_unchanged': True}, 'BOUND_MIRROR_LONG_0_SHORT_MINUS100': {'mean_sector_relative': 0.0015114457200587279, 'mean_ge_2x_cost': False, 'sign_unchanged': True}}",34,0.005450642746900716,True,True,False,False,False,True,True,False,False,DISCOVERY
GAP_UP_3|SHORT|H10|L3,2285,634,180,12,2,0.0008745080891998251,-0.0007234626454941934,0.0017577888228875738,0.015580707315417369,0.013659958477928193,0.016270034932641453,0.012459958477928194,0.5859956236323851,0.1908591410148065,0.003225297387574962,0.023859929989084153,False,0.013274743767652123,0.012529549436191148,0.011891282510365113,4,"{'BOUND_LONG_MINUS100_SHORT_0': {'mean_sector_relative': 0.013648012733741112, 'mean_ge_2x_cost': True, 'sign_unchanged': True}, 'BOUND_MIRROR_LONG_0_SHORT_MINUS100': {'mean_sector_relative': 0.012773504644541286, 'mean_ge_2x_cost': True, 'sign_unchanged': True}}",9,0.01746201541810541,True,True,True,True,True,True,True,True,True,DISCOVERY
GAP_UP_5|LONG|H0|L1,12341,1176,2262,30,0,0.0,-0.002187784595564674,-0.0021276595744680327,-0.0025146582344990377,-0.0020385562039374186,-0.0016563909082543127,-0.005038556203937419,0.4795397455635686,0.06727654912391035,-0.006544552634499608,0.0022445532911140233,False,-0.0022264815676305287,-0.0023618641211505965,-0.002460756734472405,4,"{'BOUND_LONG_MINUS100_SHORT_0': {'mean_sector_relative': -0.0020385562039374186, 'mean_ge_2x_cost': False, 'sign_unchanged': True}, 'BOUND_MIRROR_LONG_0_SHORT_MINUS100': {'mean_sector_relative': -0.0020385562039374186, 'mean_ge_2x_cost': False, 'sign_unchanged': True}}",10,-0.002452733112425798,True,True,False,False,True,True,True,False,False,DISCOVERY
GAP_UP_5|LONG|H0|L2,8183,1079,1280,20,0,0.0,-0.0018250668366538454,-0.0016865437899047375,-0.0023029549384665266,-0.002051847741173469,-0.0016053926905024163,-0.004051847741173469,0.47965293901991934,0.06905392277170046,-0.006135735921245918,0.0019875574692404764,False,-0.0023289530394276134,-0.0025252142561072504,-0.002698130602939463,2,"{'BOUND_LONG_MINUS100_SHORT_0': {'mean_sector_relative': -0.002051847741173469, 'mean_ge_2x_cost': False, 'sign_unchanged': True}, 'BOUND_MIRROR_LONG_0_SHORT_MINUS100': {'mean_sector_relative': -0.002051847741173469, 'mean_ge_2x_cost': False, 'sign_unchanged': True}}",9,-0.0027137394025721962,True,True,False,False,False,True,True,False,False,DISCOVERY
GAP_UP_5|LONG|H0|L3,938,389,152,12,0,0.0,-0.00891739053421264,-0.0064450304594808605,-0.008965302138034526,-0.008875035747286578,-0.006028380889103624,-0.010075035747286578,0.43070362473347545,0.07081125733664632,-0.01515527565865234,-0.002501389349853891,False,-0.009604910814091237,-0.010796147352283425,-0.011635327500151638,3,"{'BOUND_LONG_MINUS100_SHORT_0': {'mean_sector_relative': -0.008875035747286578, 'mean_ge_2x_cost': False, 'sign_unchanged': True}, 'BOUND_MIRROR_LONG_0_SHORT_MINUS100': {'mean_sector_relative': -0.008875035747286578, 'mean_ge_2x_cost': False, 'sign_unchanged': True}}",4,-0.010123008822992753,True,True,False,True,False,True,True,False,False,DISCOVERY
GAP_UP_5|LONG|H1|L1,12337,1175,2259,30,3,0.00024311183144246353,0.002193670213586409,-0.0018624141543475137,-0.004504382348786375,-0.003831987117973625,-0.004993951410206421,-0.006831987117973625,0.45983626489422064,0.09874905444867939,-0.010925180614504317,0.0028281813196013,False,-0.003946623348316652,-0.004166668099149648,-0.0043548121037803875,4,"{'BOUND_LONG_MINUS100_SHORT_0': {'mean_sector_relative': -0.004074167348009774, 'mean_ge_2x_cost': False, 'sign_unchanged': True}, 'BOUND_MIRROR_LONG_0_SHORT_MINUS100': {'mean_sector_relative': -0.0038310555165673105, 'mean_ge_2x_cost': False, 'sign_unchanged': True}}",20,-0.00452592184292893,True,True,False,False,True,True,True,False,False,DISCOVERY
GAP_UP_5|LONG|H1|L2,8180,1078,1279,20,2,0.0002444390124663896,0.003395874441900295,0.00024788750824122907,-0.004389325784440544,-0.004400817552616431,-0.003876946853233698,-0.006400817552616431,0.4684596577017115,0.09832628776121442,-0.010860231179625542,0.0020082954053820263,False,-0.00461255631553979,-0.00487874704001867,-0.005114821398630278,3,"{'BOUND_LONG_MINUS100_SHORT_0': {'mean_sector_relative': -0.004644180833586215, 'mean_ge_2x_cost': False, 'sign_unchanged': True}, 'BOUND_MIRROR_LONG_0_SHORT_MINUS100': {'mean_sector_relative': -0.004399741821119825, 'mean_ge_2x_cost': False, 'sign_unchanged': True}}",11,-0.005191800107052336,True,True,False,False,False,True,True,False,False,DISCOVERY
GAP_UP_5|LONG|H1|L3,938,389,152,12,0,0.0,-0.0014770775333827605,-0.004168761744271499,-0.007817419261216232,-0.007773311912938537,-0.006874683836843143,-0.008973311912938537,0.4200426439232409,0.14098111913096473,-0.01811280139508605,0.003773307509060125,False,-0.010932111100852907,-0.013081618947076082,-0.01412621206093936,2,"{'BOUND_LONG_MINUS100_SHORT_0': {'mean_sector_relative': -0.007773311912938537, 'mean_ge_2x_cost': False, 'sign_unchanged': True}, 'BOUND_MIRROR_LONG_0_SHORT_MINUS100': {'mean_sector_relative': -0.007773311912938537, 'mean_ge_2x_cost': False, 'sign_unchanged': True}}",6,-0.01272263431855266,True,True,False,False,False,True,True,False,False,DISCOVERY
GAP_UP_5|LONG|H3|L1,12325,1174,2257,30,13,0.0010536553736424056,-0.005198860193073924,-0.003895381190873737,-0.010158788257269133,-0.007563340301949979,-0.00884273977007688,-0.01056334030194998,0.44567951318458415,0.13357143382450365,-0.014751301569422512,-0.0004316476070688865,False,-0.00777643278877523,-0.008166433276954646,-0.008504431928078858,4,"{'BOUND_LONG_MINUS100_SHORT_0': {'mean_sector_relative': -0.00860902652144055, 'mean_ge_2x_cost': False, 'sign_unchanged': True}, 'BOUND_MIRROR_LONG_0_SHORT_MINUS100': {'mean_sector_relative': -0.007555371147798143, 'mean_ge_2x_cost': False, 'sign_unchanged': True}}",29,-0.008690233889693323,True,True,False,True,True,True,True,False,False,DISCOVERY
GAP_UP_5|LONG|H3|L2,8170,1076,1276,20,8,0.0009782342871117633,-0.005827356981517784,-0.002017527002358188,-0.011833059368781715,-0.009843739329070716,-0.008083216092658718,-0.011843739329070716,0.4466340269277846,0.13174983614041835,-0.01719417173671725,-0.0020191723725919344,False,-0.010159454567954241,-0.010472855337920053,-0.010748531866358263,4,"{'BOUND_LONG_MINUS100_SHORT_0': {'mean_sector_relative': -0.010812344132857392, 'mean_ge_2x_cost': False, 'sign_unchanged': True}, 'BOUND_MIRROR_LONG_0_SHORT_MINUS100': {'mean_sector_relative': -0.009834109845745627, 'mean_ge_2x_cost': False, 'sign_unchanged': True}}",15,-0.01086683463893916,True,True,False,True,True,True,True,False,False,DISCOVERY
GAP_UP_5|LONG|H3|L3,938,389,152,12,0,0.0,-0.011592485857463104,-0.006846613949716196,-0.015874974582023377,-0.013961360747153715,-0.01345668165790953,-0.015161360747153714,0.4115138592750533,0.17720507865939117,-0.02801913688420917,0.0012949624207199385,False,-0.016867873028034813,-0.020793007846662225,-0.02283255000736246,4,"{'BOUND_LONG_MINUS100_SHORT_0': {'mean_sector_relative': -0.013961360747153715, 'mean_ge_2x_cost': False, 'sign_unchanged': True}, 'BOUND_MIRROR_LONG_0_SHORT_MINUS100': {'mean_sector_relative': -0.013961360747153715, 'mean_ge_2x_cost': False, 'sign_unchanged': True}}",8,-0.022382867993332237,True,True,False,False,True,True,True,False,False,DISCOVERY
GAP_UP_5|LONG|H5|L1,12310,1172,2255,30,21,0.0017030248966020598,-0.010438603273273554,-0.008251496509331269,-0.012456269854340191,-0.009816259897592343,-0.010281684514689415,-0.012816259897592344,0.4472786352558895,0.1447844645312849,-0.017765322929427202,-0.00174228986188844,False,-0.010028514992688274,-0.010322759227194894,-0.010589472271058697,5,"{'BOUND_LONG_MINUS100_SHORT_0': {'mean_sector_relative': -0.011502567459197286, 'mean_ge_2x_cost': False, 'sign_unchanged': True}, 'BOUND_MIRROR_LONG_0_SHORT_MINUS100': {'mean_sector_relative': -0.009799542562595227, 'mean_ge_2x_cost': False, 'sign_unchanged': True}}",33,-0.010620065806026776,True,True,False,True,True,True,True,False,False,DISCOVERY
GAP_UP_5|LONG|H5|L2,8162,1073,1276,20,13,0.0015902140672782875,-0.01236380617178265,-0.009157509157509236,-0.013745304287731654,-0.01117689551657881,-0.011455233585232594,-0.01317689551657881,0.4387405047782406,0.1818082180297017,-0.019115303185355134,-0.0029136553244950175,False,-0.012207456450549508,-0.012930183213769545,-0.013363571532673318,4,"{'BOUND_LONG_MINUS100_SHORT_0': {'mean_sector_relative': -0.012749335927378135, 'mean_ge_2x_cost': False, 'sign_unchanged': True}, 'BOUND_MIRROR_LONG_0_SHORT_MINUS100': {'mean_sector_relative': -0.011159121860099848, 'mean_ge_2x_cost': False, 'sign_unchanged': True}}",19,-0.013479530598705537,True,True,False,True,True,True,True,False,False,DISCOVERY
GAP_UP_5|LONG|H5|L3,936,388,152,12,0,0.0,-0.02057557054600709,-0.021181225291276473,-0.021236591016933568,-0.01866292483083798,-0.019255830098118598,-0.01986292483083798,0.3974358974358974,0.16697104884712494,-0.031025241199836028,-0.006091218139904279,False,-0.020419851472559883,-0.023746197496052782,-0.025568487766216695,4,"{'BOUND_LONG_MINUS100_SHORT_0': {'mean_sector_relative': -0.01866292483083798, 'mean_ge_2x_cost': False, 'sign_unchanged': True}, 'BOUND_MIRROR_LONG_0_SHORT_MINUS100': {'mean_sector_relative': -0.01866292483083798, 'mean_ge_2x_cost': False, 'sign_unchanged': True}}",8,-0.023744260045647732,True,True,False,True,True,True,True,False,False,DISCOVERY
GAP_UP_5|LONG|H10|L1,12262,1167,2249,30,38,0.003089430894308943,0.008200375038989302,0.002068261174117847,-0.01082970084722639,-0.008799165046458559,-0.01234145693635691,-0.01179916504645856,0.4463382808677214,0.18434431358324174,-0.018415459331769007,0.0015713714835918623,False,-0.00928723801236043,-0.009801616100061892,-0.010240349920344,4,"{'BOUND_LONG_MINUS100_SHORT_0': {'mean_sector_relative': -0.011861411528428852, 'mean_ge_2x_cost': False, 'sign_unchanged': True}, 'BOUND_MIRROR_LONG_0_SHORT_MINUS100': {'mean_sector_relative': -0.008771980634119908, 'mean_ge_2x_cost': False, 'sign_unchanged': True}}",47,-0.009787549597812103,True,True,False,False,True,True,True,False,False,DISCOVERY
GAP_UP_5|LONG|H10|L2,8135,1066,1273,20,23,0.0028193184604069625,0.011718065119460422,0.005879006258297181,-0.008547798002799527,-0.007263940188636779,-0.009493725739873393,-0.009263940188636778,0.4577750460971112,0.2692929242611892,-0.01621142616472167,0.002580625468634602,False,-0.009283765148147157,-0.010297612109106583,-0.011009431651075891,5,"{'BOUND_LONG_MINUS100_SHORT_0': {'mean_sector_relative': -0.010062779288374627, 'mean_ge_2x_cost': False, 'sign_unchanged': True}, 'BOUND_MIRROR_LONG_0_SHORT_MINUS100': {'mean_sector_relative': -0.007243460827967665, 'mean_ge_2x_cost': False, 'sign_unchanged': True}}",30,-0.011166709248751527,True,True,False,False,True,True,True,False,False,DISCOVERY
GAP_UP_5|LONG|H10|L3,933,387,151,12,2,0.0021390374331550803,-0.00483520811561063,-0.01360057265569059,-0.02166545893720992,-0.018849147576149975,-0.025089223568818153,-0.020049147576149975,0.39013933547695606,0.2596216322521292,-0.03770295384407135,0.0009172325759713694,False,-0.02368221015213371,-0.028034771942809712,-0.030615775833064213,4,"{'BOUND_LONG_MINUS100_SHORT_0': {'mean_sector_relative': -0.02094786597705661, 'mean_ge_2x_cost': False, 'sign_unchanged': True}, 'BOUND_MIRROR_LONG_0_SHORT_MINUS100': {'mean_sector_relative': -0.018808828543901528, 'mean_ge_2x_cost': False, 'sign_unchanged': True}}",9,-0.028264931448149254,True,True,False,False,True,True,True,False,False,DISCOVERY
GAP_UP_5|SHORT|H0|L1,12341,1176,2262,30,0,0.0,0.002187784595564674,0.0021276595744680327,0.0025146582344990377,0.0020385562039374186,0.0016563909082543127,-0.0009614437960625815,0.520379223725792,0.06727654912391035,-0.0022445532911140238,0.006544552634499608,False,0.0019695347677292172,0.0018745077992833449,0.0017985988097335302,4,"{'BOUND_LONG_MINUS100_SHORT_0': {'mean_sector_relative': 0.0020385562039374186, 'mean_ge_2x_cost': False, 'sign_unchanged': True}, 'BOUND_MIRROR_LONG_0_SHORT_MINUS100': {'mean_sector_relative': 0.0020385562039374186, 'mean_ge_2x_cost': False, 'sign_unchanged': True}}",10,0.002452733112425798,True,True,False,False,True,True,True,False,False,DISCOVERY
GAP_UP_5|SHORT|H0|L2,8183,1079,1280,20,0,0.0,0.0018250668366538454,0.0016865437899047375,0.0023029549384665266,0.002051847741173469,0.0016053926905024163,5.1847741173468784e-05,0.5203470609800807,0.06905392277170046,-0.0019875574692404764,0.006135735921245916,False,0.001981988887536111,0.001850245861748527,0.0017398741680648463,2,"{'BOUND_LONG_MINUS100_SHORT_0': {'mean_sector_relative': 0.002051847741173469, 'mean_ge_2x_cost': False, 'sign_unchanged': True}, 'BOUND_MIRROR_LONG_0_SHORT_MINUS100': {'mean_sector_relative': 0.002051847741173469, 'mean_ge_2x_cost': False, 'sign_unchanged': True}}",9,0.0027137394025721962,True,True,False,False,False,True,True,False,False,DISCOVERY
GAP_UP_5|SHORT|H0|L3,938,389,152,12,0,0.0,0.00891739053421264,0.0064450304594808605,0.008965302138034526,0.008875035747286578,0.006028380889103624,0.007675035747286578,0.5692963752665245,0.07081125733664632,0.002501389349853889,0.01515527565865234,False,0.008434784519878067,0.007615031001433519,0.006961637878520585,3,"{'BOUND_LONG_MINUS100_SHORT_0': {'mean_sector_relative': 0.008875035747286578, 'mean_ge_2x_cost': True, 'sign_unchanged': True}, 'BOUND_MIRROR_LONG_0_SHORT_MINUS100': {'mean_sector_relative': 0.008875035747286578, 'mean_ge_2x_cost': True, 'sign_unchanged': True}}",4,0.010123008822992753,True,True,True,True,False,True,True,False,False,DISCOVERY
GAP_UP_5|SHORT|H1|L1,12337,1175,2259,30,3,0.00024311183144246353,-0.002193670213586409,0.0018624141543475137,0.004504382348786375,0.003831987117973625,0.004993951410206421,0.000831987117973625,0.5400826781227203,0.09874905444867939,-0.0028281813196013,0.010925180614504315,False,0.0037636624583535943,0.003643096306784526,0.0035382141063688348,4,"{'BOUND_LONG_MINUS100_SHORT_0': {'mean_sector_relative': 0.0038310555165673105, 'mean_ge_2x_cost': False, 'sign_unchanged': True}, 'BOUND_MIRROR_LONG_0_SHORT_MINUS100': {'mean_sector_relative': 0.003587943685124847, 'mean_ge_2x_cost': False, 'sign_unchanged': True}}",20,0.00452592184292893,True,True,False,False,True,True,True,False,False,DISCOVERY
GAP_UP_5|SHORT|H1|L2,8180,1078,1279,20,2,0.0002444390124663896,-0.003395874441900295,-0.00024788750824122907,0.004389325784440544,0.004400817552616431,0.003876946853233698,0.0024008175526164313,0.5314180929095355,0.09832628776121442,-0.0020082954053820268,0.010860231179625542,False,0.004313419943324665,0.004152414572544214,0.0040186012340087535,3,"{'BOUND_LONG_MINUS100_SHORT_0': {'mean_sector_relative': 0.004399741821119825, 'mean_ge_2x_cost': True, 'sign_unchanged': True}, 'BOUND_MIRROR_LONG_0_SHORT_MINUS100': {'mean_sector_relative': 0.0041553028086534355, 'mean_ge_2x_cost': True, 'sign_unchanged': True}}",11,0.005191800107052336,True,True,True,False,False,True,True,False,False,DISCOVERY
GAP_UP_5|SHORT|H1|L3,938,389,152,12,0,0.0,0.0014770775333827605,0.004168761744271499,0.007817419261216232,0.007773311912938537,0.006874683836843143,0.006573311912938537,0.579957356076759,0.14098111913096473,-0.00377330750906013,0.018112801395086045,False,0.006996303634975765,0.00586385060549741,0.004868929241157727,2,"{'BOUND_LONG_MINUS100_SHORT_0': {'mean_sector_relative': 0.007773311912938537, 'mean_ge_2x_cost': True, 'sign_unchanged': True}, 'BOUND_MIRROR_LONG_0_SHORT_MINUS100': {'mean_sector_relative': 0.007773311912938537, 'mean_ge_2x_cost': True, 'sign_unchanged': True}}",6,0.01272263431855266,True,True,True,False,False,True,True,False,False,DISCOVERY
GAP_UP_5|SHORT|H3|L1,12325,1174,2257,30,13,0.0010536553736424056,0.005198860193073924,0.003895381190873737,0.010158788257269133,0.007563340301949979,0.00884273977007688,0.004563340301949979,0.5543204868154158,0.13357143382450365,0.0004316476070688849,0.01475130156942251,False,0.0074904574765869165,0.007364461599383944,0.007240000223923778,4,"{'BOUND_LONG_MINUS100_SHORT_0': {'mean_sector_relative': 0.007555371147798143, 'mean_ge_2x_cost': True, 'sign_unchanged': True}, 'BOUND_MIRROR_LONG_0_SHORT_MINUS100': {'mean_sector_relative': 0.006501715774155737, 'mean_ge_2x_cost': True, 'sign_unchanged': True}}",29,0.008690233889693323,True,True,True,True,True,True,True,True,True,DISCOVERY
GAP_UP_5|SHORT|H3|L2,8170,1076,1276,20,8,0.0009782342871117633,0.005827356981517784,0.002017527002358188,0.011833059368781715,0.009843739329070716,0.008083216092658718,0.007843739329070716,0.5533659730722155,0.13174983614041835,0.002019172372591934,0.01719417173671725,False,0.009748374027316906,0.009576767765042347,0.009412490708075098,4,"{'BOUND_LONG_MINUS100_SHORT_0': {'mean_sector_relative': 0.009834109845745627, 'mean_ge_2x_cost': True, 'sign_unchanged': True}, 'BOUND_MIRROR_LONG_0_SHORT_MINUS100': {'mean_sector_relative': 0.008855875558633864, 'mean_ge_2x_cost': True, 'sign_unchanged': True}}",15,0.01086683463893916,True,True,True,True,True,True,True,True,True,DISCOVERY
GAP_UP_5|SHORT|H3|L3,938,389,152,12,0,0.0,0.011592485857463104,0.006846613949716196,0.015874974582023377,0.013961360747153715,0.01345668165790953,0.012761360747153715,0.5884861407249466,0.17720507865939117,-0.0012949624207199428,0.02801913688420917,False,0.013054094957480803,0.011702967600139433,0.010653714096802323,4,"{'BOUND_LONG_MINUS100_SHORT_0': {'mean_sector_relative': 0.013961360747153715, 'mean_ge_2x_cost': True, 'sign_unchanged': True}, 'BOUND_MIRROR_LONG_0_SHORT_MINUS100': {'mean_sector_relative': 0.013961360747153715, 'mean_ge_2x_cost': True, 'sign_unchanged': True}}",8,0.022382867993332237,True,True,True,False,True,True,True,False,False,DISCOVERY
GAP_UP_5|SHORT|H5|L1,12310,1172,2255,30,21,0.0017030248966020598,0.010438603273273554,0.008251496509331269,0.012456269854340191,0.009816259897592343,0.010281684514689415,0.006816259897592343,0.5527213647441105,0.1447844645312849,0.001742289861888438,0.0177653229294272,False,0.009739726383760429,0.009600031415427255,0.009467913264738866,5,"{'BOUND_LONG_MINUS100_SHORT_0': {'mean_sector_relative': 0.009799542562595227, 'mean_ge_2x_cost': True, 'sign_unchanged': True}, 'BOUND_MIRROR_LONG_0_SHORT_MINUS100': {'mean_sector_relative': 0.008096517665993168, 'mean_ge_2x_cost': True, 'sign_unchanged': True}}",33,0.010620065806026776,True,True,True,True,True,True,True,True,True,DISCOVERY
GAP_UP_5|SHORT|H5|L2,8162,1073,1276,20,13,0.0015902140672782875,0.01236380617178265,0.009157509157509236,0.013745304287731654,0.01117689551657881,0.011455233585232594,0.00917689551657881,0.5612594952217593,0.1818082180297017,0.002913655324495017,0.019115303185355134,False,0.011069037083348875,0.01088905208997158,0.010718907260751283,4,"{'BOUND_LONG_MINUS100_SHORT_0': {'mean_sector_relative': 0.011159121860099848, 'mean_ge_2x_cost': True, 'sign_unchanged': True}, 'BOUND_MIRROR_LONG_0_SHORT_MINUS100': {'mean_sector_relative': 0.009568907792821558, 'mean_ge_2x_cost': True, 'sign_unchanged': True}}",19,0.013479530598705537,True,True,True,True,True,True,True,True,True,DISCOVERY
GAP_UP_5|SHORT|H5|L3,936,388,152,12,0,0.0,0.02057557054600709,0.021181225291276473,0.021236591016933568,0.01866292483083798,0.019255830098118598,0.01746292483083798,0.6025641025641025,0.16697104884712494,0.006091218139904276,0.031025241199836025,False,0.017768002418040107,0.016125701018098185,0.014872799266079508,4,"{'BOUND_LONG_MINUS100_SHORT_0': {'mean_sector_relative': 0.01866292483083798, 'mean_ge_2x_cost': True, 'sign_unchanged': True}, 'BOUND_MIRROR_LONG_0_SHORT_MINUS100': {'mean_sector_relative': 0.01866292483083798, 'mean_ge_2x_cost': True, 'sign_unchanged': True}}",8,0.023744260045647732,True,True,True,True,True,True,True,True,True,DISCOVERY
GAP_UP_5|SHORT|H10|L1,12262,1167,2249,30,38,0.003089430894308943,-0.008200375038989302,-0.002068261174117847,0.01082970084722639,0.008799165046458559,0.01234145693635691,0.005799165046458559,0.5536617191322786,0.18434431358324174,-0.0015713714835918656,0.018415459331769003,False,0.008719147690678447,0.008572425704553998,0.008429393258691983,4,"{'BOUND_LONG_MINUS100_SHORT_0': {'mean_sector_relative': 0.008771980634119908, 'mean_ge_2x_cost': True, 'sign_unchanged': True}, 'BOUND_MIRROR_LONG_0_SHORT_MINUS100': {'mean_sector_relative': 0.005682549739810965, 'mean_ge_2x_cost': False, 'sign_unchanged': True}}",47,0.009787549597812103,True,True,True,False,True,True,True,False,False,DISCOVERY
GAP_UP_5|SHORT|H10|L2,8135,1066,1273,20,23,0.0028193184604069625,-0.011718065119460422,-0.005879006258297181,0.008547798002799527,0.007263940188636779,0.009493725739873393,0.005263940188636779,0.5422249539028887,0.2692929242611892,-0.0025806254686346047,0.01621142616472167,False,0.007147469484919353,0.006929666117008892,0.006724552743592002,5,"{'BOUND_LONG_MINUS100_SHORT_0': {'mean_sector_relative': 0.007243460827967665, 'mean_ge_2x_cost': True, 'sign_unchanged': True}, 'BOUND_MIRROR_LONG_0_SHORT_MINUS100': {'mean_sector_relative': 0.004424142367560702, 'mean_ge_2x_cost': True, 'sign_unchanged': True}}",30,0.011166709248751527,True,True,True,False,True,True,True,False,False,DISCOVERY
GAP_UP_5|SHORT|H10|L3,933,387,151,12,2,0.0021390374331550803,0.00483520811561063,0.01360057265569059,0.02166545893720992,0.018849147576149975,0.025089223568818153,0.017649147576149975,0.609860664523044,0.2596216322521292,-0.0009172325759713699,0.037702953844071345,False,0.017910691343132473,0.016092130515989445,0.014531652683313,4,"{'BOUND_LONG_MINUS100_SHORT_0': {'mean_sector_relative': 0.018808828543901528, 'mean_ge_2x_cost': True, 'sign_unchanged': True}, 'BOUND_MIRROR_LONG_0_SHORT_MINUS100': {'mean_sector_relative': 0.016669791110746447, 'mean_ge_2x_cost': True, 'sign_unchanged': True}}",9,0.028264931448149254,True,True,True,False,True,True,True,False,False,DISCOVERY
GAP_UP_10|LONG|H0|L1,2710,905,1378,30,0,0.0,-0.006479451702867496,-0.0030432326524075792,-0.007160636513442776,-0.006794737166813553,-0.004770397466827059,-0.009794737166813554,0.45461254612546126,0.0996482243533811,-0.011785853770725767,-0.0018785801318275679,False,-0.0076525279268489475,-0.008122516704710843,-0.008501178535387057,4,"{'BOUND_LONG_MINUS100_SHORT_0': {'mean_sector_relative': -0.006794737166813553, 'mean_ge_2x_cost': False, 'sign_unchanged': True}, 'BOUND_MIRROR_LONG_0_SHORT_MINUS100': {'mean_sector_relative': -0.006794737166813553, 'mean_ge_2x_cost': False, 'sign_unchanged': True}}",7,-0.007915623285676947,True,True,False,True,True,True,True,False,False,DISCOVERY
GAP_UP_10|LONG|H0|L2,1876,694,741,20,0,0.0,-0.005705603145326515,-0.0025696162412952583,-0.007275911171490626,-0.0073441962793734895,-0.004330188005459923,-0.009344196279373489,0.46588486140724944,0.10810183855304345,-0.013674743621550238,-0.0009362510610620533,False,-0.00855623249209541,-0.009420018563288555,-0.009879718920789742,3,"{'BOUND_LONG_MINUS100_SHORT_0': {'mean_sector_relative': -0.0073441962793734895, 'mean_ge_2x_cost': False, 'sign_unchanged': True}, 'BOUND_MIRROR_LONG_0_SHORT_MINUS100': {'mean_sector_relative': -0.0073441962793734895, 'mean_ge_2x_cost': False, 'sign_unchanged': True}}",4,-0.009602468569640745,True,True,False,True,False,True,True,False,False,DISCOVERY
GAP_UP_10|LONG|H0|L3,215,147,90,12,0,0.0,-0.015142999253642764,-0.004635193133047277,-0.016931341943610123,-0.016730434636250128,-0.005231219920485364,-0.017930434636250128,0.4418604651162791,0.11722643739486427,-0.03434622281745267,0.0012228066878754407,False,-0.01996290349832921,-0.02509542677453699,-0.028215329736188486,2,"{'BOUND_LONG_MINUS100_SHORT_0': {'mean_sector_relative': -0.016730434636250128, 'mean_ge_2x_cost': False, 'sign_unchanged': True}, 'BOUND_MIRROR_LONG_0_SHORT_MINUS100': {'mean_sector_relative': -0.016730434636250128, 'mean_ge_2x_cost': False, 'sign_unchanged': True}}",4,-0.022403555244143114,False,False,False,False,False,True,True,False,False,DISCOVERY
GAP_UP_10|LONG|H1|L1,2709,904,1377,30,0,0.0,-0.005577953385384583,-0.006042296072507614,-0.010060860799092283,-0.009286551044637084,-0.009126900855361608,-0.012286551044637085,0.43226282761166485,0.13839378584331466,-0.016429652004875034,-0.0017698036977947965,False,-0.00981077818697026,-0.010818080576641933,-0.011681059382137945,3,"{'BOUND_LONG_MINUS100_SHORT_0': {'mean_sector_relative': -0.009286551044637084, 'mean_ge_2x_cost': False, 'sign_unchanged': True}, 'BOUND_MIRROR_LONG_0_SHORT_MINUS100': {'mean_sector_relative': -0.009286551044637084, 'mean_ge_2x_cost': False, 'sign_unchanged': True}}",13,-0.011677401941657352,True,True,False,True,False,True,True,False,False,DISCOVERY
GAP_UP_10|LONG|H1|L2,1876,694,741,20,0,0.0,-0.004867946798414123,-0.007337137696742435,-0.010982529589914528,-0.010895565420612234,-0.011440832496391828,-0.012895565420612234,0.43176972281449894,0.1436494735195438,-0.020393520394934576,-0.0007193546665335886,False,-0.01182266200184857,-0.01292464074184493,-0.013840899159610277,3,"{'BOUND_LONG_MINUS100_SHORT_0': {'mean_sector_relative': -0.010895565420612234, 'mean_ge_2x_cost': False, 'sign_unchanged': True}, 'BOUND_MIRROR_LONG_0_SHORT_MINUS100': {'mean_sector_relative': -0.010895565420612234, 'mean_ge_2x_cost': False, 'sign_unchanged': True}}",6,-0.014094078034227884,True,True,False,True,False,True,True,False,False,DISCOVERY
GAP_UP_10|LONG|H1|L3,215,147,90,12,0,0.0,-0.0023352218193123694,-0.015320597692453086,-0.0068201610726831225,-0.006147586031945071,-0.009462446768142896,-0.00734758603194507,0.4372093023255814,0.26568045185021244,-0.03966589742713954,0.033448866209538554,False,-0.01997080618706084,-0.029536217632301798,-0.03433390607327743,2,"{'BOUND_LONG_MINUS100_SHORT_0': {'mean_sector_relative': -0.006147586031945071, 'mean_ge_2x_cost': False, 'sign_unchanged': True}, 'BOUND_MIRROR_LONG_0_SHORT_MINUS100': {'mean_sector_relative': -0.006147586031945071, 'mean_ge_2x_cost': False, 'sign_unchanged': True}}",6,-0.0281715770690092,False,False,False,False,False,True,True,False,False,DISCOVERY
GAP_UP_10|LONG|H3|L1,2705,903,1374,30,3,0.0011078286558345643,-0.01180450479808751,-0.008480565371024706,-0.016673720234697455,-0.014799454006069102,-0.015128659021524382,-0.017799454006069103,0.4207024029574861,0.18508537803619038,-0.024431107273684798,-0.004789876108527681,False,-0.015765709905368654,-0.01739128046686575,-0.018715225423886775,4,"{'BOUND_LONG_MINUS100_SHORT_0': {'mean_sector_relative': -0.01589088740266504, 'mean_ge_2x_cost': False, 'sign_unchanged': True}, 'BOUND_MIRROR_LONG_0_SHORT_MINUS100': {'mean_sector_relative': -0.014783058746830474, 'mean_ge_2x_cost': False, 'sign_unchanged': True}}",18,-0.01816625222616405,True,True,False,True,True,True,True,False,False,DISCOVERY
GAP_UP_10|LONG|H3|L2,1873,693,739,20,2,0.0010666666666666667,-0.02064043808886178,-0.012492901760363329,-0.025801293469450717,-0.02396476174521002,-0.015887207276235715,-0.02596476174521002,0.41377469300587294,0.18371882723266933,-0.037591697218823564,-0.010257910678595683,False,-0.025350017519171392,-0.026735004264739966,-0.02792131016678543,3,"{'BOUND_LONG_MINUS100_SHORT_0': {'mean_sector_relative': -0.025005865999348464, 'mean_ge_2x_cost': False, 'sign_unchanged': True}, 'BOUND_MIRROR_LONG_0_SHORT_MINUS100': {'mean_sector_relative': -0.023939199332681797, 'mean_ge_2x_cost': False, 'sign_unchanged': True}}",9,-0.027405163161001975,True,True,False,True,False,True,True,False,False,DISCOVERY
GAP_UP_10|LONG|H3|L3,215,147,90,12,0,0.0,-0.03171317884989427,-0.01690821256038655,-0.03506653819221697,-0.0329338437601843,-0.02598985194218062,-0.0341338437601843,0.3953488372093023,0.26800506331860513,-0.0686759010675294,0.007881500034651955,False,-0.045748677826533,-0.054567275351961944,-0.05915687675593043,2,"{'BOUND_LONG_MINUS100_SHORT_0': {'mean_sector_relative': -0.0329338437601843, 'mean_ge_2x_cost': False, 'sign_unchanged': True}, 'BOUND_MIRROR_LONG_0_SHORT_MINUS100': {'mean_sector_relative': -0.0329338437601843, 'mean_ge_2x_cost': False, 'sign_unchanged': True}}",6,-0.053683914368586404,False,False,False,False,False,True,True,False,False,DISCOVERY
GAP_UP_10|LONG|H5|L1,2701,901,1374,30,5,0.0018477457501847746,-0.019275591337931035,-0.012062726176115812,-0.023468446392330564,-0.021973687567678528,-0.016481979791461487,-0.024973687567678527,0.41873380229544616,0.18566405070226302,-0.03198247429233074,-0.011857197912573475,False,-0.02267873191143446,-0.023904312322892026,-0.025016938043534966,4,"{'BOUND_LONG_MINUS100_SHORT_0': {'mean_sector_relative': -0.023780831530044236, 'mean_ge_2x_cost': False, 'sign_unchanged': True}, 'BOUND_MIRROR_LONG_0_SHORT_MINUS100': {'mean_sector_relative': -0.021933085779859463, 'mean_ge_2x_cost': False, 'sign_unchanged': True}}",19,-0.023573643378570357,True,True,False,True,True,True,True,False,False,DISCOVERY
GAP_UP_10|LONG|H5|L2,1870,690,737,20,3,0.001601708489054992,-0.023218828998029472,-0.015763932655082358,-0.025241433370435936,-0.02364238844379728,-0.02022446568504771,-0.02564238844379728,0.4197860962566845,0.28796678341178106,-0.04082398574071742,-0.004671375251411499,False,-0.02814900870867801,-0.030870842458021082,-0.03241079509840907,3,"{'BOUND_LONG_MINUS100_SHORT_0': {'mean_sector_relative': -0.02520622871858031, 'mean_ge_2x_cost': False, 'sign_unchanged': True}, 'BOUND_MIRROR_LONG_0_SHORT_MINUS100': {'mean_sector_relative': -0.02360452022952532, 'mean_ge_2x_cost': False, 'sign_unchanged': True}}",11,-0.03289636415978251,True,True,False,True,False,True,True,False,False,DISCOVERY
GAP_UP_10|LONG|H5|L3,215,147,90,12,0,0.0,-0.05794374139675866,-0.04390960867168847,-0.06142944016456168,-0.0586958253670789,-0.04921689398598694,-0.0598958253670789,0.3302325581395349,0.2211098888999997,-0.08656220373680572,-0.03024530032598436,False,-0.06655918663131355,-0.07292541420176495,-0.07666446283613189,2,"{'BOUND_LONG_MINUS100_SHORT_0': {'mean_sector_relative': -0.0586958253670789, 'mean_ge_2x_cost': False, 'sign_unchanged': True}, 'BOUND_MIRROR_LONG_0_SHORT_MINUS100': {'mean_sector_relative': -0.0586958253670789, 'mean_ge_2x_cost': False, 'sign_unchanged': True}}",6,-0.06757481817055001,False,False,False,True,False,True,True,False,False,DISCOVERY
GAP_UP_10|LONG|H10|L1,2695,898,1370,30,8,0.0029596744358120607,-0.01538785405184061,-0.007740686985969969,-0.029025552390791267,-0.028515886576306576,-0.02084769608138115,-0.03151588657630658,0.41595547309833025,0.22115172724518103,-0.04229618661639315,-0.014214246513406513,False,-0.02970729820163436,-0.03114574118769758,-0.03222069182337564,5,"{'BOUND_LONG_MINUS100_SHORT_0': {'mean_sector_relative': -0.031391163271604225, 'mean_ge_2x_cost': False, 'sign_unchanged': True}, 'BOUND_MIRROR_LONG_0_SHORT_MINUS100': {'mean_sector_relative': -0.028431488835792166, 'mean_ge_2x_cost': False, 'sign_unchanged': True}}",24,-0.028486389275778387,True,True,False,True,True,True,True,False,False,DISCOVERY
GAP_UP_10|LONG|H10|L2,1864,688,734,20,8,0.004273504273504274,-0.00826520100032965,-0.0061911327955703754,-0.024239951727612674,-0.025848530830885657,-0.020626659342771747,-0.027848530830885655,0.4313304721030043,0.2649179742775062,-0.04270185090994758,-0.009131202090093103,False,-0.028464233075294727,-0.03090810345666794,-0.03272881302332704,4,"{'BOUND_LONG_MINUS100_SHORT_0': {'mean_sector_relative': -0.03001157129742033, 'mean_ge_2x_cost': False, 'sign_unchanged': True}, 'BOUND_MIRROR_LONG_0_SHORT_MINUS100': {'mean_sector_relative': -0.025738067023916057, 'mean_ge_2x_cost': False, 'sign_unchanged': True}}",16,-0.031791962870089834,True,True,False,True,True,True,True,False,False,DISCOVERY
GAP_UP_10|LONG|H10|L3,214,147,89,12,1,0.004651162790697674,-0.03455475717089233,-0.05741138930647072,-0.04611527449239802,-0.04363907365949241,-0.05230276096136016,-0.04483907365949241,0.3317757009345794,0.4095373668541404,-0.09165578209889168,0.013733704504869671,False,-0.06490294336324914,-0.07616548634236045,-0.08464236269366529,3,"{'BOUND_LONG_MINUS100_SHORT_0': {'mean_sector_relative': -0.04808726401456454, 'mean_ge_2x_cost': False, 'sign_unchanged': True}, 'BOUND_MIRROR_LONG_0_SHORT_MINUS100': {'mean_sector_relative': -0.04343610122386687, 'mean_ge_2x_cost': False, 'sign_unchanged': True}}",7,-0.0669989646746326,False,False,False,False,False,True,True,False,False,DISCOVERY
GAP_UP_10|SHORT|H0|L1,2710,905,1378,30,0,0.0,0.006479451702867496,0.0030432326524075792,0.007160636513442776,0.006794737166813553,0.004770397466827059,0.003794737166813553,0.5453874538745388,0.0996482243533811,0.0018785801318275661,0.011785853770725767,False,0.0064820873543933516,0.006159556770262205,0.005854176892820189,4,"{'BOUND_LONG_MINUS100_SHORT_0': {'mean_sector_relative': 0.006794737166813553, 'mean_ge_2x_cost': True, 'sign_unchanged': True}, 'BOUND_MIRROR_LONG_0_SHORT_MINUS100': {'mean_sector_relative': 0.006794737166813553, 'mean_ge_2x_cost': True, 'sign_unchanged': True}}",7,0.007915623285676947,True,True,True,True,True,True,True,True,True,DISCOVERY
GAP_UP_10|SHORT|H0|L2,1876,694,741,20,0,0.0,0.005705603145326515,0.0025696162412952583,0.007275911171490626,0.0073441962793734895,0.004330188005459923,0.0053441962793734895,0.5341151385927505,0.10810183855304345,0.0009362510610620532,0.013674743621550236,False,0.007042173457014754,0.006472212121294766,0.0059947264032691,3,"{'BOUND_LONG_MINUS100_SHORT_0': {'mean_sector_relative': 0.0073441962793734895, 'mean_ge_2x_cost': True, 'sign_unchanged': True}, 'BOUND_MIRROR_LONG_0_SHORT_MINUS100': {'mean_sector_relative': 0.0073441962793734895, 'mean_ge_2x_cost': True, 'sign_unchanged': True}}",4,0.009602468569640745,True,True,True,True,False,True,True,False,False,DISCOVERY
GAP_UP_10|SHORT|H0|L3,215,147,90,12,0,0.0,0.015142999253642764,0.004635193133047277,0.016931341943610123,0.016730434636250128,0.005231219920485364,0.015530434636250128,0.5581395348837209,0.11722643739486427,-0.0012228066878754412,0.03434622281745267,False,0.014839500051236977,0.011284499538581608,0.008416514554755575,2,"{'BOUND_LONG_MINUS100_SHORT_0': {'mean_sector_relative': 0.016730434636250128, 'mean_ge_2x_cost': True, 'sign_unchanged': True}, 'BOUND_MIRROR_LONG_0_SHORT_MINUS100': {'mean_sector_relative': 0.016730434636250128, 'mean_ge_2x_cost': True, 'sign_unchanged': True}}",4,0.022403555244143114,False,False,True,False,False,True,True,False,False,DISCOVERY
GAP_UP_10|SHORT|H1|L1,2709,904,1377,30,0,0.0,0.005577953385384583,0.006042296072507614,0.010060860799092283,0.009286551044637084,0.009126900855361608,0.006286551044637084,0.5677371723883352,0.13839378584331466,0.0017698036977947958,0.016429652004875034,False,0.008977319716296586,0.008543009994802741,0.008150386193232096,3,"{'BOUND_LONG_MINUS100_SHORT_0': {'mean_sector_relative': 0.009286551044637084, 'mean_ge_2x_cost': True, 'sign_unchanged': True}, 'BOUND_MIRROR_LONG_0_SHORT_MINUS100': {'mean_sector_relative': 0.009286551044637084, 'mean_ge_2x_cost': True, 'sign_unchanged': True}}",13,0.011677401941657352,True,True,True,True,False,True,True,False,False,DISCOVERY
GAP_UP_10|SHORT|H1|L2,1876,694,741,20,0,0.0,0.004867946798414123,0.007337137696742435,0.010982529589914528,0.010895565420612234,0.011440832496391828,0.008895565420612234,0.5682302771855011,0.1436494735195438,0.0007193546665335882,0.020393520394934573,False,0.010517789261396585,0.009821509401153325,0.00924289590416231,3,"{'BOUND_LONG_MINUS100_SHORT_0': {'mean_sector_relative': 0.010895565420612234, 'mean_ge_2x_cost': True, 'sign_unchanged': True}, 'BOUND_MIRROR_LONG_0_SHORT_MINUS100': {'mean_sector_relative': 0.010895565420612234, 'mean_ge_2x_cost': True, 'sign_unchanged': True}}",6,0.014094078034227884,True,True,True,True,False,True,True,False,False,DISCOVERY
GAP_UP_10|SHORT|H1|L3,215,147,90,12,0,0.0,0.0023352218193123694,0.015320597692453086,0.0068201610726831225,0.006147586031945071,0.009462446768142896,0.004947586031945071,0.5627906976744186,0.26568045185021244,-0.03344886620953856,0.03966589742713954,False,0.0027378548060941034,-0.002296864440226792,-0.006794879026038086,2,"{'BOUND_LONG_MINUS100_SHORT_0': {'mean_sector_relative': 0.006147586031945071, 'mean_ge_2x_cost': True, 'sign_unchanged': True}, 'BOUND_MIRROR_LONG_0_SHORT_MINUS100': {'mean_sector_relative': 0.006147586031945071, 'mean_ge_2x_cost': True, 'sign_unchanged': True}}",6,0.0281715770690092,False,False,True,False,False,False,True,False,False,DISCOVERY
GAP_UP_10|SHORT|H3|L1,2705,903,1374,30,3,0.0011078286558345643,0.01180450479808751,0.008480565371024706,0.016673720234697455,0.014799454006069102,0.015128659021524382,0.011799454006069101,0.5792975970425138,0.18508537803619038,0.00478987610852768,0.024431107273684798,False,0.014469952591102316,0.013933178658415073,0.01345210038494832,4,"{'BOUND_LONG_MINUS100_SHORT_0': {'mean_sector_relative': 0.014783058746830474, 'mean_ge_2x_cost': True, 'sign_unchanged': True}, 'BOUND_MIRROR_LONG_0_SHORT_MINUS100': {'mean_sector_relative': 0.013675230090995909, 'mean_ge_2x_cost': True, 'sign_unchanged': True}}",18,0.01816625222616405,True,True,True,True,True,True,True,True,True,DISCOVERY
GAP_UP_10|SHORT|H3|L2,1873,693,739,20,2,0.0010666666666666667,0.02064043808886178,0.012492901760363329,0.025801293469450717,0.02396476174521002,0.015887207276235715,0.021964761745210018,0.5862253069941271,0.18371882723266933,0.010257910678595683,0.037591697218823564,False,0.023556151634306837,0.0228251038930424,0.022162391420233567,3,"{'BOUND_LONG_MINUS100_SHORT_0': {'mean_sector_relative': 0.023939199332681797, 'mean_ge_2x_cost': True, 'sign_unchanged': True}, 'BOUND_MIRROR_LONG_0_SHORT_MINUS100': {'mean_sector_relative': 0.02287253266601513, 'mean_ge_2x_cost': True, 'sign_unchanged': True}}",9,0.027405163161001975,True,True,True,True,False,True,True,False,False,DISCOVERY
GAP_UP_10|SHORT|H3|L3,215,147,90,12,0,0.0,0.03171317884989427,0.01690821256038655,0.03506653819221697,0.0329338437601843,0.02598985194218062,0.0317338437601843,0.6046511627906976,0.26800506331860513,-0.007881500034651961,0.0686759010675294,False,0.029050032723219398,0.02324195629122555,0.019069254137098975,2,"{'BOUND_LONG_MINUS100_SHORT_0': {'mean_sector_relative': 0.0329338437601843, 'mean_ge_2x_cost': True, 'sign_unchanged': True}, 'BOUND_MIRROR_LONG_0_SHORT_MINUS100': {'mean_sector_relative': 0.0329338437601843, 'mean_ge_2x_cost': True, 'sign_unchanged': True}}",6,0.053683914368586404,False,False,True,False,False,True,True,False,False,DISCOVERY
GAP_UP_10|SHORT|H5|L1,2701,901,1374,30,5,0.0018477457501847746,0.019275591337931035,0.012062726176115812,0.023468446392330564,0.021973687567678528,0.016481979791461487,0.01897368756767853,0.5812661977045539,0.18566405070226302,0.011857197912573472,0.03198247429233073,False,0.02164753778523317,0.021067419021348902,0.02055124689816699,4,"{'BOUND_LONG_MINUS100_SHORT_0': {'mean_sector_relative': 0.021933085779859463, 'mean_ge_2x_cost': True, 'sign_unchanged': True}, 'BOUND_MIRROR_LONG_0_SHORT_MINUS100': {'mean_sector_relative': 0.02008534002967469, 'mean_ge_2x_cost': True, 'sign_unchanged': True}}",19,0.023573643378570357,True,True,True,True,True,True,True,True,True,DISCOVERY
GAP_UP_10|SHORT|H5|L2,1870,690,737,20,3,0.001601708489054992,0.023218828998029472,0.015763932655082358,0.025241433370435936,0.02364238844379728,0.02022446568504771,0.021642388443797282,0.5802139037433155,0.28796678341178106,0.004671375251411498,0.04082398574071742,False,0.023248579578662328,0.022498140931265304,0.021781733413799007,3,"{'BOUND_LONG_MINUS100_SHORT_0': {'mean_sector_relative': 0.02360452022952532, 'mean_ge_2x_cost': True, 'sign_unchanged': True}, 'BOUND_MIRROR_LONG_0_SHORT_MINUS100': {'mean_sector_relative': 0.022002811740470325, 'mean_ge_2x_cost': True, 'sign_unchanged': True}}",11,0.03289636415978251,True,True,True,True,False,True,True,False,False,DISCOVERY
GAP_UP_10|SHORT|H5|L3,215,147,90,12,0,0.0,0.05794374139675866,0.04390960867168847,0.06142944016456168,0.0586958253670789,0.04921689398598694,0.0574958253670789,0.6697674418604651,0.2211098888999997,0.030245300325984353,0.08656220373680569,False,0.05497283679030426,0.048096150293128415,0.04284609966179828,2,"{'BOUND_LONG_MINUS100_SHORT_0': {'mean_sector_relative': 0.0586958253670789, 'mean_ge_2x_cost': True, 'sign_unchanged': True}, 'BOUND_MIRROR_LONG_0_SHORT_MINUS100': {'mean_sector_relative': 0.0586958253670789, 'mean_ge_2x_cost': True, 'sign_unchanged': True}}",6,0.06757481817055001,False,False,True,True,False,True,True,False,False,DISCOVERY
GAP_UP_10|SHORT|H10|L1,2695,898,1370,30,8,0.0029596744358120607,0.01538785405184061,0.007740686985969969,0.029025552390791267,0.028515886576306576,0.02084769608138115,0.025515886576306577,0.5840445269016697,0.22115172724518103,0.014214246513406513,0.04229618661639315,False,0.02818231596404644,0.027555287137070592,0.026970469726371817,5,"{'BOUND_LONG_MINUS100_SHORT_0': {'mean_sector_relative': 0.028431488835792166, 'mean_ge_2x_cost': True, 'sign_unchanged': True}, 'BOUND_MIRROR_LONG_0_SHORT_MINUS100': {'mean_sector_relative': 0.025471814399980103, 'mean_ge_2x_cost': True, 'sign_unchanged': True}}",24,0.028486389275778387,True,True,True,True,True,True,True,True,True,DISCOVERY
GAP_UP_10|SHORT|H10|L2,1864,688,734,20,8,0.004273504273504274,0.00826520100032965,0.0061911327955703754,0.024239951727612674,0.025848530830885657,0.020626659342771747,0.02384853083088566,0.5686695278969958,0.2649179742775062,0.009131202090093101,0.04270185090994758,False,0.025375463130043137,0.0244992244777846,0.023670325881791354,4,"{'BOUND_LONG_MINUS100_SHORT_0': {'mean_sector_relative': 0.025738067023916057, 'mean_ge_2x_cost': True, 'sign_unchanged': True}, 'BOUND_MIRROR_LONG_0_SHORT_MINUS100': {'mean_sector_relative': 0.02146456275041178, 'mean_ge_2x_cost': True, 'sign_unchanged': True}}",16,0.031791962870089834,True,True,True,True,True,True,True,True,True,DISCOVERY
GAP_UP_10|SHORT|H10|L3,214,147,89,12,1,0.004651162790697674,0.03455475717089233,0.05741138930647072,0.04611527449239802,0.04363907365949241,0.05230276096136016,0.04243907365949241,0.6682242990654206,0.4095373668541404,-0.013733704504869677,0.09165578209889166,False,0.03964916153231414,0.03183975570831103,0.025967549693218614,3,"{'BOUND_LONG_MINUS100_SHORT_0': {'mean_sector_relative': 0.04343610122386687, 'mean_ge_2x_cost': True, 'sign_unchanged': True}, 'BOUND_MIRROR_LONG_0_SHORT_MINUS100': {'mean_sector_relative': 0.03878493843316919, 'mean_ge_2x_cost': True, 'sign_unchanged': True}}",7,0.0669989646746326,False,False,True,False,False,True,True,False,False,DISCOVERY
GAP_DOWN_3|LONG|H0|L1,29328,1241,2481,30,0,0.0,0.0014170708755339692,-0.0007511274434209847,-0.0021837628851831994,-0.0020193420122695334,-0.002547527270315708,-0.005019342012269534,0.46157255864702673,0.05348508444269675,-0.005230762054310664,0.002229077836853076,False,-0.0020655406199413823,-0.0021249455136391885,-0.0021684695052352518,5,"{'BOUND_LONG_MINUS100_SHORT_0': {'mean_sector_relative': -0.0020193420122695334, 'mean_ge_2x_cost': False, 'sign_unchanged': True}, 'BOUND_MIRROR_LONG_0_SHORT_MINUS100': {'mean_sector_relative': -0.0020193420122695334, 'mean_ge_2x_cost': False, 'sign_unchanged': True}}",12,-0.0021779714983079126,True,True,False,False,True,True,True,False,False,DISCOVERY
GAP_DOWN_3|LONG|H0|L2,20467,1196,1387,20,0,0.0,0.0019162040389421155,0.0002994908655284956,-0.00230228896452702,-0.0021494079176478877,-0.0026227341426645623,-0.004149407917647887,0.4600576537841403,0.05145944161162626,-0.004744710176469429,0.0008171358856144338,False,-0.0022140155075675654,-0.0023377228250146044,-0.0024318391736301522,3,"{'BOUND_LONG_MINUS100_SHORT_0': {'mean_sector_relative': -0.0021494079176478877, 'mean_ge_2x_cost': False, 'sign_unchanged': True}, 'BOUND_MIRROR_LONG_0_SHORT_MINUS100': {'mean_sector_relative': -0.0021494079176478877, 'mean_ge_2x_cost': False, 'sign_unchanged': True}}",5,-0.0023994238312001156,True,True,False,False,False,True,True,False,False,DISCOVERY
GAP_DOWN_3|LONG|H0|L3,2221,597,178,12,0,0.0,0.003383153951752129,0.00277628515135242,-0.0007321653722592494,-0.0005139174115549452,-0.001260209984255578,-0.0017139174115549452,0.4831157136425034,0.046804671064250354,-0.0029826787768562914,0.0020303253036779855,False,-0.0008163299116056099,-0.0011942567282290082,-0.0014399125506703808,4,"{'BOUND_LONG_MINUS100_SHORT_0': {'mean_sector_relative': -0.0005139174115549452, 'mean_ge_2x_cost': False, 'sign_unchanged': True}, 'BOUND_MIRROR_LONG_0_SHORT_MINUS100': {'mean_sector_relative': -0.0005139174115549452, 'mean_ge_2x_cost': False, 'sign_unchanged': True}}",0,,True,True,False,False,True,True,True,False,False,DISCOVERY
GAP_DOWN_3|LONG|H1|L1,29316,1240,2480,30,6,0.0002046245140167792,-0.008713690377685534,-0.006183497299670104,-0.005044990173056221,-0.004282400411055488,-0.004553401445800631,-0.007282400411055488,0.456167280665848,0.07869311086311254,-0.009526340642481953,0.0018807222300569752,False,-0.004365264590182264,-0.0044340748177269665,-0.004496974026671923,3,"{'BOUND_LONG_MINUS100_SHORT_0': {'mean_sector_relative': -0.004486148640969329, 'mean_ge_2x_cost': False, 'sign_unchanged': True}, 'BOUND_MIRROR_LONG_0_SHORT_MINUS100': {'mean_sector_relative': -0.00428152412695255, 'mean_ge_2x_cost': False, 'sign_unchanged': True}}",13,-0.004454266932033096,True,True,False,False,False,True,True,False,False,DISCOVERY
GAP_DOWN_3|LONG|H1|L2,20460,1195,1387,20,4,0.00019546520719311962,-0.007911134983386395,-0.004823191466769072,-0.003743312141756979,-0.003139487735403498,-0.003033377017466865,-0.005139487735403498,0.46764418377321604,0.07584686775771009,-0.006819045219485528,0.001023273527659245,False,-0.0032151913927956264,-0.0033323628269497653,-0.003435693012825356,4,"{'BOUND_LONG_MINUS100_SHORT_0': {'mean_sector_relative': -0.0033343392819759365, 'mean_ge_2x_cost': False, 'sign_unchanged': True}, 'BOUND_MIRROR_LONG_0_SHORT_MINUS100': {'mean_sector_relative': -0.003138874074782817, 'mean_ge_2x_cost': False, 'sign_unchanged': True}}",8,-0.0034458756422094546,True,True,False,False,True,True,True,False,False,DISCOVERY
GAP_DOWN_3|LONG|H1|L3,2218,596,178,12,1,0.0004506534474988734,-0.008396018557268537,-0.0048120064465996815,-0.0041823313871347315,-0.0034568408719802303,-0.0018626533195119643,-0.00465684087198023,0.48196573489630296,0.06875561850987268,-0.00792513475642054,0.0007374037162143421,False,-0.0037235506872603475,-0.0040935454236817196,-0.00442757825060771,5,"{'BOUND_LONG_MINUS100_SHORT_0': {'mean_sector_relative': -0.0039059364822226906, 'mean_ge_2x_cost': False, 'sign_unchanged': True}, 'BOUND_MIRROR_LONG_0_SHORT_MINUS100': {'mean_sector_relative': -0.0034552830347238175, 'mean_ge_2x_cost': False, 'sign_unchanged': True}}",0,,True,True,False,False,True,True,True,False,False,DISCOVERY
GAP_DOWN_3|LONG|H3|L1,29301,1238,2478,30,18,0.0006139363552645043,-0.009224475612556078,-0.007343631299063014,-0.005833174859930393,-0.005060984695247473,-0.0062771868862174784,-0.008060984695247473,0.4583120030033105,0.11187559373632348,-0.012767475854405946,0.0030097191969919407,False,-0.00519030676063222,-0.0053443482764597375,-0.005460405847957821,4,"{'BOUND_LONG_MINUS100_SHORT_0': {'mean_sector_relative': -0.005671813928014128, 'mean_ge_2x_cost': False, 'sign_unchanged': True}, 'BOUND_MIRROR_LONG_0_SHORT_MINUS100': {'mean_sector_relative': -0.0050578775727496235, 'mean_ge_2x_cost': False, 'sign_unchanged': True}}",36,-0.00553400540535248,True,True,False,False,True,True,True,False,False,DISCOVERY
GAP_DOWN_3|LONG|H3|L2,20449,1194,1386,20,14,0.0006841616576259591,-0.009456775602657215,-0.007616232806638701,-0.005260393232085398,-0.004890435788433286,-0.00536179545692117,-0.006890435788433286,0.4629566237957846,0.10568391988901449,-0.010965729457290652,0.002127997559306556,False,-0.0050263029173022436,-0.005180312318825382,-0.005297866018553113,4,"{'BOUND_LONG_MINUS100_SHORT_0': {'mean_sector_relative': -0.005571251597403717, 'mean_ge_2x_cost': False, 'sign_unchanged': True}, 'BOUND_MIRROR_LONG_0_SHORT_MINUS100': {'mean_sector_relative': -0.004887089939777758, 'mean_ge_2x_cost': False, 'sign_unchanged': True}}",12,-0.005058922335013498,True,True,False,False,True,True,True,False,False,DISCOVERY
GAP_DOWN_3|LONG|H3|L3,2218,596,178,12,1,0.0004506534474988734,-0.005188716743650046,-0.0069461620433834415,-0.0027131133771772513,-0.00226463677580324,-0.004468216114262791,-0.0034646367758032395,0.46393146979260597,0.09930166338375751,-0.008194960159830705,0.003598423499883091,False,-0.002601595977205972,-0.003234336985825045,-0.003822391106050833,3,"{'BOUND_LONG_MINUS100_SHORT_0': {'mean_sector_relative': -0.0027142696569317647, 'mean_ge_2x_cost': False, 'sign_unchanged': True}, 'BOUND_MIRROR_LONG_0_SHORT_MINUS100': {'mean_sector_relative': -0.002263616209432891, 'mean_ge_2x_cost': False, 'sign_unchanged': True}}",1,-0.0025449210016691643,True,True,False,False,False,True,True,False,False,DISCOVERY
GAP_DOWN_3|LONG|H5|L1,29285,1236,2477,30,28,0.0009552075870774059,-0.0033217603533350934,-0.005706134094151216,-0.0033163329698028504,-0.0026301383939755117,-0.006528015130809917,-0.005630138393975512,0.46515280860508795,0.13439352279466374,-0.012547422162060349,0.008280277676661642,False,-0.00276355853977466,-0.0029564397074659556,-0.0031021185602604323,4,"{'BOUND_LONG_MINUS100_SHORT_0': {'mean_sector_relative': -0.0035828336529039285, 'mean_ge_2x_cost': False, 'sign_unchanged': True}, 'BOUND_MIRROR_LONG_0_SHORT_MINUS100': {'mean_sector_relative': -0.0026276260658265227, 'mean_ge_2x_cost': False, 'sign_unchanged': True}}",53,-0.003309990108421991,True,True,False,False,True,True,True,False,False,DISCOVERY
GAP_DOWN_3|LONG|H5|L2,20433,1192,1384,20,20,0.0009778516599031927,-0.004297156908823973,-0.006983176892032761,-0.0034977530066511763,-0.003354506935742782,-0.005926573536844781,-0.005354506935742782,0.4627318553320609,0.12903058423835267,-0.011385493993444625,0.005358742982593591,False,-0.003548135265476985,-0.0037438429643374656,-0.0038802957158410928,4,"{'BOUND_LONG_MINUS100_SHORT_0': {'mean_sector_relative': -0.0043290783854707015, 'mean_ge_2x_cost': False, 'sign_unchanged': True}, 'BOUND_MIRROR_LONG_0_SHORT_MINUS100': {'mean_sector_relative': -0.003351226725567509, 'mean_ge_2x_cost': False, 'sign_unchanged': True}}",17,-0.0035718439946807044,True,True,False,False,True,True,True,False,False,DISCOVERY
GAP_DOWN_3|LONG|H5|L3,2214,595,178,12,3,0.0013531799729364006,-0.0034287313823853824,-0.007756425790109489,-0.004462699227397027,-0.004487223024279116,-0.00594626429779771,-0.005687223024279116,0.46115627822944893,0.12340770798701922,-0.012877365367962091,0.0037926765774479597,False,-0.004981083341793713,-0.005811059461832411,-0.0065150269251951325,3,"{'BOUND_LONG_MINUS100_SHORT_0': {'mean_sector_relative': -0.005834330976884964, 'mean_ge_2x_cost': False, 'sign_unchanged': True}, 'BOUND_MIRROR_LONG_0_SHORT_MINUS100': {'mean_sector_relative': -0.004481151003948563, 'mean_ge_2x_cost': False, 'sign_unchanged': True}}",1,-0.004817333756049961,True,True,False,False,False,True,True,False,False,DISCOVERY
GAP_DOWN_3|LONG|H10|L1,29232,1231,2474,30,51,0.0017416248335211555,-0.007413589060553735,-0.005454918352056526,-0.010116440335239342,-0.008363001634405186,-0.011162803577773939,-0.011363001634405186,0.45532293377120964,0.15558927024601568,-0.017274668159849762,0.00045911098971448294,False,-0.00857515884428588,-0.008773896904953374,-0.008919655660271067,5,"{'BOUND_LONG_MINUS100_SHORT_0': {'mean_sector_relative': -0.010090061256597085, 'mean_ge_2x_cost': False, 'sign_unchanged': True}, 'BOUND_MIRROR_LONG_0_SHORT_MINUS100': {'mean_sector_relative': -0.00834843642307593, 'mean_ge_2x_cost': False, 'sign_unchanged': True}}",78,-0.008635741045058475,True,True,False,False,True,True,True,False,False,DISCOVERY
GAP_DOWN_3|LONG|H10|L2,20402,1187,1380,20,29,0.0014194116783319466,-0.007325340494207929,-0.004780608509894424,-0.00961266953862666,-0.008627030091871957,-0.009857154804662871,-0.010627030091871957,0.4546122929124596,0.14953255165154594,-0.015929641787458156,-0.0012034076703053866,False,-0.008731570779941118,-0.008927280717901649,-0.009094887745186395,5,"{'BOUND_LONG_MINUS100_SHORT_0': {'mean_sector_relative': -0.010034196462942178, 'mean_ge_2x_cost': False, 'sign_unchanged': True}, 'BOUND_MIRROR_LONG_0_SHORT_MINUS100': {'mean_sector_relative': -0.008614784784610233, 'mean_ge_2x_cost': False, 'sign_unchanged': True}}",23,-0.008391192599656294,True,True,False,True,True,True,True,False,False,DISCOVERY
GAP_DOWN_3|LONG|H10|L3,2211,594,178,12,5,0.002256317689530686,-0.00772397134074505,-0.010788889739077212,-0.011539487871893109,-0.011029545692524519,-0.011877311433820759,-0.012229545692524518,0.44097693351424694,0.15390714831929075,-0.021955380013855965,-0.0005777898208954848,False,-0.012292168503165786,-0.013267872890833355,-0.014081809578385325,3,"{'BOUND_LONG_MINUS100_SHORT_0': {'mean_sector_relative': -0.013260977223001675, 'mean_ge_2x_cost': False, 'sign_unchanged': True}, 'BOUND_MIRROR_LONG_0_SHORT_MINUS100': {'mean_sector_relative': -0.011004659533470988, 'mean_ge_2x_cost': False, 'sign_unchanged': True}}",3,-0.01318575091931296,True,True,False,True,False,True,True,False,False,DISCOVERY
GAP_DOWN_3|SHORT|H0|L1,29328,1241,2481,30,0,0.0,-0.0014170708755339692,0.0007511274434209847,0.0021837628851831994,0.0020193420122695334,0.002547527270315708,-0.0009806579877304667,0.5383592471358429,0.05348508444269675,-0.0022290778368530776,0.0052307620543106635,False,0.002000614144557556,0.001969237828993511,0.0019458666238529674,5,"{'BOUND_LONG_MINUS100_SHORT_0': {'mean_sector_relative': 0.0020193420122695334, 'mean_ge_2x_cost': False, 'sign_unchanged': True}, 'BOUND_MIRROR_LONG_0_SHORT_MINUS100': {'mean_sector_relative': 0.0020193420122695334, 'mean_ge_2x_cost': False, 'sign_unchanged': True}}",12,0.0021779714983079126,True,True,False,False,True,True,True,False,False,DISCOVERY
GAP_DOWN_3|SHORT|H0|L2,20467,1196,1387,20,0,0.0,-0.0019162040389421155,-0.0002994908655284956,0.00230228896452702,0.0021494079176478877,0.0026227341426645623,0.00014940791764788764,0.5399423462158597,0.05145944161162626,-0.000817135885614434,0.004744710176469429,False,0.002119128663807146,0.002081975329836106,0.0020464623053293948,3,"{'BOUND_LONG_MINUS100_SHORT_0': {'mean_sector_relative': 0.0021494079176478877, 'mean_ge_2x_cost': False, 'sign_unchanged': True}, 'BOUND_MIRROR_LONG_0_SHORT_MINUS100': {'mean_sector_relative': 0.0021494079176478877, 'mean_ge_2x_cost': False, 'sign_unchanged': True}}",5,0.0023994238312001156,True,True,False,False,False,True,True,False,False,DISCOVERY
GAP_DOWN_3|SHORT|H0|L3,2221,597,178,12,0,0.0,-0.003383153951752129,-0.00277628515135242,0.0007321653722592494,0.0005139174115549452,0.001260209984255578,-0.0006860825884450547,0.5168842863574966,0.046804671064250354,-0.002030325303677986,0.0029826787768562914,False,0.0003570427324482853,0.0001270954376242135,-6.240354802482176e-05,4,"{'BOUND_LONG_MINUS100_SHORT_0': {'mean_sector_relative': 0.0005139174115549452, 'mean_ge_2x_cost': False, 'sign_unchanged': True}, 'BOUND_MIRROR_LONG_0_SHORT_MINUS100': {'mean_sector_relative': 0.0005139174115549452, 'mean_ge_2x_cost': False, 'sign_unchanged': True}}",0,,True,True,False,False,True,False,True,False,False,DISCOVERY
GAP_DOWN_3|SHORT|H1|L1,29316,1240,2480,30,6,0.0002046245140167792,0.008713690377685534,0.006183497299670104,0.005044990173056221,0.004282400411055488,0.004553401445800631,0.0012824004110554878,0.543832719334152,0.07869311086311254,-0.0018807222300569757,0.009526340642481953,False,0.004261053049475971,0.0042237250548364655,0.004189325983825537,3,"{'BOUND_LONG_MINUS100_SHORT_0': {'mean_sector_relative': 0.00428152412695255, 'mean_ge_2x_cost': False, 'sign_unchanged': True}, 'BOUND_MIRROR_LONG_0_SHORT_MINUS100': {'mean_sector_relative': 0.004076899612935771, 'mean_ge_2x_cost': False, 'sign_unchanged': True}}",13,0.004454266932033096,True,True,False,False,False,True,True,False,False,DISCOVERY
GAP_DOWN_3|SHORT|H1|L2,20460,1195,1387,20,4,0.00019546520719311962,0.007911134983386395,0.004823191466769072,0.003743312141756979,0.003139487735403498,0.003033377017466865,0.0011394877354034979,0.532355816226784,0.07584686775771009,-0.0010232735276592452,0.006819045219485528,False,0.0031120547918945915,0.003059467452492845,0.003009131716360764,4,"{'BOUND_LONG_MINUS100_SHORT_0': {'mean_sector_relative': 0.003138874074782817, 'mean_ge_2x_cost': False, 'sign_unchanged': True}, 'BOUND_MIRROR_LONG_0_SHORT_MINUS100': {'mean_sector_relative': 0.0029434088675896974, 'mean_ge_2x_cost': False, 'sign_unchanged': True}}",8,0.0034458756422094546,True,True,False,False,True,True,True,False,False,DISCOVERY
GAP_DOWN_3|SHORT|H1|L3,2218,596,178,12,1,0.0004506534474988734,0.008396018557268537,0.0048120064465996815,0.0041823313871347315,0.0034568408719802303,0.0018626533195119643,0.0022568408719802306,0.518034265103697,0.06875561850987268,-0.0007374037162143425,0.00792513475642054,False,0.0031279079106925913,0.002636830326478124,0.002302815450229934,5,"{'BOUND_LONG_MINUS100_SHORT_0': {'mean_sector_relative': 0.0034552830347238175, 'mean_ge_2x_cost': True, 'sign_unchanged': True}, 'BOUND_MIRROR_LONG_0_SHORT_MINUS100': {'mean_sector_relative': 0.003004629587224944, 'mean_ge_2x_cost': True, 'sign_unchanged': True}}",0,,True,True,True,False,True,True,True,False,False,DISCOVERY
GAP_DOWN_3|SHORT|H3|L1,29301,1238,2478,30,18,0.0006139363552645043,0.009224475612556078,0.007343631299063014,0.005833174859930393,0.005060984695247473,0.0062771868862174784,0.0020609846952474725,0.5416879969966896,0.11187559373632348,-0.0030097191969919415,0.012767475854405944,False,0.005028884655124534,0.004969606095294304,0.004918185539894367,4,"{'BOUND_LONG_MINUS100_SHORT_0': {'mean_sector_relative': 0.0050578775727496235, 'mean_ge_2x_cost': False, 'sign_unchanged': True}, 'BOUND_MIRROR_LONG_0_SHORT_MINUS100': {'mean_sector_relative': 0.004443941217485119, 'mean_ge_2x_cost': False, 'sign_unchanged': True}}",36,0.00553400540535248,True,True,False,False,True,True,True,False,False,DISCOVERY
GAP_DOWN_3|SHORT|H3|L2,20449,1194,1386,20,14,0.0006841616576259591,0.009456775602657215,0.007616232806638701,0.005260393232085398,0.004890435788433286,0.00536179545692117,0.002890435788433286,0.5370433762042154,0.10568391988901449,-0.0021279975593065568,0.01096572945729065,False,0.004847021994787444,0.00476712848812577,0.00469820783907671,4,"{'BOUND_LONG_MINUS100_SHORT_0': {'mean_sector_relative': 0.004887089939777758, 'mean_ge_2x_cost': True, 'sign_unchanged': True}, 'BOUND_MIRROR_LONG_0_SHORT_MINUS100': {'mean_sector_relative': 0.004202928282151799, 'mean_ge_2x_cost': True, 'sign_unchanged': True}}",12,0.005058922335013498,True,True,True,False,True,True,True,False,False,DISCOVERY
GAP_DOWN_3|SHORT|H3|L3,2218,596,178,12,1,0.0004506534474988734,0.005188716743650046,0.0069461620433834415,0.0027131133771772513,0.00226463677580324,0.004468216114262791,0.0010646367758032399,0.5360685302073941,0.09930166338375751,-0.0035984234998830923,0.008194960159830705,False,0.0019169031582148082,0.001342593166469165,0.0009130845460351828,3,"{'BOUND_LONG_MINUS100_SHORT_0': {'mean_sector_relative': 0.002263616209432891, 'mean_ge_2x_cost': False, 'sign_unchanged': True}, 'BOUND_MIRROR_LONG_0_SHORT_MINUS100': {'mean_sector_relative': 0.0018129627619340178, 'mean_ge_2x_cost': False, 'sign_unchanged': True}}",1,0.0025449210016691643,True,True,False,False,False,True,True,False,False,DISCOVERY
GAP_DOWN_3|SHORT|H5|L1,29285,1236,2477,30,28,0.0009552075870774059,0.0033217603533350934,0.005706134094151216,0.0033163329698028504,0.0026301383939755117,0.006528015130809917,-0.0003698616060244884,0.5348471913949121,0.13439352279466374,-0.008280277676661644,0.012547422162060347,False,0.0025967209567323976,0.002530893819270254,0.002473007623618332,4,"{'BOUND_LONG_MINUS100_SHORT_0': {'mean_sector_relative': 0.0026276260658265227, 'mean_ge_2x_cost': False, 'sign_unchanged': True}, 'BOUND_MIRROR_LONG_0_SHORT_MINUS100': {'mean_sector_relative': 0.001672418478749117, 'mean_ge_2x_cost': False, 'sign_unchanged': True}}",53,0.003309990108421991,True,True,False,False,True,True,True,False,False,DISCOVERY
GAP_DOWN_3|SHORT|H5|L2,20433,1192,1384,20,20,0.0009778516599031927,0.004297156908823973,0.006983176892032761,0.0034977530066511763,0.003354506935742782,0.005926573536844781,0.001354506935742782,0.5372681446679392,0.12903058423835267,-0.005358742982593593,0.011385493993444625,False,0.0033093268345195854,0.003231875478049344,0.0031575563408712515,4,"{'BOUND_LONG_MINUS100_SHORT_0': {'mean_sector_relative': 0.003351226725567509, 'mean_ge_2x_cost': False, 'sign_unchanged': True}, 'BOUND_MIRROR_LONG_0_SHORT_MINUS100': {'mean_sector_relative': 0.0023733750656643165, 'mean_ge_2x_cost': False, 'sign_unchanged': True}}",17,0.0035718439946807044,True,True,False,False,True,True,True,False,False,DISCOVERY
GAP_DOWN_3|SHORT|H5|L3,2214,595,178,12,3,0.0013531799729364006,0.0034287313823853824,0.007756425790109489,0.004462699227397027,0.004487223024279116,0.00594626429779771,0.0032872230242791166,0.5388437217705511,0.12340770798701922,-0.0037926765774479606,0.012877365367962091,False,0.0040988212512071106,0.003419875967132858,0.0029141629222547453,3,"{'BOUND_LONG_MINUS100_SHORT_0': {'mean_sector_relative': 0.004481151003948563, 'mean_ge_2x_cost': True, 'sign_unchanged': True}, 'BOUND_MIRROR_LONG_0_SHORT_MINUS100': {'mean_sector_relative': 0.0031279710310121622, 'mean_ge_2x_cost': True, 'sign_unchanged': True}}",1,0.004817333756049961,True,True,True,False,False,True,True,False,False,DISCOVERY
GAP_DOWN_3|SHORT|H10|L1,29232,1231,2474,30,51,0.0017416248335211555,0.007413589060553735,0.005454918352056526,0.010116440335239342,0.008363001634405186,0.011162803577773939,0.005363001634405186,0.5446770662287904,0.15558927024601568,-0.0004591109897144834,0.01727466815984976,False,0.00832873744264718,0.008262031257548921,0.008196628209102417,5,"{'BOUND_LONG_MINUS100_SHORT_0': {'mean_sector_relative': 0.00834843642307593, 'mean_ge_2x_cost': True, 'sign_unchanged': True}, 'BOUND_MIRROR_LONG_0_SHORT_MINUS100': {'mean_sector_relative': 0.006606811589554774, 'mean_ge_2x_cost': True, 'sign_unchanged': True}}",78,0.008635741045058475,True,True,True,False,True,True,True,False,False,DISCOVERY
GAP_DOWN_3|SHORT|H10|L2,20402,1187,1380,20,29,0.0014194116783319466,0.007325340494207929,0.004780608509894424,0.00961266953862666,0.008627030091871957,0.009857154804662871,0.006627030091871957,0.5453877070875405,0.14953255165154594,0.001203407670305385,0.015929641787458152,False,0.008580111832993412,0.008492920217876511,0.008418311861030994,5,"{'BOUND_LONG_MINUS100_SHORT_0': {'mean_sector_relative': 0.008614784784610233, 'mean_ge_2x_cost': True, 'sign_unchanged': True}, 'BOUND_MIRROR_LONG_0_SHORT_MINUS100': {'mean_sector_relative': 0.007195373106278286, 'mean_ge_2x_cost': True, 'sign_unchanged': True}}",23,0.008391192599656294,True,True,True,True,True,True,True,True,True,DISCOVERY
GAP_DOWN_3|SHORT|H10|L3,2211,594,178,12,5,0.002256317689530686,0.00772397134074505,0.010788889739077212,0.011539487871893109,0.011029545692524519,0.011877311433820759,0.009829545692524519,0.5590230664857531,0.15390714831929075,0.0005777898208954841,0.021955380013855965,False,0.010623901208835362,0.009921961967073253,0.009283029334327536,3,"{'BOUND_LONG_MINUS100_SHORT_0': {'mean_sector_relative': 0.011004659533470988, 'mean_ge_2x_cost': True, 'sign_unchanged': True}, 'BOUND_MIRROR_LONG_0_SHORT_MINUS100': {'mean_sector_relative': 0.008748341843940303, 'mean_ge_2x_cost': True, 'sign_unchanged': True}}",3,0.01318575091931296,True,True,True,True,False,True,True,False,False,DISCOVERY
GAP_DOWN_5|LONG|H0|L1,10769,1144,2140,30,0,0.0,0.005842073383263831,0.0003834355828220559,-0.0008738703741255406,-0.0011145517904668206,-0.003445554875369905,-0.004114551790466821,0.4595598477110224,0.06969436662038991,-0.007291182184523149,0.00806839824285553,False,-0.0012402911828303421,-0.0014019480664281508,-0.0015203806203743645,2,"{'BOUND_LONG_MINUS100_SHORT_0': {'mean_sector_relative': -0.0011145517904668206, 'mean_ge_2x_cost': False, 'sign_unchanged': True}, 'BOUND_MIRROR_LONG_0_SHORT_MINUS100': {'mean_sector_relative': -0.0011145517904668206, 'mean_ge_2x_cost': False, 'sign_unchanged': True}}",12,-0.0015458546193261207,True,True,False,False,False,True,True,False,False,DISCOVERY
GAP_DOWN_5|LONG|H0|L2,7808,1010,1223,20,0,0.0,0.005325293584393141,0.0019920766875335394,-0.0022125678016468903,-0.0024868011252109938,-0.0044923065430506615,-0.004486801125210994,0.4473616803278688,0.06453784341576828,-0.007673383719559506,0.003935879060489692,False,-0.0026562127210229174,-0.0029030347204032367,-0.0030953417773557763,2,"{'BOUND_LONG_MINUS100_SHORT_0': {'mean_sector_relative': -0.0024868011252109938, 'mean_ge_2x_cost': False, 'sign_unchanged': True}, 'BOUND_MIRROR_LONG_0_SHORT_MINUS100': {'mean_sector_relative': -0.0024868011252109938, 'mean_ge_2x_cost': False, 'sign_unchanged': True}}",2,-0.002734025186833381,True,True,False,False,False,True,True,False,False,DISCOVERY
GAP_DOWN_5|LONG|H0|L3,873,336,149,12,0,0.0,0.005136895431123637,0.005030891438658536,-0.001129647194031078,-0.0011859876851169685,-0.00281446583175482,-0.0023859876851169684,0.4650630011454754,0.05959466978220855,-0.006158324862956045,0.00393227654787313,False,-0.0019566617910642546,-0.002922779426730477,-0.0034963352805821896,3,"{'BOUND_LONG_MINUS100_SHORT_0': {'mean_sector_relative': -0.0011859876851169685, 'mean_ge_2x_cost': False, 'sign_unchanged': True}, 'BOUND_MIRROR_LONG_0_SHORT_MINUS100': {'mean_sector_relative': -0.0011859876851169685, 'mean_ge_2x_cost': False, 'sign_unchanged': True}}",0,,True,True,False,False,False,True,True,False,False,DISCOVERY
GAP_DOWN_5|LONG|H1|L1,10764,1143,2140,30,4,0.0003714710252600297,-0.020171337439959965,-0.016253375741757337,-0.007696036414084514,-0.006631497780716497,-0.008466234016551721,-0.009631497780716498,0.43812709030100333,0.101202961566582,-0.017287675358585896,0.006908026350247122,False,-0.006857411792467039,-0.007025445990426188,-0.00718307806897765,4,"{'BOUND_LONG_MINUS100_SHORT_0': {'mean_sector_relative': -0.007000505396696914, 'mean_ge_2x_cost': False, 'sign_unchanged': True}, 'BOUND_MIRROR_LONG_0_SHORT_MINUS100': {'mean_sector_relative': -0.006629034371436884, 'mean_ge_2x_cost': False, 'sign_unchanged': True}}",13,-0.007102778864337784,True,True,False,False,True,True,True,False,False,DISCOVERY
GAP_DOWN_5|LONG|H1|L2,7805,1009,1223,20,1,0.00012810658467845247,-0.019259920327141685,-0.01655749636098991,-0.005481293711024695,-0.004378970135843196,-0.0052978914615402495,-0.006378970135843196,0.45765534913516975,0.09734360605490822,-0.011754730778197322,0.004735587045637672,False,-0.00457759399655386,-0.004885169084185071,-0.0051565440283645155,4,"{'BOUND_LONG_MINUS100_SHORT_0': {'mean_sector_relative': -0.004506515745613137, 'mean_ge_2x_cost': False, 'sign_unchanged': True}, 'BOUND_MIRROR_LONG_0_SHORT_MINUS100': {'mean_sector_relative': -0.004378409160934685, 'mean_ge_2x_cost': False, 'sign_unchanged': True}}",5,-0.004906927880047742,True,True,False,False,True,True,True,False,False,DISCOVERY
GAP_DOWN_5|LONG|H1|L3,871,335,149,12,1,0.0011467889908256881,-0.02154150206928001,-0.017444843509492047,-0.008520784698699583,-0.007157180379228681,-0.003196884167593672,-0.008357180379228682,0.48220436280137774,0.0844424913924133,-0.01595166008604392,0.0009051764520859087,False,-0.007671257306014975,-0.008544829976834277,-0.009323968629463705,4,"{'BOUND_LONG_MINUS100_SHORT_0': {'mean_sector_relative': -0.008295761594390116, 'mean_ge_2x_cost': False, 'sign_unchanged': True}, 'BOUND_MIRROR_LONG_0_SHORT_MINUS100': {'mean_sector_relative': -0.007148972603564428, 'mean_ge_2x_cost': False, 'sign_unchanged': True}}",0,,True,True,False,False,True,True,True,False,False,DISCOVERY
GAP_DOWN_5|LONG|H3|L1,10757,1141,2138,30,9,0.0008359650752368568,-0.017142297487663265,-0.015151515151515138,-0.005951080478722248,-0.005963826367535542,-0.010058672752835895,-0.008963826367535541,0.44557032629915405,0.14330655883925744,-0.021969375470984,0.012145673102856568,False,-0.006316191499317383,-0.006736068763608973,-0.007052549981576054,4,"{'BOUND_LONG_MINUS100_SHORT_0': {'mean_sector_relative': -0.006794805892214362, 'mean_ge_2x_cost': False, 'sign_unchanged': True}, 'BOUND_MIRROR_LONG_0_SHORT_MINUS100': {'mean_sector_relative': -0.005958840816977506, 'mean_ge_2x_cost': False, 'sign_unchanged': True}}",31,-0.0072091538785896995,True,True,False,False,True,True,True,False,False,DISCOVERY
GAP_DOWN_5|LONG|H3|L2,7801,1009,1221,20,5,0.0006405329233922624,-0.0184368768117354,-0.01825442099258412,-0.005708186442507907,-0.006264845604775656,-0.008777232514305955,-0.008264845604775656,0.44878861684399435,0.1325007276379456,-0.01865650117929872,0.009100867337934221,False,-0.006621202715151137,-0.007025417388546618,-0.007334160083181437,4,"{'BOUND_LONG_MINUS100_SHORT_0': {'mean_sector_relative': -0.006901365688298091, 'mean_ge_2x_cost': False, 'sign_unchanged': True}, 'BOUND_MIRROR_LONG_0_SHORT_MINUS100': {'mean_sector_relative': -0.006260832764905829, 'mean_ge_2x_cost': False, 'sign_unchanged': True}}",9,-0.006517346780342266,True,True,False,False,True,True,True,False,False,DISCOVERY
GAP_DOWN_5|LONG|H3|L3,871,335,149,12,1,0.0011467889908256881,-0.013977296763534318,-0.015842728335505707,-0.003145605076688138,-0.0032811742353630563,-0.003414997671020048,-0.004481174235363056,0.4799081515499426,0.1156276336771179,-0.016178423360106095,0.008947018660906754,False,-0.0040160789042886945,-0.005249817054873837,-0.006221023860951323,3,"{'BOUND_LONG_MINUS100_SHORT_0': {'mean_sector_relative': -0.004424200411698649, 'mean_ge_2x_cost': False, 'sign_unchanged': True}, 'BOUND_MIRROR_LONG_0_SHORT_MINUS100': {'mean_sector_relative': -0.003277411420872962, 'mean_ge_2x_cost': False, 'sign_unchanged': True}}",0,,True,True,False,False,False,True,True,False,False,DISCOVERY
GAP_DOWN_5|LONG|H5|L1,10750,1139,2137,30,13,0.001207841679829044,-0.00620868634442738,-0.013455218934006086,-0.0011842985419823373,-0.0019218636808762432,-0.010066620647020907,-0.004921863680876243,0.4531162790697674,0.16824070531114813,-0.020783911918963872,0.019180461036636263,False,-0.0022852804894044083,-0.0028107285024532172,-0.003207674559913652,3,"{'BOUND_LONG_MINUS100_SHORT_0': {'mean_sector_relative': -0.003127384053648575, 'mean_ge_2x_cost': False, 'sign_unchanged': True}, 'BOUND_MIRROR_LONG_0_SHORT_MINUS100': {'mean_sector_relative': -0.0019195423738195313, 'mean_ge_2x_cost': False, 'sign_unchanged': True}}",43,-0.003768109266896672,True,True,False,False,False,True,True,False,False,DISCOVERY
GAP_DOWN_5|LONG|H5|L2,7795,1008,1221,20,7,0.0008972058446552166,-0.007502493456425,-0.014554641387944933,-0.0018846091171247504,-0.0033229151235551033,-0.008390612626010263,-0.005322915123555103,0.4551635663887107,0.15565598395053454,-0.019881661957997215,0.015674530163114424,False,-0.0038305084570574134,-0.004174704833171821,-0.004496168937407783,3,"{'BOUND_LONG_MINUS100_SHORT_0': {'mean_sector_relative': -0.004217139629340173, 'mean_ge_2x_cost': False, 'sign_unchanged': True}, 'BOUND_MIRROR_LONG_0_SHORT_MINUS100': {'mean_sector_relative': -0.0033199337846849565, 'mean_ge_2x_cost': False, 'sign_unchanged': True}}",13,-0.003450104597280854,True,True,False,False,False,True,True,False,False,DISCOVERY
GAP_DOWN_5|LONG|H5|L3,869,334,149,12,2,0.002296211251435132,-0.01172380882054766,-0.014200008632224037,-0.0067013837084691046,-0.007905449572502131,-0.006077208090040642,-0.00910544957250213,0.4626006904487917,0.14290042892412386,-0.025959784103028457,0.008508852999574509,False,-0.009168503845783252,-0.010728023099175312,-0.012236401353669471,3,"{'BOUND_LONG_MINUS100_SHORT_0': {'mean_sector_relative': -0.01018350824168123, 'mean_ge_2x_cost': False, 'sign_unchanged': True}, 'BOUND_MIRROR_LONG_0_SHORT_MINUS100': {'mean_sector_relative': -0.007887296990246099, 'mean_ge_2x_cost': False, 'sign_unchanged': True}}",0,,True,True,False,False,False,True,True,False,False,DISCOVERY
GAP_DOWN_5|LONG|H10|L1,10725,1133,2133,30,25,0.002325581395348837,-0.008037133717275479,-0.011778224648089752,-0.01158538582801965,-0.01081008696600365,-0.014343536074979957,-0.013810086966003651,0.4494172494172494,0.1823655790776726,-0.02430889527823005,0.0031166377206292535,False,-0.01138860379623065,-0.01182987137922008,-0.012204840167757658,5,"{'BOUND_LONG_MINUS100_SHORT_0': {'mean_sector_relative': -0.013110528624222247, 'mean_ge_2x_cost': False, 'sign_unchanged': True}, 'BOUND_MIRROR_LONG_0_SHORT_MINUS100': {'mean_sector_relative': -0.01078494722887341, 'mean_ge_2x_cost': False, 'sign_unchanged': True}}",58,-0.01156425917044117,True,True,False,False,True,True,True,False,False,DISCOVERY
GAP_DOWN_5|LONG|H10|L2,7782,1003,1218,20,11,0.0014115231618118825,-0.007708082785827127,-0.009951663098027197,-0.01205261433028305,-0.01215800545737146,-0.013283949766641934,-0.01415800545737146,0.4464148033924441,0.16839494509548752,-0.02379476290588613,-0.0009763080099653595,False,-0.012432554429568404,-0.012930286807742537,-0.013329540716615029,5,"{'BOUND_LONG_MINUS100_SHORT_0': {'mean_sector_relative': -0.013552367312878828, 'mean_ge_2x_cost': False, 'sign_unchanged': True}, 'BOUND_MIRROR_LONG_0_SHORT_MINUS100': {'mean_sector_relative': -0.012140844151066945, 'mean_ge_2x_cost': False, 'sign_unchanged': True}}",14,-0.011634171319721243,True,True,False,True,True,True,True,False,False,DISCOVERY
GAP_DOWN_5|LONG|H10|L3,867,333,149,12,3,0.0034482758620689655,-0.011611583951509368,-0.013680781758957594,-0.014547114323155707,-0.014532409765521448,-0.016741851817763997,-0.015732409765521448,0.4186851211072664,0.18616184829047977,-0.03571247514029654,0.0037234801561289227,False,-0.017758621400152188,-0.020264741994786388,-0.021701009465598654,4,"{'BOUND_LONG_MINUS100_SHORT_0': {'mean_sector_relative': -0.01793057386977827, 'mean_ge_2x_cost': False, 'sign_unchanged': True}, 'BOUND_MIRROR_LONG_0_SHORT_MINUS100': {'mean_sector_relative': -0.014482298007709305, 'mean_ge_2x_cost': False, 'sign_unchanged': True}}",2,-0.019127946598972777,True,True,False,False,True,True,True,False,False,DISCOVERY
GAP_DOWN_5|SHORT|H0|L1,10769,1144,2140,30,0,0.0,-0.005842073383263831,-0.0003834355828220559,0.0008738703741255406,0.0011145517904668206,0.003445554875369905,-0.0018854482095331795,0.5404401522889776,0.06969436662038991,-0.008068398242855532,0.007291182184523149,False,0.0010634618047117195,0.0009778232427021204,0.0009139718233869169,2,"{'BOUND_LONG_MINUS100_SHORT_0': {'mean_sector_relative': 0.0011145517904668206, 'mean_ge_2x_cost': False, 'sign_unchanged': True}, 'BOUND_MIRROR_LONG_0_SHORT_MINUS100': {'mean_sector_relative': 0.0011145517904668206, 'mean_ge_2x_cost': False, 'sign_unchanged': True}}",12,0.0015458546193261207,True,True,False,False,False,True,True,False,False,DISCOVERY
GAP_DOWN_5|SHORT|H0|L2,7808,1010,1223,20,0,0.0,-0.005325293584393141,-0.0019920766875335394,0.0022125678016468903,0.0024868011252109938,0.0044923065430506615,0.00048680112521099373,0.5526383196721312,0.06453784341576828,-0.003935879060489694,0.007673383719559506,False,0.002441569738482197,0.002351077423788748,0.0022710382835051564,2,"{'BOUND_LONG_MINUS100_SHORT_0': {'mean_sector_relative': 0.0024868011252109938, 'mean_ge_2x_cost': False, 'sign_unchanged': True}, 'BOUND_MIRROR_LONG_0_SHORT_MINUS100': {'mean_sector_relative': 0.0024868011252109938, 'mean_ge_2x_cost': False, 'sign_unchanged': True}}",2,0.002734025186833381,True,True,False,False,False,True,True,False,False,DISCOVERY
GAP_DOWN_5|SHORT|H0|L3,873,336,149,12,0,0.0,-0.005136895431123637,-0.005030891438658536,0.001129647194031078,0.0011859876851169685,0.00281446583175482,-1.401231488303142e-05,0.5349369988545246,0.05959466978220855,-0.003932276547873131,0.006158324862956045,False,0.0007873756239435533,0.00029547017825620276,-0.00017180656447825896,3,"{'BOUND_LONG_MINUS100_SHORT_0': {'mean_sector_relative': 0.0011859876851169685, 'mean_ge_2x_cost': False, 'sign_unchanged': True}, 'BOUND_MIRROR_LONG_0_SHORT_MINUS100': {'mean_sector_relative': 0.0011859876851169685, 'mean_ge_2x_cost': False, 'sign_unchanged': True}}",0,,True,True,False,False,False,False,True,False,False,DISCOVERY
GAP_DOWN_5|SHORT|H1|L1,10764,1143,2140,30,4,0.0003714710252600297,0.020171337439959965,0.016253375741757337,0.007696036414084514,0.006631497780716497,0.008466234016551721,0.0036314977807164967,0.5618729096989966,0.101202961566582,-0.006908026350247124,0.017287675358585896,False,0.00657357259189054,0.00647431856769069,0.006385565518950609,4,"{'BOUND_LONG_MINUS100_SHORT_0': {'mean_sector_relative': 0.006629034371436884, 'mean_ge_2x_cost': True, 'sign_unchanged': True}, 'BOUND_MIRROR_LONG_0_SHORT_MINUS100': {'mean_sector_relative': 0.006257563346176854, 'mean_ge_2x_cost': True, 'sign_unchanged': True}}",13,0.007102778864337784,True,True,True,False,True,True,True,False,False,DISCOVERY
GAP_DOWN_5|SHORT|H1|L2,7805,1009,1223,20,1,0.00012810658467845247,0.019259920327141685,0.01655749636098991,0.005481293711024695,0.004378970135843196,0.0052978914615402495,0.0023789701358431963,0.5423446508648302,0.09734360605490822,-0.004735587045637673,0.01175473077819732,False,0.004309638699258903,0.0041761181324797975,0.004050502128065713,4,"{'BOUND_LONG_MINUS100_SHORT_0': {'mean_sector_relative': 0.004378409160934685, 'mean_ge_2x_cost': True, 'sign_unchanged': True}, 'BOUND_MIRROR_LONG_0_SHORT_MINUS100': {'mean_sector_relative': 0.004250302576256232, 'mean_ge_2x_cost': True, 'sign_unchanged': True}}",5,0.004906927880047742,True,True,True,False,True,True,True,False,False,DISCOVERY
GAP_DOWN_5|SHORT|H1|L3,871,335,149,12,1,0.0011467889908256881,0.02154150206928001,0.017444843509492047,0.008520784698699583,0.007157180379228681,0.003196884167593672,0.005957180379228682,0.5177956371986223,0.0844424913924133,-0.0009051764520859099,0.01595166008604392,False,0.006323221717541958,0.0050774311398676004,0.0042618756803988475,4,"{'BOUND_LONG_MINUS100_SHORT_0': {'mean_sector_relative': 0.007148972603564428, 'mean_ge_2x_cost': True, 'sign_unchanged': True}, 'BOUND_MIRROR_LONG_0_SHORT_MINUS100': {'mean_sector_relative': 0.006002183612738739, 'mean_ge_2x_cost': True, 'sign_unchanged': True}}",0,,True,True,True,False,True,True,True,False,False,DISCOVERY
GAP_DOWN_5|SHORT|H3|L1,10757,1141,2138,30,9,0.0008359650752368568,0.017142297487663265,0.015151515151515138,0.005951080478722248,0.005963826367535542,0.010058672752835895,0.002963826367535542,0.554429673700846,0.14330655883925744,-0.012145673102856573,0.021969375470984,False,0.005876467838906891,0.005736556841370239,0.005620477037798322,4,"{'BOUND_LONG_MINUS100_SHORT_0': {'mean_sector_relative': 0.005958840816977506, 'mean_ge_2x_cost': False, 'sign_unchanged': True}, 'BOUND_MIRROR_LONG_0_SHORT_MINUS100': {'mean_sector_relative': 0.005122875741740649, 'mean_ge_2x_cost': False, 'sign_unchanged': True}}",31,0.0072091538785896995,True,True,False,False,True,True,True,False,False,DISCOVERY
GAP_DOWN_5|SHORT|H3|L2,7801,1009,1221,20,5,0.0006405329233922624,0.0184368768117354,0.01825442099258412,0.005708186442507907,0.006264845604775656,0.008777232514305955,0.004264845604775656,0.5512113831560056,0.1325007276379456,-0.009100867337934228,0.018656501179298717,False,0.006151210881358494,0.005942068247422689,0.005789675391821096,4,"{'BOUND_LONG_MINUS100_SHORT_0': {'mean_sector_relative': 0.006260832764905829, 'mean_ge_2x_cost': True, 'sign_unchanged': True}, 'BOUND_MIRROR_LONG_0_SHORT_MINUS100': {'mean_sector_relative': 0.005620299841513566, 'mean_ge_2x_cost': True, 'sign_unchanged': True}}",9,0.006517346780342266,True,True,True,False,True,True,True,False,False,DISCOVERY
GAP_DOWN_5|SHORT|H3|L3,871,335,149,12,1,0.0011467889908256881,0.013977296763534318,0.015842728335505707,0.003145605076688138,0.0032811742353630563,0.003414997671020048,0.002081174235363056,0.5200918484500574,0.1156276336771179,-0.008947018660906757,0.016178423360106095,False,0.0023962214850941094,0.0009317767903212469,-0.0001667500108019618,3,"{'BOUND_LONG_MINUS100_SHORT_0': {'mean_sector_relative': 0.003277411420872962, 'mean_ge_2x_cost': True, 'sign_unchanged': True}, 'BOUND_MIRROR_LONG_0_SHORT_MINUS100': {'mean_sector_relative': 0.002130622430047274, 'mean_ge_2x_cost': False, 'sign_unchanged': True}}",0,,True,True,True,False,False,False,True,False,False,DISCOVERY
GAP_DOWN_5|SHORT|H5|L1,10750,1139,2137,30,13,0.001207841679829044,0.00620868634442738,0.013455218934006086,0.0011842985419823373,0.0019218636808762432,0.010066620647020907,-0.0010781363191237569,0.5468837209302325,0.16824070531114813,-0.019180461036636263,0.02078391191896387,False,0.0018307571121777208,0.0016599707970804609,0.001510230989731342,3,"{'BOUND_LONG_MINUS100_SHORT_0': {'mean_sector_relative': 0.0019195423738195313, 'mean_ge_2x_cost': False, 'sign_unchanged': True}, 'BOUND_MIRROR_LONG_0_SHORT_MINUS100': {'mean_sector_relative': 0.0007117006939904874, 'mean_ge_2x_cost': False, 'sign_unchanged': True}}",43,0.003768109266896672,True,True,False,False,False,True,True,False,False,DISCOVERY
GAP_DOWN_5|SHORT|H5|L2,7795,1008,1221,20,7,0.0008972058446552166,0.007502493456425,0.014554641387944933,0.0018846091171247504,0.0033229151235551033,0.008390612626010263,0.0013229151235551032,0.5448364336112893,0.15565598395053454,-0.015674530163114427,0.01988166195799721,False,0.00320447126674159,0.0030013730988998674,0.002813830531482302,3,"{'BOUND_LONG_MINUS100_SHORT_0': {'mean_sector_relative': 0.0033199337846849565, 'mean_ge_2x_cost': False, 'sign_unchanged': True}, 'BOUND_MIRROR_LONG_0_SHORT_MINUS100': {'mean_sector_relative': 0.0024227279400297398, 'mean_ge_2x_cost': False, 'sign_unchanged': True}}",13,0.003450104597280854,True,True,False,False,False,True,True,False,False,DISCOVERY
GAP_DOWN_5|SHORT|H5|L3,869,334,149,12,2,0.002296211251435132,0.01172380882054766,0.014200008632224037,0.0067013837084691046,0.007905449572502131,0.006077208090040642,0.006705449572502131,0.5373993095512083,0.14290042892412386,-0.008508852999574512,0.025959784103028453,False,0.0069191420871794335,0.0051922282518257635,0.0039033678217721165,3,"{'BOUND_LONG_MINUS100_SHORT_0': {'mean_sector_relative': 0.007887296990246099, 'mean_ge_2x_cost': True, 'sign_unchanged': True}, 'BOUND_MIRROR_LONG_0_SHORT_MINUS100': {'mean_sector_relative': 0.005591085738810966, 'mean_ge_2x_cost': True, 'sign_unchanged': True}}",0,,True,True,True,False,False,True,True,False,False,DISCOVERY
GAP_DOWN_5|SHORT|H10|L1,10725,1133,2133,30,25,0.002325581395348837,0.008037133717275479,0.011778224648089752,0.01158538582801965,0.01081008696600365,0.014343536074979957,0.00781008696600365,0.5505827505827506,0.1823655790776726,-0.0031166377206292587,0.02430889527823005,False,0.010716919350939602,0.010537138298278905,0.010368237424598829,5,"{'BOUND_LONG_MINUS100_SHORT_0': {'mean_sector_relative': 0.01078494722887341, 'mean_ge_2x_cost': True, 'sign_unchanged': True}, 'BOUND_MIRROR_LONG_0_SHORT_MINUS100': {'mean_sector_relative': 0.008459365833524574, 'mean_ge_2x_cost': True, 'sign_unchanged': True}}",58,0.01156425917044117,True,True,True,False,True,True,True,False,False,DISCOVERY
GAP_DOWN_5|SHORT|H10|L2,7782,1003,1218,20,11,0.0014115231618118825,0.007708082785827127,0.009951663098027197,0.01205261433028305,0.01215800545737146,0.013283949766641934,0.01015800545737146,0.5535851966075559,0.16839494509548752,0.0009763080099653585,0.023794762905886127,False,0.01203544429248064,0.011807688656556872,0.011612863258884167,5,"{'BOUND_LONG_MINUS100_SHORT_0': {'mean_sector_relative': 0.012140844151066945, 'mean_ge_2x_cost': True, 'sign_unchanged': True}, 'BOUND_MIRROR_LONG_0_SHORT_MINUS100': {'mean_sector_relative': 0.010729320989255062, 'mean_ge_2x_cost': True, 'sign_unchanged': True}}",14,0.011634171319721243,True,True,True,True,True,True,True,True,True,DISCOVERY
GAP_DOWN_5|SHORT|H10|L3,867,333,149,12,3,0.0034482758620689655,0.011611583951509368,0.013680781758957594,0.014547114323155707,0.014532409765521448,0.016741851817763997,0.013332409765521448,0.5813148788927336,0.18616184829047977,-0.0037234801561289235,0.03571247514029654,False,0.01350126491000178,0.011714080745177229,0.010217442296303152,4,"{'BOUND_LONG_MINUS100_SHORT_0': {'mean_sector_relative': 0.014482298007709305, 'mean_ge_2x_cost': True, 'sign_unchanged': True}, 'BOUND_MIRROR_LONG_0_SHORT_MINUS100': {'mean_sector_relative': 0.01103402214564034, 'mean_ge_2x_cost': True, 'sign_unchanged': True}}",2,0.019127946598972777,True,True,True,False,True,True,True,False,False,DISCOVERY
GAP_DOWN_10|LONG|H0|L1,2424,730,1294,30,0,0.0,0.005996762409598708,0.0004952964582447539,-0.004472114025690717,-0.00333294176131011,-0.003958822611925095,-0.00633294176131011,0.466996699669967,0.09146910881051222,-0.009496281255505057,0.0060500638732324166,False,-0.0038926529321484343,-0.004613719736077656,-0.005055399692902306,1,"{'BOUND_LONG_MINUS100_SHORT_0': {'mean_sector_relative': -0.00333294176131011, 'mean_ge_2x_cost': False, 'sign_unchanged': True}, 'BOUND_MIRROR_LONG_0_SHORT_MINUS100': {'mean_sector_relative': -0.00333294176131011, 'mean_ge_2x_cost': False, 'sign_unchanged': True}}",9,-0.004965170353361586,True,True,False,False,False,True,True,False,False,DISCOVERY
GAP_DOWN_10|LONG|H0|L2,1761,583,829,20,0,0.0,0.0027099185676710486,0.0005820721769500548,-0.009134982830215273,-0.007457072129930783,-0.007526052452041299,-0.009457072129930782,0.43611584327086883,0.08401011215071184,-0.01610648608978678,0.006056529630794795,False,-0.008211371334196924,-0.00907777184103803,-0.009583580758382254,2,"{'BOUND_LONG_MINUS100_SHORT_0': {'mean_sector_relative': -0.007457072129930783, 'mean_ge_2x_cost': False, 'sign_unchanged': True}, 'BOUND_MIRROR_LONG_0_SHORT_MINUS100': {'mean_sector_relative': -0.007457072129930783, 'mean_ge_2x_cost': False, 'sign_unchanged': True}}",1,-0.00821137133419693,True,True,False,False,False,True,True,False,False,DISCOVERY
GAP_DOWN_10|LONG|H0|L3,202,110,103,12,0,0.0,0.003991645152121511,0.0031066543061645246,-0.007447576766381983,-0.005915520793485422,-0.006392327383790697,-0.007115520793485422,0.4405940594059406,0.08628298248707185,-0.0189498618591502,0.009320205715390804,False,-0.00928247280092026,-0.012821763395540848,-0.014902348537585427,2,"{'BOUND_LONG_MINUS100_SHORT_0': {'mean_sector_relative': -0.005915520793485422, 'mean_ge_2x_cost': False, 'sign_unchanged': True}, 'BOUND_MIRROR_LONG_0_SHORT_MINUS100': {'mean_sector_relative': -0.005915520793485422, 'mean_ge_2x_cost': False, 'sign_unchanged': True}}",0,,False,False,False,False,False,True,True,False,False,DISCOVERY
GAP_DOWN_10|LONG|H1|L1,2422,729,1294,30,1,0.0004127115146512588,-0.031240907591983298,-0.023374262326289696,-0.017007507166938614,-0.014283696592973879,-0.013815132585848044,-0.01728369659297388,0.41824938067712636,0.13666801600971942,-0.029322824340819592,0.006528672429953233,False,-0.015291199569959994,-0.01603444917885714,-0.016717125141999144,3,"{'BOUND_LONG_MINUS100_SHORT_0': {'mean_sector_relative': -0.014690513061569432, 'mean_ge_2x_cost': False, 'sign_unchanged': True}, 'BOUND_MIRROR_LONG_0_SHORT_MINUS100': {'mean_sector_relative': -0.014277801546918174, 'mean_ge_2x_cost': False, 'sign_unchanged': True}}",9,-0.01625698006517531,True,True,False,False,False,True,True,False,False,DISCOVERY
GAP_DOWN_10|LONG|H1|L2,1761,583,829,20,0,0.0,-0.03100791150412881,-0.025006069434328704,-0.015862774264199478,-0.012259421423618777,-0.010244482514599307,-0.014259421423618777,0.4395229982964225,0.12665214105035494,-0.024817426521662828,0.008998466998176163,False,-0.013006058423908838,-0.014197402185135634,-0.015125906848014703,4,"{'BOUND_LONG_MINUS100_SHORT_0': {'mean_sector_relative': -0.012259421423618777, 'mean_ge_2x_cost': False, 'sign_unchanged': True}, 'BOUND_MIRROR_LONG_0_SHORT_MINUS100': {'mean_sector_relative': -0.012259421423618777, 'mean_ge_2x_cost': False, 'sign_unchanged': True}}",4,-0.014331245632091833,True,True,False,False,True,True,True,False,False,DISCOVERY
GAP_DOWN_10|LONG|H1|L3,202,110,103,12,0,0.0,-0.03967057756037013,-0.02781383262478193,-0.025294175206742004,-0.021359575741738614,-0.012209721495681725,-0.022559575741738613,0.4405940594059406,0.10802151930584081,-0.042132139128875604,-0.004639685102554361,False,-0.0236553435112241,-0.02667218490482034,-0.029207965356430887,3,"{'BOUND_LONG_MINUS100_SHORT_0': {'mean_sector_relative': -0.021359575741738614, 'mean_ge_2x_cost': False, 'sign_unchanged': True}, 'BOUND_MIRROR_LONG_0_SHORT_MINUS100': {'mean_sector_relative': -0.021359575741738614, 'mean_ge_2x_cost': False, 'sign_unchanged': True}}",0,,False,False,False,True,False,True,True,False,False,DISCOVERY
GAP_DOWN_10|LONG|H3|L1,2419,728,1293,30,3,0.0012386457473162675,-0.025828000410102567,-0.023978685612788486,-0.008096255069859422,-0.0068724613519552105,-0.013679466008772012,-0.00987246135195521,0.43365026870607687,0.17142969977883424,-0.027714103699982753,0.00951016861349573,False,-0.007706251090578769,-0.00911550043670296,-0.010250838115386454,3,"{'BOUND_LONG_MINUS100_SHORT_0': {'mean_sector_relative': -0.008102594554244284, 'mean_ge_2x_cost': False, 'sign_unchanged': True}, 'BOUND_MIRROR_LONG_0_SHORT_MINUS100': {'mean_sector_relative': -0.006863948806928016, 'mean_ge_2x_cost': False, 'sign_unchanged': True}}",18,-0.008128752397945449,True,True,False,False,False,True,True,False,False,DISCOVERY
GAP_DOWN_10|LONG|H3|L2,1759,582,829,20,2,0.001135718341851221,-0.03469390880321322,-0.030741789948588893,-0.015129486216589062,-0.013252452087738356,-0.015098078981346186,-0.015252452087738356,0.42410460488914153,0.15398011973645598,-0.0362667519224433,0.009713628634567768,False,-0.014316052612658874,-0.015567588461947435,-0.016543852136201218,4,"{'BOUND_LONG_MINUS100_SHORT_0': {'mean_sector_relative': -0.014373119376679028, 'mean_ge_2x_cost': False, 'sign_unchanged': True}, 'BOUND_MIRROR_LONG_0_SHORT_MINUS100': {'mean_sector_relative': -0.013237401034827807, 'mean_ge_2x_cost': False, 'sign_unchanged': True}}",4,-0.014119374011995388,True,True,False,False,True,True,True,False,False,DISCOVERY
GAP_DOWN_10|LONG|H3|L3,202,110,103,12,0,0.0,-0.04890327377676094,-0.03421123461506542,-0.03041682645408799,-0.026388819796532948,-0.022805479497062242,-0.027588819796532948,0.400990099009901,0.13772387254803214,-0.05897461662511359,-0.002793791844515902,False,-0.029268405161797868,-0.03232242432947209,-0.035074400436747366,3,"{'BOUND_LONG_MINUS100_SHORT_0': {'mean_sector_relative': -0.026388819796532948, 'mean_ge_2x_cost': False, 'sign_unchanged': True}, 'BOUND_MIRROR_LONG_0_SHORT_MINUS100': {'mean_sector_relative': -0.026388819796532948, 'mean_ge_2x_cost': False, 'sign_unchanged': True}}",0,,False,False,False,True,False,True,True,False,False,DISCOVERY
GAP_DOWN_10|LONG|H5|L1,2417,728,1292,30,5,0.002064409578860446,-0.009958107751576514,-0.014871794871794797,-0.0013681753826640633,-0.0013780674565695506,-0.01361342335316762,-0.004378067456569551,0.44890359950351677,0.19361323452935206,-0.024808440822922547,0.017030764169546863,False,-0.0026830742793100093,-0.00412887575005287,-0.005179290340686027,3,"{'BOUND_LONG_MINUS100_SHORT_0': {'mean_sector_relative': -0.0034396321397723384, 'mean_ge_2x_cost': False, 'sign_unchanged': True}, 'BOUND_MIRROR_LONG_0_SHORT_MINUS100': {'mean_sector_relative': -0.0013752225609118926, 'mean_ge_2x_cost': False, 'sign_unchanged': True}}",25,-0.004148461980819337,True,True,False,False,False,True,True,False,False,DISCOVERY
GAP_DOWN_10|LONG|H5|L2,1757,581,828,20,3,0.0017045454545454545,-0.01575328976216387,-0.016979445933869575,-0.007980579375332388,-0.0076094545246056175,-0.012745021931193534,-0.009609454524605618,0.44052361980648835,0.17660005298248635,-0.038653662227339014,0.017045582865027446,False,-0.008343285288087865,-0.009775749674010308,-0.011021107825485241,3,"{'BOUND_LONG_MINUS100_SHORT_0': {'mean_sector_relative': -0.00930102931802958, 'mean_ge_2x_cost': False, 'sign_unchanged': True}, 'BOUND_MIRROR_LONG_0_SHORT_MINUS100': {'mean_sector_relative': -0.007596483863484127, 'mean_ge_2x_cost': False, 'sign_unchanged': True}}",7,-0.0070357691827759045,True,True,False,False,False,True,True,False,False,DISCOVERY
GAP_DOWN_10|LONG|H5|L3,201,109,103,12,0,0.0,-0.03346140533627558,-0.024536647009267054,-0.022862156412158836,-0.019374295873262632,-0.012855921155901395,-0.02057429587326263,0.42786069651741293,0.16941452995040565,-0.06437877938969742,0.014287940833331798,False,-0.022807897301201,-0.027277876570913795,-0.030681682781053814,2,"{'BOUND_LONG_MINUS100_SHORT_0': {'mean_sector_relative': -0.019374295873262632, 'mean_ge_2x_cost': False, 'sign_unchanged': True}, 'BOUND_MIRROR_LONG_0_SHORT_MINUS100': {'mean_sector_relative': -0.019374295873262632, 'mean_ge_2x_cost': False, 'sign_unchanged': True}}",0,,False,False,False,False,False,True,True,False,False,DISCOVERY
GAP_DOWN_10|LONG|H10|L1,2410,725,1289,30,6,0.0024834437086092716,-0.004706068745389641,-0.012108098176357662,-0.011931520044562856,-0.010224197837179922,-0.01794955328758857,-0.013224197837179923,0.44190871369294604,0.23435698073399885,-0.030503935904118606,0.005880390622058629,False,-0.012799303108340333,-0.014729008987849889,-0.0158058804743998,5,"{'BOUND_LONG_MINUS100_SHORT_0': {'mean_sector_relative': -0.012682250325994873, 'mean_ge_2x_cost': False, 'sign_unchanged': True}, 'BOUND_MIRROR_LONG_0_SHORT_MINUS100': {'mean_sector_relative': -0.010198806617385602, 'mean_ge_2x_cost': False, 'sign_unchanged': True}}",30,-0.012320296406528925,True,True,False,False,True,True,True,False,False,DISCOVERY
GAP_DOWN_10|LONG|H10|L2,1755,580,827,20,3,0.0017064846416382253,-0.00807002888558157,-0.007807807807807765,-0.01957604288403994,-0.018025182067144468,-0.016580822994503697,-0.020025182067144466,0.4415954415954416,0.1904529957656471,-0.04173721748371425,-0.0013098779033188144,False,-0.019031075033137387,-0.02064387211147347,-0.021751078365993555,4,"{'BOUND_LONG_MINUS100_SHORT_0': {'mean_sector_relative': -0.019700907012422376, 'mean_ge_2x_cost': False, 'sign_unchanged': True}, 'BOUND_MIRROR_LONG_0_SHORT_MINUS100': {'mean_sector_relative': -0.017994422370784153, 'mean_ge_2x_cost': False, 'sign_unchanged': True}}",7,-0.017389555427019584,True,True,False,True,True,True,True,False,False,DISCOVERY
GAP_DOWN_10|LONG|H10|L3,201,109,103,12,0,0.0,-0.020584388884377185,-0.010926902788244153,-0.028201349183684523,-0.02366852035902794,-0.023386199220923887,-0.02486852035902794,0.42786069651741293,0.16548287484048155,-0.0725621989012072,0.007599134631207114,False,-0.02565283636225976,-0.029142120737340422,-0.03259310784611316,2,"{'BOUND_LONG_MINUS100_SHORT_0': {'mean_sector_relative': -0.02366852035902794, 'mean_ge_2x_cost': False, 'sign_unchanged': True}, 'BOUND_MIRROR_LONG_0_SHORT_MINUS100': {'mean_sector_relative': -0.02366852035902794, 'mean_ge_2x_cost': False, 'sign_unchanged': True}}",0,,False,False,False,False,False,True,True,False,False,DISCOVERY
GAP_DOWN_10|SHORT|H0|L1,2424,730,1294,30,0,0.0,-0.005996762409598708,-0.0004952964582447539,0.004472114025690717,0.00333294176131011,0.003958822611925095,0.0003329417613101098,0.533003300330033,0.09146910881051222,-0.006050063873232417,0.009496281255505057,False,0.003126569496117928,0.0028125059882262967,0.0025324482499489904,1,"{'BOUND_LONG_MINUS100_SHORT_0': {'mean_sector_relative': 0.00333294176131011, 'mean_ge_2x_cost': False, 'sign_unchanged': True}, 'BOUND_MIRROR_LONG_0_SHORT_MINUS100': {'mean_sector_relative': 0.00333294176131011, 'mean_ge_2x_cost': False, 'sign_unchanged': True}}",9,0.004965170353361586,True,True,False,False,False,True,True,False,False,DISCOVERY
GAP_DOWN_10|SHORT|H0|L2,1761,583,829,20,0,0.0,-0.0027099185676710486,-0.0005820721769500548,0.009134982830215273,0.007457072129930783,0.007526052452041299,0.005457072129930783,0.5638841567291312,0.08401011215071184,-0.006056529630794797,0.01610648608978678,False,0.007259258967892715,0.006862980732555134,0.006528628929373008,2,"{'BOUND_LONG_MINUS100_SHORT_0': {'mean_sector_relative': 0.007457072129930783, 'mean_ge_2x_cost': True, 'sign_unchanged': True}, 'BOUND_MIRROR_LONG_0_SHORT_MINUS100': {'mean_sector_relative': 0.007457072129930783, 'mean_ge_2x_cost': True, 'sign_unchanged': True}}",1,0.00821137133419693,True,True,True,False,False,True,True,False,False,DISCOVERY
GAP_DOWN_10|SHORT|H0|L3,202,110,103,12,0,0.0,-0.003991645152121511,-0.0031066543061645246,0.007447576766381983,0.005915520793485422,0.006392327383790697,0.004715520793485422,0.5594059405940595,0.08628298248707185,-0.009320205715390805,0.0189498618591502,False,0.004209748732615523,0.0021405806642322443,0.00028080789208212133,2,"{'BOUND_LONG_MINUS100_SHORT_0': {'mean_sector_relative': 0.005915520793485422, 'mean_ge_2x_cost': True, 'sign_unchanged': True}, 'BOUND_MIRROR_LONG_0_SHORT_MINUS100': {'mean_sector_relative': 0.005915520793485422, 'mean_ge_2x_cost': True, 'sign_unchanged': True}}",0,,False,False,True,False,False,True,True,False,False,DISCOVERY
GAP_DOWN_10|SHORT|H1|L1,2422,729,1294,30,1,0.0004127115146512588,0.031240907591983298,0.023374262326289696,0.017007507166938614,0.014283696592973879,0.013815132585848044,0.011283696592973878,0.5817506193228736,0.13666801600971942,-0.006528672429953234,0.02932282434081959,False,0.014079888175554934,0.013701211184316454,0.013330379906874884,3,"{'BOUND_LONG_MINUS100_SHORT_0': {'mean_sector_relative': 0.014277801546918174, 'mean_ge_2x_cost': True, 'sign_unchanged': True}, 'BOUND_MIRROR_LONG_0_SHORT_MINUS100': {'mean_sector_relative': 0.013865090032266915, 'mean_ge_2x_cost': True, 'sign_unchanged': True}}",9,0.01625698006517531,True,True,True,False,False,True,True,False,False,DISCOVERY
GAP_DOWN_10|SHORT|H1|L2,1761,583,829,20,0,0.0,0.03100791150412881,0.025006069434328704,0.015862774264199478,0.012259421423618777,0.010244482514599307,0.010259421423618777,0.5604770017035775,0.12665214105035494,-0.008998466998176165,0.024817426521662828,False,0.011956477060086951,0.011403581881040882,0.010872849208340349,4,"{'BOUND_LONG_MINUS100_SHORT_0': {'mean_sector_relative': 0.012259421423618777, 'mean_ge_2x_cost': True, 'sign_unchanged': True}, 'BOUND_MIRROR_LONG_0_SHORT_MINUS100': {'mean_sector_relative': 0.012259421423618777, 'mean_ge_2x_cost': True, 'sign_unchanged': True}}",4,0.014331245632091833,True,True,True,False,True,True,True,False,False,DISCOVERY
GAP_DOWN_10|SHORT|H1|L3,202,110,103,12,0,0.0,0.03967057756037013,0.02781383262478193,0.025294175206742004,0.021359575741738614,0.012209721495681725,0.020159575741738614,0.5594059405940595,0.10802151930584081,0.00463968510255436,0.042132139128875604,False,0.018668573719766615,0.014131400791795567,0.012015143003783136,3,"{'BOUND_LONG_MINUS100_SHORT_0': {'mean_sector_relative': 0.021359575741738614, 'mean_ge_2x_cost': True, 'sign_unchanged': True}, 'BOUND_MIRROR_LONG_0_SHORT_MINUS100': {'mean_sector_relative': 0.021359575741738614, 'mean_ge_2x_cost': True, 'sign_unchanged': True}}",0,,False,False,True,True,False,True,True,False,False,DISCOVERY
GAP_DOWN_10|SHORT|H3|L1,2419,728,1293,30,3,0.0012386457473162675,0.025828000410102567,0.023978685612788486,0.008096255069859422,0.0068724613519552105,0.013679466008772012,0.0038724613519552104,0.5663497312939231,0.17142969977883424,-0.00951016861349573,0.027714103699982753,False,0.006484239805658552,0.0058892239756243425,0.005407033193108946,3,"{'BOUND_LONG_MINUS100_SHORT_0': {'mean_sector_relative': 0.006863948806928016, 'mean_ge_2x_cost': True, 'sign_unchanged': True}, 'BOUND_MIRROR_LONG_0_SHORT_MINUS100': {'mean_sector_relative': 0.005625303059611748, 'mean_ge_2x_cost': False, 'sign_unchanged': True}}",18,0.008128752397945449,True,True,True,False,False,True,True,False,False,DISCOVERY
GAP_DOWN_10|SHORT|H3|L2,1759,582,829,20,2,0.001135718341851221,0.03469390880321322,0.030741789948588893,0.015129486216589062,0.013252452087738356,0.015098078981346186,0.011252452087738356,0.5758953951108584,0.15398011973645598,-0.00971362863456777,0.0362667519224433,False,0.012898079024939016,0.012307890865727845,0.0117305874709406,4,"{'BOUND_LONG_MINUS100_SHORT_0': {'mean_sector_relative': 0.013237401034827807, 'mean_ge_2x_cost': True, 'sign_unchanged': True}, 'BOUND_MIRROR_LONG_0_SHORT_MINUS100': {'mean_sector_relative': 0.012101682692976587, 'mean_ge_2x_cost': True, 'sign_unchanged': True}}",4,0.014119374011995388,True,True,True,False,True,True,True,False,False,DISCOVERY
GAP_DOWN_10|SHORT|H3|L3,202,110,103,12,0,0.0,0.04890327377676094,0.03421123461506542,0.03041682645408799,0.026388819796532948,0.022805479497062242,0.02518881979653295,0.599009900990099,0.13772387254803214,0.0027937918445158994,0.058974616625113586,False,0.022673390706120938,0.017865674997874063,0.0142987116250854,3,"{'BOUND_LONG_MINUS100_SHORT_0': {'mean_sector_relative': 0.026388819796532948, 'mean_ge_2x_cost': True, 'sign_unchanged': True}, 'BOUND_MIRROR_LONG_0_SHORT_MINUS100': {'mean_sector_relative': 0.026388819796532948, 'mean_ge_2x_cost': True, 'sign_unchanged': True}}",0,,False,False,True,True,False,True,True,False,False,DISCOVERY
GAP_DOWN_10|SHORT|H5|L1,2417,728,1292,30,5,0.002064409578860446,0.009958107751576514,0.014871794871794797,0.0013681753826640633,0.0013780674565695506,0.01361342335316762,-0.0016219325434304495,0.5510964004964832,0.19361323452935206,-0.017030764169546863,0.024808440822922544,False,0.0009725011059219222,0.000370085878974485,-0.00013135793181825577,3,"{'BOUND_LONG_MINUS100_SHORT_0': {'mean_sector_relative': 0.0013752225609118926, 'mean_ge_2x_cost': False, 'sign_unchanged': True}, 'BOUND_MIRROR_LONG_0_SHORT_MINUS100': {'mean_sector_relative': -0.0006891870179485535, 'mean_ge_2x_cost': False, 'sign_unchanged': False}}",25,0.004148461980819337,True,True,False,False,False,False,True,False,False,DISCOVERY
GAP_DOWN_10|SHORT|H5|L2,1757,581,828,20,3,0.0017045454545454545,0.01575328976216387,0.016979445933869575,0.007980579375332388,0.0076094545246056175,0.012745021931193534,0.0056094545246056175,0.5594763801935116,0.17660005298248635,-0.017045582865027446,0.038653662227339014,False,0.007167916170871649,0.006339738568796944,0.00565325345295811,3,"{'BOUND_LONG_MINUS100_SHORT_0': {'mean_sector_relative': 0.007596483863484127, 'mean_ge_2x_cost': True, 'sign_unchanged': True}, 'BOUND_MIRROR_LONG_0_SHORT_MINUS100': {'mean_sector_relative': 0.005891938408938673, 'mean_ge_2x_cost': True, 'sign_unchanged': True}}",7,0.0070357691827759045,True,True,True,False,False,True,True,False,False,DISCOVERY
GAP_DOWN_10|SHORT|H5|L3,201,109,103,12,0,0.0,0.03346140533627558,0.024536647009267054,0.022862156412158836,0.019374295873262632,0.012855921155901395,0.018174295873262632,0.572139303482587,0.16941452995040565,-0.014287940833331814,0.06437877938969742,False,0.0151510656184659,0.00962754169506657,0.004851910788483872,2,"{'BOUND_LONG_MINUS100_SHORT_0': {'mean_sector_relative': 0.019374295873262632, 'mean_ge_2x_cost': True, 'sign_unchanged': True}, 'BOUND_MIRROR_LONG_0_SHORT_MINUS100': {'mean_sector_relative': 0.019374295873262632, 'mean_ge_2x_cost': True, 'sign_unchanged': True}}",0,,False,False,True,False,False,True,True,False,False,DISCOVERY
GAP_DOWN_10|SHORT|H10|L1,2410,725,1289,30,6,0.0024834437086092716,0.004706068745389641,0.012108098176357662,0.011931520044562856,0.010224197837179922,0.01794955328758857,0.007224197837179922,0.558091286307054,0.23435698073399885,-0.0058803906220586295,0.030503935904118606,False,0.009822446856143249,0.009063827937313059,0.008405910074402667,5,"{'BOUND_LONG_MINUS100_SHORT_0': {'mean_sector_relative': 0.010198806617385602, 'mean_ge_2x_cost': True, 'sign_unchanged': True}, 'BOUND_MIRROR_LONG_0_SHORT_MINUS100': {'mean_sector_relative': 0.007715362908776328, 'mean_ge_2x_cost': True, 'sign_unchanged': True}}",30,0.012320296406528925,True,True,True,False,True,True,True,False,False,DISCOVERY
GAP_DOWN_10|SHORT|H10|L2,1755,580,827,20,3,0.0017064846416382253,0.00807002888558157,0.007807807807807765,0.01957604288403994,0.018025182067144468,0.016580822994503697,0.01602518206714447,0.5584045584045584,0.1904529957656471,0.001309877903318814,0.04173721748371424,False,0.01759334762344531,0.016766121763157123,0.016005949036424404,4,"{'BOUND_LONG_MINUS100_SHORT_0': {'mean_sector_relative': 0.017994422370784153, 'mean_ge_2x_cost': True, 'sign_unchanged': True}, 'BOUND_MIRROR_LONG_0_SHORT_MINUS100': {'mean_sector_relative': 0.016287937729145927, 'mean_ge_2x_cost': True, 'sign_unchanged': True}}",7,0.017389555427019584,True,True,True,True,True,True,True,True,True,DISCOVERY
GAP_DOWN_10|SHORT|H10|L3,201,109,103,12,0,0.0,0.020584388884377185,0.010926902788244153,0.028201349183684523,0.02366852035902794,0.023386199220923887,0.02246852035902794,0.572139303482587,0.16548287484048155,-0.007599134631207116,0.07256219890120719,False,0.019249343687595292,0.012809789056056885,0.008164050768394451,2,"{'BOUND_LONG_MINUS100_SHORT_0': {'mean_sector_relative': 0.02366852035902794, 'mean_ge_2x_cost': True, 'sign_unchanged': True}, 'BOUND_MIRROR_LONG_0_SHORT_MINUS100': {'mean_sector_relative': 0.02366852035902794, 'mean_ge_2x_cost': True, 'sign_unchanged': True}}",0,,False,False,True,False,False,True,True,False,False,DISCOVERY
8K_2.02|LONG|H0|L1,14941,1077,1715,30,0,0.0,0.00010226749006940852,0.0,-0.0001577958241374048,-0.00015595619439768427,-0.00044909992238584273,-0.0031559561943976843,0.49407670169332707,0.0446077704883639,-0.0010771464554471598,0.000782542730147864,False,-0.00018156384059742252,-0.00022858489824824146,-0.0002707496092464786,2,"{'BOUND_LONG_MINUS100_SHORT_0': {'mean_sector_relative': -0.00015595619439768427, 'mean_ge_2x_cost': False, 'sign_unchanged': True}, 'BOUND_MIRROR_LONG_0_SHORT_MINUS100': {'mean_sector_relative': -0.00015595619439768427, 'mean_ge_2x_cost': False, 'sign_unchanged': True}}",1,-0.00018156384059742122,True,True,False,False,False,True,True,False,False,DISCOVERY
8K_2.02|LONG|H0|L2,10235,1016,975,20,0,0.0,0.00021778945183236622,-0.0004577357339029531,6.574756597401398e-06,-5.288892462264915e-05,-0.0005815519070531128,-0.0020528889246226494,0.4908646800195408,0.036309549338029705,-0.000893238231616078,0.0008191800736769496,False,-0.0001550601445514604,-0.00022091326736946553,-0.000279301561449257,3,"{'BOUND_LONG_MINUS100_SHORT_0': {'mean_sector_relative': -5.288892462264915e-05, 'mean_ge_2x_cost': False, 'sign_unchanged': True}, 'BOUND_MIRROR_LONG_0_SHORT_MINUS100': {'mean_sector_relative': -5.288892462264915e-05, 'mean_ge_2x_cost': False, 'sign_unchanged': True}}",1,-0.0001550601445514596,True,True,False,False,False,True,True,False,False,DISCOVERY
8K_2.02|LONG|H0|L3,826,455,113,12,0,0.0,-0.004173762176804908,-0.00400286645097242,-0.004210447648809261,-0.00396801303199196,-0.0025265364309910443,-0.005168013031991959,0.4297820823244552,0.03480759168656762,-0.006488925220274956,-0.0015342764080043675,False,-0.004304581324847376,-0.0046937617952343145,-0.00496644642239709,5,"{'BOUND_LONG_MINUS100_SHORT_0': {'mean_sector_relative': -0.00396801303199196, 'mean_ge_2x_cost': False, 'sign_unchanged': True}, 'BOUND_MIRROR_LONG_0_SHORT_MINUS100': {'mean_sector_relative': -0.00396801303199196, 'mean_ge_2x_cost': False, 'sign_unchanged': True}}",0,,True,True,False,True,True,True,True,False,False,DISCOVERY
8K_2.02|LONG|H1|L1,14941,1077,1715,30,0,0.0,0.0008951870835662312,0.0002880184331797153,-6.593900342119085e-06,-2.7121840119669236e-05,-0.0007527112643588296,-0.0030271218401196694,0.4921357338866207,0.05613094764407,-0.001227263952598345,0.0011513496164514804,False,-7.117800112238181e-05,-0.00013949000115487116,-0.00020441594165714958,3,"{'BOUND_LONG_MINUS100_SHORT_0': {'mean_sector_relative': -2.7121840119669236e-05, 'mean_ge_2x_cost': False, 'sign_unchanged': True}, 'BOUND_MIRROR_LONG_0_SHORT_MINUS100': {'mean_sector_relative': -2.7121840119669236e-05, 'mean_ge_2x_cost': False, 'sign_unchanged': True}}",1,-6.164983312349389e-05,True,True,False,False,False,True,True,False,False,DISCOVERY
8K_2.02|LONG|H1|L2,10231,1016,975,20,4,0.00039081582804103567,0.0010294926850942427,0.0002467308166789195,1.5702189564667406e-05,-0.00015481208001077025,-0.0008069174388254385,-0.0021548120800107705,0.4891994917407878,0.044935870604407124,-0.0012979844981393233,0.0010080743842638537,False,-0.00022330077684011763,-0.000323178273726929,-0.00040117827958177415,3,"{'BOUND_LONG_MINUS100_SHORT_0': {'mean_sector_relative': -0.0005455674050405659, 'mean_ge_2x_cost': False, 'sign_unchanged': True}, 'BOUND_MIRROR_LONG_0_SHORT_MINUS100': {'mean_sector_relative': -0.00015475157699953017, 'mean_ge_2x_cost': False, 'sign_unchanged': True}}",1,-0.00022330077684011736,True,True,False,False,False,True,True,False,False,DISCOVERY
8K_2.02|LONG|H1|L3,826,455,113,12,0,0.0,-0.004194686189797955,-0.0036935228636910122,-0.004750798261232307,-0.004428761132510021,-0.004286894412015019,-0.005628761132510021,0.4213075060532688,0.044488667877122016,-0.007487354940325381,-0.0013779366081404759,False,-0.004730799573335749,-0.0052553472073769685,-0.005706357571547283,4,"{'BOUND_LONG_MINUS100_SHORT_0': {'mean_sector_relative': -0.004428761132510021, 'mean_ge_2x_cost': False, 'sign_unchanged': True}, 'BOUND_MIRROR_LONG_0_SHORT_MINUS100': {'mean_sector_relative': -0.004428761132510021, 'mean_ge_2x_cost': False, 'sign_unchanged': True}}",0,,True,True,False,True,True,True,True,False,False,DISCOVERY
8K_2.02|LONG|H3|L1,14936,1077,1713,30,5,0.0003346496218459273,0.0014651728654753104,0.0009131820396760526,5.974966863239179e-07,-0.00020468826284111827,-0.001240033674877794,-0.0032046882628411185,0.48935457953936795,0.06807013948415833,-0.0018334482297599126,0.0014723216576477303,False,-0.00025375228898618117,-0.0003462713301099959,-0.0004239608510325107,3,"{'BOUND_LONG_MINUS100_SHORT_0': {'mean_sector_relative': -0.0005392693858372894, 'mean_ge_2x_cost': False, 'sign_unchanged': True}, 'BOUND_MIRROR_LONG_0_SHORT_MINUS100': {'mean_sector_relative': -0.00020461976399136219, 'mean_ge_2x_cost': False, 'sign_unchanged': True}}",1,-0.00023555268443994177,True,True,False,False,False,True,True,False,False,DISCOVERY
8K_2.02|LONG|H3|L2,10228,1016,975,20,7,0.0006839276990718125,0.0035087194489506566,0.0018895512445312734,0.0011763425388259655,0.0006403398706415357,-0.0014276644773486558,-0.0013596601293584644,0.485041063746578,0.08669227336802672,-0.0011941443706040497,0.0028263557679036252,False,-1.0425859265143771e-05,-0.00015165429815281793,-0.0002591552383189681,2,"{'BOUND_LONG_MINUS100_SHORT_0': {'mean_sector_relative': -4.4025774604628506e-05, 'mean_ge_2x_cost': False, 'sign_unchanged': False}, 'BOUND_MIRROR_LONG_0_SHORT_MINUS100': {'mean_sector_relative': 0.0006399019244671839, 'mean_ge_2x_cost': False, 'sign_unchanged': True}}",2,-7.776409540955439e-05,True,True,False,False,False,False,True,False,False,DISCOVERY
8K_2.02|LONG|H3|L3,826,455,113,12,0,0.0,-0.001958277861727349,-0.0006740729892181774,-0.004863770894450898,-0.004258663690428533,-0.004981746442427992,-0.005458663690428533,0.43825665859564167,0.05627786051032388,-0.008051581248257327,-0.00037684452972442495,False,-0.004744963939053436,-0.005528730251226896,-0.006197748115082545,4,"{'BOUND_LONG_MINUS100_SHORT_0': {'mean_sector_relative': -0.004258663690428533, 'mean_ge_2x_cost': False, 'sign_unchanged': True}, 'BOUND_MIRROR_LONG_0_SHORT_MINUS100': {'mean_sector_relative': -0.004258663690428533, 'mean_ge_2x_cost': False, 'sign_unchanged': True}}",0,,True,True,False,True,True,True,True,False,False,DISCOVERY
8K_2.02|LONG|H5|L1,14930,1075,1712,30,9,0.0006024499631836134,0.002327908467249836,0.0010397713205825276,-0.0004116702502767976,-0.00035283169042101746,-0.002313957911381892,-0.0033528316904210174,0.48325519089082386,0.07713749709454035,-0.0022457415414137436,0.0015546840487776672,False,-0.00043993902217963587,-0.0005752871984589548,-0.0006785158414931719,3,"{'BOUND_LONG_MINUS100_SHORT_0': {'mean_sector_relative': -0.0009550690901657264, 'mean_ge_2x_cost': False, 'sign_unchanged': True}, 'BOUND_MIRROR_LONG_0_SHORT_MINUS100': {'mean_sector_relative': -0.0003526191269821131, 'mean_ge_2x_cost': False, 'sign_unchanged': True}}",2,-0.00046558101093557884,True,True,False,False,False,True,True,False,False,DISCOVERY
8K_2.02|LONG|H5|L2,10224,1015,975,20,7,0.0006841950933437591,0.004955257982400591,0.0034824944520334133,0.0012846744008015703,0.0006970248329650481,-0.0007715045994414194,-0.001302975167034952,0.49070813771517996,0.09259895040917565,-0.0013107318231474407,0.002937979785920298,False,2.8721057499423874e-05,-0.00015942510623210968,-0.0002609590463859885,1,"{'BOUND_LONG_MINUS100_SHORT_0': {'mean_sector_relative': 1.2352838650635586e-05, 'mean_ge_2x_cost': False, 'sign_unchanged': True}, 'BOUND_MIRROR_LONG_0_SHORT_MINUS100': {'mean_sector_relative': 0.0006965479319943948, 'mean_ge_2x_cost': False, 'sign_unchanged': True}}",2,-1.2062841002406493e-05,True,True,False,False,False,False,True,False,False,DISCOVERY
8K_2.02|LONG|H5|L3,826,455,113,12,0,0.0,-0.00016782918388101174,-0.0015035862416045709,-0.0037789339330726555,-0.002907909410739102,-0.0026950627532247307,-0.004107909410739102,0.463680387409201,0.06372259148982293,-0.007373701569619141,0.001588244338303622,False,-0.003477653823433488,-0.004208506648746371,-0.004865028055778154,4,"{'BOUND_LONG_MINUS100_SHORT_0': {'mean_sector_relative': -0.002907909410739102, 'mean_ge_2x_cost': False, 'sign_unchanged': True}, 'BOUND_MIRROR_LONG_0_SHORT_MINUS100': {'mean_sector_relative': -0.002907909410739102, 'mean_ge_2x_cost': False, 'sign_unchanged': True}}",0,,True,True,False,False,True,True,True,False,False,DISCOVERY
8K_2.02|LONG|H10|L1,14913,1073,1709,30,23,0.0015399035886448848,0.0019357239071332395,0.0013824884792628112,-0.0018350235982802572,-0.0018110526170699724,-0.003239011521340096,-0.004811052617069973,0.47938040635686985,0.09739755291757286,-0.004237979615078395,0.0005897223398941487,False,-0.002024502059443485,-0.0022072246455303954,-0.0023438741897923894,4,"{'BOUND_LONG_MINUS100_SHORT_0': {'mean_sector_relative': -0.003348167359290606, 'mean_ge_2x_cost': False, 'sign_unchanged': True}, 'BOUND_MIRROR_LONG_0_SHORT_MINUS100': {'mean_sector_relative': -0.0018082637706457213, 'mean_ge_2x_cost': False, 'sign_unchanged': True}}",2,-0.001938929321131377,True,True,False,False,True,True,True,False,False,DISCOVERY
8K_2.02|LONG|H10|L2,10212,1011,971,20,13,0.001271393643031785,0.006425688986693539,0.004339484002081173,0.00116115468837298,2.1922060287801865e-05,-0.0014634423299433874,-0.001978077939712198,0.49020759890325105,0.1073367747640077,-0.0023777675577499346,0.0025630366565677415,False,-0.0006676981641364772,-0.0009686707564213817,-0.0011271583436195918,2,"{'BOUND_LONG_MINUS100_SHORT_0': {'mean_sector_relative': -0.001249499454312075, 'mean_ge_2x_cost': False, 'sign_unchanged': False}, 'BOUND_MIRROR_LONG_0_SHORT_MINUS100': {'mean_sector_relative': 2.1894188719709796e-05, 'mean_ge_2x_cost': False, 'sign_unchanged': True}}",3,-0.0006795634657148311,True,True,False,False,False,False,True,False,False,DISCOVERY
8K_2.02|LONG|H10|L3,823,453,113,12,0,0.0,0.0025665422421282053,0.0,-0.0038433470739144097,-0.003691663778100132,-0.004928144210715746,-0.004891663778100132,0.46051032806804376,0.07887435069569625,-0.009210490724694502,0.0018705554672346152,False,-0.004310549556135907,-0.005345760961611004,-0.006287025306255823,4,"{'BOUND_LONG_MINUS100_SHORT_0': {'mean_sector_relative': -0.003691663778100132, 'mean_ge_2x_cost': False, 'sign_unchanged': True}, 'BOUND_MIRROR_LONG_0_SHORT_MINUS100': {'mean_sector_relative': -0.003691663778100132, 'mean_ge_2x_cost': False, 'sign_unchanged': True}}",0,,True,True,False,False,True,True,True,False,False,DISCOVERY
8K_2.02|SHORT|H0|L1,14941,1077,1715,30,0,0.0,-0.00010226749006940852,-0.0,0.0001577958241374048,0.00015595619439768427,0.00044909992238584273,-0.002844043805602316,0.5059232983066729,0.0446077704883639,-0.0007825427301478642,0.0010771464554471595,False,0.00013444728565759878,9.540152949717002e-05,6.059568018437043e-05,2,"{'BOUND_LONG_MINUS100_SHORT_0': {'mean_sector_relative': 0.00015595619439768427, 'mean_ge_2x_cost': False, 'sign_unchanged': True}, 'BOUND_MIRROR_LONG_0_SHORT_MINUS100': {'mean_sector_relative': 0.00015595619439768427, 'mean_ge_2x_cost': False, 'sign_unchanged': True}}",1,0.00018156384059742122,True,True,False,False,False,True,True,False,False,DISCOVERY
8K_2.02|SHORT|H0|L2,10235,1016,975,20,0,0.0,-0.00021778945183236622,0.0004577357339029531,-6.574756597401398e-06,5.288892462264915e-05,0.0005815519070531128,-0.001947111075377351,0.5091353199804592,0.036309549338029705,-0.0008191800736769498,0.0008932382316160779,False,1.5065328214237063e-05,-4.0623169244406684e-05,-8.343096745744027e-05,3,"{'BOUND_LONG_MINUS100_SHORT_0': {'mean_sector_relative': 5.288892462264915e-05, 'mean_ge_2x_cost': False, 'sign_unchanged': True}, 'BOUND_MIRROR_LONG_0_SHORT_MINUS100': {'mean_sector_relative': 5.288892462264915e-05, 'mean_ge_2x_cost': False, 'sign_unchanged': True}}",1,0.0001550601445514596,True,True,False,False,False,False,True,False,False,DISCOVERY
8K_2.02|SHORT|H0|L3,826,455,113,12,0,0.0,0.004173762176804908,0.00400286645097242,0.004210447648809261,0.00396801303199196,0.0025265364309910443,0.00276801303199196,0.5702179176755447,0.03480759168656762,0.0015342764080043664,0.006488925220274955,False,0.0036947710302925657,0.0032350257752311144,0.0028781164358959057,5,"{'BOUND_LONG_MINUS100_SHORT_0': {'mean_sector_relative': 0.00396801303199196, 'mean_ge_2x_cost': True, 'sign_unchanged': True}, 'BOUND_MIRROR_LONG_0_SHORT_MINUS100': {'mean_sector_relative': 0.00396801303199196, 'mean_ge_2x_cost': True, 'sign_unchanged': True}}",0,,True,True,True,True,True,True,True,True,True,DISCOVERY
8K_2.02|SHORT|H1|L1,14941,1077,1715,30,0,0.0,-0.0008951870835662312,-0.0002880184331797153,6.593900342119085e-06,2.7121840119669236e-05,0.0007527112643588296,-0.0029728781598803307,0.5078642661133793,0.05613094764407,-0.0011513496164514804,0.0012272639525983447,False,2.0805479392275975e-06,-4.389797638144538e-05,-8.66680409829311e-05,3,"{'BOUND_LONG_MINUS100_SHORT_0': {'mean_sector_relative': 2.7121840119669236e-05, 'mean_ge_2x_cost': False, 'sign_unchanged': True}, 'BOUND_MIRROR_LONG_0_SHORT_MINUS100': {'mean_sector_relative': 2.7121840119669236e-05, 'mean_ge_2x_cost': False, 'sign_unchanged': True}}",1,6.164983312349389e-05,True,True,False,False,False,False,True,False,False,DISCOVERY
8K_2.02|SHORT|H1|L2,10231,1016,975,20,4,0.00039081582804103567,-0.0010294926850942427,-0.0002467308166789195,-1.5702189564667406e-05,0.00015481208001077025,0.0008069174388254385,-0.0018451879199892298,0.5108005082592122,0.044935870604407124,-0.0010080743842638537,0.001297984498139323,False,0.00010451149467862555,3.511930195620551e-05,-1.7270927958076413e-05,3,"{'BOUND_LONG_MINUS100_SHORT_0': {'mean_sector_relative': 0.00015475157699953017, 'mean_ge_2x_cost': False, 'sign_unchanged': True}, 'BOUND_MIRROR_LONG_0_SHORT_MINUS100': {'mean_sector_relative': -0.00023606425104150548, 'mean_ge_2x_cost': False, 'sign_unchanged': False}}",1,0.00022330077684011736,True,True,False,False,False,False,True,False,False,DISCOVERY
8K_2.02|SHORT|H1|L3,826,455,113,12,0,0.0,0.004194686189797955,0.0036935228636910122,0.004750798261232307,0.004428761132510021,0.004286894412015019,0.0032287611325100213,0.5786924939467313,0.044488667877122016,0.0013779366081404752,0.007487354940325379,False,0.004191345847241315,0.0037685341527451065,0.0033802420875243535,4,"{'BOUND_LONG_MINUS100_SHORT_0': {'mean_sector_relative': 0.004428761132510021, 'mean_ge_2x_cost': True, 'sign_unchanged': True}, 'BOUND_MIRROR_LONG_0_SHORT_MINUS100': {'mean_sector_relative': 0.004428761132510021, 'mean_ge_2x_cost': True, 'sign_unchanged': True}}",0,,True,True,True,True,True,True,True,True,True,DISCOVERY
8K_2.02|SHORT|H3|L1,14936,1077,1713,30,5,0.0003346496218459273,-0.0014651728654753104,-0.0009131820396760526,-5.974966863239179e-07,0.00020468826284111827,0.001240033674877794,-0.0027953117371588817,0.510645420460632,0.06807013948415833,-0.0014723216576477307,0.0018334482297599124,False,0.00017708233525417017,0.00012883488452367046,8.270263113956664e-05,3,"{'BOUND_LONG_MINUS100_SHORT_0': {'mean_sector_relative': 0.00020461976399136219, 'mean_ge_2x_cost': False, 'sign_unchanged': True}, 'BOUND_MIRROR_LONG_0_SHORT_MINUS100': {'mean_sector_relative': -0.00013002985785456523, 'mean_ge_2x_cost': False, 'sign_unchanged': False}}",1,0.00023555268443994177,True,True,False,False,False,True,True,False,False,DISCOVERY
8K_2.02|SHORT|H3|L2,10228,1016,975,20,7,0.0006839276990718125,-0.0035087194489506566,-0.0018895512445312734,-0.0011763425388259655,-0.0006403398706415357,0.0014276644773486558,-0.0026403398706415357,0.5149589362534219,0.08669227336802672,-0.0028263557679036257,0.0011941443706040492,False,-0.0007054988967617276,-0.0007826199775253702,-0.0008475570360967385,2,"{'BOUND_LONG_MINUS100_SHORT_0': {'mean_sector_relative': -0.0006399019244671839, 'mean_ge_2x_cost': False, 'sign_unchanged': True}, 'BOUND_MIRROR_LONG_0_SHORT_MINUS100': {'mean_sector_relative': -0.0013238296235389966, 'mean_ge_2x_cost': False, 'sign_unchanged': True}}",2,7.776409540955439e-05,True,True,False,False,False,True,True,False,False,DISCOVERY
8K_2.02|SHORT|H3|L3,826,455,113,12,0,0.0,0.001958277861727349,0.0006740729892181774,0.004863770894450898,0.004258663690428533,0.004981746442427992,0.0030586636904285334,0.5617433414043583,0.05627786051032388,0.00037684452972442485,0.008051581248257327,False,0.004000162331671773,0.003506533867379531,0.0030560743160262796,4,"{'BOUND_LONG_MINUS100_SHORT_0': {'mean_sector_relative': 0.004258663690428533, 'mean_ge_2x_cost': True, 'sign_unchanged': True}, 'BOUND_MIRROR_LONG_0_SHORT_MINUS100': {'mean_sector_relative': 0.004258663690428533, 'mean_ge_2x_cost': True, 'sign_unchanged': True}}",0,,True,True,True,True,True,True,True,True,True,DISCOVERY
8K_2.02|SHORT|H5|L1,14930,1075,1712,30,9,0.0006024499631836134,-0.002327908467249836,-0.0010397713205825276,0.0004116702502767976,0.00035283169042101746,0.002313957911381892,-0.0026471683095789828,0.5167448091091762,0.07713749709454035,-0.0015546840487776674,0.002245741541413743,False,0.00032018099362068116,0.00025990465369165797,0.00020525360902757015,3,"{'BOUND_LONG_MINUS100_SHORT_0': {'mean_sector_relative': 0.0003526191269821131, 'mean_ge_2x_cost': False, 'sign_unchanged': True}, 'BOUND_MIRROR_LONG_0_SHORT_MINUS100': {'mean_sector_relative': -0.00024983083620150044, 'mean_ge_2x_cost': False, 'sign_unchanged': False}}",2,0.00046558101093557884,True,True,False,False,False,True,True,False,False,DISCOVERY
8K_2.02|SHORT|H5|L2,10224,1015,975,20,7,0.0006841950933437591,-0.004955257982400591,-0.0034824944520334133,-0.0012846744008015703,-0.0006970248329650481,0.0007715045994414194,-0.002697024832965048,0.50929186228482,0.09259895040917565,-0.0029379797859202983,0.0013107318231474405,False,-0.0007714030176675798,-0.0008556057737591956,-0.0009316976559365003,1,"{'BOUND_LONG_MINUS100_SHORT_0': {'mean_sector_relative': -0.0006965479319943948, 'mean_ge_2x_cost': False, 'sign_unchanged': True}, 'BOUND_MIRROR_LONG_0_SHORT_MINUS100': {'mean_sector_relative': -0.0013807430253381541, 'mean_ge_2x_cost': False, 'sign_unchanged': True}}",2,1.2062841002406493e-05,True,True,False,False,False,True,True,False,False,DISCOVERY
8K_2.02|SHORT|H5|L3,826,455,113,12,0,0.0,0.00016782918388101174,0.0015035862416045709,0.0037789339330726555,0.002907909410739102,0.0026950627532247307,0.0017079094107391023,0.5363196125907991,0.06372259148982293,-0.0015882443383036225,0.00737370156961914,False,0.002543372260629414,0.0019398921754858404,0.0014468679741212374,4,"{'BOUND_LONG_MINUS100_SHORT_0': {'mean_sector_relative': 0.002907909410739102, 'mean_ge_2x_cost': True, 'sign_unchanged': True}, 'BOUND_MIRROR_LONG_0_SHORT_MINUS100': {'mean_sector_relative': 0.002907909410739102, 'mean_ge_2x_cost': True, 'sign_unchanged': True}}",0,,True,True,True,False,True,True,True,False,False,DISCOVERY
8K_2.02|SHORT|H10|L1,14913,1073,1709,30,23,0.0015399035886448848,-0.0019357239071332395,-0.0013824884792628112,0.0018350235982802572,0.0018110526170699724,0.003239011521340096,-0.0011889473829300276,0.5206195936431302,0.09739755291757286,-0.0005897223398941494,0.004237979615078394,False,0.0017764275420189878,0.001709343847083911,0.0016455310295788589,4,"{'BOUND_LONG_MINUS100_SHORT_0': {'mean_sector_relative': 0.0018082637706457213, 'mean_ge_2x_cost': False, 'sign_unchanged': True}, 'BOUND_MIRROR_LONG_0_SHORT_MINUS100': {'mean_sector_relative': 0.0002683601820008366, 'mean_ge_2x_cost': False, 'sign_unchanged': True}}",2,0.001938929321131377,True,True,False,False,True,True,True,False,False,DISCOVERY
8K_2.02|SHORT|H10|L2,10212,1011,971,20,13,0.001271393643031785,-0.006425688986693539,-0.004339484002081173,-0.00116115468837298,-2.1922060287801865e-05,0.0014634423299433874,-0.002021922060287802,0.509792401096749,0.1073367747640077,-0.0025630366565677423,0.002377767557749934,False,-0.00010479608679073121,-0.00020929455127857396,-0.0002982920941501301,2,"{'BOUND_LONG_MINUS100_SHORT_0': {'mean_sector_relative': -2.1894188719709796e-05, 'mean_ge_2x_cost': False, 'sign_unchanged': True}, 'BOUND_MIRROR_LONG_0_SHORT_MINUS100': {'mean_sector_relative': -0.0012932878317514945, 'mean_ge_2x_cost': False, 'sign_unchanged': True}}",3,0.0006795634657148311,True,True,False,False,False,True,True,False,False,DISCOVERY
8K_2.02|SHORT|H10|L3,823,453,113,12,0,0.0,-0.0025665422421282053,-0.0,0.0038433470739144097,0.003691663778100132,0.004928144210715746,0.002491663778100132,0.5394896719319563,0.07887435069569625,-0.0018705554672346155,0.009210490724694502,False,0.0033290164540505014,0.0026663851800030657,0.00212863479532808,4,"{'BOUND_LONG_MINUS100_SHORT_0': {'mean_sector_relative': 0.003691663778100132, 'mean_ge_2x_cost': True, 'sign_unchanged': True}, 'BOUND_MIRROR_LONG_0_SHORT_MINUS100': {'mean_sector_relative': 0.003691663778100132, 'mean_ge_2x_cost': True, 'sign_unchanged': True}}",0,,True,True,True,False,True,True,True,False,False,DISCOVERY
8K_1.01|LONG|H0|L1,5607,1227,1490,30,0,0.0,-0.0009762687794883266,-0.0005544774050458834,-0.0013009739174036456,-0.0010837768931487497,-0.0009460686686517672,-0.00408377689314875,0.4781523096129838,0.034558895985875374,-0.002077979771839297,-0.0001332561092543884,False,-0.001178368572705355,-0.0013088160653684938,-0.001412561769781641,5,"{'BOUND_LONG_MINUS100_SHORT_0': {'mean_sector_relative': -0.0010837768931487497, 'mean_ge_2x_cost': False, 'sign_unchanged': True}, 'BOUND_MIRROR_LONG_0_SHORT_MINUS100': {'mean_sector_relative': -0.0010837768931487497, 'mean_ge_2x_cost': False, 'sign_unchanged': True}}",4,-0.0010663295215581178,True,True,False,True,True,True,True,False,False,DISCOVERY
8K_1.01|LONG|H0|L2,4123,1166,858,20,0,0.0,-0.00010707015832769875,0.0,-0.0008436845376672207,-0.0007062268561372789,-0.0007443532092333838,-0.002706226856137279,0.48168809119573125,0.03031831215812244,-0.001724564187285822,0.00030320106642747725,False,-0.0007820854881209851,-0.0008931545029939197,-0.0009927909804137685,5,"{'BOUND_LONG_MINUS100_SHORT_0': {'mean_sector_relative': -0.0007062268561372789, 'mean_ge_2x_cost': False, 'sign_unchanged': True}, 'BOUND_MIRROR_LONG_0_SHORT_MINUS100': {'mean_sector_relative': -0.0007062268561372789, 'mean_ge_2x_cost': False, 'sign_unchanged': True}}",0,,True,True,False,False,True,True,True,False,False,DISCOVERY
8K_1.01|LONG|H0|L3,245,215,80,12,0,0.0,-0.006463483069832047,-0.0032480714575719993,-0.006792102907998969,-0.005722051904445865,-0.003387825597942151,-0.006922051904445865,0.4122448979591837,0.03013217850816521,-0.009670512302274108,-0.00178070637747057,False,-0.006147570647646483,-0.006753622372248272,-0.007333413014245044,3,"{'BOUND_LONG_MINUS100_SHORT_0': {'mean_sector_relative': -0.005722051904445865, 'mean_ge_2x_cost': False, 'sign_unchanged': True}, 'BOUND_MIRROR_LONG_0_SHORT_MINUS100': {'mean_sector_relative': -0.005722051904445865, 'mean_ge_2x_cost': False, 'sign_unchanged': True}}",0,,False,True,False,True,False,True,True,False,False,DISCOVERY
8K_1.01|LONG|H1|L1,5598,1226,1488,30,3,0.0005356186395286556,-0.001260935007523412,-0.0003316834574085825,-0.0023445672120073337,-0.0020334995782138503,-0.0017553783894881936,-0.00503349957821385,0.4669524830296534,0.046580017118161926,-0.0033505539993164963,-0.0007004896034970613,False,-0.002132217368172732,-0.0022937696089104305,-0.0024267498941411246,5,"{'BOUND_LONG_MINUS100_SHORT_0': {'mean_sector_relative': -0.0025680290374649408, 'mean_ge_2x_cost': False, 'sign_unchanged': True}, 'BOUND_MIRROR_LONG_0_SHORT_MINUS100': {'mean_sector_relative': -0.002032410397936285, 'mean_ge_2x_cost': False, 'sign_unchanged': True}}",4,-0.00202598102394118,True,True,False,True,True,True,True,False,False,DISCOVERY
8K_1.01|LONG|H1|L2,4121,1165,857,20,1,0.00024260067928190198,2.9825099540406787e-05,0.0009821647804637568,-0.0016360440299841821,-0.0015725247054047824,-0.0010955959199585585,-0.0035725247054047824,0.4809512254307207,0.04397883655861945,-0.0030947264179882585,-1.0603902992521424e-05,False,-0.0017115008165780236,-0.0019315517649343857,-0.0020872358804860354,4,"{'BOUND_LONG_MINUS100_SHORT_0': {'mean_sector_relative': -0.0018147438891249654, 'mean_ge_2x_cost': False, 'sign_unchanged': True}, 'BOUND_MIRROR_LONG_0_SHORT_MINUS100': {'mean_sector_relative': -0.0015721432098430635, 'mean_ge_2x_cost': False, 'sign_unchanged': True}}",0,,True,True,False,True,True,True,True,False,False,DISCOVERY
8K_1.01|LONG|H1|L3,245,215,80,12,0,0.0,-0.005532576617065163,-0.0032843560933449867,-0.007861906631536807,-0.006000513628756503,-0.006155864403154743,-0.007200513628756503,0.42857142857142855,0.05171337042592089,-0.012640983694400138,0.0007039248688208484,False,-0.007032889394288716,-0.008389046177964779,-0.009503044584075589,4,"{'BOUND_LONG_MINUS100_SHORT_0': {'mean_sector_relative': -0.006000513628756503, 'mean_ge_2x_cost': False, 'sign_unchanged': True}, 'BOUND_MIRROR_LONG_0_SHORT_MINUS100': {'mean_sector_relative': -0.006000513628756503, 'mean_ge_2x_cost': False, 'sign_unchanged': True}}",0,,False,True,False,False,True,True,True,False,False,DISCOVERY
8K_1.01|LONG|H3|L1,5584,1224,1485,30,8,0.001430615164520744,3.826721929458025e-05,0.0,-0.0025523313642431414,-0.0020066968711509128,-0.0027134299887576763,-0.005006696871150913,0.4706303724928367,0.06584321164152342,-0.00397010996538164,-4.081729259748931e-05,False,-0.0021850179670158,-0.002456798037502262,-0.0026263362271586608,4,"{'BOUND_LONG_MINUS100_SHORT_0': {'mean_sector_relative': -0.0034344412246971913, 'mean_ge_2x_cost': False, 'sign_unchanged': True}, 'BOUND_MIRROR_LONG_0_SHORT_MINUS100': {'mean_sector_relative': -0.002003826060176448, 'mean_ge_2x_cost': False, 'sign_unchanged': True}}",5,-0.0020610787656421097,True,True,False,True,True,True,True,False,False,DISCOVERY
8K_1.01|LONG|H3|L2,4119,1164,856,20,2,0.000485319097306479,0.001396851150979583,0.001988071570576677,-0.0018205698059667375,-0.001793314862108256,-0.0013304047547606501,-0.003793314862108256,0.4806991988346686,0.06264508197963141,-0.0038910951474281324,0.0003443081119043284,False,-0.0020242282841220183,-0.0023675732012079166,-0.002607830104680743,3,"{'BOUND_LONG_MINUS100_SHORT_0': {'mean_sector_relative': -0.0022777636294646704, 'mean_ge_2x_cost': False, 'sign_unchanged': True}, 'BOUND_MIRROR_LONG_0_SHORT_MINUS100': {'mean_sector_relative': -0.0017924445321581912, 'mean_ge_2x_cost': False, 'sign_unchanged': True}}",0,,True,True,False,False,False,True,True,False,False,DISCOVERY
8K_1.01|LONG|H3|L3,245,215,80,12,0,0.0,-0.004346674493876587,4.18515108395745e-05,-0.008325170838614311,-0.005522861744519515,-0.005148696228540528,-0.006722861744519515,0.4489795918367347,0.08039381724761466,-0.016102293226907042,0.004876317294638736,False,-0.006944691880980784,-0.00955596616926449,-0.011898491960446057,4,"{'BOUND_LONG_MINUS100_SHORT_0': {'mean_sector_relative': -0.005522861744519515, 'mean_ge_2x_cost': False, 'sign_unchanged': True}, 'BOUND_MIRROR_LONG_0_SHORT_MINUS100': {'mean_sector_relative': -0.005522861744519515, 'mean_ge_2x_cost': False, 'sign_unchanged': True}}",0,,False,True,False,False,True,True,True,False,False,DISCOVERY
8K_1.01|LONG|H5|L1,5564,1222,1478,30,12,0.002152080344332855,-0.00020088430949679654,0.0007837172232834089,-0.004088514499086235,-0.0034700158664005987,-0.00341989044432911,-0.006470015866400599,0.4672897196261682,0.07546271048302791,-0.005690170494133795,-0.0012304533796017646,False,-0.0036647347054666276,-0.0038666746784952726,-0.004047617552902732,5,"{'BOUND_LONG_MINUS100_SHORT_0': {'mean_sector_relative': -0.0056146284577928505, 'mean_ge_2x_cost': False, 'sign_unchanged': True}, 'BOUND_MIRROR_LONG_0_SHORT_MINUS100': {'mean_sector_relative': -0.0034625481134599955, 'mean_ge_2x_cost': False, 'sign_unchanged': True}}",5,-0.00348448381421213,True,True,False,True,True,True,True,False,False,DISCOVERY
8K_1.01|LONG|H5|L2,4113,1162,856,20,3,0.0007288629737609329,0.0031021532946201792,0.002225047679593084,-0.0014319588341623764,-0.0013497141169245162,-0.0014405245412845158,-0.0033497141169245162,0.4823729637734014,0.07823460279905921,-0.0038612056013019418,0.0012734865530606451,False,-0.0016128672755037965,-0.0020666393468870238,-0.0024918190390386544,3,"{'BOUND_LONG_MINUS100_SHORT_0': {'mean_sector_relative': -0.0020775933340404606, 'mean_ge_2x_cost': False, 'sign_unchanged': True}, 'BOUND_MIRROR_LONG_0_SHORT_MINUS100': {'mean_sector_relative': -0.0013487303602795274, 'mean_ge_2x_cost': False, 'sign_unchanged': True}}",0,,True,True,False,False,False,True,True,False,False,DISCOVERY
8K_1.01|LONG|H5|L3,245,215,80,12,0,0.0,-0.009152554747545847,-0.0039933155370357465,-0.014075886299546574,-0.010605312631004197,-0.008301666522316453,-0.011805312631004197,0.43673469387755104,0.08179686574679262,-0.021115147956129048,-9.497724264644543e-05,False,-0.012443781172864172,-0.014740380048646048,-0.016276541935524802,4,"{'BOUND_LONG_MINUS100_SHORT_0': {'mean_sector_relative': -0.010605312631004197, 'mean_ge_2x_cost': False, 'sign_unchanged': True}, 'BOUND_MIRROR_LONG_0_SHORT_MINUS100': {'mean_sector_relative': -0.010605312631004197, 'mean_ge_2x_cost': False, 'sign_unchanged': True}}",0,,False,True,False,True,True,True,True,False,False,DISCOVERY
8K_1.01|LONG|H10|L1,5542,1217,1478,30,17,0.0030581039755351682,0.0016992738268164279,0.003267910190273393,-0.005887243193143817,-0.004654621959204103,-0.004869188111985334,-0.007654621959204103,0.46517502706604114,0.10073336211367262,-0.007478408500233073,-0.001780774054273536,False,-0.00489648293363306,-0.0053419424713924,-0.0056483709230299205,5,"{'BOUND_LONG_MINUS100_SHORT_0': {'mean_sector_relative': -0.0076984916168212165, 'mean_ge_2x_cost': False, 'sign_unchanged': True}, 'BOUND_MIRROR_LONG_0_SHORT_MINUS100': {'mean_sector_relative': -0.004640387641286048, 'mean_ge_2x_cost': False, 'sign_unchanged': True}}",6,-0.004476530426864394,True,True,False,True,True,True,True,False,False,DISCOVERY
8K_1.01|LONG|H10|L2,4089,1157,849,20,8,0.001952648279228704,0.010272661315500555,0.004976993144896191,0.001964943059815415,0.0022330606717087644,-0.003003816079455768,0.00023306067170876434,0.4768892149669846,0.27618743244917177,-0.004257917423621547,0.012023973256835517,False,-0.001783514479905014,-0.0024548534002919527,-0.0029829936433273803,4,"{'BOUND_LONG_MINUS100_SHORT_0': {'mean_sector_relative': 0.0002760520104020346, 'mean_ge_2x_cost': False, 'sign_unchanged': True}, 'BOUND_MIRROR_LONG_0_SHORT_MINUS100': {'mean_sector_relative': 0.002228700289630738, 'mean_ge_2x_cost': False, 'sign_unchanged': True}}",2,-0.0016524554068681296,True,True,False,False,True,False,True,False,False,DISCOVERY
8K_1.01|LONG|H10|L3,244,214,80,12,0,0.0,-0.009363374354140468,-0.004159862564089178,-0.022645330002925425,-0.017509860101693166,-0.01594255446376902,-0.018709860101693166,0.42213114754098363,0.10751622473246321,-0.03127066619308324,-0.0037102665325099964,False,-0.01926270597224447,-0.022162138872490366,-0.024768507822547126,4,"{'BOUND_LONG_MINUS100_SHORT_0': {'mean_sector_relative': -0.017509860101693166, 'mean_ge_2x_cost': False, 'sign_unchanged': True}, 'BOUND_MIRROR_LONG_0_SHORT_MINUS100': {'mean_sector_relative': -0.017509860101693166, 'mean_ge_2x_cost': False, 'sign_unchanged': True}}",0,,False,True,False,True,True,True,True,False,False,DISCOVERY
8K_1.01|SHORT|H0|L1,5607,1227,1490,30,0,0.0,0.0009762687794883266,0.0005544774050458834,0.0013009739174036456,0.0010837768931487497,0.0009460686686517672,-0.0019162231068512504,0.521669341894061,0.034558895985875374,0.00013325610925438814,0.0020779797718392967,False,0.0010233414887740567,0.0009178079682028509,0.0008194404601326729,5,"{'BOUND_LONG_MINUS100_SHORT_0': {'mean_sector_relative': 0.0010837768931487497, 'mean_ge_2x_cost': False, 'sign_unchanged': True}, 'BOUND_MIRROR_LONG_0_SHORT_MINUS100': {'mean_sector_relative': 0.0010837768931487497, 'mean_ge_2x_cost': False, 'sign_unchanged': True}}",4,0.0010663295215581178,True,True,False,True,True,True,True,False,False,DISCOVERY
8K_1.01|SHORT|H0|L2,4123,1166,858,20,0,0.0,0.00010707015832769875,-0.0,0.0008436845376672207,0.0007062268561372789,0.0007443532092333838,-0.001293773143862721,0.5183119088042687,0.03031831215812244,-0.00030320106642747736,0.0017245641872858219,False,0.0006090071598544068,0.000424562357324985,0.0002731155813830326,5,"{'BOUND_LONG_MINUS100_SHORT_0': {'mean_sector_relative': 0.0007062268561372789, 'mean_ge_2x_cost': False, 'sign_unchanged': True}, 'BOUND_MIRROR_LONG_0_SHORT_MINUS100': {'mean_sector_relative': 0.0007062268561372789, 'mean_ge_2x_cost': False, 'sign_unchanged': True}}",0,,True,True,False,False,True,True,True,False,False,DISCOVERY
8K_1.01|SHORT|H0|L3,245,215,80,12,0,0.0,0.006463483069832047,0.0032480714575719993,0.006792102907998969,0.005722051904445865,0.003387825597942151,0.0045220519044458654,0.5877551020408164,0.03013217850816521,0.0017807063774705686,0.009670512302274106,False,0.00525488856972015,0.004400357575492551,0.0037651668677070216,3,"{'BOUND_LONG_MINUS100_SHORT_0': {'mean_sector_relative': 0.005722051904445865, 'mean_ge_2x_cost': True, 'sign_unchanged': True}, 'BOUND_MIRROR_LONG_0_SHORT_MINUS100': {'mean_sector_relative': 0.005722051904445865, 'mean_ge_2x_cost': True, 'sign_unchanged': True}}",0,,False,True,True,True,False,True,True,False,False,DISCOVERY
8K_1.01|SHORT|H1|L1,5598,1226,1488,30,3,0.0005356186395286556,0.001260935007523412,0.0003316834574085825,0.0023445672120073337,0.0020334995782138503,0.0017553783894881936,-0.0009665004217861498,0.5330475169703466,0.046580017118161926,0.0007004896034970612,0.003350553999316496,False,0.001967015653354505,0.0018422203218142745,0.0017215075683147281,5,"{'BOUND_LONG_MINUS100_SHORT_0': {'mean_sector_relative': 0.002032410397936285, 'mean_ge_2x_cost': False, 'sign_unchanged': True}, 'BOUND_MIRROR_LONG_0_SHORT_MINUS100': {'mean_sector_relative': 0.0014967917584076296, 'mean_ge_2x_cost': False, 'sign_unchanged': True}}",4,0.00202598102394118,True,True,False,True,True,True,True,False,False,DISCOVERY
8K_1.01|SHORT|H1|L2,4121,1165,857,20,1,0.00024260067928190198,-2.9825099540406787e-05,-0.0009821647804637568,0.0016360440299841821,0.0015725247054047824,0.0010955959199585585,-0.00042747529459521766,0.5190487745692793,0.04397883655861945,1.0603902992520987e-05,0.0030947264179882585,False,0.0014450299028048808,0.001240421002450825,0.0011050973279406945,4,"{'BOUND_LONG_MINUS100_SHORT_0': {'mean_sector_relative': 0.0015721432098430635, 'mean_ge_2x_cost': False, 'sign_unchanged': True}, 'BOUND_MIRROR_LONG_0_SHORT_MINUS100': {'mean_sector_relative': 0.0013295425305611616, 'mean_ge_2x_cost': False, 'sign_unchanged': True}}",0,,True,True,False,True,True,True,True,False,False,DISCOVERY
8K_1.01|SHORT|H1|L3,245,215,80,12,0,0.0,0.005532576617065163,0.0032843560933449867,0.007861906631536807,0.006000513628756503,0.006155864403154743,0.004800513628756504,0.5714285714285714,0.05171337042592089,-0.0007039248688208484,0.012640983694400134,False,0.00520306583417544,0.003846286808939661,0.0027220116842429274,4,"{'BOUND_LONG_MINUS100_SHORT_0': {'mean_sector_relative': 0.006000513628756503, 'mean_ge_2x_cost': True, 'sign_unchanged': True}, 'BOUND_MIRROR_LONG_0_SHORT_MINUS100': {'mean_sector_relative': 0.006000513628756503, 'mean_ge_2x_cost': True, 'sign_unchanged': True}}",0,,False,True,True,False,True,True,True,False,False,DISCOVERY
8K_1.01|SHORT|H3|L1,5584,1224,1485,30,8,0.001430615164520744,-3.826721929458025e-05,-0.0,0.0025523313642431414,0.0020066968711509128,0.0027134299887576763,-0.0009933031288490873,0.5293696275071633,0.06584321164152342,4.081729259748917e-05,0.00397010996538164,False,0.0019258695338625,0.0017777439197911562,0.0016376528080606543,4,"{'BOUND_LONG_MINUS100_SHORT_0': {'mean_sector_relative': 0.002003826060176448, 'mean_ge_2x_cost': False, 'sign_unchanged': True}, 'BOUND_MIRROR_LONG_0_SHORT_MINUS100': {'mean_sector_relative': 0.0005732108956557038, 'mean_ge_2x_cost': False, 'sign_unchanged': True}}",5,0.0020610787656421097,True,True,False,True,True,True,True,False,False,DISCOVERY
8K_1.01|SHORT|H3|L2,4119,1164,856,20,2,0.000485319097306479,-0.001396851150979583,-0.001988071570576677,0.0018205698059667375,0.001793314862108256,0.0013304047547606501,-0.0002066851378917441,0.5193008011653314,0.06264508197963141,-0.0003443081119043293,0.0038910951474281324,False,0.0016624351242907312,0.0014250069177887696,0.0012061244829426195,3,"{'BOUND_LONG_MINUS100_SHORT_0': {'mean_sector_relative': 0.0017924445321581912, 'mean_ge_2x_cost': False, 'sign_unchanged': True}, 'BOUND_MIRROR_LONG_0_SHORT_MINUS100': {'mean_sector_relative': 0.0013071254348517123, 'mean_ge_2x_cost': False, 'sign_unchanged': True}}",0,,True,True,False,False,False,True,True,False,False,DISCOVERY
8K_1.01|SHORT|H3|L3,245,215,80,12,0,0.0,0.004346674493876587,-4.18515108395745e-05,0.008325170838614311,0.005522861744519515,0.005148696228540528,0.004322861744519515,0.5510204081632653,0.08039381724761466,-0.004876317294638736,0.016102293226907042,False,0.00440362125176605,0.0024847554637026626,0.0008846158110642858,4,"{'BOUND_LONG_MINUS100_SHORT_0': {'mean_sector_relative': 0.005522861744519515, 'mean_ge_2x_cost': True, 'sign_unchanged': True}, 'BOUND_MIRROR_LONG_0_SHORT_MINUS100': {'mean_sector_relative': 0.005522861744519515, 'mean_ge_2x_cost': True, 'sign_unchanged': True}}",0,,False,True,True,False,True,True,True,False,False,DISCOVERY
8K_1.01|SHORT|H5|L1,5564,1222,1478,30,12,0.002152080344332855,0.00020088430949679654,-0.0007837172232834089,0.004088514499086235,0.0034700158664005987,0.00341989044432911,0.0004700158664005987,0.5327102803738317,0.07546271048302791,0.0012304533796017646,0.005690170494133795,False,0.0033630669793794795,0.0031865433290407482,0.003034240254804334,5,"{'BOUND_LONG_MINUS100_SHORT_0': {'mean_sector_relative': 0.0034625481134599955, 'mean_ge_2x_cost': False, 'sign_unchanged': True}, 'BOUND_MIRROR_LONG_0_SHORT_MINUS100': {'mean_sector_relative': 0.00131046776912714, 'mean_ge_2x_cost': False, 'sign_unchanged': True}}",5,0.00348448381421213,True,True,False,True,True,True,True,False,False,DISCOVERY
8K_1.01|SHORT|H5|L2,4113,1162,856,20,3,0.0007288629737609329,-0.0031021532946201792,-0.002225047679593084,0.0014319588341623764,0.0013497141169245162,0.0014405245412845158,-0.0006502858830754838,0.5176270362265986,0.07823460279905921,-0.0012734865530606458,0.0038612056013019418,False,0.0011914175102452082,0.0009500959636973937,0.0007221557423280458,3,"{'BOUND_LONG_MINUS100_SHORT_0': {'mean_sector_relative': 0.0013487303602795274, 'mean_ge_2x_cost': False, 'sign_unchanged': True}, 'BOUND_MIRROR_LONG_0_SHORT_MINUS100': {'mean_sector_relative': 0.0006198673865185947, 'mean_ge_2x_cost': False, 'sign_unchanged': True}}",0,,True,True,False,False,False,True,True,False,False,DISCOVERY
8K_1.01|SHORT|H5|L3,245,215,80,12,0,0.0,0.009152554747545847,0.0039933155370357465,0.014075886299546574,0.010605312631004197,0.008301666522316453,0.009405312631004198,0.563265306122449,0.08179686574679262,9.497724264644521e-05,0.021115147956129048,False,0.00940213902798363,0.007406492017494157,0.0056173379147726205,4,"{'BOUND_LONG_MINUS100_SHORT_0': {'mean_sector_relative': 0.010605312631004197, 'mean_ge_2x_cost': True, 'sign_unchanged': True}, 'BOUND_MIRROR_LONG_0_SHORT_MINUS100': {'mean_sector_relative': 0.010605312631004197, 'mean_ge_2x_cost': True, 'sign_unchanged': True}}",0,,False,True,True,True,True,True,True,False,False,DISCOVERY
8K_1.01|SHORT|H10|L1,5542,1217,1478,30,17,0.0030581039755351682,-0.0016992738268164279,-0.003267910190273393,0.005887243193143817,0.004654621959204103,0.004869188111985334,0.0016546219592041026,0.5348249729339588,0.10073336211367262,0.0017807740542735355,0.007478408500233073,False,0.0045083656366096065,0.004290312716258606,0.004109802590173987,5,"{'BOUND_LONG_MINUS100_SHORT_0': {'mean_sector_relative': 0.004640387641286048, 'mean_ge_2x_cost': False, 'sign_unchanged': True}, 'BOUND_MIRROR_LONG_0_SHORT_MINUS100': {'mean_sector_relative': 0.0015822836657508794, 'mean_ge_2x_cost': False, 'sign_unchanged': True}}",6,0.004476530426864394,True,True,False,True,True,True,True,False,False,DISCOVERY
8K_1.01|SHORT|H10|L2,4089,1157,849,20,8,0.001952648279228704,-0.010272661315500555,-0.004976993144896191,-0.001964943059815415,-0.0022330606717087644,0.003003816079455768,-0.004233060671708764,0.5231107850330154,0.27618743244917177,-0.012023973256835518,0.004257917423621546,False,-0.0023866342973068327,-0.00266619560022918,-0.002927413354178658,4,"{'BOUND_LONG_MINUS100_SHORT_0': {'mean_sector_relative': -0.002228700289630738, 'mean_ge_2x_cost': False, 'sign_unchanged': True}, 'BOUND_MIRROR_LONG_0_SHORT_MINUS100': {'mean_sector_relative': -0.004181348568859442, 'mean_ge_2x_cost': False, 'sign_unchanged': True}}",2,0.0016524554068681296,True,True,False,False,True,True,True,False,False,DISCOVERY
8K_1.01|SHORT|H10|L3,244,214,80,12,0,0.0,0.009363374354140468,0.004159862564089178,0.022645330002925425,0.017509860101693166,0.01594255446376902,0.016309860101693167,0.5778688524590164,0.10751622473246321,0.00371026653250999,0.03127066619308324,False,0.015719693835498694,0.012730895704686655,0.010577106931909226,4,"{'BOUND_LONG_MINUS100_SHORT_0': {'mean_sector_relative': 0.017509860101693166, 'mean_ge_2x_cost': True, 'sign_unchanged': True}, 'BOUND_MIRROR_LONG_0_SHORT_MINUS100': {'mean_sector_relative': 0.017509860101693166, 'mean_ge_2x_cost': True, 'sign_unchanged': True}}",0,,False,True,True,True,True,True,True,False,False,DISCOVERY
8K_5.02|LONG|H0|L1,8376,1244,1547,30,0,0.0,-0.00096660631536292,-0.0009016226362255075,-0.0012803956565609442,-0.0012136680199314456,-0.0010818940893854156,-0.004213668019931446,0.4754059216809933,0.03028679639132141,-0.0019330608743287315,-0.0004877372139848303,False,-0.001259475297071697,-0.0013208975871245767,-0.0013756658062152945,5,"{'BOUND_LONG_MINUS100_SHORT_0': {'mean_sector_relative': -0.0012136680199314456, 'mean_ge_2x_cost': False, 'sign_unchanged': True}, 'BOUND_MIRROR_LONG_0_SHORT_MINUS100': {'mean_sector_relative': -0.0012136680199314456, 'mean_ge_2x_cost': False, 'sign_unchanged': True}}",3,-0.0012440130959763495,True,True,False,True,True,True,True,False,False,DISCOVERY
8K_5.02|LONG|H0|L2,6461,1220,921,20,0,0.0,-0.0003133023539030215,-0.0002574665293513245,-0.0007830817780091173,-0.0007957841984858756,-0.0008280850774996518,-0.0027957841984858757,0.47283702213279677,0.025204961260624957,-0.001472286068847096,-9.897324417564753e-05,False,-0.0008547347886926465,-0.000949914993828427,-0.001029180769148069,4,"{'BOUND_LONG_MINUS100_SHORT_0': {'mean_sector_relative': -0.0007957841984858756, 'mean_ge_2x_cost': False, 'sign_unchanged': True}, 'BOUND_MIRROR_LONG_0_SHORT_MINUS100': {'mean_sector_relative': -0.0007957841984858756, 'mean_ge_2x_cost': False, 'sign_unchanged': True}}",2,-0.0008132049054048711,True,True,False,True,True,True,True,False,False,DISCOVERY
8K_5.02|LONG|H0|L3,600,463,110,12,0,0.0,0.0015340156136287742,-0.0003683589781381946,0.0011048168880811997,0.0008936392562495646,-0.0011531733631451324,-0.00030636074375043525,0.44666666666666666,0.05221210382853963,-0.0027217864915154923,0.005583436120835798,False,-0.0008356383467688495,-0.0016267269950894616,-0.0020861007416274626,1,"{'BOUND_LONG_MINUS100_SHORT_0': {'mean_sector_relative': 0.0008936392562495646, 'mean_ge_2x_cost': False, 'sign_unchanged': True}, 'BOUND_MIRROR_LONG_0_SHORT_MINUS100': {'mean_sector_relative': 0.0008936392562495646, 'mean_ge_2x_cost': False, 'sign_unchanged': True}}",1,-0.0008356383467688524,True,True,False,False,False,False,True,False,False,DISCOVERY
8K_5.02|LONG|H1|L1,8367,1243,1543,30,8,0.000955223880597015,-0.0006883475468666544,-0.0003189284005741255,-0.0018264218624459716,-0.0016931721710207257,-0.0017402610204205748,-0.004693172171020726,0.4712561252539739,0.0433625754210878,-0.0027718957522604947,-0.0006307957365148994,False,-0.0017816252687161375,-0.0019101759906292824,-0.0020106058657359638,5,"{'BOUND_LONG_MINUS100_SHORT_0': {'mean_sector_relative': -0.0026467786931260195, 'mean_ge_2x_cost': False, 'sign_unchanged': True}, 'BOUND_MIRROR_LONG_0_SHORT_MINUS100': {'mean_sector_relative': -0.0016915548125290044, 'mean_ge_2x_cost': False, 'sign_unchanged': True}}",3,-0.0017473515846599345,True,True,False,True,True,True,True,False,False,DISCOVERY
8K_5.02|LONG|H1|L2,6453,1219,918,20,5,0.000774233508826262,0.0003075109319167949,0.0,-0.0007615249285070928,-0.0008641628224047599,-0.0010008559871581557,-0.0028641628224047597,0.4793119479311948,0.03910151017786415,-0.0019283753429475768,0.00022617190998607103,False,-0.0009671150446618034,-0.0011539112320459748,-0.001302803258822164,4,"{'BOUND_LONG_MINUS100_SHORT_0': {'mean_sector_relative': -0.001637727267416834, 'mean_ge_2x_cost': False, 'sign_unchanged': True}, 'BOUND_MIRROR_LONG_0_SHORT_MINUS100': {'mean_sector_relative': -0.0008634937585905722, 'mean_ge_2x_cost': False, 'sign_unchanged': True}}",2,-0.0009631314098985786,True,True,False,False,True,True,True,False,False,DISCOVERY
8K_5.02|LONG|H1|L3,600,463,110,12,0,0.0,0.005976963552681133,0.001086266912842082,0.004165512313628608,0.0037478897824335185,-0.0017033839918954574,0.0025478897824335184,0.45666666666666667,0.07331077687620524,-0.0013945467912206658,0.010332735205488306,False,0.001347830222643285,-4.227801482264302e-05,-0.0008432213479926161,4,"{'BOUND_LONG_MINUS100_SHORT_0': {'mean_sector_relative': 0.0037478897824335185, 'mean_ge_2x_cost': True, 'sign_unchanged': True}, 'BOUND_MIRROR_LONG_0_SHORT_MINUS100': {'mean_sector_relative': 0.0037478897824335185, 'mean_ge_2x_cost': True, 'sign_unchanged': True}}",1,0.0013478302226432844,True,True,True,False,True,False,True,False,False,DISCOVERY
8K_5.02|LONG|H3|L1,8360,1241,1540,30,11,0.001314060446780552,0.00015345498548200953,0.0001232484562501135,-0.0020260889112717305,-0.0019883174704224253,-0.00189257169576168,-0.004988317470422426,0.480622009569378,0.06061425585902887,-0.0035607435003258575,-0.0004039390331566346,False,-0.002072260112978276,-0.002221134290227909,-0.0023507663549893715,4,"{'BOUND_LONG_MINUS100_SHORT_0': {'mean_sector_relative': -0.003299765147859452, 'mean_ge_2x_cost': False, 'sign_unchanged': True}, 'BOUND_MIRROR_LONG_0_SHORT_MINUS100': {'mean_sector_relative': -0.0019857047010789003, 'mean_ge_2x_cost': False, 'sign_unchanged': True}}",3,-0.002032070327481788,True,True,False,True,True,True,True,False,False,DISCOVERY
8K_5.02|LONG|H3|L2,6451,1219,917,20,7,0.0010839269123567668,0.0005966744680753542,0.0013745704467353903,-0.0011702097570208587,-0.0013417020274999138,-0.0014703157022630808,-0.003341702027499914,0.4782204309409394,0.05433036087828508,-0.002824222532449551,0.00012856296671370543,False,-0.0014675421215467643,-0.0017133373735222545,-0.0018837991855014677,4,"{'BOUND_LONG_MINUS100_SHORT_0': {'mean_sector_relative': -0.00242417463292071, 'mean_ge_2x_cost': False, 'sign_unchanged': True}, 'BOUND_MIRROR_LONG_0_SHORT_MINUS100': {'mean_sector_relative': -0.001340247720563943, 'mean_ge_2x_cost': False, 'sign_unchanged': True}}",2,-0.0014627473344390545,True,True,False,False,True,True,True,False,False,DISCOVERY
8K_5.02|LONG|H3|L3,600,463,110,12,0,0.0,0.010770772307136084,0.003978195800482753,0.0085703540839072,0.007299625217239887,-0.0008238511397122839,0.0060996252172398875,0.4866666666666667,0.09859940788239961,0.0002498115392284261,0.01595371586893111,False,0.004499980351608534,0.0020669797139287113,0.0003257662094836781,4,"{'BOUND_LONG_MINUS100_SHORT_0': {'mean_sector_relative': 0.007299625217239887, 'mean_ge_2x_cost': True, 'sign_unchanged': True}, 'BOUND_MIRROR_LONG_0_SHORT_MINUS100': {'mean_sector_relative': 0.007299625217239887, 'mean_ge_2x_cost': True, 'sign_unchanged': True}}",1,0.004499980351608537,True,True,True,True,True,True,True,True,True,DISCOVERY
8K_5.02|LONG|H5|L1,8347,1239,1540,30,12,0.001435578418471109,0.0008285082563960946,0.0007841599686335687,-0.002398650598177481,-0.002348599193338105,-0.0032337045517372154,-0.005348599193338105,0.47058823529411764,0.07186137490093576,-0.004198430137875352,-0.00047738030182840126,False,-0.002439181428624663,-0.0025928583895199245,-0.002723651658271311,5,"{'BOUND_LONG_MINUS100_SHORT_0': {'mean_sector_relative': -0.0037808060134936193, 'mean_ge_2x_cost': False, 'sign_unchanged': True}, 'BOUND_MIRROR_LONG_0_SHORT_MINUS100': {'mean_sector_relative': -0.00234522759502251, 'mean_ge_2x_cost': False, 'sign_unchanged': True}}",4,-0.0024568550121080402,True,True,False,True,True,True,True,False,False,DISCOVERY
8K_5.02|LONG|H5|L2,6438,1217,916,20,10,0.0015508684863523574,0.00047146544136582514,0.0019468332766156005,-0.001856408253184022,-0.0020239949878081754,-0.0019692384569225396,-0.004023994987808175,0.4779434607020814,0.06462292006067029,-0.003742588439980582,-0.0002863916226833529,False,-0.0021808559944193266,-0.002470854314671527,-0.0026742598490697156,4,"{'BOUND_LONG_MINUS100_SHORT_0': {'mean_sector_relative': -0.0035717245241174054, 'mean_ge_2x_cost': False, 'sign_unchanged': True}, 'BOUND_MIRROR_LONG_0_SHORT_MINUS100': {'mean_sector_relative': -0.0020208560377650486, 'mean_ge_2x_cost': False, 'sign_unchanged': True}}",2,-0.00212070912588091,True,True,False,True,True,True,True,False,False,DISCOVERY
8K_5.02|LONG|H5|L3,597,461,110,12,1,0.0016722408026755853,0.010509078398657437,0.0014044943820226141,0.009123437407223012,0.008497674631139108,-0.003102633311348524,0.0072976746311391085,0.47068676716917923,0.17605169804060378,-0.0029588249903768336,0.02464815787730358,False,0.002478784886397735,-0.0014251444391763799,-0.0027981544362198126,2,"{'BOUND_LONG_MINUS100_SHORT_0': {'mean_sector_relative': 0.00681122367021747, 'mean_ge_2x_cost': True, 'sign_unchanged': True}, 'BOUND_MIRROR_LONG_0_SHORT_MINUS100': {'mean_sector_relative': 0.008483464472893056, 'mean_ge_2x_cost': True, 'sign_unchanged': True}}",2,-0.0005255409261838218,True,True,True,False,False,False,True,False,False,DISCOVERY
8K_5.02|LONG|H10|L1,8281,1234,1535,30,19,0.0022891566265060242,0.0021723779332404173,0.003420473979965699,-0.003474397925361873,-0.003084672928600394,-0.005101700275545795,-0.006084672928600394,0.46661031276415893,0.09165539168677159,-0.005363372886233513,-0.0008124726762244283,False,-0.0031775351302827924,-0.0033580944972713333,-0.0035220679434785646,4,"{'BOUND_LONG_MINUS100_SHORT_0': {'mean_sector_relative': -0.005366768255631309, 'mean_ge_2x_cost': False, 'sign_unchanged': True}, 'BOUND_MIRROR_LONG_0_SHORT_MINUS100': {'mean_sector_relative': -0.003077611629125285, 'mean_ge_2x_cost': False, 'sign_unchanged': True}}",4,-0.0031837413359407187,True,True,False,True,True,True,True,False,False,DISCOVERY
8K_5.02|LONG|H10|L2,6399,1212,914,20,16,0.002494154325798909,0.004833988828667031,0.0041279669762641635,0.00024438807637840204,0.00027136626011224277,-0.003611855103957673,-0.0017286337398877572,0.47226129082669166,0.22171662773611023,-0.0038410592764502103,0.006690167118640716,False,-0.0022953297252282876,-0.002627474572701878,-0.002905973046422255,2,"{'BOUND_LONG_MINUS100_SHORT_0': {'mean_sector_relative': -0.002223464895018201, 'mean_ge_2x_cost': False, 'sign_unchanged': False}, 'BOUND_MIRROR_LONG_0_SHORT_MINUS100': {'mean_sector_relative': 0.00027068943078070766, 'mean_ge_2x_cost': False, 'sign_unchanged': True}}",3,-0.0023501743871512915,True,True,False,False,False,False,True,False,False,DISCOVERY
8K_5.02|LONG|H10|L3,596,460,110,12,1,0.0016750418760469012,0.02068500358746586,0.00629557704502226,0.014510060961549073,0.013141911395970731,-0.003480234646974001,0.011941911395970731,0.47818791946308725,0.24234968302125057,-0.0027812699714927255,0.035261946375162494,False,0.004898702370253065,-0.0005239953865279085,-0.002333786853671807,4,"{'BOUND_LONG_MINUS100_SHORT_0': {'mean_sector_relative': 0.011444856268004282, 'mean_ge_2x_cost': True, 'sign_unchanged': True}, 'BOUND_MIRROR_LONG_0_SHORT_MINUS100': {'mean_sector_relative': 0.013119898144051182, 'mean_ge_2x_cost': True, 'sign_unchanged': True}}",2,0.000492828121863134,True,True,True,False,True,False,True,False,False,DISCOVERY
8K_5.02|SHORT|H0|L1,8376,1244,1547,30,0,0.0,0.00096660631536292,0.0009016226362255075,0.0012803956565609442,0.0012136680199314456,0.0010818940893854156,-0.0017863319800685545,0.5245940783190067,0.03028679639132141,0.00048773721398483,0.0019330608743287315,False,0.0011747968364904822,0.0011062319459597039,0.0010494546837318218,5,"{'BOUND_LONG_MINUS100_SHORT_0': {'mean_sector_relative': 0.0012136680199314456, 'mean_ge_2x_cost': False, 'sign_unchanged': True}, 'BOUND_MIRROR_LONG_0_SHORT_MINUS100': {'mean_sector_relative': 0.0012136680199314456, 'mean_ge_2x_cost': False, 'sign_unchanged': True}}",3,0.0012440130959763495,True,True,False,True,True,True,True,False,False,DISCOVERY
8K_5.02|SHORT|H0|L2,6461,1220,921,20,0,0.0,0.0003133023539030215,0.0002574665293513245,0.0007830817780091173,0.0007957841984858756,0.0008280850774996518,-0.0012042158015141244,0.5271629778672032,0.025204961260624957,9.897324417564753e-05,0.0014722860688470957,False,0.0007623272895503976,0.0007096356235592919,0.0006677176308123251,4,"{'BOUND_LONG_MINUS100_SHORT_0': {'mean_sector_relative': 0.0007957841984858756, 'mean_ge_2x_cost': False, 'sign_unchanged': True}, 'BOUND_MIRROR_LONG_0_SHORT_MINUS100': {'mean_sector_relative': 0.0007957841984858756, 'mean_ge_2x_cost': False, 'sign_unchanged': True}}",2,0.0008132049054048711,True,True,False,True,True,True,True,False,False,DISCOVERY
8K_5.02|SHORT|H0|L3,600,463,110,12,0,0.0,-0.0015340156136287742,0.0003683589781381946,-0.0011048168880811997,-0.0008936392562495646,0.0011531733631451324,-0.0020936392562495645,0.5533333333333333,0.05221210382853963,-0.005583436120835799,0.002721786491515492,False,-0.0012780905144970465,-0.001804208617556113,-0.0020770894288775106,1,"{'BOUND_LONG_MINUS100_SHORT_0': {'mean_sector_relative': -0.0008936392562495646, 'mean_ge_2x_cost': False, 'sign_unchanged': True}, 'BOUND_MIRROR_LONG_0_SHORT_MINUS100': {'mean_sector_relative': -0.0008936392562495646, 'mean_ge_2x_cost': False, 'sign_unchanged': True}}",1,0.0008356383467688524,True,True,False,False,False,True,True,False,False,DISCOVERY
8K_5.02|SHORT|H1|L1,8367,1243,1543,30,8,0.000955223880597015,0.0006883475468666544,0.0003189284005741255,0.0018264218624459716,0.0016931721710207257,0.0017402610204205748,-0.0013068278289792743,0.528743874746026,0.0433625754210878,0.0006307957365148992,0.002771895752260494,False,0.0016486525852156856,0.0015619779728646788,0.0014822982836885366,5,"{'BOUND_LONG_MINUS100_SHORT_0': {'mean_sector_relative': 0.0016915548125290044, 'mean_ge_2x_cost': False, 'sign_unchanged': True}, 'BOUND_MIRROR_LONG_0_SHORT_MINUS100': {'mean_sector_relative': 0.0007363309319319893, 'mean_ge_2x_cost': False, 'sign_unchanged': True}}",3,0.0017473515846599345,True,True,False,True,True,True,True,False,False,DISCOVERY
8K_5.02|SHORT|H1|L2,6453,1219,918,20,5,0.000774233508826262,-0.0003075109319167949,-0.0,0.0007615249285070928,0.0008641628224047599,0.0010008559871581557,-0.0011358371775952402,0.5206880520688052,0.03910151017786415,-0.00022617190998607103,0.0019283753429475768,False,0.0008127652181139464,0.0007336772260137471,0.0006685953588831024,4,"{'BOUND_LONG_MINUS100_SHORT_0': {'mean_sector_relative': 0.0008634937585905722, 'mean_ge_2x_cost': False, 'sign_unchanged': True}, 'BOUND_MIRROR_LONG_0_SHORT_MINUS100': {'mean_sector_relative': 8.926024976431018e-05, 'mean_ge_2x_cost': False, 'sign_unchanged': True}}",2,0.0009631314098985786,True,True,False,False,True,True,True,False,False,DISCOVERY
8K_5.02|SHORT|H1|L3,600,463,110,12,0,0.0,-0.005976963552681133,-0.001086266912842082,-0.004165512313628608,-0.0037478897824335185,0.0017033839918954574,-0.004947889782433519,0.5433333333333333,0.07331077687620524,-0.010332735205488308,0.0013945467912206654,False,-0.004068579850629718,-0.00467248596263768,-0.0051109824827562465,4,"{'BOUND_LONG_MINUS100_SHORT_0': {'mean_sector_relative': -0.0037478897824335185, 'mean_ge_2x_cost': False, 'sign_unchanged': True}, 'BOUND_MIRROR_LONG_0_SHORT_MINUS100': {'mean_sector_relative': -0.0037478897824335185, 'mean_ge_2x_cost': False, 'sign_unchanged': True}}",1,-0.0013478302226432844,True,True,False,False,True,True,True,False,False,DISCOVERY
8K_5.02|SHORT|H3|L1,8360,1241,1540,30,11,0.001314060446780552,-0.00015345498548200953,-0.0001232484562501135,0.0020260889112717305,0.0019883174704224253,0.00189257169576168,-0.0010116825295775748,0.519377990430622,0.06061425585902887,0.0004039390331566343,0.003560743500325857,False,0.00192491000039553,0.0018193820808939352,0.0017210587813605703,4,"{'BOUND_LONG_MINUS100_SHORT_0': {'mean_sector_relative': 0.0019857047010789003, 'mean_ge_2x_cost': False, 'sign_unchanged': True}, 'BOUND_MIRROR_LONG_0_SHORT_MINUS100': {'mean_sector_relative': 0.0006716442542983482, 'mean_ge_2x_cost': False, 'sign_unchanged': True}}",3,0.002032070327481788,True,True,False,True,True,True,True,False,False,DISCOVERY
8K_5.02|SHORT|H3|L2,6451,1219,917,20,7,0.0010839269123567668,-0.0005966744680753542,-0.0013745704467353903,0.0011702097570208587,0.0013417020274999138,0.0014703157022630808,-0.0006582979725000863,0.5217795690590606,0.05433036087828508,-0.00012856296671370554,0.002824222532449551,False,0.0012608025825294354,0.0011433248420820274,0.0010355929446655492,4,"{'BOUND_LONG_MINUS100_SHORT_0': {'mean_sector_relative': 0.001340247720563943, 'mean_ge_2x_cost': False, 'sign_unchanged': True}, 'BOUND_MIRROR_LONG_0_SHORT_MINUS100': {'mean_sector_relative': 0.0002563208082071764, 'mean_ge_2x_cost': False, 'sign_unchanged': True}}",2,0.0014627473344390545,True,True,False,False,True,True,True,False,False,DISCOVERY
8K_5.02|SHORT|H3|L3,600,463,110,12,0,0.0,-0.010770772307136084,-0.003978195800482753,-0.0085703540839072,-0.007299625217239887,0.0008238511397122839,-0.008499625217239888,0.5133333333333333,0.09859940788239961,-0.01595371586893111,-0.00024981153922842733,False,-0.0076699668845435455,-0.008395290938831183,-0.009048049633582302,4,"{'BOUND_LONG_MINUS100_SHORT_0': {'mean_sector_relative': -0.007299625217239887, 'mean_ge_2x_cost': False, 'sign_unchanged': True}, 'BOUND_MIRROR_LONG_0_SHORT_MINUS100': {'mean_sector_relative': -0.007299625217239887, 'mean_ge_2x_cost': False, 'sign_unchanged': True}}",1,-0.004499980351608537,True,True,False,True,True,True,True,False,False,DISCOVERY
8K_5.02|SHORT|H5|L1,8347,1239,1540,30,12,0.001435578418471109,-0.0008285082563960946,-0.0007841599686335687,0.002398650598177481,0.002348599193338105,0.0032337045517372154,-0.0006514008066618952,0.5294117647058824,0.07186137490093576,0.0004773803018284011,0.004198430137875351,False,0.0022771783839477915,0.0021534669194869485,0.002037645304138466,5,"{'BOUND_LONG_MINUS100_SHORT_0': {'mean_sector_relative': 0.00234522759502251, 'mean_ge_2x_cost': False, 'sign_unchanged': True}, 'BOUND_MIRROR_LONG_0_SHORT_MINUS100': {'mean_sector_relative': 0.0009096491765514011, 'mean_ge_2x_cost': False, 'sign_unchanged': True}}",4,0.0024568550121080402,True,True,False,True,True,True,True,False,False,DISCOVERY
8K_5.02|SHORT|H5|L2,6438,1217,916,20,10,0.0015508684863523574,-0.00047146544136582514,-0.0019468332766156005,0.001856408253184022,0.0020239949878081754,0.0019692384569225396,2.3994987808175373e-05,0.5220565392979186,0.06462292006067029,0.0002863916226833529,0.003742588439980582,False,0.0019289510102011777,0.0018019281398103898,0.001687417590956305,4,"{'BOUND_LONG_MINUS100_SHORT_0': {'mean_sector_relative': 0.0020208560377650486, 'mean_ge_2x_cost': False, 'sign_unchanged': True}, 'BOUND_MIRROR_LONG_0_SHORT_MINUS100': {'mean_sector_relative': 0.0004699875514126909, 'mean_ge_2x_cost': False, 'sign_unchanged': True}}",2,0.00212070912588091,True,True,False,True,True,True,True,False,False,DISCOVERY
8K_5.02|SHORT|H5|L3,597,461,110,12,1,0.0016722408026755853,-0.010509078398657437,-0.0014044943820226141,-0.009123437407223012,-0.008497674631139108,0.003102633311348524,-0.009697674631139108,0.5293132328308208,0.17605169804060378,-0.024648157877303584,0.002958824990376833,False,-0.009022301051271924,-0.009958024220627547,-0.010769082137110742,2,"{'BOUND_LONG_MINUS100_SHORT_0': {'mean_sector_relative': -0.008483464472893056, 'mean_ge_2x_cost': False, 'sign_unchanged': True}, 'BOUND_MIRROR_LONG_0_SHORT_MINUS100': {'mean_sector_relative': -0.01015570527556864, 'mean_ge_2x_cost': False, 'sign_unchanged': True}}",2,0.0005255409261838218,True,True,False,False,False,True,True,False,False,DISCOVERY
8K_5.02|SHORT|H10|L1,8281,1234,1535,30,19,0.0022891566265060242,-0.0021723779332404173,-0.003420473979965699,0.003474397925361873,0.003084672928600394,0.005101700275545795,8.467292860039411e-05,0.5333896872358411,0.09165539168677159,0.0008124726762244282,0.005363372886233512,False,0.003000664835316398,0.0028727419857608708,0.0027474685815544945,4,"{'BOUND_LONG_MINUS100_SHORT_0': {'mean_sector_relative': 0.003077611629125285, 'mean_ge_2x_cost': False, 'sign_unchanged': True}, 'BOUND_MIRROR_LONG_0_SHORT_MINUS100': {'mean_sector_relative': 0.0007884550026192607, 'mean_ge_2x_cost': False, 'sign_unchanged': True}}",4,0.0031837413359407187,True,True,False,True,True,True,True,False,False,DISCOVERY
8K_5.02|SHORT|H10|L2,6399,1212,914,20,16,0.002494154325798909,-0.004833988828667031,-0.0041279669762641635,-0.00024438807637840204,-0.00027136626011224277,0.003611855103957673,-0.002271366260112243,0.5277387091733083,0.22171662773611023,-0.006690167118640716,0.0038410592764502095,False,-0.0003555055956417894,-0.0005181352961386212,-0.0006688656378660104,2,"{'BOUND_LONG_MINUS100_SHORT_0': {'mean_sector_relative': -0.00027068943078070766, 'mean_ge_2x_cost': False, 'sign_unchanged': True}, 'BOUND_MIRROR_LONG_0_SHORT_MINUS100': {'mean_sector_relative': -0.002764843756579616, 'mean_ge_2x_cost': False, 'sign_unchanged': True}}",3,0.0023501743871512915,True,True,False,False,False,True,True,False,False,DISCOVERY
8K_5.02|SHORT|H10|L3,596,460,110,12,1,0.0016750418760469012,-0.02068500358746586,-0.00629557704502226,-0.014510060961549073,-0.013141911395970731,0.003480234646974001,-0.01434191139597073,0.5218120805369127,0.24234968302125057,-0.035261946375162494,0.0027812699714927246,False,-0.013924536898799172,-0.015017129569131673,-0.015988372592775538,4,"{'BOUND_LONG_MINUS100_SHORT_0': {'mean_sector_relative': -0.013119898144051182, 'mean_ge_2x_cost': False, 'sign_unchanged': True}, 'BOUND_MIRROR_LONG_0_SHORT_MINUS100': {'mean_sector_relative': -0.014794940020098084, 'mean_ge_2x_cost': False, 'sign_unchanged': True}}",2,-0.000492828121863134,True,True,False,False,True,True,True,False,False,DISCOVERY
8K_7.01|LONG|H0|L1,11018,1242,1473,30,0,0.0,-0.00019385629314991334,0.0,-0.00038924849714216654,-0.0004078771999383246,-0.0003810278133301037,-0.0034078771999383247,0.49083318206571064,0.037630019100608064,-0.0012784937803910852,0.00047544753983410666,False,-0.0004605861708478694,-0.0005281375113186714,-0.0005899181185974416,4,"{'BOUND_LONG_MINUS100_SHORT_0': {'mean_sector_relative': -0.0004078771999383246, 'mean_ge_2x_cost': False, 'sign_unchanged': True}, 'BOUND_MIRROR_LONG_0_SHORT_MINUS100': {'mean_sector_relative': -0.0004078771999383246, 'mean_ge_2x_cost': False, 'sign_unchanged': True}}",2,-0.0004118081330355175,True,True,False,False,True,True,True,False,False,DISCOVERY
8K_7.01|LONG|H0|L2,7993,1213,854,20,0,0.0,0.00015869163201271544,0.0,-0.0005075093554261241,-0.00042560778979044257,-0.0007250940339487144,-0.0024256077897904424,0.48054547729263103,0.029591444457964453,-0.0011503023693084547,0.0002964249169644189,False,-0.0005097028211131913,-0.0005974903078642561,-0.0006623207282434452,2,"{'BOUND_LONG_MINUS100_SHORT_0': {'mean_sector_relative': -0.00042560778979044257, 'mean_ge_2x_cost': False, 'sign_unchanged': True}, 'BOUND_MIRROR_LONG_0_SHORT_MINUS100': {'mean_sector_relative': -0.00042560778979044257, 'mean_ge_2x_cost': False, 'sign_unchanged': True}}",2,-0.0005088552278959957,True,True,False,False,False,True,True,False,False,DISCOVERY
8K_7.01|LONG|H0|L3,516,392,94,12,0,0.0,0.0010538695722052268,4.395218002806178e-05,0.0007798990908940756,0.0011373578197141035,-0.00013867251305721418,-6.264218028589636e-05,0.49612403100775193,0.05732146549405474,-0.0031954570648981434,0.00660551854697577,False,-0.000873503472799616,-0.0017287036418374938,-0.002163839342197063,3,"{'BOUND_LONG_MINUS100_SHORT_0': {'mean_sector_relative': 0.0011373578197141035, 'mean_ge_2x_cost': False, 'sign_unchanged': True}, 'BOUND_MIRROR_LONG_0_SHORT_MINUS100': {'mean_sector_relative': 0.0011373578197141035, 'mean_ge_2x_cost': False, 'sign_unchanged': True}}",1,-0.0008735034727996199,True,True,False,False,False,False,True,False,False,DISCOVERY
8K_7.01|LONG|H1|L1,11010,1241,1471,30,5,0.00045392646391284613,6.436294856667462e-05,0.0,-0.0008707819478310093,-0.0009968434174253262,-0.000993025532401548,-0.003996843417425326,0.4865576748410536,0.05336007837356283,-0.002233077930050306,0.00027917633746081294,False,-0.0011250401104774656,-0.001260306475580407,-0.0013770693181169372,5,"{'BOUND_LONG_MINUS100_SHORT_0': {'mean_sector_relative': -0.0014503173877306256, 'mean_ge_2x_cost': False, 'sign_unchanged': True}, 'BOUND_MIRROR_LONG_0_SHORT_MINUS100': {'mean_sector_relative': -0.0009963909238177794, 'mean_ge_2x_cost': False, 'sign_unchanged': True}}",4,-0.0011899148824271912,True,True,False,False,True,True,True,False,False,DISCOVERY
8K_7.01|LONG|H1|L2,7988,1212,854,20,4,0.0005005005005005005,0.0006676253745538941,0.0006612965965689943,-0.0002819971684579911,-0.0003101544139600432,-0.0006003094045580748,-0.0023101544139600434,0.4894842263395093,0.042462406065680997,-0.0013714399835977169,0.0007229251641270517,False,-0.0004393650551180647,-0.0005841032435282966,-0.000698543544457278,3,"{'BOUND_LONG_MINUS100_SHORT_0': {'mean_sector_relative': -0.0008104996820211243, 'mean_ge_2x_cost': False, 'sign_unchanged': True}, 'BOUND_MIRROR_LONG_0_SHORT_MINUS100': {'mean_sector_relative': -0.00030999918152062377, 'mean_ge_2x_cost': False, 'sign_unchanged': True}}",4,-0.000552040782603329,True,True,False,False,False,True,True,False,False,DISCOVERY
8K_7.01|LONG|H1|L3,516,392,94,12,0,0.0,0.003227312041876847,-0.0007704614319242742,0.002725931053992235,0.002752079168231913,-0.0007410138402951794,0.001552079168231913,0.48643410852713176,0.07753459242021998,-0.002860233775650314,0.010109620650969911,False,-4.138002968760494e-05,-0.0008036953078041563,-0.0014368527402582308,3,"{'BOUND_LONG_MINUS100_SHORT_0': {'mean_sector_relative': 0.002752079168231913, 'mean_ge_2x_cost': True, 'sign_unchanged': True}, 'BOUND_MIRROR_LONG_0_SHORT_MINUS100': {'mean_sector_relative': 0.002752079168231913, 'mean_ge_2x_cost': True, 'sign_unchanged': True}}",1,-4.1380029687606235e-05,True,True,True,False,False,False,True,False,False,DISCOVERY
8K_7.01|LONG|H3|L1,10995,1239,1469,30,13,0.0011809593023255813,0.0013787201859568922,0.0004759638267490818,-0.0006527270846428854,-0.001034920660186234,-0.0018906218313148315,-0.004034920660186234,0.4821282401091405,0.07250440309754623,-0.0026844543128346967,0.0006961887573863391,False,-0.0012713215532515545,-0.0014702953434417908,-0.0016154501611672968,3,"{'BOUND_LONG_MINUS100_SHORT_0': {'mean_sector_relative': -0.0022146577633309988, 'mean_ge_2x_cost': False, 'sign_unchanged': True}, 'BOUND_MIRROR_LONG_0_SHORT_MINUS100': {'mean_sector_relative': -0.0010336984610054179, 'mean_ge_2x_cost': False, 'sign_unchanged': True}}",4,-0.0013508315065461577,True,True,False,False,False,True,True,False,False,DISCOVERY
8K_7.01|LONG|H3|L2,7985,1212,853,20,7,0.0008758758758758759,0.0023775227235108432,0.0026048302613324026,0.0001837988246964877,1.6553332860486253e-05,-0.0007501416533370886,-0.0019834466671395136,0.4899185973700689,0.05782116909686215,-0.0015541724841557276,0.00158697958898651,False,-8.20228851851057e-05,-0.00027305257208697916,-0.0004486378057500158,3,"{'BOUND_LONG_MINUS100_SHORT_0': {'mean_sector_relative': -0.0008593370416803073, 'mean_ge_2x_cost': False, 'sign_unchanged': False}, 'BOUND_MIRROR_LONG_0_SHORT_MINUS100': {'mean_sector_relative': 1.653883419556874e-05, 'mean_ge_2x_cost': False, 'sign_unchanged': True}}",5,-1.7050985158071902e-05,True,True,False,False,False,False,True,False,False,DISCOVERY
8K_7.01|LONG|H3|L3,516,392,94,12,0,0.0,0.0054356814521607155,0.00042105724802976585,0.003356787689409381,0.003879685674527156,-0.0012235683335972691,0.0026796856745271557,0.4844961240310077,0.09775734690968386,-0.003597930258431635,0.013068883753064588,False,0.0006167590452924081,-0.0006667778668393002,-0.001850713833289196,3,"{'BOUND_LONG_MINUS100_SHORT_0': {'mean_sector_relative': 0.003879685674527156, 'mean_ge_2x_cost': True, 'sign_unchanged': True}, 'BOUND_MIRROR_LONG_0_SHORT_MINUS100': {'mean_sector_relative': 0.003879685674527156, 'mean_ge_2x_cost': True, 'sign_unchanged': True}}",1,0.0006167590452924143,True,True,True,False,False,False,True,False,False,DISCOVERY
8K_7.01|LONG|H5|L1,10983,1237,1467,30,16,0.001454677697972543,0.0017034267989310557,0.0008936550491509543,-0.0017501571503795584,-0.0017493740636907672,-0.00295336428831261,-0.004749374063690767,0.4758262769735045,0.0788191486182624,-0.003634530676594699,0.00019357130203629907,False,-0.0018660808931052584,-0.0020659832837205054,-0.0022200351857359266,4,"{'BOUND_LONG_MINUS100_SHORT_0': {'mean_sector_relative': -0.003201506986227447, 'mean_ge_2x_cost': False, 'sign_unchanged': True}, 'BOUND_MIRROR_LONG_0_SHORT_MINUS100': {'mean_sector_relative': -0.0017468292882549046, 'mean_ge_2x_cost': False, 'sign_unchanged': True}}",5,-0.0019314090240806789,True,True,False,False,True,True,True,False,False,DISCOVERY
8K_7.01|LONG|H5|L2,7980,1210,853,20,9,0.0011265490048817123,0.002123268088753473,0.0035527193265965096,-0.0010199643926827758,-0.0009907272270673294,-0.001196585447802545,-0.0029907272270673297,0.4870927318295739,0.0660679736790785,-0.002770541352974916,0.0007948147144668638,False,-0.0011095321711390746,-0.001309194898239666,-0.0014773522384624168,3,"{'BOUND_LONG_MINUS100_SHORT_0': {'mean_sector_relative': -0.0021161601291772797, 'mean_ge_2x_cost': False, 'sign_unchanged': True}, 'BOUND_MIRROR_LONG_0_SHORT_MINUS100': {'mean_sector_relative': -0.0009896111242955676, 'mean_ge_2x_cost': False, 'sign_unchanged': True}}",5,-0.0009620773662964101,True,True,False,False,False,True,True,False,False,DISCOVERY
8K_7.01|LONG|H5|L3,516,392,94,12,0,0.0,0.004284840846819207,0.00187375459521677,0.0007012572891757453,0.0015371431944210543,-0.002653172970310813,0.0003371431944210544,0.4631782945736434,0.10799017148696069,-0.007070071811401807,0.011750900317121811,False,-0.0019357024369925423,-0.003559878489917094,-0.004659950278197415,3,"{'BOUND_LONG_MINUS100_SHORT_0': {'mean_sector_relative': 0.0015371431944210543, 'mean_ge_2x_cost': False, 'sign_unchanged': True}, 'BOUND_MIRROR_LONG_0_SHORT_MINUS100': {'mean_sector_relative': 0.0015371431944210543, 'mean_ge_2x_cost': False, 'sign_unchanged': True}}",1,-0.0019357024369925423,True,True,False,False,False,False,True,False,False,DISCOVERY
8K_7.01|LONG|H10|L1,10932,1232,1460,30,36,0.0032822757111597373,0.0013974084911603155,0.0014371772805507055,-0.004356946961958087,-0.0038594989119200094,-0.004389624091560851,-0.0068594989119200095,0.4703622392974753,0.09467540340837219,-0.006043514237235468,-0.0016749781485576004,False,-0.003972001636743433,-0.004187901810001947,-0.004347836279959831,4,"{'BOUND_LONG_MINUS100_SHORT_0': {'mean_sector_relative': -0.007129106683543903, 'mean_ge_2x_cost': False, 'sign_unchanged': True}, 'BOUND_MIRROR_LONG_0_SHORT_MINUS100': {'mean_sector_relative': -0.003846830972384167, 'mean_ge_2x_cost': False, 'sign_unchanged': True}}",8,-0.003804710249776837,True,True,False,True,True,True,True,False,False,DISCOVERY
8K_7.01|LONG|H10|L2,7949,1205,852,20,12,0.0015073483230749905,0.006595752969572042,0.005469262743382108,0.0006129048687687263,0.0013126366890036942,-0.0019018434582123156,-0.0006873633109963058,0.48697949427600956,0.2008719388525849,-0.002334685109867886,0.006782207040194739,False,-0.0007533773577728282,-0.0009852137264403085,-0.0011744376903762852,3,"{'BOUND_LONG_MINUS100_SHORT_0': {'mean_sector_relative': -0.00019669023478327243, 'mean_ge_2x_cost': False, 'sign_unchanged': False}, 'BOUND_MIRROR_LONG_0_SHORT_MINUS100': {'mean_sector_relative': 0.0013106580882917183, 'mean_ge_2x_cost': False, 'sign_unchanged': True}}",6,-0.0007167197640350142,True,True,False,False,False,False,True,False,False,DISCOVERY
8K_7.01|LONG|H10|L3,515,391,94,12,0,0.0,0.016283675596415963,0.006591403127410356,0.007839827353509844,0.007725688107145501,-0.0033517277259687006,0.006525688107145502,0.47766990291262135,0.24182669509682378,-0.009185625115522813,0.031978435559402274,False,-0.001827085421241346,-0.004725547586621512,-0.006780057762597422,2,"{'BOUND_LONG_MINUS100_SHORT_0': {'mean_sector_relative': 0.007725688107145501, 'mean_ge_2x_cost': True, 'sign_unchanged': True}, 'BOUND_MIRROR_LONG_0_SHORT_MINUS100': {'mean_sector_relative': 0.007725688107145501, 'mean_ge_2x_cost': True, 'sign_unchanged': True}}",1,-0.0018270854212413467,True,True,True,False,False,False,True,False,False,DISCOVERY
8K_7.01|SHORT|H0|L1,11018,1242,1473,30,0,0.0,0.00019385629314991334,-0.0,0.00038924849714216654,0.0004078771999383246,0.0003810278133301037,-0.0025921228000616754,0.5088945362134689,0.037630019100608064,-0.0004754475398341068,0.001278493780391085,False,0.0003760163284993538,0.0003221356678508901,0.000272608809692389,4,"{'BOUND_LONG_MINUS100_SHORT_0': {'mean_sector_relative': 0.0004078771999383246, 'mean_ge_2x_cost': False, 'sign_unchanged': True}, 'BOUND_MIRROR_LONG_0_SHORT_MINUS100': {'mean_sector_relative': 0.0004078771999383246, 'mean_ge_2x_cost': False, 'sign_unchanged': True}}",2,0.0004118081330355175,True,True,False,False,True,True,True,False,False,DISCOVERY
8K_7.01|SHORT|H0|L2,7993,1213,854,20,0,0.0,-0.00015869163201271544,-0.0,0.0005075093554261241,0.00042560778979044257,0.0007250940339487144,-0.0015743922102095574,0.5194545227073689,0.029591444457964453,-0.0002964249169644189,0.0011503023693084547,False,0.00037339920248367475,0.0002848252430560061,0.0002287415723481832,2,"{'BOUND_LONG_MINUS100_SHORT_0': {'mean_sector_relative': 0.00042560778979044257, 'mean_ge_2x_cost': False, 'sign_unchanged': True}, 'BOUND_MIRROR_LONG_0_SHORT_MINUS100': {'mean_sector_relative': 0.00042560778979044257, 'mean_ge_2x_cost': False, 'sign_unchanged': True}}",2,0.0005088552278959957,True,True,False,False,False,True,True,False,False,DISCOVERY
8K_7.01|SHORT|H0|L3,516,392,94,12,0,0.0,-0.0010538695722052268,-4.395218002806178e-05,-0.0007798990908940756,-0.0011373578197141035,0.00013867251305721418,-0.0023373578197141034,0.5038759689922481,0.05732146549405474,-0.00660551854697577,0.0031954570648981434,False,-0.0015849889308863503,-0.002394166587862273,-0.00282212540268017,3,"{'BOUND_LONG_MINUS100_SHORT_0': {'mean_sector_relative': -0.0011373578197141035, 'mean_ge_2x_cost': False, 'sign_unchanged': True}, 'BOUND_MIRROR_LONG_0_SHORT_MINUS100': {'mean_sector_relative': -0.0011373578197141035, 'mean_ge_2x_cost': False, 'sign_unchanged': True}}",1,0.0008735034727996199,True,True,False,False,False,True,True,False,False,DISCOVERY
8K_7.01|SHORT|H1|L1,11010,1241,1471,30,5,0.00045392646391284613,-6.436294856667462e-05,-0.0,0.0008707819478310093,0.0009968434174253262,0.000993025532401548,-0.002003156582574674,0.5134423251589464,0.05336007837356283,-0.00027917633746081316,0.002233077930050306,False,0.000955336557472865,0.0008814131183353817,0.0008113784236269063,5,"{'BOUND_LONG_MINUS100_SHORT_0': {'mean_sector_relative': 0.0009963909238177794, 'mean_ge_2x_cost': False, 'sign_unchanged': True}, 'BOUND_MIRROR_LONG_0_SHORT_MINUS100': {'mean_sector_relative': 0.0005424644599049332, 'mean_ge_2x_cost': False, 'sign_unchanged': True}}",4,0.0011899148824271912,True,True,False,False,True,True,True,False,False,DISCOVERY
8K_7.01|SHORT|H1|L2,7988,1212,854,20,4,0.0005005005005005005,-0.0006676253745538941,-0.0006612965965689943,0.0002819971684579911,0.0003101544139600432,0.0006003094045580748,-0.0016898455860399567,0.5105157736604907,0.042462406065680997,-0.0007229251641270518,0.0013714399835977166,False,0.0002616445811511178,0.00017343333605525626,9.517067220365896e-05,3,"{'BOUND_LONG_MINUS100_SHORT_0': {'mean_sector_relative': 0.00030999918152062377, 'mean_ge_2x_cost': False, 'sign_unchanged': True}, 'BOUND_MIRROR_LONG_0_SHORT_MINUS100': {'mean_sector_relative': -0.00019050131897987668, 'mean_ge_2x_cost': False, 'sign_unchanged': False}}",4,0.000552040782603329,True,True,False,False,False,True,True,False,False,DISCOVERY
8K_7.01|SHORT|H1|L3,516,392,94,12,0,0.0,-0.003227312041876847,0.0007704614319242742,-0.002725931053992235,-0.002752079168231913,0.0007410138402951794,-0.003952079168231913,0.5135658914728682,0.07753459242021998,-0.010109620650969913,0.0028602337756503137,False,-0.003146894420027583,-0.003854202205719925,-0.004488081895222794,3,"{'BOUND_LONG_MINUS100_SHORT_0': {'mean_sector_relative': -0.002752079168231913, 'mean_ge_2x_cost': False, 'sign_unchanged': True}, 'BOUND_MIRROR_LONG_0_SHORT_MINUS100': {'mean_sector_relative': -0.002752079168231913, 'mean_ge_2x_cost': False, 'sign_unchanged': True}}",1,4.1380029687606235e-05,True,True,False,False,False,True,True,False,False,DISCOVERY
8K_7.01|SHORT|H3|L1,10995,1239,1469,30,13,0.0011809593023255813,-0.0013787201859568922,-0.0004759638267490818,0.0006527270846428854,0.001034920660186234,0.0018906218313148315,-0.0019650793398137663,0.5178717598908594,0.07250440309754623,-0.0006961887573863391,0.0026844543128346967,False,0.0009817899098725142,0.0008927481703294352,0.0008116543718412854,3,"{'BOUND_LONG_MINUS100_SHORT_0': {'mean_sector_relative': 0.0010336984610054179, 'mean_ge_2x_cost': False, 'sign_unchanged': True}, 'BOUND_MIRROR_LONG_0_SHORT_MINUS100': {'mean_sector_relative': -0.00014726084132016365, 'mean_ge_2x_cost': False, 'sign_unchanged': False}}",4,0.0013508315065461577,True,True,False,False,False,True,True,False,False,DISCOVERY
8K_7.01|SHORT|H3|L2,7985,1212,853,20,7,0.0008758758758758759,-0.0023775227235108432,-0.0026048302613324026,-0.0001837988246964877,-1.6553332860486253e-05,0.0007501416533370886,-0.0020165533328604865,0.5100814026299311,0.05782116909686215,-0.0015869795889865103,0.0015541724841557274,False,-0.00013914052088881724,-0.00024825832221142736,-0.0003494147843595845,3,"{'BOUND_LONG_MINUS100_SHORT_0': {'mean_sector_relative': -1.653883419556874e-05, 'mean_ge_2x_cost': False, 'sign_unchanged': True}, 'BOUND_MIRROR_LONG_0_SHORT_MINUS100': {'mean_sector_relative': -0.0008924147100714445, 'mean_ge_2x_cost': False, 'sign_unchanged': True}}",5,1.7050985158071902e-05,True,True,False,False,False,True,True,False,False,DISCOVERY
8K_7.01|SHORT|H3|L3,516,392,94,12,0,0.0,-0.0054356814521607155,-0.00042105724802976585,-0.003356787689409381,-0.003879685674527156,0.0012235683335972691,-0.005079685674527156,0.5155038759689923,0.09775734690968386,-0.013068883753064588,0.003597930258431635,False,-0.004309592413050036,-0.005157892691784861,-0.0059224806306690135,3,"{'BOUND_LONG_MINUS100_SHORT_0': {'mean_sector_relative': -0.003879685674527156, 'mean_ge_2x_cost': False, 'sign_unchanged': True}, 'BOUND_MIRROR_LONG_0_SHORT_MINUS100': {'mean_sector_relative': -0.003879685674527156, 'mean_ge_2x_cost': False, 'sign_unchanged': True}}",1,-0.0006167590452924143,True,True,False,False,False,True,True,False,False,DISCOVERY
8K_7.01|SHORT|H5|L1,10983,1237,1467,30,16,0.001454677697972543,-0.0017034267989310557,-0.0008936550491509543,0.0017501571503795584,0.0017493740636907672,0.00295336428831261,-0.0012506259363092328,0.5241737230264955,0.0788191486182624,-0.00019357130203629915,0.0036345306765946986,False,0.0016993287693133617,0.001603668239690432,0.0015128396612634457,4,"{'BOUND_LONG_MINUS100_SHORT_0': {'mean_sector_relative': 0.0017468292882549046, 'mean_ge_2x_cost': False, 'sign_unchanged': True}, 'BOUND_MIRROR_LONG_0_SHORT_MINUS100': {'mean_sector_relative': 0.0002921515902823617, 'mean_ge_2x_cost': False, 'sign_unchanged': True}}",5,0.0019314090240806789,True,True,False,False,True,True,True,False,False,DISCOVERY
8K_7.01|SHORT|H5|L2,7980,1210,853,20,9,0.0011265490048817123,-0.002123268088753473,-0.0035527193265965096,0.0010199643926827758,0.0009907272270673294,0.001196585447802545,-0.0010092727729326706,0.5129072681704261,0.0660679736790785,-0.000794814714466864,0.002770541352974916,False,0.0008727409473327954,0.0007497988435400894,0.0006448289232607578,3,"{'BOUND_LONG_MINUS100_SHORT_0': {'mean_sector_relative': 0.0009896111242955676, 'mean_ge_2x_cost': False, 'sign_unchanged': True}, 'BOUND_MIRROR_LONG_0_SHORT_MINUS100': {'mean_sector_relative': -0.00013693788058614508, 'mean_ge_2x_cost': False, 'sign_unchanged': False}}",5,0.0009620773662964101,True,True,False,False,False,True,True,False,False,DISCOVERY
8K_7.01|SHORT|H5|L3,516,392,94,12,0,0.0,-0.004284840846819207,-0.00187375459521677,-0.0007012572891757453,-0.0015371431944210543,0.002653172970310813,-0.002737143194421054,0.5368217054263565,0.10799017148696069,-0.011750900317121815,0.007070071811401806,False,-0.0021297416438300952,-0.003224505830901154,-0.004165715551283455,3,"{'BOUND_LONG_MINUS100_SHORT_0': {'mean_sector_relative': -0.0015371431944210543, 'mean_ge_2x_cost': False, 'sign_unchanged': True}, 'BOUND_MIRROR_LONG_0_SHORT_MINUS100': {'mean_sector_relative': -0.0015371431944210543, 'mean_ge_2x_cost': False, 'sign_unchanged': True}}",1,0.0019357024369925423,True,True,False,False,False,True,True,False,False,DISCOVERY
8K_7.01|SHORT|H10|L1,10932,1232,1460,30,36,0.0032822757111597373,-0.0013974084911603155,-0.0014371772805507055,0.004356946961958087,0.0038594989119200094,0.004389624091560851,0.0008594989119200093,0.5296377607025247,0.09467540340837219,0.0016749781485576002,0.006043514237235468,False,0.003785287823589261,0.0036542672170081837,0.0035473604728550982,4,"{'BOUND_LONG_MINUS100_SHORT_0': {'mean_sector_relative': 0.003846830972384167, 'mean_ge_2x_cost': False, 'sign_unchanged': True}, 'BOUND_MIRROR_LONG_0_SHORT_MINUS100': {'mean_sector_relative': 0.0005645552612244292, 'mean_ge_2x_cost': False, 'sign_unchanged': True}}",8,0.003804710249776837,True,True,False,True,True,True,True,False,False,DISCOVERY
8K_7.01|SHORT|H10|L2,7949,1205,852,20,12,0.0015073483230749905,-0.006595752969572042,-0.005469262743382108,-0.0006129048687687263,-0.0013126366890036942,0.0019018434582123156,-0.0033126366890036943,0.5130205057239905,0.2008719388525849,-0.006782207040194741,0.0023346851098678856,False,-0.0014291144529535978,-0.0015791598735826102,-0.0017119911805721978,3,"{'BOUND_LONG_MINUS100_SHORT_0': {'mean_sector_relative': -0.0013106580882917183, 'mean_ge_2x_cost': False, 'sign_unchanged': True}, 'BOUND_MIRROR_LONG_0_SHORT_MINUS100': {'mean_sector_relative': -0.0028180064113667086, 'mean_ge_2x_cost': False, 'sign_unchanged': True}}",6,0.0007167197640350142,True,True,False,False,False,True,True,False,False,DISCOVERY
8K_7.01|SHORT|H10|L3,515,391,94,12,0,0.0,-0.016283675596415963,-0.006591403127410356,-0.007839827353509844,-0.007725688107145501,0.0033517277259687006,-0.008925688107145502,0.5223300970873787,0.24182669509682378,-0.031978435559402274,0.00918562511552281,False,-0.008595109062186558,-0.009978149380055451,-0.01118789086732629,2,"{'BOUND_LONG_MINUS100_SHORT_0': {'mean_sector_relative': -0.007725688107145501, 'mean_ge_2x_cost': False, 'sign_unchanged': True}, 'BOUND_MIRROR_LONG_0_SHORT_MINUS100': {'mean_sector_relative': -0.007725688107145501, 'mean_ge_2x_cost': False, 'sign_unchanged': True}}",1,0.0018270854212413467,True,True,False,False,False,True,True,False,False,DISCOVERY
8K_8.01|LONG|H0|L1,9601,1243,1617,30,0,0.0,-0.00048344283152510495,0.0,-0.0008197675953071427,-0.0007210684491083021,-0.0005770301530900745,-0.0037210684491083023,0.4888032496614936,0.036842500199558516,-0.0015306873253947539,0.00010788241035585639,False,-0.000764500971662064,-0.0008481774893589935,-0.0009199140481522645,4,"{'BOUND_LONG_MINUS100_SHORT_0': {'mean_sector_relative': -0.0007210684491083021, 'mean_ge_2x_cost': False, 'sign_unchanged': True}, 'BOUND_MIRROR_LONG_0_SHORT_MINUS100': {'mean_sector_relative': -0.0007210684491083021, 'mean_ge_2x_cost': False, 'sign_unchanged': True}}",9,-0.0006551030964983855,True,True,False,False,True,True,True,False,False,DISCOVERY
8K_8.01|LONG|H0|L2,8146,1229,953,20,0,0.0,-0.0002632115312508673,0.0,-0.0008067602991500284,-0.0007564107052803741,-0.0006478010683025337,-0.002756410705280374,0.48269089123496195,0.030329283437496204,-0.0014617697097758597,-5.965122343085254e-05,False,-0.0008848728030743704,-0.0009641527462119138,-0.0010348559121495403,4,"{'BOUND_LONG_MINUS100_SHORT_0': {'mean_sector_relative': -0.0007564107052803741, 'mean_ge_2x_cost': False, 'sign_unchanged': True}, 'BOUND_MIRROR_LONG_0_SHORT_MINUS100': {'mean_sector_relative': -0.0007564107052803741, 'mean_ge_2x_cost': False, 'sign_unchanged': True}}",4,-0.0009372644793570424,True,True,False,True,True,True,True,False,False,DISCOVERY
8K_8.01|LONG|H0|L3,839,569,117,12,0,0.0,-0.00092200585508521,-0.0006837606837606369,-0.001740517424634109,-0.0015191357463840403,-0.0016932868561303493,-0.00271913574638404,0.4505363528009535,0.03567597445946192,-0.003777225943984594,0.0011041096747778719,False,-0.0023170226201571008,-0.002865072961424231,-0.003230089394691862,4,"{'BOUND_LONG_MINUS100_SHORT_0': {'mean_sector_relative': -0.0015191357463840403, 'mean_ge_2x_cost': False, 'sign_unchanged': True}, 'BOUND_MIRROR_LONG_0_SHORT_MINUS100': {'mean_sector_relative': -0.0015191357463840403, 'mean_ge_2x_cost': False, 'sign_unchanged': True}}",1,-0.0023170226201571,True,True,False,False,True,True,True,False,False,DISCOVERY
8K_8.01|LONG|H1|L1,9581,1242,1613,30,16,0.001667187662811295,0.0005092488176988371,0.0003500175008750439,-0.0004719330646788581,-0.00029337060647424066,-0.0007556579891940807,-0.003293370606474241,0.48846675712347354,0.059981885805635286,-0.0016141002464552113,0.0010798539699389878,False,-0.0006112221364072469,-0.0007387272218436711,-0.0008488534738355999,2,"{'BOUND_LONG_MINUS100_SHORT_0': {'mean_sector_relative': -0.0019600691654297906, 'mean_ge_2x_cost': False, 'sign_unchanged': True}, 'BOUND_MIRROR_LONG_0_SHORT_MINUS100': {'mean_sector_relative': -0.00029288150261849537, 'mean_ge_2x_cost': False, 'sign_unchanged': True}}",10,-0.0005545500967158417,True,True,False,False,False,True,True,False,False,DISCOVERY
8K_8.01|LONG|H1|L2,8135,1228,952,20,10,0.0012277470841006752,2.170339421386655e-05,0.00034883720930234396,-0.0010831724615289462,-0.0011261188250763978,-0.0008273168581018897,-0.0031261188250763976,0.48199139520590045,0.04273890943225442,-0.002108157232995552,-0.00012701500812483787,False,-0.0012178060450579267,-0.0013858217538324444,-0.001496432560464703,4,"{'BOUND_LONG_MINUS100_SHORT_0': {'mean_sector_relative': -0.0023524833200732347, 'mean_ge_2x_cost': False, 'sign_unchanged': True}, 'BOUND_MIRROR_LONG_0_SHORT_MINUS100': {'mean_sector_relative': -0.0011247362359725595, 'mean_ge_2x_cost': False, 'sign_unchanged': True}}",4,-0.0013840472236183016,True,True,False,True,True,True,True,False,False,DISCOVERY
8K_8.01|LONG|H1|L3,839,569,117,12,0,0.0,0.0004868403177268674,-0.00046605561597024003,-0.001013135345842932,-0.0013134612986805837,-0.0013930935999240113,-0.0025134612986805836,0.47437425506555425,0.04526273580154526,-0.004429136614278457,0.0020122091322489076,False,-0.0018404662676495163,-0.002712118374455792,-0.003321156457154941,4,"{'BOUND_LONG_MINUS100_SHORT_0': {'mean_sector_relative': -0.0013134612986805837, 'mean_ge_2x_cost': False, 'sign_unchanged': True}, 'BOUND_MIRROR_LONG_0_SHORT_MINUS100': {'mean_sector_relative': -0.0013134612986805837, 'mean_ge_2x_cost': False, 'sign_unchanged': True}}",1,-0.0017589816303638416,True,True,False,False,True,True,True,False,False,DISCOVERY
8K_8.01|LONG|H3|L1,9550,1240,1608,30,42,0.004378648874061718,0.0025287754573516986,0.0010547410728032336,9.528321152057996e-05,0.00027087476455038854,-0.0012504634825074579,-0.0027291252354496114,0.48712041884816754,0.0751940932707661,-0.001448307143295153,0.002041907249120692,False,-4.8256184205090634e-05,-0.00025734098591769774,-0.0004064540773793087,3,"{'BOUND_LONG_MINUS100_SHORT_0': {'mean_sector_relative': -0.00410896017499414, 'mean_ge_2x_cost': False, 'sign_unchanged': False}, 'BOUND_MIRROR_LONG_0_SHORT_MINUS100': {'mean_sector_relative': 0.00026968869906757826, 'mean_ge_2x_cost': False, 'sign_unchanged': True}}",12,-0.0001411542591961352,True,True,False,False,False,False,True,False,False,DISCOVERY
8K_8.01|LONG|H3|L2,8116,1225,951,20,25,0.0030708758137820906,0.0016648880883015846,0.0019210531420720267,-0.0009340561894487742,-0.0009210823644588296,-0.0008850661316303632,-0.0029210823644588296,0.48767865943814687,0.05676583622356096,-0.002253466238348034,0.0003903804034448092,False,-0.0010210513092449205,-0.0012041569547346237,-0.0013554559929548488,4,"{'BOUND_LONG_MINUS100_SHORT_0': {'mean_sector_relative': -0.003989129648685402, 'mean_ge_2x_cost': False, 'sign_unchanged': True}, 'BOUND_MIRROR_LONG_0_SHORT_MINUS100': {'mean_sector_relative': -0.0009182538349033116, 'mean_ge_2x_cost': False, 'sign_unchanged': True}}",4,-0.0011347272341587459,True,True,False,False,True,True,True,False,False,DISCOVERY
8K_8.01|LONG|H3|L3,838,568,116,12,1,0.0011918951132300357,0.0016222182553765555,0.0028110024027323544,-0.0027261481313416475,-0.0029082089171423957,-0.0026417688290344965,-0.004108208917142395,0.45704057279236276,0.06551857920474442,-0.007405051982076153,0.001808459402918674,False,-0.004010113089361143,-0.005231244617045854,-0.006033780602655239,5,"{'BOUND_LONG_MINUS100_SHORT_0': {'mean_sector_relative': -0.004096637750375837, 'mean_ge_2x_cost': False, 'sign_unchanged': True}, 'BOUND_MIRROR_LONG_0_SHORT_MINUS100': {'mean_sector_relative': -0.002904742637145802, 'mean_ge_2x_cost': False, 'sign_unchanged': True}}",1,-0.0034629758284850554,True,True,False,False,True,True,True,False,False,DISCOVERY
8K_8.01|LONG|H5|L1,9524,1238,1603,30,59,0.006156735886465616,0.002184101587849068,0.0012870015238627408,-0.0016590638901346133,-0.0012607212563604067,-0.0019509698842440915,-0.004260721256360407,0.4830953380932381,0.08429998199637107,-0.003201549380633043,0.0007099528801979019,False,-0.0015740392499184557,-0.001800538258060011,-0.0019614463646722476,3,"{'BOUND_LONG_MINUS100_SHORT_0': {'mean_sector_relative': -0.007409695215024157, 'mean_ge_2x_cost': False, 'sign_unchanged': True}, 'BOUND_MIRROR_LONG_0_SHORT_MINUS100': {'mean_sector_relative': -0.0012529593285585427, 'mean_ge_2x_cost': False, 'sign_unchanged': True}}",12,-0.0016635981567815325,True,True,False,False,False,True,True,False,False,DISCOVERY
8K_8.01|LONG|H5|L2,8098,1223,950,20,35,0.004303455059633592,0.0031297846698539735,0.0025758544837232167,-0.0007715973512048648,-0.0007499710668046976,-0.001248466797563963,-0.0027499710668046976,0.4862929118300815,0.06906312701258646,-0.0024029769049675235,0.0009206367712068089,False,-0.0008835373314740635,-0.00113800599309083,-0.0013506331857137293,4,"{'BOUND_LONG_MINUS100_SHORT_0': {'mean_sector_relative': -0.005050198659656271, 'mean_ge_2x_cost': False, 'sign_unchanged': True}, 'BOUND_MIRROR_LONG_0_SHORT_MINUS100': {'mean_sector_relative': -0.0007467436000226785, 'mean_ge_2x_cost': False, 'sign_unchanged': True}}",4,-0.0009641404563277548,True,True,False,False,True,True,True,False,False,DISCOVERY
8K_8.01|LONG|H5|L3,838,568,116,12,1,0.0011918951132300357,0.0037072894407453455,0.0016252648167013328,-0.0016328696257437005,-0.0013356356891695877,-0.00271437334817598,-0.0025356356891695873,0.4594272076372315,0.14355473864619347,-0.009564668555110034,0.010052461858317934,False,-0.00563323616489977,-0.007348055280791573,-0.008097958611336336,3,"{'BOUND_LONG_MINUS100_SHORT_0': {'mean_sector_relative': -0.0025259388647486465, 'mean_ge_2x_cost': False, 'sign_unchanged': True}, 'BOUND_MIRROR_LONG_0_SHORT_MINUS100': {'mean_sector_relative': -0.0013340437515186106, 'mean_ge_2x_cost': False, 'sign_unchanged': True}}",2,-0.006013103134606958,True,True,False,False,False,True,True,False,False,DISCOVERY
8K_8.01|LONG|H10|L1,9432,1232,1591,30,122,0.012769520619635755,0.005636195626222909,0.0045185837539925,-0.0017783062217653237,-0.0009617471434604595,-0.0032466832480150254,-0.0039617471434604595,0.47900763358778625,0.10503145137577988,-0.0032764118570868857,0.0013687491852544334,False,-0.0012536600008636704,-0.001681657210080622,-0.0018769946279153186,2,"{'BOUND_LONG_MINUS100_SHORT_0': {'mean_sector_relative': -0.013718986713116917, 'mean_ge_2x_cost': False, 'sign_unchanged': True}, 'BOUND_MIRROR_LONG_0_SHORT_MINUS100': {'mean_sector_relative': -0.0009494660934811656, 'mean_ge_2x_cost': False, 'sign_unchanged': True}}",14,-0.0013658728726166159,True,True,False,False,False,True,True,False,False,DISCOVERY
8K_8.01|LONG|H10|L2,8042,1218,944,20,67,0.008262424466642002,0.00670137706338279,0.006558978701646345,-0.0013123956699050295,-0.0010648329476832651,-0.0021483853646917517,-0.003064832947683265,0.4829644367072867,0.0902656092528812,-0.0032719791228983616,0.0011171353737031962,False,-0.0013181206851337387,-0.0016362259221245224,-0.0018927650001776689,3,"{'BOUND_LONG_MINUS100_SHORT_0': {'mean_sector_relative': -0.009318459312525442, 'mean_ge_2x_cost': False, 'sign_unchanged': True}, 'BOUND_MIRROR_LONG_0_SHORT_MINUS100': {'mean_sector_relative': -0.0010560348458834399, 'mean_ge_2x_cost': False, 'sign_unchanged': True}}",5,-0.001174934351365847,True,True,False,False,False,True,True,False,False,DISCOVERY
8K_8.01|LONG|H10|L3,835,565,116,12,2,0.0023894862604540022,0.007441261345105747,0.006879832263137153,-0.004440277123491065,-0.0037821993051575576,-0.0041021810620933685,-0.004982199305157558,0.45269461077844314,0.12232146427961436,-0.011543861029870015,0.005322580330854649,False,-0.006930604827002914,-0.008625557199448904,-0.009773740303640387,2,"{'BOUND_LONG_MINUS100_SHORT_0': {'mean_sector_relative': -0.006162648052337586, 'mean_ge_2x_cost': False, 'sign_unchanged': True}, 'BOUND_MIRROR_LONG_0_SHORT_MINUS100': {'mean_sector_relative': -0.003773161791883585, 'mean_ge_2x_cost': False, 'sign_unchanged': True}}",2,-0.0074990135538286875,True,True,False,False,False,True,True,False,False,DISCOVERY
8K_8.01|SHORT|H0|L1,9601,1243,1617,30,0,0.0,0.00048344283152510495,-0.0,0.0008197675953071427,0.0007210684491083021,0.0005770301530900745,-0.002278931550891698,0.5111967503385064,0.036842500199558516,-0.00010788241035585643,0.0015306873253947537,False,0.0006699878862758253,0.0005854261783146496,0.0005136401617586975,4,"{'BOUND_LONG_MINUS100_SHORT_0': {'mean_sector_relative': 0.0007210684491083021, 'mean_ge_2x_cost': False, 'sign_unchanged': True}, 'BOUND_MIRROR_LONG_0_SHORT_MINUS100': {'mean_sector_relative': 0.0007210684491083021, 'mean_ge_2x_cost': False, 'sign_unchanged': True}}",9,0.0006551030964983855,True,True,False,False,True,True,True,False,False,DISCOVERY
8K_8.01|SHORT|H0|L2,8146,1229,953,20,0,0.0,0.0002632115312508673,-0.0,0.0008067602991500284,0.0007564107052803741,0.0006478010683025337,-0.001243589294719626,0.5173091087650381,0.030329283437496204,5.9651223430852496e-05,0.0014617697097758597,False,0.0007072161805131728,0.000613919340481254,0.0005407001475289504,4,"{'BOUND_LONG_MINUS100_SHORT_0': {'mean_sector_relative': 0.0007564107052803741, 'mean_ge_2x_cost': False, 'sign_unchanged': True}, 'BOUND_MIRROR_LONG_0_SHORT_MINUS100': {'mean_sector_relative': 0.0007564107052803741, 'mean_ge_2x_cost': False, 'sign_unchanged': True}}",4,0.0009372644793570424,True,True,False,True,True,True,True,False,False,DISCOVERY
8K_8.01|SHORT|H0|L3,839,569,117,12,0,0.0,0.00092200585508521,0.0006837606837606369,0.001740517424634109,0.0015191357463840403,0.0016932868561303493,0.0003191357463840404,0.5494636471990465,0.03567597445946192,-0.001104109674777872,0.0037772259439845936,False,0.001258428509595149,0.0008583567680760813,0.0006237299212123748,4,"{'BOUND_LONG_MINUS100_SHORT_0': {'mean_sector_relative': 0.0015191357463840403, 'mean_ge_2x_cost': False, 'sign_unchanged': True}, 'BOUND_MIRROR_LONG_0_SHORT_MINUS100': {'mean_sector_relative': 0.0015191357463840403, 'mean_ge_2x_cost': False, 'sign_unchanged': True}}",1,0.0023170226201571,True,True,False,False,True,True,True,False,False,DISCOVERY
8K_8.01|SHORT|H1|L1,9581,1242,1613,30,16,0.001667187662811295,-0.0005092488176988371,-0.0003500175008750439,0.0004719330646788581,0.00029337060647424066,0.0007556579891940807,-0.002706629393525759,0.5115332428765265,0.059981885805635286,-0.0010798539699389885,0.001614100246455211,False,0.00022706034228808312,0.0001381170814678171,6.207838457315248e-05,2,"{'BOUND_LONG_MINUS100_SHORT_0': {'mean_sector_relative': 0.00029288150261849537, 'mean_ge_2x_cost': False, 'sign_unchanged': True}, 'BOUND_MIRROR_LONG_0_SHORT_MINUS100': {'mean_sector_relative': -0.0013743061601928, 'mean_ge_2x_cost': False, 'sign_unchanged': False}}",10,0.0005545500967158417,True,True,False,False,False,True,True,False,False,DISCOVERY
8K_8.01|SHORT|H1|L2,8135,1228,952,20,10,0.0012277470841006752,-2.170339421386655e-05,-0.00034883720930234396,0.0010831724615289462,0.0011261188250763978,0.0008273168581018897,-0.0008738811749236023,0.5180086047940996,0.04273890943225442,0.00012701500812483784,0.002108157232995552,False,0.0010614858041037,0.0009419009123709387,0.000833337618129503,4,"{'BOUND_LONG_MINUS100_SHORT_0': {'mean_sector_relative': 0.0011247362359725595, 'mean_ge_2x_cost': False, 'sign_unchanged': True}, 'BOUND_MIRROR_LONG_0_SHORT_MINUS100': {'mean_sector_relative': -0.00010301084812811582, 'mean_ge_2x_cost': False, 'sign_unchanged': False}}",4,0.0013840472236183016,True,True,False,True,True,True,True,False,False,DISCOVERY
8K_8.01|SHORT|H1|L3,839,569,117,12,0,0.0,-0.0004868403177268674,0.00046605561597024003,0.001013135345842932,0.0013134612986805837,0.0013930935999240113,0.00011346129868058377,0.5256257449344458,0.04526273580154526,-0.002012209132248908,0.004429136614278457,False,0.0010385824041602174,0.0005381692944462413,0.00010750940893213226,4,"{'BOUND_LONG_MINUS100_SHORT_0': {'mean_sector_relative': 0.0013134612986805837, 'mean_ge_2x_cost': False, 'sign_unchanged': True}, 'BOUND_MIRROR_LONG_0_SHORT_MINUS100': {'mean_sector_relative': 0.0013134612986805837, 'mean_ge_2x_cost': False, 'sign_unchanged': True}}",1,0.0017589816303638416,True,True,False,False,True,True,True,False,False,DISCOVERY
8K_8.01|SHORT|H3|L1,9550,1240,1608,30,42,0.004378648874061718,-0.0025287754573516986,-0.0010547410728032336,-9.528321152057996e-05,-0.00027087476455038854,0.0012504634825074579,-0.0032708747645503887,0.5128795811518324,0.0751940932707661,-0.002041907249120692,0.0014483071432951527,False,-0.0003405183884206895,-0.0004427192134990712,-0.0005344756150827994,3,"{'BOUND_LONG_MINUS100_SHORT_0': {'mean_sector_relative': -0.00026968869906757826, 'mean_ge_2x_cost': False, 'sign_unchanged': True}, 'BOUND_MIRROR_LONG_0_SHORT_MINUS100': {'mean_sector_relative': -0.004648337573129296, 'mean_ge_2x_cost': False, 'sign_unchanged': True}}",12,0.0001411542591961352,True,True,False,False,False,True,True,False,False,DISCOVERY
8K_8.01|SHORT|H3|L2,8116,1225,951,20,25,0.0030708758137820906,-0.0016648880883015846,-0.0019210531420720267,0.0009340561894487742,0.0009210823644588296,0.0008850661316303632,-0.0010789176355411705,0.5123213405618531,0.05676583622356096,-0.00039038040344480964,0.002253466238348034,False,0.0008545592599819065,0.000735320009316438,0.0006256813218321834,4,"{'BOUND_LONG_MINUS100_SHORT_0': {'mean_sector_relative': 0.0009182538349033116, 'mean_ge_2x_cost': False, 'sign_unchanged': True}, 'BOUND_MIRROR_LONG_0_SHORT_MINUS100': {'mean_sector_relative': -0.002152621978878779, 'mean_ge_2x_cost': False, 'sign_unchanged': False}}",4,0.0011347272341587459,True,True,False,False,True,True,True,False,False,DISCOVERY
8K_8.01|SHORT|H3|L3,838,568,116,12,1,0.0011918951132300357,-0.0016222182553765555,-0.0028110024027323544,0.0027261481313416475,0.0029082089171423957,0.0026417688290344965,0.0017082089171423958,0.5429594272076372,0.06551857920474442,-0.001808459402918676,0.007405051982076152,False,0.002445988275397672,0.0017997059471938455,0.0012911160658974556,5,"{'BOUND_LONG_MINUS100_SHORT_0': {'mean_sector_relative': 0.002904742637145802, 'mean_ge_2x_cost': True, 'sign_unchanged': True}, 'BOUND_MIRROR_LONG_0_SHORT_MINUS100': {'mean_sector_relative': 0.0017128475239157658, 'mean_ge_2x_cost': False, 'sign_unchanged': True}}",1,0.0034629758284850554,True,True,True,False,True,True,True,False,False,DISCOVERY
8K_8.01|SHORT|H5|L1,9524,1238,1603,30,59,0.006156735886465616,-0.002184101587849068,-0.0012870015238627408,0.0016590638901346133,0.0012607212563604067,0.0019509698842440915,-0.0017392787436395934,0.5169046619067619,0.08429998199637107,-0.0007099528801979025,0.003201549380633043,False,0.0011898617658185398,0.0010615088512895975,0.0009542118363857307,3,"{'BOUND_LONG_MINUS100_SHORT_0': {'mean_sector_relative': 0.0012529593285585427, 'mean_ge_2x_cost': False, 'sign_unchanged': True}, 'BOUND_MIRROR_LONG_0_SHORT_MINUS100': {'mean_sector_relative': -0.004903776557907073, 'mean_ge_2x_cost': False, 'sign_unchanged': False}}",12,0.0016635981567815325,True,True,False,False,False,True,True,False,False,DISCOVERY
8K_8.01|SHORT|H5|L2,8098,1223,950,20,35,0.004303455059633592,-0.0031297846698539735,-0.0025758544837232167,0.0007715973512048648,0.0007499710668046976,0.001248466797563963,-0.0012500289331953025,0.5137070881699185,0.06906312701258646,-0.0009206367712068092,0.002402976904967523,False,0.0006781725873691405,0.0005508986672578615,0.0004335538789294224,4,"{'BOUND_LONG_MINUS100_SHORT_0': {'mean_sector_relative': 0.0007467436000226785, 'mean_ge_2x_cost': False, 'sign_unchanged': True}, 'BOUND_MIRROR_LONG_0_SHORT_MINUS100': {'mean_sector_relative': -0.0035567114596109137, 'mean_ge_2x_cost': False, 'sign_unchanged': False}}",4,0.0009641404563277548,True,True,False,False,True,True,True,False,False,DISCOVERY
8K_8.01|SHORT|H5|L3,838,568,116,12,1,0.0011918951132300357,-0.0037072894407453455,-0.0016252648167013328,0.0016328696257437005,0.0013356356891695877,0.00271437334817598,0.00013563568916958777,0.5405727923627685,0.14355473864619347,-0.010052461858317936,0.009564668555110034,False,0.0006745542279149578,-0.0001501222203713824,-0.0008941567204521732,3,"{'BOUND_LONG_MINUS100_SHORT_0': {'mean_sector_relative': 0.0013340437515186106, 'mean_ge_2x_cost': False, 'sign_unchanged': True}, 'BOUND_MIRROR_LONG_0_SHORT_MINUS100': {'mean_sector_relative': 0.00014214863828857494, 'mean_ge_2x_cost': False, 'sign_unchanged': True}}",2,0.006013103134606958,True,True,False,False,False,False,True,False,False,DISCOVERY
8K_8.01|SHORT|H10|L1,9432,1232,1591,30,122,0.012769520619635755,-0.005636195626222909,-0.0045185837539925,0.0017783062217653237,0.0009617471434604595,0.0032466832480150254,-0.0020382528565395406,0.5209923664122137,0.10503145137577988,-0.0013687491852544336,0.0032764118570868857,False,0.0008922478558337343,0.0007659520964802799,0.0006554264625718535,2,"{'BOUND_LONG_MINUS100_SHORT_0': {'mean_sector_relative': 0.0009494660934811656, 'mean_ge_2x_cost': False, 'sign_unchanged': True}, 'BOUND_MIRROR_LONG_0_SHORT_MINUS100': {'mean_sector_relative': -0.01182005452615459, 'mean_ge_2x_cost': False, 'sign_unchanged': False}}",14,0.0013658728726166159,True,True,False,False,False,True,True,False,False,DISCOVERY
8K_8.01|SHORT|H10|L2,8042,1218,944,20,67,0.008262424466642002,-0.00670137706338279,-0.006558978701646345,0.0013123956699050295,0.0010648329476832651,0.0021483853646917517,-0.0009351670523167349,0.5170355632927133,0.0902656092528812,-0.0011171353737031962,0.0032719791228983616,False,0.0009903363134068338,0.000851972292233765,0.0007224850000734625,3,"{'BOUND_LONG_MINUS100_SHORT_0': {'mean_sector_relative': 0.0010560348458834399, 'mean_ge_2x_cost': False, 'sign_unchanged': True}, 'BOUND_MIRROR_LONG_0_SHORT_MINUS100': {'mean_sector_relative': -0.007206389620758563, 'mean_ge_2x_cost': False, 'sign_unchanged': False}}",5,0.001174934351365847,True,True,False,False,False,True,True,False,False,DISCOVERY
8K_8.01|SHORT|H10|L3,835,565,116,12,2,0.0023894862604540022,-0.007441261345105747,-0.006879832263137153,0.004440277123491065,0.0037821993051575576,0.0041021810620933685,0.0025821993051575575,0.5473053892215569,0.12232146427961436,-0.005322580330854649,0.011543861029870015,False,0.003001558198334323,0.0020486258943382407,0.0013484624847081138,2,"{'BOUND_LONG_MINUS100_SHORT_0': {'mean_sector_relative': 0.003773161791883585, 'mean_ge_2x_cost': True, 'sign_unchanged': True}, 'BOUND_MIRROR_LONG_0_SHORT_MINUS100': {'mean_sector_relative': 0.0013836755314295818, 'mean_ge_2x_cost': False, 'sign_unchanged': True}}",2,0.0074990135538286875,True,True,True,False,False,True,True,False,False,DISCOVERY
FORM4_CLUSTER|LONG|H0|L1,1059,594,484,30,0,0.0,0.003667067431707111,0.0024898143956542107,0.0025466768177449203,0.002769495889090932,0.001761204545870254,-0.00023050411090906825,0.5391879131255902,0.0437832518984951,-0.0011036110261229688,0.006631396330000492,False,0.0022166967203551685,0.0016412234714293936,0.0012708249534156666,5,"{'BOUND_LONG_MINUS100_SHORT_0': {'mean_sector_relative': 0.002769495889090932, 'mean_ge_2x_cost': False, 'sign_unchanged': True}, 'BOUND_MIRROR_LONG_0_SHORT_MINUS100': {'mean_sector_relative': 0.002769495889090932, 'mean_ge_2x_cost': False, 'sign_unchanged': True}}",0,,True,True,False,False,True,True,True,False,False,KNOWN_UNSUPPORTED_BASELINE
FORM4_CLUSTER|LONG|H0|L2,522,368,259,20,0,0.0,0.0016390570891478746,0.0011655424068418574,0.00025191451024793944,0.0003922206910213457,7.530445077535974e-05,-0.0016077793089786544,0.5019157088122606,0.044962712267364244,-0.003242253886235685,0.004487298443208327,False,-0.0009885629045961978,-0.0016250754501484575,-0.0020341091257808914,4,"{'BOUND_LONG_MINUS100_SHORT_0': {'mean_sector_relative': 0.0003922206910213457, 'mean_ge_2x_cost': False, 'sign_unchanged': True}, 'BOUND_MIRROR_LONG_0_SHORT_MINUS100': {'mean_sector_relative': 0.0003922206910213457, 'mean_ge_2x_cost': False, 'sign_unchanged': True}}",0,,True,True,False,False,True,False,True,False,False,KNOWN_UNSUPPORTED_BASELINE
FORM4_CLUSTER|LONG|H0|L3,41,40,24,12,0,0.0,0.0005473075293620863,-0.0028846153846153744,0.0006808500993493347,0.0003989024173310306,0.0008547874830759916,-0.0008010975826689692,0.5853658536585366,0.017059831873989767,-0.004659699500155312,0.005664521293599954,False,-0.0006409467474114694,-0.002468464829192464,-0.0038542091986156243,0,"{'BOUND_LONG_MINUS100_SHORT_0': {'mean_sector_relative': 0.0003989024173310306, 'mean_ge_2x_cost': False, 'sign_unchanged': True}, 'BOUND_MIRROR_LONG_0_SHORT_MINUS100': {'mean_sector_relative': 0.0003989024173310306, 'mean_ge_2x_cost': False, 'sign_unchanged': True}}",0,,False,False,False,False,False,False,True,False,False,KNOWN_UNSUPPORTED_BASELINE
FORM4_CLUSTER|LONG|H1|L1,1059,594,484,30,0,0.0,7.128677046497513e-05,0.0021394187912282536,-0.0003433371071693963,0.00045725789810266383,0.0011498283515907204,-0.0025427421018973362,0.5165250236071766,0.06395606217082674,-0.006341378564249971,0.006843050836576264,False,-3.7487459623589435e-05,-0.0008097685579781942,-0.0012749308791324915,4,"{'BOUND_LONG_MINUS100_SHORT_0': {'mean_sector_relative': 0.00045725789810266383, 'mean_ge_2x_cost': False, 'sign_unchanged': True}, 'BOUND_MIRROR_LONG_0_SHORT_MINUS100': {'mean_sector_relative': 0.00045725789810266383, 'mean_ge_2x_cost': False, 'sign_unchanged': True}}",0,,True,True,False,False,True,False,True,False,False,KNOWN_UNSUPPORTED_BASELINE
FORM4_CLUSTER|LONG|H1|L2,521,367,259,20,0,0.0,-0.0007190401790560688,0.0007385524372229835,-0.0008519180898078438,-0.00022173962340876101,-0.0018907113309611923,-0.002221739623408761,0.4740882917466411,0.06613236638699693,-0.0064399152805770295,0.005904557606355487,False,-0.0016940547934970514,-0.0031682464775890018,-0.003996493685991132,3,"{'BOUND_LONG_MINUS100_SHORT_0': {'mean_sector_relative': -0.00022173962340876101, 'mean_ge_2x_cost': False, 'sign_unchanged': True}, 'BOUND_MIRROR_LONG_0_SHORT_MINUS100': {'mean_sector_relative': -0.00022173962340876101, 'mean_ge_2x_cost': False, 'sign_unchanged': True}}",0,,True,True,False,False,False,True,True,False,False,KNOWN_UNSUPPORTED_BASELINE
FORM4_CLUSTER|LONG|H1|L3,41,40,24,12,0,0.0,0.005978083800543156,0.0042175840813236665,0.003991821552863365,0.007001148024520847,0.0014925460227654952,0.005801148024520847,0.5365853658536586,0.03594730128253877,-0.0041281786935382075,0.017932235314197464,False,0.004782810003134713,0.0006109338634953899,-0.0025507647470037137,0,"{'BOUND_LONG_MINUS100_SHORT_0': {'mean_sector_relative': 0.007001148024520847, 'mean_ge_2x_cost': True, 'sign_unchanged': True}, 'BOUND_MIRROR_LONG_0_SHORT_MINUS100': {'mean_sector_relative': 0.007001148024520847, 'mean_ge_2x_cost': True, 'sign_unchanged': True}}",0,,False,False,True,False,False,False,True,False,False,KNOWN_UNSUPPORTED_BASELINE
FORM4_CLUSTER|LONG|H3|L1,1058,593,484,30,1,0.0009442870632672333,-0.001528106872750069,0.0016374429789055567,-0.0005545106995676493,0.001136985646035678,0.0010556362750346882,-0.0018630143539643221,0.5141776937618148,0.08899563370852356,-0.007361867992892369,0.009073951861558682,False,-5.662191280576002e-05,-0.0009216360536826999,-0.0015721375561497633,3,"{'BOUND_LONG_MINUS100_SHORT_0': {'mean_sector_relative': 0.00019162494193177267, 'mean_ge_2x_cost': False, 'sign_unchanged': True}, 'BOUND_MIRROR_LONG_0_SHORT_MINUS100': {'mean_sector_relative': 0.001135912005199006, 'mean_ge_2x_cost': False, 'sign_unchanged': True}}",0,,True,True,False,False,False,False,True,False,False,KNOWN_UNSUPPORTED_BASELINE
FORM4_CLUSTER|LONG|H3|L2,521,367,259,20,0,0.0,-0.004747009142493107,-0.0006637902422834685,-0.0039816954608722435,-0.002550193280745035,-0.002380326693007251,-0.004550193280745035,0.47024952015355087,0.080720807928082,-0.009659275443994269,0.004276275860105011,False,-0.003972751808753472,-0.005334787928199123,-0.00624415784024988,2,"{'BOUND_LONG_MINUS100_SHORT_0': {'mean_sector_relative': -0.002550193280745035, 'mean_ge_2x_cost': False, 'sign_unchanged': True}, 'BOUND_MIRROR_LONG_0_SHORT_MINUS100': {'mean_sector_relative': -0.002550193280745035, 'mean_ge_2x_cost': False, 'sign_unchanged': True}}",0,,True,True,False,False,False,True,True,False,False,KNOWN_UNSUPPORTED_BASELINE
FORM4_CLUSTER|LONG|H3|L3,41,40,24,12,0,0.0,-0.004274684720445573,0.0020598570216892043,-0.0009006734866466237,0.003885869375080373,-0.001421266599144655,0.0026858693750803735,0.4878048780487805,0.04705402370805722,-0.01091531571095588,0.01838893407033731,False,0.000948665748555394,-0.004487021617042275,-0.007819229443121141,0,"{'BOUND_LONG_MINUS100_SHORT_0': {'mean_sector_relative': 0.003885869375080373, 'mean_ge_2x_cost': True, 'sign_unchanged': True}, 'BOUND_MIRROR_LONG_0_SHORT_MINUS100': {'mean_sector_relative': 0.003885869375080373, 'mean_ge_2x_cost': True, 'sign_unchanged': True}}",0,,False,False,True,False,False,False,True,False,False,KNOWN_UNSUPPORTED_BASELINE
FORM4_CLUSTER|LONG|H5|L1,1058,593,484,30,1,0.0009442870632672333,-0.0017793517287455504,-0.0007962688754573621,-8.710107688261554e-05,0.0018052661029742986,-0.00011303666889050934,-0.0011947338970257015,0.497164461247637,0.10537698709780992,-0.007849975683641394,0.012483019755361677,False,0.0005465750432662495,-0.0008396125394092533,-0.0016573134895512503,2,"{'BOUND_LONG_MINUS100_SHORT_0': {'mean_sector_relative': 0.0008592743502802718, 'mean_ge_2x_cost': False, 'sign_unchanged': True}, 'BOUND_MIRROR_LONG_0_SHORT_MINUS100': {'mean_sector_relative': 0.0018035614135475052, 'mean_ge_2x_cost': False, 'sign_unchanged': True}}",1,0.0008613323233898745,True,True,False,False,False,False,True,False,False,KNOWN_UNSUPPORTED_BASELINE
FORM4_CLUSTER|LONG|H5|L2,520,366,259,20,0,0.0,-0.007433979758989774,0.0014134382480002206,-0.00602913566174482,-0.004361546820717653,-0.0023780922880819455,-0.006361546820717653,0.4653846153846154,0.08597324199715009,-0.012329316366974024,0.0037269050064863947,False,-0.005958898739794502,-0.007735027053232112,-0.008762817257995364,4,"{'BOUND_LONG_MINUS100_SHORT_0': {'mean_sector_relative': -0.004361546820717653, 'mean_ge_2x_cost': False, 'sign_unchanged': True}, 'BOUND_MIRROR_LONG_0_SHORT_MINUS100': {'mean_sector_relative': -0.004361546820717653, 'mean_ge_2x_cost': False, 'sign_unchanged': True}}",0,,True,True,False,False,True,True,True,False,False,KNOWN_UNSUPPORTED_BASELINE
FORM4_CLUSTER|LONG|H5|L3,41,40,24,12,0,0.0,-0.014200975389865858,-0.012420291234415126,-0.008317770249203708,-0.0037575334695472357,-0.005529030816168512,-0.004957533469547235,0.43902439024390244,0.0557922530059785,-0.021187583581321084,0.01301309906550227,False,-0.007347520847848602,-0.012090349152060248,-0.01674807557773137,0,"{'BOUND_LONG_MINUS100_SHORT_0': {'mean_sector_relative': -0.0037575334695472357, 'mean_ge_2x_cost': False, 'sign_unchanged': True}, 'BOUND_MIRROR_LONG_0_SHORT_MINUS100': {'mean_sector_relative': -0.0037575334695472357, 'mean_ge_2x_cost': False, 'sign_unchanged': True}}",0,,False,False,False,False,False,True,True,False,False,KNOWN_UNSUPPORTED_BASELINE
FORM4_CLUSTER|LONG|H10|L1,1053,590,483,30,1,0.0009487666034155598,-0.006066684295884088,0.0024698133918772402,-0.009583712464188867,-0.006225447169399913,-0.00349555092102527,-0.009225447169399912,0.4795821462488129,0.11884086250297439,-0.015783975137980487,0.003191315856782913,False,-0.007431060276082843,-0.00842417950529738,-0.00926916468631886,3,"{'BOUND_LONG_MINUS100_SHORT_0': {'mean_sector_relative': -0.0071683072764498175, 'mean_ge_2x_cost': False, 'sign_unchanged': True}, 'BOUND_MIRROR_LONG_0_SHORT_MINUS100': {'mean_sector_relative': -0.0062195406730342585, 'mean_ge_2x_cost': False, 'sign_unchanged': True}}",2,-0.0067590399427903325,True,True,False,False,False,True,True,False,False,KNOWN_UNSUPPORTED_BASELINE
FORM4_CLUSTER|LONG|H10|L2,520,366,259,20,0,0.0,-0.0005763346581849225,0.007596889378920668,-0.003643718076090479,-0.001893054972934862,-0.0015654193044082887,-0.003893054972934862,0.49423076923076925,0.09649795017104285,-0.010993231127165689,0.0070642271621038435,False,-0.003089335862785788,-0.004498519832364344,-0.0056551727494649475,4,"{'BOUND_LONG_MINUS100_SHORT_0': {'mean_sector_relative': -0.001893054972934862, 'mean_ge_2x_cost': False, 'sign_unchanged': True}, 'BOUND_MIRROR_LONG_0_SHORT_MINUS100': {'mean_sector_relative': -0.001893054972934862, 'mean_ge_2x_cost': False, 'sign_unchanged': True}}",0,,True,True,False,False,True,True,True,False,False,KNOWN_UNSUPPORTED_BASELINE
FORM4_CLUSTER|LONG|H10|L3,41,40,24,12,0,0.0,-0.0066494834832850035,-0.001020837086410764,-0.0059025556085234255,0.0011852653158489247,-0.0018853528344741077,-1.4734684151075173e-05,0.4634146341463415,0.06650544057495611,-0.019241887088801802,0.021539277299442026,False,-0.003395098760797954,-0.010611134931902098,-0.014802244941758845,0,"{'BOUND_LONG_MINUS100_SHORT_0': {'mean_sector_relative': 0.0011852653158489247, 'mean_ge_2x_cost': False, 'sign_unchanged': True}, 'BOUND_MIRROR_LONG_0_SHORT_MINUS100': {'mean_sector_relative': 0.0011852653158489247, 'mean_ge_2x_cost': False, 'sign_unchanged': True}}",0,,False,False,False,False,False,False,True,False,False,KNOWN_UNSUPPORTED_BASELINE
FORM4_CLUSTER|SHORT|H0|L1,1059,594,484,30,0,0.0,-0.003667067431707111,-0.0024898143956542107,-0.0025466768177449203,-0.002769495889090932,-0.001761204545870254,-0.005769495889090932,0.46081208687440983,0.0437832518984951,-0.006631396330000492,0.0011036110261229684,False,-0.0029752900753886578,-0.0033420303861235938,-0.003656267015204297,5,"{'BOUND_LONG_MINUS100_SHORT_0': {'mean_sector_relative': -0.002769495889090932, 'mean_ge_2x_cost': False, 'sign_unchanged': True}, 'BOUND_MIRROR_LONG_0_SHORT_MINUS100': {'mean_sector_relative': -0.002769495889090932, 'mean_ge_2x_cost': False, 'sign_unchanged': True}}",0,,True,True,False,False,True,True,True,False,False,KNOWN_UNSUPPORTED_BASELINE
FORM4_CLUSTER|SHORT|H0|L2,522,368,259,20,0,0.0,-0.0016390570891478746,-0.0011655424068418574,-0.00025191451024793944,-0.0003922206910213457,-7.530445077535974e-05,-0.0023922206910213456,0.49808429118773945,0.044962712267364244,-0.004487298443208327,0.0032422538862356847,False,-0.0007327457959545557,-0.0013559378201483227,-0.0018807327837540167,4,"{'BOUND_LONG_MINUS100_SHORT_0': {'mean_sector_relative': -0.0003922206910213457, 'mean_ge_2x_cost': False, 'sign_unchanged': True}, 'BOUND_MIRROR_LONG_0_SHORT_MINUS100': {'mean_sector_relative': -0.0003922206910213457, 'mean_ge_2x_cost': False, 'sign_unchanged': True}}",0,,True,True,False,False,True,True,True,False,False,KNOWN_UNSUPPORTED_BASELINE
FORM4_CLUSTER|SHORT|H0|L3,41,40,24,12,0,0.0,-0.0005473075293620863,0.0028846153846153744,-0.0006808500993493347,-0.0003989024173310306,-0.0008547874830759916,-0.0015989024173310305,0.4146341463414634,0.017059831873989767,-0.005664521293599954,0.004659699500155312,False,-0.0015866809464184367,-0.002849430313248428,-0.004074786436940108,0,"{'BOUND_LONG_MINUS100_SHORT_0': {'mean_sector_relative': -0.0003989024173310306, 'mean_ge_2x_cost': False, 'sign_unchanged': True}, 'BOUND_MIRROR_LONG_0_SHORT_MINUS100': {'mean_sector_relative': -0.0003989024173310306, 'mean_ge_2x_cost': False, 'sign_unchanged': True}}",0,,False,False,False,False,False,True,True,False,False,KNOWN_UNSUPPORTED_BASELINE
FORM4_CLUSTER|SHORT|H1|L1,1059,594,484,30,0,0.0,-7.128677046497513e-05,-0.0021394187912282536,0.0003433371071693963,-0.00045725789810266383,-0.0011498283515907204,-0.003457257898102664,0.48347497639282344,0.06395606217082674,-0.0068430508365762656,0.0063413785642499705,False,-0.0008977889330479725,-0.001750713936467839,-0.002359948471521911,4,"{'BOUND_LONG_MINUS100_SHORT_0': {'mean_sector_relative': -0.00045725789810266383, 'mean_ge_2x_cost': False, 'sign_unchanged': True}, 'BOUND_MIRROR_LONG_0_SHORT_MINUS100': {'mean_sector_relative': -0.00045725789810266383, 'mean_ge_2x_cost': False, 'sign_unchanged': True}}",0,,True,True,False,False,True,True,True,False,False,KNOWN_UNSUPPORTED_BASELINE
FORM4_CLUSTER|SHORT|H1|L2,521,367,259,20,0,0.0,0.0007190401790560688,-0.0007385524372229835,0.0008519180898078438,0.00022173962340876101,0.0018907113309611923,-0.001778260376591239,0.525911708253359,0.06613236638699693,-0.005904557606355488,0.006439915280577028,False,-0.0004240385374514185,-0.0012815803556580209,-0.0020844017790774506,3,"{'BOUND_LONG_MINUS100_SHORT_0': {'mean_sector_relative': 0.00022173962340876101, 'mean_ge_2x_cost': False, 'sign_unchanged': True}, 'BOUND_MIRROR_LONG_0_SHORT_MINUS100': {'mean_sector_relative': 0.00022173962340876101, 'mean_ge_2x_cost': False, 'sign_unchanged': True}}",0,,True,True,False,False,False,False,True,False,False,KNOWN_UNSUPPORTED_BASELINE
FORM4_CLUSTER|SHORT|H1|L3,41,40,24,12,0,0.0,-0.005978083800543156,-0.0042175840813236665,-0.003991821552863365,-0.007001148024520847,-0.0014925460227654952,-0.008201148024520847,0.4634146341463415,0.03594730128253877,-0.017932235314197464,0.004128178693538206,False,-0.009827294871327571,-0.012428640063509312,-0.01444378557139991,0,"{'BOUND_LONG_MINUS100_SHORT_0': {'mean_sector_relative': -0.007001148024520847, 'mean_ge_2x_cost': False, 'sign_unchanged': True}, 'BOUND_MIRROR_LONG_0_SHORT_MINUS100': {'mean_sector_relative': -0.007001148024520847, 'mean_ge_2x_cost': False, 'sign_unchanged': True}}",0,,False,False,False,False,False,True,True,False,False,KNOWN_UNSUPPORTED_BASELINE
FORM4_CLUSTER|SHORT|H3|L1,1058,593,484,30,1,0.0009442870632672333,0.001528106872750069,-0.0016374429789055567,0.0005545106995676493,-0.001136985646035678,-0.0010556362750346882,-0.004136985646035678,0.48582230623818523,0.08899563370852356,-0.009073951861558682,0.0073618679928923675,False,-0.0016311013417527572,-0.0025412324354976696,-0.003335818812691215,3,"{'BOUND_LONG_MINUS100_SHORT_0': {'mean_sector_relative': -0.001135912005199006, 'mean_ge_2x_cost': False, 'sign_unchanged': True}, 'BOUND_MIRROR_LONG_0_SHORT_MINUS100': {'mean_sector_relative': -0.002080199068466239, 'mean_ge_2x_cost': False, 'sign_unchanged': True}}",0,,True,True,False,False,False,True,True,False,False,KNOWN_UNSUPPORTED_BASELINE
FORM4_CLUSTER|SHORT|H3|L2,521,367,259,20,0,0.0,0.004747009142493107,0.0006637902422834685,0.0039816954608722435,0.002550193280745035,0.002380326693007251,0.0005501932807450349,0.5297504798464492,0.080720807928082,-0.004276275860105014,0.009659275443994269,False,0.0017630189216060188,0.00031721308226104227,-0.0010061705167004,2,"{'BOUND_LONG_MINUS100_SHORT_0': {'mean_sector_relative': 0.002550193280745035, 'mean_ge_2x_cost': False, 'sign_unchanged': True}, 'BOUND_MIRROR_LONG_0_SHORT_MINUS100': {'mean_sector_relative': 0.002550193280745035, 'mean_ge_2x_cost': False, 'sign_unchanged': True}}",0,,True,True,False,False,False,False,True,False,False,KNOWN_UNSUPPORTED_BASELINE
FORM4_CLUSTER|SHORT|H3|L3,41,40,24,12,0,0.0,0.004274684720445573,-0.0020598570216892043,0.0009006734866466237,-0.003885869375080373,0.001421266599144655,-0.005085869375080373,0.5121951219512195,0.04705402370805722,-0.01838893407033731,0.010915315710955878,False,-0.006814473727105469,-0.011476034307034012,-0.015036912138740345,0,"{'BOUND_LONG_MINUS100_SHORT_0': {'mean_sector_relative': -0.003885869375080373, 'mean_ge_2x_cost': False, 'sign_unchanged': True}, 'BOUND_MIRROR_LONG_0_SHORT_MINUS100': {'mean_sector_relative': -0.003885869375080373, 'mean_ge_2x_cost': False, 'sign_unchanged': True}}",0,,False,False,False,False,False,True,True,False,False,KNOWN_UNSUPPORTED_BASELINE
FORM4_CLUSTER|SHORT|H5|L1,1058,593,484,30,1,0.0009442870632672333,0.0017793517287455504,0.0007962688754573621,8.710107688261554e-05,-0.0018052661029742986,0.00011303666889050934,-0.004805266102974298,0.502835538752363,0.10537698709780992,-0.012483019755361677,0.007849975683641394,False,-0.0023038901093273005,-0.0031729144632668977,-0.0039023374613254003,2,"{'BOUND_LONG_MINUS100_SHORT_0': {'mean_sector_relative': -0.0018035614135475052, 'mean_ge_2x_cost': False, 'sign_unchanged': True}, 'BOUND_MIRROR_LONG_0_SHORT_MINUS100': {'mean_sector_relative': -0.002747848476814738, 'mean_ge_2x_cost': False, 'sign_unchanged': True}}",1,-0.0008613323233898745,True,True,False,False,False,True,True,False,False,KNOWN_UNSUPPORTED_BASELINE
FORM4_CLUSTER|SHORT|H5|L2,520,366,259,20,0,0.0,0.007433979758989774,-0.0014134382480002206,0.00602913566174482,0.004361546820717653,0.0023780922880819455,0.0023615468207176527,0.5346153846153846,0.08597324199715009,-0.0037269050064863947,0.012329316366974024,False,0.0034491673529551785,0.00207801846917209,0.0010354887989172587,4,"{'BOUND_LONG_MINUS100_SHORT_0': {'mean_sector_relative': 0.004361546820717653, 'mean_ge_2x_cost': True, 'sign_unchanged': True}, 'BOUND_MIRROR_LONG_0_SHORT_MINUS100': {'mean_sector_relative': 0.004361546820717653, 'mean_ge_2x_cost': True, 'sign_unchanged': True}}",0,,True,True,True,False,True,True,True,False,False,KNOWN_UNSUPPORTED_BASELINE
FORM4_CLUSTER|SHORT|H5|L3,41,40,24,12,0,0.0,0.014200975389865858,0.012420291234415126,0.008317770249203708,0.0037575334695472357,0.005529030816168512,0.002557533469547236,0.5609756097560976,0.0557922530059785,-0.01301309906550227,0.021187583581321084,False,0.00030488730977892007,-0.005166506076391321,-0.009937629819186493,0,"{'BOUND_LONG_MINUS100_SHORT_0': {'mean_sector_relative': 0.0037575334695472357, 'mean_ge_2x_cost': True, 'sign_unchanged': True}, 'BOUND_MIRROR_LONG_0_SHORT_MINUS100': {'mean_sector_relative': 0.0037575334695472357, 'mean_ge_2x_cost': True, 'sign_unchanged': True}}",0,,False,False,True,False,False,False,True,False,False,KNOWN_UNSUPPORTED_BASELINE
FORM4_CLUSTER|SHORT|H10|L1,1053,590,483,30,1,0.0009487666034155598,0.006066684295884088,-0.0024698133918772402,0.009583712464188867,0.006225447169399913,0.00349555092102527,0.0032254471693999127,0.5204178537511871,0.11884086250297439,-0.0031913158567829147,0.015783975137980487,False,0.00568376650412253,0.004697969664747008,0.0038273474761479427,3,"{'BOUND_LONG_MINUS100_SHORT_0': {'mean_sector_relative': 0.0062195406730342585, 'mean_ge_2x_cost': True, 'sign_unchanged': True}, 'BOUND_MIRROR_LONG_0_SHORT_MINUS100': {'mean_sector_relative': 0.005270774069618699, 'mean_ge_2x_cost': False, 'sign_unchanged': True}}",2,0.0067590399427903325,True,True,True,False,False,True,True,False,False,KNOWN_UNSUPPORTED_BASELINE
FORM4_CLUSTER|SHORT|H10|L2,520,366,259,20,0,0.0,0.0005763346581849225,-0.007596889378920668,0.003643718076090479,0.001893054972934862,0.0015654193044082887,-0.00010694502706513811,0.5057692307692307,0.09649795017104285,-0.0070642271621038435,0.010993231127165687,False,0.0010225947017330123,-0.0004903463374020534,-0.0019158073345924458,4,"{'BOUND_LONG_MINUS100_SHORT_0': {'mean_sector_relative': 0.001893054972934862, 'mean_ge_2x_cost': False, 'sign_unchanged': True}, 'BOUND_MIRROR_LONG_0_SHORT_MINUS100': {'mean_sector_relative': 0.001893054972934862, 'mean_ge_2x_cost': False, 'sign_unchanged': True}}",0,,True,True,False,False,True,False,True,False,False,KNOWN_UNSUPPORTED_BASELINE
FORM4_CLUSTER|SHORT|H10|L3,41,40,24,12,0,0.0,0.0066494834832850035,0.001020837086410764,0.0059025556085234255,-0.0011852653158489247,0.0018853528344741077,-0.0023852653158489244,0.5365853658536586,0.06650544057495611,-0.021539277299442026,0.019241887088801802,False,-0.005566522384149078,-0.011130460589471852,-0.015992235883496686,0,"{'BOUND_LONG_MINUS100_SHORT_0': {'mean_sector_relative': -0.0011852653158489247, 'mean_ge_2x_cost': False, 'sign_unchanged': True}, 'BOUND_MIRROR_LONG_0_SHORT_MINUS100': {'mean_sector_relative': -0.0011852653158489247, 'mean_ge_2x_cost': False, 'sign_unchanged': True}}",0,,False,False,False,False,False,True,True,False,False,KNOWN_UNSUPPORTED_BASELINE
NO_EVENT|LONG|H0|L1,82198,1258,2614,30,0,0.0,4.421597903662069e-05,0.0,-0.0002906272881506093,-0.00030431778823584885,-0.00026906837477236323,-0.0033043177882358487,0.49176378987323294,0.020183625748489233,-0.0006648302071521288,5.0224430878948636e-05,False,-0.0003068822811237711,-0.0003119975098768415,-0.0003168241736661418,4,"{'BOUND_LONG_MINUS100_SHORT_0': {'mean_sector_relative': -0.00030431778823584885, 'mean_ge_2x_cost': False, 'sign_unchanged': True}, 'BOUND_MIRROR_LONG_0_SHORT_MINUS100': {'mean_sector_relative': -0.00030431778823584885, 'mean_ge_2x_cost': False, 'sign_unchanged': True}}",0,,True,True,False,False,True,True,True,False,False,CONTROL
NO_EVENT|LONG|H0|L2,58768,1257,1496,20,0,0.0,0.0003195046753283274,0.0003071674247708822,-0.00016538737737998603,-0.00017463784771396982,-0.00018701867136422523,-0.00217463784771397,0.49402736182956714,0.017398557352745092,-0.0004774121295621321,0.0001292452995107569,False,-0.00017913943083865895,-0.000185778052117773,-0.0001917018522953845,4,"{'BOUND_LONG_MINUS100_SHORT_0': {'mean_sector_relative': -0.00017463784771396982, 'mean_ge_2x_cost': False, 'sign_unchanged': True}, 'BOUND_MIRROR_LONG_0_SHORT_MINUS100': {'mean_sector_relative': -0.00017463784771396982, 'mean_ge_2x_cost': False, 'sign_unchanged': True}}",0,,True,True,False,False,True,True,True,False,False,CONTROL
NO_EVENT|LONG|H0|L3,5832,1149,181,12,0,0.0,0.0006681652295060895,0.0006716196296684407,0.0002888930646513796,0.00026561303817821785,0.00014029634033801974,-0.0009343869618217821,0.5065157750342936,0.017086422671565214,-0.00023903517890801255,0.00075378088611723,False,0.00023305358912301967,0.00019729472356932944,0.00016263781781541116,2,"{'BOUND_LONG_MINUS100_SHORT_0': {'mean_sector_relative': 0.00026561303817821785, 'mean_ge_2x_cost': False, 'sign_unchanged': True}, 'BOUND_MIRROR_LONG_0_SHORT_MINUS100': {'mean_sector_relative': 0.00026561303817821785, 'mean_ge_2x_cost': False, 'sign_unchanged': True}}",0,,True,True,False,False,False,True,True,False,False,CONTROL
NO_EVENT|LONG|H1|L1,82159,1257,2612,30,17,0.00020687305295950155,0.00035731098518226726,0.00039146604032103127,-0.0005094267759762864,-0.0005750503654599232,-0.0006620956957013036,-0.0035750503654599234,0.4870069012524495,0.029746207557459322,-0.0011013722483845041,-5.9265679952822714e-05,False,-0.0005798070797515953,-0.0005888613111838759,-0.0005968257209330248,4,"{'BOUND_LONG_MINUS100_SHORT_0': {'mean_sector_relative': -0.0007818044559947166, 'mean_ge_2x_cost': False, 'sign_unchanged': True}, 'BOUND_MIRROR_LONG_0_SHORT_MINUS100': {'mean_sector_relative': -0.0005749314030352151, 'mean_ge_2x_cost': False, 'sign_unchanged': True}}",0,,True,True,False,True,True,True,True,False,False,CONTROL
NO_EVENT|LONG|H1|L2,58746,1256,1494,20,9,0.00015317845289762572,0.0006808863500773582,0.0007477987118413854,-0.0003433370851145724,-0.00043231911420760016,-0.0004277008010696859,-0.0024323191142076,0.4901440098049229,0.026001940679805945,-0.000915344493794127,3.8172492951618415e-05,False,-0.0004389973728828068,-0.00045046114838193183,-0.00045974906931658965,4,"{'BOUND_LONG_MINUS100_SHORT_0': {'mean_sector_relative': -0.0005854313451321535, 'mean_ge_2x_cost': False, 'sign_unchanged': True}, 'BOUND_MIRROR_LONG_0_SHORT_MINUS100': {'mean_sector_relative': -0.0004322528922345278, 'mean_ge_2x_cost': False, 'sign_unchanged': True}}",0,,True,True,False,False,True,True,True,False,False,CONTROL
NO_EVENT|LONG|H1|L3,5829,1148,181,12,1,0.00017152658662092623,0.0013290663772004988,0.0015131045663334675,0.0003030185339784468,0.00023634154164637035,-9.429291895823866e-05,-0.0009636584583536295,0.49682621375879227,0.02516466986997686,-0.0005076623400972133,0.0009920339597480332,False,0.00019984295421050333,0.00013705502609327332,8.597928019771339e-05,4,"{'BOUND_LONG_MINUS100_SHORT_0': {'mean_sector_relative': 6.47744161675288e-05, 'mean_ge_2x_cost': False, 'sign_unchanged': True}, 'BOUND_MIRROR_LONG_0_SHORT_MINUS100': {'mean_sector_relative': 0.00023630100278845503, 'mean_ge_2x_cost': False, 'sign_unchanged': True}}",0,,True,True,False,False,True,True,True,False,False,CONTROL
NO_EVENT|LONG|H3|L1,82092,1255,2608,30,58,0.0007060255629945222,0.0023260250645839114,0.002102558141057864,-0.0002503846861231067,-0.00034341994588004765,-0.0008311456076193213,-0.0033434199458800477,0.48887833162792965,0.04661997635240824,-0.0010909240616867215,0.00041820151631891676,False,-0.00035724528709040127,-0.00037775094086687036,-0.0003939277792718153,4,"{'BOUND_LONG_MINUS100_SHORT_0': {'mean_sector_relative': -0.0010492030456139363, 'mean_ge_2x_cost': False, 'sign_unchanged': True}, 'BOUND_MIRROR_LONG_0_SHORT_MINUS100': {'mean_sector_relative': -0.0003431774826194141, 'mean_ge_2x_cost': False, 'sign_unchanged': True}}",2,-0.00036683624051784045,True,True,False,False,True,True,True,False,False,CONTROL
NO_EVENT|LONG|H3|L2,58714,1254,1492,20,27,0.00045964488176912207,0.002610401372531089,0.0027048282599557716,3.82747932204849e-05,-0.0001432941868205888,-0.00027159235094048606,-0.002143294186820589,0.4953844057635317,0.039577655883017704,-0.0007747149550482336,0.0005262595180446132,False,-0.000153779988433695,-0.00017025183384513566,-0.0001840734967419943,4,"{'BOUND_LONG_MINUS100_SHORT_0': {'mean_sector_relative': -0.0006028732041501515, 'mean_ge_2x_cost': False, 'sign_unchanged': True}, 'BOUND_MIRROR_LONG_0_SHORT_MINUS100': {'mean_sector_relative': -0.00014322832238102947, 'mean_ge_2x_cost': False, 'sign_unchanged': True}}",0,,True,True,False,False,True,True,True,False,False,CONTROL
NO_EVENT|LONG|H3|L3,5827,1147,181,12,2,0.00034311202607651396,0.0039411498272758595,0.004215664521854734,0.00039847135632941336,-0.00019032402561219332,-0.0005481637103861292,-0.0013903240256121932,0.48893083919684227,0.038879564222823536,-0.0013554109230694013,0.0009539424049036015,False,-0.0002379028056689239,-0.0003298482608093565,-0.0004161158722730244,1,"{'BOUND_LONG_MINUS100_SHORT_0': {'mean_sector_relative': -0.0005333707492266685, 'mean_ge_2x_cost': False, 'sign_unchanged': True}, 'BOUND_MIRROR_LONG_0_SHORT_MINUS100': {'mean_sector_relative': -0.00019025872315015448, 'mean_ge_2x_cost': False, 'sign_unchanged': True}}",0,,True,True,False,False,False,True,True,False,False,CONTROL
NO_EVENT|LONG|H5|L1,81978,1253,2605,30,90,0.0010966515572452113,0.004048393097314523,0.003446237014244735,-0.0002675043980101407,-0.0003461476798247571,-0.001153115184277298,-0.003346147679824757,0.4878869940715802,0.059058734618974054,-0.0011833733219233397,0.00047101809440237624,False,-0.00036302461937144664,-0.0003918699220856799,-0.0004154365946047023,4,"{'BOUND_LONG_MINUS100_SHORT_0': {'mean_sector_relative': -0.0014424196336778519, 'mean_ge_2x_cost': False, 'sign_unchanged': True}, 'BOUND_MIRROR_LONG_0_SHORT_MINUS100': {'mean_sector_relative': -0.0003457680764326404, 'mean_ge_2x_cost': False, 'sign_unchanged': True}}",8,-0.0003681270738282317,True,True,False,False,True,True,True,False,False,CONTROL
NO_EVENT|LONG|H5|L2,58630,1252,1489,20,55,0.0009372071227741331,0.004255261115227618,0.004084230622244389,3.539056662963164e-05,-0.000267349411608442,-0.0005850393793603859,-0.002267349411608442,0.4933481152993348,0.05105939883674267,-0.0010373612503024232,0.0005287649852270405,False,-0.0002890539550090809,-0.00032193875806510404,-0.0003475503138756038,4,"{'BOUND_LONG_MINUS100_SHORT_0': {'mean_sector_relative': -0.0012043059726097461, 'mean_ge_2x_cost': False, 'sign_unchanged': True}, 'BOUND_MIRROR_LONG_0_SHORT_MINUS100': {'mean_sector_relative': -0.00026709884983561313, 'mean_ge_2x_cost': False, 'sign_unchanged': True}}",0,,True,True,False,False,True,True,True,False,False,CONTROL
NO_EVENT|LONG|H5|L3,5820,1145,181,12,2,0.00034352456200618345,0.005844881815377163,0.006288539154691741,0.000610515482441747,-0.00016059208405613825,-0.0004652803591615462,-0.0013605920840561382,0.49467353951890036,0.0486503651387054,-0.0016190239497916037,0.001300916065050023,False,-0.00023067457544768028,-0.000343358604427664,-0.0004360782364452025,2,"{'BOUND_LONG_MINUS100_SHORT_0': {'mean_sector_relative': -0.0005040614787369846, 'mean_ge_2x_cost': False, 'sign_unchanged': True}, 'BOUND_MIRROR_LONG_0_SHORT_MINUS100': {'mean_sector_relative': -0.0001605369167308012, 'mean_ge_2x_cost': False, 'sign_unchanged': True}}",0,,True,True,False,False,False,True,True,False,False,CONTROL
NO_EVENT|LONG|H10|L1,81608,1248,2600,30,193,0.0023593843596044057,0.005935325194354309,0.005788712011577379,-0.0010799469840680482,-0.0010339432957212301,-0.002695444700061389,-0.00403394329572123,0.4802715420056857,0.08246811497082965,-0.002202594615953953,0.00010336151402339289,False,-0.001059564014895826,-0.0010903924597643506,-0.001117989714581722,4,"{'BOUND_LONG_MINUS100_SHORT_0': {'mean_sector_relative': -0.0033908881856849937, 'mean_ge_2x_cost': False, 'sign_unchanged': True}, 'BOUND_MIRROR_LONG_0_SHORT_MINUS100': {'mean_sector_relative': -0.0010315038260805876, 'mean_ge_2x_cost': False, 'sign_unchanged': True}}",15,-0.0011080231935930423,True,True,False,False,True,True,True,False,False,CONTROL
NO_EVENT|LONG|H10|L2,58413,1247,1485,20,104,0.001777261308679529,0.006485627722031325,0.007136886774255613,-0.0003552779535416826,-0.0008358091007334683,-0.0015505108188407224,-0.0028358091007334683,0.48723743002413844,0.08502231101199177,-0.0018450566627783637,0.00019100909400937067,False,-0.0009648874909915292,-0.0011261092761566504,-0.001193370725486712,4,"{'BOUND_LONG_MINUS100_SHORT_0': {'mean_sector_relative': -0.0026115849582368216, 'mean_ge_2x_cost': False, 'sign_unchanged': True}, 'BOUND_MIRROR_LONG_0_SHORT_MINUS100': {'mean_sector_relative': -0.0008343236495572925, 'mean_ge_2x_cost': False, 'sign_unchanged': True}}",3,-0.0010729189197901806,True,True,False,False,True,True,True,False,False,CONTROL
NO_EVENT|LONG|H10|L3,5811,1141,181,12,4,0.0006878761822871883,0.010172888716878976,0.009391616601063468,0.0013011734839161464,-1.2697761522165984e-06,-0.0011397955899105083,-0.0012012697761522165,0.49165376011013595,0.07135130288637748,-0.0021319333928077663,0.0021497983238656197,False,-9.066980169385033e-05,-0.0002618375264486817,-0.00041696206091953005,2,"{'BOUND_LONG_MINUS100_SHORT_0': {'mean_sector_relative': -0.000689145084990633, 'mean_ge_2x_cost': False, 'sign_unchanged': True}, 'BOUND_MIRROR_LONG_0_SHORT_MINUS100': {'mean_sector_relative': -1.2689027034446525e-06, 'mean_ge_2x_cost': False, 'sign_unchanged': True}}",0,,True,True,False,False,False,True,True,False,False,CONTROL
NO_EVENT|SHORT|H0|L1,82198,1258,2614,30,0,0.0,-4.421597903662069e-05,-0.0,0.0002906272881506093,0.00030431778823584885,0.00026906837477236323,-0.0026956822117641514,0.5081632156500158,0.020183625748489233,-5.022443087894865e-05,0.0006648302071521287,False,0.0003019109915010918,0.0002974159883713648,0.0002930075721394343,4,"{'BOUND_LONG_MINUS100_SHORT_0': {'mean_sector_relative': 0.00030431778823584885, 'mean_ge_2x_cost': False, 'sign_unchanged': True}, 'BOUND_MIRROR_LONG_0_SHORT_MINUS100': {'mean_sector_relative': 0.00030431778823584885, 'mean_ge_2x_cost': False, 'sign_unchanged': True}}",0,,True,True,False,False,True,True,True,False,False,CONTROL
NO_EVENT|SHORT|H0|L2,58768,1257,1496,20,0,0.0,-0.0003195046753283274,-0.0003071674247708822,0.00016538737737998603,0.00017463784771396982,0.00018701867136422523,-0.0018253621522860302,0.5059386060441057,0.017398557352745092,-0.0001292452995107569,0.0004774121295621321,False,0.0001719102254140189,0.00016662944921762009,0.00016221125150005241,4,"{'BOUND_LONG_MINUS100_SHORT_0': {'mean_sector_relative': 0.00017463784771396982, 'mean_ge_2x_cost': False, 'sign_unchanged': True}, 'BOUND_MIRROR_LONG_0_SHORT_MINUS100': {'mean_sector_relative': 0.00017463784771396982, 'mean_ge_2x_cost': False, 'sign_unchanged': True}}",0,,True,True,False,False,True,True,True,False,False,CONTROL
NO_EVENT|SHORT|H0|L3,5832,1149,181,12,0,0.0,-0.0006681652295060895,-0.0006716196296684407,-0.0002888930646513796,-0.00026561303817821785,-0.00014029634033801974,-0.0014656130381782177,0.49348422496570643,0.017086422671565214,-0.00075378088611723,0.00023903517890801255,False,-0.0002847190973289803,-0.00031105847282451925,-0.0003359591190137106,2,"{'BOUND_LONG_MINUS100_SHORT_0': {'mean_sector_relative': -0.00026561303817821785, 'mean_ge_2x_cost': False, 'sign_unchanged': True}, 'BOUND_MIRROR_LONG_0_SHORT_MINUS100': {'mean_sector_relative': -0.00026561303817821785, 'mean_ge_2x_cost': False, 'sign_unchanged': True}}",0,,True,True,False,False,False,True,True,False,False,CONTROL
NO_EVENT|SHORT|H1|L1,82159,1257,2612,30,17,0.00020687305295950155,-0.00035731098518226726,-0.00039146604032103127,0.0005094267759762864,0.0005750503654599232,0.0006620956957013036,-0.0024249496345400768,0.5129687557054005,0.029746207557459322,5.926567995282263e-05,0.0011013722483845041,False,0.0005708359512646363,0.000564658687885728,0.0005586374106630537,4,"{'BOUND_LONG_MINUS100_SHORT_0': {'mean_sector_relative': 0.0005749314030352151, 'mean_ge_2x_cost': False, 'sign_unchanged': True}, 'BOUND_MIRROR_LONG_0_SHORT_MINUS100': {'mean_sector_relative': 0.00036805835007571347, 'mean_ge_2x_cost': False, 'sign_unchanged': True}}",0,,True,True,False,True,True,True,True,False,False,CONTROL
NO_EVENT|SHORT|H1|L2,58746,1256,1494,20,9,0.00015317845289762572,-0.0006808863500773582,-0.0007477987118413854,0.0003433370851145724,0.00043231911420760016,0.0004277008010696859,-0.0015676808857923998,0.509821945323937,0.026001940679805945,-3.817249295161842e-05,0.0009153444937941269,False,0.0004202271972713325,0.00041238926255296097,0.00040548073001202755,4,"{'BOUND_LONG_MINUS100_SHORT_0': {'mean_sector_relative': 0.0004322528922345278, 'mean_ge_2x_cost': False, 'sign_unchanged': True}, 'BOUND_MIRROR_LONG_0_SHORT_MINUS100': {'mean_sector_relative': 0.000279074439336902, 'mean_ge_2x_cost': False, 'sign_unchanged': True}}",0,,True,True,False,False,True,True,True,False,False,CONTROL
NO_EVENT|SHORT|H1|L3,5829,1148,181,12,1,0.00017152658662092623,-0.0013290663772004988,-0.0015131045663334675,-0.0003030185339784468,-0.00023634154164637035,9.429291895823866e-05,-0.0014363415416463702,0.5031737862412078,0.02516466986997686,-0.0009920339597480335,0.0005076623400972133,False,-0.00025895393245434776,-0.00030269435269635015,-0.0003420020717035838,4,"{'BOUND_LONG_MINUS100_SHORT_0': {'mean_sector_relative': -0.00023630100278845503, 'mean_ge_2x_cost': False, 'sign_unchanged': True}, 'BOUND_MIRROR_LONG_0_SHORT_MINUS100': {'mean_sector_relative': -0.00040782758940938126, 'mean_ge_2x_cost': False, 'sign_unchanged': True}}",0,,True,True,False,False,True,True,True,False,False,CONTROL
NO_EVENT|SHORT|H3|L1,82092,1255,2608,30,58,0.0007060255629945222,-0.0023260250645839114,-0.002102558141057864,0.0002503846861231067,0.00034341994588004765,0.0008311456076193213,-0.0026565800541199524,0.5111094869171173,0.04661997635240824,-0.00041820151631891676,0.0010909240616867215,False,0.0003363579978281025,0.00032348883735916435,0.0003116406199072099,4,"{'BOUND_LONG_MINUS100_SHORT_0': {'mean_sector_relative': 0.0003431774826194141, 'mean_ge_2x_cost': False, 'sign_unchanged': True}, 'BOUND_MIRROR_LONG_0_SHORT_MINUS100': {'mean_sector_relative': -0.0003628480803751081, 'mean_ge_2x_cost': False, 'sign_unchanged': False}}",2,0.00036683624051784045,True,True,False,False,True,True,True,False,False,CONTROL
NO_EVENT|SHORT|H3|L2,58714,1254,1492,20,27,0.00045964488176912207,-0.002610401372531089,-0.0027048282599557716,-3.82747932204849e-05,0.0001432941868205888,0.00027159235094048606,-0.0018567058131794111,0.5046155942364683,0.039577655883017704,-0.0005262595180446133,0.0007747149550482334,False,0.00013305423748413462,0.00011861801090285296,0.0001066265017966996,4,"{'BOUND_LONG_MINUS100_SHORT_0': {'mean_sector_relative': 0.00014322832238102947, 'mean_ge_2x_cost': False, 'sign_unchanged': True}, 'BOUND_MIRROR_LONG_0_SHORT_MINUS100': {'mean_sector_relative': -0.0003164165593880926, 'mean_ge_2x_cost': False, 'sign_unchanged': False}}",0,,True,True,False,False,True,True,True,False,False,CONTROL
NO_EVENT|SHORT|H3|L3,5827,1147,181,12,2,0.00034311202607651396,-0.0039411498272758595,-0.004215664521854734,-0.00039847135632941336,0.00019032402561219332,0.0005481637103861292,-0.0010096759743878066,0.5110691608031577,0.038879564222823536,-0.0009539424049036017,0.0013554109230694013,False,0.0001288754404238906,5.3144959567482945e-05,-1.252530737158398e-05,1,"{'BOUND_LONG_MINUS100_SHORT_0': {'mean_sector_relative': 0.00019025872315015448, 'mean_ge_2x_cost': False, 'sign_unchanged': True}, 'BOUND_MIRROR_LONG_0_SHORT_MINUS100': {'mean_sector_relative': -0.00015285330292635945, 'mean_ge_2x_cost': False, 'sign_unchanged': False}}",0,,True,True,False,False,False,False,True,False,False,CONTROL
NO_EVENT|SHORT|H5|L1,81978,1253,2605,30,90,0.0010966515572452113,-0.004048393097314523,-0.003446237014244735,0.0002675043980101407,0.0003461476798247571,0.001153115184277298,-0.002653852320175243,0.5121130059284198,0.059058734618974054,-0.0004710180944023764,0.0011833733219233395,False,0.000334366165243706,0.000313177857730583,0.00029950261014487185,4,"{'BOUND_LONG_MINUS100_SHORT_0': {'mean_sector_relative': 0.0003457680764326404, 'mean_ge_2x_cost': False, 'sign_unchanged': True}, 'BOUND_MIRROR_LONG_0_SHORT_MINUS100': {'mean_sector_relative': -0.0007508834808125708, 'mean_ge_2x_cost': False, 'sign_unchanged': False}}",8,0.0003681270738282317,True,True,False,False,True,True,True,False,False,CONTROL
NO_EVENT|SHORT|H5|L2,58630,1252,1489,20,55,0.0009372071227741331,-0.004255261115227618,-0.004084230622244389,-3.539056662963164e-05,0.000267349411608442,0.0005850393793603859,-0.001732650588391558,0.5066518847006651,0.05105939883674267,-0.0005287649852270405,0.0010373612503024232,False,0.0002554450404177768,0.00023480294198459123,0.0002193858835469229,4,"{'BOUND_LONG_MINUS100_SHORT_0': {'mean_sector_relative': 0.00026709884983561313, 'mean_ge_2x_cost': False, 'sign_unchanged': True}, 'BOUND_MIRROR_LONG_0_SHORT_MINUS100': {'mean_sector_relative': -0.00067010827293852, 'mean_ge_2x_cost': False, 'sign_unchanged': False}}",0,,True,True,False,False,True,True,True,False,False,CONTROL
NO_EVENT|SHORT|H5|L3,5820,1145,181,12,2,0.00034352456200618345,-0.005844881815377163,-0.006288539154691741,-0.000610515482441747,0.00016059208405613825,0.0004652803591615462,-0.0010394079159438616,0.5053264604810996,0.0486503651387054,-0.001300916065050023,0.0016190239497916035,False,9.384806888966781e-05,-2.8547096233576625e-05,-0.00011930730596362312,2,"{'BOUND_LONG_MINUS100_SHORT_0': {'mean_sector_relative': 0.0001605369167308012, 'mean_ge_2x_cost': False, 'sign_unchanged': True}, 'BOUND_MIRROR_LONG_0_SHORT_MINUS100': {'mean_sector_relative': -0.00018298764527538224, 'mean_ge_2x_cost': False, 'sign_unchanged': False}}",0,,True,True,False,False,False,False,True,False,False,CONTROL
NO_EVENT|SHORT|H10|L1,81608,1248,2600,30,193,0.0023593843596044057,-0.005935325194354309,-0.005788712011577379,0.0010799469840680482,0.0010339432957212301,0.002695444700061389,-0.0019660567042787697,0.5197284579943143,0.08246811497082965,-0.0001033615140233936,0.0022025946159539528,False,0.0010222047053424393,0.0010008681381411574,0.000983754801351328,4,"{'BOUND_LONG_MINUS100_SHORT_0': {'mean_sector_relative': 0.0010315038260805876, 'mean_ge_2x_cost': False, 'sign_unchanged': True}, 'BOUND_MIRROR_LONG_0_SHORT_MINUS100': {'mean_sector_relative': -0.001327880533523818, 'mean_ge_2x_cost': False, 'sign_unchanged': False}}",15,0.0011080231935930423,True,True,False,False,True,True,True,False,False,CONTROL
NO_EVENT|SHORT|H10|L2,58413,1247,1485,20,104,0.001777261308679529,-0.006485627722031325,-0.007136886774255613,0.0003552779535416826,0.0008358091007334683,0.0015505108188407224,-0.0011641908992665317,0.5127625699758616,0.08502231101199177,-0.00019100909400937083,0.0018450566627783635,False,0.0008200393048611939,0.0007926725990672002,0.000770046966703873,4,"{'BOUND_LONG_MINUS100_SHORT_0': {'mean_sector_relative': 0.0008343236495572925, 'mean_ge_2x_cost': False, 'sign_unchanged': True}, 'BOUND_MIRROR_LONG_0_SHORT_MINUS100': {'mean_sector_relative': -0.0009429376591222365, 'mean_ge_2x_cost': False, 'sign_unchanged': False}}",3,0.0010729189197901806,True,True,False,False,True,True,True,False,False,CONTROL
NO_EVENT|SHORT|H10|L3,5811,1141,181,12,4,0.0006878761822871883,-0.010172888716878976,-0.009391616601063468,-0.0013011734839161464,1.2697761522165984e-06,0.0011397955899105083,-0.0011987302238477833,0.508346239889864,0.07135130288637748,-0.0021497983238656197,0.002131933392807766,False,-8.912275269468858e-05,-0.00025374435118913704,-0.0003961007659518267,2,"{'BOUND_LONG_MINUS100_SHORT_0': {'mean_sector_relative': 1.2689027034446525e-06, 'mean_ge_2x_cost': False, 'sign_unchanged': True}, 'BOUND_MIRROR_LONG_0_SHORT_MINUS100': {'mean_sector_relative': -0.0006866072795837436, 'mean_ge_2x_cost': False, 'sign_unchanged': False}}",0,,True,True,False,False,False,False,True,False,False,CONTROL
