symbol,decision_day,market_adjusted_return_pct,cross_sectional_rank_pct,direction,entry_day,entry_timestamp,entry_price,exit_day,exit_timestamp,exit_price,gross_return_pct,data_ready,rejection_reason,slice
AMD,2026-05-20,5.263511488633245,0.9428571428571428,SHORT,2026-05-21,2026-05-21 13:30:00+00:00,441.93,2026-05-26,2026-05-26 19:59:00+00:00,503.715,-13.980720928653852,True,,2026_q3_f6_era
ADBE,2026-05-20,2.0448678483843117,0.8571428571428571,SHORT,2026-05-21,2026-05-21 13:30:00+00:00,246.45,2026-05-26,2026-05-26 19:59:00+00:00,240.49,2.418340434165137,True,,2026_q3_f6_era
COST,2026-05-20,2.055053303833976,0.8857142857142857,SHORT,2026-05-21,2026-05-21 13:30:00+00:00,1063.16,2026-05-26,2026-05-26 19:59:00+00:00,1001.2,5.827909251664852,True,,2026_q3_f6_era
HON,2026-05-20,1.6404534761991074,0.8,SHORT,2026-05-21,2026-05-21 13:30:00+00:00,227.76,2026-05-26,2026-05-26 19:59:00+00:00,242.17,-6.326835265191429,True,,2026_q3_f6_era
INTC,2026-05-20,9.179555474438901,1.0,SHORT,2026-05-21,2026-05-21 13:30:00+00:00,116.58,2026-05-26,2026-05-26 19:59:00+00:00,123.51,-5.94441585177561,True,,2026_q3_f6_era
ISRG,2026-05-20,6.301753928294771,0.9714285714285714,SHORT,2026-05-21,2026-05-21 13:30:00+00:00,446.205,2026-05-26,2026-05-26 19:59:00+00:00,436.65,2.1413924093185885,True,,2026_q3_f6_era
LRCX,2026-05-20,2.3461845376058856,0.9142857142857143,SHORT,2026-05-21,2026-05-21 13:30:00+00:00,292.15,2026-05-26,2026-05-26 19:59:00+00:00,321.92,-10.189970905356851,True,,2026_q3_f6_era
MDLZ,2026-05-20,2.024641087332619,0.8285714285714286,SHORT,2026-05-21,2026-05-21 13:30:00+00:00,60.73,2026-05-26,2026-05-26 19:59:00+00:00,60.2,0.872715297217181,True,,2026_q3_f6_era
AMD,2026-05-21,6.262052841867558,0.8857142857142857,SHORT,2026-05-22,2026-05-22 13:30:00+00:00,469.84,2026-05-27,2026-05-27 19:59:00+00:00,495.59,-5.480589136727397,True,,2026_q3_f6_era
STX,2026-05-21,8.869349217885786,0.9428571428571428,SHORT,2026-05-22,2026-05-22 13:30:00+00:00,813.49,2026-05-27,2026-05-27 19:59:00+00:00,869.26,-6.855646658225667,True,,2026_q3_f6_era
AMAT,2026-05-21,2.9273551524961774,0.8,SHORT,2026-05-22,2026-05-22 13:30:00+00:00,433.88,2026-05-27,2026-05-27 19:59:00+00:00,447.76,-3.199041209551027,True,,2026_q3_f6_era
INTC,2026-05-21,9.042222464015166,0.9714285714285714,SHORT,2026-05-22,2026-05-22 13:30:00+00:00,120.26,2026-05-27,2026-05-27 19:59:00+00:00,121.82,-1.2971894229170031,True,,2026_q3_f6_era
KLAC,2026-05-21,4.2758343735427236,0.8571428571428571,SHORT,2026-05-22,2026-05-22 13:30:00+00:00,186.96,2026-05-27,2026-05-27 19:59:00+00:00,195.5,-4.567821994009409,True,,2026_q3_f6_era
LRCX,2026-05-21,8.133350974249977,0.9142857142857143,SHORT,2026-05-22,2026-05-22 13:30:00+00:00,304.43,2026-05-27,2026-05-27 19:59:00+00:00,318.38,-4.582334198337874,True,,2026_q3_f6_era
MU,2026-05-21,11.207764272021917,1.0,SHORT,2026-05-22,2026-05-22 13:30:00+00:00,756.7,2026-05-27,2026-05-27 19:59:00+00:00,928.37,-22.686665785648202,True,,2026_q3_f6_era
QCOM,2026-05-21,4.212833686377973,0.8285714285714286,SHORT,2026-05-22,2026-05-22 13:30:00+00:00,212.48,2026-05-27,2026-05-27 19:59:00+00:00,231.29,-8.852597891566266,True,,2026_q3_f6_era
AMD,2026-05-22,11.28292822599096,0.9714285714285714,SHORT,2026-05-26,2026-05-26 13:30:00+00:00,484.8,2026-05-28,2026-05-28 19:59:00+00:00,518.14,-6.877062706270622,True,,2026_q3_f6_era
STX,2026-05-22,9.271116814973096,0.9142857142857143,SHORT,2026-05-26,2026-05-26 13:30:00+00:00,829.1,2026-05-28,2026-05-28 19:59:00+00:00,879.85,-6.121095163430225,True,,2026_q3_f6_era
INTC,2026-05-22,6.53983046419482,0.8285714285714286,SHORT,2026-05-26,2026-05-26 13:30:00+00:00,122.095,2026-05-28,2026-05-28 19:59:00+00:00,120.82,1.0442688070764614,True,,2026_q3_f6_era
KLAC,2026-05-22,6.846688158489394,0.8571428571428571,SHORT,2026-05-26,2026-05-26 13:30:00+00:00,193.45,2026-05-28,2026-05-28 19:59:00+00:00,192.51,0.48591367278366393,True,,2026_q3_f6_era
LRCX,2026-05-22,10.138710900461874,0.9428571428571428,SHORT,2026-05-26,2026-05-26 13:30:00+00:00,313.59,2026-05-28,2026-05-28 19:59:00+00:00,317.49,-1.2436621065722868,True,,2026_q3_f6_era
MU,2026-05-22,5.84282027546095,0.8,SHORT,2026-05-26,2026-05-26 13:30:00+00:00,820.52,2026-05-28,2026-05-28 19:59:00+00:00,923.21,-12.515234241700393,True,,2026_q3_f6_era
PANW,2026-05-22,6.93114526754659,0.8857142857142857,SHORT,2026-05-26,2026-05-26 13:30:00+00:00,258.17,2026-05-28,2026-05-28 19:59:00+00:00,257.705,0.18011387845219498,True,,2026_q3_f6_era
QCOM,2026-05-22,20.135456687582696,1.0,SHORT,2026-05-26,2026-05-26 13:30:00+00:00,238.53,2026-05-28,2026-05-28 19:59:00+00:00,241.01,-1.0397015050517713,True,,2026_q3_f6_era
AMD,2026-05-26,11.301314914476361,0.9142857142857143,SHORT,2026-05-27,2026-05-27 13:30:00+00:00,508.28,2026-05-29,2026-05-29 19:59:00+00:00,516.37,-1.5916424018257718,True,,2026_q3_f6_era
STX,2026-05-26,11.315907146628025,0.9428571428571428,SHORT,2026-05-27,2026-05-27 13:30:00+00:00,879.81,2026-05-29,2026-05-29 19:59:00+00:00,878.79,0.11593412214000545,True,,2026_q3_f6_era
AMAT,2026-05-26,5.564254016290571,0.8285714285714286,SHORT,2026-05-27,2026-05-27 13:30:00+00:00,460.72,2026-05-29,2026-05-29 19:59:00+00:00,449.95,2.337645424552882,True,,2026_q3_f6_era
HON,2026-05-26,5.3483314129038995,0.8,SHORT,2026-05-27,2026-05-27 13:30:00+00:00,244.34,2026-05-29,2026-05-29 19:59:00+00:00,248.67,-1.7721208152574215,True,,2026_q3_f6_era
KLAC,2026-05-26,8.752304745039295,0.8571428571428571,SHORT,2026-05-27,2026-05-27 13:30:00+00:00,204.43,2026-05-29,2026-05-29 19:59:00+00:00,191.97,6.094995842097544,True,,2026_q3_f6_era
LRCX,2026-05-26,9.176161086020631,0.8857142857142857,SHORT,2026-05-27,2026-05-27 13:30:00+00:00,332.41,2026-05-29,2026-05-29 19:59:00+00:00,317.96,4.347041304413238,True,,2026_q3_f6_era
MU,2026-05-26,21.158657830351064,0.9714285714285714,SHORT,2026-05-27,2026-05-27 13:30:00+00:00,955.32,2026-05-29,2026-05-29 19:59:00+00:00,971.43,-1.686345936440135,True,,2026_q3_f6_era
QCOM,2026-05-26,21.555518190808105,1.0,SHORT,2026-05-27,2026-05-27 13:30:00+00:00,243.2,2026-05-29,2026-05-29 19:59:00+00:00,248.76,-2.286184210526317,True,,2026_q3_f6_era
AMD,2026-05-27,9.199672101442191,0.9714285714285714,SHORT,2026-05-28,2026-05-28 13:30:00+00:00,498.93,2026-06-01,2026-06-01 19:59:00+00:00,510.02,-2.2227566993365753,True,,2026_q3_f6_era
STX,2026-05-27,6.364335240748218,0.8857142857142857,SHORT,2026-05-28,2026-05-28 13:30:00+00:00,886.96,2026-06-01,2026-06-01 19:59:00+00:00,919.87,-3.7104266257779344,True,,2026_q3_f6_era
ADI,2026-05-27,7.484778335898641,0.9142857142857143,SHORT,2026-05-28,2026-05-28 13:30:00+00:00,414.57,2026-06-01,2026-06-01 19:59:00+00:00,400.4,3.4179993728441556,True,,2026_q3_f6_era
KLAC,2026-05-27,5.2107718434121235,0.8285714285714286,SHORT,2026-05-28,2026-05-28 13:30:00+00:00,194.39,2026-06-01,2026-06-01 19:59:00+00:00,193.78,0.3138021503163667,True,,2026_q3_f6_era
LRCX,2026-05-27,4.485945022955399,0.8,SHORT,2026-05-28,2026-05-28 13:30:00+00:00,316.19,2026-06-01,2026-06-01 19:59:00+00:00,316.71,-0.16445807900312528,True,,2026_q3_f6_era
MU,2026-05-27,20.81649336705164,1.0,SHORT,2026-05-28,2026-05-28 13:30:00+00:00,930.14,2026-06-01,2026-06-01 19:59:00+00:00,1034.67,-11.23809319027244,True,,2026_q3_f6_era
QCOM,2026-05-27,8.307405731460527,0.9428571428571428,SHORT,2026-05-28,2026-05-28 13:30:00+00:00,234.22,2026-06-01,2026-06-01 19:59:00+00:00,226.97,3.0953804115788577,True,,2026_q3_f6_era
TXN,2026-05-27,5.385541063815059,0.8571428571428571,SHORT,2026-05-28,2026-05-28 13:30:00+00:00,319.05,2026-06-01,2026-06-01 19:59:00+00:00,291.77,8.550383952358573,True,,2026_q3_f6_era
META,2026-05-28,2.862646967687203,0.8285714285714286,SHORT,2026-05-29,2026-05-29 13:30:00+00:00,632.18,2026-06-02,2026-06-02 19:59:00+00:00,596.62,5.624980227150487,True,,2026_q3_f6_era
AMD,2026-05-28,9.615150888747122,0.9714285714285714,SHORT,2026-05-29,2026-05-29 13:30:00+00:00,520.8,2026-06-02,2026-06-02 19:59:00+00:00,521.4199,-0.11902841781874611,True,,2026_q3_f6_era
STX,2026-05-28,7.166707496117739,0.9428571428571428,SHORT,2026-05-29,2026-05-29 13:30:00+00:00,891.48,2026-06-02,2026-06-02 19:59:00+00:00,925.2,-3.7824740880333856,True,,2026_q3_f6_era
ADI,2026-05-28,4.327903782378961,0.9142857142857143,SHORT,2026-05-29,2026-05-29 13:30:00+00:00,421.01,2026-06-02,2026-06-02 19:59:00+00:00,421.76,-0.17814303698249448,True,,2026_q3_f6_era
AMAT,2026-05-28,2.8391770401971375,0.8,SHORT,2026-05-29,2026-05-29 13:30:00+00:00,452.0,2026-06-02,2026-06-02 19:59:00+00:00,489.55,-8.307522123893808,True,,2026_q3_f6_era
BKNG,2026-05-28,4.193032847872927,0.8857142857142857,SHORT,2026-05-29,2026-05-29 13:30:00+00:00,169.45,2026-06-02,2026-06-02 19:59:00+00:00,166.39,1.8058424313956933,True,,2026_q3_f6_era
LRCX,2026-05-28,2.9180740169283608,0.8571428571428571,SHORT,2026-05-29,2026-05-29 13:30:00+00:00,321.43,2026-06-02,2026-06-02 19:59:00+00:00,333.81,-3.8515384376069424,True,,2026_q3_f6_era
MU,2026-05-28,21.77023626145235,1.0,SHORT,2026-05-29,2026-05-29 13:30:00+00:00,956.86,2026-06-02,2026-06-02 19:59:00+00:00,1063.92,-11.18867963965471,True,,2026_q3_f6_era
MSFT,2026-05-29,7.227665843006574,0.9142857142857143,SHORT,2026-06-01,2026-06-01 13:30:00+00:00,463.97,2026-06-03,2026-06-03 19:59:00+00:00,426.8,8.01129383365304,True,,2026_q3_f6_era
META,2026-05-29,2.510489393319031,0.8,SHORT,2026-06-01,2026-06-01 13:30:00+00:00,628.06,2026-06-03,2026-06-03 19:59:00+00:00,621.89,0.9823902174951373,True,,2026_q3_f6_era
STX,2026-05-29,3.2840275635487353,0.8285714285714286,SHORT,2026-06-01,2026-06-01 13:30:00+00:00,883.99,2026-06-03,2026-06-03 19:59:00+00:00,939.74,-6.306632427968642,True,,2026_q3_f6_era
ADBE,2026-05-29,6.894777809915946,0.8857142857142857,SHORT,2026-06-01,2026-06-01 13:30:00+00:00,270.4,2026-06-03,2026-06-03 19:59:00+00:00,256.25,5.2329881656804655,True,,2026_q3_f6_era
AVGO,2026-05-29,5.222772838063427,0.8571428571428571,SHORT,2026-06-01,2026-06-01 13:30:00+00:00,448.69,2026-06-03,2026-06-03 19:59:00+00:00,477.55,-6.432057768169564,True,,2026_q3_f6_era
INTU,2026-05-29,8.100114979966012,0.9714285714285714,SHORT,2026-06-01,2026-06-01 13:30:00+00:00,337.21,2026-06-03,2026-06-03 19:59:00+00:00,310.07,8.04839714124729,True,,2026_q3_f6_era
MU,2026-05-29,7.650436395239653,0.9428571428571428,SHORT,2026-06-01,2026-06-01 13:30:00+00:00,1009.65,2026-06-03,2026-06-03 19:59:00+00:00,1079.39,-6.907344129153679,True,,2026_q3_f6_era
PANW,2026-05-29,8.957813286357288,1.0,SHORT,2026-06-01,2026-06-01 13:30:00+00:00,285.425,2026-06-03,2026-06-03 19:59:00+00:00,280.42,1.7535254445125672,True,,2026_q3_f6_era
MSFT,2026-06-01,10.521946133519295,0.9142857142857143,SHORT,2026-06-02,2026-06-02 13:30:00+00:00,445.89,2026-06-04,2026-06-04 19:59:00+00:00,427.34,4.1602188880665665,True,,2026_q3_f6_era
NVDA,2026-06-01,4.512161859156897,0.8,SHORT,2026-06-02,2026-06-02 13:30:00+00:00,226.66,2026-06-04,2026-06-04 19:59:00+00:00,218.47,3.613341568869672,True,,2026_q3_f6_era
STX,2026-06-01,4.761512450521401,0.8285714285714286,SHORT,2026-06-02,2026-06-02 13:30:00+00:00,927.61,2026-06-04,2026-06-04 19:59:00+00:00,924.39,0.34712864242516006,True,,2026_q3_f6_era
ADBE,2026-06-01,13.966182527461863,0.9714285714285714,SHORT,2026-06-02,2026-06-02 13:30:00+00:00,268.52,2026-06-04,2026-06-04 19:59:00+00:00,258.43,3.7576344406375597,True,,2026_q3_f6_era
AVGO,2026-06-01,7.956940320227463,0.8571428571428571,SHORT,2026-06-02,2026-06-02 13:30:00+00:00,486.28,2026-06-04,2026-06-04 19:59:00+00:00,417.61,14.12149378958624,True,,2026_q3_f6_era
INTU,2026-06-01,13.902596157780392,0.9428571428571428,SHORT,2026-06-02,2026-06-02 13:30:00+00:00,328.43,2026-06-04,2026-06-04 19:59:00+00:00,300.55,8.488871296775567,True,,2026_q3_f6_era
MU,2026-06-01,10.389494975697845,0.8857142857142857,SHORT,2026-06-02,2026-06-02 13:30:00+00:00,1049.84,2026-06-04,2026-06-04 19:59:00+00:00,997.02,5.03124285605425,True,,2026_q3_f6_era
PANW,2026-06-01,19.8900514318159,1.0,SHORT,2026-06-02,2026-06-02 13:30:00+00:00,287.46,2026-06-04,2026-06-04 19:59:00+00:00,279.26,2.8525707924580774,True,,2026_q3_f6_era
STX,2026-06-02,4.517667344093252,0.8,SHORT,2026-06-03,2026-06-03 13:30:00+00:00,939.28,2026-06-05,2026-06-05 19:59:00+00:00,845.99,9.93207563239928,True,,2026_q3_f6_era
ADBE,2026-06-02,7.906884050496249,0.8857142857142857,SHORT,2026-06-03,2026-06-03 13:30:00+00:00,259.2,2026-06-05,2026-06-05 19:59:00+00:00,251.4,3.009259259259253,True,,2026_q3_f6_era
AMAT,2026-06-02,8.346015478395877,0.9142857142857143,SHORT,2026-06-03,2026-06-03 13:30:00+00:00,487.43,2026-06-05,2026-06-05 19:59:00+00:00,452.58,7.1497445787087415,True,,2026_q3_f6_era
AVGO,2026-06-02,12.248850008147073,0.9428571428571428,SHORT,2026-06-03,2026-06-03 13:30:00+00:00,493.1,2026-06-05,2026-06-05 19:59:00+00:00,384.43,22.038126140742246,True,,2026_q3_f6_era
CSCO,2026-06-02,7.2567806966519015,0.8571428571428571,SHORT,2026-06-03,2026-06-03 13:30:00+00:00,125.84,2026-06-05,2026-06-05 19:59:00+00:00,121.19,3.695168467895745,True,,2026_q3_f6_era
KLAC,2026-06-02,5.43059696883712,0.8285714285714286,SHORT,2026-06-03,2026-06-03 13:30:00+00:00,204.6,2026-06-05,2026-06-05 19:59:00+00:00,192.7,5.816226783968722,True,,2026_q3_f6_era
MU,2026-06-02,14.60476571493698,0.9714285714285714,SHORT,2026-06-03,2026-06-03 13:30:00+00:00,1078.56,2026-06-05,2026-06-05 19:59:00+00:00,863.88,19.904316866933687,True,,2026_q3_f6_era
PANW,2026-06-02,14.657999498656366,1.0,SHORT,2026-06-03,2026-06-03 13:30:00+00:00,285.0,2026-06-05,2026-06-05 19:59:00+00:00,272.13,4.515789473684212,True,,2026_q3_f6_era
STX,2026-06-03,7.227996755559755,0.8571428571428571,SHORT,2026-06-04,2026-06-04 13:30:00+00:00,891.19,2026-06-08,2026-06-08 19:59:00+00:00,875.18,1.7964743769566651,True,,2026_q3_f6_era
ADI,2026-06-03,6.356981109532619,0.8285714285714286,SHORT,2026-06-04,2026-06-04 13:30:00+00:00,427.43,2026-06-08,2026-06-08 19:59:00+00:00,402.61,5.806798774068267,True,,2026_q3_f6_era
AMAT,2026-06-03,11.484678547745242,1.0,SHORT,2026-06-04,2026-06-04 13:30:00+00:00,484.82,2026-06-08,2026-06-08 19:59:00+00:00,491.6,-1.3984571593581183,True,,2026_q3_f6_era
AVGO,2026-06-03,7.433578440966788,0.8857142857142857,SHORT,2026-06-04,2026-06-04 13:30:00+00:00,407.6,2026-06-08,2026-06-08 19:59:00+00:00,395.33,3.0103042198233654,True,,2026_q3_f6_era
CSCO,2026-06-03,5.383990508333449,0.8,SHORT,2026-06-04,2026-06-04 13:30:00+00:00,125.84,2026-06-08,2026-06-08 19:59:00+00:00,123.73,1.6767323585505398,True,,2026_q3_f6_era
KLAC,2026-06-03,10.872101931993399,0.9428571428571428,SHORT,2026-06-04,2026-06-04 13:30:00+00:00,205.15,2026-06-08,2026-06-08 19:59:00+00:00,210.46,-2.588349987813796,True,,2026_q3_f6_era
LRCX,2026-06-03,8.164383220204973,0.9142857142857143,SHORT,2026-06-04,2026-06-04 13:30:00+00:00,329.17,2026-06-08,2026-06-08 19:59:00+00:00,323.64,1.6799829875140595,True,,2026_q3_f6_era
MU,2026-06-03,11.405836910029935,0.9714285714285714,SHORT,2026-06-04,2026-06-04 13:30:00+00:00,1006.95,2026-06-08,2026-06-08 19:59:00+00:00,949.32,5.723223596007745,True,,2026_q3_f6_era
META,2026-06-04,4.71320221811495,0.8,SHORT,2026-06-05,2026-06-05 13:30:00+00:00,621.98,2026-06-09,2026-06-09 19:59:00+00:00,583.69,6.15614649988745,True,,2026_q3_f6_era
ADI,2026-06-04,6.949782503048436,0.9142857142857143,SHORT,2026-06-05,2026-06-05 13:30:00+00:00,418.22,2026-06-09,2026-06-09 19:59:00+00:00,403.42,3.5388073262876025,True,,2026_q3_f6_era
AMAT,2026-06-04,9.704944208234167,0.9714285714285714,SHORT,2026-06-05,2026-06-05 13:30:00+00:00,479.2,2026-06-09,2026-06-09 19:59:00+00:00,499.01,-4.133973288814691,True,,2026_q3_f6_era
CSCO,2026-06-04,7.310820439555727,0.9428571428571428,SHORT,2026-06-05,2026-06-05 13:30:00+00:00,128.17,2026-06-09,2026-06-09 19:59:00+00:00,119.8,6.530389326675502,True,,2026_q3_f6_era
KLAC,2026-06-04,10.110335955169644,1.0,SHORT,2026-06-05,2026-06-05 13:30:00+00:00,204.07,2026-06-09,2026-06-09 19:59:00+00:00,213.71,-4.723869260547859,True,,2026_q3_f6_era
LRCX,2026-06-04,6.22809173446935,0.8571428571428571,SHORT,2026-06-05,2026-06-05 13:30:00+00:00,318.37,2026-06-09,2026-06-09 19:59:00+00:00,326.58,-2.578760561610698,True,,2026_q3_f6_era
QCOM,2026-06-04,6.464319382655577,0.8857142857142857,SHORT,2026-06-05,2026-06-05 13:30:00+00:00,236.23,2026-06-09,2026-06-09 19:59:00+00:00,204.3,13.516488168310536,True,,2026_q3_f6_era
REGN,2026-06-04,4.797729851229008,0.8285714285714286,SHORT,2026-06-05,2026-06-05 13:30:00+00:00,631.52,2026-06-09,2026-06-09 19:59:00+00:00,615.12,2.596909044844182,True,,2026_q3_f6_era
GOOGL,2026-06-05,4.821292081101798,0.9142857142857143,SHORT,2026-06-08,2026-06-08 13:30:00+00:00,364.95,2026-06-10,2026-06-10 19:59:00+00:00,356.09,2.427729826003566,True,,2026_q3_f6_era
COST,2026-06-05,4.766408740684638,0.8857142857142857,SHORT,2026-06-08,2026-06-08 13:30:00+00:00,962.86,2026-06-10,2026-06-10 19:59:00+00:00,981.78,-1.9649793324055376,True,,2026_q3_f6_era
GILD,2026-06-05,4.035759607407996,0.8285714285714286,SHORT,2026-06-08,2026-06-08 13:30:00+00:00,128.52,2026-06-10,2026-06-10 19:59:00+00:00,119.95,6.668222844693437,True,,2026_q3_f6_era
ISRG,2026-06-05,7.825114969302883,0.9428571428571428,SHORT,2026-06-08,2026-06-08 13:30:00+00:00,422.535,2026-06-10,2026-06-10 19:59:00+00:00,412.02,2.4885512442756323,True,,2026_q3_f6_era
MDLZ,2026-06-05,4.500129438205644,0.8571428571428571,SHORT,2026-06-08,2026-06-08 13:30:00+00:00,60.98,2026-06-10,2026-06-10 19:59:00+00:00,63.07,-3.4273532305674053,True,,2026_q3_f6_era
PEP,2026-06-05,3.864819126162702,0.8,SHORT,2026-06-08,2026-06-08 13:30:00+00:00,139.45,2026-06-10,2026-06-10 19:59:00+00:00,142.76,-2.373610613122985,True,,2026_q3_f6_era
REGN,2026-06-05,8.346835471154094,1.0,SHORT,2026-06-08,2026-06-08 13:30:00+00:00,637.74,2026-06-10,2026-06-10 19:59:00+00:00,600.57,5.828394016370301,True,,2026_q3_f6_era
VRTX,2026-06-05,8.0176129567268,0.9714285714285714,SHORT,2026-06-08,2026-06-08 13:30:00+00:00,443.17,2026-06-10,2026-06-10 19:59:00+00:00,435.57,1.714917526005827,True,,2026_q3_f6_era
GOOGL,2026-06-08,3.1467344441137173,0.8857142857142857,SHORT,2026-06-09,2026-06-09 13:30:00+00:00,366.85,2026-06-11,2026-06-11 19:59:00+00:00,357.43,2.5678070055881195,True,,2026_q3_f6_era
CMCSA,2026-06-08,2.8784227950424524,0.8571428571428571,SHORT,2026-06-09,2026-06-09 13:30:00+00:00,23.46,2026-06-11,2026-06-11 19:59:00+00:00,23.62,-0.6820119352088667,True,,2026_q3_f6_era
COST,2026-06-08,3.2665149898176757,0.9142857142857143,SHORT,2026-06-09,2026-06-09 13:30:00+00:00,972.84,2026-06-11,2026-06-11 19:59:00+00:00,973.58,-0.07606595123555868,True,,2026_q3_f6_era
ISRG,2026-06-08,4.7525774057086805,0.9714285714285714,SHORT,2026-06-09,2026-06-09 13:30:00+00:00,421.37,2026-06-11,2026-06-11 19:59:00+00:00,412.86,2.0196027244464463,True,,2026_q3_f6_era
MDLZ,2026-06-08,2.4049608779855514,0.8285714285714286,SHORT,2026-06-09,2026-06-09 13:30:00+00:00,60.87,2026-06-11,2026-06-11 19:59:00+00:00,62.25,-2.26712666338098,True,,2026_q3_f6_era
NFLX,2026-06-08,3.32896970030059,0.9428571428571428,SHORT,2026-06-09,2026-06-09 13:30:00+00:00,82.125,2026-06-11,2026-06-11 19:59:00+00:00,81.25,1.06544901065449,True,,2026_q3_f6_era
PEP,2026-06-08,1.6655953847762923,0.8,SHORT,2026-06-09,2026-06-09 13:30:00+00:00,140.12,2026-06-11,2026-06-11 19:59:00+00:00,142.17,-1.463031687125309,True,,2026_q3_f6_era
VRTX,2026-06-08,5.353501257851417,1.0,SHORT,2026-06-09,2026-06-09 13:30:00+00:00,447.28,2026-06-11,2026-06-11 19:59:00+00:00,445.04,0.5008048649615346,True,,2026_q3_f6_era
CMCSA,2026-06-09,4.72706359151114,0.9428571428571428,SHORT,2026-06-10,2026-06-10 13:30:00+00:00,23.76,2026-06-12,2026-06-12 19:59:00+00:00,24.18,-1.7676767676767597,True,,2026_q3_f6_era
ISRG,2026-06-09,4.475512215940663,0.9142857142857143,SHORT,2026-06-10,2026-06-10 13:30:00+00:00,424.01,2026-06-12,2026-06-12 19:59:00+00:00,410.91,3.089549774769455,True,,2026_q3_f6_era
KLAC,2026-06-09,2.9658334854879636,0.8285714285714286,SHORT,2026-06-10,2026-06-10 13:30:00+00:00,215.74,2026-06-12,2026-06-12 19:59:00+00:00,254.25,-17.85019004357096,True,,2026_q3_f6_era
MDLZ,2026-06-09,5.777343853649412,0.9714285714285714,SHORT,2026-06-10,2026-06-10 13:30:00+00:00,62.44,2026-06-12,2026-06-12 19:59:00+00:00,61.91,0.8488148622677789,True,,2026_q3_f6_era
NFLX,2026-06-09,2.41517676444069,0.8,SHORT,2026-06-10,2026-06-10 13:30:00+00:00,81.75,2026-06-12,2026-06-12 19:59:00+00:00,80.33,1.7370030581039777,True,,2026_q3_f6_era
PEP,2026-06-09,4.1076480723645465,0.8857142857142857,SHORT,2026-06-10,2026-06-10 13:30:00+00:00,142.18,2026-06-12,2026-06-12 19:59:00+00:00,142.73,-0.38683359122238214,True,,2026_q3_f6_era
SBUX,2026-06-09,6.103458699444049,1.0,SHORT,2026-06-10,2026-06-10 13:30:00+00:00,96.73,2026-06-12,2026-06-12 19:59:00+00:00,102.43,-5.89269099555464,True,,2026_q3_f6_era
VRTX,2026-06-09,3.5157176346231815,0.8571428571428571,SHORT,2026-06-10,2026-06-10 13:30:00+00:00,447.27,2026-06-12,2026-06-12 19:59:00+00:00,444.965,0.5153486708252302,True,,2026_q3_f6_era
AMAT,2026-06-10,11.300796036364101,0.9714285714285714,SHORT,2026-06-11,2026-06-11 13:30:00+00:00,521.6,2026-06-15,2026-06-15 19:59:00+00:00,584.75,-12.106978527607357,True,,2026_q3_f6_era
INTC,2026-06-10,9.803214521178944,0.9428571428571428,SHORT,2026-06-11,2026-06-11 13:30:00+00:00,113.52,2026-06-15,2026-06-15 19:59:00+00:00,127.78,-12.561663143058496,True,,2026_q3_f6_era
KLAC,2026-06-10,12.405780173554318,1.0,SHORT,2026-06-11,2026-06-11 13:30:00+00:00,220.6,2026-06-15,2026-06-15 19:59:00+00:00,256.0,-16.04714415231188,True,,2026_q3_f6_era
LRCX,2026-06-10,7.726218405027936,0.9142857142857143,SHORT,2026-06-11,2026-06-11 13:30:00+00:00,335.52,2026-06-15,2026-06-15 19:59:00+00:00,388.23,-15.709942775393431,True,,2026_q3_f6_era
MDLZ,2026-06-10,5.037763280860133,0.8571428571428571,SHORT,2026-06-11,2026-06-11 13:30:00+00:00,62.99,2026-06-15,2026-06-15 19:59:00+00:00,60.47,4.000635021431978,True,,2026_q3_f6_era
MU,2026-06-10,4.808365494859318,0.8285714285714286,SHORT,2026-06-11,2026-06-11 13:30:00+00:00,904.23,2026-06-15,2026-06-15 19:59:00+00:00,1087.63,-20.282450261548508,True,,2026_q3_f6_era
PEP,2026-06-10,3.337256991339032,0.8,SHORT,2026-06-11,2026-06-11 13:30:00+00:00,143.35,2026-06-15,2026-06-15 19:59:00+00:00,144.69,-0.9347750261597513,True,,2026_q3_f6_era
SBUX,2026-06-10,5.193897626570197,0.8857142857142857,SHORT,2026-06-11,2026-06-11 13:30:00+00:00,98.39,2026-06-15,2026-06-15 19:59:00+00:00,101.03,-2.683199512145544,True,,2026_q3_f6_era
AMAT,2026-06-11,12.473434667088005,0.9714285714285714,SHORT,2026-06-12,2026-06-12 13:30:00+00:00,548.03,2026-06-16,2026-06-16 19:59:00+00:00,567.62,-3.5746218272722357,True,,2026_q3_f6_era
HON,2026-06-11,3.6597692266797157,0.8,SHORT,2026-06-12,2026-06-12 13:30:00+00:00,230.79,2026-06-16,2026-06-16 19:59:00+00:00,239.85,-3.925646691797739,True,,2026_q3_f6_era
INTC,2026-06-11,6.396831165967718,0.8857142857142857,SHORT,2026-06-12,2026-06-12 13:30:00+00:00,117.44,2026-06-16,2026-06-16 19:59:00+00:00,117.08,0.30653950953678427,True,,2026_q3_f6_era
KLAC,2026-06-11,14.61795582795019,1.0,SHORT,2026-06-12,2026-06-12 13:30:00+00:00,238.26,2026-06-16,2026-06-16 19:59:00+00:00,237.07,0.49945437757072014,True,,2026_q3_f6_era
LRCX,2026-06-11,11.917675719261142,0.9428571428571428,SHORT,2026-06-12,2026-06-12 13:30:00+00:00,357.62,2026-06-16,2026-06-16 19:59:00+00:00,368.64,-3.0814831385269232,True,,2026_q3_f6_era
MU,2026-06-11,5.090206872876052,0.8285714285714286,SHORT,2026-06-12,2026-06-12 13:30:00+00:00,971.58,2026-06-16,2026-06-16 19:59:00+00:00,1020.67,-5.052594742584236,True,,2026_q3_f6_era
PANW,2026-06-11,5.2057669029584615,0.8571428571428571,SHORT,2026-06-12,2026-06-12 13:30:00+00:00,276.56,2026-06-16,2026-06-16 19:59:00+00:00,279.77,-1.1606884582007446,True,,2026_q3_f6_era
SBUX,2026-06-11,8.054249748813627,0.9142857142857143,SHORT,2026-06-12,2026-06-12 13:30:00+00:00,102.19,2026-06-16,2026-06-16 19:59:00+00:00,101.12,1.0470691848517402,True,,2026_q3_f6_era
AMD,2026-06-12,6.900055826851248,0.8571428571428571,SHORT,2026-06-15,2026-06-15 13:30:00+00:00,535.75,2026-06-17,2026-06-17 19:59:00+00:00,512.2,4.3957069528698005,True,,2026_q3_f6_era
STX,2026-06-12,9.406670622233936,0.8857142857142857,SHORT,2026-06-15,2026-06-15 13:30:00+00:00,1030.95,2026-06-17,2026-06-17 19:59:00+00:00,1063.87,-3.1931713468160283,True,,2026_q3_f6_era
AMAT,2026-06-12,12.906334125390243,0.9428571428571428,SHORT,2026-06-15,2026-06-15 13:30:00+00:00,588.77,2026-06-17,2026-06-17 19:59:00+00:00,592.57,-0.6454133192927745,True,,2026_q3_f6_era
INTC,2026-06-12,14.619673238045493,0.9714285714285714,SHORT,2026-06-15,2026-06-15 13:30:00+00:00,129.49,2026-06-17,2026-06-17 19:59:00+00:00,121.08,6.494710016217477,True,,2026_q3_f6_era
KLAC,2026-06-12,18.349182838942134,1.0,SHORT,2026-06-15,2026-06-15 13:30:00+00:00,263.27,2026-06-17,2026-06-17 19:59:00+00:00,238.59,9.374406502829787,True,,2026_q3_f6_era
LRCX,2026-06-12,11.492968940540914,0.9142857142857143,SHORT,2026-06-15,2026-06-15 13:30:00+00:00,384.95,2026-06-17,2026-06-17 19:59:00+00:00,373.74,2.91206650214313,True,,2026_q3_f6_era
PANW,2026-06-12,6.698964620744251,0.8285714285714286,SHORT,2026-06-15,2026-06-15 13:30:00+00:00,281.59,2026-06-17,2026-06-17 19:59:00+00:00,282.03,-0.15625554884761453,True,,2026_q3_f6_era
SBUX,2026-06-12,5.151959190818225,0.8,SHORT,2026-06-15,2026-06-15 13:30:00+00:00,102.91,2026-06-17,2026-06-17 19:59:00+00:00,99.28,3.527353998639584,True,,2026_q3_f6_era
AMD,2026-06-15,17.037586920449158,0.9428571428571428,SHORT,2026-06-16,2026-06-16 13:30:00+00:00,547.25,2026-06-18,2026-06-18 19:59:00+00:00,536.44,1.9753312014618447,True,,2026_q3_f6_era
STX,2026-06-15,20.850950540237022,1.0,SHORT,2026-06-16,2026-06-16 13:30:00+00:00,1041.99,2026-06-18,2026-06-18 19:59:00+00:00,1068.31,-2.525935949481275,True,,2026_q3_f6_era
AMAT,2026-06-15,13.775828488054525,0.8285714285714286,SHORT,2026-06-16,2026-06-16 13:30:00+00:00,579.79,2026-06-18,2026-06-18 19:59:00+00:00,616.04,-6.252263750668346,True,,2026_q3_f6_era
INTC,2026-06-15,15.344123101841397,0.8571428571428571,SHORT,2026-06-16,2026-06-16 13:30:00+00:00,125.105,2026-06-18,2026-06-18 19:59:00+00:00,133.79,-6.942168578394139,True,,2026_q3_f6_era
KLAC,2026-06-15,15.891363088164628,0.8857142857142857,SHORT,2026-06-16,2026-06-16 13:30:00+00:00,254.14,2026-06-18,2026-06-18 19:59:00+00:00,258.72,-1.8021562918076814,True,,2026_q3_f6_era
LRCX,2026-06-15,16.85938897129211,0.9142857142857143,SHORT,2026-06-16,2026-06-16 13:30:00+00:00,384.71,2026-06-18,2026-06-18 19:59:00+00:00,388.04,-0.8655870655818776,True,,2026_q3_f6_era
MU,2026-06-15,17.98735060203661,0.9714285714285714,SHORT,2026-06-16,2026-06-16 13:30:00+00:00,1099.55,2026-06-18,2026-06-18 19:59:00+00:00,1131.84,-2.936655904688278,True,,2026_q3_f6_era
QCOM,2026-06-15,11.628745129548467,0.8,SHORT,2026-06-16,2026-06-16 13:30:00+00:00,224.61,2026-06-18,2026-06-18 19:59:00+00:00,224.85,-0.10685187658607392,True,,2026_q3_f6_era
META,2026-06-16,3.961598761979781,0.9142857142857143,SHORT,2026-06-17,2026-06-17 13:30:00+00:00,591.77,2026-06-22,2026-06-22 19:59:00+00:00,563.41,4.792402453655983,True,,2026_q3_f6_era
AMD,2026-06-16,2.1811312883361933,0.8,SHORT,2026-06-17,2026-06-17 13:30:00+00:00,529.73,2026-06-22,2026-06-22 19:59:00+00:00,551.67,-4.1417325807486725,True,,2026_q3_f6_era
GOOGL,2026-06-16,2.63262191024445,0.8285714285714286,SHORT,2026-06-17,2026-06-17 13:30:00+00:00,368.89,2026-06-22,2026-06-22 19:59:00+00:00,349.49,5.259020304155705,True,,2026_q3_f6_era
PYPL,2026-06-16,4.128974409194067,0.9428571428571428,SHORT,2026-06-17,2026-06-17 13:30:00+00:00,43.51,2026-06-22,2026-06-22 19:59:00+00:00,42.24,2.9188692254654014,True,,2026_q3_f6_era
STX,2026-06-16,16.992231865633528,1.0,SHORT,2026-06-17,2026-06-17 13:30:00+00:00,1045.55,2026-06-22,2026-06-22 19:59:00+00:00,1092.27,-4.46846157524748,True,,2026_q3_f6_era
BKNG,2026-06-16,5.73123644160746,0.9714285714285714,SHORT,2026-06-17,2026-06-17 13:30:00+00:00,174.45,2026-06-22,2026-06-22 19:59:00+00:00,167.34,4.075666380051582,True,,2026_q3_f6_era
HON,2026-06-16,3.050099564749922,0.8571428571428571,SHORT,2026-06-17,2026-06-17 13:30:00+00:00,240.83,2026-06-22,2026-06-22 19:59:00+00:00,238.37,1.0214674251546767,True,,2026_q3_f6_era
QCOM,2026-06-16,3.62639068829157,0.8857142857142857,SHORT,2026-06-17,2026-06-17 13:30:00+00:00,217.85,2026-06-22,2026-06-22 19:59:00+00:00,220.76,-1.3357815010328191,True,,2026_q3_f6_era
STX,2026-06-17,14.58921322127935,1.0,SHORT,2026-06-18,2026-06-18 13:30:00+00:00,1131.29,2026-06-23,2026-06-23 19:59:00+00:00,1037.26,8.311750302751724,True,,2026_q3_f6_era
AMAT,2026-06-17,4.681408253292933,0.9428571428571428,SHORT,2026-06-18,2026-06-18 13:30:00+00:00,620.78,2026-06-23,2026-06-23 19:59:00+00:00,585.11,5.745996971551913,True,,2026_q3_f6_era
AVGO,2026-06-17,2.931101496896238,0.8285714285714286,SHORT,2026-06-18,2026-06-18 13:30:00+00:00,407.59,2026-06-23,2026-06-23 19:59:00+00:00,379.67,6.8500208542898395,True,,2026_q3_f6_era
BKNG,2026-06-17,4.141116020217136,0.9142857142857143,SHORT,2026-06-18,2026-06-18 13:30:00+00:00,172.24,2026-06-23,2026-06-23 19:59:00+00:00,168.54,2.1481653506734886,True,,2026_q3_f6_era
HON,2026-06-17,3.904241817656241,0.8857142857142857,SHORT,2026-06-18,2026-06-18 13:30:00+00:00,242.77,2026-06-23,2026-06-23 19:59:00+00:00,232.43,4.259175351155416,True,,2026_q3_f6_era
LRCX,2026-06-17,2.157021678110662,0.8,SHORT,2026-06-18,2026-06-18 13:30:00+00:00,396.8,2026-06-23,2026-06-23 19:59:00+00:00,370.96,6.512096774193556,True,,2026_q3_f6_era
MU,2026-06-17,6.270633321171489,0.9714285714285714,SHORT,2026-06-18,2026-06-18 13:30:00+00:00,1107.89,2026-06-23,2026-06-23 19:59:00+00:00,1051.26,5.111518291527147,True,,2026_q3_f6_era
VRTX,2026-06-17,3.269204115274522,0.8571428571428571,SHORT,2026-06-18,2026-06-18 13:30:00+00:00,461.26,2026-06-23,2026-06-23 19:59:00+00:00,468.42,-1.5522698694879298,True,,2026_q3_f6_era
STX,2026-06-18,5.836411169565859,0.9714285714285714,SHORT,2026-06-22,2026-06-22 13:30:00+00:00,1090.0,2026-06-24,2026-06-24 19:59:00+00:00,992.04,8.987155963302754,True,,2026_q3_f6_era
ADI,2026-06-18,2.3561504308092225,0.8,SHORT,2026-06-22,2026-06-22 13:30:00+00:00,436.42,2026-06-24,2026-06-24 19:59:00+00:00,411.87,5.625315063470971,True,,2026_q3_f6_era
AMAT,2026-06-18,6.170065513135352,1.0,SHORT,2026-06-22,2026-06-22 13:30:00+00:00,625.55,2026-06-24,2026-06-24 19:59:00+00:00,588.37,5.943569658700336,True,,2026_q3_f6_era
AVGO,2026-06-18,5.063707259485349,0.9142857142857143,SHORT,2026-06-22,2026-06-22 13:30:00+00:00,413.0,2026-06-24,2026-06-24 19:59:00+00:00,381.42,7.6464891041162195,True,,2026_q3_f6_era
INTC,2026-06-18,5.522457272941093,0.9428571428571428,SHORT,2026-06-22,2026-06-22 13:30:00+00:00,139.12,2026-06-24,2026-06-24 19:59:00+00:00,131.76,5.290396779758492,True,,2026_q3_f6_era
MU,2026-06-18,4.883862259293054,0.8857142857142857,SHORT,2026-06-22,2026-06-22 13:30:00+00:00,1196.44,2026-06-24,2026-06-24 19:59:00+00:00,1048.34,12.378389221356702,True,,2026_q3_f6_era
QCOM,2026-06-18,3.223760905912368,0.8285714285714286,SHORT,2026-06-22,2026-06-22 13:30:00+00:00,221.72,2026-06-24,2026-06-24 19:59:00+00:00,196.33,11.451380119069091,True,,2026_q3_f6_era
TXN,2026-06-18,3.7285366555265456,0.8571428571428571,SHORT,2026-06-22,2026-06-22 13:30:00+00:00,326.33,2026-06-24,2026-06-24 19:59:00+00:00,301.72,7.541445775748462,True,,2026_q3_f6_era
AMD,2026-06-22,9.292774006754167,0.8571428571428571,SHORT,2026-06-23,2026-06-23 13:30:00+00:00,509.08,2026-06-25,2026-06-25 19:59:00+00:00,532.69,-4.637777952384708,True,,2026_q3_f6_era
ADI,2026-06-22,7.692600329433864,0.8,SHORT,2026-06-23,2026-06-23 13:30:00+00:00,424.9,2026-06-25,2026-06-25 19:59:00+00:00,416.61,1.9510473052482853,True,,2026_q3_f6_era
AMAT,2026-06-22,13.22925077819098,0.9142857142857143,SHORT,2026-06-23,2026-06-23 13:30:00+00:00,579.87,2026-06-25,2026-06-25 19:59:00+00:00,667.53,-15.117181437218683,True,,2026_q3_f6_era
INTC,2026-06-22,20.85736857552065,1.0,SHORT,2026-06-23,2026-06-23 13:30:00+00:00,129.71,2026-06-25,2026-06-25 19:59:00+00:00,133.0,-2.536427415002692,True,,2026_q3_f6_era
KLAC,2026-06-22,13.850557444947505,0.9428571428571428,SHORT,2026-06-23,2026-06-23 13:30:00+00:00,247.76,2026-06-25,2026-06-25 19:59:00+00:00,258.65,-4.395382628350011,True,,2026_q3_f6_era
LRCX,2026-06-22,11.535510843212714,0.8857142857142857,SHORT,2026-06-23,2026-06-23 13:30:00+00:00,370.6,2026-06-25,2026-06-25 19:59:00+00:00,401.48,-8.332433890987586,True,,2026_q3_f6_era
MU,2026-06-22,19.195004830575527,0.9714285714285714,SHORT,2026-06-23,2026-06-23 13:30:00+00:00,1079.79,2026-06-25,2026-06-25 19:59:00+00:00,1214.4,-12.46631289417388,True,,2026_q3_f6_era
TXN,2026-06-22,9.249412671594875,0.8285714285714286,SHORT,2026-06-23,2026-06-23 13:30:00+00:00,314.17,2026-06-25,2026-06-25 19:59:00+00:00,310.36,1.2127192284432002,True,,2026_q3_f6_era
AMD,2026-06-23,2.262632216616858,0.8285714285714286,SHORT,2026-06-24,2026-06-24 13:30:00+00:00,520.82,2026-06-26,2026-06-26 19:59:00+00:00,519.74,0.20736530855190674,True,,2026_q3_f6_era
CSCO,2026-06-23,3.92668905701725,0.9714285714285714,SHORT,2026-06-24,2026-06-24 13:30:00+00:00,120.12,2026-06-26,2026-06-26 19:59:00+00:00,113.24,5.727605727605735,True,,2026_q3_f6_era
INTC,2026-06-23,9.987919804687635,1.0,SHORT,2026-06-24,2026-06-24 13:30:00+00:00,133.045,2026-06-26,2026-06-26 19:59:00+00:00,127.71,4.009921455146751,True,,2026_q3_f6_era
KLAC,2026-06-23,3.101725055730765,0.9142857142857143,SHORT,2026-06-24,2026-06-24 13:30:00+00:00,241.85,2026-06-26,2026-06-26 19:59:00+00:00,247.48,-2.3278891875129193,True,,2026_q3_f6_era
PANW,2026-06-23,3.897075593560378,0.9428571428571428,SHORT,2026-06-24,2026-06-24 13:30:00+00:00,289.62,2026-06-26,2026-06-26 19:59:00+00:00,303.61,-4.830467509149924,True,,2026_q3_f6_era
REGN,2026-06-23,2.426414197300993,0.8571428571428571,SHORT,2026-06-24,2026-06-24 13:30:00+00:00,621.31,2026-06-26,2026-06-26 19:59:00+00:00,632.55,-1.809080813120666,True,,2026_q3_f6_era
SBUX,2026-06-23,1.9465398738103596,0.8,SHORT,2026-06-24,2026-06-24 13:30:00+00:00,100.63,2026-06-26,2026-06-26 19:59:00+00:00,104.0,-3.348901917917127,True,,2026_q3_f6_era
VRTX,2026-06-23,2.7567852708553024,0.8857142857142857,SHORT,2026-06-24,2026-06-24 13:30:00+00:00,471.38,2026-06-26,2026-06-26 19:59:00+00:00,490.7,-4.098604098604097,True,,2026_q3_f6_era
BKNG,2026-06-24,7.332913829145687,1.0,SHORT,2026-06-25,2026-06-25 13:30:00+00:00,180.76,2026-06-29,2026-06-29 19:59:00+00:00,181.93,-0.6472670944899402,True,,2026_q3_f6_era
CMCSA,2026-06-24,2.84142492589207,0.8285714285714286,SHORT,2026-06-25,2026-06-25 13:30:00+00:00,22.4,2026-06-29,2026-06-29 19:59:00+00:00,23.86,-6.517857142857148,True,,2026_q3_f6_era
COST,2026-06-24,2.824117386040152,0.8,SHORT,2026-06-25,2026-06-25 13:30:00+00:00,948.06,2026-06-29,2026-06-29 19:59:00+00:00,944.8,0.34386009324304273,True,,2026_q3_f6_era
GILD,2026-06-24,2.97965858282406,0.8571428571428571,SHORT,2026-06-25,2026-06-25 13:30:00+00:00,124.67,2026-06-29,2026-06-29 19:59:00+00:00,125.61,-0.753990535012431,True,,2026_q3_f6_era
MDLZ,2026-06-24,4.543209831751912,0.9142857142857143,SHORT,2026-06-25,2026-06-25 13:30:00+00:00,60.57,2026-06-29,2026-06-29 19:59:00+00:00,59.12,2.393924385009085,True,,2026_q3_f6_era
REGN,2026-06-24,3.9898830366790468,0.8857142857142857,SHORT,2026-06-25,2026-06-25 13:30:00+00:00,622.68,2026-06-29,2026-06-29 19:59:00+00:00,631.33,-1.3891565491103122,True,,2026_q3_f6_era
SBUX,2026-06-24,4.699541407806097,0.9428571428571428,SHORT,2026-06-25,2026-06-25 13:30:00+00:00,102.58,2026-06-29,2026-06-29 19:59:00+00:00,103.45,-0.8481185416260525,True,,2026_q3_f6_era
VRTX,2026-06-24,7.055118374574869,0.9714285714285714,SHORT,2026-06-25,2026-06-25 13:30:00+00:00,475.39,2026-06-29,2026-06-29 19:59:00+00:00,499.65,-5.103178442962618,True,,2026_q3_f6_era
AMAT,2026-06-25,5.8587023678440975,0.9714285714285714,SHORT,2026-06-26,2026-06-26 13:30:00+00:00,644.3,2026-06-30,2026-06-30 19:59:00+00:00,723.03,-12.219462983082419,True,,2026_q3_f6_era
BKNG,2026-06-25,7.0271864263824675,1.0,SHORT,2026-06-26,2026-06-26 13:30:00+00:00,176.98,2026-06-30,2026-06-30 19:59:00+00:00,177.79,-0.4576788337665286,True,,2026_q3_f6_era
CMCSA,2026-06-25,3.265464202160139,0.8285714285714286,SHORT,2026-06-26,2026-06-26 13:30:00+00:00,22.45,2026-06-30,2026-06-30 19:59:00+00:00,24.21,-7.839643652561254,True,,2026_q3_f6_era
HON,2026-06-25,2.924091494742476,0.8,SHORT,2026-06-26,2026-06-26 13:30:00+00:00,239.88,2026-06-30,2026-06-30 19:59:00+00:00,223.22,6.945139236284807,True,,2026_q3_f6_era
MDLZ,2026-06-25,4.33163432999259,0.9142857142857143,SHORT,2026-06-26,2026-06-26 13:30:00+00:00,60.83,2026-06-30,2026-06-30 19:59:00+00:00,57.31,5.786618444846287,True,,2026_q3_f6_era
PANW,2026-06-25,3.8508797794833436,0.8571428571428571,SHORT,2026-06-26,2026-06-26 13:30:00+00:00,295.15,2026-06-30,2026-06-30 19:59:00+00:00,340.77,-15.45654751821108,True,,2026_q3_f6_era
SBUX,2026-06-25,4.506800685138688,0.9428571428571428,SHORT,2026-06-26,2026-06-26 13:30:00+00:00,102.85,2026-06-30,2026-06-30 19:59:00+00:00,101.57,1.2445308701993205,True,,2026_q3_f6_era
VRTX,2026-06-25,4.3213664235231635,0.8857142857142857,SHORT,2026-06-26,2026-06-26 13:30:00+00:00,482.5,2026-06-30,2026-06-30 19:59:00+00:00,496.65,-2.9326424870466274,True,,2026_q3_f6_era
PYPL,2026-06-26,6.8774511529174465,0.9142857142857143,SHORT,2026-06-29,2026-06-29 13:30:00+00:00,44.53,2026-07-01,2026-07-01 19:59:00+00:00,43.95,1.3024927015495134,True,,2026_q3_f6_era
AMAT,2026-06-26,7.130913769012716,0.9428571428571428,SHORT,2026-06-29,2026-06-29 13:30:00+00:00,635.46,2026-07-01,2026-07-01 19:59:00+00:00,650.21,-2.3211531803732726,True,,2026_q3_f6_era
BKNG,2026-06-26,7.8096828256261634,1.0,SHORT,2026-06-29,2026-06-29 13:30:00+00:00,184.55,2026-07-01,2026-07-01 19:59:00+00:00,182.2,1.27336765104309,True,,2026_q3_f6_era
HON,2026-06-26,4.62564956368092,0.8285714285714286,SHORT,2026-06-29,2026-06-29 13:30:00+00:00,239.97,2026-07-01,2026-07-01 19:59:00+00:00,221.11,7.859315747801802,True,,2026_q3_f6_era
MU,2026-06-26,7.424855835360081,0.9714285714285714,SHORT,2026-06-29,2026-06-29 13:30:00+00:00,1128.53,2026-07-01,2026-07-01 19:59:00+00:00,1033.13,8.45347487439411,True,,2026_q3_f6_era
PANW,2026-06-26,4.979294697120242,0.8571428571428571,SHORT,2026-06-29,2026-06-29 13:30:00+00:00,309.99,2026-07-01,2026-07-01 19:59:00+00:00,352.09,-13.581083260750335,True,,2026_q3_f6_era
SBUX,2026-06-26,4.127629613286983,0.8,SHORT,2026-06-29,2026-06-29 13:30:00+00:00,104.21,2026-07-01,2026-07-01 19:59:00+00:00,102.81,1.3434411284905399,True,,2026_q3_f6_era
VRTX,2026-06-26,5.3808600828666515,0.8857142857142857,SHORT,2026-06-29,2026-06-29 13:30:00+00:00,495.83,2026-07-01,2026-07-01 19:59:00+00:00,498.19,-0.47596958635016307,True,,2026_q3_f6_era
TSLA,2026-06-29,8.635441491076682,0.9142857142857143,SHORT,2026-06-30,2026-06-30 13:30:00+00:00,406.0,2026-07-02,2026-07-02 19:59:00+00:00,392.8101,3.2487438423645374,True,,2026_q3_f6_era
AMAT,2026-06-29,16.84871010429491,1.0,SHORT,2026-06-30,2026-06-30 13:30:00+00:00,696.75,2026-07-02,2026-07-02 19:59:00+00:00,602.83,13.479727305346245,True,,2026_q3_f6_era
CMCSA,2026-06-29,5.793379750763159,0.8285714285714286,SHORT,2026-06-30,2026-06-30 13:30:00+00:00,24.37,2026-07-02,2026-07-02 19:59:00+00:00,23.77,2.4620434961017703,True,,2026_q3_f6_era
KLAC,2026-06-29,14.71180233710615,0.9428571428571428,SHORT,2026-06-30,2026-06-30 13:30:00+00:00,279.96,2026-07-02,2026-07-02 19:59:00+00:00,235.27,15.962994713530495,True,,2026_q3_f6_era
LRCX,2026-06-29,8.508918522336423,0.8857142857142857,SHORT,2026-06-30,2026-06-30 13:30:00+00:00,415.85,2026-07-02,2026-07-02 19:59:00+00:00,351.21,15.544066370085377,True,,2026_q3_f6_era
MU,2026-06-29,8.144731954854633,0.8571428571428571,SHORT,2026-06-30,2026-06-30 13:30:00+00:00,1144.55,2026-07-02,2026-07-02 19:59:00+00:00,975.62,14.759512472150623,True,,2026_q3_f6_era
PANW,2026-06-29,15.345285702039366,0.9714285714285714,SHORT,2026-06-30,2026-06-30 13:30:00+00:00,327.55,2026-07-02,2026-07-02 19:59:00+00:00,347.81,-6.185315219050524,True,,2026_q3_f6_era
VRTX,2026-06-29,4.053633550129684,0.8,SHORT,2026-06-30,2026-06-30 13:30:00+00:00,500.75,2026-07-02,2026-07-02 19:59:00+00:00,528.02,-5.445831253120316,True,,2026_q3_f6_era
AMD,2026-06-30,7.253856321168161,0.9142857142857143,SHORT,2026-07-01,2026-07-01 13:30:00+00:00,557.48,2026-07-06,2026-07-06 19:59:00+00:00,551.95,0.9919638372676997,True,,2026_q3_f6_era
TSLA,2026-06-30,10.262728395468633,0.9428571428571428,SHORT,2026-07-01,2026-07-01 13:30:00+00:00,421.47,2026-07-06,2026-07-06 19:59:00+00:00,419.77,0.4033501791349432,True,,2026_q3_f6_era
ADBE,2026-06-30,4.151705680967667,0.8,SHORT,2026-07-01,2026-07-01 13:30:00+00:00,209.425,2026-07-06,2026-07-06 19:59:00+00:00,218.14,-4.161394293899952,True,,2026_q3_f6_era
AMAT,2026-06-30,6.532815590324807,0.8857142857142857,SHORT,2026-07-01,2026-07-01 13:30:00+00:00,667.69,2026-07-06,2026-07-06 19:59:00+00:00,592.55,11.253725531309454,True,,2026_q3_f6_era
CMCSA,2026-06-30,6.298939665005248,0.8571428571428571,SHORT,2026-07-01,2026-07-01 13:30:00+00:00,24.25,2026-07-06,2026-07-06 19:59:00+00:00,23.38,3.5876288659793856,True,,2026_q3_f6_era
KLAC,2026-06-30,14.619123794137279,1.0,SHORT,2026-07-01,2026-07-01 13:30:00+00:00,285.19,2026-07-06,2026-07-06 19:59:00+00:00,233.13,18.25449700199867,True,,2026_q3_f6_era
LRCX,2026-06-30,6.019718319697161,0.8285714285714286,SHORT,2026-07-01,2026-07-01 13:30:00+00:00,404.54,2026-07-06,2026-07-06 19:59:00+00:00,349.55,13.593216987195333,True,,2026_q3_f6_era
PANW,2026-06-30,14.486623055772581,0.9714285714285714,SHORT,2026-07-01,2026-07-01 13:30:00+00:00,345.545,2026-07-06,2026-07-06 19:59:00+00:00,357.35,-3.416342299845174,True,,2026_q3_f6_era
AAPL,2026-07-01,2.3270219158620966,0.8285714285714286,SHORT,2026-07-02,2026-07-02 13:30:00+00:00,293.88,2026-07-07,2026-07-07 19:59:00+00:00,310.38,-5.614536545528788,True,,2026_q3_f6_era
AMZN,2026-07-01,2.5867853522089517,0.8571428571428571,SHORT,2026-07-02,2026-07-02 13:30:00+00:00,241.77,2026-07-07,2026-07-07 19:59:00+00:00,245.95,-1.7289159118170072,True,,2026_q3_f6_era
META,2026-07-01,9.27857832532786,0.9428571428571428,SHORT,2026-07-02,2026-07-02 13:30:00+00:00,607.02,2026-07-07,2026-07-07 19:59:00+00:00,615.08,-1.3277980956146518,True,,2026_q3_f6_era
TSLA,2026-07-01,9.892383776127943,0.9714285714285714,SHORT,2026-07-02,2026-07-02 13:30:00+00:00,428.15,2026-07-07,2026-07-07 19:59:00+00:00,402.88,5.902137101483121,True,,2026_q3_f6_era
GOOGL,2026-07-01,5.195929760364179,0.9142857142857143,SHORT,2026-07-02,2026-07-02 13:30:00+00:00,359.36,2026-07-07,2026-07-07 19:59:00+00:00,366.78,-2.064781834372206,True,,2026_q3_f6_era
KLAC,2026-07-01,5.162007738254595,0.8857142857142857,SHORT,2026-07-02,2026-07-02 13:30:00+00:00,265.7,2026-07-07,2026-07-07 19:59:00+00:00,216.28,18.599924727135864,True,,2026_q3_f6_era
PANW,2026-07-01,13.690876266033932,1.0,SHORT,2026-07-02,2026-07-02 13:30:00+00:00,351.49,2026-07-07,2026-07-07 19:59:00+00:00,336.93,4.142365358900681,True,,2026_q3_f6_era
TXN,2026-07-01,2.297449645850736,0.8,SHORT,2026-07-02,2026-07-02 13:30:00+00:00,298.68,2026-07-07,2026-07-07 19:59:00+00:00,291.88,2.276684076603727,True,,2026_q3_f6_era
AAPL,2026-07-02,8.908439262883263,1.0,SHORT,2026-07-06,2026-07-06 13:30:00+00:00,306.96,2026-07-08,2026-07-08 19:59:00+00:00,312.99,-1.964425332290862,True,,2026_q3_f6_era
MSFT,2026-07-02,5.206551626912326,0.9428571428571428,SHORT,2026-07-06,2026-07-06 13:30:00+00:00,386.31,2026-07-08,2026-07-08 19:59:00+00:00,382.33,1.0302606714814575,True,,2026_q3_f6_era
ADBE,2026-07-02,5.842772145627985,0.9714285714285714,SHORT,2026-07-06,2026-07-06 13:30:00+00:00,216.06,2026-07-08,2026-07-08 19:59:00+00:00,220.93,-2.2540035175414257,True,,2026_q3_f6_era
ISRG,2026-07-02,4.42412649531278,0.8571428571428571,SHORT,2026-07-06,2026-07-06 13:30:00+00:00,428.93,2026-07-08,2026-07-08 19:59:00+00:00,415.17,3.207982654512389,True,,2026_q3_f6_era
NFLX,2026-07-02,4.690629082257324,0.8857142857142857,SHORT,2026-07-06,2026-07-06 13:30:00+00:00,77.075,2026-07-08,2026-07-08 19:59:00+00:00,75.59,1.9266947778138168,True,,2026_q3_f6_era
PANW,2026-07-02,4.244253807827237,0.8285714285714286,SHORT,2026-07-06,2026-07-06 13:30:00+00:00,338.96,2026-07-08,2026-07-08 19:59:00+00:00,320.55,5.431319329714412,True,,2026_q3_f6_era
PEP,2026-07-02,3.442464505005881,0.8,SHORT,2026-07-06,2026-07-06 13:30:00+00:00,142.62,2026-07-08,2026-07-08 19:59:00+00:00,140.97,1.1569204880101007,True,,2026_q3_f6_era
VRTX,2026-07-02,5.1475567428483675,0.9142857142857143,SHORT,2026-07-06,2026-07-06 13:30:00+00:00,526.665,2026-07-08,2026-07-08 19:59:00+00:00,498.47,5.353497954107438,True,,2026_q3_f6_era
AAPL,2026-07-06,7.537645708968201,0.9714285714285714,SHORT,2026-07-07,2026-07-07 13:30:00+00:00,315.02,2026-07-09,2026-07-09 19:59:00+00:00,315.9,-0.2793473430258382,True,,2026_q3_f6_era
META,2026-07-06,5.991966532492171,0.9428571428571428,SHORT,2026-07-07,2026-07-07 13:30:00+00:00,607.17,2026-07-09,2026-07-09 19:59:00+00:00,630.81,-3.8934729976777485,True,,2026_q3_f6_era
ADBE,2026-07-06,5.757741513112629,0.8571428571428571,SHORT,2026-07-07,2026-07-07 13:30:00+00:00,221.57,2026-07-09,2026-07-09 19:59:00+00:00,222.65,-0.48743060883694206,True,,2026_q3_f6_era
ISRG,2026-07-06,8.190337085434878,1.0,SHORT,2026-07-07,2026-07-07 13:30:00+00:00,439.34,2026-07-09,2026-07-09 19:59:00+00:00,411.5,6.336777894113893,True,,2026_q3_f6_era
NFLX,2026-07-06,5.874859842164967,0.8857142857142857,SHORT,2026-07-07,2026-07-07 13:30:00+00:00,77.88,2026-07-09,2026-07-09 19:59:00+00:00,75.45,3.1201848998459076,True,,2026_q3_f6_era
PANW,2026-07-06,4.197862747925852,0.8,SHORT,2026-07-07,2026-07-07 13:30:00+00:00,359.87,2026-07-09,2026-07-09 19:59:00+00:00,338.33,5.985494761997394,True,,2026_q3_f6_era
PEP,2026-07-06,5.1849042585132015,0.8285714285714286,SHORT,2026-07-07,2026-07-07 13:30:00+00:00,145.3,2026-07-09,2026-07-09 19:59:00+00:00,136.4,6.125258086717141,True,,2026_q3_f6_era
VRTX,2026-07-06,5.940686422421368,0.9142857142857143,SHORT,2026-07-07,2026-07-07 13:30:00+00:00,530.0,2026-07-09,2026-07-09 19:59:00+00:00,496.38,6.343396226415095,True,,2026_q3_f6_era
AAPL,2026-07-07,5.302553544541067,0.9142857142857143,SHORT,2026-07-08,2026-07-08 13:30:00+00:00,311.64,2026-07-10,2026-07-10 19:59:00+00:00,315.06,-1.097420100115523,True,,2026_q3_f6_era
PYPL,2026-07-07,3.3261192848303542,0.8,SHORT,2026-07-08,2026-07-08 13:30:00+00:00,44.97,2026-07-10,2026-07-10 19:59:00+00:00,46.21,-2.7573938181009607,True,,2026_q3_f6_era
ADBE,2026-07-07,4.761468231219844,0.8571428571428571,SHORT,2026-07-08,2026-07-08 13:30:00+00:00,221.05,2026-07-10,2026-07-10 19:59:00+00:00,223.62,-1.1626328884867647,True,,2026_q3_f6_era
GILD,2026-07-07,7.985954926808799,1.0,SHORT,2026-07-08,2026-07-08 13:30:00+00:00,135.4,2026-07-10,2026-07-10 19:59:00+00:00,129.12,4.63810930576071,True,,2026_q3_f6_era
INTU,2026-07-07,5.007544679769147,0.8857142857142857,SHORT,2026-07-08,2026-07-08 13:30:00+00:00,277.94,2026-07-10,2026-07-10 19:59:00+00:00,274.955,1.0739727998848723,True,,2026_q3_f6_era
ISRG,2026-07-07,5.9379358107958105,0.9428571428571428,SHORT,2026-07-08,2026-07-08 13:30:00+00:00,427.95,2026-07-10,2026-07-10 19:59:00+00:00,406.73,4.958523191961671,True,,2026_q3_f6_era
REGN,2026-07-07,7.971377533167618,0.9714285714285714,SHORT,2026-07-08,2026-07-08 13:30:00+00:00,668.33,2026-07-10,2026-07-10 19:59:00+00:00,663.76,0.6837939341343423,True,,2026_q3_f6_era
VRTX,2026-07-07,4.532505972329667,0.8285714285714286,SHORT,2026-07-08,2026-07-08 13:30:00+00:00,523.04,2026-07-10,2026-07-10 19:59:00+00:00,485.29,7.217421229733853,True,,2026_q3_f6_era
NVDA,2026-07-08,4.880025090513115,0.9428571428571428,SHORT,2026-07-09,2026-07-09 13:30:00+00:00,204.2,2026-07-13,2026-07-13 19:59:00+00:00,203.27,0.4554358472086084,True,,2026_q3_f6_era
META,2026-07-08,3.4275815839399746,0.8857142857142857,SHORT,2026-07-09,2026-07-09 13:30:00+00:00,583.53,2026-07-13,2026-07-13 19:59:00+00:00,656.21,-12.455229379809104,True,,2026_q3_f6_era
STX,2026-07-08,4.737165535365991,0.9142857142857143,SHORT,2026-07-09,2026-07-09 13:30:00+00:00,922.26,2026-07-13,2026-07-13 19:59:00+00:00,859.71,6.782252293279548,True,,2026_q3_f6_era
ADI,2026-07-08,2.0496503277795797,0.8,SHORT,2026-07-09,2026-07-09 13:30:00+00:00,394.4,2026-07-13,2026-07-13 19:59:00+00:00,384.97,2.3909736308316303,True,,2026_q3_f6_era
AVGO,2026-07-08,7.788209443409931,1.0,SHORT,2026-07-09,2026-07-09 13:30:00+00:00,401.55,2026-07-13,2026-07-13 19:59:00+00:00,383.16,4.579753455360475,True,,2026_q3_f6_era
GILD,2026-07-08,3.4070578393287527,0.8571428571428571,SHORT,2026-07-09,2026-07-09 13:30:00+00:00,134.76,2026-07-13,2026-07-13 19:59:00+00:00,130.69,3.0201840308696895,True,,2026_q3_f6_era
QCOM,2026-07-08,5.775782947671551,0.9714285714285714,SHORT,2026-07-09,2026-07-09 13:30:00+00:00,191.42,2026-07-13,2026-07-13 19:59:00+00:00,182.45,4.686030717793334,True,,2026_q3_f6_era
TXN,2026-07-08,2.737402020408206,0.8285714285714286,SHORT,2026-07-09,2026-07-09 13:30:00+00:00,308.74,2026-07-13,2026-07-13 19:59:00+00:00,296.81,3.864092764138112,True,,2026_q3_f6_era
NVDA,2026-07-09,3.5982538968297804,0.8571428571428571,SHORT,2026-07-10,2026-07-10 13:30:00+00:00,201.77,2026-07-14,2026-07-14 19:59:00+00:00,211.55,-4.847103137235466,True,,2026_q3_f6_era
META,2026-07-09,5.09664225978287,0.9714285714285714,SHORT,2026-07-10,2026-07-10 13:30:00+00:00,660.74,2026-07-14,2026-07-14 19:59:00+00:00,660.56,0.027242183006941256,True,,2026_q3_f6_era
AVGO,2026-07-09,7.23184194526358,1.0,SHORT,2026-07-10,2026-07-10 13:30:00+00:00,397.01,2026-07-14,2026-07-14 19:59:00+00:00,388.33,2.1863429132767456,True,,2026_q3_f6_era
CSCO,2026-07-09,3.726893517110044,0.8857142857142857,SHORT,2026-07-10,2026-07-10 13:30:00+00:00,117.625,2026-07-14,2026-07-14 19:59:00+00:00,117.08,0.4633368756641885,True,,2026_q3_f6_era
GILD,2026-07-09,3.9648717003349083,0.9142857142857143,SHORT,2026-07-10,2026-07-10 13:30:00+00:00,133.86,2026-07-14,2026-07-14 19:59:00+00:00,129.31,3.399073659046773,True,,2026_q3_f6_era
QCOM,2026-07-09,2.3421294241207327,0.8,SHORT,2026-07-10,2026-07-10 13:30:00+00:00,186.58,2026-07-14,2026-07-14 19:59:00+00:00,177.14,5.059491906956815,True,,2026_q3_f6_era
REGN,2026-07-09,2.752223413778177,0.8285714285714286,SHORT,2026-07-10,2026-07-10 13:30:00+00:00,671.89,2026-07-14,2026-07-14 19:59:00+00:00,655.34,2.463200821563047,True,,2026_q3_f6_era
SBUX,2026-07-09,4.150023771409619,0.9428571428571428,SHORT,2026-07-10,2026-07-10 13:30:00+00:00,105.69,2026-07-14,2026-07-14 19:59:00+00:00,105.56,0.12300123001229583,True,,2026_q3_f6_era
NVDA,2026-07-10,6.158145794686426,0.8,SHORT,2026-07-13,2026-07-13 13:30:00+00:00,208.37,2026-07-15,2026-07-15 19:59:00+00:00,212.25,-1.8620722752795484,True,,2026_q3_f6_era
META,2026-07-10,7.766557903472095,0.9714285714285714,SHORT,2026-07-13,2026-07-13 13:30:00+00:00,660.92,2026-07-15,2026-07-15 19:59:00+00:00,680.76,-3.0018761726078846,True,,2026_q3_f6_era
AMD,2026-07-10,7.0542606573345426,0.8857142857142857,SHORT,2026-07-13,2026-07-13 13:30:00+00:00,537.02,2026-07-15,2026-07-15 19:59:00+00:00,529.32,1.4338385907414868,True,,2026_q3_f6_era
STX,2026-07-10,9.10819848006225,1.0,SHORT,2026-07-13,2026-07-13 13:30:00+00:00,868.89,2026-07-15,2026-07-15 19:59:00+00:00,827.64,4.74743638435245,True,,2026_q3_f6_era
AMAT,2026-07-10,7.651104249968943,0.9428571428571428,SHORT,2026-07-13,2026-07-13 13:30:00+00:00,581.39,2026-07-15,2026-07-15 19:59:00+00:00,578.82,0.4420440668054037,True,,2026_q3_f6_era
AVGO,2026-07-10,6.9091085011416915,0.8571428571428571,SHORT,2026-07-13,2026-07-13 13:30:00+00:00,392.6,2026-07-15,2026-07-15 19:59:00+00:00,393.42,-0.20886398369841905,True,,2026_q3_f6_era
CSCO,2026-07-10,7.556526859433505,0.9142857142857143,SHORT,2026-07-13,2026-07-13 13:30:00+00:00,120.02,2026-07-15,2026-07-15 19:59:00+00:00,111.76,6.882186302282946,True,,2026_q3_f6_era
LRCX,2026-07-10,6.486027710793755,0.8285714285714286,SHORT,2026-07-13,2026-07-13 13:30:00+00:00,334.41,2026-07-15,2026-07-15 19:59:00+00:00,335.07,-0.19736251906341562,True,,2026_q3_f6_era
META,2026-07-13,8.401107020940785,1.0,SHORT,2026-07-14,2026-07-14 13:30:00+00:00,651.3,2026-07-16,2026-07-16 19:59:00+00:00,664.02,-1.9530170428374065,True,,2026_q3_f6_era
AMD,2026-07-13,2.813102569650342,0.8,SHORT,2026-07-14,2026-07-14 13:30:00+00:00,567.81,2026-07-16,2026-07-16 19:59:00+00:00,500.9,11.783871365421527,True,,2026_q3_f6_era
PYPL,2026-07-13,6.5676940710229665,0.9714285714285714,SHORT,2026-07-14,2026-07-14 13:30:00+00:00,46.58,2026-07-16,2026-07-16 19:59:00+00:00,56.61,-21.53284671532847,True,,2026_q3_f6_era
ADBE,2026-07-13,3.8861529363518748,0.8857142857142857,SHORT,2026-07-14,2026-07-14 13:30:00+00:00,221.16,2026-07-16,2026-07-16 19:59:00+00:00,235.33,-6.4071260625791355,True,,2026_q3_f6_era
CMCSA,2026-07-13,2.9022627923963404,0.8571428571428571,SHORT,2026-07-14,2026-07-14 13:30:00+00:00,23.834,2026-07-16,2026-07-16 19:59:00+00:00,24.1,-1.1160526978266418,True,,2026_q3_f6_era
CSCO,2026-07-13,4.321571366039496,0.9142857142857143,SHORT,2026-07-14,2026-07-14 13:30:00+00:00,119.55,2026-07-16,2026-07-16 19:59:00+00:00,109.67,8.26432455039732,True,,2026_q3_f6_era
INTU,2026-07-13,6.454166057424822,0.9428571428571428,SHORT,2026-07-14,2026-07-14 13:30:00+00:00,273.48,2026-07-16,2026-07-16 19:59:00+00:00,294.75,-7.777534006143039,True,,2026_q3_f6_era
SBUX,2026-07-13,2.816369409155165,0.8285714285714286,SHORT,2026-07-14,2026-07-14 13:30:00+00:00,106.93,2026-07-16,2026-07-16 19:59:00+00:00,107.75,-0.7668568222201376,True,,2026_q3_f6_era
NVDA,2026-07-14,4.425652970253851,0.9428571428571428,SHORT,2026-07-15,2026-07-15 13:30:00+00:00,211.72,2026-07-17,2026-07-17 19:59:00+00:00,202.41,4.397317211411298,True,,2026_q3_f6_era
META,2026-07-14,4.688150374006398,1.0,SHORT,2026-07-15,2026-07-15 13:30:00+00:00,663.08,2026-07-17,2026-07-17 19:59:00+00:00,645.5,2.651263799239917,True,,2026_q3_f6_era
PYPL,2026-07-14,4.4832699797454305,0.9714285714285714,SHORT,2026-07-15,2026-07-15 13:30:00+00:00,54.67,2026-07-17,2026-07-17 19:59:00+00:00,56.44,-3.2376074629595686,True,,2026_q3_f6_era
AMAT,2026-07-14,1.0784572135856914,0.8571428571428571,SHORT,2026-07-15,2026-07-15 13:30:00+00:00,609.35,2026-07-17,2026-07-17 19:59:00+00:00,528.84,13.212439484696805,True,,2026_q3_f6_era
COST,2026-07-14,0.9254908735498761,0.8285714285714286,SHORT,2026-07-15,2026-07-15 13:30:00+00:00,916.29,2026-07-17,2026-07-17 19:59:00+00:00,939.36,-2.5177618439577043,True,,2026_q3_f6_era
INTU,2026-07-14,3.2457033318626904,0.8857142857142857,SHORT,2026-07-15,2026-07-15 13:30:00+00:00,287.6,2026-07-17,2026-07-17 19:59:00+00:00,291.11,-1.220445062586923,True,,2026_q3_f6_era
MDLZ,2026-07-14,0.8546501435505803,0.8,SHORT,2026-07-15,2026-07-15 13:30:00+00:00,57.87,2026-07-17,2026-07-17 19:59:00+00:00,60.46,-4.475548643511325,True,,2026_q3_f6_era
PANW,2026-07-14,4.272526764896917,0.9142857142857143,SHORT,2026-07-15,2026-07-15 13:30:00+00:00,356.805,2026-07-17,2026-07-17 19:59:00+00:00,358.7,-0.5311024228920508,True,,2026_q3_f6_era
AAPL,2026-07-15,3.8840037938469845,0.8857142857142857,SHORT,2026-07-16,2026-07-16 13:30:00+00:00,327.97,2026-07-20,2026-07-20 19:59:00+00:00,326.42,0.4726042016038086,True,,2026_q3_f6_era
MSFT,2026-07-15,2.7581936651172643,0.8571428571428571,SHORT,2026-07-16,2026-07-16 13:30:00+00:00,397.56,2026-07-20,2026-07-20 19:59:00+00:00,401.75,-1.05392896669685,True,,2026_q3_f6_era
AMZN,2026-07-15,3.930267996455706,0.9142857142857143,SHORT,2026-07-16,2026-07-16 13:30:00+00:00,255.11,2026-07-20,2026-07-20 19:59:00+00:00,250.1,1.963858727607706,True,,2026_q3_f6_era
META,2026-07-15,1.8125690042704845,0.8,SHORT,2026-07-16,2026-07-16 13:30:00+00:00,676.74,2026-07-20,2026-07-20 19:59:00+00:00,645.35,4.638413570943048,True,,2026_q3_f6_era
GOOGL,2026-07-15,3.9629351861987487,0.9428571428571428,SHORT,2026-07-16,2026-07-16 13:30:00+00:00,372.77,2026-07-20,2026-07-20 19:59:00+00:00,351.88,5.603991737532523,True,,2026_q3_f6_era
PYPL,2026-07-15,19.865437062817033,1.0,SHORT,2026-07-16,2026-07-16 13:30:00+00:00,55.27,2026-07-20,2026-07-20 19:59:00+00:00,56.7,-2.5872987153971403,True,,2026_q3_f6_era
BKNG,2026-07-15,2.4534218460969544,0.8285714285714286,SHORT,2026-07-16,2026-07-16 13:30:00+00:00,184.11,2026-07-20,2026-07-20 19:59:00+00:00,179.0,2.7755146379881666,True,,2026_q3_f6_era
PANW,2026-07-15,8.618713051435874,0.9714285714285714,SHORT,2026-07-16,2026-07-16 13:30:00+00:00,357.06,2026-07-20,2026-07-20 19:59:00+00:00,348.85,2.2993334453593177,True,,2026_q3_f6_era
AAPL,2026-07-16,4.769178175665446,0.9142857142857143,SHORT,2026-07-17,2026-07-17 13:30:00+00:00,331.88,2026-07-21,2026-07-21 19:59:00+00:00,327.31,1.3770037362902232,True,,2026_q3_f6_era
MSFT,2026-07-16,2.363106268047461,0.8285714285714286,SHORT,2026-07-17,2026-07-17 13:30:00+00:00,394.48,2026-07-21,2026-07-21 19:59:00+00:00,396.89,-0.6109308456702414,True,,2026_q3_f6_era
PYPL,2026-07-16,18.856519744729045,1.0,SHORT,2026-07-17,2026-07-17 13:30:00+00:00,56.35,2026-07-21,2026-07-21 19:59:00+00:00,55.72,1.118012422360253,True,,2026_q3_f6_era
BKNG,2026-07-16,4.818907545704922,0.9428571428571428,SHORT,2026-07-17,2026-07-17 13:30:00+00:00,182.79,2026-07-21,2026-07-21 19:59:00+00:00,178.97,2.0898298594014952,True,,2026_q3_f6_era
GILD,2026-07-16,3.4736177642920874,0.8857142857142857,SHORT,2026-07-17,2026-07-17 13:30:00+00:00,136.98,2026-07-21,2026-07-21 19:59:00+00:00,129.51,5.453350854139289,True,,2026_q3_f6_era
MDLZ,2026-07-16,2.390355472124169,0.8571428571428571,SHORT,2026-07-17,2026-07-17 13:30:00+00:00,61.69,2026-07-21,2026-07-21 19:59:00+00:00,59.33,3.8255795104555026,True,,2026_q3_f6_era
PANW,2026-07-16,6.99490599760268,0.9714285714285714,SHORT,2026-07-17,2026-07-17 13:30:00+00:00,345.86,2026-07-21,2026-07-21 19:59:00+00:00,342.14,1.075579714335288,True,,2026_q3_f6_era
REGN,2026-07-16,2.125196121126957,0.8,SHORT,2026-07-17,2026-07-17 13:30:00+00:00,675.26,2026-07-21,2026-07-21 19:59:00+00:00,674.47,0.11699197346206848,True,,2026_q3_f6_era
AAPL,2026-07-17,7.121574693722232,0.9428571428571428,SHORT,2026-07-20,2026-07-20 13:30:00+00:00,333.22,2026-07-22,2026-07-22 19:59:00+00:00,325.59,2.289778524698413,True,,2026_q3_f6_era
PYPL,2026-07-17,20.57114238741409,1.0,SHORT,2026-07-20,2026-07-20 13:30:00+00:00,56.35,2026-07-22,2026-07-22 19:59:00+00:00,55.37,1.7391304347826158,True,,2026_q3_f6_era
ADBE,2026-07-17,8.630938740066037,0.9714285714285714,SHORT,2026-07-20,2026-07-20 13:30:00+00:00,235.66,2026-07-22,2026-07-22 19:59:00+00:00,218.36,7.341084613426115,True,,2026_q3_f6_era
BKNG,2026-07-17,4.99327677346178,0.9142857142857143,SHORT,2026-07-20,2026-07-20 13:30:00+00:00,181.88,2026-07-22,2026-07-22 19:59:00+00:00,177.43,2.44666813283483,True,,2026_q3_f6_era
GILD,2026-07-17,4.410157325027064,0.8571428571428571,SHORT,2026-07-20,2026-07-20 13:30:00+00:00,133.53,2026-07-22,2026-07-22 19:59:00+00:00,129.59,2.9506477945031064,True,,2026_q3_f6_era
INTU,2026-07-17,4.2528659891942935,0.8,SHORT,2026-07-20,2026-07-20 13:30:00+00:00,286.01,2026-07-22,2026-07-22 19:59:00+00:00,284.4,0.5629173805111757,True,,2026_q3_f6_era
MDLZ,2026-07-17,4.869447438689593,0.8857142857142857,SHORT,2026-07-20,2026-07-20 13:30:00+00:00,60.18,2026-07-22,2026-07-22 19:59:00+00:00,60.32,-0.23263542705217774,True,,2026_q3_f6_era
REGN,2026-07-17,4.282458804418117,0.8285714285714286,SHORT,2026-07-20,2026-07-20 13:30:00+00:00,673.93,2026-07-22,2026-07-22 19:59:00+00:00,650.42,3.4884928701793947,True,,2026_q3_f6_era
MSFT,2026-07-20,3.412116593579306,0.8571428571428571,SHORT,2026-07-21,2026-07-21 13:30:00+00:00,398.21,2026-07-23,2026-07-23 19:59:00+00:00,380.76,4.382109941990405,True,,2026_q3_f6_era
PYPL,2026-07-20,4.058455918652124,0.9142857142857143,SHORT,2026-07-21,2026-07-21 13:30:00+00:00,55.9,2026-07-23,2026-07-23 19:59:00+00:00,55.88,0.03577817531305191,True,,2026_q3_f6_era
ADBE,2026-07-20,6.221592999336888,0.9714285714285714,SHORT,2026-07-21,2026-07-21 13:30:00+00:00,222.84,2026-07-23,2026-07-23 19:59:00+00:00,212.11,4.815113983126903,True,,2026_q3_f6_era
CMCSA,2026-07-20,3.037495812030508,0.8,SHORT,2026-07-21,2026-07-21 13:30:00+00:00,23.71,2026-07-23,2026-07-23 19:59:00+00:00,21.925,7.5284690004217625,True,,2026_q3_f6_era
COST,2026-07-20,3.7741939668348907,0.8857142857142857,SHORT,2026-07-21,2026-07-21 13:30:00+00:00,928.77,2026-07-23,2026-07-23 19:59:00+00:00,924.59,0.4500576030664158,True,,2026_q3_f6_era
HON,2026-07-20,3.1598051671586056,0.8285714285714286,SHORT,2026-07-21,2026-07-21 13:30:00+00:00,227.19,2026-07-23,2026-07-23 19:59:00+00:00,245.6,-8.10334961926141,True,,2026_q3_f6_era
INTU,2026-07-20,6.78240276591033,1.0,SHORT,2026-07-21,2026-07-21 13:30:00+00:00,280.24,2026-07-23,2026-07-23 19:59:00+00:00,281.48,-0.4424778761061979,True,,2026_q3_f6_era
MDLZ,2026-07-20,4.320517498284131,0.9428571428571428,SHORT,2026-07-21,2026-07-21 13:30:00+00:00,59.18,2026-07-23,2026-07-23 19:59:00+00:00,59.52,-0.5745184183845952,True,,2026_q3_f6_era
AMD,2026-07-21,9.022157765907872,0.9142857142857143,SHORT,2026-07-22,2026-07-22 13:30:00+00:00,526.875,2026-07-24,2026-07-24 19:59:00+00:00,522.03,0.91957295373666,True,,2026_q3_f6_era
STX,2026-07-21,19.89756578767757,1.0,SHORT,2026-07-22,2026-07-22 13:30:00+00:00,861.02,2026-07-24,2026-07-24 19:59:00+00:00,851.28,1.131216464193632,True,,2026_q3_f6_era
AVGO,2026-07-21,3.4586700907027437,0.8857142857142857,SHORT,2026-07-22,2026-07-22 13:30:00+00:00,379.58,2026-07-24,2026-07-24 19:59:00+00:00,381.12,-0.40571157595237384,True,,2026_q3_f6_era
CSCO,2026-07-21,2.5415493132062377,0.8571428571428571,SHORT,2026-07-22,2026-07-22 13:30:00+00:00,111.8,2026-07-24,2026-07-24 19:59:00+00:00,114.18,-2.1288014311270214,True,,2026_q3_f6_era
HON,2026-07-21,1.8680909273801305,0.8,SHORT,2026-07-22,2026-07-22 13:30:00+00:00,231.76,2026-07-24,2026-07-24 19:59:00+00:00,242.4,-4.590956161546434,True,,2026_q3_f6_era
INTC,2026-07-21,9.048359906107471,0.9428571428571428,SHORT,2026-07-22,2026-07-22 13:30:00+00:00,101.545,2026-07-24,2026-07-24 19:59:00+00:00,92.315,9.089566202176378,True,,2026_q3_f6_era
MU,2026-07-21,13.91318789709917,0.9714285714285714,SHORT,2026-07-22,2026-07-22 13:30:00+00:00,938.25,2026-07-24,2026-07-24 19:59:00+00:00,920.16,1.928057553956838,True,,2026_q3_f6_era
QCOM,2026-07-21,1.9220885061141444,0.8285714285714286,SHORT,2026-07-22,2026-07-22 13:30:00+00:00,169.79,2026-07-24,2026-07-24 19:59:00+00:00,166.07,2.190941751575475,True,,2026_q3_f6_era
NVDA,2026-07-22,4.08922042257707,0.8571428571428571,SHORT,2026-07-23,2026-07-23 13:30:00+00:00,209.23,2026-07-27,2026-07-27 19:59:00+00:00,196.3,6.179802131625474,True,,2026_q3_f6_era
AMD,2026-07-22,10.882996577505399,0.9428571428571428,SHORT,2026-07-23,2026-07-23 13:30:00+00:00,544.74,2026-07-27,2026-07-27 19:59:00+00:00,495.1,9.112604178140026,True,,2026_q3_f6_era
STX,2026-07-22,14.760093102699194,1.0,SHORT,2026-07-23,2026-07-23 13:30:00+00:00,904.17,2026-07-27,2026-07-27 19:59:00+00:00,816.68,9.676277691142154,True,,2026_q3_f6_era
AMAT,2026-07-22,4.046548775219764,0.8285714285714286,SHORT,2026-07-23,2026-07-23 13:30:00+00:00,548.38,2026-07-27,2026-07-27 19:59:00+00:00,516.34,5.842663846238003,True,,2026_q3_f6_era
AVGO,2026-07-22,6.410011275008053,0.8857142857142857,SHORT,2026-07-23,2026-07-23 13:30:00+00:00,391.41,2026-07-27,2026-07-27 19:59:00+00:00,382.65,2.238062389821427,True,,2026_q3_f6_era
HON,2026-07-22,2.8945105524261,0.8,SHORT,2026-07-23,2026-07-23 13:30:00+00:00,237.29,2026-07-27,2026-07-27 19:59:00+00:00,245.01,-3.253403008976358,True,,2026_q3_f6_era
INTC,2026-07-22,7.3745771543963965,0.9142857142857143,SHORT,2026-07-23,2026-07-23 13:30:00+00:00,101.05,2026-07-27,2026-07-27 19:59:00+00:00,91.6801,9.272538347352798,True,,2026_q3_f6_era
MU,2026-07-22,12.400826599248397,0.9714285714285714,SHORT,2026-07-23,2026-07-23 13:30:00+00:00,975.29,2026-07-27,2026-07-27 19:59:00+00:00,900.98,7.619272216468942,True,,2026_q3_f6_era
AMD,2026-07-23,7.74864420917243,0.9142857142857143,SHORT,2026-07-24,2026-07-24 13:30:00+00:00,547.38,2026-07-28,2026-07-28 19:59:00+00:00,454.85,16.904161642734476,True,,2026_q3_f6_era
STX,2026-07-23,14.357820233411188,0.9714285714285714,SHORT,2026-07-24,2026-07-24 13:30:00+00:00,878.51,2026-07-28,2026-07-28 19:59:00+00:00,747.74,14.885431013875767,True,,2026_q3_f6_era
AMAT,2026-07-23,7.584870261418169,0.8857142857142857,SHORT,2026-07-24,2026-07-24 13:30:00+00:00,555.62,2026-07-28,2026-07-28 19:59:00+00:00,475.94,14.340736474568953,True,,2026_q3_f6_era
AVGO,2026-07-23,4.379485714391388,0.8,SHORT,2026-07-24,2026-07-24 13:30:00+00:00,387.3,2026-07-28,2026-07-28 19:59:00+00:00,380.04,1.8745158791634366,True,,2026_q3_f6_era
HON,2026-07-23,9.414296989680066,0.9428571428571428,SHORT,2026-07-24,2026-07-24 13:30:00+00:00,246.15,2026-07-28,2026-07-28 19:59:00+00:00,246.19,-0.01625025391021411,True,,2026_q3_f6_era
KLAC,2026-07-23,5.907893826604957,0.8571428571428571,SHORT,2026-07-24,2026-07-24 13:30:00+00:00,214.49,2026-07-28,2026-07-28 19:59:00+00:00,190.58,11.147372837894538,True,,2026_q3_f6_era
LRCX,2026-07-23,4.680369236136505,0.8285714285714286,SHORT,2026-07-24,2026-07-24 13:30:00+00:00,312.29,2026-07-28,2026-07-28 19:59:00+00:00,269.37,13.743635723206,True,,2026_q3_f6_era
MU,2026-07-23,14.826085597484624,1.0,SHORT,2026-07-24,2026-07-24 13:30:00+00:00,959.44,2026-07-28,2026-07-28 19:59:00+00:00,820.245,14.50794213291087,True,,2026_q3_f6_era
AAPL,2026-07-24,2.9358343053363782,0.8857142857142857,SHORT,2026-07-27,2026-07-27 13:30:00+00:00,334.7,2026-07-29,2026-07-29 19:59:00+00:00,337.76,-0.9142515685688684,True,,2026_q3_f6_era
COST,2026-07-24,2.079528011307361,0.8,SHORT,2026-07-27,2026-07-27 13:30:00+00:00,938.11,2026-07-29,2026-07-29 19:59:00+00:00,973.735,-3.7975290744155803,True,,2026_q3_f6_era
CSCO,2026-07-24,3.120121920454155,0.9142857142857143,SHORT,2026-07-27,2026-07-27 13:30:00+00:00,115.13,2026-07-29,2026-07-29 19:59:00+00:00,112.5,2.2843741857031143,True,,2026_q3_f6_era
HON,2026-07-24,7.060725132869235,1.0,SHORT,2026-07-27,2026-07-27 13:30:00+00:00,243.77,2026-07-29,2026-07-29 19:59:00+00:00,240.49,1.3455306231283592,True,,2026_q3_f6_era
INTU,2026-07-24,3.4722174106691766,0.9714285714285714,SHORT,2026-07-27,2026-07-27 13:30:00+00:00,304.89,2026-07-29,2026-07-29 19:59:00+00:00,332.95,-9.203319229886189,True,,2026_q3_f6_era
MDLZ,2026-07-24,2.3939126730643596,0.8285714285714286,SHORT,2026-07-27,2026-07-27 13:30:00+00:00,60.02,2026-07-29,2026-07-29 19:59:00+00:00,64.43,-7.34755081639454,True,,2026_q3_f6_era
NFLX,2026-07-24,3.4067122501266143,0.9428571428571428,SHORT,2026-07-27,2026-07-27 13:30:00+00:00,70.59,2026-07-29,2026-07-29 19:59:00+00:00,73.63,-4.306559002691588,True,,2026_q3_f6_era
PEP,2026-07-24,2.5151037369114007,0.8571428571428571,SHORT,2026-07-27,2026-07-27 13:30:00+00:00,135.68,2026-07-29,2026-07-29 19:59:00+00:00,142.0,-4.658018867924523,True,,2026_q3_f6_era
AAPL,2026-07-27,4.510761091428938,0.8571428571428571,SHORT,2026-07-28,2026-07-28 13:30:00+00:00,339.85,2026-07-30,2026-07-30 19:59:00+00:00,333.57,1.847874062086223,True,,2026_q3_f6_era
ADBE,2026-07-27,9.999825032679016,1.0,SHORT,2026-07-28,2026-07-28 13:30:00+00:00,242.84,2026-07-30,2026-07-30 19:59:00+00:00,247.91,-2.087794432548177,True,,2026_q3_f6_era
BKNG,2026-07-27,6.147328285266589,0.9142857142857143,SHORT,2026-07-28,2026-07-28 13:30:00+00:00,189.62,2026-07-30,2026-07-30 19:59:00+00:00,192.76,-1.6559434658791192,True,,2026_q3_f6_era
COST,2026-07-27,3.9303903553874155,0.8,SHORT,2026-07-28,2026-07-28 13:30:00+00:00,969.24,2026-07-30,2026-07-30 19:59:00+00:00,954.17,1.5548264619702086,True,,2026_q3_f6_era
HON,2026-07-27,6.677703268318262,0.9428571428571428,SHORT,2026-07-28,2026-07-28 13:30:00+00:00,249.05,2026-07-30,2026-07-30 19:59:00+00:00,241.11,3.1881148363782366,True,,2026_q3_f6_era
INTU,2026-07-27,8.008179215722096,0.9714285714285714,SHORT,2026-07-28,2026-07-28 13:30:00+00:00,305.73,2026-07-30,2026-07-30 19:59:00+00:00,315.7,-3.261047329342874,True,,2026_q3_f6_era
ISRG,2026-07-27,5.828362364367229,0.8857142857142857,SHORT,2026-07-28,2026-07-28 13:30:00+00:00,365.5,2026-07-30,2026-07-30 19:59:00+00:00,352.98,3.425444596443224,True,,2026_q3_f6_era
PEP,2026-07-27,4.159778988624696,0.8285714285714286,SHORT,2026-07-28,2026-07-28 13:30:00+00:00,141.82,2026-07-30,2026-07-30 19:59:00+00:00,138.73,2.1788182202792297,True,,2026_q3_f6_era
AAPL,2026-07-28,5.449893939370316,0.8,SHORT,2026-07-29,2026-07-29 13:30:00+00:00,339.35,2026-07-31,2026-07-31 19:59:00+00:00,308.76,9.014292028878748,True,,2026_q3_f6_era
ADBE,2026-07-28,17.15343837895348,1.0,SHORT,2026-07-29,2026-07-29 13:30:00+00:00,249.95,2026-07-31,2026-07-31 19:59:00+00:00,250.41,-0.18403680736147549,True,,2026_q3_f6_era
BKNG,2026-07-28,14.980847694004968,0.9714285714285714,SHORT,2026-07-29,2026-07-29 13:30:00+00:00,195.97,2026-07-31,2026-07-31 19:59:00+00:00,192.43,1.8063989386130492,True,,2026_q3_f6_era
CMCSA,2026-07-28,10.079692140165898,0.9142857142857143,SHORT,2026-07-29,2026-07-29 13:30:00+00:00,24.21,2026-07-31,2026-07-31 19:59:00+00:00,23.96,1.0326311441553075,True,,2026_q3_f6_era
INTU,2026-07-28,10.855752997186665,0.9428571428571428,SHORT,2026-07-29,2026-07-29 13:30:00+00:00,313.46,2026-07-31,2026-07-31 19:59:00+00:00,316.16,-0.8613539207554538,True,,2026_q3_f6_era
ISRG,2026-07-28,8.650962592125655,0.8857142857142857,SHORT,2026-07-29,2026-07-29 13:30:00+00:00,361.455,2026-07-31,2026-07-31 19:59:00+00:00,353.33,2.2478593462533376,True,,2026_q3_f6_era
PEP,2026-07-28,5.5679116832968365,0.8285714285714286,SHORT,2026-07-29,2026-07-29 13:30:00+00:00,141.77,2026-07-31,2026-07-31 19:59:00+00:00,138.08,2.6028073640403453,True,,2026_q3_f6_era
REGN,2026-07-28,6.284342344074229,0.8571428571428571,SHORT,2026-07-29,2026-07-29 13:30:00+00:00,698.46,2026-07-31,2026-07-31 19:59:00+00:00,761.99,-9.095724880451273,True,,2026_q3_f6_era
GOOGL,2026-07-29,6.563124703200897,0.8285714285714286,SHORT,2026-07-30,2026-07-30 13:30:00+00:00,333.99,2026-08-03,2026-08-03 19:59:00+00:00,373.32,-11.775801670708699,True,,2026_q3_f6_era
ADBE,2026-07-29,18.26068706669193,1.0,SHORT,2026-07-30,2026-07-30 13:30:00+00:00,251.19,2026-08-03,2026-08-03 19:59:00+00:00,251.32,-0.051753652613557646,True,,2026_q3_f6_era
BKNG,2026-07-29,14.702952115052442,0.9714285714285714,SHORT,2026-07-30,2026-07-30 13:30:00+00:00,196.53,2026-08-03,2026-08-03 19:59:00+00:00,192.24,2.182872843840631,True,,2026_q3_f6_era
CMCSA,2026-07-29,11.62329623853079,0.9142857142857143,SHORT,2026-07-30,2026-07-30 13:30:00+00:00,23.81,2026-08-03,2026-08-03 19:59:00+00:00,24.555,-3.128937421251579,True,,2026_q3_f6_era
INTU,2026-07-29,13.62997994286238,0.9428571428571428,SHORT,2026-07-30,2026-07-30 13:30:00+00:00,317.28,2026-08-03,2026-08-03 19:59:00+00:00,318.48,-0.3782148260211944,True,,2026_q3_f6_era
MDLZ,2026-07-29,8.647885177245305,0.8857142857142857,SHORT,2026-07-30,2026-07-30 13:30:00+00:00,63.3,2026-08-03,2026-08-03 19:59:00+00:00,61.21,3.3017377567140542,True,,2026_q3_f6_era
NFLX,2026-07-29,6.307707561152844,0.8,SHORT,2026-07-30,2026-07-30 13:30:00+00:00,71.61,2026-08-03,2026-08-03 19:59:00+00:00,73.32,-2.3879346459991533,True,,2026_q3_f6_era
REGN,2026-07-29,7.383232894310977,0.8571428571428571,SHORT,2026-07-30,2026-07-30 13:30:00+00:00,701.08,2026-08-03,2026-08-03 19:59:00+00:00,758.36,-8.170251611798934,True,,2026_q3_f6_era
MSFT,2026-07-30,15.66117414516496,1.0,SHORT,2026-07-31,2026-07-31 13:30:00+00:00,449.12,2026-08-04,2026-08-04 19:59:00+00:00,491.98,-9.54310651941575,True,,2026_q3_f6_era
STX,2026-07-30,3.8523068954976667,0.9142857142857143,SHORT,2026-07-31,2026-07-31 13:30:00+00:00,900.96,2026-08-04,2026-08-04 19:59:00+00:00,844.55,6.2610992718877725,True,,2026_q3_f6_era
ADBE,2026-07-30,3.909853783163226,0.9428571428571428,SHORT,2026-07-31,2026-07-31 13:30:00+00:00,244.73,2026-08-04,2026-08-04 19:59:00+00:00,257.49,-5.213909206063834,True,,2026_q3_f6_era
CMCSA,2026-07-30,3.431149176728461,0.8,SHORT,2026-07-31,2026-07-31 13:30:00+00:00,23.44,2026-08-04,2026-08-04 19:59:00+00:00,24.955,-6.463310580204765,True,,2026_q3_f6_era
INTU,2026-07-30,3.4885577563866463,0.8285714285714286,SHORT,2026-07-31,2026-07-31 13:30:00+00:00,310.425,2026-08-04,2026-08-04 19:59:00+00:00,323.58,-4.237738584199073,True,,2026_q3_f6_era
MDLZ,2026-07-30,3.578573126810326,0.8857142857142857,SHORT,2026-07-31,2026-07-31 13:30:00+00:00,61.89,2026-08-04,2026-08-04 19:59:00+00:00,61.54,0.5655194700274704,True,,2026_q3_f6_era
NFLX,2026-07-30,3.5427073583472444,0.8571428571428571,SHORT,2026-07-31,2026-07-31 13:30:00+00:00,71.965,2026-08-04,2026-08-04 19:59:00+00:00,73.56,-2.2163551726533717,True,,2026_q3_f6_era
REGN,2026-07-30,10.319871728957716,0.9714285714285714,SHORT,2026-07-31,2026-07-31 13:30:00+00:00,725.33,2026-08-04,2026-08-04 19:59:00+00:00,759.81,-4.75369831662828,True,,2026_q3_f6_era
MSFT,2026-07-31,17.389847267146017,1.0,SHORT,2026-08-03,2026-08-03 13:30:00+00:00,475.23,2026-08-05,2026-08-05 19:59:00+00:00,486.55,-2.382004503082716,True,,2026_q3_f6_era
AMZN,2026-07-31,16.777269459199236,0.9714285714285714,SHORT,2026-08-03,2026-08-03 13:30:00+00:00,278.29,2026-08-05,2026-08-05 19:59:00+00:00,272.59,2.04822307664668,True,,2026_q3_f6_era
AMD,2026-07-31,3.886604403452904,0.8,SHORT,2026-08-03,2026-08-03 13:30:00+00:00,461.79,2026-08-05,2026-08-05 19:59:00+00:00,481.72,-4.31581454773815,True,,2026_q3_f6_era
GOOGL,2026-07-31,5.9511655406308375,0.8571428571428571,SHORT,2026-08-03,2026-08-03 13:30:00+00:00,365.32,2026-08-05,2026-08-05 19:59:00+00:00,362.27,0.834884484835216,True,,2026_q3_f6_era
STX,2026-07-31,13.557935438952034,0.9428571428571428,SHORT,2026-08-03,2026-08-03 13:30:00+00:00,817.15,2026-08-05,2026-08-05 19:59:00+00:00,837.16,-2.44875481857676,True,,2026_q3_f6_era
AMAT,2026-07-31,5.73099892344355,0.8285714285714286,SHORT,2026-08-03,2026-08-03 13:30:00+00:00,499.46,2026-08-05,2026-08-05 19:59:00+00:00,533.72,-6.859408160813689,True,,2026_q3_f6_era
LRCX,2026-07-31,7.844904801628526,0.8857142857142857,SHORT,2026-08-03,2026-08-03 13:30:00+00:00,283.47,2026-08-05,2026-08-05 19:59:00+00:00,307.24,-8.385367058242487,True,,2026_q3_f6_era
REGN,2026-07-31,8.904897466188533,0.9142857142857143,SHORT,2026-08-03,2026-08-03 13:30:00+00:00,768.64,2026-08-05,2026-08-05 19:59:00+00:00,767.92,0.09367194004996192,True,,2026_q3_f6_era
MSFT,2026-08-03,20.41605070502161,0.9714285714285714,SHORT,2026-08-04,2026-08-04 13:30:00+00:00,479.89,2026-08-06,2026-08-06 19:59:00+00:00,498.93,-3.967575902811065,True,,2026_q3_f6_era
AMZN,2026-08-03,21.496294807940828,1.0,SHORT,2026-08-04,2026-08-04 13:30:00+00:00,276.17,2026-08-06,2026-08-06 19:59:00+00:00,272.3,1.4013107868341979,True,,2026_q3_f6_era
AMD,2026-08-03,8.917786986215397,0.8857142857142857,SHORT,2026-08-04,2026-08-04 13:30:00+00:00,504.34,2026-08-06,2026-08-06 19:59:00+00:00,489.29,2.9840980291073396,True,,2026_q3_f6_era
GOOGL,2026-08-03,7.098430485732089,0.8,SHORT,2026-08-04,2026-08-04 13:30:00+00:00,367.36,2026-08-06,2026-08-06 19:59:00+00:00,357.71,2.6268510452961764,True,,2026_q3_f6_era
AMAT,2026-08-03,14.700655031835467,0.9428571428571428,SHORT,2026-08-04,2026-08-04 13:30:00+00:00,545.06,2026-08-06,2026-08-06 19:59:00+00:00,526.76,3.357428539977242,True,,2026_q3_f6_era
INTC,2026-08-03,7.386836578253567,0.8285714285714286,SHORT,2026-08-04,2026-08-04 13:30:00+00:00,95.24,2026-08-06,2026-08-06 19:59:00+00:00,99.71,-4.693406131877362,True,,2026_q3_f6_era
LRCX,2026-08-03,13.65866577990002,0.9142857142857143,SHORT,2026-08-04,2026-08-04 13:30:00+00:00,310.07,2026-08-06,2026-08-06 19:59:00+00:00,305.28,1.544812461702203,True,,2026_q3_f6_era
MU,2026-08-03,8.404439781705033,0.8571428571428571,SHORT,2026-08-04,2026-08-04 13:30:00+00:00,866.25,2026-08-06,2026-08-06 19:59:00+00:00,881.47,-1.75699855699856,True,,2026_q3_f6_era
MSFT,2026-08-04,5.190487568945039,0.8857142857142857,SHORT,2026-08-05,2026-08-05 13:30:00+00:00,495.38,2026-08-07,2026-08-07 19:59:00+00:00,498.95,-0.7206588881262855,True,,2026_q3_f6_era
NVDA,2026-08-04,4.578915742767987,0.8,SHORT,2026-08-05,2026-08-05 13:30:00+00:00,216.61,2026-08-07,2026-08-07 19:59:00+00:00,223.65,-3.2500807903605518,True,,2026_q3_f6_era
AMZN,2026-08-04,13.55651304422646,1.0,SHORT,2026-08-05,2026-08-05 13:30:00+00:00,281.5,2026-08-07,2026-08-07 19:59:00+00:00,274.45,2.5044404973357057,True,,2026_q3_f6_era
META,2026-08-04,5.0434723618564155,0.8571428571428571,SHORT,2026-08-05,2026-08-05 13:30:00+00:00,599.83,2026-08-07,2026-08-07 19:59:00+00:00,591.61,1.3703882766783966,True,,2026_q3_f6_era
GOOGL,2026-08-04,9.220850314787047,0.9714285714285714,SHORT,2026-08-05,2026-08-05 13:30:00+00:00,383.09,2026-08-07,2026-08-07 19:59:00+00:00,354.01,7.59090553133728,True,,2026_q3_f6_era
AMAT,2026-08-04,4.899817908904191,0.8285714285714286,SHORT,2026-08-05,2026-08-05 13:30:00+00:00,543.8,2026-08-07,2026-08-07 19:59:00+00:00,538.72,0.9341669731518808,True,,2026_q3_f6_era
INTC,2026-08-04,6.561644765542893,0.9142857142857143,SHORT,2026-08-05,2026-08-05 13:30:00+00:00,99.43,2026-08-07,2026-08-07 19:59:00+00:00,101.64,-2.2226692145227736,True,,2026_q3_f6_era
PANW,2026-08-04,8.487701673152213,0.9428571428571428,SHORT,2026-08-05,2026-08-05 13:30:00+00:00,373.24,2026-08-07,2026-08-07 19:59:00+00:00,363.86,2.5131282820705163,True,,2026_q3_f6_era
NVDA,2026-08-05,6.0853357514790165,0.9428571428571428,SHORT,2026-08-06,2026-08-06 13:30:00+00:00,221.28,2026-08-10,2026-08-10 19:59:00+00:00,217.32,1.7895878524945805,True,,2026_q3_f6_era
AVGO,2026-08-05,4.4474259239507585,0.8857142857142857,SHORT,2026-08-06,2026-08-06 13:30:00+00:00,419.85,2026-08-10,2026-08-10 19:59:00+00:00,421.48,-0.3882338930570431,True,,2026_q3_f6_era
BKNG,2026-08-05,4.244298226199264,0.8571428571428571,SHORT,2026-08-06,2026-08-06 13:30:00+00:00,206.66,2026-08-10,2026-08-10 19:59:00+00:00,212.45,-2.801703280750988,True,,2026_q3_f6_era
INTC,2026-08-05,8.983224538451077,1.0,SHORT,2026-08-06,2026-08-06 13:30:00+00:00,98.22,2026-08-10,2026-08-10 19:59:00+00:00,97.54,0.6923233557320226,True,,2026_q3_f6_era
ISRG,2026-08-05,3.1340141311268006,0.8,SHORT,2026-08-06,2026-08-06 13:30:00+00:00,373.83,2026-08-10,2026-08-10 19:59:00+00:00,393.305,-5.2095872455394225,True,,2026_q3_f6_era
MU,2026-08-05,5.450431345572067,0.9142857142857143,SHORT,2026-08-06,2026-08-06 13:30:00+00:00,843.11,2026-08-10,2026-08-10 19:59:00+00:00,861.6,-2.1930708922916353,True,,2026_q3_f6_era
PANW,2026-08-05,6.242643227184416,0.9714285714285714,SHORT,2026-08-06,2026-08-06 13:30:00+00:00,350.02,2026-08-10,2026-08-10 19:59:00+00:00,385.16,-10.0394263184961,True,,2026_q3_f6_era
QCOM,2026-08-05,3.6575970357313397,0.8285714285714286,SHORT,2026-08-06,2026-08-06 13:30:00+00:00,154.58,2026-08-10,2026-08-10 19:59:00+00:00,161.24,-4.308448699702417,True,,2026_q3_f6_era
NVDA,2026-08-06,4.533863948412517,0.8857142857142857,SHORT,2026-08-07,2026-08-07 13:30:00+00:00,221.35,2026-08-11,2026-08-11 19:59:00+00:00,217.24,1.8567878924779693,True,,2026_q3_f6_era
AVGO,2026-08-06,5.790685528721438,0.9428571428571428,SHORT,2026-08-07,2026-08-07 13:30:00+00:00,428.35,2026-08-11,2026-08-11 19:59:00+00:00,415.1,3.0932648535076455,True,,2026_q3_f6_era
BKNG,2026-08-06,6.186421640581798,0.9714285714285714,SHORT,2026-08-07,2026-08-07 13:30:00+00:00,206.67,2026-08-11,2026-08-11 19:59:00+00:00,212.38,-2.7628586635699466,True,,2026_q3_f6_era
CSCO,2026-08-06,2.9287635000691274,0.8,SHORT,2026-08-07,2026-08-07 13:30:00+00:00,121.88,2026-08-11,2026-08-11 19:59:00+00:00,120.46,1.1650804069576648,True,,2026_q3_f6_era
INTC,2026-08-06,8.137167731777334,1.0,SHORT,2026-08-07,2026-08-07 13:30:00+00:00,102.33,2026-08-11,2026-08-11 19:59:00+00:00,97.71,4.514805042509532,True,,2026_q3_f6_era
KLAC,2026-08-06,4.264369297335074,0.8285714285714286,SHORT,2026-08-07,2026-08-07 13:30:00+00:00,197.76,2026-08-11,2026-08-11 19:59:00+00:00,200.23,-1.2489886731391582,True,,2026_q3_f6_era
MU,2026-08-06,4.889921346974273,0.9142857142857143,SHORT,2026-08-07,2026-08-07 13:30:00+00:00,903.6,2026-08-11,2026-08-11 19:59:00+00:00,868.205,3.9171093404161113,True,,2026_q3_f6_era
QCOM,2026-08-06,4.3489995397094265,0.8571428571428571,SHORT,2026-08-07,2026-08-07 13:30:00+00:00,162.19,2026-08-11,2026-08-11 19:59:00+00:00,161.81,0.2342931130155962,True,,2026_q3_f6_era
NVDA,2026-08-07,5.432553697873917,0.9714285714285714,SHORT,2026-08-10,2026-08-10 13:30:00+00:00,223.19,2026-08-12,2026-08-12 19:59:00+00:00,223.85,-0.2957121734844736,True,,2026_q3_f6_era
ADBE,2026-08-07,2.7227086179099427,0.8571428571428571,SHORT,2026-08-10,2026-08-10 13:30:00+00:00,262.81,2026-08-12,2026-08-12 19:59:00+00:00,258.78,1.5334271907461776,True,,2026_q3_f6_era
ADI,2026-08-07,2.3338607175961408,0.8,SHORT,2026-08-10,2026-08-10 13:30:00+00:00,390.8,2026-08-12,2026-08-12 19:59:00+00:00,383.21,1.9421699078812773,True,,2026_q3_f6_era
BKNG,2026-08-07,10.147299060824869,1.0,SHORT,2026-08-10,2026-08-10 13:30:00+00:00,213.44,2026-08-12,2026-08-12 19:59:00+00:00,211.76,0.7871064467766149,True,,2026_q3_f6_era
ISRG,2026-08-07,2.5793818912029622,0.8285714285714286,SHORT,2026-08-10,2026-08-10 13:30:00+00:00,379.24,2026-08-12,2026-08-12 19:59:00+00:00,401.3,-5.816896951798334,True,,2026_q3_f6_era
QCOM,2026-08-07,2.9820204588520642,0.9142857142857143,SHORT,2026-08-10,2026-08-10 13:30:00+00:00,167.5,2026-08-12,2026-08-12 19:59:00+00:00,162.19,3.1701492537313447,True,,2026_q3_f6_era
REGN,2026-08-07,2.8591399491403124,0.8857142857142857,SHORT,2026-08-10,2026-08-10 13:30:00+00:00,780.81,2026-08-12,2026-08-12 19:59:00+00:00,796.75,-2.041469755766455,True,,2026_q3_f6_era
VRTX,2026-08-07,3.4175797398104715,0.9428571428571428,SHORT,2026-08-10,2026-08-10 13:30:00+00:00,540.6,2026-08-12,2026-08-12 19:59:00+00:00,525.77,2.743248242693311,True,,2026_q3_f6_era
MSFT,2026-08-10,3.3663440674078,0.8571428571428571,SHORT,2026-08-11,2026-08-11 13:30:00+00:00,503.38,2026-08-13,2026-08-13 19:59:00+00:00,495.91,1.4839683737931524,True,,2026_q3_f6_era
TSLA,2026-08-10,2.5006087008741615,0.8285714285714286,SHORT,2026-08-11,2026-08-11 13:30:00+00:00,332.8,2026-08-13,2026-08-13 19:59:00+00:00,340.04,-2.175480769230772,True,,2026_q3_f6_era
ADBE,2026-08-10,4.837648449981499,0.9428571428571428,SHORT,2026-08-11,2026-08-11 13:30:00+00:00,270.48,2026-08-13,2026-08-13 19:59:00+00:00,270.465,0.005545696539501331,True,,2026_q3_f6_era
ISRG,2026-08-10,4.3788945518448585,0.8857142857142857,SHORT,2026-08-11,2026-08-11 13:30:00+00:00,392.85,2026-08-13,2026-08-13 19:59:00+00:00,401.29,-2.148402698230876,True,,2026_q3_f6_era
PANW,2026-08-10,5.753891339743532,0.9714285714285714,SHORT,2026-08-11,2026-08-11 13:30:00+00:00,384.66,2026-08-13,2026-08-13 19:59:00+00:00,395.99,-2.945458326834083,True,,2026_q3_f6_era
QCOM,2026-08-10,2.480619165320573,0.8,SHORT,2026-08-11,2026-08-11 13:30:00+00:00,162.86,2026-08-13,2026-08-13 19:59:00+00:00,163.94,-0.6631462605919096,True,,2026_q3_f6_era
REGN,2026-08-10,4.717900192727409,0.9142857142857143,SHORT,2026-08-11,2026-08-11 13:30:00+00:00,807.86,2026-08-13,2026-08-13 19:59:00+00:00,805.03,0.3503082217215905,True,,2026_q3_f6_era
VRTX,2026-08-10,7.653474234006994,1.0,SHORT,2026-08-11,2026-08-11 13:30:00+00:00,524.79,2026-08-13,2026-08-13 19:59:00+00:00,516.29,1.6196954972465178,True,,2026_q3_f6_era
TSLA,2026-08-11,3.9077455619100108,0.8857142857142857,SHORT,2026-08-12,2026-08-12 13:30:00+00:00,335.16,2026-08-14,2026-08-14 19:59:00+00:00,342.28,-2.124358515335943,True,,2026_q3_f6_era
GILD,2026-08-11,3.4655883357859207,0.8285714285714286,SHORT,2026-08-12,2026-08-12 13:30:00+00:00,133.24,2026-08-14,2026-08-14 19:59:00+00:00,137.58,-3.257280096067249,True,,2026_q3_f6_era
INTU,2026-08-11,4.242348520098002,0.9142857142857143,SHORT,2026-08-12,2026-08-12 13:30:00+00:00,331.79,2026-08-14,2026-08-14 19:59:00+00:00,345.76,-4.210494589951466,True,,2026_q3_f6_era
ISRG,2026-08-11,7.0820226927645225,0.9714285714285714,SHORT,2026-08-12,2026-08-12 13:30:00+00:00,404.05,2026-08-14,2026-08-14 19:59:00+00:00,394.51,2.3610939240193094,True,,2026_q3_f6_era
KLAC,2026-08-11,3.5546671996828874,0.8571428571428571,SHORT,2026-08-12,2026-08-12 13:30:00+00:00,209.86,2026-08-14,2026-08-14 19:59:00+00:00,203.5,3.0305918231201816,True,,2026_q3_f6_era
PANW,2026-08-11,6.508747078767101,0.9428571428571428,SHORT,2026-08-12,2026-08-12 13:30:00+00:00,380.9,2026-08-14,2026-08-14 19:59:00+00:00,384.33,-0.9004988185875575,True,,2026_q3_f6_era
REGN,2026-08-11,2.980953792469274,0.8,SHORT,2026-08-12,2026-08-12 13:30:00+00:00,789.63,2026-08-14,2026-08-14 19:59:00+00:00,802.67,-1.6514063548750635,True,,2026_q3_f6_era
VRTX,2026-08-11,9.17797886002553,1.0,SHORT,2026-08-12,2026-08-12 13:30:00+00:00,527.37,2026-08-14,2026-08-14 19:59:00+00:00,505.75,4.099588524186056,True,,2026_q3_f6_era
NVDA,2025-02-06,8.850576212295035,1.0,SHORT,2025-02-07,2025-02-07 14:30:00+00:00,128.88,2025-02-11,2025-02-11 20:59:00+00:00,132.52,-2.8243327126008806,True,,2025_q1_orpb_era
AVGO,2025-02-06,4.817913748316899,0.9428571428571428,SHORT,2025-02-07,2025-02-07 14:30:00+00:00,231.62,2025-02-11,2025-02-11 20:59:00+00:00,231.75,-0.056126413953888024,True,,2025_q1_orpb_era
CMCSA,2025-02-06,2.496880418233121,0.8571428571428571,SHORT,2025-02-07,2025-02-07 14:30:00+00:00,30.35,2025-02-11,2025-02-11 20:59:00+00:00,30.9,-1.8121911037891174,True,,2025_q1_orpb_era
COST,2025-02-06,2.993669625692857,0.8857142857142857,SHORT,2025-02-07,2025-02-07 14:30:00+00:00,1038.13,2025-02-11,2025-02-11 20:59:00+00:00,1049.56,-1.1010181769142435,True,,2025_q1_orpb_era
MU,2025-02-06,3.682569482629617,0.9142857142857143,SHORT,2025-02-07,2025-02-07 14:30:00+00:00,95.22,2025-02-11,2025-02-11 20:59:00+00:00,93.75,1.5437933207309378,True,,2025_q1_orpb_era
NFLX,2025-02-06,2.3166555059947385,0.8285714285714286,SHORT,2025-02-07,2025-02-07 14:30:00+00:00,101.7,2025-02-11,2025-02-11 20:59:00+00:00,100.77,0.9144542772861425,True,,2025_q1_orpb_era
REGN,2025-02-06,6.956217313471829,0.9714285714285714,SHORT,2025-02-07,2025-02-07 14:30:00+00:00,719.67,2025-02-11,2025-02-11 20:59:00+00:00,658.59,8.487223310684055,True,,2025_q1_orpb_era
SBUX,2025-02-06,1.812363995359133,0.8,SHORT,2025-02-07,2025-02-07 14:30:00+00:00,106.61,2025-02-11,2025-02-11 20:59:00+00:00,106.24,0.34705937529312875,True,,2025_q1_orpb_era
NVDA,2025-02-07,9.581494010719034,1.0,SHORT,2025-02-10,2025-02-10 14:30:00+00:00,129.71,2025-02-12,2025-02-12 20:59:00+00:00,130.74,-0.7940790995297209,True,,2025_q1_orpb_era
BKNG,2025-02-07,4.749580223041938,0.9428571428571428,SHORT,2025-02-10,2025-02-10 14:30:00+00:00,195.63,2025-02-12,2025-02-12 20:59:00+00:00,197.83,-1.1245718959259914,True,,2025_q1_orpb_era
CMCSA,2025-02-07,2.7110932435839077,0.8571428571428571,SHORT,2025-02-10,2025-02-10 14:30:00+00:00,30.45,2025-02-12,2025-02-12 20:59:00+00:00,30.62,-0.558292282430219,True,,2025_q1_orpb_era
COST,2025-02-07,2.426145370878303,0.8285714285714286,SHORT,2025-02-10,2025-02-10 14:30:00+00:00,1043.09,2025-02-12,2025-02-12 20:59:00+00:00,1055.84,-1.222329808549598,True,,2025_q1_orpb_era
LRCX,2025-02-07,3.1634329499677096,0.8857142857142857,SHORT,2025-02-10,2025-02-10 14:30:00+00:00,82.55,2025-02-12,2025-02-12 20:59:00+00:00,80.61,2.3500908540278593,True,,2025_q1_orpb_era
MDLZ,2025-02-07,4.34977247181736,0.9142857142857143,SHORT,2025-02-10,2025-02-10 14:30:00+00:00,55.32,2025-02-12,2025-02-12 20:59:00+00:00,57.27,-3.5249457700650813,True,,2025_q1_orpb_era
NFLX,2025-02-07,2.0726049085229272,0.8,SHORT,2025-02-10,2025-02-10 14:30:00+00:00,102.31,2025-02-12,2025-02-12 20:59:00+00:00,102.71,-0.3909686247678541,True,,2025_q1_orpb_era
PANW,2025-02-07,5.931484605301684,0.9714285714285714,SHORT,2025-02-10,2025-02-10 14:30:00+00:00,196.5,2025-02-12,2025-02-12 20:59:00+00:00,196.69,-0.09669211195928637,True,,2025_q1_orpb_era
NVDA,2025-02-10,6.741305420161821,1.0,SHORT,2025-02-11,2025-02-11 14:30:00+00:00,132.23,2025-02-13,2025-02-13 20:59:00+00:00,134.9,-2.0192089540951494,True,,2025_q1_orpb_era
STX,2025-02-10,2.394099248139336,0.8857142857142857,SHORT,2025-02-11,2025-02-11 14:30:00+00:00,95.06,2025-02-13,2025-02-13 20:59:00+00:00,99.22,-4.376183463075948,True,,2025_q1_orpb_era
ADBE,2025-02-10,2.97004293356033,0.9142857142857143,SHORT,2025-02-11,2025-02-11 14:30:00+00:00,448.58,2025-02-13,2025-02-13 20:59:00+00:00,459.18,-2.3630121717419463,True,,2025_q1_orpb_era
BKNG,2025-02-10,4.551474059290447,0.9428571428571428,SHORT,2025-02-11,2025-02-11 14:30:00+00:00,193.0,2025-02-13,2025-02-13 20:59:00+00:00,197.16,-2.1554404145077704,True,,2025_q1_orpb_era
COST,2025-02-10,1.861153993911391,0.8,SHORT,2025-02-11,2025-02-11 14:30:00+00:00,1050.93,2025-02-13,2025-02-13 20:59:00+00:00,1067.65,-1.590971805924279,True,,2025_q1_orpb_era
LRCX,2025-02-10,2.132994529623172,0.8285714285714286,SHORT,2025-02-11,2025-02-11 14:30:00+00:00,82.06,2025-02-13,2025-02-13 20:59:00+00:00,82.31,-0.3046551303923958,True,,2025_q1_orpb_era
MU,2025-02-10,2.3528104885691383,0.8571428571428571,SHORT,2025-02-11,2025-02-11 14:30:00+00:00,93.88,2025-02-13,2025-02-13 20:59:00+00:00,95.3,-1.5125692373242456,True,,2025_q1_orpb_era
PANW,2025-02-10,5.025526070889679,0.9714285714285714,SHORT,2025-02-11,2025-02-11 14:30:00+00:00,198.15,2025-02-13,2025-02-13 20:59:00+00:00,201.97,-1.9278324501640136,True,,2025_q1_orpb_era
NVDA,2025-02-11,3.435599413347055,0.8857142857142857,SHORT,2025-02-12,2025-02-12 14:30:00+00:00,129.67,2025-02-14,2025-02-14 20:59:00+00:00,138.44,-6.7633222796329235,True,,2025_q1_orpb_era
ADBE,2025-02-11,5.604552699069335,0.9714285714285714,SHORT,2025-02-12,2025-02-12 14:30:00+00:00,458.0,2025-02-14,2025-02-14 20:59:00+00:00,460.08,-0.45414847161571703,True,,2025_q1_orpb_era
AVGO,2025-02-11,1.8715463115829187,0.8,SHORT,2025-02-12,2025-02-12 14:30:00+00:00,226.8,2025-02-14,2025-02-14 20:59:00+00:00,229.63,-1.247795414462074,True,,2025_q1_orpb_era
BKNG,2025-02-11,2.651871000314154,0.8571428571428571,SHORT,2025-02-12,2025-02-12 14:30:00+00:00,192.25,2025-02-14,2025-02-14 20:59:00+00:00,198.87,-3.443433029908975,True,,2025_q1_orpb_era
CMCSA,2025-02-11,2.3016740074826263,0.8285714285714286,SHORT,2025-02-12,2025-02-12 14:30:00+00:00,30.65,2025-02-14,2025-02-14 20:59:00+00:00,31.04,-1.2724306688417637,True,,2025_q1_orpb_era
INTC,2025-02-11,8.382546991449766,1.0,SHORT,2025-02-12,2025-02-12 14:30:00+00:00,21.99,2025-02-14,2025-02-14 20:59:00+00:00,23.61,-7.366984993178723,True,,2025_q1_orpb_era
MDLZ,2025-02-11,4.725470117138429,0.9428571428571428,SHORT,2025-02-12,2025-02-12 14:30:00+00:00,56.59,2025-02-14,2025-02-14 20:59:00+00:00,57.47,-1.5550450609648265,True,,2025_q1_orpb_era
PANW,2025-02-11,4.531479883467856,0.9142857142857143,SHORT,2025-02-12,2025-02-12 14:30:00+00:00,193.73,2025-02-14,2025-02-14 20:59:00+00:00,200.0,-3.236463118773556,True,,2025_q1_orpb_era
AAPL,2025-02-12,3.715323565017285,0.8857142857142857,SHORT,2025-02-13,2025-02-13 14:30:00+00:00,235.46,2025-02-18,2025-02-18 20:59:00+00:00,242.97,-3.1895014015119303,True,,2025_q1_orpb_era
AMD,2025-02-12,3.458238442573124,0.8571428571428571,SHORT,2025-02-13,2025-02-13 14:30:00+00:00,111.9,2025-02-18,2025-02-18 20:59:00+00:00,114.255,-2.1045576407506608,True,,2025_q1_orpb_era
STX,2025-02-12,2.7933082035662204,0.8,SHORT,2025-02-13,2025-02-13 14:30:00+00:00,97.18,2025-02-18,2025-02-18 20:59:00+00:00,100.81,-3.735336488989499,True,,2025_q1_orpb_era
ADBE,2025-02-12,6.389663642978871,0.9428571428571428,SHORT,2025-02-13,2025-02-13 14:30:00+00:00,465.21,2025-02-18,2025-02-18 20:59:00+00:00,464.11,0.2364523548504903,True,,2025_q1_orpb_era
AVGO,2025-02-12,4.673689393912008,0.9142857142857143,SHORT,2025-02-13,2025-02-13 14:30:00+00:00,232.42,2025-02-18,2025-02-18 20:59:00+00:00,225.23,3.093537561311418,True,,2025_q1_orpb_era
GILD,2025-02-12,7.176561083414357,0.9714285714285714,SHORT,2025-02-13,2025-02-13 14:30:00+00:00,100.19,2025-02-18,2025-02-18 20:59:00+00:00,100.56,-0.3692983331669873,True,,2025_q1_orpb_era
INTC,2025-02-12,17.28846453490745,1.0,SHORT,2025-02-13,2025-02-13 14:30:00+00:00,22.84,2025-02-18,2025-02-18 20:59:00+00:00,27.43,-20.09632224168126,True,,2025_q1_orpb_era
MDLZ,2025-02-12,3.2454629132810267,0.8285714285714286,SHORT,2025-02-13,2025-02-13 14:30:00+00:00,57.21,2025-02-18,2025-02-18 20:59:00+00:00,57.82,-1.0662471595874836,True,,2025_q1_orpb_era
AAPL,2025-02-13,5.284048210709898,0.9428571428571428,SHORT,2025-02-14,2025-02-14 14:30:00+00:00,239.74,2025-02-19,2025-02-19 20:59:00+00:00,243.39,-1.5224826895803691,True,,2025_q1_orpb_era
STX,2025-02-13,2.9322242668689302,0.8857142857142857,SHORT,2025-02-14,2025-02-14 14:30:00+00:00,99.88,2025-02-19,2025-02-19 20:59:00+00:00,100.7,-0.8209851822186698,True,,2025_q1_orpb_era
ADI,2025-02-13,1.3718582753961952,0.8,SHORT,2025-02-14,2025-02-14 14:30:00+00:00,205.92,2025-02-19,2025-02-19 20:59:00+00:00,235.62,-14.423076923076932,True,,2025_q1_orpb_era
CMCSA,2025-02-13,1.8005908343343902,0.8285714285714286,SHORT,2025-02-14,2025-02-14 14:30:00+00:00,31.03,2025-02-19,2025-02-19 20:59:00+00:00,32.02,-3.1904608443441895,True,,2025_q1_orpb_era
GILD,2025-02-13,10.185621836263463,0.9714285714285714,SHORT,2025-02-14,2025-02-14 14:30:00+00:00,101.1,2025-02-19,2025-02-19 20:59:00+00:00,102.88,-1.7606330365974296,True,,2025_q1_orpb_era
INTC,2025-02-13,21.203190626886325,1.0,SHORT,2025-02-14,2025-02-14 14:30:00+00:00,24.35,2025-02-19,2025-02-19 20:59:00+00:00,25.715,-5.605749486652971,True,,2025_q1_orpb_era
MDLZ,2025-02-13,3.6547591508553965,0.9142857142857143,SHORT,2025-02-14,2025-02-14 14:30:00+00:00,57.84,2025-02-19,2025-02-19 20:59:00+00:00,58.52,-1.1756569847856149,True,,2025_q1_orpb_era
PANW,2025-02-13,2.035542635489012,0.8571428571428571,SHORT,2025-02-14,2025-02-14 14:30:00+00:00,191.81,2025-02-19,2025-02-19 20:59:00+00:00,205.17,-6.965226004900675,True,,2025_q1_orpb_era
AAPL,2025-02-14,4.322892774709465,0.8285714285714286,SHORT,2025-02-18,2025-02-18 14:30:00+00:00,242.66,2025-02-20,2025-02-20 20:59:00+00:00,244.36,-0.7005686969422307,True,,2025_q1_orpb_era
NVDA,2025-02-14,3.7242255599838305,0.8,SHORT,2025-02-18,2025-02-18 14:30:00+00:00,140.9,2025-02-20,2025-02-20 20:59:00+00:00,139.75,0.8161816891412389,True,,2025_q1_orpb_era
TSLA,2025-02-14,7.551765985988503,0.9714285714285714,SHORT,2025-02-18,2025-02-18 14:30:00+00:00,355.22,2025-02-20,2025-02-20 20:59:00+00:00,354.38,0.23647317155566458,True,,2025_q1_orpb_era
ADI,2025-02-14,4.7674366393755445,0.8857142857142857,SHORT,2025-02-18,2025-02-18 14:30:00+00:00,212.06,2025-02-20,2025-02-20 20:59:00+00:00,237.72,-12.100348957842117,True,,2025_q1_orpb_era
GILD,2025-02-14,7.530434946056644,0.9428571428571428,SHORT,2025-02-18,2025-02-18 14:30:00+00:00,99.62,2025-02-20,2025-02-20 20:59:00+00:00,105.17,-5.571170447701261,True,,2025_q1_orpb_era
INTC,2025-02-14,11.73910968329325,1.0,SHORT,2025-02-18,2025-02-18 14:30:00+00:00,24.61,2025-02-20,2025-02-20 20:59:00+00:00,26.1,-6.054449410808623,True,,2025_q1_orpb_era
MU,2025-02-14,5.006308666936251,0.9142857142857143,SHORT,2025-02-18,2025-02-18 14:30:00+00:00,102.16,2025-02-20,2025-02-20 20:59:00+00:00,102.8,-0.6264682850430703,True,,2025_q1_orpb_era
NFLX,2025-02-14,4.327928990445231,0.8571428571428571,SHORT,2025-02-18,2025-02-18 14:30:00+00:00,106.0,2025-02-20,2025-02-20 20:59:00+00:00,102.43,3.367924528301881,True,,2025_q1_orpb_era
NVDA,2025-02-18,5.032843298445185,0.9142857142857143,SHORT,2025-02-19,2025-02-19 14:30:00+00:00,139.15,2025-02-21,2025-02-21 20:59:00+00:00,133.92,3.758533956162428,True,,2025_q1_orpb_era
TSLA,2025-02-18,3.9046783539131096,0.8285714285714286,SHORT,2025-02-19,2025-02-19 14:30:00+00:00,353.93,2025-02-21,2025-02-21 20:59:00+00:00,337.6,4.6139067047156175,True,,2025_q1_orpb_era
ADI,2025-02-18,6.012450208195368,0.9428571428571428,SHORT,2025-02-19,2025-02-19 14:30:00+00:00,224.11,2025-02-21,2025-02-21 20:59:00+00:00,232.97,-3.953415733345225,True,,2025_q1_orpb_era
CMCSA,2025-02-18,2.856990965340955,0.8,SHORT,2025-02-19,2025-02-19 14:30:00+00:00,31.98,2025-02-21,2025-02-21 20:59:00+00:00,31.8,0.5628517823639766,True,,2025_q1_orpb_era
INTC,2025-02-18,20.642034553913177,1.0,SHORT,2025-02-19,2025-02-19 14:30:00+00:00,25.96,2025-02-21,2025-02-21 20:59:00+00:00,24.86,4.237288135593226,True,,2025_q1_orpb_era
LRCX,2025-02-18,4.78017774388157,0.8857142857142857,SHORT,2025-02-19,2025-02-19 14:30:00+00:00,85.26,2025-02-21,2025-02-21 20:59:00+00:00,84.98,0.3284072249589504,True,,2025_q1_orpb_era
MU,2025-02-18,15.168175241933954,0.9714285714285714,SHORT,2025-02-19,2025-02-19 14:30:00+00:00,105.39,2025-02-21,2025-02-21 20:59:00+00:00,98.44,6.59455356295664,True,,2025_q1_orpb_era
PANW,2025-02-18,4.569237861133212,0.8571428571428571,SHORT,2025-02-19,2025-02-19 14:30:00+00:00,208.19,2025-02-21,2025-02-21 20:59:00+00:00,191.03,8.242470819924106,True,,2025_q1_orpb_era
NVDA,2025-02-19,2.425179713691917,0.8285714285714286,SHORT,2025-02-20,2025-02-20 14:30:00+00:00,139.77,2025-02-24,2025-02-24 20:59:00+00:00,129.75,7.1689203691779415,True,,2025_q1_orpb_era
ADI,2025-02-19,14.918256226353606,1.0,SHORT,2025-02-20,2025-02-20 14:30:00+00:00,237.47,2025-02-24,2025-02-24 20:59:00+00:00,231.06,2.6992883311576183,True,,2025_q1_orpb_era
CMCSA,2025-02-19,2.6320626281073514,0.8571428571428571,SHORT,2025-02-20,2025-02-20 14:30:00+00:00,31.93,2025-02-24,2025-02-24 20:59:00+00:00,31.85,0.2505480739116765,True,,2025_q1_orpb_era
INTC,2025-02-19,6.131834934589229,0.9142857142857143,SHORT,2025-02-20,2025-02-20 14:30:00+00:00,25.56,2025-02-24,2025-02-24 20:59:00+00:00,24.26,5.086071987480428,True,,2025_q1_orpb_era
ISRG,2025-02-19,2.371852728898709,0.8,SHORT,2025-02-20,2025-02-20 14:30:00+00:00,607.15,2025-02-24,2025-02-24 20:59:00+00:00,591.31,2.608910483406083,True,,2025_q1_orpb_era
LRCX,2025-02-19,4.698998727114482,0.8857142857142857,SHORT,2025-02-20,2025-02-20 14:30:00+00:00,89.06,2025-02-24,2025-02-24 20:59:00+00:00,82.32,7.5679317314170325,True,,2025_q1_orpb_era
MU,2025-02-19,8.56193952255893,0.9714285714285714,SHORT,2025-02-20,2025-02-20 14:30:00+00:00,103.58,2025-02-24,2025-02-24 20:59:00+00:00,95.03,8.254489283645489,True,,2025_q1_orpb_era
TXN,2025-02-19,8.08877602256087,0.9428571428571428,SHORT,2025-02-20,2025-02-20 14:30:00+00:00,191.26,2025-02-24,2025-02-24 20:59:00+00:00,192.56,-0.6797030220642117,True,,2025_q1_orpb_era
ADI,2025-02-20,13.47739629090391,1.0,SHORT,2025-02-21,2025-02-21 14:30:00+00:00,238.82,2025-02-25,2025-02-25 20:59:00+00:00,229.52,3.894146218909632,True,,2025_q1_orpb_era
AMAT,2025-02-20,4.147472270827281,0.8,SHORT,2025-02-21,2025-02-21 14:30:00+00:00,174.2,2025-02-25,2025-02-25 20:59:00+00:00,163.69,6.033295063145805,True,,2025_q1_orpb_era
GILD,2025-02-20,5.628948157220562,0.8857142857142857,SHORT,2025-02-21,2025-02-21 14:30:00+00:00,105.81,2025-02-25,2025-02-25 20:59:00+00:00,106.56,-0.7088176920895946,True,,2025_q1_orpb_era
HON,2025-02-20,4.149648327069733,0.8285714285714286,SHORT,2025-02-21,2025-02-21 14:30:00+00:00,201.37,2025-02-25,2025-02-25 20:59:00+00:00,202.23,-0.42707453940506784,True,,2025_q1_orpb_era
INTC,2025-02-20,10.434325402732606,0.9428571428571428,SHORT,2025-02-21,2025-02-21 14:30:00+00:00,25.96,2025-02-25,2025-02-25 20:59:00+00:00,23.0,11.402157164869033,True,,2025_q1_orpb_era
LRCX,2025-02-20,7.470189625980035,0.9142857142857143,SHORT,2025-02-21,2025-02-21 14:30:00+00:00,88.79,2025-02-25,2025-02-25 20:59:00+00:00,79.34,10.643090438112402,True,,2025_q1_orpb_era
TXN,2025-02-20,11.320422267724732,0.9714285714285714,SHORT,2025-02-21,2025-02-21 14:30:00+00:00,196.85,2025-02-25,2025-02-25 20:59:00+00:00,191.92,2.504445008890021,True,,2025_q1_orpb_era
VRTX,2025-02-20,4.552231530239095,0.8571428571428571,SHORT,2025-02-21,2025-02-21 14:30:00+00:00,481.36,2025-02-25,2025-02-25 20:59:00+00:00,480.35,0.209822170516867,True,,2025_q1_orpb_era
ADI,2025-02-21,10.391247390139409,1.0,SHORT,2025-02-24,2025-02-24 14:30:00+00:00,234.29,2025-02-26,2025-02-26 20:59:00+00:00,227.89,2.7316573477314465,True,,2025_q1_orpb_era
GILD,2025-02-21,6.341307903813492,0.8571428571428571,SHORT,2025-02-24,2025-02-24 14:30:00+00:00,104.71,2025-02-26,2025-02-26 20:59:00+00:00,105.52,-0.7735650845191504,True,,2025_q1_orpb_era
HON,2025-02-21,3.731045309836647,0.8,SHORT,2025-02-24,2025-02-24 14:30:00+00:00,201.94,2025-02-26,2025-02-26 20:59:00+00:00,201.62,0.15846290977517735,True,,2025_q1_orpb_era
MDLZ,2025-02-21,7.546495897056183,0.9142857142857143,SHORT,2025-02-24,2025-02-24 14:30:00+00:00,61.01,2025-02-26,2025-02-26 20:59:00+00:00,59.96,1.7210293394525442,True,,2025_q1_orpb_era
PEP,2025-02-21,8.378809097485906,0.9428571428571428,SHORT,2025-02-24,2025-02-24 14:30:00+00:00,142.16,2025-02-26,2025-02-26 20:59:00+00:00,141.39,0.5416432189082796,True,,2025_q1_orpb_era
REGN,2025-02-21,4.970892625287918,0.8285714285714286,SHORT,2025-02-24,2025-02-24 14:30:00+00:00,698.25,2025-02-26,2025-02-26 20:59:00+00:00,701.24,-0.428213390619407,True,,2025_q1_orpb_era
TXN,2025-02-21,10.196277925242956,0.9714285714285714,SHORT,2025-02-24,2025-02-24 14:30:00+00:00,193.97,2025-02-26,2025-02-26 20:59:00+00:00,190.25,1.9178223436613901,True,,2025_q1_orpb_era
VRTX,2025-02-21,6.72096060743717,0.8857142857142857,SHORT,2025-02-24,2025-02-24 14:30:00+00:00,482.84,2025-02-26,2025-02-26 20:59:00+00:00,478.98,0.7994366663905138,True,,2025_q1_orpb_era
AAPL,2025-02-24,3.5177878025961773,0.8285714285714286,SHORT,2025-02-25,2025-02-25 14:30:00+00:00,246.48,2025-02-27,2025-02-27 20:59:00+00:00,235.94,4.276209023044463,True,,2025_q1_orpb_era
GILD,2025-02-24,5.6806164604274345,0.9142857142857143,SHORT,2025-02-25,2025-02-25 14:30:00+00:00,106.26,2025-02-27,2025-02-27 20:59:00+00:00,107.05,-0.7434594391116055,True,,2025_q1_orpb_era
MDLZ,2025-02-24,8.182486060909614,1.0,SHORT,2025-02-25,2025-02-25 14:30:00+00:00,61.61,2025-02-27,2025-02-27 20:59:00+00:00,60.46,1.866580100633012,True,,2025_q1_orpb_era
PEP,2025-02-24,8.050297906979555,0.9714285714285714,SHORT,2025-02-25,2025-02-25 14:30:00+00:00,144.34,2025-02-27,2025-02-27 20:59:00+00:00,141.87,1.711237356242205,True,,2025_q1_orpb_era
REGN,2025-02-24,6.751793636491158,0.9428571428571428,SHORT,2025-02-25,2025-02-25 14:30:00+00:00,714.19,2025-02-27,2025-02-27 20:59:00+00:00,696.9,2.420924403870129,True,,2025_q1_orpb_era
SBUX,2025-02-24,3.20742658395307,0.8,SHORT,2025-02-25,2025-02-25 14:30:00+00:00,108.78,2025-02-27,2025-02-27 20:59:00+00:00,110.17,-1.277808420665564,True,,2025_q1_orpb_era
TXN,2025-02-24,4.779395697392124,0.8857142857142857,SHORT,2025-02-25,2025-02-25 14:30:00+00:00,193.33,2025-02-27,2025-02-27 20:59:00+00:00,183.57,5.0483629028086785,True,,2025_q1_orpb_era
VRTX,2025-02-24,4.632993391656662,0.8571428571428571,SHORT,2025-02-25,2025-02-25 14:30:00+00:00,480.95,2025-02-27,2025-02-27 20:59:00+00:00,474.49,1.3431749662127,True,,2025_q1_orpb_era
AAPL,2025-02-25,3.13408019158797,0.8285714285714286,SHORT,2025-02-26,2025-02-26 14:30:00+00:00,242.89,2025-02-28,2025-02-28 20:59:00+00:00,240.36,1.0416237803120643,True,,2025_q1_orpb_era
COST,2025-02-25,4.714268048935045,0.9142857142857143,SHORT,2025-02-26,2025-02-26 14:30:00+00:00,1041.25,2025-02-28,2025-02-28 20:59:00+00:00,1039.75,0.14405762304921968,True,,2025_q1_orpb_era
GILD,2025-02-25,3.9728557785668395,0.8857142857142857,SHORT,2025-02-26,2025-02-26 14:30:00+00:00,105.8,2025-02-28,2025-02-28 20:59:00+00:00,109.26,-3.270321361058609,True,,2025_q1_orpb_era
HON,2025-02-25,2.9686621661831145,0.8,SHORT,2025-02-26,2025-02-26 14:30:00+00:00,201.05,2025-02-28,2025-02-28 20:59:00+00:00,204.02,-1.4772444665506086,True,,2025_q1_orpb_era
MDLZ,2025-02-25,8.624637428335742,1.0,SHORT,2025-02-26,2025-02-26 14:30:00+00:00,61.88,2025-02-28,2025-02-28 20:59:00+00:00,60.69,1.923076923076931,True,,2025_q1_orpb_era
PEP,2025-02-25,7.574285137843333,0.9714285714285714,SHORT,2025-02-26,2025-02-26 14:30:00+00:00,145.17,2025-02-28,2025-02-28 20:59:00+00:00,143.23,1.3363642625886878,True,,2025_q1_orpb_era
REGN,2025-02-25,6.54712077776103,0.9428571428571428,SHORT,2025-02-26,2025-02-26 14:30:00+00:00,715.47,2025-02-28,2025-02-28 20:59:00+00:00,693.24,3.1070485135645125,True,,2025_q1_orpb_era
SBUX,2025-02-25,3.714723278861224,0.8571428571428571,SHORT,2025-02-26,2025-02-26 14:30:00+00:00,110.25,2025-02-28,2025-02-28 20:59:00+00:00,111.4,-1.0430839002267627,True,,2025_q1_orpb_era
BKNG,2025-02-26,1.828825307352177,0.9142857142857143,SHORT,2025-02-27,2025-02-27 14:30:00+00:00,198.76,2025-03-03,2025-03-03 20:59:00+00:00,195.01,1.8866975246528477,True,,2025_q1_orpb_era
COST,2025-02-26,0.6153057136064483,0.8,SHORT,2025-02-27,2025-02-27 14:30:00+00:00,1026.47,2025-03-03,2025-03-03 20:59:00+00:00,1038.63,-1.184642512689127,True,,2025_q1_orpb_era
CSCO,2025-02-26,1.1056590970313314,0.8571428571428571,SHORT,2025-02-27,2025-02-27 14:30:00+00:00,62.71,2025-03-03,2025-03-03 20:59:00+00:00,61.47,1.977356083559244,True,,2025_q1_orpb_era
GILD,2025-02-26,1.3562103110862789,0.8857142857142857,SHORT,2025-02-27,2025-02-27 14:30:00+00:00,105.43,2025-03-03,2025-03-03 20:59:00+00:00,110.87,-5.159821682633024,True,,2025_q1_orpb_era
HON,2025-02-26,0.6608092501394425,0.8285714285714286,SHORT,2025-02-27,2025-02-27 14:30:00+00:00,201.97,2025-03-03,2025-03-03 20:59:00+00:00,203.35,-0.6832697925434448,True,,2025_q1_orpb_era
INTU,2025-02-26,11.63823631198229,1.0,SHORT,2025-02-27,2025-02-27 14:30:00+00:00,616.15,2025-03-03,2025-03-03 20:59:00+00:00,593.02,3.7539560172036026,True,,2025_q1_orpb_era
REGN,2025-02-26,1.8824168554514285,0.9428571428571428,SHORT,2025-02-27,2025-02-27 14:30:00+00:00,700.2,2025-03-03,2025-03-03 20:59:00+00:00,679.34,2.979148814624395,True,,2025_q1_orpb_era
SBUX,2025-02-26,2.0442034762187156,0.9714285714285714,SHORT,2025-02-27,2025-02-27 14:30:00+00:00,108.7,2025-03-03,2025-03-03 20:59:00+00:00,111.05,-2.1619135234590563,True,,2025_q1_orpb_era
STX,2025-02-27,2.547812871351654,0.8571428571428571,SHORT,2025-02-28,2025-02-28 14:30:00+00:00,98.02,2025-03-04,2025-03-04 20:59:00+00:00,92.06,6.080391756784324,True,,2025_q1_orpb_era
COST,2025-02-27,0.6514346633216503,0.8,SHORT,2025-02-28,2025-02-28 14:30:00+00:00,1021.84,2025-03-04,2025-03-04 20:59:00+00:00,1027.75,-0.57836843341423,True,,2025_q1_orpb_era
CSCO,2025-02-27,2.968508043049501,0.9142857142857143,SHORT,2025-02-28,2025-02-28 14:30:00+00:00,61.84,2025-03-04,2025-03-04 20:59:00+00:00,61.19,1.0510996119016909,True,,2025_q1_orpb_era
GILD,2025-02-27,2.9418753568703586,0.8857142857142857,SHORT,2025-02-28,2025-02-28 14:30:00+00:00,107.17,2025-03-04,2025-03-04 20:59:00+00:00,109.64,-2.3047494634692534,True,,2025_q1_orpb_era
HON,2025-02-27,3.1407691196828256,0.9428571428571428,SHORT,2025-02-28,2025-02-28 14:30:00+00:00,204.2,2025-03-04,2025-03-04 20:59:00+00:00,199.41,2.3457394711067545,True,,2025_q1_orpb_era
INTU,2025-02-27,7.8272946161596835,1.0,SHORT,2025-02-28,2025-02-28 14:30:00+00:00,592.41,2025-03-04,2025-03-04 20:59:00+00:00,589.37,0.5131581168447467,True,,2025_q1_orpb_era
PEP,2025-02-27,0.8735445213877431,0.8285714285714286,SHORT,2025-02-28,2025-02-28 14:30:00+00:00,143.43,2025-03-04,2025-03-04 20:59:00+00:00,143.86,-0.2997978107787818,True,,2025_q1_orpb_era
SBUX,2025-02-27,3.2031908139458505,0.9714285714285714,SHORT,2025-02-28,2025-02-28 14:30:00+00:00,110.74,2025-03-04,2025-03-04 20:59:00+00:00,107.77,2.6819577388477502,True,,2025_q1_orpb_era
META,2025-02-28,1.6972097469992744,0.8857142857142857,SHORT,2025-03-03,2025-03-03 14:30:00+00:00,669.83,2025-03-05,2025-03-05 20:59:00+00:00,652.56,2.578266127226325,True,,2025_q1_orpb_era
STX,2025-02-28,2.216505445385127,0.9142857142857143,SHORT,2025-03-03,2025-03-03 14:30:00+00:00,100.66,2025-03-05,2025-03-05 20:59:00+00:00,90.38,10.212596860719254,True,,2025_q1_orpb_era
GILD,2025-02-28,2.556092571730176,0.9428571428571428,SHORT,2025-03-03,2025-03-03 14:30:00+00:00,109.81,2025-03-05,2025-03-05 20:59:00+00:00,110.29,-0.43711865950278117,True,,2025_q1_orpb_era
HON,2025-02-28,0.9074395796192474,0.8,SHORT,2025-03-03,2025-03-03 14:30:00+00:00,204.9,2025-03-05,2025-03-05 20:59:00+00:00,200.97,1.9180087847730634,True,,2025_q1_orpb_era
INTC,2025-02-28,3.457091396642038,0.9714285714285714,SHORT,2025-03-03,2025-03-03 14:30:00+00:00,25.0,2025-03-05,2025-03-05 20:59:00+00:00,20.79,16.840000000000003,True,,2025_q1_orpb_era
INTU,2025-02-28,10.592469002784076,1.0,SHORT,2025-03-03,2025-03-03 14:30:00+00:00,609.11,2025-03-05,2025-03-05 20:59:00+00:00,608.9,0.034476531332605996,True,,2025_q1_orpb_era
PANW,2025-02-28,1.3520252923876428,0.8571428571428571,SHORT,2025-03-03,2025-03-03 14:30:00+00:00,191.5,2025-03-05,2025-03-05 20:59:00+00:00,184.37,3.7232375979112247,True,,2025_q1_orpb_era
SBUX,2025-02-28,1.0837258250506276,0.8285714285714286,SHORT,2025-03-03,2025-03-03 14:30:00+00:00,111.62,2025-03-05,2025-03-05 20:59:00+00:00,107.41,3.771725497222727,True,,2025_q1_orpb_era
CMCSA,2025-03-03,4.22674530395952,0.9142857142857143,SHORT,2025-03-04,2025-03-04 14:30:00+00:00,31.72,2025-03-06,2025-03-06 20:59:00+00:00,31.83,-0.346784363177804,True,,2025_q1_orpb_era
COST,2025-03-03,3.2283607338548888,0.8571428571428571,SHORT,2025-03-04,2025-03-04 14:30:00+00:00,1036.87,2025-03-06,2025-03-06 20:59:00+00:00,1018.29,1.7919314861072198,True,,2025_q1_orpb_era
GILD,2025-03-03,6.830142608823225,1.0,SHORT,2025-03-04,2025-03-04 14:30:00+00:00,112.05,2025-03-06,2025-03-06 20:59:00+00:00,110.91,1.017402945113789,True,,2025_q1_orpb_era
HON,2025-03-03,2.6180635199510367,0.8,SHORT,2025-03-04,2025-03-04 14:30:00+00:00,202.96,2025-03-06,2025-03-06 20:59:00+00:00,202.65,0.15273945605045441,True,,2025_q1_orpb_era
MDLZ,2025-03-03,5.395770894751514,0.9714285714285714,SHORT,2025-03-04,2025-03-04 14:30:00+00:00,62.68,2025-03-06,2025-03-06 20:59:00+00:00,63.09,-0.6541161455009632,True,,2025_q1_orpb_era
PEP,2025-03-03,4.751738739217328,0.9428571428571428,SHORT,2025-03-04,2025-03-04 14:30:00+00:00,146.79,2025-03-06,2025-03-06 20:59:00+00:00,144.34,1.6690510252741937,True,,2025_q1_orpb_era
SBUX,2025-03-03,3.92192724676294,0.8857142857142857,SHORT,2025-03-04,2025-03-04 14:30:00+00:00,110.61,2025-03-06,2025-03-06 20:59:00+00:00,101.45,8.281348883464421,True,,2025_q1_orpb_era
VRTX,2025-03-03,2.703685692905951,0.8285714285714286,SHORT,2025-03-04,2025-03-04 14:30:00+00:00,485.49,2025-03-06,2025-03-06 20:59:00+00:00,485.82,-0.06797256380151682,True,,2025_q1_orpb_era
GOOGL,2025-03-04,2.84676242642806,0.8,SHORT,2025-03-05,2025-03-05 14:30:00+00:00,169.52,2025-03-07,2025-03-07 20:59:00+00:00,172.82,-1.9466729589428875,True,,2025_q1_orpb_era
ADBE,2025-03-04,3.4625116066259287,0.9428571428571428,SHORT,2025-03-05,2025-03-05 14:30:00+00:00,443.65,2025-03-07,2025-03-07 20:59:00+00:00,449.38,-1.2915586611067325,True,,2025_q1_orpb_era
ADI,2025-03-04,2.9867514005777847,0.8571428571428571,SHORT,2025-03-05,2025-03-05 14:30:00+00:00,222.48,2025-03-07,2025-03-07 20:59:00+00:00,221.17,0.588816972312119,True,,2025_q1_orpb_era
COST,2025-03-04,2.87220860950001,0.8285714285714286,SHORT,2025-03-05,2025-03-05 14:30:00+00:00,1024.33,2025-03-07,2025-03-07 20:59:00+00:00,955.54,6.715609227495042,True,,2025_q1_orpb_era
GILD,2025-03-04,3.8155329371347753,0.9714285714285714,SHORT,2025-03-05,2025-03-05 14:30:00+00:00,109.82,2025-03-07,2025-03-07 20:59:00+00:00,112.2,-2.1671826625387087,True,,2025_q1_orpb_era
MDLZ,2025-03-04,3.4470455363990484,0.9142857142857143,SHORT,2025-03-05,2025-03-05 14:30:00+00:00,61.64,2025-03-07,2025-03-07 20:59:00+00:00,63.98,-3.7962362102530762,True,,2025_q1_orpb_era
TXN,2025-03-04,3.286389848264509,0.8857142857142857,SHORT,2025-03-05,2025-03-05 14:30:00+00:00,187.41,2025-03-07,2025-03-07 20:59:00+00:00,182.8,2.4598473934154983,True,,2025_q1_orpb_era
VRTX,2025-03-04,3.8682307332955523,1.0,SHORT,2025-03-05,2025-03-05 14:30:00+00:00,485.25,2025-03-07,2025-03-07 20:59:00+00:00,488.15,-0.597630087583715,True,,2025_q1_orpb_era
MSFT,2025-03-05,2.8541252395873786,0.8285714285714286,SHORT,2025-03-06,2025-03-06 14:30:00+00:00,389.47,2025-03-10,2025-03-10 19:59:00+00:00,375.83,3.502195291036548,True,,2025_q1_orpb_era
AMD,2025-03-05,3.597042865527157,0.8857142857142857,SHORT,2025-03-06,2025-03-06 14:30:00+00:00,99.05,2025-03-10,2025-03-10 19:59:00+00:00,96.67,2.4028268551236702,True,,2025_q1_orpb_era
GOOGL,2025-03-05,3.450277581260374,0.8571428571428571,SHORT,2025-03-06,2025-03-06 14:30:00+00:00,169.53,2025-03-10,2025-03-10 19:59:00+00:00,165.1,2.6131068247507856,True,,2025_q1_orpb_era
ADBE,2025-03-05,4.752439345457237,0.9428571428571428,SHORT,2025-03-06,2025-03-06 14:30:00+00:00,443.4,2025-03-10,2025-03-10 19:59:00+00:00,435.23,1.8425800631483895,True,,2025_q1_orpb_era
KLAC,2025-03-05,2.853052767099248,0.8,SHORT,2025-03-06,2025-03-06 14:30:00+00:00,69.04,2025-03-10,2025-03-10 19:59:00+00:00,67.2,2.665121668597919,True,,2025_q1_orpb_era
LRCX,2025-03-05,5.097009253777026,1.0,SHORT,2025-03-06,2025-03-06 14:30:00+00:00,76.38,2025-03-10,2025-03-10 19:59:00+00:00,73.17,4.202670856245082,True,,2025_q1_orpb_era
MDLZ,2025-03-05,5.052048201603311,0.9714285714285714,SHORT,2025-03-06,2025-03-06 14:30:00+00:00,62.76,2025-03-10,2025-03-10 19:59:00+00:00,64.37,-2.5653282345443063,True,,2025_q1_orpb_era
VRTX,2025-03-05,4.306037041887905,0.9142857142857143,SHORT,2025-03-06,2025-03-06 14:30:00+00:00,490.15,2025-03-10,2025-03-10 19:59:00+00:00,500.1521,-2.0406202183005284,True,,2025_q1_orpb_era
MSFT,2025-03-06,4.099415269192836,0.9714285714285714,SHORT,2025-03-07,2025-03-07 14:30:00+00:00,387.85,2025-03-11,2025-03-11 19:59:00+00:00,375.81,3.104292896738435,True,,2025_q1_orpb_era
GOOGL,2025-03-06,5.122099058234527,1.0,SHORT,2025-03-07,2025-03-07 14:30:00+00:00,170.23,2025-03-11,2025-03-11 19:59:00+00:00,163.22,4.117958056746749,True,,2025_q1_orpb_era
ADBE,2025-03-06,2.842409516872415,0.8285714285714286,SHORT,2025-03-07,2025-03-07 14:30:00+00:00,442.99,2025-03-11,2025-03-11 19:59:00+00:00,433.7,2.0971128016433824,True,,2025_q1_orpb_era
INTU,2025-03-06,2.7652887820740593,0.8,SHORT,2025-03-07,2025-03-07 14:30:00+00:00,597.28,2025-03-11,2025-03-11 19:59:00+00:00,578.27,3.1827618537369395,True,,2025_q1_orpb_era
LRCX,2025-03-06,3.07373302783819,0.8571428571428571,SHORT,2025-03-07,2025-03-07 14:30:00+00:00,75.96,2025-03-11,2025-03-11 19:59:00+00:00,72.65,4.357556608741428,True,,2025_q1_orpb_era
MDLZ,2025-03-06,3.440835117662195,0.8857142857142857,SHORT,2025-03-07,2025-03-07 14:30:00+00:00,63.06,2025-03-11,2025-03-11 19:59:00+00:00,64.05,-1.5699333967649776,True,,2025_q1_orpb_era
QCOM,2025-03-06,3.993391541813846,0.9428571428571428,SHORT,2025-03-07,2025-03-07 14:30:00+00:00,150.29,2025-03-11,2025-03-11 19:59:00+00:00,148.12,1.4438751746623113,True,,2025_q1_orpb_era
REGN,2025-03-06,3.925748393595983,0.9142857142857143,SHORT,2025-03-07,2025-03-07 14:30:00+00:00,692.99,2025-03-11,2025-03-11 19:59:00+00:00,711.62,-2.688350481247925,True,,2025_q1_orpb_era
PYPL,2025-03-07,4.628201615611686,0.9142857142857143,SHORT,2025-03-10,2025-03-10 13:30:00+00:00,68.26,2025-03-12,2025-03-12 19:59:00+00:00,67.87,0.5713448578962798,True,,2025_q1_orpb_era
AVGO,2025-03-07,4.11730330723136,0.8857142857142857,SHORT,2025-03-10,2025-03-10 13:30:00+00:00,186.87,2025-03-12,2025-03-12 19:59:00+00:00,191.36,-2.4027398726387377,True,,2025_q1_orpb_era
CMCSA,2025-03-07,6.051562124636243,1.0,SHORT,2025-03-10,2025-03-10 13:30:00+00:00,32.83,2025-03-12,2025-03-12 19:59:00+00:00,30.86,6.0006091989034385,True,,2025_q1_orpb_era
HON,2025-03-07,3.285934824260664,0.8,SHORT,2025-03-10,2025-03-10 13:30:00+00:00,205.44,2025-03-12,2025-03-12 19:59:00+00:00,197.83,3.704244548286597,True,,2025_q1_orpb_era
LRCX,2025-03-07,3.7897855300576904,0.8285714285714286,SHORT,2025-03-10,2025-03-10 13:30:00+00:00,76.21,2025-03-12,2025-03-12 19:59:00+00:00,75.89,0.419892402571832,True,,2025_q1_orpb_era
MDLZ,2025-03-07,3.87206260461626,0.8571428571428571,SHORT,2025-03-10,2025-03-10 13:30:00+00:00,64.5,2025-03-12,2025-03-12 19:59:00+00:00,61.39,4.821705426356588,True,,2025_q1_orpb_era
QCOM,2025-03-07,5.097771170052163,0.9714285714285714,SHORT,2025-03-10,2025-03-10 13:30:00+00:00,152.35,2025-03-12,2025-03-12 19:59:00+00:00,147.93,2.9012143091565394,True,,2025_q1_orpb_era
REGN,2025-03-07,4.991704763436072,0.9428571428571428,SHORT,2025-03-10,2025-03-10 13:30:00+00:00,704.28,2025-03-12,2025-03-12 19:59:00+00:00,683.39,2.9661498267734405,True,,2025_q1_orpb_era
CMCSA,2025-03-10,5.395847145917139,0.8285714285714286,SHORT,2025-03-11,2025-03-11 13:30:00+00:00,31.65,2025-03-13,2025-03-13 19:59:00+00:00,30.46,3.759873617693516,True,,2025_q1_orpb_era
GILD,2025-03-10,5.402489693788034,0.8571428571428571,SHORT,2025-03-11,2025-03-11 13:30:00+00:00,111.73,2025-03-13,2025-03-13 19:59:00+00:00,108.32,3.052000358005917,True,,2025_q1_orpb_era
HON,2025-03-10,5.874888016993484,0.9142857142857143,SHORT,2025-03-11,2025-03-11 13:30:00+00:00,204.68,2025-03-13,2025-03-13 19:59:00+00:00,198.16,3.1854602306038746,True,,2025_q1_orpb_era
MDLZ,2025-03-10,6.6030520942191,0.9714285714285714,SHORT,2025-03-11,2025-03-11 13:30:00+00:00,64.55,2025-03-13,2025-03-13 19:59:00+00:00,61.11,5.329202168861345,True,,2025_q1_orpb_era
PEP,2025-03-10,6.269120488115794,0.9428571428571428,SHORT,2025-03-11,2025-03-11 13:30:00+00:00,146.67,2025-03-13,2025-03-13 19:59:00+00:00,139.65,4.786254857844128,True,,2025_q1_orpb_era
QCOM,2025-03-10,2.186990123662927,0.8,SHORT,2025-03-11,2025-03-11 13:30:00+00:00,149.93,2025-03-13,2025-03-13 19:59:00+00:00,147.12,1.8742079637164024,True,,2025_q1_orpb_era
REGN,2025-03-10,12.381027648732273,1.0,SHORT,2025-03-11,2025-03-11 13:30:00+00:00,740.67,2025-03-13,2025-03-13 19:59:00+00:00,675.01,8.864946602400526,True,,2025_q1_orpb_era
VRTX,2025-03-10,5.5541300928037725,0.8857142857142857,SHORT,2025-03-11,2025-03-11 13:30:00+00:00,496.86,2025-03-13,2025-03-13 19:59:00+00:00,502.93,-1.2216721007929785,True,,2025_q1_orpb_era
PYPL,2025-03-11,2.734232124193004,0.8571428571428571,SHORT,2025-03-12,2025-03-12 13:30:00+00:00,68.11,2025-03-14,2025-03-14 19:59:00+00:00,68.14,-0.04404639553663359,True,,2025_q1_orpb_era
STX,2025-03-11,3.31374877047903,0.8857142857142857,SHORT,2025-03-12,2025-03-12 13:30:00+00:00,85.95,2025-03-14,2025-03-14 19:59:00+00:00,85.93,0.023269342641065758,True,,2025_q1_orpb_era
AVGO,2025-03-11,8.841658034751486,1.0,SHORT,2025-03-12,2025-03-12 13:30:00+00:00,193.39,2025-03-14,2025-03-14 19:59:00+00:00,192.66,0.37747556750607053,True,,2025_q1_orpb_era
MDLZ,2025-03-11,4.434015151041875,0.9428571428571428,SHORT,2025-03-12,2025-03-12 13:30:00+00:00,63.03,2025-03-14,2025-03-14 19:59:00+00:00,60.75,3.6173250832936716,True,,2025_q1_orpb_era
MU,2025-03-11,2.5750354141915635,0.8,SHORT,2025-03-12,2025-03-12 13:30:00+00:00,92.17,2025-03-14,2025-03-14 19:59:00+00:00,100.39,-8.918303135510468,True,,2025_q1_orpb_era
PANW,2025-03-11,2.6503511827559914,0.8285714285714286,SHORT,2025-03-12,2025-03-12 13:30:00+00:00,183.64,2025-03-14,2025-03-14 19:59:00+00:00,182.31,0.7242430842953519,True,,2025_q1_orpb_era
REGN,2025-03-11,5.596284619001958,0.9714285714285714,SHORT,2025-03-12,2025-03-12 13:30:00+00:00,704.21,2025-03-14,2025-03-14 19:59:00+00:00,660.85,6.1572542281421745,True,,2025_q1_orpb_era
VRTX,2025-03-11,3.3837473889788248,0.9142857142857143,SHORT,2025-03-12,2025-03-12 13:30:00+00:00,484.62,2025-03-14,2025-03-14 19:59:00+00:00,504.5,-4.102183153811232,True,,2025_q1_orpb_era
STX,2025-06-05,7.098129348418967,0.9714285714285714,SHORT,2025-06-06,2025-06-06 13:30:00+00:00,127.11,2025-06-10,2025-06-10 19:59:00+00:00,126.2,0.7159153489103899,True,,2025_q3_fprc_era
ADBE,2025-06-05,2.876140260816145,0.8,SHORT,2025-06-06,2025-06-06 13:30:00+00:00,417.77,2025-06-10,2025-06-10 19:59:00+00:00,416.01,0.4212844388060394,True,,2025_q3_fprc_era
AMAT,2025-06-05,4.3624564687557355,0.9142857142857143,SHORT,2025-06-06,2025-06-06 13:30:00+00:00,164.36,2025-06-10,2025-06-10 19:59:00+00:00,172.32,-4.843027500608408,True,,2025_q3_fprc_era
AVGO,2025-06-05,4.507743830432345,0.9428571428571428,SHORT,2025-06-06,2025-06-06 13:30:00+00:00,248.27,2025-06-10,2025-06-10 19:59:00+00:00,241.81,2.602005880694408,True,,2025_q3_fprc_era
KLAC,2025-06-05,3.851001246197089,0.8857142857142857,SHORT,2025-06-06,2025-06-06 13:30:00+00:00,79.52,2025-06-10,2025-06-10 19:59:00+00:00,85.05,-6.954225352112678,True,,2025_q3_fprc_era
LRCX,2025-06-05,2.9110858469761633,0.8285714285714286,SHORT,2025-06-06,2025-06-06 13:30:00+00:00,85.7,2025-06-10,2025-06-10 19:59:00+00:00,90.21,-5.262543757292872,True,,2025_q3_fprc_era
MU,2025-06-05,8.189036514114768,1.0,SHORT,2025-06-06,2025-06-06 13:30:00+00:00,107.86,2025-06-10,2025-06-10 19:59:00+00:00,113.92,-5.618394214722791,True,,2025_q3_fprc_era
TXN,2025-06-05,3.3315930488317913,0.8571428571428571,SHORT,2025-06-06,2025-06-06 13:30:00+00:00,187.38,2025-06-10,2025-06-10 19:59:00+00:00,195.87,-4.530899775856553,True,,2025_q3_fprc_era
AMZN,2025-06-06,3.271838074344138,0.8857142857142857,SHORT,2025-06-09,2025-06-09 13:30:00+00:00,214.75,2025-06-11,2025-06-11 19:59:00+00:00,213.171,0.73527357392317,True,,2025_q3_fprc_era
META,2025-06-06,4.119250968400276,0.9714285714285714,SHORT,2025-06-09,2025-06-09 13:30:00+00:00,695.09,2025-06-11,2025-06-11 19:59:00+00:00,691.03,0.5840970234070493,True,,2025_q3_fprc_era
GOOGL,2025-06-06,4.015044104750097,0.9428571428571428,SHORT,2025-06-09,2025-06-09 13:30:00+00:00,173.93,2025-06-11,2025-06-11 19:59:00+00:00,176.78,-1.638590237451845,True,,2025_q3_fprc_era
AMAT,2025-06-06,2.602423405257431,0.8,SHORT,2025-06-09,2025-06-09 13:30:00+00:00,166.47,2025-06-11,2025-06-11 19:59:00+00:00,171.35,-2.9314591217636785,True,,2025_q3_fprc_era
KLAC,2025-06-06,3.6799122460437483,0.9142857142857143,SHORT,2025-06-09,2025-06-09 13:30:00+00:00,80.56,2025-06-11,2025-06-11 19:59:00+00:00,86.61,-7.50993048659384,True,,2025_q3_fprc_era
LRCX,2025-06-06,2.718450839994734,0.8285714285714286,SHORT,2025-06-09,2025-06-09 13:30:00+00:00,86.3,2025-06-11,2025-06-11 19:59:00+00:00,90.15,-4.461181923522606,True,,2025_q3_fprc_era
MU,2025-06-06,5.72988431282161,1.0,SHORT,2025-06-09,2025-06-09 13:30:00+00:00,109.34,2025-06-11,2025-06-11 19:59:00+00:00,115.77,-5.880738979330522,True,,2025_q3_fprc_era
SBUX,2025-06-06,3.0389696872642893,0.8571428571428571,SHORT,2025-06-09,2025-06-09 13:30:00+00:00,86.29,2025-06-11,2025-06-11 19:59:00+00:00,92.45,-7.138718275582335,True,,2025_q3_fprc_era
AMZN,2025-06-09,4.056735692786753,0.8285714285714286,SHORT,2025-06-10,2025-06-10 13:30:00+00:00,216.7,2025-06-12,2025-06-12 19:59:00+00:00,213.24,1.5966774342408767,True,,2025_q3_fprc_era
GOOGL,2025-06-09,4.257893521150364,0.8857142857142857,SHORT,2025-06-10,2025-06-10 13:30:00+00:00,175.62,2025-06-12,2025-06-12 19:59:00+00:00,175.11,0.290399726682605,True,,2025_q3_fprc_era
AMAT,2025-06-09,4.206150324604655,0.8571428571428571,SHORT,2025-06-10,2025-06-10 13:30:00+00:00,169.16,2025-06-12,2025-06-12 19:59:00+00:00,173.68,-2.6720264838023233,True,,2025_q3_fprc_era
KLAC,2025-06-09,5.468296968423158,0.9428571428571428,SHORT,2025-06-10,2025-06-10 13:30:00+00:00,82.3,2025-06-12,2025-06-12 19:59:00+00:00,86.85,-5.528554070473873,True,,2025_q3_fprc_era
MU,2025-06-09,6.79718748178416,1.0,SHORT,2025-06-10,2025-06-10 13:30:00+00:00,111.39,2025-06-12,2025-06-12 19:59:00+00:00,115.92,-4.066792351198493,True,,2025_q3_fprc_era
QCOM,2025-06-09,4.278746714174308,0.9142857142857143,SHORT,2025-06-10,2025-06-10 13:30:00+00:00,152.14,2025-06-12,2025-06-12 19:59:00+00:00,154.58,-1.6037859865913149,True,,2025_q3_fprc_era
REGN,2025-06-09,6.142046398783241,0.9714285714285714,SHORT,2025-06-10,2025-06-10 13:30:00+00:00,516.56,2025-06-12,2025-06-12 19:59:00+00:00,518.23,-0.32329255072016283,True,,2025_q3_fprc_era
TXN,2025-06-09,3.7508376346599253,0.8,SHORT,2025-06-10,2025-06-10 13:30:00+00:00,193.53,2025-06-12,2025-06-12 19:59:00+00:00,193.25,0.1446804113057413,True,,2025_q3_fprc_era
TSLA,2025-06-10,12.852648866201854,1.0,SHORT,2025-06-11,2025-06-11 13:30:00+00:00,334.395,2025-06-13,2025-06-13 19:59:00+00:00,325.35,2.704884941461433,True,,2025_q3_fprc_era
ADI,2025-06-10,5.3424951242464065,0.8,SHORT,2025-06-11,2025-06-11 13:30:00+00:00,230.29,2025-06-13,2025-06-13 19:59:00+00:00,221.39,3.8646923444352796,True,,2025_q3_fprc_era
INTC,2025-06-10,8.911520614329884,0.9714285714285714,SHORT,2025-06-11,2025-06-11 13:30:00+00:00,21.78,2025-06-13,2025-06-13 19:59:00+00:00,20.15,7.483930211202949,True,,2025_q3_fprc_era
KLAC,2025-06-10,6.498559904233064,0.9142857142857143,SHORT,2025-06-11,2025-06-11 13:30:00+00:00,85.86,2025-06-13,2025-06-13 19:59:00+00:00,86.11,-0.2911716748194736,True,,2025_q3_fprc_era
LRCX,2025-06-10,5.4821713905912315,0.8285714285714286,SHORT,2025-06-11,2025-06-11 13:30:00+00:00,90.56,2025-06-13,2025-06-13 19:59:00+00:00,88.72,2.0318021201413465,True,,2025_q3_fprc_era
MU,2025-06-10,5.767778193171178,0.8571428571428571,SHORT,2025-06-11,2025-06-11 13:30:00+00:00,115.35,2025-06-13,2025-06-13 19:59:00+00:00,115.32,0.0260078023407032,True,,2025_q3_fprc_era
QCOM,2025-06-10,6.204067799480447,0.8857142857142857,SHORT,2025-06-11,2025-06-11 13:30:00+00:00,155.85,2025-06-13,2025-06-13 19:59:00+00:00,150.7,3.3044594161052334,True,,2025_q3_fprc_era
REGN,2025-06-10,6.678640670282141,0.9428571428571428,SHORT,2025-06-11,2025-06-11 13:30:00+00:00,522.29,2025-06-13,2025-06-13 19:59:00+00:00,525.82,-0.6758697275460159,True,,2025_q3_fprc_era
TSLA,2025-06-11,10.23039458159898,1.0,SHORT,2025-06-12,2025-06-12 13:30:00+00:00,323.13,2025-06-16,2025-06-16 19:59:00+00:00,329.12,-1.8537430755423543,True,,2025_q3_fprc_era
ADI,2025-06-11,4.28285101762862,0.8,SHORT,2025-06-12,2025-06-12 13:30:00+00:00,227.77,2025-06-16,2025-06-16 19:59:00+00:00,228.03,-0.1141502392764591,True,,2025_q3_fprc_era
KLAC,2025-06-11,7.597087377613541,0.9714285714285714,SHORT,2025-06-12,2025-06-12 13:30:00+00:00,85.96,2025-06-16,2025-06-16 19:59:00+00:00,88.61,-3.0828292228943766,True,,2025_q3_fprc_era
LRCX,2025-06-11,4.9446013922964065,0.8571428571428571,SHORT,2025-06-12,2025-06-12 13:30:00+00:00,89.77,2025-06-16,2025-06-16 19:59:00+00:00,92.56,-3.1079425197727595,True,,2025_q3_fprc_era
MU,2025-06-11,6.521820244375339,0.9142857142857143,SHORT,2025-06-12,2025-06-12 13:30:00+00:00,113.8,2025-06-16,2025-06-16 19:59:00+00:00,119.51,-5.0175746924428895,True,,2025_q3_fprc_era
QCOM,2025-06-11,6.561628955131362,0.9428571428571428,SHORT,2025-06-12,2025-06-12 13:30:00+00:00,154.95,2025-06-16,2025-06-16 19:59:00+00:00,152.82,1.3746369796708588,True,,2025_q3_fprc_era
REGN,2025-06-11,4.8207523232493665,0.8285714285714286,SHORT,2025-06-12,2025-06-12 13:30:00+00:00,513.81,2025-06-16,2025-06-16 19:59:00+00:00,519.37,-1.0821120647710358,True,,2025_q3_fprc_era
SBUX,2025-06-11,6.052467350249611,0.8857142857142857,SHORT,2025-06-12,2025-06-12 13:30:00+00:00,91.72,2025-06-16,2025-06-16 19:59:00+00:00,90.56,1.2647187091146932,True,,2025_q3_fprc_era
TSLA,2025-06-12,2.7140514066198467,0.8571428571428571,SHORT,2025-06-13,2025-06-13 13:30:00+00:00,314.0,2025-06-17,2025-06-17 19:59:00+00:00,316.28,-0.72611464968152,True,,2025_q3_fprc_era
AMAT,2025-06-12,2.4970270622127853,0.8285714285714286,SHORT,2025-06-13,2025-06-13 13:30:00+00:00,169.79,2025-06-17,2025-06-17 19:59:00+00:00,172.65,-1.6844337122327664,True,,2025_q3_fprc_era
AVGO,2025-06-12,4.1987807452148695,0.9714285714285714,SHORT,2025-06-13,2025-06-13 13:30:00+00:00,247.73,2025-06-17,2025-06-17 19:59:00+00:00,246.45,0.51669155935898,True,,2025_q3_fprc_era
KLAC,2025-06-12,4.809401250962441,1.0,SHORT,2025-06-13,2025-06-13 13:30:00+00:00,85.25,2025-06-17,2025-06-17 19:59:00+00:00,88.63,-3.9648093841642176,True,,2025_q3_fprc_era
LRCX,2025-06-12,3.1944217624750477,0.8857142857142857,SHORT,2025-06-13,2025-06-13 13:30:00+00:00,87.92,2025-06-17,2025-06-17 19:59:00+00:00,91.83,-4.447224749772516,True,,2025_q3_fprc_era
MU,2025-06-12,4.1355688158878,0.9428571428571428,SHORT,2025-06-13,2025-06-13 13:30:00+00:00,113.51,2025-06-17,2025-06-17 19:59:00+00:00,120.04,-5.752797110386751,True,,2025_q3_fprc_era
SBUX,2025-06-12,3.3583865502624817,0.9142857142857143,SHORT,2025-06-13,2025-06-13 13:30:00+00:00,90.5,2025-06-17,2025-06-17 19:59:00+00:00,88.73,1.9558011049723711,True,,2025_q3_fprc_era
VRTX,2025-06-12,2.4405230577936092,0.8,SHORT,2025-06-13,2025-06-13 13:30:00+00:00,455.39,2025-06-17,2025-06-17 19:59:00+00:00,442.02,2.935945014163685,True,,2025_q3_fprc_era
MSFT,2025-06-13,1.8688017169518245,0.8571428571428571,SHORT,2025-06-16,2025-06-16 13:30:00+00:00,470.56,2025-06-18,2025-06-18 19:59:00+00:00,475.54,-1.0583134988099323,True,,2025_q3_fprc_era
AVGO,2025-06-13,2.6880348004885097,0.9714285714285714,SHORT,2025-06-16,2025-06-16 13:30:00+00:00,247.49,2025-06-18,2025-06-18 19:59:00+00:00,248.44,-0.38385389308658474,True,,2025_q3_fprc_era
KLAC,2025-06-13,2.259491792693654,0.9428571428571428,SHORT,2025-06-16,2025-06-16 13:30:00+00:00,86.94,2025-06-18,2025-06-18 19:59:00+00:00,86.46,0.5521048999309915,True,,2025_q3_fprc_era
MU,2025-06-13,2.242098686193171,0.9142857142857143,SHORT,2025-06-16,2025-06-16 13:30:00+00:00,117.51,2025-06-18,2025-06-18 19:59:00+00:00,121.49,-3.3869457918474932,True,,2025_q3_fprc_era
NFLX,2025-06-13,1.769545455260725,0.8,SHORT,2025-06-16,2025-06-16 13:30:00+00:00,121.22,2025-06-18,2025-06-18 19:59:00+00:00,122.22,-0.8249463784853984,True,,2025_q3_fprc_era
REGN,2025-06-13,2.1654658922395824,0.8857142857142857,SHORT,2025-06-16,2025-06-16 13:30:00+00:00,528.56,2025-06-18,2025-06-18 19:59:00+00:00,510.15,3.4830482821250133,True,,2025_q3_fprc_era
SBUX,2025-06-13,3.0449981371419343,1.0,SHORT,2025-06-16,2025-06-16 13:30:00+00:00,91.04,2025-06-18,2025-06-18 19:59:00+00:00,89.38,1.8233743409490453,True,,2025_q3_fprc_era
VRTX,2025-06-13,1.8455954229180012,0.8285714285714286,SHORT,2025-06-16,2025-06-16 13:30:00+00:00,456.38,2025-06-18,2025-06-18 19:59:00+00:00,448.37,1.7551163504097442,True,,2025_q3_fprc_era
AMD,2025-06-16,4.076664148254444,1.0,SHORT,2025-06-17,2025-06-17 13:30:00+00:00,127.98,2025-06-20,2025-06-20 19:59:00+00:00,128.25,-0.210970464135018,True,,2025_q3_fprc_era
STX,2025-06-16,3.3665355647251167,0.9714285714285714,SHORT,2025-06-17,2025-06-17 13:30:00+00:00,128.6,2025-06-20,2025-06-20 19:59:00+00:00,129.14,-0.4199066874027932,True,,2025_q3_fprc_era
AMAT,2025-06-16,1.9645995731454602,0.8571428571428571,SHORT,2025-06-17,2025-06-17 13:30:00+00:00,174.84,2025-06-20,2025-06-20 19:59:00+00:00,168.17,3.814916495081226,True,,2025_q3_fprc_era
CSCO,2025-06-16,1.8296048898319914,0.8,SHORT,2025-06-17,2025-06-17 13:30:00+00:00,63.94,2025-06-20,2025-06-20 19:59:00+00:00,64.6,-1.0322177040975862,True,,2025_q3_fprc_era
GILD,2025-06-16,1.901905898911723,0.8285714285714286,SHORT,2025-06-17,2025-06-17 13:30:00+00:00,106.89,2025-06-20,2025-06-20 19:59:00+00:00,105.28,1.506221349050425,True,,2025_q3_fprc_era
KLAC,2025-06-16,2.091134688061617,0.8857142857142857,SHORT,2025-06-17,2025-06-17 13:30:00+00:00,88.33,2025-06-20,2025-06-20 19:59:00+00:00,84.33,4.528472772557455,True,,2025_q3_fprc_era
LRCX,2025-06-16,2.4552547581215007,0.9142857142857143,SHORT,2025-06-17,2025-06-17 13:30:00+00:00,92.5,2025-06-20,2025-06-20 19:59:00+00:00,89.89,2.8216216216216212,True,,2025_q3_fprc_era
MU,2025-06-16,3.01247583606063,0.9428571428571428,SHORT,2025-06-17,2025-06-17 13:30:00+00:00,119.36,2025-06-20,2025-06-20 19:59:00+00:00,123.29,-3.2925603217158232,True,,2025_q3_fprc_era
AMZN,2025-06-17,1.7584204649887336,0.8285714285714286,SHORT,2025-06-18,2025-06-18 13:30:00+00:00,215.09,2025-06-23,2025-06-23 19:59:00+00:00,208.48,3.073132177228143,True,,2025_q3_fprc_era
META,2025-06-17,1.6656670908094997,0.8,SHORT,2025-06-18,2025-06-18 13:30:00+00:00,695.34,2025-06-23,2025-06-23 19:59:00+00:00,695.74,-0.05752581470934755,True,,2025_q3_fprc_era
AMD,2025-06-17,8.271717776042788,1.0,SHORT,2025-06-18,2025-06-18 13:30:00+00:00,128.01,2025-06-23,2025-06-23 19:59:00+00:00,129.59,-1.2342785719865734,True,,2025_q3_fprc_era
STX,2025-06-17,4.836436219557787,0.9714285714285714,SHORT,2025-06-18,2025-06-18 13:30:00+00:00,129.01,2025-06-23,2025-06-23 19:59:00+00:00,131.23,-1.72079683745446,True,,2025_q3_fprc_era
KLAC,2025-06-17,3.0716715019547163,0.8857142857142857,SHORT,2025-06-18,2025-06-18 13:30:00+00:00,88.95,2025-06-23,2025-06-23 19:59:00+00:00,84.98,4.463181562675659,True,,2025_q3_fprc_era
LRCX,2025-06-17,2.100862007159038,0.8571428571428571,SHORT,2025-06-18,2025-06-18 13:30:00+00:00,92.63,2025-06-23,2025-06-23 19:59:00+00:00,91.01,1.7488934470473825,True,,2025_q3_fprc_era
MU,2025-06-17,4.576336144713527,0.9428571428571428,SHORT,2025-06-18,2025-06-18 13:30:00+00:00,120.15,2025-06-23,2025-06-23 19:59:00+00:00,121.77,-1.348314606741565,True,,2025_q3_fprc_era
PANW,2025-06-17,3.1970634865805145,0.9142857142857143,SHORT,2025-06-18,2025-06-18 13:30:00+00:00,202.17,2025-06-23,2025-06-23 19:59:00+00:00,203.33,-0.5737745461740243,True,,2025_q3_fprc_era
NVDA,2025-06-18,2.386424101981812,0.8285714285714286,SHORT,2025-06-20,2025-06-20 13:30:00+00:00,145.09,2025-06-24,2025-06-24 19:59:00+00:00,147.47,-1.6403611551450794,True,,2025_q3_fprc_era
AMD,2025-06-18,9.047228024373021,1.0,SHORT,2025-06-20,2025-06-20 13:30:00+00:00,129.0,2025-06-24,2025-06-24 19:59:00+00:00,138.48,-7.348837209302318,True,,2025_q3_fprc_era
STX,2025-06-18,3.0555407393290688,0.8857142857142857,SHORT,2025-06-20,2025-06-20 13:30:00+00:00,130.29,2025-06-24,2025-06-24 19:59:00+00:00,134.41,-3.1621766827845614,True,,2025_q3_fprc_era
ADI,2025-06-18,1.9881116110259727,0.8,SHORT,2025-06-20,2025-06-20 13:30:00+00:00,227.98,2025-06-24,2025-06-24 19:59:00+00:00,231.18,-1.403631897534879,True,,2025_q3_fprc_era
CSCO,2025-06-18,2.6374609451020774,0.8571428571428571,SHORT,2025-06-20,2025-06-20 13:30:00+00:00,64.75,2025-06-24,2025-06-24 19:59:00+00:00,66.11,-2.1003861003860993,True,,2025_q3_fprc_era
INTC,2025-06-18,6.490529618075289,0.9714285714285714,SHORT,2025-06-20,2025-06-20 13:30:00+00:00,21.71,2025-06-24,2025-06-24 19:59:00+00:00,22.55,-3.8691847075080603,True,,2025_q3_fprc_era
LRCX,2025-06-18,3.2399148644354208,0.9142857142857143,SHORT,2025-06-20,2025-06-20 13:30:00+00:00,92.44,2025-06-24,2025-06-24 19:59:00+00:00,95.01,-2.780181739506715,True,,2025_q3_fprc_era
MU,2025-06-18,5.265176753804617,0.9428571428571428,SHORT,2025-06-20,2025-06-20 13:30:00+00:00,122.47,2025-06-24,2025-06-24 19:59:00+00:00,127.55,-4.147954601126806,True,,2025_q3_fprc_era
AAPL,2025-06-20,2.398171719217718,0.8857142857142857,SHORT,2025-06-23,2025-06-23 13:30:00+00:00,200.62,2025-06-25,2025-06-25 19:59:00+00:00,200.63,-0.0049845479015008,True,,2025_q3_fprc_era
AMD,2025-06-20,2.5802475544542895,0.9142857142857143,SHORT,2025-06-23,2025-06-23 13:30:00+00:00,130.47,2025-06-25,2025-06-25 19:59:00+00:00,143.41,-9.91798880968805,True,,2025_q3_fprc_era
CSCO,2025-06-20,2.3864314628880123,0.8571428571428571,SHORT,2025-06-23,2025-06-23 13:30:00+00:00,64.61,2025-06-25,2025-06-25 19:59:00+00:00,66.41,-2.7859464479182745,True,,2025_q3_fprc_era
INTC,2025-06-20,2.7567750294645212,0.9428571428571428,SHORT,2025-06-23,2025-06-23 13:30:00+00:00,21.07,2025-06-25,2025-06-25 19:59:00+00:00,22.205,-5.386805885144746,True,,2025_q3_fprc_era
MDLZ,2025-06-20,2.790345575034557,0.9714285714285714,SHORT,2025-06-23,2025-06-23 13:30:00+00:00,65.09,2025-06-25,2025-06-25 19:59:00+00:00,64.01,1.659241050852663,True,,2025_q3_fprc_era
MU,2025-06-20,4.279555196736228,1.0,SHORT,2025-06-23,2025-06-23 13:30:00+00:00,123.36,2025-06-25,2025-06-25 19:59:00+00:00,127.17,-3.088521400778212,True,,2025_q3_fprc_era
NFLX,2025-06-20,1.5817562385873587,0.8,SHORT,2025-06-23,2025-06-23 13:30:00+00:00,123.8,2025-06-25,2025-06-25 19:59:00+00:00,127.53,-3.012924071082394,True,,2025_q3_fprc_era
PANW,2025-06-20,1.7123889371517587,0.8285714285714286,SHORT,2025-06-23,2025-06-23 13:30:00+00:00,199.56,2025-06-25,2025-06-25 19:59:00+00:00,204.3,-2.3752254960914057,True,,2025_q3_fprc_era
AAPL,2025-06-23,2.2901534836706254,0.9142857142857143,SHORT,2025-06-24,2025-06-24 13:30:00+00:00,201.62,2025-06-26,2025-06-26 19:59:00+00:00,199.97,0.8183711933339974,True,,2025_q3_fprc_era
AMD,2025-06-23,1.24525644103026,0.8,SHORT,2025-06-24,2025-06-24 13:30:00+00:00,133.49,2025-06-26,2025-06-26 19:59:00+00:00,143.73,-7.670986590755848,True,,2025_q3_fprc_era
TSLA,2025-06-23,9.52369545063909,1.0,SHORT,2025-06-24,2025-06-24 13:30:00+00:00,356.17,2025-06-26,2025-06-26 19:59:00+00:00,325.77,8.535250021057369,True,,2025_q3_fprc_era
AVGO,2025-06-23,1.3273350833412605,0.8285714285714286,SHORT,2025-06-24,2025-06-24 13:30:00+00:00,256.42,2025-06-26,2025-06-26 19:59:00+00:00,267.75,-4.418532095780354,True,,2025_q3_fprc_era
COST,2025-06-23,2.0350521530865144,0.8857142857142857,SHORT,2025-06-24,2025-06-24 13:30:00+00:00,998.62,2025-06-26,2025-06-26 19:59:00+00:00,975.79,2.286154893753384,True,,2025_q3_fprc_era
CSCO,2025-06-23,2.3975782697327572,0.9428571428571428,SHORT,2025-06-24,2025-06-24 13:30:00+00:00,66.01,2025-06-26,2025-06-26 19:59:00+00:00,67.16,-1.7421602787456316,True,,2025_q3_fprc_era
MDLZ,2025-06-23,2.5342646413601644,0.9714285714285714,SHORT,2025-06-24,2025-06-24 13:30:00+00:00,65.17,2025-06-26,2025-06-26 19:59:00+00:00,64.47,1.0741138560687475,True,,2025_q3_fprc_era
NFLX,2025-06-23,1.9152786739086733,0.8571428571428571,SHORT,2025-06-24,2025-06-24 13:30:00+00:00,125.96,2025-06-26,2025-06-26 19:59:00+00:00,130.68,-3.7472213401079815,True,,2025_q3_fprc_era
AMD,2025-06-24,7.360114325397715,1.0,SHORT,2025-06-25,2025-06-25 13:30:00+00:00,140.94,2025-06-27,2025-06-27 19:59:00+00:00,143.86,-2.0718036043706656,True,,2025_q3_fprc_era
TSLA,2025-06-24,3.848304932052865,0.9428571428571428,SHORT,2025-06-25,2025-06-25 13:30:00+00:00,342.66,2025-06-27,2025-06-27 19:59:00+00:00,323.8,5.503998132259387,True,,2025_q3_fprc_era
PYPL,2025-06-24,5.454699671528982,0.9714285714285714,SHORT,2025-06-25,2025-06-25 13:30:00+00:00,73.32,2025-06-27,2025-06-27 19:59:00+00:00,72.83,0.668303327877789,True,,2025_q3_fprc_era
AMAT,2025-06-24,2.3264891157596708,0.8,SHORT,2025-06-25,2025-06-25 13:30:00+00:00,179.83,2025-06-27,2025-06-27 19:59:00+00:00,181.61,-0.9898237224044938,True,,2025_q3_fprc_era
AVGO,2025-06-24,3.300343942005342,0.9142857142857143,SHORT,2025-06-25,2025-06-25 13:30:00+00:00,263.71,2025-06-27,2025-06-27 19:59:00+00:00,266.9,-1.2096621288536642,True,,2025_q3_fprc_era
INTC,2025-06-24,3.1459650179851124,0.8857142857142857,SHORT,2025-06-25,2025-06-25 13:30:00+00:00,22.57,2025-06-27,2025-06-27 19:59:00+00:00,22.7,-0.5759858218874568,True,,2025_q3_fprc_era
MU,2025-06-24,3.128209157521076,0.8571428571428571,SHORT,2025-06-25,2025-06-25 13:30:00+00:00,126.13,2025-06-27,2025-06-27 19:59:00+00:00,124.43,1.3478157456592315,True,,2025_q3_fprc_era
NFLX,2025-06-24,2.8038654547821382,0.8285714285714286,SHORT,2025-06-25,2025-06-25 13:30:00+00:00,128.68,2025-06-27,2025-06-27 19:59:00+00:00,132.28,-2.7976375505128956,True,,2025_q3_fprc_era
NVDA,2025-06-25,5.157670639767344,0.9428571428571428,SHORT,2025-06-26,2025-06-26 13:30:00+00:00,155.59,2025-06-30,2025-06-30 19:59:00+00:00,157.48,-1.2147310238447113,True,,2025_q3_fprc_era
AMD,2025-06-25,9.657689191107464,1.0,SHORT,2025-06-26,2025-06-26 13:30:00+00:00,145.97,2025-06-30,2025-06-30 19:59:00+00:00,141.89,2.795094882510113,True,,2025_q3_fprc_era
STX,2025-06-25,4.178980891095501,0.9142857142857143,SHORT,2025-06-26,2025-06-26 13:30:00+00:00,137.3,2025-06-30,2025-06-30 19:59:00+00:00,143.03,-4.173343044428251,True,,2025_q3_fprc_era
AMAT,2025-06-25,5.7932611855190554,0.9714285714285714,SHORT,2025-06-26,2025-06-26 13:30:00+00:00,181.66,2025-06-30,2025-06-30 19:59:00+00:00,181.5,0.08807662666519685,True,,2025_q3_fprc_era
AVGO,2025-06-25,3.7022829523621925,0.8571428571428571,SHORT,2025-06-26,2025-06-26 13:30:00+00:00,262.67,2025-06-30,2025-06-30 19:59:00+00:00,273.27,-4.035481783226088,True,,2025_q3_fprc_era
INTC,2025-06-25,3.2238323082210214,0.8285714285714286,SHORT,2025-06-26,2025-06-26 13:30:00+00:00,22.39,2025-06-30,2025-06-30 19:59:00+00:00,22.39,-0.0,True,,2025_q3_fprc_era
KLAC,2025-06-25,2.9953330755131415,0.8,SHORT,2025-06-26,2025-06-26 13:30:00+00:00,89.07,2025-06-30,2025-06-30 19:59:00+00:00,88.89,0.2020882452003959,True,,2025_q3_fprc_era
LRCX,2025-06-25,3.9889899340341137,0.8857142857142857,SHORT,2025-06-26,2025-06-26 13:30:00+00:00,95.64,2025-06-30,2025-06-30 19:59:00+00:00,96.67,-1.0769552488498548,True,,2025_q3_fprc_era
NVDA,2025-06-26,5.60575093460992,0.9714285714285714,SHORT,2025-06-27,2025-06-27 13:30:00+00:00,155.66,2025-07-01,2025-07-01 19:59:00+00:00,152.91,1.766670949505332,True,,2025_q3_fprc_era
AMD,2025-06-26,8.952074865494316,1.0,SHORT,2025-06-27,2025-06-27 13:30:00+00:00,144.23,2025-07-01,2025-07-01 19:59:00+00:00,136.08,5.65069680371627,True,,2025_q3_fprc_era
STX,2025-06-26,4.296930533923859,0.8571428571428571,SHORT,2025-06-27,2025-06-27 13:30:00+00:00,140.31,2025-07-01,2025-07-01 19:59:00+00:00,143.74,-2.4445869859596656,True,,2025_q3_fprc_era
AMAT,2025-06-26,4.760570238941795,0.9428571428571428,SHORT,2025-06-27,2025-06-27 13:30:00+00:00,182.84,2025-07-01,2025-07-01 19:59:00+00:00,182.23,0.33362502734632116,True,,2025_q3_fprc_era
AVGO,2025-06-26,4.493506289851468,0.9142857142857143,SHORT,2025-06-27,2025-06-27 13:30:00+00:00,267.87,2025-07-01,2025-07-01 19:59:00+00:00,262.37,2.053234778063986,True,,2025_q3_fprc_era
INTC,2025-06-26,4.417687626324291,0.8857142857142857,SHORT,2025-06-27,2025-06-27 13:30:00+00:00,22.69,2025-07-01,2025-07-01 19:59:00+00:00,22.85,-0.7051564565888062,True,,2025_q3_fprc_era
KLAC,2025-06-26,3.5479172738459015,0.8,SHORT,2025-06-27,2025-06-27 13:30:00+00:00,89.82,2025-07-01,2025-07-01 19:59:00+00:00,89.22,0.6680026720106818,True,,2025_q3_fprc_era
LRCX,2025-06-26,3.7873603646909846,0.8285714285714286,SHORT,2025-06-27,2025-06-27 13:30:00+00:00,96.4,2025-07-01,2025-07-01 19:59:00+00:00,96.18,0.22821576763485357,True,,2025_q3_fprc_era
NVDA,2025-06-27,5.366579407752001,0.9714285714285714,SHORT,2025-06-30,2025-06-30 13:30:00+00:00,158.02,2025-07-02,2025-07-02 19:59:00+00:00,156.86,0.73408429312745,True,,2025_q3_fprc_era
AMZN,2025-06-27,3.57361845129369,0.9428571428571428,SHORT,2025-06-30,2025-06-30 13:30:00+00:00,223.52,2025-07-02,2025-07-02 19:59:00+00:00,219.88,1.6284896206156114,True,,2025_q3_fprc_era
AMD,2025-06-27,2.551949229271204,0.8571428571428571,SHORT,2025-06-30,2025-06-30 13:30:00+00:00,144.04,2025-07-02,2025-07-02 19:59:00+00:00,138.5101,3.83914190502638,True,,2025_q3_fprc_era
GOOGL,2025-06-27,5.725522823264427,1.0,SHORT,2025-06-30,2025-06-30 13:30:00+00:00,180.15,2025-07-02,2025-07-02 19:59:00+00:00,178.02,1.1823480432972497,True,,2025_q3_fprc_era
STX,2025-06-27,2.967186955859489,0.9142857142857143,SHORT,2025-06-30,2025-06-30 13:30:00+00:00,140.72,2025-07-02,2025-07-02 19:59:00+00:00,150.61,-7.028140989198419,True,,2025_q3_fprc_era
BKNG,2025-06-27,2.6682024176704218,0.8857142857142857,SHORT,2025-06-30,2025-06-30 13:30:00+00:00,225.71,2025-07-02,2025-07-02 19:59:00+00:00,225.54,0.07531788578264849,True,,2025_q3_fprc_era
GILD,2025-06-27,1.9209792632029665,0.8,SHORT,2025-06-30,2025-06-30 13:30:00+00:00,107.2,2025-07-02,2025-07-02 19:59:00+00:00,108.08,-0.8208955223880555,True,,2025_q3_fprc_era
NFLX,2025-06-27,2.0752919163709005,0.8285714285714286,SHORT,2025-06-30,2025-06-30 13:30:00+00:00,133.25,2025-07-02,2025-07-02 19:59:00+00:00,128.49,3.5722326454033704,True,,2025_q3_fprc_era
META,2025-06-30,2.3630339068291475,0.8,SHORT,2025-07-01,2025-07-01 13:30:00+00:00,733.89,2025-07-03,2025-07-03 19:59:00+00:00,714.86,2.593031653245033,True,,2025_q3_fprc_era
STX,2025-06-30,2.3706860273334778,0.8285714285714286,SHORT,2025-07-01,2025-07-01 13:30:00+00:00,142.35,2025-07-03,2025-07-03 19:28:00+00:00,148.16,-4.081489286968741,True,,2025_q3_fprc_era
AVGO,2025-06-30,2.4182238471421647,0.8571428571428571,SHORT,2025-07-01,2025-07-01 13:30:00+00:00,271.82,2025-07-03,2025-07-03 19:59:00+00:00,272.5,-0.25016555073210467,True,,2025_q3_fprc_era
BKNG,2025-06-30,3.7047878517413784,1.0,SHORT,2025-07-01,2025-07-01 13:30:00+00:00,227.16,2025-07-03,2025-07-03 17:10:00+00:00,223.17,1.756471209720025,True,,2025_q3_fprc_era
GILD,2025-06-30,2.7969817255526674,0.9142857142857143,SHORT,2025-07-01,2025-07-01 13:30:00+00:00,108.06,2025-07-03,2025-07-03 19:00:00+00:00,108.25,-0.17582824356838583,True,,2025_q3_fprc_era
HON,2025-06-30,3.217292436490758,0.9428571428571428,SHORT,2025-07-01,2025-07-01 13:30:00+00:00,225.08,2025-07-03,2025-07-03 18:02:00+00:00,232.23,-3.176648302825652,True,,2025_q3_fprc_era
ISRG,2025-06-30,2.4472340236223378,0.8857142857142857,SHORT,2025-07-01,2025-07-01 13:30:00+00:00,542.58,2025-07-03,2025-07-03 17:36:00+00:00,544.47,-0.3483357292933736,True,,2025_q3_fprc_era
NFLX,2025-06-30,3.246368177077911,0.9714285714285714,SHORT,2025-07-01,2025-07-01 13:30:00+00:00,133.82,2025-07-03,2025-07-03 19:39:00+00:00,129.5,3.2282170079210832,True,,2025_q3_fprc_era
AAPL,2025-07-01,2.519498870395946,0.9142857142857143,SHORT,2025-07-02,2025-07-02 13:30:00+00:00,207.98,2025-07-07,2025-07-07 19:59:00+00:00,208.93,-0.4567746898740345,True,,2025_q3_fprc_era
PYPL,2025-07-01,1.9477040655300009,0.8,SHORT,2025-07-02,2025-07-02 13:30:00+00:00,74.34,2025-07-07,2025-07-07 19:59:00+00:00,75.34,-1.3451708366962605,True,,2025_q3_fprc_era
STX,2025-07-01,2.157745668804119,0.8285714285714286,SHORT,2025-07-02,2025-07-02 13:30:00+00:00,143.92,2025-07-07,2025-07-07 19:59:00+00:00,147.07,-2.188715953307397,True,,2025_q3_fprc_era
CMCSA,2025-07-01,2.249094294315049,0.8571428571428571,SHORT,2025-07-02,2025-07-02 13:30:00+00:00,32.09,2025-07-07,2025-07-07 19:59:00+00:00,31.67,1.3088189467123768,True,,2025_q3_fprc_era
GILD,2025-07-01,2.839071140400079,0.9428571428571428,SHORT,2025-07-02,2025-07-02 13:30:00+00:00,108.21,2025-07-07,2025-07-07 19:59:00+00:00,108.33,-0.11089548100915309,True,,2025_q3_fprc_era
HON,2025-07-01,4.529194291886208,0.9714285714285714,SHORT,2025-07-02,2025-07-02 13:30:00+00:00,229.66,2025-07-07,2025-07-07 19:59:00+00:00,230.64,-0.426717756683789,True,,2025_q3_fprc_era
PEP,2025-07-01,4.56398532048571,1.0,SHORT,2025-07-02,2025-07-02 13:30:00+00:00,128.73,2025-07-07,2025-07-07 19:59:00+00:00,127.95,0.6059193661151147,True,,2025_q3_fprc_era
SBUX,2025-07-01,2.4118107684281136,0.8857142857142857,SHORT,2025-07-02,2025-07-02 13:30:00+00:00,92.3,2025-07-07,2025-07-07 19:59:00+00:00,90.73,1.700975081256764,True,,2025_q3_fprc_era
AAPL,2025-07-02,4.727877686473911,0.9714285714285714,SHORT,2025-07-03,2025-07-03 13:30:00+00:00,211.05,2025-07-08,2025-07-08 19:59:00+00:00,209.02,0.9618573797678279,True,,2025_q3_fprc_era
PYPL,2025-07-02,2.726414666545753,0.8,SHORT,2025-07-03,2025-07-03 13:30:00+00:00,75.86,2025-07-08,2025-07-08 19:59:00+00:00,74.21,2.1750593197996384,True,,2025_q3_fprc_era
STX,2025-07-02,6.534304621741521,1.0,SHORT,2025-07-03,2025-07-03 13:30:00+00:00,150.63,2025-07-08,2025-07-08 19:59:00+00:00,143.16,4.959171479784903,True,,2025_q3_fprc_era
AMAT,2025-07-02,2.862340932354887,0.8285714285714286,SHORT,2025-07-03,2025-07-03 13:30:00+00:00,187.57,2025-07-08,2025-07-08 19:59:00+00:00,193.36,-3.086847576904633,True,,2025_q3_fprc_era
HON,2025-07-02,3.645134319614765,0.9142857142857143,SHORT,2025-07-03,2025-07-03 13:30:00+00:00,231.13,2025-07-08,2025-07-08 19:59:00+00:00,231.08,0.02163284731535627,True,,2025_q3_fprc_era
PEP,2025-07-02,3.254838208959193,0.8857142857142857,SHORT,2025-07-03,2025-07-03 13:30:00+00:00,130.1,2025-07-08,2025-07-08 19:59:00+00:00,128.5,1.2298232129131395,True,,2025_q3_fprc_era
REGN,2025-07-02,4.15418672703318,0.9428571428571428,SHORT,2025-07-03,2025-07-03 13:30:00+00:00,544.13,2025-07-08,2025-07-08 19:59:00+00:00,543.94,0.03491812618307038,True,,2025_q3_fprc_era
TXN,2025-07-02,3.156195424774699,0.8571428571428571,SHORT,2025-07-03,2025-07-03 13:30:00+00:00,208.65,2025-07-08,2025-07-08 19:59:00+00:00,209.64,-0.4744787922357923,True,,2025_q3_fprc_era
AAPL,2025-07-03,2.858786489781504,0.9428571428571428,SHORT,2025-07-07,2025-07-07 13:30:00+00:00,211.7,2025-07-09,2025-07-09 19:59:00+00:00,210.08,0.7652338214454304,True,,2025_q3_fprc_era
STX,2025-07-03,2.4137021544515487,0.9142857142857143,SHORT,2025-07-07,2025-07-07 13:30:00+00:00,148.12,2025-07-09,2025-07-09 19:59:00+00:00,140.7,5.00945179584122,True,,2025_q3_fprc_era
ADI,2025-07-03,2.042791927810755,0.8285714285714286,SHORT,2025-07-07,2025-07-07 13:30:00+00:00,240.83,2025-07-09,2025-07-09 19:59:00+00:00,238.72,0.8761366939334856,True,,2025_q3_fprc_era
AMAT,2025-07-03,3.1300723162527437,1.0,SHORT,2025-07-07,2025-07-07 13:30:00+00:00,187.73,2025-07-09,2025-07-09 19:59:00+00:00,193.76,-3.2120598732221817,True,,2025_q3_fprc_era
HON,2025-07-03,2.3163468260566566,0.8857142857142857,SHORT,2025-07-07,2025-07-07 13:30:00+00:00,231.49,2025-07-09,2025-07-09 19:59:00+00:00,230.04,0.626376949328272,True,,2025_q3_fprc_era
SBUX,2025-07-03,1.8689527838398212,0.8,SHORT,2025-07-07,2025-07-07 13:30:00+00:00,91.07,2025-07-09,2025-07-09 19:59:00+00:00,92.26,-1.3066871637202284,True,,2025_q3_fprc_era
TXN,2025-07-03,2.930218987627384,0.9714285714285714,SHORT,2025-07-07,2025-07-07 13:30:00+00:00,208.12,2025-07-09,2025-07-09 19:59:00+00:00,209.47,-0.6486642321737431,True,,2025_q3_fprc_era
VRTX,2025-07-03,2.0567608165644558,0.8571428571428571,SHORT,2025-07-07,2025-07-07 13:30:00+00:00,460.0,2025-07-09,2025-07-09 19:59:00+00:00,479.14,-4.160869565217388,True,,2025_q3_fprc_era
NVDA,2025-07-07,2.715245130798194,0.9428571428571428,SHORT,2025-07-08,2025-07-08 13:30:00+00:00,158.95,2025-07-10,2025-07-10 19:59:00+00:00,163.7,-2.988361119849009,True,,2025_q3_fprc_era
STX,2025-07-07,1.7947296785064004,0.9142857142857143,SHORT,2025-07-08,2025-07-08 13:30:00+00:00,147.72,2025-07-10,2025-07-10 19:59:00+00:00,143.2,3.0598429461142773,True,,2025_q3_fprc_era
AMAT,2025-07-07,3.2973959529470553,1.0,SHORT,2025-07-08,2025-07-08 13:30:00+00:00,190.53,2025-07-10,2025-07-10 19:59:00+00:00,196.37,-3.06513409961686,True,,2025_q3_fprc_era
AVGO,2025-07-07,3.030282171592373,0.9714285714285714,SHORT,2025-07-08,2025-07-08 13:30:00+00:00,274.0,2025-07-10,2025-07-10 19:59:00+00:00,272.87,0.4124087591240859,True,,2025_q3_fprc_era
KLAC,2025-07-07,1.0247851782884332,0.8285714285714286,SHORT,2025-07-08,2025-07-08 13:30:00+00:00,90.41,2025-07-10,2025-07-10 19:59:00+00:00,92.12,-1.8913836964937596,True,,2025_q3_fprc_era
LRCX,2025-07-07,0.8608706507332737,0.8,SHORT,2025-07-08,2025-07-08 13:30:00+00:00,98.34,2025-07-10,2025-07-10 19:59:00+00:00,100.41,-2.104942037827937,True,,2025_q3_fprc_era
PANW,2025-07-07,1.4215633290845449,0.8857142857142857,SHORT,2025-07-08,2025-07-08 13:30:00+00:00,202.28,2025-07-10,2025-07-10 19:59:00+00:00,192.13,5.017797112912796,True,,2025_q3_fprc_era
VRTX,2025-07-07,1.0792498927683911,0.8571428571428571,SHORT,2025-07-08,2025-07-08 13:30:00+00:00,457.73,2025-07-10,2025-07-10 19:59:00+00:00,479.53,-4.7626329932492855,True,,2025_q3_fprc_era
MSFT,2025-07-08,1.173182938426165,0.8285714285714286,SHORT,2025-07-09,2025-07-09 13:30:00+00:00,495.52,2025-07-11,2025-07-11 19:59:00+00:00,498.24,-0.5489183080400443,True,,2025_q3_fprc_era
NVDA,2025-07-08,1.7662267213328164,0.8571428571428571,SHORT,2025-07-09,2025-07-09 13:30:00+00:00,160.84,2025-07-11,2025-07-11 19:59:00+00:00,164.48,-2.263118627207154,True,,2025_q3_fprc_era
META,2025-07-08,1.061953172099014,0.8,SHORT,2025-07-09,2025-07-09 13:30:00+00:00,719.79,2025-07-11,2025-07-11 19:59:00+00:00,714.7,0.7071506967309796,True,,2025_q3_fprc_era
AMAT,2025-07-08,2.623981675793201,0.9428571428571428,SHORT,2025-07-09,2025-07-09 13:30:00+00:00,193.93,2025-07-11,2025-07-11 19:59:00+00:00,196.28,-1.2117774454700119,True,,2025_q3_fprc_era
INTC,2025-07-08,7.853071041108413,1.0,SHORT,2025-07-09,2025-07-09 13:30:00+00:00,23.29,2025-07-11,2025-07-11 19:59:00+00:00,23.42,-0.558179476170041,True,,2025_q3_fprc_era
MU,2025-07-08,2.294408547285316,0.9142857142857143,SHORT,2025-07-09,2025-07-09 13:30:00+00:00,124.63,2025-07-11,2025-07-11 19:59:00+00:00,124.33,0.24071250902671681,True,,2025_q3_fprc_era
PANW,2025-07-08,3.5406200263861827,0.9714285714285714,SHORT,2025-07-09,2025-07-09 13:30:00+00:00,204.79,2025-07-11,2025-07-11 19:59:00+00:00,187.4,8.491625567654665,True,,2025_q3_fprc_era
VRTX,2025-07-08,2.030444080077414,0.8857142857142857,SHORT,2025-07-09,2025-07-09 13:30:00+00:00,468.09,2025-07-11,2025-07-11 19:59:00+00:00,468.84,-0.1602255976414792,True,,2025_q3_fprc_era
NVDA,2025-10-30,6.695597154691161,0.9428571428571428,SHORT,2025-10-31,2025-10-31 13:30:00+00:00,205.96,2025-11-04,2025-11-04 20:59:00+00:00,198.24,3.748300640901145,True,,2025_q4_task46_56_era
GOOGL,2025-10-30,5.297858623682965,0.9142857142857143,SHORT,2025-10-31,2025-10-31 13:30:00+00:00,282.48,2025-11-04,2025-11-04 20:59:00+00:00,276.86,1.989521382044748,True,,2025_q4_task46_56_era
STX,2025-10-30,17.288188856598797,1.0,SHORT,2025-10-31,2025-10-31 13:30:00+00:00,275.21,2025-11-04,2025-11-04 20:59:00+00:00,248.91,9.556338795828633,True,,2025_q4_task46_56_era
AVGO,2025-10-30,4.765066061948627,0.8857142857142857,SHORT,2025-10-31,2025-10-31 13:30:00+00:00,375.87,2025-11-04,2025-11-04 20:59:00+00:00,349.75,6.949211163434168,True,,2025_q4_task46_56_era
CSCO,2025-10-30,2.9236607306920894,0.8285714285714286,SHORT,2025-10-31,2025-10-31 13:30:00+00:00,71.67,2025-11-04,2025-11-04 20:59:00+00:00,71.29,0.5302078973070956,True,,2025_q4_task46_56_era
LRCX,2025-10-30,3.4008788508450216,0.8571428571428571,SHORT,2025-10-31,2025-10-31 13:30:00+00:00,161.8,2025-11-04,2025-11-04 20:59:00+00:00,155.07,4.159456118665029,True,,2025_q4_task46_56_era
MU,2025-10-30,2.5914971104819386,0.8,SHORT,2025-10-31,2025-10-31 13:30:00+00:00,227.49,2025-11-04,2025-11-04 20:59:00+00:00,217.75,4.281506879423276,True,,2025_q4_task46_56_era
REGN,2025-10-30,12.612568263429209,0.9714285714285714,SHORT,2025-10-31,2025-10-31 13:30:00+00:00,646.14,2025-11-04,2025-11-04 20:59:00+00:00,624.57,3.3382858204104275,True,,2025_q4_task46_56_era
AMZN,2025-10-31,7.239701770998502,0.9714285714285714,SHORT,2025-11-03,2025-11-03 14:30:00+00:00,255.53,2025-11-05,2025-11-05 20:59:00+00:00,250.25,2.0662935858803277,True,,2025_q4_task46_56_era
GOOGL,2025-10-31,5.854313065944305,0.9428571428571428,SHORT,2025-11-03,2025-11-03 14:30:00+00:00,281.44,2025-11-05,2025-11-05 20:59:00+00:00,283.55,-0.7497157475838593,True,,2025_q4_task46_56_era
STX,2025-10-31,15.42705275304251,1.0,SHORT,2025-11-03,2025-11-03 14:30:00+00:00,258.48,2025-11-05,2025-11-05 20:59:00+00:00,274.16,-6.066233364283505,True,,2025_q4_task46_56_era
AMAT,2025-10-31,3.1077239946510766,0.9142857142857143,SHORT,2025-11-03,2025-11-03 14:30:00+00:00,234.37,2025-11-05,2025-11-05 20:59:00+00:00,239.48,-2.1803131800145006,True,,2025_q4_task46_56_era
GILD,2025-10-31,2.3437057131533816,0.8857142857142857,SHORT,2025-11-03,2025-11-03 14:30:00+00:00,116.93,2025-11-05,2025-11-05 20:59:00+00:00,119.62,-2.300521679637388,True,,2025_q4_task46_56_era
LRCX,2025-10-31,1.8693282137631393,0.8285714285714286,SHORT,2025-11-03,2025-11-03 14:30:00+00:00,159.25,2025-11-05,2025-11-05 20:59:00+00:00,164.29,-3.16483516483516,True,,2025_q4_task46_56_era
MU,2025-10-31,1.5478429981679573,0.8,SHORT,2025-11-03,2025-11-03 14:30:00+00:00,233.86,2025-11-05,2025-11-05 20:59:00+00:00,237.17,-1.415376721115186,True,,2025_q4_task46_56_era
NFLX,2025-10-31,2.214405128756434,0.8571428571428571,SHORT,2025-11-03,2025-11-03 14:30:00+00:00,113.3,2025-11-05,2025-11-05 20:59:00+00:00,109.85,3.045013239187999,True,,2025_q4_task46_56_era
AMZN,2025-11-03,10.877221218630027,1.0,SHORT,2025-11-04,2025-11-04 14:30:00+00:00,250.38,2025-11-06,2025-11-06 20:59:00+00:00,243.09,2.9115744069015066,True,,2025_q4_task46_56_era
GOOGL,2025-11-03,3.8090986474471378,0.9142857142857143,SHORT,2025-11-04,2025-11-04 14:30:00+00:00,276.1,2025-11-06,2025-11-06 20:59:00+00:00,284.02,-2.8685258964143276,True,,2025_q4_task46_56_era
COST,2025-11-03,2.4399741077720303,0.8,SHORT,2025-11-04,2025-11-04 14:30:00+00:00,929.11,2025-11-06,2025-11-06 20:59:00+00:00,919.78,1.0041868024238292,True,,2025_q4_task46_56_era
CSCO,2025-11-03,4.969882124307713,0.9714285714285714,SHORT,2025-11-04,2025-11-04 14:30:00+00:00,72.84,2025-11-06,2025-11-06 20:59:00+00:00,70.04,3.844041735310265,True,,2025_q4_task46_56_era
GILD,2025-11-03,3.574713415804188,0.8571428571428571,SHORT,2025-11-04,2025-11-04 14:30:00+00:00,120.18,2025-11-06,2025-11-06 20:59:00+00:00,120.44,-0.21634215343650431,True,,2025_q4_task46_56_era
INTU,2025-11-03,3.6249369253190156,0.8857142857142857,SHORT,2025-11-04,2025-11-04 14:30:00+00:00,669.9,2025-11-06,2025-11-06 20:59:00+00:00,647.51,3.34228989401403,True,,2025_q4_task46_56_era
MU,2025-11-03,4.098704713232677,0.9428571428571428,SHORT,2025-11-04,2025-11-04 14:30:00+00:00,221.95,2025-11-06,2025-11-06 20:59:00+00:00,238.15,-7.2989412029736505,True,,2025_q4_task46_56_era
VRTX,2025-11-03,2.720313272054576,0.8285714285714286,SHORT,2025-11-04,2025-11-04 14:30:00+00:00,418.55,2025-11-06,2025-11-06 20:59:00+00:00,416.24,0.5519053876478324,True,,2025_q4_task46_56_era
AMZN,2025-11-04,12.601213141912362,1.0,SHORT,2025-11-05,2025-11-05 14:30:00+00:00,249.15,2025-11-07,2025-11-07 20:59:00+00:00,244.419,1.8988561107766384,True,,2025_q4_task46_56_era
TSLA,2025-11-04,1.6354881053163108,0.8857142857142857,SHORT,2025-11-05,2025-11-05 14:30:00+00:00,452.05,2025-11-07,2025-11-07 20:59:00+00:00,429.38,5.01493197655127,True,,2025_q4_task46_56_era
CMCSA,2025-11-04,1.1630369981168538,0.8285714285714286,SHORT,2025-11-05,2025-11-05 14:30:00+00:00,24.82,2025-11-07,2025-11-07 20:59:00+00:00,24.69,0.523771152296531,True,,2025_q4_task46_56_era
COST,2025-11-04,3.0802493805526745,0.9428571428571428,SHORT,2025-11-05,2025-11-05 14:30:00+00:00,935.87,2025-11-07,2025-11-07 20:59:00+00:00,918.48,1.8581640612478214,True,,2025_q4_task46_56_era
GILD,2025-11-04,4.588145518564383,0.9714285714285714,SHORT,2025-11-05,2025-11-05 14:30:00+00:00,119.25,2025-11-07,2025-11-07 20:59:00+00:00,115.97,2.750524109014676,True,,2025_q4_task46_56_era
INTU,2025-11-04,1.3363377724778362,0.8571428571428571,SHORT,2025-11-05,2025-11-05 14:30:00+00:00,650.74,2025-11-07,2025-11-07 20:59:00+00:00,642.66,1.2416633371238959,True,,2025_q4_task46_56_era
ISRG,2025-11-04,2.3520803888803625,0.9142857142857143,SHORT,2025-11-05,2025-11-05 14:30:00+00:00,538.0,2025-11-07,2025-11-07 20:59:00+00:00,560.0,-4.089219330855019,True,,2025_q4_task46_56_era
VRTX,2025-11-04,1.131300033523128,0.8,SHORT,2025-11-05,2025-11-05 14:30:00+00:00,417.7,2025-11-07,2025-11-07 20:59:00+00:00,409.42,1.9822839358391124,True,,2025_q4_task46_56_era
AMZN,2025-11-05,3.146675971896072,0.8285714285714286,SHORT,2025-11-06,2025-11-06 14:30:00+00:00,249.16,2025-11-10,2025-11-10 20:59:00+00:00,248.4,0.3050248836089224,True,,2025_q4_task46_56_era
STX,2025-11-05,8.504449912002654,1.0,SHORT,2025-11-06,2025-11-06 14:30:00+00:00,275.65,2025-11-10,2025-11-10 20:59:00+00:00,292.27,-6.029385089787777,True,,2025_q4_task46_56_era
AMAT,2025-11-05,3.978723376390355,0.9142857142857143,SHORT,2025-11-06,2025-11-06 14:30:00+00:00,239.28,2025-11-10,2025-11-10 20:59:00+00:00,233.78,2.29856235372785,True,,2025_q4_task46_56_era
COST,2025-11-05,3.2374944675186628,0.8571428571428571,SHORT,2025-11-06,2025-11-06 14:30:00+00:00,920.3,2025-11-10,2025-11-10 20:59:00+00:00,911.41,0.9659893512984882,True,,2025_q4_task46_56_era
ISRG,2025-11-05,3.3257572896282044,0.8857142857142857,SHORT,2025-11-06,2025-11-06 14:30:00+00:00,547.34,2025-11-10,2025-11-10 20:59:00+00:00,576.19,-5.2709467606971945,True,,2025_q4_task46_56_era
LRCX,2025-11-05,5.500257864098295,0.9428571428571428,SHORT,2025-11-06,2025-11-06 14:30:00+00:00,162.64,2025-11-10,2025-11-10 20:59:00+00:00,165.59,-1.8138219380226372,True,,2025_q4_task46_56_era
MU,2025-11-05,6.768190951271016,0.9714285714285714,SHORT,2025-11-06,2025-11-06 14:30:00+00:00,237.61,2025-11-10,2025-11-10 20:59:00+00:00,252.92,-6.443331509616587,True,,2025_q4_task46_56_era
SBUX,2025-11-05,3.1420247719545076,0.8,SHORT,2025-11-06,2025-11-06 14:30:00+00:00,80.51,2025-11-10,2025-11-10 20:59:00+00:00,82.48,-2.4469010060861986,True,,2025_q4_task46_56_era
STX,2025-11-06,6.766968736502731,1.0,SHORT,2025-11-07,2025-11-07 14:30:00+00:00,272.06,2025-11-11,2025-11-11 20:59:00+00:00,286.38,-5.263544806292727,True,,2025_q4_task46_56_era
CMCSA,2025-11-06,3.227773451772122,0.9142857142857143,SHORT,2025-11-07,2025-11-07 14:30:00+00:00,24.9,2025-11-11,2025-11-11 20:59:00+00:00,24.81,0.36144578313252956,True,,2025_q4_task46_56_era
GILD,2025-11-06,2.9968134566782396,0.8857142857142857,SHORT,2025-11-07,2025-11-07 14:30:00+00:00,120.9,2025-11-11,2025-11-11 20:59:00+00:00,119.66,1.025641025641033,True,,2025_q4_task46_56_era
ISRG,2025-11-06,2.6161568647177362,0.8285714285714286,SHORT,2025-11-07,2025-11-07 14:30:00+00:00,543.24,2025-11-11,2025-11-11 20:59:00+00:00,572.24,-5.33834032839997,True,,2025_q4_task46_56_era
LRCX,2025-11-06,2.537197511437882,0.8,SHORT,2025-11-07,2025-11-07 14:30:00+00:00,159.09,2025-11-11,2025-11-11 20:59:00+00:00,158.49,0.3771450122572093,True,,2025_q4_task46_56_era
MU,2025-11-06,3.492306206873419,0.9714285714285714,SHORT,2025-11-07,2025-11-07 14:30:00+00:00,233.8,2025-11-11,2025-11-11 20:59:00+00:00,240.91,-3.0410607356715076,True,,2025_q4_task46_56_era
REGN,2025-11-06,2.678017135484888,0.8571428571428571,SHORT,2025-11-07,2025-11-07 14:30:00+00:00,647.03,2025-11-11,2025-11-11 20:59:00+00:00,671.25,-3.7432576542046005,True,,2025_q4_task46_56_era
SBUX,2025-11-06,3.459230671490546,0.9428571428571428,SHORT,2025-11-07,2025-11-07 14:30:00+00:00,80.29,2025-11-11,2025-11-11 20:59:00+00:00,84.29,-4.981940465811433,True,,2025_q4_task46_56_era
STX,2025-11-07,12.182859134681149,1.0,SHORT,2025-11-10,2025-11-10 14:30:00+00:00,289.01,2025-11-12,2025-11-12 20:59:00+00:00,281.43,2.622746617764086,True,,2025_q4_task46_56_era
INTC,2025-11-07,3.6485385658268483,0.8571428571428571,SHORT,2025-11-10,2025-11-10 14:30:00+00:00,38.93,2025-11-12,2025-11-12 20:59:00+00:00,37.89,2.6714615977395306,True,,2025_q4_task46_56_era
ISRG,2025-11-07,4.583398922699039,0.8857142857142857,SHORT,2025-11-10,2025-11-10 14:30:00+00:00,560.0,2025-11-12,2025-11-12 20:59:00+00:00,572.71,-2.2696428571428635,True,,2025_q4_task46_56_era
LRCX,2025-11-07,2.9483245577349066,0.8285714285714286,SHORT,2025-11-10,2025-11-10 14:30:00+00:00,163.8,2025-11-12,2025-11-12 20:59:00+00:00,160.69,1.8986568986569068,True,,2025_q4_task46_56_era
MDLZ,2025-11-07,2.590929404683973,0.8,SHORT,2025-11-10,2025-11-10 14:30:00+00:00,55.04,2025-11-12,2025-11-12 20:59:00+00:00,55.05,-0.018168604651159177,True,,2025_q4_task46_56_era
MU,2025-11-07,9.796100352037493,0.9714285714285714,SHORT,2025-11-10,2025-11-10 14:30:00+00:00,247.87,2025-11-12,2025-11-12 20:59:00+00:00,244.66,1.295033687013357,True,,2025_q4_task46_56_era
REGN,2025-11-07,5.435077502185915,0.9142857142857143,SHORT,2025-11-10,2025-11-10 14:30:00+00:00,652.65,2025-11-12,2025-11-12 20:59:00+00:00,678.37,-3.9408565080824376,True,,2025_q4_task46_56_era
SBUX,2025-11-07,8.134879486234247,0.9428571428571428,SHORT,2025-11-10,2025-11-10 14:30:00+00:00,84.06,2025-11-12,2025-11-12 20:59:00+00:00,85.11,-1.2491077801570274,True,,2025_q4_task46_56_era
NVDA,2025-11-10,1.4239088742267616,0.8571428571428571,SHORT,2025-11-11,2025-11-11 14:30:00+00:00,194.71,2025-11-13,2025-11-13 20:59:00+00:00,186.52,4.2062554568332375,True,,2025_q4_task46_56_era
GOOGL,2025-11-10,1.4815259533525282,0.8857142857142857,SHORT,2025-11-11,2025-11-11 14:30:00+00:00,287.06,2025-11-13,2025-11-13 20:59:00+00:00,277.9,3.1909705288093173,True,,2025_q4_task46_56_era
STX,2025-11-10,6.041663079477123,0.9714285714285714,SHORT,2025-11-11,2025-11-11 14:30:00+00:00,287.57,2025-11-13,2025-11-13 20:59:00+00:00,261.0,9.239489515596201,True,,2025_q4_task46_56_era
ISRG,2025-11-10,4.474578339983893,0.9428571428571428,SHORT,2025-11-11,2025-11-11 14:30:00+00:00,575.06,2025-11-13,2025-11-13 20:59:00+00:00,565.65,1.6363509894619637,True,,2025_q4_task46_56_era
MU,2025-11-10,6.076837504380147,1.0,SHORT,2025-11-11,2025-11-11 14:30:00+00:00,247.99,2025-11-13,2025-11-13 20:59:00+00:00,236.78,4.5203435622404164,True,,2025_q4_task46_56_era
NFLX,2025-11-10,1.3932457148425847,0.8285714285714286,SHORT,2025-11-11,2025-11-11 14:30:00+00:00,111.76,2025-11-13,2025-11-13 20:59:00+00:00,115.46,-3.310665712240505,True,,2025_q4_task46_56_era
REGN,2025-11-10,1.06046176664668,0.8,SHORT,2025-11-11,2025-11-11 14:30:00+00:00,648.16,2025-11-13,2025-11-13 20:59:00+00:00,691.91,-6.749876573685511,True,,2025_q4_task46_56_era
SBUX,2025-11-10,1.489978374403892,0.9142857142857143,SHORT,2025-11-11,2025-11-11 14:30:00+00:00,82.87,2025-11-13,2025-11-13 20:59:00+00:00,84.27,-1.6893930252202138,True,,2025_q4_task46_56_era
STX,2025-11-11,1.5833166393576026,0.8857142857142857,SHORT,2025-11-12,2025-11-12 14:30:00+00:00,286.31,2025-11-14,2025-11-14 20:59:00+00:00,256.66,10.355907931961852,True,,2025_q4_task46_56_era
BKNG,2025-11-11,1.207217081564896,0.8,SHORT,2025-11-12,2025-11-12 14:30:00+00:00,200.37,2025-11-14,2025-11-14 20:59:00+00:00,200.17,0.09981534161801518,True,,2025_q4_task46_56_era
ISRG,2025-11-11,2.543932520069087,0.9714285714285714,SHORT,2025-11-12,2025-11-12 14:30:00+00:00,574.13,2025-11-14,2025-11-14 20:59:00+00:00,549.491,4.291536759967256,True,,2025_q4_task46_56_era
NFLX,2025-11-11,1.686937396237138,0.9142857142857143,SHORT,2025-11-12,2025-11-12 14:30:00+00:00,113.82,2025-11-14,2025-11-14 20:59:00+00:00,111.26,2.2491653487963346,True,,2025_q4_task46_56_era
PANW,2025-11-11,1.3977340000270508,0.8571428571428571,SHORT,2025-11-12,2025-11-12 14:30:00+00:00,218.14,2025-11-14,2025-11-14 20:59:00+00:00,205.26,5.904465022462637,True,,2025_q4_task46_56_era
REGN,2025-11-11,2.389942210156927,0.9428571428571428,SHORT,2025-11-12,2025-11-12 14:30:00+00:00,675.43,2025-11-14,2025-11-14 20:59:00+00:00,689.96,-2.151222184386256,True,,2025_q4_task46_56_era
SBUX,2025-11-11,3.2408245108998193,1.0,SHORT,2025-11-12,2025-11-12 14:30:00+00:00,85.55,2025-11-14,2025-11-14 20:59:00+00:00,83.27,2.665108123904151,True,,2025_q4_task46_56_era
VRTX,2025-11-11,1.250068391200475,0.8285714285714286,SHORT,2025-11-12,2025-11-12 14:30:00+00:00,429.57,2025-11-14,2025-11-14 20:59:00+00:00,437.22,-1.7808506180599284,True,,2025_q4_task46_56_era
AMD,2025-11-12,8.999604581054264,1.0,SHORT,2025-11-13,2025-11-13 14:30:00+00:00,251.92,2025-11-17,2025-11-17 20:59:00+00:00,240.58,4.50142902508732,True,,2025_q4_task46_56_era
ADI,2025-11-12,3.834280292837806,0.9428571428571428,SHORT,2025-11-13,2025-11-13 14:30:00+00:00,236.68,2025-11-17,2025-11-17 20:59:00+00:00,227.16,4.0223086023322665,True,,2025_q4_task46_56_era
BKNG,2025-11-12,3.021388484224735,0.8857142857142857,SHORT,2025-11-13,2025-11-13 14:30:00+00:00,206.48,2025-11-17,2025-11-17 20:59:00+00:00,190.29,7.840953118946143,True,,2025_q4_task46_56_era
CSCO,2025-11-12,2.2366408561292364,0.8571428571428571,SHORT,2025-11-13,2025-11-13 14:30:00+00:00,76.88,2025-11-17,2025-11-17 20:59:00+00:00,76.68,0.26014568158167095,True,,2025_q4_task46_56_era
GILD,2025-11-12,2.043362406051183,0.8285714285714286,SHORT,2025-11-13,2025-11-13 14:30:00+00:00,120.85,2025-11-17,2025-11-17 20:59:00+00:00,121.12,-0.22341745966074494,True,,2025_q4_task46_56_era
HON,2025-11-12,2.0387479857496036,0.8,SHORT,2025-11-13,2025-11-13 14:30:00+00:00,207.07,2025-11-17,2025-11-17 20:59:00+00:00,202.8,2.062104602308389,True,,2025_q4_task46_56_era
NFLX,2025-11-12,3.047946228273851,0.9142857142857143,SHORT,2025-11-13,2025-11-13 14:30:00+00:00,115.74,2025-11-17,2025-11-17 20:59:00+00:00,110.37,4.639709694142034,True,,2025_q4_task46_56_era
VRTX,2025-11-12,4.245969747659198,0.9714285714285714,SHORT,2025-11-13,2025-11-13 14:30:00+00:00,434.5,2025-11-17,2025-11-17 20:59:00+00:00,434.09,0.09436133486766973,True,,2025_q4_task46_56_era
ADI,2025-11-13,3.8138720938941923,0.8285714285714286,SHORT,2025-11-14,2025-11-14 14:30:00+00:00,231.3,2025-11-18,2025-11-18 20:59:00+00:00,227.31,1.7250324254215343,True,,2025_q4_task46_56_era
BKNG,2025-11-13,3.7572981585051277,0.8,SHORT,2025-11-14,2025-11-14 14:30:00+00:00,201.42,2025-11-18,2025-11-18 20:59:00+00:00,189.58,5.878264323304526,True,,2025_q4_task46_56_era
CMCSA,2025-11-13,4.545447027980204,0.8857142857142857,SHORT,2025-11-14,2025-11-14 14:30:00+00:00,25.32,2025-11-18,2025-11-18 20:59:00+00:00,24.71,2.409162717219587,True,,2025_q4_task46_56_era
CSCO,2025-11-13,8.763710726357433,1.0,SHORT,2025-11-14,2025-11-14 14:30:00+00:00,75.48,2025-11-18,2025-11-18 20:59:00+00:00,76.27,-1.0466348701642714,True,,2025_q4_task46_56_era
GILD,2025-11-13,7.388750089505477,0.9428571428571428,SHORT,2025-11-14,2025-11-14 14:30:00+00:00,121.99,2025-11-18,2025-11-18 20:59:00+00:00,124.12,-1.7460447577670382,True,,2025_q4_task46_56_era
NFLX,2025-11-13,4.449759283711396,0.8571428571428571,SHORT,2025-11-14,2025-11-14 14:30:00+00:00,114.33,2025-11-18,2025-11-18 20:59:00+00:00,114.05,0.2449050992740323,True,,2025_q4_task46_56_era
REGN,2025-11-13,7.603851688427602,0.9714285714285714,SHORT,2025-11-14,2025-11-14 14:30:00+00:00,694.25,2025-11-18,2025-11-18 20:59:00+00:00,722.17,-4.021606049693909,True,,2025_q4_task46_56_era
VRTX,2025-11-13,4.565145268613836,0.9142857142857143,SHORT,2025-11-14,2025-11-14 14:30:00+00:00,440.32,2025-11-18,2025-11-18 20:59:00+00:00,435.51,1.0923873546511633,True,,2025_q4_task46_56_era
AMD,2025-11-14,5.480145504073802,0.9714285714285714,SHORT,2025-11-17,2025-11-17 14:30:00+00:00,242.745,2025-11-19,2025-11-19 20:59:00+00:00,223.54,7.911594471564816,True,,2025_q4_task46_56_era
COST,2025-11-14,2.579753949088531,0.8,SHORT,2025-11-17,2025-11-17 14:30:00+00:00,917.97,2025-11-19,2025-11-19 20:59:00+00:00,886.72,3.404250683573537,True,,2025_q4_task46_56_era
CSCO,2025-11-14,10.355895048585037,1.0,SHORT,2025-11-17,2025-11-17 14:30:00+00:00,76.77,2025-11-19,2025-11-19 20:59:00+00:00,77.25,-0.6252442360297044,True,,2025_q4_task46_56_era
GILD,2025-11-14,3.5418936698672154,0.8857142857142857,SHORT,2025-11-17,2025-11-17 14:30:00+00:00,122.21,2025-11-19,2025-11-19 20:59:00+00:00,124.98,-2.266590295393184,True,,2025_q4_task46_56_era
INTU,2025-11-14,2.81357139682152,0.8285714285714286,SHORT,2025-11-17,2025-11-17 14:30:00+00:00,656.34,2025-11-19,2025-11-19 20:59:00+00:00,644.82,1.7551878599506328,True,,2025_q4_task46_56_era
MU,2025-11-14,3.96494487399251,0.9142857142857143,SHORT,2025-11-17,2025-11-17 14:30:00+00:00,246.68,2025-11-19,2025-11-19 20:59:00+00:00,225.67,8.5171071833955,True,,2025_q4_task46_56_era
REGN,2025-11-14,4.390404052014521,0.9428571428571428,SHORT,2025-11-17,2025-11-17 14:30:00+00:00,689.8,2025-11-19,2025-11-19 20:59:00+00:00,699.17,-1.358364743403886,True,,2025_q4_task46_56_era
VRTX,2025-11-14,3.4503031283682546,0.8571428571428571,SHORT,2025-11-17,2025-11-17 14:30:00+00:00,436.99,2025-11-19,2025-11-19 20:59:00+00:00,421.0,3.6591226343852283,True,,2025_q4_task46_56_era
MSFT,2025-11-17,1.8144655914896772,0.8,SHORT,2025-11-18,2025-11-18 14:30:00+00:00,491.32,2025-11-20,2025-11-20 20:59:00+00:00,475.24,3.2728160872750927,True,,2025_q4_task46_56_era
GOOGL,2025-11-17,2.011450803743578,0.8285714285714286,SHORT,2025-11-18,2025-11-18 14:30:00+00:00,287.17,2025-11-20,2025-11-20 20:59:00+00:00,288.84,-0.5815370686352889,True,,2025_q4_task46_56_era
COST,2025-11-17,2.4593413576547785,0.8571428571428571,SHORT,2025-11-18,2025-11-18 14:30:00+00:00,908.58,2025-11-20,2025-11-20 20:59:00+00:00,889.37,2.114288229985256,True,,2025_q4_task46_56_era
CSCO,2025-11-17,7.737696657113102,1.0,SHORT,2025-11-18,2025-11-18 14:30:00+00:00,76.44,2025-11-20,2025-11-20 20:59:00+00:00,74.38,2.694924123495555,True,,2025_q4_task46_56_era
GILD,2025-11-17,3.112569446081559,0.9142857142857143,SHORT,2025-11-18,2025-11-18 14:30:00+00:00,121.54,2025-11-20,2025-11-20 20:59:00+00:00,121.99,-0.37024847786735937,True,,2025_q4_task46_56_era
PEP,2025-11-17,4.974153739538357,0.9428571428571428,SHORT,2025-11-18,2025-11-18 14:30:00+00:00,142.52,2025-11-20,2025-11-20 20:59:00+00:00,140.42,1.47347740667978,True,,2025_q4_task46_56_era
REGN,2025-11-17,5.902557343991905,0.9714285714285714,SHORT,2025-11-18,2025-11-18 14:30:00+00:00,698.93,2025-11-20,2025-11-20 20:59:00+00:00,734.31,-5.062023378592992,True,,2025_q4_task46_56_era
VRTX,2025-11-17,2.5192005268173903,0.8857142857142857,SHORT,2025-11-18,2025-11-18 14:30:00+00:00,434.01,2025-11-20,2025-11-20 20:59:00+00:00,422.42,2.670445381442818,True,,2025_q4_task46_56_era
GOOGL,2025-11-18,3.811513584686055,0.9428571428571428,SHORT,2025-11-19,2025-11-19 14:30:00+00:00,286.34,2025-11-21,2025-11-21 20:59:00+00:00,298.96,-4.407347908081304,True,,2025_q4_task46_56_era
AMAT,2025-11-18,2.6123457574349285,0.8857142857142857,SHORT,2025-11-19,2025-11-19 14:30:00+00:00,226.84,2025-11-21,2025-11-21 20:59:00+00:00,223.15,1.62669723152883,True,,2025_q4_task46_56_era
AVGO,2025-11-18,1.9051607934825348,0.8285714285714286,SHORT,2025-11-19,2025-11-19 14:30:00+00:00,338.19,2025-11-21,2025-11-21 20:59:00+00:00,337.54,0.1921996510837036,True,,2025_q4_task46_56_era
GILD,2025-11-18,3.3127678495634347,0.9142857142857143,SHORT,2025-11-19,2025-11-19 14:30:00+00:00,124.02,2025-11-21,2025-11-21 20:59:00+00:00,123.67,0.2822125463634852,True,,2025_q4_task46_56_era
INTU,2025-11-18,1.7297954539877856,0.8,SHORT,2025-11-19,2025-11-19 14:30:00+00:00,642.55,2025-11-21,2025-11-21 20:59:00+00:00,656.85,-2.225507742588136,True,,2025_q4_task46_56_era
PEP,2025-11-18,4.372212331782781,0.9714285714285714,SHORT,2025-11-19,2025-11-19 14:30:00+00:00,142.6,2025-11-21,2025-11-21 20:59:00+00:00,140.62,1.388499298737721,True,,2025_q4_task46_56_era
REGN,2025-11-18,6.148210899271566,1.0,SHORT,2025-11-19,2025-11-19 14:30:00+00:00,725.27,2025-11-21,2025-11-21 20:59:00+00:00,752.63,-3.772388214044427,True,,2025_q4_task46_56_era
VRTX,2025-11-18,1.9473187048466445,0.8571428571428571,SHORT,2025-11-19,2025-11-19 14:30:00+00:00,434.36,2025-11-21,2025-11-21 20:59:00+00:00,426.82,1.735887282438535,True,,2025_q4_task46_56_era
GOOGL,2025-11-19,7.295344718808298,1.0,SHORT,2025-11-20,2025-11-20 14:30:00+00:00,303.6,2025-11-24,2025-11-24 20:59:00+00:00,317.55,-4.594861660079047,True,,2025_q4_task46_56_era
AMAT,2025-11-19,5.445186181121671,0.9714285714285714,SHORT,2025-11-20,2025-11-20 14:30:00+00:00,237.32,2025-11-24,2025-11-24 20:59:00+00:00,230.07,3.0549469071296143,True,,2025_q4_task46_56_era
AVGO,2025-11-19,4.821001166900063,0.9428571428571428,SHORT,2025-11-20,2025-11-20 14:30:00+00:00,363.3,2025-11-24,2025-11-24 20:59:00+00:00,374.91,-3.195706028075974,True,,2025_q4_task46_56_era
GILD,2025-11-19,3.843398516430761,0.8571428571428571,SHORT,2025-11-20,2025-11-20 14:30:00+00:00,125.51,2025-11-24,2025-11-24 20:59:00+00:00,122.22,2.62130507529281,True,,2025_q4_task46_56_era
ISRG,2025-11-19,4.109956253001112,0.8857142857142857,SHORT,2025-11-20,2025-11-20 14:30:00+00:00,566.92,2025-11-24,2025-11-24 20:59:00+00:00,568.6,-0.29633810766952373,True,,2025_q4_task46_56_era
KLAC,2025-11-19,4.413476680614894,0.9142857142857143,SHORT,2025-11-20,2025-11-20 14:30:00+00:00,118.36,2025-11-24,2025-11-24 20:59:00+00:00,113.25,4.3173369381547815,True,,2025_q4_task46_56_era
PEP,2025-11-19,2.247216436775611,0.8,SHORT,2025-11-20,2025-11-20 14:30:00+00:00,140.98,2025-11-24,2025-11-24 20:59:00+00:00,139.83,0.8157185416370956,True,,2025_q4_task46_56_era
REGN,2025-11-19,2.7188389313345045,0.8285714285714286,SHORT,2025-11-20,2025-11-20 14:30:00+00:00,722.21,2025-11-24,2025-11-24 20:59:00+00:00,758.64,-5.0442392102020115,True,,2025_q4_task46_56_era
AAPL,2025-11-20,1.5759161116932703,0.8285714285714286,SHORT,2025-11-21,2025-11-21 14:30:00+00:00,265.22,2025-11-25,2025-11-25 20:59:00+00:00,276.14,-4.117336550788009,True,,2025_q4_task46_56_era
GOOGL,2025-11-20,3.545394910868779,0.9714285714285714,SHORT,2025-11-21,2025-11-21 14:30:00+00:00,295.77,2025-11-25,2025-11-25 20:59:00+00:00,322.55,-9.054332758562406,True,,2025_q4_task46_56_era
AVGO,2025-11-20,3.255880809223878,0.9428571428571428,SHORT,2025-11-21,2025-11-21 14:30:00+00:00,342.61,2025-11-25,2025-11-25 20:59:00+00:00,382.26,-11.572925483786223,True,,2025_q4_task46_56_era
GILD,2025-11-20,2.695366742333608,0.8857142857142857,SHORT,2025-11-21,2025-11-21 14:30:00+00:00,122.32,2025-11-25,2025-11-25 20:59:00+00:00,124.02,-1.389797253106608,True,,2025_q4_task46_56_era
ISRG,2025-11-20,2.975772159902034,0.9142857142857143,SHORT,2025-11-21,2025-11-21 14:30:00+00:00,551.165,2025-11-25,2025-11-25 20:59:00+00:00,578.61,-4.979452614008519,True,,2025_q4_task46_56_era
MDLZ,2025-11-20,2.312578759160719,0.8571428571428571,SHORT,2025-11-21,2025-11-21 14:30:00+00:00,53.85,2025-11-25,2025-11-25 20:59:00+00:00,54.59,-1.3741875580315728,True,,2025_q4_task46_56_era
REGN,2025-11-20,6.743799329384832,1.0,SHORT,2025-11-21,2025-11-21 14:30:00+00:00,733.17,2025-11-25,2025-11-25 20:59:00+00:00,784.34,-6.979281749116859,True,,2025_q4_task46_56_era
TXN,2025-11-20,0.9733972609567902,0.8,SHORT,2025-11-21,2025-11-21 14:30:00+00:00,151.2,2025-11-25,2025-11-25 20:59:00+00:00,159.06,-5.1984126984127075,True,,2025_q4_task46_56_era
AAPL,2025-11-21,1.6861537684936878,0.8285714285714286,SHORT,2025-11-24,2025-11-24 14:30:00+00:00,270.41,2025-11-26,2025-11-26 20:59:00+00:00,276.72,-2.3334935838171673,True,,2025_q4_task46_56_era
GOOGL,2025-11-21,5.5947934153681205,1.0,SHORT,2025-11-24,2025-11-24 14:30:00+00:00,310.32,2025-11-26,2025-11-26 20:59:00+00:00,319.18,-2.8551172982727553,True,,2025_q4_task46_56_era
INTU,2025-11-21,2.167105179965572,0.8571428571428571,SHORT,2025-11-24,2025-11-24 14:30:00+00:00,659.19,2025-11-26,2025-11-26 20:59:00+00:00,623.17,5.464281921752468,True,,2025_q4_task46_56_era
ISRG,2025-11-21,2.9172286163001613,0.9428571428571428,SHORT,2025-11-24,2025-11-24 14:30:00+00:00,562.94,2025-11-26,2025-11-26 20:59:00+00:00,574.21,-2.0019895548371016,True,,2025_q4_task46_56_era
MDLZ,2025-11-21,2.4488152628550135,0.8857142857142857,SHORT,2025-11-24,2025-11-24 14:30:00+00:00,55.04,2025-11-26,2025-11-26 20:59:00+00:00,55.22,-0.3270348837209297,True,,2025_q4_task46_56_era
REGN,2025-11-21,4.38168750127202,0.9714285714285714,SHORT,2025-11-24,2025-11-24 14:30:00+00:00,756.12,2025-11-26,2025-11-26 20:59:00+00:00,781.43,-3.3473522721261104,True,,2025_q4_task46_56_era
SBUX,2025-11-21,2.6082341818714943,0.9142857142857143,SHORT,2025-11-24,2025-11-24 14:30:00+00:00,83.74,2025-11-26,2025-11-26 20:59:00+00:00,85.15,-1.6837831382851813,True,,2025_q4_task46_56_era
TXN,2025-11-21,1.4758068310717487,0.8,SHORT,2025-11-24,2025-11-24 14:30:00+00:00,157.28,2025-11-26,2025-11-26 20:59:00+00:00,162.58,-3.369786368260434,True,,2025_q4_task46_56_era
AAPL,2025-11-24,1.7836140902850426,0.8,SHORT,2025-11-25,2025-11-25 14:30:00+00:00,274.52,2025-11-28,2025-11-28 20:59:00+00:00,277.69,-1.1547428238379776,True,,2025_q4_task46_56_era
META,2025-11-24,2.9104513638048863,0.8857142857142857,SHORT,2025-11-25,2025-11-25 14:30:00+00:00,621.9,2025-11-28,2025-11-28 20:59:00+00:00,645.5,-3.7948223187007595,True,,2025_q4_task46_56_era
TSLA,2025-11-24,2.3960515512878944,0.8571428571428571,SHORT,2025-11-25,2025-11-25 14:30:00+00:00,414.5,2025-11-28,2025-11-28 20:59:00+00:00,430.15,-3.7756332931242405,True,,2025_q4_task46_56_era
GOOGL,2025-11-24,7.807639293171438,1.0,SHORT,2025-11-25,2025-11-25 14:30:00+00:00,325.36,2025-11-28,2025-11-28 20:59:00+00:00,319.42,1.8256700270469626,True,,2025_q4_task46_56_era
ADI,2025-11-24,2.13785238167095,0.8285714285714286,SHORT,2025-11-25,2025-11-25 14:30:00+00:00,227.75,2025-11-28,2025-11-28 20:20:00+00:00,262.15,-15.104281009879244,True,,2025_q4_task46_56_era
AVGO,2025-11-24,5.638578684574229,0.9428571428571428,SHORT,2025-11-25,2025-11-25 14:30:00+00:00,382.17,2025-11-28,2025-11-28 20:59:00+00:00,398.04,-4.152602245074183,True,,2025_q4_task46_56_era
BKNG,2025-11-24,2.9826081966487137,0.9142857142857143,SHORT,2025-11-25,2025-11-25 14:30:00+00:00,193.53,2025-11-28,2025-11-28 19:38:00+00:00,194.71,-0.609724590502768,True,,2025_q4_task46_56_era
REGN,2025-11-24,7.578334246974625,0.9714285714285714,SHORT,2025-11-25,2025-11-25 14:30:00+00:00,761.93,2025-11-28,2025-11-28 20:00:00+00:00,777.08,-1.9883716351895964,True,,2025_q4_task46_56_era
META,2025-11-25,4.529361960920587,0.8,SHORT,2025-11-26,2025-11-26 14:30:00+00:00,635.28,2025-12-01,2025-12-01 20:59:00+00:00,638.72,-0.5414935146707051,True,,2025_q4_task46_56_era
GOOGL,2025-11-25,8.225590165443421,0.9714285714285714,SHORT,2025-11-26,2025-11-26 14:30:00+00:00,319.85,2025-12-01,2025-12-01 20:59:00+00:00,314.27,1.744567766140391,True,,2025_q4_task46_56_era
STX,2025-11-25,5.54221664829011,0.8571428571428571,SHORT,2025-11-26,2025-11-26 14:30:00+00:00,263.11,2025-12-01,2025-12-01 20:59:00+00:00,268.52,-2.0561742237087026,True,,2025_q4_task46_56_era
ADI,2025-11-25,8.43898326094411,1.0,SHORT,2025-11-26,2025-11-26 14:30:00+00:00,252.22,2025-12-01,2025-12-01 20:59:00+00:00,263.2,-4.353342320196649,True,,2025_q4_task46_56_era
AMAT,2025-11-25,6.604882844761735,0.8857142857142857,SHORT,2025-11-26,2025-11-26 14:30:00+00:00,241.97,2025-12-01,2025-12-01 20:59:00+00:00,253.91,-4.934496011902301,True,,2025_q4_task46_56_era
AVGO,2025-11-25,7.512360891724081,0.9142857142857143,SHORT,2025-11-26,2025-11-26 14:30:00+00:00,382.63,2025-12-01,2025-12-01 20:59:00+00:00,383.22,-0.1541959595431701,True,,2025_q4_task46_56_era
LRCX,2025-11-25,5.391844366931632,0.8285714285714286,SHORT,2025-11-26,2025-11-26 14:30:00+00:00,152.16,2025-12-01,2025-12-01 20:59:00+00:00,154.03,-1.228969505783389,True,,2025_q4_task46_56_era
MU,2025-11-25,8.079080374423533,0.9428571428571428,SHORT,2025-11-26,2025-11-26 14:30:00+00:00,229.36,2025-12-01,2025-12-01 20:59:00+00:00,240.21,-4.730554586675965,True,,2025_q4_task46_56_era
TSLA,2025-11-26,5.902303866868369,0.8571428571428571,SHORT,2025-11-28,2025-11-28 14:30:00+00:00,426.55,2025-12-02,2025-12-02 20:59:00+00:00,429.01,-0.5767201969288429,True,,2025_q4_task46_56_era
GOOGL,2025-11-26,3.642233099387053,0.8,SHORT,2025-11-28,2025-11-28 14:30:00+00:00,322.57,2025-12-02,2025-12-02 20:59:00+00:00,314.92,2.3715782620826418,True,,2025_q4_task46_56_era
STX,2025-11-26,11.524502464295178,0.9714285714285714,SHORT,2025-11-28,2025-11-28 14:30:00+00:00,273.39,2025-12-02,2025-12-02 20:59:00+00:00,265.15,3.014009290756798,True,,2025_q4_task46_56_era
ADI,2025-11-26,7.912848153084532,0.8857142857142857,SHORT,2025-11-28,2025-11-28 14:30:00+00:00,256.72,2025-12-02,2025-12-02 20:59:00+00:00,269.68,-5.048301651604853,True,,2025_q4_task46_56_era
AMAT,2025-11-26,8.45844142507818,0.9428571428571428,SHORT,2025-11-28,2025-11-28 14:30:00+00:00,249.18,2025-12-02,2025-12-02 20:59:00+00:00,264.5,-6.148165984428924,True,,2025_q4_task46_56_era
AVGO,2025-11-26,13.700496504008509,1.0,SHORT,2025-11-28,2025-11-28 14:30:00+00:00,396.35,2025-12-02,2025-12-02 20:59:00+00:00,378.65,4.465749968462229,True,,2025_q4_task46_56_era
LRCX,2025-11-26,5.715995786780855,0.8285714285714286,SHORT,2025-11-28,2025-11-28 14:30:00+00:00,155.48,2025-12-02,2025-12-02 20:59:00+00:00,157.48,-1.2863390789812195,True,,2025_q4_task46_56_era
MU,2025-11-26,7.924456079897988,0.9142857142857143,SHORT,2025-11-28,2025-11-28 14:30:00+00:00,235.38,2025-12-02,2025-12-02 20:59:00+00:00,239.27,-1.652646783923874,True,,2025_q4_task46_56_era
META,2025-11-28,3.4355071619315147,0.8285714285714286,SHORT,2025-12-01,2025-12-01 14:30:00+00:00,637.39,2025-12-03,2025-12-03 20:59:00+00:00,637.58,-0.02980906509359334,True,,2025_q4_task46_56_era
STX,2025-11-28,7.078994064985922,0.9428571428571428,SHORT,2025-12-01,2025-12-01 14:30:00+00:00,270.5,2025-12-03,2025-12-03 20:59:00+00:00,257.16,4.931608133086867,True,,2025_q4_task46_56_era
ADI,2025-11-28,8.681821009228706,0.9714285714285714,SHORT,2025-12-01,2025-12-01 14:30:00+00:00,259.1,2025-12-03,2025-12-03 20:59:00+00:00,274.65,-6.001543805480491,True,,2025_q4_task46_56_era
AMAT,2025-11-28,7.002817946910598,0.9142857142857143,SHORT,2025-12-01,2025-12-01 14:30:00+00:00,248.95,2025-12-03,2025-12-03 20:59:00+00:00,267.77,-7.559750954006826,True,,2025_q4_task46_56_era
AVGO,2025-11-28,3.9446722476910265,0.8857142857142857,SHORT,2025-12-01,2025-12-01 14:30:00+00:00,391.95,2025-12-03,2025-12-03 20:59:00+00:00,377.81,3.607603010588082,True,,2025_q4_task46_56_era
INTC,2025-11-28,11.908972708628983,1.0,SHORT,2025-12-01,2025-12-01 14:30:00+00:00,39.86,2025-12-03,2025-12-03 20:59:00+00:00,43.755,-9.771700953336685,True,,2025_q4_task46_56_era
MU,2025-11-28,3.670436909359852,0.8571428571428571,SHORT,2025-12-01,2025-12-01 14:30:00+00:00,232.06,2025-12-03,2025-12-03 20:59:00+00:00,233.96,-0.8187537705765774,True,,2025_q4_task46_56_era
SBUX,2025-11-28,2.736090888066969,0.8,SHORT,2025-12-01,2025-12-01 14:30:00+00:00,84.67,2025-12-03,2025-12-03 20:59:00+00:00,85.56,-1.051139718908705,True,,2025_q4_task46_56_era
AMD,2025-12-01,5.8321232689690365,0.9428571428571428,SHORT,2025-12-02,2025-12-02 14:30:00+00:00,221.79,2025-12-04,2025-12-04 20:59:00+00:00,215.98,2.6195951124938017,True,,2025_q4_task46_56_era
STX,2025-12-01,2.3064005820980333,0.8,SHORT,2025-12-02,2025-12-02 14:30:00+00:00,271.31,2025-12-04,2025-12-04 20:59:00+00:00,264.06,2.6722199697762705,True,,2025_q4_task46_56_era
ADI,2025-12-01,4.956574147625945,0.9142857142857143,SHORT,2025-12-02,2025-12-02 14:30:00+00:00,264.88,2025-12-04,2025-12-04 20:59:00+00:00,273.89,-3.4015403201449677,True,,2025_q4_task46_56_era
AMAT,2025-12-01,4.332392669565542,0.8857142857142857,SHORT,2025-12-02,2025-12-02 14:30:00+00:00,254.72,2025-12-04,2025-12-04 20:59:00+00:00,268.59,-5.445194723618081,True,,2025_q4_task46_56_era
INTC,2025-12-01,11.019819174548903,1.0,SHORT,2025-12-02,2025-12-02 14:30:00+00:00,40.42,2025-12-04,2025-12-04 20:59:00+00:00,40.515,-0.2350321622958903,True,,2025_q4_task46_56_era
MU,2025-12-01,6.303421773306122,0.9714285714285714,SHORT,2025-12-02,2025-12-02 14:30:00+00:00,238.64,2025-12-04,2025-12-04 20:59:00+00:00,226.42,5.120683875293329,True,,2025_q4_task46_56_era
NFLX,2025-12-01,3.9173274356909844,0.8571428571428571,SHORT,2025-12-02,2025-12-02 14:30:00+00:00,109.205,2025-12-04,2025-12-04 20:59:00+00:00,103.21,5.48967538116387,True,,2025_q4_task46_56_era
TXN,2025-12-01,3.205708509414275,0.8285714285714286,SHORT,2025-12-02,2025-12-02 14:30:00+00:00,166.11,2025-12-04,2025-12-04 20:59:00+00:00,177.17,-6.65823851664558,True,,2025_q4_task46_56_era
AAPL,2025-12-02,2.8826298133499666,0.8,SHORT,2025-12-03,2025-12-03 14:30:00+00:00,285.42,2025-12-05,2025-12-05 20:59:00+00:00,278.04,2.585663233130122,True,,2025_q4_task46_56_era
ADI,2025-12-02,5.654993313162121,0.9142857142857143,SHORT,2025-12-03,2025-12-03 14:30:00+00:00,270.91,2025-12-05,2025-12-05 20:59:00+00:00,277.74,-2.521132479421204,True,,2025_q4_task46_56_era
AMAT,2025-12-02,5.956982113381044,0.9714285714285714,SHORT,2025-12-03,2025-12-03 14:30:00+00:00,264.19,2025-12-05,2025-12-05 20:59:00+00:00,266.92,-1.0333472122336267,True,,2025_q4_task46_56_era
BKNG,2025-12-02,4.226121716312905,0.8857142857142857,SHORT,2025-12-03,2025-12-03 14:30:00+00:00,201.87,2025-12-05,2025-12-05 20:59:00+00:00,206.28,-2.1845742309407026,True,,2025_q4_task46_56_era
INTC,2025-12-02,17.962790447148457,1.0,SHORT,2025-12-03,2025-12-03 14:30:00+00:00,43.385,2025-12-05,2025-12-05 20:59:00+00:00,41.41,4.552264607583269,True,,2025_q4_task46_56_era
MU,2025-12-02,3.7492057278241777,0.8571428571428571,SHORT,2025-12-03,2025-12-03 14:30:00+00:00,236.26,2025-12-05,2025-12-05 20:59:00+00:00,236.92,-0.27935325488868057,True,,2025_q4_task46_56_era
QCOM,2025-12-02,3.0722772132005387,0.8285714285714286,SHORT,2025-12-03,2025-12-03 14:30:00+00:00,167.41,2025-12-05,2025-12-05 20:59:00+00:00,172.11,-2.80747864524223,True,,2025_q4_task46_56_era
TXN,2025-12-02,5.7125622546422035,0.9428571428571428,SHORT,2025-12-03,2025-12-03 14:30:00+00:00,173.89,2025-12-05,2025-12-05 20:59:00+00:00,179.53,-3.243429754442472,True,,2025_q4_task46_56_era
