symbol,decision_day,change,category,raw_gross,all_gross,raw_rank,all_rank,delta
AAPL,2025-02-12,PRICE_OR_PNL_CHANGED,DIRECT_CORPORATE_ACTION,-3.1868642100375717,-3.1895014015119303,0.8857142857142857,0.8857142857142857,-0.002637191474358591
AAPL,2025-02-13,PRICE_OR_PNL_CHANGED,DIRECT_CORPORATE_ACTION,-1.525641557149363,-1.5224826895803691,0.9428571428571428,0.9428571428571428,0.0031588675689937507
AAPL,2025-02-14,PRICE_OR_PNL_CHANGED,OTHER_EXPLAINED,-0.700389105058369,-0.7005686969422307,0.8285714285714286,0.8285714285714286,-0.0001795918838616295
AAPL,2025-02-24,PRICE_OR_PNL_CHANGED,OTHER_EXPLAINED_CENT_ROUNDING,4.278225806451618,4.276209023044463,0.8285714285714286,0.8285714285714286,-0.002016783407155387
AAPL,2025-02-25,PRICE_OR_PNL_CHANGED,OTHER_EXPLAINED_CENT_ROUNDING,1.0393649234798232,1.0416237803120643,0.8285714285714286,0.8285714285714286,0.0022588568322410296
AAPL,2025-06-20,PRICE_OR_PNL_CHANGED,OTHER_EXPLAINED,-0.004960563520011362,-0.0049845479015008,0.8857142857142857,0.8857142857142857,-2.3984381489437594e-05
AAPL,2025-06-23,PRICE_OR_PNL_CHANGED,OTHER_EXPLAINED_CENT_ROUNDING,0.8144528357766946,0.8183711933339974,0.9142857142857143,0.9142857142857143,0.003918357557302854
AAPL,2025-07-01,PRICE_OR_PNL_CHANGED,OTHER_EXPLAINED_CENT_ROUNDING,-0.454567204172443,-0.4567746898740345,0.9142857142857143,0.9142857142857143,-0.002207485701591516
AAPL,2025-07-02,PRICE_OR_PNL_CHANGED,OTHER_EXPLAINED_CENT_ROUNDING,0.9595888150139089,0.9618573797678279,0.9714285714285714,0.9714285714285714,0.0022685647539190112
AAPL,2025-07-03,PRICE_OR_PNL_CHANGED,OTHER_EXPLAINED_CENT_ROUNDING,0.7615644979315553,0.7652338214454304,0.9428571428571428,0.9428571428571428,0.0036693235138750557
AAPL,2025-11-20,PRICE_OR_PNL_CHANGED,OTHER_EXPLAINED,-4.117470106038952,-4.117336550788009,0.8285714285714286,0.8285714285714286,0.00013355525094294052
AAPL,2025-11-21,PRICE_OR_PNL_CHANGED,OTHER_EXPLAINED_CENT_ROUNDING,-2.330813203024175,-2.3334935838171673,0.8285714285714286,0.8285714285714286,-0.002680380792992487
AAPL,2025-11-24,PRICE_OR_PNL_CHANGED,OTHER_EXPLAINED,-1.1552294111236265,-1.1547428238379776,0.8,0.8,0.00048658728564898723
AAPL,2025-12-02,PRICE_OR_PNL_CHANGED,OTHER_EXPLAINED,2.5856044723969176,2.585663233130122,0.8,0.8,5.876073320454367e-05
AAPL,2026-07-01,PRICE_OR_PNL_CHANGED,OTHER_EXPLAINED_CENT_ROUNDING,-5.616564104307613,-5.614536545528788,0.8285714285714286,0.8285714285714286,0.0020275587788249894
AAPL,2026-07-02,PRICE_OR_PNL_CHANGED,OTHER_EXPLAINED_CENT_ROUNDING,-1.966017837380367,-1.964425332290862,1.0,1.0,0.0015925050895049253
AAPL,2026-07-06,PRICE_OR_PNL_CHANGED,OTHER_EXPLAINED,-0.2791081226807052,-0.2793473430258382,0.9714285714285714,0.9714285714285714,-0.0002392203451330177
AAPL,2026-07-07,PRICE_OR_PNL_CHANGED,OTHER_EXPLAINED,-1.0964380750857567,-1.097420100115523,0.9142857142857143,0.9142857142857143,-0.000982025029766298
AAPL,2026-07-15,PRICE_OR_PNL_CHANGED,OTHER_EXPLAINED,0.47220106626047564,0.4726042016038086,0.8857142857142857,0.8857142857142857,0.0004031353433329721
AAPL,2026-07-16,PRICE_OR_PNL_CHANGED,OTHER_EXPLAINED_CENT_ROUNDING,1.378812054068712,1.3770037362902232,0.9142857142857143,0.9142857142857143,-0.0018083177784888882
AAPL,2026-07-17,PRICE_OR_PNL_CHANGED,OTHER_EXPLAINED,2.2893209996851596,2.289778524698413,0.9428571428571428,0.9428571428571428,0.000457525013253246
AAPL,2026-07-24,PRICE_OR_PNL_CHANGED,OTHER_EXPLAINED,-0.913460103286666,-0.9142515685688684,0.8857142857142857,0.8857142857142857,-0.0007914652822023083
AAPL,2026-07-27,PRICE_OR_PNL_CHANGED,OTHER_EXPLAINED_CENT_ROUNDING,1.84629858293643,1.847874062086223,0.8571428571428571,0.8571428571428571,0.0015754791497930576
AAPL,2026-07-28,PRICE_OR_PNL_CHANGED,OTHER_EXPLAINED_CENT_ROUNDING,9.012483806383234,9.014292028878748,0.8,0.8,0.0018082224955140447
ADBE,2025-02-10,NONE,UNCHANGED,,,,,0.0
ADBE,2025-02-11,NONE,UNCHANGED,,,,,0.0
ADBE,2025-02-12,NONE,UNCHANGED,,,,,0.0
ADBE,2025-03-04,NONE,UNCHANGED,,,,,0.0
ADBE,2025-03-05,NONE,UNCHANGED,,,,,0.0
ADBE,2025-03-06,NONE,UNCHANGED,,,,,0.0
ADBE,2025-06-05,NONE,UNCHANGED,,,,,0.0
ADBE,2026-05-20,NONE,UNCHANGED,,,,,0.0
ADBE,2026-05-29,NONE,UNCHANGED,,,,,0.0
ADBE,2026-06-01,NONE,UNCHANGED,,,,,0.0
ADBE,2026-06-02,NONE,UNCHANGED,,,,,0.0
ADBE,2026-06-30,NONE,UNCHANGED,,,,,0.0
ADBE,2026-07-02,NONE,UNCHANGED,,,,,0.0
ADBE,2026-07-06,NONE,UNCHANGED,,,,,0.0
ADBE,2026-07-07,NONE,UNCHANGED,,,,,0.0
ADBE,2026-07-13,NONE,UNCHANGED,,,,,0.0
ADBE,2026-07-17,NONE,UNCHANGED,,,,,0.0
ADBE,2026-07-20,NONE,UNCHANGED,,,,,0.0
ADBE,2026-07-27,NONE,UNCHANGED,,,,,0.0
ADBE,2026-07-28,NONE,UNCHANGED,,,,,0.0
ADBE,2026-07-29,NONE,UNCHANGED,,,,,0.0
ADBE,2026-07-30,NONE,UNCHANGED,,,,,0.0
ADBE,2026-08-07,NONE,UNCHANGED,,,,,0.0
ADBE,2026-08-10,NONE,UNCHANGED,,,,,0.0
ADI,2025-02-13,PRICE_OR_PNL_CHANGED,OTHER_EXPLAINED,-14.423031393531897,-14.423076923076932,0.8,0.8,-4.5529545035449814e-05
ADI,2025-02-14,PRICE_OR_PNL_CHANGED,OTHER_EXPLAINED_CENT_ROUNDING,-12.097107913007495,-12.100348957842117,0.8857142857142857,0.8857142857142857,-0.0032410448346222864
ADI,2025-02-18,PRICE_OR_PNL_CHANGED,OTHER_EXPLAINED_CENT_ROUNDING,-3.9549251653324067,-3.953415733345225,0.9428571428571428,0.9428571428571428,0.0015094319871815642
ADI,2025-02-19,PRICE_OR_PNL_CHANGED,OTHER_EXPLAINED_CENT_ROUNDING,2.7017039622254204,2.6992883311576183,1.0,1.0,-0.002415631067802071
ADI,2025-02-20,PRICE_OR_PNL_CHANGED,OTHER_EXPLAINED,3.8949904054219657,3.894146218909632,1.0,1.0,-0.0008441865123338665
ADI,2025-02-21,PRICE_OR_PNL_CHANGED,OTHER_EXPLAINED_CENT_ROUNDING,2.7301481604794415,2.7316573477314465,1.0,1.0,0.0015091872520049954
ADI,2025-03-04,NEWLY_SELECTED,DIRECT_CORPORATE_ACTION,,0.588816972312119,0.7428571428571429,0.8571428571428571,0.588816972312119
ADI,2025-06-10,PRICE_OR_PNL_CHANGED,OTHER_EXPLAINED_CENT_ROUNDING,3.8617625699517246,3.8646923444352796,0.8,0.8,0.0029297744835550255
ADI,2025-06-11,PRICE_OR_PNL_CHANGED,OTHER_EXPLAINED_CENT_ROUNDING,-0.11661555737917774,-0.1141502392764591,0.8,0.8,0.0024653181027186333
ADI,2025-06-18,PRICE_OR_PNL_CHANGED,OTHER_EXPLAINED,-1.4045610477032926,-1.403631897534879,0.8,0.8,0.0009291501684136616
ADI,2025-07-03,PRICE_OR_PNL_CHANGED,OTHER_EXPLAINED_CENT_ROUNDING,0.8782320983619973,0.8761366939334856,0.8285714285714286,0.8285714285714286,-0.002095404428511749
ADI,2025-11-12,PRICE_OR_PNL_CHANGED,OTHER_EXPLAINED,4.022700717743276,4.0223086023322665,0.9428571428571428,0.9428571428571428,-0.00039211541100936387
ADI,2025-11-13,PRICE_OR_PNL_CHANGED,OTHER_EXPLAINED,1.725095008326569,1.7250324254215343,0.8285714285714286,0.8285714285714286,-6.258290503469155e-05
ADI,2025-11-24,PRICE_OR_PNL_CHANGED,OTHER_EXPLAINED_CENT_ROUNDING,-15.103165654813541,-15.104281009879244,0.8285714285714286,0.8285714285714286,-0.0011153550657034828
ADI,2025-11-25,PRICE_OR_PNL_CHANGED,OTHER_EXPLAINED_CENT_ROUNDING,-4.354466068841291,-4.353342320196649,1.0,1.0,0.001123748644642042
ADI,2025-11-26,PRICE_OR_PNL_CHANGED,OTHER_EXPLAINED,-5.047512791905515,-5.048301651604853,0.8857142857142857,0.8857142857142857,-0.0007888596993383956
ADI,2025-11-28,PRICE_OR_PNL_CHANGED,OTHER_EXPLAINED_CENT_ROUNDING,-6.003659373332317,-6.001543805480491,0.9714285714285714,0.9714285714285714,0.0021155678518258725
ADI,2025-12-01,PRICE_OR_PNL_CHANGED,OTHER_EXPLAINED_CENT_ROUNDING,-3.4043029195719434,-3.4015403201449677,0.9142857142857143,0.9142857142857143,0.0027625994269757648
ADI,2025-12-02,PRICE_OR_PNL_CHANGED,OTHER_EXPLAINED_CENT_ROUNDING,-2.5191396281443557,-2.521132479421204,0.9142857142857143,0.9142857142857143,-0.0019928512768485618
ADI,2026-05-27,PRICE_OR_PNL_CHANGED,OTHER_EXPLAINED,3.4175120512267068,3.4179993728441556,0.9142857142857143,0.9142857142857143,0.0004873216174487993
ADI,2026-05-28,PRICE_OR_PNL_CHANGED,DIRECT_CORPORATE_ACTION,0.09446215609870759,-0.17814303698249448,0.9142857142857143,0.9142857142857143,-0.27260519308120207
ADI,2026-06-03,PRICE_OR_PNL_CHANGED,DIRECT_CORPORATE_ACTION,5.80551862477551,5.806798774068267,0.8285714285714286,0.8285714285714286,0.0012801492927572156
ADI,2026-06-04,PRICE_OR_PNL_CHANGED,DIRECT_CORPORATE_ACTION,3.537629025721717,3.5388073262876025,0.9142857142857143,0.9142857142857143,0.001178300565885415
ADI,2026-06-18,PRICE_OR_PNL_CHANGED,OTHER_EXPLAINED_CENT_ROUNDING,5.626499143346658,5.625315063470971,0.8,0.8,-0.0011840798756868054
ADI,2026-06-22,PRICE_OR_PNL_CHANGED,OTHER_EXPLAINED_CENT_ROUNDING,1.9498345808207613,1.9510473052482853,0.8,0.8,0.001212724427523959
ADI,2026-07-08,PRICE_OR_PNL_CHANGED,OTHER_EXPLAINED,2.3913043478260962,2.3909736308316303,0.8,0.8,-0.0003307169944659627
ADI,2026-08-07,PRICE_OR_PNL_CHANGED,OTHER_EXPLAINED,1.9413760555116237,1.9421699078812773,0.8,0.8,0.0007938523696535693
AMAT,2025-02-20,PRICE_OR_PNL_CHANGED,DIRECT_CORPORATE_ACTION,6.033944485440198,6.033295063145805,0.8,0.8,-0.0006494222943933536
AMAT,2025-06-05,PRICE_OR_PNL_CHANGED,OTHER_EXPLAINED_CENT_ROUNDING,-4.844937854470858,-4.843027500608408,0.9142857142857143,0.9142857142857143,0.001910353862450087
AMAT,2025-06-06,PRICE_OR_PNL_CHANGED,OTHER_EXPLAINED,-2.9308393399654418,-2.9314591217636785,0.8,0.8,-0.0006197817982367404
AMAT,2025-06-09,PRICE_OR_PNL_CHANGED,OTHER_EXPLAINED_CENT_ROUNDING,-2.673232500879337,-2.6720264838023233,0.9142857142857143,0.8571428571428571,0.0012060170770138434
AMAT,2025-06-12,PRICE_OR_PNL_CHANGED,OTHER_EXPLAINED_CENT_ROUNDING,-1.6820464898960374,-1.6844337122327664,0.8285714285714286,0.8285714285714286,-0.0023872223367289447
AMAT,2025-06-16,PRICE_OR_PNL_CHANGED,OTHER_EXPLAINED_CENT_ROUNDING,3.8171402643071803,3.814916495081226,0.8571428571428571,0.8571428571428571,-0.002223769225954353
AMAT,2025-06-24,PRICE_OR_PNL_CHANGED,OTHER_EXPLAINED_CENT_ROUNDING,-0.9926105657880132,-0.9898237224044938,0.8,0.8,0.0027868433835194217
AMAT,2025-06-25,PRICE_OR_PNL_CHANGED,OTHER_EXPLAINED,0.08734101206397543,0.08807662666519685,0.9714285714285714,0.9714285714285714,0.0007356146012214154
AMAT,2025-06-26,PRICE_OR_PNL_CHANGED,OTHER_EXPLAINED_CENT_ROUNDING,0.3362620674693592,0.33362502734632116,0.9428571428571428,0.9428571428571428,-0.002637040123038059
AMAT,2025-07-02,PRICE_OR_PNL_CHANGED,OTHER_EXPLAINED,-3.0874966957441203,-3.086847576904633,0.8285714285714286,0.8285714285714286,0.0006491188394872616
AMAT,2025-07-03,PRICE_OR_PNL_CHANGED,OTHER_EXPLAINED,-3.2116634092229592,-3.2120598732221817,1.0,1.0,-0.0003964639992224406
AMAT,2025-07-07,PRICE_OR_PNL_CHANGED,OTHER_EXPLAINED_CENT_ROUNDING,-3.062950529575569,-3.06513409961686,1.0,1.0,-0.002183570041291105
AMAT,2025-07-08,PRICE_OR_PNL_CHANGED,OTHER_EXPLAINED,-1.2119042749028455,-1.2117774454700119,0.9428571428571428,0.9428571428571428,0.00012682943283359727
AMAT,2025-10-31,PRICE_OR_PNL_CHANGED,OTHER_EXPLAINED_CENT_ROUNDING,-2.176772605762305,-2.1803131800145006,0.9142857142857143,0.9142857142857143,-0.003540574252195672
AMAT,2025-11-05,PRICE_OR_PNL_CHANGED,OTHER_EXPLAINED,2.298420615128845,2.29856235372785,0.9142857142857143,0.9142857142857143,0.00014173859900523667
AMAT,2025-11-18,PRICE_OR_PNL_CHANGED,DIRECT_CORPORATE_ACTION,1.8150729975009927,1.62669723152883,0.8857142857142857,0.8857142857142857,-0.18837576597216277
AMAT,2025-11-19,PRICE_OR_PNL_CHANGED,DIRECT_CORPORATE_ACTION,3.056640214972499,3.0549469071296143,0.9714285714285714,0.9714285714285714,-0.0016933078428849058
AMAT,2025-11-25,PRICE_OR_PNL_CHANGED,DIRECT_CORPORATE_ACTION,-4.933904377548076,-4.934496011902301,0.8857142857142857,0.8857142857142857,-0.0005916343542242686
AMAT,2025-11-26,PRICE_OR_PNL_CHANGED,OTHER_EXPLAINED_CENT_ROUNDING,-6.1462790418682784,-6.148165984428924,0.9428571428571428,0.9428571428571428,-0.001886942560645366
AMAT,2025-11-28,PRICE_OR_PNL_CHANGED,OTHER_EXPLAINED_CENT_ROUNDING,-7.556836375280189,-7.559750954006826,0.9142857142857143,0.9142857142857143,-0.0029145787266369183
AMAT,2025-12-01,PRICE_OR_PNL_CHANGED,OTHER_EXPLAINED_CENT_ROUNDING,-5.44743276283619,-5.445194723618081,0.8857142857142857,0.8857142857142857,0.002238039218108945
AMAT,2025-12-02,PRICE_OR_PNL_CHANGED,OTHER_EXPLAINED,-1.0334552860860744,-1.0333472122336267,0.9714285714285714,0.9714285714285714,0.00010807385244770984
AMAT,2026-05-21,PRICE_OR_PNL_CHANGED,DIRECT_CORPORATE_ACTION,-3.1990698638179285,-3.199041209551027,0.8,0.8,2.8654266901462222e-05
AMAT,2026-05-26,PRICE_OR_PNL_CHANGED,DIRECT_CORPORATE_ACTION,2.337330066564032,2.337645424552882,0.8285714285714286,0.8285714285714286,0.0003153579888497404
AMAT,2026-05-28,PRICE_OR_PNL_CHANGED,OTHER_EXPLAINED,-8.307549504950488,-8.307522123893808,0.8,0.8,2.738105668065316e-05
AMAT,2026-06-02,PRICE_OR_PNL_CHANGED,OTHER_EXPLAINED,7.150322778973253,7.1497445787087415,0.9142857142857143,0.9142857142857143,-0.000578200264511608
AMAT,2026-06-03,PRICE_OR_PNL_CHANGED,OTHER_EXPLAINED,-1.3990192442411549,-1.3984571593581183,1.0,1.0,0.000562084883036551
AMAT,2026-06-04,PRICE_OR_PNL_CHANGED,OTHER_EXPLAINED,-4.133747472431269,-4.133973288814691,0.9714285714285714,0.9714285714285714,-0.00022581638342256127
AMAT,2026-06-10,PRICE_OR_PNL_CHANGED,OTHER_EXPLAINED,-12.107400030641955,-12.106978527607357,0.9714285714285714,0.9714285714285714,0.00042150303459820293
AMAT,2026-06-11,PRICE_OR_PNL_CHANGED,OTHER_EXPLAINED,-3.574423097954871,-3.5746218272722357,0.9714285714285714,0.9714285714285714,-0.0001987293173648652
AMAT,2026-06-12,PRICE_OR_PNL_CHANGED,OTHER_EXPLAINED,-0.6455717678995697,-0.6454133192927745,0.9714285714285714,0.9428571428571428,0.0001584486067952584
AMAT,2026-06-15,PRICE_OR_PNL_CHANGED,OTHER_EXPLAINED,-6.252476697506948,-6.252263750668346,0.8571428571428571,0.8285714285714286,0.00021294683860162422
AMAT,2026-06-17,PRICE_OR_PNL_CHANGED,OTHER_EXPLAINED_CENT_ROUNDING,5.7447219361483075,5.745996971551913,0.9428571428571428,0.9428571428571428,0.0012750354036050737
AMAT,2026-06-18,PRICE_OR_PNL_CHANGED,OTHER_EXPLAINED,5.943598096515606,5.943569658700336,1.0,1.0,-2.843781526973288e-05
AMAT,2026-06-22,PRICE_OR_PNL_CHANGED,OTHER_EXPLAINED,-15.11653947527089,-15.117181437218683,0.9142857142857143,0.9142857142857143,-0.0006419619477924243
AMAT,2026-06-25,PRICE_OR_PNL_CHANGED,OTHER_EXPLAINED,-12.21879408983084,-12.219462983082419,0.9714285714285714,0.9714285714285714,-0.000668893251578595
AMAT,2026-06-26,PRICE_OR_PNL_CHANGED,OTHER_EXPLAINED,-2.3218159524632918,-2.3211531803732726,0.9428571428571428,0.9428571428571428,0.0006627720900191925
AMAT,2026-06-29,PRICE_OR_PNL_CHANGED,OTHER_EXPLAINED_CENT_ROUNDING,13.481003584229386,13.479727305346245,1.0,1.0,-0.0012762788831413019
AMAT,2026-06-30,PRICE_OR_PNL_CHANGED,OTHER_EXPLAINED,11.25440414120182,11.253725531309454,0.8857142857142857,0.8857142857142857,-0.0006786098923647899
AMAT,2026-07-10,PRICE_OR_PNL_CHANGED,OTHER_EXPLAINED,0.44157316884588516,0.4420440668054037,0.9428571428571428,0.9428571428571428,0.00047089795951854585
AMAT,2026-07-14,PRICE_OR_PNL_CHANGED,OTHER_EXPLAINED_CENT_ROUNDING,13.211475409836071,13.212439484696805,0.8571428571428571,0.8571428571428571,0.0009640748607342431
AMAT,2026-07-22,PRICE_OR_PNL_CHANGED,OTHER_EXPLAINED,5.842813294108011,5.842663846238003,0.8285714285714286,0.8285714285714286,-0.00014944787000814586
AMAT,2026-07-23,PRICE_OR_PNL_CHANGED,OTHER_EXPLAINED,14.33990758886033,14.340736474568953,0.8857142857142857,0.8857142857142857,0.0008288857086231616
AMAT,2026-07-31,PRICE_OR_PNL_CHANGED,OTHER_EXPLAINED,-6.860137202744046,-6.859408160813689,0.8285714285714286,0.8285714285714286,0.0007290419303576101
AMAT,2026-08-03,PRICE_OR_PNL_CHANGED,OTHER_EXPLAINED,3.357525108129891,3.357428539977242,0.9428571428571428,0.9428571428571428,-9.656815264902363e-05
AMAT,2026-08-04,PRICE_OR_PNL_CHANGED,OTHER_EXPLAINED_CENT_ROUNDING,0.9331716815459865,0.9341669731518808,0.8285714285714286,0.8285714285714286,0.0009952916058942884
AMD,2025-02-12,NONE,UNCHANGED,,,,,0.0
AMD,2025-03-05,NONE,UNCHANGED,,,,,0.0
AMD,2025-06-16,NONE,UNCHANGED,,,,,0.0
AMD,2025-06-17,NONE,UNCHANGED,,,,,0.0
AMD,2025-06-18,NONE,UNCHANGED,,,,,0.0
AMD,2025-06-20,NONE,UNCHANGED,,,,,0.0
AMD,2025-06-23,NONE,UNCHANGED,,,,,0.0
AMD,2025-06-24,NONE,UNCHANGED,,,,,0.0
AMD,2025-06-25,NONE,UNCHANGED,,,,,0.0
AMD,2025-06-26,NONE,UNCHANGED,,,,,0.0
AMD,2025-06-27,NONE,UNCHANGED,,,,,0.0
AMD,2025-11-12,NONE,UNCHANGED,,,,,0.0
AMD,2025-11-14,NONE,UNCHANGED,,,,,0.0
AMD,2025-12-01,NONE,UNCHANGED,,,,,0.0
AMD,2026-05-20,NONE,UNCHANGED,,,,,0.0
AMD,2026-05-21,NONE,UNCHANGED,,,,,0.0
AMD,2026-05-22,NONE,UNCHANGED,,,,,0.0
AMD,2026-05-26,NONE,UNCHANGED,,,,,0.0
AMD,2026-05-27,NONE,UNCHANGED,,,,,0.0
AMD,2026-05-28,NONE,UNCHANGED,,,,,0.0
AMD,2026-06-12,NONE,UNCHANGED,,,,,0.0
AMD,2026-06-15,NONE,UNCHANGED,,,,,0.0
AMD,2026-06-16,NONE,UNCHANGED,,,,,0.0
AMD,2026-06-22,NONE,UNCHANGED,,,,,0.0
AMD,2026-06-23,NONE,UNCHANGED,,,,,0.0
AMD,2026-06-30,NONE,UNCHANGED,,,,,0.0
AMD,2026-07-10,NONE,UNCHANGED,,,,,0.0
AMD,2026-07-13,NONE,UNCHANGED,,,,,0.0
AMD,2026-07-21,NONE,UNCHANGED,,,,,0.0
AMD,2026-07-22,NONE,UNCHANGED,,,,,0.0
AMD,2026-07-23,NONE,UNCHANGED,,,,,0.0
AMD,2026-07-31,NONE,UNCHANGED,,,,,0.0
AMD,2026-08-03,NONE,UNCHANGED,,,,,0.0
AMZN,2025-06-06,NONE,UNCHANGED,,,,,0.0
AMZN,2025-06-09,NONE,UNCHANGED,,,,,0.0
AMZN,2025-06-17,NONE,UNCHANGED,,,,,0.0
AMZN,2025-06-27,NONE,UNCHANGED,,,,,0.0
AMZN,2025-10-31,NONE,UNCHANGED,,,,,0.0
AMZN,2025-11-03,NONE,UNCHANGED,,,,,0.0
AMZN,2025-11-04,NONE,UNCHANGED,,,,,0.0
AMZN,2025-11-05,NONE,UNCHANGED,,,,,0.0
AMZN,2026-07-01,NONE,UNCHANGED,,,,,0.0
AMZN,2026-07-15,NONE,UNCHANGED,,,,,0.0
AMZN,2026-07-31,NONE,UNCHANGED,,,,,0.0
AMZN,2026-08-03,NONE,UNCHANGED,,,,,0.0
AMZN,2026-08-04,NONE,UNCHANGED,,,,,0.0
AVGO,2025-02-06,PRICE_OR_PNL_CHANGED,OTHER_EXPLAINED,-0.05531914893616827,-0.056126413953888024,0.9428571428571428,0.9428571428571428,-0.0008072650177197507
AVGO,2025-02-11,PRICE_OR_PNL_CHANGED,OTHER_EXPLAINED,-1.2472295858502351,-1.247795414462074,0.8,0.8,-0.0005658286118388478
AVGO,2025-02-12,PRICE_OR_PNL_CHANGED,OTHER_EXPLAINED,3.093526705256234,3.093537561311418,0.9142857142857143,0.9142857142857143,1.0856055184138569e-05
AVGO,2025-03-07,PRICE_OR_PNL_CHANGED,OTHER_EXPLAINED_CENT_ROUNDING,-2.3997890295358713,-2.4027398726387377,0.8857142857142857,0.8857142857142857,-0.0029508431028664184
AVGO,2025-03-11,PRICE_OR_PNL_CHANGED,OTHER_EXPLAINED_CENT_ROUNDING,0.37968554901511326,0.37747556750607053,1.0,1.0,-0.0022099815090427244
AVGO,2025-06-05,PRICE_OR_PNL_CHANGED,OTHER_EXPLAINED_CENT_ROUNDING,2.600246884083941,2.602005880694408,0.9428571428571428,0.9428571428571428,0.0017589966104671895
AVGO,2025-06-12,PRICE_OR_PNL_CHANGED,OTHER_EXPLAINED_CENT_ROUNDING,0.5187756893730842,0.51669155935898,0.9714285714285714,0.9714285714285714,-0.002084130014104124
AVGO,2025-06-13,PRICE_OR_PNL_CHANGED,OTHER_EXPLAINED,-0.38386259237068615,-0.38385389308658474,0.9714285714285714,0.9714285714285714,8.699284101409965e-06
AVGO,2025-06-23,NEWLY_SELECTED,DIRECT_CORPORATE_ACTION,,-4.418532095780354,0.7142857142857143,0.8285714285714286,-4.418532095780354
AVGO,2025-06-24,PRICE_OR_PNL_CHANGED,DIRECT_CORPORATE_ACTION,-1.209934994175789,-1.2096621288536642,0.8571428571428571,0.9142857142857143,0.00027286532212489334
AVGO,2025-06-25,PRICE_OR_PNL_CHANGED,DIRECT_CORPORATE_ACTION,-4.034707158351408,-4.035481783226088,0.8857142857142857,0.8571428571428571,-0.0007746248746807183
AVGO,2025-06-26,PRICE_OR_PNL_CHANGED,OTHER_EXPLAINED_CENT_ROUNDING,2.05127256584789,2.053234778063986,0.9142857142857143,0.9142857142857143,0.0019622122160960487
AVGO,2025-06-30,PRICE_OR_PNL_CHANGED,OTHER_EXPLAINED_CENT_ROUNDING,-0.2515402282089598,-0.25016555073210467,0.8571428571428571,0.8571428571428571,0.0013746774768551573
AVGO,2025-07-07,PRICE_OR_PNL_CHANGED,OTHER_EXPLAINED,0.4122816534664158,0.4124087591240859,0.9714285714285714,0.9714285714285714,0.0001271056576701013
AVGO,2025-10-30,PRICE_OR_PNL_CHANGED,OTHER_EXPLAINED_CENT_ROUNDING,6.94818570749485,6.949211163434168,0.8857142857142857,0.8857142857142857,0.0010254559393176876
AVGO,2025-11-18,PRICE_OR_PNL_CHANGED,OTHER_EXPLAINED_CENT_ROUNDING,0.19371597129480583,0.1921996510837036,0.8285714285714286,0.8285714285714286,-0.0015163202111022345
AVGO,2025-11-19,PRICE_OR_PNL_CHANGED,OTHER_EXPLAINED_CENT_ROUNDING,-3.196721311475407,-3.195706028075974,0.9428571428571428,0.9428571428571428,0.0010152833994330202
AVGO,2025-11-20,PRICE_OR_PNL_CHANGED,OTHER_EXPLAINED,-11.573061378221395,-11.572925483786223,0.9428571428571428,0.9428571428571428,0.0001358944351714797
AVGO,2025-11-24,PRICE_OR_PNL_CHANGED,OTHER_EXPLAINED,-4.153138879509625,-4.152602245074183,0.9428571428571428,0.9428571428571428,0.0005366344354422736
AVGO,2025-11-25,PRICE_OR_PNL_CHANGED,OTHER_EXPLAINED_CENT_ROUNDING,-0.15305593026874934,-0.1541959595431701,0.9142857142857143,0.9142857142857143,-0.0011400292744207785
AVGO,2025-11-26,PRICE_OR_PNL_CHANGED,OTHER_EXPLAINED,4.46531430002504,4.465749968462229,1.0,1.0,0.0004356684371895625
AVGO,2025-11-28,PRICE_OR_PNL_CHANGED,OTHER_EXPLAINED_CENT_ROUNDING,3.606341488122375,3.607603010588082,0.8857142857142857,0.8857142857142857,0.001261522465707099
AVGO,2026-05-29,PRICE_OR_PNL_CHANGED,OTHER_EXPLAINED,-6.432410821376211,-6.432057768169564,0.8571428571428571,0.8571428571428571,0.0003530532066466918
AVGO,2026-06-01,PRICE_OR_PNL_CHANGED,OTHER_EXPLAINED_CENT_ROUNDING,14.1226380292659,14.12149378958624,0.8571428571428571,0.8571428571428571,-0.001144239679661041
AVGO,2026-06-02,PRICE_OR_PNL_CHANGED,OTHER_EXPLAINED_CENT_ROUNDING,22.03728967712596,22.038126140742246,0.9428571428571428,0.9428571428571428,0.0008364636162880856
AVGO,2026-06-03,PRICE_OR_PNL_CHANGED,OTHER_EXPLAINED,3.0098535416513856,3.0103042198233654,0.8857142857142857,0.8857142857142857,0.0004506781719797459
AVGO,2026-06-17,PRICE_OR_PNL_CHANGED,DIRECT_CORPORATE_ACTION,6.997897207687418,6.8500208542898395,0.8285714285714286,0.8285714285714286,-0.14787635339757887
AVGO,2026-06-18,PRICE_OR_PNL_CHANGED,DIRECT_CORPORATE_ACTION,7.647129909365556,7.6464891041162195,0.9142857142857143,0.9142857142857143,-0.0006408052493362959
AVGO,2026-07-08,PRICE_OR_PNL_CHANGED,OTHER_EXPLAINED,4.578900268469713,4.579753455360475,1.0,1.0,0.0008531868907617479
AVGO,2026-07-09,PRICE_OR_PNL_CHANGED,OTHER_EXPLAINED_CENT_ROUNDING,2.184899303547632,2.1863429132767456,1.0,1.0,0.0014436097291135042
AVGO,2026-07-10,PRICE_OR_PNL_CHANGED,OTHER_EXPLAINED_CENT_ROUNDING,-0.21102946784978366,-0.20886398369841905,0.8571428571428571,0.8571428571428571,0.0021654841513646106
AVGO,2026-07-21,PRICE_OR_PNL_CHANGED,OTHER_EXPLAINED,-0.4049754122071214,-0.40571157595237384,0.8857142857142857,0.8857142857142857,-0.0007361637452524272
AVGO,2026-07-22,PRICE_OR_PNL_CHANGED,OTHER_EXPLAINED_CENT_ROUNDING,2.2365602366622417,2.238062389821427,0.8857142857142857,0.8857142857142857,0.0015021531591852266
AVGO,2026-07-23,PRICE_OR_PNL_CHANGED,OTHER_EXPLAINED,1.874951676503177,1.8745158791634366,0.8,0.8,-0.000435797339740418
AVGO,2026-08-05,PRICE_OR_PNL_CHANGED,OTHER_EXPLAINED_CENT_ROUNDING,-0.3899098927747762,-0.3882338930570431,0.8857142857142857,0.8857142857142857,0.0016759997177331343
AVGO,2026-08-06,PRICE_OR_PNL_CHANGED,OTHER_EXPLAINED,3.092303031715327,3.0932648535076455,0.9428571428571428,0.9428571428571428,0.0009618217923184069
BKNG,2025-02-07,PRICE_OR_PNL_CHANGED,OTHER_EXPLAINED_CENT_ROUNDING,-1.1264006963936968,-1.1245718959259914,0.9428571428571428,0.9428571428571428,0.0018288004677053937
BKNG,2025-02-10,PRICE_OR_PNL_CHANGED,OTHER_EXPLAINED,-2.1549981005134597,-2.1554404145077704,0.9428571428571428,0.9428571428571428,-0.0004423139943106058
BKNG,2025-02-11,PRICE_OR_PNL_CHANGED,OTHER_EXPLAINED,-3.4430790870673356,-3.443433029908975,0.8571428571428571,0.8571428571428571,-0.0003539428416394763
BKNG,2025-02-26,PRICE_OR_PNL_CHANGED,OTHER_EXPLAINED_CENT_ROUNDING,1.8853218196350237,1.8866975246528477,0.9142857142857143,0.9142857142857143,0.0013757050178240249
BKNG,2025-06-27,PRICE_OR_PNL_CHANGED,OTHER_EXPLAINED_CENT_ROUNDING,0.07205343524834035,0.07531788578264849,0.9142857142857143,0.8857142857142857,0.0032644505343081415
BKNG,2025-06-30,PRICE_OR_PNL_CHANGED,OTHER_EXPLAINED,1.7558528428093676,1.756471209720025,1.0,1.0,0.0006183669106574197
BKNG,2025-11-11,PRICE_OR_PNL_CHANGED,OTHER_EXPLAINED_CENT_ROUNDING,0.09871414441146946,0.09981534161801518,0.8,0.8,0.0011011972065457232
BKNG,2025-11-12,PRICE_OR_PNL_CHANGED,OTHER_EXPLAINED,7.8410934185647,7.840953118946143,0.8857142857142857,0.8857142857142857,-0.00014029961855666073
BKNG,2025-11-13,PRICE_OR_PNL_CHANGED,OTHER_EXPLAINED_CENT_ROUNDING,5.87683134415002,5.878264323304526,0.8,0.8,0.001432979154506242
BKNG,2025-11-24,PRICE_OR_PNL_CHANGED,OTHER_EXPLAINED,-0.6101369992073742,-0.609724590502768,0.9142857142857143,0.9142857142857143,0.00041240870460623746
BKNG,2025-12-02,PRICE_OR_PNL_CHANGED,DIRECT_CORPORATE_ACTION,-1.9907833739448575,-2.1845742309407026,0.8857142857142857,0.8857142857142857,-0.19379085699584508
BKNG,2026-05-28,PRICE_OR_PNL_CHANGED,OTHER_EXPLAINED_CENT_ROUNDING,1.8086793117622786,1.8058424313956933,0.8857142857142857,0.8857142857142857,-0.0028368803665852482
BKNG,2026-06-16,PRICE_OR_PNL_CHANGED,OTHER_EXPLAINED_CENT_ROUNDING,4.077314576542572,4.075666380051582,0.9714285714285714,0.9714285714285714,-0.001648196490990017
BKNG,2026-06-17,PRICE_OR_PNL_CHANGED,OTHER_EXPLAINED,2.1487316112591266,2.1481653506734886,0.9142857142857143,0.9142857142857143,-0.0005662605856380232
BKNG,2026-06-24,PRICE_OR_PNL_CHANGED,OTHER_EXPLAINED_CENT_ROUNDING,-0.6484726399735156,-0.6472670944899402,1.0,1.0,0.001205545483575321
BKNG,2026-06-25,PRICE_OR_PNL_CHANGED,OTHER_EXPLAINED_CENT_ROUNDING,-0.4565695282114888,-0.4576788337665286,1.0,1.0,-0.0011093055550398523
BKNG,2026-06-26,PRICE_OR_PNL_CHANGED,OTHER_EXPLAINED,1.2729729729729675,1.27336765104309,1.0,1.0,0.00039467807012250056
BKNG,2026-07-15,PRICE_OR_PNL_CHANGED,OTHER_EXPLAINED_CENT_ROUNDING,2.774315903549176,2.7755146379881666,0.8285714285714286,0.8285714285714286,0.0011987344389905452
BKNG,2026-07-16,PRICE_OR_PNL_CHANGED,OTHER_EXPLAINED,2.0902690607433194,2.0898298594014952,0.9428571428571428,0.9428571428571428,-0.00043920134182418025
BKNG,2026-07-17,PRICE_OR_PNL_CHANGED,OTHER_EXPLAINED,2.446248354541454,2.44666813283483,0.9142857142857143,0.9142857142857143,0.00041977829337591643
BKNG,2026-07-27,PRICE_OR_PNL_CHANGED,OTHER_EXPLAINED_CENT_ROUNDING,-1.6571969696969575,-1.6559434658791192,0.9142857142857143,0.9142857142857143,0.0012535038178382862
BKNG,2026-07-28,PRICE_OR_PNL_CHANGED,OTHER_EXPLAINED,1.8071675829769964,1.8063989386130492,0.9714285714285714,0.9714285714285714,-0.0007686443639471907
BKNG,2026-07-29,PRICE_OR_PNL_CHANGED,OTHER_EXPLAINED,2.182741116751275,2.182872843840631,0.9714285714285714,0.9714285714285714,0.00013172708935593747
BKNG,2026-08-05,PRICE_OR_PNL_CHANGED,OTHER_EXPLAINED_CENT_ROUNDING,-2.7997682950376577,-2.801703280750988,0.8571428571428571,0.8571428571428571,-0.001934985713330395
BKNG,2026-08-06,PRICE_OR_PNL_CHANGED,OTHER_EXPLAINED_CENT_ROUNDING,-2.761017521841965,-2.7628586635699466,0.9714285714285714,0.9714285714285714,-0.0018411417279815545
BKNG,2026-08-07,PRICE_OR_PNL_CHANGED,OTHER_EXPLAINED_CENT_ROUNDING,0.7898672649093278,0.7871064467766149,1.0,1.0,-0.0027608181327128944
CMCSA,2025-02-06,PRICE_OR_PNL_CHANGED,OTHER_EXPLAINED_CENT_ROUNDING,-1.806880601329864,-1.8121911037891174,0.8571428571428571,0.8571428571428571,-0.005310502459253463
CMCSA,2025-02-07,PRICE_OR_PNL_CHANGED,OTHER_EXPLAINED_CENT_ROUNDING,-0.5763688760806793,-0.558292282430219,0.8571428571428571,0.8571428571428571,0.018076593650460326
CMCSA,2025-02-11,PRICE_OR_PNL_CHANGED,OTHER_EXPLAINED_CENT_ROUNDING,-1.2739765244775274,-1.2724306688417637,0.8285714285714286,0.8285714285714286,0.0015458556357637043
CMCSA,2025-02-13,PRICE_OR_PNL_CHANGED,OTHER_EXPLAINED_CENT_ROUNDING,-3.1957013574660706,-3.1904608443441895,0.8285714285714286,0.8285714285714286,0.0052405131218811185
CMCSA,2025-02-18,PRICE_OR_PNL_CHANGED,OTHER_EXPLAINED_CENT_ROUNDING,0.5488474204171123,0.5628517823639766,0.8,0.8,0.014004361946864274
CMCSA,2025-02-19,PRICE_OR_PNL_CHANGED,OTHER_EXPLAINED_CENT_ROUNDING,0.24732069249794836,0.2505480739116765,0.8571428571428571,0.8571428571428571,0.0032273814137281365
CMCSA,2025-03-03,PRICE_OR_PNL_CHANGED,OTHER_EXPLAINED_CENT_ROUNDING,-0.33195020746889226,-0.346784363177804,0.9142857142857143,0.9142857142857143,-0.014834155708911723
CMCSA,2025-03-07,PRICE_OR_PNL_CHANGED,OTHER_EXPLAINED_CENT_ROUNDING,5.987703822507338,6.0006091989034385,1.0,1.0,0.012905376396100898
CMCSA,2025-03-10,PRICE_OR_PNL_CHANGED,OTHER_EXPLAINED_CENT_ROUNDING,3.756584419184909,3.759873617693516,0.8571428571428571,0.8285714285714286,0.003289198508606983
CMCSA,2025-07-01,PRICE_OR_PNL_CHANGED,DIRECT_CORPORATE_ACTION,1.3088276246170953,1.3088189467123768,0.8571428571428571,0.8571428571428571,-8.677904718590312e-06
CMCSA,2025-11-04,PRICE_OR_PNL_CHANGED,OTHER_EXPLAINED_CENT_ROUNDING,0.5274645325572921,0.523771152296531,0.8285714285714286,0.8285714285714286,-0.0036933802607610478
CMCSA,2025-11-06,PRICE_OR_PNL_CHANGED,OTHER_EXPLAINED_CENT_ROUNDING,0.36271309394269646,0.36144578313252956,0.9142857142857143,0.9142857142857143,-0.0012673108101668995
CMCSA,2025-11-13,PRICE_OR_PNL_CHANGED,OTHER_EXPLAINED_CENT_ROUNDING,2.4251069900142643,2.409162717219587,0.8857142857142857,0.8857142857142857,-0.01594427279467725
CMCSA,2026-06-08,PRICE_OR_PNL_CHANGED,OTHER_EXPLAINED_CENT_ROUNDING,-0.6938603868797273,-0.6820119352088667,0.8571428571428571,0.8571428571428571,0.011848451670860571
CMCSA,2026-06-09,PRICE_OR_PNL_CHANGED,OTHER_EXPLAINED_CENT_ROUNDING,-1.76495016611296,-1.7676767676767597,0.9428571428571428,0.9428571428571428,-0.0027266015637996688
CMCSA,2026-06-24,PRICE_OR_PNL_CHANGED,OTHER_EXPLAINED,-6.516952884191987,-6.517857142857148,0.8,0.8285714285714286,-0.0009042586651606399
CMCSA,2026-06-25,PRICE_OR_PNL_CHANGED,OTHER_EXPLAINED_CENT_ROUNDING,-7.822456602944413,-7.839643652561254,0.8285714285714286,0.8285714285714286,-0.017187049616840255
CMCSA,2026-06-29,PRICE_OR_PNL_CHANGED,DIRECT_CORPORATE_ACTION,3.7846589759158014,2.4620434961017703,0.8285714285714286,0.8285714285714286,-1.322615479814031
CMCSA,2026-06-30,NONE,UNCHANGED,,,,,0.0
CMCSA,2026-07-13,NONE,UNCHANGED,,,,,0.0
CMCSA,2026-07-20,NONE,UNCHANGED,,,,,0.0
CMCSA,2026-07-28,NONE,UNCHANGED,,,,,0.0
CMCSA,2026-07-29,NONE,UNCHANGED,,,,,0.0
CMCSA,2026-07-30,NONE,UNCHANGED,,,,,0.0
COST,2025-02-06,PRICE_OR_PNL_CHANGED,DIRECT_CORPORATE_ACTION,-1.1002865329512876,-1.1010181769142435,0.8857142857142857,0.8857142857142857,-0.0007316439629558857
COST,2025-02-07,PRICE_OR_PNL_CHANGED,DIRECT_CORPORATE_ACTION,-1.222433460076036,-1.222329808549598,0.8285714285714286,0.8285714285714286,0.00010365152643809772
COST,2025-02-10,NEWLY_SELECTED,DIRECT_CORPORATE_ACTION,,-1.590971805924279,0.7714285714285715,0.8,-1.590971805924279
COST,2025-02-25,PRICE_OR_PNL_CHANGED,OTHER_EXPLAINED,0.14379035176262125,0.14405762304921968,0.9142857142857143,0.9142857142857143,0.00026727128659842503
COST,2025-02-26,PRICE_OR_PNL_CHANGED,OTHER_EXPLAINED,-1.184266450291719,-1.184642512689127,0.8,0.8,-0.0003760623974078392
COST,2025-02-27,PRICE_OR_PNL_CHANGED,OTHER_EXPLAINED,-0.5783207351271662,-0.57836843341423,0.8,0.8,-4.769828706385759e-05
COST,2025-03-03,PRICE_OR_PNL_CHANGED,OTHER_EXPLAINED,1.7920495730255428,1.7919314861072198,0.8571428571428571,0.8571428571428571,-0.00011808691832304596
COST,2025-03-04,PRICE_OR_PNL_CHANGED,OTHER_EXPLAINED,6.715840012390123,6.715609227495042,0.8571428571428571,0.8285714285714286,-0.00023078489508066014
COST,2025-06-23,PRICE_OR_PNL_CHANGED,OTHER_EXPLAINED,2.2861602549125855,2.286154893753384,0.8857142857142857,0.8857142857142857,-5.3611592014668474e-06
COST,2025-11-03,PRICE_OR_PNL_CHANGED,DIRECT_CORPORATE_ACTION,1.004061250951019,1.0041868024238292,0.8,0.8,0.00012555147281023693
COST,2025-11-04,PRICE_OR_PNL_CHANGED,DIRECT_CORPORATE_ACTION,1.8585106382978753,1.8581640612478214,0.9428571428571428,0.9428571428571428,-0.00034657705005392003
COST,2025-11-05,PRICE_OR_PNL_CHANGED,DIRECT_CORPORATE_ACTION,0.9660738240512423,0.9659893512984882,0.8571428571428571,0.8571428571428571,-8.44727527541389e-05
COST,2025-11-14,PRICE_OR_PNL_CHANGED,OTHER_EXPLAINED,3.4044814646103108,3.404250683573537,0.8,0.8,-0.00023078103677365291
COST,2025-11-17,PRICE_OR_PNL_CHANGED,OTHER_EXPLAINED,2.1137641218948353,2.114288229985256,0.8571428571428571,0.8571428571428571,0.000524108090420583
COST,2026-05-20,PRICE_OR_PNL_CHANGED,OTHER_EXPLAINED,5.828050899187674,5.827909251664852,0.8857142857142857,0.8857142857142857,-0.00014164752282219695
COST,2026-06-05,PRICE_OR_PNL_CHANGED,OTHER_EXPLAINED,-1.9649726770290075,-1.9649793324055376,0.8857142857142857,0.8857142857142857,-6.655376530106949e-06
COST,2026-06-08,PRICE_OR_PNL_CHANGED,OTHER_EXPLAINED,-0.07594495017395592,-0.07606595123555868,0.9142857142857143,0.9142857142857143,-0.00012100106160276014
COST,2026-06-24,PRICE_OR_PNL_CHANGED,OTHER_EXPLAINED,0.34436639742200104,0.34386009324304273,0.8285714285714286,0.8,-0.0005063041789583056
COST,2026-07-14,PRICE_OR_PNL_CHANGED,OTHER_EXPLAINED,-2.5170253336965427,-2.5177618439577043,0.8285714285714286,0.8285714285714286,-0.0007365102611616159
COST,2026-07-20,PRICE_OR_PNL_CHANGED,OTHER_EXPLAINED,0.45041655468960545,0.4500576030664158,0.8857142857142857,0.8857142857142857,-0.0003589516231896628
COST,2026-07-24,NONE,UNCHANGED,,,,,0.0
COST,2026-07-27,NEWLY_SELECTED,DIRECT_CORPORATE_ACTION,,1.5548264619702086,0.7714285714285715,0.8,1.5548264619702086
CSCO,2025-02-26,PRICE_OR_PNL_CHANGED,OTHER_EXPLAINED_CENT_ROUNDING,1.97469916692378,1.977356083559244,0.8571428571428571,0.8571428571428571,0.0026569166354641904
CSCO,2025-02-27,PRICE_OR_PNL_CHANGED,OTHER_EXPLAINED_CENT_ROUNDING,1.0559249120062528,1.0510996119016909,0.9142857142857143,0.9142857142857143,-0.004825300104561947
CSCO,2025-06-16,PRICE_OR_PNL_CHANGED,OTHER_EXPLAINED_CENT_ROUNDING,-1.0204081632653088,-1.0322177040975862,0.8285714285714286,0.8,-0.011809540832277365
CSCO,2025-06-18,PRICE_OR_PNL_CHANGED,OTHER_EXPLAINED_CENT_ROUNDING,-2.0980598586253727,-2.1003861003860993,0.8571428571428571,0.8571428571428571,-0.0023262417607265995
CSCO,2025-06-20,PRICE_OR_PNL_CHANGED,OTHER_EXPLAINED_CENT_ROUNDING,-2.780917929007459,-2.7859464479182745,0.8571428571428571,0.8571428571428571,-0.00502851891081546
CSCO,2025-06-23,PRICE_OR_PNL_CHANGED,OTHER_EXPLAINED_CENT_ROUNDING,-1.740926526999104,-1.7421602787456316,0.9428571428571428,0.9428571428571428,-0.0012337517465275116
CSCO,2025-10-30,PRICE_OR_PNL_CHANGED,OTHER_EXPLAINED_CENT_ROUNDING,0.5363036303630371,0.5302078973070956,0.8285714285714286,0.8285714285714286,-0.006095733055941466
CSCO,2025-11-03,PRICE_OR_PNL_CHANGED,OTHER_EXPLAINED_CENT_ROUNDING,3.8430311231393817,3.844041735310265,0.9714285714285714,0.9714285714285714,0.0010106121708832738
CSCO,2025-11-12,PRICE_OR_PNL_CHANGED,OTHER_EXPLAINED_CENT_ROUNDING,0.25641025641026005,0.26014568158167095,0.8571428571428571,0.8571428571428571,0.0037354251714109
CSCO,2025-11-13,PRICE_OR_PNL_CHANGED,OTHER_EXPLAINED_CENT_ROUNDING,-1.04465917994254,-1.0466348701642714,1.0,1.0,-0.0019756902217313854
CSCO,2025-11-14,PRICE_OR_PNL_CHANGED,OTHER_EXPLAINED_CENT_ROUNDING,-0.6355524170250887,-0.6252442360297044,1.0,1.0,0.01030818099538433
CSCO,2025-11-17,PRICE_OR_PNL_CHANGED,OTHER_EXPLAINED,2.6950354609929126,2.694924123495555,1.0,1.0,-0.00011133749735758869
CSCO,2026-06-02,PRICE_OR_PNL_CHANGED,OTHER_EXPLAINED_CENT_ROUNDING,3.6972527907529105,3.695168467895745,0.8571428571428571,0.8571428571428571,-0.0020843228571654215
CSCO,2026-06-03,PRICE_OR_PNL_CHANGED,OTHER_EXPLAINED_CENT_ROUNDING,1.678410260470275,1.6767323585505398,0.8,0.8,-0.0016779019197352696
CSCO,2026-06-04,PRICE_OR_PNL_CHANGED,OTHER_EXPLAINED_CENT_ROUNDING,6.52934317916829,6.530389326675502,0.9428571428571428,0.9428571428571428,0.001046147507212325
CSCO,2026-06-23,PRICE_OR_PNL_CHANGED,OTHER_EXPLAINED,5.727201094845105,5.727605727605735,0.9714285714285714,0.9714285714285714,0.00040463276063018583
CSCO,2026-07-09,NONE,UNCHANGED,,,,,0.0
CSCO,2026-07-10,NONE,UNCHANGED,,,,,0.0
CSCO,2026-07-13,NONE,UNCHANGED,,,,,0.0
CSCO,2026-07-21,NONE,UNCHANGED,,,,,0.0
CSCO,2026-07-24,NONE,UNCHANGED,,,,,0.0
CSCO,2026-08-06,NONE,UNCHANGED,,,,,0.0
GILD,2025-02-12,PRICE_OR_PNL_CHANGED,OTHER_EXPLAINED_CENT_ROUNDING,-0.3719954215948117,-0.3692983331669873,0.9714285714285714,0.9714285714285714,0.002697088427824401
GILD,2025-02-13,PRICE_OR_PNL_CHANGED,OTHER_EXPLAINED_CENT_ROUNDING,-1.7580340264650278,-1.7606330365974296,0.9714285714285714,0.9714285714285714,-0.0025990101324018244
GILD,2025-02-14,PRICE_OR_PNL_CHANGED,OTHER_EXPLAINED_CENT_ROUNDING,-5.573141486810554,-5.571170447701261,0.9428571428571428,0.9428571428571428,0.0019710391092928603
GILD,2025-02-20,PRICE_OR_PNL_CHANGED,OTHER_EXPLAINED_CENT_ROUNDING,-0.7044161473855334,-0.7088176920895946,0.8857142857142857,0.8857142857142857,-0.004401544704061178
GILD,2025-02-21,PRICE_OR_PNL_CHANGED,OTHER_EXPLAINED_CENT_ROUNDING,-0.7766724468376502,-0.7735650845191504,0.8571428571428571,0.8571428571428571,0.00310736231849984
GILD,2025-02-24,PRICE_OR_PNL_CHANGED,OTHER_EXPLAINED_CENT_ROUNDING,-0.7374100719424399,-0.7434594391116055,0.9142857142857143,0.9142857142857143,-0.006049367169165598
GILD,2025-02-25,PRICE_OR_PNL_CHANGED,OTHER_EXPLAINED,-3.2698039924126134,-3.270321361058609,0.8857142857142857,0.8857142857142857,-0.0005173686459953863
GILD,2025-02-26,PRICE_OR_PNL_CHANGED,OTHER_EXPLAINED_CENT_ROUNDING,-5.157255506208645,-5.159821682633024,0.8857142857142857,0.8857142857142857,-0.002566176424378952
GILD,2025-02-27,PRICE_OR_PNL_CHANGED,OTHER_EXPLAINED_CENT_ROUNDING,-2.3004904146232708,-2.3047494634692534,0.8857142857142857,0.8857142857142857,-0.004259048845982605
GILD,2025-02-28,PRICE_OR_PNL_CHANGED,OTHER_EXPLAINED_CENT_ROUNDING,-0.4351231398485772,-0.43711865950278117,0.9428571428571428,0.9428571428571428,-0.00199551965420397
GILD,2025-03-03,PRICE_OR_PNL_CHANGED,OTHER_EXPLAINED_CENT_ROUNDING,1.0149253731343264,1.017402945113789,1.0,1.0,0.002477571979462523
GILD,2025-03-04,PRICE_OR_PNL_CHANGED,OTHER_EXPLAINED,-2.1667246780368905,-2.1671826625387087,0.9714285714285714,0.9714285714285714,-0.0004579845018182205
GILD,2025-03-10,PRICE_OR_PNL_CHANGED,OTHER_EXPLAINED_CENT_ROUNDING,3.0533698255217305,3.052000358005917,0.8857142857142857,0.8571428571428571,-0.0013694675158135716
GILD,2025-06-16,NEWLY_SELECTED,DIRECT_CORPORATE_ACTION,,1.506221349050425,0.7428571428571429,0.8285714285714286,1.506221349050425
GILD,2025-06-27,PRICE_OR_PNL_CHANGED,OTHER_EXPLAINED_CENT_ROUNDING,-0.8227104240122924,-0.8208955223880555,0.8,0.8,0.0018149016242369198
GILD,2025-06-30,PRICE_OR_PNL_CHANGED,OTHER_EXPLAINED_CENT_ROUNDING,-0.17937219730941958,-0.17582824356838583,0.9142857142857143,0.9142857142857143,0.0035439537410337507
GILD,2025-07-01,PRICE_OR_PNL_CHANGED,OTHER_EXPLAINED_CENT_ROUNDING,-0.11643528884907788,-0.11089548100915309,0.9428571428571428,0.9428571428571428,0.00553980783992479
GILD,2025-10-31,PRICE_OR_PNL_CHANGED,OTHER_EXPLAINED_CENT_ROUNDING,-2.3034551827741656,-2.300521679637388,0.8857142857142857,0.8857142857142857,0.0029335031367776487
GILD,2025-11-03,PRICE_OR_PNL_CHANGED,OTHER_EXPLAINED_CENT_ROUNDING,-0.21924482338611123,-0.21634215343650431,0.8571428571428571,0.8571428571428571,0.0029026699496069175
GILD,2025-11-04,PRICE_OR_PNL_CHANGED,OTHER_EXPLAINED_CENT_ROUNDING,2.74877250409166,2.750524109014676,0.9714285714285714,0.9714285714285714,0.0017516049230157371
GILD,2025-11-06,PRICE_OR_PNL_CHANGED,OTHER_EXPLAINED,1.0251029138752086,1.025641025641033,0.8857142857142857,0.8857142857142857,0.0005381117658245227
GILD,2025-11-12,PRICE_OR_PNL_CHANGED,OTHER_EXPLAINED_CENT_ROUNDING,-0.21802325581395027,-0.22341745966074494,0.8285714285714286,0.8285714285714286,-0.005394203846794676
GILD,2025-11-13,PRICE_OR_PNL_CHANGED,OTHER_EXPLAINED_CENT_ROUNDING,-1.7519999999999984,-1.7460447577670382,0.9428571428571428,0.9428571428571428,0.005955242232960289
GILD,2025-11-14,PRICE_OR_PNL_CHANGED,OTHER_EXPLAINED_CENT_ROUNDING,-2.2678271979557527,-2.266590295393184,0.8857142857142857,0.8857142857142857,0.001236902562568698
GILD,2025-11-17,PRICE_OR_PNL_CHANGED,OTHER_EXPLAINED,-0.36935924201059395,-0.37024847786735937,0.9142857142857143,0.9142857142857143,-0.0008892358567654246
GILD,2025-11-18,PRICE_OR_PNL_CHANGED,OTHER_EXPLAINED_CENT_ROUNDING,0.2832638287827519,0.2822125463634852,0.9142857142857143,0.9142857142857143,-0.0010512824192667192
GILD,2025-11-19,PRICE_OR_PNL_CHANGED,OTHER_EXPLAINED_CENT_ROUNDING,2.6203250136070433,2.62130507529281,0.8571428571428571,0.8571428571428571,0.0009800616857669198
GILD,2025-11-20,PRICE_OR_PNL_CHANGED,OTHER_EXPLAINED_CENT_ROUNDING,-1.388224030636664,-1.389797253106608,0.8857142857142857,0.8857142857142857,-0.0015732224699440689
GILD,2026-06-05,PRICE_OR_PNL_CHANGED,OTHER_EXPLAINED_CENT_ROUNDING,6.66461680375125,6.668222844693437,0.8285714285714286,0.8285714285714286,0.003606040942186972
GILD,2026-06-08,NO_LONGER_SELECTED,RANK_BOUNDARY_PROPAGATION,2.2826086956521827,,0.8,0.7714285714285715,-2.2826086956521827
GILD,2026-06-24,PRICE_OR_PNL_CHANGED,OTHER_EXPLAINED_CENT_ROUNDING,-0.7577570391640652,-0.753990535012431,0.8571428571428571,0.8571428571428571,0.0037665041516342646
GILD,2026-07-07,PRICE_OR_PNL_CHANGED,OTHER_EXPLAINED_CENT_ROUNDING,4.63425381903643,4.63810930576071,1.0,1.0,0.003855486724280155
GILD,2026-07-08,PRICE_OR_PNL_CHANGED,OTHER_EXPLAINED_CENT_ROUNDING,3.018004722550179,3.0201840308696895,0.8571428571428571,0.8571428571428571,0.002179308319510298
GILD,2026-07-09,PRICE_OR_PNL_CHANGED,OTHER_EXPLAINED_CENT_ROUNDING,3.3949929425748615,3.399073659046773,0.9142857142857143,0.9142857142857143,0.004080716471911661
GILD,2026-07-16,PRICE_OR_PNL_CHANGED,OTHER_EXPLAINED_CENT_ROUNDING,5.451905626134295,5.453350854139289,0.8857142857142857,0.8857142857142857,0.001445228004994803
GILD,2026-07-17,PRICE_OR_PNL_CHANGED,OTHER_EXPLAINED_CENT_ROUNDING,2.9490616621983974,2.9506477945031064,0.8571428571428571,0.8571428571428571,0.0015861323047090536
GILD,2026-08-11,PRICE_OR_PNL_CHANGED,OTHER_EXPLAINED_CENT_ROUNDING,-3.25397417717739,-3.257280096067249,0.8285714285714286,0.8285714285714286,-0.003305918889858983
GOOGL,2025-03-04,PRICE_OR_PNL_CHANGED,OTHER_EXPLAINED_CENT_ROUNDING,-1.9411212760966468,-1.9466729589428875,0.8285714285714286,0.8,-0.005551682846240746
GOOGL,2025-03-05,PRICE_OR_PNL_CHANGED,DIRECT_CORPORATE_ACTION,2.7267929396587145,2.6131068247507856,0.8571428571428571,0.8571428571428571,-0.1136861149079289
GOOGL,2025-03-06,PRICE_OR_PNL_CHANGED,DIRECT_CORPORATE_ACTION,4.2282310342813645,4.117958056746749,1.0,1.0,-0.11027297753461518
GOOGL,2025-06-06,PRICE_OR_PNL_CHANGED,DIRECT_CORPORATE_ACTION,-1.638592872693946,-1.638590237451845,0.9428571428571428,0.9428571428571428,2.635242100978985e-06
GOOGL,2025-06-09,PRICE_OR_PNL_CHANGED,DIRECT_CORPORATE_ACTION,0.28939454122453095,0.290399726682605,0.8857142857142857,0.8857142857142857,0.0010051854580740427
GOOGL,2025-06-27,PRICE_OR_PNL_CHANGED,OTHER_EXPLAINED_CENT_ROUNDING,1.1837592654054734,1.1823480432972497,1.0,1.0,-0.001411222108223642
GOOGL,2025-10-30,PRICE_OR_PNL_CHANGED,OTHER_EXPLAINED_CENT_ROUNDING,1.9879241552205063,1.989521382044748,0.9142857142857143,0.9142857142857143,0.001597226824241682
GOOGL,2025-10-31,PRICE_OR_PNL_CHANGED,OTHER_EXPLAINED,-0.7495348631168632,-0.7497157475838593,0.9428571428571428,0.9428571428571428,-0.0001808844669960452
GOOGL,2025-11-03,PRICE_OR_PNL_CHANGED,OTHER_EXPLAINED,-2.868289863449172,-2.8685258964143276,0.9142857142857143,0.9142857142857143,-0.00023603296515561922
GOOGL,2025-11-10,PRICE_OR_PNL_CHANGED,OTHER_EXPLAINED_CENT_ROUNDING,3.193078767242277,3.1909705288093173,0.8857142857142857,0.8857142857142857,-0.002108238432959819
GOOGL,2025-11-17,PRICE_OR_PNL_CHANGED,OTHER_EXPLAINED,-0.5817689248562786,-0.5815370686352889,0.8285714285714286,0.8285714285714286,0.00023185622098975678
GOOGL,2025-11-18,PRICE_OR_PNL_CHANGED,OTHER_EXPLAINED_CENT_ROUNDING,-4.4099205796293806,-4.407347908081304,0.9428571428571428,0.9428571428571428,0.0025726715480764994
GOOGL,2025-11-19,PRICE_OR_PNL_CHANGED,OTHER_EXPLAINED_CENT_ROUNDING,-4.596077400703049,-4.594861660079047,1.0,1.0,0.0012157406240014268
GOOGL,2025-11-20,PRICE_OR_PNL_CHANGED,OTHER_EXPLAINED,-9.054427733189438,-9.054332758562406,0.9714285714285714,0.9714285714285714,9.497462703222936e-05
GOOGL,2025-11-21,PRICE_OR_PNL_CHANGED,OTHER_EXPLAINED_CENT_ROUNDING,-2.8541124288882447,-2.8551172982727553,1.0,1.0,-0.0010048693845106094
GOOGL,2025-11-24,PRICE_OR_PNL_CHANGED,OTHER_EXPLAINED_CENT_ROUNDING,1.8270439287575428,1.8256700270469626,1.0,1.0,-0.001373901710580272
GOOGL,2025-11-25,PRICE_OR_PNL_CHANGED,OTHER_EXPLAINED_CENT_ROUNDING,1.7431707621304824,1.744567766140391,0.9714285714285714,0.9714285714285714,0.00139700400990872
GOOGL,2025-11-26,PRICE_OR_PNL_CHANGED,OTHER_EXPLAINED,2.3716026096904907,2.3715782620826418,0.8,0.8,-2.4347607848973496e-05
GOOGL,2026-06-05,PRICE_OR_PNL_CHANGED,DIRECT_CORPORATE_ACTION,2.4262007776986727,2.427729826003566,0.9142857142857143,0.9142857142857143,0.001529048304893088
GOOGL,2026-06-08,PRICE_OR_PNL_CHANGED,DIRECT_CORPORATE_ACTION,2.5688523250428914,2.5678070055881195,0.8857142857142857,0.8857142857142857,-0.0010453194547719313
GOOGL,2026-06-16,PRICE_OR_PNL_CHANGED,OTHER_EXPLAINED,5.259735861835427,5.259020304155705,0.8285714285714286,0.8285714285714286,-0.0007155576797224228
GOOGL,2026-07-01,PRICE_OR_PNL_CHANGED,OTHER_EXPLAINED_CENT_ROUNDING,-2.0662421090686633,-2.064781834372206,0.9142857142857143,0.9142857142857143,0.0014602746964573754
GOOGL,2026-07-15,PRICE_OR_PNL_CHANGED,OTHER_EXPLAINED,5.603066941905037,5.603991737532523,0.9428571428571428,0.9428571428571428,0.0009247956274860414
GOOGL,2026-07-29,PRICE_OR_PNL_CHANGED,OTHER_EXPLAINED_CENT_ROUNDING,-11.777378815080795,-11.775801670708699,0.8285714285714286,0.8285714285714286,0.0015771443720957734
GOOGL,2026-07-31,PRICE_OR_PNL_CHANGED,OTHER_EXPLAINED,0.8343591847900456,0.834884484835216,0.8571428571428571,0.8571428571428571,0.0005253000451704848
GOOGL,2026-08-03,PRICE_OR_PNL_CHANGED,OTHER_EXPLAINED_CENT_ROUNDING,2.6278563656148055,2.6268510452961764,0.8,0.8,-0.0010053203186290993
GOOGL,2026-08-04,PRICE_OR_PNL_CHANGED,OTHER_EXPLAINED,7.591172327437776,7.59090553133728,0.9714285714285714,0.9714285714285714,-0.0002667961004956254
HON,2025-02-20,PRICE_OR_PNL_CHANGED,OTHER_EXPLAINED_CENT_ROUNDING,-0.4309528319757514,-0.42707453940506784,0.8285714285714286,0.8285714285714286,0.0038782925706835614
HON,2025-02-21,PRICE_OR_PNL_CHANGED,OTHER_EXPLAINED_CENT_ROUNDING,0.15583679637324524,0.15846290977517735,0.8,0.8,0.002626113401932112
HON,2025-02-25,PRICE_OR_PNL_CHANGED,DIRECT_CORPORATE_ACTION,-0.9391452829293694,-1.4772444665506086,0.8,0.8,-0.5380991836212392
HON,2025-02-26,PRICE_OR_PNL_CHANGED,DIRECT_CORPORATE_ACTION,-0.15109306388404628,-0.6832697925434448,0.8285714285714286,0.8285714285714286,-0.5321767286593985
HON,2025-02-27,PRICE_OR_PNL_CHANGED,DIRECT_CORPORATE_ACTION,2.342832996854317,2.3457394711067545,0.9428571428571428,0.9428571428571428,0.0029064742524376186
HON,2025-02-28,NEWLY_SELECTED,DIRECT_CORPORATE_ACTION,,1.9180087847730634,0.7428571428571429,0.8,1.9180087847730634
HON,2025-03-03,PRICE_OR_PNL_CHANGED,DIRECT_CORPORATE_ACTION,0.15115729806329392,0.15273945605045441,0.8,0.8,0.001582157987160493
HON,2025-03-07,PRICE_OR_PNL_CHANGED,OTHER_EXPLAINED_CENT_ROUNDING,3.7057258854822916,3.704244548286597,0.8,0.8,-0.0014813371956945431
HON,2025-03-10,PRICE_OR_PNL_CHANGED,OTHER_EXPLAINED,3.185160897465929,3.1854602306038746,0.9428571428571428,0.9142857142857143,0.00029933313794572314
HON,2025-06-30,PRICE_OR_PNL_CHANGED,OTHER_EXPLAINED,-3.1766418357736055,-3.176648302825652,0.9428571428571428,0.9428571428571428,-6.467052046321697e-06
HON,2025-07-01,PRICE_OR_PNL_CHANGED,OTHER_EXPLAINED_CENT_ROUNDING,-0.42797801367850535,-0.426717756683789,0.9714285714285714,0.9714285714285714,0.00126025699471638
HON,2025-07-02,PRICE_OR_PNL_CHANGED,OTHER_EXPLAINED,0.02084549320437395,0.02163284731535627,0.9142857142857143,0.9142857142857143,0.0007873541109823176
HON,2025-07-03,PRICE_OR_PNL_CHANGED,OTHER_EXPLAINED_CENT_ROUNDING,0.6244016151188444,0.626376949328272,0.8857142857142857,0.8857142857142857,0.001975334209427637
HON,2025-11-12,PRICE_OR_PNL_CHANGED,DIRECT_CORPORATE_ACTION,2.6463432798768602,2.062104602308389,0.8,0.8,-0.5842386775684711
HON,2026-05-20,PRICE_OR_PNL_CHANGED,DIRECT_CORPORATE_ACTION,-6.327719910062861,-6.326835265191429,0.8,0.8,0.0008846448714319166
HON,2026-05-26,PRICE_OR_PNL_CHANGED,OTHER_EXPLAINED_CENT_ROUNDING,-1.7707442258340402,-1.7721208152574215,0.8,0.8,-0.0013765894233812581
HON,2026-06-11,PRICE_OR_PNL_CHANGED,OTHER_EXPLAINED,-3.926096997690525,-3.925646691797739,0.8,0.8,0.0004503058927860515
HON,2026-06-16,PRICE_OR_PNL_CHANGED,OTHER_EXPLAINED_CENT_ROUNDING,1.02412775559798,1.0214674251546767,0.8571428571428571,0.8571428571428571,-0.0026603304433032715
HON,2026-06-17,PRICE_OR_PNL_CHANGED,OTHER_EXPLAINED_CENT_ROUNDING,4.257609023203749,4.259175351155416,0.8857142857142857,0.8857142857142857,0.0015663279516671125
HON,2026-06-25,PRICE_OR_PNL_CHANGED,DIRECT_CORPORATE_ACTION,2.4571951378904786,6.945139236284807,0.8,0.8,4.487944098394328
HON,2026-06-26,PRICE_OR_PNL_CHANGED,DIRECT_CORPORATE_ACTION,7.860733723877181,7.859315747801802,0.8285714285714286,0.8285714285714286,-0.0014179760753787463
HON,2026-07-20,PRICE_OR_PNL_CHANGED,OTHER_EXPLAINED_CENT_ROUNDING,-8.105498749286873,-8.10334961926141,0.8285714285714286,0.8285714285714286,0.0021491300254634638
HON,2026-07-21,PRICE_OR_PNL_CHANGED,OTHER_EXPLAINED,-4.5900369956121425,-4.590956161546434,0.8,0.8,-0.0009191659342917546
HON,2026-07-22,PRICE_OR_PNL_CHANGED,OTHER_EXPLAINED_CENT_ROUNDING,-3.256302521008404,-3.253403008976358,0.8,0.8,0.002899512032045859
HON,2026-07-23,PRICE_OR_PNL_CHANGED,OTHER_EXPLAINED,-0.01620154724777045,-0.01625025391021411,0.9428571428571428,0.9428571428571428,-4.870666244366148e-05
HON,2026-07-24,PRICE_OR_PNL_CHANGED,OTHER_EXPLAINED,1.3456032719836368,1.3455306231283592,1.0,1.0,-7.264885527757947e-05
HON,2026-07-27,PRICE_OR_PNL_CHANGED,OTHER_EXPLAINED_CENT_ROUNDING,3.190552441953562,3.1881148363782366,0.9428571428571428,0.9428571428571428,-0.0024376055753254633
INTC,2025-02-11,NONE,UNCHANGED,,,,,0.0
INTC,2025-02-12,NONE,UNCHANGED,,,,,0.0
INTC,2025-02-13,NONE,UNCHANGED,,,,,0.0
INTC,2025-02-14,NONE,UNCHANGED,,,,,0.0
INTC,2025-02-18,NONE,UNCHANGED,,,,,0.0
INTC,2025-02-19,NONE,UNCHANGED,,,,,0.0
INTC,2025-02-20,NONE,UNCHANGED,,,,,0.0
INTC,2025-02-28,NONE,UNCHANGED,,,,,0.0
INTC,2025-06-10,NONE,UNCHANGED,,,,,0.0
INTC,2025-06-18,NONE,UNCHANGED,,,,,0.0
INTC,2025-06-20,NONE,UNCHANGED,,,,,0.0
INTC,2025-06-24,NONE,UNCHANGED,,,,,0.0
INTC,2025-06-25,NONE,UNCHANGED,,,,,0.0
INTC,2025-06-26,NONE,UNCHANGED,,,,,0.0
INTC,2025-07-08,NONE,UNCHANGED,,,,,0.0
INTC,2025-11-07,NONE,UNCHANGED,,,,,0.0
INTC,2025-11-28,NONE,UNCHANGED,,,,,0.0
INTC,2025-12-01,NONE,UNCHANGED,,,,,0.0
INTC,2025-12-02,NONE,UNCHANGED,,,,,0.0
INTC,2026-05-20,NONE,UNCHANGED,,,,,0.0
INTC,2026-05-21,NONE,UNCHANGED,,,,,0.0
INTC,2026-05-22,NONE,UNCHANGED,,,,,0.0
INTC,2026-06-10,NONE,UNCHANGED,,,,,0.0
INTC,2026-06-11,NONE,UNCHANGED,,,,,0.0
INTC,2026-06-12,NONE,UNCHANGED,,,,,0.0
INTC,2026-06-15,NONE,UNCHANGED,,,,,0.0
INTC,2026-06-18,NONE,UNCHANGED,,,,,0.0
INTC,2026-06-22,NONE,UNCHANGED,,,,,0.0
INTC,2026-06-23,NONE,UNCHANGED,,,,,0.0
INTC,2026-07-21,NONE,UNCHANGED,,,,,0.0
INTC,2026-07-22,NONE,UNCHANGED,,,,,0.0
INTC,2026-08-03,NONE,UNCHANGED,,,,,0.0
INTC,2026-08-04,NONE,UNCHANGED,,,,,0.0
INTC,2026-08-05,NONE,UNCHANGED,,,,,0.0
INTC,2026-08-06,NONE,UNCHANGED,,,,,0.0
INTU,2025-02-26,PRICE_OR_PNL_CHANGED,OTHER_EXPLAINED,3.7536000000000054,3.7539560172036026,1.0,1.0,0.00035601720359723643
INTU,2025-02-27,PRICE_OR_PNL_CHANGED,OTHER_EXPLAINED,0.5125474272781614,0.5131581168447467,1.0,1.0,0.0006106895665852763
INTU,2025-02-28,PRICE_OR_PNL_CHANGED,OTHER_EXPLAINED,0.0339882821351174,0.034476531332605996,1.0,1.0,0.000488249197488598
INTU,2025-03-06,PRICE_OR_PNL_CHANGED,OTHER_EXPLAINED,3.182253325850852,3.1827618537369395,0.8,0.8,0.0005085278860876841
INTU,2025-11-03,PRICE_OR_PNL_CHANGED,OTHER_EXPLAINED,3.342255874828084,3.34228989401403,0.8857142857142857,0.8857142857142857,3.401918594603259e-05
INTU,2025-11-04,PRICE_OR_PNL_CHANGED,OTHER_EXPLAINED,1.242292760904311,1.2416633371238959,0.8571428571428571,0.8571428571428571,-0.0006294237804151948
INTU,2025-11-14,PRICE_OR_PNL_CHANGED,OTHER_EXPLAINED_CENT_ROUNDING,1.75621316065539,1.7551878599506328,0.8285714285714286,0.8285714285714286,-0.0010253007047571483
INTU,2025-11-18,PRICE_OR_PNL_CHANGED,OTHER_EXPLAINED_CENT_ROUNDING,-2.2265564772271604,-2.225507742588136,0.8,0.8,0.001048734639024218
INTU,2025-11-21,PRICE_OR_PNL_CHANGED,OTHER_EXPLAINED,5.4638361826037976,5.464281921752468,0.8571428571428571,0.8571428571428571,0.00044573914867029885
INTU,2026-05-29,PRICE_OR_PNL_CHANGED,OTHER_EXPLAINED,8.048420431059933,8.04839714124729,0.9714285714285714,0.9714285714285714,-2.3289812641991148e-05
INTU,2026-06-01,PRICE_OR_PNL_CHANGED,OTHER_EXPLAINED_CENT_ROUNDING,8.487935006669092,8.488871296775567,0.9428571428571428,0.9428571428571428,0.0009362901064751128
INTU,2026-07-07,PRICE_OR_PNL_CHANGED,DIRECT_CORPORATE_ACTION,1.509832718415314,1.0739727998848723,0.8857142857142857,0.8857142857142857,-0.4358599185304417
INTU,2026-07-13,NONE,UNCHANGED,,,,,0.0
INTU,2026-07-14,NONE,UNCHANGED,,,,,0.0
INTU,2026-07-17,NONE,UNCHANGED,,,,,0.0
INTU,2026-07-20,NONE,UNCHANGED,,,,,0.0
INTU,2026-07-24,NONE,UNCHANGED,,,,,0.0
INTU,2026-07-27,NONE,UNCHANGED,,,,,0.0
INTU,2026-07-28,NONE,UNCHANGED,,,,,0.0
INTU,2026-07-29,NONE,UNCHANGED,,,,,0.0
INTU,2026-07-30,NONE,UNCHANGED,,,,,0.0
INTU,2026-08-11,NONE,UNCHANGED,,,,,0.0
ISRG,2025-02-19,NONE,UNCHANGED,,,,,0.0
ISRG,2025-06-30,NONE,UNCHANGED,,,,,0.0
ISRG,2025-11-04,NONE,UNCHANGED,,,,,0.0
ISRG,2025-11-05,NONE,UNCHANGED,,,,,0.0
ISRG,2025-11-06,NONE,UNCHANGED,,,,,0.0
ISRG,2025-11-07,NONE,UNCHANGED,,,,,0.0
ISRG,2025-11-10,NONE,UNCHANGED,,,,,0.0
ISRG,2025-11-11,NONE,UNCHANGED,,,,,0.0
ISRG,2025-11-19,NONE,UNCHANGED,,,,,0.0
ISRG,2025-11-20,NONE,UNCHANGED,,,,,0.0
ISRG,2025-11-21,NONE,UNCHANGED,,,,,0.0
ISRG,2026-05-20,NONE,UNCHANGED,,,,,0.0
ISRG,2026-06-05,NONE,UNCHANGED,,,,,0.0
ISRG,2026-06-08,NONE,UNCHANGED,,,,,0.0
ISRG,2026-06-09,NONE,UNCHANGED,,,,,0.0
ISRG,2026-07-02,NONE,UNCHANGED,,,,,0.0
ISRG,2026-07-06,NONE,UNCHANGED,,,,,0.0
ISRG,2026-07-07,NONE,UNCHANGED,,,,,0.0
ISRG,2026-07-27,NONE,UNCHANGED,,,,,0.0
ISRG,2026-07-28,NONE,UNCHANGED,,,,,0.0
ISRG,2026-08-05,NONE,UNCHANGED,,,,,0.0
ISRG,2026-08-07,NONE,UNCHANGED,,,,,0.0
ISRG,2026-08-10,NONE,UNCHANGED,,,,,0.0
ISRG,2026-08-11,NONE,UNCHANGED,,,,,0.0
KLAC,2025-03-05,PRICE_OR_PNL_CHANGED,OTHER_EXPLAINED_CENT_ROUNDING,2.6603754643108055,2.665121668597919,0.8,0.8,0.004746204287113365
KLAC,2025-06-05,PRICE_OR_PNL_CHANGED,OTHER_EXPLAINED_CENT_ROUNDING,-6.956717088512806,-6.954225352112678,0.8857142857142857,0.8857142857142857,0.0024917364001284525
KLAC,2025-06-06,PRICE_OR_PNL_CHANGED,OTHER_EXPLAINED_CENT_ROUNDING,-7.507329933229845,-7.50993048659384,0.9142857142857143,0.9142857142857143,-0.002600553363994784
KLAC,2025-06-09,PRICE_OR_PNL_CHANGED,OTHER_EXPLAINED_CENT_ROUNDING,-5.525208310723637,-5.528554070473873,0.9428571428571428,0.9428571428571428,-0.003345759750235544
KLAC,2025-06-10,PRICE_OR_PNL_CHANGED,OTHER_EXPLAINED_CENT_ROUNDING,-0.29939427567391663,-0.2911716748194736,0.9142857142857143,0.9142857142857143,0.00822260085444304
KLAC,2025-06-11,PRICE_OR_PNL_CHANGED,OTHER_EXPLAINED_CENT_ROUNDING,-3.0909384814335836,-3.0828292228943766,0.9714285714285714,0.9714285714285714,0.008109258539207076
KLAC,2025-06-12,PRICE_OR_PNL_CHANGED,OTHER_EXPLAINED_CENT_ROUNDING,-3.958090803259604,-3.9648093841642176,1.0,1.0,-0.006718580904613525
KLAC,2025-06-13,PRICE_OR_PNL_CHANGED,OTHER_EXPLAINED,0.5525114155251177,0.5521048999309915,0.9428571428571428,0.9428571428571428,-0.00040651559412618887
KLAC,2025-06-16,PRICE_OR_PNL_CHANGED,OTHER_EXPLAINED_CENT_ROUNDING,4.530337078651691,4.528472772557455,0.8857142857142857,0.8857142857142857,-0.0018643060942356016
KLAC,2025-06-17,PRICE_OR_PNL_CHANGED,OTHER_EXPLAINED_CENT_ROUNDING,4.454313163209524,4.463181562675659,0.8857142857142857,0.8857142857142857,0.008868399466134491
KLAC,2025-06-25,PRICE_OR_PNL_CHANGED,OTHER_EXPLAINED_CENT_ROUNDING,0.19944956377372808,0.2020882452003959,0.8,0.8,0.002638681426667816
KLAC,2025-06-26,PRICE_OR_PNL_CHANGED,OTHER_EXPLAINED_CENT_ROUNDING,0.671823204419894,0.6680026720106818,0.8,0.8,-0.0038205324092122073
KLAC,2025-07-07,PRICE_OR_PNL_CHANGED,OTHER_EXPLAINED_CENT_ROUNDING,-1.8997381753511648,-1.8913836964937596,0.8285714285714286,0.8285714285714286,0.008354478857405256
KLAC,2025-11-19,PRICE_OR_PNL_CHANGED,DIRECT_CORPORATE_ACTION,4.312434762113204,4.3173369381547815,0.9142857142857143,0.9142857142857143,0.0049021760415772775
KLAC,2026-05-21,PRICE_OR_PNL_CHANGED,DIRECT_CORPORATE_ACTION,-4.566995602904328,-4.567821994009409,0.8571428571428571,0.8571428571428571,-0.0008263911050816475
KLAC,2026-05-22,PRICE_OR_PNL_CHANGED,OTHER_EXPLAINED,0.4858755311843323,0.48591367278366393,0.8571428571428571,0.8571428571428571,3.8141599331631415e-05
KLAC,2026-05-26,PRICE_OR_PNL_CHANGED,OTHER_EXPLAINED_CENT_ROUNDING,6.096133878947052,6.094995842097544,0.8571428571428571,0.8571428571428571,-0.001138036849508417
KLAC,2026-05-27,PRICE_OR_PNL_CHANGED,OTHER_EXPLAINED_CENT_ROUNDING,0.3113920147988256,0.3138021503163667,0.8285714285714286,0.8285714285714286,0.002410135517541101
KLAC,2026-06-02,PRICE_OR_PNL_CHANGED,OTHER_EXPLAINED,5.816615973480053,5.816226783968722,0.8285714285714286,0.8285714285714286,-0.00038918951133037893
KLAC,2026-06-03,PRICE_OR_PNL_CHANGED,OTHER_EXPLAINED_CENT_ROUNDING,-2.5873359787715695,-2.588349987813796,0.9428571428571428,0.9428571428571428,-0.0010140090422265935
KLAC,2026-06-04,PRICE_OR_PNL_CHANGED,OTHER_EXPLAINED_CENT_ROUNDING,-4.720416634035558,-4.723869260547859,1.0,1.0,-0.0034526265123018263
KLAC,2026-06-09,PRICE_OR_PNL_CHANGED,DIRECT_CORPORATE_ACTION,88.21497689665071,-17.85019004357096,0.8285714285714286,0.8285714285714286,-106.06516694022167
KLAC,2026-06-10,PRICE_OR_PNL_CHANGED,DIRECT_CORPORATE_ACTION,88.3952909214399,-16.04714415231188,1.0,1.0,-104.44243507375177
KLAC,2026-06-11,PRICE_OR_PNL_CHANGED,DIRECT_CORPORATE_ACTION,0.49997903827610735,0.49945437757072014,1.0,1.0,-0.0005246607053872032
KLAC,2026-06-12,NEWLY_SELECTED,DIRECT_CORPORATE_ACTION,,9.374406502829787,0.02857142857142857,1.0,9.374406502829787
KLAC,2026-06-15,NEWLY_SELECTED,DIRECT_CORPORATE_ACTION,,-1.8021562918076814,0.02857142857142857,0.8857142857142857,-1.8021562918076814
KLAC,2026-06-22,PRICE_OR_PNL_CHANGED,OTHER_EXPLAINED_CENT_ROUNDING,-4.396468311562652,-4.395382628350011,0.9428571428571428,0.9428571428571428,0.0010856832126409088
KLAC,2026-06-23,PRICE_OR_PNL_CHANGED,OTHER_EXPLAINED_CENT_ROUNDING,-2.3294234264001266,-2.3278891875129193,0.9142857142857143,0.9142857142857143,0.0015342388872072732
KLAC,2026-06-29,PRICE_OR_PNL_CHANGED,OTHER_EXPLAINED,15.962608819751672,15.962994713530495,0.9428571428571428,0.9428571428571428,0.0003858937788230321
KLAC,2026-06-30,PRICE_OR_PNL_CHANGED,OTHER_EXPLAINED_CENT_ROUNDING,18.256483897518518,18.25449700199867,1.0,1.0,-0.0019868955198489857
KLAC,2026-07-01,PRICE_OR_PNL_CHANGED,OTHER_EXPLAINED_CENT_ROUNDING,18.60150375939849,18.599924727135864,0.8857142857142857,0.8857142857142857,-0.0015790322626259012
KLAC,2026-07-23,PRICE_OR_PNL_CHANGED,OTHER_EXPLAINED_CENT_ROUNDING,11.144227634704038,11.147372837894538,0.8571428571428571,0.8571428571428571,0.0031452031905008226
KLAC,2026-08-06,PRICE_OR_PNL_CHANGED,OTHER_EXPLAINED_CENT_ROUNDING,-1.252651783008394,-1.2489886731391582,0.8285714285714286,0.8285714285714286,0.003663109869235903
KLAC,2026-08-11,PRICE_OR_PNL_CHANGED,OTHER_EXPLAINED_CENT_ROUNDING,3.0318895763921967,3.0305918231201816,0.8571428571428571,0.8571428571428571,-0.0012977532720150897
LRCX,2025-02-07,PRICE_OR_PNL_CHANGED,OTHER_EXPLAINED_CENT_ROUNDING,2.3459006582884427,2.3500908540278593,0.8857142857142857,0.8857142857142857,0.004190195739416591
LRCX,2025-02-10,PRICE_OR_PNL_CHANGED,OTHER_EXPLAINED_CENT_ROUNDING,-0.3009872381411028,-0.3046551303923958,0.8285714285714286,0.8285714285714286,-0.0036678922512929923
LRCX,2025-02-18,PRICE_OR_PNL_CHANGED,OTHER_EXPLAINED_CENT_ROUNDING,0.33024333719582455,0.3284072249589504,0.8857142857142857,0.8857142857142857,-0.0018361122368741323
LRCX,2025-02-19,PRICE_OR_PNL_CHANGED,OTHER_EXPLAINED_CENT_ROUNDING,7.5660084313290525,7.5679317314170325,0.8857142857142857,0.8857142857142857,0.0019233000879799178
LRCX,2025-02-20,PRICE_OR_PNL_CHANGED,OTHER_EXPLAINED_CENT_ROUNDING,10.648714810281525,10.643090438112402,0.9142857142857143,0.9142857142857143,-0.0056243721691231485
LRCX,2025-03-05,PRICE_OR_PNL_CHANGED,DIRECT_CORPORATE_ACTION,4.203425012973527,4.202670856245082,0.9714285714285714,1.0,-0.0007541567284450323
LRCX,2025-03-06,PRICE_OR_PNL_CHANGED,DIRECT_CORPORATE_ACTION,4.357469015003266,4.357556608741428,0.8285714285714286,0.8571428571428571,8.759373816147331e-05
LRCX,2025-03-07,PRICE_OR_PNL_CHANGED,DIRECT_CORPORATE_ACTION,0.416124837451245,0.419892402571832,0.8285714285714286,0.8285714285714286,0.003767565120587013
LRCX,2025-06-05,PRICE_OR_PNL_CHANGED,OTHER_EXPLAINED_CENT_ROUNDING,-5.26133209990749,-5.262543757292872,0.8285714285714286,0.8285714285714286,-0.0012116573853822032
LRCX,2025-06-06,PRICE_OR_PNL_CHANGED,OTHER_EXPLAINED_CENT_ROUNDING,-4.455161327362493,-4.461181923522606,0.8285714285714286,0.8285714285714286,-0.0060205961601127456
LRCX,2025-06-10,PRICE_OR_PNL_CHANGED,OTHER_EXPLAINED_CENT_ROUNDING,2.029873611643053,2.0318021201413465,0.8285714285714286,0.8285714285714286,0.001928508498293624
LRCX,2025-06-11,PRICE_OR_PNL_CHANGED,OTHER_EXPLAINED_CENT_ROUNDING,-3.101887625565738,-3.1079425197727595,0.8571428571428571,0.8571428571428571,-0.006054894207021544
LRCX,2025-06-12,PRICE_OR_PNL_CHANGED,OTHER_EXPLAINED_CENT_ROUNDING,-4.452209197475207,-4.447224749772516,0.8857142857142857,0.8857142857142857,0.004984447702690353
LRCX,2025-06-16,PRICE_OR_PNL_CHANGED,DIRECT_CORPORATE_ACTION,3.064066852367687,2.8216216216216212,0.9142857142857143,0.9142857142857143,-0.24244523074606583
LRCX,2025-06-17,PRICE_OR_PNL_CHANGED,DIRECT_CORPORATE_ACTION,1.7481767481767434,1.7488934470473825,0.8571428571428571,0.8571428571428571,0.0007166988706390764
LRCX,2025-06-18,PRICE_OR_PNL_CHANGED,DIRECT_CORPORATE_ACTION,-2.783449758194523,-2.780181739506715,0.8857142857142857,0.9142857142857143,0.0032680186878075723
LRCX,2025-06-25,PRICE_OR_PNL_CHANGED,OTHER_EXPLAINED_CENT_ROUNDING,-1.0802950036356147,-1.0769552488498548,0.9142857142857143,0.8857142857142857,0.003339754785759874
LRCX,2025-06-26,PRICE_OR_PNL_CHANGED,OTHER_EXPLAINED_CENT_ROUNDING,0.2215695367650883,0.22821576763485357,0.8571428571428571,0.8285714285714286,0.006646230869765263
LRCX,2025-07-07,NEWLY_SELECTED,RANK_BOUNDARY_PROPAGATION,,-2.104942037827937,0.7428571428571429,0.8,-2.104942037827937
LRCX,2025-10-30,PRICE_OR_PNL_CHANGED,OTHER_EXPLAINED,4.1587203937250194,4.159456118665029,0.8571428571428571,0.8571428571428571,0.0007357249400099519
LRCX,2025-10-31,PRICE_OR_PNL_CHANGED,OTHER_EXPLAINED_CENT_ROUNDING,-3.162697668604289,-3.16483516483516,0.8285714285714286,0.8285714285714286,-0.0021374962308708945
LRCX,2025-11-05,PRICE_OR_PNL_CHANGED,OTHER_EXPLAINED_CENT_ROUNDING,-1.8116163779913141,-1.8138219380226372,0.9428571428571428,0.9428571428571428,-0.002205560031323106
LRCX,2025-11-06,PRICE_OR_PNL_CHANGED,OTHER_EXPLAINED_CENT_ROUNDING,0.3785390270608414,0.3771450122572093,0.8,0.8,-0.0013940148036321043
LRCX,2025-11-07,PRICE_OR_PNL_CHANGED,OTHER_EXPLAINED_CENT_ROUNDING,1.8996688037434322,1.8986568986569068,0.8285714285714286,0.8285714285714286,-0.0010119050865253776
LRCX,2025-11-25,PRICE_OR_PNL_CHANGED,OTHER_EXPLAINED,-1.2298835535784347,-1.228969505783389,0.8285714285714286,0.8285714285714286,0.0009140477950457804
LRCX,2025-11-26,PRICE_OR_PNL_CHANGED,OTHER_EXPLAINED,-1.2868117797695386,-1.2863390789812195,0.8285714285714286,0.8285714285714286,0.0004727007883191803
LRCX,2026-05-20,PRICE_OR_PNL_CHANGED,OTHER_EXPLAINED,-10.19083252182529,-10.189970905356851,0.9142857142857143,0.9142857142857143,0.0008616164684394079
LRCX,2026-05-21,PRICE_OR_PNL_CHANGED,OTHER_EXPLAINED_CENT_ROUNDING,-4.580778437223324,-4.582334198337874,0.9142857142857143,0.9142857142857143,-0.001555761114549803
LRCX,2026-05-22,PRICE_OR_PNL_CHANGED,OTHER_EXPLAINED_CENT_ROUNDING,-1.2446679824282247,-1.2436621065722868,0.9428571428571428,0.9428571428571428,0.001005875855937921
LRCX,2026-05-26,PRICE_OR_PNL_CHANGED,OTHER_EXPLAINED_CENT_ROUNDING,4.348348348348354,4.347041304413238,0.8857142857142857,0.8857142857142857,-0.001307043935116603
LRCX,2026-05-27,PRICE_OR_PNL_CHANGED,OTHER_EXPLAINED,-0.16416732438831314,-0.16445807900312528,0.8,0.8,-0.0002907546148121498
LRCX,2026-05-28,PRICE_OR_PNL_CHANGED,OTHER_EXPLAINED,-3.850931677018626,-3.8515384376069424,0.8571428571428571,0.8571428571428571,-0.000606760588316213
LRCX,2026-06-03,PRICE_OR_PNL_CHANGED,OTHER_EXPLAINED,1.680060652009104,1.6799829875140595,0.9142857142857143,0.9142857142857143,-7.766449504442718e-05
LRCX,2026-06-04,PRICE_OR_PNL_CHANGED,OTHER_EXPLAINED_CENT_ROUNDING,-2.5805035587746583,-2.578760561610698,0.8857142857142857,0.8571428571428571,0.0017429971639604247
LRCX,2026-06-10,PRICE_OR_PNL_CHANGED,OTHER_EXPLAINED_CENT_ROUNDING,-15.712118056588617,-15.709942775393431,0.9142857142857143,0.9142857142857143,0.002175281195185619
LRCX,2026-06-11,PRICE_OR_PNL_CHANGED,OTHER_EXPLAINED,-3.081646894626663,-3.0814831385269232,0.9428571428571428,0.9428571428571428,0.0001637560997398424
LRCX,2026-06-12,PRICE_OR_PNL_CHANGED,DIRECT_CORPORATE_ACTION,2.979539973549778,2.91206650214313,0.9428571428571428,0.9142857142857143,-0.06747347140664806
LRCX,2026-06-15,PRICE_OR_PNL_CHANGED,DIRECT_CORPORATE_ACTION,-0.7953085875163791,-0.8655870655818776,0.9142857142857143,0.9142857142857143,-0.07027847806549847
LRCX,2026-06-17,PRICE_OR_PNL_CHANGED,DIRECT_CORPORATE_ACTION,6.512763707768995,6.512096774193556,0.8,0.8,-0.0006669335754390104
LRCX,2026-06-22,PRICE_OR_PNL_CHANGED,DIRECT_CORPORATE_ACTION,-8.334456454351875,-8.332433890987586,0.8857142857142857,0.8857142857142857,0.002022563364288743
LRCX,2026-06-29,PRICE_OR_PNL_CHANGED,OTHER_EXPLAINED,15.544452184775045,15.544066370085377,0.8857142857142857,0.8857142857142857,-0.0003858146896682513
LRCX,2026-06-30,PRICE_OR_PNL_CHANGED,OTHER_EXPLAINED,13.59359952589081,13.593216987195333,0.8285714285714286,0.8285714285714286,-0.0003825386954758869
LRCX,2026-07-10,PRICE_OR_PNL_CHANGED,OTHER_EXPLAINED,-0.19715028228336617,-0.19736251906341562,0.8285714285714286,0.8285714285714286,-0.00021223678004944624
LRCX,2026-07-23,PRICE_OR_PNL_CHANGED,OTHER_EXPLAINED_CENT_ROUNDING,13.741923101529006,13.743635723206,0.8285714285714286,0.8285714285714286,0.0017126216769938196
LRCX,2026-07-31,PRICE_OR_PNL_CHANGED,OTHER_EXPLAINED,-8.385164302704613,-8.385367058242487,0.8857142857142857,0.8857142857142857,-0.00020275553787385547
LRCX,2026-08-03,PRICE_OR_PNL_CHANGED,OTHER_EXPLAINED_CENT_ROUNDING,1.546391752577305,1.544812461702203,0.9142857142857143,0.9142857142857143,-0.0015792908751020018
MDLZ,2025-02-07,PRICE_OR_PNL_CHANGED,OTHER_EXPLAINED_CENT_ROUNDING,-3.5177595628415217,-3.5249457700650813,0.9142857142857143,0.9142857142857143,-0.00718620722355956
MDLZ,2025-02-10,NO_LONGER_SELECTED,RANK_BOUNDARY_PROPAGATION,-4.699135496019854,,0.8,0.7714285714285715,4.699135496019854
MDLZ,2025-02-11,PRICE_OR_PNL_CHANGED,OTHER_EXPLAINED_CENT_ROUNDING,-1.5525876460767942,-1.5550450609648265,0.9428571428571428,0.9428571428571428,-0.0024574148880323055
MDLZ,2025-02-12,PRICE_OR_PNL_CHANGED,OTHER_EXPLAINED_CENT_ROUNDING,-1.0568031704095122,-1.0662471595874836,0.8285714285714286,0.8285714285714286,-0.009443989177971401
MDLZ,2025-02-13,PRICE_OR_PNL_CHANGED,OTHER_EXPLAINED,-1.1760862463247286,-1.1756569847856149,0.9142857142857143,0.9142857142857143,0.00042926153911371223
MDLZ,2025-02-21,PRICE_OR_PNL_CHANGED,OTHER_EXPLAINED_CENT_ROUNDING,1.7172499225766518,1.7210293394525442,0.9142857142857143,0.9142857142857143,0.0037794168758924496
MDLZ,2025-02-24,PRICE_OR_PNL_CHANGED,OTHER_EXPLAINED_CENT_ROUNDING,1.8705918429929451,1.866580100633012,1.0,1.0,-0.004011742359933068
MDLZ,2025-02-25,PRICE_OR_PNL_CHANGED,OTHER_EXPLAINED,1.9236641221374122,1.923076923076931,1.0,1.0,-0.0005871990604813249
MDLZ,2025-03-03,PRICE_OR_PNL_CHANGED,OTHER_EXPLAINED_CENT_ROUNDING,-0.6480783722682846,-0.6541161455009632,0.9714285714285714,0.9714285714285714,-0.006037773232678623
MDLZ,2025-03-04,PRICE_OR_PNL_CHANGED,OTHER_EXPLAINED_CENT_ROUNDING,-3.7854406130268177,-3.7962362102530762,0.9142857142857143,0.9142857142857143,-0.010795597226258558
MDLZ,2025-03-05,PRICE_OR_PNL_CHANGED,OTHER_EXPLAINED_CENT_ROUNDING,-2.574138190576537,-2.5653282345443063,1.0,0.9714285714285714,0.00880995603223056
MDLZ,2025-03-06,PRICE_OR_PNL_CHANGED,OTHER_EXPLAINED_CENT_ROUNDING,-1.5730337078651642,-1.5699333967649776,0.8857142857142857,0.8857142857142857,0.0031003111001866035
MDLZ,2025-03-07,PRICE_OR_PNL_CHANGED,OTHER_EXPLAINED_CENT_ROUNDING,4.833040421792615,4.821705426356588,0.8571428571428571,0.8571428571428571,-0.011334995436026674
MDLZ,2025-03-10,PRICE_OR_PNL_CHANGED,OTHER_EXPLAINED_CENT_ROUNDING,5.327089126298845,5.329202168861345,0.9714285714285714,0.9714285714285714,0.0021130425624997784
MDLZ,2025-03-11,PRICE_OR_PNL_CHANGED,OTHER_EXPLAINED_CENT_ROUNDING,3.6121103117505946,3.6173250832936716,0.9428571428571428,0.9428571428571428,0.005214771543077035
MDLZ,2025-06-20,PRICE_OR_PNL_CHANGED,OTHER_EXPLAINED_CENT_ROUNDING,1.6515638702133812,1.659241050852663,0.9714285714285714,0.9714285714285714,0.007677180639281689
MDLZ,2025-06-23,PRICE_OR_PNL_CHANGED,OTHER_EXPLAINED_CENT_ROUNDING,1.06569343065694,1.0741138560687475,0.9714285714285714,0.9714285714285714,0.00842042541180743
MDLZ,2025-11-07,PRICE_OR_PNL_CHANGED,OTHER_EXPLAINED_CENT_ROUNDING,-0.00877192982456589,-0.018168604651159177,0.8,0.8,-0.009396674826593286
MDLZ,2025-11-20,PRICE_OR_PNL_CHANGED,OTHER_EXPLAINED_CENT_ROUNDING,-1.380918220946921,-1.3741875580315728,0.8571428571428571,0.8571428571428571,0.0067306629153482955
MDLZ,2025-11-21,PRICE_OR_PNL_CHANGED,OTHER_EXPLAINED_CENT_ROUNDING,-0.31578947368421006,-0.3270348837209297,0.8857142857142857,0.8857142857142857,-0.011245410036719639
MDLZ,2026-05-20,PRICE_OR_PNL_CHANGED,OTHER_EXPLAINED_CENT_ROUNDING,0.8740692780835209,0.872715297217181,0.8285714285714286,0.8285714285714286,-0.0013539808663398656
MDLZ,2026-06-05,PRICE_OR_PNL_CHANGED,OTHER_EXPLAINED_CENT_ROUNDING,-3.41715022566086,-3.4273532305674053,0.8571428571428571,0.8571428571428571,-0.010203004906545132
MDLZ,2026-06-08,PRICE_OR_PNL_CHANGED,OTHER_EXPLAINED_CENT_ROUNDING,-2.2771317829457307,-2.26712666338098,0.8285714285714286,0.8285714285714286,0.010005119564750586
MDLZ,2026-06-09,PRICE_OR_PNL_CHANGED,OTHER_EXPLAINED_CENT_ROUNDING,0.8501259445843926,0.8488148622677789,0.9714285714285714,0.9714285714285714,-0.0013110823166136987
MDLZ,2026-06-10,PRICE_OR_PNL_CHANGED,OTHER_EXPLAINED_CENT_ROUNDING,3.995006242197246,4.000635021431978,0.8571428571428571,0.8571428571428571,0.00562877923473204
MDLZ,2026-06-24,PRICE_OR_PNL_CHANGED,OTHER_EXPLAINED,2.393897589872598,2.393924385009085,0.9142857142857143,0.9142857142857143,2.679513648740084e-05
MDLZ,2026-06-25,PRICE_OR_PNL_CHANGED,DIRECT_CORPORATE_ACTION,6.561085972850682,5.786618444846287,0.9142857142857143,0.9142857142857143,-0.7744675280043953
MDLZ,2026-07-14,PRICE_OR_PNL_CHANGED,OTHER_EXPLAINED_CENT_ROUNDING,-4.470709146968139,-4.475548643511325,0.8,0.8,-0.004839496543185717
MDLZ,2026-07-16,PRICE_OR_PNL_CHANGED,OTHER_EXPLAINED_CENT_ROUNDING,3.8399742930591265,3.8255795104555026,0.8571428571428571,0.8571428571428571,-0.014394782603623923
MDLZ,2026-07-17,PRICE_OR_PNL_CHANGED,OTHER_EXPLAINED_CENT_ROUNDING,-0.23060451325976045,-0.23263542705217774,0.8857142857142857,0.8857142857142857,-0.0020309137924172938
MDLZ,2026-07-20,PRICE_OR_PNL_CHANGED,OTHER_EXPLAINED_CENT_ROUNDING,-0.5862646566164058,-0.5745184183845952,0.9428571428571428,0.9428571428571428,0.011746238231810646
MDLZ,2026-07-24,PRICE_OR_PNL_CHANGED,OTHER_EXPLAINED_CENT_ROUNDING,-7.349298100743193,-7.34755081639454,0.8285714285714286,0.8285714285714286,0.0017472843486521228
MDLZ,2026-07-29,PRICE_OR_PNL_CHANGED,OTHER_EXPLAINED_CENT_ROUNDING,3.3041027247103028,3.3017377567140542,0.8857142857142857,0.8857142857142857,-0.0023649679962485237
MDLZ,2026-07-30,PRICE_OR_PNL_CHANGED,OTHER_EXPLAINED_CENT_ROUNDING,0.5765534913516968,0.5655194700274704,0.8857142857142857,0.8857142857142857,-0.011034021324226373
META,2025-02-28,PRICE_OR_PNL_CHANGED,OTHER_EXPLAINED,2.5791368241362673,2.578266127226325,0.8857142857142857,0.8857142857142857,-0.0008706969099421258
META,2025-06-06,PRICE_OR_PNL_CHANGED,OTHER_EXPLAINED,0.5841422558199525,0.5840970234070493,0.9714285714285714,0.9714285714285714,-4.523241290321778e-05
META,2025-06-17,PRICE_OR_PNL_CHANGED,DIRECT_CORPORATE_ACTION,-0.05729263646391151,-0.05752581470934755,0.8,0.8,-0.0002331782454360401
META,2025-06-30,PRICE_OR_PNL_CHANGED,OTHER_EXPLAINED,2.592705682782021,2.593031653245033,0.8,0.8,0.00032597046301185983
META,2025-07-08,PRICE_OR_PNL_CHANGED,OTHER_EXPLAINED,0.7063641961215719,0.7071506967309796,0.8,0.8,0.0007865006094077698
META,2025-11-24,PRICE_OR_PNL_CHANGED,OTHER_EXPLAINED,-3.79481098059327,-3.7948223187007595,0.8857142857142857,0.8857142857142857,-1.1338107489322624e-05
META,2025-11-25,PRICE_OR_PNL_CHANGED,OTHER_EXPLAINED_CENT_ROUNDING,-0.542804700123941,-0.5414935146707051,0.8,0.8,0.0013111854532359413
META,2025-11-28,PRICE_OR_PNL_CHANGED,OTHER_EXPLAINED,-0.029708388710820825,-0.02980906509359334,0.8285714285714286,0.8285714285714286,-0.000100676382772516
META,2026-05-28,PRICE_OR_PNL_CHANGED,OTHER_EXPLAINED_CENT_ROUNDING,5.6263521088951,5.624980227150487,0.8285714285714286,0.8285714285714286,-0.0013718817446131126
META,2026-05-29,PRICE_OR_PNL_CHANGED,OTHER_EXPLAINED,0.9822932892519868,0.9823902174951373,0.8,0.8,9.692824315055137e-05
META,2026-06-04,PRICE_OR_PNL_CHANGED,OTHER_EXPLAINED,6.156006741032005,6.15614649988745,0.8,0.8,0.00013975885544503797
META,2026-06-16,PRICE_OR_PNL_CHANGED,DIRECT_CORPORATE_ACTION,4.793664730514654,4.792402453655983,0.9142857142857143,0.9142857142857143,-0.0012622768586707522
META,2026-07-01,PRICE_OR_PNL_CHANGED,OTHER_EXPLAINED,-1.3283950617284033,-1.3277980956146518,0.9428571428571428,0.9428571428571428,0.0005969661137514848
META,2026-07-06,PRICE_OR_PNL_CHANGED,OTHER_EXPLAINED,-3.89368880111906,-3.8934729976777485,0.9428571428571428,0.9428571428571428,0.00021580344131155726
META,2026-07-08,PRICE_OR_PNL_CHANGED,OTHER_EXPLAINED,-12.455692734464632,-12.455229379809104,0.8857142857142857,0.8857142857142857,0.00046335465552793664
META,2026-07-09,PRICE_OR_PNL_CHANGED,OTHER_EXPLAINED,0.027220760366565344,0.027242183006941256,0.9714285714285714,0.9714285714285714,2.1422640375912128e-05
META,2026-07-10,PRICE_OR_PNL_CHANGED,OTHER_EXPLAINED,-3.002539912917256,-3.0018761726078846,0.9714285714285714,0.9714285714285714,0.0006637403093714411
META,2026-07-13,PRICE_OR_PNL_CHANGED,OTHER_EXPLAINED,-1.9530231202344273,-1.9530170428374065,1.0,1.0,6.077397020742836e-06
META,2026-07-14,PRICE_OR_PNL_CHANGED,OTHER_EXPLAINED,2.650693188667877,2.651263799239917,1.0,1.0,0.0005706105720402199
META,2026-07-15,PRICE_OR_PNL_CHANGED,OTHER_EXPLAINED,4.638440810601301,4.638413570943048,0.8,0.8,-2.7239658252575794e-05
META,2026-08-04,PRICE_OR_PNL_CHANGED,OTHER_EXPLAINED_CENT_ROUNDING,1.3693153423288213,1.3703882766783966,0.8571428571428571,0.8571428571428571,0.0010729343495752275
MSFT,2025-03-05,PRICE_OR_PNL_CHANGED,OTHER_EXPLAINED,3.502182519541166,3.502195291036548,0.8285714285714286,0.8285714285714286,1.2771495382146725e-05
MSFT,2025-03-06,PRICE_OR_PNL_CHANGED,OTHER_EXPLAINED,3.1039755351681833,3.104292896738435,0.9714285714285714,0.9714285714285714,0.00031736157025186174
MSFT,2025-06-13,PRICE_OR_PNL_CHANGED,OTHER_EXPLAINED,-1.05847940910335,-1.0583134988099323,0.8571428571428571,0.8571428571428571,0.0001659102934177259
MSFT,2025-07-08,PRICE_OR_PNL_CHANGED,OTHER_EXPLAINED,-0.5495383877542863,-0.5489183080400443,0.8285714285714286,0.8285714285714286,0.00062007971424205
MSFT,2025-11-17,PRICE_OR_PNL_CHANGED,DIRECT_CORPORATE_ACTION,3.4530093971112246,3.2728160872750927,0.8,0.8,-0.1801933098361319
MSFT,2026-05-29,PRICE_OR_PNL_CHANGED,OTHER_EXPLAINED,8.011358747095764,8.01129383365304,0.9142857142857143,0.9142857142857143,-6.491344272419042e-05
MSFT,2026-06-01,PRICE_OR_PNL_CHANGED,OTHER_EXPLAINED_CENT_ROUNDING,4.161350256306949,4.1602188880665665,0.9142857142857143,0.9142857142857143,-0.00113136824038218
MSFT,2026-07-02,PRICE_OR_PNL_CHANGED,OTHER_EXPLAINED,1.0309011988424992,1.0302606714814575,0.9428571428571428,0.9428571428571428,-0.0006405273610416984
MSFT,2026-07-15,PRICE_OR_PNL_CHANGED,OTHER_EXPLAINED,-1.054455072682079,-1.05392896669685,0.8571428571428571,0.8571428571428571,0.0005261059852288419
MSFT,2026-07-16,PRICE_OR_PNL_CHANGED,OTHER_EXPLAINED_CENT_ROUNDING,-0.6123171904255754,-0.6109308456702414,0.8285714285714286,0.8285714285714286,0.0013863447553340569
MSFT,2026-07-20,PRICE_OR_PNL_CHANGED,OTHER_EXPLAINED,4.38139161820733,4.382109941990405,0.8571428571428571,0.8571428571428571,0.0007183237830750144
MSFT,2026-07-30,PRICE_OR_PNL_CHANGED,OTHER_EXPLAINED_CENT_ROUNDING,-9.541747227592937,-9.54310651941575,1.0,1.0,-0.0013592918228120254
MSFT,2026-07-31,PRICE_OR_PNL_CHANGED,OTHER_EXPLAINED_CENT_ROUNDING,-2.3838528102159167,-2.382004503082716,1.0,1.0,0.0018483071332004997
MSFT,2026-08-03,PRICE_OR_PNL_CHANGED,OTHER_EXPLAINED,-3.968468562158111,-3.967575902811065,0.9714285714285714,0.9714285714285714,0.0008926593470457433
MSFT,2026-08-04,PRICE_OR_PNL_CHANGED,OTHER_EXPLAINED,-0.7213233664443561,-0.7206588881262855,0.8857142857142857,0.8857142857142857,0.0006644783180705938
MSFT,2026-08-10,PRICE_OR_PNL_CHANGED,OTHER_EXPLAINED_CENT_ROUNDING,1.4851386988678066,1.4839683737931524,0.8571428571428571,0.8571428571428571,-0.0011703250746541993
MU,2025-02-06,PRICE_OR_PNL_CHANGED,OTHER_EXPLAINED_CENT_ROUNDING,1.548279108693382,1.5437933207309378,0.9142857142857143,0.9142857142857143,-0.004485787962444254
MU,2025-02-10,PRICE_OR_PNL_CHANGED,OTHER_EXPLAINED,-1.512016552602257,-1.5125692373242456,0.8571428571428571,0.8571428571428571,-0.00055268472198855
MU,2025-02-14,PRICE_OR_PNL_CHANGED,OTHER_EXPLAINED_CENT_ROUNDING,-0.6338371526084893,-0.6264682850430703,0.9142857142857143,0.9142857142857143,0.007368867565418991
MU,2025-02-18,PRICE_OR_PNL_CHANGED,OTHER_EXPLAINED_CENT_ROUNDING,6.597353497164465,6.59455356295664,0.9714285714285714,0.9714285714285714,-0.0027999342078253164
MU,2025-02-19,PRICE_OR_PNL_CHANGED,OTHER_EXPLAINED_CENT_ROUNDING,8.251586843623771,8.254489283645489,0.9714285714285714,0.9714285714285714,0.0029024400217174673
MU,2025-02-28,NO_LONGER_SELECTED,RANK_BOUNDARY_PROPAGATION,1.49316069750443,,0.8,0.7714285714285715,-1.49316069750443
MU,2025-03-11,PRICE_OR_PNL_CHANGED,OTHER_EXPLAINED_CENT_ROUNDING,-8.916027234410462,-8.918303135510468,0.8,0.8,-0.0022759011000061946
MU,2025-06-05,PRICE_OR_PNL_CHANGED,OTHER_EXPLAINED_CENT_ROUNDING,-5.622861370572458,-5.618394214722791,1.0,1.0,0.004467155849667392
MU,2025-06-06,PRICE_OR_PNL_CHANGED,OTHER_EXPLAINED_CENT_ROUNDING,-5.874840357598976,-5.880738979330522,1.0,1.0,-0.005898621731545539
MU,2025-06-09,PRICE_OR_PNL_CHANGED,OTHER_EXPLAINED_CENT_ROUNDING,-4.07450523864959,-4.066792351198493,1.0,1.0,0.007712887451097217
MU,2025-06-10,PRICE_OR_PNL_CHANGED,OTHER_EXPLAINED,0.025942580422000292,0.0260078023407032,0.8571428571428571,0.8571428571428571,6.522191870290614e-05
MU,2025-06-11,PRICE_OR_PNL_CHANGED,OTHER_EXPLAINED_CENT_ROUNDING,-5.013585765623629,-5.0175746924428895,0.9142857142857143,0.9142857142857143,-0.003988926819260108
MU,2025-06-12,PRICE_OR_PNL_CHANGED,OTHER_EXPLAINED_CENT_ROUNDING,-5.755711775043934,-5.752797110386751,0.9428571428571428,0.9428571428571428,0.0029146646571831525
MU,2025-06-13,PRICE_OR_PNL_CHANGED,OTHER_EXPLAINED,-3.3868092691622063,-3.3869457918474932,0.9142857142857143,0.9142857142857143,-0.0001365226852869661
MU,2025-06-16,PRICE_OR_PNL_CHANGED,OTHER_EXPLAINED_CENT_ROUNDING,-3.300183854253717,-3.2925603217158232,0.9428571428571428,0.9428571428571428,0.00762353253789394
MU,2025-06-17,PRICE_OR_PNL_CHANGED,OTHER_EXPLAINED_CENT_ROUNDING,-1.3448447617466417,-1.348314606741565,0.9428571428571428,0.9428571428571428,-0.00346984499492331
MU,2025-06-18,PRICE_OR_PNL_CHANGED,OTHER_EXPLAINED_CENT_ROUNDING,-4.14562632350546,-4.147954601126806,0.9428571428571428,0.9428571428571428,-0.002328277621345798
MU,2025-06-20,PRICE_OR_PNL_CHANGED,OTHER_EXPLAINED,-3.088784668876853,-3.088521400778212,1.0,1.0,0.00026326809864096745
MU,2025-06-24,PRICE_OR_PNL_CHANGED,OTHER_EXPLAINED_CENT_ROUNDING,1.3444049031237664,1.3478157456592315,0.8857142857142857,0.8571428571428571,0.003410842535465086
MU,2025-07-08,PRICE_OR_PNL_CHANGED,DIRECT_CORPORATE_ACTION,0.24032684450852934,0.24071250902671681,0.9142857142857143,0.9142857142857143,0.00038566451818747294
MU,2025-10-30,PRICE_OR_PNL_CHANGED,OTHER_EXPLAINED,4.281761890123403,4.281506879423276,0.8,0.8,-0.0002550107001271229
MU,2025-10-31,PRICE_OR_PNL_CHANGED,OTHER_EXPLAINED_CENT_ROUNDING,-1.4139860737323262,-1.415376721115186,0.8,0.8,-0.0013906473828597665
MU,2025-11-03,PRICE_OR_PNL_CHANGED,OTHER_EXPLAINED,-7.298629397069748,-7.2989412029736505,0.9428571428571428,0.9428571428571428,-0.00031180590390267326
MU,2025-11-05,PRICE_OR_PNL_CHANGED,OTHER_EXPLAINED_CENT_ROUNDING,-6.445509586276482,-6.443331509616587,0.9714285714285714,0.9714285714285714,0.002178076659895112
MU,2025-11-06,PRICE_OR_PNL_CHANGED,OTHER_EXPLAINED_CENT_ROUNDING,-3.042344998504467,-3.0410607356715076,0.9714285714285714,0.9714285714285714,0.0012842628329594596
MU,2025-11-07,PRICE_OR_PNL_CHANGED,OTHER_EXPLAINED_CENT_ROUNDING,1.293780984240864,1.295033687013357,0.9714285714285714,0.9714285714285714,0.0012527027724928974
MU,2025-11-10,PRICE_OR_PNL_CHANGED,OTHER_EXPLAINED,4.520001611408774,4.5203435622404164,1.0,1.0,0.0003419508316424569
MU,2025-11-14,PRICE_OR_PNL_CHANGED,OTHER_EXPLAINED,8.516928559857446,8.5171071833955,0.9142857142857143,0.9142857142857143,0.00017862353805497833
MU,2025-11-25,PRICE_OR_PNL_CHANGED,OTHER_EXPLAINED,-4.730377210558404,-4.730554586675965,0.9428571428571428,0.9428571428571428,-0.00017737611756096783
MU,2025-11-26,PRICE_OR_PNL_CHANGED,OTHER_EXPLAINED_CENT_ROUNDING,-1.6488763448846595,-1.652646783923874,0.9142857142857143,0.9142857142857143,-0.0037704390392145903
MU,2025-11-28,PRICE_OR_PNL_CHANGED,OTHER_EXPLAINED_CENT_ROUNDING,-0.820113222980391,-0.8187537705765774,0.8571428571428571,0.8571428571428571,0.0013594524038136324
MU,2025-12-01,PRICE_OR_PNL_CHANGED,OTHER_EXPLAINED,5.1199397161636115,5.120683875293329,0.9714285714285714,0.9714285714285714,0.000744159129717481
MU,2025-12-02,PRICE_OR_PNL_CHANGED,OTHER_EXPLAINED,-0.2790815679309893,-0.27935325488868057,0.8571428571428571,0.8571428571428571,-0.00027168695769125284
MU,2026-05-21,PRICE_OR_PNL_CHANGED,OTHER_EXPLAINED,-22.68652180519677,-22.686665785648202,1.0,1.0,-0.00014398045143337868
MU,2026-05-22,PRICE_OR_PNL_CHANGED,OTHER_EXPLAINED,-12.514470237007256,-12.515234241700393,0.8,0.8,-0.000764004693136755
MU,2026-05-26,PRICE_OR_PNL_CHANGED,OTHER_EXPLAINED,-1.6860811956419368,-1.686345936440135,0.9714285714285714,0.9714285714285714,-0.00026474079819815977
MU,2026-05-27,PRICE_OR_PNL_CHANGED,OTHER_EXPLAINED,-11.23855183385647,-11.23809319027244,1.0,1.0,0.0004586435840288061
MU,2026-05-28,PRICE_OR_PNL_CHANGED,OTHER_EXPLAINED,-11.187970867598034,-11.18867963965471,1.0,1.0,-0.0007087720566758549
MU,2026-05-29,PRICE_OR_PNL_CHANGED,OTHER_EXPLAINED,-6.907239975837038,-6.907344129153679,0.9428571428571428,0.9428571428571428,-0.00010415331664059835
MU,2026-06-01,PRICE_OR_PNL_CHANGED,OTHER_EXPLAINED,5.031428571428576,5.03124285605425,0.8857142857142857,0.8857142857142857,-0.00018571537432521268
MU,2026-06-02,PRICE_OR_PNL_CHANGED,OTHER_EXPLAINED,19.90488815551621,19.904316866933687,0.9714285714285714,0.9714285714285714,-0.0005712885825239766
MU,2026-06-03,PRICE_OR_PNL_CHANGED,OTHER_EXPLAINED,5.722371164730414,5.723223596007745,0.9714285714285714,0.9714285714285714,0.0008524312773312559
MU,2026-06-10,PRICE_OR_PNL_CHANGED,OTHER_EXPLAINED,-20.282627685571168,-20.282450261548508,0.8285714285714286,0.8285714285714286,0.0001774240226595225
MU,2026-06-11,PRICE_OR_PNL_CHANGED,OTHER_EXPLAINED,-5.052843896967267,-5.052594742584236,0.8285714285714286,0.8285714285714286,0.0002491543830309695
MU,2026-06-12,NO_LONGER_SELECTED,RANK_BOUNDARY_PROPAGATION,1.380694892944055,,0.8,0.7714285714285715,-1.380694892944055
MU,2026-06-15,PRICE_OR_PNL_CHANGED,OTHER_EXPLAINED,-2.9362019423125854,-2.936655904688278,0.9714285714285714,0.9714285714285714,-0.0004539623756927291
MU,2026-06-17,PRICE_OR_PNL_CHANGED,OTHER_EXPLAINED,5.112064725444805,5.111518291527147,0.9714285714285714,0.9714285714285714,-0.0005464339176581845
MU,2026-06-18,PRICE_OR_PNL_CHANGED,OTHER_EXPLAINED,12.378198592702772,12.378389221356702,0.8857142857142857,0.8857142857142857,0.00019062865393060235
MU,2026-06-22,PRICE_OR_PNL_CHANGED,OTHER_EXPLAINED,-12.466202451942653,-12.46631289417388,0.9714285714285714,0.9714285714285714,-0.0001104422312270259
MU,2026-06-26,PRICE_OR_PNL_CHANGED,OTHER_EXPLAINED,8.45308762292904,8.45347487439411,0.9714285714285714,0.9714285714285714,0.0003872514650709036
MU,2026-06-29,PRICE_OR_PNL_CHANGED,OTHER_EXPLAINED,14.759812357499152,14.759512472150623,0.8571428571428571,0.8571428571428571,-0.00029988534852876114
MU,2026-07-21,NONE,UNCHANGED,,,,,0.0
MU,2026-07-22,NONE,UNCHANGED,,,,,0.0
MU,2026-07-23,NONE,UNCHANGED,,,,,0.0
MU,2026-08-03,NONE,UNCHANGED,,,,,0.0
MU,2026-08-05,NONE,UNCHANGED,,,,,0.0
MU,2026-08-06,NONE,UNCHANGED,,,,,0.0
NFLX,2025-02-06,PRICE_OR_PNL_CHANGED,OTHER_EXPLAINED,0.9154375614552552,0.9144542772861425,0.8285714285714286,0.8285714285714286,-0.0009832841691127525
NFLX,2025-02-07,PRICE_OR_PNL_CHANGED,OTHER_EXPLAINED_CENT_ROUNDING,-0.3978300180831764,-0.3909686247678541,0.8,0.8,0.006861393315322317
NFLX,2025-02-14,PRICE_OR_PNL_CHANGED,OTHER_EXPLAINED_CENT_ROUNDING,3.370754716981134,3.367924528301881,0.8571428571428571,0.8571428571428571,-0.0028301886792529984
NFLX,2025-06-13,PRICE_OR_PNL_CHANGED,OTHER_EXPLAINED,-0.8249463784853984,-0.8249463784853984,0.8,0.8,0.0
NFLX,2025-06-20,PRICE_OR_PNL_CHANGED,OTHER_EXPLAINED,-3.012459360675256,-3.012924071082394,0.8,0.8,-0.0004647104071380248
NFLX,2025-06-23,PRICE_OR_PNL_CHANGED,OTHER_EXPLAINED_CENT_ROUNDING,-3.751339764201501,-3.7472213401079815,0.8571428571428571,0.8571428571428571,0.004118424093519479
NFLX,2025-06-24,PRICE_OR_PNL_CHANGED,OTHER_EXPLAINED_CENT_ROUNDING,-2.795996394268131,-2.7976375505128956,0.8285714285714286,0.8285714285714286,-0.0016411562447644634
NFLX,2025-06-27,PRICE_OR_PNL_CHANGED,OTHER_EXPLAINED_CENT_ROUNDING,3.5766549345981016,3.5722326454033704,0.8285714285714286,0.8285714285714286,-0.004422289194731199
NFLX,2025-06-30,PRICE_OR_PNL_CHANGED,OTHER_EXPLAINED_CENT_ROUNDING,3.2303864059242446,3.2282170079210832,0.9714285714285714,0.9714285714285714,-0.0021693980031614046
NFLX,2025-10-31,PRICE_OR_PNL_CHANGED,OTHER_EXPLAINED_CENT_ROUNDING,3.0511107384623473,3.045013239187999,0.8571428571428571,0.8571428571428571,-0.006097499274348106
NFLX,2025-11-10,PRICE_OR_PNL_CHANGED,OTHER_EXPLAINED,-3.3097709377236946,-3.310665712240505,0.8285714285714286,0.8285714285714286,-0.0008947745168104149
NFLX,2025-11-11,PRICE_OR_PNL_CHANGED,OTHER_EXPLAINED_CENT_ROUNDING,2.246149520721865,2.2491653487963346,0.9142857142857143,0.9142857142857143,0.003015828074469429
NFLX,2025-11-12,PRICE_OR_PNL_CHANGED,DIRECT_CORPORATE_ACTION,90.46430052529722,4.639709694142034,0.9142857142857143,0.9142857142857143,-85.82459083115518
NFLX,2025-11-13,PRICE_OR_PNL_CHANGED,DIRECT_CORPORATE_ACTION,90.024839505309,0.2449050992740323,0.8571428571428571,0.8571428571428571,-89.77993440603497
NFLX,2025-12-01,NONE,UNCHANGED,,,,,0.0
NFLX,2026-06-08,NONE,UNCHANGED,,,,,0.0
NFLX,2026-06-09,NONE,UNCHANGED,,,,,0.0
NFLX,2026-07-02,NONE,UNCHANGED,,,,,0.0
NFLX,2026-07-06,NONE,UNCHANGED,,,,,0.0
NFLX,2026-07-24,NONE,UNCHANGED,,,,,0.0
NFLX,2026-07-27,NO_LONGER_SELECTED,RANK_BOUNDARY_PROPAGATION,-1.4563106796116663,,0.8,0.7714285714285715,1.4563106796116663
NFLX,2026-07-29,NONE,UNCHANGED,,,,,0.0
NFLX,2026-07-30,NONE,UNCHANGED,,,,,0.0
NVDA,2025-02-06,PRICE_OR_PNL_CHANGED,OTHER_EXPLAINED,-2.8246401485838146,-2.8243327126008806,1.0,1.0,0.0003074359829340345
NVDA,2025-02-07,PRICE_OR_PNL_CHANGED,OTHER_EXPLAINED_CENT_ROUNDING,-0.7919261822375993,-0.7940790995297209,1.0,1.0,-0.0021529172921216366
NVDA,2025-02-10,PRICE_OR_PNL_CHANGED,OTHER_EXPLAINED_CENT_ROUNDING,-2.0138784130336305,-2.0192089540951494,1.0,1.0,-0.0053305410615189786
NVDA,2025-02-11,PRICE_OR_PNL_CHANGED,OTHER_EXPLAINED_CENT_ROUNDING,-6.761018383201309,-6.7633222796329235,0.8857142857142857,0.8857142857142857,-0.0023038964316146604
NVDA,2025-02-14,PRICE_OR_PNL_CHANGED,OTHER_EXPLAINED_CENT_ROUNDING,0.8140440291640162,0.8161816891412389,0.8,0.8,0.0021376599772227056
NVDA,2025-02-18,PRICE_OR_PNL_CHANGED,OTHER_EXPLAINED_CENT_ROUNDING,3.7560031538957643,3.758533956162428,0.9142857142857143,0.9142857142857143,0.0025308022666634677
NVDA,2025-02-19,PRICE_OR_PNL_CHANGED,OTHER_EXPLAINED_CENT_ROUNDING,7.171400028542873,7.1689203691779415,0.8285714285714286,0.8285714285714286,-0.0024796593649316634
NVDA,2025-06-18,PRICE_OR_PNL_CHANGED,OTHER_EXPLAINED_CENT_ROUNDING,-1.6363011344104668,-1.6403611551450794,0.8285714285714286,0.8285714285714286,-0.004060020734612646
NVDA,2025-06-25,PRICE_OR_PNL_CHANGED,OTHER_EXPLAINED,-1.2149382913928581,-1.2147310238447113,0.9428571428571428,0.9428571428571428,0.0002072675481468167
NVDA,2025-06-26,PRICE_OR_PNL_CHANGED,OTHER_EXPLAINED_CENT_ROUNDING,1.7623686234298899,1.766670949505332,0.9714285714285714,0.9714285714285714,0.004302326075442231
NVDA,2025-06-27,PRICE_OR_PNL_CHANGED,OTHER_EXPLAINED_CENT_ROUNDING,0.7385897354964885,0.73408429312745,0.9714285714285714,0.9714285714285714,-0.004505442369038493
NVDA,2025-07-07,PRICE_OR_PNL_CHANGED,OTHER_EXPLAINED_CENT_ROUNDING,-2.9904606501819924,-2.988361119849009,0.9428571428571428,0.9428571428571428,0.002099530332983157
NVDA,2025-07-08,PRICE_OR_PNL_CHANGED,OTHER_EXPLAINED_CENT_ROUNDING,-2.2647770266079505,-2.263118627207154,0.8571428571428571,0.8571428571428571,0.0016583994007963732
NVDA,2025-10-30,PRICE_OR_PNL_CHANGED,OTHER_EXPLAINED,3.749091789779598,3.748300640901145,0.9428571428571428,0.9428571428571428,-0.0007911488784531073
NVDA,2025-11-10,PRICE_OR_PNL_CHANGED,OTHER_EXPLAINED_CENT_ROUNDING,4.209601393585418,4.2062554568332375,0.8571428571428571,0.8571428571428571,-0.003345936752180201
NVDA,2026-06-01,PRICE_OR_PNL_CHANGED,DIRECT_CORPORATE_ACTION,3.726120257064884,3.613341568869672,0.8,0.8,-0.11277868819521197
NVDA,2026-07-08,PRICE_OR_PNL_CHANGED,OTHER_EXPLAINED_CENT_ROUNDING,0.4524886877828109,0.4554358472086084,0.9428571428571428,0.9428571428571428,0.0029471594257974854
NVDA,2026-07-09,PRICE_OR_PNL_CHANGED,OTHER_EXPLAINED,-4.846534653465342,-4.847103137235466,0.8571428571428571,0.8571428571428571,-0.0005684837701238621
NVDA,2026-07-10,PRICE_OR_PNL_CHANGED,OTHER_EXPLAINED_CENT_ROUNDING,-1.864813039309691,-1.8620722752795484,0.8,0.8,0.0027407640301424507
NVDA,2026-07-14,PRICE_OR_PNL_CHANGED,OTHER_EXPLAINED,4.397056048311012,4.397317211411298,0.9428571428571428,0.9428571428571428,0.00026116310028623246
NVDA,2026-07-22,PRICE_OR_PNL_CHANGED,OTHER_EXPLAINED_CENT_ROUNDING,6.177790508927718,6.179802131625474,0.8571428571428571,0.8571428571428571,0.0020116226977560103
NVDA,2026-08-04,PRICE_OR_PNL_CHANGED,OTHER_EXPLAINED_CENT_ROUNDING,-3.251095227115523,-3.2500807903605518,0.8,0.8,0.0010144367549713706
NVDA,2026-08-05,PRICE_OR_PNL_CHANGED,OTHER_EXPLAINED_CENT_ROUNDING,1.7920823364781286,1.7895878524945805,0.9428571428571428,0.9428571428571428,-0.0024944839835481236
NVDA,2026-08-06,PRICE_OR_PNL_CHANGED,OTHER_EXPLAINED_CENT_ROUNDING,1.858077617328523,1.8567878924779693,0.8857142857142857,0.8857142857142857,-0.0012897248505536751
NVDA,2026-08-07,PRICE_OR_PNL_CHANGED,OTHER_EXPLAINED,-0.2953813104189029,-0.2957121734844736,0.9714285714285714,0.9714285714285714,-0.0003308630655706746
PANW,2025-02-07,NONE,UNCHANGED,,,,,0.0
PANW,2025-02-10,NONE,UNCHANGED,,,,,0.0
PANW,2025-02-11,NONE,UNCHANGED,,,,,0.0
PANW,2025-02-13,NONE,UNCHANGED,,,,,0.0
PANW,2025-02-18,NONE,UNCHANGED,,,,,0.0
PANW,2025-02-28,NONE,UNCHANGED,,,,,0.0
PANW,2025-03-11,NONE,UNCHANGED,,,,,0.0
PANW,2025-06-16,NO_LONGER_SELECTED,RANK_BOUNDARY_PROPAGATION,-0.6363957775645188,,0.8,0.7714285714285715,0.6363957775645188
PANW,2025-06-17,NONE,UNCHANGED,,,,,0.0
PANW,2025-06-20,NONE,UNCHANGED,,,,,0.0
PANW,2025-07-07,NONE,UNCHANGED,,,,,0.0
PANW,2025-07-08,NONE,UNCHANGED,,,,,0.0
PANW,2025-11-11,NONE,UNCHANGED,,,,,0.0
PANW,2026-05-22,NONE,UNCHANGED,,,,,0.0
PANW,2026-05-29,NONE,UNCHANGED,,,,,0.0
PANW,2026-06-01,NONE,UNCHANGED,,,,,0.0
PANW,2026-06-02,NONE,UNCHANGED,,,,,0.0
PANW,2026-06-11,NONE,UNCHANGED,,,,,0.0
PANW,2026-06-12,NONE,UNCHANGED,,,,,0.0
PANW,2026-06-23,NONE,UNCHANGED,,,,,0.0
PANW,2026-06-25,NONE,UNCHANGED,,,,,0.0
PANW,2026-06-26,NONE,UNCHANGED,,,,,0.0
PANW,2026-06-29,NONE,UNCHANGED,,,,,0.0
PANW,2026-06-30,NONE,UNCHANGED,,,,,0.0
PANW,2026-07-01,NONE,UNCHANGED,,,,,0.0
PANW,2026-07-02,NONE,UNCHANGED,,,,,0.0
PANW,2026-07-06,NONE,UNCHANGED,,,,,0.0
PANW,2026-07-14,NONE,UNCHANGED,,,,,0.0
PANW,2026-07-15,NONE,UNCHANGED,,,,,0.0
PANW,2026-07-16,NONE,UNCHANGED,,,,,0.0
PANW,2026-08-04,NONE,UNCHANGED,,,,,0.0
PANW,2026-08-05,NONE,UNCHANGED,,,,,0.0
PANW,2026-08-10,NONE,UNCHANGED,,,,,0.0
PANW,2026-08-11,NONE,UNCHANGED,,,,,0.0
PEP,2025-02-21,PRICE_OR_PNL_CHANGED,OTHER_EXPLAINED_CENT_ROUNDING,0.5448339241171146,0.5416432189082796,0.9428571428571428,0.9428571428571428,-0.0031907052088350207
PEP,2025-02-24,PRICE_OR_PNL_CHANGED,OTHER_EXPLAINED_CENT_ROUNDING,1.7068597659533113,1.711237356242205,0.9714285714285714,0.9714285714285714,0.004377590288893618
PEP,2025-02-25,PRICE_OR_PNL_CHANGED,OTHER_EXPLAINED,1.3370187054059164,1.3363642625886878,0.9714285714285714,0.9714285714285714,-0.0006544428172285954
PEP,2025-02-27,PRICE_OR_PNL_CHANGED,OTHER_EXPLAINED,-0.2992843201041041,-0.2997978107787818,0.8285714285714286,0.8285714285714286,-0.0005134906746777079
PEP,2025-03-03,PRICE_OR_PNL_CHANGED,OTHER_EXPLAINED_CENT_ROUNDING,1.6719643992371418,1.6690510252741937,0.9428571428571428,0.9428571428571428,-0.002913373962948107
PEP,2025-03-04,NO_LONGER_SELECTED,DIRECT_CORPORATE_ACTION,-0.9743019682207419,,0.8,0.7714285714285715,0.9743019682207419
PEP,2025-03-10,PRICE_OR_PNL_CHANGED,DIRECT_CORPORATE_ACTION,4.782078438924186,4.786254857844128,0.8285714285714286,0.9428571428571428,0.004176418919941582
PEP,2025-07-01,PRICE_OR_PNL_CHANGED,OTHER_EXPLAINED_CENT_ROUNDING,0.5988909426987078,0.6059193661151147,1.0,1.0,0.007028423416406859
PEP,2025-07-02,PRICE_OR_PNL_CHANGED,OTHER_EXPLAINED_CENT_ROUNDING,1.232671275467283,1.2298232129131395,0.8857142857142857,0.8857142857142857,-0.0028480625541436044
PEP,2025-11-17,PRICE_OR_PNL_CHANGED,OTHER_EXPLAINED_CENT_ROUNDING,1.4700923865398736,1.47347740667978,0.9428571428571428,0.9428571428571428,0.0033850201399063806
PEP,2025-11-18,PRICE_OR_PNL_CHANGED,OTHER_EXPLAINED,1.3883272678258542,1.388499298737721,0.9714285714285714,0.9714285714285714,0.00017203091186668296
PEP,2025-11-19,PRICE_OR_PNL_CHANGED,OTHER_EXPLAINED_CENT_ROUNDING,0.8112345763174026,0.8157185416370956,0.8,0.8,0.004483965319692973
PEP,2026-06-05,PRICE_OR_PNL_CHANGED,DIRECT_CORPORATE_ACTION,-2.3768979707676987,-2.373610613122985,0.8,0.8,0.003287357644713662
PEP,2026-06-08,NEWLY_SELECTED,DIRECT_CORPORATE_ACTION,,-1.463031687125309,0.6857142857142857,0.8,-1.463031687125309
PEP,2026-06-09,PRICE_OR_PNL_CHANGED,DIRECT_CORPORATE_ACTION,-0.3862212943632615,-0.38683359122238214,0.8571428571428571,0.8857142857142857,-0.0006122968591206202
PEP,2026-06-10,PRICE_OR_PNL_CHANGED,DIRECT_CORPORATE_ACTION,-0.9387078961899599,-0.9347750261597513,0.8,0.8,0.003932870030208591
PEP,2026-07-02,PRICE_OR_PNL_CHANGED,OTHER_EXPLAINED_CENT_ROUNDING,1.151658110170665,1.1569204880101007,0.8,0.8,0.005262377839435617
PEP,2026-07-06,PRICE_OR_PNL_CHANGED,OTHER_EXPLAINED_CENT_ROUNDING,6.12189308818521,6.125258086717141,0.8285714285714286,0.8285714285714286,0.0033649985319303966
PEP,2026-07-24,PRICE_OR_PNL_CHANGED,OTHER_EXPLAINED_CENT_ROUNDING,-4.659811857361638,-4.658018867924523,0.8571428571428571,0.8571428571428571,0.0017929894371153665
PEP,2026-07-27,PRICE_OR_PNL_CHANGED,OTHER_EXPLAINED_CENT_ROUNDING,2.183619366541088,2.1788182202792297,0.8285714285714286,0.8285714285714286,-0.004801146261858236
PEP,2026-07-28,PRICE_OR_PNL_CHANGED,OTHER_EXPLAINED_CENT_ROUNDING,2.596314907872696,2.6028073640403453,0.8285714285714286,0.8285714285714286,0.006492456167649152
PYPL,2025-03-07,PRICE_OR_PNL_CHANGED,OTHER_EXPLAINED_CENT_ROUNDING,0.5650536076499574,0.5713448578962798,0.9428571428571428,0.9142857142857143,0.006291250246322377
PYPL,2025-03-10,NO_LONGER_SELECTED,RANK_BOUNDARY_PROPAGATION,2.163426399649159,,0.8,0.7714285714285715,-2.163426399649159
PYPL,2025-03-11,PRICE_OR_PNL_CHANGED,OTHER_EXPLAINED,-0.04356033105851769,-0.04404639553663359,0.8571428571428571,0.8571428571428571,-0.0004860644781158954
PYPL,2025-06-23,NO_LONGER_SELECTED,RANK_BOUNDARY_PROPAGATION,-0.08888888888888578,,0.8,0.7714285714285715,0.08888888888888578
PYPL,2025-06-24,PRICE_OR_PNL_CHANGED,OTHER_EXPLAINED,0.6676557863501545,0.668303327877789,0.9714285714285714,0.9714285714285714,0.0006475415276344654
PYPL,2025-07-01,PRICE_OR_PNL_CHANGED,OTHER_EXPLAINED_CENT_ROUNDING,-1.3436211254489892,-1.3451708366962605,0.8,0.8,-0.0015497112472713237
PYPL,2025-07-02,PRICE_OR_PNL_CHANGED,OTHER_EXPLAINED_CENT_ROUNDING,2.1770303741363417,2.1750593197996384,0.8,0.8,-0.001971054336703304
PYPL,2026-06-16,PRICE_OR_PNL_CHANGED,OTHER_EXPLAINED_CENT_ROUNDING,2.9344337459880654,2.9188692254654014,0.9428571428571428,0.9428571428571428,-0.015564520522663994
PYPL,2026-06-26,PRICE_OR_PNL_CHANGED,OTHER_EXPLAINED_CENT_ROUNDING,1.2882267279041018,1.3024927015495134,0.9142857142857143,0.9142857142857143,0.0142659736454116
PYPL,2026-07-07,PRICE_OR_PNL_CHANGED,OTHER_EXPLAINED_CENT_ROUNDING,-2.7506654835847426,-2.7573938181009607,0.8,0.8,-0.006728334516218126
PYPL,2026-07-13,PRICE_OR_PNL_CHANGED,OTHER_EXPLAINED_CENT_ROUNDING,-21.520342612419693,-21.53284671532847,0.9714285714285714,0.9714285714285714,-0.012504102908778236
PYPL,2026-07-14,PRICE_OR_PNL_CHANGED,OTHER_EXPLAINED_CENT_ROUNDING,-3.220215289180808,-3.2376074629595686,0.9714285714285714,0.9714285714285714,-0.01739217377876079
PYPL,2026-07-15,PRICE_OR_PNL_CHANGED,OTHER_EXPLAINED_CENT_ROUNDING,-2.580761595379908,-2.5872987153971403,1.0,1.0,-0.0065371200172323896
PYPL,2026-07-16,PRICE_OR_PNL_CHANGED,OTHER_EXPLAINED_CENT_ROUNDING,1.1152416356877368,1.118012422360253,1.0,1.0,0.002770786672516179
PYPL,2026-07-17,PRICE_OR_PNL_CHANGED,OTHER_EXPLAINED_CENT_ROUNDING,1.7436714462736758,1.7391304347826158,1.0,1.0,-0.00454101149106001
PYPL,2026-07-20,PRICE_OR_PNL_CHANGED,OTHER_EXPLAINED_CENT_ROUNDING,0.04461099214846285,0.03577817531305191,0.9142857142857143,0.9142857142857143,-0.008832816835410935
QCOM,2025-03-06,PRICE_OR_PNL_CHANGED,DIRECT_CORPORATE_ACTION,1.4431130009019515,1.4438751746623113,0.9142857142857143,0.9428571428571428,0.0007621737603598078
QCOM,2025-03-07,PRICE_OR_PNL_CHANGED,DIRECT_CORPORATE_ACTION,2.904353352399106,2.9012143091565394,0.9142857142857143,0.9714285714285714,-0.0031390432425664194
QCOM,2025-03-10,NEWLY_SELECTED,DIRECT_CORPORATE_ACTION,,1.8742079637164024,0.7714285714285715,0.8,1.8742079637164024
QCOM,2025-06-09,PRICE_OR_PNL_CHANGED,DIRECT_CORPORATE_ACTION,-1.607017094564307,-1.6037859865913149,0.8,0.9142857142857143,0.0032311079729920866
QCOM,2025-06-10,PRICE_OR_PNL_CHANGED,DIRECT_CORPORATE_ACTION,3.3062499999999955,3.3044594161052334,0.8857142857142857,0.8857142857142857,-0.0017905838947620545
QCOM,2025-06-11,PRICE_OR_PNL_CHANGED,OTHER_EXPLAINED_CENT_ROUNDING,1.3766658285139715,1.3746369796708588,0.9428571428571428,0.9428571428571428,-0.0020288488431126073
QCOM,2025-12-02,PRICE_OR_PNL_CHANGED,DIRECT_CORPORATE_ACTION,-2.2820362785254567,-2.80747864524223,0.8285714285714286,0.8285714285714286,-0.5254423667167734
QCOM,2026-05-21,PRICE_OR_PNL_CHANGED,OTHER_EXPLAINED_CENT_ROUNDING,-8.851373408571558,-8.852597891566266,0.8285714285714286,0.8285714285714286,-0.0012244829947078983
QCOM,2026-05-22,PRICE_OR_PNL_CHANGED,OTHER_EXPLAINED,-1.0406497310096983,-1.0397015050517713,1.0,1.0,0.0009482259579269847
QCOM,2026-05-26,PRICE_OR_PNL_CHANGED,OTHER_EXPLAINED,-2.2857841339689466,-2.286184210526317,1.0,1.0,-0.000400076557370177
QCOM,2026-05-27,PRICE_OR_PNL_CHANGED,OTHER_EXPLAINED_CENT_ROUNDING,3.092739888305975,3.0953804115788577,0.9428571428571428,0.9428571428571428,0.0026405232728827777
QCOM,2026-06-04,PRICE_OR_PNL_CHANGED,DIRECT_CORPORATE_ACTION,13.51675648366454,13.516488168310536,0.8571428571428571,0.8857142857142857,-0.0002683153540044003
QCOM,2026-06-15,PRICE_OR_PNL_CHANGED,OTHER_EXPLAINED,-0.10627463135986391,-0.10685187658607392,0.8285714285714286,0.8,-0.0005772452262100131
QCOM,2026-06-16,PRICE_OR_PNL_CHANGED,OTHER_EXPLAINED_CENT_ROUNDING,-1.3330898466033674,-1.3357815010328191,0.8857142857142857,0.8857142857142857,-0.0026916544294517397
QCOM,2026-06-18,PRICE_OR_PNL_CHANGED,OTHER_EXPLAINED,11.452025299421344,11.451380119069091,0.8285714285714286,0.8285714285714286,-0.0006451803522526944
QCOM,2026-07-08,PRICE_OR_PNL_CHANGED,OTHER_EXPLAINED,4.686566388694054,4.686030717793334,0.9714285714285714,0.9714285714285714,-0.0005356709007200422
QCOM,2026-07-09,PRICE_OR_PNL_CHANGED,OTHER_EXPLAINED_CENT_ROUNDING,5.063965884861407,5.059491906956815,0.8,0.8,-0.004473977904591919
QCOM,2026-07-21,PRICE_OR_PNL_CHANGED,OTHER_EXPLAINED,2.1908499794973983,2.190941751575475,0.8285714285714286,0.8285714285714286,9.177207807686827e-05
QCOM,2026-08-05,PRICE_OR_PNL_CHANGED,OTHER_EXPLAINED_CENT_ROUNDING,-4.3108994981341,-4.308448699702417,0.8285714285714286,0.8285714285714286,0.0024507984316830544
QCOM,2026-08-06,PRICE_OR_PNL_CHANGED,OTHER_EXPLAINED_CENT_ROUNDING,0.23302876065493067,0.2342931130155962,0.8571428571428571,0.8571428571428571,0.0012643523606655216
QCOM,2026-08-07,PRICE_OR_PNL_CHANGED,OTHER_EXPLAINED,3.170833085921266,3.1701492537313447,0.9142857142857143,0.9142857142857143,-0.0006838321899214073
QCOM,2026-08-10,PRICE_OR_PNL_CHANGED,OTHER_EXPLAINED_CENT_ROUNDING,-0.659541984732832,-0.6631462605919096,0.8,0.8,-0.0036042758590776325
REGN,2025-02-06,PRICE_OR_PNL_CHANGED,OTHER_EXPLAINED,8.486358505630054,8.487223310684055,0.9714285714285714,0.9714285714285714,0.0008648050540003283
REGN,2025-02-21,PRICE_OR_PNL_CHANGED,DIRECT_CORPORATE_ACTION,-0.4290199309590579,-0.428213390619407,0.8285714285714286,0.8285714285714286,0.0008065403396508852
REGN,2025-02-24,PRICE_OR_PNL_CHANGED,DIRECT_CORPORATE_ACTION,2.4208333333333263,2.420924403870129,0.9428571428571428,0.9428571428571428,9.107053680290633e-05
REGN,2025-02-25,PRICE_OR_PNL_CHANGED,DIRECT_CORPORATE_ACTION,3.106933410972004,3.1070485135645125,0.9428571428571428,0.9428571428571428,0.00011510259250835375
REGN,2025-02-26,PRICE_OR_PNL_CHANGED,OTHER_EXPLAINED,2.9791755206119808,2.979148814624395,0.9428571428571428,0.9428571428571428,-2.6705987585806668e-05
REGN,2025-03-06,PRICE_OR_PNL_CHANGED,OTHER_EXPLAINED,-2.688118174140815,-2.688350481247925,0.9428571428571428,0.9142857142857143,-0.0002323071071099747
REGN,2025-03-07,PRICE_OR_PNL_CHANGED,OTHER_EXPLAINED,2.9661554062618762,2.9661498267734405,0.9714285714285714,0.9428571428571428,-5.579488435714097e-06
REGN,2025-03-10,PRICE_OR_PNL_CHANGED,OTHER_EXPLAINED,8.864336413552973,8.864946602400526,1.0,1.0,0.0006101888475527062
REGN,2025-03-11,PRICE_OR_PNL_CHANGED,OTHER_EXPLAINED,6.156858326055727,6.1572542281421745,0.9714285714285714,0.9714285714285714,0.00039590208644746383
REGN,2025-06-09,PRICE_OR_PNL_CHANGED,OTHER_EXPLAINED,-0.32307692307691344,-0.32329255072016283,0.9714285714285714,0.9714285714285714,-0.0002156276432493942
REGN,2025-06-10,PRICE_OR_PNL_CHANGED,OTHER_EXPLAINED,-0.6752001825893581,-0.6758697275460159,0.9428571428571428,0.9428571428571428,-0.0006695449566578304
REGN,2025-06-11,PRICE_OR_PNL_CHANGED,OTHER_EXPLAINED,-1.08269048585736,-1.0821120647710358,0.8285714285714286,0.8285714285714286,0.0005784210863242212
REGN,2025-06-13,PRICE_OR_PNL_CHANGED,OTHER_EXPLAINED_CENT_ROUNDING,3.4844384303112457,3.4830482821250133,0.8857142857142857,0.8857142857142857,-0.0013901481862323983
REGN,2025-07-02,PRICE_OR_PNL_CHANGED,OTHER_EXPLAINED,0.03560018256504793,0.03491812618307038,0.9428571428571428,0.9428571428571428,-0.0006820563819775541
REGN,2025-10-30,PRICE_OR_PNL_CHANGED,OTHER_EXPLAINED,3.33820925398415,3.3382858204104275,0.9714285714285714,0.9714285714285714,7.65664262774024e-05
REGN,2025-11-06,PRICE_OR_PNL_CHANGED,OTHER_EXPLAINED,-3.742600138387027,-3.7432576542046005,0.8571428571428571,0.8571428571428571,-0.0006575158175734508
REGN,2025-11-07,PRICE_OR_PNL_CHANGED,OTHER_EXPLAINED_CENT_ROUNDING,-3.939786585365858,-3.9408565080824376,0.9142857142857143,0.9142857142857143,-0.0010699227165797964
REGN,2025-11-10,PRICE_OR_PNL_CHANGED,OTHER_EXPLAINED,-6.750782832934245,-6.749876573685511,0.8,0.8,0.0009062592487341092
REGN,2025-11-11,PRICE_OR_PNL_CHANGED,OTHER_EXPLAINED,-2.1520423043497496,-2.151222184386256,0.9428571428571428,0.9428571428571428,0.0008201199634938483
REGN,2025-11-13,PRICE_OR_PNL_CHANGED,OTHER_EXPLAINED,-4.0211518894828195,-4.021606049693909,0.9714285714285714,0.9714285714285714,-0.00045416021108923843
REGN,2025-11-14,PRICE_OR_PNL_CHANGED,OTHER_EXPLAINED,-1.3586407823001643,-1.358364743403886,0.9428571428571428,0.9428571428571428,0.0002760388962783633
REGN,2025-11-17,PRICE_OR_PNL_CHANGED,DIRECT_CORPORATE_ACTION,-4.930890663478098,-5.062023378592992,0.9714285714285714,0.9714285714285714,-0.13113271511489355
REGN,2025-11-18,PRICE_OR_PNL_CHANGED,DIRECT_CORPORATE_ACTION,-3.642025267836315,-3.772388214044427,1.0,1.0,-0.13036294620811173
REGN,2025-11-19,PRICE_OR_PNL_CHANGED,DIRECT_CORPORATE_ACTION,-5.045517241379316,-5.0442392102020115,0.8285714285714286,0.8285714285714286,0.0012780311773044062
REGN,2025-11-20,PRICE_OR_PNL_CHANGED,DIRECT_CORPORATE_ACTION,-6.978166057526394,-6.979281749116859,1.0,1.0,-0.0011156915904644293
REGN,2025-11-21,PRICE_OR_PNL_CHANGED,DIRECT_CORPORATE_ACTION,-3.3462881233120467,-3.3473522721261104,0.9714285714285714,0.9714285714285714,-0.0010641488140636923
REGN,2025-11-24,PRICE_OR_PNL_CHANGED,DIRECT_CORPORATE_ACTION,-1.9885472230938235,-1.9883716351895964,0.9714285714285714,0.9714285714285714,0.00017558790422711468
REGN,2026-06-04,PRICE_OR_PNL_CHANGED,OTHER_EXPLAINED,2.5970328662259132,2.596909044844182,0.8285714285714286,0.8285714285714286,-0.00012382138173139268
REGN,2026-06-05,PRICE_OR_PNL_CHANGED,OTHER_EXPLAINED,5.827903771457216,5.828394016370301,1.0,1.0,0.000490244913084581
REGN,2026-06-23,PRICE_OR_PNL_CHANGED,OTHER_EXPLAINED,-1.8085653655713458,-1.809080813120666,0.8571428571428571,0.8571428571428571,-0.0005154475493200916
REGN,2026-06-24,PRICE_OR_PNL_CHANGED,OTHER_EXPLAINED,-1.389133956786077,-1.3891565491103122,0.8857142857142857,0.8857142857142857,-2.2592324235182204e-05
REGN,2026-07-07,PRICE_OR_PNL_CHANGED,OTHER_EXPLAINED,0.6829968166669231,0.6837939341343423,0.9714285714285714,0.9714285714285714,0.0007971174674191728
REGN,2026-07-09,PRICE_OR_PNL_CHANGED,OTHER_EXPLAINED_CENT_ROUNDING,2.461831209954353,2.463200821563047,0.8285714285714286,0.8285714285714286,0.0013696116086938659
REGN,2026-07-16,PRICE_OR_PNL_CHANGED,OTHER_EXPLAINED,0.11685526218474426,0.11699197346206848,0.8,0.8,0.00013671127732421684
REGN,2026-07-17,PRICE_OR_PNL_CHANGED,OTHER_EXPLAINED,3.4888546359971655,3.4884928701793947,0.8285714285714286,0.8285714285714286,-0.0003617658177708094
REGN,2026-07-28,PRICE_OR_PNL_CHANGED,OTHER_EXPLAINED,-9.09506921404874,-9.095724880451273,0.8571428571428571,0.8571428571428571,-0.0006556664025332282
REGN,2026-07-29,PRICE_OR_PNL_CHANGED,OTHER_EXPLAINED_CENT_ROUNDING,-8.171450145677063,-8.170251611798934,0.8571428571428571,0.8571428571428571,0.0011985338781297372
REGN,2026-07-30,PRICE_OR_PNL_CHANGED,OTHER_EXPLAINED,-4.7536423476273235,-4.75369831662828,0.9714285714285714,0.9714285714285714,-5.59690009565017e-05
REGN,2026-07-31,PRICE_OR_PNL_CHANGED,OTHER_EXPLAINED,0.09356238792004491,0.09367194004996192,0.9142857142857143,0.9142857142857143,0.00010955212991700658
REGN,2026-08-07,PRICE_OR_PNL_CHANGED,OTHER_EXPLAINED,-2.0416517423118155,-2.041469755766455,0.8857142857142857,0.8857142857142857,0.00018198654536050185
REGN,2026-08-10,PRICE_OR_PNL_CHANGED,OTHER_EXPLAINED,0.3499010880316429,0.3503082217215905,0.9142857142857143,0.9142857142857143,0.000407133689947603
REGN,2026-08-11,PRICE_OR_PNL_CHANGED,OTHER_EXPLAINED,-1.6520144203402771,-1.6514063548750635,0.8,0.8,0.0006080654652136364
SBUX,2025-02-06,PRICE_OR_PNL_CHANGED,OTHER_EXPLAINED_CENT_ROUNDING,0.3499955128780405,0.34705937529312875,0.8,0.8,-0.0029361375849117355
SBUX,2025-02-24,PRICE_OR_PNL_CHANGED,OTHER_EXPLAINED_CENT_ROUNDING,-1.2822780332507984,-1.277808420665564,0.8,0.8,0.004469612585234373
SBUX,2025-02-25,PRICE_OR_PNL_CHANGED,OTHER_EXPLAINED_CENT_ROUNDING,-1.0470290550562804,-1.0430839002267627,0.8571428571428571,0.8571428571428571,0.0039451548295177385
SBUX,2025-02-26,PRICE_OR_PNL_CHANGED,OTHER_EXPLAINED_CENT_ROUNDING,-2.159292035398228,-2.1619135234590563,0.9714285714285714,0.9714285714285714,-0.002621488060828181
SBUX,2025-02-27,PRICE_OR_PNL_CHANGED,OTHER_EXPLAINED_CENT_ROUNDING,2.684155663655319,2.6819577388477502,0.9714285714285714,0.9714285714285714,-0.002197924807568974
SBUX,2025-02-28,PRICE_OR_PNL_CHANGED,OTHER_EXPLAINED_CENT_ROUNDING,3.774560496380566,3.771725497222727,0.8285714285714286,0.8285714285714286,-0.0028349991578391354
SBUX,2025-03-03,PRICE_OR_PNL_CHANGED,OTHER_EXPLAINED_CENT_ROUNDING,8.287677189320812,8.281348883464421,0.8857142857142857,0.8857142857142857,-0.00632830585639077
SBUX,2025-06-06,PRICE_OR_PNL_CHANGED,OTHER_EXPLAINED_CENT_ROUNDING,-7.128423888639435,-7.138718275582335,0.8571428571428571,0.8571428571428571,-0.010294386942899969
SBUX,2025-06-11,PRICE_OR_PNL_CHANGED,OTHER_EXPLAINED_CENT_ROUNDING,1.267427122940434,1.2647187091146932,0.8857142857142857,0.8857142857142857,-0.0027084138257407187
SBUX,2025-06-12,PRICE_OR_PNL_CHANGED,OTHER_EXPLAINED_CENT_ROUNDING,1.9588953114964658,1.9558011049723711,0.9142857142857143,0.9142857142857143,-0.003094206524094645
SBUX,2025-06-13,PRICE_OR_PNL_CHANGED,OTHER_EXPLAINED_CENT_ROUNDING,1.8195360715045839,1.8233743409490453,1.0,1.0,0.0038382694444614174
SBUX,2025-07-01,PRICE_OR_PNL_CHANGED,OTHER_EXPLAINED,1.7002518891687703,1.700975081256764,0.8857142857142857,0.8857142857142857,0.0007231920879937626
SBUX,2025-07-03,PRICE_OR_PNL_CHANGED,OTHER_EXPLAINED_CENT_ROUNDING,-1.3083714498457502,-1.3066871637202284,0.8,0.8,0.001684286125521739
SBUX,2025-11-05,PRICE_OR_PNL_CHANGED,OTHER_EXPLAINED_CENT_ROUNDING,-2.4405014231211783,-2.4469010060861986,0.8285714285714286,0.8,-0.006399582965020301
SBUX,2025-11-06,PRICE_OR_PNL_CHANGED,OTHER_EXPLAINED_CENT_ROUNDING,-4.9793538984697525,-4.981940465811433,0.9428571428571428,0.9428571428571428,-0.0025865673416802792
SBUX,2025-11-07,PRICE_OR_PNL_CHANGED,OTHER_EXPLAINED_CENT_ROUNDING,-1.241155318408546,-1.2491077801570274,0.9428571428571428,0.9428571428571428,-0.00795246174848141
SBUX,2025-11-10,PRICE_OR_PNL_CHANGED,OTHER_EXPLAINED_CENT_ROUNDING,-1.698046599199809,-1.6893930252202138,0.9142857142857143,0.9142857142857143,0.008653573979595208
SBUX,2025-11-11,PRICE_OR_PNL_CHANGED,DIRECT_CORPORATE_ACTION,3.3625897640487894,2.665108123904151,1.0,1.0,-0.6974816401446384
SBUX,2025-11-21,PRICE_OR_PNL_CHANGED,OTHER_EXPLAINED_CENT_ROUNDING,-1.6889514426460213,-1.6837831382851813,0.9142857142857143,0.9142857142857143,0.005168304360839926
SBUX,2025-11-28,PRICE_OR_PNL_CHANGED,OTHER_EXPLAINED_CENT_ROUNDING,-1.0439624173529818,-1.051139718908705,0.8,0.8,-0.00717730155572327
SBUX,2026-06-09,PRICE_OR_PNL_CHANGED,OTHER_EXPLAINED_CENT_ROUNDING,-5.889608387295703,-5.89269099555464,1.0,1.0,-0.003082608258936581
SBUX,2026-06-10,PRICE_OR_PNL_CHANGED,OTHER_EXPLAINED_CENT_ROUNDING,-2.677849636216659,-2.683199512145544,0.8857142857142857,0.8857142857142857,-0.005349875928884806
SBUX,2026-06-11,PRICE_OR_PNL_CHANGED,OTHER_EXPLAINED_CENT_ROUNDING,1.0507880910682994,1.0470691848517402,0.9142857142857143,0.9142857142857143,-0.003718906216559237
SBUX,2026-06-12,PRICE_OR_PNL_CHANGED,OTHER_EXPLAINED,3.526570048309184,3.527353998639584,0.8285714285714286,0.8,0.0007839503303999074
SBUX,2026-06-23,PRICE_OR_PNL_CHANGED,OTHER_EXPLAINED,-3.349471396107105,-3.348901917917127,0.8,0.8,0.000569478189978323
SBUX,2026-06-24,PRICE_OR_PNL_CHANGED,OTHER_EXPLAINED_CENT_ROUNDING,-0.8432683919744156,-0.8481185416260525,0.9428571428571428,0.9428571428571428,-0.004850149651636881
SBUX,2026-06-25,PRICE_OR_PNL_CHANGED,OTHER_EXPLAINED_CENT_ROUNDING,1.2470997679814309,1.2445308701993205,0.9428571428571428,0.9428571428571428,-0.0025688977821103354
SBUX,2026-06-26,PRICE_OR_PNL_CHANGED,OTHER_EXPLAINED_CENT_ROUNDING,1.3452914798206246,1.3434411284905399,0.8,0.8,-0.0018503513300847096
SBUX,2026-07-09,PRICE_OR_PNL_CHANGED,OTHER_EXPLAINED,0.12229539040451126,0.12300123001229583,0.9428571428571428,0.9428571428571428,0.0007058396077845724
SBUX,2026-07-13,PRICE_OR_PNL_CHANGED,OTHER_EXPLAINED_CENT_ROUNDING,-0.7718058396875566,-0.7668568222201376,0.8285714285714286,0.8285714285714286,0.004949017467418937
STX,2025-02-10,PRICE_OR_PNL_CHANGED,OTHER_EXPLAINED,-4.376446387246089,-4.376183463075948,0.8857142857142857,0.8857142857142857,0.0002629241701406215
STX,2025-02-12,PRICE_OR_PNL_CHANGED,OTHER_EXPLAINED_CENT_ROUNDING,-3.732769896367837,-3.735336488989499,0.8,0.8,-0.002566592621661812
STX,2025-02-13,PRICE_OR_PNL_CHANGED,OTHER_EXPLAINED_CENT_ROUNDING,-0.8223201174742919,-0.8209851822186698,0.8857142857142857,0.8857142857142857,0.0013349352556221161
STX,2025-02-27,PRICE_OR_PNL_CHANGED,OTHER_EXPLAINED_CENT_ROUNDING,6.084788029925181,6.080391756784324,0.8571428571428571,0.8571428571428571,-0.004396273140857332
STX,2025-02-28,PRICE_OR_PNL_CHANGED,OTHER_EXPLAINED_CENT_ROUNDING,10.21855269548324,10.212596860719254,0.9142857142857143,0.9142857142857143,-0.00595583476398609
STX,2025-03-11,PRICE_OR_PNL_CHANGED,OTHER_EXPLAINED,0.022753128555187976,0.023269342641065758,0.8857142857142857,0.8857142857142857,0.0005162140858777815
STX,2025-06-05,PRICE_OR_PNL_CHANGED,OTHER_EXPLAINED_CENT_ROUNDING,0.7135101597642217,0.7159153489103899,0.9714285714285714,0.9714285714285714,0.002405189146168163
STX,2025-06-16,PRICE_OR_PNL_CHANGED,OTHER_EXPLAINED_CENT_ROUNDING,-0.4216174779609133,-0.4199066874027932,0.9714285714285714,0.9714285714285714,0.0017107905581201233
STX,2025-06-17,PRICE_OR_PNL_CHANGED,OTHER_EXPLAINED_CENT_ROUNDING,-1.7192633911515245,-1.72079683745446,0.9714285714285714,0.9714285714285714,-0.0015334463029355039
STX,2025-06-18,PRICE_OR_PNL_CHANGED,OTHER_EXPLAINED,-3.1625936294166657,-3.1621766827845614,0.9142857142857143,0.8857142857142857,0.00041694663210423144
STX,2025-06-25,PRICE_OR_PNL_CHANGED,DIRECT_CORPORATE_ACTION,-4.179298397574723,-4.173343044428251,0.8571428571428571,0.9142857142857143,0.005955353146471332
STX,2025-06-26,PRICE_OR_PNL_CHANGED,DIRECT_CORPORATE_ACTION,-2.4438480011300885,-2.4445869859596656,0.8285714285714286,0.8571428571428571,-0.0007389848295771273
STX,2025-06-27,PRICE_OR_PNL_CHANGED,DIRECT_CORPORATE_ACTION,-7.0281690140845,-7.028140989198419,0.8571428571428571,0.9142857142857143,2.8024886081112754e-05
STX,2025-06-30,PRICE_OR_PNL_CHANGED,DIRECT_CORPORATE_ACTION,-4.079643553327774,-4.081489286968741,0.8285714285714286,0.8285714285714286,-0.0018457336409669622
STX,2025-07-01,PRICE_OR_PNL_CHANGED,OTHER_EXPLAINED_CENT_ROUNDING,-2.1897810218978147,-2.188715953307397,0.8285714285714286,0.8285714285714286,0.0010650685904174395
STX,2025-07-02,PRICE_OR_PNL_CHANGED,OTHER_EXPLAINED_CENT_ROUNDING,4.960526315789469,4.959171479784903,1.0,1.0,-0.0013548360045660957
STX,2025-07-03,PRICE_OR_PNL_CHANGED,OTHER_EXPLAINED_CENT_ROUNDING,5.004683527365193,5.00945179584122,0.9142857142857143,0.9142857142857143,0.004768268476026627
STX,2025-07-07,PRICE_OR_PNL_CHANGED,OTHER_EXPLAINED,3.059170803703208,3.0598429461142773,0.9142857142857143,0.9142857142857143,0.0006721424110693874
STX,2025-10-30,PRICE_OR_PNL_CHANGED,OTHER_EXPLAINED_CENT_ROUNDING,9.554600296210667,9.556338795828633,1.0,1.0,0.0017384996179661272
STX,2025-10-31,PRICE_OR_PNL_CHANGED,OTHER_EXPLAINED_CENT_ROUNDING,-6.069230769230758,-6.066233364283505,1.0,1.0,0.0029974049472532016
STX,2025-11-05,PRICE_OR_PNL_CHANGED,OTHER_EXPLAINED,-6.030223248097533,-6.029385089787777,1.0,1.0,0.0008381583097563094
STX,2025-11-06,PRICE_OR_PNL_CHANGED,OTHER_EXPLAINED_CENT_ROUNDING,-5.265658115910242,-5.263544806292727,1.0,1.0,0.002113309617514325
STX,2025-11-07,PRICE_OR_PNL_CHANGED,OTHER_EXPLAINED_CENT_ROUNDING,2.6211688624402343,2.622746617764086,1.0,1.0,0.0015777553238516262
STX,2025-11-10,PRICE_OR_PNL_CHANGED,OTHER_EXPLAINED,9.238933158176748,9.239489515596201,0.9714285714285714,0.9714285714285714,0.0005563574194535903
STX,2025-11-11,PRICE_OR_PNL_CHANGED,OTHER_EXPLAINED,10.355902777777775,10.355907931961852,0.8857142857142857,0.8857142857142857,5.15418407687207e-06
STX,2025-11-25,PRICE_OR_PNL_CHANGED,OTHER_EXPLAINED,-2.055467392125745,-2.0561742237087026,0.8571428571428571,0.8571428571428571,-0.000706831582957701
STX,2025-11-26,PRICE_OR_PNL_CHANGED,OTHER_EXPLAINED,3.014545454545462,3.014009290756798,0.9714285714285714,0.9714285714285714,-0.0005361637886642789
STX,2025-11-28,PRICE_OR_PNL_CHANGED,OTHER_EXPLAINED_CENT_ROUNDING,4.928516299753747,4.931608133086867,0.9428571428571428,0.9428571428571428,0.0030918333331193537
STX,2025-12-01,PRICE_OR_PNL_CHANGED,OTHER_EXPLAINED_CENT_ROUNDING,2.6712102891063063,2.6722199697762705,0.8,0.8,0.001009680669964208
STX,2026-05-21,PRICE_OR_PNL_CHANGED,OTHER_EXPLAINED,-6.856343283582091,-6.855646658225667,0.9428571428571428,0.9428571428571428,0.0006966253564240077
STX,2026-05-22,PRICE_OR_PNL_CHANGED,OTHER_EXPLAINED,-6.120237005636102,-6.121095163430225,0.9142857142857143,0.9142857142857143,-0.0008581577941235707
STX,2026-05-26,PRICE_OR_PNL_CHANGED,OTHER_EXPLAINED,0.11519168350091773,0.11593412214000545,0.9428571428571428,0.9428571428571428,0.0007424386390877252
STX,2026-05-27,PRICE_OR_PNL_CHANGED,OTHER_EXPLAINED,-3.710458178543289,-3.7104266257779344,0.8857142857142857,0.8857142857142857,3.1552765354714296e-05
STX,2026-05-28,PRICE_OR_PNL_CHANGED,OTHER_EXPLAINED,-3.7823549835914987,-3.7824740880333856,0.9428571428571428,0.9428571428571428,-0.00011910444188689695
STX,2026-05-29,PRICE_OR_PNL_CHANGED,OTHER_EXPLAINED,-6.306123140523864,-6.306632427968642,0.8285714285714286,0.8285714285714286,-0.0005092874447782947
STX,2026-06-01,PRICE_OR_PNL_CHANGED,OTHER_EXPLAINED,0.34767819853178816,0.34712864242516006,0.8285714285714286,0.8285714285714286,-0.0005495561066281018
STX,2026-06-02,PRICE_OR_PNL_CHANGED,OTHER_EXPLAINED,9.931965557563522,9.93207563239928,0.8,0.8,0.00011007483575831145
STX,2026-06-03,PRICE_OR_PNL_CHANGED,OTHER_EXPLAINED,1.795997938467741,1.7964743769566651,0.8571428571428571,0.8571428571428571,0.0004764384889242024
STX,2026-06-12,PRICE_OR_PNL_CHANGED,OTHER_EXPLAINED,-3.1924898088844995,-3.1931713468160283,0.9142857142857143,0.8857142857142857,-0.0006815379315288084
STX,2026-06-15,PRICE_OR_PNL_CHANGED,OTHER_EXPLAINED,-2.5259445940377865,-2.525935949481275,1.0,1.0,8.644556511505641e-06
STX,2026-06-16,PRICE_OR_PNL_CHANGED,OTHER_EXPLAINED,-4.469359105364181,-4.46846157524748,1.0,1.0,0.0008975301167009064
STX,2026-06-17,PRICE_OR_PNL_CHANGED,OTHER_EXPLAINED,8.31156222418359,8.311750302751724,1.0,1.0,0.00018807856813474189
STX,2026-06-18,PRICE_OR_PNL_CHANGED,DIRECT_CORPORATE_ACTION,9.051435899784734,8.987155963302754,0.9714285714285714,0.9714285714285714,-0.06427993648197905
STX,2026-07-08,PRICE_OR_PNL_CHANGED,OTHER_EXPLAINED,6.78223185265439,6.782252293279548,0.9142857142857143,0.9142857142857143,2.0440625157824854e-05
STX,2026-07-10,PRICE_OR_PNL_CHANGED,OTHER_EXPLAINED,4.748214675881746,4.74743638435245,1.0,1.0,-0.0007782915292962045
STX,2026-07-21,PRICE_OR_PNL_CHANGED,OTHER_EXPLAINED,1.1314711445846048,1.131216464193632,1.0,1.0,-0.0002546803909728723
STX,2026-07-22,PRICE_OR_PNL_CHANGED,OTHER_EXPLAINED,9.676314248140653,9.676277691142154,1.0,1.0,-3.6556998498582516e-05
STX,2026-07-23,PRICE_OR_PNL_CHANGED,OTHER_EXPLAINED,14.885442613255087,14.885431013875767,0.9714285714285714,0.9714285714285714,-1.1599379320159642e-05
STX,2026-07-30,PRICE_OR_PNL_CHANGED,OTHER_EXPLAINED,6.260535888563563,6.2610992718877725,0.9142857142857143,0.9142857142857143,0.0005633833242093544
STX,2026-07-31,PRICE_OR_PNL_CHANGED,OTHER_EXPLAINED,-2.4480013695112675,-2.44875481857676,0.9428571428571428,0.9428571428571428,-0.0007534490654923509
TSLA,2025-02-14,NONE,UNCHANGED,,,,,0.0
TSLA,2025-02-18,NONE,UNCHANGED,,,,,0.0
TSLA,2025-06-10,NONE,UNCHANGED,,,,,0.0
TSLA,2025-06-11,NONE,UNCHANGED,,,,,0.0
TSLA,2025-06-12,NONE,UNCHANGED,,,,,0.0
TSLA,2025-06-23,NONE,UNCHANGED,,,,,0.0
TSLA,2025-06-24,NONE,UNCHANGED,,,,,0.0
TSLA,2025-11-04,NONE,UNCHANGED,,,,,0.0
TSLA,2025-11-24,NONE,UNCHANGED,,,,,0.0
TSLA,2025-11-26,NONE,UNCHANGED,,,,,0.0
TSLA,2026-06-29,NONE,UNCHANGED,,,,,0.0
TSLA,2026-06-30,NONE,UNCHANGED,,,,,0.0
TSLA,2026-07-01,NONE,UNCHANGED,,,,,0.0
TSLA,2026-08-10,NONE,UNCHANGED,,,,,0.0
TSLA,2026-08-11,NONE,UNCHANGED,,,,,0.0
TXN,2025-02-19,PRICE_OR_PNL_CHANGED,OTHER_EXPLAINED_CENT_ROUNDING,-0.6773028296207075,-0.6797030220642117,0.9428571428571428,0.9428571428571428,-0.002400192443504201
TXN,2025-02-20,PRICE_OR_PNL_CHANGED,OTHER_EXPLAINED_CENT_ROUNDING,2.5007312079555404,2.504445008890021,0.9714285714285714,0.9714285714285714,0.0037138009344808154
TXN,2025-02-21,PRICE_OR_PNL_CHANGED,OTHER_EXPLAINED_CENT_ROUNDING,1.919461759176806,1.9178223436613901,0.9714285714285714,0.9714285714285714,-0.0016394155154157986
TXN,2025-02-24,PRICE_OR_PNL_CHANGED,OTHER_EXPLAINED,5.047897950067001,5.0483629028086785,0.8857142857142857,0.8857142857142857,0.00046495274167757117
TXN,2025-03-04,PRICE_OR_PNL_CHANGED,OTHER_EXPLAINED_CENT_ROUNDING,2.4577572964669794,2.4598473934154983,0.8857142857142857,0.8857142857142857,0.002090096948518916
TXN,2025-06-05,PRICE_OR_PNL_CHANGED,OTHER_EXPLAINED_CENT_ROUNDING,-4.5294907550872745,-4.530899775856553,0.8571428571428571,0.8571428571428571,-0.0014090207692785128
TXN,2025-06-09,PRICE_OR_PNL_CHANGED,OTHER_EXPLAINED,0.14501450145014105,0.1446804113057413,0.8285714285714286,0.8,-0.00033409014439975127
TXN,2025-07-02,PRICE_OR_PNL_CHANGED,OTHER_EXPLAINED_CENT_ROUNDING,-0.47309833024119213,-0.4744787922357923,0.8571428571428571,0.8571428571428571,-0.0013804619946001795
TXN,2025-07-03,PRICE_OR_PNL_CHANGED,OTHER_EXPLAINED_CENT_ROUNDING,-0.6505463845617302,-0.6486642321737431,0.9714285714285714,0.9714285714285714,0.0018821523879870572
TXN,2025-07-07,NO_LONGER_SELECTED,RANK_BOUNDARY_PROPAGATION,-2.2140564677426813,,0.8,0.7714285714285715,2.2140564677426813
TXN,2025-11-20,PRICE_OR_PNL_CHANGED,OTHER_EXPLAINED_CENT_ROUNDING,-5.203590477429426,-5.1984126984127075,0.8,0.8,0.005177779016718453
TXN,2025-11-21,PRICE_OR_PNL_CHANGED,OTHER_EXPLAINED_CENT_ROUNDING,-3.3639717376352123,-3.369786368260434,0.8,0.8,-0.005814630625221806
TXN,2025-12-01,PRICE_OR_PNL_CHANGED,OTHER_EXPLAINED_CENT_ROUNDING,-6.660153937240968,-6.65823851664558,0.8285714285714286,0.8285714285714286,0.001915420595387296
TXN,2025-12-02,PRICE_OR_PNL_CHANGED,OTHER_EXPLAINED_CENT_ROUNDING,-3.2405836443841296,-3.243429754442472,0.9428571428571428,0.9428571428571428,-0.0028461100583423438
TXN,2026-05-27,PRICE_OR_PNL_CHANGED,OTHER_EXPLAINED,8.550580017462895,8.550383952358573,0.8571428571428571,0.8571428571428571,-0.00019606510432268465
TXN,2026-06-15,NO_LONGER_SELECTED,RANK_BOUNDARY_PROPAGATION,-3.4953139042239014,,0.8,0.7714285714285715,3.4953139042239014
TXN,2026-06-18,PRICE_OR_PNL_CHANGED,OTHER_EXPLAINED_CENT_ROUNDING,7.542682926829271,7.541445775748462,0.8571428571428571,0.8571428571428571,-0.001237151080808907
TXN,2026-06-22,PRICE_OR_PNL_CHANGED,OTHER_EXPLAINED,1.2128697194249112,1.2127192284432002,0.8285714285714286,0.8285714285714286,-0.0001504909817109379
TXN,2026-07-01,PRICE_OR_PNL_CHANGED,OTHER_EXPLAINED_CENT_ROUNDING,2.2784051164184986,2.276684076603727,0.8,0.8,-0.0017210398147717854
TXN,2026-07-08,PRICE_OR_PNL_CHANGED,OTHER_EXPLAINED,3.8637535447280253,3.864092764138112,0.8285714285714286,0.8285714285714286,0.0003392194100868551
VRTX,2025-02-20,NONE,UNCHANGED,,,,,0.0
VRTX,2025-02-21,NONE,UNCHANGED,,,,,0.0
VRTX,2025-02-24,NONE,UNCHANGED,,,,,0.0
VRTX,2025-03-03,NONE,UNCHANGED,,,,,0.0
VRTX,2025-03-04,NONE,UNCHANGED,,,,,0.0
VRTX,2025-03-05,NONE,UNCHANGED,,,,,0.0
VRTX,2025-03-10,NONE,UNCHANGED,,,,,0.0
VRTX,2025-03-11,NONE,UNCHANGED,,,,,0.0
VRTX,2025-06-12,NONE,UNCHANGED,,,,,0.0
VRTX,2025-06-13,NONE,UNCHANGED,,,,,0.0
VRTX,2025-07-03,NONE,UNCHANGED,,,,,0.0
VRTX,2025-07-07,NONE,UNCHANGED,,,,,0.0
VRTX,2025-07-08,NONE,UNCHANGED,,,,,0.0
VRTX,2025-11-03,NONE,UNCHANGED,,,,,0.0
VRTX,2025-11-04,NONE,UNCHANGED,,,,,0.0
VRTX,2025-11-11,NONE,UNCHANGED,,,,,0.0
VRTX,2025-11-12,NONE,UNCHANGED,,,,,0.0
VRTX,2025-11-13,NONE,UNCHANGED,,,,,0.0
VRTX,2025-11-14,NONE,UNCHANGED,,,,,0.0
VRTX,2025-11-17,NONE,UNCHANGED,,,,,0.0
VRTX,2025-11-18,NONE,UNCHANGED,,,,,0.0
VRTX,2026-06-05,NONE,UNCHANGED,,,,,0.0
VRTX,2026-06-08,NONE,UNCHANGED,,,,,0.0
VRTX,2026-06-09,NONE,UNCHANGED,,,,,0.0
VRTX,2026-06-17,NONE,UNCHANGED,,,,,0.0
VRTX,2026-06-23,NONE,UNCHANGED,,,,,0.0
VRTX,2026-06-24,NONE,UNCHANGED,,,,,0.0
VRTX,2026-06-25,NONE,UNCHANGED,,,,,0.0
VRTX,2026-06-26,NONE,UNCHANGED,,,,,0.0
VRTX,2026-06-29,NONE,UNCHANGED,,,,,0.0
VRTX,2026-07-02,NONE,UNCHANGED,,,,,0.0
VRTX,2026-07-06,NONE,UNCHANGED,,,,,0.0
VRTX,2026-07-07,NONE,UNCHANGED,,,,,0.0
VRTX,2026-08-07,NONE,UNCHANGED,,,,,0.0
VRTX,2026-08-10,NONE,UNCHANGED,,,,,0.0
VRTX,2026-08-11,NONE,UNCHANGED,,,,,0.0
