event_id,symbol,timestamp,direction,horizon_label,horizon_minutes,bars_observed,forward_return_pct,forward_return_signed_pct,favorable_excursion_pct,adverse_excursion_pct,bounded_by_session_close,definition
ctrl_000000,AAPL,2026-06-22 18:06:00+00:00,-1,15m,15,15,0.1008265569052726,-0.1008265569052726,0.08265569052637195,0.1171234481143201,False,compression60_expansion15_2x
ctrl_000000,AAPL,2026-06-22 18:06:00+00:00,-1,30m,30,30,-0.020078305391025758,0.020078305391025758,0.08265569052637195,0.12381621657798901,False,compression60_expansion15_2x
ctrl_000000,AAPL,2026-06-22 18:06:00+00:00,-1,60m,60,60,0.10373791118696324,-0.10373791118696324,0.08265569052637195,0.17066559582370944,False,compression60_expansion15_2x
ctrl_000000,AAPL,2026-06-22 18:06:00+00:00,-1,120m,120,114,-0.6826623832948377,0.6826623832948377,0.6927015359903601,0.17066559582370944,True,compression60_expansion15_2x
ctrl_000001,AAPL,2026-08-10 19:35:00+00:00,-1,15m,15,15,0.1293504802213999,-0.1293504802213999,0.045580335341034145,0.1513918280970314,False,compression60_expansion15_2x
ctrl_000001,AAPL,2026-08-10 19:35:00+00:00,-1,30m,30,25,0.35813120625102485,-0.35813120625102485,0.09116067068206829,0.3613869444896675,True,compression60_expansion15_2x
ctrl_000001,AAPL,2026-08-10 19:35:00+00:00,-1,60m,60,25,0.35813120625102485,-0.35813120625102485,0.09116067068206829,0.3613869444896675,True,compression60_expansion15_2x
ctrl_000001,AAPL,2026-08-10 19:35:00+00:00,-1,120m,120,25,0.35813120625102485,-0.35813120625102485,0.09116067068206829,0.3613869444896675,True,compression60_expansion15_2x
ctrl_000002,AAPL,2026-06-17 19:21:00+00:00,-1,15m,15,15,0.06274469924237798,-0.06274469924237798,0.0610159149844941,0.15084490093388017,False,compression60_expansion15_2x
ctrl_000002,AAPL,2026-06-17 19:21:00+00:00,-1,30m,30,30,0.11189640853545392,-0.11189640853545392,0.14406535482449837,0.2491483195200128,False,compression60_expansion15_2x
ctrl_000002,AAPL,2026-06-17 19:21:00+00:00,-1,60m,60,39,0.296605142285724,-0.296605142285724,0.14406535482449837,0.41185742614533033,True,compression60_expansion15_2x
ctrl_000002,AAPL,2026-06-17 19:21:00+00:00,-1,120m,120,39,0.296605142285724,-0.296605142285724,0.14406535482449837,0.41185742614533033,True,compression60_expansion15_2x
ctrl_000003,AAPL,2026-06-02 18:10:00+00:00,1,15m,15,15,-0.22403355736688563,-0.22403355736688563,0.030188919077798575,0.2717002717002775,False,compression60_expansion15_2x
ctrl_000003,AAPL,2026-06-02 18:10:00+00:00,1,30m,30,30,-0.11122233344456288,-0.11122233344456288,0.030188919077798575,0.29712251934474226,False,compression60_expansion15_2x
ctrl_000003,AAPL,2026-06-02 18:10:00+00:00,1,60m,60,60,0.07150007150007873,0.07150007150007873,0.1700112811224002,0.29712251934474226,False,compression60_expansion15_2x
ctrl_000003,AAPL,2026-06-02 18:10:00+00:00,1,120m,120,110,0.1700112811224002,0.1700112811224002,0.2399224621446829,0.29712251934474226,True,compression60_expansion15_2x
ctrl_000004,AAPL,2026-05-21 16:15:00+00:00,1,15m,15,15,0.0032935906725482197,0.0032935906725482197,0.08233976681378039,0.10539490152163664,False,compression60_expansion15_2x
ctrl_000004,AAPL,2026-05-21 16:15:00+00:00,1,30m,30,30,0.03787629273434197,0.03787629273434197,0.08233976681378039,0.1317436269020411,False,compression60_expansion15_2x
ctrl_000004,AAPL,2026-05-21 16:15:00+00:00,1,60m,60,60,0.13503721757458934,0.13503721757458934,0.19761544035308043,0.187767604242153,False,compression60_expansion15_2x
ctrl_000004,AAPL,2026-05-21 16:15:00+00:00,1,120m,120,120,0.3095975232198135,0.3095975232198135,0.48745141953758586,0.187767604242153,False,compression60_expansion15_2x
ctrl_000005,ADBE,2026-08-12 19:40:00+00:00,1,15m,15,15,0.16653111808218382,0.16653111808218382,0.19751365167888454,0.2401146353743095,False,compression60_expansion15_2x
ctrl_000005,ADBE,2026-08-12 19:40:00+00:00,1,30m,30,20,0.22075055187637704,0.22075055187637704,0.2827156190697565,0.2401146353743095,True,compression60_expansion15_2x
ctrl_000005,ADBE,2026-08-12 19:40:00+00:00,1,60m,60,20,0.22075055187637704,0.22075055187637704,0.2827156190697565,0.2401146353743095,True,compression60_expansion15_2x
ctrl_000005,ADBE,2026-08-12 19:40:00+00:00,1,120m,120,20,0.22075055187637704,0.22075055187637704,0.2827156190697565,0.2401146353743095,True,compression60_expansion15_2x
ctrl_000006,ADI,2026-08-10 18:13:00+00:00,-1,15m,15,15,0.006458946933286122,-0.006458946933286122,0.06717304810623441,0.06458946933291997,False,compression60_expansion15_2x
ctrl_000006,ADI,2026-08-10 18:13:00+00:00,-1,30m,30,30,0.04392083914638968,-0.04392083914638968,0.06717304810623441,0.11367746602593855,False,compression60_expansion15_2x
ctrl_000006,ADI,2026-08-10 18:13:00+00:00,-1,60m,60,60,0.05425515423964748,-0.05425515423964748,0.13434609621246882,0.15501472639901379,False,compression60_expansion15_2x
ctrl_000006,ADI,2026-08-10 18:13:00+00:00,-1,120m,120,107,-0.8319123650080161,0.8319123650080161,0.8344959437813305,0.31519661034464175,True,compression60_expansion15_2x
ctrl_000007,ADI,2026-06-16 19:22:00+00:00,-1,15m,15,15,-0.6898758934604091,0.6898758934604091,0.7289925678318667,0.28567025828858245,False,compression60_expansion15_2x
ctrl_000007,ADI,2026-06-16 19:22:00+00:00,-1,30m,30,30,-0.7147683226058785,0.7147683226058785,0.7289925678318667,0.28567025828858245,False,compression60_expansion15_2x
ctrl_000007,ADI,2026-06-16 19:22:00+00:00,-1,60m,60,38,-1.4046442160662875,1.4046442160662875,1.4496876592819148,0.28567025828858245,True,compression60_expansion15_2x
ctrl_000007,ADI,2026-06-16 19:22:00+00:00,-1,120m,120,38,-1.4046442160662875,1.4046442160662875,1.4496876592819148,0.28567025828858245,True,compression60_expansion15_2x
ctrl_000008,AMZN,2026-07-23 18:18:00+00:00,1,15m,15,15,-0.02137300162435298,-0.02137300162435298,0.05578353423955375,0.11968880909634999,False,compression60_expansion15_2x
ctrl_000008,AMZN,2026-07-23 18:18:00+00:00,1,30m,30,30,0.0021373001624328688,0.0021373001624328688,0.05578353423955375,0.15816021202017805,False,compression60_expansion15_2x
ctrl_000008,AMZN,2026-07-23 18:18:00+00:00,1,60m,60,60,-0.07694280584765617,-0.07694280584765617,0.05578353423955375,0.2564332734889249,False,compression60_expansion15_2x
ctrl_000008,AMZN,2026-07-23 18:18:00+00:00,1,120m,120,102,-0.14961101137043442,-0.14961101137043442,0.06411900487304681,0.4402838334615718,True,compression60_expansion15_2x
ctrl_000009,AMZN,2026-06-17 19:10:00+00:00,-1,15m,15,15,-0.26236252203845184,0.26236252203845184,0.2728570229199923,0.13432961128368448,False,compression60_expansion15_2x
ctrl_000009,AMZN,2026-06-17 19:10:00+00:00,-1,30m,30,30,-0.4092855343799825,0.4092855343799825,0.5834942490135112,0.13432961128368448,False,compression60_expansion15_2x
ctrl_000009,AMZN,2026-06-17 19:10:00+00:00,-1,60m,60,50,-0.3274284275039884,0.3274284275039884,0.9319116782805805,0.13432961128368448,True,compression60_expansion15_2x
ctrl_000009,AMZN,2026-06-17 19:10:00+00:00,-1,120m,120,50,-0.3274284275039884,0.3274284275039884,0.9319116782805805,0.13432961128368448,True,compression60_expansion15_2x
ctrl_000010,AMZN,2026-05-19 18:13:00+00:00,1,15m,15,15,-0.05205822809215884,-0.05205822809215884,0.06748288826762223,0.32970211125034665,False,compression60_expansion15_2x
ctrl_000010,AMZN,2026-05-19 18:13:00+00:00,1,30m,30,30,-0.053986310614089025,-0.053986310614089025,0.07130049166105365,0.32970211125034665,False,compression60_expansion15_2x
ctrl_000010,AMZN,2026-05-19 18:13:00+00:00,1,60m,60,60,-0.036633567916695434,-0.036633567916695434,0.07130049166105365,0.32970211125034665,False,compression60_expansion15_2x
ctrl_000010,AMZN,2026-05-19 18:13:00+00:00,1,120m,120,107,0.009640412609672846,0.009640412609672846,0.07905138339920335,0.32970211125034665,True,compression60_expansion15_2x
ctrl_000011,AMZN,2026-05-22 16:10:00+00:00,1,15m,15,15,-0.18974074720703235,-0.18974074720703235,0.11551217158787125,0.2120763266310507,False,compression60_expansion15_2x
ctrl_000011,AMZN,2026-05-22 16:10:00+00:00,1,30m,30,30,-0.3423672066044947,-0.3423672066044947,0.11551217158787125,0.40565134830586247,False,compression60_expansion15_2x
ctrl_000011,AMZN,2026-05-22 16:10:00+00:00,1,60m,60,60,-0.39262226030853076,-0.39262226030853076,0.11551217158787125,0.4391547174419006,False,compression60_expansion15_2x
ctrl_000011,AMZN,2026-05-22 16:10:00+00:00,1,120m,120,120,-0.30149309625854004,-0.30149309625854004,0.3612035452520733,0.47638068314858373,False,compression60_expansion15_2x
ctrl_000012,BKNG,2026-08-13 19:43:00+00:00,-1,15m,15,15,-0.2692199644161518,0.2692199644161518,0.2902893529356702,0.25283266223428785,False,compression60_expansion15_2x
ctrl_000012,BKNG,2026-08-13 19:43:00+00:00,-1,30m,30,17,-0.10768798576646604,0.10768798576646604,0.2902893529356702,0.25283266223428785,True,compression60_expansion15_2x
ctrl_000012,BKNG,2026-08-13 19:43:00+00:00,-1,60m,60,17,-0.10768798576646604,0.10768798576646604,0.2902893529356702,0.25283266223428785,True,compression60_expansion15_2x
ctrl_000012,BKNG,2026-08-13 19:43:00+00:00,-1,120m,120,17,-0.10768798576646604,0.10768798576646604,0.2902893529356702,0.25283266223428785,True,compression60_expansion15_2x
ctrl_000013,BKNG,2026-06-16 19:45:00+00:00,-1,15m,15,15,0.005691195720215642,-0.005691195720215642,0.42114848329634574,0.17927266518695448,False,compression60_expansion15_2x
ctrl_000013,BKNG,2026-06-16 19:45:00+00:00,-1,30m,30,15,0.005691195720215642,-0.005691195720215642,0.42114848329634574,0.17927266518695448,True,compression60_expansion15_2x
ctrl_000013,BKNG,2026-06-16 19:45:00+00:00,-1,60m,60,15,0.005691195720215642,-0.005691195720215642,0.42114848329634574,0.17927266518695448,True,compression60_expansion15_2x
ctrl_000013,BKNG,2026-06-16 19:45:00+00:00,-1,120m,120,15,0.005691195720215642,-0.005691195720215642,0.42114848329634574,0.17927266518695448,True,compression60_expansion15_2x
ctrl_000014,BKNG,2026-05-21 15:12:00+00:00,1,15m,15,15,-0.27620760534430033,-0.27620760534430033,0.16700924974305684,0.3211716341212744,False,compression60_expansion15_2x
ctrl_000014,BKNG,2026-05-21 15:12:00+00:00,1,30m,30,30,-0.16379753340184702,-0.16379753340184702,0.16700924974305684,0.661613566289826,False,compression60_expansion15_2x
ctrl_000014,BKNG,2026-05-21 15:12:00+00:00,1,60m,60,60,-0.15416238437821755,-0.15416238437821755,0.16700924974305684,0.661613566289826,False,compression60_expansion15_2x
ctrl_000014,BKNG,2026-05-21 15:12:00+00:00,1,120m,120,120,-0.1220452209660828,-0.1220452209660828,0.16700924974305684,0.661613566289826,False,compression60_expansion15_2x
ctrl_000015,CMCSA,2026-06-11 18:43:00+00:00,1,15m,15,15,0.12518195050945038,0.12518195050945038,0.27032647119982417,0.02079434393845938,False,compression60_expansion15_2x
ctrl_000015,CMCSA,2026-06-11 18:43:00+00:00,1,30m,30,30,0.24953212726137958,0.24953212726137958,0.29112081513826876,0.02079434393845938,False,compression60_expansion15_2x
ctrl_000015,CMCSA,2026-06-11 18:43:00+00:00,1,60m,60,60,-0.10397171969225256,-0.10397171969225256,0.3119151590767282,0.10397171969225256,False,compression60_expansion15_2x
ctrl_000015,CMCSA,2026-06-11 18:43:00+00:00,1,120m,120,77,-0.41588687876898073,-0.41588687876898073,0.3119151590767282,0.43668122270742527,True,compression60_expansion15_2x
ctrl_000016,CMCSA,2026-08-04 19:45:00+00:00,1,15m,15,15,0.40233353450009196,0.40233353450009196,0.4626835646751094,0.0804667069000184,False,compression60_expansion15_2x
ctrl_000016,CMCSA,2026-08-04 19:45:00+00:00,1,30m,30,15,0.40233353450009196,0.40233353450009196,0.4626835646751094,0.0804667069000184,True,compression60_expansion15_2x
ctrl_000016,CMCSA,2026-08-04 19:45:00+00:00,1,60m,60,15,0.40233353450009196,0.40233353450009196,0.4626835646751094,0.0804667069000184,True,compression60_expansion15_2x
ctrl_000016,CMCSA,2026-08-04 19:45:00+00:00,1,120m,120,15,0.40233353450009196,0.40233353450009196,0.4626835646751094,0.0804667069000184,True,compression60_expansion15_2x
ctrl_000017,CMCSA,2026-06-02 17:14:00+00:00,1,15m,15,15,-0.020044097013425556,-0.020044097013425556,0.14030867909400738,0.10022048506714203,False,compression60_expansion15_2x
ctrl_000017,CMCSA,2026-06-02 17:14:00+00:00,1,30m,30,30,0.08017638805371648,0.08017638805371648,0.1803968731208585,0.10022048506714203,False,compression60_expansion15_2x
ctrl_000017,CMCSA,2026-06-02 17:14:00+00:00,1,60m,60,60,0.0,0.0,0.1803968731208585,0.10022048506714203,False,compression60_expansion15_2x
ctrl_000017,CMCSA,2026-06-02 17:14:00+00:00,1,120m,120,120,-0.1383042693926691,-0.1383042693926691,0.1803968731208585,0.14030867909400738,False,compression60_expansion15_2x
ctrl_000018,CMCSA,2026-06-11 16:23:00+00:00,1,15m,15,15,0.0,0.0,0.041657987919190016,0.18746094563631807,False,compression60_expansion15_2x
ctrl_000018,CMCSA,2026-06-11 16:23:00+00:00,1,30m,30,30,0.14580295771714286,0.14580295771714286,0.14580295771714286,0.18746094563631807,False,compression60_expansion15_2x
ctrl_000018,CMCSA,2026-06-11 16:23:00+00:00,1,60m,60,60,-0.23370131222662238,-0.23370131222662238,0.20828993959592046,0.43740887315142857,False,compression60_expansion15_2x
ctrl_000018,CMCSA,2026-06-11 16:23:00+00:00,1,120m,120,120,0.0,0.0,0.7498437825453019,0.43740887315142857,False,compression60_expansion15_2x
ctrl_000019,CMCSA,2026-05-21 16:18:00+00:00,1,15m,15,15,-0.201247735962959,-0.201247735962959,0.14087341517407986,0.22137250955926632,False,compression60_expansion15_2x
ctrl_000019,CMCSA,2026-05-21 16:18:00+00:00,1,30m,30,30,0.04024954719260038,0.04024954719260038,0.14087341517407986,0.22137250955926632,False,compression60_expansion15_2x
ctrl_000019,CMCSA,2026-05-21 16:18:00+00:00,1,60m,60,60,0.42262024552223965,0.42262024552223965,0.5333065003018728,0.22137250955926632,False,compression60_expansion15_2x
ctrl_000019,CMCSA,2026-05-21 16:18:00+00:00,1,120m,120,120,1.0464882270074525,1.0464882270074525,1.1873616421815325,0.22137250955926632,False,compression60_expansion15_2x
ctrl_000020,COST,2026-07-15 18:26:00+00:00,-1,15m,15,15,-0.0038044718849616676,0.0038044718849616676,0.15148320053914716,0.027174799178234073,False,compression60_expansion15_2x
ctrl_000020,COST,2026-07-15 18:26:00+00:00,-1,30m,30,30,-0.029892279096055005,0.029892279096055005,0.19022359424763852,0.027174799178234073,False,compression60_expansion15_2x
ctrl_000020,COST,2026-07-15 18:26:00+00:00,-1,60m,60,60,-0.33316303792515567,0.33316303792515567,0.33316303792515567,0.08043740556757384,False,compression60_expansion15_2x
ctrl_000020,COST,2026-07-15 18:26:00+00:00,-1,120m,120,94,-0.37392523669250677,0.37392523669250677,1.0293813928715096,0.08043740556757384,True,compression60_expansion15_2x
ctrl_000021,COST,2026-06-16 19:45:00+00:00,-1,15m,15,15,0.330091400539371,-0.330091400539371,0.03701579476165822,0.4866966860694457,False,compression60_expansion15_2x
ctrl_000021,COST,2026-06-16 19:45:00+00:00,-1,30m,30,15,0.330091400539371,-0.330091400539371,0.03701579476165822,0.4866966860694457,True,compression60_expansion15_2x
ctrl_000021,COST,2026-06-16 19:45:00+00:00,-1,60m,60,15,0.330091400539371,-0.330091400539371,0.03701579476165822,0.4866966860694457,True,compression60_expansion15_2x
ctrl_000021,COST,2026-06-16 19:45:00+00:00,-1,120m,120,15,0.330091400539371,-0.330091400539371,0.03701579476165822,0.4866966860694457,True,compression60_expansion15_2x
ctrl_000022,COST,2026-06-25 19:42:00+00:00,-1,15m,15,15,-0.3378289073693279,0.3378289073693279,0.41184463042363234,0.16706406060830783,False,compression60_expansion15_2x
ctrl_000022,COST,2026-06-25 19:42:00+00:00,-1,30m,30,18,-0.34523047967475234,0.34523047967475234,0.49960613061660625,0.16706406060830783,True,compression60_expansion15_2x
ctrl_000022,COST,2026-06-25 19:42:00+00:00,-1,60m,60,18,-0.34523047967475234,0.34523047967475234,0.49960613061660625,0.16706406060830783,True,compression60_expansion15_2x
ctrl_000022,COST,2026-06-25 19:42:00+00:00,-1,120m,120,18,-0.34523047967475234,0.34523047967475234,0.49960613061660625,0.16706406060830783,True,compression60_expansion15_2x
ctrl_000023,COST,2026-05-27 19:32:00+00:00,-1,15m,15,15,-0.061610008645275854,0.061610008645275854,0.09638985223535294,0.019874196337178834,False,compression60_expansion15_2x
ctrl_000023,COST,2026-05-27 19:32:00+00:00,-1,30m,30,28,-0.23650293641250836,0.23650293641250836,0.2802261683543221,0.019874196337178834,True,compression60_expansion15_2x
ctrl_000023,COST,2026-05-27 19:32:00+00:00,-1,60m,60,28,-0.23650293641250836,0.23650293641250836,0.2802261683543221,0.019874196337178834,True,compression60_expansion15_2x
ctrl_000023,COST,2026-05-27 19:32:00+00:00,-1,120m,120,28,-0.23650293641250836,0.23650293641250836,0.2802261683543221,0.019874196337178834,True,compression60_expansion15_2x
ctrl_000024,COST,2026-05-28 15:47:00+00:00,-1,15m,15,15,0.0660468932942471,-0.0660468932942471,0.0690490248076075,0.08105755086111731,False,compression60_expansion15_2x
ctrl_000024,COST,2026-05-28 15:47:00+00:00,-1,30m,30,30,0.0010007105044572552,-0.0010007105044572552,0.0690490248076075,0.12608952356172792,False,compression60_expansion15_2x
ctrl_000024,COST,2026-05-28 15:47:00+00:00,-1,60m,60,60,0.3132223878954053,-0.3132223878954053,0.0690490248076075,0.3132223878954053,False,compression60_expansion15_2x
ctrl_000024,COST,2026-05-28 15:47:00+00:00,-1,120m,120,120,-0.1821393189164218,0.1821393189164218,0.3492479660559006,0.36025578160494176,False,compression60_expansion15_2x
ctrl_000025,COST,2026-06-10 17:31:00+00:00,1,15m,15,14,-0.05169598665117446,-0.05169598665117446,0.009724987587847582,0.16941952060929327,False,compression60_expansion15_2x
ctrl_000025,COST,2026-06-10 17:31:00+00:00,1,30m,30,29,-0.030198645667513836,-0.030198645667513836,0.009724987587847582,0.24312468969611972,False,compression60_expansion15_2x
ctrl_000025,COST,2026-06-10 17:31:00+00:00,1,60m,60,59,0.34958771171041686,0.34958771171041686,0.41305605175740434,0.24312468969611972,False,compression60_expansion15_2x
ctrl_000025,COST,2026-06-10 17:31:00+00:00,1,120m,120,119,0.5809400480107235,0.5809400480107235,0.6070439620623065,0.24312468969611972,False,compression60_expansion15_2x
ctrl_000026,CSCO,2026-06-01 18:10:00+00:00,1,15m,15,15,-0.16543965588551812,-0.16543965588551812,0.1158077591198615,0.2481594838282713,False,compression60_expansion15_2x
ctrl_000026,CSCO,2026-06-01 18:10:00+00:00,1,30m,30,30,-0.0496318967656566,-0.0496318967656566,0.1158077591198615,0.35561254032591905,False,compression60_expansion15_2x
ctrl_000026,CSCO,2026-06-01 18:10:00+00:00,1,60m,60,60,0.30606336338820794,0.30606336338820794,0.38878319133096106,0.35561254032591905,False,compression60_expansion15_2x
ctrl_000026,CSCO,2026-06-01 18:10:00+00:00,1,120m,120,110,0.38878319133096106,0.38878319133096106,0.8768301761932353,0.35561254032591905,True,compression60_expansion15_2x
ctrl_000027,CSCO,2026-06-17 19:11:00+00:00,-1,15m,15,15,-0.13984828579904754,0.13984828579904754,0.3263126668644362,0.4280205110819133,False,compression60_expansion15_2x
ctrl_000027,CSCO,2026-06-17 19:11:00+00:00,-1,30m,30,30,-0.7416196974191634,0.7416196974191634,0.8857058100606024,0.4280205110819133,False,compression60_expansion15_2x
ctrl_000027,CSCO,2026-06-17 19:11:00+00:00,-1,60m,60,49,-0.48735008687545267,0.48735008687545267,0.8857058100606024,0.4280205110819133,True,compression60_expansion15_2x
ctrl_000027,CSCO,2026-06-17 19:11:00+00:00,-1,120m,120,49,-0.48735008687545267,0.48735008687545267,0.8857058100606024,0.4280205110819133,True,compression60_expansion15_2x
ctrl_000028,CSCO,2026-06-04 18:03:00+00:00,-1,15m,15,15,0.011570949203544397,-0.011570949203544397,0.07328267828904143,0.07713966135690419,False,compression60_expansion15_2x
ctrl_000028,CSCO,2026-06-04 18:03:00+00:00,-1,30m,30,30,0.08485362749258583,-0.08485362749258583,0.14270837351024204,0.12728044123887877,False,compression60_expansion15_2x
ctrl_000028,CSCO,2026-06-04 18:03:00+00:00,-1,60m,60,60,0.42812512053072616,-0.42812512053072616,0.14270837351024204,0.4821228834805415,False,compression60_expansion15_2x
ctrl_000028,CSCO,2026-06-04 18:03:00+00:00,-1,120m,120,117,0.29313071315616573,-0.29313071315616573,0.4628379681413155,0.5635823658734213,True,compression60_expansion15_2x
ctrl_000029,CSCO,2026-08-04 18:10:00+00:00,1,15m,15,15,0.0950373951489683,0.0950373951489683,0.14916738977728955,0.07850915251435799,False,compression60_expansion15_2x
ctrl_000029,CSCO,2026-08-04 18:10:00+00:00,1,30m,30,30,-0.008264121317293422,-0.008264121317293422,0.26858394281228287,0.07850915251435799,False,compression60_expansion15_2x
ctrl_000029,CSCO,2026-08-04 18:10:00+00:00,1,60m,60,60,0.15701830502871597,0.15701830502871597,0.26858394281228287,0.11982975910086033,False,compression60_expansion15_2x
ctrl_000029,CSCO,2026-08-04 18:10:00+00:00,1,120m,120,110,0.5991487955043251,0.5991487955043251,0.7396388578984424,0.11982975910086033,True,compression60_expansion15_2x
ctrl_000030,GILD,2026-07-02 18:29:00+00:00,-1,15m,15,15,0.23851658074940546,-0.23851658074940546,0.015388166499969401,0.2615988304993486,False,compression60_expansion15_2x
ctrl_000030,GILD,2026-07-02 18:29:00+00:00,-1,30m,30,30,0.13464645687467214,-0.13464645687467214,0.015388166499969401,0.2615988304993486,False,compression60_expansion15_2x
ctrl_000030,GILD,2026-07-02 18:29:00+00:00,-1,60m,60,60,0.3616219127490951,-0.3616219127490951,0.015388166499969401,0.36931599599906884,False,compression60_expansion15_2x
ctrl_000030,GILD,2026-07-02 18:29:00+00:00,-1,120m,120,91,0.9925367392475126,-0.9925367392475126,0.015388166499969401,1.1464184042471408,True,compression60_expansion15_2x
ctrl_000031,GILD,2026-08-06 18:03:00+00:00,1,15m,15,15,-0.17353759544953287,-0.17353759544953287,0.1767712152405158,0.17353759544953287,False,compression60_expansion15_2x
ctrl_000031,GILD,2026-08-06 18:03:00+00:00,1,30m,30,30,-0.21203306915172188,-0.21203306915172188,0.1767712152405158,0.3506167744796546,False,compression60_expansion15_2x
ctrl_000031,GILD,2026-08-06 18:03:00+00:00,1,60m,60,60,-0.061900721713138936,-0.061900721713138936,0.1767712152405158,0.3506167744796546,False,compression60_expansion15_2x
ctrl_000031,GILD,2026-08-06 18:03:00+00:00,1,120m,120,117,0.7734510576246307,0.7734510576246307,1.0583175630209298,0.3506167744796546,True,compression60_expansion15_2x
ctrl_000032,GILD,2026-06-16 19:06:00+00:00,-1,15m,15,15,0.11047979797979843,-0.11047979797979843,0.03148674242424474,0.17361111111111022,False,compression60_expansion15_2x
ctrl_000032,GILD,2026-06-16 19:06:00+00:00,-1,30m,30,30,-0.10653409090909495,0.10653409090909495,0.40246212121212527,0.17361111111111022,False,compression60_expansion15_2x
ctrl_000032,GILD,2026-06-16 19:06:00+00:00,-1,60m,60,54,0.4182449494949504,-0.4182449494949504,0.40246212121212527,0.4577020202020189,True,compression60_expansion15_2x
ctrl_000032,GILD,2026-06-16 19:06:00+00:00,-1,120m,120,54,0.4182449494949504,-0.4182449494949504,0.40246212121212527,0.4577020202020189,True,compression60_expansion15_2x
ctrl_000033,GILD,2026-06-30 18:08:00+00:00,-1,15m,15,15,0.03164807342353529,-0.03164807342353529,0.06329614684705934,0.10285623862647002,False,compression60_expansion15_2x
ctrl_000033,GILD,2026-06-30 18:08:00+00:00,-1,30m,30,30,-0.24527256903236197,0.24527256903236197,0.26109660574412397,0.10285623862647002,False,compression60_expansion15_2x
ctrl_000033,GILD,2026-06-30 18:08:00+00:00,-1,60m,60,60,-0.22944853232059995,0.22944853232059995,0.3164807342353079,0.10285623862647002,False,compression60_expansion15_2x
ctrl_000033,GILD,2026-06-30 18:08:00+00:00,-1,120m,120,112,-0.087032201914708,0.087032201914708,0.3164807342353079,0.22153651396471327,True,compression60_expansion15_2x
ctrl_000034,GILD,2026-07-23 18:23:00+00:00,-1,15m,15,15,-0.023046784973497072,0.023046784973497072,0.030729046631322154,0.10371053238074776,False,compression60_expansion15_2x
ctrl_000034,GILD,2026-07-23 18:23:00+00:00,-1,30m,30,30,0.04993470077592852,-0.04993470077592852,0.05761696243373177,0.10371053238074776,False,compression60_expansion15_2x
ctrl_000034,GILD,2026-07-23 18:23:00+00:00,-1,60m,60,60,0.2535146347084678,-0.2535146347084678,0.05761696243373177,0.4225243911807724,False,compression60_expansion15_2x
ctrl_000034,GILD,2026-07-23 18:23:00+00:00,-1,120m,120,97,0.4993470077590887,-0.4993470077590887,0.05761696243373177,0.6914035492048903,True,compression60_expansion15_2x
ctrl_000035,GILD,2026-08-04 19:07:00+00:00,1,15m,15,15,0.0263138109916522,0.0263138109916522,0.11277347567852469,0.1578828659499132,False,compression60_expansion15_2x
ctrl_000035,GILD,2026-08-04 19:07:00+00:00,1,30m,30,30,1.0826253665137944,1.0826253665137944,1.127734756785204,0.1578828659499132,False,compression60_expansion15_2x
ctrl_000035,GILD,2026-08-04 19:07:00+00:00,1,60m,60,53,1.6991203668897221,1.6991203668897221,1.9246673182467502,0.1578828659499132,True,compression60_expansion15_2x
ctrl_000035,GILD,2026-08-04 19:07:00+00:00,1,120m,120,53,1.6991203668897221,1.6991203668897221,1.9246673182467502,0.1578828659499132,True,compression60_expansion15_2x
ctrl_000036,GILD,2026-07-01 19:32:00+00:00,-1,15m,15,15,0.21895776105737147,-0.21895776105737147,0.10748835542816602,0.21895776105737147,False,compression60_expansion15_2x
ctrl_000036,GILD,2026-07-01 19:32:00+00:00,-1,30m,30,28,0.2985787650782276,-0.2985787650782276,0.10748835542816602,0.5971575301564552,True,compression60_expansion15_2x
ctrl_000036,GILD,2026-07-01 19:32:00+00:00,-1,60m,60,28,0.2985787650782276,-0.2985787650782276,0.10748835542816602,0.5971575301564552,True,compression60_expansion15_2x
ctrl_000036,GILD,2026-07-01 19:32:00+00:00,-1,120m,120,28,0.2985787650782276,-0.2985787650782276,0.10748835542816602,0.5971575301564552,True,compression60_expansion15_2x
ctrl_000037,GILD,2026-05-21 16:04:00+00:00,1,15m,15,15,-0.015360983102904617,-0.015360983102904617,0.10752688172044148,0.030721966205831064,False,compression60_expansion15_2x
ctrl_000037,GILD,2026-05-21 16:04:00+00:00,1,30m,30,30,-0.10368663594469349,-0.10368663594469349,0.10752688172044148,0.1228878648233461,False,compression60_expansion15_2x
ctrl_000037,GILD,2026-05-21 16:04:00+00:00,1,60m,60,60,-0.09984639016896732,-0.09984639016896732,0.10752688172044148,0.20737327188938698,False,compression60_expansion15_2x
ctrl_000037,GILD,2026-05-21 16:04:00+00:00,1,120m,120,120,0.6835637480798885,0.6835637480798885,0.8678955453149185,0.20737327188938698,False,compression60_expansion15_2x
ctrl_000038,GILD,2026-06-11 15:47:00+00:00,1,15m,15,15,0.047694753577108326,0.047694753577108326,0.14308426073132496,0.2623211446740845,False,compression60_expansion15_2x
ctrl_000038,GILD,2026-06-11 15:47:00+00:00,1,30m,30,30,0.2782193958664615,0.2782193958664615,0.3814785373608908,0.2623211446740845,False,compression60_expansion15_2x
ctrl_000038,GILD,2026-06-11 15:47:00+00:00,1,60m,60,60,-0.07949125596183967,-0.07949125596183967,0.3814785373608908,0.2623211446740845,False,compression60_expansion15_2x
ctrl_000038,GILD,2026-06-11 15:47:00+00:00,1,120m,120,120,1.104928457869635,1.104928457869635,1.2480127186009597,0.3418124006359242,False,compression60_expansion15_2x
ctrl_000039,GOOGL,2026-06-17 19:09:00+00:00,1,15m,15,15,-0.25666584287558575,-0.25666584287558575,0.2471373259741267,0.3240244940549762,False,compression60_expansion15_2x
ctrl_000039,GOOGL,2026-06-17 19:09:00+00:00,1,30m,30,30,-0.49702062223686805,-0.49702062223686805,0.2471373259741267,0.590383612049327,False,compression60_expansion15_2x
ctrl_000039,GOOGL,2026-06-17 19:09:00+00:00,1,60m,60,51,-0.13729851443007388,-0.13729851443007388,0.2471373259741267,0.590383612049327,True,compression60_expansion15_2x
ctrl_000039,GOOGL,2026-06-17 19:09:00+00:00,1,120m,120,51,-0.13729851443007388,-0.13729851443007388,0.2471373259741267,0.590383612049327,True,compression60_expansion15_2x
ctrl_000040,GOOGL,2026-07-15 19:32:00+00:00,-1,15m,15,15,0.2271805273833604,-0.2271805273833604,0.01893171061527875,0.43450980392157257,False,compression60_expansion15_2x
ctrl_000040,GOOGL,2026-07-15 19:32:00+00:00,-1,30m,30,28,0.3380662609871535,-0.3380662609871535,0.23258958755916526,0.43450980392157257,True,compression60_expansion15_2x
ctrl_000040,GOOGL,2026-07-15 19:32:00+00:00,-1,60m,60,28,0.3380662609871535,-0.3380662609871535,0.23258958755916526,0.43450980392157257,True,compression60_expansion15_2x
ctrl_000040,GOOGL,2026-07-15 19:32:00+00:00,-1,120m,120,28,0.3380662609871535,-0.3380662609871535,0.23258958755916526,0.43450980392157257,True,compression60_expansion15_2x
ctrl_000041,GOOGL,2026-08-13 16:24:00+00:00,-1,15m,15,15,0.005116642095218895,-0.005116642095218895,0.06359668140954161,0.12141184632729625,False,compression60_expansion15_2x
ctrl_000041,GOOGL,2026-08-13 16:24:00+00:00,-1,30m,30,30,0.11273957158962401,-0.11273957158962401,0.06359668140954161,0.12141184632729625,False,compression60_expansion15_2x
ctrl_000041,GOOGL,2026-08-13 16:24:00+00:00,-1,60m,60,60,-0.14742867054028008,0.14742867054028008,0.1676639782614934,0.3960338796866431,False,compression60_expansion15_2x
ctrl_000041,GOOGL,2026-08-13 16:24:00+00:00,-1,120m,120,120,0.0115630329835575,-0.0115630329835575,0.1676639782614934,0.3960338796866431,False,compression60_expansion15_2x
ctrl_000042,HON,2026-05-18 18:07:00+00:00,-1,15m,15,15,0.036818851251846696,-0.036818851251846696,0.08284241531664527,0.059830633284239446,False,compression60_expansion15_2x
ctrl_000042,HON,2026-05-18 18:07:00+00:00,-1,30m,30,30,-0.15417893961708762,0.15417893961708762,0.17719072164948035,0.06903534609720438,False,compression60_expansion15_2x
ctrl_000042,HON,2026-05-18 18:07:00+00:00,-1,60m,60,60,0.07824005891015624,-0.07824005891015624,0.38889911634756946,0.170517304860085,False,compression60_expansion15_2x
ctrl_000042,HON,2026-05-18 18:07:00+00:00,-1,120m,120,113,-0.009204712812964946,0.009204712812964946,0.4970544918998585,0.170517304860085,True,compression60_expansion15_2x
ctrl_000043,HON,2026-06-02 18:36:00+00:00,1,15m,15,15,0.0957935967302428,0.0957935967302428,0.12985354223433535,0.07237738419617996,False,compression60_expansion15_2x
ctrl_000043,HON,2026-06-02 18:36:00+00:00,1,30m,30,30,0.07024863760217645,0.07024863760217645,0.19558923705722772,0.07237738419617996,False,compression60_expansion15_2x
ctrl_000043,HON,2026-06-02 18:36:00+00:00,1,60m,60,60,0.4470367847411493,0.4470367847411493,0.5236716621253483,0.07237738419617996,False,compression60_expansion15_2x
ctrl_000043,HON,2026-06-02 18:36:00+00:00,1,120m,120,84,0.17881471389646456,0.17881471389646456,0.5236716621253483,0.07237738419617996,True,compression60_expansion15_2x
ctrl_000044,HON,2026-08-07 18:35:00+00:00,-1,15m,15,15,-0.06924643584520875,0.06924643584520875,0.06924643584520875,0.11201629327902472,False,compression60_expansion15_2x
ctrl_000044,HON,2026-08-07 18:35:00+00:00,-1,30m,30,30,0.03665987780040872,-0.03665987780040872,0.08961303462321746,0.12219959266802907,False,compression60_expansion15_2x
ctrl_000044,HON,2026-08-07 18:35:00+00:00,-1,60m,60,60,0.2627291242362567,-0.2627291242362567,0.08961303462321746,0.2973523421588553,False,compression60_expansion15_2x
ctrl_000044,HON,2026-08-07 18:35:00+00:00,-1,120m,120,85,0.2769857433808582,-0.2769857433808582,0.08961303462321746,0.36659877800407564,True,compression60_expansion15_2x
ctrl_000045,HON,2026-08-14 18:24:00+00:00,-1,15m,15,14,0.023485204321280508,-0.023485204321280508,0.0725479311669944,0.025620222895940164,False,compression60_expansion15_2x
ctrl_000045,HON,2026-08-14 18:24:00+00:00,-1,30m,30,26,0.08535804261497662,-0.08535804261497662,0.07686066868782049,0.08535804261497662,False,compression60_expansion15_2x
ctrl_000045,HON,2026-08-14 18:24:00+00:00,-1,60m,60,54,-0.061915538665190756,0.061915538665190756,0.10675092873307997,0.09394081728510989,False,compression60_expansion15_2x
ctrl_000045,HON,2026-08-14 18:24:00+00:00,-1,120m,120,90,-0.08540074298645912,0.08540074298645912,0.4056535291856991,0.09394081728510989,True,compression60_expansion15_2x
ctrl_000046,HON,2026-07-28 18:42:00+00:00,1,15m,15,15,0.16574362291304384,0.16574362291304384,0.22229858107289,0.07680802037433711,False,compression60_expansion15_2x
ctrl_000046,HON,2026-07-28 18:42:00+00:00,1,30m,30,30,0.29510449933297883,0.29510449933297883,0.40627400250636514,0.07680802037433711,False,compression60_expansion15_2x
ctrl_000046,HON,2026-07-28 18:42:00+00:00,1,60m,60,60,-0.06872296559809836,-0.06872296559809836,0.40627400250636514,0.38808262925981646,False,compression60_expansion15_2x
ctrl_000046,HON,2026-07-28 18:42:00+00:00,1,120m,120,78,-0.17787120507741347,-0.17787120507741347,0.40627400250636514,0.38808262925981646,True,compression60_expansion15_2x
ctrl_000047,HON,2026-06-12 18:12:00+00:00,-1,15m,15,15,0.2174059215097318,-0.2174059215097318,0.05154985767757092,0.2174059215097318,False,compression60_expansion15_2x
ctrl_000047,HON,2026-06-12 18:12:00+00:00,-1,30m,30,30,0.45498352645851864,-0.45498352645851864,0.05154985767757092,0.495326893336616,False,compression60_expansion15_2x
ctrl_000047,HON,2026-06-12 18:12:00+00:00,-1,60m,60,60,-0.042584665037989494,0.042584665037989494,0.09637582087545259,0.495326893336616,False,compression60_expansion15_2x
ctrl_000047,HON,2026-06-12 18:12:00+00:00,-1,120m,120,108,-1.2663334603402365,1.2663334603402365,1.7594190555169604,0.495326893336616,True,compression60_expansion15_2x
ctrl_000048,HON,2026-06-30 19:20:00+00:00,-1,15m,15,15,0.10171560317352424,-0.10171560317352424,0.11979837707104939,0.3051468095205727,False,compression60_expansion15_2x
ctrl_000048,HON,2026-06-30 19:20:00+00:00,-1,30m,30,30,-0.12657941728261166,0.12657941728261166,0.15596392486607394,0.3051468095205727,False,compression60_expansion15_2x
ctrl_000048,HON,2026-06-30 19:20:00+00:00,-1,60m,60,40,1.2138061978707415,-1.2138061978707415,0.15596392486607394,1.2725752130376788,True,compression60_expansion15_2x
ctrl_000048,HON,2026-06-30 19:20:00+00:00,-1,120m,120,40,1.2138061978707415,-1.2138061978707415,0.15596392486607394,1.2725752130376788,True,compression60_expansion15_2x
ctrl_000049,HON,2026-06-16 19:30:00+00:00,-1,15m,15,15,-0.17368649587494817,0.17368649587494817,0.2214502822405642,0.08901432913590276,False,compression60_expansion15_2x
ctrl_000049,HON,2026-06-16 19:30:00+00:00,-1,30m,30,30,-0.34737299174989633,0.34737299174989633,0.41467650890143826,0.1432913590968233,False,compression60_expansion15_2x
ctrl_000049,HON,2026-06-16 19:30:00+00:00,-1,60m,60,30,-0.34737299174989633,0.34737299174989633,0.41467650890143826,0.1432913590968233,True,compression60_expansion15_2x
ctrl_000049,HON,2026-06-16 19:30:00+00:00,-1,120m,120,30,-0.34737299174989633,0.34737299174989633,0.41467650890143826,0.1432913590968233,True,compression60_expansion15_2x
ctrl_000050,HON,2026-07-13 15:47:00+00:00,-1,15m,15,15,-0.03383789392948952,0.03383789392948952,0.11956055855084245,0.16918946964740914,False,compression60_expansion15_2x
ctrl_000050,HON,2026-07-13 15:47:00+00:00,-1,30m,30,30,-0.14211915450382265,0.14211915450382265,0.16016603126622217,0.16918946964740914,False,compression60_expansion15_2x
ctrl_000050,HON,2026-07-13 15:47:00+00:00,-1,60m,60,60,-0.19625978479099562,0.19625978479099562,0.4128223059396875,0.16918946964740914,False,compression60_expansion15_2x
ctrl_000050,HON,2026-07-13 15:47:00+00:00,-1,120m,120,119,-0.06993164745426296,0.06993164745426296,0.5526856008482134,0.16918946964740914,False,compression60_expansion15_2x
ctrl_000051,INTU,2026-08-04 18:26:00+00:00,1,15m,15,15,0.009347250350531099,0.009347250350531099,0.10281975385573583,0.10905125408941141,False,compression60_expansion15_2x
ctrl_000051,INTU,2026-08-04 18:26:00+00:00,1,30m,30,30,0.17448200654307597,0.17448200654307597,0.19317650724412044,0.10905125408941141,False,compression60_expansion15_2x
ctrl_000051,INTU,2026-08-04 18:26:00+00:00,1,60m,60,60,0.657423274653377,0.657423274653377,0.657423274653377,0.10905125408941141,False,compression60_expansion15_2x
ctrl_000051,INTU,2026-08-04 18:26:00+00:00,1,120m,120,94,0.8194422807290842,0.8194422807290842,1.0655865399595001,0.10905125408941141,True,compression60_expansion15_2x
ctrl_000052,INTU,2026-08-11 19:45:00+00:00,1,15m,15,15,0.03865366317792444,0.03865366317792444,0.10406755470980696,0.14866793529971456,False,compression60_expansion15_2x
ctrl_000052,INTU,2026-08-11 19:45:00+00:00,1,30m,30,15,0.03865366317792444,0.03865366317792444,0.10406755470980696,0.14866793529971456,True,compression60_expansion15_2x
ctrl_000052,INTU,2026-08-11 19:45:00+00:00,1,60m,60,15,0.03865366317792444,0.03865366317792444,0.10406755470980696,0.14866793529971456,True,compression60_expansion15_2x
ctrl_000052,INTU,2026-08-11 19:45:00+00:00,1,120m,120,15,0.03865366317792444,0.03865366317792444,0.10406755470980696,0.14866793529971456,True,compression60_expansion15_2x
ctrl_000053,ISRG,2026-06-08 18:31:00+00:00,1,15m,15,15,0.03212564697483274,0.03212564697483274,0.13028734606459796,0.13207210422987847,False,compression60_expansion15_2x
ctrl_000053,ISRG,2026-06-08 18:31:00+00:00,1,30m,30,30,0.05830210006544221,0.05830210006544221,0.17609613897315776,0.13207210422987847,False,compression60_expansion15_2x
ctrl_000053,ISRG,2026-06-08 18:31:00+00:00,1,60m,60,60,-0.1035159735855797,-0.1035159735855797,0.17609613897315776,0.17728597775001595,False,compression60_expansion15_2x
ctrl_000053,ISRG,2026-06-08 18:31:00+00:00,1,120m,120,89,-0.37003985959902597,-0.37003985959902597,0.46522696174667955,0.4271521208876235,True,compression60_expansion15_2x
ctrl_000054,ISRG,2026-06-17 19:23:00+00:00,-1,15m,15,15,0.12028219574213889,-0.12028219574213889,0.2592611058483232,0.1570524006581232,False,compression60_expansion15_2x
ctrl_000054,ISRG,2026-06-17 19:23:00+00:00,-1,30m,30,30,0.16079174353094647,-0.16079174353094647,0.2592611058483232,0.2966296056239774,False,compression60_expansion15_2x
ctrl_000054,ISRG,2026-06-17 19:23:00+00:00,-1,60m,60,37,0.2592611058483374,-0.2592611058483374,0.2592611058483232,0.3490053347958404,True,compression60_expansion15_2x
ctrl_000054,ISRG,2026-06-17 19:23:00+00:00,-1,120m,120,37,0.2592611058483374,-0.2592611058483374,0.2592611058483232,0.3490053347958404,True,compression60_expansion15_2x
ctrl_000055,ISRG,2026-06-03 15:23:00+00:00,1,15m,15,15,0.012505471143628181,0.012505471143628181,0.10129431626337262,0.006252735571806982,False,compression60_expansion15_2x
ctrl_000055,ISRG,2026-06-03 15:23:00+00:00,1,30m,30,30,0.09379103357719003,0.09379103357719003,0.24135559307197693,0.006252735571806982,False,compression60_expansion15_2x
ctrl_000055,ISRG,2026-06-03 15:23:00+00:00,1,60m,60,60,0.17007440755330627,0.17007440755330627,0.24135559307197693,0.006252735571806982,False,compression60_expansion15_2x
ctrl_000055,ISRG,2026-06-03 15:23:00+00:00,1,120m,120,120,0.761583192646787,0.761583192646787,1.3218282998812043,0.006252735571806982,False,compression60_expansion15_2x
ctrl_000056,ISRG,2026-06-11 16:24:00+00:00,1,15m,15,15,0.05739897170351765,0.05739897170351765,0.14044429246607687,0.16242687737381883,False,compression60_expansion15_2x
ctrl_000056,ISRG,2026-06-11 16:24:00+00:00,1,30m,30,30,-0.17463942454478507,-0.17463942454478507,0.14044429246607687,0.17463942454478507,False,compression60_expansion15_2x
ctrl_000056,ISRG,2026-06-11 16:24:00+00:00,1,60m,60,60,-0.07205402830868822,-0.07205402830868822,0.14044429246607687,0.37490077305423425,False,compression60_expansion15_2x
ctrl_000056,ISRG,2026-06-11 16:24:00+00:00,1,120m,120,120,1.156528217090228,1.156528217090228,1.6547757165712058,0.37490077305423425,False,compression60_expansion15_2x
ctrl_000057,MDLZ,2026-07-27 18:03:00+00:00,1,15m,15,15,0.19795447047179898,0.19795447047179898,0.23094688221709103,0.024744308808974873,False,compression60_expansion15_2x
ctrl_000057,MDLZ,2026-07-27 18:03:00+00:00,1,30m,30,30,0.2886836027713696,0.2886836027713696,0.2886836027713696,0.024744308808974873,False,compression60_expansion15_2x
ctrl_000057,MDLZ,2026-07-27 18:03:00+00:00,1,60m,60,60,0.14846585285384925,0.14846585285384925,0.3134279115803445,0.024744308808974873,False,compression60_expansion15_2x
ctrl_000057,MDLZ,2026-07-27 18:03:00+00:00,1,120m,120,117,0.049488617617949746,0.049488617617949746,0.32992411745299055,0.1732101616628124,True,compression60_expansion15_2x
ctrl_000058,MDLZ,2026-05-21 18:27:00+00:00,1,15m,15,15,-0.19433198380566388,-0.19433198380566388,0.0323886639676164,0.21052631578947784,False,compression60_expansion15_2x
ctrl_000058,MDLZ,2026-05-21 18:27:00+00:00,1,30m,30,30,-0.45392712550606784,-0.45392712550606784,0.0323886639676164,0.47773279352227,False,compression60_expansion15_2x
ctrl_000058,MDLZ,2026-05-21 18:27:00+00:00,1,60m,60,60,-0.4372469635627581,-0.4372469635627581,0.0323886639676164,0.639676113360329,False,compression60_expansion15_2x
ctrl_000058,MDLZ,2026-05-21 18:27:00+00:00,1,120m,120,93,-0.38866396761133926,-0.38866396761133926,0.0323886639676164,0.6963562753036432,True,compression60_expansion15_2x
ctrl_000059,MDLZ,2026-06-17 19:27:00+00:00,-1,15m,15,15,-0.02491073652744427,0.02491073652744427,0.32383957485676373,0.09133936726729172,False,compression60_expansion15_2x
ctrl_000059,MDLZ,2026-06-17 19:27:00+00:00,-1,30m,30,30,0.9300008303578762,-0.9300008303578762,0.32383957485676373,0.9383044092003615,False,compression60_expansion15_2x
ctrl_000059,MDLZ,2026-06-17 19:27:00+00:00,-1,60m,60,33,1.0794652495225419,-1.0794652495225419,0.32383957485676373,1.137590301419904,True,compression60_expansion15_2x
ctrl_000059,MDLZ,2026-06-17 19:27:00+00:00,-1,120m,120,33,1.0794652495225419,-1.0794652495225419,0.32383957485676373,1.137590301419904,True,compression60_expansion15_2x
ctrl_000060,MDLZ,2026-06-08 16:36:00+00:00,-1,15m,15,15,-0.17726210619611543,0.17726210619611543,0.1933768431230319,0.024172105390380418,False,compression60_expansion15_2x
ctrl_000060,MDLZ,2026-06-08 16:36:00+00:00,-1,30m,30,30,-0.20143421158649583,0.20143421158649583,0.22560631697687628,0.024172105390380418,False,compression60_expansion15_2x
ctrl_000060,MDLZ,2026-06-08 16:36:00+00:00,-1,60m,60,60,-0.2820078962210896,0.2820078962210896,0.3384094754653144,0.024172105390380418,False,compression60_expansion15_2x
ctrl_000060,MDLZ,2026-06-08 16:36:00+00:00,-1,120m,120,120,-0.17726210619611543,0.17726210619611543,0.728386109096766,0.024172105390380418,False,compression60_expansion15_2x
ctrl_000061,MDLZ,2026-05-21 16:07:00+00:00,1,15m,15,15,0.04080966372836856,0.04080966372836856,0.04080966372836856,0.12961149200130542,False,compression60_expansion15_2x
ctrl_000061,MDLZ,2026-05-21 16:07:00+00:00,1,30m,30,30,0.17956252040483095,0.17956252040483095,0.17956252040483095,0.12961149200130542,False,compression60_expansion15_2x
ctrl_000061,MDLZ,2026-05-21 16:07:00+00:00,1,60m,60,60,0.21221025138753274,0.21221025138753274,0.39177277179236364,0.12961149200130542,False,compression60_expansion15_2x
ctrl_000061,MDLZ,2026-05-21 16:07:00+00:00,1,120m,120,120,0.6039830231798964,0.6039830231798964,0.6529546196539318,0.12961149200130542,False,compression60_expansion15_2x
ctrl_000062,MDLZ,2026-05-21 15:07:00+00:00,1,15m,15,15,-0.11409942950285294,-0.11409942950285294,0.17929910350448156,0.19559902200489737,False,compression60_expansion15_2x
ctrl_000062,MDLZ,2026-05-21 15:07:00+00:00,1,30m,30,30,-0.16299918500407728,-0.16299918500407728,0.17929910350448156,0.2526487367563181,False,compression60_expansion15_2x
ctrl_000062,MDLZ,2026-05-21 15:07:00+00:00,1,60m,60,60,-0.17929910350448156,-0.17929910350448156,0.17929910350448156,0.366748166259171,False,compression60_expansion15_2x
ctrl_000062,MDLZ,2026-05-21 15:07:00+00:00,1,120m,120,120,0.0651996740016286,0.0651996740016286,0.24449877750611013,0.366748166259171,False,compression60_expansion15_2x
ctrl_000063,MDLZ,2026-06-12 16:49:00+00:00,1,15m,15,15,0.1041666666666744,0.1041666666666744,0.16826923076923717,0.10416666666666302,False,compression60_expansion15_2x
ctrl_000063,MDLZ,2026-06-12 16:49:00+00:00,1,30m,30,30,0.6250000000000009,0.6250000000000009,0.6490384615384635,0.10416666666666302,False,compression60_expansion15_2x
ctrl_000063,MDLZ,2026-06-12 16:49:00+00:00,1,60m,60,60,0.6891025641025637,0.6891025641025637,0.9054487179487256,0.10416666666666302,False,compression60_expansion15_2x
ctrl_000063,MDLZ,2026-06-12 16:49:00+00:00,1,120m,120,120,0.8894230769230765,0.8894230769230765,1.0657051282051269,0.10416666666666302,False,compression60_expansion15_2x
ctrl_000064,META,2026-05-26 19:37:00+00:00,1,15m,15,15,0.1943117850754056,0.1943117850754056,0.26586578701196467,0.038731065268407916,False,compression60_expansion15_2x
ctrl_000064,META,2026-05-26 19:37:00+00:00,1,30m,30,23,0.4939851968555611,0.4939851968555611,0.5120378120230423,0.038731065268407916,True,compression60_expansion15_2x
ctrl_000064,META,2026-05-26 19:37:00+00:00,1,60m,60,23,0.4939851968555611,0.4939851968555611,0.5120378120230423,0.038731065268407916,True,compression60_expansion15_2x
ctrl_000064,META,2026-05-26 19:37:00+00:00,1,120m,120,23,0.4939851968555611,0.4939851968555611,0.5120378120230423,0.038731065268407916,True,compression60_expansion15_2x
ctrl_000065,META,2026-08-14 18:28:00+00:00,1,15m,15,15,0.03467406380026508,0.03467406380026508,0.09810222928857738,0.04402760393762547,False,compression60_expansion15_2x
ctrl_000065,META,2026-08-14 18:28:00+00:00,1,30m,30,30,0.12939345759615478,0.12939345759615478,0.1530733060451224,0.04402760393762547,False,compression60_expansion15_2x
ctrl_000065,META,2026-08-14 18:28:00+00:00,1,60m,60,60,0.02198843070261416,0.02198843070261416,0.1530733060451224,0.11264842190725172,False,compression60_expansion15_2x
ctrl_000065,META,2026-08-14 18:28:00+00:00,1,120m,120,92,-0.24863840871418882,-0.24863840871418882,0.1530733060451224,0.32644362504652474,True,compression60_expansion15_2x
ctrl_000066,META,2026-07-21 18:19:00+00:00,-1,15m,15,15,0.06334981458590361,-0.06334981458590361,0.047635970333750166,0.09579728059332579,False,compression60_expansion15_2x
ctrl_000066,META,2026-07-21 18:19:00+00:00,-1,30m,30,30,0.027812113720635037,-0.027812113720635037,0.15142150803461343,0.09579728059332579,False,compression60_expansion15_2x
ctrl_000066,META,2026-07-21 18:19:00+00:00,-1,60m,60,60,0.12362484548824619,-0.12362484548824619,0.15142150803461343,0.2356767614338538,False,compression60_expansion15_2x
ctrl_000066,META,2026-07-21 18:19:00+00:00,-1,120m,120,101,-0.5809641532756475,0.5809641532756475,0.588689740420281,0.43263288009888046,True,compression60_expansion15_2x
ctrl_000067,META,2026-08-06 18:18:00+00:00,-1,15m,15,15,0.4066973458540613,-0.4066973458540613,0.0331131450695268,0.4211312808843788,False,compression60_expansion15_2x
ctrl_000067,META,2026-08-06 18:18:00+00:00,-1,30m,30,30,0.11886770024962989,-0.11886770024962989,0.0331131450695268,0.4432067109307364,False,compression60_expansion15_2x
ctrl_000067,META,2026-08-06 18:18:00+00:00,-1,60m,60,60,0.19528265041008971,-0.19528265041008971,0.0331131450695268,0.4432067109307364,False,compression60_expansion15_2x
ctrl_000067,META,2026-08-06 18:18:00+00:00,-1,120m,120,102,0.16471667034590964,-0.16471667034590964,0.26999949056700434,0.4432067109307364,True,compression60_expansion15_2x
ctrl_000068,META,2026-05-21 15:54:00+00:00,1,15m,15,15,-0.17729321314951227,-0.17729321314951227,0.10107370095440311,0.24357104984093775,False,compression60_expansion15_2x
ctrl_000068,META,2026-05-21 15:54:00+00:00,1,30m,30,30,-0.35872879109225275,-0.35872879109225275,0.10107370095440311,0.4042948038175936,False,compression60_expansion15_2x
ctrl_000068,META,2026-05-21 15:54:00+00:00,1,60m,60,60,-0.33056071049841007,-0.33056071049841007,0.10107370095440311,0.5169339872746456,False,compression60_expansion15_2x
ctrl_000068,META,2026-05-21 15:54:00+00:00,1,120m,120,120,0.8947507953340366,0.8947507953340366,0.9378313891834519,0.5169339872746456,False,compression60_expansion15_2x
ctrl_000069,MSFT,2026-08-12 19:12:00+00:00,1,15m,15,15,0.33887987012987336,0.33887987012987336,0.34496753246753015,0.04667207792208161,False,compression60_expansion15_2x
ctrl_000069,MSFT,2026-08-12 19:12:00+00:00,1,30m,30,30,0.13595779220779544,0.13595779220779544,0.3733766233766183,0.04667207792208161,False,compression60_expansion15_2x
ctrl_000069,MSFT,2026-08-12 19:12:00+00:00,1,60m,60,48,-0.07508116883116976,-0.07508116883116976,0.3733766233766183,0.15625000000000783,True,compression60_expansion15_2x
ctrl_000069,MSFT,2026-08-12 19:12:00+00:00,1,120m,120,48,-0.07508116883116976,-0.07508116883116976,0.3733766233766183,0.15625000000000783,True,compression60_expansion15_2x
ctrl_000070,MSFT,2026-06-17 19:23:00+00:00,-1,15m,15,15,-0.3256943210753715,0.3256943210753715,0.3678042939012862,0.4433127389247585,False,compression60_expansion15_2x
ctrl_000070,MSFT,2026-06-17 19:23:00+00:00,-1,30m,30,30,-0.40201864682233546,0.40201864682233546,0.6809972167939776,0.4433127389247585,False,compression60_expansion15_2x
ctrl_000070,MSFT,2026-06-17 19:23:00+00:00,-1,60m,60,37,-0.2914536494213127,0.2914536494213127,0.6941565833020769,0.4433127389247585,True,compression60_expansion15_2x
ctrl_000070,MSFT,2026-06-17 19:23:00+00:00,-1,120m,120,37,-0.2914536494213127,0.2914536494213127,0.6941565833020769,0.4433127389247585,True,compression60_expansion15_2x
ctrl_000071,MSFT,2026-08-06 18:18:00+00:00,1,15m,15,15,0.08853296847019008,0.08853296847019008,0.16298114650194215,0.08450874263063964,False,compression60_expansion15_2x
ctrl_000071,MSFT,2026-08-06 18:18:00+00:00,1,30m,30,30,0.03219380671642652,0.03219380671642652,0.16298114650194215,0.12877522686572895,False,compression60_expansion15_2x
ctrl_000071,MSFT,2026-08-06 18:18:00+00:00,1,60m,60,60,0.11871466226684138,0.11871466226684138,0.2012112919777058,0.12877522686572895,False,compression60_expansion15_2x
ctrl_000071,MSFT,2026-08-06 18:18:00+00:00,1,120m,120,102,0.5794885208957917,0.5794885208957917,0.9185295478782265,0.12877522686572895,True,compression60_expansion15_2x
ctrl_000072,NFLX,2026-06-17 19:14:00+00:00,-1,15m,15,15,-0.21439605293364877,0.21439605293364877,0.22088111200604596,0.05149136903487573,False,compression60_expansion15_2x
ctrl_000072,NFLX,2026-06-17 19:14:00+00:00,-1,30m,30,30,-0.24682134829567157,0.24682134829567157,0.44137312046775323,0.05149136903487573,False,compression60_expansion15_2x
ctrl_000072,NFLX,2026-06-17 19:14:00+00:00,-1,60m,60,46,-0.18197075757164435,0.18197075757164435,0.44137312046775323,0.05149136903487573,True,compression60_expansion15_2x
ctrl_000072,NFLX,2026-06-17 19:14:00+00:00,-1,120m,120,46,-0.18197075757164435,0.18197075757164435,0.44137312046775323,0.05149136903487573,True,compression60_expansion15_2x
ctrl_000073,NFLX,2026-07-30 19:34:00+00:00,-1,15m,15,15,0.04117768169652204,-0.04117768169652204,0.0686294694941969,0.1852995676343297,False,compression60_expansion15_2x
ctrl_000073,NFLX,2026-07-30 19:34:00+00:00,-1,30m,30,26,0.4049138700157871,-0.4049138700157871,0.10980715119071896,0.6382540662960526,True,compression60_expansion15_2x
ctrl_000073,NFLX,2026-07-30 19:34:00+00:00,-1,60m,60,26,0.4049138700157871,-0.4049138700157871,0.10980715119071896,0.6382540662960526,True,compression60_expansion15_2x
ctrl_000073,NFLX,2026-07-30 19:34:00+00:00,-1,120m,120,26,0.4049138700157871,-0.4049138700157871,0.10980715119071896,0.6382540662960526,True,compression60_expansion15_2x
ctrl_000074,NFLX,2026-05-21 18:10:00+00:00,1,15m,15,15,-0.471907617144123,-0.471907617144123,0.03331112591605723,0.5496335776149285,False,compression60_expansion15_2x
ctrl_000074,NFLX,2026-05-21 18:10:00+00:00,1,30m,30,30,-0.3164556962025279,-0.3164556962025279,0.03331112591605723,0.5496335776149285,False,compression60_expansion15_2x
ctrl_000074,NFLX,2026-05-21 18:10:00+00:00,1,60m,60,60,-0.3164556962025279,-0.3164556962025279,0.03331112591605723,0.5496335776149285,False,compression60_expansion15_2x
ctrl_000074,NFLX,2026-05-21 18:10:00+00:00,1,120m,120,110,-0.8272262935820615,-0.8272262935820615,0.03331112591605723,1.1436819897845891,True,compression60_expansion15_2x
ctrl_000075,NFLX,2026-06-11 16:22:00+00:00,1,15m,15,15,0.2664032344719968,0.2664032344719968,0.3221102305279436,0.08640774054899958,False,compression60_expansion15_2x
ctrl_000075,NFLX,2026-06-11 16:22:00+00:00,1,30m,30,30,0.2973515656141777,0.2973515656141777,0.35924822789855715,0.08640774054899958,False,compression60_expansion15_2x
ctrl_000075,NFLX,2026-06-11 16:22:00+00:00,1,60m,60,60,0.22307557087291535,0.22307557087291535,0.4397138888682699,0.08640774054899958,False,compression60_expansion15_2x
ctrl_000075,NFLX,2026-06-11 16:22:00+00:00,1,120m,120,120,0.6377832081782911,0.6377832081782911,0.9720251845139543,0.08640774054899958,False,compression60_expansion15_2x
ctrl_000076,NVDA,2026-06-16 19:41:00+00:00,-1,15m,15,15,-0.024003840614503776,0.024003840614503776,0.09601536245800146,0.336053768602971,False,compression60_expansion15_2x
ctrl_000076,NVDA,2026-06-16 19:41:00+00:00,-1,30m,30,19,-0.4272683629380772,0.4272683629380772,0.48487758041287526,0.336053768602971,True,compression60_expansion15_2x
ctrl_000076,NVDA,2026-06-16 19:41:00+00:00,-1,60m,60,19,-0.4272683629380772,0.4272683629380772,0.48487758041287526,0.336053768602971,True,compression60_expansion15_2x
ctrl_000076,NVDA,2026-06-16 19:41:00+00:00,-1,120m,120,19,-0.4272683629380772,0.4272683629380772,0.48487758041287526,0.336053768602971,True,compression60_expansion15_2x
ctrl_000077,PANW,2026-08-11 19:24:00+00:00,-1,15m,15,15,0.18918883655389868,-0.18918883655389868,0.2022363425231208,0.19179833774774308,False,compression60_expansion15_2x
ctrl_000077,PANW,2026-08-11 19:24:00+00:00,-1,30m,30,30,0.43578669937241915,-0.43578669937241915,0.2022363425231208,0.7893741111386647,False,compression60_expansion15_2x
ctrl_000077,PANW,2026-08-11 19:24:00+00:00,-1,60m,60,36,0.18657933536005425,-0.18657933536005425,0.22441710267081325,0.7893741111386647,True,compression60_expansion15_2x
ctrl_000077,PANW,2026-08-11 19:24:00+00:00,-1,120m,120,36,0.18657933536005425,-0.18657933536005425,0.22441710267081325,0.7893741111386647,True,compression60_expansion15_2x
ctrl_000078,PEP,2026-06-30 18:13:00+00:00,-1,15m,15,15,-0.26310019732515794,0.26310019732515794,0.27040853613973875,0.051158371702107124,False,compression60_expansion15_2x
ctrl_000078,PEP,2026-06-30 18:13:00+00:00,-1,30m,30,30,-0.2557918585105771,0.2557918585105771,0.35080026310021056,0.051158371702107124,False,compression60_expansion15_2x
ctrl_000078,PEP,2026-06-30 18:13:00+00:00,-1,60m,60,60,-0.43850032887526325,0.43850032887526325,0.5225462252430048,0.051158371702107124,False,compression60_expansion15_2x
ctrl_000078,PEP,2026-06-30 18:13:00+00:00,-1,120m,120,107,-1.052400789300611,1.052400789300611,1.3812760359570377,0.051158371702107124,True,compression60_expansion15_2x
ctrl_000079,PEP,2026-07-29 19:20:00+00:00,-1,15m,15,15,-0.18844221105528353,0.18844221105528353,0.35594639865996014,0.08375209380234824,False,compression60_expansion15_2x
ctrl_000079,PEP,2026-07-29 19:20:00+00:00,-1,30m,30,30,0.04187604690117412,-0.04187604690117412,0.35594639865996014,0.08375209380234824,False,compression60_expansion15_2x
ctrl_000079,PEP,2026-07-29 19:20:00+00:00,-1,60m,60,40,0.1675041876046965,-0.1675041876046965,0.35594639865996014,0.2861529871580099,True,compression60_expansion15_2x
ctrl_000079,PEP,2026-07-29 19:20:00+00:00,-1,120m,120,40,0.1675041876046965,-0.1675041876046965,0.35594639865996014,0.2861529871580099,True,compression60_expansion15_2x
ctrl_000080,PEP,2026-06-04 18:22:00+00:00,-1,15m,15,15,-0.05658777817026903,0.05658777817026903,0.24373013069586635,0.014129282938878,False,compression60_expansion15_2x
ctrl_000080,PEP,2026-06-04 18:22:00+00:00,-1,30m,30,30,0.0176616036735975,-0.0176616036735975,0.24373013069586635,0.07417873542916974,False,compression60_expansion15_2x
ctrl_000080,PEP,2026-06-04 18:22:00+00:00,-1,60m,60,60,0.19074531967501362,-0.19074531967501362,0.24373013069586635,0.1978099611444727,False,compression60_expansion15_2x
ctrl_000080,PEP,2026-06-04 18:22:00+00:00,-1,120m,120,98,0.42387848816672147,-0.42387848816672147,0.24373013069586635,0.5298481102084068,True,compression60_expansion15_2x
ctrl_000081,PEP,2026-06-11 16:29:00+00:00,1,15m,15,15,-0.03454708768049675,-0.03454708768049675,0.0,0.11055068057762496,False,compression60_expansion15_2x
ctrl_000081,PEP,2026-06-11 16:29:00+00:00,1,30m,30,30,0.04836592275272687,0.04836592275272687,0.08982242796933869,0.11055068057762496,False,compression60_expansion15_2x
ctrl_000081,PEP,2026-06-11 16:29:00+00:00,1,60m,60,60,-0.03800179644854446,-0.03800179644854446,0.16582602086644727,0.17273543840254268,False,compression60_expansion15_2x
ctrl_000081,PEP,2026-06-11 16:29:00+00:00,1,120m,120,120,0.041456505216611816,0.041456505216611816,0.4629309749188254,0.17273543840254268,False,compression60_expansion15_2x
ctrl_000082,PEP,2026-05-21 16:01:00+00:00,-1,15m,15,15,0.06081081081081312,-0.06081081081081312,0.05398648648649269,0.1452702702702726,False,compression60_expansion15_2x
ctrl_000082,PEP,2026-05-21 16:01:00+00:00,-1,30m,30,30,0.19256756756756527,-0.19256756756756527,0.0540540540540625,0.2027027027027104,False,compression60_expansion15_2x
ctrl_000082,PEP,2026-05-21 16:01:00+00:00,-1,60m,60,60,0.11824324324325093,-0.11824324324325093,0.0540540540540625,0.2905405405405452,False,compression60_expansion15_2x
ctrl_000082,PEP,2026-05-21 16:01:00+00:00,-1,120m,120,120,0.08108108108108415,-0.08108108108108415,0.0540540540540625,0.33783783783783783,False,compression60_expansion15_2x
ctrl_000083,PYPL,2026-08-07 19:23:00+00:00,-1,15m,15,15,0.11889596602972446,-0.11889596602972446,0.110403397027597,0.16135881104033775,False,compression60_expansion15_2x
ctrl_000083,PYPL,2026-08-07 19:23:00+00:00,-1,30m,30,30,0.348195329087046,-0.348195329087046,0.110403397027597,0.4161358811040296,False,compression60_expansion15_2x
ctrl_000083,PYPL,2026-08-07 19:23:00+00:00,-1,60m,60,37,0.33121019108280303,-0.33121019108280303,0.110403397027597,0.6199575371549928,True,compression60_expansion15_2x
ctrl_000083,PYPL,2026-08-07 19:23:00+00:00,-1,120m,120,37,0.33121019108280303,-0.33121019108280303,0.110403397027597,0.6199575371549928,True,compression60_expansion15_2x
ctrl_000084,PYPL,2026-06-15 19:35:00+00:00,-1,15m,15,15,-0.035203003989675116,0.035203003989675116,0.164280685285145,0.035203003989675116,False,compression60_expansion15_2x
ctrl_000084,PYPL,2026-06-15 19:35:00+00:00,-1,30m,30,25,-0.30509270124384547,0.30509270124384547,0.5163107251818795,0.035203003989675116,True,compression60_expansion15_2x
ctrl_000084,PYPL,2026-06-15 19:35:00+00:00,-1,60m,60,25,-0.30509270124384547,0.30509270124384547,0.5163107251818795,0.035203003989675116,True,compression60_expansion15_2x
ctrl_000084,PYPL,2026-06-15 19:35:00+00:00,-1,120m,120,25,-0.30509270124384547,0.30509270124384547,0.5163107251818795,0.035203003989675116,True,compression60_expansion15_2x
ctrl_000085,PYPL,2026-06-17 19:24:00+00:00,-1,15m,15,15,-0.6469066102093592,0.6469066102093592,0.6586685485768081,0.07057163020466041,False,compression60_expansion15_2x
ctrl_000085,PYPL,2026-06-17 19:24:00+00:00,-1,30m,30,30,-0.6704304869442403,0.6704304869442403,0.776287932251231,0.07057163020466041,False,compression60_expansion15_2x
ctrl_000085,PYPL,2026-06-17 19:24:00+00:00,-1,60m,60,36,-0.9880028228651956,0.9880028228651956,1.082098329804754,0.07057163020466041,True,compression60_expansion15_2x
ctrl_000085,PYPL,2026-06-17 19:24:00+00:00,-1,120m,120,36,-0.9880028228651956,0.9880028228651956,1.082098329804754,0.07057163020466041,True,compression60_expansion15_2x
ctrl_000086,PYPL,2026-05-19 18:18:00+00:00,1,15m,15,15,0.17039645575372678,0.17039645575372678,0.19311598318755163,0.03407929115074536,False,compression60_expansion15_2x
ctrl_000086,PYPL,2026-05-19 18:18:00+00:00,1,30m,30,30,0.19334317846188132,0.19334317846188132,0.3294331477905169,0.03407929115074536,False,compression60_expansion15_2x
ctrl_000086,PYPL,2026-05-19 18:18:00+00:00,1,60m,60,60,0.022719527433824858,0.022719527433824858,0.3294331477905169,0.2385550380552175,False,compression60_expansion15_2x
ctrl_000086,PYPL,2026-05-19 18:18:00+00:00,1,120m,120,102,-0.3975917300920076,-0.3975917300920076,0.3294331477905169,0.46575031239349834,True,compression60_expansion15_2x
ctrl_000087,PYPL,2026-06-11 19:07:00+00:00,1,15m,15,15,0.0,0.0,0.1220554131575666,0.048822165263037044,False,compression60_expansion15_2x
ctrl_000087,PYPL,2026-06-11 19:07:00+00:00,1,30m,30,30,0.32954961552544365,0.32954961552544365,0.5126327352617935,0.048822165263037044,False,compression60_expansion15_2x
ctrl_000087,PYPL,2026-06-11 19:07:00+00:00,1,60m,60,53,0.671304772366651,0.671304772366651,0.7201269376296706,0.048822165263037044,True,compression60_expansion15_2x
ctrl_000087,PYPL,2026-06-11 19:07:00+00:00,1,120m,120,53,0.671304772366651,0.671304772366651,0.7201269376296706,0.048822165263037044,True,compression60_expansion15_2x
ctrl_000088,PYPL,2026-08-06 19:12:00+00:00,1,15m,15,15,0.059394246182394535,0.059394246182394535,0.16873365392727818,0.05905677887455276,False,compression60_expansion15_2x
ctrl_000088,PYPL,2026-08-06 19:12:00+00:00,1,30m,30,30,0.20028684721167117,0.20028684721167117,0.3796507213363729,0.05905677887455276,False,compression60_expansion15_2x
ctrl_000088,PYPL,2026-08-06 19:12:00+00:00,1,60m,60,48,0.8352315869400109,0.8352315869400109,0.8858516831181955,0.05905677887455276,True,compression60_expansion15_2x
ctrl_000088,PYPL,2026-08-06 19:12:00+00:00,1,120m,120,48,0.8352315869400109,0.8352315869400109,0.8858516831181955,0.05905677887455276,True,compression60_expansion15_2x
ctrl_000089,PYPL,2026-05-22 16:23:00+00:00,1,15m,15,15,-0.033917467495761605,-0.033917467495761605,0.05652911249293065,0.07891464104013651,False,compression60_expansion15_2x
ctrl_000089,PYPL,2026-05-22 16:23:00+00:00,1,30m,30,30,0.022611644997169045,0.022611644997169045,0.14652345958168048,0.07891464104013651,False,compression60_expansion15_2x
ctrl_000089,PYPL,2026-05-22 16:23:00+00:00,1,60m,60,60,-0.19219898247597705,-0.19219898247597705,0.14652345958168048,0.2358394573205247,False,compression60_expansion15_2x
ctrl_000089,PYPL,2026-05-22 16:23:00+00:00,1,120m,120,120,-0.2035048049745696,-0.2035048049745696,0.14652345958168048,0.3204070096099495,False,compression60_expansion15_2x
ctrl_000090,PYPL,2026-08-11 16:29:00+00:00,1,15m,15,15,-0.008486082824172705,-0.008486082824172705,0.025458248472506054,0.04243041412083941,False,compression60_expansion15_2x
ctrl_000090,PYPL,2026-08-11 16:29:00+00:00,1,30m,30,30,-0.06788866259334547,-0.06788866259334547,0.025458248472506054,0.10183299389002422,False,compression60_expansion15_2x
ctrl_000090,PYPL,2026-08-11 16:29:00+00:00,1,60m,60,60,-0.01697216564834541,-0.01697216564834541,0.04412763068566913,0.11880515953835756,False,compression60_expansion15_2x
ctrl_000090,PYPL,2026-08-11 16:29:00+00:00,1,120m,120,120,0.2121520706042091,0.2121520706042091,0.5431093007467758,0.11880515953835756,False,compression60_expansion15_2x
ctrl_000091,PYPL,2026-05-21 15:49:00+00:00,1,15m,15,15,0.07918552036198323,0.07918552036198323,0.13574660633483068,0.13574660633484675,False,compression60_expansion15_2x
ctrl_000091,PYPL,2026-05-21 15:49:00+00:00,1,30m,30,30,-0.0791855203619993,-0.0791855203619993,0.13574660633483068,0.15837104072398253,False,compression60_expansion15_2x
ctrl_000091,PYPL,2026-05-21 15:49:00+00:00,1,60m,60,60,-0.3052036199095063,-0.3052036199095063,0.13574660633483068,0.4072398190045242,False,compression60_expansion15_2x
ctrl_000091,PYPL,2026-05-21 15:49:00+00:00,1,120m,120,120,0.6674208144796258,0.6674208144796258,0.7579185520361849,0.4072398190045242,False,compression60_expansion15_2x
ctrl_000092,PYPL,2026-08-06 17:12:00+00:00,1,15m,15,15,-0.03414717432133025,-0.03414717432133025,0.04268396790165371,0.07683114222298396,False,compression60_expansion15_2x
ctrl_000092,PYPL,2026-08-06 17:12:00+00:00,1,30m,30,30,0.46098685333789163,0.46098685333789163,0.4780604404985507,0.08536793580330743,False,compression60_expansion15_2x
ctrl_000092,PYPL,2026-08-06 17:12:00+00:00,1,60m,60,60,0.921973706675771,0.921973706675771,1.1866143076660411,0.08536793580330743,False,compression60_expansion15_2x
ctrl_000092,PYPL,2026-08-06 17:12:00+00:00,1,120m,120,120,1.2036878948267002,1.2036878948267002,1.4939388765579649,0.08536793580330743,False,compression60_expansion15_2x
ctrl_000093,REGN,2026-07-20 18:07:00+00:00,-1,15m,15,13,0.038463814426887816,-0.038463814426887816,0.11543582460500784,0.0451210130776895,False,compression60_expansion15_2x
ctrl_000093,REGN,2026-07-20 18:07:00+00:00,-1,30m,30,27,-0.16790934374814942,0.16790934374814942,0.16790934374814942,0.05473696668441987,False,compression60_expansion15_2x
ctrl_000093,REGN,2026-07-20 18:07:00+00:00,-1,60m,60,56,-0.3609681046215833,0.3609681046215833,0.5887922362269984,0.05473696668441987,False,compression60_expansion15_2x
ctrl_000093,REGN,2026-07-20 18:07:00+00:00,-1,120m,120,109,-0.5355346470205344,0.5355346470205344,0.6183797857861505,0.05473696668441987,True,compression60_expansion15_2x
ctrl_000094,REGN,2026-08-14 19:02:00+00:00,1,15m,15,13,0.05709958913122185,0.05709958913122185,0.05709958913122185,0.09061456536041237,False,compression60_expansion15_2x
ctrl_000094,REGN,2026-08-14 19:02:00+00:00,1,30m,30,28,0.031032385397400726,0.031032385397400726,0.11481982597037704,0.09061456536041237,False,compression60_expansion15_2x
ctrl_000094,REGN,2026-08-14 19:02:00+00:00,1,60m,60,55,-0.2482590831792058,-0.2482590831792058,0.11481982597037704,0.4207991459887522,True,compression60_expansion15_2x
ctrl_000094,REGN,2026-08-14 19:02:00+00:00,1,120m,120,55,-0.2482590831792058,-0.2482590831792058,0.11481982597037704,0.4207991459887522,True,compression60_expansion15_2x
ctrl_000095,REGN,2026-07-14 19:30:00+00:00,1,15m,15,15,-0.39614479775366374,-0.39614479775366374,0.01973135007968361,0.5494422099112096,False,compression60_expansion15_2x
ctrl_000095,REGN,2026-07-14 19:30:00+00:00,1,30m,30,30,-0.4158761478333473,-0.4158761478333473,0.01973135007968361,0.5494422099112096,False,compression60_expansion15_2x
ctrl_000095,REGN,2026-07-14 19:30:00+00:00,1,60m,60,30,-0.4158761478333473,-0.4158761478333473,0.01973135007968361,0.5494422099112096,True,compression60_expansion15_2x
ctrl_000095,REGN,2026-07-14 19:30:00+00:00,1,120m,120,30,-0.4158761478333473,-0.4158761478333473,0.01973135007968361,0.5494422099112096,True,compression60_expansion15_2x
ctrl_000096,REGN,2026-08-03 18:36:00+00:00,-1,15m,15,14,-0.009199934286190245,0.009199934286190245,0.14785608674223755,0.0,False,compression60_expansion15_2x
ctrl_000096,REGN,2026-08-03 18:36:00+00:00,-1,30m,30,27,0.04928536224741252,-0.04928536224741252,0.14785608674223755,0.1136849022506994,False,compression60_expansion15_2x
ctrl_000096,REGN,2026-08-03 18:36:00+00:00,-1,60m,60,57,-0.08805651388203832,0.08805651388203832,0.15311319204862345,0.15508460653851813,False,compression60_expansion15_2x
ctrl_000096,REGN,2026-08-03 18:36:00+00:00,-1,120m,120,81,-0.2135699030721209,0.2135699030721209,0.5828815508460582,0.15508460653851813,True,compression60_expansion15_2x
ctrl_000097,REGN,2026-06-03 18:32:00+00:00,-1,15m,15,14,0.01613501782919837,-0.01613501782919837,0.062910434516032,0.225874114590897,False,compression60_expansion15_2x
ctrl_000097,REGN,2026-06-03 18:32:00+00:00,-1,30m,30,27,0.1282733917421096,-0.1282733917421096,0.08390209271180951,0.225874114590897,False,compression60_expansion15_2x
ctrl_000097,REGN,2026-06-03 18:32:00+00:00,-1,60m,60,57,0.3694919082885528,-0.3694919082885528,0.08390209271180951,0.43725898317118234,False,compression60_expansion15_2x
ctrl_000097,REGN,2026-06-03 18:32:00+00:00,-1,120m,120,85,-0.0774480855801375,0.0774480855801375,0.3945011859238002,0.43725898317118234,True,compression60_expansion15_2x
ctrl_000098,REGN,2026-07-02 18:17:00+00:00,1,15m,15,14,0.1305209183078768,0.1305209183078768,0.1305209183078768,0.05826826710173639,False,compression60_expansion15_2x
ctrl_000098,REGN,2026-07-02 18:17:00+00:00,1,30m,30,29,0.19345064677776552,0.19345064677776552,0.23773452977508022,0.05826826710173639,False,compression60_expansion15_2x
ctrl_000098,REGN,2026-07-02 18:17:00+00:00,1,60m,60,59,0.3115410014372832,0.3115410014372832,0.3566017946626204,0.05826826710173639,False,compression60_expansion15_2x
ctrl_000098,REGN,2026-07-02 18:17:00+00:00,1,120m,120,101,1.6571495163733772,1.6571495163733772,1.7651400380685855,0.05826826710173639,True,compression60_expansion15_2x
ctrl_000099,REGN,2026-07-21 19:24:00+00:00,-1,15m,15,14,-0.1288297226458798,0.1288297226458798,0.13031052405561824,0.04738564511114156,False,compression60_expansion15_2x
ctrl_000099,REGN,2026-07-21 19:24:00+00:00,-1,30m,30,29,-0.10994950467192105,0.10994950467192105,0.16436895647923178,0.27839066502792925,False,compression60_expansion15_2x
ctrl_000099,REGN,2026-07-21 19:24:00+00:00,-1,60m,60,35,-0.007404007048607977,0.007404007048607977,0.17399416564243897,0.27839066502792925,True,compression60_expansion15_2x
ctrl_000099,REGN,2026-07-21 19:24:00+00:00,-1,120m,120,35,-0.007404007048607977,0.007404007048607977,0.17399416564243897,0.27839066502792925,True,compression60_expansion15_2x
ctrl_000100,REGN,2026-08-11 19:36:00+00:00,1,15m,15,15,-0.4093371099185143,-0.4093371099185143,0.20249453388988214,0.4410157026436181,False,compression60_expansion15_2x
ctrl_000100,REGN,2026-08-11 19:36:00+00:00,1,30m,30,24,-0.9888690121248305,-0.9888690121248305,0.20249453388988214,1.031107135758307,True,compression60_expansion15_2x
ctrl_000100,REGN,2026-08-11 19:36:00+00:00,1,60m,60,24,-0.9888690121248305,-0.9888690121248305,0.20249453388988214,1.031107135758307,True,compression60_expansion15_2x
ctrl_000100,REGN,2026-08-11 19:36:00+00:00,1,120m,120,24,-0.9888690121248305,-0.9888690121248305,0.20249453388988214,1.031107135758307,True,compression60_expansion15_2x
ctrl_000101,REGN,2026-07-23 19:33:00+00:00,-1,15m,15,15,-0.06770272349591336,0.06770272349591336,0.06770272349591336,0.0877058008924527,False,compression60_expansion15_2x
ctrl_000101,REGN,2026-07-23 19:33:00+00:00,-1,30m,30,27,0.33543622095708014,-0.33543622095708014,0.07001077088781771,0.39390675488537613,True,compression60_expansion15_2x
ctrl_000101,REGN,2026-07-23 19:33:00+00:00,-1,60m,60,27,0.33543622095708014,-0.33543622095708014,0.07001077088781771,0.39390675488537613,True,compression60_expansion15_2x
ctrl_000101,REGN,2026-07-23 19:33:00+00:00,-1,120m,120,27,0.33543622095708014,-0.33543622095708014,0.07001077088781771,0.39390675488537613,True,compression60_expansion15_2x
ctrl_000102,REGN,2026-07-27 19:33:00+00:00,-1,15m,15,15,-0.09520692630388657,0.09520692630388657,0.14876082234982596,0.03867781381095339,False,compression60_expansion15_2x
ctrl_000102,REGN,2026-07-27 19:33:00+00:00,-1,30m,30,27,-0.755704977537122,0.755704977537122,0.798845616018566,0.03867781381095339,True,compression60_expansion15_2x
ctrl_000102,REGN,2026-07-27 19:33:00+00:00,-1,60m,60,27,-0.755704977537122,0.755704977537122,0.798845616018566,0.03867781381095339,True,compression60_expansion15_2x
ctrl_000102,REGN,2026-07-27 19:33:00+00:00,-1,120m,120,27,-0.755704977537122,0.755704977537122,0.798845616018566,0.03867781381095339,True,compression60_expansion15_2x
ctrl_000103,REGN,2026-07-07 19:29:00+00:00,-1,15m,15,15,0.12382661308260386,-0.12382661308260386,0.0874942535553856,0.24617027271513475,False,compression60_expansion15_2x
ctrl_000103,REGN,2026-07-07 19:29:00+00:00,-1,30m,30,30,0.36480654872242413,-0.36480654872242413,0.0874942535553856,0.5323802885827292,False,compression60_expansion15_2x
ctrl_000103,REGN,2026-07-07 19:29:00+00:00,-1,60m,60,31,0.2802782020672351,-0.2802782020672351,0.0874942535553856,0.5323802885827292,True,compression60_expansion15_2x
ctrl_000103,REGN,2026-07-07 19:29:00+00:00,-1,120m,120,31,0.2802782020672351,-0.2802782020672351,0.0874942535553856,0.5323802885827292,True,compression60_expansion15_2x
ctrl_000104,REGN,2026-08-06 19:25:00+00:00,-1,15m,15,12,-0.0035859002402594668,0.0035859002402594668,0.2272156788598224,0.06943606828856894,False,compression60_expansion15_2x
ctrl_000104,REGN,2026-08-06 19:25:00+00:00,-1,30m,30,27,0.27937422780897286,-0.27937422780897286,0.2272156788598224,0.3074094478691549,False,compression60_expansion15_2x
ctrl_000104,REGN,2026-08-06 19:25:00+00:00,-1,60m,60,32,0.6777351454082535,-0.6777351454082535,0.2272156788598224,0.6868628914743496,True,compression60_expansion15_2x
ctrl_000104,REGN,2026-08-06 19:25:00+00:00,-1,120m,120,32,0.6777351454082535,-0.6777351454082535,0.2272156788598224,0.6868628914743496,True,compression60_expansion15_2x
ctrl_000105,REGN,2026-06-16 18:53:00+00:00,-1,15m,15,15,-0.20475819032761164,0.20475819032761164,0.2372594903796211,0.0406266250650026,False,compression60_expansion15_2x
ctrl_000105,REGN,2026-06-16 18:53:00+00:00,-1,30m,30,30,-0.05525221008840871,0.05525221008840871,0.2372594903796211,0.0406266250650026,False,compression60_expansion15_2x
ctrl_000105,REGN,2026-06-16 18:53:00+00:00,-1,60m,60,60,-0.06825273010919772,0.06825273010919772,0.2892615704628141,0.0406266250650026,False,compression60_expansion15_2x
ctrl_000105,REGN,2026-06-16 18:53:00+00:00,-1,120m,120,67,-0.11862974518981055,0.11862974518981055,0.2892615704628141,0.10400416016640443,True,compression60_expansion15_2x
ctrl_000106,REGN,2026-07-16 18:02:00+00:00,1,15m,15,15,0.01845222718382109,0.01845222718382109,0.13064176846145195,0.042071077979107384,False,compression60_expansion15_2x
ctrl_000106,REGN,2026-07-16 18:02:00+00:00,1,30m,30,30,-0.04502343432851607,-0.04502343432851607,0.13064176846145195,0.10111820496733151,False,compression60_expansion15_2x
ctrl_000106,REGN,2026-07-16 18:02:00+00:00,1,60m,60,56,-0.11661807580174391,-0.11661807580174391,0.13064176846145195,0.21104919363765903,False,compression60_expansion15_2x
ctrl_000106,REGN,2026-07-16 18:02:00+00:00,1,120m,120,114,0.2014983208473276,0.2014983208473276,0.2967118131158417,0.32844964387200193,True,compression60_expansion15_2x
ctrl_000107,REGN,2026-06-24 18:40:00+00:00,-1,15m,15,15,0.007180239979569675,-0.007180239979569675,0.12764871074803233,0.04308143987745434,False,compression60_expansion15_2x
ctrl_000107,REGN,2026-06-24 18:40:00+00:00,-1,30m,30,30,0.1467960173602181,-0.1467960173602181,0.12764871074803233,0.18668623946897484,False,compression60_expansion15_2x
ctrl_000107,REGN,2026-06-24 18:40:00+00:00,-1,60m,60,60,-0.2218215471023822,0.2218215471023822,0.2712535103395528,0.4706886647944787,False,compression60_expansion15_2x
ctrl_000107,REGN,2026-06-24 18:40:00+00:00,-1,120m,120,80,-0.5249553229512505,0.5249553229512505,0.6079269849374616,0.4706886647944787,True,compression60_expansion15_2x
ctrl_000108,REGN,2026-08-14 19:45:00+00:00,-1,15m,15,15,-0.04788586993700096,0.04788586993700096,0.22077251724201982,0.04166692578934401,False,compression60_expansion15_2x
ctrl_000108,REGN,2026-08-14 19:45:00+00:00,-1,30m,30,15,-0.04788586993700096,0.04788586993700096,0.22077251724201982,0.04166692578934401,True,compression60_expansion15_2x
ctrl_000108,REGN,2026-08-14 19:45:00+00:00,-1,60m,60,15,-0.04788586993700096,0.04788586993700096,0.22077251724201982,0.04166692578934401,True,compression60_expansion15_2x
ctrl_000108,REGN,2026-08-14 19:45:00+00:00,-1,120m,120,15,-0.04788586993700096,0.04788586993700096,0.22077251724201982,0.04166692578934401,True,compression60_expansion15_2x
ctrl_000109,REGN,2026-08-11 19:16:00+00:00,-1,15m,15,15,-0.08077142928150424,0.08077142928150424,0.19509406764918483,0.014911648482740332,False,compression60_expansion15_2x
ctrl_000109,REGN,2026-08-11 19:16:00+00:00,-1,30m,30,30,-0.18049307850982757,0.18049307850982757,0.21808285906006852,0.22988791410890755,False,compression60_expansion15_2x
ctrl_000109,REGN,2026-08-11 19:16:00+00:00,-1,60m,60,44,-0.9618013271367162,0.9618013271367162,1.004050997837816,0.22988791410890755,True,compression60_expansion15_2x
ctrl_000109,REGN,2026-08-11 19:16:00+00:00,-1,120m,120,44,-0.9618013271367162,0.9618013271367162,1.004050997837816,0.22988791410890755,True,compression60_expansion15_2x
ctrl_000110,REGN,2026-08-06 19:01:00+00:00,1,15m,15,12,0.010435826191305293,0.010435826191305293,0.12392543602185416,0.007826869643493798,False,compression60_expansion15_2x
ctrl_000110,REGN,2026-08-06 19:01:00+00:00,1,30m,30,25,-0.08869147784343327,-0.08869147784343327,0.25828669823504324,0.08869147784343327,False,compression60_expansion15_2x
ctrl_000110,REGN,2026-08-06 19:01:00+00:00,1,60m,60,52,0.7174630506528914,0.7174630506528914,0.7265943985702835,0.18784487144367323,True,compression60_expansion15_2x
ctrl_000110,REGN,2026-08-06 19:01:00+00:00,1,120m,120,52,0.7174630506528914,0.7174630506528914,0.7265943985702835,0.18784487144367323,True,compression60_expansion15_2x
ctrl_000111,REGN,2026-08-11 18:54:00+00:00,-1,15m,15,14,-0.03846440181651973,0.03846440181651973,0.09305903665285256,0.07320644216690053,False,compression60_expansion15_2x
ctrl_000111,REGN,2026-08-11 18:54:00+00:00,-1,30m,30,28,-0.23699034667594138,0.23699034667594138,0.3436980420378806,0.07320644216690053,False,compression60_expansion15_2x
ctrl_000111,REGN,2026-08-11 18:54:00+00:00,-1,60m,60,58,-0.6998039556294637,0.6998039556294637,0.7084894657170554,0.08065116509913606,False,compression60_expansion15_2x
ctrl_000111,REGN,2026-08-11 18:54:00+00:00,-1,120m,120,64,-1.1092637169020094,1.1092637169020094,1.15145048018464,0.08065116509913606,True,compression60_expansion15_2x
ctrl_000112,REGN,2026-08-13 16:39:00+00:00,-1,15m,15,14,0.13149809512104416,-0.13149809512104416,0.13149809512105815,0.13149809512104416,False,compression60_expansion15_2x
ctrl_000112,REGN,2026-08-13 16:39:00+00:00,-1,30m,30,29,0.07127934128056129,-0.07127934128056129,0.13149809512105815,0.18680103232149217,False,compression60_expansion15_2x
ctrl_000112,REGN,2026-08-13 16:39:00+00:00,-1,60m,60,58,-0.374831018803007,0.374831018803007,0.43689320388350295,0.18680103232149217,False,compression60_expansion15_2x
ctrl_000112,REGN,2026-08-13 16:39:00+00:00,-1,120m,120,116,-0.8467494162467862,0.8467494162467862,0.8627258203269135,0.18680103232149217,False,compression60_expansion15_2x
ctrl_000113,REGN,2026-05-21 16:13:00+00:00,1,15m,15,13,0.08564043474198164,0.08564043474198164,0.08564043474198164,0.03269907508331045,False,compression60_expansion15_2x
ctrl_000113,REGN,2026-05-21 16:13:00+00:00,1,30m,30,27,-0.07474074304755662,-0.07474074304755662,0.08564043474198164,0.1821805611784237,False,compression60_expansion15_2x
ctrl_000113,REGN,2026-05-21 16:13:00+00:00,1,60m,60,56,-0.11600386160505816,-0.11600386160505816,0.11911805923203675,0.37526081405127243,False,compression60_expansion15_2x
ctrl_000113,REGN,2026-05-21 16:13:00+00:00,1,120m,120,114,-0.05761265609915676,-0.05761265609915676,0.6788950826819491,0.37526081405127243,False,compression60_expansion15_2x
ctrl_000114,REGN,2026-06-11 16:12:00+00:00,1,15m,15,15,-0.0676038900744398,-0.0676038900744398,0.1286917425513486,0.0676038900744398,False,compression60_expansion15_2x
ctrl_000114,REGN,2026-06-11 16:12:00+00:00,1,30m,30,30,0.058644338377834664,0.058644338377834664,0.1286917425513486,0.18178115887728843,False,compression60_expansion15_2x
ctrl_000114,REGN,2026-06-11 16:12:00+00:00,1,60m,60,60,-0.06027334777721742,-0.06027334777721742,0.14172381774642914,0.18178115887728843,False,compression60_expansion15_2x
ctrl_000114,REGN,2026-06-11 16:12:00+00:00,1,120m,120,120,0.2655285320996295,0.2655285320996295,0.6890709759395341,0.18178115887728843,False,compression60_expansion15_2x
ctrl_000115,REGN,2026-06-10 17:46:00+00:00,1,15m,15,15,-0.3064906816945991,-0.3064906816945991,0.03460378664294435,0.4020630448036737,False,compression60_expansion15_2x
ctrl_000115,REGN,2026-06-10 17:46:00+00:00,1,30m,30,30,-0.3443900670654394,-0.3443900670654394,0.03460378664294435,0.4020630448036737,False,compression60_expansion15_2x
ctrl_000115,REGN,2026-06-10 17:46:00+00:00,1,60m,60,58,-0.5635473824707037,-0.5635473824707037,0.03460378664294435,0.6080379652973543,False,compression60_expansion15_2x
ctrl_000115,REGN,2026-06-10 17:46:00+00:00,1,120m,120,118,-0.45891212285991534,-0.45891212285991534,0.03460378664294435,0.8247235816566967,False,compression60_expansion15_2x
ctrl_000116,REGN,2026-07-22 17:41:00+00:00,-1,15m,15,14,0.072689988675651,-0.072689988675651,0.058151990940531244,0.33284363235698505,False,compression60_expansion15_2x
ctrl_000116,REGN,2026-07-22 17:41:00+00:00,-1,30m,30,29,-0.24332017261959904,0.24332017261959904,0.2708658525387907,0.33284363235698505,False,compression60_expansion15_2x
ctrl_000116,REGN,2026-07-22 17:41:00+00:00,-1,60m,60,56,0.2065925993939811,-0.2065925993939811,0.362684785602792,0.33284363235698505,False,compression60_expansion15_2x
ctrl_000116,REGN,2026-07-22 17:41:00+00:00,-1,120m,120,115,0.1622134484130544,-0.1622134484130544,0.362684785602792,0.4040033054815882,False,compression60_expansion15_2x
ctrl_000117,SBUX,2026-06-16 19:36:00+00:00,-1,15m,15,15,0.7086907870197745,-0.7086907870197745,0.04724605246798402,0.7186373243814606,False,compression60_expansion15_2x
ctrl_000117,SBUX,2026-06-16 19:36:00+00:00,-1,30m,30,24,1.1562849682954206,-1.1562849682954206,0.04724605246798402,1.2209374611463448,True,compression60_expansion15_2x
ctrl_000117,SBUX,2026-06-16 19:36:00+00:00,-1,60m,60,24,1.1562849682954206,-1.1562849682954206,0.04724605246798402,1.2209374611463448,True,compression60_expansion15_2x
ctrl_000117,SBUX,2026-06-16 19:36:00+00:00,-1,120m,120,24,1.1562849682954206,-1.1562849682954206,0.04724605246798402,1.2209374611463448,True,compression60_expansion15_2x
ctrl_000118,SBUX,2026-07-23 18:16:00+00:00,-1,15m,15,15,0.11132084603842493,-0.11132084603842493,0.06292047819564585,0.13068099317553933,False,compression60_expansion15_2x
ctrl_000118,SBUX,2026-07-23 18:16:00+00:00,-1,30m,30,30,-0.1258409563912779,0.1258409563912779,0.23716180242970286,0.13068099317553933,False,compression60_expansion15_2x
ctrl_000118,SBUX,2026-07-23 18:16:00+00:00,-1,60m,60,60,-0.34848264846814153,0.34848264846814153,0.4888437152122449,0.13068099317553933,False,compression60_expansion15_2x
ctrl_000118,SBUX,2026-07-23 18:16:00+00:00,-1,120m,120,104,-0.08228062533276023,0.08228062533276023,0.5953245244663947,0.13068099317553933,True,compression60_expansion15_2x
ctrl_000119,SBUX,2026-05-21 19:36:00+00:00,1,15m,15,15,0.20165162281543472,0.20165162281543472,0.4705204532360235,0.11513347416938854,False,compression60_expansion15_2x
ctrl_000119,SBUX,2026-05-21 19:36:00+00:00,1,30m,30,24,-0.009602458229311614,-0.009602458229311614,0.4705204532360235,0.20165162281543472,True,compression60_expansion15_2x
ctrl_000119,SBUX,2026-05-21 19:36:00+00:00,1,60m,60,24,-0.009602458229311614,-0.009602458229311614,0.4705204532360235,0.20165162281543472,True,compression60_expansion15_2x
ctrl_000119,SBUX,2026-05-21 19:36:00+00:00,1,120m,120,24,-0.009602458229311614,-0.009602458229311614,0.4705204532360235,0.20165162281543472,True,compression60_expansion15_2x
ctrl_000120,SBUX,2026-07-15 19:45:00+00:00,1,15m,15,15,0.11427483096846998,0.11427483096846998,0.27616417484048383,0.09522902580707411,False,compression60_expansion15_2x
ctrl_000120,SBUX,2026-07-15 19:45:00+00:00,1,30m,30,15,0.11427483096846998,0.11427483096846998,0.27616417484048383,0.09522902580707411,True,compression60_expansion15_2x
ctrl_000120,SBUX,2026-07-15 19:45:00+00:00,1,60m,60,15,0.11427483096846998,0.11427483096846998,0.27616417484048383,0.09522902580707411,True,compression60_expansion15_2x
ctrl_000120,SBUX,2026-07-15 19:45:00+00:00,1,120m,120,15,0.11427483096846998,0.11427483096846998,0.27616417484048383,0.09522902580707411,True,compression60_expansion15_2x
ctrl_000121,SBUX,2026-05-21 18:36:00+00:00,1,15m,15,15,0.1244316822206362,0.1244316822206362,0.23929169657812877,0.09571667863124607,False,compression60_expansion15_2x
ctrl_000121,SBUX,2026-05-21 18:36:00+00:00,1,30m,30,30,-0.062215841110311296,-0.062215841110311296,0.23929169657812877,0.4737975592246857,False,compression60_expansion15_2x
ctrl_000121,SBUX,2026-05-21 18:36:00+00:00,1,60m,60,60,-0.26322086623593344,-0.26322086623593344,0.23929169657812877,0.4737975592246857,False,compression60_expansion15_2x
ctrl_000121,SBUX,2026-05-21 18:36:00+00:00,1,120m,120,84,-0.3302225412778166,-0.3302225412778166,0.23929169657812877,0.5216558985403087,True,compression60_expansion15_2x
ctrl_000122,SBUX,2026-07-20 17:46:00+00:00,-1,15m,15,15,0.26858513189448546,-0.26858513189448546,0.01918465227817364,0.32613908872902003,False,compression60_expansion15_2x
ctrl_000122,SBUX,2026-07-20 17:46:00+00:00,-1,30m,30,30,0.6043165467625856,-0.6043165467625856,0.01918465227817364,0.6810551558752937,False,compression60_expansion15_2x
ctrl_000122,SBUX,2026-07-20 17:46:00+00:00,-1,60m,60,60,0.369304556354921,-0.369304556354921,0.01918465227817364,0.6810551558752937,False,compression60_expansion15_2x
ctrl_000122,SBUX,2026-07-20 17:46:00+00:00,-1,120m,120,120,0.2398081534772182,-0.2398081534772182,0.038369304556360916,0.6810551558752937,False,compression60_expansion15_2x
ctrl_000123,SBUX,2026-05-21 16:16:00+00:00,1,15m,15,15,-0.2684821171732679,-0.2684821171732679,0.01917729408380096,0.27807076421517524,False,compression60_expansion15_2x
ctrl_000123,SBUX,2026-05-21 16:16:00+00:00,1,30m,30,30,-0.2732764406942284,-0.2732764406942284,0.01917729408380096,0.44107776392751746,False,compression60_expansion15_2x
ctrl_000123,SBUX,2026-05-21 16:16:00+00:00,1,60m,60,60,-0.12465241154474029,-0.12465241154474029,0.01917729408380096,0.6424393518074616,False,compression60_expansion15_2x
ctrl_000123,SBUX,2026-05-21 16:16:00+00:00,1,120m,120,120,-0.07191485281427062,-0.07191485281427062,0.4506664109694111,0.6424393518074616,False,compression60_expansion15_2x
ctrl_000124,SBUX,2026-05-20 16:03:00+00:00,1,15m,15,15,0.03268126429804995,0.03268126429804995,0.200756337830901,0.07936878472383747,False,compression60_expansion15_2x
ctrl_000124,SBUX,2026-05-20 16:03:00+00:00,1,30m,30,30,-0.2006629627900463,-0.2006629627900463,0.200756337830901,0.25678136234185134,False,compression60_expansion15_2x
ctrl_000124,SBUX,2026-05-20 16:03:00+00:00,1,60m,60,60,-0.326812642980526,-0.326812642980526,0.200756337830901,0.4155189317895263,False,compression60_expansion15_2x
ctrl_000124,SBUX,2026-05-20 16:03:00+00:00,1,120m,120,120,-0.30346888276763884,-0.30346888276763884,0.31280638685280165,0.6022690134926897,False,compression60_expansion15_2x
ctrl_000125,TXN,2026-06-16 19:35:00+00:00,-1,15m,15,15,0.18850141376059804,-0.18850141376059804,0.2795020962657264,0.39650297377231214,False,compression60_expansion15_2x
ctrl_000125,TXN,2026-06-16 19:35:00+00:00,-1,30m,30,25,-0.6435048262862031,0.6435048262862031,0.7150053625402154,0.4257531931489493,True,compression60_expansion15_2x
ctrl_000125,TXN,2026-06-16 19:35:00+00:00,-1,60m,60,25,-0.6435048262862031,0.6435048262862031,0.7150053625402154,0.4257531931489493,True,compression60_expansion15_2x
ctrl_000125,TXN,2026-06-16 19:35:00+00:00,-1,120m,120,25,-0.6435048262862031,0.6435048262862031,0.7150053625402154,0.4257531931489493,True,compression60_expansion15_2x
ctrl_000126,VRTX,2026-07-06 18:29:00+00:00,-1,15m,15,15,-0.05666364460563392,0.05666364460563392,0.05666364460563392,0.08310667875489967,False,compression60_expansion15_2x
ctrl_000126,VRTX,2026-07-06 18:29:00+00:00,-1,30m,30,30,0.0,-0.0,0.06233000906619086,0.08688425506193764,False,compression60_expansion15_2x
ctrl_000126,VRTX,2026-07-06 18:29:00+00:00,-1,60m,60,60,-0.7885690540949055,0.7885690540949055,0.8367331520096826,0.08688425506193764,False,compression60_expansion15_2x
ctrl_000126,VRTX,2026-07-06 18:29:00+00:00,-1,120m,120,91,0.0056663644605569495,-0.0056663644605569495,0.8427772741009562,0.09632819582955403,True,compression60_expansion15_2x
ctrl_000127,VRTX,2026-08-06 18:35:00+00:00,-1,15m,15,15,-0.0051697219723476255,0.0051697219723476255,0.13337882688668629,0.015509165917066385,False,compression60_expansion15_2x
ctrl_000127,VRTX,2026-08-06 18:35:00+00:00,-1,30m,30,30,0.015509165917066385,-0.015509165917066385,0.13337882688668629,0.06720638564058966,False,compression60_expansion15_2x
ctrl_000127,VRTX,2026-08-06 18:35:00+00:00,-1,60m,60,60,0.07444399640187634,-0.07444399640187634,0.13337882688668629,0.3815254815596074,False,compression60_expansion15_2x
ctrl_000127,VRTX,2026-08-06 18:35:00+00:00,-1,120m,120,84,0.13337882688669803,-0.13337882688669803,0.13337882688668629,0.3815254815596074,True,compression60_expansion15_2x
ctrl_000128,VRTX,2026-05-22 18:10:00+00:00,-1,15m,15,15,0.09411008584675391,-0.09411008584675391,0.10326860395721749,0.13886976082265098,False,compression60_expansion15_2x
ctrl_000128,VRTX,2026-05-22 18:10:00+00:00,-1,30m,30,30,-0.0677133544507221,0.0677133544507221,0.12624523711151156,0.14231281274387084,False,compression60_expansion15_2x
ctrl_000128,VRTX,2026-05-22 18:10:00+00:00,-1,60m,60,60,-0.2915117293302205,0.2915117293302205,0.29839783317266017,0.14231281274387084,False,compression60_expansion15_2x
ctrl_000128,VRTX,2026-05-22 18:10:00+00:00,-1,120m,120,110,-0.25937657806547587,0.25937657806547587,0.6197493458201453,0.14231281274387084,True,compression60_expansion15_2x
ctrl_000129,VRTX,2026-08-11 18:17:00+00:00,-1,15m,15,14,-0.003763784862053862,0.003763784862053862,0.1270277390944248,0.0432835259136622,False,compression60_expansion15_2x
ctrl_000129,VRTX,2026-08-11 18:17:00+00:00,-1,30m,30,28,-0.10068124506002639,0.10068124506002639,0.1270277390944248,0.054574880499823786,False,compression60_expansion15_2x
ctrl_000129,VRTX,2026-08-11 18:17:00+00:00,-1,60m,60,58,-0.34815009974030314,0.34815009974030314,0.4460085061537891,0.10632692235312856,False,compression60_expansion15_2x
ctrl_000129,VRTX,2026-08-11 18:17:00+00:00,-1,120m,120,101,-0.2860476495163502,0.2860476495163502,0.5532763747224098,0.15996085663743886,True,compression60_expansion15_2x
ctrl_000130,VRTX,2026-06-10 18:10:00+00:00,1,15m,15,15,-0.14300750503386417,-0.14300750503386417,0.0732198425773369,0.1853377265238885,False,compression60_expansion15_2x
ctrl_000130,VRTX,2026-06-10 18:10:00+00:00,1,30m,30,30,-0.2905912502288209,-0.2905912502288209,0.0732198425773369,0.2905912502288209,False,compression60_expansion15_2x
ctrl_000130,VRTX,2026-06-10 18:10:00+00:00,1,60m,60,60,-0.38898041369212094,-0.38898041369212094,0.0732198425773369,0.5377082189273344,False,compression60_expansion15_2x
ctrl_000130,VRTX,2026-06-10 18:10:00+00:00,1,120m,120,110,-0.33635365183965477,-0.33635365183965477,0.0732198425773369,0.741350906095554,True,compression60_expansion15_2x
ctrl_000131,VRTX,2026-07-28 18:35:00+00:00,1,15m,15,15,0.045122651571082625,0.045122651571082625,0.06973500697349556,0.09639839199278598,False,compression60_expansion15_2x
ctrl_000131,VRTX,2026-07-28 18:35:00+00:00,1,30m,30,29,-0.16818442858314733,-0.16818442858314733,0.10255148084338336,0.17433751743375642,False,compression60_expansion15_2x
ctrl_000131,VRTX,2026-07-28 18:35:00+00:00,1,60m,60,58,0.07281155139880592,0.07281155139880592,0.10255148084338336,0.25842973172532424,False,compression60_expansion15_2x
ctrl_000131,VRTX,2026-07-28 18:35:00+00:00,1,120m,120,83,0.5886455000410215,0.5886455000410215,0.8409221429157484,0.25842973172532424,True,compression60_expansion15_2x
ctrl_000132,VRTX,2026-07-31 18:14:00+00:00,1,15m,15,14,-0.06912876804155771,-0.06912876804155771,0.014663678069420613,0.12987829147202476,False,compression60_expansion15_2x
ctrl_000132,VRTX,2026-07-31 18:14:00+00:00,1,30m,30,29,0.04922806209020543,0.04922806209020543,0.05865471227768245,0.12987829147202476,False,compression60_expansion15_2x
ctrl_000132,VRTX,2026-07-31 18:14:00+00:00,1,60m,60,58,-0.1089301799442742,-0.1089301799442742,0.05865471227768245,0.12987829147202476,False,compression60_expansion15_2x
ctrl_000132,VRTX,2026-07-31 18:14:00+00:00,1,120m,120,104,-0.1026457464859562,-0.1026457464859562,0.5551249554852583,0.1822485702913892,True,compression60_expansion15_2x
ctrl_000133,VRTX,2026-07-27 18:24:00+00:00,1,15m,15,15,-0.1611829790774047,-0.1611829790774047,0.05719396031779754,0.18926001414249993,False,compression60_expansion15_2x
ctrl_000133,VRTX,2026-07-27 18:24:00+00:00,1,30m,30,30,-0.16638243001539274,-0.16638243001539274,0.05719396031779754,0.21421737864480944,False,compression60_expansion15_2x
ctrl_000133,VRTX,2026-07-27 18:24:00+00:00,1,60m,60,60,-0.39515827128654746,-0.39515827128654746,0.05719396031779754,0.4481926708539521,False,compression60_expansion15_2x
ctrl_000133,VRTX,2026-07-27 18:24:00+00:00,1,120m,120,96,-0.3827003868391512,-0.3827003868391512,0.08111143463249998,0.5885778461794402,True,compression60_expansion15_2x
ctrl_000134,VRTX,2026-06-03 19:27:00+00:00,1,15m,15,15,0.02804917956149889,0.02804917956149889,0.27815436398485294,0.011687158150626752,False,compression60_expansion15_2x
ctrl_000134,VRTX,2026-06-03 19:27:00+00:00,1,30m,30,30,0.22030293113926314,0.22030293113926314,0.27815436398485294,0.11219671824599556,False,compression60_expansion15_2x
ctrl_000134,VRTX,2026-06-03 19:27:00+00:00,1,60m,60,33,0.14024589780749444,0.14024589780749444,0.27815436398485294,0.11219671824599556,True,compression60_expansion15_2x
ctrl_000134,VRTX,2026-06-03 19:27:00+00:00,1,120m,120,33,0.14024589780749444,0.14024589780749444,0.27815436398485294,0.11219671824599556,True,compression60_expansion15_2x
ctrl_000135,VRTX,2026-06-16 19:11:00+00:00,-1,15m,15,15,0.09739038048650872,-0.09739038048650872,0.0652958232807313,0.11509772239314323,False,compression60_expansion15_2x
ctrl_000135,VRTX,2026-06-16 19:11:00+00:00,-1,30m,30,30,0.12837822882312225,-0.12837822882312225,0.15604595055225678,0.16932645698222323,False,compression60_expansion15_2x
ctrl_000135,VRTX,2026-06-16 19:11:00+00:00,-1,60m,60,49,0.2855308882445303,-0.2855308882445303,0.15604595055225678,0.6109032957790104,True,compression60_expansion15_2x
ctrl_000135,VRTX,2026-06-16 19:11:00+00:00,-1,120m,120,49,0.2855308882445303,-0.2855308882445303,0.15604595055225678,0.6109032957790104,True,compression60_expansion15_2x
ctrl_000136,VRTX,2026-07-22 18:09:00+00:00,1,15m,15,15,0.06312865620132876,0.06312865620132876,0.06312865620132876,0.11573586970245599,False,compression60_expansion15_2x
ctrl_000136,VRTX,2026-07-22 18:09:00+00:00,1,30m,30,30,0.019990741130417582,0.019990741130417582,0.13257017802280954,0.11573586970245599,False,compression60_expansion15_2x
ctrl_000136,VRTX,2026-07-22 18:09:00+00:00,1,60m,60,58,-0.2309456672699013,-0.2309456672699013,0.13257017802280954,0.2672446445856737,False,compression60_expansion15_2x
ctrl_000136,VRTX,2026-07-22 18:09:00+00:00,1,120m,120,108,-0.5597407516518718,-0.5597407516518718,0.13257017802280954,0.6628508901140596,True,compression60_expansion15_2x
ctrl_000137,VRTX,2026-05-28 18:12:00+00:00,-1,15m,15,15,0.3264124911666687,-0.3264124911666687,0.012338616504583644,0.3421161848997717,False,compression60_expansion15_2x
ctrl_000137,VRTX,2026-05-28 18:12:00+00:00,-1,30m,30,30,0.366793417908939,-0.366793417908939,0.012338616504583644,0.38922726609909336,False,compression60_expansion15_2x
ctrl_000137,VRTX,2026-05-28 18:12:00+00:00,-1,60m,60,60,0.5036398918688527,-0.5036398918688527,0.012338616504583644,0.5866451301724062,False,compression60_expansion15_2x
ctrl_000137,VRTX,2026-05-28 18:12:00+00:00,-1,120m,120,108,0.5552377427062002,-0.5552377427062002,0.012338616504583644,0.7930365335217833,True,compression60_expansion15_2x
ctrl_000138,VRTX,2026-05-21 16:14:00+00:00,1,15m,15,15,0.04788377090534992,0.04788377090534992,0.051387461459397,0.05769410445669768,False,compression60_expansion15_2x
ctrl_000138,VRTX,2026-05-21 16:14:00+00:00,1,30m,30,30,0.19153508362141294,0.19153508362141294,0.3021582733812878,0.05769410445669768,False,compression60_expansion15_2x
ctrl_000138,VRTX,2026-05-21 16:14:00+00:00,1,60m,60,58,0.4227786601887326,0.4227786601887326,0.4846771933102842,0.05769410445669768,False,compression60_expansion15_2x
ctrl_000138,VRTX,2026-05-21 16:14:00+00:00,1,120m,120,116,0.8198635896477602,0.8198635896477602,1.13052415210688,0.05769410445669768,False,compression60_expansion15_2x
ctrl_000139,VRTX,2026-07-20 17:54:00+00:00,1,15m,15,15,0.0010373228771177886,0.0010373228771177886,0.07261260139831596,0.05809008111864333,False,compression60_expansion15_2x
ctrl_000139,VRTX,2026-07-20 17:54:00+00:00,1,30m,30,29,-0.06016472687287891,-0.06016472687287891,0.09543370469493088,0.07053795564406859,False,compression60_expansion15_2x
ctrl_000139,VRTX,2026-07-20 17:54:00+00:00,1,60m,60,58,-0.6369162465509001,-0.6369162465509001,0.09543370469493088,0.7323499512458191,False,compression60_expansion15_2x
ctrl_000139,VRTX,2026-07-20 17:54:00+00:00,1,120m,120,118,0.07883653866102269,0.07883653866102269,0.23858426173731542,0.7323499512458191,False,compression60_expansion15_2x
ctrl_000140,VRTX,2026-06-11 16:30:00+00:00,1,15m,15,15,0.08819195120424428,0.08819195120424428,0.14508998423924227,0.0893299118649432,False,compression60_expansion15_2x
ctrl_000140,VRTX,2026-06-11 16:30:00+00:00,1,30m,30,30,-0.08364010856144859,-0.08364010856144859,0.18150472538164666,0.10526136111474109,False,compression60_expansion15_2x
ctrl_000140,VRTX,2026-06-11 16:30:00+00:00,1,60m,60,60,0.47054673319943224,0.47054673319943224,0.4773744971636388,0.2577480896485393,False,compression60_expansion15_2x
ctrl_000140,VRTX,2026-06-11 16:30:00+00:00,1,120m,120,120,0.9666975812646161,0.9666975812646161,1.3581560485454087,0.2577480896485393,False,compression60_expansion15_2x
ctrl_000000,AAPL,2026-06-22 18:06:00+00:00,-1,15m,15,15,0.1008265569052726,-0.1008265569052726,0.08265569052637195,0.1171234481143201,False,compression90_expansion10_2.5x
ctrl_000000,AAPL,2026-06-22 18:06:00+00:00,-1,30m,30,30,-0.020078305391025758,0.020078305391025758,0.08265569052637195,0.12381621657798901,False,compression90_expansion10_2.5x
ctrl_000000,AAPL,2026-06-22 18:06:00+00:00,-1,60m,60,60,0.10373791118696324,-0.10373791118696324,0.08265569052637195,0.17066559582370944,False,compression90_expansion10_2.5x
ctrl_000000,AAPL,2026-06-22 18:06:00+00:00,-1,120m,120,114,-0.6826623832948377,0.6826623832948377,0.6927015359903601,0.17066559582370944,True,compression90_expansion10_2.5x
ctrl_000001,AAPL,2026-08-10 19:35:00+00:00,-1,15m,15,15,0.1293504802213999,-0.1293504802213999,0.045580335341034145,0.1513918280970314,False,compression90_expansion10_2.5x
ctrl_000001,AAPL,2026-08-10 19:35:00+00:00,-1,30m,30,25,0.35813120625102485,-0.35813120625102485,0.09116067068206829,0.3613869444896675,True,compression90_expansion10_2.5x
ctrl_000001,AAPL,2026-08-10 19:35:00+00:00,-1,60m,60,25,0.35813120625102485,-0.35813120625102485,0.09116067068206829,0.3613869444896675,True,compression90_expansion10_2.5x
ctrl_000001,AAPL,2026-08-10 19:35:00+00:00,-1,120m,120,25,0.35813120625102485,-0.35813120625102485,0.09116067068206829,0.3613869444896675,True,compression90_expansion10_2.5x
ctrl_000002,AAPL,2026-06-17 19:21:00+00:00,-1,15m,15,15,0.06274469924237798,-0.06274469924237798,0.0610159149844941,0.15084490093388017,False,compression90_expansion10_2.5x
ctrl_000002,AAPL,2026-06-17 19:21:00+00:00,-1,30m,30,30,0.11189640853545392,-0.11189640853545392,0.14406535482449837,0.2491483195200128,False,compression90_expansion10_2.5x
ctrl_000002,AAPL,2026-06-17 19:21:00+00:00,-1,60m,60,39,0.296605142285724,-0.296605142285724,0.14406535482449837,0.41185742614533033,True,compression90_expansion10_2.5x
ctrl_000002,AAPL,2026-06-17 19:21:00+00:00,-1,120m,120,39,0.296605142285724,-0.296605142285724,0.14406535482449837,0.41185742614533033,True,compression90_expansion10_2.5x
ctrl_000003,AAPL,2026-06-05 18:09:00+00:00,1,15m,15,15,-0.004804689376827418,-0.004804689376827418,0.1969922644501062,0.09769535066224853,False,compression90_expansion10_2.5x
ctrl_000003,AAPL,2026-06-05 18:09:00+00:00,1,30m,30,30,-0.3123048094940553,-0.3123048094940553,0.1969922644501062,0.4500392382965688,False,compression90_expansion10_2.5x
ctrl_000003,AAPL,2026-06-05 18:09:00+00:00,1,60m,60,60,-1.0394464997837825,-1.0394464997837825,0.1969922644501062,1.0810551097871524,False,compression90_expansion10_2.5x
ctrl_000003,AAPL,2026-06-05 18:09:00+00:00,1,120m,120,111,-1.539102163711785,-1.539102163711785,0.1969922644501062,1.6159771937410965,True,compression90_expansion10_2.5x
ctrl_000004,ADBE,2026-08-12 19:40:00+00:00,1,15m,15,15,0.16653111808218382,0.16653111808218382,0.19751365167888454,0.2401146353743095,False,compression90_expansion10_2.5x
ctrl_000004,ADBE,2026-08-12 19:40:00+00:00,1,30m,30,20,0.22075055187637704,0.22075055187637704,0.2827156190697565,0.2401146353743095,True,compression90_expansion10_2.5x
ctrl_000004,ADBE,2026-08-12 19:40:00+00:00,1,60m,60,20,0.22075055187637704,0.22075055187637704,0.2827156190697565,0.2401146353743095,True,compression90_expansion10_2.5x
ctrl_000004,ADBE,2026-08-12 19:40:00+00:00,1,120m,120,20,0.22075055187637704,0.22075055187637704,0.2827156190697565,0.2401146353743095,True,compression90_expansion10_2.5x
ctrl_000005,ADI,2026-06-16 19:42:00+00:00,-1,15m,15,15,-0.4958520072470775,0.4958520072470775,0.5912081624868929,0.3706970534948047,False,compression90_expansion10_2.5x
ctrl_000005,ADI,2026-06-16 19:42:00+00:00,-1,30m,30,18,-0.8558214932773986,0.8558214932773986,0.901115667016313,0.3706970534948047,True,compression90_expansion10_2.5x
ctrl_000005,ADI,2026-06-16 19:42:00+00:00,-1,60m,60,18,-0.8558214932773986,0.8558214932773986,0.901115667016313,0.3706970534948047,True,compression90_expansion10_2.5x
ctrl_000005,ADI,2026-06-16 19:42:00+00:00,-1,120m,120,18,-0.8558214932773986,0.8558214932773986,0.901115667016313,0.3706970534948047,True,compression90_expansion10_2.5x
ctrl_000006,AMZN,2026-06-17 19:10:00+00:00,-1,15m,15,15,-0.26236252203845184,0.26236252203845184,0.2728570229199923,0.13432961128368448,False,compression90_expansion10_2.5x
ctrl_000006,AMZN,2026-06-17 19:10:00+00:00,-1,30m,30,30,-0.4092855343799825,0.4092855343799825,0.5834942490135112,0.13432961128368448,False,compression90_expansion10_2.5x
ctrl_000006,AMZN,2026-06-17 19:10:00+00:00,-1,60m,60,50,-0.3274284275039884,0.3274284275039884,0.9319116782805805,0.13432961128368448,True,compression90_expansion10_2.5x
ctrl_000006,AMZN,2026-06-17 19:10:00+00:00,-1,120m,120,50,-0.3274284275039884,0.3274284275039884,0.9319116782805805,0.13432961128368448,True,compression90_expansion10_2.5x
ctrl_000007,AMZN,2026-05-19 18:33:00+00:00,1,15m,15,15,-0.09634653923231076,-0.09634653923231076,0.011523046092183527,0.16571604747957713,False,compression90_expansion10_2.5x
ctrl_000007,AMZN,2026-05-19 18:33:00+00:00,1,30m,30,30,-0.19847387081857684,-0.19847387081857684,0.011523046092183527,0.27358563280407144,False,compression90_expansion10_2.5x
ctrl_000007,AMZN,2026-05-19 18:33:00+00:00,1,60m,60,60,-0.10405426237091052,-0.10405426237091052,0.01926930784644463,0.27358563280407144,False,compression90_expansion10_2.5x
ctrl_000007,AMZN,2026-05-19 18:33:00+00:00,1,120m,120,87,-0.05010020040079984,-0.05010020040079984,0.01926930784644463,0.30060120240482097,True,compression90_expansion10_2.5x
ctrl_000008,BKNG,2026-08-14 19:32:00+00:00,-1,15m,15,15,-0.13599380993692325,0.13599380993692325,0.16178573940772298,0.11958076391005437,False,compression90_expansion10_2.5x
ctrl_000008,BKNG,2026-08-14 19:32:00+00:00,-1,30m,30,28,-0.5181833102769201,0.5181833102769201,0.719829304321319,0.11958076391005437,True,compression90_expansion10_2.5x
ctrl_000008,BKNG,2026-08-14 19:32:00+00:00,-1,60m,60,28,-0.5181833102769201,0.5181833102769201,0.719829304321319,0.11958076391005437,True,compression90_expansion10_2.5x
ctrl_000008,BKNG,2026-08-14 19:32:00+00:00,-1,120m,120,28,-0.5181833102769201,0.5181833102769201,0.719829304321319,0.11958076391005437,True,compression90_expansion10_2.5x
ctrl_000009,BKNG,2026-06-16 18:25:00+00:00,-1,15m,15,15,0.06525378046357458,-0.06525378046357458,0.1560416489346643,0.07660226402246484,False,compression90_expansion10_2.5x
ctrl_000009,BKNG,2026-06-16 18:25:00+00:00,-1,30m,30,30,0.13618180270660235,-0.13618180270660235,0.1560416489346643,0.13618180270660235,False,compression90_expansion10_2.5x
ctrl_000009,BKNG,2026-06-16 18:25:00+00:00,-1,60m,60,60,0.10497347291966626,-0.10497347291966626,0.1560416489346643,0.20143558317019306,False,compression90_expansion10_2.5x
ctrl_000009,BKNG,2026-06-16 18:25:00+00:00,-1,120m,120,95,-0.29222345164128277,0.29222345164128277,0.7177915850994494,0.20143558317019306,True,compression90_expansion10_2.5x
ctrl_000010,BKNG,2026-05-21 16:12:00+00:00,1,15m,15,15,-0.03218124477055504,-0.03218124477055504,0.08367123640342115,0.08367123640342115,False,compression90_expansion10_2.5x
ctrl_000010,BKNG,2026-05-21 16:12:00+00:00,1,30m,30,30,-0.1737787217609643,-0.1737787217609643,0.08367123640342115,0.25101370921028177,False,compression90_expansion10_2.5x
ctrl_000010,BKNG,2026-05-21 16:12:00+00:00,1,60m,60,60,0.07723498744931746,0.07723498744931746,0.3668661903842396,0.25101370921028177,False,compression90_expansion10_2.5x
ctrl_000010,BKNG,2026-05-21 16:12:00+00:00,1,120m,120,120,3.1151444937890216,3.1151444937890216,3.2503057218253093,0.25101370921028177,False,compression90_expansion10_2.5x
ctrl_000011,CMCSA,2026-06-11 19:43:00+00:00,1,15m,15,15,-0.2496359475764457,-0.2496359475764457,0.3328479301019276,0.3120449344705608,False,compression90_expansion10_2.5x
ctrl_000011,CMCSA,2026-06-11 19:43:00+00:00,1,30m,30,17,-0.3744539213646759,-0.3744539213646759,0.3328479301019276,0.3952569169960427,True,compression90_expansion10_2.5x
ctrl_000011,CMCSA,2026-06-11 19:43:00+00:00,1,60m,60,17,-0.3744539213646759,-0.3744539213646759,0.3328479301019276,0.3952569169960427,True,compression90_expansion10_2.5x
ctrl_000011,CMCSA,2026-06-11 19:43:00+00:00,1,120m,120,17,-0.3744539213646759,-0.3744539213646759,0.3328479301019276,0.3952569169960427,True,compression90_expansion10_2.5x
ctrl_000012,CMCSA,2026-08-04 19:45:00+00:00,-1,15m,15,15,0.40233353450009196,-0.40233353450009196,0.0804667069000184,0.4626835646751094,False,compression90_expansion10_2.5x
ctrl_000012,CMCSA,2026-08-04 19:45:00+00:00,-1,30m,30,15,0.40233353450009196,-0.40233353450009196,0.0804667069000184,0.4626835646751094,True,compression90_expansion10_2.5x
ctrl_000012,CMCSA,2026-08-04 19:45:00+00:00,-1,60m,60,15,0.40233353450009196,-0.40233353450009196,0.0804667069000184,0.4626835646751094,True,compression90_expansion10_2.5x
ctrl_000012,CMCSA,2026-08-04 19:45:00+00:00,-1,120m,120,15,0.40233353450009196,-0.40233353450009196,0.0804667069000184,0.4626835646751094,True,compression90_expansion10_2.5x
ctrl_000013,CMCSA,2026-06-01 16:09:00+00:00,1,15m,15,15,0.08105369807497294,0.08105369807497294,0.10131712259371257,0.020263424518739637,False,compression90_expansion10_2.5x
ctrl_000013,CMCSA,2026-06-01 16:09:00+00:00,1,30m,30,30,-0.12158054711246662,-0.12158054711246662,0.10131712259371257,0.20263424518743955,False,compression90_expansion10_2.5x
ctrl_000013,CMCSA,2026-06-01 16:09:00+00:00,1,60m,60,60,-0.10131712259372698,-0.10131712259372698,0.10131712259371257,0.3039513677811521,False,compression90_expansion10_2.5x
ctrl_000013,CMCSA,2026-06-01 16:09:00+00:00,1,120m,120,120,1.5606889564336284,1.5606889564336284,1.661600810536981,0.3039513677811521,False,compression90_expansion10_2.5x
ctrl_000014,COST,2026-06-16 19:25:00+00:00,-1,15m,15,15,-0.2117374658528944,0.2117374658528944,0.36711316021976104,0.0,False,compression90_expansion10_2.5x
ctrl_000014,COST,2026-06-16 19:25:00+00:00,-1,30m,30,30,0.0360512232027722,-0.0360512232027722,0.36711316021976104,0.09850615917375811,False,compression90_expansion10_2.5x
ctrl_000014,COST,2026-06-16 19:25:00+00:00,-1,60m,60,35,0.19295020869088128,-0.19295020869088128,0.36711316021976104,0.3493414304719096,True,compression90_expansion10_2.5x
ctrl_000014,COST,2026-06-16 19:25:00+00:00,-1,120m,120,35,0.19295020869088128,-0.19295020869088128,0.36711316021976104,0.3493414304719096,True,compression90_expansion10_2.5x
ctrl_000015,COST,2026-05-28 16:07:00+00:00,-1,15m,15,15,0.03749550053993521,-0.03749550053993521,0.08698956125265014,0.049994000719913605,False,compression90_expansion10_2.5x
ctrl_000015,COST,2026-05-28 16:07:00+00:00,-1,30m,30,30,0.09898812142542986,-0.09898812142542986,0.08698956125265014,0.1384833819941598,False,compression90_expansion10_2.5x
ctrl_000015,COST,2026-05-28 16:07:00+00:00,-1,60m,60,60,0.0529936407631057,-0.0529936407631057,0.08698956125265014,0.2769667639883196,False,compression90_expansion10_2.5x
ctrl_000015,COST,2026-05-28 16:07:00+00:00,-1,120m,120,120,-0.22447306323241256,0.22447306323241256,0.4319481662200586,0.2769667639883196,False,compression90_expansion10_2.5x
ctrl_000016,COST,2026-06-11 16:19:00+00:00,1,15m,15,15,-0.15784274788948507,-0.15784274788948507,0.06415543946475986,0.21486980519150028,False,compression90_expansion10_2.5x
ctrl_000016,COST,2026-06-11 16:19:00+00:00,1,30m,30,30,-0.08554058595301701,-0.08554058595301701,0.06415543946475986,0.21486980519150028,False,compression90_expansion10_2.5x
ctrl_000016,COST,2026-06-11 16:19:00+00:00,1,60m,60,60,-0.2449108443059474,-0.2449108443059474,0.06415543946475986,0.4928665261357098,False,compression90_expansion10_2.5x
ctrl_000016,COST,2026-06-11 16:19:00+00:00,1,120m,120,120,-0.21945233658183616,-0.21945233658183616,0.28819030743694346,0.4928665261357098,False,compression90_expansion10_2.5x
ctrl_000017,CSCO,2026-06-17 19:11:00+00:00,-1,15m,15,15,-0.13984828579904754,0.13984828579904754,0.3263126668644362,0.4280205110819133,False,compression90_expansion10_2.5x
ctrl_000017,CSCO,2026-06-17 19:11:00+00:00,-1,30m,30,30,-0.7416196974191634,0.7416196974191634,0.8857058100606024,0.4280205110819133,False,compression90_expansion10_2.5x
ctrl_000017,CSCO,2026-06-17 19:11:00+00:00,-1,60m,60,49,-0.48735008687545267,0.48735008687545267,0.8857058100606024,0.4280205110819133,True,compression90_expansion10_2.5x
ctrl_000017,CSCO,2026-06-17 19:11:00+00:00,-1,120m,120,49,-0.48735008687545267,0.48735008687545267,0.8857058100606024,0.4280205110819133,True,compression90_expansion10_2.5x
ctrl_000018,CSCO,2026-06-04 18:03:00+00:00,-1,15m,15,15,0.011570949203544397,-0.011570949203544397,0.07328267828904143,0.07713966135690419,False,compression90_expansion10_2.5x
ctrl_000018,CSCO,2026-06-04 18:03:00+00:00,-1,30m,30,30,0.08485362749258583,-0.08485362749258583,0.14270837351024204,0.12728044123887877,False,compression90_expansion10_2.5x
ctrl_000018,CSCO,2026-06-04 18:03:00+00:00,-1,60m,60,60,0.42812512053072616,-0.42812512053072616,0.14270837351024204,0.4821228834805415,False,compression90_expansion10_2.5x
ctrl_000018,CSCO,2026-06-04 18:03:00+00:00,-1,120m,120,117,0.29313071315616573,-0.29313071315616573,0.4628379681413155,0.5635823658734213,True,compression90_expansion10_2.5x
ctrl_000019,CSCO,2026-08-04 18:10:00+00:00,1,15m,15,15,0.0950373951489683,0.0950373951489683,0.14916738977728955,0.07850915251435799,False,compression90_expansion10_2.5x
ctrl_000019,CSCO,2026-08-04 18:10:00+00:00,1,30m,30,30,-0.008264121317293422,-0.008264121317293422,0.26858394281228287,0.07850915251435799,False,compression90_expansion10_2.5x
ctrl_000019,CSCO,2026-08-04 18:10:00+00:00,1,60m,60,60,0.15701830502871597,0.15701830502871597,0.26858394281228287,0.11982975910086033,False,compression90_expansion10_2.5x
ctrl_000019,CSCO,2026-08-04 18:10:00+00:00,1,120m,120,110,0.5991487955043251,0.5991487955043251,0.7396388578984424,0.11982975910086033,True,compression90_expansion10_2.5x
ctrl_000020,GILD,2026-07-02 18:29:00+00:00,1,15m,15,15,0.23851658074940546,0.23851658074940546,0.2615988304993486,0.015388166499969401,False,compression90_expansion10_2.5x
ctrl_000020,GILD,2026-07-02 18:29:00+00:00,1,30m,30,30,0.13464645687467214,0.13464645687467214,0.2615988304993486,0.015388166499969401,False,compression90_expansion10_2.5x
ctrl_000020,GILD,2026-07-02 18:29:00+00:00,1,60m,60,60,0.3616219127490951,0.3616219127490951,0.36931599599906884,0.015388166499969401,False,compression90_expansion10_2.5x
ctrl_000020,GILD,2026-07-02 18:29:00+00:00,1,120m,120,91,0.9925367392475126,0.9925367392475126,1.1464184042471408,0.015388166499969401,True,compression90_expansion10_2.5x
ctrl_000021,GILD,2026-08-05 18:04:00+00:00,1,15m,15,15,0.2143950995405828,0.2143950995405828,0.260336906584995,0.05742725880550432,False,compression90_expansion10_2.5x
ctrl_000021,GILD,2026-08-05 18:04:00+00:00,1,30m,30,30,0.6814701378254325,0.6814701378254325,0.7120980091883666,0.05742725880550432,False,compression90_expansion10_2.5x
ctrl_000021,GILD,2026-08-05 18:04:00+00:00,1,60m,60,60,0.32924961715161316,0.32924961715161316,1.294027565084225,0.05742725880550432,False,compression90_expansion10_2.5x
ctrl_000021,GILD,2026-08-05 18:04:00+00:00,1,120m,120,116,0.9571209800918837,0.9571209800918837,1.294027565084225,0.05742725880550432,True,compression90_expansion10_2.5x
ctrl_000022,GILD,2026-07-01 19:32:00+00:00,-1,15m,15,15,0.21895776105737147,-0.21895776105737147,0.10748835542816602,0.21895776105737147,False,compression90_expansion10_2.5x
ctrl_000022,GILD,2026-07-01 19:32:00+00:00,-1,30m,30,28,0.2985787650782276,-0.2985787650782276,0.10748835542816602,0.5971575301564552,True,compression90_expansion10_2.5x
ctrl_000022,GILD,2026-07-01 19:32:00+00:00,-1,60m,60,28,0.2985787650782276,-0.2985787650782276,0.10748835542816602,0.5971575301564552,True,compression90_expansion10_2.5x
ctrl_000022,GILD,2026-07-01 19:32:00+00:00,-1,120m,120,28,0.2985787650782276,-0.2985787650782276,0.10748835542816602,0.5971575301564552,True,compression90_expansion10_2.5x
ctrl_000023,GILD,2026-06-11 16:27:00+00:00,1,15m,15,15,0.003971248163294113,0.003971248163294113,0.0913387077558436,0.11516619673563086,False,compression90_expansion10_2.5x
ctrl_000023,GILD,2026-06-11 16:27:00+00:00,1,30m,30,30,-0.21047615265477987,-0.21047615265477987,0.0913387077558436,0.25415988245106025,False,compression90_expansion10_2.5x
ctrl_000023,GILD,2026-06-11 16:27:00+00:00,1,60m,60,60,-0.26210237877764847,-0.26210237877764847,0.0913387077558436,0.4249235534728538,False,compression90_expansion10_2.5x
ctrl_000023,GILD,2026-06-11 16:27:00+00:00,1,120m,120,120,0.6076009689845523,0.6076009689845523,1.163575711846236,0.4249235534728538,False,compression90_expansion10_2.5x
ctrl_000024,GOOGL,2026-06-17 19:09:00+00:00,-1,15m,15,15,-0.25666584287558575,0.25666584287558575,0.3240244940549762,0.2471373259741267,False,compression90_expansion10_2.5x
ctrl_000024,GOOGL,2026-06-17 19:09:00+00:00,-1,30m,30,30,-0.49702062223686805,0.49702062223686805,0.590383612049327,0.2471373259741267,False,compression90_expansion10_2.5x
ctrl_000024,GOOGL,2026-06-17 19:09:00+00:00,-1,60m,60,51,-0.13729851443007388,0.13729851443007388,0.590383612049327,0.2471373259741267,True,compression90_expansion10_2.5x
ctrl_000024,GOOGL,2026-06-17 19:09:00+00:00,-1,120m,120,51,-0.13729851443007388,0.13729851443007388,0.590383612049327,0.2471373259741267,True,compression90_expansion10_2.5x
ctrl_000025,GOOGL,2026-07-15 18:52:00+00:00,-1,15m,15,15,-0.2236260173421332,0.2236260173421332,0.2936691019210411,0.02960667305854225,False,compression90_expansion10_2.5x
ctrl_000025,GOOGL,2026-07-15 18:52:00+00:00,-1,30m,30,30,-0.16166482713770755,0.16166482713770755,0.3475483977509692,0.02960667305854225,False,compression90_expansion10_2.5x
ctrl_000025,GOOGL,2026-07-15 18:52:00+00:00,-1,60m,60,60,-0.3004040138997917,0.3004040138997917,0.5388198979472343,0.042160548986919476,False,compression90_expansion10_2.5x
ctrl_000025,GOOGL,2026-07-15 18:52:00+00:00,-1,120m,120,68,-0.05390623547785153,0.05390623547785153,0.6223328064836281,0.042160548986919476,True,compression90_expansion10_2.5x
ctrl_000026,HON,2026-08-14 18:03:00+00:00,1,15m,15,14,0.15837007233660258,0.15837007233660258,0.20117279458973544,0.05136326670376431,False,compression90_expansion10_2.5x
ctrl_000026,HON,2026-08-14 18:03:00+00:00,1,30m,30,29,0.18405170568848472,0.18405170568848472,0.2439755168428683,0.05136326670376431,False,compression90_expansion10_2.5x
ctrl_000026,HON,2026-08-14 18:03:00+00:00,1,60m,60,55,0.3081796002225737,0.3081796002225737,0.33386123357445585,0.05136326670376431,False,compression90_expansion10_2.5x
ctrl_000026,HON,2026-08-14 18:03:00+00:00,1,120m,120,110,0.15408980011129292,0.15408980011129292,0.33386123357445585,0.16693061678722182,True,compression90_expansion10_2.5x
ctrl_000027,HON,2026-06-17 19:41:00+00:00,-1,15m,15,15,0.5063235648685975,-0.5063235648685975,0.08548319926353883,0.5852311334195381,False,compression90_expansion10_2.5x
ctrl_000027,HON,2026-06-17 19:41:00+00:00,-1,30m,30,19,0.24768209017381485,-0.24768209017381485,0.08548319926353883,0.5852311334195381,True,compression90_expansion10_2.5x
ctrl_000027,HON,2026-06-17 19:41:00+00:00,-1,60m,60,19,0.24768209017381485,-0.24768209017381485,0.08548319926353883,0.5852311334195381,True,compression90_expansion10_2.5x
ctrl_000027,HON,2026-06-17 19:41:00+00:00,-1,120m,120,19,0.24768209017381485,-0.24768209017381485,0.08548319926353883,0.5852311334195381,True,compression90_expansion10_2.5x
ctrl_000028,HON,2026-06-29 19:45:00+00:00,-1,15m,15,15,-0.6305775566756096,0.6305775566756096,0.8705897754794809,0.1025506753071001,False,compression90_expansion10_2.5x
ctrl_000028,HON,2026-06-29 19:45:00+00:00,-1,30m,30,15,-0.6305775566756096,0.6305775566756096,0.8705897754794809,0.1025506753071001,True,compression90_expansion10_2.5x
ctrl_000028,HON,2026-06-29 19:45:00+00:00,-1,60m,60,15,-0.6305775566756096,0.6305775566756096,0.8705897754794809,0.1025506753071001,True,compression90_expansion10_2.5x
ctrl_000028,HON,2026-06-29 19:45:00+00:00,-1,120m,120,15,-0.6305775566756096,0.6305775566756096,0.8705897754794809,0.1025506753071001,True,compression90_expansion10_2.5x
ctrl_000029,INTU,2026-08-14 18:15:00+00:00,1,15m,15,15,-0.1066436085891352,-0.1066436085891352,0.13834846519671948,0.14123072488831506,False,compression90_expansion10_2.5x
ctrl_000029,INTU,2026-08-14 18:15:00+00:00,1,30m,30,30,-0.025940337224376706,-0.025940337224376706,0.13834846519671948,0.14411298457991065,False,compression90_expansion10_2.5x
ctrl_000029,INTU,2026-08-14 18:15:00+00:00,1,60m,60,60,-0.19311139933708485,-0.19311139933708485,0.13834846519671948,0.2997550079262037,False,compression90_expansion10_2.5x
ctrl_000029,INTU,2026-08-14 18:15:00+00:00,1,120m,120,105,-0.3429889033001867,-0.3429889033001867,0.13834846519671948,0.5764519383196426,True,compression90_expansion10_2.5x
ctrl_000030,ISRG,2026-06-17 19:03:00+00:00,-1,15m,15,15,-0.05464616607465919,0.05464616607465919,0.29923743759159505,0.09935666559031125,False,compression90_expansion10_2.5x
ctrl_000030,ISRG,2026-06-17 19:03:00+00:00,-1,30m,30,30,-0.4030154748006663,0.4030154748006663,0.618495243299623,0.09935666559031125,False,compression90_expansion10_2.5x
ctrl_000030,ISRG,2026-06-17 19:03:00+00:00,-1,60m,60,57,-0.10184058223005246,0.10184058223005246,0.618495243299623,0.09935666559031125,True,compression90_expansion10_2.5x
ctrl_000030,ISRG,2026-06-17 19:03:00+00:00,-1,120m,120,57,-0.10184058223005246,0.10184058223005246,0.618495243299623,0.09935666559031125,True,compression90_expansion10_2.5x
ctrl_000031,ISRG,2026-06-11 16:24:00+00:00,1,15m,15,15,0.05739897170351765,0.05739897170351765,0.14044429246607687,0.16242687737381883,False,compression90_expansion10_2.5x
ctrl_000031,ISRG,2026-06-11 16:24:00+00:00,1,30m,30,30,-0.17463942454478507,-0.17463942454478507,0.14044429246607687,0.17463942454478507,False,compression90_expansion10_2.5x
ctrl_000031,ISRG,2026-06-11 16:24:00+00:00,1,60m,60,60,-0.07205402830868822,-0.07205402830868822,0.14044429246607687,0.37490077305423425,False,compression90_expansion10_2.5x
ctrl_000031,ISRG,2026-06-11 16:24:00+00:00,1,120m,120,120,1.156528217090228,1.156528217090228,1.6547757165712058,0.37490077305423425,False,compression90_expansion10_2.5x
ctrl_000032,MDLZ,2026-06-11 16:25:00+00:00,1,15m,15,15,-0.10205683780812957,-0.10205683780812957,0.06280420788192675,0.17271157167530135,False,compression90_expansion10_2.5x
ctrl_000032,MDLZ,2026-06-11 16:25:00+00:00,1,30m,30,30,-0.1570105197048113,-0.1570105197048113,0.06280420788192675,0.21981472758674922,False,compression90_expansion10_2.5x
ctrl_000032,MDLZ,2026-06-11 16:25:00+00:00,1,60m,60,60,-0.03925262992620283,-0.03925262992620283,0.07065473386717178,0.282618935468676,False,compression90_expansion10_2.5x
ctrl_000032,MDLZ,2026-06-11 16:25:00+00:00,1,120m,120,120,0.13345894174909853,0.13345894174909853,0.4553305071439773,0.282618935468676,False,compression90_expansion10_2.5x
ctrl_000033,META,2026-05-26 19:37:00+00:00,1,15m,15,15,0.1943117850754056,0.1943117850754056,0.26586578701196467,0.038731065268407916,False,compression90_expansion10_2.5x
ctrl_000033,META,2026-05-26 19:37:00+00:00,1,30m,30,23,0.4939851968555611,0.4939851968555611,0.5120378120230423,0.038731065268407916,True,compression90_expansion10_2.5x
ctrl_000033,META,2026-05-26 19:37:00+00:00,1,60m,60,23,0.4939851968555611,0.4939851968555611,0.5120378120230423,0.038731065268407916,True,compression90_expansion10_2.5x
ctrl_000033,META,2026-05-26 19:37:00+00:00,1,120m,120,23,0.4939851968555611,0.4939851968555611,0.5120378120230423,0.038731065268407916,True,compression90_expansion10_2.5x
ctrl_000034,META,2026-07-09 18:01:00+00:00,-1,15m,15,15,0.5818990176367804,-0.5818990176367804,0.09480377253631594,0.7845829451282414,False,compression90_expansion10_2.5x
ctrl_000034,META,2026-07-09 18:01:00+00:00,-1,30m,30,30,0.6619918599519554,-0.6619918599519554,0.09480377253631594,0.8352539270010975,False,compression90_expansion10_2.5x
ctrl_000034,META,2026-07-09 18:01:00+00:00,-1,60m,60,60,0.8172739011752399,-0.8172739011752399,0.09480377253631594,0.8434266660128609,False,compression90_expansion10_2.5x
ctrl_000034,META,2026-07-09 18:01:00+00:00,-1,120m,120,119,3.190637310188134,-3.190637310188134,0.09480377253631594,3.5110086794488335,True,compression90_expansion10_2.5x
ctrl_000035,META,2026-08-06 18:18:00+00:00,-1,15m,15,15,0.4066973458540613,-0.4066973458540613,0.0331131450695268,0.4211312808843788,False,compression90_expansion10_2.5x
ctrl_000035,META,2026-08-06 18:18:00+00:00,-1,30m,30,30,0.11886770024962989,-0.11886770024962989,0.0331131450695268,0.4432067109307364,False,compression90_expansion10_2.5x
ctrl_000035,META,2026-08-06 18:18:00+00:00,-1,60m,60,60,0.19528265041008971,-0.19528265041008971,0.0331131450695268,0.4432067109307364,False,compression90_expansion10_2.5x
ctrl_000035,META,2026-08-06 18:18:00+00:00,-1,120m,120,102,0.16471667034590964,-0.16471667034590964,0.26999949056700434,0.4432067109307364,True,compression90_expansion10_2.5x
ctrl_000036,META,2026-07-20 19:43:00+00:00,-1,15m,15,15,-0.7724173974529406,0.7724173974529406,0.7724173974529406,0.02075151217039368,False,compression90_expansion10_2.5x
ctrl_000036,META,2026-07-20 19:43:00+00:00,-1,30m,30,17,-0.7216914788142335,0.7216914788142335,0.813920421793693,0.02075151217039368,True,compression90_expansion10_2.5x
ctrl_000036,META,2026-07-20 19:43:00+00:00,-1,60m,60,17,-0.7216914788142335,0.7216914788142335,0.813920421793693,0.02075151217039368,True,compression90_expansion10_2.5x
ctrl_000036,META,2026-07-20 19:43:00+00:00,-1,120m,120,17,-0.7216914788142335,0.7216914788142335,0.813920421793693,0.02075151217039368,True,compression90_expansion10_2.5x
ctrl_000037,MSFT,2026-08-12 19:32:00+00:00,1,15m,15,15,-0.08887284465140638,-0.08887284465140638,0.04467924430562161,0.20014601695059453,False,compression90_expansion10_2.5x
ctrl_000037,MSFT,2026-08-12 19:32:00+00:00,1,30m,30,28,-0.3559770225654509,-0.3559770225654509,0.04467924430562161,0.43691768253941105,True,compression90_expansion10_2.5x
ctrl_000037,MSFT,2026-08-12 19:32:00+00:00,1,60m,60,28,-0.3559770225654509,-0.3559770225654509,0.04467924430562161,0.43691768253941105,True,compression90_expansion10_2.5x
ctrl_000037,MSFT,2026-08-12 19:32:00+00:00,1,120m,120,28,-0.3559770225654509,-0.3559770225654509,0.04467924430562161,0.43691768253941105,True,compression90_expansion10_2.5x
ctrl_000038,MSFT,2026-06-17 19:23:00+00:00,-1,15m,15,15,-0.3256943210753715,0.3256943210753715,0.3678042939012862,0.4433127389247585,False,compression90_expansion10_2.5x
ctrl_000038,MSFT,2026-06-17 19:23:00+00:00,-1,30m,30,30,-0.40201864682233546,0.40201864682233546,0.6809972167939776,0.4433127389247585,False,compression90_expansion10_2.5x
ctrl_000038,MSFT,2026-06-17 19:23:00+00:00,-1,60m,60,37,-0.2914536494213127,0.2914536494213127,0.6941565833020769,0.4433127389247585,True,compression90_expansion10_2.5x
ctrl_000038,MSFT,2026-06-17 19:23:00+00:00,-1,120m,120,37,-0.2914536494213127,0.2914536494213127,0.6941565833020769,0.4433127389247585,True,compression90_expansion10_2.5x
ctrl_000039,MSFT,2026-08-03 19:36:00+00:00,1,15m,15,15,-0.20446970781278756,-0.20446970781278756,0.1349500071564449,0.2412742552190907,False,compression90_expansion10_2.5x
ctrl_000039,MSFT,2026-08-03 19:36:00+00:00,1,30m,30,24,-0.2883227349868117,-0.2883227349868117,0.1349500071564449,0.4232522951724689,True,compression90_expansion10_2.5x
ctrl_000039,MSFT,2026-08-03 19:36:00+00:00,1,60m,60,24,-0.2883227349868117,-0.2883227349868117,0.1349500071564449,0.4232522951724689,True,compression90_expansion10_2.5x
ctrl_000039,MSFT,2026-08-03 19:36:00+00:00,1,120m,120,24,-0.2883227349868117,-0.2883227349868117,0.1349500071564449,0.4232522951724689,True,compression90_expansion10_2.5x
ctrl_000040,NFLX,2026-06-11 16:02:00+00:00,1,15m,15,15,0.04330075467029146,0.04330075467029146,0.11753061981937259,0.09278733143635141,False,compression90_expansion10_2.5x
ctrl_000040,NFLX,2026-06-11 16:02:00+00:00,1,30m,30,30,-0.024743288383021183,-0.024743288383021183,0.11753061981937259,0.14845973029816226,False,compression90_expansion10_2.5x
ctrl_000040,NFLX,2026-06-11 16:02:00+00:00,1,60m,60,60,0.17938884077693434,0.17938884077693434,0.2969194605963069,0.14845973029816226,False,compression90_expansion10_2.5x
ctrl_000040,NFLX,2026-06-11 16:02:00+00:00,1,120m,120,120,0.711369541012004,0.711369541012004,0.9093158480762087,0.14845973029816226,False,compression90_expansion10_2.5x
ctrl_000041,NVDA,2026-06-16 19:41:00+00:00,-1,15m,15,15,-0.024003840614503776,0.024003840614503776,0.09601536245800146,0.336053768602971,False,compression90_expansion10_2.5x
ctrl_000041,NVDA,2026-06-16 19:41:00+00:00,-1,30m,30,19,-0.4272683629380772,0.4272683629380772,0.48487758041287526,0.336053768602971,True,compression90_expansion10_2.5x
ctrl_000041,NVDA,2026-06-16 19:41:00+00:00,-1,60m,60,19,-0.4272683629380772,0.4272683629380772,0.48487758041287526,0.336053768602971,True,compression90_expansion10_2.5x
ctrl_000041,NVDA,2026-06-16 19:41:00+00:00,-1,120m,120,19,-0.4272683629380772,0.4272683629380772,0.48487758041287526,0.336053768602971,True,compression90_expansion10_2.5x
ctrl_000042,PEP,2026-07-29 19:20:00+00:00,-1,15m,15,15,-0.18844221105528353,0.18844221105528353,0.35594639865996014,0.08375209380234824,False,compression90_expansion10_2.5x
ctrl_000042,PEP,2026-07-29 19:20:00+00:00,-1,30m,30,30,0.04187604690117412,-0.04187604690117412,0.35594639865996014,0.08375209380234824,False,compression90_expansion10_2.5x
ctrl_000042,PEP,2026-07-29 19:20:00+00:00,-1,60m,60,40,0.1675041876046965,-0.1675041876046965,0.35594639865996014,0.2861529871580099,True,compression90_expansion10_2.5x
ctrl_000042,PEP,2026-07-29 19:20:00+00:00,-1,120m,120,40,0.1675041876046965,-0.1675041876046965,0.35594639865996014,0.2861529871580099,True,compression90_expansion10_2.5x
ctrl_000043,PEP,2026-05-20 16:53:00+00:00,-1,15m,15,15,-0.10664889185135584,0.10664889185135584,0.16997167138809893,0.04332611231461271,False,compression90_expansion10_2.5x
ctrl_000043,PEP,2026-05-20 16:53:00+00:00,-1,30m,30,30,-0.08998500249959628,0.08998500249959628,0.16997167138809893,0.04332611231461271,False,compression90_expansion10_2.5x
ctrl_000043,PEP,2026-05-20 16:53:00+00:00,-1,60m,60,60,-0.5599066822196322,0.5599066822196322,0.6832194634227666,0.04332611231461271,False,compression90_expansion10_2.5x
ctrl_000043,PEP,2026-05-20 16:53:00+00:00,-1,120m,120,120,-0.3599400099983283,0.3599400099983283,0.8498583569405136,0.04332611231461271,False,compression90_expansion10_2.5x
ctrl_000044,PEP,2026-06-11 16:29:00+00:00,1,15m,15,15,-0.03454708768049675,-0.03454708768049675,0.0,0.11055068057762496,False,compression90_expansion10_2.5x
ctrl_000044,PEP,2026-06-11 16:29:00+00:00,1,30m,30,30,0.04836592275272687,0.04836592275272687,0.08982242796933869,0.11055068057762496,False,compression90_expansion10_2.5x
ctrl_000044,PEP,2026-06-11 16:29:00+00:00,1,60m,60,60,-0.03800179644854446,-0.03800179644854446,0.16582602086644727,0.17273543840254268,False,compression90_expansion10_2.5x
ctrl_000044,PEP,2026-06-11 16:29:00+00:00,1,120m,120,120,0.041456505216611816,0.041456505216611816,0.4629309749188254,0.17273543840254268,False,compression90_expansion10_2.5x
ctrl_000045,PYPL,2026-06-17 19:24:00+00:00,-1,15m,15,15,-0.6469066102093592,0.6469066102093592,0.6586685485768081,0.07057163020466041,False,compression90_expansion10_2.5x
ctrl_000045,PYPL,2026-06-17 19:24:00+00:00,-1,30m,30,30,-0.6704304869442403,0.6704304869442403,0.776287932251231,0.07057163020466041,False,compression90_expansion10_2.5x
ctrl_000045,PYPL,2026-06-17 19:24:00+00:00,-1,60m,60,36,-0.9880028228651956,0.9880028228651956,1.082098329804754,0.07057163020466041,True,compression90_expansion10_2.5x
ctrl_000045,PYPL,2026-06-17 19:24:00+00:00,-1,120m,120,36,-0.9880028228651956,0.9880028228651956,1.082098329804754,0.07057163020466041,True,compression90_expansion10_2.5x
ctrl_000046,PYPL,2026-05-19 18:18:00+00:00,1,15m,15,15,0.17039645575372678,0.17039645575372678,0.19311598318755163,0.03407929115074536,False,compression90_expansion10_2.5x
ctrl_000046,PYPL,2026-05-19 18:18:00+00:00,1,30m,30,30,0.19334317846188132,0.19334317846188132,0.3294331477905169,0.03407929115074536,False,compression90_expansion10_2.5x
ctrl_000046,PYPL,2026-05-19 18:18:00+00:00,1,60m,60,60,0.022719527433824858,0.022719527433824858,0.3294331477905169,0.2385550380552175,False,compression90_expansion10_2.5x
ctrl_000046,PYPL,2026-05-19 18:18:00+00:00,1,120m,120,102,-0.3975917300920076,-0.3975917300920076,0.3294331477905169,0.46575031239349834,True,compression90_expansion10_2.5x
ctrl_000047,PYPL,2026-08-13 19:29:00+00:00,1,15m,15,15,0.2311375268284639,0.2311375268284639,0.2971768202080233,0.0495294700346725,False,compression90_expansion10_2.5x
ctrl_000047,PYPL,2026-08-13 19:29:00+00:00,1,30m,30,30,0.02476473501733625,0.02476473501733625,0.3136866435529102,0.14858841010401752,False,compression90_expansion10_2.5x
ctrl_000047,PYPL,2026-08-13 19:29:00+00:00,1,60m,60,31,0.03301964668978558,0.03301964668978558,0.3136866435529102,0.14858841010401752,True,compression90_expansion10_2.5x
ctrl_000047,PYPL,2026-08-13 19:29:00+00:00,1,120m,120,31,0.03301964668978558,0.03301964668978558,0.3136866435529102,0.14858841010401752,True,compression90_expansion10_2.5x
ctrl_000048,PYPL,2026-05-21 16:09:00+00:00,1,15m,15,15,-0.1019252548131409,-0.1019252548131409,0.1019252548131409,0.11325028312570139,False,compression90_expansion10_2.5x
ctrl_000048,PYPL,2026-05-21 16:09:00+00:00,1,30m,30,30,-0.21517553793884225,-0.21517553793884225,0.1019252548131409,0.29445073612683004,False,compression90_expansion10_2.5x
ctrl_000048,PYPL,2026-05-21 16:09:00+00:00,1,60m,60,60,-0.21517553793884225,-0.21517553793884225,0.1019252548131409,0.29445073612683004,False,compression90_expansion10_2.5x
ctrl_000048,PYPL,2026-05-21 16:09:00+00:00,1,120m,120,120,0.8722536806342046,0.8722536806342046,1.0192525481313768,0.29445073612683004,False,compression90_expansion10_2.5x
ctrl_000049,PYPL,2026-08-11 16:09:00+00:00,1,15m,15,15,-0.30462007107802813,-0.30462007107802813,0.0,0.30462007107802813,False,compression90_expansion10_2.5x
ctrl_000049,PYPL,2026-08-11 16:09:00+00:00,1,30m,30,30,-0.2875275004230927,-0.2875275004230927,0.0,0.3300050770011851,False,compression90_expansion10_2.5x
ctrl_000049,PYPL,2026-08-11 16:09:00+00:00,1,60m,60,60,-0.30462007107802813,-0.30462007107802813,0.0,0.38923675748858344,False,compression90_expansion10_2.5x
ctrl_000049,PYPL,2026-08-11 16:09:00+00:00,1,120m,120,120,-0.24538839059062975,-0.24538839059062975,0.2538500592316781,0.4061600947706921,False,compression90_expansion10_2.5x
ctrl_000050,PYPL,2026-08-06 17:12:00+00:00,-1,15m,15,15,-0.03414717432133025,0.03414717432133025,0.07683114222298396,0.04268396790165371,False,compression90_expansion10_2.5x
ctrl_000050,PYPL,2026-08-06 17:12:00+00:00,-1,30m,30,30,0.46098685333789163,-0.46098685333789163,0.08536793580330743,0.4780604404985507,False,compression90_expansion10_2.5x
ctrl_000050,PYPL,2026-08-06 17:12:00+00:00,-1,60m,60,60,0.921973706675771,-0.921973706675771,0.08536793580330743,1.1866143076660411,False,compression90_expansion10_2.5x
ctrl_000050,PYPL,2026-08-06 17:12:00+00:00,-1,120m,120,120,1.2036878948267002,-1.2036878948267002,0.08536793580330743,1.4939388765579649,False,compression90_expansion10_2.5x
ctrl_000051,PYPL,2026-06-01 16:10:00+00:00,-1,15m,15,15,-0.33820567705503835,0.33820567705503835,0.4366126192174991,0.06524096608996667,False,compression90_expansion10_2.5x
ctrl_000051,PYPL,2026-06-01 16:10:00+00:00,-1,30m,30,30,-0.2729647109650717,0.2729647109650717,0.4693422008679876,0.06524096608996667,False,compression90_expansion10_2.5x
ctrl_000051,PYPL,2026-06-01 16:10:00+00:00,-1,60m,60,60,0.23958053768156712,-0.23958053768156712,0.4693422008679876,0.3379874798440278,False,compression90_expansion10_2.5x
ctrl_000051,PYPL,2026-06-01 16:10:00+00:00,-1,120m,120,120,-0.742088714622049,0.742088714622049,1.4839592320331028,0.3379874798440278,False,compression90_expansion10_2.5x
ctrl_000052,REGN,2026-08-07 18:37:00+00:00,1,15m,15,13,0.02110824692812032,0.02110824692812032,0.08507263155875798,0.09274835771441298,False,compression90_expansion10_2.5x
ctrl_000052,REGN,2026-08-07 18:37:00+00:00,1,30m,30,26,-0.0914690700218014,-0.0914690700218014,0.08507263155875798,0.10554123464054342,False,compression90_expansion10_2.5x
ctrl_000052,REGN,2026-08-07 18:37:00+00:00,1,60m,60,54,0.39721882855626217,0.39721882855626217,0.43687674702726514,0.11961339925928545,False,compression90_expansion10_2.5x
ctrl_000052,REGN,2026-08-07 18:37:00+00:00,1,120m,120,77,0.34220945777392026,0.34220945777392026,0.5507333516697984,0.11961339925928545,True,compression90_expansion10_2.5x
ctrl_000053,REGN,2026-06-25 19:44:00+00:00,-1,15m,15,15,-0.2758920240661549,0.2758920240661549,0.29921817187349403,0.07078279334640791,False,compression90_expansion10_2.5x
ctrl_000053,REGN,2026-06-25 19:44:00+00:00,-1,30m,30,16,-0.27669637399054525,0.27669637399054525,0.30887037096617853,0.07078279334640791,True,compression90_expansion10_2.5x
ctrl_000053,REGN,2026-06-25 19:44:00+00:00,-1,60m,60,16,-0.27669637399054525,0.27669637399054525,0.30887037096617853,0.07078279334640791,True,compression90_expansion10_2.5x
ctrl_000053,REGN,2026-06-25 19:44:00+00:00,-1,120m,120,16,-0.27669637399054525,0.27669637399054525,0.30887037096617853,0.07078279334640791,True,compression90_expansion10_2.5x
ctrl_000054,REGN,2026-07-02 18:17:00+00:00,1,15m,15,14,0.1305209183078768,0.1305209183078768,0.1305209183078768,0.05826826710173639,False,compression90_expansion10_2.5x
ctrl_000054,REGN,2026-07-02 18:17:00+00:00,1,30m,30,29,0.19345064677776552,0.19345064677776552,0.23773452977508022,0.05826826710173639,False,compression90_expansion10_2.5x
ctrl_000054,REGN,2026-07-02 18:17:00+00:00,1,60m,60,59,0.3115410014372832,0.3115410014372832,0.3566017946626204,0.05826826710173639,False,compression90_expansion10_2.5x
ctrl_000054,REGN,2026-07-02 18:17:00+00:00,1,120m,120,101,1.6571495163733772,1.6571495163733772,1.7651400380685855,0.05826826710173639,True,compression90_expansion10_2.5x
ctrl_000055,REGN,2026-08-14 19:24:00+00:00,1,15m,15,15,-0.06889018532079863,-0.06889018532079863,0.0844059928254844,0.10054243263035706,False,compression90_expansion10_2.5x
ctrl_000055,REGN,2026-08-14 19:24:00+00:00,1,30m,30,29,-0.2960416071894035,-0.2960416071894035,0.0844059928254844,0.351277881906091,False,compression90_expansion10_2.5x
ctrl_000055,REGN,2026-08-14 19:24:00+00:00,1,60m,60,35,-0.25073544927571983,-0.25073544927571983,0.0844059928254844,0.42327122872782397,True,compression90_expansion10_2.5x
ctrl_000055,REGN,2026-08-14 19:24:00+00:00,1,120m,120,35,-0.25073544927571983,-0.25073544927571983,0.0844059928254844,0.42327122872782397,True,compression90_expansion10_2.5x
ctrl_000056,REGN,2026-07-21 19:45:00+00:00,-1,15m,15,15,0.08003319895659883,-0.08003319895659883,0.08670263220299329,0.3660777804126196,False,compression90_expansion10_2.5x
ctrl_000056,REGN,2026-07-21 19:45:00+00:00,-1,30m,30,15,0.08003319895659883,-0.08003319895659883,0.08670263220299329,0.3660777804126196,True,compression90_expansion10_2.5x
ctrl_000056,REGN,2026-07-21 19:45:00+00:00,-1,60m,60,15,0.08003319895659883,-0.08003319895659883,0.08670263220299329,0.3660777804126196,True,compression90_expansion10_2.5x
ctrl_000056,REGN,2026-07-21 19:45:00+00:00,-1,120m,120,15,0.08003319895659883,-0.08003319895659883,0.08670263220299329,0.3660777804126196,True,compression90_expansion10_2.5x
ctrl_000057,REGN,2026-08-11 19:36:00+00:00,1,15m,15,15,-0.4093371099185143,-0.4093371099185143,0.20249453388988214,0.4410157026436181,False,compression90_expansion10_2.5x
ctrl_000057,REGN,2026-08-11 19:36:00+00:00,1,30m,30,24,-0.9888690121248305,-0.9888690121248305,0.20249453388988214,1.031107135758307,True,compression90_expansion10_2.5x
ctrl_000057,REGN,2026-08-11 19:36:00+00:00,1,60m,60,24,-0.9888690121248305,-0.9888690121248305,0.20249453388988214,1.031107135758307,True,compression90_expansion10_2.5x
ctrl_000057,REGN,2026-08-11 19:36:00+00:00,1,120m,120,24,-0.9888690121248305,-0.9888690121248305,0.20249453388988214,1.031107135758307,True,compression90_expansion10_2.5x
ctrl_000058,REGN,2026-08-13 18:02:00+00:00,-1,15m,15,14,-0.06124418489557613,0.06124418489557613,0.11877660100960562,0.2703404929228874,False,compression90_expansion10_2.5x
ctrl_000058,REGN,2026-08-13 18:02:00+00:00,-1,30m,30,29,-0.15465703256458477,0.15465703256458477,0.1930119766406091,0.2703404929228874,False,compression90_expansion10_2.5x
ctrl_000058,REGN,2026-08-13 18:02:00+00:00,-1,60m,60,59,-0.3204493714738236,0.3204493714738236,0.3229238839948547,0.2703404929228874,False,compression90_expansion10_2.5x
ctrl_000058,REGN,2026-08-13 18:02:00+00:00,-1,120m,120,115,-0.2808571711372837,0.2808571711372837,0.44541225378600696,0.2703404929228874,True,compression90_expansion10_2.5x
ctrl_000059,REGN,2026-07-07 19:29:00+00:00,-1,15m,15,15,0.12382661308260386,-0.12382661308260386,0.0874942535553856,0.24617027271513475,False,compression90_expansion10_2.5x
ctrl_000059,REGN,2026-07-07 19:29:00+00:00,-1,30m,30,30,0.36480654872242413,-0.36480654872242413,0.0874942535553856,0.5323802885827292,False,compression90_expansion10_2.5x
ctrl_000059,REGN,2026-07-07 19:29:00+00:00,-1,60m,60,31,0.2802782020672351,-0.2802782020672351,0.0874942535553856,0.5323802885827292,True,compression90_expansion10_2.5x
ctrl_000059,REGN,2026-07-07 19:29:00+00:00,-1,120m,120,31,0.2802782020672351,-0.2802782020672351,0.0874942535553856,0.5323802885827292,True,compression90_expansion10_2.5x
ctrl_000060,REGN,2026-07-23 19:13:00+00:00,-1,15m,15,15,-0.06149423458889347,0.06149423458889347,0.11067732648704728,0.06837986745465283,False,compression90_expansion10_2.5x
ctrl_000060,REGN,2026-07-23 19:13:00+00:00,-1,30m,30,30,-0.10299246837795148,0.10299246837795148,0.16831376230518727,0.06837986745465283,False,compression90_expansion10_2.5x
ctrl_000060,REGN,2026-07-23 19:13:00+00:00,-1,60m,60,47,0.22284551544726727,-0.22284551544726727,0.18214650690152828,0.2812504370763151,True,compression90_expansion10_2.5x
ctrl_000060,REGN,2026-07-23 19:13:00+00:00,-1,120m,120,47,0.22284551544726727,-0.22284551544726727,0.18214650690152828,0.2812504370763151,True,compression90_expansion10_2.5x
ctrl_000061,REGN,2026-06-11 16:12:00+00:00,1,15m,15,15,-0.0676038900744398,-0.0676038900744398,0.1286917425513486,0.0676038900744398,False,compression90_expansion10_2.5x
ctrl_000061,REGN,2026-06-11 16:12:00+00:00,1,30m,30,30,0.058644338377834664,0.058644338377834664,0.1286917425513486,0.18178115887728843,False,compression90_expansion10_2.5x
ctrl_000061,REGN,2026-06-11 16:12:00+00:00,1,60m,60,60,-0.06027334777721742,-0.06027334777721742,0.14172381774642914,0.18178115887728843,False,compression90_expansion10_2.5x
ctrl_000061,REGN,2026-06-11 16:12:00+00:00,1,120m,120,120,0.2655285320996295,0.2655285320996295,0.6890709759395341,0.18178115887728843,False,compression90_expansion10_2.5x
ctrl_000062,REGN,2026-07-23 15:07:00+00:00,-1,15m,15,14,-0.02601337393459306,0.02601337393459306,0.08922587259566724,0.20810699147679662,False,compression90_expansion10_2.5x
ctrl_000062,REGN,2026-07-23 15:07:00+00:00,-1,30m,30,29,-0.2846169148138534,0.2846169148138534,0.2846169148138534,0.2586035408792604,False,compression90_expansion10_2.5x
ctrl_000062,REGN,2026-07-23 15:07:00+00:00,-1,60m,60,59,-0.20887209071016652,0.20887209071016652,0.504965494024568,0.2586035408792604,False,compression90_expansion10_2.5x
ctrl_000062,REGN,2026-07-23 15:07:00+00:00,-1,120m,120,117,-0.25401294547902376,0.25401294547902376,0.504965494024568,0.2586035408792604,False,compression90_expansion10_2.5x
ctrl_000063,SBUX,2026-07-22 18:01:00+00:00,-1,15m,15,15,-0.03626769009353808,0.03626769009353808,0.052770448548805575,0.0911489565843117,False,compression90_expansion10_2.5x
ctrl_000063,SBUX,2026-07-22 18:01:00+00:00,-1,30m,30,30,-0.04317582153992564,0.04317582153992564,0.14871671863756405,0.0911489565843117,False,compression90_expansion10_2.5x
ctrl_000063,SBUX,2026-07-22 18:01:00+00:00,-1,60m,60,60,-0.7627728472055529,0.7627728472055529,0.8635164307987445,0.0911489565843117,False,compression90_expansion10_2.5x
ctrl_000063,SBUX,2026-07-22 18:01:00+00:00,-1,120m,120,119,-0.2254737347085627,0.2254737347085627,1.2616934516670644,0.0911489565843117,True,compression90_expansion10_2.5x
ctrl_000064,SBUX,2026-06-16 19:36:00+00:00,-1,15m,15,15,0.7086907870197745,-0.7086907870197745,0.04724605246798402,0.7186373243814606,False,compression90_expansion10_2.5x
ctrl_000064,SBUX,2026-06-16 19:36:00+00:00,-1,30m,30,24,1.1562849682954206,-1.1562849682954206,0.04724605246798402,1.2209374611463448,True,compression90_expansion10_2.5x
ctrl_000064,SBUX,2026-06-16 19:36:00+00:00,-1,60m,60,24,1.1562849682954206,-1.1562849682954206,0.04724605246798402,1.2209374611463448,True,compression90_expansion10_2.5x
ctrl_000064,SBUX,2026-06-16 19:36:00+00:00,-1,120m,120,24,1.1562849682954206,-1.1562849682954206,0.04724605246798402,1.2209374611463448,True,compression90_expansion10_2.5x
ctrl_000065,SBUX,2026-05-20 18:03:00+00:00,1,15m,15,15,-0.05622979241835179,-0.05622979241835179,0.07028724052293973,0.12651703294129152,False,compression90_expansion10_2.5x
ctrl_000065,SBUX,2026-05-20 18:03:00+00:00,1,30m,30,30,-0.03748652827889231,-0.03748652827889231,0.07028724052293973,0.19211845742935973,False,compression90_expansion10_2.5x
ctrl_000065,SBUX,2026-05-20 18:03:00+00:00,1,60m,60,60,-0.08434468862752768,-0.08434468862752768,0.07028724052293973,0.2952064101963336,False,compression90_expansion10_2.5x
ctrl_000065,SBUX,2026-05-20 18:03:00+00:00,1,120m,120,117,-0.19211845742935973,-0.19211845742935973,0.07028724052293973,0.2952064101963336,True,compression90_expansion10_2.5x
ctrl_000066,SBUX,2026-07-20 19:26:00+00:00,-1,15m,15,15,-0.04308281474389823,0.04308281474389823,0.162757300143611,0.11488750598371501,False,compression90_expansion10_2.5x
ctrl_000066,SBUX,2026-07-20 19:26:00+00:00,-1,30m,30,30,0.39253231211105466,-0.39253231211105466,0.162757300143611,0.6941120153183287,False,compression90_expansion10_2.5x
ctrl_000066,SBUX,2026-07-20 19:26:00+00:00,-1,60m,60,34,0.3638104356151225,-0.3638104356151225,0.162757300143611,0.6941120153183287,True,compression90_expansion10_2.5x
ctrl_000066,SBUX,2026-07-20 19:26:00+00:00,-1,120m,120,34,0.3638104356151225,-0.3638104356151225,0.162757300143611,0.6941120153183287,True,compression90_expansion10_2.5x
ctrl_000067,TXN,2026-06-16 19:35:00+00:00,-1,15m,15,15,0.18850141376059804,-0.18850141376059804,0.2795020962657264,0.39650297377231214,False,compression90_expansion10_2.5x
ctrl_000067,TXN,2026-06-16 19:35:00+00:00,-1,30m,30,25,-0.6435048262862031,0.6435048262862031,0.7150053625402154,0.4257531931489493,True,compression90_expansion10_2.5x
ctrl_000067,TXN,2026-06-16 19:35:00+00:00,-1,60m,60,25,-0.6435048262862031,0.6435048262862031,0.7150053625402154,0.4257531931489493,True,compression90_expansion10_2.5x
ctrl_000067,TXN,2026-06-16 19:35:00+00:00,-1,120m,120,25,-0.6435048262862031,0.6435048262862031,0.7150053625402154,0.4257531931489493,True,compression90_expansion10_2.5x
ctrl_000068,VRTX,2026-05-15 18:22:00+00:00,1,15m,15,15,-0.08218990434008668,-0.08218990434008668,0.23401292207941238,0.10177849820779501,False,compression90_expansion10_2.5x
ctrl_000068,VRTX,2026-05-15 18:22:00+00:00,1,30m,30,30,-0.20307755530695604,-0.20307755530695604,0.23401292207941238,0.20307755530695604,False,compression90_expansion10_2.5x
ctrl_000068,VRTX,2026-05-15 18:22:00+00:00,1,60m,60,58,-0.3481655669961821,-0.3481655669961821,0.23401292207941238,0.4337800506837692,False,compression90_expansion10_2.5x
ctrl_000068,VRTX,2026-05-15 18:22:00+00:00,1,120m,120,96,-0.29223077098695754,-0.29223077098695754,0.23401292207941238,0.4908563731421605,True,compression90_expansion10_2.5x
ctrl_000069,VRTX,2026-07-31 18:35:00+00:00,1,15m,15,15,0.02515512326010493,0.02515512326010493,0.12787187657218615,0.041925205433516154,False,compression90_expansion10_2.5x
ctrl_000069,VRTX,2026-07-31 18:35:00+00:00,1,30m,30,29,0.014673821901725888,0.014673821901725888,0.12787187657218615,0.041925205433516154,False,compression90_expansion10_2.5x
ctrl_000069,VRTX,2026-07-31 18:35:00+00:00,1,60m,60,59,0.1614120409189967,0.1614120409189967,0.277754485996979,0.07127284923696793,False,compression90_expansion10_2.5x
ctrl_000069,VRTX,2026-07-31 18:35:00+00:00,1,120m,120,84,-0.033540164346810536,-0.033540164346810536,0.6246855609592405,0.11319805467047217,True,compression90_expansion10_2.5x
ctrl_000070,VRTX,2026-05-22 18:10:00+00:00,-1,15m,15,15,0.09411008584675391,-0.09411008584675391,0.10326860395721749,0.13886976082265098,False,compression90_expansion10_2.5x
ctrl_000070,VRTX,2026-05-22 18:10:00+00:00,-1,30m,30,30,-0.0677133544507221,0.0677133544507221,0.12624523711151156,0.14231281274387084,False,compression90_expansion10_2.5x
ctrl_000070,VRTX,2026-05-22 18:10:00+00:00,-1,60m,60,60,-0.2915117293302205,0.2915117293302205,0.29839783317266017,0.14231281274387084,False,compression90_expansion10_2.5x
ctrl_000070,VRTX,2026-05-22 18:10:00+00:00,-1,120m,120,110,-0.25937657806547587,0.25937657806547587,0.6197493458201453,0.14231281274387084,True,compression90_expansion10_2.5x
ctrl_000071,VRTX,2026-06-16 19:31:00+00:00,-1,15m,15,15,0.03098476213663023,-0.03098476213663023,0.16598979716046786,0.17594918499009948,False,compression90_expansion10_2.5x
ctrl_000071,VRTX,2026-06-16 19:31:00+00:00,-1,30m,30,29,0.2755430632863777,-0.2755430632863777,0.16598979716046786,0.6008830657209008,True,compression90_expansion10_2.5x
ctrl_000071,VRTX,2026-06-16 19:31:00+00:00,-1,60m,60,29,0.2755430632863777,-0.2755430632863777,0.16598979716046786,0.6008830657209008,True,compression90_expansion10_2.5x
ctrl_000071,VRTX,2026-06-16 19:31:00+00:00,-1,120m,120,29,0.2755430632863777,-0.2755430632863777,0.16598979716046786,0.6008830657209008,True,compression90_expansion10_2.5x
ctrl_000072,VRTX,2026-06-03 19:27:00+00:00,1,15m,15,15,0.02804917956149889,0.02804917956149889,0.27815436398485294,0.011687158150626752,False,compression90_expansion10_2.5x
ctrl_000072,VRTX,2026-06-03 19:27:00+00:00,1,30m,30,30,0.22030293113926314,0.22030293113926314,0.27815436398485294,0.11219671824599556,False,compression90_expansion10_2.5x
ctrl_000072,VRTX,2026-06-03 19:27:00+00:00,1,60m,60,33,0.14024589780749444,0.14024589780749444,0.27815436398485294,0.11219671824599556,True,compression90_expansion10_2.5x
ctrl_000072,VRTX,2026-06-03 19:27:00+00:00,1,120m,120,33,0.14024589780749444,0.14024589780749444,0.27815436398485294,0.11219671824599556,True,compression90_expansion10_2.5x
ctrl_000073,VRTX,2026-07-22 18:09:00+00:00,1,15m,15,15,0.06312865620132876,0.06312865620132876,0.06312865620132876,0.11573586970245599,False,compression90_expansion10_2.5x
ctrl_000073,VRTX,2026-07-22 18:09:00+00:00,1,30m,30,30,0.019990741130417582,0.019990741130417582,0.13257017802280954,0.11573586970245599,False,compression90_expansion10_2.5x
ctrl_000073,VRTX,2026-07-22 18:09:00+00:00,1,60m,60,58,-0.2309456672699013,-0.2309456672699013,0.13257017802280954,0.2672446445856737,False,compression90_expansion10_2.5x
ctrl_000073,VRTX,2026-07-22 18:09:00+00:00,1,120m,120,108,-0.5597407516518718,-0.5597407516518718,0.13257017802280954,0.6628508901140596,True,compression90_expansion10_2.5x
ctrl_000074,VRTX,2026-05-26 19:33:00+00:00,-1,15m,15,15,0.08690978535570013,-0.08690978535570013,0.18411151897721062,0.08690978535570013,False,compression90_expansion10_2.5x
ctrl_000074,VRTX,2026-05-26 19:33:00+00:00,-1,30m,30,27,-0.300753599323018,0.300753599323018,0.5111667638684034,0.1109243313092533,True,compression90_expansion10_2.5x
ctrl_000074,VRTX,2026-05-26 19:33:00+00:00,-1,60m,60,27,-0.300753599323018,0.300753599323018,0.5111667638684034,0.1109243313092533,True,compression90_expansion10_2.5x
ctrl_000074,VRTX,2026-05-26 19:33:00+00:00,-1,120m,120,27,-0.300753599323018,0.300753599323018,0.5111667638684034,0.1109243313092533,True,compression90_expansion10_2.5x
ctrl_000075,VRTX,2026-06-11 16:30:00+00:00,1,15m,15,15,0.08819195120424428,0.08819195120424428,0.14508998423924227,0.0893299118649432,False,compression90_expansion10_2.5x
ctrl_000075,VRTX,2026-06-11 16:30:00+00:00,1,30m,30,30,-0.08364010856144859,-0.08364010856144859,0.18150472538164666,0.10526136111474109,False,compression90_expansion10_2.5x
ctrl_000075,VRTX,2026-06-11 16:30:00+00:00,1,60m,60,60,0.47054673319943224,0.47054673319943224,0.4773744971636388,0.2577480896485393,False,compression90_expansion10_2.5x
ctrl_000075,VRTX,2026-06-11 16:30:00+00:00,1,120m,120,120,0.9666975812646161,0.9666975812646161,1.3581560485454087,0.2577480896485393,False,compression90_expansion10_2.5x
ctrl_000000,AAPL,2026-06-22 18:06:00+00:00,-1,15m,15,15,0.1008265569052726,-0.1008265569052726,0.08265569052637195,0.1171234481143201,False,compression45_expansion20_1.75x
ctrl_000000,AAPL,2026-06-22 18:06:00+00:00,-1,30m,30,30,-0.020078305391025758,0.020078305391025758,0.08265569052637195,0.12381621657798901,False,compression45_expansion20_1.75x
ctrl_000000,AAPL,2026-06-22 18:06:00+00:00,-1,60m,60,60,0.10373791118696324,-0.10373791118696324,0.08265569052637195,0.17066559582370944,False,compression45_expansion20_1.75x
ctrl_000000,AAPL,2026-06-22 18:06:00+00:00,-1,120m,120,114,-0.6826623832948377,0.6826623832948377,0.6927015359903601,0.17066559582370944,True,compression45_expansion20_1.75x
ctrl_000001,AAPL,2026-08-10 19:35:00+00:00,-1,15m,15,15,0.1293504802213999,-0.1293504802213999,0.045580335341034145,0.1513918280970314,False,compression45_expansion20_1.75x
ctrl_000001,AAPL,2026-08-10 19:35:00+00:00,-1,30m,30,25,0.35813120625102485,-0.35813120625102485,0.09116067068206829,0.3613869444896675,True,compression45_expansion20_1.75x
ctrl_000001,AAPL,2026-08-10 19:35:00+00:00,-1,60m,60,25,0.35813120625102485,-0.35813120625102485,0.09116067068206829,0.3613869444896675,True,compression45_expansion20_1.75x
ctrl_000001,AAPL,2026-08-10 19:35:00+00:00,-1,120m,120,25,0.35813120625102485,-0.35813120625102485,0.09116067068206829,0.3613869444896675,True,compression45_expansion20_1.75x
ctrl_000002,AAPL,2026-05-22 18:04:00+00:00,-1,15m,15,15,0.08090876727402181,-0.08090876727402181,0.012945402763850112,0.1407812550567987,False,compression45_expansion20_1.75x
ctrl_000002,AAPL,2026-05-22 18:04:00+00:00,-1,30m,30,30,0.07119971520112962,-0.07119971520112962,0.012945402763850112,0.17476293731187534,False,compression45_expansion20_1.75x
ctrl_000002,AAPL,2026-05-22 18:04:00+00:00,-1,60m,60,60,0.01941810414576597,-0.01941810414576597,0.016181753454808042,0.19094469076668338,False,compression45_expansion20_1.75x
ctrl_000002,AAPL,2026-05-22 18:04:00+00:00,-1,120m,120,116,-0.05825431243729791,0.05825431243729791,0.33334412116897943,0.19094469076668338,True,compression45_expansion20_1.75x
ctrl_000003,AAPL,2026-08-13 18:31:00+00:00,1,15m,15,15,0.039127138477763064,0.039127138477763064,0.1878893760094911,0.07911131621452652,False,compression45_expansion20_1.75x
ctrl_000003,AAPL,2026-08-13 18:31:00+00:00,1,30m,30,30,-0.10086692817351194,-0.10086692817351194,0.1878893760094911,0.10548175495269578,False,compression45_expansion20_1.75x
ctrl_000003,AAPL,2026-08-13 18:31:00+00:00,1,60m,60,60,0.3955565810726138,0.3955565810726138,0.4219270198107831,0.11207436463725215,False,compression45_expansion20_1.75x
ctrl_000003,AAPL,2026-08-13 18:31:00+00:00,1,120m,120,89,0.6394831394007311,0.6394831394007311,0.6526683587698251,0.11207436463725215,True,compression45_expansion20_1.75x
ctrl_000004,AAPL,2026-06-17 19:21:00+00:00,-1,15m,15,15,0.06274469924237798,-0.06274469924237798,0.0610159149844941,0.15084490093388017,False,compression45_expansion20_1.75x
ctrl_000004,AAPL,2026-06-17 19:21:00+00:00,-1,30m,30,30,0.11189640853545392,-0.11189640853545392,0.14406535482449837,0.2491483195200128,False,compression45_expansion20_1.75x
ctrl_000004,AAPL,2026-06-17 19:21:00+00:00,-1,60m,60,39,0.296605142285724,-0.296605142285724,0.14406535482449837,0.41185742614533033,True,compression45_expansion20_1.75x
ctrl_000004,AAPL,2026-06-17 19:21:00+00:00,-1,120m,120,39,0.296605142285724,-0.296605142285724,0.14406535482449837,0.41185742614533033,True,compression45_expansion20_1.75x
ctrl_000005,AAPL,2026-06-05 18:09:00+00:00,1,15m,15,15,-0.004804689376827418,-0.004804689376827418,0.1969922644501062,0.09769535066224853,False,compression45_expansion20_1.75x
ctrl_000005,AAPL,2026-06-05 18:09:00+00:00,1,30m,30,30,-0.3123048094940553,-0.3123048094940553,0.1969922644501062,0.4500392382965688,False,compression45_expansion20_1.75x
ctrl_000005,AAPL,2026-06-05 18:09:00+00:00,1,60m,60,60,-1.0394464997837825,-1.0394464997837825,0.1969922644501062,1.0810551097871524,False,compression45_expansion20_1.75x
ctrl_000005,AAPL,2026-06-05 18:09:00+00:00,1,120m,120,111,-1.539102163711785,-1.539102163711785,0.1969922644501062,1.6159771937410965,True,compression45_expansion20_1.75x
ctrl_000006,AAPL,2026-05-21 16:15:00+00:00,1,15m,15,15,0.0032935906725482197,0.0032935906725482197,0.08233976681378039,0.10539490152163664,False,compression45_expansion20_1.75x
ctrl_000006,AAPL,2026-05-21 16:15:00+00:00,1,30m,30,30,0.03787629273434197,0.03787629273434197,0.08233976681378039,0.1317436269020411,False,compression45_expansion20_1.75x
ctrl_000006,AAPL,2026-05-21 16:15:00+00:00,1,60m,60,60,0.13503721757458934,0.13503721757458934,0.19761544035308043,0.187767604242153,False,compression45_expansion20_1.75x
ctrl_000006,AAPL,2026-05-21 16:15:00+00:00,1,120m,120,120,0.3095975232198135,0.3095975232198135,0.48745141953758586,0.187767604242153,False,compression45_expansion20_1.75x
ctrl_000007,AAPL,2026-08-10 17:35:00+00:00,-1,15m,15,15,-0.07902804957599484,0.07902804957599484,0.19569471624266885,0.08153946510110893,False,compression45_expansion20_1.75x
ctrl_000007,AAPL,2026-08-10 17:35:00+00:00,-1,30m,30,30,0.026092628832349668,-0.026092628832349668,0.19569471624266885,0.1272015655577255,False,compression45_expansion20_1.75x
ctrl_000007,AAPL,2026-08-10 17:35:00+00:00,-1,60m,60,60,0.07501630789300762,-0.07501630789300762,0.19569471624266885,0.1272015655577255,False,compression45_expansion20_1.75x
ctrl_000007,AAPL,2026-08-10 17:35:00+00:00,-1,120m,120,120,0.13372472276580827,-0.13372472276580827,0.19569471624266885,0.3489562948466932,False,compression45_expansion20_1.75x
ctrl_000008,AAPL,2026-06-01 17:36:00+00:00,1,15m,15,15,0.4791551223964179,0.4791551223964179,0.4921933570194566,0.03585514521334256,False,compression45_expansion20_1.75x
ctrl_000008,AAPL,2026-06-01 17:36:00+00:00,1,30m,30,30,0.28358160305094837,0.28358160305094837,0.5247889435770255,0.03585514521334256,False,compression45_expansion20_1.75x
ctrl_000008,AAPL,2026-06-01 17:36:00+00:00,1,60m,60,60,0.34877277616610486,0.34877277616610486,0.5247889435770255,0.03585514521334256,False,compression45_expansion20_1.75x
ctrl_000008,AAPL,2026-06-01 17:36:00+00:00,1,120m,120,120,0.33573454154306615,0.33573454154306615,0.5247889435770255,0.03585514521334256,False,compression45_expansion20_1.75x
ctrl_000009,AAPL,2026-07-08 16:17:00+00:00,1,15m,15,15,0.2671731153028984,0.2671731153028984,0.36374171119551774,0.008852121290166687,False,compression45_expansion20_1.75x
ctrl_000009,AAPL,2026-07-08 16:17:00+00:00,1,30m,30,30,0.5778020987574709,0.5778020987574709,0.5778020987574709,0.008852121290166687,False,compression45_expansion20_1.75x
ctrl_000009,AAPL,2026-07-08 16:17:00+00:00,1,60m,60,60,1.0059228738814137,1.0059228738814137,1.1008819931758058,0.008852121290166687,False,compression45_expansion20_1.75x
ctrl_000009,AAPL,2026-07-08 16:17:00+00:00,1,120m,120,120,1.2038884954612605,1.2038884954612605,1.3390845297109277,0.008852121290166687,False,compression45_expansion20_1.75x
ctrl_000010,ADBE,2026-08-12 19:40:00+00:00,1,15m,15,15,0.16653111808218382,0.16653111808218382,0.19751365167888454,0.2401146353743095,False,compression45_expansion20_1.75x
ctrl_000010,ADBE,2026-08-12 19:40:00+00:00,1,30m,30,20,0.22075055187637704,0.22075055187637704,0.2827156190697565,0.2401146353743095,True,compression45_expansion20_1.75x
ctrl_000010,ADBE,2026-08-12 19:40:00+00:00,1,60m,60,20,0.22075055187637704,0.22075055187637704,0.2827156190697565,0.2401146353743095,True,compression45_expansion20_1.75x
ctrl_000010,ADBE,2026-08-12 19:40:00+00:00,1,120m,120,20,0.22075055187637704,0.22075055187637704,0.2827156190697565,0.2401146353743095,True,compression45_expansion20_1.75x
ctrl_000011,ADBE,2026-05-21 15:35:00+00:00,1,15m,15,15,0.07813785162033136,0.07813785162033136,0.18506333278500456,0.04519657838460698,False,compression45_expansion20_1.75x
ctrl_000011,ADBE,2026-05-21 15:35:00+00:00,1,30m,30,30,0.17272577726600424,0.17272577726600424,0.3639578878104914,0.04519657838460698,False,compression45_expansion20_1.75x
ctrl_000011,ADBE,2026-05-21 15:35:00+00:00,1,60m,60,60,0.22207599934199376,0.22207599934199376,0.3639578878104914,0.04519657838460698,False,compression45_expansion20_1.75x
ctrl_000011,ADBE,2026-05-21 15:35:00+00:00,1,120m,120,120,0.8019411087349962,0.8019411087349962,0.9623293304819887,0.04519657838460698,False,compression45_expansion20_1.75x
ctrl_000012,ADI,2026-07-21 18:10:00+00:00,-1,15m,15,15,-0.027374046796574684,0.027374046796574684,0.11079971322427462,0.024766994720726663,False,compression45_expansion20_1.75x
ctrl_000012,ADI,2026-07-21 18:10:00+00:00,-1,30m,30,30,0.050837515479369925,-0.050837515479369925,0.11079971322427462,0.09776445284494559,False,compression45_expansion20_1.75x
ctrl_000012,ADI,2026-07-21 18:10:00+00:00,-1,60m,60,60,-0.10297855699667127,0.10297855699667127,0.11079971322427462,0.17076191096917934,False,compression45_expansion20_1.75x
ctrl_000012,ADI,2026-07-21 18:10:00+00:00,-1,120m,120,110,-0.21508179625887733,0.21508179625887733,0.460144691390207,0.28807925438311105,True,compression45_expansion20_1.75x
ctrl_000013,ADI,2026-08-14 18:09:00+00:00,1,15m,15,15,0.1383486909081494,0.1383486909081494,0.29888537941476906,0.028713879245074736,False,compression45_expansion20_1.75x
ctrl_000013,ADI,2026-08-14 18:09:00+00:00,1,30m,30,30,0.18468245059908603,0.18468245059908603,0.29888537941476906,0.028713879245074736,False,compression45_expansion20_1.75x
ctrl_000013,ADI,2026-08-14 18:09:00+00:00,1,60m,60,60,0.32237855334256016,0.32237855334256016,0.3445665509410452,0.028713879245074736,False,compression45_expansion20_1.75x
ctrl_000013,ADI,2026-08-14 18:09:00+00:00,1,120m,120,111,1.6445221749458383,1.6445221749458383,1.6601842908977038,0.028713879245074736,True,compression45_expansion20_1.75x
ctrl_000014,ADI,2026-08-04 19:24:00+00:00,-1,15m,15,15,0.09971921169338847,-0.09971921169338847,0.22305613141941533,0.15613929199360413,False,compression45_expansion20_1.75x
ctrl_000014,ADI,2026-08-04 19:24:00+00:00,-1,30m,30,30,0.3096543942057908,-0.3096543942057908,0.22305613141941533,0.3700107591781103,False,compression45_expansion20_1.75x
ctrl_000014,ADI,2026-08-04 19:24:00+00:00,-1,60m,60,36,-0.2519222190148738,0.2519222190148738,0.26504316792190175,0.3700107591781103,True,compression45_expansion20_1.75x
ctrl_000014,ADI,2026-08-04 19:24:00+00:00,-1,120m,120,36,-0.2519222190148738,0.2519222190148738,0.26504316792190175,0.3700107591781103,True,compression45_expansion20_1.75x
ctrl_000015,ADI,2026-06-16 18:02:00+00:00,-1,15m,15,15,-0.3975067623191809,0.3975067623191809,0.4139715394566602,0.02918969775373364,False,compression45_expansion20_1.75x
ctrl_000015,ADI,2026-06-16 18:02:00+00:00,-1,30m,30,30,-0.38809831824061564,0.38809831824061564,0.5285899094437247,0.02918969775373364,False,compression45_expansion20_1.75x
ctrl_000015,ADI,2026-06-16 18:02:00+00:00,-1,60m,60,60,-0.6186051981653524,0.6186051981653524,0.8773374103257583,0.02918969775373364,False,compression45_expansion20_1.75x
ctrl_000015,ADI,2026-06-16 18:02:00+00:00,-1,120m,120,118,-2.1780548041867553,2.1780548041867553,2.2227449135599175,0.02918969775373364,True,compression45_expansion20_1.75x
ctrl_000016,ADI,2026-06-16 19:22:00+00:00,-1,15m,15,15,-0.6898758934604091,0.6898758934604091,0.7289925678318667,0.28567025828858245,False,compression45_expansion20_1.75x
ctrl_000016,ADI,2026-06-16 19:22:00+00:00,-1,30m,30,30,-0.7147683226058785,0.7147683226058785,0.7289925678318667,0.28567025828858245,False,compression45_expansion20_1.75x
ctrl_000016,ADI,2026-06-16 19:22:00+00:00,-1,60m,60,38,-1.4046442160662875,1.4046442160662875,1.4496876592819148,0.28567025828858245,True,compression45_expansion20_1.75x
ctrl_000016,ADI,2026-06-16 19:22:00+00:00,-1,120m,120,38,-1.4046442160662875,1.4046442160662875,1.4496876592819148,0.28567025828858245,True,compression45_expansion20_1.75x
ctrl_000017,ADI,2026-08-12 19:37:00+00:00,-1,15m,15,15,-0.17143302423440218,0.17143302423440218,0.18961531468350298,0.09091145224550401,False,compression45_expansion20_1.75x
ctrl_000017,ADI,2026-08-12 19:37:00+00:00,-1,30m,30,23,-0.1584456739136117,0.1584456739136117,0.3168913478272234,0.09091145224550401,True,compression45_expansion20_1.75x
ctrl_000017,ADI,2026-08-12 19:37:00+00:00,-1,60m,60,23,-0.1584456739136117,0.1584456739136117,0.3168913478272234,0.09091145224550401,True,compression45_expansion20_1.75x
ctrl_000017,ADI,2026-08-12 19:37:00+00:00,-1,120m,120,23,-0.1584456739136117,0.1584456739136117,0.3168913478272234,0.09091145224550401,True,compression45_expansion20_1.75x
ctrl_000018,AMZN,2026-08-10 18:35:00+00:00,1,15m,15,15,0.11543572010219977,0.11543572010219977,0.15161112596313017,0.04373606568585711,False,compression45_expansion20_1.75x
ctrl_000018,AMZN,2026-08-10 18:35:00+00:00,1,30m,30,30,0.283651357355479,0.283651357355479,0.33610569585383016,0.04373606568585711,False,compression45_expansion20_1.75x
ctrl_000018,AMZN,2026-08-10 18:35:00+00:00,1,60m,60,60,0.27822504647634555,0.27822504647634555,0.33610569585383016,0.04373606568585711,False,compression45_expansion20_1.75x
ctrl_000018,AMZN,2026-08-10 18:35:00+00:00,1,120m,120,85,0.5893335368802815,0.5893335368802815,0.7376527009100716,0.04373606568585711,True,compression45_expansion20_1.75x
ctrl_000019,AMZN,2026-07-21 19:34:00+00:00,1,15m,15,15,0.051954033204527926,0.051954033204527926,0.07413347661765884,0.11170521136120723,False,compression45_expansion20_1.75x
ctrl_000019,AMZN,2026-07-21 19:34:00+00:00,1,30m,30,26,-0.0066659529383753776,-0.0066659529383753776,0.07413347661765884,0.4470228440187257,True,compression45_expansion20_1.75x
ctrl_000019,AMZN,2026-07-21 19:34:00+00:00,1,60m,60,26,-0.0066659529383753776,-0.0066659529383753776,0.07413347661765884,0.4470228440187257,True,compression45_expansion20_1.75x
ctrl_000019,AMZN,2026-07-21 19:34:00+00:00,1,120m,120,26,-0.0066659529383753776,-0.0066659529383753776,0.07413347661765884,0.4470228440187257,True,compression45_expansion20_1.75x
ctrl_000020,AMZN,2026-07-20 18:00:00+00:00,-1,15m,15,15,0.051876533849436524,-0.051876533849436524,0.06584329296274548,0.053871785151336185,False,compression45_expansion20_1.75x
ctrl_000020,AMZN,2026-07-20 18:00:00+00:00,-1,30m,30,30,-0.13767233983120128,0.13767233983120128,0.1775773658692285,0.07781480077415479,False,compression45_expansion20_1.75x
ctrl_000020,AMZN,2026-07-20 18:00:00+00:00,-1,60m,60,60,-0.576428101119338,0.576428101119338,0.608551647079952,0.07781480077415479,False,compression45_expansion20_1.75x
ctrl_000020,AMZN,2026-07-20 18:00:00+00:00,-1,120m,120,120,-0.1975298788882478,0.1975298788882478,0.6105468983818516,0.07781480077415479,False,compression45_expansion20_1.75x
ctrl_000021,AMZN,2026-06-17 19:30:00+00:00,-1,15m,15,15,-0.004216207100100905,0.004216207100100905,0.14756724850324407,0.14124293785309872,False,compression45_expansion20_1.75x
ctrl_000021,AMZN,2026-06-17 19:30:00+00:00,-1,30m,30,30,0.10962138460240782,-0.10962138460240782,0.4975124378109481,0.24032380470528422,False,compression45_expansion20_1.75x
ctrl_000021,AMZN,2026-06-17 19:30:00+00:00,-1,60m,60,30,0.10962138460240782,-0.10962138460240782,0.4975124378109481,0.24032380470528422,True,compression45_expansion20_1.75x
ctrl_000021,AMZN,2026-06-17 19:30:00+00:00,-1,120m,120,30,0.10962138460240782,-0.10962138460240782,0.4975124378109481,0.24032380470528422,True,compression45_expansion20_1.75x
ctrl_000022,AMZN,2026-05-19 18:13:00+00:00,1,15m,15,15,-0.05205822809215884,-0.05205822809215884,0.06748288826762223,0.32970211125034665,False,compression45_expansion20_1.75x
ctrl_000022,AMZN,2026-05-19 18:13:00+00:00,1,30m,30,30,-0.053986310614089025,-0.053986310614089025,0.07130049166105365,0.32970211125034665,False,compression45_expansion20_1.75x
ctrl_000022,AMZN,2026-05-19 18:13:00+00:00,1,60m,60,60,-0.036633567916695434,-0.036633567916695434,0.07130049166105365,0.32970211125034665,False,compression45_expansion20_1.75x
ctrl_000022,AMZN,2026-05-19 18:13:00+00:00,1,120m,120,107,0.009640412609672846,0.009640412609672846,0.07905138339920335,0.32970211125034665,True,compression45_expansion20_1.75x
ctrl_000023,AMZN,2026-05-22 16:30:00+00:00,1,15m,15,15,-0.21441622851176068,-0.21441622851176068,0.03356080098444083,0.2349256068911494,False,compression45_expansion20_1.75x
ctrl_000023,AMZN,2026-05-22 16:30:00+00:00,1,30m,30,30,-0.19763582801955085,-0.19763582801955085,0.03356080098444083,0.23679009583472832,False,compression45_expansion20_1.75x
ctrl_000023,AMZN,2026-05-22 16:30:00+00:00,1,60m,60,60,0.4400193906850158,0.4400193906850158,0.44374836857217353,0.30577618674721,False,compression45_expansion20_1.75x
ctrl_000023,AMZN,2026-05-22 16:30:00+00:00,1,120m,120,120,-0.05966364619458739,-0.05966364619458739,0.533243837864044,0.30577618674721,False,compression45_expansion20_1.75x
ctrl_000024,BKNG,2026-08-14 19:32:00+00:00,-1,15m,15,15,-0.13599380993692325,0.13599380993692325,0.16178573940772298,0.11958076391005437,False,compression45_expansion20_1.75x
ctrl_000024,BKNG,2026-08-14 19:32:00+00:00,-1,30m,30,28,-0.5181833102769201,0.5181833102769201,0.719829304321319,0.11958076391005437,True,compression45_expansion20_1.75x
ctrl_000024,BKNG,2026-08-14 19:32:00+00:00,-1,60m,60,28,-0.5181833102769201,0.5181833102769201,0.719829304321319,0.11958076391005437,True,compression45_expansion20_1.75x
ctrl_000024,BKNG,2026-08-14 19:32:00+00:00,-1,120m,120,28,-0.5181833102769201,0.5181833102769201,0.719829304321319,0.11958076391005437,True,compression45_expansion20_1.75x
ctrl_000025,BKNG,2026-08-12 19:40:00+00:00,1,15m,15,15,-0.1270169826410038,-0.1270169826410038,0.1411299807122413,0.2657947970080433,False,compression45_expansion20_1.75x
ctrl_000025,BKNG,2026-08-12 19:40:00+00:00,1,30m,30,20,-0.14112998071222796,-0.14112998071222796,0.1411299807122413,0.2657947970080433,True,compression45_expansion20_1.75x
ctrl_000025,BKNG,2026-08-12 19:40:00+00:00,1,60m,60,20,-0.14112998071222796,-0.14112998071222796,0.1411299807122413,0.2657947970080433,True,compression45_expansion20_1.75x
ctrl_000025,BKNG,2026-08-12 19:40:00+00:00,1,120m,120,20,-0.14112998071222796,-0.14112998071222796,0.1411299807122413,0.2657947970080433,True,compression45_expansion20_1.75x
ctrl_000026,BKNG,2026-05-29 18:39:00+00:00,1,15m,15,15,-0.2369808637952519,-0.2369808637952519,0.017773564784644313,0.35547129569286945,False,compression45_expansion20_1.75x
ctrl_000026,BKNG,2026-05-29 18:39:00+00:00,1,30m,30,30,-0.32584868771845665,-0.32584868771845665,0.017773564784644313,0.35547129569286945,False,compression45_expansion20_1.75x
ctrl_000026,BKNG,2026-05-29 18:39:00+00:00,1,60m,60,60,-0.27845251495941636,-0.27845251495941636,0.017773564784644313,0.3791693820723896,False,compression45_expansion20_1.75x
ctrl_000026,BKNG,2026-05-29 18:39:00+00:00,1,120m,120,81,-0.7998104153089605,-0.7998104153089605,0.017773564784644313,0.9064518040168263,True,compression45_expansion20_1.75x
ctrl_000027,BKNG,2026-08-06 18:22:00+00:00,1,15m,15,15,0.11540125979709048,0.11540125979709048,0.15386834639611155,0.04327547242390894,False,compression45_expansion20_1.75x
ctrl_000027,BKNG,2026-08-06 18:22:00+00:00,1,30m,30,30,0.12501803144683893,0.12501803144683893,0.16829350387074787,0.0961677164975663,False,compression45_expansion20_1.75x
ctrl_000027,BKNG,2026-08-06 18:22:00+00:00,1,60m,60,60,0.2211857479444189,0.2211857479444189,0.447179881713712,0.0961677164975663,False,compression45_expansion20_1.75x
ctrl_000027,BKNG,2026-08-06 18:22:00+00:00,1,120m,120,98,-0.28129057075540126,-0.28129057075540126,0.447179881713712,0.7404914170312988,True,compression45_expansion20_1.75x
ctrl_000028,BKNG,2026-06-16 18:25:00+00:00,-1,15m,15,15,0.06525378046357458,-0.06525378046357458,0.1560416489346643,0.07660226402246484,False,compression45_expansion20_1.75x
ctrl_000028,BKNG,2026-06-16 18:25:00+00:00,-1,30m,30,30,0.13618180270660235,-0.13618180270660235,0.1560416489346643,0.13618180270660235,False,compression45_expansion20_1.75x
ctrl_000028,BKNG,2026-06-16 18:25:00+00:00,-1,60m,60,60,0.10497347291966626,-0.10497347291966626,0.1560416489346643,0.20143558317019306,False,compression45_expansion20_1.75x
ctrl_000028,BKNG,2026-06-16 18:25:00+00:00,-1,120m,120,95,-0.29222345164128277,0.29222345164128277,0.7177915850994494,0.20143558317019306,True,compression45_expansion20_1.75x
ctrl_000029,BKNG,2026-07-02 18:05:00+00:00,-1,15m,15,15,0.6163293442196285,-0.6163293442196285,0.04934815868651016,0.6658425469151291,False,compression45_expansion20_1.75x
ctrl_000029,BKNG,2026-07-02 18:05:00+00:00,-1,30m,30,30,0.6988513487121295,-0.6988513487121295,0.04934815868651016,0.7043528156783067,False,compression45_expansion20_1.75x
ctrl_000029,BKNG,2026-07-02 18:05:00+00:00,-1,60m,60,60,0.7868748201707921,-0.7868748201707921,0.04934815868651016,0.9904290979189563,False,compression45_expansion20_1.75x
ctrl_000029,BKNG,2026-07-02 18:05:00+00:00,-1,120m,120,115,1.5020655257724471,-1.5020655257724471,0.04934815868651016,1.7166227374529341,True,compression45_expansion20_1.75x
ctrl_000030,BKNG,2026-06-16 18:05:00+00:00,-1,15m,15,15,0.3275793311684547,-0.3275793311684547,0.062667350310496,0.38170113370933034,False,compression45_expansion20_1.75x
ctrl_000030,BKNG,2026-06-16 18:05:00+00:00,-1,30m,30,30,0.3446704267076795,-0.3446704267076795,0.062667350310496,0.43867145217342346,False,compression45_expansion20_1.75x
ctrl_000030,BKNG,2026-06-16 18:05:00+00:00,-1,60m,60,60,0.398792229248555,-0.398792229248555,0.062667350310496,0.6038853757192516,False,compression45_expansion20_1.75x
ctrl_000030,BKNG,2026-06-16 18:05:00+00:00,-1,120m,120,115,0.10824360508175113,-0.10824360508175113,0.3190337833988505,0.6038853757192516,True,compression45_expansion20_1.75x
ctrl_000031,BKNG,2026-07-07 19:39:00+00:00,-1,15m,15,15,-0.022049501130032546,0.022049501130032546,0.11575988093269829,0.11575988093269829,False,compression45_expansion20_1.75x
ctrl_000031,BKNG,2026-07-07 19:39:00+00:00,-1,30m,30,21,0.29215588997298997,-0.29215588997298997,0.11575988093269829,0.38035389449313584,True,compression45_expansion20_1.75x
ctrl_000031,BKNG,2026-07-07 19:39:00+00:00,-1,60m,60,21,0.29215588997298997,-0.29215588997298997,0.11575988093269829,0.38035389449313584,True,compression45_expansion20_1.75x
ctrl_000031,BKNG,2026-07-07 19:39:00+00:00,-1,120m,120,21,0.29215588997298997,-0.29215588997298997,0.11575988093269829,0.38035389449313584,True,compression45_expansion20_1.75x
ctrl_000032,BKNG,2026-06-18 19:44:00+00:00,-1,15m,15,15,-0.5760768874478951,0.5760768874478951,0.7845067160722496,0.05500231588698405,False,compression45_expansion20_1.75x
ctrl_000032,BKNG,2026-06-18 19:44:00+00:00,-1,30m,30,16,-0.5500231588698405,0.5500231588698405,0.7845067160722496,0.05500231588698405,True,compression45_expansion20_1.75x
ctrl_000032,BKNG,2026-06-18 19:44:00+00:00,-1,60m,60,16,-0.5500231588698405,0.5500231588698405,0.7845067160722496,0.05500231588698405,True,compression45_expansion20_1.75x
ctrl_000032,BKNG,2026-06-18 19:44:00+00:00,-1,120m,120,16,-0.5500231588698405,0.5500231588698405,0.7845067160722496,0.05500231588698405,True,compression45_expansion20_1.75x
ctrl_000033,BKNG,2026-05-21 16:12:00+00:00,1,15m,15,15,-0.03218124477055504,-0.03218124477055504,0.08367123640342115,0.08367123640342115,False,compression45_expansion20_1.75x
ctrl_000033,BKNG,2026-05-21 16:12:00+00:00,1,30m,30,30,-0.1737787217609643,-0.1737787217609643,0.08367123640342115,0.25101370921028177,False,compression45_expansion20_1.75x
ctrl_000033,BKNG,2026-05-21 16:12:00+00:00,1,60m,60,60,0.07723498744931746,0.07723498744931746,0.3668661903842396,0.25101370921028177,False,compression45_expansion20_1.75x
ctrl_000033,BKNG,2026-05-21 16:12:00+00:00,1,120m,120,120,3.1151444937890216,3.1151444937890216,3.2503057218253093,0.25101370921028177,False,compression45_expansion20_1.75x
ctrl_000034,CMCSA,2026-06-11 19:43:00+00:00,1,15m,15,15,-0.2496359475764457,-0.2496359475764457,0.3328479301019276,0.3120449344705608,False,compression45_expansion20_1.75x
ctrl_000034,CMCSA,2026-06-11 19:43:00+00:00,1,30m,30,17,-0.3744539213646759,-0.3744539213646759,0.3328479301019276,0.3952569169960427,True,compression45_expansion20_1.75x
ctrl_000034,CMCSA,2026-06-11 19:43:00+00:00,1,60m,60,17,-0.3744539213646759,-0.3744539213646759,0.3328479301019276,0.3952569169960427,True,compression45_expansion20_1.75x
ctrl_000034,CMCSA,2026-06-11 19:43:00+00:00,1,120m,120,17,-0.3744539213646759,-0.3744539213646759,0.3328479301019276,0.3952569169960427,True,compression45_expansion20_1.75x
ctrl_000035,CMCSA,2026-06-18 18:02:00+00:00,-1,15m,15,15,0.08800880088008613,-0.08800880088008613,0.1100110011001194,0.286028602860276,False,compression45_expansion20_1.75x
ctrl_000035,CMCSA,2026-06-18 18:02:00+00:00,-1,30m,30,30,-0.22002200220022314,0.22002200220022314,0.24202420242024075,0.286028602860276,False,compression45_expansion20_1.75x
ctrl_000035,CMCSA,2026-06-18 18:02:00+00:00,-1,60m,60,60,-0.3080308030803093,0.3080308030803093,0.41804180418042863,0.286028602860276,False,compression45_expansion20_1.75x
ctrl_000035,CMCSA,2026-06-18 18:02:00+00:00,-1,120m,120,118,-1.4081408140814093,1.4081408140814093,1.4741474147414777,0.286028602860276,True,compression45_expansion20_1.75x
ctrl_000036,CMCSA,2026-06-18 18:22:00+00:00,-1,15m,15,15,-0.08800880088010177,0.08800880088010177,0.24202420242024075,0.04400440044003525,False,compression45_expansion20_1.75x
ctrl_000036,CMCSA,2026-06-18 18:22:00+00:00,-1,30m,30,30,-0.26710671067106995,0.26710671067106995,0.3740374037403778,0.04400440044003525,False,compression45_expansion20_1.75x
ctrl_000036,CMCSA,2026-06-18 18:22:00+00:00,-1,60m,60,60,-0.8360836083608417,0.8360836083608417,0.9020902090209102,0.04400440044003525,False,compression45_expansion20_1.75x
ctrl_000036,CMCSA,2026-06-18 18:22:00+00:00,-1,120m,120,98,-1.4081408140814093,1.4081408140814093,1.4741474147414777,0.04400440044003525,True,compression45_expansion20_1.75x
ctrl_000037,CMCSA,2026-08-04 19:45:00+00:00,-1,15m,15,15,0.40233353450009196,-0.40233353450009196,0.0804667069000184,0.4626835646751094,False,compression45_expansion20_1.75x
ctrl_000037,CMCSA,2026-08-04 19:45:00+00:00,-1,30m,30,15,0.40233353450009196,-0.40233353450009196,0.0804667069000184,0.4626835646751094,True,compression45_expansion20_1.75x
ctrl_000037,CMCSA,2026-08-04 19:45:00+00:00,-1,60m,60,15,0.40233353450009196,-0.40233353450009196,0.0804667069000184,0.4626835646751094,True,compression45_expansion20_1.75x
ctrl_000037,CMCSA,2026-08-04 19:45:00+00:00,-1,120m,120,15,0.40233353450009196,-0.40233353450009196,0.0804667069000184,0.4626835646751094,True,compression45_expansion20_1.75x
ctrl_000038,CMCSA,2026-06-01 16:09:00+00:00,1,15m,15,15,0.08105369807497294,0.08105369807497294,0.10131712259371257,0.020263424518739637,False,compression45_expansion20_1.75x
ctrl_000038,CMCSA,2026-06-01 16:09:00+00:00,1,30m,30,30,-0.12158054711246662,-0.12158054711246662,0.10131712259371257,0.20263424518743955,False,compression45_expansion20_1.75x
ctrl_000038,CMCSA,2026-06-01 16:09:00+00:00,1,60m,60,60,-0.10131712259372698,-0.10131712259372698,0.10131712259371257,0.3039513677811521,False,compression45_expansion20_1.75x
ctrl_000038,CMCSA,2026-06-01 16:09:00+00:00,1,120m,120,120,1.5606889564336284,1.5606889564336284,1.661600810536981,0.3039513677811521,False,compression45_expansion20_1.75x
ctrl_000039,CMCSA,2026-05-21 16:18:00+00:00,1,15m,15,15,-0.201247735962959,-0.201247735962959,0.14087341517407986,0.22137250955926632,False,compression45_expansion20_1.75x
ctrl_000039,CMCSA,2026-05-21 16:18:00+00:00,1,30m,30,30,0.04024954719260038,0.04024954719260038,0.14087341517407986,0.22137250955926632,False,compression45_expansion20_1.75x
ctrl_000039,CMCSA,2026-05-21 16:18:00+00:00,1,60m,60,60,0.42262024552223965,0.42262024552223965,0.5333065003018728,0.22137250955926632,False,compression45_expansion20_1.75x
ctrl_000039,CMCSA,2026-05-21 16:18:00+00:00,1,120m,120,120,1.0464882270074525,1.0464882270074525,1.1873616421815325,0.22137250955926632,False,compression45_expansion20_1.75x
ctrl_000040,CMCSA,2026-06-11 16:23:00+00:00,-1,15m,15,15,0.0,-0.0,0.18746094563631807,0.041657987919190016,False,compression45_expansion20_1.75x
ctrl_000040,CMCSA,2026-06-11 16:23:00+00:00,-1,30m,30,30,0.14580295771714286,-0.14580295771714286,0.18746094563631807,0.14580295771714286,False,compression45_expansion20_1.75x
ctrl_000040,CMCSA,2026-06-11 16:23:00+00:00,-1,60m,60,60,-0.23370131222662238,0.23370131222662238,0.43740887315142857,0.20828993959592046,False,compression45_expansion20_1.75x
ctrl_000040,CMCSA,2026-06-11 16:23:00+00:00,-1,120m,120,120,0.0,-0.0,0.43740887315142857,0.7498437825453019,False,compression45_expansion20_1.75x
ctrl_000041,COST,2026-07-15 18:26:00+00:00,-1,15m,15,15,-0.0038044718849616676,0.0038044718849616676,0.15148320053914716,0.027174799178234073,False,compression45_expansion20_1.75x
ctrl_000041,COST,2026-07-15 18:26:00+00:00,-1,30m,30,30,-0.029892279096055005,0.029892279096055005,0.19022359424763852,0.027174799178234073,False,compression45_expansion20_1.75x
ctrl_000041,COST,2026-07-15 18:26:00+00:00,-1,60m,60,60,-0.33316303792515567,0.33316303792515567,0.33316303792515567,0.08043740556757384,False,compression45_expansion20_1.75x
ctrl_000041,COST,2026-07-15 18:26:00+00:00,-1,120m,120,94,-0.37392523669250677,0.37392523669250677,1.0293813928715096,0.08043740556757384,True,compression45_expansion20_1.75x
ctrl_000042,COST,2026-08-10 18:22:00+00:00,-1,15m,15,15,0.0042115016109075054,-0.0042115016109075054,0.05001158162943237,0.038429952199457676,False,compression45_expansion20_1.75x
ctrl_000042,COST,2026-08-10 18:22:00+00:00,-1,30m,30,30,0.00526437701363139,-0.00526437701363139,0.055275958643051785,0.038429952199457676,False,compression45_expansion20_1.75x
ctrl_000042,COST,2026-08-10 18:22:00+00:00,-1,60m,60,60,-0.10223420160458249,0.10223420160458249,0.16578576091304498,0.038429952199457676,False,compression45_expansion20_1.75x
ctrl_000042,COST,2026-08-10 18:22:00+00:00,-1,120m,120,98,0.30006948977658227,-0.30006948977658227,0.5295963275705924,0.3274442502474272,True,compression45_expansion20_1.75x
ctrl_000043,COST,2026-07-13 19:23:00+00:00,1,15m,15,15,-0.3504471964224276,-0.3504471964224276,0.012899896800826084,0.42892156862745195,False,compression45_expansion20_1.75x
ctrl_000043,COST,2026-07-13 19:23:00+00:00,1,30m,30,30,-0.4337590299277571,-0.4337590299277571,0.012899896800826084,0.6449948400412796,False,compression45_expansion20_1.75x
ctrl_000043,COST,2026-07-13 19:23:00+00:00,1,60m,60,37,-0.4557963536291719,-0.4557963536291719,0.012899896800826084,0.6449948400412796,True,compression45_expansion20_1.75x
ctrl_000043,COST,2026-07-13 19:23:00+00:00,1,120m,120,37,-0.4557963536291719,-0.4557963536291719,0.012899896800826084,0.6449948400412796,True,compression45_expansion20_1.75x
ctrl_000044,COST,2026-07-01 18:18:00+00:00,-1,15m,15,15,0.047101625818194125,-0.047101625818194125,0.13589089747546065,0.10556178163253671,False,compression45_expansion20_1.75x
ctrl_000044,COST,2026-07-01 18:18:00+00:00,-1,30m,30,30,0.32646299273985135,-0.32646299273985135,0.13589089747546065,0.3492017086520839,False,compression45_expansion20_1.75x
ctrl_000044,COST,2026-07-01 18:18:00+00:00,-1,60m,60,60,0.1553703974402794,-0.1553703974402794,0.13589089747546065,0.47588884016306715,False,compression45_expansion20_1.75x
ctrl_000044,COST,2026-07-01 18:18:00+00:00,-1,120m,120,102,0.12289734552561526,-0.12289734552561526,0.3232146047523931,0.47588884016306715,True,compression45_expansion20_1.75x
ctrl_000045,COST,2026-06-16 19:45:00+00:00,-1,15m,15,15,0.330091400539371,-0.330091400539371,0.03701579476165822,0.4866966860694457,False,compression45_expansion20_1.75x
ctrl_000045,COST,2026-06-16 19:45:00+00:00,-1,30m,30,15,0.330091400539371,-0.330091400539371,0.03701579476165822,0.4866966860694457,True,compression45_expansion20_1.75x
ctrl_000045,COST,2026-06-16 19:45:00+00:00,-1,60m,60,15,0.330091400539371,-0.330091400539371,0.03701579476165822,0.4866966860694457,True,compression45_expansion20_1.75x
ctrl_000045,COST,2026-06-16 19:45:00+00:00,-1,120m,120,15,0.330091400539371,-0.330091400539371,0.03701579476165822,0.4866966860694457,True,compression45_expansion20_1.75x
ctrl_000046,COST,2026-06-25 19:42:00+00:00,1,15m,15,15,-0.3378289073693279,-0.3378289073693279,0.16706406060830783,0.41184463042363234,False,compression45_expansion20_1.75x
ctrl_000046,COST,2026-06-25 19:42:00+00:00,1,30m,30,18,-0.34523047967475234,-0.34523047967475234,0.16706406060830783,0.49960613061660625,True,compression45_expansion20_1.75x
ctrl_000046,COST,2026-06-25 19:42:00+00:00,1,60m,60,18,-0.34523047967475234,-0.34523047967475234,0.16706406060830783,0.49960613061660625,True,compression45_expansion20_1.75x
ctrl_000046,COST,2026-06-25 19:42:00+00:00,1,120m,120,18,-0.34523047967475234,-0.34523047967475234,0.16706406060830783,0.49960613061660625,True,compression45_expansion20_1.75x
ctrl_000047,COST,2026-08-12 19:41:00+00:00,1,15m,15,15,-0.12268452700640038,-0.12268452700640038,0.040006739750842,0.22746659084447834,False,compression45_expansion20_1.75x
ctrl_000047,COST,2026-08-12 19:41:00+00:00,1,30m,30,19,0.017902463168310435,0.017902463168310435,0.040006739750842,0.22746659084447834,True,compression45_expansion20_1.75x
ctrl_000047,COST,2026-08-12 19:41:00+00:00,1,60m,60,19,0.017902463168310435,0.017902463168310435,0.040006739750842,0.22746659084447834,True,compression45_expansion20_1.75x
ctrl_000047,COST,2026-08-12 19:41:00+00:00,1,120m,120,19,0.017902463168310435,0.017902463168310435,0.040006739750842,0.22746659084447834,True,compression45_expansion20_1.75x
ctrl_000048,COST,2026-08-06 19:15:00+00:00,-1,15m,15,15,-0.04017529113870471,0.04017529113870471,0.0999096055949432,0.049161869419734716,False,compression45_expansion20_1.75x
ctrl_000048,COST,2026-08-06 19:15:00+00:00,-1,30m,30,30,0.022730756828481302,-0.022730756828481302,0.18766089939789685,0.049161869419734716,False,compression45_expansion20_1.75x
ctrl_000048,COST,2026-08-06 19:15:00+00:00,-1,60m,60,45,0.3737359320403199,-0.3737359320403199,0.18766089939789685,0.38007939906222704,True,compression45_expansion20_1.75x
ctrl_000048,COST,2026-08-06 19:15:00+00:00,-1,120m,120,45,0.3737359320403199,-0.3737359320403199,0.18766089939789685,0.38007939906222704,True,compression45_expansion20_1.75x
ctrl_000049,COST,2026-05-27 19:32:00+00:00,-1,15m,15,15,-0.061610008645275854,0.061610008645275854,0.09638985223535294,0.019874196337178834,False,compression45_expansion20_1.75x
ctrl_000049,COST,2026-05-27 19:32:00+00:00,-1,30m,30,28,-0.23650293641250836,0.23650293641250836,0.2802261683543221,0.019874196337178834,True,compression45_expansion20_1.75x
ctrl_000049,COST,2026-05-27 19:32:00+00:00,-1,60m,60,28,-0.23650293641250836,0.23650293641250836,0.2802261683543221,0.019874196337178834,True,compression45_expansion20_1.75x
ctrl_000049,COST,2026-05-27 19:32:00+00:00,-1,120m,120,28,-0.23650293641250836,0.23650293641250836,0.2802261683543221,0.019874196337178834,True,compression45_expansion20_1.75x
ctrl_000050,COST,2026-05-28 16:07:00+00:00,-1,15m,15,15,0.03749550053993521,-0.03749550053993521,0.08698956125265014,0.049994000719913605,False,compression45_expansion20_1.75x
ctrl_000050,COST,2026-05-28 16:07:00+00:00,-1,30m,30,30,0.09898812142542986,-0.09898812142542986,0.08698956125265014,0.1384833819941598,False,compression45_expansion20_1.75x
ctrl_000050,COST,2026-05-28 16:07:00+00:00,-1,60m,60,60,0.0529936407631057,-0.0529936407631057,0.08698956125265014,0.2769667639883196,False,compression45_expansion20_1.75x
ctrl_000050,COST,2026-05-28 16:07:00+00:00,-1,120m,120,120,-0.22447306323241256,0.22447306323241256,0.4319481662200586,0.2769667639883196,False,compression45_expansion20_1.75x
ctrl_000051,COST,2026-06-11 16:19:00+00:00,1,15m,15,15,-0.15784274788948507,-0.15784274788948507,0.06415543946475986,0.21486980519150028,False,compression45_expansion20_1.75x
ctrl_000051,COST,2026-06-11 16:19:00+00:00,1,30m,30,30,-0.08554058595301701,-0.08554058595301701,0.06415543946475986,0.21486980519150028,False,compression45_expansion20_1.75x
ctrl_000051,COST,2026-06-11 16:19:00+00:00,1,60m,60,60,-0.2449108443059474,-0.2449108443059474,0.06415543946475986,0.4928665261357098,False,compression45_expansion20_1.75x
ctrl_000051,COST,2026-06-11 16:19:00+00:00,1,120m,120,120,-0.21945233658183616,-0.21945233658183616,0.28819030743694346,0.4928665261357098,False,compression45_expansion20_1.75x
ctrl_000052,COST,2026-07-14 16:03:00+00:00,-1,15m,15,15,-0.07784457034120937,0.07784457034120937,0.17623145785581407,0.03941962548112224,False,compression45_expansion20_1.75x
ctrl_000052,COST,2026-07-14 16:03:00+00:00,-1,30m,30,29,-0.2843489166630623,0.2843489166630623,0.33408294771438807,0.03941962548112224,False,compression45_expansion20_1.75x
ctrl_000052,COST,2026-07-14 16:03:00+00:00,-1,60m,60,59,-0.39623967478268274,0.39623967478268274,0.4264693162651849,0.03941962548112224,False,compression45_expansion20_1.75x
ctrl_000052,COST,2026-07-14 16:03:00+00:00,-1,120m,120,119,-0.3232712018336731,0.3232712018336731,0.5103144055702021,0.03941962548112224,False,compression45_expansion20_1.75x
ctrl_000053,CSCO,2026-07-10 18:31:00+00:00,1,15m,15,15,0.012445550715619636,0.012445550715619636,0.14461729931548487,0.029039618336453684,False,compression45_expansion20_1.75x
ctrl_000053,CSCO,2026-07-10 18:31:00+00:00,1,30m,30,30,-0.17838622692387754,-0.17838622692387754,0.14461729931548487,0.19498029454469978,False,compression45_expansion20_1.75x
ctrl_000053,CSCO,2026-07-10 18:31:00+00:00,1,60m,60,60,0.17423771001866314,0.17423771001866314,0.2945447002696451,0.2862476664592399,False,compression45_expansion20_1.75x
ctrl_000053,CSCO,2026-07-10 18:31:00+00:00,1,120m,120,89,0.6015349512549216,0.6015349512549216,0.9002281684297812,0.2862476664592399,True,compression45_expansion20_1.75x
ctrl_000054,CSCO,2026-06-01 18:10:00+00:00,1,15m,15,15,-0.16543965588551812,-0.16543965588551812,0.1158077591198615,0.2481594838282713,False,compression45_expansion20_1.75x
ctrl_000054,CSCO,2026-06-01 18:10:00+00:00,1,30m,30,30,-0.0496318967656566,-0.0496318967656566,0.1158077591198615,0.35561254032591905,False,compression45_expansion20_1.75x
ctrl_000054,CSCO,2026-06-01 18:10:00+00:00,1,60m,60,60,0.30606336338820794,0.30606336338820794,0.38878319133096106,0.35561254032591905,False,compression45_expansion20_1.75x
ctrl_000054,CSCO,2026-06-01 18:10:00+00:00,1,120m,120,110,0.38878319133096106,0.38878319133096106,0.8768301761932353,0.35561254032591905,True,compression45_expansion20_1.75x
ctrl_000055,CSCO,2026-06-17 19:11:00+00:00,-1,15m,15,15,-0.13984828579904754,0.13984828579904754,0.3263126668644362,0.4280205110819133,False,compression45_expansion20_1.75x
ctrl_000055,CSCO,2026-06-17 19:11:00+00:00,-1,30m,30,30,-0.7416196974191634,0.7416196974191634,0.8857058100606024,0.4280205110819133,False,compression45_expansion20_1.75x
ctrl_000055,CSCO,2026-06-17 19:11:00+00:00,-1,60m,60,49,-0.48735008687545267,0.48735008687545267,0.8857058100606024,0.4280205110819133,True,compression45_expansion20_1.75x
ctrl_000055,CSCO,2026-06-17 19:11:00+00:00,-1,120m,120,49,-0.48735008687545267,0.48735008687545267,0.8857058100606024,0.4280205110819133,True,compression45_expansion20_1.75x
ctrl_000056,CSCO,2026-06-04 18:03:00+00:00,-1,15m,15,15,0.011570949203544397,-0.011570949203544397,0.07328267828904143,0.07713966135690419,False,compression45_expansion20_1.75x
ctrl_000056,CSCO,2026-06-04 18:03:00+00:00,-1,30m,30,30,0.08485362749258583,-0.08485362749258583,0.14270837351024204,0.12728044123887877,False,compression45_expansion20_1.75x
ctrl_000056,CSCO,2026-06-04 18:03:00+00:00,-1,60m,60,60,0.42812512053072616,-0.42812512053072616,0.14270837351024204,0.4821228834805415,False,compression45_expansion20_1.75x
ctrl_000056,CSCO,2026-06-04 18:03:00+00:00,-1,120m,120,117,0.29313071315616573,-0.29313071315616573,0.4628379681413155,0.5635823658734213,True,compression45_expansion20_1.75x
ctrl_000057,CSCO,2026-08-04 18:10:00+00:00,1,15m,15,15,0.0950373951489683,0.0950373951489683,0.14916738977728955,0.07850915251435799,False,compression45_expansion20_1.75x
ctrl_000057,CSCO,2026-08-04 18:10:00+00:00,1,30m,30,30,-0.008264121317293422,-0.008264121317293422,0.26858394281228287,0.07850915251435799,False,compression45_expansion20_1.75x
ctrl_000057,CSCO,2026-08-04 18:10:00+00:00,1,60m,60,60,0.15701830502871597,0.15701830502871597,0.26858394281228287,0.11982975910086033,False,compression45_expansion20_1.75x
ctrl_000057,CSCO,2026-08-04 18:10:00+00:00,1,120m,120,110,0.5991487955043251,0.5991487955043251,0.7396388578984424,0.11982975910086033,True,compression45_expansion20_1.75x
ctrl_000058,CSCO,2026-05-26 19:28:00+00:00,1,15m,15,15,0.7756563245823481,0.7756563245823481,0.9546539379474979,0.051142175247177006,False,compression45_expansion20_1.75x
ctrl_000058,CSCO,2026-05-26 19:28:00+00:00,1,30m,30,30,0.865155131264917,0.865155131264917,1.091033071939994,0.051142175247177006,False,compression45_expansion20_1.75x
ctrl_000058,CSCO,2026-05-26 19:28:00+00:00,1,60m,60,32,0.8523695874531197,0.8523695874531197,1.091033071939994,0.051142175247177006,True,compression45_expansion20_1.75x
ctrl_000058,CSCO,2026-05-26 19:28:00+00:00,1,120m,120,32,0.8523695874531197,0.8523695874531197,1.091033071939994,0.051142175247177006,True,compression45_expansion20_1.75x
ctrl_000059,CSCO,2026-08-12 17:27:00+00:00,1,15m,15,15,0.2973765683558816,0.2973765683558816,0.34626038781164364,0.07739938080495264,False,compression45_expansion20_1.75x
ctrl_000059,CSCO,2026-08-12 17:27:00+00:00,1,30m,30,30,0.7006680788658949,0.7006680788658949,0.8473195372331809,0.07739938080495264,False,compression45_expansion20_1.75x
ctrl_000059,CSCO,2026-08-12 17:27:00+00:00,1,60m,60,60,0.6232686980609423,0.6232686980609423,0.8473195372331809,0.07739938080495264,False,compression45_expansion20_1.75x
ctrl_000059,CSCO,2026-08-12 17:27:00+00:00,1,120m,120,120,0.8962033566889429,0.8962033566889429,1.3931888544891706,0.07739938080495264,False,compression45_expansion20_1.75x
ctrl_000060,CSCO,2026-05-26 17:28:00+00:00,-1,15m,15,15,0.19617877857386898,-0.19617877857386898,0.008529512111899442,0.2900034118048477,False,compression45_expansion20_1.75x
ctrl_000060,CSCO,2026-05-26 17:28:00+00:00,-1,30m,30,30,0.23882633913340254,-0.23882633913340254,0.008529512111899442,0.4520641419310825,False,compression45_expansion20_1.75x
ctrl_000060,CSCO,2026-05-26 17:28:00+00:00,-1,60m,60,60,0.13647219379052442,-0.13647219379052442,0.008529512111899442,0.5714773114977838,False,compression45_expansion20_1.75x
ctrl_000060,CSCO,2026-05-26 17:28:00+00:00,-1,120m,120,120,0.05117707267144513,-0.05117707267144513,0.04264756055953357,0.5714773114977838,False,compression45_expansion20_1.75x
ctrl_000061,GILD,2026-07-02 18:29:00+00:00,1,15m,15,15,0.23851658074940546,0.23851658074940546,0.2615988304993486,0.015388166499969401,False,compression45_expansion20_1.75x
ctrl_000061,GILD,2026-07-02 18:29:00+00:00,1,30m,30,30,0.13464645687467214,0.13464645687467214,0.2615988304993486,0.015388166499969401,False,compression45_expansion20_1.75x
ctrl_000061,GILD,2026-07-02 18:29:00+00:00,1,60m,60,60,0.3616219127490951,0.3616219127490951,0.36931599599906884,0.015388166499969401,False,compression45_expansion20_1.75x
ctrl_000061,GILD,2026-07-02 18:29:00+00:00,1,120m,120,91,0.9925367392475126,0.9925367392475126,1.1464184042471408,0.015388166499969401,True,compression45_expansion20_1.75x
ctrl_000062,GILD,2026-05-29 18:40:00+00:00,-1,15m,15,15,-0.1932798096937402,0.1932798096937402,0.2698483496877784,0.011150758251550964,False,compression45_expansion20_1.75x
ctrl_000062,GILD,2026-05-29 18:40:00+00:00,-1,30m,30,30,-0.11150758251561527,0.11150758251561527,0.3122212310437228,0.011150758251550964,False,compression45_expansion20_1.75x
ctrl_000062,GILD,2026-05-29 18:40:00+00:00,-1,60m,60,60,-0.41629497472494964,0.41629497472494964,0.5203687184061976,0.029735355337490367,False,compression45_expansion20_1.75x
ctrl_000062,GILD,2026-05-29 18:40:00+00:00,-1,120m,120,80,-0.037169194171878805,0.037169194171878805,0.7247992863514887,0.35682426404994777,True,compression45_expansion20_1.75x
ctrl_000063,GILD,2026-05-28 19:28:00+00:00,1,15m,15,15,0.025740972273293073,0.025740972273293073,0.12502757961314076,0.06979480767816103,False,compression45_expansion20_1.75x
ctrl_000063,GILD,2026-05-28 19:28:00+00:00,1,30m,30,30,0.22799146870633394,0.22799146870633394,0.3383099213061763,0.06979480767816103,False,compression45_expansion20_1.75x
ctrl_000063,GILD,2026-05-28 19:28:00+00:00,1,60m,60,32,0.20592777818636548,0.20592777818636548,0.3971464293594117,0.06979480767816103,True,compression45_expansion20_1.75x
ctrl_000063,GILD,2026-05-28 19:28:00+00:00,1,120m,120,32,0.20592777818636548,0.20592777818636548,0.3971464293594117,0.06979480767816103,True,compression45_expansion20_1.75x
ctrl_000064,GILD,2026-08-06 18:03:00+00:00,1,15m,15,15,-0.17353759544953287,-0.17353759544953287,0.1767712152405158,0.17353759544953287,False,compression45_expansion20_1.75x
ctrl_000064,GILD,2026-08-06 18:03:00+00:00,1,30m,30,30,-0.21203306915172188,-0.21203306915172188,0.1767712152405158,0.3506167744796546,False,compression45_expansion20_1.75x
ctrl_000064,GILD,2026-08-06 18:03:00+00:00,1,60m,60,60,-0.061900721713138936,-0.061900721713138936,0.1767712152405158,0.3506167744796546,False,compression45_expansion20_1.75x
ctrl_000064,GILD,2026-08-06 18:03:00+00:00,1,120m,120,117,0.7734510576246307,0.7734510576246307,1.0583175630209298,0.3506167744796546,True,compression45_expansion20_1.75x
ctrl_000065,GILD,2026-06-30 19:28:00+00:00,-1,15m,15,15,0.059295568644505546,-0.059295568644505546,0.1699806301142455,0.06720164446376546,False,compression45_expansion20_1.75x
ctrl_000065,GILD,2026-06-30 19:28:00+00:00,-1,30m,30,30,-0.14626240265644327,0.14626240265644327,0.2174170850298499,0.14626240265644327,False,compression45_expansion20_1.75x
ctrl_000065,GILD,2026-06-30 19:28:00+00:00,-1,60m,60,32,-0.16207455429497433,0.16207455429497433,0.2174170850298499,0.14626240265644327,True,compression45_expansion20_1.75x
ctrl_000065,GILD,2026-06-30 19:28:00+00:00,-1,120m,120,32,-0.16207455429497433,0.16207455429497433,0.2174170850298499,0.14626240265644327,True,compression45_expansion20_1.75x
ctrl_000066,GILD,2026-07-21 19:30:00+00:00,-1,15m,15,15,-0.26019744394273747,0.26019744394273747,0.43238692890487324,0.011479298997485867,False,compression45_expansion20_1.75x
ctrl_000066,GILD,2026-07-21 19:30:00+00:00,-1,30m,30,30,-0.3290732379275874,0.3290732379275874,0.43238692890487324,0.011479298997485867,False,compression45_expansion20_1.75x
ctrl_000066,GILD,2026-07-21 19:30:00+00:00,-1,60m,60,30,-0.3290732379275874,0.3290732379275874,0.43238692890487324,0.011479298997485867,True,compression45_expansion20_1.75x
ctrl_000066,GILD,2026-07-21 19:30:00+00:00,-1,120m,120,30,-0.3290732379275874,0.3290732379275874,0.43238692890487324,0.011479298997485867,True,compression45_expansion20_1.75x
ctrl_000067,GILD,2026-06-16 18:26:00+00:00,-1,15m,15,15,0.14200063111391023,-0.14200063111391023,0.03944461975387454,0.1893341748185507,False,compression45_expansion20_1.75x
ctrl_000067,GILD,2026-06-16 18:26:00+00:00,-1,30m,30,30,-0.007888923950777149,0.007888923950777149,0.03944461975387454,0.1893341748185507,False,compression45_expansion20_1.75x
ctrl_000067,GILD,2026-06-16 18:26:00+00:00,-1,60m,60,60,-0.14200063111392144,0.14200063111392144,0.25244556642474547,0.1893341748185507,False,compression45_expansion20_1.75x
ctrl_000067,GILD,2026-06-16 18:26:00+00:00,-1,120m,120,94,0.38655727358787856,-0.38655727358787856,0.43389081729253026,0.4260018933417419,True,compression45_expansion20_1.75x
ctrl_000068,GILD,2026-06-30 18:28:00+00:00,-1,15m,15,15,0.01109121734032275,-0.01109121734032275,0.13151014846386389,0.042780409741259365,False,compression45_expansion20_1.75x
ctrl_000068,GILD,2026-06-30 18:28:00+00:00,-1,30m,30,30,-0.012675676960376898,0.012675676960376898,0.13151014846386389,0.20914866984614564,False,compression45_expansion20_1.75x
ctrl_000068,GILD,2026-06-30 18:28:00+00:00,-1,60m,60,60,0.17745947744522028,-0.17745947744522028,0.18696623516550015,0.32402199229953105,False,compression45_expansion20_1.75x
ctrl_000068,GILD,2026-06-30 18:28:00+00:00,-1,120m,120,92,0.042780409741259365,-0.042780409741259365,0.18696623516550015,0.3517500356503435,True,compression45_expansion20_1.75x
ctrl_000069,GILD,2026-08-03 18:22:00+00:00,1,15m,15,15,0.06544250683297376,0.06544250683297376,0.11933633598953008,0.09623898063671711,False,compression45_expansion20_1.75x
ctrl_000069,GILD,2026-08-03 18:22:00+00:00,1,30m,30,30,0.1770797243715735,0.1770797243715735,0.211725757400782,0.11163721753857785,False,compression45_expansion20_1.75x
ctrl_000069,GILD,2026-08-03 18:22:00+00:00,1,60m,60,60,0.31951341571391656,0.31951341571391656,0.3618585671940554,0.11163721753857785,False,compression45_expansion20_1.75x
ctrl_000069,GILD,2026-08-03 18:22:00+00:00,1,120m,120,98,1.004734957847332,1.004734957847332,1.054779227778423,0.11163721753857785,True,compression45_expansion20_1.75x
ctrl_000070,GILD,2026-06-09 18:22:00+00:00,-1,15m,15,15,-0.1498607242339931,0.1498607242339931,0.15917230401910293,0.047751691205720696,False,compression45_expansion20_1.75x
ctrl_000070,GILD,2026-06-09 18:22:00+00:00,-1,30m,30,30,-0.28651014723438073,0.28651014723438073,0.39793076004775163,0.047751691205720696,False,compression45_expansion20_1.75x
ctrl_000070,GILD,2026-06-09 18:22:00+00:00,-1,60m,60,60,-0.17111022682053592,0.17111022682053592,0.39793076004775163,0.047751691205720696,False,compression45_expansion20_1.75x
ctrl_000070,GILD,2026-06-09 18:22:00+00:00,-1,120m,120,98,-0.14564265817748262,0.14564265817748262,0.6764822920811846,0.047751691205720696,True,compression45_expansion20_1.75x
ctrl_000071,GILD,2026-08-04 19:27:00+00:00,1,15m,15,15,0.531437125748509,0.531437125748509,0.6998502994011994,0.17215568862274683,False,compression45_expansion20_1.75x
ctrl_000071,GILD,2026-08-04 19:27:00+00:00,1,30m,30,30,0.9767964071856339,0.9767964071856339,1.122754491017964,0.17215568862274683,False,compression45_expansion20_1.75x
ctrl_000071,GILD,2026-08-04 19:27:00+00:00,1,60m,60,33,1.250000000000012,1.250000000000012,1.474550898203592,0.17215568862274683,True,compression45_expansion20_1.75x
ctrl_000071,GILD,2026-08-04 19:27:00+00:00,1,120m,120,33,1.250000000000012,1.250000000000012,1.474550898203592,0.17215568862274683,True,compression45_expansion20_1.75x
ctrl_000072,GILD,2026-06-17 19:45:00+00:00,-1,15m,15,15,0.5812788133894636,-0.5812788133894636,0.18039687312086136,0.6774904790539178,False,compression45_expansion20_1.75x
ctrl_000072,GILD,2026-06-17 19:45:00+00:00,-1,30m,30,15,0.5812788133894636,-0.5812788133894636,0.18039687312086136,0.6774904790539178,True,compression45_expansion20_1.75x
ctrl_000072,GILD,2026-06-17 19:45:00+00:00,-1,60m,60,15,0.5812788133894636,-0.5812788133894636,0.18039687312086136,0.6774904790539178,True,compression45_expansion20_1.75x
ctrl_000072,GILD,2026-06-17 19:45:00+00:00,-1,120m,120,15,0.5812788133894636,-0.5812788133894636,0.18039687312086136,0.6774904790539178,True,compression45_expansion20_1.75x
ctrl_000073,GILD,2026-07-01 19:32:00+00:00,-1,15m,15,15,0.21895776105737147,-0.21895776105737147,0.10748835542816602,0.21895776105737147,False,compression45_expansion20_1.75x
ctrl_000073,GILD,2026-07-01 19:32:00+00:00,-1,30m,30,28,0.2985787650782276,-0.2985787650782276,0.10748835542816602,0.5971575301564552,True,compression45_expansion20_1.75x
ctrl_000073,GILD,2026-07-01 19:32:00+00:00,-1,60m,60,28,0.2985787650782276,-0.2985787650782276,0.10748835542816602,0.5971575301564552,True,compression45_expansion20_1.75x
ctrl_000073,GILD,2026-07-01 19:32:00+00:00,-1,120m,120,28,0.2985787650782276,-0.2985787650782276,0.10748835542816602,0.5971575301564552,True,compression45_expansion20_1.75x
ctrl_000074,GILD,2026-05-22 16:27:00+00:00,1,15m,15,15,0.033749578130263996,0.033749578130263996,0.09749878126523077,0.04874939063261539,False,compression45_expansion20_1.75x
ctrl_000074,GILD,2026-05-22 16:27:00+00:00,1,30m,30,30,0.037499531255846506,0.037499531255846506,0.12374845314432972,0.04874939063261539,False,compression45_expansion20_1.75x
ctrl_000074,GILD,2026-05-22 16:27:00+00:00,1,60m,60,60,0.12749840626991224,0.12749840626991224,0.3862451719353406,0.05624929688380174,False,compression45_expansion20_1.75x
ctrl_000074,GILD,2026-05-22 16:27:00+00:00,1,120m,120,120,0.6074924063449224,0.6074924063449224,0.6712416094798678,0.05624929688380174,False,compression45_expansion20_1.75x
ctrl_000075,GILD,2026-05-21 16:04:00+00:00,1,15m,15,15,-0.015360983102904617,-0.015360983102904617,0.10752688172044148,0.030721966205831064,False,compression45_expansion20_1.75x
ctrl_000075,GILD,2026-05-21 16:04:00+00:00,1,30m,30,30,-0.10368663594469349,-0.10368663594469349,0.10752688172044148,0.1228878648233461,False,compression45_expansion20_1.75x
ctrl_000075,GILD,2026-05-21 16:04:00+00:00,1,60m,60,60,-0.09984639016896732,-0.09984639016896732,0.10752688172044148,0.20737327188938698,False,compression45_expansion20_1.75x
ctrl_000075,GILD,2026-05-21 16:04:00+00:00,1,120m,120,120,0.6835637480798885,0.6835637480798885,0.8678955453149185,0.20737327188938698,False,compression45_expansion20_1.75x
ctrl_000076,GILD,2026-06-11 16:27:00+00:00,1,15m,15,15,0.003971248163294113,0.003971248163294113,0.0913387077558436,0.11516619673563086,False,compression45_expansion20_1.75x
ctrl_000076,GILD,2026-06-11 16:27:00+00:00,1,30m,30,30,-0.21047615265477987,-0.21047615265477987,0.0913387077558436,0.25415988245106025,False,compression45_expansion20_1.75x
ctrl_000076,GILD,2026-06-11 16:27:00+00:00,1,60m,60,60,-0.26210237877764847,-0.26210237877764847,0.0913387077558436,0.4249235534728538,False,compression45_expansion20_1.75x
ctrl_000076,GILD,2026-06-11 16:27:00+00:00,1,120m,120,120,0.6076009689845523,0.6076009689845523,1.163575711846236,0.4249235534728538,False,compression45_expansion20_1.75x
ctrl_000077,GOOGL,2026-08-11 18:14:00+00:00,1,15m,15,15,-0.09805335255947369,-0.09805335255947369,0.03749098774332962,0.1095890410958891,False,compression45_expansion20_1.75x
ctrl_000077,GOOGL,2026-08-11 18:14:00+00:00,1,30m,30,30,-0.475847152126886,-0.475847152126886,0.03749098774332962,0.48738284066330145,False,compression45_expansion20_1.75x
ctrl_000077,GOOGL,2026-08-11 18:14:00+00:00,1,60m,60,60,-0.5277577505407308,-0.5277577505407308,0.03749098774332962,0.6454217736121123,False,compression45_expansion20_1.75x
ctrl_000077,GOOGL,2026-08-11 18:14:00+00:00,1,120m,120,106,-0.8536409516942983,-0.8536409516942983,0.03749098774332962,0.9689978370584034,True,compression45_expansion20_1.75x
ctrl_000078,GOOGL,2026-06-17 19:09:00+00:00,1,15m,15,15,-0.25666584287558575,-0.25666584287558575,0.2471373259741267,0.3240244940549762,False,compression45_expansion20_1.75x
ctrl_000078,GOOGL,2026-06-17 19:09:00+00:00,1,30m,30,30,-0.49702062223686805,-0.49702062223686805,0.2471373259741267,0.590383612049327,False,compression45_expansion20_1.75x
ctrl_000078,GOOGL,2026-06-17 19:09:00+00:00,1,60m,60,51,-0.13729851443007388,-0.13729851443007388,0.2471373259741267,0.590383612049327,True,compression45_expansion20_1.75x
ctrl_000078,GOOGL,2026-06-17 19:09:00+00:00,1,120m,120,51,-0.13729851443007388,-0.13729851443007388,0.2471373259741267,0.590383612049327,True,compression45_expansion20_1.75x
ctrl_000079,GOOGL,2026-07-15 19:32:00+00:00,-1,15m,15,15,0.2271805273833604,-0.2271805273833604,0.01893171061527875,0.43450980392157257,False,compression45_expansion20_1.75x
ctrl_000079,GOOGL,2026-07-15 19:32:00+00:00,-1,30m,30,28,0.3380662609871535,-0.3380662609871535,0.23258958755916526,0.43450980392157257,True,compression45_expansion20_1.75x
ctrl_000079,GOOGL,2026-07-15 19:32:00+00:00,-1,60m,60,28,0.3380662609871535,-0.3380662609871535,0.23258958755916526,0.43450980392157257,True,compression45_expansion20_1.75x
ctrl_000079,GOOGL,2026-07-15 19:32:00+00:00,-1,120m,120,28,0.3380662609871535,-0.3380662609871535,0.23258958755916526,0.43450980392157257,True,compression45_expansion20_1.75x
ctrl_000080,GOOGL,2026-08-13 16:24:00+00:00,-1,15m,15,15,0.005116642095218895,-0.005116642095218895,0.06359668140954161,0.12141184632729625,False,compression45_expansion20_1.75x
ctrl_000080,GOOGL,2026-08-13 16:24:00+00:00,-1,30m,30,30,0.11273957158962401,-0.11273957158962401,0.06359668140954161,0.12141184632729625,False,compression45_expansion20_1.75x
ctrl_000080,GOOGL,2026-08-13 16:24:00+00:00,-1,60m,60,60,-0.14742867054028008,0.14742867054028008,0.1676639782614934,0.3960338796866431,False,compression45_expansion20_1.75x
ctrl_000080,GOOGL,2026-08-13 16:24:00+00:00,-1,120m,120,120,0.0115630329835575,-0.0115630329835575,0.1676639782614934,0.3960338796866431,False,compression45_expansion20_1.75x
ctrl_000081,GOOGL,2026-06-01 16:01:00+00:00,1,15m,15,15,-0.12648789710541525,-0.12648789710541525,0.039943546454353614,0.14113386413867673,False,compression45_expansion20_1.75x
ctrl_000081,GOOGL,2026-06-01 16:01:00+00:00,1,30m,30,30,-0.12249354245998444,-0.12249354245998444,0.039943546454353614,0.22565440843607523,False,compression45_expansion20_1.75x
ctrl_000081,GOOGL,2026-06-01 16:01:00+00:00,1,60m,60,60,0.1238249940084765,0.1238249940084765,0.17841450749607646,0.22565440843607523,False,compression45_expansion20_1.75x
ctrl_000081,GOOGL,2026-06-01 16:01:00+00:00,1,120m,120,120,0.10707533352861784,0.10707533352861784,0.790882219796029,0.22565440843607523,False,compression45_expansion20_1.75x
ctrl_000082,HON,2026-06-02 18:16:00+00:00,1,15m,15,15,0.16220721299330507,0.16220721299330507,0.17500967652868876,0.24320413229383797,False,compression45_expansion20_1.75x
ctrl_000082,HON,2026-06-02 18:16:00+00:00,1,30m,30,30,0.3137030314953356,0.3137030314953356,0.3649128856368705,0.24320413229383797,False,compression45_expansion20_1.75x
ctrl_000082,HON,2026-06-02 18:16:00+00:00,1,60m,60,60,0.3393079585661031,0.3393079585661031,0.43080289796564697,0.24320413229383797,False,compression45_expansion20_1.75x
ctrl_000082,HON,2026-06-02 18:16:00+00:00,1,120m,120,104,0.4139889958558435,0.4139889958558435,0.7596555113111918,0.24320413229383797,True,compression45_expansion20_1.75x
ctrl_000083,HON,2026-07-13 18:29:00+00:00,1,15m,15,15,0.09962414527011677,0.09962414527011677,0.09962414527011677,0.06339718335371769,False,compression45_expansion20_1.75x
ctrl_000083,HON,2026-07-13 18:29:00+00:00,1,30m,30,30,-0.03622696191641195,-0.03622696191641195,0.11320925598876964,0.09056740479102343,False,compression45_expansion20_1.75x
ctrl_000083,HON,2026-07-13 18:29:00+00:00,1,60m,60,59,0.009056740479093333,0.009056740479093333,0.14037947742606252,0.18566317982159353,False,compression45_expansion20_1.75x
ctrl_000083,HON,2026-07-13 18:29:00+00:00,1,120m,120,90,0.6294434632975531,0.6294434632975531,0.7335959788072164,0.18566317982159353,True,compression45_expansion20_1.75x
ctrl_000084,HON,2026-07-31 19:26:00+00:00,1,15m,15,15,-0.19543178209357037,-0.19543178209357037,0.0895729001262159,0.4641504824722181,False,compression45_expansion20_1.75x
ctrl_000084,HON,2026-07-31 19:26:00+00:00,1,30m,30,30,-0.7267619396604474,-0.7267619396604474,0.0895729001262159,0.7817271283742582,False,compression45_expansion20_1.75x
ctrl_000084,HON,2026-07-31 19:26:00+00:00,1,60m,60,34,-1.0423028378323367,-1.0423028378323367,0.0895729001262159,1.0870892878954506,True,compression45_expansion20_1.75x
ctrl_000084,HON,2026-07-31 19:26:00+00:00,1,120m,120,34,-1.0423028378323367,-1.0423028378323367,0.0895729001262159,1.0870892878954506,True,compression45_expansion20_1.75x
ctrl_000085,HON,2026-05-19 18:12:00+00:00,1,15m,15,15,0.02753430315267875,0.02753430315267875,0.09637006103437563,0.12390436418705439,False,compression45_expansion20_1.75x
ctrl_000085,HON,2026-05-19 18:12:00+00:00,1,30m,30,30,-0.02771786517368966,-0.02771786517368966,0.09637006103437563,0.16520581891605948,False,compression45_expansion20_1.75x
ctrl_000085,HON,2026-05-19 18:12:00+00:00,1,60m,60,60,-0.07801385893258111,-0.07801385893258111,0.09637006103437563,0.2959937588912901,False,compression45_expansion20_1.75x
ctrl_000085,HON,2026-05-19 18:12:00+00:00,1,120m,120,108,-0.3487678399339135,-0.3487678399339135,0.09637006103437563,0.403836446239271,True,compression45_expansion20_1.75x
ctrl_000086,HON,2026-07-27 19:31:00+00:00,1,15m,15,15,0.12694512694512788,0.12694512694512788,0.2743652743652809,0.10647010647010274,False,compression45_expansion20_1.75x
ctrl_000086,HON,2026-07-27 19:31:00+00:00,1,30m,30,29,0.6347256347256394,0.6347256347256394,0.6674856674856773,0.10647010647010274,True,compression45_expansion20_1.75x
ctrl_000086,HON,2026-07-27 19:31:00+00:00,1,60m,60,29,0.6347256347256394,0.6347256347256394,0.6674856674856773,0.10647010647010274,True,compression45_expansion20_1.75x
ctrl_000086,HON,2026-07-27 19:31:00+00:00,1,120m,120,29,0.6347256347256394,0.6347256347256394,0.6674856674856773,0.10647010647010274,True,compression45_expansion20_1.75x
ctrl_000087,HON,2026-07-30 18:11:00+00:00,1,15m,15,14,-0.041638907395067586,-0.041638907395067586,0.05829447035310409,0.21652231845436803,False,compression45_expansion20_1.75x
ctrl_000087,HON,2026-07-30 18:11:00+00:00,1,30m,30,26,-0.07495003331112875,-0.07495003331112875,0.05829447035310409,0.21652231845436803,False,compression45_expansion20_1.75x
ctrl_000087,HON,2026-07-30 18:11:00+00:00,1,60m,60,56,0.22485009993337443,0.22485009993337443,0.24150566289141093,0.21652231845436803,False,compression45_expansion20_1.75x
ctrl_000087,HON,2026-07-30 18:11:00+00:00,1,120m,120,105,0.6953697534976748,0.6953697534976748,0.9410393071285772,0.21652231845436803,True,compression45_expansion20_1.75x
ctrl_000088,HON,2026-06-15 19:06:00+00:00,-1,15m,15,15,0.12811882478122774,-0.12811882478122774,0.11943280276215747,0.2800807800047803,False,compression45_expansion20_1.75x
ctrl_000088,HON,2026-06-15 19:06:00+00:00,-1,30m,30,30,-0.010857527523834742,0.010857527523834742,0.1628629128574841,0.2800807800047803,False,compression45_expansion20_1.75x
ctrl_000088,HON,2026-06-15 19:06:00+00:00,-1,60m,60,54,-1.2312436212025832,1.2312436212025832,1.4201646001172534,0.2800807800047803,True,compression45_expansion20_1.75x
ctrl_000088,HON,2026-06-15 19:06:00+00:00,-1,120m,120,54,-1.2312436212025832,1.2312436212025832,1.4201646001172534,0.2800807800047803,True,compression45_expansion20_1.75x
ctrl_000089,HON,2026-08-13 19:08:00+00:00,-1,15m,15,15,-0.014917421417153581,0.014917421417153581,0.05753862546616555,0.0511454448588192,False,compression45_expansion20_1.75x
ctrl_000089,HON,2026-08-13 19:08:00+00:00,-1,30m,30,30,-0.07245604688331912,0.07245604688331912,0.11251997868940225,0.05753862546616555,False,compression45_expansion20_1.75x
ctrl_000089,HON,2026-08-13 19:08:00+00:00,-1,60m,60,52,-0.26638252530633993,0.26638252530633993,0.3963771976558367,0.38998401704847824,True,compression45_expansion20_1.75x
ctrl_000089,HON,2026-08-13 19:08:00+00:00,-1,120m,120,52,-0.26638252530633993,0.26638252530633993,0.3963771976558367,0.38998401704847824,True,compression45_expansion20_1.75x
ctrl_000090,HON,2026-06-10 18:37:00+00:00,-1,15m,15,15,-0.2018163471241247,0.2018163471241247,0.28350391619816606,0.07688241795204294,False,compression45_expansion20_1.75x
ctrl_000090,HON,2026-06-10 18:37:00+00:00,-1,30m,30,30,-0.3219451251741944,0.3219451251741944,0.40603526980924853,0.07688241795204294,False,compression45_expansion20_1.75x
ctrl_000090,HON,2026-06-10 18:37:00+00:00,-1,60m,60,60,-0.7784344817644536,0.7784344817644536,0.9514199221565606,0.07688241795204294,False,compression45_expansion20_1.75x
ctrl_000090,HON,2026-06-10 18:37:00+00:00,-1,120m,120,83,-1.1196002114266552,1.1196002114266552,1.2445341405987234,0.07688241795204294,True,compression45_expansion20_1.75x
ctrl_000091,HON,2026-06-17 19:21:00+00:00,-1,15m,15,15,-0.34004708344232326,0.34004708344232326,0.36620455139942604,0.15258522974975774,False,compression45_expansion20_1.75x
ctrl_000091,HON,2026-06-17 19:21:00+00:00,-1,30m,30,30,-0.3226087714709256,0.3226087714709256,0.6495771209346974,0.15258522974975774,False,compression45_expansion20_1.75x
ctrl_000091,HON,2026-06-17 19:21:00+00:00,-1,60m,60,39,-0.3051704594995155,0.3051704594995155,0.6495771209346974,0.15258522974975774,True,compression45_expansion20_1.75x
ctrl_000091,HON,2026-06-17 19:21:00+00:00,-1,120m,120,39,-0.3051704594995155,0.3051704594995155,0.6495771209346974,0.15258522974975774,True,compression45_expansion20_1.75x
ctrl_000092,HON,2026-06-30 19:40:00+00:00,-1,15m,15,15,0.8600398334238665,-0.8600398334238665,0.02715915263442597,0.9007785623755248,False,compression45_expansion20_1.75x
ctrl_000092,HON,2026-06-30 19:40:00+00:00,-1,30m,30,20,1.344378055404671,-1.344378055404671,0.02715915263442597,1.4032228861126304,True,compression45_expansion20_1.75x
ctrl_000092,HON,2026-06-30 19:40:00+00:00,-1,60m,60,20,1.344378055404671,-1.344378055404671,0.02715915263442597,1.4032228861126304,True,compression45_expansion20_1.75x
ctrl_000092,HON,2026-06-30 19:40:00+00:00,-1,120m,120,20,1.344378055404671,-1.344378055404671,0.02715915263442597,1.4032228861126304,True,compression45_expansion20_1.75x
ctrl_000093,HON,2026-06-11 19:35:00+00:00,-1,15m,15,15,-0.011409794167315815,0.011409794167315815,0.14148144767468498,0.17799278901008003,False,compression45_expansion20_1.75x
ctrl_000093,HON,2026-06-11 19:35:00+00:00,-1,30m,30,25,-0.03651134133540802,0.03651134133540802,0.41531650769021267,0.17799278901008003,True,compression45_expansion20_1.75x
ctrl_000093,HON,2026-06-11 19:35:00+00:00,-1,60m,60,25,-0.03651134133540802,0.03651134133540802,0.41531650769021267,0.17799278901008003,True,compression45_expansion20_1.75x
ctrl_000093,HON,2026-06-11 19:35:00+00:00,-1,120m,120,25,-0.03651134133540802,0.03651134133540802,0.41531650769021267,0.17799278901008003,True,compression45_expansion20_1.75x
ctrl_000094,HON,2026-08-11 18:09:00+00:00,1,15m,15,15,0.13991432937986398,0.13991432937986398,0.1485244419570781,0.23032051144068563,False,compression45_expansion20_1.75x
ctrl_000094,HON,2026-08-11 18:09:00+00:00,1,30m,30,30,-0.06672837247347058,-0.06672837247347058,0.32503174979012656,0.23032051144068563,False,compression45_expansion20_1.75x
ctrl_000094,HON,2026-08-11 18:09:00+00:00,1,60m,60,60,-0.17435477968874494,-0.17435477968874494,0.32503174979012656,0.5876401833954018,False,compression45_expansion20_1.75x
ctrl_000094,HON,2026-08-11 18:09:00+00:00,1,120m,120,111,-0.9707901930817726,-0.9707901930817726,0.32503174979012656,1.11285705060594,True,compression45_expansion20_1.75x
ctrl_000095,HON,2026-08-13 15:53:00+00:00,1,15m,15,13,-0.1692627429134661,-0.1692627429134661,0.0,0.1692627429134661,False,compression45_expansion20_1.75x
ctrl_000095,HON,2026-08-13 15:53:00+00:00,1,30m,30,27,-0.26353566301716586,-0.26353566301716586,0.0,0.26353566301716586,False,compression45_expansion20_1.75x
ctrl_000095,HON,2026-08-13 15:53:00+00:00,1,60m,60,56,-0.07070469007778393,-0.07070469007778393,0.012855398195959607,0.29995929123905346,False,compression45_expansion20_1.75x
ctrl_000095,HON,2026-08-13 15:53:00+00:00,1,120m,120,110,0.2206843356972924,0.2206843356972924,0.3277698026696304,0.29995929123905346,False,compression45_expansion20_1.75x
ctrl_000096,HON,2026-05-27 15:56:00+00:00,1,15m,15,15,-0.08822896492359979,-0.08822896492359979,0.09468474284484565,0.10114052076607928,False,compression45_expansion20_1.75x
ctrl_000096,HON,2026-05-27 15:56:00+00:00,1,30m,30,30,0.1549386701097541,0.1549386701097541,0.18506563374220222,0.14202711426726236,False,compression45_expansion20_1.75x
ctrl_000096,HON,2026-05-27 15:56:00+00:00,1,60m,60,59,0.10544437271358062,0.10544437271358062,0.19793415106520534,0.14202711426726236,False,compression45_expansion20_1.75x
ctrl_000096,HON,2026-05-27 15:56:00+00:00,1,120m,120,118,0.6025392726490233,0.6025392726490233,0.6498816440714523,0.14202711426726236,False,compression45_expansion20_1.75x
ctrl_000097,HON,2026-08-10 15:51:00+00:00,1,15m,15,15,0.030794498049677124,0.030794498049677124,0.06569492917265309,0.03900636419626313,False,compression45_expansion20_1.75x
ctrl_000097,HON,2026-08-10 15:51:00+00:00,1,30m,30,30,-0.036953397659619545,-0.036953397659619545,0.3295011291315872,0.08006569492918152,False,compression45_expansion20_1.75x
ctrl_000097,HON,2026-08-10 15:51:00+00:00,1,60m,60,60,0.0030794498049653784,0.0030794498049653784,0.3295011291315872,0.2094025867378441,False,compression45_expansion20_1.75x
ctrl_000097,HON,2026-08-10 15:51:00+00:00,1,120m,120,120,-0.049271196879492725,-0.049271196879492725,0.3295011291315872,0.3448983781564374,False,compression45_expansion20_1.75x
ctrl_000098,HON,2026-07-14 16:10:00+00:00,-1,15m,15,15,-0.0493273542600958,0.0493273542600958,0.14349775784753058,0.11659192825111699,False,compression45_expansion20_1.75x
ctrl_000098,HON,2026-07-14 16:10:00+00:00,-1,30m,30,30,0.11659192825111699,-0.11659192825111699,0.14349775784753058,0.2107623318385645,False,compression45_expansion20_1.75x
ctrl_000098,HON,2026-07-14 16:10:00+00:00,-1,60m,60,60,0.06950672645739961,-0.06950672645739961,0.14349775784753058,0.21973094170403992,False,compression45_expansion20_1.75x
ctrl_000098,HON,2026-07-14 16:10:00+00:00,-1,120m,120,117,0.336322869955157,-0.336322869955157,0.17937219730941958,0.38116591928250865,False,compression45_expansion20_1.75x
ctrl_000099,INTU,2026-08-04 18:26:00+00:00,1,15m,15,15,0.009347250350531099,0.009347250350531099,0.10281975385573583,0.10905125408941141,False,compression45_expansion20_1.75x
ctrl_000099,INTU,2026-08-04 18:26:00+00:00,1,30m,30,30,0.17448200654307597,0.17448200654307597,0.19317650724412044,0.10905125408941141,False,compression45_expansion20_1.75x
ctrl_000099,INTU,2026-08-04 18:26:00+00:00,1,60m,60,60,0.657423274653377,0.657423274653377,0.657423274653377,0.10905125408941141,False,compression45_expansion20_1.75x
ctrl_000099,INTU,2026-08-04 18:26:00+00:00,1,120m,120,94,0.8194422807290842,0.8194422807290842,1.0655865399595001,0.10905125408941141,True,compression45_expansion20_1.75x
ctrl_000100,INTU,2026-08-14 18:35:00+00:00,1,15m,15,15,0.06346001298044868,0.06346001298044868,0.1530828585851208,0.05047955577991241,False,compression45_expansion20_1.75x
ctrl_000100,INTU,2026-08-14 18:35:00+00:00,1,30m,30,30,-0.0475950097353488,-0.0475950097353488,0.2062450421864787,0.05047955577991241,False,compression45_expansion20_1.75x
ctrl_000100,INTU,2026-08-14 18:35:00+00:00,1,60m,60,60,-0.038941371601641565,-0.038941371601641565,0.2062450421864787,0.26970505516694376,False,compression45_expansion20_1.75x
ctrl_000100,INTU,2026-08-14 18:35:00+00:00,1,120m,120,85,-0.2639359630778165,-0.2639359630778165,0.2062450421864787,0.49758419268768234,True,compression45_expansion20_1.75x
ctrl_000101,ISRG,2026-06-09 19:00:00+00:00,1,15m,15,15,-0.11237533361426262,-0.11237533361426262,0.117057639181533,0.11469307487006071,False,compression45_expansion20_1.75x
ctrl_000101,ISRG,2026-06-09 19:00:00+00:00,1,30m,30,30,-0.2645502645502635,-0.2645502645502635,0.117057639181533,0.3371260008428145,False,compression45_expansion20_1.75x
ctrl_000101,ISRG,2026-06-09 19:00:00+00:00,1,60m,60,60,-0.14281031980147343,-0.14281031980147343,0.117057639181533,0.5571943625040959,False,compression45_expansion20_1.75x
ctrl_000101,ISRG,2026-06-09 19:00:00+00:00,1,120m,120,60,-0.14281031980147343,-0.14281031980147343,0.117057639181533,0.5571943625040959,True,compression45_expansion20_1.75x
ctrl_000102,ISRG,2026-06-17 19:23:00+00:00,-1,15m,15,15,0.12028219574213889,-0.12028219574213889,0.2592611058483232,0.1570524006581232,False,compression45_expansion20_1.75x
ctrl_000102,ISRG,2026-06-17 19:23:00+00:00,-1,30m,30,30,0.16079174353094647,-0.16079174353094647,0.2592611058483232,0.2966296056239774,False,compression45_expansion20_1.75x
ctrl_000102,ISRG,2026-06-17 19:23:00+00:00,-1,60m,60,37,0.2592611058483374,-0.2592611058483374,0.2592611058483232,0.3490053347958404,True,compression45_expansion20_1.75x
ctrl_000102,ISRG,2026-06-17 19:23:00+00:00,-1,120m,120,37,0.2592611058483374,-0.2592611058483374,0.2592611058483232,0.3490053347958404,True,compression45_expansion20_1.75x
ctrl_000103,ISRG,2026-06-08 16:30:00+00:00,1,15m,15,15,-0.07988839472020688,-0.07988839472020688,0.07511893831900456,0.08465785112140922,False,compression45_expansion20_1.75x
ctrl_000103,ISRG,2026-06-08 16:30:00+00:00,1,30m,30,30,-0.0870425793220104,-0.0870425793220104,0.07511893831900456,0.25635828156485596,False,compression45_expansion20_1.75x
ctrl_000103,ISRG,2026-06-08 16:30:00+00:00,1,60m,60,60,0.02503964610633937,0.02503964610633937,0.2277415431576284,0.27424374306937827,False,compression45_expansion20_1.75x
ctrl_000103,ISRG,2026-06-08 16:30:00+00:00,1,120m,120,119,0.20270189705128902,0.20270189705128902,0.30882230197813587,0.27424374306937827,False,compression45_expansion20_1.75x
ctrl_000104,ISRG,2026-06-11 16:24:00+00:00,1,15m,15,15,0.05739897170351765,0.05739897170351765,0.14044429246607687,0.16242687737381883,False,compression45_expansion20_1.75x
ctrl_000104,ISRG,2026-06-11 16:24:00+00:00,1,30m,30,30,-0.17463942454478507,-0.17463942454478507,0.14044429246607687,0.17463942454478507,False,compression45_expansion20_1.75x
ctrl_000104,ISRG,2026-06-11 16:24:00+00:00,1,60m,60,60,-0.07205402830868822,-0.07205402830868822,0.14044429246607687,0.37490077305423425,False,compression45_expansion20_1.75x
ctrl_000104,ISRG,2026-06-11 16:24:00+00:00,1,120m,120,120,1.156528217090228,1.156528217090228,1.6547757165712058,0.37490077305423425,False,compression45_expansion20_1.75x
ctrl_000105,KLAC,2026-06-01 16:32:00+00:00,1,15m,15,15,0.5190510273919018,0.5190510273919018,0.6645524980800089,0.03186926287961778,False,compression45_expansion20_1.75x
ctrl_000105,KLAC,2026-06-01 16:32:00+00:00,1,30m,30,30,0.7371726216909584,0.7371726216909584,0.8312130695324665,0.03186926287961778,False,compression45_expansion20_1.75x
ctrl_000105,KLAC,2026-06-01 16:32:00+00:00,1,60m,60,60,0.7528460296645412,0.7528460296645412,0.9106250032652967,0.03186926287961778,False,compression45_expansion20_1.75x
ctrl_000105,KLAC,2026-06-01 16:32:00+00:00,1,120m,120,120,1.4712105617871907,1.4712105617871907,1.775274676474738,0.03186926287961778,False,compression45_expansion20_1.75x
ctrl_000106,MDLZ,2026-07-30 18:19:00+00:00,-1,15m,15,15,0.039506953223765136,-0.039506953223765136,0.09481668773704531,0.09481668773704531,False,compression45_expansion20_1.75x
ctrl_000106,MDLZ,2026-07-30 18:19:00+00:00,-1,30m,30,30,0.04898862199746967,-0.04898862199746967,0.09481668773704531,0.15012642225031425,False,compression45_expansion20_1.75x
ctrl_000106,MDLZ,2026-07-30 18:19:00+00:00,-1,60m,60,60,-0.33185840707964737,0.33185840707964737,0.33185840707964737,0.17383059418457558,False,compression45_expansion20_1.75x
ctrl_000106,MDLZ,2026-07-30 18:19:00+00:00,-1,120m,120,101,-0.3713653603034125,0.3713653603034125,0.6005056890012682,0.17383059418457558,True,compression45_expansion20_1.75x
ctrl_000107,MDLZ,2026-08-11 18:05:00+00:00,1,15m,15,15,-0.0976165297323717,-0.0976165297323717,0.07321239729926722,0.10575124054340655,False,compression45_expansion20_1.75x
ctrl_000107,MDLZ,2026-08-11 18:05:00+00:00,1,30m,30,30,-0.16269421622061567,-0.16269421622061567,0.07321239729926722,0.23590661351989445,False,compression45_expansion20_1.75x
ctrl_000107,MDLZ,2026-08-11 18:05:00+00:00,1,60m,60,60,0.146424794598546,0.146424794598546,0.26844545676401066,0.23590661351989445,False,compression45_expansion20_1.75x
ctrl_000107,MDLZ,2026-08-11 18:05:00+00:00,1,120m,120,115,0.4962173594728702,0.4962173594728702,0.6019686000162653,0.23590661351989445,True,compression45_expansion20_1.75x
ctrl_000108,MDLZ,2026-07-27 18:03:00+00:00,-1,15m,15,15,0.19795447047179898,-0.19795447047179898,0.024744308808974873,0.23094688221709103,False,compression45_expansion20_1.75x
ctrl_000108,MDLZ,2026-07-27 18:03:00+00:00,-1,30m,30,30,0.2886836027713696,-0.2886836027713696,0.024744308808974873,0.2886836027713696,False,compression45_expansion20_1.75x
ctrl_000108,MDLZ,2026-07-27 18:03:00+00:00,-1,60m,60,60,0.14846585285384925,-0.14846585285384925,0.024744308808974873,0.3134279115803445,False,compression45_expansion20_1.75x
ctrl_000108,MDLZ,2026-07-27 18:03:00+00:00,-1,120m,120,117,0.049488617617949746,-0.049488617617949746,0.1732101616628124,0.32992411745299055,True,compression45_expansion20_1.75x
ctrl_000109,MDLZ,2026-07-07 18:17:00+00:00,-1,15m,15,15,-0.06686167989971793,0.06686167989971793,0.15879648976181523,0.05850396991223834,False,compression45_expansion20_1.75x
ctrl_000109,MDLZ,2026-07-07 18:17:00+00:00,-1,30m,30,30,0.309235269536139,-0.309235269536139,0.15879648976181523,0.4346009193480953,False,compression45_expansion20_1.75x
ctrl_000109,MDLZ,2026-07-07 18:17:00+00:00,-1,60m,60,60,0.6686167989970724,-0.6686167989970724,0.15879648976181523,0.6769745089845282,False,compression45_expansion20_1.75x
ctrl_000109,MDLZ,2026-07-07 18:17:00+00:00,-1,120m,120,103,0.6435436690346811,-0.6435436690346811,0.15879648976181523,1.0948600083576998,True,compression45_expansion20_1.75x
ctrl_000110,MDLZ,2026-07-02 18:07:00+00:00,1,15m,15,15,0.13220955214015107,0.13220955214015107,0.1817881341926945,0.09089406709634724,False,compression45_expansion20_1.75x
ctrl_000110,MDLZ,2026-07-02 18:07:00+00:00,1,30m,30,30,0.25615600727152726,0.25615600727152726,0.25615600727152726,0.09089406709634724,False,compression45_expansion20_1.75x
ctrl_000110,MDLZ,2026-07-02 18:07:00+00:00,1,60m,60,60,0.38836555941166656,0.38836555941166656,0.4296810444554704,0.09089406709634724,False,compression45_expansion20_1.75x
ctrl_000110,MDLZ,2026-07-02 18:07:00+00:00,1,120m,120,113,0.6032060816394017,0.6032060816394017,0.9089406709634842,0.09089406709634724,True,compression45_expansion20_1.75x
ctrl_000111,MDLZ,2026-06-17 19:27:00+00:00,-1,15m,15,15,-0.02491073652744427,0.02491073652744427,0.32383957485676373,0.09133936726729172,False,compression45_expansion20_1.75x
ctrl_000111,MDLZ,2026-06-17 19:27:00+00:00,-1,30m,30,30,0.9300008303578762,-0.9300008303578762,0.32383957485676373,0.9383044092003615,False,compression45_expansion20_1.75x
ctrl_000111,MDLZ,2026-06-17 19:27:00+00:00,-1,60m,60,33,1.0794652495225419,-1.0794652495225419,0.32383957485676373,1.137590301419904,True,compression45_expansion20_1.75x
ctrl_000111,MDLZ,2026-06-17 19:27:00+00:00,-1,120m,120,33,1.0794652495225419,-1.0794652495225419,0.32383957485676373,1.137590301419904,True,compression45_expansion20_1.75x
ctrl_000112,MDLZ,2026-06-08 16:36:00+00:00,-1,15m,15,15,-0.17726210619611543,0.17726210619611543,0.1933768431230319,0.024172105390380418,False,compression45_expansion20_1.75x
ctrl_000112,MDLZ,2026-06-08 16:36:00+00:00,-1,30m,30,30,-0.20143421158649583,0.20143421158649583,0.22560631697687628,0.024172105390380418,False,compression45_expansion20_1.75x
ctrl_000112,MDLZ,2026-06-08 16:36:00+00:00,-1,60m,60,60,-0.2820078962210896,0.2820078962210896,0.3384094754653144,0.024172105390380418,False,compression45_expansion20_1.75x
ctrl_000112,MDLZ,2026-06-08 16:36:00+00:00,-1,120m,120,120,-0.17726210619611543,0.17726210619611543,0.728386109096766,0.024172105390380418,False,compression45_expansion20_1.75x
ctrl_000113,MDLZ,2026-06-11 16:25:00+00:00,1,15m,15,15,-0.10205683780812957,-0.10205683780812957,0.06280420788192675,0.17271157167530135,False,compression45_expansion20_1.75x
ctrl_000113,MDLZ,2026-06-11 16:25:00+00:00,1,30m,30,30,-0.1570105197048113,-0.1570105197048113,0.06280420788192675,0.21981472758674922,False,compression45_expansion20_1.75x
ctrl_000113,MDLZ,2026-06-11 16:25:00+00:00,1,60m,60,60,-0.03925262992620283,-0.03925262992620283,0.07065473386717178,0.282618935468676,False,compression45_expansion20_1.75x
ctrl_000113,MDLZ,2026-06-11 16:25:00+00:00,1,120m,120,120,0.13345894174909853,0.13345894174909853,0.4553305071439773,0.282618935468676,False,compression45_expansion20_1.75x
ctrl_000114,MDLZ,2026-05-21 16:07:00+00:00,1,15m,15,15,0.04080966372836856,0.04080966372836856,0.04080966372836856,0.12961149200130542,False,compression45_expansion20_1.75x
ctrl_000114,MDLZ,2026-05-21 16:07:00+00:00,1,30m,30,30,0.17956252040483095,0.17956252040483095,0.17956252040483095,0.12961149200130542,False,compression45_expansion20_1.75x
ctrl_000114,MDLZ,2026-05-21 16:07:00+00:00,1,60m,60,60,0.21221025138753274,0.21221025138753274,0.39177277179236364,0.12961149200130542,False,compression45_expansion20_1.75x
ctrl_000114,MDLZ,2026-05-21 16:07:00+00:00,1,120m,120,120,0.6039830231798964,0.6039830231798964,0.6529546196539318,0.12961149200130542,False,compression45_expansion20_1.75x
ctrl_000115,MDLZ,2026-06-15 16:25:00+00:00,-1,15m,15,15,0.03251503820517497,-0.03251503820517497,0.18696146967971855,0.13006015282068836,False,compression45_expansion20_1.75x
ctrl_000115,MDLZ,2026-06-15 16:25:00+00:00,-1,30m,30,30,0.13006015282068836,-0.13006015282068836,0.18696146967971855,0.1788327101284335,False,compression45_expansion20_1.75x
ctrl_000115,MDLZ,2026-06-15 16:25:00+00:00,-1,60m,60,60,0.016257519102593262,-0.016257519102593262,0.18696146967971855,0.1788327101284335,False,compression45_expansion20_1.75x
ctrl_000115,MDLZ,2026-06-15 16:25:00+00:00,-1,120m,120,120,-0.032515038205163424,0.032515038205163424,0.18696146967971855,0.2357340269874868,False,compression45_expansion20_1.75x
ctrl_000116,MDLZ,2026-05-21 15:07:00+00:00,1,15m,15,15,-0.11409942950285294,-0.11409942950285294,0.17929910350448156,0.19559902200489737,False,compression45_expansion20_1.75x
ctrl_000116,MDLZ,2026-05-21 15:07:00+00:00,1,30m,30,30,-0.16299918500407728,-0.16299918500407728,0.17929910350448156,0.2526487367563181,False,compression45_expansion20_1.75x
ctrl_000116,MDLZ,2026-05-21 15:07:00+00:00,1,60m,60,60,-0.17929910350448156,-0.17929910350448156,0.17929910350448156,0.366748166259171,False,compression45_expansion20_1.75x
ctrl_000116,MDLZ,2026-05-21 15:07:00+00:00,1,120m,120,120,0.0651996740016286,0.0651996740016286,0.24449877750611013,0.366748166259171,False,compression45_expansion20_1.75x
ctrl_000117,META,2026-08-13 18:01:00+00:00,1,15m,15,15,0.2864964124188219,0.2864964124188219,0.3604413915054289,0.016152616723913913,False,compression45_expansion20_1.75x
ctrl_000117,META,2026-08-13 18:01:00+00:00,1,30m,30,30,0.25334104124868384,0.25334104124868384,0.3604413915054289,0.016152616723913913,False,compression45_expansion20_1.75x
ctrl_000117,META,2026-08-13 18:01:00+00:00,1,60m,60,60,0.6801101778488116,0.6801101778488116,0.8688407522018591,0.016152616723913913,False,compression45_expansion20_1.75x
ctrl_000117,META,2026-08-13 18:01:00+00:00,1,120m,120,119,1.1204815180059224,1.1204815180059224,1.3109123678035903,0.016152616723913913,True,compression45_expansion20_1.75x
ctrl_000118,META,2026-06-22 18:11:00+00:00,-1,15m,15,15,0.17882119650857894,-0.17882119650857894,0.03363963102635238,0.23724792408066994,False,compression45_expansion20_1.75x
ctrl_000118,META,2026-06-22 18:11:00+00:00,-1,30m,30,30,0.14695207237832916,-0.14695207237832916,0.03363963102635238,0.23724792408066994,False,compression45_expansion20_1.75x
ctrl_000118,META,2026-06-22 18:11:00+00:00,-1,60m,60,60,0.053115206883742896,-0.053115206883742896,0.03363963102635238,0.23724792408066994,False,compression45_expansion20_1.75x
ctrl_000118,META,2026-06-22 18:11:00+00:00,-1,120m,120,109,-0.16996866202792493,0.16996866202792493,0.5860377826171537,0.23724792408066994,True,compression45_expansion20_1.75x
ctrl_000119,META,2026-05-26 19:37:00+00:00,1,15m,15,15,0.1943117850754056,0.1943117850754056,0.26586578701196467,0.038731065268407916,False,compression45_expansion20_1.75x
ctrl_000119,META,2026-05-26 19:37:00+00:00,1,30m,30,23,0.4939851968555611,0.4939851968555611,0.5120378120230423,0.038731065268407916,True,compression45_expansion20_1.75x
ctrl_000119,META,2026-05-26 19:37:00+00:00,1,60m,60,23,0.4939851968555611,0.4939851968555611,0.5120378120230423,0.038731065268407916,True,compression45_expansion20_1.75x
ctrl_000119,META,2026-05-26 19:37:00+00:00,1,120m,120,23,0.4939851968555611,0.4939851968555611,0.5120378120230423,0.038731065268407916,True,compression45_expansion20_1.75x
ctrl_000120,META,2026-07-22 18:14:00+00:00,-1,15m,15,15,0.10980849398648757,-0.10980849398648757,0.07826350844127987,0.1293583989522226,False,compression45_expansion20_1.75x
ctrl_000120,META,2026-07-22 18:14:00+00:00,-1,30m,30,30,-0.046319219281585285,0.046319219281585285,0.09423565302113622,0.1293583989522226,False,compression45_expansion20_1.75x
ctrl_000120,META,2026-07-22 18:14:00+00:00,-1,60m,60,60,0.10381893976903916,-0.10381893976903916,0.09423565302113622,0.29708188918526307,False,compression45_expansion20_1.75x
ctrl_000120,META,2026-07-22 18:14:00+00:00,-1,120m,120,106,0.15652701688255974,-0.15652701688255974,0.33381782171892727,0.4440256193199017,True,compression45_expansion20_1.75x
ctrl_000121,META,2026-05-22 18:14:00+00:00,-1,15m,15,15,0.22898507903678236,-0.22898507903678236,0.018056171106845525,0.3348599005269059,False,compression45_expansion20_1.75x
ctrl_000121,META,2026-05-22 18:14:00+00:00,-1,30m,30,30,0.4358103117151676,-0.4358103117151676,0.018056171106845525,0.46371530342573686,False,compression45_expansion20_1.75x
ctrl_000121,META,2026-05-22 18:14:00+00:00,-1,60m,60,60,0.19041053167216035,-0.19041053167216035,0.018056171106845525,0.46371530342573686,False,compression45_expansion20_1.75x
ctrl_000121,META,2026-05-22 18:14:00+00:00,-1,120m,120,106,0.1772787708671767,-0.1772787708671767,0.11490290704355567,0.46371530342573686,True,compression45_expansion20_1.75x
ctrl_000122,META,2026-08-06 18:18:00+00:00,-1,15m,15,15,0.4066973458540613,-0.4066973458540613,0.0331131450695268,0.4211312808843788,False,compression45_expansion20_1.75x
ctrl_000122,META,2026-08-06 18:18:00+00:00,-1,30m,30,30,0.11886770024962989,-0.11886770024962989,0.0331131450695268,0.4432067109307364,False,compression45_expansion20_1.75x
ctrl_000122,META,2026-08-06 18:18:00+00:00,-1,60m,60,60,0.19528265041008971,-0.19528265041008971,0.0331131450695268,0.4432067109307364,False,compression45_expansion20_1.75x
ctrl_000122,META,2026-08-06 18:18:00+00:00,-1,120m,120,102,0.16471667034590964,-0.16471667034590964,0.26999949056700434,0.4432067109307364,True,compression45_expansion20_1.75x
ctrl_000123,META,2026-05-21 16:14:00+00:00,1,15m,15,15,-0.026600166251033775,-0.026600166251033775,0.11471321695761506,0.06982543640897075,False,compression45_expansion20_1.75x
ctrl_000123,META,2026-05-21 16:14:00+00:00,1,30m,30,30,-0.15128844555277943,-0.15128844555277943,0.11471321695761506,0.18284289276807303,False,compression45_expansion20_1.75x
ctrl_000123,META,2026-05-21 16:14:00+00:00,1,60m,60,60,0.41230257689110855,0.41230257689110855,0.5818786367414797,0.18284289276807303,False,compression45_expansion20_1.75x
ctrl_000123,META,2026-05-21 16:14:00+00:00,1,120m,120,120,1.1787198669991739,1.1787198669991739,1.3466334164588567,0.18284289276807303,False,compression45_expansion20_1.75x
ctrl_000124,MSFT,2026-08-12 19:32:00+00:00,1,15m,15,15,-0.08887284465140638,-0.08887284465140638,0.04467924430562161,0.20014601695059453,False,compression45_expansion20_1.75x
ctrl_000124,MSFT,2026-08-12 19:32:00+00:00,1,30m,30,28,-0.3559770225654509,-0.3559770225654509,0.04467924430562161,0.43691768253941105,True,compression45_expansion20_1.75x
ctrl_000124,MSFT,2026-08-12 19:32:00+00:00,1,60m,60,28,-0.3559770225654509,-0.3559770225654509,0.04467924430562161,0.43691768253941105,True,compression45_expansion20_1.75x
ctrl_000124,MSFT,2026-08-12 19:32:00+00:00,1,120m,120,28,-0.3559770225654509,-0.3559770225654509,0.04467924430562161,0.43691768253941105,True,compression45_expansion20_1.75x
ctrl_000125,MSFT,2026-06-17 19:23:00+00:00,-1,15m,15,15,-0.3256943210753715,0.3256943210753715,0.3678042939012862,0.4433127389247585,False,compression45_expansion20_1.75x
ctrl_000125,MSFT,2026-06-17 19:23:00+00:00,-1,30m,30,30,-0.40201864682233546,0.40201864682233546,0.6809972167939776,0.4433127389247585,False,compression45_expansion20_1.75x
ctrl_000125,MSFT,2026-06-17 19:23:00+00:00,-1,60m,60,37,-0.2914536494213127,0.2914536494213127,0.6941565833020769,0.4433127389247585,True,compression45_expansion20_1.75x
ctrl_000125,MSFT,2026-06-17 19:23:00+00:00,-1,120m,120,37,-0.2914536494213127,0.2914536494213127,0.6941565833020769,0.4433127389247585,True,compression45_expansion20_1.75x
ctrl_000126,MSFT,2026-08-03 19:16:00+00:00,1,15m,15,15,0.24863404751672394,0.24863404751672394,0.36630036630035884,0.040927415229088875,False,compression45_expansion20_1.75x
ctrl_000126,MSFT,2026-08-03 19:16:00+00:00,1,30m,30,30,0.06343749360509184,0.06343749360509184,0.36630036630035884,0.040927415229088875,False,compression45_expansion20_1.75x
ctrl_000126,MSFT,2026-08-03 19:16:00+00:00,1,60m,60,44,-0.20670391061452975,-0.20670391061452975,0.36630036630035884,0.34174391716291486,True,compression45_expansion20_1.75x
ctrl_000126,MSFT,2026-08-03 19:16:00+00:00,1,120m,120,44,-0.20670391061452975,-0.20670391061452975,0.36630036630035884,0.34174391716291486,True,compression45_expansion20_1.75x
ctrl_000127,MSFT,2026-05-20 15:31:00+00:00,1,15m,15,15,0.09835908262163541,0.09835908262163541,0.11515209672776562,0.07676806448517254,False,compression45_expansion20_1.75x
ctrl_000127,MSFT,2026-05-20 15:31:00+00:00,1,30m,30,30,0.11152960368486713,0.11152960368486713,0.16313213703099677,0.09097015641492394,False,compression45_expansion20_1.75x
ctrl_000127,MSFT,2026-05-20 15:31:00+00:00,1,60m,60,60,0.23030419345553124,0.23030419345553124,0.6309375299875378,0.09097015641492394,False,compression45_expansion20_1.75x
ctrl_000127,MSFT,2026-05-20 15:31:00+00:00,1,120m,120,120,0.6381345360330163,0.6381345360330163,0.6861145763362475,0.09097015641492394,False,compression45_expansion20_1.75x
ctrl_000128,MSFT,2026-05-21 15:58:00+00:00,1,15m,15,15,-0.22709344297563855,-0.22709344297563855,0.04063777400617119,0.29115769846770756,False,compression45_expansion20_1.75x
ctrl_000128,MSFT,2026-05-21 15:58:00+00:00,1,30m,30,30,-0.2772930461597228,-0.2772930461597228,0.04063777400617119,0.3370305739487948,False,compression45_expansion20_1.75x
ctrl_000128,MSFT,2026-05-21 15:58:00+00:00,1,60m,60,60,-0.4015968254727146,-0.4015968254727146,0.04063777400617119,0.47809145889608684,False,compression45_expansion20_1.75x
ctrl_000128,MSFT,2026-05-21 15:58:00+00:00,1,120m,120,120,0.4347285635742126,0.4347285635742126,0.4470155140678423,0.5521956350249808,False,compression45_expansion20_1.75x
ctrl_000129,NFLX,2026-07-15 18:53:00+00:00,-1,15m,15,15,-0.43345750084660667,0.43345750084660667,0.4944124619031616,0.047409414155091895,False,compression45_expansion20_1.75x
ctrl_000129,NFLX,2026-07-15 18:53:00+00:00,-1,30m,30,30,-0.6230951574669935,0.6230951574669935,0.7382323061293623,0.047409414155091895,False,compression45_expansion20_1.75x
ctrl_000129,NFLX,2026-07-15 18:53:00+00:00,-1,60m,60,60,-0.5756857433118824,0.5756857433118824,0.9414155096512121,0.047409414155091895,False,compression45_expansion20_1.75x
ctrl_000129,NFLX,2026-07-15 18:53:00+00:00,-1,120m,120,67,-0.2099559769725718,0.2099559769725718,0.9414155096512121,0.047409414155091895,True,compression45_expansion20_1.75x
ctrl_000130,NFLX,2026-06-17 19:34:00+00:00,-1,15m,15,15,0.11056910569104879,-0.11056910569104879,0.1495934959349527,0.11707317073171175,False,compression45_expansion20_1.75x
ctrl_000130,NFLX,2026-06-17 19:34:00+00:00,-1,30m,30,26,0.11056910569104879,-0.11056910569104879,0.1495934959349527,0.26016260162601995,True,compression45_expansion20_1.75x
ctrl_000130,NFLX,2026-06-17 19:34:00+00:00,-1,60m,60,26,0.11056910569104879,-0.11056910569104879,0.1495934959349527,0.26016260162601995,True,compression45_expansion20_1.75x
ctrl_000130,NFLX,2026-06-17 19:34:00+00:00,-1,120m,120,26,0.11056910569104879,-0.11056910569104879,0.1495934959349527,0.26016260162601995,True,compression45_expansion20_1.75x
ctrl_000131,NFLX,2026-07-21 19:34:00+00:00,1,15m,15,15,0.7502758367046785,0.7502758367046785,0.8679661640308988,0.03677822728943211,False,compression45_expansion20_1.75x
ctrl_000131,NFLX,2026-07-21 19:34:00+00:00,1,30m,30,26,0.9562339095255693,0.9562339095255693,1.1401250459727925,0.03677822728943211,True,compression45_expansion20_1.75x
ctrl_000131,NFLX,2026-07-21 19:34:00+00:00,1,60m,60,26,0.9562339095255693,0.9562339095255693,1.1401250459727925,0.03677822728943211,True,compression45_expansion20_1.75x
ctrl_000131,NFLX,2026-07-21 19:34:00+00:00,1,120m,120,26,0.9562339095255693,0.9562339095255693,1.1401250459727925,0.03677822728943211,True,compression45_expansion20_1.75x
ctrl_000132,NFLX,2026-07-30 19:34:00+00:00,-1,15m,15,15,0.04117768169652204,-0.04117768169652204,0.0686294694941969,0.1852995676343297,False,compression45_expansion20_1.75x
ctrl_000132,NFLX,2026-07-30 19:34:00+00:00,-1,30m,30,26,0.4049138700157871,-0.4049138700157871,0.10980715119071896,0.6382540662960526,True,compression45_expansion20_1.75x
ctrl_000132,NFLX,2026-07-30 19:34:00+00:00,-1,60m,60,26,0.4049138700157871,-0.4049138700157871,0.10980715119071896,0.6382540662960526,True,compression45_expansion20_1.75x
ctrl_000132,NFLX,2026-07-30 19:34:00+00:00,-1,120m,120,26,0.4049138700157871,-0.4049138700157871,0.10980715119071896,0.6382540662960526,True,compression45_expansion20_1.75x
ctrl_000133,NFLX,2026-06-11 19:02:00+00:00,-1,15m,15,15,0.2892307692307685,-0.2892307692307685,0.043076923076918884,0.2953846153846091,False,compression45_expansion20_1.75x
ctrl_000133,NFLX,2026-06-11 19:02:00+00:00,-1,30m,30,30,0.2953846153846091,-0.2953846153846091,0.043076923076918884,0.4307692307692238,False,compression45_expansion20_1.75x
ctrl_000133,NFLX,2026-06-11 19:02:00+00:00,-1,60m,60,58,0.0,-0.0,0.09846153846153635,0.516923076923079,True,compression45_expansion20_1.75x
ctrl_000133,NFLX,2026-06-11 19:02:00+00:00,-1,120m,120,58,0.0,-0.0,0.09846153846153635,0.516923076923079,True,compression45_expansion20_1.75x
ctrl_000134,NFLX,2026-05-21 18:10:00+00:00,1,15m,15,15,-0.471907617144123,-0.471907617144123,0.03331112591605723,0.5496335776149285,False,compression45_expansion20_1.75x
ctrl_000134,NFLX,2026-05-21 18:10:00+00:00,1,30m,30,30,-0.3164556962025279,-0.3164556962025279,0.03331112591605723,0.5496335776149285,False,compression45_expansion20_1.75x
ctrl_000134,NFLX,2026-05-21 18:10:00+00:00,1,60m,60,60,-0.3164556962025279,-0.3164556962025279,0.03331112591605723,0.5496335776149285,False,compression45_expansion20_1.75x
ctrl_000134,NFLX,2026-05-21 18:10:00+00:00,1,120m,120,110,-0.8272262935820615,-0.8272262935820615,0.03331112591605723,1.1436819897845891,True,compression45_expansion20_1.75x
ctrl_000135,NFLX,2026-06-11 16:22:00+00:00,1,15m,15,15,0.2664032344719968,0.2664032344719968,0.3221102305279436,0.08640774054899958,False,compression45_expansion20_1.75x
ctrl_000135,NFLX,2026-06-11 16:22:00+00:00,1,30m,30,30,0.2973515656141777,0.2973515656141777,0.35924822789855715,0.08640774054899958,False,compression45_expansion20_1.75x
ctrl_000135,NFLX,2026-06-11 16:22:00+00:00,1,60m,60,60,0.22307557087291535,0.22307557087291535,0.4397138888682699,0.08640774054899958,False,compression45_expansion20_1.75x
ctrl_000135,NFLX,2026-06-11 16:22:00+00:00,1,120m,120,120,0.6377832081782911,0.6377832081782911,0.9720251845139543,0.08640774054899958,False,compression45_expansion20_1.75x
ctrl_000136,NVDA,2026-06-16 19:41:00+00:00,-1,15m,15,15,-0.024003840614503776,0.024003840614503776,0.09601536245800146,0.336053768602971,False,compression45_expansion20_1.75x
ctrl_000136,NVDA,2026-06-16 19:41:00+00:00,-1,30m,30,19,-0.4272683629380772,0.4272683629380772,0.48487758041287526,0.336053768602971,True,compression45_expansion20_1.75x
ctrl_000136,NVDA,2026-06-16 19:41:00+00:00,-1,60m,60,19,-0.4272683629380772,0.4272683629380772,0.48487758041287526,0.336053768602971,True,compression45_expansion20_1.75x
ctrl_000136,NVDA,2026-06-16 19:41:00+00:00,-1,120m,120,19,-0.4272683629380772,0.4272683629380772,0.48487758041287526,0.336053768602971,True,compression45_expansion20_1.75x
ctrl_000137,PANW,2026-08-11 19:24:00+00:00,-1,15m,15,15,0.18918883655389868,-0.18918883655389868,0.2022363425231208,0.19179833774774308,False,compression45_expansion20_1.75x
ctrl_000137,PANW,2026-08-11 19:24:00+00:00,-1,30m,30,30,0.43578669937241915,-0.43578669937241915,0.2022363425231208,0.7893741111386647,False,compression45_expansion20_1.75x
ctrl_000137,PANW,2026-08-11 19:24:00+00:00,-1,60m,60,36,0.18657933536005425,-0.18657933536005425,0.22441710267081325,0.7893741111386647,True,compression45_expansion20_1.75x
ctrl_000137,PANW,2026-08-11 19:24:00+00:00,-1,120m,120,36,0.18657933536005425,-0.18657933536005425,0.22441710267081325,0.7893741111386647,True,compression45_expansion20_1.75x
ctrl_000138,PEP,2026-06-24 18:40:00+00:00,-1,15m,15,15,0.09800147002206067,-0.09800147002206067,0.038430576458649335,0.10850162752441368,False,compression45_expansion20_1.75x
ctrl_000138,PEP,2026-06-24 18:40:00+00:00,-1,30m,30,30,0.11550173252600222,-0.11550173252600222,0.038430576458649335,0.12250183752757088,False,compression45_expansion20_1.75x
ctrl_000138,PEP,2026-06-24 18:40:00+00:00,-1,60m,60,60,-0.4725070876063022,0.4725070876063022,0.6335095026425405,0.1995029925448858,False,compression45_expansion20_1.75x
ctrl_000138,PEP,2026-06-24 18:40:00+00:00,-1,120m,120,80,-0.42350635259528174,0.42350635259528174,0.6335095026425405,0.1995029925448858,True,compression45_expansion20_1.75x
ctrl_000139,PEP,2026-06-26 18:18:00+00:00,-1,15m,15,15,0.0709361807762273,-0.0709361807762273,0.02454123103623165,0.11690678646370904,False,compression45_expansion20_1.75x
ctrl_000139,PEP,2026-06-26 18:18:00+00:00,-1,30m,30,30,-0.03514983234873825,0.03514983234873825,0.07758423759872449,0.11690678646370904,False,compression45_expansion20_1.75x
ctrl_000139,PEP,2026-06-26 18:18:00+00:00,-1,60m,60,60,-0.1058738410987086,0.1058738410987086,0.25439425947366034,0.11690678646370904,False,compression45_expansion20_1.75x
ctrl_000139,PEP,2026-06-26 18:18:00+00:00,-1,120m,120,102,-0.15184444678619033,0.15184444678619033,0.5266816931610552,0.11690678646370904,True,compression45_expansion20_1.75x
ctrl_000140,PEP,2026-06-30 18:13:00+00:00,-1,15m,15,15,-0.26310019732515794,0.26310019732515794,0.27040853613973875,0.051158371702107124,False,compression45_expansion20_1.75x
ctrl_000140,PEP,2026-06-30 18:13:00+00:00,-1,30m,30,30,-0.2557918585105771,0.2557918585105771,0.35080026310021056,0.051158371702107124,False,compression45_expansion20_1.75x
ctrl_000140,PEP,2026-06-30 18:13:00+00:00,-1,60m,60,60,-0.43850032887526325,0.43850032887526325,0.5225462252430048,0.051158371702107124,False,compression45_expansion20_1.75x
ctrl_000140,PEP,2026-06-30 18:13:00+00:00,-1,120m,120,107,-1.052400789300611,1.052400789300611,1.3812760359570377,0.051158371702107124,True,compression45_expansion20_1.75x
ctrl_000141,PEP,2026-07-29 19:20:00+00:00,-1,15m,15,15,-0.18844221105528353,0.18844221105528353,0.35594639865996014,0.08375209380234824,False,compression45_expansion20_1.75x
ctrl_000141,PEP,2026-07-29 19:20:00+00:00,-1,30m,30,30,0.04187604690117412,-0.04187604690117412,0.35594639865996014,0.08375209380234824,False,compression45_expansion20_1.75x
ctrl_000141,PEP,2026-07-29 19:20:00+00:00,-1,60m,60,40,0.1675041876046965,-0.1675041876046965,0.35594639865996014,0.2861529871580099,True,compression45_expansion20_1.75x
ctrl_000141,PEP,2026-07-29 19:20:00+00:00,-1,120m,120,40,0.1675041876046965,-0.1675041876046965,0.35594639865996014,0.2861529871580099,True,compression45_expansion20_1.75x
ctrl_000142,PEP,2026-06-11 16:29:00+00:00,1,15m,15,15,-0.03454708768049675,-0.03454708768049675,0.0,0.11055068057762496,False,compression45_expansion20_1.75x
ctrl_000142,PEP,2026-06-11 16:29:00+00:00,1,30m,30,30,0.04836592275272687,0.04836592275272687,0.08982242796933869,0.11055068057762496,False,compression45_expansion20_1.75x
ctrl_000142,PEP,2026-06-11 16:29:00+00:00,1,60m,60,60,-0.03800179644854446,-0.03800179644854446,0.16582602086644727,0.17273543840254268,False,compression45_expansion20_1.75x
ctrl_000142,PEP,2026-06-11 16:29:00+00:00,1,120m,120,120,0.041456505216611816,0.041456505216611816,0.4629309749188254,0.17273543840254268,False,compression45_expansion20_1.75x
ctrl_000143,PEP,2026-05-21 16:01:00+00:00,-1,15m,15,15,0.06081081081081312,-0.06081081081081312,0.05398648648649269,0.1452702702702726,False,compression45_expansion20_1.75x
ctrl_000143,PEP,2026-05-21 16:01:00+00:00,-1,30m,30,30,0.19256756756756527,-0.19256756756756527,0.0540540540540625,0.2027027027027104,False,compression45_expansion20_1.75x
ctrl_000143,PEP,2026-05-21 16:01:00+00:00,-1,60m,60,60,0.11824324324325093,-0.11824324324325093,0.0540540540540625,0.2905405405405452,False,compression45_expansion20_1.75x
ctrl_000143,PEP,2026-05-21 16:01:00+00:00,-1,120m,120,120,0.08108108108108415,-0.08108108108108415,0.0540540540540625,0.33783783783783783,False,compression45_expansion20_1.75x
ctrl_000144,PYPL,2026-07-22 18:28:00+00:00,1,15m,15,15,0.018053800324964814,0.018053800324964814,0.08124210146236091,0.10832280194981454,False,compression45_expansion20_1.75x
ctrl_000144,PYPL,2026-07-22 18:28:00+00:00,1,30m,30,30,-0.027080700487453636,-0.027080700487453636,0.12637660227477937,0.10832280194981454,False,compression45_expansion20_1.75x
ctrl_000144,PYPL,2026-07-22 18:28:00+00:00,1,60m,60,60,0.05470301498464865,0.05470301498464865,0.3610760064993732,0.10832280194981454,False,compression45_expansion20_1.75x
ctrl_000144,PYPL,2026-07-22 18:28:00+00:00,1,120m,120,92,0.20761870373714025,0.20761870373714025,0.3610760064993732,0.21664560389961623,True,compression45_expansion20_1.75x
ctrl_000145,PYPL,2026-08-07 19:23:00+00:00,-1,15m,15,15,0.11889596602972446,-0.11889596602972446,0.110403397027597,0.16135881104033775,False,compression45_expansion20_1.75x
ctrl_000145,PYPL,2026-08-07 19:23:00+00:00,-1,30m,30,30,0.348195329087046,-0.348195329087046,0.110403397027597,0.4161358811040296,False,compression45_expansion20_1.75x
ctrl_000145,PYPL,2026-08-07 19:23:00+00:00,-1,60m,60,37,0.33121019108280303,-0.33121019108280303,0.110403397027597,0.6199575371549928,True,compression45_expansion20_1.75x
ctrl_000145,PYPL,2026-08-07 19:23:00+00:00,-1,120m,120,37,0.33121019108280303,-0.33121019108280303,0.110403397027597,0.6199575371549928,True,compression45_expansion20_1.75x
ctrl_000146,PYPL,2026-07-30 18:17:00+00:00,1,15m,15,15,0.35570434691635827,0.35570434691635827,0.43416854108908703,0.0,False,compression45_expansion20_1.75x
ctrl_000146,PYPL,2026-07-30 18:17:00+00:00,1,30m,30,30,0.32954961552544865,0.32954961552544865,0.43416854108908703,0.0,False,compression45_expansion20_1.75x
ctrl_000146,PYPL,2026-07-30 18:17:00+00:00,1,60m,60,60,0.5300692228557515,0.5300692228557515,0.6695611236072612,0.0,False,compression45_expansion20_1.75x
ctrl_000146,PYPL,2026-07-30 18:17:00+00:00,1,120m,120,103,0.5387874666527132,0.5387874666527132,0.8352077557496803,0.0,True,compression45_expansion20_1.75x
ctrl_000147,PYPL,2026-06-02 18:01:00+00:00,1,15m,15,15,0.022401433691751817,0.022401433691751817,0.07840501792113931,0.13440860215054273,False,compression45_expansion20_1.75x
ctrl_000147,PYPL,2026-06-02 18:01:00+00:00,1,30m,30,30,-0.13440860215054273,-0.13440860215054273,0.07840501792113931,0.1680107526881784,False,compression45_expansion20_1.75x
ctrl_000147,PYPL,2026-06-02 18:01:00+00:00,1,60m,60,60,-0.1456093189964107,-0.1456093189964107,0.07840501792113931,0.1680107526881784,False,compression45_expansion20_1.75x
ctrl_000147,PYPL,2026-06-02 18:01:00+00:00,1,120m,120,119,-0.29121863799283726,-0.29121863799283726,0.3136200716845891,0.34722222222222476,True,compression45_expansion20_1.75x
ctrl_000148,PYPL,2026-07-31 18:24:00+00:00,1,15m,15,15,-0.1573246772748775,-0.1573246772748775,0.026017066497172607,0.1573246772748775,False,compression45_expansion20_1.75x
ctrl_000148,PYPL,2026-07-31 18:24:00+00:00,1,30m,30,30,-0.1485941180476323,-0.1485941180476323,0.026017066497172607,0.16675368124030035,False,compression45_expansion20_1.75x
ctrl_000148,PYPL,2026-07-31 18:24:00+00:00,1,60m,60,60,-0.1573246772748775,-0.1573246772748775,0.026017066497172607,0.29701362491072636,False,compression45_expansion20_1.75x
ctrl_000148,PYPL,2026-07-31 18:24:00+00:00,1,120m,120,96,-0.10494132191143107,-0.10494132191143107,0.25301160640543635,0.29701362491072636,True,compression45_expansion20_1.75x
ctrl_000149,PYPL,2026-08-12 19:38:00+00:00,1,15m,15,15,0.28850233347475895,0.28850233347475895,0.30547305897327065,0.016970725498511686,False,compression45_expansion20_1.75x
ctrl_000149,PYPL,2026-08-12 19:38:00+00:00,1,30m,30,22,0.4497242257106501,0.4497242257106501,0.6364022061943148,0.016970725498511686,True,compression45_expansion20_1.75x
ctrl_000149,PYPL,2026-08-12 19:38:00+00:00,1,60m,60,22,0.4497242257106501,0.4497242257106501,0.6364022061943148,0.016970725498511686,True,compression45_expansion20_1.75x
ctrl_000149,PYPL,2026-08-12 19:38:00+00:00,1,120m,120,22,0.4497242257106501,0.4497242257106501,0.6364022061943148,0.016970725498511686,True,compression45_expansion20_1.75x
ctrl_000150,PYPL,2026-06-18 18:23:00+00:00,1,15m,15,15,-0.10560901196902536,-0.10560901196902536,0.035203003989675116,0.14081201595870046,False,compression45_expansion20_1.75x
ctrl_000150,PYPL,2026-06-18 18:23:00+00:00,1,30m,30,30,0.011734334663230598,0.011734334663230598,0.035203003989675116,0.1525463506219144,False,compression45_expansion20_1.75x
ctrl_000150,PYPL,2026-06-18 18:23:00+00:00,1,60m,60,60,-0.035203003989675116,-0.035203003989675116,0.07017132128607795,0.1525463506219144,False,compression45_expansion20_1.75x
ctrl_000150,PYPL,2026-06-18 18:23:00+00:00,1,120m,120,97,-0.30509270124384547,-0.30509270124384547,0.09387467730579475,0.30509270124384547,True,compression45_expansion20_1.75x
ctrl_000151,PYPL,2026-06-17 19:24:00+00:00,-1,15m,15,15,-0.6469066102093592,0.6469066102093592,0.6586685485768081,0.07057163020466041,False,compression45_expansion20_1.75x
ctrl_000151,PYPL,2026-06-17 19:24:00+00:00,-1,30m,30,30,-0.6704304869442403,0.6704304869442403,0.776287932251231,0.07057163020466041,False,compression45_expansion20_1.75x
ctrl_000151,PYPL,2026-06-17 19:24:00+00:00,-1,60m,60,36,-0.9880028228651956,0.9880028228651956,1.082098329804754,0.07057163020466041,True,compression45_expansion20_1.75x
ctrl_000151,PYPL,2026-06-17 19:24:00+00:00,-1,120m,120,36,-0.9880028228651956,0.9880028228651956,1.082098329804754,0.07057163020466041,True,compression45_expansion20_1.75x
ctrl_000152,PYPL,2026-05-19 18:18:00+00:00,-1,15m,15,15,0.17039645575372678,-0.17039645575372678,0.03407929115074536,0.19311598318755163,False,compression45_expansion20_1.75x
ctrl_000152,PYPL,2026-05-19 18:18:00+00:00,-1,30m,30,30,0.19334317846188132,-0.19334317846188132,0.03407929115074536,0.3294331477905169,False,compression45_expansion20_1.75x
ctrl_000152,PYPL,2026-05-19 18:18:00+00:00,-1,60m,60,60,0.022719527433824858,-0.022719527433824858,0.2385550380552175,0.3294331477905169,False,compression45_expansion20_1.75x
ctrl_000152,PYPL,2026-05-19 18:18:00+00:00,-1,120m,120,102,-0.3975917300920076,0.3975917300920076,0.46575031239349834,0.3294331477905169,True,compression45_expansion20_1.75x
ctrl_000153,PYPL,2026-06-17 19:44:00+00:00,-1,15m,15,15,-0.4142992424242525,0.4142992424242525,0.4261363636363629,0.23674242424242758,False,compression45_expansion20_1.75x
ctrl_000153,PYPL,2026-06-17 19:44:00+00:00,-1,30m,30,16,-0.35511363636363297,0.35511363636363297,0.44981060606061746,0.23674242424242758,True,compression45_expansion20_1.75x
ctrl_000153,PYPL,2026-06-17 19:44:00+00:00,-1,60m,60,16,-0.35511363636363297,0.35511363636363297,0.44981060606061746,0.23674242424242758,True,compression45_expansion20_1.75x
ctrl_000153,PYPL,2026-06-17 19:44:00+00:00,-1,120m,120,16,-0.35511363636363297,0.35511363636363297,0.44981060606061746,0.23674242424242758,True,compression45_expansion20_1.75x
ctrl_000154,PYPL,2026-08-06 19:12:00+00:00,1,15m,15,15,0.059394246182394535,0.059394246182394535,0.16873365392727818,0.05905677887455276,False,compression45_expansion20_1.75x
ctrl_000154,PYPL,2026-08-06 19:12:00+00:00,1,30m,30,30,0.20028684721167117,0.20028684721167117,0.3796507213363729,0.05905677887455276,False,compression45_expansion20_1.75x
ctrl_000154,PYPL,2026-08-06 19:12:00+00:00,1,60m,60,48,0.8352315869400109,0.8352315869400109,0.8858516831181955,0.05905677887455276,True,compression45_expansion20_1.75x
ctrl_000154,PYPL,2026-08-06 19:12:00+00:00,1,120m,120,48,0.8352315869400109,0.8352315869400109,0.8858516831181955,0.05905677887455276,True,compression45_expansion20_1.75x
ctrl_000155,PYPL,2026-08-14 16:39:00+00:00,-1,15m,15,15,-0.017869071476285792,0.017869071476285792,0.06680026720106738,0.050100200400791634,False,compression45_expansion20_1.75x
ctrl_000155,PYPL,2026-08-14 16:39:00+00:00,-1,30m,30,30,0.03340013360052775,-0.03340013360052775,0.06680026720106738,0.09185036740146912,False,compression45_expansion20_1.75x
ctrl_000155,PYPL,2026-08-14 16:39:00+00:00,-1,60m,60,60,-0.03340013360053962,0.03340013360053962,0.07515030060120524,0.2505010020040056,False,compression45_expansion20_1.75x
ctrl_000155,PYPL,2026-08-14 16:39:00+00:00,-1,120m,120,120,0.2697060788243097,-0.2697060788243097,0.07515030060120524,0.3340013360053369,False,compression45_expansion20_1.75x
ctrl_000156,PYPL,2026-05-22 16:23:00+00:00,-1,15m,15,15,-0.033917467495761605,0.033917467495761605,0.07891464104013651,0.05652911249293065,False,compression45_expansion20_1.75x
ctrl_000156,PYPL,2026-05-22 16:23:00+00:00,-1,30m,30,30,0.022611644997169045,-0.022611644997169045,0.07891464104013651,0.14652345958168048,False,compression45_expansion20_1.75x
ctrl_000156,PYPL,2026-05-22 16:23:00+00:00,-1,60m,60,60,-0.19219898247597705,0.19219898247597705,0.2358394573205247,0.14652345958168048,False,compression45_expansion20_1.75x
ctrl_000156,PYPL,2026-05-22 16:23:00+00:00,-1,120m,120,120,-0.2035048049745696,0.2035048049745696,0.3204070096099495,0.14652345958168048,False,compression45_expansion20_1.75x
ctrl_000157,PYPL,2026-08-11 16:29:00+00:00,1,15m,15,15,-0.008486082824172705,-0.008486082824172705,0.025458248472506054,0.04243041412083941,False,compression45_expansion20_1.75x
ctrl_000157,PYPL,2026-08-11 16:29:00+00:00,1,30m,30,30,-0.06788866259334547,-0.06788866259334547,0.025458248472506054,0.10183299389002422,False,compression45_expansion20_1.75x
ctrl_000157,PYPL,2026-08-11 16:29:00+00:00,1,60m,60,60,-0.01697216564834541,-0.01697216564834541,0.04412763068566913,0.11880515953835756,False,compression45_expansion20_1.75x
ctrl_000157,PYPL,2026-08-11 16:29:00+00:00,1,120m,120,120,0.2121520706042091,0.2121520706042091,0.5431093007467758,0.11880515953835756,False,compression45_expansion20_1.75x
ctrl_000158,PYPL,2026-05-21 15:49:00+00:00,1,15m,15,15,0.07918552036198323,0.07918552036198323,0.13574660633483068,0.13574660633484675,False,compression45_expansion20_1.75x
ctrl_000158,PYPL,2026-05-21 15:49:00+00:00,1,30m,30,30,-0.0791855203619993,-0.0791855203619993,0.13574660633483068,0.15837104072398253,False,compression45_expansion20_1.75x
ctrl_000158,PYPL,2026-05-21 15:49:00+00:00,1,60m,60,60,-0.3052036199095063,-0.3052036199095063,0.13574660633483068,0.4072398190045242,False,compression45_expansion20_1.75x
ctrl_000158,PYPL,2026-05-21 15:49:00+00:00,1,120m,120,120,0.6674208144796258,0.6674208144796258,0.7579185520361849,0.4072398190045242,False,compression45_expansion20_1.75x
ctrl_000159,PYPL,2026-07-13 15:22:00+00:00,1,15m,15,15,-0.06374840628984517,-0.06374840628984517,0.13812154696132112,0.27624309392265733,False,compression45_expansion20_1.75x
ctrl_000159,PYPL,2026-07-13 15:22:00+00:00,1,30m,30,30,-0.13812154696133622,-0.13812154696133622,0.13812154696132112,0.27624309392265733,False,compression45_expansion20_1.75x
ctrl_000159,PYPL,2026-07-13 15:22:00+00:00,1,60m,60,60,0.8066298342541359,0.8066298342541359,0.8181045473863111,0.28686782830430324,False,compression45_expansion20_1.75x
ctrl_000159,PYPL,2026-07-13 15:22:00+00:00,1,120m,120,120,2.794305142371436,2.794305142371436,2.9111772205694804,0.28686782830430324,False,compression45_expansion20_1.75x
ctrl_000160,PYPL,2026-08-06 14:52:00+00:00,1,15m,15,15,0.25505866349260087,0.25505866349260087,0.32307430709062696,0.06801564359802609,False,compression45_expansion20_1.75x
ctrl_000160,PYPL,2026-08-06 14:52:00+00:00,1,30m,30,30,-0.11902737629654869,-0.11902737629654869,0.32307430709062696,0.18704301989457478,False,compression45_expansion20_1.75x
ctrl_000160,PYPL,2026-08-06 14:52:00+00:00,1,60m,60,60,0.21254888624383608,0.21254888624383608,0.32307430709062696,0.18704301989457478,False,compression45_expansion20_1.75x
ctrl_000160,PYPL,2026-08-06 14:52:00+00:00,1,120m,120,120,-0.45060363883693344,-0.45060363883693344,0.4591055942866792,0.5949668423737547,False,compression45_expansion20_1.75x
ctrl_000161,PYPL,2026-06-03 16:25:00+00:00,-1,15m,15,15,0.09622154423845089,-0.09622154423845089,0.12907768129546987,0.16310725181881694,False,compression45_expansion20_1.75x
ctrl_000161,PYPL,2026-06-03 16:25:00+00:00,-1,30m,30,30,0.1994836892748201,-0.1994836892748201,0.12907768129546987,0.1994836892748201,False,compression45_expansion20_1.75x
ctrl_000161,PYPL,2026-06-03 16:25:00+00:00,-1,60m,60,60,-0.05867167331611964,0.05867167331611964,0.164280685285145,0.29335836658061487,False,compression45_expansion20_1.75x
ctrl_000161,PYPL,2026-06-03 16:25:00+00:00,-1,120m,120,120,0.1525463506219144,-0.1525463506219144,0.5163107251818795,0.29335836658061487,False,compression45_expansion20_1.75x
ctrl_000162,QCOM,2026-08-12 18:22:00+00:00,-1,15m,15,15,0.06734831323087322,-0.06734831323087322,0.06122573930081597,0.1653094961121544,False,compression45_expansion20_1.75x
ctrl_000162,QCOM,2026-08-12 18:22:00+00:00,-1,30m,30,30,0.2540868180983237,-0.2540868180983237,0.06122573930081597,0.257148105063361,False,compression45_expansion20_1.75x
ctrl_000162,QCOM,2026-08-12 18:22:00+00:00,-1,60m,60,60,0.061164513561495736,-0.061164513561495736,0.06122573930081597,0.3979673054551994,False,compression45_expansion20_1.75x
ctrl_000162,QCOM,2026-08-12 18:22:00+00:00,-1,120m,120,98,-0.15918692218209715,0.15918692218209715,0.3000061225739356,0.3979673054551994,True,compression45_expansion20_1.75x
ctrl_000163,REGN,2026-07-10 19:33:00+00:00,1,15m,15,15,0.037740121523191304,0.037740121523191304,0.05434577499339754,0.11322036456957393,False,compression45_expansion20_1.75x
ctrl_000163,REGN,2026-07-10 19:33:00+00:00,1,30m,30,27,0.3192814280861998,0.3192814280861998,0.3781560176623762,0.11322036456957393,True,compression45_expansion20_1.75x
ctrl_000163,REGN,2026-07-10 19:33:00+00:00,1,60m,60,27,0.3192814280861998,0.3192814280861998,0.3781560176623762,0.11322036456957393,True,compression45_expansion20_1.75x
ctrl_000163,REGN,2026-07-10 19:33:00+00:00,1,120m,120,27,0.3192814280861998,0.3192814280861998,0.3781560176623762,0.11322036456957393,True,compression45_expansion20_1.75x
ctrl_000164,REGN,2026-08-14 19:02:00+00:00,1,15m,15,13,0.05709958913122185,0.05709958913122185,0.05709958913122185,0.09061456536041237,False,compression45_expansion20_1.75x
ctrl_000164,REGN,2026-08-14 19:02:00+00:00,1,30m,30,28,0.031032385397400726,0.031032385397400726,0.11481982597037704,0.09061456536041237,False,compression45_expansion20_1.75x
ctrl_000164,REGN,2026-08-14 19:02:00+00:00,1,60m,60,55,-0.2482590831792058,-0.2482590831792058,0.11481982597037704,0.4207991459887522,True,compression45_expansion20_1.75x
ctrl_000164,REGN,2026-08-14 19:02:00+00:00,1,120m,120,55,-0.2482590831792058,-0.2482590831792058,0.11481982597037704,0.4207991459887522,True,compression45_expansion20_1.75x
ctrl_000165,REGN,2026-06-10 19:08:00+00:00,-1,15m,15,15,-0.19034692796609792,0.19034692796609792,0.19034692796609792,0.014896716101700186,False,compression45_expansion20_1.75x
ctrl_000165,REGN,2026-06-10 19:08:00+00:00,-1,30m,30,30,-0.2524165783898268,0.2524165783898268,0.3798662605932136,0.014896716101700186,False,compression45_expansion20_1.75x
ctrl_000165,REGN,2026-06-10 19:08:00+00:00,-1,60m,60,52,-0.4783501059322012,0.4783501059322012,0.4866260593220241,0.014896716101700186,True,compression45_expansion20_1.75x
ctrl_000165,REGN,2026-06-10 19:08:00+00:00,-1,120m,120,52,-0.4783501059322012,0.4783501059322012,0.4866260593220241,0.014896716101700186,True,compression45_expansion20_1.75x
ctrl_000166,REGN,2026-07-15 19:35:00+00:00,1,15m,15,14,-0.11450956757571056,-0.11450956757571056,0.018080458038270988,0.1657375320174812,False,compression45_expansion20_1.75x
ctrl_000166,REGN,2026-07-15 19:35:00+00:00,1,30m,30,24,0.1160162724122317,0.1160162724122317,0.1476570739791931,0.22600572547837877,True,compression45_expansion20_1.75x
ctrl_000166,REGN,2026-07-15 19:35:00+00:00,1,60m,60,24,0.1160162724122317,0.1160162724122317,0.1476570739791931,0.22600572547837877,True,compression45_expansion20_1.75x
ctrl_000166,REGN,2026-07-15 19:35:00+00:00,1,120m,120,24,0.1160162724122317,0.1160162724122317,0.1476570739791931,0.22600572547837877,True,compression45_expansion20_1.75x
ctrl_000167,REGN,2026-07-06 18:01:00+00:00,1,15m,15,14,0.30341398638111755,0.30341398638111755,0.3505087781603666,0.027793647607422443,False,compression45_expansion20_1.75x
ctrl_000167,REGN,2026-07-06 18:01:00+00:00,1,30m,30,29,0.25477510306810636,0.25477510306810636,0.3505087781603666,0.027793647607422443,False,compression45_expansion20_1.75x
ctrl_000167,REGN,2026-07-06 18:01:00+00:00,1,60m,60,58,0.33661195435664654,0.33661195435664654,0.4642928832821168,0.027793647607422443,False,compression45_expansion20_1.75x
ctrl_000167,REGN,2026-07-06 18:01:00+00:00,1,120m,120,116,0.34896468662662183,0.34896468662662183,0.5659095471179475,0.027793647607422443,True,compression45_expansion20_1.75x
ctrl_000168,REGN,2026-07-28 19:34:00+00:00,-1,15m,15,15,0.2116211043299313,-0.2116211043299313,0.12350583221985745,0.2116211043299313,False,compression45_expansion20_1.75x
ctrl_000168,REGN,2026-07-28 19:34:00+00:00,-1,30m,30,26,0.4355205662489598,-0.4355205662489598,0.12350583221985745,0.6449749015925799,True,compression45_expansion20_1.75x
ctrl_000168,REGN,2026-07-28 19:34:00+00:00,-1,60m,60,26,0.4355205662489598,-0.4355205662489598,0.12350583221985745,0.6449749015925799,True,compression45_expansion20_1.75x
ctrl_000168,REGN,2026-07-28 19:34:00+00:00,-1,120m,120,26,0.4355205662489598,-0.4355205662489598,0.12350583221985745,0.6449749015925799,True,compression45_expansion20_1.75x
ctrl_000169,REGN,2026-06-03 18:32:00+00:00,-1,15m,15,14,0.01613501782919837,-0.01613501782919837,0.062910434516032,0.225874114590897,False,compression45_expansion20_1.75x
ctrl_000169,REGN,2026-06-03 18:32:00+00:00,-1,30m,30,27,0.1282733917421096,-0.1282733917421096,0.08390209271180951,0.225874114590897,False,compression45_expansion20_1.75x
ctrl_000169,REGN,2026-06-03 18:32:00+00:00,-1,60m,60,57,0.3694919082885528,-0.3694919082885528,0.08390209271180951,0.43725898317118234,False,compression45_expansion20_1.75x
ctrl_000169,REGN,2026-06-03 18:32:00+00:00,-1,120m,120,85,-0.0774480855801375,0.0774480855801375,0.3945011859238002,0.43725898317118234,True,compression45_expansion20_1.75x
ctrl_000170,REGN,2026-06-25 19:44:00+00:00,-1,15m,15,15,-0.2758920240661549,0.2758920240661549,0.29921817187349403,0.07078279334640791,False,compression45_expansion20_1.75x
ctrl_000170,REGN,2026-06-25 19:44:00+00:00,-1,30m,30,16,-0.27669637399054525,0.27669637399054525,0.30887037096617853,0.07078279334640791,True,compression45_expansion20_1.75x
ctrl_000170,REGN,2026-06-25 19:44:00+00:00,-1,60m,60,16,-0.27669637399054525,0.27669637399054525,0.30887037096617853,0.07078279334640791,True,compression45_expansion20_1.75x
ctrl_000170,REGN,2026-06-25 19:44:00+00:00,-1,120m,120,16,-0.27669637399054525,0.27669637399054525,0.30887037096617853,0.07078279334640791,True,compression45_expansion20_1.75x
ctrl_000171,REGN,2026-06-24 18:20:00+00:00,-1,15m,15,15,0.1190704513489331,-0.1190704513489331,0.059135660401483915,0.15343306482547572,False,compression45_expansion20_1.75x
ctrl_000171,REGN,2026-06-24 18:20:00+00:00,-1,30m,30,30,0.0942974044239918,-0.0942974044239918,0.059135660401483915,0.22215829177856095,False,compression45_expansion20_1.75x
ctrl_000171,REGN,2026-06-24 18:20:00+00:00,-1,60m,60,60,0.4778800664876629,-0.4778800664876629,0.059135660401483915,0.6376901930699455,False,compression45_expansion20_1.75x
ctrl_000171,REGN,2026-06-24 18:20:00+00:00,-1,120m,120,100,-0.3596087456846951,0.3596087456846951,0.442718322465155,0.6376901930699455,True,compression45_expansion20_1.75x
ctrl_000172,REGN,2026-06-30 18:16:00+00:00,1,15m,15,15,0.10386041160679682,0.10386041160679682,0.17256806851590298,0.006391409945046227,False,compression45_expansion20_1.75x
ctrl_000172,REGN,2026-06-30 18:16:00+00:00,1,30m,30,30,-0.17736162597469218,-0.17736162597469218,0.2404767991818988,0.2412757254250273,False,compression45_expansion20_1.75x
ctrl_000172,REGN,2026-06-30 18:16:00+00:00,1,60m,60,60,-0.24606928288381652,-0.24606928288381652,0.2404767991818988,0.4937364182538719,False,compression45_expansion20_1.75x
ctrl_000172,REGN,2026-06-30 18:16:00+00:00,1,120m,120,104,-0.3419404320593101,-0.3419404320593101,0.2404767991818988,0.5672376326217673,True,compression45_expansion20_1.75x
ctrl_000173,REGN,2026-07-21 19:24:00+00:00,-1,15m,15,14,-0.1288297226458798,0.1288297226458798,0.13031052405561824,0.04738564511114156,False,compression45_expansion20_1.75x
ctrl_000173,REGN,2026-07-21 19:24:00+00:00,-1,30m,30,29,-0.10994950467192105,0.10994950467192105,0.16436895647923178,0.27839066502792925,False,compression45_expansion20_1.75x
ctrl_000173,REGN,2026-07-21 19:24:00+00:00,-1,60m,60,35,-0.007404007048607977,0.007404007048607977,0.17399416564243897,0.27839066502792925,True,compression45_expansion20_1.75x
ctrl_000173,REGN,2026-07-21 19:24:00+00:00,-1,120m,120,35,-0.007404007048607977,0.007404007048607977,0.17399416564243897,0.27839066502792925,True,compression45_expansion20_1.75x
ctrl_000174,REGN,2026-08-03 18:15:00+00:00,-1,15m,15,14,-0.30098802591113716,0.30098802591113716,0.3114571746384866,0.01766668847739199,False,compression45_expansion20_1.75x
ctrl_000174,REGN,2026-08-03 18:15:00+00:00,-1,30m,30,28,-0.5025191389125214,0.5025191389125214,0.5758031800039229,0.01766668847739199,False,compression45_expansion20_1.75x
ctrl_000174,REGN,2026-08-03 18:15:00+00:00,-1,60m,60,56,-0.3461362297978122,0.3461362297978122,0.5758031800039229,0.01766668847739199,False,compression45_expansion20_1.75x
ctrl_000174,REGN,2026-08-03 18:15:00+00:00,-1,120m,120,101,-0.6412353595498237,0.6412353595498237,1.0089642085977784,0.01766668847739199,True,compression45_expansion20_1.75x
ctrl_000175,REGN,2026-08-11 19:36:00+00:00,1,15m,15,15,-0.4093371099185143,-0.4093371099185143,0.20249453388988214,0.4410157026436181,False,compression45_expansion20_1.75x
ctrl_000175,REGN,2026-08-11 19:36:00+00:00,1,30m,30,24,-0.9888690121248305,-0.9888690121248305,0.20249453388988214,1.031107135758307,True,compression45_expansion20_1.75x
ctrl_000175,REGN,2026-08-11 19:36:00+00:00,1,60m,60,24,-0.9888690121248305,-0.9888690121248305,0.20249453388988214,1.031107135758307,True,compression45_expansion20_1.75x
ctrl_000175,REGN,2026-08-11 19:36:00+00:00,1,120m,120,24,-0.9888690121248305,-0.9888690121248305,0.20249453388988214,1.031107135758307,True,compression45_expansion20_1.75x
ctrl_000176,REGN,2026-06-16 19:33:00+00:00,-1,15m,15,15,0.09611625179198457,-0.09611625179198457,0.042356314349014546,0.17919979147660997,False,compression45_expansion20_1.75x
ctrl_000176,REGN,2026-06-16 19:33:00+00:00,-1,30m,30,27,0.12869803206046584,-0.12869803206046584,0.042356314349014546,0.3518832268995126,True,compression45_expansion20_1.75x
ctrl_000176,REGN,2026-06-16 19:33:00+00:00,-1,60m,60,27,0.12869803206046584,-0.12869803206046584,0.042356314349014546,0.3518832268995126,True,compression45_expansion20_1.75x
ctrl_000176,REGN,2026-06-16 19:33:00+00:00,-1,120m,120,27,0.12869803206046584,-0.12869803206046584,0.042356314349014546,0.3518832268995126,True,compression45_expansion20_1.75x
ctrl_000177,REGN,2026-07-01 19:31:00+00:00,1,15m,15,15,0.13021457444599763,0.13021457444599763,0.13900206106504412,0.09865950885937624,False,compression45_expansion20_1.75x
ctrl_000177,REGN,2026-07-01 19:31:00+00:00,1,30m,30,29,-0.18373835658022614,-0.18373835658022614,0.13900206106504412,0.22847465209540813,True,compression45_expansion20_1.75x
ctrl_000177,REGN,2026-07-01 19:31:00+00:00,1,60m,60,29,-0.18373835658022614,-0.18373835658022614,0.13900206106504412,0.22847465209540813,True,compression45_expansion20_1.75x
ctrl_000177,REGN,2026-07-01 19:31:00+00:00,1,120m,120,29,-0.18373835658022614,-0.18373835658022614,0.13900206106504412,0.22847465209540813,True,compression45_expansion20_1.75x
ctrl_000178,REGN,2026-07-16 19:26:00+00:00,-1,15m,15,15,0.09241392566963132,-0.09241392566963132,0.16338782058389403,0.11459326783035627,False,compression45_expansion20_1.75x
ctrl_000178,REGN,2026-07-16 19:26:00+00:00,-1,30m,30,30,0.2683700401446174,-0.2683700401446174,0.16338782058389403,0.4628089397535129,False,compression45_expansion20_1.75x
ctrl_000178,REGN,2026-07-16 19:26:00+00:00,-1,60m,60,34,0.36743776846245607,-0.36743776846245607,0.16338782058389403,0.4628089397535129,True,compression45_expansion20_1.75x
ctrl_000178,REGN,2026-07-16 19:26:00+00:00,-1,120m,120,34,0.36743776846245607,-0.36743776846245607,0.16338782058389403,0.4628089397535129,True,compression45_expansion20_1.75x
ctrl_000179,REGN,2026-07-13 19:40:00+00:00,-1,15m,15,15,-0.007548992964348855,0.007548992964348855,0.35329287073104926,0.13890147054382326,False,compression45_expansion20_1.75x
ctrl_000179,REGN,2026-07-13 19:40:00+00:00,-1,30m,30,20,0.1328622761723579,-0.1328622761723579,0.35329287073104926,0.2294893861158894,True,compression45_expansion20_1.75x
ctrl_000179,REGN,2026-07-13 19:40:00+00:00,-1,60m,60,20,0.1328622761723579,-0.1328622761723579,0.35329287073104926,0.2294893861158894,True,compression45_expansion20_1.75x
ctrl_000179,REGN,2026-07-13 19:40:00+00:00,-1,120m,120,20,0.1328622761723579,-0.1328622761723579,0.35329287073104926,0.2294893861158894,True,compression45_expansion20_1.75x
ctrl_000180,REGN,2026-07-07 19:29:00+00:00,-1,15m,15,15,0.12382661308260386,-0.12382661308260386,0.0874942535553856,0.24617027271513475,False,compression45_expansion20_1.75x
ctrl_000180,REGN,2026-07-07 19:29:00+00:00,-1,30m,30,30,0.36480654872242413,-0.36480654872242413,0.0874942535553856,0.5323802885827292,False,compression45_expansion20_1.75x
ctrl_000180,REGN,2026-07-07 19:29:00+00:00,-1,60m,60,31,0.2802782020672351,-0.2802782020672351,0.0874942535553856,0.5323802885827292,True,compression45_expansion20_1.75x
ctrl_000180,REGN,2026-07-07 19:29:00+00:00,-1,120m,120,31,0.2802782020672351,-0.2802782020672351,0.0874942535553856,0.5323802885827292,True,compression45_expansion20_1.75x
ctrl_000181,REGN,2026-06-01 19:34:00+00:00,-1,15m,15,15,-0.06652474720595684,0.06652474720595684,0.13637573177220869,0.046550691857370576,False,compression45_expansion20_1.75x
ctrl_000181,REGN,2026-06-01 19:34:00+00:00,-1,30m,30,26,-0.049893560404462904,0.049893560404462904,0.4132849920170326,0.11974454497073365,True,compression45_expansion20_1.75x
ctrl_000181,REGN,2026-06-01 19:34:00+00:00,-1,60m,60,26,-0.049893560404462904,0.049893560404462904,0.4132849920170326,0.11974454497073365,True,compression45_expansion20_1.75x
ctrl_000181,REGN,2026-06-01 19:34:00+00:00,-1,120m,120,26,-0.049893560404462904,0.049893560404462904,0.4132849920170326,0.11974454497073365,True,compression45_expansion20_1.75x
ctrl_000182,REGN,2026-08-14 19:24:00+00:00,-1,15m,15,15,-0.06889018532079863,0.06889018532079863,0.10054243263035706,0.0844059928254844,False,compression45_expansion20_1.75x
ctrl_000182,REGN,2026-08-14 19:24:00+00:00,-1,30m,30,29,-0.2960416071894035,0.2960416071894035,0.351277881906091,0.0844059928254844,False,compression45_expansion20_1.75x
ctrl_000182,REGN,2026-08-14 19:24:00+00:00,-1,60m,60,35,-0.25073544927571983,0.25073544927571983,0.42327122872782397,0.0844059928254844,True,compression45_expansion20_1.75x
ctrl_000182,REGN,2026-08-14 19:24:00+00:00,-1,120m,120,35,-0.25073544927571983,0.25073544927571983,0.42327122872782397,0.0844059928254844,True,compression45_expansion20_1.75x
ctrl_000183,REGN,2026-08-04 19:04:00+00:00,-1,15m,15,14,-0.06151642857847049,0.06151642857847049,0.14485660509986745,0.0896731364903977,False,compression45_expansion20_1.75x
ctrl_000183,REGN,2026-08-04 19:04:00+00:00,-1,30m,30,29,-0.18098863811797317,0.18098863811797317,0.27558887001993415,0.0896731364903977,False,compression45_expansion20_1.75x
ctrl_000183,REGN,2026-08-04 19:04:00+00:00,-1,60m,60,55,-0.05222721136252881,0.05222721136252881,0.4293142468606095,0.0896731364903977,True,compression45_expansion20_1.75x
ctrl_000183,REGN,2026-08-04 19:04:00+00:00,-1,120m,120,55,-0.05222721136252881,0.05222721136252881,0.4293142468606095,0.0896731364903977,True,compression45_expansion20_1.75x
ctrl_000184,REGN,2026-07-01 19:11:00+00:00,1,15m,15,15,0.0007991113881356655,0.0007991113881356655,0.07911202742550356,0.20217518119852326,False,compression45_expansion20_1.75x
ctrl_000184,REGN,2026-07-01 19:11:00+00:00,1,30m,30,30,0.06153157688650075,0.06153157688650075,0.14943382958149662,0.20217518119852326,False,compression45_expansion20_1.75x
ctrl_000184,REGN,2026-07-01 19:11:00+00:00,1,60m,60,49,-0.15263027513405747,-0.15263027513405747,0.1702107256730421,0.20217518119852326,True,compression45_expansion20_1.75x
ctrl_000184,REGN,2026-07-01 19:11:00+00:00,1,120m,120,49,-0.15263027513405747,-0.15263027513405747,0.1702107256730421,0.20217518119852326,True,compression45_expansion20_1.75x
ctrl_000185,REGN,2026-07-13 19:00:00+00:00,-1,15m,15,15,0.0591141965016501,-0.0591141965016501,0.03258859550732589,0.1364173765422708,False,compression45_expansion20_1.75x
ctrl_000185,REGN,2026-07-13 19:00:00+00:00,-1,30m,30,30,0.24555127777609428,-0.24555127777609428,0.03258859550732589,0.3683269166641328,False,compression45_expansion20_1.75x
ctrl_000185,REGN,2026-07-13 19:00:00+00:00,-1,60m,60,60,0.5274805226301298,-0.5274805226301298,0.03258859550732589,0.6244884348379671,False,compression45_expansion20_1.75x
ctrl_000185,REGN,2026-07-13 19:00:00+00:00,-1,120m,120,60,0.5274805226301298,-0.5274805226301298,0.03258859550732589,0.6244884348379671,True,compression45_expansion20_1.75x
ctrl_000186,REGN,2026-07-16 18:45:00+00:00,-1,15m,15,14,-0.005171585829850123,0.005171585829850123,0.11520815632964196,0.0524546562742445,False,compression45_expansion20_1.75x
ctrl_000186,REGN,2026-07-16 18:45:00+00:00,-1,30m,30,29,-0.039156292711755955,0.039156292711755955,0.18543829189907954,0.0524546562742445,False,compression45_expansion20_1.75x
ctrl_000186,REGN,2026-07-16 18:45:00+00:00,-1,60m,60,59,0.17583391821507216,-0.17583391821507216,0.2327213623434571,0.17805031214215078,False,compression45_expansion20_1.75x
ctrl_000186,REGN,2026-07-16 18:45:00+00:00,-1,120m,120,74,0.2977355842044973,-0.2977355842044973,0.2327213623434571,0.3930405230689621,True,compression45_expansion20_1.75x
ctrl_000187,REGN,2026-08-14 19:45:00+00:00,-1,15m,15,15,-0.04788586993700096,0.04788586993700096,0.22077251724201982,0.04166692578934401,False,compression45_expansion20_1.75x
ctrl_000187,REGN,2026-08-14 19:45:00+00:00,-1,30m,30,15,-0.04788586993700096,0.04788586993700096,0.22077251724201982,0.04166692578934401,True,compression45_expansion20_1.75x
ctrl_000187,REGN,2026-08-14 19:45:00+00:00,-1,60m,60,15,-0.04788586993700096,0.04788586993700096,0.22077251724201982,0.04166692578934401,True,compression45_expansion20_1.75x
ctrl_000187,REGN,2026-08-14 19:45:00+00:00,-1,120m,120,15,-0.04788586993700096,0.04788586993700096,0.22077251724201982,0.04166692578934401,True,compression45_expansion20_1.75x
ctrl_000188,REGN,2026-08-04 18:43:00+00:00,1,15m,15,14,-0.13183353556553903,-0.13183353556553903,0.021644311809262927,0.16331617092447506,False,compression45_expansion20_1.75x
ctrl_000188,REGN,2026-08-04 18:43:00+00:00,1,30m,30,28,-0.2105401239628791,-0.2105401239628791,0.021644311809262927,0.24464631226839062,False,compression45_expansion20_1.75x
ctrl_000188,REGN,2026-08-04 18:43:00+00:00,1,60m,60,58,-0.41452136555931945,-0.41452136555931945,0.021644311809262927,0.4466598891548993,False,compression45_expansion20_1.75x
ctrl_000188,REGN,2026-08-04 18:43:00+00:00,1,120m,120,75,-0.2131636769094546,-0.2131636769094546,0.021644311809262927,0.5896435247433842,True,compression45_expansion20_1.75x
ctrl_000189,REGN,2026-07-22 19:06:00+00:00,1,15m,15,15,-0.2516271634964676,-0.2516271634964676,0.020267841436653437,0.2516271634964676,False,compression45_expansion20_1.75x
ctrl_000189,REGN,2026-07-22 19:06:00+00:00,1,30m,30,30,-0.045124628104223984,-0.045124628104223984,0.020267841436653437,0.39694376247619906,False,compression45_expansion20_1.75x
ctrl_000189,REGN,2026-07-22 19:06:00+00:00,1,60m,60,54,-0.3923548172452645,-0.3923548172452645,0.19503017231488995,0.5728533296621778,True,compression45_expansion20_1.75x
ctrl_000189,REGN,2026-07-22 19:06:00+00:00,1,120m,120,54,-0.3923548172452645,-0.3923548172452645,0.19503017231488995,0.5728533296621778,True,compression45_expansion20_1.75x
ctrl_000190,REGN,2026-07-29 18:07:00+00:00,-1,15m,15,15,-0.09484257569442989,0.09484257569442989,0.17818908160772667,0.06969492304818486,False,compression45_expansion20_1.75x
ctrl_000190,REGN,2026-07-29 18:07:00+00:00,-1,30m,30,30,0.21770682148040443,-0.21770682148040443,0.17818908160772667,0.39230338128152703,False,compression45_expansion20_1.75x
ctrl_000190,REGN,2026-07-29 18:07:00+00:00,-1,60m,60,59,-0.3039273448389845,0.3039273448389845,0.48355343516935284,0.39230338128152703,False,compression45_expansion20_1.75x
ctrl_000190,REGN,2026-07-29 18:07:00+00:00,-1,120m,120,112,0.05604334018307296,-0.05604334018307296,0.5072640790929562,0.3937403900041686,True,compression45_expansion20_1.75x
ctrl_000191,REGN,2026-07-27 19:13:00+00:00,1,15m,15,15,0.049120300080367836,0.049120300080367836,0.07591319103331114,0.01488493941829995,False,compression45_expansion20_1.75x
ctrl_000191,REGN,2026-07-27 19:13:00+00:00,1,30m,30,30,0.003721234854570757,0.003721234854570757,0.0982406001607526,0.06995921526599792,False,compression45_expansion20_1.75x
ctrl_000191,REGN,2026-07-27 19:13:00+00:00,1,60m,60,47,-0.6966151647762888,-0.6966151647762888,0.0982406001607526,0.7397814890893435,True,compression45_expansion20_1.75x
ctrl_000191,REGN,2026-07-27 19:13:00+00:00,1,120m,120,47,-0.6966151647762888,-0.6966151647762888,0.0982406001607526,0.7397814890893435,True,compression45_expansion20_1.75x
ctrl_000192,REGN,2026-07-27 18:52:00+00:00,1,15m,15,14,-0.14116318464145228,-0.14116318464145228,0.08321198252547556,0.14116318464145228,False,compression45_expansion20_1.75x
ctrl_000192,REGN,2026-07-27 18:52:00+00:00,1,30m,30,29,-0.17979731938542548,-0.17979731938542548,0.08321198252547556,0.25260780409522504,False,compression45_expansion20_1.75x
ctrl_000192,REGN,2026-07-27 18:52:00+00:00,1,60m,60,59,-0.4309191952212513,-0.4309191952212513,0.08321198252547556,0.5007578234122863,False,compression45_expansion20_1.75x
ctrl_000192,REGN,2026-07-27 18:52:00+00:00,1,120m,120,67,-0.8677821034800488,-0.8677821034800488,0.08321198252547556,0.9108740230021688,True,compression45_expansion20_1.75x
ctrl_000193,REGN,2026-07-27 18:32:00+00:00,1,15m,15,15,-0.031186883687780147,-0.031186883687780147,0.09207556136390706,0.06460140192468503,False,compression45_expansion20_1.75x
ctrl_000193,REGN,2026-07-27 18:32:00+00:00,1,30m,30,29,-0.1358857074967274,-0.1358857074967274,0.09207556136390706,0.14850896994178447,False,compression45_expansion20_1.75x
ctrl_000193,REGN,2026-07-27 18:32:00+00:00,1,60m,60,59,-0.19306166092432994,-0.19306166092432994,0.09207556136390706,0.30889865747891776,False,compression45_expansion20_1.75x
ctrl_000193,REGN,2026-07-27 18:32:00+00:00,1,120m,120,87,-0.9237257930379035,-0.9237257930379035,0.09207556136390706,0.9667933943210156,True,compression45_expansion20_1.75x
ctrl_000194,REGN,2026-07-27 18:10:00+00:00,-1,15m,15,14,0.14862816206414792,-0.14862816206414792,0.10255343182427015,0.2149311851609645,False,compression45_expansion20_1.75x
ctrl_000194,REGN,2026-07-27 18:10:00+00:00,-1,30m,30,28,0.11295740316875107,-0.11295740316875107,0.10255343182427015,0.23334621444070272,False,compression45_expansion20_1.75x
ctrl_000194,REGN,2026-07-27 18:10:00+00:00,-1,60m,60,57,-0.17240866799442373,0.17240866799442373,0.17240866799442373,0.23334621444070272,False,compression45_expansion20_1.75x
ctrl_000194,REGN,2026-07-27 18:10:00+00:00,-1,120m,120,107,-0.8442079605243695,0.8442079605243695,0.887310127522967,0.23334621444070272,True,compression45_expansion20_1.75x
ctrl_000195,REGN,2026-07-30 18:05:00+00:00,-1,15m,15,15,0.4614443764941258,-0.4614443764941258,0.07366431311502374,0.7491521654528251,False,compression45_expansion20_1.75x
ctrl_000195,REGN,2026-07-30 18:05:00+00:00,-1,30m,30,30,1.006977261355424,-1.006977261355424,0.07366431311502374,1.0966114415967103,False,compression45_expansion20_1.75x
ctrl_000195,REGN,2026-07-30 18:05:00+00:00,-1,60m,60,60,1.3217879579696434,-1.3217879579696434,0.07366431311502374,1.8791349307833412,False,compression45_expansion20_1.75x
ctrl_000195,REGN,2026-07-30 18:05:00+00:00,-1,120m,120,115,2.6310668816367304,-2.6310668816367304,0.07366431311502374,2.8520598209818173,True,compression45_expansion20_1.75x
ctrl_000196,REGN,2026-05-19 19:40:00+00:00,-1,15m,15,15,0.02335976814440872,-0.02335976814440872,0.056617743129648145,0.4264147507037618,False,compression45_expansion20_1.75x
ctrl_000196,REGN,2026-05-19 19:40:00+00:00,-1,30m,30,20,-0.18014736450345376,0.18014736450345376,0.2498307406630193,0.4264147507037618,True,compression45_expansion20_1.75x
ctrl_000196,REGN,2026-05-19 19:40:00+00:00,-1,60m,60,20,-0.18014736450345376,0.18014736450345376,0.2498307406630193,0.4264147507037618,True,compression45_expansion20_1.75x
ctrl_000196,REGN,2026-05-19 19:40:00+00:00,-1,120m,120,20,-0.18014736450345376,0.18014736450345376,0.2498307406630193,0.4264147507037618,True,compression45_expansion20_1.75x
ctrl_000197,REGN,2026-05-21 17:59:00+00:00,-1,15m,15,15,-0.49537187776176406,0.49537187776176406,0.5194040032869781,0.040311952493913034,False,compression45_expansion20_1.75x
ctrl_000197,REGN,2026-05-21 17:59:00+00:00,-1,30m,30,30,-0.38373877854784294,0.38373877854784294,0.5194040032869781,0.040311952493913034,False,compression45_expansion20_1.75x
ctrl_000197,REGN,2026-05-21 17:59:00+00:00,-1,60m,60,60,-0.6015783679861071,0.6015783679861071,0.7860830736313394,0.040311952493913034,False,compression45_expansion20_1.75x
ctrl_000197,REGN,2026-05-21 17:59:00+00:00,-1,120m,120,120,-0.3442020559095814,0.3442020559095814,0.7860830736313394,0.040311952493913034,False,compression45_expansion20_1.75x
ctrl_000198,REGN,2026-08-06 15:48:00+00:00,-1,15m,15,13,0.18886543501133016,-0.18886543501133016,0.11305785556042179,0.18886543501133016,False,compression45_expansion20_1.75x
ctrl_000198,REGN,2026-08-06 15:48:00+00:00,-1,30m,30,27,0.06469784797966326,-0.06469784797966326,0.11305785556042179,0.18886543501133016,False,compression45_expansion20_1.75x
ctrl_000198,REGN,2026-08-06 15:48:00+00:00,-1,60m,60,45,-0.10521569216895466,0.10521569216895466,0.11305785556042179,0.292120586332418,False,compression45_expansion20_1.75x
ctrl_000198,REGN,2026-08-06 15:48:00+00:00,-1,120m,120,82,-0.08561028369025712,0.08561028369025712,0.23657192897614793,0.292120586332418,False,compression45_expansion20_1.75x
ctrl_000199,REGN,2026-07-24 16:40:00+00:00,-1,15m,15,14,-0.0517757584398279,0.0517757584398279,0.11555748985119824,0.04652314526476103,False,compression45_expansion20_1.75x
ctrl_000199,REGN,2026-07-24 16:40:00+00:00,-1,30m,30,29,-0.0975485303938846,0.0975485303938846,0.13281607599780754,0.04652314526476103,False,compression45_expansion20_1.75x
ctrl_000199,REGN,2026-07-24 16:40:00+00:00,-1,60m,60,54,-0.4299639070437556,0.4299639070437556,0.4299639070437556,0.04652314526476103,False,compression45_expansion20_1.75x
ctrl_000199,REGN,2026-07-24 16:40:00+00:00,-1,120m,120,112,-1.0152550894069778,1.0152550894069778,1.1203073529080765,0.04652314526476103,False,compression45_expansion20_1.75x
ctrl_000200,REGN,2026-07-14 15:14:00+00:00,-1,15m,15,13,0.01294547669813017,-0.01294547669813017,0.1286932683521211,0.07614986293024673,False,compression45_expansion20_1.75x
ctrl_000200,REGN,2026-07-14 15:14:00+00:00,-1,30m,30,24,0.04264392324093401,-0.04264392324093401,0.1286932683521211,0.1446847395674584,False,compression45_expansion20_1.75x
ctrl_000200,REGN,2026-07-14 15:14:00+00:00,-1,60m,60,51,0.48507462686566327,-0.48507462686566327,0.1286932683521211,0.5269570514772955,False,compression45_expansion20_1.75x
ctrl_000200,REGN,2026-07-14 15:14:00+00:00,-1,120m,120,102,0.6960097471824453,-0.6960097471824453,0.1286932683521211,0.7028632348461786,False,compression45_expansion20_1.75x
ctrl_000201,REGN,2026-06-11 16:12:00+00:00,1,15m,15,15,-0.0676038900744398,-0.0676038900744398,0.1286917425513486,0.0676038900744398,False,compression45_expansion20_1.75x
ctrl_000201,REGN,2026-06-11 16:12:00+00:00,1,30m,30,30,0.058644338377834664,0.058644338377834664,0.1286917425513486,0.18178115887728843,False,compression45_expansion20_1.75x
ctrl_000201,REGN,2026-06-11 16:12:00+00:00,1,60m,60,60,-0.06027334777721742,-0.06027334777721742,0.14172381774642914,0.18178115887728843,False,compression45_expansion20_1.75x
ctrl_000201,REGN,2026-06-11 16:12:00+00:00,1,120m,120,120,0.2655285320996295,0.2655285320996295,0.6890709759395341,0.18178115887728843,False,compression45_expansion20_1.75x
ctrl_000202,REGN,2026-07-20 15:58:00+00:00,-1,15m,15,15,0.11582698252266273,-0.11582698252266273,0.07672615402775151,0.16451858027105123,False,compression45_expansion20_1.75x
ctrl_000202,REGN,2026-07-20 15:58:00+00:00,-1,30m,30,30,0.16009207138483866,-0.16009207138483866,0.07672615402775151,0.2825588172368202,False,compression45_expansion20_1.75x
ctrl_000202,REGN,2026-07-20 15:58:00+00:00,-1,60m,60,57,0.320921894250696,-0.320921894250696,0.07672615402775151,0.38436852161980983,False,compression45_expansion20_1.75x
ctrl_000202,REGN,2026-07-20 15:58:00+00:00,-1,120m,120,112,-0.19845514839871445,0.19845514839871445,0.31206887647827086,0.5909389363099139,False,compression45_expansion20_1.75x
ctrl_000203,REGN,2026-08-11 15:10:00+00:00,1,15m,15,14,-0.13330605209475663,-0.13330605209475663,0.10230464463087188,0.20273680425091498,False,compression45_expansion20_1.75x
ctrl_000203,REGN,2026-08-11 15:10:00+00:00,1,30m,30,29,-0.18538841663411576,-0.18538841663411576,0.10230464463087188,0.2969934835041489,False,compression45_expansion20_1.75x
ctrl_000203,REGN,2026-08-11 15:10:00+00:00,1,60m,60,56,0.062002814927797724,0.062002814927797724,0.1729878536485534,0.2969934835041489,False,compression45_expansion20_1.75x
ctrl_000203,REGN,2026-08-11 15:10:00+00:00,1,120m,120,108,0.3267548346694929,0.3267548346694929,0.38875764959729064,0.2969934835041489,False,compression45_expansion20_1.75x
ctrl_000204,REGN,2026-06-26 16:30:00+00:00,-1,15m,15,15,0.2067130252966156,-0.2067130252966156,0.07761638497725293,0.21542506850834195,False,compression45_expansion20_1.75x
ctrl_000204,REGN,2026-06-26 16:30:00+00:00,-1,30m,30,30,0.14414471495779918,-0.14414471495779918,0.07761638497725293,0.2545975828040122,False,compression45_expansion20_1.75x
ctrl_000204,REGN,2026-06-26 16:30:00+00:00,-1,60m,60,60,0.1837449113747734,-0.1837449113747734,0.12830463639098788,0.2545975828040122,False,compression45_expansion20_1.75x
ctrl_000204,REGN,2026-06-26 16:30:00+00:00,-1,120m,120,119,0.37778587381795076,-0.37778587381795076,0.12830463639098788,0.47678636486038634,False,compression45_expansion20_1.75x
ctrl_000205,REGN,2026-06-10 16:46:00+00:00,1,15m,15,15,-0.055732223060013464,-0.055732223060013464,0.002048978788979031,0.13277382552534925,False,compression45_expansion20_1.75x
ctrl_000205,REGN,2026-06-10 16:46:00+00:00,1,30m,30,30,-0.3507851686719317,-0.3507851686719317,0.002048978788979031,0.38356882929546576,False,compression45_expansion20_1.75x
ctrl_000205,REGN,2026-06-10 16:46:00+00:00,1,60m,60,60,-0.5429793790774678,-0.5429793790774678,0.002048978788979031,0.6179720027538246,False,compression45_expansion20_1.75x
ctrl_000205,REGN,2026-06-10 16:46:00+00:00,1,120m,120,118,-1.0834999836081534,-1.0834999836081534,0.002048978788979031,1.127757925449955,False,compression45_expansion20_1.75x
ctrl_000206,REGN,2026-07-22 17:41:00+00:00,-1,15m,15,14,0.072689988675651,-0.072689988675651,0.058151990940531244,0.33284363235698505,False,compression45_expansion20_1.75x
ctrl_000206,REGN,2026-07-22 17:41:00+00:00,-1,30m,30,29,-0.24332017261959904,0.24332017261959904,0.2708658525387907,0.33284363235698505,False,compression45_expansion20_1.75x
ctrl_000206,REGN,2026-07-22 17:41:00+00:00,-1,60m,60,56,0.2065925993939811,-0.2065925993939811,0.362684785602792,0.33284363235698505,False,compression45_expansion20_1.75x
ctrl_000206,REGN,2026-07-22 17:41:00+00:00,-1,120m,120,115,0.1622134484130544,-0.1622134484130544,0.362684785602792,0.4040033054815882,False,compression45_expansion20_1.75x
ctrl_000207,SBUX,2026-08-14 18:31:00+00:00,-1,15m,15,15,-0.09707840236685444,0.09707840236685444,0.12943786982248573,0.05547337278106719,False,compression45_expansion20_1.75x
ctrl_000207,SBUX,2026-08-14 18:31:00+00:00,-1,30m,30,29,-0.11556952662721894,0.11556952662721894,0.23113905325443787,0.05547337278106719,False,compression45_expansion20_1.75x
ctrl_000207,SBUX,2026-08-14 18:31:00+00:00,-1,60m,60,59,-0.3975591715976263,0.3975591715976263,0.4345414201183421,0.05547337278106719,False,compression45_expansion20_1.75x
ctrl_000207,SBUX,2026-08-14 18:31:00+00:00,-1,120m,120,88,-0.4345414201183421,0.4345414201183421,0.5639792899408279,0.05547337278106719,True,compression45_expansion20_1.75x
ctrl_000208,SBUX,2026-07-13 18:05:00+00:00,1,15m,15,15,-0.027782922763475767,-0.027782922763475767,0.055565845526951534,0.06945730690868943,False,compression45_expansion20_1.75x
ctrl_000208,SBUX,2026-07-13 18:05:00+00:00,1,30m,30,30,-0.07408779403593099,-0.07408779403593099,0.055565845526951534,0.1574365623263583,False,compression45_expansion20_1.75x
ctrl_000208,SBUX,2026-07-13 18:05:00+00:00,1,60m,60,60,-0.004630487127254735,-0.004630487127254735,0.055565845526951534,0.25930727912576507,False,compression45_expansion20_1.75x
ctrl_000208,SBUX,2026-07-13 18:05:00+00:00,1,120m,120,115,-0.6019633265419574,-0.6019633265419574,0.18521948508983407,1.0279681422485638,True,compression45_expansion20_1.75x
ctrl_000209,SBUX,2026-06-26 18:26:00+00:00,-1,15m,15,15,-0.14329384791746816,0.14329384791746816,0.191058463889953,0.009552923194488827,False,compression45_expansion20_1.75x
ctrl_000209,SBUX,2026-06-26 18:26:00+00:00,-1,30m,30,30,-0.06687046236148966,0.06687046236148966,0.25315246465418473,0.009552923194488827,False,compression45_expansion20_1.75x
ctrl_000209,SBUX,2026-06-26 18:26:00+00:00,-1,60m,60,60,-0.04776461597249844,0.04776461597249844,0.3343523118074212,0.03821169277798246,False,compression45_expansion20_1.75x
ctrl_000209,SBUX,2026-06-26 18:26:00+00:00,-1,120m,120,94,-0.07642338555599207,0.07642338555599207,0.6782575468093313,0.148070309514699,True,compression45_expansion20_1.75x
ctrl_000210,SBUX,2026-07-20 18:06:00+00:00,-1,15m,15,15,-0.03822684630424124,0.03822684630424124,0.12402276070280084,0.03803618871669611,False,compression45_expansion20_1.75x
ctrl_000210,SBUX,2026-07-20 18:06:00+00:00,-1,30m,30,30,-0.24795019261182233,0.24795019261182233,0.2956145894999065,0.03803618871669611,False,compression45_expansion20_1.75x
ctrl_000210,SBUX,2026-07-20 18:06:00+00:00,-1,60m,60,60,-0.14308851945803178,0.14308851945803178,0.3623447451432351,0.03803618871669611,False,compression45_expansion20_1.75x
ctrl_000210,SBUX,2026-07-20 18:06:00+00:00,-1,120m,120,114,-0.06682548443709443,0.06682548443709443,0.6578640058493758,0.2620588540907038,True,compression45_expansion20_1.75x
ctrl_000211,SBUX,2026-07-07 18:01:00+00:00,1,15m,15,15,-0.1353179972936406,-0.1353179972936406,0.16431471099942171,0.16914749661704734,False,compression45_expansion20_1.75x
ctrl_000211,SBUX,2026-07-07 18:01:00+00:00,1,30m,30,30,-0.22714092402860955,-0.22714092402860955,0.16431471099942171,0.28030156582253246,False,compression45_expansion20_1.75x
ctrl_000211,SBUX,2026-07-07 18:01:00+00:00,1,60m,60,60,0.2029769959404678,0.2029769959404678,0.2416392808815001,0.28030156582253246,False,compression45_expansion20_1.75x
ctrl_000211,SBUX,2026-07-07 18:01:00+00:00,1,120m,120,119,0.11598685482312446,0.11598685482312446,0.5122752754687814,0.28030156582253246,True,compression45_expansion20_1.75x
ctrl_000212,SBUX,2026-07-10 18:21:00+00:00,-1,15m,15,15,-0.10301837270342173,0.10301837270342173,0.12654668166479668,0.09373828271465534,False,compression45_expansion20_1.75x
ctrl_000212,SBUX,2026-07-10 18:21:00+00:00,-1,30m,30,30,-0.07030371203599817,0.07030371203599817,0.2062242219722657,0.09373828271465534,False,compression45_expansion20_1.75x
ctrl_000212,SBUX,2026-07-10 18:21:00+00:00,-1,60m,60,60,-0.046869141357340986,0.046869141357340986,0.2062242219722657,0.09373828271465534,False,compression45_expansion20_1.75x
ctrl_000212,SBUX,2026-07-10 18:21:00+00:00,-1,120m,120,99,-0.628046494188228,0.628046494188228,0.6936632920884974,0.09373828271465534,True,compression45_expansion20_1.75x
ctrl_000213,SBUX,2026-06-23 18:20:00+00:00,-1,15m,15,15,-0.24745125210333566,0.24745125210333566,0.2870434524398755,0.06235771553004295,False,compression45_expansion20_1.75x
ctrl_000213,SBUX,2026-06-23 18:20:00+00:00,-1,30m,30,30,-0.17816490151440842,0.17816490151440842,0.3266356527764014,0.06235771553004295,False,compression45_expansion20_1.75x
ctrl_000213,SBUX,2026-06-23 18:20:00+00:00,-1,60m,60,60,-0.019895080669107532,0.019895080669107532,0.3266356527764014,0.11877660100960562,False,compression45_expansion20_1.75x
ctrl_000213,SBUX,2026-06-23 18:20:00+00:00,-1,120m,120,100,0.02474512521033919,-0.02474512521033919,0.3266356527764014,0.296941502524,True,compression45_expansion20_1.75x
ctrl_000214,SBUX,2026-07-21 19:39:00+00:00,-1,15m,15,15,-0.14816939107160035,0.14816939107160035,0.14816939107160035,0.21030494216613982,False,compression45_expansion20_1.75x
ctrl_000214,SBUX,2026-07-21 19:39:00+00:00,-1,30m,30,21,-0.14816939107160035,0.14816939107160035,0.17684733773062067,0.21030494216613982,True,compression45_expansion20_1.75x
ctrl_000214,SBUX,2026-07-21 19:39:00+00:00,-1,60m,60,21,-0.14816939107160035,0.14816939107160035,0.17684733773062067,0.21030494216613982,True,compression45_expansion20_1.75x
ctrl_000214,SBUX,2026-07-21 19:39:00+00:00,-1,120m,120,21,-0.14816939107160035,0.14816939107160035,0.17684733773062067,0.21030494216613982,True,compression45_expansion20_1.75x
ctrl_000215,SBUX,2026-06-16 18:36:00+00:00,-1,15m,15,15,-0.05930611841455201,0.05930611841455201,0.0840170010872867,0.07907482455273133,False,compression45_expansion20_1.75x
ctrl_000215,SBUX,2026-06-16 18:36:00+00:00,-1,30m,30,30,-0.11367006029454865,0.11367006029454865,0.15814964910546267,0.07907482455273133,False,compression45_expansion20_1.75x
ctrl_000215,SBUX,2026-06-16 18:36:00+00:00,-1,60m,60,60,-0.622714243352768,0.622714243352768,0.6988237619847858,0.10872788376000735,False,compression45_expansion20_1.75x
ctrl_000215,SBUX,2026-06-16 18:36:00+00:00,-1,120m,120,84,0.5238707126618574,-0.5238707126618574,0.6988237619847858,0.5881190076109507,True,compression45_expansion20_1.75x
ctrl_000216,SBUX,2026-06-08 19:33:00+00:00,1,15m,15,15,0.04195070791820268,0.04195070791820268,0.1678028316727958,0.10487676979548434,False,compression45_expansion20_1.75x
ctrl_000216,SBUX,2026-06-08 19:33:00+00:00,1,30m,30,27,-0.5610907184058695,-0.5610907184058695,0.1782905086523353,0.5663345568956393,True,compression45_expansion20_1.75x
ctrl_000216,SBUX,2026-06-08 19:33:00+00:00,1,60m,60,27,-0.5610907184058695,-0.5610907184058695,0.1782905086523353,0.5663345568956393,True,compression45_expansion20_1.75x
ctrl_000216,SBUX,2026-06-08 19:33:00+00:00,1,120m,120,27,-0.5610907184058695,-0.5610907184058695,0.1782905086523353,0.5663345568956393,True,compression45_expansion20_1.75x
ctrl_000217,SBUX,2026-07-24 18:28:00+00:00,-1,15m,15,15,-0.03853564547205399,0.03853564547205399,0.19267822736031104,0.05780346820809468,False,compression45_expansion20_1.75x
ctrl_000217,SBUX,2026-07-24 18:28:00+00:00,-1,30m,30,30,0.11560693641618935,-0.11560693641618935,0.19267822736031104,0.17822736030828737,False,compression45_expansion20_1.75x
ctrl_000217,SBUX,2026-07-24 18:28:00+00:00,-1,60m,60,60,0.0,-0.0,0.19267822736031104,0.18304431599229068,False,compression45_expansion20_1.75x
ctrl_000217,SBUX,2026-07-24 18:28:00+00:00,-1,120m,120,92,-0.5298651252408451,0.5298651252408451,0.6551059730250411,0.2312138728323787,True,compression45_expansion20_1.75x
ctrl_000218,SBUX,2026-07-16 18:08:00+00:00,-1,15m,15,15,-0.004617871161403522,0.004617871161403522,0.032325098129772155,0.12006465019625533,False,compression45_expansion20_1.75x
ctrl_000218,SBUX,2026-07-16 18:08:00+00:00,-1,30m,30,30,-0.2770722696836863,0.2770722696836863,0.31863311013622614,0.12006465019625533,False,compression45_expansion20_1.75x
ctrl_000218,SBUX,2026-07-16 18:08:00+00:00,-1,60m,60,60,-0.14777187716463708,0.14777187716463708,0.3648118217501826,0.12006465019625533,False,compression45_expansion20_1.75x
ctrl_000218,SBUX,2026-07-16 18:08:00+00:00,-1,120m,120,112,0.08773955206649628,-0.08773955206649628,0.4201339182636889,0.1893327176171769,True,compression45_expansion20_1.75x
ctrl_000219,SBUX,2026-07-16 18:28:00+00:00,-1,15m,15,15,-0.1202701452493382,0.1202701452493382,0.14802479415301747,0.04625774817281632,False,compression45_expansion20_1.75x
ctrl_000219,SBUX,2026-07-16 18:28:00+00:00,-1,30m,30,30,-0.03293551669904922,0.03293551669904922,0.19428254232584694,0.04625774817281632,False,compression45_expansion20_1.75x
ctrl_000219,SBUX,2026-07-16 18:28:00+00:00,-1,60m,60,60,-0.06476084744195336,0.06476084744195336,0.22203719122953933,0.08788972152835495,False,compression45_expansion20_1.75x
ctrl_000219,SBUX,2026-07-16 18:28:00+00:00,-1,120m,120,92,0.2590433897677871,-0.2590433897677871,0.24969932463688305,0.36081043574798827,True,compression45_expansion20_1.75x
ctrl_000220,SBUX,2026-05-21 19:36:00+00:00,1,15m,15,15,0.20165162281543472,0.20165162281543472,0.4705204532360235,0.11513347416938854,False,compression45_expansion20_1.75x
ctrl_000220,SBUX,2026-05-21 19:36:00+00:00,1,30m,30,24,-0.009602458229311614,-0.009602458229311614,0.4705204532360235,0.20165162281543472,True,compression45_expansion20_1.75x
ctrl_000220,SBUX,2026-05-21 19:36:00+00:00,1,60m,60,24,-0.009602458229311614,-0.009602458229311614,0.4705204532360235,0.20165162281543472,True,compression45_expansion20_1.75x
ctrl_000220,SBUX,2026-05-21 19:36:00+00:00,1,120m,120,24,-0.009602458229311614,-0.009602458229311614,0.4705204532360235,0.20165162281543472,True,compression45_expansion20_1.75x
ctrl_000221,SBUX,2026-06-17 19:45:00+00:00,-1,15m,15,15,0.6045340050377777,-0.6045340050377777,0.18136020151134188,0.6700251889168829,False,compression45_expansion20_1.75x
ctrl_000221,SBUX,2026-06-17 19:45:00+00:00,-1,30m,30,15,0.6045340050377777,-0.6045340050377777,0.18136020151134188,0.6700251889168829,True,compression45_expansion20_1.75x
ctrl_000221,SBUX,2026-06-17 19:45:00+00:00,-1,60m,60,15,0.6045340050377777,-0.6045340050377777,0.18136020151134188,0.6700251889168829,True,compression45_expansion20_1.75x
ctrl_000221,SBUX,2026-06-17 19:45:00+00:00,-1,120m,120,15,0.6045340050377777,-0.6045340050377777,0.18136020151134188,0.6700251889168829,True,compression45_expansion20_1.75x
ctrl_000222,SBUX,2026-07-15 19:45:00+00:00,1,15m,15,15,0.11427483096846998,0.11427483096846998,0.27616417484048383,0.09522902580707411,False,compression45_expansion20_1.75x
ctrl_000222,SBUX,2026-07-15 19:45:00+00:00,1,30m,30,15,0.11427483096846998,0.11427483096846998,0.27616417484048383,0.09522902580707411,True,compression45_expansion20_1.75x
ctrl_000222,SBUX,2026-07-15 19:45:00+00:00,1,60m,60,15,0.11427483096846998,0.11427483096846998,0.27616417484048383,0.09522902580707411,True,compression45_expansion20_1.75x
ctrl_000222,SBUX,2026-07-15 19:45:00+00:00,1,120m,120,15,0.11427483096846998,0.11427483096846998,0.27616417484048383,0.09522902580707411,True,compression45_expansion20_1.75x
ctrl_000223,SBUX,2026-05-21 18:36:00+00:00,1,15m,15,15,0.1244316822206362,0.1244316822206362,0.23929169657812877,0.09571667863124607,False,compression45_expansion20_1.75x
ctrl_000223,SBUX,2026-05-21 18:36:00+00:00,1,30m,30,30,-0.062215841110311296,-0.062215841110311296,0.23929169657812877,0.4737975592246857,False,compression45_expansion20_1.75x
ctrl_000223,SBUX,2026-05-21 18:36:00+00:00,1,60m,60,60,-0.26322086623593344,-0.26322086623593344,0.23929169657812877,0.4737975592246857,False,compression45_expansion20_1.75x
ctrl_000223,SBUX,2026-05-21 18:36:00+00:00,1,120m,120,84,-0.3302225412778166,-0.3302225412778166,0.23929169657812877,0.5216558985403087,True,compression45_expansion20_1.75x
ctrl_000224,SBUX,2026-05-21 16:16:00+00:00,1,15m,15,15,-0.2684821171732679,-0.2684821171732679,0.01917729408380096,0.27807076421517524,False,compression45_expansion20_1.75x
ctrl_000224,SBUX,2026-05-21 16:16:00+00:00,1,30m,30,30,-0.2732764406942284,-0.2732764406942284,0.01917729408380096,0.44107776392751746,False,compression45_expansion20_1.75x
ctrl_000224,SBUX,2026-05-21 16:16:00+00:00,1,60m,60,60,-0.12465241154474029,-0.12465241154474029,0.01917729408380096,0.6424393518074616,False,compression45_expansion20_1.75x
ctrl_000224,SBUX,2026-05-21 16:16:00+00:00,1,120m,120,120,-0.07191485281427062,-0.07191485281427062,0.4506664109694111,0.6424393518074616,False,compression45_expansion20_1.75x
ctrl_000225,SBUX,2026-07-20 17:46:00+00:00,-1,15m,15,15,0.26858513189448546,-0.26858513189448546,0.01918465227817364,0.32613908872902003,False,compression45_expansion20_1.75x
ctrl_000225,SBUX,2026-07-20 17:46:00+00:00,-1,30m,30,30,0.6043165467625856,-0.6043165467625856,0.01918465227817364,0.6810551558752937,False,compression45_expansion20_1.75x
ctrl_000225,SBUX,2026-07-20 17:46:00+00:00,-1,60m,60,60,0.369304556354921,-0.369304556354921,0.01918465227817364,0.6810551558752937,False,compression45_expansion20_1.75x
ctrl_000225,SBUX,2026-07-20 17:46:00+00:00,-1,120m,120,120,0.2398081534772182,-0.2398081534772182,0.038369304556360916,0.6810551558752937,False,compression45_expansion20_1.75x
ctrl_000226,SBUX,2026-07-31 16:44:00+00:00,1,15m,15,15,-0.02853881278538921,-0.02853881278538921,0.0950342465753339,0.20928462709284518,False,compression45_expansion20_1.75x
ctrl_000226,SBUX,2026-07-31 16:44:00+00:00,1,30m,30,30,-0.1379375951293857,-0.1379375951293857,0.10464231354642259,0.20928462709284518,False,compression45_expansion20_1.75x
ctrl_000226,SBUX,2026-07-31 16:44:00+00:00,1,60m,60,60,0.05707762557077842,0.05707762557077842,0.1426940639269325,0.3328576864535818,False,compression45_expansion20_1.75x
ctrl_000226,SBUX,2026-07-31 16:44:00+00:00,1,120m,120,120,0.7087138508371292,0.7087138508371292,0.9037290715372799,0.3328576864535818,False,compression45_expansion20_1.75x
ctrl_000227,SBUX,2026-06-02 15:52:00+00:00,-1,15m,15,15,-0.07535756395139763,0.07535756395139763,0.09740093299840967,0.374224637309693,False,compression45_expansion20_1.75x
ctrl_000227,SBUX,2026-06-02 15:52:00+00:00,-1,30m,30,30,-0.20505459578613097,0.20505459578613097,0.292202798995229,0.374224637309693,False,compression45_expansion20_1.75x
ctrl_000227,SBUX,2026-06-02 15:52:00+00:00,-1,60m,60,60,-0.13841185215562712,0.13841185215562712,0.46649920541343964,0.374224637309693,False,compression45_expansion20_1.75x
ctrl_000227,SBUX,2026-06-02 15:52:00+00:00,-1,120m,120,120,-1.0765366278771693,1.0765366278771693,1.173937560875579,0.374224637309693,False,compression45_expansion20_1.75x
ctrl_000228,SBUX,2026-05-20 16:03:00+00:00,1,15m,15,15,0.03268126429804995,0.03268126429804995,0.200756337830901,0.07936878472383747,False,compression45_expansion20_1.75x
ctrl_000228,SBUX,2026-05-20 16:03:00+00:00,1,30m,30,30,-0.2006629627900463,-0.2006629627900463,0.200756337830901,0.25678136234185134,False,compression45_expansion20_1.75x
ctrl_000228,SBUX,2026-05-20 16:03:00+00:00,1,60m,60,60,-0.326812642980526,-0.326812642980526,0.200756337830901,0.4155189317895263,False,compression45_expansion20_1.75x
ctrl_000228,SBUX,2026-05-20 16:03:00+00:00,1,120m,120,120,-0.30346888276763884,-0.30346888276763884,0.31280638685280165,0.6022690134926897,False,compression45_expansion20_1.75x
ctrl_000229,TXN,2026-08-14 18:22:00+00:00,1,15m,15,15,0.20183090232190443,0.20183090232190443,0.25359256128486324,0.053955864103155435,False,compression45_expansion20_1.75x
ctrl_000229,TXN,2026-08-14 18:22:00+00:00,1,30m,30,30,0.18884552436106447,0.18884552436106447,0.25359256128486324,0.053955864103155435,False,compression45_expansion20_1.75x
ctrl_000229,TXN,2026-08-14 18:22:00+00:00,1,60m,60,60,0.34172047265336547,0.34172047265336547,0.3938778079531042,0.053955864103155435,False,compression45_expansion20_1.75x
ctrl_000229,TXN,2026-08-14 18:22:00+00:00,1,120m,120,98,0.5881189187244802,0.5881189187244802,0.7679717990683588,0.053955864103155435,True,compression45_expansion20_1.75x
ctrl_000230,TXN,2026-08-12 18:29:00+00:00,-1,15m,15,15,0.11685158877158622,-0.11685158877158622,0.05574637199015611,0.1420633350716545,False,compression45_expansion20_1.75x
ctrl_000230,TXN,2026-08-12 18:29:00+00:00,-1,30m,30,30,0.06653599237533575,-0.06653599237533575,0.12408063442968845,0.1420633350716545,False,compression45_expansion20_1.75x
ctrl_000230,TXN,2026-08-12 18:29:00+00:00,-1,60m,60,60,-0.32368861155569567,0.32368861155569567,0.36145228290384485,0.1420633350716545,False,compression45_expansion20_1.75x
ctrl_000230,TXN,2026-08-12 18:29:00+00:00,-1,120m,120,91,-0.48373464726933674,0.48373464726933674,0.6078152816990047,0.1420633350716545,True,compression45_expansion20_1.75x
ctrl_000231,TXN,2026-05-28 18:20:00+00:00,-1,15m,15,15,-0.11628637877930874,0.11628637877930874,0.1351436293921701,0.16971525551575223,False,compression45_expansion20_1.75x
ctrl_000231,TXN,2026-05-28 18:20:00+00:00,-1,30m,30,30,-0.3098874850713401,0.3098874850713401,0.4054308881765103,0.16971525551575223,False,compression45_expansion20_1.75x
ctrl_000231,TXN,2026-05-28 18:20:00+00:00,-1,60m,60,60,-0.15164372367842602,0.15164372367842602,0.4054308881765103,0.16971525551575223,False,compression45_expansion20_1.75x
ctrl_000231,TXN,2026-05-28 18:20:00+00:00,-1,120m,120,100,-0.6867182098183425,0.6867182098183425,0.7354327739015751,0.16971525551575223,True,compression45_expansion20_1.75x
ctrl_000232,TXN,2026-06-16 19:35:00+00:00,-1,15m,15,15,0.18850141376059804,-0.18850141376059804,0.2795020962657264,0.39650297377231214,False,compression45_expansion20_1.75x
ctrl_000232,TXN,2026-06-16 19:35:00+00:00,-1,30m,30,25,-0.6435048262862031,0.6435048262862031,0.7150053625402154,0.4257531931489493,True,compression45_expansion20_1.75x
ctrl_000232,TXN,2026-06-16 19:35:00+00:00,-1,60m,60,25,-0.6435048262862031,0.6435048262862031,0.7150053625402154,0.4257531931489493,True,compression45_expansion20_1.75x
ctrl_000232,TXN,2026-06-16 19:35:00+00:00,-1,120m,120,25,-0.6435048262862031,0.6435048262862031,0.7150053625402154,0.4257531931489493,True,compression45_expansion20_1.75x
ctrl_000233,TXN,2026-05-29 16:36:00+00:00,-1,15m,15,15,-0.14231192185781671,0.14231192185781671,0.28624102464583445,0.01940617116243039,False,compression45_expansion20_1.75x
ctrl_000233,TXN,2026-05-29 16:36:00+00:00,-1,30m,30,30,-0.016171809302028387,0.016171809302028387,0.28624102464583445,0.05174978976646878,False,compression45_expansion20_1.75x
ctrl_000233,TXN,2026-05-29 16:36:00+00:00,-1,60m,60,60,-0.23610841580956665,0.23610841580956665,0.4172326799922441,0.07439032278931955,False,compression45_expansion20_1.75x
ctrl_000233,TXN,2026-05-29 16:36:00+00:00,-1,120m,120,120,-0.1293744744162087,0.1293744744162087,0.9056213209133874,0.07439032278931955,False,compression45_expansion20_1.75x
ctrl_000234,VRTX,2026-08-14 19:37:00+00:00,-1,15m,15,15,-0.05635250966396603,0.05635250966396603,0.2580351758297179,0.030647856133026077,False,compression45_expansion20_1.75x
ctrl_000234,VRTX,2026-08-14 19:37:00+00:00,-1,30m,30,23,0.0009886405204194708,-0.0009886405204194708,0.2580351758297179,0.030647856133026077,True,compression45_expansion20_1.75x
ctrl_000234,VRTX,2026-08-14 19:37:00+00:00,-1,60m,60,23,0.0009886405204194708,-0.0009886405204194708,0.2580351758297179,0.030647856133026077,True,compression45_expansion20_1.75x
ctrl_000234,VRTX,2026-08-14 19:37:00+00:00,-1,120m,120,23,0.0009886405204194708,-0.0009886405204194708,0.2580351758297179,0.030647856133026077,True,compression45_expansion20_1.75x
ctrl_000235,VRTX,2026-07-23 18:11:00+00:00,-1,15m,15,15,0.08229410647591028,-0.08229410647591028,0.023211158236798896,0.15192758118629496,False,compression45_expansion20_1.75x
ctrl_000235,VRTX,2026-07-23 18:11:00+00:00,-1,30m,30,30,0.025321263531039164,-0.025321263531039164,0.023211158236798896,0.15192758118629496,False,compression45_expansion20_1.75x
ctrl_000235,VRTX,2026-07-23 18:11:00+00:00,-1,60m,60,60,-0.011605579118399448,0.011605579118399448,0.08756936971155292,0.15192758118629496,False,compression45_expansion20_1.75x
ctrl_000235,VRTX,2026-07-23 18:11:00+00:00,-1,120m,120,109,-0.14981747589205469,0.14981747589205469,0.5802789559199004,0.15192758118629496,True,compression45_expansion20_1.75x
ctrl_000236,VRTX,2026-07-13 19:38:00+00:00,-1,15m,15,15,0.15080603224129438,-0.15080603224129438,0.13728549141966198,0.15600624024961,False,compression45_expansion20_1.75x
ctrl_000236,VRTX,2026-07-13 19:38:00+00:00,-1,30m,30,22,-0.10400416016640666,0.10400416016640666,0.23710868434737628,0.19760790431617029,True,compression45_expansion20_1.75x
ctrl_000236,VRTX,2026-07-13 19:38:00+00:00,-1,60m,60,22,-0.10400416016640666,0.10400416016640666,0.23710868434737628,0.19760790431617029,True,compression45_expansion20_1.75x
ctrl_000236,VRTX,2026-07-13 19:38:00+00:00,-1,120m,120,22,-0.10400416016640666,0.10400416016640666,0.23710868434737628,0.19760790431617029,True,compression45_expansion20_1.75x
ctrl_000237,VRTX,2026-07-30 18:08:00+00:00,1,15m,15,15,0.24468878317212514,0.24468878317212514,0.24468878317212514,0.05565882192327198,False,compression45_expansion20_1.75x
ctrl_000237,VRTX,2026-07-30 18:08:00+00:00,1,30m,30,30,0.22841120317569855,0.22841120317569855,0.2908961070329628,0.05565882192327198,False,compression45_expansion20_1.75x
ctrl_000237,VRTX,2026-07-30 18:08:00+00:00,1,60m,60,60,0.6878590256555617,0.6878590256555617,0.6878590256555617,0.05565882192327198,False,compression45_expansion20_1.75x
ctrl_000237,VRTX,2026-07-30 18:08:00+00:00,1,120m,120,112,1.1709355932915344,1.1709355932915344,1.2665007403673425,0.05565882192327198,True,compression45_expansion20_1.75x
ctrl_000238,VRTX,2026-07-06 18:09:00+00:00,-1,15m,15,15,0.21603388320904807,-0.21603388320904807,0.025582959853723188,0.2473019452524564,False,compression45_expansion20_1.75x
ctrl_000238,VRTX,2026-07-06 18:09:00+00:00,-1,30m,30,30,0.4121699087541012,-0.4121699087541012,0.025582959853723188,0.4140649428173368,False,compression45_expansion20_1.75x
ctrl_000238,VRTX,2026-07-06 18:09:00+00:00,-1,60m,60,60,0.044533300486057276,-0.044533300486057276,0.025582959853723188,0.4178550109438079,False,compression45_expansion20_1.75x
ctrl_000238,VRTX,2026-07-06 18:09:00+00:00,-1,120m,120,111,0.33636854622461404,-0.33636854622461404,0.5148807549815894,0.42733018126000727,True,compression45_expansion20_1.75x
ctrl_000239,VRTX,2026-05-15 18:22:00+00:00,-1,15m,15,15,-0.08218990434008668,0.08218990434008668,0.10177849820779501,0.23401292207941238,False,compression45_expansion20_1.75x
ctrl_000239,VRTX,2026-05-15 18:22:00+00:00,-1,30m,30,30,-0.20307755530695604,0.20307755530695604,0.20307755530695604,0.23401292207941238,False,compression45_expansion20_1.75x
ctrl_000239,VRTX,2026-05-15 18:22:00+00:00,-1,60m,60,58,-0.3481655669961821,0.3481655669961821,0.4337800506837692,0.23401292207941238,False,compression45_expansion20_1.75x
ctrl_000239,VRTX,2026-05-15 18:22:00+00:00,-1,120m,120,96,-0.29223077098695754,0.29223077098695754,0.4908563731421605,0.23401292207941238,True,compression45_expansion20_1.75x
ctrl_000240,VRTX,2026-07-28 19:37:00+00:00,-1,15m,15,15,0.43724911935775534,-0.43724911935775534,0.13312034078806778,0.5253133448021738,False,compression45_expansion20_1.75x
ctrl_000240,VRTX,2026-07-28 19:37:00+00:00,-1,30m,30,23,0.4403211272220927,-0.4403211272220927,0.13312034078806778,0.6922257720979873,True,compression45_expansion20_1.75x
ctrl_000240,VRTX,2026-07-28 19:37:00+00:00,-1,60m,60,23,0.4403211272220927,-0.4403211272220927,0.13312034078806778,0.6922257720979873,True,compression45_expansion20_1.75x
ctrl_000240,VRTX,2026-07-28 19:37:00+00:00,-1,120m,120,23,0.4403211272220927,-0.4403211272220927,0.13312034078806778,0.6922257720979873,True,compression45_expansion20_1.75x
ctrl_000241,VRTX,2026-07-31 18:14:00+00:00,1,15m,15,14,-0.06912876804155771,-0.06912876804155771,0.014663678069420613,0.12987829147202476,False,compression45_expansion20_1.75x
ctrl_000241,VRTX,2026-07-31 18:14:00+00:00,1,30m,30,29,0.04922806209020543,0.04922806209020543,0.05865471227768245,0.12987829147202476,False,compression45_expansion20_1.75x
ctrl_000241,VRTX,2026-07-31 18:14:00+00:00,1,60m,60,58,-0.1089301799442742,-0.1089301799442742,0.05865471227768245,0.12987829147202476,False,compression45_expansion20_1.75x
ctrl_000241,VRTX,2026-07-31 18:14:00+00:00,1,120m,120,104,-0.1026457464859562,-0.1026457464859562,0.5551249554852583,0.1822485702913892,True,compression45_expansion20_1.75x
ctrl_000242,VRTX,2026-07-27 18:24:00+00:00,1,15m,15,15,-0.1611829790774047,-0.1611829790774047,0.05719396031779754,0.18926001414249993,False,compression45_expansion20_1.75x
ctrl_000242,VRTX,2026-07-27 18:24:00+00:00,1,30m,30,30,-0.16638243001539274,-0.16638243001539274,0.05719396031779754,0.21421737864480944,False,compression45_expansion20_1.75x
ctrl_000242,VRTX,2026-07-27 18:24:00+00:00,1,60m,60,60,-0.39515827128654746,-0.39515827128654746,0.05719396031779754,0.4481926708539521,False,compression45_expansion20_1.75x
ctrl_000242,VRTX,2026-07-27 18:24:00+00:00,1,120m,120,96,-0.3827003868391512,-0.3827003868391512,0.08111143463249998,0.5885778461794402,True,compression45_expansion20_1.75x
ctrl_000243,VRTX,2026-06-30 19:28:00+00:00,1,15m,15,15,0.07960900891822074,0.07960900891822074,0.07960900891822074,0.2388270267546737,False,compression45_expansion20_1.75x
ctrl_000243,VRTX,2026-06-30 19:28:00+00:00,1,30m,30,30,0.09875547941754605,0.09875547941754605,0.3123897818310095,0.2388270267546737,False,compression45_expansion20_1.75x
ctrl_000243,VRTX,2026-06-30 19:28:00+00:00,1,60m,60,32,0.09573235249659211,0.09573235249659211,0.3123897818310095,0.2388270267546737,True,compression45_expansion20_1.75x
ctrl_000243,VRTX,2026-06-30 19:28:00+00:00,1,120m,120,32,0.09573235249659211,0.09573235249659211,0.3123897818310095,0.2388270267546737,True,compression45_expansion20_1.75x
ctrl_000244,VRTX,2026-07-22 19:31:00+00:00,1,15m,15,14,0.1696438008667179,0.1696438008667179,0.2652996511996608,0.05813338970511238,False,compression45_expansion20_1.75x
ctrl_000244,VRTX,2026-07-22 19:31:00+00:00,1,30m,30,28,-0.10358313074728023,-0.10358313074728023,0.26635662192157084,0.20716626149456047,True,compression45_expansion20_1.75x
ctrl_000244,VRTX,2026-07-22 19:31:00+00:00,1,60m,60,28,-0.10358313074728023,-0.10358313074728023,0.26635662192157084,0.20716626149456047,True,compression45_expansion20_1.75x
ctrl_000244,VRTX,2026-07-22 19:31:00+00:00,1,120m,120,28,-0.10358313074728023,-0.10358313074728023,0.26635662192157084,0.20716626149456047,True,compression45_expansion20_1.75x
ctrl_000245,VRTX,2026-08-06 18:12:00+00:00,-1,15m,15,12,0.03208113422333221,-0.03208113422333221,0.2504398220014446,0.10969678153783081,False,compression45_expansion20_1.75x
ctrl_000245,VRTX,2026-08-06 18:12:00+00:00,-1,30m,30,27,0.04346476249612675,-0.04346476249612675,0.2504398220014446,0.10969678153783081,False,compression45_expansion20_1.75x
ctrl_000245,VRTX,2026-08-06 18:12:00+00:00,-1,60m,60,57,0.41601986960572246,-0.41601986960572246,0.2504398220014446,0.41808962020077384,False,compression45_expansion20_1.75x
ctrl_000245,VRTX,2026-08-06 18:12:00+00:00,-1,120m,120,104,0.22353306426576447,-0.22353306426576447,0.2504398220014446,0.47190313567215764,True,compression45_expansion20_1.75x
ctrl_000246,VRTX,2026-06-16 19:31:00+00:00,-1,15m,15,15,0.03098476213663023,-0.03098476213663023,0.16598979716046786,0.17594918499009948,False,compression45_expansion20_1.75x
ctrl_000246,VRTX,2026-06-16 19:31:00+00:00,-1,30m,30,29,0.2755430632863777,-0.2755430632863777,0.16598979716046786,0.6008830657209008,True,compression45_expansion20_1.75x
ctrl_000246,VRTX,2026-06-16 19:31:00+00:00,-1,60m,60,29,0.2755430632863777,-0.2755430632863777,0.16598979716046786,0.6008830657209008,True,compression45_expansion20_1.75x
ctrl_000246,VRTX,2026-06-16 19:31:00+00:00,-1,120m,120,29,0.2755430632863777,-0.2755430632863777,0.16598979716046786,0.6008830657209008,True,compression45_expansion20_1.75x
ctrl_000247,VRTX,2026-06-03 19:27:00+00:00,1,15m,15,15,0.02804917956149889,0.02804917956149889,0.27815436398485294,0.011687158150626752,False,compression45_expansion20_1.75x
ctrl_000247,VRTX,2026-06-03 19:27:00+00:00,1,30m,30,30,0.22030293113926314,0.22030293113926314,0.27815436398485294,0.11219671824599556,False,compression45_expansion20_1.75x
ctrl_000247,VRTX,2026-06-03 19:27:00+00:00,1,60m,60,33,0.14024589780749444,0.14024589780749444,0.27815436398485294,0.11219671824599556,True,compression45_expansion20_1.75x
ctrl_000247,VRTX,2026-06-03 19:27:00+00:00,1,120m,120,33,0.14024589780749444,0.14024589780749444,0.27815436398485294,0.11219671824599556,True,compression45_expansion20_1.75x
ctrl_000248,VRTX,2026-08-12 18:01:00+00:00,-1,15m,15,14,0.28237808135541825,-0.28237808135541825,0.009539800045782363,0.3233992215523258,False,compression45_expansion20_1.75x
ctrl_000248,VRTX,2026-08-12 18:01:00+00:00,-1,30m,30,29,0.33198504159352993,-0.33198504159352993,0.009539800045782363,0.36251240174005517,False,compression45_expansion20_1.75x
ctrl_000248,VRTX,2026-08-12 18:01:00+00:00,-1,60m,60,59,0.4321529420743315,-0.4321529420743315,0.009539800045782363,0.4865298023353344,False,compression45_expansion20_1.75x
ctrl_000248,VRTX,2026-08-12 18:01:00+00:00,-1,120m,120,118,0.3148134015111,-0.3148134015111,0.009539800045782363,0.7956193238189648,True,compression45_expansion20_1.75x
ctrl_000249,VRTX,2026-05-28 18:32:00+00:00,-1,15m,15,15,0.07156595249809751,-0.07156595249809751,0.1050901283714263,0.08274813257592803,False,compression45_expansion20_1.75x
ctrl_000249,VRTX,2026-05-28 18:32:00+00:00,-1,30m,30,30,0.11182180077827975,-0.11182180077827975,0.1050901283714263,0.26054479581339635,False,compression45_expansion20_1.75x
ctrl_000249,VRTX,2026-05-28 18:32:00+00:00,-1,60m,60,60,0.4159770988952037,-0.4159770988952037,0.1050901283714263,0.4428143310819918,False,compression45_expansion20_1.75x
ctrl_000249,VRTX,2026-05-28 18:32:00+00:00,-1,120m,120,88,0.24377152569665694,-0.24377152569665694,0.1050901283714263,0.4808337433466105,True,compression45_expansion20_1.75x
ctrl_000250,VRTX,2026-07-20 19:36:00+00:00,1,15m,15,15,0.3250732193673011,0.3250732193673011,0.35934611469996014,0.08724009721039734,False,compression45_expansion20_1.75x
ctrl_000250,VRTX,2026-07-20 19:36:00+00:00,1,30m,30,24,-0.209791662339279,-0.209791662339279,0.35934611469996014,0.21186880751095316,True,compression45_expansion20_1.75x
ctrl_000250,VRTX,2026-07-20 19:36:00+00:00,1,60m,60,24,-0.209791662339279,-0.209791662339279,0.35934611469996014,0.21186880751095316,True,compression45_expansion20_1.75x
ctrl_000250,VRTX,2026-07-20 19:36:00+00:00,1,120m,120,24,-0.209791662339279,-0.209791662339279,0.35934611469996014,0.21186880751095316,True,compression45_expansion20_1.75x
ctrl_000251,VRTX,2026-06-09 19:32:00+00:00,-1,15m,15,15,-0.08295778121566884,0.08295778121566884,0.10537880316584167,0.14349454048115207,False,compression45_expansion20_1.75x
ctrl_000251,VRTX,2026-06-09 19:32:00+00:00,-1,30m,30,28,-0.08968408780071686,0.08968408780071686,0.10762090536087043,0.30716800071747374,True,compression45_expansion20_1.75x
ctrl_000251,VRTX,2026-06-09 19:32:00+00:00,-1,60m,60,28,-0.08968408780071686,0.08968408780071686,0.10762090536087043,0.30716800071747374,True,compression45_expansion20_1.75x
ctrl_000251,VRTX,2026-06-09 19:32:00+00:00,-1,120m,120,28,-0.08968408780071686,0.08968408780071686,0.10762090536087043,0.30716800071747374,True,compression45_expansion20_1.75x
ctrl_000252,VRTX,2026-05-21 19:38:00+00:00,-1,15m,15,15,0.0472922313858894,-0.0472922313858894,0.03575754080397475,0.29644154795546873,False,compression45_expansion20_1.75x
ctrl_000252,VRTX,2026-05-21 19:38:00+00:00,-1,30m,30,22,0.026529788338416807,-0.026529788338416807,0.3391199031086054,0.29644154795546873,True,compression45_expansion20_1.75x
ctrl_000252,VRTX,2026-05-21 19:38:00+00:00,-1,60m,60,22,0.026529788338416807,-0.026529788338416807,0.3391199031086054,0.29644154795546873,True,compression45_expansion20_1.75x
ctrl_000252,VRTX,2026-05-21 19:38:00+00:00,-1,120m,120,22,0.026529788338416807,-0.026529788338416807,0.3391199031086054,0.29644154795546873,True,compression45_expansion20_1.75x
ctrl_000253,VRTX,2026-08-07 18:09:00+00:00,-1,15m,15,15,-0.0668070289092202,0.0668070289092202,0.10324722649607072,0.05870920722326108,False,compression45_expansion20_1.75x
ctrl_000253,VRTX,2026-08-07 18:09:00+00:00,-1,30m,30,30,0.1822009879342526,-0.1822009879342526,0.10324722649607072,0.24495910600049325,False,compression45_expansion20_1.75x
ctrl_000253,VRTX,2026-08-07 18:09:00+00:00,-1,60m,60,60,0.1528463843226163,-0.1528463843226163,0.10324722649607072,0.3097416794882237,False,compression45_expansion20_1.75x
ctrl_000253,VRTX,2026-08-07 18:09:00+00:00,-1,120m,120,111,0.48384484573650566,-0.48384484573650566,0.10324722649607072,0.6954004372823716,True,compression45_expansion20_1.75x
ctrl_000254,VRTX,2026-08-10 18:19:00+00:00,-1,15m,15,15,0.2680888686079282,-0.2680888686079282,0.001901339493693179,0.41068933063342516,False,compression45_expansion20_1.75x
ctrl_000254,VRTX,2026-08-10 18:19:00+00:00,-1,30m,30,30,-0.15686050822805528,0.15686050822805528,0.15686050822805528,0.41068933063342516,False,compression45_expansion20_1.75x
ctrl_000254,VRTX,2026-08-10 18:19:00+00:00,-1,60m,60,60,-0.9364097006341097,0.9364097006341097,0.9383110401277811,0.41068933063342516,False,compression45_expansion20_1.75x
ctrl_000254,VRTX,2026-08-10 18:19:00+00:00,-1,120m,120,101,-0.3660078525321218,0.3660078525321218,1.1645704398748917,0.41068933063342516,True,compression45_expansion20_1.75x
ctrl_000255,VRTX,2026-05-21 16:14:00+00:00,1,15m,15,15,0.04788377090534992,0.04788377090534992,0.051387461459397,0.05769410445669768,False,compression45_expansion20_1.75x
ctrl_000255,VRTX,2026-05-21 16:14:00+00:00,1,30m,30,30,0.19153508362141294,0.19153508362141294,0.3021582733812878,0.05769410445669768,False,compression45_expansion20_1.75x
ctrl_000255,VRTX,2026-05-21 16:14:00+00:00,1,60m,60,58,0.4227786601887326,0.4227786601887326,0.4846771933102842,0.05769410445669768,False,compression45_expansion20_1.75x
ctrl_000255,VRTX,2026-05-21 16:14:00+00:00,1,120m,120,116,0.8198635896477602,0.8198635896477602,1.13052415210688,0.05769410445669768,False,compression45_expansion20_1.75x
ctrl_000256,VRTX,2026-08-14 17:24:00+00:00,-1,15m,15,14,0.08574385255999652,-0.08574385255999652,0.05223476075493744,0.1902133740698826,False,compression45_expansion20_1.75x
ctrl_000256,VRTX,2026-08-14 17:24:00+00:00,-1,30m,30,28,0.08771497560735095,-0.08771497560735095,0.07785936037056755,0.1902133740698826,False,compression45_expansion20_1.75x
ctrl_000256,VRTX,2026-08-14 17:24:00+00:00,-1,60m,60,53,0.06504706056275249,-0.06504706056275249,0.07785936037056755,0.1902133740698826,False,compression45_expansion20_1.75x
ctrl_000256,VRTX,2026-08-14 17:24:00+00:00,-1,120m,120,107,-0.24934706549056057,0.24934706549056057,0.34001872566894314,0.20578524614399832,False,compression45_expansion20_1.75x
ctrl_000257,VRTX,2026-07-20 17:34:00+00:00,1,15m,15,15,-0.5440158259149329,-0.5440158259149329,0.06594131223212372,0.7253544345532439,False,compression45_expansion20_1.75x
ctrl_000257,VRTX,2026-07-20 17:34:00+00:00,1,30m,30,30,-0.6800197823936603,-0.6800197823936603,0.06594131223212372,0.7665677546983125,False,compression45_expansion20_1.75x
ctrl_000257,VRTX,2026-07-20 17:34:00+00:00,1,60m,60,58,-0.8799043850972598,-0.8799043850972598,0.06594131223212372,0.8799043850972598,False,compression45_expansion20_1.75x
ctrl_000257,VRTX,2026-07-20 17:34:00+00:00,1,120m,120,118,-0.8139630728651478,-0.8139630728651478,0.06594131223212372,1.4012528849324009,False,compression45_expansion20_1.75x
ctrl_000258,VRTX,2026-08-12 15:12:00+00:00,-1,15m,15,15,-0.01418050841848227,0.01418050841848227,0.13140604467804315,0.05388593199027561,False,compression45_expansion20_1.75x
ctrl_000258,VRTX,2026-08-12 15:12:00+00:00,-1,30m,30,29,0.199472485086844,-0.199472485086844,0.13140604467804315,0.2240520330122348,False,compression45_expansion20_1.75x
ctrl_000258,VRTX,2026-08-12 15:12:00+00:00,-1,60m,60,56,0.27132039440721867,-0.27132039440721867,0.13140604467804315,0.27132039440721867,False,compression45_expansion20_1.75x
ctrl_000258,VRTX,2026-08-12 15:12:00+00:00,-1,120m,120,115,-0.4273059870106526,0.4273059870106526,0.5095529358379142,0.3356053659043813,False,compression45_expansion20_1.75x
ctrl_000259,VRTX,2026-06-03 17:06:00+00:00,-1,15m,15,15,-0.24576350528976953,0.24576350528976953,0.2808725774740166,0.006998408388727136,False,compression45_expansion20_1.75x
ctrl_000259,VRTX,2026-06-03 17:06:00+00:00,-1,30m,30,30,-0.2621477389757524,0.2621477389757524,0.29491620634771815,0.006998408388727136,False,compression45_expansion20_1.75x
ctrl_000259,VRTX,2026-06-03 17:06:00+00:00,-1,60m,60,60,0.042130886621104494,-0.042130886621104494,0.29491620634771815,0.16150173204756055,False,compression45_expansion20_1.75x
ctrl_000259,VRTX,2026-06-03 17:06:00+00:00,-1,120m,120,119,0.2527853197266136,-0.2527853197266136,0.29491620634771815,0.3440689074056667,False,compression45_expansion20_1.75x
ctrl_000260,VRTX,2026-06-17 15:29:00+00:00,1,15m,15,15,0.010830481306579414,0.010830481306579414,0.041155828965038714,0.17545379716674658,False,compression45_expansion20_1.75x
ctrl_000260,VRTX,2026-06-17 15:29:00+00:00,1,30m,30,30,0.08231165793007743,0.08231165793007743,0.155958930814879,0.17545379716674658,False,compression45_expansion20_1.75x
ctrl_000260,VRTX,2026-06-17 15:29:00+00:00,1,60m,60,60,0.4873716587965169,0.4873716587965169,0.4873716587965169,0.35307369059482135,False,compression45_expansion20_1.75x
ctrl_000260,VRTX,2026-06-17 15:29:00+00:00,1,120m,120,120,0.017328770090539375,0.017328770090539375,0.5740155092492261,0.35307369059482135,False,compression45_expansion20_1.75x
ctrl_000261,VRTX,2026-06-11 16:30:00+00:00,1,15m,15,15,0.08819195120424428,0.08819195120424428,0.14508998423924227,0.0893299118649432,False,compression45_expansion20_1.75x
ctrl_000261,VRTX,2026-06-11 16:30:00+00:00,1,30m,30,30,-0.08364010856144859,-0.08364010856144859,0.18150472538164666,0.10526136111474109,False,compression45_expansion20_1.75x
ctrl_000261,VRTX,2026-06-11 16:30:00+00:00,1,60m,60,60,0.47054673319943224,0.47054673319943224,0.4773744971636388,0.2577480896485393,False,compression45_expansion20_1.75x
ctrl_000261,VRTX,2026-06-11 16:30:00+00:00,1,120m,120,120,0.9666975812646161,0.9666975812646161,1.3581560485454087,0.2577480896485393,False,compression45_expansion20_1.75x
