event_id,symbol,timestamp,mfe_price,mae_price,mfe_R,mae_R,bar_count,definition
rs_trailing_30m_000000,AAPL,2026-07-01 14:17:00+00:00,296.59,291.93,5.644677390204386,1.2053738176998927,121,rs_trailing_30m
rs_trailing_30m_000001,AAPL,2026-07-01 14:41:00+00:00,296.59,293.45,5.1917917717077104,1.0067733093425435,121,rs_trailing_30m
rs_trailing_30m_000002,AAPL,2026-07-01 18:31:00+00:00,295.55,293.7501,1.428792203339258,3.873647150867567,90,rs_trailing_30m
rs_trailing_30m_000003,AAPL,2026-07-02 14:00:00+00:00,307.82,302.6188,9.66969497517031,0.1343981854868842,121,rs_trailing_30m
rs_trailing_30m_000004,AAPL,2026-07-02 16:15:00+00:00,308.53,305.02,2.2196118447851214,6.248689867384555,121,rs_trailing_30m
rs_trailing_30m_000005,AAPL,2026-07-06 14:21:00+00:00,314.2,310.8,5.3579852458965425,0.6443705485180584,121,rs_trailing_30m
rs_trailing_30m_000006,AAPL,2026-07-07 14:00:00+00:00,310.97,314.73,0.37718506634571364,7.288846552358601,121,rs_trailing_30m
rs_trailing_30m_000007,AAPL,2026-07-07 14:35:00+00:00,314.73,312.01,3.947344604134712,1.0581459894533212,121,rs_trailing_30m
rs_trailing_30m_000008,AAPL,2026-07-07 15:00:00+00:00,314.73,312.67,4.2972877773870035,0.36187686546409026,121,rs_trailing_30m
rs_trailing_30m_000009,AAPL,2026-07-07 15:23:00+00:00,314.73,312.2701,2.0400545452981445,4.4352101979001715,121,rs_trailing_30m
rs_trailing_30m_000010,AAPL,2026-07-07 16:13:00+00:00,311.85,314.06,6.065470291989495,3.084488305482784,121,rs_trailing_30m
rs_trailing_30m_000011,AAPL,2026-07-08 14:00:00+00:00,308.42,310.85,0.8374489632178179,4.448267869559718,121,rs_trailing_30m
rs_trailing_30m_000012,AAPL,2026-07-08 15:22:00+00:00,314.08,309.3,9.791038295787821,3.676922295252748,121,rs_trailing_30m
rs_trailing_30m_000013,AAPL,2026-07-09 14:22:00+00:00,315.22,310.7012,6.845180513098898,1.359594474325867,121,rs_trailing_30m
rs_trailing_30m_000014,AAPL,2026-07-09 15:19:00+00:00,315.5,312.75,7.5136673490975445,1.9213030664359116,121,rs_trailing_30m
rs_trailing_30m_000015,AAPL,2026-07-10 14:05:00+00:00,312.17,314.23,5.00796592534747,0.09916764208614015,121,rs_trailing_30m
rs_trailing_30m_000016,AAPL,2026-07-13 14:01:00+00:00,321.8,316.09,0.28742542212057554,11.031189476555696,121,rs_trailing_30m
rs_trailing_30m_000017,AAPL,2026-07-13 14:18:00+00:00,316.09,320.59,6.575788039413753,1.0262790581743209,121,rs_trailing_30m
rs_trailing_30m_000018,AAPL,2026-07-13 15:28:00+00:00,315.78,317.9,3.98419598689439,2.9391609739383444,121,rs_trailing_30m
rs_trailing_30m_000019,AAPL,2026-07-14 14:37:00+00:00,316.15,312.87,0.405154091392123,6.589084960008763,121,rs_trailing_30m
rs_trailing_30m_000020,AAPL,2026-07-15 14:00:00+00:00,327.11,320.75,11.564177589556383,1.5691895770261395,121,rs_trailing_30m
rs_trailing_30m_000021,AAPL,2026-07-15 15:33:00+00:00,328.53,325.215,6.764266456738708,1.7943378577991735,121,rs_trailing_30m
rs_trailing_30m_000022,AAPL,2026-07-15 16:21:00+00:00,328.53,325.97,2.9704294292776785,4.909673512640344,121,rs_trailing_30m
rs_trailing_30m_000023,AAPL,2026-07-15 17:11:00+00:00,325.97,328.73,2.3138842910064437,5.9800386222116275,121,rs_trailing_30m
rs_trailing_30m_000024,AAPL,2026-07-15 19:34:00+00:00,325.72,328.36,3.0988172835441374,8.423545573577998,27,rs_trailing_30m
rs_trailing_30m_000025,AAPL,2026-07-16 14:00:00+00:00,332.28,327.89,2.425370167151725,6.092529859885107,121,rs_trailing_30m
rs_trailing_30m_000026,AAPL,2026-07-16 14:39:00+00:00,332.28,329.35,2.78453216697048,2.5479379305612277,121,rs_trailing_30m
rs_trailing_30m_000027,AAPL,2026-07-16 18:14:00+00:00,329.34,334.68,0.9401200065757607,15.794016110472246,107,rs_trailing_30m
rs_trailing_30m_000028,AAPL,2026-07-16 18:44:00+00:00,334.68,330.35,7.531889781652002,4.458214172227676,77,rs_trailing_30m
rs_trailing_30m_000029,AAPL,2026-07-17 14:00:00+00:00,329.0006,334.8699,2.146056674308309,6.3681047685182905,121,rs_trailing_30m
rs_trailing_30m_000030,AAPL,2026-07-17 15:20:00+00:00,334.8699,329.28,2.1912672871180945,10.703737458920427,121,rs_trailing_30m
rs_trailing_30m_000031,AAPL,2026-07-17 15:55:00+00:00,329.16,333.5,10.571997130758001,1.6796630955410914,121,rs_trailing_30m
rs_trailing_30m_000032,AAPL,2026-07-17 16:41:00+00:00,333.5,329.16,3.7457500764874676,7.6623589283935045,121,rs_trailing_30m
rs_trailing_30m_000033,AAPL,2026-07-17 17:01:00+00:00,329.16,334.67,2.9411307255616634,10.127925966249112,121,rs_trailing_30m
rs_trailing_30m_000034,AAPL,2026-07-17 17:52:00+00:00,334.67,330.46,11.152764706147018,0.41176311653689573,121,rs_trailing_30m
rs_trailing_30m_000035,AAPL,2026-07-17 18:45:00+00:00,334.67,332.26,2.1985679273392904,6.632346580806617,76,rs_trailing_30m
rs_trailing_30m_000036,AAPL,2026-07-17 19:05:00+00:00,334.64,332.26,0.3459461911890233,7.887573159112524,56,rs_trailing_30m
rs_trailing_30m_000037,AAPL,2026-07-20 14:00:00+00:00,324.42,329.01,8.780223585778904,0.32492897369084456,121,rs_trailing_30m
rs_trailing_30m_000038,AAPL,2026-07-20 15:12:00+00:00,323.68,326.545,3.879716417975272,3.7075788294645773,121,rs_trailing_30m
rs_trailing_30m_000039,AAPL,2026-07-20 18:32:00+00:00,329.76,325.31,11.87844645855987,4.286411871896271,89,rs_trailing_30m
rs_trailing_30m_000040,AAPL,2026-07-21 14:16:00+00:00,329.6,325.68,5.178536800948669,0.2131934141160407,121,rs_trailing_30m
rs_trailing_30m_000041,AAPL,2026-07-22 14:00:00+00:00,324.07,326.1481,4.192049236953144,0.7020504929975359,121,rs_trailing_30m
rs_trailing_30m_000042,AAPL,2026-07-23 14:00:00+00:00,319.8,322.93,0.6743452994516715,5.030251422936715,121,rs_trailing_30m
rs_trailing_30m_000043,AAPL,2026-07-23 14:20:00+00:00,322.93,320.34,2.450091214395074,1.6439321696586509,121,rs_trailing_30m
rs_trailing_30m_000044,AAPL,2026-07-24 14:00:00+00:00,333.64,326.786,14.133349365719369,0.7012565382072387,121,rs_trailing_30m
rs_trailing_30m_000045,AAPL,2026-07-24 14:41:00+00:00,334.37,329.1801,11.041064132138853,1.1508547485819605,121,rs_trailing_30m
rs_trailing_30m_000046,AAPL,2026-07-24 15:52:00+00:00,334.37,332.1505,3.4678134469236688,3.8975568358006414,121,rs_trailing_30m
rs_trailing_30m_000047,AAPL,2026-07-27 14:00:00+00:00,339.57,335.25,6.823136860863851,1.5034030371394314,121,rs_trailing_30m
rs_trailing_30m_000048,AAPL,2026-07-27 15:16:00+00:00,339.57,335.91,1.0531313392892143,6.976995122790671,121,rs_trailing_30m
rs_trailing_30m_000049,AAPL,2026-07-27 16:03:00+00:00,335.05,338.13,6.418451628201385,2.8626896933292283,121,rs_trailing_30m
rs_trailing_30m_000050,AAPL,2026-07-28 14:00:00+00:00,335.6,339.9,3.609170328143065,3.1384089809940314,121,rs_trailing_30m
rs_trailing_30m_000051,AAPL,2026-07-28 14:34:00+00:00,340.5799,336.6,3.253405634887982,3.2864342995989744,121,rs_trailing_30m
rs_trailing_30m_000052,AAPL,2026-07-28 15:00:00+00:00,336.6,340.5799,0.4649390243901809,8.141622943845586,121,rs_trailing_30m
rs_trailing_30m_000053,AAPL,2026-07-29 14:01:00+00:00,343.48,339.52,1.3542337896837757,6.8331949235186045,121,rs_trailing_30m
rs_trailing_30m_000054,AAPL,2026-07-29 15:18:00+00:00,339.65,342.8,0.7367754839767501,8.546595614130402,121,rs_trailing_30m
rs_trailing_30m_000055,AAPL,2026-07-29 18:47:00+00:00,337.3501,343.89,21.436798392199645,0.711184641520637,74,rs_trailing_30m
rs_trailing_30m_000056,AAPL,2026-07-29 19:32:00+00:00,341.45,337.3501,0.599287333981205,12.681891804340454,29,rs_trailing_30m
rs_trailing_30m_000057,AAPL,2026-07-30 14:00:00+00:00,329.59,333.0323,3.3789049241751385,2.3226658701817815,121,rs_trailing_30m
rs_trailing_30m_000058,AAPL,2026-07-30 14:39:00+00:00,330.63,333.0323,0.9118086696561711,3.3831677364518327,121,rs_trailing_30m
rs_trailing_30m_000059,AAPL,2026-07-30 14:59:00+00:00,333.0323,330.63,1.41648922100307,3.4287792620035273,121,rs_trailing_30m
rs_trailing_30m_000060,AAPL,2026-07-30 16:04:00+00:00,330.63,333.98,1.2567571544899367,8.767377292036628,121,rs_trailing_30m
rs_trailing_30m_000061,AAPL,2026-07-31 14:01:00+00:00,304.25,300.38,1.4532889512192377,2.535525404254774,121,rs_trailing_30m
rs_trailing_30m_000062,AAPL,2026-07-31 14:46:00+00:00,300.0,304.25,3.3475724753438594,3.3318561726427287,121,rs_trailing_30m
rs_trailing_30m_000063,AAPL,2026-07-31 15:49:00+00:00,300.0,302.34,2.1414281524690573,3.515539421224149,121,rs_trailing_30m
rs_trailing_30m_000064,AAPL,2026-07-31 16:32:00+00:00,300.0,302.42,0.2056650609619344,6.01570303313786,121,rs_trailing_30m
rs_trailing_30m_000065,AAPL,2026-07-31 19:04:00+00:00,310.69,303.4,30.728694099448884,1.5497180021336903,57,rs_trailing_30m
rs_trailing_30m_000066,AAPL,2026-08-03 14:00:00+00:00,302.56,307.2155,2.9180184408064362,3.520291915200354,121,rs_trailing_30m
rs_trailing_30m_000067,AAPL,2026-08-03 15:33:00+00:00,302.56,307.54,3.0813538709044486,11.463804685592338,121,rs_trailing_30m
rs_trailing_30m_000068,AAPL,2026-08-03 16:20:00+00:00,307.54,304.45,10.246928236477146,0.9414139015844262,121,rs_trailing_30m
rs_trailing_30m_000069,AAPL,2026-08-03 17:55:00+00:00,302.9,306.44,14.02234729762127,3.9303143420094013,121,rs_trailing_30m
rs_trailing_30m_000070,AAPL,2026-08-04 14:24:00+00:00,306.96,305.225,0.2894966053242446,2.6650716901914775,121,rs_trailing_30m
rs_trailing_30m_000071,AAPL,2026-08-04 16:50:00+00:00,310.42,307.91,10.306024864521197,1.8959196684731687,121,rs_trailing_30m
rs_trailing_30m_000072,AAPL,2026-08-04 19:36:00+00:00,310.42,308.88,1.5482525664237117,7.315349486708256,25,rs_trailing_30m
rs_trailing_30m_000073,AAPL,2026-08-05 14:07:00+00:00,311.71,306.27,6.947089900137353,2.8688029485541637,121,rs_trailing_30m
rs_trailing_30m_000074,AAPL,2026-08-05 14:45:00+00:00,311.71,307.8,6.987337484344171,3.643203201953712,121,rs_trailing_30m
rs_trailing_30m_000075,AAPL,2026-08-06 14:13:00+00:00,309.23,313.64,7.537755699149205,0.8354187676638936,121,rs_trailing_30m
rs_trailing_30m_000076,AAPL,2026-08-06 15:19:00+00:00,309.23,311.77,4.264896388201304,2.9811483114850668,121,rs_trailing_30m
rs_trailing_30m_000077,AAPL,2026-08-06 16:27:00+00:00,312.42,310.71,5.47666399587935,1.9855634407373208,121,rs_trailing_30m
rs_trailing_30m_000078,AAPL,2026-08-07 14:19:00+00:00,314.81,311.55,3.840892806739437,3.3552626817493354,121,rs_trailing_30m
rs_trailing_30m_000079,AAPL,2026-08-07 15:34:00+00:00,311.54,312.9033,4.616122156276362,1.9735734831493785,121,rs_trailing_30m
rs_trailing_30m_000080,AAPL,2026-08-10 14:02:00+00:00,307.46,305.95,0.6588033539080065,2.3557210836711806,121,rs_trailing_30m
rs_trailing_30m_000081,AAPL,2026-08-11 14:00:00+00:00,305.89,307.61,1.1837443870300453,3.5512331610901358,121,rs_trailing_30m
rs_trailing_30m_000082,AAPL,2026-08-11 18:24:00+00:00,302.79,305.3,7.991940899931729,8.865010073873822,97,rs_trailing_30m
rs_trailing_30m_000083,AAPL,2026-08-12 15:26:00+00:00,300.57,302.51,2.4509907585605233,5.890977788119243,121,rs_trailing_30m
rs_trailing_30m_000084,AAPL,2026-08-14 15:40:00+00:00,305.9168,304.97,0.46024529958367627,4.5600340742138545,121,rs_trailing_30m
rs_trailing_30m_000085,ADBE,2026-07-01 14:02:00+00:00,208.21,213.66,2.035072204109665,4.832508918118065,121,rs_trailing_30m
rs_trailing_30m_000086,ADBE,2026-07-01 14:37:00+00:00,213.66,209.93,5.132624675864444,0.6687965486732599,121,rs_trailing_30m
rs_trailing_30m_000087,ADBE,2026-07-01 15:41:00+00:00,211.255,213.66,1.4910219046725028,5.4049544044376905,121,rs_trailing_30m
rs_trailing_30m_000088,ADBE,2026-07-01 16:01:00+00:00,213.41,211.12,0.7244538255157043,6.816451903715957,121,rs_trailing_30m
rs_trailing_30m_000089,ADBE,2026-07-02 14:06:00+00:00,216.3027,220.63,1.856733934449659,4.3366251610132105,121,rs_trailing_30m
rs_trailing_30m_000090,ADBE,2026-07-02 16:00:00+00:00,221.88,218.83,9.577294685990434,0.19218651543785079,121,rs_trailing_30m
rs_trailing_30m_000091,ADBE,2026-07-02 17:31:00+00:00,222.15,220.33,2.1015808234060804,5.253952058515028,121,rs_trailing_30m
rs_trailing_30m_000092,ADBE,2026-07-02 19:41:00+00:00,219.2,220.83,5.6374656121040845,1.485843649701843,20,rs_trailing_30m
rs_trailing_30m_000093,ADBE,2026-07-06 14:07:00+00:00,212.9,218.7,2.0487238429272585,6.885560584875904,121,rs_trailing_30m
rs_trailing_30m_000094,ADBE,2026-07-06 14:54:00+00:00,218.99,214.505,10.047042368703154,0.40794255557382025,121,rs_trailing_30m
rs_trailing_30m_000095,ADBE,2026-07-06 17:17:00+00:00,219.76,217.565,0.0006017618798845502,13.208071501147469,121,rs_trailing_30m
rs_trailing_30m_000096,ADBE,2026-07-07 14:03:00+00:00,220.9,230.74,1.0924583955427103,13.837806343541025,121,rs_trailing_30m
rs_trailing_30m_000097,ADBE,2026-07-07 16:19:00+00:00,225.47,229.24,7.254770153576243,2.65482530982325,121,rs_trailing_30m
rs_trailing_30m_000098,ADBE,2026-07-07 17:09:00+00:00,223.715,228.6,14.772546816021359,3.4276779497451333,121,rs_trailing_30m
rs_trailing_30m_000099,ADBE,2026-07-07 18:11:00+00:00,221.365,227.17,21.097478504496124,1.709013621872487,110,rs_trailing_30m
rs_trailing_30m_000100,ADBE,2026-07-07 19:10:00+00:00,221.365,223.83,7.1131128736767915,1.0611636921103713,51,rs_trailing_30m
rs_trailing_30m_000101,ADBE,2026-07-08 14:00:00+00:00,217.68,220.6,0.9852766210589107,3.8097362680944795,121,rs_trailing_30m
rs_trailing_30m_000102,ADBE,2026-07-08 14:51:00+00:00,221.09,218.66,3.4027353566240794,2.0193281952424815,121,rs_trailing_30m
rs_trailing_30m_000103,ADBE,2026-07-08 18:06:00+00:00,221.88,220.24,4.32714248864116,5.598051471318853,115,rs_trailing_30m
rs_trailing_30m_000104,ADBE,2026-07-08 19:37:00+00:00,221.845,220.4713,0.5233755338622729,7.4650796979884975,24,rs_trailing_30m
rs_trailing_30m_000105,ADBE,2026-07-09 14:00:00+00:00,221.54,218.095,2.472392378309824,3.361437582839112,121,rs_trailing_30m
rs_trailing_30m_000106,ADBE,2026-07-09 14:59:00+00:00,221.54,220.12,2.826918681913751,0.8390397914355597,121,rs_trailing_30m
rs_trailing_30m_000107,ADBE,2026-07-10 14:00:00+00:00,223.19,225.755,3.177032389552507,1.6880948219114442,121,rs_trailing_30m
rs_trailing_30m_000108,ADBE,2026-07-10 17:24:00+00:00,222.82,224.2,2.62491320378339,5.607769117173621,121,rs_trailing_30m
rs_trailing_30m_000109,ADBE,2026-07-13 14:00:00+00:00,226.21,231.88,1.135847342117187,8.476472702367225,121,rs_trailing_30m
rs_trailing_30m_000110,ADBE,2026-07-13 14:46:00+00:00,231.98,227.775,7.338675103605272,1.1859461148091632,121,rs_trailing_30m
rs_trailing_30m_000111,ADBE,2026-07-13 15:43:00+00:00,231.98,230.61,1.2883806208058164,3.0156463250706484,121,rs_trailing_30m
rs_trailing_30m_000112,ADBE,2026-07-13 16:36:00+00:00,232.08,230.28,2.264851485148171,5.728741991845122,121,rs_trailing_30m
rs_trailing_30m_000113,ADBE,2026-07-13 19:30:00+00:00,228.7,231.0,0.18816126345662285,14.237535601550654,31,rs_trailing_30m
rs_trailing_30m_000114,ADBE,2026-07-14 14:05:00+00:00,223.5,220.18,2.8390930371697287,1.6925362336973016,121,rs_trailing_30m
rs_trailing_30m_000115,ADBE,2026-07-14 14:42:00+00:00,224.2,220.94,1.7561383068733258,3.619458763931405,121,rs_trailing_30m
rs_trailing_30m_000116,ADBE,2026-07-14 16:12:00+00:00,224.2,221.15,5.349271917476214,5.3844644958807315,121,rs_trailing_30m
rs_trailing_30m_000117,ADBE,2026-07-14 17:18:00+00:00,220.44,223.38,8.857255832345137,2.767892447607799,121,rs_trailing_30m
rs_trailing_30m_000118,ADBE,2026-07-14 17:52:00+00:00,219.69,221.905,8.696050887446997,2.5681319872284645,121,rs_trailing_30m
rs_trailing_30m_000119,ADBE,2026-07-15 14:00:00+00:00,231.525,225.51,6.57447398510146,3.2504852746216018,121,rs_trailing_30m
rs_trailing_30m_000120,ADBE,2026-07-15 16:07:00+00:00,226.93,223.11,1.7353766991976942,12.675795020226362,121,rs_trailing_30m
rs_trailing_30m_000121,ADBE,2026-07-15 16:46:00+00:00,223.11,225.76,8.834579890435256,2.475389534518031,121,rs_trailing_30m
rs_trailing_30m_000122,ADBE,2026-07-15 18:31:00+00:00,225.0,223.58,0.9696648562722767,6.679913454319771,90,rs_trailing_30m
rs_trailing_30m_000123,ADBE,2026-07-16 14:00:00+00:00,222.042,227.89,3.9089972896305403,4.9582704178013115,121,rs_trailing_30m
rs_trailing_30m_000124,ADBE,2026-07-16 15:32:00+00:00,233.55,227.15,19.8050932218611,0.21901366912008516,121,rs_trailing_30m
rs_trailing_30m_000125,ADBE,2026-07-16 16:07:00+00:00,234.55,228.065,23.238114089169226,2.434220260886573,121,rs_trailing_30m
rs_trailing_30m_000126,ADBE,2026-07-16 17:40:00+00:00,235.48,233.0801,6.802119216392335,0.8619211157297381,121,rs_trailing_30m
rs_trailing_30m_000127,ADBE,2026-07-17 14:00:00+00:00,232.36,235.91,3.757377362548423,1.049357641792819,121,rs_trailing_30m
rs_trailing_30m_000128,ADBE,2026-07-17 15:04:00+00:00,239.71,232.36,7.352738947528491,5.229945863725098,121,rs_trailing_30m
rs_trailing_30m_000129,ADBE,2026-07-17 16:05:00+00:00,239.88,233.74,15.492876017711927,1.22527138980144,121,rs_trailing_30m
rs_trailing_30m_000130,ADBE,2026-07-17 16:25:00+00:00,240.15,234.34,15.224299573492555,2.291181717990926,121,rs_trailing_30m
rs_trailing_30m_000131,ADBE,2026-07-17 17:33:00+00:00,240.15,237.17,1.6797602656515975,4.209281606868196,121,rs_trailing_30m
rs_trailing_30m_000132,ADBE,2026-07-17 18:46:00+00:00,236.93,238.27,4.8891038485446465,0.7586540454638554,75,rs_trailing_30m
rs_trailing_30m_000133,ADBE,2026-07-20 14:00:00+00:00,227.5,232.2399,1.0767336042509954,5.223241226991153,121,rs_trailing_30m
rs_trailing_30m_000134,ADBE,2026-07-20 14:27:00+00:00,227.66,234.01,0.37474466679978313,8.123929026695256,121,rs_trailing_30m
rs_trailing_30m_000135,ADBE,2026-07-20 14:57:00+00:00,235.34,228.47,15.779445185666187,1.319101884606166,121,rs_trailing_30m
rs_trailing_30m_000136,ADBE,2026-07-20 17:28:00+00:00,236.66,234.48,6.119763290134991,2.6728841576302966,121,rs_trailing_30m
rs_trailing_30m_000137,ADBE,2026-07-20 18:22:00+00:00,236.66,234.61,3.806626494278725,8.386473995207975,99,rs_trailing_30m
rs_trailing_30m_000138,ADBE,2026-07-21 14:00:00+00:00,231.5,227.36,4.69769246443233,1.6580091050937378,121,rs_trailing_30m
rs_trailing_30m_000139,ADBE,2026-07-21 14:28:00+00:00,231.5,226.86,1.7447662519909128,4.388351482280188,121,rs_trailing_30m
rs_trailing_30m_000140,ADBE,2026-07-21 15:12:00+00:00,225.85,230.58,10.505278005275791,2.6228501228496324,121,rs_trailing_30m
rs_trailing_30m_000141,ADBE,2026-07-21 16:09:00+00:00,225.35,227.73,6.408906235962189,0.8372680355769317,121,rs_trailing_30m
rs_trailing_30m_000142,ADBE,2026-07-22 14:00:00+00:00,220.88,225.97,7.132328294677632,1.5010964425183402,121,rs_trailing_30m
rs_trailing_30m_000143,ADBE,2026-07-22 19:36:00+00:00,218.0,219.07,1.8674121277059292,3.3908272845186906,25,rs_trailing_30m
rs_trailing_30m_000144,ADBE,2026-07-23 14:00:00+00:00,212.575,217.76,7.888934448424624,0.9361195138367618,121,rs_trailing_30m
rs_trailing_30m_000145,ADBE,2026-07-23 14:20:00+00:00,212.575,216.46,4.807123504845288,1.5129018137076586,121,rs_trailing_30m
rs_trailing_30m_000146,ADBE,2026-07-23 15:56:00+00:00,212.43,213.74,2.213694800437549,3.1565648080314084,121,rs_trailing_30m
rs_trailing_30m_000147,ADBE,2026-07-23 17:57:00+00:00,213.28,210.875,0.13874609918758626,13.208628642655183,121,rs_trailing_30m
rs_trailing_30m_000148,ADBE,2026-07-23 19:36:00+00:00,210.875,212.6,4.197932384485716,6.53011704253312,25,rs_trailing_30m
rs_trailing_30m_000149,ADBE,2026-07-24 14:01:00+00:00,224.49,217.86,7.75913032054596,2.0395428271149316,121,rs_trailing_30m
rs_trailing_30m_000150,ADBE,2026-07-24 14:30:00+00:00,224.49,219.257,5.841093696373183,1.4627159363916613,121,rs_trailing_30m
rs_trailing_30m_000151,ADBE,2026-07-24 16:28:00+00:00,224.91,222.51,6.759096127046287,2.2280676983892063,121,rs_trailing_30m
rs_trailing_30m_000152,ADBE,2026-07-24 18:00:00+00:00,226.93,223.7921,12.673858843082074,2.3334248035998804,121,rs_trailing_30m
rs_trailing_30m_000153,ADBE,2026-07-24 18:20:00+00:00,226.93,224.52,12.727627875589777,0.32496071171719887,101,rs_trailing_30m
rs_trailing_30m_000154,ADBE,2026-07-27 14:00:00+00:00,238.88,233.71,6.549208325302223,1.4553796278449385,121,rs_trailing_30m
rs_trailing_30m_000155,ADBE,2026-07-27 15:07:00+00:00,236.62,239.42,0.3954263077338646,5.755649590348203,121,rs_trailing_30m
rs_trailing_30m_000156,ADBE,2026-07-27 16:56:00+00:00,242.05,238.99,11.239279087569372,0.870648380022974,121,rs_trailing_30m
rs_trailing_30m_000157,ADBE,2026-07-27 17:14:00+00:00,242.05,239.17,10.2849398196755,2.346457485512432,121,rs_trailing_30m
rs_trailing_30m_000158,ADBE,2026-07-27 18:27:00+00:00,237.49,241.75,12.342743021570124,4.728713235536658,94,rs_trailing_30m
rs_trailing_30m_000159,ADBE,2026-07-27 19:10:00+00:00,237.49,240.425,10.516572575234592,2.133485010139826,51,rs_trailing_30m
rs_trailing_30m_000160,ADBE,2026-07-28 14:00:00+00:00,253.33,247.01,8.086809423608322,1.741774337392563,121,rs_trailing_30m
rs_trailing_30m_000161,ADBE,2026-07-28 15:21:00+00:00,254.06,250.557,5.204077050873363,2.7914851900079776,121,rs_trailing_30m
rs_trailing_30m_000162,ADBE,2026-07-28 15:56:00+00:00,250.557,254.06,0.42177525897943724,8.372741004145078,121,rs_trailing_30m
rs_trailing_30m_000163,ADBE,2026-07-28 18:41:00+00:00,247.7,251.97,15.69849854809535,2.2246535375643135,80,rs_trailing_30m
rs_trailing_30m_000164,ADBE,2026-07-29 14:00:00+00:00,264.13,257.65,4.7699535515123195,2.129443549782277,121,rs_trailing_30m
rs_trailing_30m_000165,ADBE,2026-07-29 15:57:00+00:00,264.71,261.56,2.9728423540690385,4.830868825362205,121,rs_trailing_30m
rs_trailing_30m_000166,ADBE,2026-07-29 16:36:00+00:00,261.56,266.28,1.4196209780828732,11.718831995547008,121,rs_trailing_30m
rs_trailing_30m_000167,ADBE,2026-07-29 17:18:00+00:00,261.15,266.28,2.6930259457605605,11.122197155991103,121,rs_trailing_30m
rs_trailing_30m_000168,ADBE,2026-07-29 17:47:00+00:00,266.28,261.15,9.039169114296703,7.551506218920729,121,rs_trailing_30m
rs_trailing_30m_000169,ADBE,2026-07-29 18:52:00+00:00,261.15,264.74,7.701839839513097,0.8451787150007042,69,rs_trailing_30m
rs_trailing_30m_000170,ADBE,2026-07-30 14:00:00+00:00,242.42,247.34,3.9564154158119362,1.4208121658993247,121,rs_trailing_30m
rs_trailing_30m_000171,ADBE,2026-07-30 16:07:00+00:00,245.2201,248.8,0.19449245255704622,9.101415837284183,121,rs_trailing_30m
rs_trailing_30m_000172,ADBE,2026-07-30 19:06:00+00:00,246.61,248.225,4.698898907968981,4.229009017172036,55,rs_trailing_30m
rs_trailing_30m_000173,ADBE,2026-07-31 14:00:00+00:00,247.89,243.09,1.6800987486610461,4.464262389299329,121,rs_trailing_30m
rs_trailing_30m_000174,ADBE,2026-07-31 15:15:00+00:00,244.24,249.4716,0.532647715145069,9.788092235051685,121,rs_trailing_30m
rs_trailing_30m_000175,ADBE,2026-07-31 17:21:00+00:00,250.5,248.71,4.334096471142515,2.849267124547279,121,rs_trailing_30m
rs_trailing_30m_000176,ADBE,2026-08-03 14:01:00+00:00,251.68,259.0,9.073249908371686,0.8916697209277102,121,rs_trailing_30m
rs_trailing_30m_000177,ADBE,2026-08-03 17:41:00+00:00,251.84,253.75,4.9819099499379895,4.533538054443553,121,rs_trailing_30m
rs_trailing_30m_000178,ADBE,2026-08-03 18:38:00+00:00,253.75,251.17,0.3694590604537901,11.545595639179135,83,rs_trailing_30m
rs_trailing_30m_000179,ADBE,2026-08-04 14:00:00+00:00,253.9299,250.45,2.0969230259488905,2.611175843655302,121,rs_trailing_30m
rs_trailing_30m_000180,ADBE,2026-08-04 15:03:00+00:00,251.42,254.275,0.7868514119252934,5.453317424315379,121,rs_trailing_30m
rs_trailing_30m_000181,ADBE,2026-08-04 18:04:00+00:00,258.54,255.2325,19.17214840483532,1.1521723800982642,117,rs_trailing_30m
rs_trailing_30m_000182,ADBE,2026-08-04 19:30:00+00:00,258.54,257.0,5.097758308765767,3.5292172906838704,31,rs_trailing_30m
rs_trailing_30m_000183,ADBE,2026-08-05 14:02:00+00:00,255.555,261.0,3.4486243744673124,3.98811214789889,121,rs_trailing_30m
rs_trailing_30m_000184,ADBE,2026-08-06 14:01:00+00:00,250.84,257.53,3.043712619303797,5.8095210429320545,121,rs_trailing_30m
rs_trailing_30m_000185,ADBE,2026-08-06 15:29:00+00:00,258.265,255.315,6.2318222438887565,1.077869851328683,121,rs_trailing_30m
rs_trailing_30m_000186,ADBE,2026-08-06 19:32:00+00:00,260.64,257.68,13.346714404539547,2.9781924704346077,29,rs_trailing_30m
rs_trailing_30m_000187,ADBE,2026-08-07 14:04:00+00:00,270.16,264.59,5.5966326628221195,1.8308736349904764,121,rs_trailing_30m
rs_trailing_30m_000188,ADBE,2026-08-07 16:36:00+00:00,266.355,264.89,2.8175602523070267,2.440689135756352,121,rs_trailing_30m
rs_trailing_30m_000189,ADBE,2026-08-07 18:53:00+00:00,263.88,265.7,0.6430025039623797,9.768603876924976,68,rs_trailing_30m
rs_trailing_30m_000190,ADBE,2026-08-10 14:00:00+00:00,271.221,265.6032,7.650268743057617,0.9349649254898752,121,rs_trailing_30m
rs_trailing_30m_000191,ADBE,2026-08-10 16:13:00+00:00,273.13,270.88,3.4430856067743933,5.461446134883474,121,rs_trailing_30m
rs_trailing_30m_000192,ADBE,2026-08-11 14:14:00+00:00,271.18,265.1,1.0594457740338457,7.529127967467174,121,rs_trailing_30m
rs_trailing_30m_000193,ADBE,2026-08-11 14:37:00+00:00,271.18,265.06,1.2016669626210421,9.156363757436697,121,rs_trailing_30m
rs_trailing_30m_000194,ADBE,2026-08-11 15:02:00+00:00,265.06,268.6299,6.267999591100094,1.4082034072766412,121,rs_trailing_30m
rs_trailing_30m_000195,ADBE,2026-08-12 14:00:00+00:00,255.1,258.29,2.3381096764238394,2.3825041639508755,121,rs_trailing_30m
rs_trailing_30m_000196,ADBE,2026-08-12 15:27:00+00:00,255.1,257.37,0.5460218408736371,6.5366614664582565,121,rs_trailing_30m
rs_trailing_30m_000197,ADBE,2026-08-12 19:15:00+00:00,258.94,257.255,7.957628887497113,0.981440896124656,46,rs_trailing_30m
rs_trailing_30m_000198,ADBE,2026-08-13 14:05:00+00:00,264.07,255.85,2.553031855585041,11.43758271302098,121,rs_trailing_30m
rs_trailing_30m_000199,ADBE,2026-08-13 15:13:00+00:00,255.85,258.4,4.946777683734441,1.5387149093363044,121,rs_trailing_30m
rs_trailing_30m_000200,ADBE,2026-08-13 18:33:00+00:00,271.88,257.975,62.930128600703405,7.809033743094397,88,rs_trailing_30m
rs_trailing_30m_000201,ADBE,2026-08-14 14:00:00+00:00,261.67,266.14,1.882605680720876,3.3442560539514754,121,rs_trailing_30m
rs_trailing_30m_000202,ADBE,2026-08-14 15:18:00+00:00,266.14,263.49,6.2900773609976675,1.4628086886041243,121,rs_trailing_30m
rs_trailing_30m_000203,ADBE,2026-08-14 16:21:00+00:00,263.925,265.5,2.8522926357756906,3.596689421856736,121,rs_trailing_30m
rs_trailing_30m_000204,ADI,2026-07-01 14:00:00+00:00,397.2825,391.95,0.5565036834769904,3.7915635577553215,121,rs_trailing_30m
rs_trailing_30m_000205,ADI,2026-07-01 14:18:00+00:00,391.95,395.64,2.598528558781306,0.5556064352657166,121,rs_trailing_30m
rs_trailing_30m_000206,ADI,2026-07-01 16:22:00+00:00,396.88,391.24,0.2559536019991355,10.437219103743221,121,rs_trailing_30m
rs_trailing_30m_000207,ADI,2026-07-01 18:56:00+00:00,387.84,395.37,6.6655401599647695,14.031992790358808,65,rs_trailing_30m
rs_trailing_30m_000208,ADI,2026-07-01 19:20:00+00:00,395.37,387.84,3.558889629198421,12.298174813324806,41,rs_trailing_30m
rs_trailing_30m_000209,ADI,2026-07-02 14:04:00+00:00,379.67,393.33,9.830008143322688,0.45948697068401606,121,rs_trailing_30m
rs_trailing_30m_000210,ADI,2026-07-02 16:04:00+00:00,373.2,381.25,9.267474583839705,0.9311816567494617,121,rs_trailing_30m
rs_trailing_30m_000211,ADI,2026-07-02 17:12:00+00:00,373.2,378.38,3.6909910838811357,4.882701209618484,121,rs_trailing_30m
rs_trailing_30m_000212,ADI,2026-07-02 17:35:00+00:00,372.64,378.38,3.443018922217007,6.244691182452333,121,rs_trailing_30m
rs_trailing_30m_000213,ADI,2026-07-02 18:32:00+00:00,379.63,372.64,3.1681891210863737,8.999746019789375,89,rs_trailing_30m
rs_trailing_30m_000214,ADI,2026-07-02 19:22:00+00:00,372.64,379.63,1.5017310722282822,9.547848080272592,39,rs_trailing_30m
rs_trailing_30m_000215,ADI,2026-07-06 14:00:00+00:00,395.93,388.82,7.3458246501938405,0.5918055969038712,121,rs_trailing_30m
rs_trailing_30m_000216,ADI,2026-07-06 15:12:00+00:00,389.98,392.555,2.306183511467641,1.6135673413569154,121,rs_trailing_30m
rs_trailing_30m_000217,ADI,2026-07-06 18:10:00+00:00,393.545,388.08,1.6389661649664173,14.214042846611564,111,rs_trailing_30m
rs_trailing_30m_000218,ADI,2026-07-07 14:10:00+00:00,371.09,379.23,2.7852551575571365,3.637401211427289,121,rs_trailing_30m
rs_trailing_30m_000219,ADI,2026-07-07 15:05:00+00:00,381.185,373.26,8.157173330227666,2.269536128168215,121,rs_trailing_30m
rs_trailing_30m_000220,ADI,2026-07-07 15:52:00+00:00,381.66,375.77,5.780644845181108,2.2212348582540407,121,rs_trailing_30m
rs_trailing_30m_000221,ADI,2026-07-07 17:09:00+00:00,381.61,375.965,0.7602328769561,9.45765900498926,121,rs_trailing_30m
rs_trailing_30m_000222,ADI,2026-07-07 18:57:00+00:00,374.58,379.38,5.889297137025954,7.508156065687062,64,rs_trailing_30m
rs_trailing_30m_000223,ADI,2026-07-08 14:00:00+00:00,386.3,379.98,1.9434153859738008,2.622527082187693,121,rs_trailing_30m
rs_trailing_30m_000224,ADI,2026-07-08 15:25:00+00:00,379.98,388.8459,0.01373422253041836,12.162890130724206,121,rs_trailing_30m
rs_trailing_30m_000225,ADI,2026-07-08 16:17:00+00:00,389.78,384.22,9.604513699008162,0.815212382257176,121,rs_trailing_30m
rs_trailing_30m_000226,ADI,2026-07-08 16:54:00+00:00,389.78,385.81,3.858612804877735,3.706173780487532,121,rs_trailing_30m
rs_trailing_30m_000227,ADI,2026-07-09 14:00:00+00:00,388.33,397.99,5.809432993471945,3.638230763588519,121,rs_trailing_30m
rs_trailing_30m_000228,ADI,2026-07-09 14:45:00+00:00,397.99,392.79,4.750417631550945,1.767305767938429,121,rs_trailing_30m
rs_trailing_30m_000229,ADI,2026-07-09 15:08:00+00:00,397.99,394.19,2.594851082210794,2.4878469138722257,121,rs_trailing_30m
rs_trailing_30m_000230,ADI,2026-07-09 15:44:00+00:00,394.19,397.89,2.877149698860797,3.94685920228337,121,rs_trailing_30m
rs_trailing_30m_000231,ADI,2026-07-09 16:08:00+00:00,397.78,394.19,0.10724822161341258,7.59317409023656,121,rs_trailing_30m
rs_trailing_30m_000232,ADI,2026-07-09 16:34:00+00:00,394.19,397.3,1.689636844114858,5.411404487232664,121,rs_trailing_30m
rs_trailing_30m_000233,ADI,2026-07-10 14:00:00+00:00,395.73,390.74,2.5693948689761705,2.4983048923641316,121,rs_trailing_30m
rs_trailing_30m_000234,ADI,2026-07-13 14:05:00+00:00,390.59,384.55,3.0897169439226717,3.3305845461839163,121,rs_trailing_30m
rs_trailing_30m_000235,ADI,2026-07-13 15:18:00+00:00,382.945,387.43,7.113234117237959,2.283500887861218,121,rs_trailing_30m
rs_trailing_30m_000236,ADI,2026-07-14 14:03:00+00:00,392.97,399.26,3.2066011354971087,2.6564613168376656,121,rs_trailing_30m
rs_trailing_30m_000237,ADI,2026-07-14 15:10:00+00:00,399.26,394.0,1.113622779905593,6.348359159334722,121,rs_trailing_30m
rs_trailing_30m_000238,ADI,2026-07-14 16:15:00+00:00,394.0,395.77,0.2779338730009568,3.8215907537629588,121,rs_trailing_30m
rs_trailing_30m_000239,ADI,2026-07-14 19:03:00+00:00,390.79,395.2,8.473039452107866,8.82608276261249,58,rs_trailing_30m
rs_trailing_30m_000240,ADI,2026-07-14 19:29:00+00:00,390.79,395.2,5.005102537934844,8.790211332248266,32,rs_trailing_30m
rs_trailing_30m_000241,ADI,2026-07-15 14:04:00+00:00,384.33,395.02,9.683936890329605,1.0715213286442604,121,rs_trailing_30m
rs_trailing_30m_000242,ADI,2026-07-15 15:59:00+00:00,383.28,390.45,4.389152026292353,6.180191392184902,121,rs_trailing_30m
rs_trailing_30m_000243,ADI,2026-07-15 16:54:00+00:00,391.0,384.648,8.773666800947835,2.2185090411863877,121,rs_trailing_30m
rs_trailing_30m_000244,ADI,2026-07-15 19:28:00+00:00,392.12,389.495,3.1120305976174234,1.8996751194045147,33,rs_trailing_30m
rs_trailing_30m_000245,ADI,2026-07-16 14:02:00+00:00,386.07,379.77,2.8075343280304423,2.379405926102104,121,rs_trailing_30m
rs_trailing_30m_000246,ADI,2026-07-16 16:19:00+00:00,377.65,381.12,4.536059820512406,2.2048941739963426,121,rs_trailing_30m
rs_trailing_30m_000247,ADI,2026-07-16 18:19:00+00:00,382.43,377.84,3.6973457779131547,8.170358502241681,102,rs_trailing_30m
rs_trailing_30m_000248,ADI,2026-07-17 14:00:00+00:00,378.19,371.72,2.1479396929194947,2.2085398723435388,121,rs_trailing_30m
rs_trailing_30m_000249,ADI,2026-07-17 15:05:00+00:00,371.72,378.59,0.4445373864496511,6.194531841613861,121,rs_trailing_30m
rs_trailing_30m_000250,ADI,2026-07-17 15:54:00+00:00,379.78,375.695,4.395533271775357,0.9804408046325406,121,rs_trailing_30m
rs_trailing_30m_000251,ADI,2026-07-17 16:40:00+00:00,372.72,379.78,4.969562371806848,6.823752029859195,121,rs_trailing_30m
rs_trailing_30m_000252,ADI,2026-07-17 17:07:00+00:00,379.78,372.72,1.506602070865248,12.130078211582113,121,rs_trailing_30m
rs_trailing_30m_000253,ADI,2026-07-17 17:46:00+00:00,372.72,377.385,8.369706367234594,1.5906712356096622,121,rs_trailing_30m
rs_trailing_30m_000254,ADI,2026-07-17 18:15:00+00:00,372.72,378.21,1.7649976576920632,9.77052274793845,106,rs_trailing_30m
rs_trailing_30m_000255,ADI,2026-07-17 19:37:00+00:00,378.21,373.48,2.3252157882948254,5.959733875460013,24,rs_trailing_30m
rs_trailing_30m_000256,ADI,2026-07-20 14:07:00+00:00,381.61,376.19,1.4899927543682991,4.217258643989361,121,rs_trailing_30m
rs_trailing_30m_000257,ADI,2026-07-20 14:53:00+00:00,376.19,381.61,1.0586869569214161,6.541423382832394,121,rs_trailing_30m
rs_trailing_30m_000258,ADI,2026-07-20 15:22:00+00:00,381.61,376.6901,2.0027459407831127,5.4618826607767135,121,rs_trailing_30m
rs_trailing_30m_000259,ADI,2026-07-20 16:45:00+00:00,374.84,378.665,7.249882296545708,2.7367209101264662,121,rs_trailing_30m
rs_trailing_30m_000260,ADI,2026-07-21 14:00:00+00:00,377.69,385.57,1.8791019755223897,5.675654946475864,121,rs_trailing_30m
rs_trailing_30m_000261,ADI,2026-07-21 14:50:00+00:00,385.57,381.43,4.688127196719219,1.4930341390825603,121,rs_trailing_30m
rs_trailing_30m_000262,ADI,2026-07-21 15:52:00+00:00,382.28,384.68,0.28830021031740016,5.477703996030466,121,rs_trailing_30m
rs_trailing_30m_000263,ADI,2026-07-22 14:00:00+00:00,386.975,380.02,5.885827466766355,2.5983031096812836,121,rs_trailing_30m
rs_trailing_30m_000264,ADI,2026-07-22 15:24:00+00:00,387.49,384.72,3.722304544864485,2.919101953863048,121,rs_trailing_30m
rs_trailing_30m_000265,ADI,2026-07-22 17:12:00+00:00,387.475,385.831,0.46384765431292624,6.167157073429621,121,rs_trailing_30m
rs_trailing_30m_000266,ADI,2026-07-23 14:00:00+00:00,381.76,374.85,1.8140153834827515,3.397978919995792,121,rs_trailing_30m
rs_trailing_30m_000267,ADI,2026-07-23 15:01:00+00:00,374.85,379.895,2.5244298022285396,3.7185840959298453,121,rs_trailing_30m
rs_trailing_30m_000268,ADI,2026-07-23 16:35:00+00:00,379.895,375.97,1.6489907329203373,5.348078052714871,121,rs_trailing_30m
rs_trailing_30m_000269,ADI,2026-07-23 19:37:00+00:00,380.44,376.35,6.859197423464664,4.6857068818728775,24,rs_trailing_30m
rs_trailing_30m_000270,ADI,2026-07-24 14:00:00+00:00,367.15,374.3227,4.616785881409346,1.3768467143525915,121,rs_trailing_30m
rs_trailing_30m_000271,ADI,2026-07-24 15:56:00+00:00,374.3227,370.26,0.3487739726220654,6.641675058318815,121,rs_trailing_30m
rs_trailing_30m_000272,ADI,2026-07-24 19:42:00+00:00,373.5,369.26,7.873550645374558,0.8314962220018112,19,rs_trailing_30m
rs_trailing_30m_000273,ADI,2026-07-27 14:05:00+00:00,361.67,372.12,9.127416412590444,0.9765562051606215,121,rs_trailing_30m
rs_trailing_30m_000274,ADI,2026-07-27 15:58:00+00:00,369.64,364.58,5.784750106349553,0.6202467291272074,121,rs_trailing_30m
rs_trailing_30m_000275,ADI,2026-07-27 19:01:00+00:00,373.72,370.06,8.578207952947952,1.6485806815110735,60,rs_trailing_30m
rs_trailing_30m_000276,ADI,2026-07-28 14:00:00+00:00,373.283,365.1,4.3869242420675185,1.5535359718723183,121,rs_trailing_30m
rs_trailing_30m_000277,ADI,2026-07-28 14:49:00+00:00,373.283,365.78,3.181373488672362,3.317359232674999,121,rs_trailing_30m
rs_trailing_30m_000278,ADI,2026-07-28 15:36:00+00:00,373.283,367.765,3.277140834236532,3.590790469719798,121,rs_trailing_30m
rs_trailing_30m_000279,ADI,2026-07-28 16:15:00+00:00,367.5701,371.7,4.09057919274259,2.963445195794646,121,rs_trailing_30m
rs_trailing_30m_000280,ADI,2026-07-28 17:01:00+00:00,371.57,367.13,0.10279189528034731,9.025128405612413,121,rs_trailing_30m
rs_trailing_30m_000281,ADI,2026-07-28 19:19:00+00:00,371.75,365.48,3.8068153261065274,12.212467958918783,42,rs_trailing_30m
rs_trailing_30m_000282,ADI,2026-07-29 14:03:00+00:00,354.235,361.76,5.205065104771031,1.1174716044141078,121,rs_trailing_30m
rs_trailing_30m_000283,ADI,2026-07-29 15:09:00+00:00,359.13,352.73,0.0435487654383517,7.919654057581744,121,rs_trailing_30m
rs_trailing_30m_000284,ADI,2026-07-29 15:31:00+00:00,352.73,357.69,6.004991449830868,0.986735684244495,121,rs_trailing_30m
rs_trailing_30m_000285,ADI,2026-07-29 15:54:00+00:00,352.73,359.05,3.9111169069680987,6.562721589658516,121,rs_trailing_30m
rs_trailing_30m_000286,ADI,2026-07-29 17:14:00+00:00,368.94,355.735,21.17814664280528,2.9302521863535853,121,rs_trailing_30m
rs_trailing_30m_000287,ADI,2026-07-29 17:34:00+00:00,368.94,357.06,19.704406186171536,1.4417858185003611,121,rs_trailing_30m
rs_trailing_30m_000288,ADI,2026-07-29 17:51:00+00:00,368.94,356.45,19.46193474528175,4.369395153597613,121,rs_trailing_30m
rs_trailing_30m_000289,ADI,2026-07-29 18:48:00+00:00,368.94,353.23,4.488381201541041,13.731894942182365,73,rs_trailing_30m
rs_trailing_30m_000290,ADI,2026-07-30 14:04:00+00:00,368.42,361.21,0.3684207104451936,5.881728283224896,121,rs_trailing_30m
rs_trailing_30m_000291,ADI,2026-07-30 14:53:00+00:00,361.21,367.3,0.5771277644184184,6.745180746640026,121,rs_trailing_30m
rs_trailing_30m_000292,ADI,2026-07-30 15:22:00+00:00,367.3,362.49,3.8275596244752164,2.017063167183704,121,rs_trailing_30m
rs_trailing_30m_000293,ADI,2026-07-30 16:20:00+00:00,367.37,363.83,0.5003144102691851,6.027931119966525,121,rs_trailing_30m
rs_trailing_30m_000294,ADI,2026-07-30 16:43:00+00:00,363.83,367.37,0.3071603612072762,6.941824163282836,121,rs_trailing_30m
rs_trailing_30m_000295,ADI,2026-07-30 18:56:00+00:00,364.3,367.64,0.3969826948677971,11.65685549475282,65,rs_trailing_30m
rs_trailing_30m_000296,ADI,2026-07-31 14:00:00+00:00,362.86,371.035,3.836834732587631,1.3476485630989588,121,rs_trailing_30m
rs_trailing_30m_000297,ADI,2026-07-31 14:35:00+00:00,371.035,364.1914,0.1952048050413917,4.942885978731802,121,rs_trailing_30m
rs_trailing_30m_000298,ADI,2026-07-31 15:05:00+00:00,364.1914,369.565,4.459145878105956,0.7628534878423263,121,rs_trailing_30m
rs_trailing_30m_000299,ADI,2026-07-31 15:56:00+00:00,369.95,366.01,2.8390241442006756,2.6712000568588348,121,rs_trailing_30m
rs_trailing_30m_000300,ADI,2026-07-31 16:25:00+00:00,366.1801,369.95,0.6023054999012504,5.887067189660871,121,rs_trailing_30m
rs_trailing_30m_000301,ADI,2026-08-03 14:00:00+00:00,355.72,365.73,1.2750174038981161,5.895164738248135,121,rs_trailing_30m
rs_trailing_30m_000302,ADI,2026-08-03 15:21:00+00:00,359.15,363.005,5.204716392263662,0.3764189880357426,121,rs_trailing_30m
rs_trailing_30m_000303,ADI,2026-08-03 16:33:00+00:00,359.15,363.85,2.8619112759837693,8.44048599913892,121,rs_trailing_30m
rs_trailing_30m_000304,ADI,2026-08-03 18:10:00+00:00,363.85,361.24,0.0,7.860164993851812,111,rs_trailing_30m
rs_trailing_30m_000305,ADI,2026-08-04 14:01:00+00:00,378.635,373.39,4.5765337978983505,0.2751932905254824,121,rs_trailing_30m
rs_trailing_30m_000306,ADI,2026-08-04 15:14:00+00:00,378.635,375.37,0.05217135467621832,6.761407566044063,121,rs_trailing_30m
rs_trailing_30m_000307,ADI,2026-08-04 15:44:00+00:00,375.73,378.075,3.3578401731464544,2.6074137708144374,121,rs_trailing_30m
rs_trailing_30m_000308,ADI,2026-08-05 14:00:00+00:00,384.0,374.64,1.477005706613052,7.5001198868272105,121,rs_trailing_30m
rs_trailing_30m_000309,ADI,2026-08-05 16:26:00+00:00,379.67,376.33,2.8007829626231717,4.232762221708554,121,rs_trailing_30m
rs_trailing_30m_000310,ADI,2026-08-05 17:21:00+00:00,376.33,380.25,0.6754392569726283,9.915448292358226,121,rs_trailing_30m
rs_trailing_30m_000311,ADI,2026-08-05 19:26:00+00:00,381.1375,375.79,1.48513060802006,16.66740865229359,35,rs_trailing_30m
rs_trailing_30m_000312,ADI,2026-08-06 14:00:00+00:00,384.4,378.6301,4.374994740076028,1.6139215471753612,121,rs_trailing_30m
rs_trailing_30m_000313,ADI,2026-08-06 15:16:00+00:00,382.8,376.76,0.03996453420575584,8.006228352545186,121,rs_trailing_30m
rs_trailing_30m_000314,ADI,2026-08-06 15:53:00+00:00,376.76,381.6199,5.045533462181263,3.0471358687937826,121,rs_trailing_30m
rs_trailing_30m_000315,ADI,2026-08-06 16:49:00+00:00,382.79,379.74,4.339932041194821,1.7740599798879173,121,rs_trailing_30m
rs_trailing_30m_000316,ADI,2026-08-06 19:24:00+00:00,376.45,379.1925,5.624188264914426,1.791358041108636,37,rs_trailing_30m
rs_trailing_30m_000317,ADI,2026-08-07 14:03:00+00:00,385.5,390.88,1.3247249277249655,3.9545492286899893,121,rs_trailing_30m
rs_trailing_30m_000318,ADI,2026-08-07 15:27:00+00:00,392.195,388.19,2.7180430329402174,4.587837736808434,121,rs_trailing_30m
rs_trailing_30m_000319,ADI,2026-08-07 19:42:00+00:00,387.9,390.04,2.828563857976021,3.8232236761653424,19,rs_trailing_30m
rs_trailing_30m_000320,ADI,2026-08-10 14:00:00+00:00,384.91,390.1,1.7449309755161087,2.39504240182268,121,rs_trailing_30m
rs_trailing_30m_000321,ADI,2026-08-10 14:57:00+00:00,384.91,388.185,2.315555435047986,4.455376752257777,121,rs_trailing_30m
rs_trailing_30m_000322,ADI,2026-08-10 16:01:00+00:00,388.08,385.395,0.0,6.604287131348625,121,rs_trailing_30m
rs_trailing_30m_000323,ADI,2026-08-11 14:00:00+00:00,394.16,387.7725,2.589052601423583,4.273011088034127,121,rs_trailing_30m
rs_trailing_30m_000324,ADI,2026-08-11 14:27:00+00:00,393.72,387.64,0.22652120707164242,7.424861787348041,121,rs_trailing_30m
rs_trailing_30m_000325,ADI,2026-08-11 14:43:00+00:00,387.11,391.56,7.037073039634378,0.7237633981284842,121,rs_trailing_30m
rs_trailing_30m_000326,ADI,2026-08-12 14:00:00+00:00,383.61,390.3467,6.080604385913302,0.8505644070786218,121,rs_trailing_30m
rs_trailing_30m_000327,ADI,2026-08-12 15:41:00+00:00,383.61,386.11,2.2414330932611617,4.118324860606596,121,rs_trailing_30m
rs_trailing_30m_000328,ADI,2026-08-13 15:45:00+00:00,384.44,387.0059,3.4858926682814495,3.1890715089898456,121,rs_trailing_30m
rs_trailing_30m_000329,ADI,2026-08-13 19:02:00+00:00,380.51,383.43,11.858458626084104,1.1103425679853964,59,rs_trailing_30m
rs_trailing_30m_000330,ADI,2026-08-13 19:30:00+00:00,380.51,382.18,3.2657743785845748,2.727459920576021,31,rs_trailing_30m
rs_trailing_30m_000331,ADI,2026-08-14 14:00:00+00:00,388.6,382.33,4.767748725006996,2.541245041690759,121,rs_trailing_30m
rs_trailing_30m_000332,ADI,2026-08-14 14:37:00+00:00,386.845,382.33,0.3540068631409278,6.5953017763424535,121,rs_trailing_30m
rs_trailing_30m_000333,ADI,2026-08-14 15:07:00+00:00,382.33,384.935,3.440206650695093,1.608660011310883,121,rs_trailing_30m
rs_trailing_30m_000334,ADI,2026-08-14 19:26:00+00:00,389.45,385.4301,16.75059096951357,2.766437707437367,35,rs_trailing_30m
rs_trailing_30m_000335,AMAT,2026-07-01 14:02:00+00:00,686.2,659.15,0.9206107939998706,5.008561105451627,121,rs_trailing_30m
rs_trailing_30m_000336,AMAT,2026-07-01 16:41:00+00:00,639.06,656.25,10.650831999004554,1.2148713103206636,121,rs_trailing_30m
rs_trailing_30m_000337,AMAT,2026-07-01 18:59:00+00:00,657.98,642.975,13.171381268960259,0.7183211655571382,62,rs_trailing_30m
rs_trailing_30m_000338,AMAT,2026-07-02 14:00:00+00:00,596.431,643.4,13.2615107933336,1.8867150986405803,121,rs_trailing_30m
rs_trailing_30m_000339,AMAT,2026-07-02 17:51:00+00:00,581.9,599.57,0.6524515448889747,13.154517075695132,121,rs_trailing_30m
rs_trailing_30m_000340,AMAT,2026-07-02 19:07:00+00:00,585.15,623.987,2.8222955815139987,21.241259522604025,54,rs_trailing_30m
rs_trailing_30m_000341,AMAT,2026-07-06 14:00:00+00:00,592.3801,617.8799,7.808391621674009,2.743462106981838,121,rs_trailing_30m
rs_trailing_30m_000342,AMAT,2026-07-06 16:27:00+00:00,591.68,599.9,4.304386464757837,3.0977174558088776,121,rs_trailing_30m
rs_trailing_30m_000343,AMAT,2026-07-06 17:01:00+00:00,591.68,599.1699,3.841276389816823,4.111944351603674,121,rs_trailing_30m
rs_trailing_30m_000344,AMAT,2026-07-06 17:26:00+00:00,591.68,600.0,2.596997980602002,5.681554969056494,121,rs_trailing_30m
rs_trailing_30m_000345,AMAT,2026-07-06 18:02:00+00:00,601.23,592.2,3.1785857356710556,5.116971834591731,119,rs_trailing_30m
rs_trailing_30m_000346,AMAT,2026-07-06 19:22:00+00:00,601.23,592.2,2.8519748672494005,8.801117011149508,39,rs_trailing_30m
rs_trailing_30m_000347,AMAT,2026-07-07 14:00:00+00:00,527.63,543.97,4.34081986761386,2.2880583227422435,121,rs_trailing_30m
rs_trailing_30m_000348,AMAT,2026-07-07 15:45:00+00:00,554.07,537.71,8.924719227969678,1.1344893487055963,121,rs_trailing_30m
rs_trailing_30m_000349,AMAT,2026-07-07 17:05:00+00:00,554.07,544.35,1.8551236749116014,5.950851268872102,121,rs_trailing_30m
rs_trailing_30m_000350,AMAT,2026-07-07 18:41:00+00:00,542.8501,555.0,5.558706810984316,8.453561469017115,80,rs_trailing_30m
rs_trailing_30m_000351,AMAT,2026-07-07 19:31:00+00:00,555.0,544.625,5.136265511908877,3.0056374194975297,30,rs_trailing_30m
rs_trailing_30m_000352,AMAT,2026-07-08 14:00:00+00:00,574.95,555.32,0.2538598550717297,8.19235871282282,121,rs_trailing_30m
rs_trailing_30m_000353,AMAT,2026-07-08 15:22:00+00:00,555.32,575.21,0.866986136102333,10.515425908171956,121,rs_trailing_30m
rs_trailing_30m_000354,AMAT,2026-07-08 15:59:00+00:00,575.68,560.73,10.714241429252878,0.5937648797714924,121,rs_trailing_30m
rs_trailing_30m_000355,AMAT,2026-07-08 18:15:00+00:00,578.14,568.0,4.099140376139258,6.69703713400406,106,rs_trailing_30m
rs_trailing_30m_000356,AMAT,2026-07-09 14:02:00+00:00,627.96,604.8,1.2085807840400162,6.6761321619786695,121,rs_trailing_30m
rs_trailing_30m_000357,AMAT,2026-07-09 17:16:00+00:00,587.32,608.565,19.39807871383444,2.663601279496067,121,rs_trailing_30m
rs_trailing_30m_000358,AMAT,2026-07-10 14:02:00+00:00,601.45,583.0756,5.235374730065453,2.321331431766025,121,rs_trailing_30m
rs_trailing_30m_000359,AMAT,2026-07-10 16:06:00+00:00,609.22,599.95,6.1228714587858555,1.5784878930383959,121,rs_trailing_30m
rs_trailing_30m_000360,AMAT,2026-07-10 17:24:00+00:00,609.22,599.84,4.485156704756067,7.201168264858272,121,rs_trailing_30m
rs_trailing_30m_000361,AMAT,2026-07-10 19:09:00+00:00,599.84,605.08,2.9129879504697063,4.186573379977479,52,rs_trailing_30m
rs_trailing_30m_000362,AMAT,2026-07-10 19:42:00+00:00,605.08,601.45,0.8160777726579835,3.298314331159189,19,rs_trailing_30m
rs_trailing_30m_000363,AMAT,2026-07-13 14:00:00+00:00,590.02,576.5,3.4635244367735427,2.7717419260997316,121,rs_trailing_30m
rs_trailing_30m_000364,AMAT,2026-07-13 15:24:00+00:00,586.29,569.14,0.5314184480119839,12.21519187843075,121,rs_trailing_30m
rs_trailing_30m_000365,AMAT,2026-07-13 15:50:00+00:00,569.14,582.41,10.126018066044928,1.8608026062490575,121,rs_trailing_30m
rs_trailing_30m_000366,AMAT,2026-07-13 16:23:00+00:00,569.14,577.49,5.20800304855833,2.2003147462393087,121,rs_trailing_30m
rs_trailing_30m_000367,AMAT,2026-07-13 17:07:00+00:00,577.49,570.57,1.6760357661424228,4.380448568951946,121,rs_trailing_30m
rs_trailing_30m_000368,AMAT,2026-07-13 17:39:00+00:00,570.57,577.21,1.15591261718803,5.460690639819483,121,rs_trailing_30m
rs_trailing_30m_000369,AMAT,2026-07-13 19:30:00+00:00,579.36,572.805,3.792046229932132,3.5620552603653235,31,rs_trailing_30m
rs_trailing_30m_000370,AMAT,2026-07-14 14:00:00+00:00,584.0,600.32,6.614720062670829,0.5677304644608048,121,rs_trailing_30m
rs_trailing_30m_000371,AMAT,2026-07-14 15:10:00+00:00,600.32,590.3,1.5391781991809246,3.853327239907515,121,rs_trailing_30m
rs_trailing_30m_000372,AMAT,2026-07-14 15:52:00+00:00,590.3,601.2893,2.7609494913440438,6.810313046582329,121,rs_trailing_30m
rs_trailing_30m_000373,AMAT,2026-07-14 16:14:00+00:00,590.3,601.93,1.3799222343164037,9.041178794968637,121,rs_trailing_30m
rs_trailing_30m_000374,AMAT,2026-07-14 16:45:00+00:00,601.93,595.27,6.375919472821658,0.539980150792696,121,rs_trailing_30m
rs_trailing_30m_000375,AMAT,2026-07-14 18:35:00+00:00,592.12,598.97,8.558999370671009,2.2182190056633027,86,rs_trailing_30m
rs_trailing_30m_000376,AMAT,2026-07-14 19:29:00+00:00,592.12,598.97,1.8620879571579552,7.930850627511485,32,rs_trailing_30m
rs_trailing_30m_000377,AMAT,2026-07-15 14:00:00+00:00,569.35,593.07,8.985788722607104,1.586776183158823,121,rs_trailing_30m
rs_trailing_30m_000378,AMAT,2026-07-15 15:56:00+00:00,557.16,579.19,7.949030073193508,5.158539725642831,121,rs_trailing_30m
rs_trailing_30m_000379,AMAT,2026-07-15 16:57:00+00:00,579.44,561.0201,10.954352893212954,1.4934006452012292,121,rs_trailing_30m
rs_trailing_30m_000380,AMAT,2026-07-15 18:36:00+00:00,571.57,582.215,3.5833370111263476,6.298689538987873,85,rs_trailing_30m
rs_trailing_30m_000381,AMAT,2026-07-15 19:28:00+00:00,582.215,575.67,4.737544547144689,0.9310530874187809,33,rs_trailing_30m
rs_trailing_30m_000382,AMAT,2026-07-16 14:00:00+00:00,591.088,568.21,6.227207727943206,2.805066309962394,121,rs_trailing_30m
rs_trailing_30m_000383,AMAT,2026-07-16 16:09:00+00:00,558.5,569.36,6.851818322034237,0.5522361035669813,121,rs_trailing_30m
rs_trailing_30m_000384,AMAT,2026-07-16 17:25:00+00:00,558.5,564.79,3.5001693059021597,1.9358961099311005,121,rs_trailing_30m
rs_trailing_30m_000385,AMAT,2026-07-16 18:21:00+00:00,564.79,557.27,1.9375900088714648,5.61237468707836,100,rs_trailing_30m
rs_trailing_30m_000386,AMAT,2026-07-16 18:53:00+00:00,557.27,564.76,1.7184391271429862,5.594691021891701,68,rs_trailing_30m
rs_trailing_30m_000387,AMAT,2026-07-16 19:21:00+00:00,564.76,557.27,1.7979800763747213,5.197796948065277,40,rs_trailing_30m
rs_trailing_30m_000388,AMAT,2026-07-17 14:01:00+00:00,527.87,548.3124,0.3036760674235386,8.318362322435789,121,rs_trailing_30m
rs_trailing_30m_000389,AMAT,2026-07-17 15:02:00+00:00,551.18,528.6,7.16808077374237,2.04918937837054,121,rs_trailing_30m
rs_trailing_30m_000390,AMAT,2026-07-17 17:35:00+00:00,525.36,542.91,11.144777054438121,1.6056034739444156,121,rs_trailing_30m
rs_trailing_30m_000391,AMAT,2026-07-17 19:06:00+00:00,525.36,532.5899,4.683945871592264,1.2519805538283033,55,rs_trailing_30m
rs_trailing_30m_000392,AMAT,2026-07-20 14:02:00+00:00,527.51,544.98,8.374721138026853,1.3855442576588881,121,rs_trailing_30m
rs_trailing_30m_000393,AMAT,2026-07-20 16:17:00+00:00,537.685,528.6106,1.125109308905471,9.240060145645602,121,rs_trailing_30m
rs_trailing_30m_000394,AMAT,2026-07-20 16:41:00+00:00,527.28,533.74,4.297993060430908,2.3523147648106173,121,rs_trailing_30m
rs_trailing_30m_000395,AMAT,2026-07-20 19:25:00+00:00,522.96,528.92,3.5435333042881387,4.108444410768782,36,rs_trailing_30m
rs_trailing_30m_000396,AMAT,2026-07-21 14:04:00+00:00,571.41,556.2101,7.05348289684562,0.5180026034201763,121,rs_trailing_30m
rs_trailing_30m_000397,AMAT,2026-07-21 15:10:00+00:00,572.5,561.84,3.926036222195507,3.9779384951990737,121,rs_trailing_30m
rs_trailing_30m_000398,AMAT,2026-07-21 16:21:00+00:00,572.5,566.325,4.188575535917664,2.181979620311827,121,rs_trailing_30m
rs_trailing_30m_000399,AMAT,2026-07-21 17:35:00+00:00,561.81,569.37,9.236636099307704,1.0778349362559303,121,rs_trailing_30m
rs_trailing_30m_000400,AMAT,2026-07-21 19:26:00+00:00,561.81,568.68,1.453252904123428,8.530594547204528,35,rs_trailing_30m
rs_trailing_30m_000401,AMAT,2026-07-22 14:00:00+00:00,563.0,554.19,1.1586531956613613,3.2891614682936328,121,rs_trailing_30m
rs_trailing_30m_000402,AMAT,2026-07-22 14:37:00+00:00,562.235,555.2004,2.1449319675892595,1.9552686898029392,121,rs_trailing_30m
rs_trailing_30m_000403,AMAT,2026-07-22 15:25:00+00:00,562.235,556.825,1.2291037800899287,3.827513292371059,121,rs_trailing_30m
rs_trailing_30m_000404,AMAT,2026-07-23 14:00:00+00:00,576.49,560.2,5.1370282751622405,2.1460170340103133,121,rs_trailing_30m
rs_trailing_30m_000405,AMAT,2026-07-23 16:31:00+00:00,571.3,557.18,2.52261250445404,9.802400839106937,121,rs_trailing_30m
rs_trailing_30m_000406,AMAT,2026-07-23 17:55:00+00:00,554.8,561.85,4.6913736631615865,3.090787354553591,121,rs_trailing_30m
rs_trailing_30m_000407,AMAT,2026-07-23 19:04:00+00:00,554.8,564.38,1.041183421594051,11.74668475644434,57,rs_trailing_30m
rs_trailing_30m_000408,AMAT,2026-07-23 19:29:00+00:00,564.38,556.91,4.224924824081245,4.4693419626645,32,rs_trailing_30m
rs_trailing_30m_000409,AMAT,2026-07-24 14:00:00+00:00,535.25,554.585,5.976669360855567,1.9874176199950655,121,rs_trailing_30m
rs_trailing_30m_000410,AMAT,2026-07-24 17:57:00+00:00,530.0101,545.955,17.518281778524145,0.8103982738640156,121,rs_trailing_30m
rs_trailing_30m_000411,AMAT,2026-07-27 14:00:00+00:00,493.64,527.72,11.000583166243985,0.6785406438991675,121,rs_trailing_30m
rs_trailing_30m_000412,AMAT,2026-07-27 17:47:00+00:00,521.0,504.89,15.881078687601503,1.1165015125911775,121,rs_trailing_30m
rs_trailing_30m_000413,AMAT,2026-07-27 18:58:00+00:00,521.0,510.68,10.925600912787871,1.0058489729233342,63,rs_trailing_30m
rs_trailing_30m_000414,AMAT,2026-07-28 14:00:00+00:00,467.01,482.77,4.882951547384724,2.376983960802355,121,rs_trailing_30m
rs_trailing_30m_000415,AMAT,2026-07-28 17:21:00+00:00,471.16,482.4,4.333724028980425,5.94287050387617,121,rs_trailing_30m
rs_trailing_30m_000416,AMAT,2026-07-28 17:47:00+00:00,471.16,483.65,0.6700539644102548,11.914869367145396,121,rs_trailing_30m
rs_trailing_30m_000417,AMAT,2026-07-28 18:20:00+00:00,483.65,472.94,10.320035429784276,1.7859426044971525,101,rs_trailing_30m
rs_trailing_30m_000418,AMAT,2026-07-28 18:57:00+00:00,483.65,476.27,7.858934081611066,0.5345439968679352,64,rs_trailing_30m
rs_trailing_30m_000419,AMAT,2026-07-29 14:00:00+00:00,444.3,459.45,5.399836873956514,1.4431182611703093,121,rs_trailing_30m
rs_trailing_30m_000420,AMAT,2026-07-29 17:05:00+00:00,467.1,446.83,18.87221238937623,0.5806096361847419,121,rs_trailing_30m
rs_trailing_30m_000421,AMAT,2026-07-29 18:00:00+00:00,467.1,436.33,10.281631960582938,17.40903022122337,121,rs_trailing_30m
rs_trailing_30m_000422,AMAT,2026-07-29 18:43:00+00:00,467.1,436.33,4.4066436157073,14.908516506132166,78,rs_trailing_30m
rs_trailing_30m_000423,AMAT,2026-07-30 14:00:00+00:00,508.54,494.0,3.2362260528498727,3.0883340020476044,121,rs_trailing_30m
rs_trailing_30m_000424,AMAT,2026-07-30 16:34:00+00:00,494.59,502.97,1.1267574099133275,6.026444934839237,121,rs_trailing_30m
rs_trailing_30m_000425,AMAT,2026-07-30 17:49:00+00:00,494.53,503.04,4.68865704938786,5.043165265317186,121,rs_trailing_30m
rs_trailing_30m_000426,AMAT,2026-07-30 18:55:00+00:00,494.53,503.04,0.6800664953902101,12.180746561876758,66,rs_trailing_30m
rs_trailing_30m_000427,AMAT,2026-07-31 14:00:00+00:00,502.91,520.075,3.12127523808428,2.734100659371151,121,rs_trailing_30m
rs_trailing_30m_000428,AMAT,2026-07-31 17:13:00+00:00,521.005,513.47,2.0379105855381012,5.620770841908065,121,rs_trailing_30m
rs_trailing_30m_000429,AMAT,2026-07-31 18:05:00+00:00,507.58,517.34,10.211220340319235,1.5413162777841465,116,rs_trailing_30m
rs_trailing_30m_000430,AMAT,2026-07-31 19:08:00+00:00,507.58,516.1,8.887110862345828,2.843049408326052,53,rs_trailing_30m
rs_trailing_30m_000431,AMAT,2026-07-31 19:25:00+00:00,507.58,516.0,9.620365659090778,2.204959720404829,36,rs_trailing_30m
rs_trailing_30m_000432,AMAT,2026-08-03 14:03:00+00:00,517.36,498.42,6.83175193687531,1.0725474940604458,121,rs_trailing_30m
rs_trailing_30m_000433,AMAT,2026-08-03 15:19:00+00:00,505.56,516.765,2.4122698236849662,3.8663558149654325,121,rs_trailing_30m
rs_trailing_30m_000434,AMAT,2026-08-03 15:54:00+00:00,516.765,510.46,3.2576426559005025,1.3631530573622612,121,rs_trailing_30m
rs_trailing_30m_000435,AMAT,2026-08-03 16:47:00+00:00,510.8,519.5,1.1942363413294654,8.700864772543127,121,rs_trailing_30m
rs_trailing_30m_000436,AMAT,2026-08-03 17:58:00+00:00,519.5,513.46,2.3770356358014038,6.7098600858694954,121,rs_trailing_30m
rs_trailing_30m_000437,AMAT,2026-08-04 14:00:00+00:00,535.5547,547.2,2.6478790267970065,2.9480677693409656,121,rs_trailing_30m
rs_trailing_30m_000438,AMAT,2026-08-04 15:06:00+00:00,548.05,542.07,3.763999664718138,0.9400166351803481,121,rs_trailing_30m
rs_trailing_30m_000439,AMAT,2026-08-05 14:00:00+00:00,552.145,530.57,1.0974621121898327,10.424554953745028,121,rs_trailing_30m
rs_trailing_30m_000440,AMAT,2026-08-05 16:15:00+00:00,544.68,539.35,2.9674662082491152,1.88425001566733,121,rs_trailing_30m
rs_trailing_30m_000441,AMAT,2026-08-05 19:27:00+00:00,543.675,531.0,0.48196612236966946,20.952843004073213,34,rs_trailing_30m
rs_trailing_30m_000442,AMAT,2026-08-06 14:00:00+00:00,539.5,525.72,5.291782165832247,0.8001775873146246,121,rs_trailing_30m
rs_trailing_30m_000443,AMAT,2026-08-06 16:16:00+00:00,525.55,536.0,4.18159199467441,4.713601154302195,121,rs_trailing_30m
rs_trailing_30m_000444,AMAT,2026-08-06 16:52:00+00:00,536.0,525.55,3.3771279069406415,6.70601112949646,121,rs_trailing_30m
rs_trailing_30m_000445,AMAT,2026-08-06 19:12:00+00:00,532.965,526.17,0.9376851613770727,6.785430804146474,49,rs_trailing_30m
rs_trailing_30m_000446,AMAT,2026-08-07 14:02:00+00:00,528.0,540.31,2.5319375005149443,3.4389725821169836,121,rs_trailing_30m
rs_trailing_30m_000447,AMAT,2026-08-07 16:11:00+00:00,541.02,535.01,1.468318425364789,5.2680126711563835,121,rs_trailing_30m
rs_trailing_30m_000448,AMAT,2026-08-07 19:07:00+00:00,542.26,536.07,1.7011098749658071,9.441609835128325,54,rs_trailing_30m
rs_trailing_30m_000449,AMAT,2026-08-07 19:39:00+00:00,536.07,539.67,3.8477546578171116,1.829260411093375,22,rs_trailing_30m
rs_trailing_30m_000450,AMAT,2026-08-10 14:00:00+00:00,527.06,545.25,5.6820316175699155,3.2820755050316714,121,rs_trailing_30m
rs_trailing_30m_000451,AMAT,2026-08-10 15:55:00+00:00,534.34,527.63,1.6174309619571325,5.384479847547345,121,rs_trailing_30m
rs_trailing_30m_000452,AMAT,2026-08-10 16:51:00+00:00,527.59,530.605,1.3465453385990946,2.754297283498092,121,rs_trailing_30m
rs_trailing_30m_000453,AMAT,2026-08-11 14:01:00+00:00,526.765,536.27,1.64669445772623,3.99360493711627,121,rs_trailing_30m
rs_trailing_30m_000454,AMAT,2026-08-11 14:59:00+00:00,523.715,532.07,5.460797226856833,1.1659218479999571,121,rs_trailing_30m
rs_trailing_30m_000455,AMAT,2026-08-11 16:21:00+00:00,523.11,526.8392,3.5365017647035577,2.5551021063969963,121,rs_trailing_30m
rs_trailing_30m_000456,AMAT,2026-08-12 14:00:00+00:00,552.24,545.0,1.2821877621241287,3.1330509526339516,121,rs_trailing_30m
rs_trailing_30m_000457,AMAT,2026-08-12 14:31:00+00:00,545.0,552.89,1.0963924951213337,3.1440667139509517,121,rs_trailing_30m
rs_trailing_30m_000458,AMAT,2026-08-12 16:04:00+00:00,552.9,550.44,1.0635103590556203,1.8434179556963906,121,rs_trailing_30m
rs_trailing_30m_000459,AMAT,2026-08-12 19:01:00+00:00,547.05,551.37,3.4604400046911583,5.130997248335221,60,rs_trailing_30m
rs_trailing_30m_000460,AMAT,2026-08-13 14:00:00+00:00,560.1,551.05,2.4620712059951453,3.8144765163304335,121,rs_trailing_30m
rs_trailing_30m_000461,AMAT,2026-08-13 14:36:00+00:00,560.1,551.05,0.8444242292404643,4.901469962207674,121,rs_trailing_30m
rs_trailing_30m_000462,AMAT,2026-08-13 15:22:00+00:00,563.4039,551.05,4.072237460324131,7.698747906927852,121,rs_trailing_30m
rs_trailing_30m_000463,AMAT,2026-08-13 15:48:00+00:00,551.05,563.755,1.1977312050833717,10.243753727686418,121,rs_trailing_30m
rs_trailing_30m_000464,AMAT,2026-08-13 16:21:00+00:00,563.755,555.0601,7.490311932818458,0.9024088435556397,121,rs_trailing_30m
rs_trailing_30m_000465,AMAT,2026-08-13 17:16:00+00:00,563.755,547.27,4.793347536603833,20.987511889469832,121,rs_trailing_30m
rs_trailing_30m_000466,AMAT,2026-08-13 17:51:00+00:00,531.79,559.95,42.073527483263945,1.2460532819541592,121,rs_trailing_30m
rs_trailing_30m_000467,AMAT,2026-08-13 18:27:00+00:00,531.79,557.6,37.29926352862498,3.031444124236886,94,rs_trailing_30m
rs_trailing_30m_000468,AMAT,2026-08-14 14:00:00+00:00,515.24,503.02,1.2648890726372148,3.520542651086225,121,rs_trailing_30m
rs_trailing_30m_000469,AMAT,2026-08-14 14:50:00+00:00,512.4,503.02,0.3280921476126296,4.888901147194056,121,rs_trailing_30m
rs_trailing_30m_000470,AMAT,2026-08-14 15:22:00+00:00,503.02,509.44,3.2622658021188102,1.7481998556808978,121,rs_trailing_30m
rs_trailing_30m_000471,AMAT,2026-08-14 16:12:00+00:00,509.44,503.665,2.3446147591724977,4.165072853433861,121,rs_trailing_30m
rs_trailing_30m_000472,AMD,2026-07-01 14:01:00+00:00,547.0601,561.4399,4.505388325996201,1.6536761246745322,121,rs_trailing_30m
rs_trailing_30m_000473,AMD,2026-07-01 17:22:00+00:00,555.02,543.15,0.9728645963863967,11.717138435599248,121,rs_trailing_30m
rs_trailing_30m_000474,AMD,2026-07-01 17:52:00+00:00,542.77,552.8799,7.68556559846737,3.212092135606348,121,rs_trailing_30m
rs_trailing_30m_000475,AMD,2026-07-01 18:42:00+00:00,538.62,552.8799,8.56150402994242,7.151004505009489,79,rs_trailing_30m
rs_trailing_30m_000476,AMD,2026-07-02 14:01:00+00:00,547.65,514.2,0.9920846092327059,14.265492484484371,121,rs_trailing_30m
rs_trailing_30m_000477,AMD,2026-07-02 15:27:00+00:00,526.4,509.74,2.848828520538598,4.899985055326374,121,rs_trailing_30m
rs_trailing_30m_000478,AMD,2026-07-02 17:31:00+00:00,517.41,506.0,3.3567555032050156,5.762430280502066,121,rs_trailing_30m
rs_trailing_30m_000479,AMD,2026-07-02 18:20:00+00:00,518.7,506.0,4.926563862257076,6.127740210298434,101,rs_trailing_30m
rs_trailing_30m_000480,AMD,2026-07-02 19:03:00+00:00,506.0,518.7,4.562667954576786,5.031021287662575,58,rs_trailing_30m
rs_trailing_30m_000481,AMD,2026-07-06 14:00:00+00:00,572.5,559.4701,5.684136178090123,0.5397063418171562,121,rs_trailing_30m
rs_trailing_30m_000482,AMD,2026-07-06 15:11:00+00:00,556.8001,571.48,4.240861710177597,4.22937949300021,121,rs_trailing_30m
rs_trailing_30m_000483,AMD,2026-07-06 17:19:00+00:00,551.5601,557.99,4.755156208687479,1.9354013322302133,121,rs_trailing_30m
rs_trailing_30m_000484,AMD,2026-07-06 18:38:00+00:00,551.4,558.95,0.7894046771717098,7.0527075763105715,83,rs_trailing_30m
rs_trailing_30m_000485,AMD,2026-07-06 19:24:00+00:00,558.95,551.4,2.46574411421203,5.771586886806142,37,rs_trailing_30m
rs_trailing_30m_000486,AMD,2026-07-07 14:04:00+00:00,518.89,503.11,2.462662806562931,4.648191555296677,121,rs_trailing_30m
rs_trailing_30m_000487,AMD,2026-07-07 16:57:00+00:00,516.8,523.4999,2.6159164154275674,2.6951073396400025,121,rs_trailing_30m
rs_trailing_30m_000488,AMD,2026-07-07 18:42:00+00:00,508.11,520.9699,11.047066694080026,2.61952041310616,79,rs_trailing_30m
rs_trailing_30m_000489,AMD,2026-07-08 14:00:00+00:00,521.19,498.15,0.516712743588074,10.93046188359306,121,rs_trailing_30m
rs_trailing_30m_000490,AMD,2026-07-08 14:47:00+00:00,498.15,515.2,4.692540451624228,3.6286051230188643,121,rs_trailing_30m
rs_trailing_30m_000491,AMD,2026-07-08 16:17:00+00:00,515.3399,507.7,4.744417967004624,0.9448474386739345,121,rs_trailing_30m
rs_trailing_30m_000492,AMD,2026-07-08 17:35:00+00:00,516.9272,510.25,2.173392557795662,4.255890087478596,121,rs_trailing_30m
rs_trailing_30m_000493,AMD,2026-07-08 19:00:00+00:00,519.04,513.17,3.6177609759924723,2.896428266055346,61,rs_trailing_30m
rs_trailing_30m_000494,AMD,2026-07-09 14:00:00+00:00,559.5,546.64,1.6355856151642045,5.5187106470845375,121,rs_trailing_30m
rs_trailing_30m_000495,AMD,2026-07-09 15:44:00+00:00,546.4501,559.25,5.253968696234137,5.623552357534917,121,rs_trailing_30m
rs_trailing_30m_000496,AMD,2026-07-09 16:01:00+00:00,559.25,546.4501,0.3664889160241724,12.311947506185932,121,rs_trailing_30m
rs_trailing_30m_000497,AMD,2026-07-09 16:25:00+00:00,544.76,553.48,9.002661392575519,0.9596745646908282,121,rs_trailing_30m
rs_trailing_30m_000498,AMD,2026-07-09 17:31:00+00:00,541.88,550.12,9.32145612621964,1.4210331716894735,121,rs_trailing_30m
rs_trailing_30m_000499,AMD,2026-07-09 18:21:00+00:00,541.27,548.4,5.402366715241606,2.4028763809432303,100,rs_trailing_30m
rs_trailing_30m_000500,AMD,2026-07-09 19:15:00+00:00,541.27,548.15,2.999010933712758,5.092438173715951,46,rs_trailing_30m
rs_trailing_30m_000501,AMD,2026-07-10 14:00:00+00:00,553.5,540.292,1.67064870977691,4.955756142695495,121,rs_trailing_30m
rs_trailing_30m_000502,AMD,2026-07-10 15:00:00+00:00,543.51,556.29,0.44374253721381113,6.267535126209042,121,rs_trailing_30m
rs_trailing_30m_000503,AMD,2026-07-10 15:26:00+00:00,558.0,546.05,4.04952201714761,2.9002256677791824,121,rs_trailing_30m
rs_trailing_30m_000504,AMD,2026-07-10 16:12:00+00:00,560.25,550.73,7.409809574324581,0.5699853518710776,121,rs_trailing_30m
rs_trailing_30m_000505,AMD,2026-07-10 17:05:00+00:00,551.5101,560.25,0.6436825614938385,10.389306689731587,121,rs_trailing_30m
rs_trailing_30m_000506,AMD,2026-07-10 17:25:00+00:00,560.25,552.0701,4.051056504209718,7.162898520759661,121,rs_trailing_30m
rs_trailing_30m_000507,AMD,2026-07-10 18:11:00+00:00,552.0701,559.15,6.606556721591715,3.55083234944079,110,rs_trailing_30m
rs_trailing_30m_000508,AMD,2026-07-10 19:23:00+00:00,552.0701,559.15,0.6057235823056017,10.253892498639766,38,rs_trailing_30m
rs_trailing_30m_000509,AMD,2026-07-13 14:00:00+00:00,531.09,551.87,2.676207163276459,9.056194704420722,121,rs_trailing_30m
rs_trailing_30m_000510,AMD,2026-07-13 15:13:00+00:00,551.87,533.5,2.8751335278459034,8.291082731462565,121,rs_trailing_30m
rs_trailing_30m_000511,AMD,2026-07-13 16:35:00+00:00,533.5,540.6699,3.353566694782124,3.234032714784574,121,rs_trailing_30m
rs_trailing_30m_000512,AMD,2026-07-13 17:20:00+00:00,540.66,533.1,1.7972041233760496,4.449629519255271,121,rs_trailing_30m
rs_trailing_30m_000513,AMD,2026-07-13 19:20:00+00:00,532.35,538.26,1.1039928788952127,5.553760094850248,41,rs_trailing_30m
rs_trailing_30m_000514,AMD,2026-07-14 14:00:00+00:00,547.84,567.44,3.6623439000965368,5.782648263310303,121,rs_trailing_30m
rs_trailing_30m_000515,AMD,2026-07-14 14:58:00+00:00,567.44,552.2,6.225054654951566,1.4442931980364604,121,rs_trailing_30m
rs_trailing_30m_000516,AMD,2026-07-14 15:54:00+00:00,552.2,562.2,6.469569803705423,1.3016852157606142,121,rs_trailing_30m
rs_trailing_30m_000517,AMD,2026-07-14 19:01:00+00:00,546.66,553.4,5.812914676417315,3.981846553345874,60,rs_trailing_30m
rs_trailing_30m_000518,AMD,2026-07-14 19:29:00+00:00,546.66,551.21,2.361855349017617,2.9091088642598604,32,rs_trailing_30m
rs_trailing_30m_000519,AMD,2026-07-15 14:00:00+00:00,513.6,547.6999,17.179953980886488,1.5307723583085124,121,rs_trailing_30m
rs_trailing_30m_000520,AMD,2026-07-15 15:48:00+00:00,509.57,529.95,3.7110088834854027,7.87985104684905,121,rs_trailing_30m
rs_trailing_30m_000521,AMD,2026-07-15 16:46:00+00:00,532.53,512.31,12.953328456843904,2.628950935692344,121,rs_trailing_30m
rs_trailing_30m_000522,AMD,2026-07-15 18:51:00+00:00,524.0101,530.91,2.121345301200094,4.686911103167792,70,rs_trailing_30m
rs_trailing_30m_000523,AMD,2026-07-15 19:28:00+00:00,530.91,526.37,2.209163034091593,1.8514038382873959,33,rs_trailing_30m
rs_trailing_30m_000524,AMD,2026-07-16 14:02:00+00:00,504.44,518.31,3.0564616471063557,3.2661517824782966,121,rs_trailing_30m
rs_trailing_30m_000525,AMD,2026-07-16 15:07:00+00:00,498.18,510.75,5.862498677960411,1.189329875337427,121,rs_trailing_30m
rs_trailing_30m_000526,AMD,2026-07-16 16:02:00+00:00,491.8,506.46,9.784236542146559,1.2748928108116961,121,rs_trailing_30m
rs_trailing_30m_000527,AMD,2026-07-16 17:21:00+00:00,491.8,498.9156,4.251153076321115,1.9411713514926954,121,rs_trailing_30m
rs_trailing_30m_000528,AMD,2026-07-16 19:36:00+00:00,501.81,495.415,4.8944703065477695,0.6453770581200222,25,rs_trailing_30m
rs_trailing_30m_000529,AMD,2026-07-17 14:00:00+00:00,475.53,501.82,1.8038644313614465,9.720703223679225,121,rs_trailing_30m
rs_trailing_30m_000530,AMD,2026-07-17 15:02:00+00:00,503.7499,481.69,6.533751207549728,2.0354970200512845,121,rs_trailing_30m
rs_trailing_30m_000531,AMD,2026-07-17 16:39:00+00:00,494.31,505.8795,2.4994083719764797,4.40200097398579,121,rs_trailing_30m
rs_trailing_30m_000532,AMD,2026-07-17 17:29:00+00:00,505.8795,491.81,0.8916138439979702,11.00460329979456,121,rs_trailing_30m
rs_trailing_30m_000533,AMD,2026-07-17 19:17:00+00:00,491.84,500.75,1.0334895803921507,7.0440474031988485,44,rs_trailing_30m
rs_trailing_30m_000534,AMD,2026-07-20 14:05:00+00:00,506.1,518.98,3.0290731936036104,3.2788431739978177,121,rs_trailing_30m
rs_trailing_30m_000535,AMD,2026-07-20 16:35:00+00:00,508.0,517.0,5.018928930238576,4.313790154915739,121,rs_trailing_30m
rs_trailing_30m_000536,AMD,2026-07-20 17:25:00+00:00,517.0,506.11,4.875669609359393,5.960257338788356,121,rs_trailing_30m
rs_trailing_30m_000537,AMD,2026-07-20 18:08:00+00:00,517.0,502.36,2.773299869765298,12.099446418876514,113,rs_trailing_30m
rs_trailing_30m_000538,AMD,2026-07-20 19:05:00+00:00,502.36,512.0699,8.06961752589863,2.1395263457264604,56,rs_trailing_30m
rs_trailing_30m_000539,AMD,2026-07-21 14:02:00+00:00,522.6001,536.1499,2.4716586650147265,5.782310670590084,121,rs_trailing_30m
rs_trailing_30m_000540,AMD,2026-07-21 15:55:00+00:00,531.3105,544.65,0.21285055077038462,12.158913815253868,121,rs_trailing_30m
rs_trailing_30m_000541,AMD,2026-07-21 16:22:00+00:00,544.65,535.86,9.219814484122457,0.7853916042029546,121,rs_trailing_30m
rs_trailing_30m_000542,AMD,2026-07-21 18:44:00+00:00,548.1399,539.8,3.829039800188506,9.702808595757006,77,rs_trailing_30m
rs_trailing_30m_000543,AMD,2026-07-21 19:14:00+00:00,539.8,545.4,1.6451612903230273,5.5806451612913515,47,rs_trailing_30m
rs_trailing_30m_000544,AMD,2026-07-22 14:00:00+00:00,558.42,544.75,2.561981553732832,4.108930415701018,121,rs_trailing_30m
rs_trailing_30m_000545,AMD,2026-07-22 15:04:00+00:00,558.42,552.86,2.439638653989069,0.9771705644243167,121,rs_trailing_30m
rs_trailing_30m_000546,AMD,2026-07-22 16:45:00+00:00,553.11,557.84,1.1992144084805059,4.41690851440352,121,rs_trailing_30m
rs_trailing_30m_000547,AMD,2026-07-22 19:01:00+00:00,561.47,550.2501,6.11006707469916,9.34158428135778,60,rs_trailing_30m
rs_trailing_30m_000548,AMD,2026-07-22 19:33:00+00:00,561.47,550.2501,0.49439972983635827,14.914254516804675,28,rs_trailing_30m
rs_trailing_30m_000549,AMD,2026-07-23 14:00:00+00:00,554.71,536.001,1.773163428085869,7.66470700607025,121,rs_trailing_30m
rs_trailing_30m_000550,AMD,2026-07-23 16:04:00+00:00,550.51,525.0,5.6237991673845285,12.640124035668167,121,rs_trailing_30m
rs_trailing_30m_000551,AMD,2026-07-23 16:35:00+00:00,550.51,525.0,4.1801264337780735,17.4496961474957,121,rs_trailing_30m
rs_trailing_30m_000552,AMD,2026-07-23 18:08:00+00:00,546.0,533.05,7.300898020473556,1.0292014830623641,113,rs_trailing_30m
rs_trailing_30m_000553,AMD,2026-07-23 18:34:00+00:00,546.0,533.5401,6.747895401030454,3.3698063928684094,87,rs_trailing_30m
rs_trailing_30m_000554,AMD,2026-07-23 19:07:00+00:00,533.59,546.0,0.035281631283781346,10.91084447451931,54,rs_trailing_30m
rs_trailing_30m_000555,AMD,2026-07-24 14:00:00+00:00,519.88,537.75,1.936550007393864,5.702776401464539,121,rs_trailing_30m
rs_trailing_30m_000556,AMD,2026-07-24 18:00:00+00:00,518.0,533.07,13.913968730944303,0.42826853139025767,121,rs_trailing_30m
rs_trailing_30m_000557,AMD,2026-07-24 19:14:00+00:00,518.0,524.65,1.424278644034262,3.8230637287236733,47,rs_trailing_30m
rs_trailing_30m_000558,AMD,2026-07-27 14:00:00+00:00,476.93,505.741,14.065129817058796,0.12858139692651083,121,rs_trailing_30m
rs_trailing_30m_000559,AMD,2026-07-27 18:53:00+00:00,496.28,486.05,10.033105622697763,0.8975302154489757,68,rs_trailing_30m
rs_trailing_30m_000560,AMD,2026-07-28 14:00:00+00:00,442.27,466.4799,5.207573149741466,6.753985218183174,121,rs_trailing_30m
rs_trailing_30m_000561,AMD,2026-07-28 17:09:00+00:00,454.55,460.7499,3.288169909034418,2.119343252510047,121,rs_trailing_30m
rs_trailing_30m_000562,AMD,2026-07-28 18:14:00+00:00,452.59,465.8117,3.1105583935626546,13.258345054065844,107,rs_trailing_30m
rs_trailing_30m_000563,AMD,2026-07-28 18:30:00+00:00,452.59,465.8117,3.6161504019190525,12.813407265876945,91,rs_trailing_30m
rs_trailing_30m_000564,AMD,2026-07-28 19:04:00+00:00,465.8117,452.59,6.481407736864696,9.561280672163292,57,rs_trailing_30m
rs_trailing_30m_000565,AMD,2026-07-29 14:00:00+00:00,425.4501,445.11,9.22746064705814,2.1821050467574334,121,rs_trailing_30m
rs_trailing_30m_000566,AMD,2026-07-29 15:20:00+00:00,424.0316,438.84,3.7293193204385364,5.209119794021881,121,rs_trailing_30m
rs_trailing_30m_000567,AMD,2026-07-29 17:04:00+00:00,453.229,431.8,18.604861987332118,1.5826709270706434,121,rs_trailing_30m
rs_trailing_30m_000568,AMD,2026-07-29 18:00:00+00:00,453.229,427.96,9.210730848021866,12.476773372953678,121,rs_trailing_30m
rs_trailing_30m_000569,AMD,2026-07-29 18:42:00+00:00,453.229,427.96,4.035591956915744,11.900550121425239,79,rs_trailing_30m
rs_trailing_30m_000570,AMD,2026-07-30 14:00:00+00:00,498.2,480.25,7.381042482215772,1.3239320615275447,121,rs_trailing_30m
rs_trailing_30m_000571,AMD,2026-07-30 16:12:00+00:00,489.2399,481.74,1.684326222106121,3.820174293460453,121,rs_trailing_30m
rs_trailing_30m_000572,AMD,2026-07-30 16:35:00+00:00,481.74,489.2877,1.5370834304364038,5.16895391517323,121,rs_trailing_30m
rs_trailing_30m_000573,AMD,2026-07-30 17:18:00+00:00,491.96,485.2001,5.948699896295952,1.8976642849666356,121,rs_trailing_30m
rs_trailing_30m_000574,AMD,2026-07-30 19:12:00+00:00,491.96,484.5,0.21168334051222787,9.03397075914438,49,rs_trailing_30m
rs_trailing_30m_000575,AMD,2026-07-30 19:42:00+00:00,484.5,488.33,3.5659340333811063,1.0480954760275676,19,rs_trailing_30m
rs_trailing_30m_000576,AMD,2026-07-31 14:00:00+00:00,483.1601,496.3999,4.702068417496914,1.7027758127910193,121,rs_trailing_30m
rs_trailing_30m_000577,AMD,2026-07-31 16:32:00+00:00,493.1,486.0,0.6332438645510288,4.783661482812944,121,rs_trailing_30m
rs_trailing_30m_000578,AMD,2026-07-31 17:37:00+00:00,493.1,484.16,0.0786369110979821,9.96442002055141,121,rs_trailing_30m
rs_trailing_30m_000579,AMD,2026-07-31 18:05:00+00:00,475.76,489.3,15.20904081726749,1.3581685685572897,116,rs_trailing_30m
rs_trailing_30m_000580,AMD,2026-07-31 19:16:00+00:00,475.76,487.06,14.06356355014548,2.7531843987057663,45,rs_trailing_30m
rs_trailing_30m_000581,AMD,2026-08-03 14:00:00+00:00,486.85,465.49,7.3103284815607985,2.0764233288472753,121,rs_trailing_30m
rs_trailing_30m_000582,AMD,2026-08-03 16:07:00+00:00,490.36,479.31,8.082843715780012,1.4900848007654148,121,rs_trailing_30m
rs_trailing_30m_000583,AMD,2026-08-03 17:33:00+00:00,490.9464,483.04,9.525645302622216,1.200643189794145,121,rs_trailing_30m
rs_trailing_30m_000584,AMD,2026-08-03 18:28:00+00:00,483.21,487.2,2.660970262521571,2.811850019674875,93,rs_trailing_30m
rs_trailing_30m_000585,AMD,2026-08-04 14:01:00+00:00,524.86,509.09,6.8319254238477125,1.1576529175745034,121,rs_trailing_30m
rs_trailing_30m_000586,AMD,2026-08-04 14:25:00+00:00,524.9,513.8601,4.031384960734012,0.6633499367351113,121,rs_trailing_30m
rs_trailing_30m_000587,AMD,2026-08-04 15:12:00+00:00,526.41,518.47,5.582107971301709,0.7495973561461823,121,rs_trailing_30m
rs_trailing_30m_000588,AMD,2026-08-04 16:00:00+00:00,530.13,521.041,6.429763637517564,4.534611916215328,121,rs_trailing_30m
rs_trailing_30m_000589,AMD,2026-08-04 17:46:00+00:00,530.13,525.22,1.187247999116483,6.690302913940034,121,rs_trailing_30m
rs_trailing_30m_000590,AMD,2026-08-05 14:00:00+00:00,494.22,478.2,0.5920826939747849,5.07070223586164,121,rs_trailing_30m
rs_trailing_30m_000591,AMD,2026-08-05 17:22:00+00:00,484.71,489.031,1.2523586710433472,3.6671338903914026,121,rs_trailing_30m
rs_trailing_30m_000592,AMD,2026-08-05 19:33:00+00:00,480.4255,485.8495,7.280598920088567,1.5548342475052097,28,rs_trailing_30m
rs_trailing_30m_000593,AMD,2026-08-06 14:00:00+00:00,495.3599,479.82,7.663005158916524,0.9588396443334042,121,rs_trailing_30m
rs_trailing_30m_000594,AMD,2026-08-06 14:53:00+00:00,485.548,495.3599,0.9611640519410981,4.158730389557773,121,rs_trailing_30m
rs_trailing_30m_000595,AMD,2026-08-06 15:44:00+00:00,485.548,496.72,2.970279281947531,4.7613050931498835,121,rs_trailing_30m
rs_trailing_30m_000596,AMD,2026-08-06 16:17:00+00:00,481.0,496.72,6.051116470863708,7.271509708685009,121,rs_trailing_30m
rs_trailing_30m_000597,AMD,2026-08-06 16:49:00+00:00,496.72,481.0,4.983412166337354,10.407401046790909,121,rs_trailing_30m
rs_trailing_30m_000598,AMD,2026-08-06 19:04:00+00:00,496.4,488.4,0.8071166920722825,8.037997741597035,57,rs_trailing_30m
rs_trailing_30m_000599,AMD,2026-08-06 19:39:00+00:00,488.4,493.0,5.174019177446931,0.9091726989123947,22,rs_trailing_30m
rs_trailing_30m_000600,AMD,2026-08-07 14:00:00+00:00,476.34,488.55,6.552371659113153,0.7740439047853561,121,rs_trailing_30m
rs_trailing_30m_000601,AMD,2026-08-07 16:06:00+00:00,485.34,476.06,1.1078315559376837,8.154039470280402,121,rs_trailing_30m
rs_trailing_30m_000602,AMD,2026-08-07 18:45:00+00:00,477.16,483.73,2.2744574603057073,10.662245434862813,76,rs_trailing_30m
rs_trailing_30m_000603,AMD,2026-08-07 19:40:00+00:00,478.03,483.73,0.1623558094102009,9.09192532696922,21,rs_trailing_30m
rs_trailing_30m_000604,AMD,2026-08-10 14:04:00+00:00,483.36,474.88,4.148019352886932,1.2552378072484456,121,rs_trailing_30m
rs_trailing_30m_000605,AMD,2026-08-10 14:39:00+00:00,474.67,479.5,2.1703834875812316,0.8419591115617082,121,rs_trailing_30m
rs_trailing_30m_000606,AMD,2026-08-10 15:06:00+00:00,474.48,479.5,2.4234784899899378,1.778891810441675,121,rs_trailing_30m
rs_trailing_30m_000607,AMD,2026-08-10 15:51:00+00:00,479.5,474.42,1.2450065004138877,4.759011937124053,121,rs_trailing_30m
rs_trailing_30m_000608,AMD,2026-08-11 14:03:00+00:00,471.7,466.2001,2.8607881363333423,1.7805241560028588,121,rs_trailing_30m
rs_trailing_30m_000609,AMD,2026-08-11 15:11:00+00:00,470.95,465.35,1.1324019558586933,4.685442954975059,121,rs_trailing_30m
rs_trailing_30m_000610,AMD,2026-08-11 16:01:00+00:00,465.1,469.66,2.7164856633888066,3.9432856404032646,121,rs_trailing_30m
rs_trailing_30m_000611,AMD,2026-08-11 17:55:00+00:00,475.99,468.74,16.315160247078534,0.6311021872078647,121,rs_trailing_30m
rs_trailing_30m_000612,AMD,2026-08-11 19:37:00+00:00,475.84,473.29,0.21022422873396798,4.663155619191662,24,rs_trailing_30m
rs_trailing_30m_000613,AMD,2026-08-12 14:03:00+00:00,491.6899,485.261,3.6273767451816545,1.6847057962985514,121,rs_trailing_30m
rs_trailing_30m_000614,AMD,2026-08-12 17:50:00+00:00,489.89,481.41,1.059457370065075,21.40665540350767,121,rs_trailing_30m
rs_trailing_30m_000615,AMD,2026-08-12 18:20:00+00:00,481.0,487.14,13.923535734621971,1.8641853014959218,101,rs_trailing_30m
rs_trailing_30m_000616,AMD,2026-08-12 19:36:00+00:00,481.0,483.61,3.1506887413527065,3.174924808593859,25,rs_trailing_30m
rs_trailing_30m_000617,AMD,2026-08-13 14:00:00+00:00,497.99,489.0701,2.0189168585698685,4.934186032069945,121,rs_trailing_30m
rs_trailing_30m_000618,AMD,2026-08-13 14:48:00+00:00,497.99,490.55,2.197603480953077,4.164330331611488,121,rs_trailing_30m
rs_trailing_30m_000619,AMD,2026-08-13 15:36:00+00:00,490.55,495.675,1.5143103748916313,3.93686660854563,121,rs_trailing_30m
rs_trailing_30m_000620,AMD,2026-08-13 18:03:00+00:00,482.07,491.7,23.186922291091758,0.9134621301941408,118,rs_trailing_30m
rs_trailing_30m_000621,AMD,2026-08-13 19:16:00+00:00,482.07,488.98,12.669260354042732,2.963701975677847,45,rs_trailing_30m
rs_trailing_30m_000622,AMD,2026-08-14 14:00:00+00:00,511.4717,496.35,8.199446987674195,0.9129445189742041,121,rs_trailing_30m
rs_trailing_30m_000623,AMD,2026-08-14 16:18:00+00:00,509.48,499.05,10.621576565847404,1.7980471540840195,121,rs_trailing_30m
rs_trailing_30m_000624,AMD,2026-08-14 17:02:00+00:00,509.48,501.28,10.174973270326381,1.952175104190602,121,rs_trailing_30m
rs_trailing_30m_000625,AMD,2026-08-14 17:54:00+00:00,512.55,504.65,12.531444604119116,0.6595497160063393,121,rs_trailing_30m
rs_trailing_30m_000626,AMZN,2026-07-01 14:14:00+00:00,243.57,238.5,7.14846422123193,1.5220414250948109,121,rs_trailing_30m
rs_trailing_30m_000627,AMZN,2026-07-01 17:09:00+00:00,244.9,243.15,5.435710058763989,1.9098440747007706,121,rs_trailing_30m
rs_trailing_30m_000628,AMZN,2026-07-01 19:18:00+00:00,241.5,242.99,6.18462206126676,0.6161800577646778,43,rs_trailing_30m
rs_trailing_30m_000629,AMZN,2026-07-02 14:00:00+00:00,241.81,245.95,0.8620158634107951,8.288614071257935,121,rs_trailing_30m
rs_trailing_30m_000630,AMZN,2026-07-02 15:22:00+00:00,246.72,243.755,3.4652059241227486,3.8736051937514797,121,rs_trailing_30m
rs_trailing_30m_000631,AMZN,2026-07-02 16:16:00+00:00,246.72,243.51,0.24385856203404954,9.540966239580683,121,rs_trailing_30m
rs_trailing_30m_000632,AMZN,2026-07-06 14:00:00+00:00,241.4,245.69,0.5377159481035355,8.334597195605093,121,rs_trailing_30m
rs_trailing_30m_000633,AMZN,2026-07-06 15:12:00+00:00,246.04,244.27,4.053071325056516,1.5956973720695173,121,rs_trailing_30m
rs_trailing_30m_000634,AMZN,2026-07-07 14:00:00+00:00,248.0,242.7,0.866420470685974,7.9644035574593754,121,rs_trailing_30m
rs_trailing_30m_000635,AMZN,2026-07-07 15:08:00+00:00,242.7,246.2899,2.433832591757087,6.7150842890268425,121,rs_trailing_30m
rs_trailing_30m_000636,AMZN,2026-07-07 16:55:00+00:00,246.75,244.9,2.968409404518253,4.55427196309658,121,rs_trailing_30m
rs_trailing_30m_000637,AMZN,2026-07-08 14:00:00+00:00,240.52,244.18,3.5537109339661486,4.524911437658827,121,rs_trailing_30m
rs_trailing_30m_000638,AMZN,2026-07-08 14:26:00+00:00,244.1,240.52,0.32460141724881225,6.131360103588403,121,rs_trailing_30m
rs_trailing_30m_000639,AMZN,2026-07-08 14:50:00+00:00,240.52,242.27,3.2998851558371864,1.4335566660604215,121,rs_trailing_30m
rs_trailing_30m_000640,AMZN,2026-07-09 14:00:00+00:00,242.91,239.3,1.187573006537357,6.333722701532631,121,rs_trailing_30m
rs_trailing_30m_000641,AMZN,2026-07-09 16:39:00+00:00,245.165,241.832,12.290622539891956,3.556435458351833,121,rs_trailing_30m
rs_trailing_30m_000642,AMZN,2026-07-09 17:28:00+00:00,245.53,243.41,8.5603112840481,3.2240133407454743,121,rs_trailing_30m
rs_trailing_30m_000643,AMZN,2026-07-09 18:29:00+00:00,247.5,244.2201,12.863725907092661,4.499127838863336,92,rs_trailing_30m
rs_trailing_30m_000644,AMZN,2026-07-10 14:00:00+00:00,244.41,246.785,2.643737071682933,2.610552087519579,121,rs_trailing_30m
rs_trailing_30m_000645,AMZN,2026-07-13 14:00:00+00:00,249.35,245.3501,2.9063506831378776,5.708033975982637,121,rs_trailing_30m
rs_trailing_30m_000646,AMZN,2026-07-13 14:30:00+00:00,246.15,249.35,0.0,5.825683144913828,121,rs_trailing_30m
rs_trailing_30m_000647,AMZN,2026-07-13 14:51:00+00:00,249.35,247.5411,3.262046325641603,1.5548643669731756,121,rs_trailing_30m
rs_trailing_30m_000648,AMZN,2026-07-14 14:03:00+00:00,244.22,246.84,2.5669060815207527,3.181208391628355,121,rs_trailing_30m
rs_trailing_30m_000649,AMZN,2026-07-14 19:26:00+00:00,248.56,247.3,4.3385878900652335,2.5376646149436284,35,rs_trailing_30m
rs_trailing_30m_000650,AMZN,2026-07-15 14:03:00+00:00,256.2,252.54,6.104081662713674,1.4435328256417925,121,rs_trailing_30m
rs_trailing_30m_000651,AMZN,2026-07-15 15:06:00+00:00,253.785,256.48,0.2463196271170882,6.075884135555509,121,rs_trailing_30m
rs_trailing_30m_000652,AMZN,2026-07-15 16:20:00+00:00,256.3185,254.36,1.0422822942891041,6.421373549826055,121,rs_trailing_30m
rs_trailing_30m_000653,AMZN,2026-07-15 17:03:00+00:00,254.18,255.58,2.1108504398828,2.897947214076378,121,rs_trailing_30m
rs_trailing_30m_000654,AMZN,2026-07-16 14:00:00+00:00,253.33,257.12,2.737052022012789,6.129125040746664,121,rs_trailing_30m
rs_trailing_30m_000655,AMZN,2026-07-16 14:34:00+00:00,257.12,254.51,1.2402389434666827,4.489006441397161,121,rs_trailing_30m
rs_trailing_30m_000656,AMZN,2026-07-16 18:15:00+00:00,248.0,253.94,22.319624957125903,0.697488279910212,106,rs_trailing_30m
rs_trailing_30m_000657,AMZN,2026-07-16 19:30:00+00:00,248.0,252.08,14.54295571200005,2.9085911424000344,31,rs_trailing_30m
rs_trailing_30m_000658,AMZN,2026-07-17 14:00:00+00:00,250.24,247.01,3.4337312235894712,1.6306303527548511,121,rs_trailing_30m
rs_trailing_30m_000659,AMZN,2026-07-17 14:39:00+00:00,250.24,247.29,1.7284009532304239,3.6387388489060903,121,rs_trailing_30m
rs_trailing_30m_000660,AMZN,2026-07-20 14:10:00+00:00,252.37,248.9501,5.82766299415787,1.650770279283268,121,rs_trailing_30m
rs_trailing_30m_000661,AMZN,2026-07-20 15:01:00+00:00,252.89,249.98,7.29748775011764,2.3991740548331957,121,rs_trailing_30m
rs_trailing_30m_000662,AMZN,2026-07-20 17:11:00+00:00,249.065,250.83,7.181643440655691,1.4412141598595543,121,rs_trailing_30m
rs_trailing_30m_000663,AMZN,2026-07-22 14:30:00+00:00,243.27,244.555,1.5532755898723787,1.5174307685677308,121,rs_trailing_30m
rs_trailing_30m_000664,AMZN,2026-07-22 19:07:00+00:00,245.175,244.21,4.2035369733507935,3.37854373559003,54,rs_trailing_30m
rs_trailing_30m_000665,AMZN,2026-07-23 14:08:00+00:00,232.0516,235.17,5.299194480332364,1.1852695235400357,121,rs_trailing_30m
rs_trailing_30m_000666,AMZN,2026-07-23 14:46:00+00:00,232.0516,235.15,2.921338135438553,5.472091091975124,121,rs_trailing_30m
rs_trailing_30m_000667,AMZN,2026-07-24 14:06:00+00:00,231.34,233.99,3.354203491489583,4.40880022243822,121,rs_trailing_30m
rs_trailing_30m_000668,AMZN,2026-07-27 14:01:00+00:00,235.005,231.87,3.0094087261317997,5.376810257355458,121,rs_trailing_30m
rs_trailing_30m_000669,AMZN,2026-07-27 16:17:00+00:00,230.99,232.5129,1.163772457520271,6.3779682895338725,121,rs_trailing_30m
rs_trailing_30m_000670,AMZN,2026-07-28 14:00:00+00:00,228.1,231.3899,4.161079557586482,3.987453559380055,121,rs_trailing_30m
rs_trailing_30m_000671,AMZN,2026-07-28 14:38:00+00:00,228.1,231.8022,1.0662137088461972,9.05516165753905,121,rs_trailing_30m
rs_trailing_30m_000672,AMZN,2026-07-28 16:17:00+00:00,232.39,230.805,3.7506692606997296,3.7734552529175716,121,rs_trailing_30m
rs_trailing_30m_000673,AMZN,2026-07-29 14:00:00+00:00,229.91,227.195,0.59241577605381,7.066673900070167,121,rs_trailing_30m
rs_trailing_30m_000674,AMZN,2026-07-29 16:27:00+00:00,232.09,228.92,14.861978511038954,0.8421787822922862,121,rs_trailing_30m
rs_trailing_30m_000675,AMZN,2026-07-29 18:03:00+00:00,232.82,226.16,5.040049574258535,26.040256133669537,118,rs_trailing_30m
rs_trailing_30m_000676,AMZN,2026-07-30 14:00:00+00:00,238.71,235.87,2.6661457548101195,2.3566429308685803,121,rs_trailing_30m
rs_trailing_30m_000677,AMZN,2026-07-30 17:17:00+00:00,236.91,239.14,3.757280208766533,6.158382354013753,121,rs_trailing_30m
rs_trailing_30m_000678,AMZN,2026-07-30 19:18:00+00:00,239.8236,234.7801,1.5054238025676727,22.400763062199577,43,rs_trailing_30m
rs_trailing_30m_000679,AMZN,2026-07-31 14:00:00+00:00,272.04,266.32,1.3516617319467021,3.785550963558412,121,rs_trailing_30m
rs_trailing_30m_000680,AMZN,2026-07-31 15:27:00+00:00,266.32,271.55,3.4400446379278953,6.079232323110774,121,rs_trailing_30m
rs_trailing_30m_000681,AMZN,2026-08-03 14:00:00+00:00,286.57,283.25,1.4835915375648288,1.8900549725141373,121,rs_trailing_30m
rs_trailing_30m_000682,AMZN,2026-08-03 15:01:00+00:00,283.9,286.42,0.8597115008975977,2.941118292544138,121,rs_trailing_30m
rs_trailing_30m_000683,AMZN,2026-08-03 15:32:00+00:00,286.42,283.63,0.636925070709719,4.589607127172524,121,rs_trailing_30m
rs_trailing_30m_000684,AMZN,2026-08-03 16:16:00+00:00,282.8,285.52,3.5828246541050346,3.5046539343790295,121,rs_trailing_30m
rs_trailing_30m_000685,AMZN,2026-08-03 17:18:00+00:00,282.4165,284.72,5.47109846343042,3.2595390914791422,121,rs_trailing_30m
rs_trailing_30m_000686,AMZN,2026-08-03 18:53:00+00:00,285.9,283.0001,5.870109133418122,6.739320108063105,68,rs_trailing_30m
rs_trailing_30m_000687,AMZN,2026-08-03 19:39:00+00:00,285.9,283.7,4.1020186088584,4.102018608858613,22,rs_trailing_30m
rs_trailing_30m_000688,AMZN,2026-08-04 14:00:00+00:00,276.62,281.07,0.9066247680045423,5.874014253206219,121,rs_trailing_30m
rs_trailing_30m_000689,AMZN,2026-08-04 14:42:00+00:00,276.62,278.85,3.116535419586473,0.7660757455966622,121,rs_trailing_30m
rs_trailing_30m_000690,AMZN,2026-08-05 14:00:00+00:00,272.71,278.14,5.776815987763771,3.302232004582667,121,rs_trailing_30m
rs_trailing_30m_000691,AMZN,2026-08-05 14:29:00+00:00,278.14,272.01,2.0900421335411092,7.193985604579929,121,rs_trailing_30m
rs_trailing_30m_000692,AMZN,2026-08-05 15:30:00+00:00,271.18,275.535,13.620515477268661,0.14220955834740284,121,rs_trailing_30m
rs_trailing_30m_000693,AMZN,2026-08-06 14:05:00+00:00,272.26,274.66,2.2510982265150057,2.9437438346734406,121,rs_trailing_30m
rs_trailing_30m_000694,AMZN,2026-08-06 14:25:00+00:00,272.26,274.48,0.4703161141095212,3.5454599371335034,121,rs_trailing_30m
rs_trailing_30m_000695,AMZN,2026-08-07 14:00:00+00:00,278.31,274.9,2.341613748564185,4.352076319843788,121,rs_trailing_30m
rs_trailing_30m_000696,AMZN,2026-08-07 14:19:00+00:00,275.19,278.31,0.5453082630589449,5.125897672753875,121,rs_trailing_30m
rs_trailing_30m_000697,AMZN,2026-08-10 14:19:00+00:00,280.14,276.53,5.451114706282605,1.8643217582825604,121,rs_trailing_30m
rs_trailing_30m_000698,AMZN,2026-08-10 15:17:00+00:00,280.14,277.08,3.618872240759027,5.240127004619078,121,rs_trailing_30m
rs_trailing_30m_000699,AMZN,2026-08-11 14:00:00+00:00,271.95,275.6,6.734161616501827,1.5838383497357467,121,rs_trailing_30m
rs_trailing_30m_000700,AMZN,2026-08-12 14:04:00+00:00,267.8,270.93,2.9312360846373027,4.589066329227424,121,rs_trailing_30m
rs_trailing_30m_000701,AMZN,2026-08-12 14:42:00+00:00,267.555,269.82,4.635659787476033,1.3471148100357497,121,rs_trailing_30m
rs_trailing_30m_000702,AMZN,2026-08-13 14:00:00+00:00,269.58,265.84,0.9354741650479202,8.783062994062218,121,rs_trailing_30m
rs_trailing_30m_000703,AMZN,2026-08-13 14:26:00+00:00,264.82,268.81,7.2227248863414015,1.839750678596396,121,rs_trailing_30m
rs_trailing_30m_000704,AMZN,2026-08-13 16:15:00+00:00,264.82,266.01,0.6407995738006688,4.805996803505536,121,rs_trailing_30m
rs_trailing_30m_000705,AMZN,2026-08-14 14:49:00+00:00,263.35,264.44,1.562225380261464,1.7766484716698834,121,rs_trailing_30m
rs_trailing_30m_000706,AVGO,2026-07-01 14:07:00+00:00,373.75,368.5,0.584749714449136,4.618531642937464,121,rs_trailing_30m
rs_trailing_30m_000707,AVGO,2026-07-01 14:35:00+00:00,368.35,372.8,2.399889113110326,2.6674924068617405,121,rs_trailing_30m
rs_trailing_30m_000708,AVGO,2026-07-01 15:17:00+00:00,372.8,368.03,1.0301654764068084,6.415121375805812,121,rs_trailing_30m
rs_trailing_30m_000709,AVGO,2026-07-01 16:06:00+00:00,368.03,370.49,3.9007869673686333,1.0841148195024957,121,rs_trailing_30m
rs_trailing_30m_000710,AVGO,2026-07-01 17:12:00+00:00,372.58,368.74,6.950650604132626,3.5162114820905077,121,rs_trailing_30m
rs_trailing_30m_000711,AVGO,2026-07-01 19:20:00+00:00,372.25,368.22,1.050029964425101,9.398416348249993,41,rs_trailing_30m
rs_trailing_30m_000712,AVGO,2026-07-02 14:00:00+00:00,374.0,362.78,3.164978548618257,9.654435665849364,121,rs_trailing_30m
rs_trailing_30m_000713,AVGO,2026-07-02 14:32:00+00:00,359.35,370.8,8.989529021415814,1.0426451788971547,121,rs_trailing_30m
rs_trailing_30m_000714,AVGO,2026-07-02 16:04:00+00:00,357.83,363.7399,7.710132715400039,0.822847309832614,121,rs_trailing_30m
rs_trailing_30m_000715,AVGO,2026-07-02 18:42:00+00:00,356.43,361.44,5.479606160129173,4.783132853794935,79,rs_trailing_30m
rs_trailing_30m_000716,AVGO,2026-07-02 19:22:00+00:00,356.43,361.44,0.38062876652091737,9.499941804825996,39,rs_trailing_30m
rs_trailing_30m_000717,AVGO,2026-07-06 14:00:00+00:00,381.12,372.98,0.7738007146028966,5.787384511300959,121,rs_trailing_30m
rs_trailing_30m_000718,AVGO,2026-07-07 14:00:00+00:00,362.01,368.6892,5.344870914238307,1.4810300055285333,121,rs_trailing_30m
rs_trailing_30m_000719,AVGO,2026-07-07 14:39:00+00:00,362.01,371.47,0.7365895357200869,9.289506878541951,121,rs_trailing_30m
rs_trailing_30m_000720,AVGO,2026-07-07 15:13:00+00:00,372.15,362.77,9.41192737871823,3.1462346145075597,121,rs_trailing_30m
rs_trailing_30m_000721,AVGO,2026-07-07 15:48:00+00:00,372.9599,365.3,11.313863544872799,1.3102188696374433,121,rs_trailing_30m
rs_trailing_30m_000722,AVGO,2026-07-07 18:57:00+00:00,366.65,371.0,3.7601491025628686,7.254429076661652,64,rs_trailing_30m
rs_trailing_30m_000723,AVGO,2026-07-08 14:00:00+00:00,390.34,383.08,3.301988175343337,1.7342374870500752,121,rs_trailing_30m
rs_trailing_30m_000724,AVGO,2026-07-08 16:19:00+00:00,395.09,387.72,9.537123044524057,0.799435314026277,121,rs_trailing_30m
rs_trailing_30m_000725,AVGO,2026-07-08 17:26:00+00:00,388.54,393.38,5.311651969689587,1.2297580537952066,121,rs_trailing_30m
rs_trailing_30m_000726,AVGO,2026-07-08 19:29:00+00:00,392.65,388.45,0.4967841124429246,9.681231849803122,32,rs_trailing_30m
rs_trailing_30m_000727,AVGO,2026-07-09 14:00:00+00:00,387.93,401.95,5.428907287558754,6.997750699636941,121,rs_trailing_30m
rs_trailing_30m_000728,AVGO,2026-07-09 15:12:00+00:00,403.54,396.24,6.568357333589367,1.6547619487296712,121,rs_trailing_30m
rs_trailing_30m_000729,AVGO,2026-07-09 16:52:00+00:00,407.52,402.1642,9.642252194635445,1.8388448049262511,121,rs_trailing_30m
rs_trailing_30m_000730,AVGO,2026-07-09 17:45:00+00:00,407.52,400.6601,2.74979077093279,12.28071895776989,121,rs_trailing_30m
rs_trailing_30m_000731,AVGO,2026-07-09 18:17:00+00:00,399.584,406.47,11.100025509486814,3.782134860124968,104,rs_trailing_30m
rs_trailing_30m_000732,AVGO,2026-07-09 19:13:00+00:00,399.584,403.73,7.5481374313377225,2.367761741769455,48,rs_trailing_30m
rs_trailing_30m_000733,AVGO,2026-07-10 14:09:00+00:00,401.88,397.25,1.7258926623517894,2.788985594436021,121,rs_trailing_30m
rs_trailing_30m_000734,AVGO,2026-07-10 18:10:00+00:00,399.33,400.65,1.801085279564993,2.4825770069678885,111,rs_trailing_30m
rs_trailing_30m_000735,AVGO,2026-07-13 14:00:00+00:00,389.26,395.745,1.535324167006687,5.745536690791,121,rs_trailing_30m
rs_trailing_30m_000736,AVGO,2026-07-14 14:07:00+00:00,397.33,389.3,5.3226225028075715,1.1630616698092444,121,rs_trailing_30m
rs_trailing_30m_000737,AVGO,2026-07-14 17:36:00+00:00,390.0,394.79,7.383325618039432,5.025842701402234,121,rs_trailing_30m
rs_trailing_30m_000738,AVGO,2026-07-14 19:13:00+00:00,388.88,391.5499,7.074863324858152,0.7629697004690148,48,rs_trailing_30m
rs_trailing_30m_000739,AVGO,2026-07-15 14:00:00+00:00,398.5,386.9,0.9402051761357014,11.966753454839216,121,rs_trailing_30m
rs_trailing_30m_000740,AVGO,2026-07-15 15:16:00+00:00,386.74,391.19,0.9080421271998762,4.1429422053493505,121,rs_trailing_30m
rs_trailing_30m_000741,AVGO,2026-07-15 16:52:00+00:00,395.89,388.9554,9.024719064624415,2.4268485155301422,121,rs_trailing_30m
rs_trailing_30m_000742,AVGO,2026-07-15 17:10:00+00:00,395.89,390.15,8.65713048637688,0.701048231476858,121,rs_trailing_30m
rs_trailing_30m_000743,AVGO,2026-07-15 18:06:00+00:00,395.89,391.7,1.175267510448552,8.29467646797376,115,rs_trailing_30m
rs_trailing_30m_000744,AVGO,2026-07-15 18:40:00+00:00,391.7,395.27,4.0313640549856915,5.2537776716586855,81,rs_trailing_30m
rs_trailing_30m_000745,AVGO,2026-07-15 19:30:00+00:00,395.27,392.39,0.5515241421572084,5.331400040853401,31,rs_trailing_30m
rs_trailing_30m_000746,AVGO,2026-07-16 14:01:00+00:00,379.51,386.18,1.9220581418448408,4.7033309052379,121,rs_trailing_30m
rs_trailing_30m_000747,AVGO,2026-07-16 16:58:00+00:00,374.615,379.24,8.144311455151781,1.0316789175831325,121,rs_trailing_30m
rs_trailing_30m_000748,AVGO,2026-07-16 19:44:00+00:00,371.9,376.205,2.3551694622011166,7.209929155511903,17,rs_trailing_30m
rs_trailing_30m_000749,AVGO,2026-07-17 14:00:00+00:00,364.79,374.24,1.4209353089540173,7.471673081519843,121,rs_trailing_30m
rs_trailing_30m_000750,AVGO,2026-07-17 15:05:00+00:00,367.44,376.97,0.35600087234025884,8.572126268193209,121,rs_trailing_30m
rs_trailing_30m_000751,AVGO,2026-07-17 15:54:00+00:00,377.35,370.57,7.149364894030641,1.9964264232387654,121,rs_trailing_30m
rs_trailing_30m_000752,AVGO,2026-07-17 16:35:00+00:00,377.35,371.97,5.624418481962746,2.2453790298602274,121,rs_trailing_30m
rs_trailing_30m_000753,AVGO,2026-07-17 18:18:00+00:00,369.88,373.87,5.6894068839929846,3.3908865028598396,103,rs_trailing_30m
rs_trailing_30m_000754,AVGO,2026-07-17 19:16:00+00:00,369.88,373.11,0.17904183268385765,7.049772161928374,45,rs_trailing_30m
rs_trailing_30m_000755,AVGO,2026-07-20 14:05:00+00:00,377.27,382.94,0.6493844877277074,6.169152633412981,121,rs_trailing_30m
rs_trailing_30m_000756,AVGO,2026-07-20 14:25:00+00:00,383.59,378.03,3.7850172585661093,1.964899669747486,121,rs_trailing_30m
rs_trailing_30m_000757,AVGO,2026-07-20 15:35:00+00:00,383.59,380.29,3.6464916533076828,2.3402856879436813,121,rs_trailing_30m
rs_trailing_30m_000758,AVGO,2026-07-21 14:00:00+00:00,380.58,386.766,2.377723439541085,5.050861003388763,121,rs_trailing_30m
rs_trailing_30m_000759,AVGO,2026-07-22 14:00:00+00:00,394.15,384.52,12.532743525193254,1.6996055488175394,121,rs_trailing_30m
rs_trailing_30m_000760,AVGO,2026-07-22 14:36:00+00:00,395.72,385.865,11.563679589582602,0.973180955558911,121,rs_trailing_30m
rs_trailing_30m_000761,AVGO,2026-07-22 16:16:00+00:00,398.16,393.924,6.999509198306988,1.7467801716128797,121,rs_trailing_30m
rs_trailing_30m_000762,AVGO,2026-07-22 17:06:00+00:00,398.44,395.64,1.4159453879782045,4.591095651929126,121,rs_trailing_30m
rs_trailing_30m_000763,AVGO,2026-07-23 14:01:00+00:00,396.57,386.82,2.4423174120704467,7.788657783498617,121,rs_trailing_30m
rs_trailing_30m_000764,AVGO,2026-07-23 14:42:00+00:00,386.82,393.5467,5.763659783104844,1.0561133502304776,121,rs_trailing_30m
rs_trailing_30m_000765,AVGO,2026-07-23 16:31:00+00:00,393.5467,389.09,2.901847449123645,5.569144577148275,121,rs_trailing_30m
rs_trailing_30m_000766,AVGO,2026-07-24 14:00:00+00:00,380.44,386.17,1.9932248017211462,3.9864496034422334,121,rs_trailing_30m
rs_trailing_30m_000767,AVGO,2026-07-24 14:41:00+00:00,380.44,387.47,1.0958027589250396,6.240857617496844,121,rs_trailing_30m
rs_trailing_30m_000768,AVGO,2026-07-24 15:15:00+00:00,387.47,383.25,2.114202554430266,2.81504318020828,121,rs_trailing_30m
rs_trailing_30m_000769,AVGO,2026-07-24 16:11:00+00:00,387.37,382.67,0.8540213876664069,6.126675172389562,121,rs_trailing_30m
rs_trailing_30m_000770,AVGO,2026-07-24 18:26:00+00:00,378.75,382.41,5.340841298383465,4.241256325186838,95,rs_trailing_30m
rs_trailing_30m_000771,AVGO,2026-07-27 14:00:00+00:00,373.5,384.16,9.515030416056453,1.6556991252609705,121,rs_trailing_30m
rs_trailing_30m_000772,AVGO,2026-07-27 16:46:00+00:00,383.29,378.26,0.7747746937658093,6.1227770047157115,121,rs_trailing_30m
rs_trailing_30m_000773,AVGO,2026-07-27 17:10:00+00:00,378.26,383.65,1.787271142109802,6.044754431850902,121,rs_trailing_30m
rs_trailing_30m_000774,AVGO,2026-07-27 19:02:00+00:00,384.645,381.82,4.677155527979794,1.3977706175572824,59,rs_trailing_30m
rs_trailing_30m_000775,AVGO,2026-07-28 14:00:00+00:00,385.63,373.17,6.752509040022008,3.396617936898845,121,rs_trailing_30m
rs_trailing_30m_000776,AVGO,2026-07-28 17:00:00+00:00,383.78,378.83,0.813687739548754,8.136877395487744,121,rs_trailing_30m
rs_trailing_30m_000777,AVGO,2026-07-28 17:21:00+00:00,378.83,383.89,4.109023085375401,5.131713275513283,121,rs_trailing_30m
rs_trailing_30m_000778,AVGO,2026-07-28 19:00:00+00:00,385.8,380.2718,8.977361436375476,5.4077543585727295,61,rs_trailing_30m
rs_trailing_30m_000779,AVGO,2026-07-29 14:01:00+00:00,380.91,370.685,2.3317893686255724,7.792434110863322,121,rs_trailing_30m
rs_trailing_30m_000780,AVGO,2026-07-29 14:35:00+00:00,369.5101,378.28,5.340392758227984,2.0236712129639316,121,rs_trailing_30m
rs_trailing_30m_000781,AVGO,2026-07-29 15:09:00+00:00,377.88,369.5101,0.1555770548498009,8.52551888773381,121,rs_trailing_30m
rs_trailing_30m_000782,AVGO,2026-07-29 16:31:00+00:00,380.96,372.78,10.717560354272894,1.6476926355652803,121,rs_trailing_30m
rs_trailing_30m_000783,AVGO,2026-07-29 17:13:00+00:00,386.12,375.57,14.24798934069996,2.9703712027575917,121,rs_trailing_30m
rs_trailing_30m_000784,AVGO,2026-07-29 18:00:00+00:00,386.12,369.96,10.0484527840224,16.398289396727208,121,rs_trailing_30m
rs_trailing_30m_000785,AVGO,2026-07-29 18:49:00+00:00,386.12,369.96,3.0098576004546143,14.709376943569636,72,rs_trailing_30m
rs_trailing_30m_000786,AVGO,2026-07-29 19:32:00+00:00,369.96,380.24,9.098340101672536,1.1124607984577788,29,rs_trailing_30m
rs_trailing_30m_000787,AVGO,2026-07-30 14:00:00+00:00,388.29,381.885,1.7102484521733152,4.540331482873846,121,rs_trailing_30m
rs_trailing_30m_000788,AVGO,2026-07-30 15:25:00+00:00,387.91,381.885,4.252095416258445,2.643967809302001,121,rs_trailing_30m
rs_trailing_30m_000789,AVGO,2026-07-30 17:24:00+00:00,388.46,384.68,3.5932796310943593,4.739601967394363,121,rs_trailing_30m
rs_trailing_30m_000790,AVGO,2026-07-31 14:00:00+00:00,379.71,389.17,5.532986777378715,2.2560094895859626,121,rs_trailing_30m
rs_trailing_30m_000791,AVGO,2026-07-31 15:21:00+00:00,382.5,389.9199,2.8888660429733743,4.739282409787507,121,rs_trailing_30m
rs_trailing_30m_000792,AVGO,2026-08-03 14:00:00+00:00,376.56,389.37,2.8347781557480367,8.879256739455863,121,rs_trailing_30m
rs_trailing_30m_000793,AVGO,2026-08-03 18:06:00+00:00,392.605,390.02,1.0328788135337463,6.8200380481854355,115,rs_trailing_30m
rs_trailing_30m_000794,AVGO,2026-08-04 14:00:00+00:00,416.68,407.52,6.114527423311624,1.8300216827216438,121,rs_trailing_30m
rs_trailing_30m_000795,AVGO,2026-08-04 15:23:00+00:00,418.41,412.3003,6.3142631162672425,1.7396519905089598,121,rs_trailing_30m
rs_trailing_30m_000796,AVGO,2026-08-04 17:38:00+00:00,422.065,419.18,4.673806725558413,3.6660821928210274,121,rs_trailing_30m
rs_trailing_30m_000797,AVGO,2026-08-05 14:01:00+00:00,418.0,424.25,2.831835634620177,2.07772683871575,121,rs_trailing_30m
rs_trailing_30m_000798,AVGO,2026-08-05 15:40:00+00:00,422.57,418.0,0.38591760691820315,5.695611577964766,121,rs_trailing_30m
rs_trailing_30m_000799,AVGO,2026-08-05 16:10:00+00:00,418.2401,422.18,0.3912821317209621,5.320509164193776,121,rs_trailing_30m
rs_trailing_30m_000800,AVGO,2026-08-05 16:40:00+00:00,422.18,419.5,0.47535220263971717,3.7015130533419773,121,rs_trailing_30m
rs_trailing_30m_000801,AVGO,2026-08-06 14:01:00+00:00,427.58,418.13,10.058055071607598,0.46199146150718023,121,rs_trailing_30m
rs_trailing_30m_000802,AVGO,2026-08-06 16:53:00+00:00,428.03,420.75,7.2371901306577495,6.341867640267066,121,rs_trailing_30m
rs_trailing_30m_000803,AVGO,2026-08-07 14:00:00+00:00,421.61,427.87,3.926492014084253,3.0366354669830495,121,rs_trailing_30m
rs_trailing_30m_000804,AVGO,2026-08-10 14:07:00+00:00,432.73,424.47,1.0066808726842642,6.384593801424192,121,rs_trailing_30m
rs_trailing_30m_000805,AVGO,2026-08-10 14:40:00+00:00,420.89,430.5298,9.90975521168622,0.6633558330966157,121,rs_trailing_30m
rs_trailing_30m_000806,AVGO,2026-08-10 16:32:00+00:00,420.16,424.52,9.265089787200598,1.2546475753500452,121,rs_trailing_30m
rs_trailing_30m_000807,AVGO,2026-08-11 14:00:00+00:00,418.86,422.9499,2.4462586072058565,2.8195061704843294,121,rs_trailing_30m
rs_trailing_30m_000808,AVGO,2026-08-11 14:24:00+00:00,422.9499,418.8305,1.8740491035471116,2.463249552080766,121,rs_trailing_30m
rs_trailing_30m_000809,AVGO,2026-08-11 18:22:00+00:00,413.23,416.53,5.5213523701733225,5.226914985638213,99,rs_trailing_30m
rs_trailing_30m_000810,AVGO,2026-08-12 14:00:00+00:00,418.49,424.5,3.8859605247966194,3.8218357636614195,121,rs_trailing_30m
rs_trailing_30m_000811,AVGO,2026-08-12 15:22:00+00:00,418.49,420.32,0.19951040699617784,2.608982245334707,121,rs_trailing_30m
rs_trailing_30m_000812,AVGO,2026-08-13 14:00:00+00:00,424.5,420.83,0.9850833471096476,3.8352578314135823,121,rs_trailing_30m
rs_trailing_30m_000813,AVGO,2026-08-13 14:48:00+00:00,424.5,421.01,1.0070543209225986,4.123777182756039,121,rs_trailing_30m
rs_trailing_30m_000814,AVGO,2026-08-14 14:00:00+00:00,392.8,401.8,6.315236613612312,0.7452763705505112,121,rs_trailing_30m
rs_trailing_30m_000815,AVGO,2026-08-14 14:51:00+00:00,398.88,392.8,0.18034868449714841,5.590809219411654,121,rs_trailing_30m
rs_trailing_30m_000816,AVGO,2026-08-14 17:24:00+00:00,388.5,392.5,6.91931149248523,4.328400934848947,121,rs_trailing_30m
rs_trailing_30m_000817,AVGO,2026-08-14 18:01:00+00:00,388.5,394.33,1.8057783138708077,13.907188208318043,120,rs_trailing_30m
rs_trailing_30m_000818,AVGO,2026-08-14 19:22:00+00:00,394.33,391.56,5.608010733982477,1.3893720286893996,39,rs_trailing_30m
rs_trailing_30m_000819,BKNG,2026-07-01 14:10:00+00:00,185.45,180.75,7.013474206906325,0.6524162052936235,121,rs_trailing_30m
rs_trailing_30m_000820,BKNG,2026-07-01 15:37:00+00:00,183.38,185.19,3.2697084586218685,3.947574846385008,121,rs_trailing_30m
rs_trailing_30m_000821,BKNG,2026-07-01 19:25:00+00:00,182.215,183.77,10.259895857335206,0.6675959633197449,36,rs_trailing_30m
rs_trailing_30m_000822,BKNG,2026-07-02 14:00:00+00:00,181.71,184.84,1.823968434178853,4.001563401514883,121,rs_trailing_30m
rs_trailing_30m_000823,BKNG,2026-07-02 15:43:00+00:00,184.84,182.29,1.702512576332241,8.758709278239609,121,rs_trailing_30m
rs_trailing_30m_000824,BKNG,2026-07-02 19:19:00+00:00,184.89,183.52,6.058974174864921,3.941983198104906,42,rs_trailing_30m
rs_trailing_30m_000825,BKNG,2026-07-06 14:00:00+00:00,181.33,184.06,3.835704011507029,0.9240559664085182,121,rs_trailing_30m
rs_trailing_30m_000826,BKNG,2026-07-06 15:15:00+00:00,183.85,181.85,2.991933475698663,6.214015680297143,121,rs_trailing_30m
rs_trailing_30m_000827,BKNG,2026-07-06 18:11:00+00:00,180.57,182.25,8.293653149675677,3.8752003799794053,110,rs_trailing_30m
rs_trailing_30m_000828,BKNG,2026-07-06 19:42:00+00:00,180.57,181.41,1.6284941990453217,4.071235497613111,19,rs_trailing_30m
rs_trailing_30m_000829,BKNG,2026-07-07 14:01:00+00:00,181.77,185.51,6.974834532438913,0.2611935261800811,121,rs_trailing_30m
rs_trailing_30m_000830,BKNG,2026-07-07 14:28:00+00:00,181.292,184.76,5.594879004190073,1.6235139967515932,121,rs_trailing_30m
rs_trailing_30m_000831,BKNG,2026-07-07 15:09:00+00:00,180.9,183.58,8.717829123612704,1.0578119020284005,121,rs_trailing_30m
rs_trailing_30m_000832,BKNG,2026-07-07 15:31:00+00:00,180.9,182.58,7.075050050605006,0.4957041436730258,121,rs_trailing_30m
rs_trailing_30m_000833,BKNG,2026-07-07 16:20:00+00:00,180.9,182.08,4.158357413210671,3.1653168369217344,121,rs_trailing_30m
rs_trailing_30m_000834,BKNG,2026-07-08 14:00:00+00:00,172.9,175.9,4.273076923077082,0.8038461538461723,121,rs_trailing_30m
rs_trailing_30m_000835,BKNG,2026-07-08 16:22:00+00:00,172.75,174.8,0.3879243774585503,10.972718105257307,121,rs_trailing_30m
rs_trailing_30m_000836,BKNG,2026-07-08 16:52:00+00:00,175.05,174.17,4.67833619056202,0.16511774790219078,121,rs_trailing_30m
rs_trailing_30m_000837,BKNG,2026-07-08 19:34:00+00:00,173.81,174.79,0.5527925874674954,7.557038785558472,27,rs_trailing_30m
rs_trailing_30m_000838,BKNG,2026-07-09 14:31:00+00:00,174.555,172.39,4.4164795196942075,0.576563905965295,121,rs_trailing_30m
rs_trailing_30m_000839,BKNG,2026-07-10 14:00:00+00:00,180.04,177.2,2.6463238741920394,3.5906552151901185,121,rs_trailing_30m
rs_trailing_30m_000840,BKNG,2026-07-10 15:03:00+00:00,179.81,178.26,2.0586921982576456,2.850496889895195,121,rs_trailing_30m
rs_trailing_30m_000841,BKNG,2026-07-10 16:21:00+00:00,178.12,179.0,5.511599511599236,1.0427350427348763,121,rs_trailing_30m
rs_trailing_30m_000842,BKNG,2026-07-13 14:00:00+00:00,174.57,177.5,3.3863575087622757,2.93340523052023,121,rs_trailing_30m
rs_trailing_30m_000843,BKNG,2026-07-13 15:20:00+00:00,177.04,175.59,5.225039520324372,0.9345599142043621,121,rs_trailing_30m
rs_trailing_30m_000844,BKNG,2026-07-13 18:47:00+00:00,174.51,176.065,6.910058687047797,6.035894636276551,74,rs_trailing_30m
rs_trailing_30m_000845,BKNG,2026-07-14 14:17:00+00:00,176.58,174.51,2.1826728364489743,1.2144194729114628,121,rs_trailing_30m
rs_trailing_30m_000846,BKNG,2026-07-14 14:48:00+00:00,174.51,176.5589,0.7756866734486856,4.435147507629934,121,rs_trailing_30m
rs_trailing_30m_000847,BKNG,2026-07-14 16:11:00+00:00,176.875,174.959,6.907430425347851,5.403859523458289,121,rs_trailing_30m
rs_trailing_30m_000848,BKNG,2026-07-14 17:07:00+00:00,174.715,175.815,4.944759982390617,2.2595260846685665,121,rs_trailing_30m
rs_trailing_30m_000849,BKNG,2026-07-15 14:03:00+00:00,176.59,180.91,0.5610306813654155,9.537521583211664,121,rs_trailing_30m
rs_trailing_30m_000850,BKNG,2026-07-15 16:05:00+00:00,181.86,180.53,4.046068499758866,2.9425952725518756,121,rs_trailing_30m
rs_trailing_30m_000851,BKNG,2026-07-15 17:45:00+00:00,180.51,182.675,2.307481346283251,10.181761440474785,121,rs_trailing_30m
rs_trailing_30m_000852,BKNG,2026-07-15 18:39:00+00:00,183.14,181.475,9.717595944966076,0.788765904623874,82,rs_trailing_30m
rs_trailing_30m_000853,BKNG,2026-07-15 19:03:00+00:00,183.14,181.66,7.344736021671452,2.360808006965964,58,rs_trailing_30m
rs_trailing_30m_000854,BKNG,2026-07-16 14:00:00+00:00,179.99,182.32,0.91571849978928,3.109987357774877,121,rs_trailing_30m
rs_trailing_30m_000855,BKNG,2026-07-16 14:45:00+00:00,182.32,180.89,0.7693010189215915,3.0241488330022404,121,rs_trailing_30m
rs_trailing_30m_000856,BKNG,2026-07-16 17:26:00+00:00,184.34,181.52,11.729501998486985,6.853192178891215,121,rs_trailing_30m
rs_trailing_30m_000857,BKNG,2026-07-17 14:00:00+00:00,178.76,182.16,6.481381996440492,0.7962596111875014,121,rs_trailing_30m
rs_trailing_30m_000858,BKNG,2026-07-17 16:31:00+00:00,182.095,180.68,6.865980860814659,0.8753441734902996,121,rs_trailing_30m
rs_trailing_30m_000859,BKNG,2026-07-17 17:38:00+00:00,182.095,180.93,0.373403343626134,9.293594330253066,121,rs_trailing_30m
rs_trailing_30m_000860,BKNG,2026-07-20 14:00:00+00:00,177.36,179.63,2.524728817074272,1.5689386220390453,121,rs_trailing_30m
rs_trailing_30m_000861,BKNG,2026-07-20 15:07:00+00:00,180.48,178.815,5.300212100988598,1.410702840567287,121,rs_trailing_30m
rs_trailing_30m_000862,BKNG,2026-07-20 16:26:00+00:00,180.48,178.47,2.351003819067554,11.968746715253628,121,rs_trailing_30m
rs_trailing_30m_000863,BKNG,2026-07-20 19:05:00+00:00,179.945,179.2,4.124316452687258,2.6286852116031447,56,rs_trailing_30m
rs_trailing_30m_000864,BKNG,2026-07-21 14:09:00+00:00,180.17,177.28,0.25637766840943116,5.443095113923481,121,rs_trailing_30m
rs_trailing_30m_000865,BKNG,2026-07-21 15:16:00+00:00,177.1,178.165,2.8607732946390465,2.3473011648319564,121,rs_trailing_30m
rs_trailing_30m_000866,BKNG,2026-07-22 14:01:00+00:00,180.17,177.86,1.2124446094237857,2.9677748648582525,121,rs_trailing_30m
rs_trailing_30m_000867,BKNG,2026-07-22 14:57:00+00:00,180.37,178.4,4.81873324869553,3.657074340527818,121,rs_trailing_30m
rs_trailing_30m_000868,BKNG,2026-07-22 15:42:00+00:00,180.37,178.78,3.5265462403087184,5.665598877872838,121,rs_trailing_30m
rs_trailing_30m_000869,BKNG,2026-07-22 16:46:00+00:00,180.345,178.78,0.06927488501495985,10.772244619836101,121,rs_trailing_30m
rs_trailing_30m_000870,BKNG,2026-07-22 17:08:00+00:00,178.78,179.55,0.9861246588700259,4.161780339976679,121,rs_trailing_30m
rs_trailing_30m_000871,BKNG,2026-07-22 19:45:00+00:00,177.7,178.43,1.8681809481275589,3.814202769093692,16,rs_trailing_30m
rs_trailing_30m_000872,BKNG,2026-07-23 14:03:00+00:00,171.02,174.179,5.001834167106621,0.6012843200883481,121,rs_trailing_30m
rs_trailing_30m_000873,BKNG,2026-07-23 15:41:00+00:00,171.19,173.22,1.057080859527937,8.272806726740797,121,rs_trailing_30m
rs_trailing_30m_000874,BKNG,2026-07-23 16:07:00+00:00,173.22,171.96,3.37420484926755,3.0674589538795773,121,rs_trailing_30m
rs_trailing_30m_000875,BKNG,2026-07-24 14:00:00+00:00,174.59,180.3,0.6806187443129925,11.096148013345736,121,rs_trailing_30m
rs_trailing_30m_000876,BKNG,2026-07-24 14:40:00+00:00,180.3,175.745,12.5365957694333,0.9313744498517577,121,rs_trailing_30m
rs_trailing_30m_000877,BKNG,2026-07-27 14:04:00+00:00,185.12,183.2,3.6784283079049778,0.1599316655611107,121,rs_trailing_30m
rs_trailing_30m_000878,BKNG,2026-07-27 15:26:00+00:00,186.47,183.945,6.373519810973689,4.144870726744343,121,rs_trailing_30m
rs_trailing_30m_000879,BKNG,2026-07-27 16:17:00+00:00,186.98,185.11,9.219035568678612,0.8039856600590599,121,rs_trailing_30m
rs_trailing_30m_000880,BKNG,2026-07-27 16:54:00+00:00,187.26,185.72,7.246845006723402,2.542752633938102,121,rs_trailing_30m
rs_trailing_30m_000881,BKNG,2026-07-28 14:00:00+00:00,197.13,193.17,5.727726993725728,1.4500574667660293,121,rs_trailing_30m
rs_trailing_30m_000882,BKNG,2026-07-28 15:48:00+00:00,195.46,198.0,1.2420200602684521,8.46484441075299,121,rs_trailing_30m
rs_trailing_30m_000883,BKNG,2026-07-28 19:45:00+00:00,199.98,198.77,5.849624488476815,1.1583414828666407,16,rs_trailing_30m
rs_trailing_30m_000884,BKNG,2026-07-29 14:00:00+00:00,201.76,198.5,3.1863304624536974,2.1133824495866764,121,rs_trailing_30m
rs_trailing_30m_000885,BKNG,2026-07-29 14:47:00+00:00,198.5,202.01,0.7638685979045249,10.4077096464487,121,rs_trailing_30m
rs_trailing_30m_000886,BKNG,2026-07-29 15:36:00+00:00,202.4,200.4,7.178463287891447,0.8872257996270276,121,rs_trailing_30m
rs_trailing_30m_000887,BKNG,2026-07-29 16:40:00+00:00,200.665,204.61,0.7300667831582451,18.47068961390298,121,rs_trailing_30m
rs_trailing_30m_000888,BKNG,2026-07-29 18:03:00+00:00,204.61,200.81,6.97155605131091,14.221974344674319,118,rs_trailing_30m
rs_trailing_30m_000889,BKNG,2026-07-29 18:21:00+00:00,204.61,200.81,5.871562965385144,10.967636482511708,100,rs_trailing_30m
rs_trailing_30m_000890,BKNG,2026-07-29 18:57:00+00:00,200.81,204.11,11.666587717014206,0.2528362663130802,64,rs_trailing_30m
rs_trailing_30m_000891,BKNG,2026-07-29 19:31:00+00:00,203.38,200.81,0.3181702602084794,9.903049348990928,30,rs_trailing_30m
rs_trailing_30m_000892,BKNG,2026-07-30 14:00:00+00:00,190.15,195.1,6.502464986726667,0.7797073400373644,121,rs_trailing_30m
rs_trailing_30m_000893,BKNG,2026-07-30 15:37:00+00:00,193.025,190.45,1.9648509735038415,5.314992561420583,121,rs_trailing_30m
rs_trailing_30m_000894,BKNG,2026-07-31 14:00:00+00:00,194.15,192.25,0.773625806867636,2.288643011983316,121,rs_trailing_30m
rs_trailing_30m_000895,BKNG,2026-07-31 14:37:00+00:00,192.37,193.96,1.090682405396873,2.0339752965508935,121,rs_trailing_30m
rs_trailing_30m_000896,BKNG,2026-07-31 15:26:00+00:00,194.545,192.765,4.3748051138129895,2.396632366697689,121,rs_trailing_30m
rs_trailing_30m_000897,BKNG,2026-07-31 19:17:00+00:00,192.51,194.025,13.43658942694466,2.592097960316123,44,rs_trailing_30m
rs_trailing_30m_000898,BKNG,2026-08-03 14:00:00+00:00,191.0664,194.5,4.482655731693786,1.3839575936392599,121,rs_trailing_30m
rs_trailing_30m_000899,BKNG,2026-08-03 15:28:00+00:00,194.5,192.26,6.130514809671822,1.5842903440725198,121,rs_trailing_30m
rs_trailing_30m_000900,BKNG,2026-08-03 16:05:00+00:00,192.04,193.5,1.7067174689401527,3.8928499572452755,121,rs_trailing_30m
rs_trailing_30m_000901,BKNG,2026-08-03 17:55:00+00:00,191.93,192.87,2.9327314734418892,4.724956262767784,121,rs_trailing_30m
rs_trailing_30m_000902,BKNG,2026-08-04 14:00:00+00:00,191.6,194.43,2.3237127684138494,2.1196028630801655,121,rs_trailing_30m
rs_trailing_30m_000903,BKNG,2026-08-04 16:12:00+00:00,190.37,193.72,10.482756724431265,3.5641372863066065,121,rs_trailing_30m
rs_trailing_30m_000904,BKNG,2026-08-04 18:10:00+00:00,200.0,192.985,37.47935947160881,3.6015321992247924,111,rs_trailing_30m
rs_trailing_30m_000905,BKNG,2026-08-04 18:50:00+00:00,200.0,193.33,34.1889514950992,6.2437269574383505,71,rs_trailing_30m
rs_trailing_30m_000906,BKNG,2026-08-05 14:00:00+00:00,204.35,208.52,1.0718803302026139,2.4201048080355996,121,rs_trailing_30m
rs_trailing_30m_000907,BKNG,2026-08-05 15:07:00+00:00,204.58,206.74,2.9487411645187365,1.095246718249839,121,rs_trailing_30m
rs_trailing_30m_000908,BKNG,2026-08-05 15:51:00+00:00,207.96,204.92,5.7572029600693995,2.9502084820255874,121,rs_trailing_30m
rs_trailing_30m_000909,BKNG,2026-08-05 17:30:00+00:00,207.96,205.92,3.4252023770528983,6.2795376912637595,121,rs_trailing_30m
rs_trailing_30m_000910,BKNG,2026-08-05 19:44:00+00:00,208.34,206.62,4.095568728915867,4.495136409785775,17,rs_trailing_30m
rs_trailing_30m_000911,BKNG,2026-08-06 14:11:00+00:00,205.82,209.425,4.372446645740356,0.7453034055239295,121,rs_trailing_30m
rs_trailing_30m_000912,BKNG,2026-08-06 15:07:00+00:00,205.82,208.91,3.517050198108157,5.177097891615217,121,rs_trailing_30m
rs_trailing_30m_000913,BKNG,2026-08-06 16:00:00+00:00,208.91,206.91,6.275954955293743,1.3312631723350103,121,rs_trailing_30m
rs_trailing_30m_000914,BKNG,2026-08-06 19:43:00+00:00,206.43,207.8,1.326147017528096,6.243942207528754,18,rs_trailing_30m
rs_trailing_30m_000915,BKNG,2026-08-07 14:00:00+00:00,215.69,212.62,3.8452727689236554,1.1781261249468231,121,rs_trailing_30m
rs_trailing_30m_000916,BKNG,2026-08-07 15:04:00+00:00,212.19,215.616,6.720269951001849,4.013364012696208,121,rs_trailing_30m
rs_trailing_30m_000917,BKNG,2026-08-07 15:49:00+00:00,211.38,214.465,11.618410775703286,1.2746817577660359,121,rs_trailing_30m
rs_trailing_30m_000918,BKNG,2026-08-07 16:48:00+00:00,211.38,213.595,4.487710863347805,4.845884969812218,121,rs_trailing_30m
rs_trailing_30m_000919,BKNG,2026-08-07 17:25:00+00:00,211.38,213.79,2.14391152557435,9.337925755834494,121,rs_trailing_30m
rs_trailing_30m_000920,BKNG,2026-08-07 19:25:00+00:00,214.82,211.5277,7.45363603142841,15.480575095928398,36,rs_trailing_30m
rs_trailing_30m_000921,BKNG,2026-08-10 14:00:00+00:00,209.21,211.63,1.6006056345645034,1.8578458258337667,121,rs_trailing_30m
rs_trailing_30m_000922,BKNG,2026-08-10 14:41:00+00:00,211.81,209.975,1.9996763337746295,2.6451414794867603,121,rs_trailing_30m
rs_trailing_30m_000923,BKNG,2026-08-10 15:57:00+00:00,211.81,210.46,2.170544730607057,5.247772703113042,121,rs_trailing_30m
rs_trailing_30m_000924,BKNG,2026-08-11 14:00:00+00:00,214.36,211.725,3.5199334592775107,0.6769102806303062,121,rs_trailing_30m
rs_trailing_30m_000925,BKNG,2026-08-11 14:37:00+00:00,214.36,212.17,2.7066177718038564,3.1046497970691407,121,rs_trailing_30m
rs_trailing_30m_000926,BKNG,2026-08-11 16:46:00+00:00,214.235,213.01,3.686627987293247,4.915503983057729,121,rs_trailing_30m
rs_trailing_30m_000927,BKNG,2026-08-12 14:00:00+00:00,208.0,211.35,0.7490451731857346,6.9718819965751715,121,rs_trailing_30m
rs_trailing_30m_000928,BKNG,2026-08-12 14:29:00+00:00,211.85,209.185,4.520208923868924,1.327537086864393,121,rs_trailing_30m
rs_trailing_30m_000929,BKNG,2026-08-12 15:20:00+00:00,211.93,210.29,6.79891910096064,1.2228271764317566,121,rs_trailing_30m
rs_trailing_30m_000930,BKNG,2026-08-12 16:27:00+00:00,212.18,210.89,2.09918339254825,5.219591138228107,121,rs_trailing_30m
rs_trailing_30m_000931,BKNG,2026-08-13 14:00:00+00:00,210.94,213.7399,1.6507742413376856,2.6288579793302267,121,rs_trailing_30m
rs_trailing_30m_000932,BKNG,2026-08-13 14:39:00+00:00,210.94,212.29,2.183692707898192,1.0918463539490613,121,rs_trailing_30m
rs_trailing_30m_000933,BKNG,2026-08-13 15:59:00+00:00,212.515,211.43,2.021272243812829,3.3937410513403217,121,rs_trailing_30m
rs_trailing_30m_000934,BKNG,2026-08-14 14:14:00+00:00,214.93,212.8575,3.291560145987716,2.254584896743588,121,rs_trailing_30m
rs_trailing_30m_000935,CMCSA,2026-07-01 14:00:00+00:00,23.94,24.49,0.6461408875293857,5.8152679877644715,121,rs_trailing_30m
rs_trailing_30m_000936,CMCSA,2026-07-01 17:16:00+00:00,23.62,24.16,15.904040733735181,5.598668320388466,121,rs_trailing_30m
rs_trailing_30m_000937,CMCSA,2026-07-01 17:49:00+00:00,24.13,23.5841,0.0,22.51971326165993,121,rs_trailing_30m
rs_trailing_30m_000938,CMCSA,2026-07-01 18:13:00+00:00,23.5841,23.96,14.291847499505629,1.0182279495231457,108,rs_trailing_30m
rs_trailing_30m_000939,CMCSA,2026-07-01 19:06:00+00:00,23.5841,23.825,2.490989854121979,4.926555953764131,55,rs_trailing_30m
rs_trailing_30m_000940,CMCSA,2026-07-01 19:43:00+00:00,23.825,23.69,1.509826246225743,2.566704618583645,18,rs_trailing_30m
rs_trailing_30m_000941,CMCSA,2026-07-02 14:00:00+00:00,23.081,23.51,6.036488482574109,0.9853487165156508,121,rs_trailing_30m
rs_trailing_30m_000942,CMCSA,2026-07-02 14:43:00+00:00,23.51,23.081,1.2633759061098204,7.769761822575096,121,rs_trailing_30m
rs_trailing_30m_000943,CMCSA,2026-07-02 16:45:00+00:00,23.455,23.24,4.057322529931909,3.8728987785714035,121,rs_trailing_30m
rs_trailing_30m_000944,CMCSA,2026-07-02 17:36:00+00:00,23.61,23.3,9.496298346367888,3.5874904864057164,121,rs_trailing_30m
rs_trailing_30m_000945,CMCSA,2026-07-02 19:20:00+00:00,23.82,23.46,14.352941176474602,0.8442906574396648,41,rs_trailing_30m
rs_trailing_30m_000946,CMCSA,2026-07-06 14:00:00+00:00,23.22,23.66,3.9249215865325318,3.5868900623335582,121,rs_trailing_30m
rs_trailing_30m_000947,CMCSA,2026-07-06 15:00:00+00:00,23.67,23.315,7.671681457928585,2.605476721560642,121,rs_trailing_30m
rs_trailing_30m_000948,CMCSA,2026-07-06 15:39:00+00:00,23.67,23.485,4.540717582254134,1.0595007691926204,121,rs_trailing_30m
rs_trailing_30m_000949,CMCSA,2026-07-06 19:33:00+00:00,23.35,23.475,4.599485496319919,2.1644637629742944,28,rs_trailing_30m
rs_trailing_30m_000950,CMCSA,2026-07-07 14:00:00+00:00,24.235,23.695,3.2960223091520553,6.324799566210753,121,rs_trailing_30m
rs_trailing_30m_000951,CMCSA,2026-07-07 14:38:00+00:00,24.235,23.48,1.8989509074493671,12.438128443793643,121,rs_trailing_30m
rs_trailing_30m_000952,CMCSA,2026-07-07 15:07:00+00:00,23.48,23.975,10.306792725062586,1.1580665983216547,121,rs_trailing_30m
rs_trailing_30m_000953,CMCSA,2026-07-07 15:45:00+00:00,23.425,23.82,12.666911996634747,0.0,121,rs_trailing_30m
rs_trailing_30m_000954,CMCSA,2026-07-08 14:00:00+00:00,23.765,23.4,4.939967870127867,1.3866576477552222,121,rs_trailing_30m
rs_trailing_30m_000955,CMCSA,2026-07-08 14:45:00+00:00,23.765,23.485,3.0091953115748873,3.7314021863528875,121,rs_trailing_30m
rs_trailing_30m_000956,CMCSA,2026-07-08 16:16:00+00:00,23.46,23.65,3.9903032168711365,4.929198091428854,121,rs_trailing_30m
rs_trailing_30m_000957,CMCSA,2026-07-08 17:31:00+00:00,23.31,23.545,8.575445173385942,1.7590656765921044,121,rs_trailing_30m
rs_trailing_30m_000958,CMCSA,2026-07-08 18:47:00+00:00,23.17,23.38,9.250873890834608,2.2307071793500404,74,rs_trailing_30m
rs_trailing_30m_000959,CMCSA,2026-07-09 14:00:00+00:00,22.845,23.1564,0.5417261244120509,6.206014481263936,121,rs_trailing_30m
rs_trailing_30m_000960,CMCSA,2026-07-09 14:31:00+00:00,23.1564,22.87,4.173609494996195,2.602590954929572,121,rs_trailing_30m
rs_trailing_30m_000961,CMCSA,2026-07-09 14:50:00+00:00,22.885,23.1564,0.0,8.175506172839594,121,rs_trailing_30m
rs_trailing_30m_000962,CMCSA,2026-07-10 14:00:00+00:00,23.73,23.38,1.7381072449150494,3.7922339889056134,121,rs_trailing_30m
rs_trailing_30m_000963,CMCSA,2026-07-10 15:02:00+00:00,23.36,23.555,3.7733031867239717,1.3011390299048402,121,rs_trailing_30m
rs_trailing_30m_000964,CMCSA,2026-07-13 14:00:00+00:00,24.2294,24.01,2.4492367337047085,1.2721104918826502,121,rs_trailing_30m
rs_trailing_30m_000965,CMCSA,2026-07-13 14:59:00+00:00,24.28,24.08,4.098191214470721,2.2067183462534308,121,rs_trailing_30m
rs_trailing_30m_000966,CMCSA,2026-07-13 16:07:00+00:00,24.28,24.0801,1.9820925698615055,6.822803090478472,121,rs_trailing_30m
rs_trailing_30m_000967,CMCSA,2026-07-13 18:10:00+00:00,23.9,24.135,8.117657856100791,5.038546255510719,111,rs_trailing_30m
rs_trailing_30m_000968,CMCSA,2026-07-14 14:16:00+00:00,23.85,23.53,2.916309732206877,3.5196841595598904,121,rs_trailing_30m
rs_trailing_30m_000969,CMCSA,2026-07-14 14:40:00+00:00,23.53,23.695,2.5040071934021646,1.4308612533726293,121,rs_trailing_30m
rs_trailing_30m_000970,CMCSA,2026-07-14 15:22:00+00:00,23.5101,23.655,1.2484020406975225,3.9347915322843923,121,rs_trailing_30m
rs_trailing_30m_000971,CMCSA,2026-07-14 15:54:00+00:00,23.645,23.47,0.0,9.521898135766696,121,rs_trailing_30m
rs_trailing_30m_000972,CMCSA,2026-07-15 14:00:00+00:00,23.81,23.52,4.1043048912214015,1.5635447204653519,121,rs_trailing_30m
rs_trailing_30m_000973,CMCSA,2026-07-15 17:06:00+00:00,23.365,23.56,8.088174359829955,1.7692881412128083,121,rs_trailing_30m
rs_trailing_30m_000974,CMCSA,2026-07-16 14:00:00+00:00,24.09,23.64,5.679052409541998,2.8395262047709657,121,rs_trailing_30m
rs_trailing_30m_000975,CMCSA,2026-07-16 15:59:00+00:00,23.88,24.18,0.0,12.777545035617997,121,rs_trailing_30m
rs_trailing_30m_000976,CMCSA,2026-07-16 16:22:00+00:00,24.205,24.025,5.769058452927202,1.917325866294943,121,rs_trailing_30m
rs_trailing_30m_000977,CMCSA,2026-07-16 17:53:00+00:00,24.28,24.02,5.797560589264387,6.76382068747509,121,rs_trailing_30m
rs_trailing_30m_000978,CMCSA,2026-07-16 19:30:00+00:00,24.02,24.14,1.8605124034174814,3.1008540056956555,31,rs_trailing_30m
rs_trailing_30m_000979,CMCSA,2026-07-17 14:00:00+00:00,23.905,24.36,6.124969975637283,1.8374909926912035,121,rs_trailing_30m
rs_trailing_30m_000980,CMCSA,2026-07-17 14:53:00+00:00,23.8,24.146,5.209609743420654,2.627455348855622,121,rs_trailing_30m
rs_trailing_30m_000981,CMCSA,2026-07-17 15:27:00+00:00,23.66,24.09,8.447499876358403,4.525446362334797,121,rs_trailing_30m
rs_trailing_30m_000982,CMCSA,2026-07-17 16:27:00+00:00,23.66,23.9,8.695947321979206,1.2422781888540673,121,rs_trailing_30m
rs_trailing_30m_000983,CMCSA,2026-07-17 16:51:00+00:00,23.66,23.84,6.5220390425646375,1.051941781058745,121,rs_trailing_30m
rs_trailing_30m_000984,CMCSA,2026-07-17 17:46:00+00:00,23.95,23.76,6.290448758983634,1.9522082355465706,121,rs_trailing_30m
rs_trailing_30m_000985,CMCSA,2026-07-17 19:16:00+00:00,23.95,23.76,2.557771151697553,8.241707044359096,45,rs_trailing_30m
rs_trailing_30m_000986,CMCSA,2026-07-20 14:00:00+00:00,23.395,23.965,0.458289465535618,12.60296030222978,121,rs_trailing_30m
rs_trailing_30m_000987,CMCSA,2026-07-20 14:56:00+00:00,23.965,23.645,10.839160839168619,0.34965034965065667,121,rs_trailing_30m
rs_trailing_30m_000988,CMCSA,2026-07-21 14:05:00+00:00,23.85,23.715,0.3183559374677415,2.546847499741857,121,rs_trailing_30m
rs_trailing_30m_000989,CMCSA,2026-07-21 19:20:00+00:00,23.95,23.79,1.675517304524342,7.260574986272877,41,rs_trailing_30m
rs_trailing_30m_000990,CMCSA,2026-07-22 14:01:00+00:00,23.75,24.04,1.9241709333065014,2.5399056319645688,121,rs_trailing_30m
rs_trailing_30m_000991,CMCSA,2026-07-22 18:53:00+00:00,23.49,23.615,3.6635342330277747,1.7240161096600752,68,rs_trailing_30m
rs_trailing_30m_000992,CMCSA,2026-07-23 14:00:00+00:00,22.51,23.495,7.15114519221104,0.30269397638990675,121,rs_trailing_30m
rs_trailing_30m_000993,CMCSA,2026-07-23 15:24:00+00:00,22.455,22.86,9.944777706877142,0.5657519676667793,121,rs_trailing_30m
rs_trailing_30m_000994,CMCSA,2026-07-23 16:31:00+00:00,22.73,22.44,0.9906273199710234,7.217427616931684,121,rs_trailing_30m
rs_trailing_30m_000995,CMCSA,2026-07-23 17:01:00+00:00,22.21,22.68,9.300050061444663,3.7477813680447993,121,rs_trailing_30m
rs_trailing_30m_000996,CMCSA,2026-07-23 17:51:00+00:00,22.68,21.975,0.6515701773131289,29.972228156402693,121,rs_trailing_30m
rs_trailing_30m_000997,CMCSA,2026-07-23 18:26:00+00:00,21.91,22.5587,24.810903382350666,3.4256457827912796,95,rs_trailing_30m
rs_trailing_30m_000998,CMCSA,2026-07-23 19:25:00+00:00,21.91,22.255,8.267339888391065,2.917884666490971,36,rs_trailing_30m
rs_trailing_30m_000999,CMCSA,2026-07-24 14:00:00+00:00,22.485,22.125,2.7769024736099044,1.4770757838350592,121,rs_trailing_30m
rs_trailing_30m_001000,CMCSA,2026-07-24 14:39:00+00:00,22.485,22.125,3.173603504929521,2.839539978094897,121,rs_trailing_30m
rs_trailing_30m_001001,CMCSA,2026-07-24 15:23:00+00:00,22.125,22.41,7.183714670260665,1.1728513747364053,121,rs_trailing_30m
rs_trailing_30m_001002,CMCSA,2026-07-24 16:53:00+00:00,22.47,22.14,8.0415089237488,5.567198485672157,121,rs_trailing_30m
rs_trailing_30m_001003,CMCSA,2026-07-24 18:06:00+00:00,22.47,22.15,9.405976943983118,4.926940303991354,115,rs_trailing_30m
rs_trailing_30m_001004,CMCSA,2026-07-24 19:12:00+00:00,22.15,22.45,5.191181699660499,5.653905416621691,49,rs_trailing_30m
rs_trailing_30m_001005,CMCSA,2026-07-27 14:00:00+00:00,23.24,22.61,11.532966795101766,1.5585090263650896,121,rs_trailing_30m
rs_trailing_30m_001006,CMCSA,2026-07-27 16:01:00+00:00,22.865,23.29,0.8311759095248055,10.943816142076178,121,rs_trailing_30m
rs_trailing_30m_001007,CMCSA,2026-07-27 19:03:00+00:00,22.78,23.13,17.872680458151372,1.0831927550394596,58,rs_trailing_30m
rs_trailing_30m_001008,CMCSA,2026-07-28 14:00:00+00:00,24.2,23.57,8.96090920444856,1.7921818408897243,121,rs_trailing_30m
rs_trailing_30m_001009,CMCSA,2026-07-28 15:26:00+00:00,24.22,24.0,4.5881444137287035,0.8680273215162507,121,rs_trailing_30m
rs_trailing_30m_001010,CMCSA,2026-07-28 16:27:00+00:00,24.23,24.11,1.641746411484742,2.736244019141107,121,rs_trailing_30m
rs_trailing_30m_001011,CMCSA,2026-07-28 18:59:00+00:00,23.94,24.26,7.3452330358461655,6.481087972805603,62,rs_trailing_30m
rs_trailing_30m_001012,CMCSA,2026-07-28 19:18:00+00:00,23.94,24.26,2.53497714365023,10.984900955817963,43,rs_trailing_30m
rs_trailing_30m_001013,CMCSA,2026-07-28 19:45:00+00:00,24.26,24.09,5.505415162458171,1.427329856933589,16,rs_trailing_30m
rs_trailing_30m_001014,CMCSA,2026-07-29 14:00:00+00:00,24.72,24.275,6.394021175006053,0.9964708324685186,121,rs_trailing_30m
rs_trailing_30m_001015,CMCSA,2026-07-29 15:29:00+00:00,24.73,24.515,3.6185674032353643,2.8646991942279385,121,rs_trailing_30m
rs_trailing_30m_001016,CMCSA,2026-07-29 16:41:00+00:00,24.515,24.875,2.5595894714811047,12.772394051534194,121,rs_trailing_30m
rs_trailing_30m_001017,CMCSA,2026-07-29 17:11:00+00:00,24.33,24.875,9.175110829646625,17.142970234339654,121,rs_trailing_30m
rs_trailing_30m_001018,CMCSA,2026-07-29 17:50:00+00:00,24.875,24.33,8.872230924151088,15.924517043348148,121,rs_trailing_30m
rs_trailing_30m_001019,CMCSA,2026-07-29 18:31:00+00:00,24.87,24.33,0.5228272670136126,18.29895434547582,90,rs_trailing_30m
rs_trailing_30m_001020,CMCSA,2026-07-29 18:51:00+00:00,24.33,24.815,14.643583370996254,2.0673294170818988,70,rs_trailing_30m
rs_trailing_30m_001021,CMCSA,2026-07-30 14:00:00+00:00,23.355,23.745,4.887293038101175,1.4661879114303467,121,rs_trailing_30m
rs_trailing_30m_001022,CMCSA,2026-07-30 15:32:00+00:00,23.6564,23.45,2.060328602677182,4.344066330945781,121,rs_trailing_30m
rs_trailing_30m_001023,CMCSA,2026-07-30 18:16:00+00:00,23.78,23.6,4.385728408379189,5.482160510473744,105,rs_trailing_30m
rs_trailing_30m_001024,CMCSA,2026-07-31 14:00:00+00:00,24.07,23.575,8.949886210580566,0.4760577771585825,121,rs_trailing_30m
rs_trailing_30m_001025,CMCSA,2026-07-31 15:26:00+00:00,24.08,23.9,4.563338135878529,1.5211127119595895,121,rs_trailing_30m
rs_trailing_30m_001026,CMCSA,2026-07-31 16:28:00+00:00,23.935,24.145,0.48343636075494767,9.668727215097409,121,rs_trailing_30m
rs_trailing_30m_001027,CMCSA,2026-07-31 18:05:00+00:00,24.145,23.93,4.512787994084432,9.347917987746259,116,rs_trailing_30m
rs_trailing_30m_001028,CMCSA,2026-07-31 18:26:00+00:00,24.145,23.93,0.48223885316784176,13.341941604309755,95,rs_trailing_30m
rs_trailing_30m_001029,CMCSA,2026-07-31 19:35:00+00:00,23.93,24.05,3.193413287647808,3.7740338854020488,26,rs_trailing_30m
rs_trailing_30m_001030,CMCSA,2026-08-03 14:07:00+00:00,24.825,24.39,0.3145074946466655,6.526030513918435,121,rs_trailing_30m
rs_trailing_30m_001031,CMCSA,2026-08-03 14:57:00+00:00,24.39,24.78,3.3721530183542,5.395444829366816,121,rs_trailing_30m
rs_trailing_30m_001032,CMCSA,2026-08-03 16:53:00+00:00,24.51,24.73,0.6218144750258924,8.498131158688963,121,rs_trailing_30m
rs_trailing_30m_001033,CMCSA,2026-08-03 19:39:00+00:00,24.495,24.69,3.2550693703338056,5.812623875596057,22,rs_trailing_30m
rs_trailing_30m_001034,CMCSA,2026-08-04 14:06:00+00:00,24.4,24.77,3.95220588235389,2.84926470588306,121,rs_trailing_30m
rs_trailing_30m_001035,CMCSA,2026-08-04 14:49:00+00:00,24.4,24.72,5.319918318729787,2.9843444227020077,121,rs_trailing_30m
rs_trailing_30m_001036,CMCSA,2026-08-05 14:00:00+00:00,24.335,24.655,2.4042777409159974,3.0912142383205508,121,rs_trailing_30m
rs_trailing_30m_001037,CMCSA,2026-08-05 14:37:00+00:00,24.655,24.335,1.8019113814082388,4.98175499565801,121,rs_trailing_30m
rs_trailing_30m_001038,CMCSA,2026-08-05 15:43:00+00:00,24.655,24.45,5.789957134113746,1.8677281077786405,121,rs_trailing_30m
rs_trailing_30m_001039,CMCSA,2026-08-05 16:43:00+00:00,24.47,24.615,1.3984410820736943,4.395100543660142,121,rs_trailing_30m
rs_trailing_30m_001040,CMCSA,2026-08-06 14:02:00+00:00,24.76,25.1,1.9065112743861006,4.266953804578597,121,rs_trailing_30m
rs_trailing_30m_001041,CMCSA,2026-08-06 14:37:00+00:00,25.18,24.92,6.226976166174472,0.8122142825444294,121,rs_trailing_30m
rs_trailing_30m_001042,CMCSA,2026-08-06 16:01:00+00:00,25.18,24.98,5.697101016143119,3.418260609685839,121,rs_trailing_30m
rs_trailing_30m_001043,CMCSA,2026-08-06 16:38:00+00:00,25.2,25.085,1.7349260523335113,3.9655452624764966,121,rs_trailing_30m
rs_trailing_30m_001044,CMCSA,2026-08-07 14:00:00+00:00,25.4,25.15,4.784331314946671,2.691186364657496,121,rs_trailing_30m
rs_trailing_30m_001045,CMCSA,2026-08-07 14:36:00+00:00,25.4,25.24,1.6270966501668502,3.0636324313953676,121,rs_trailing_30m
rs_trailing_30m_001046,CMCSA,2026-08-07 15:27:00+00:00,25.24,25.455,0.4754481683558648,9.746687451293623,121,rs_trailing_30m
rs_trailing_30m_001047,CMCSA,2026-08-07 19:18:00+00:00,25.308,25.47,3.263073852297645,4.626746506989131,43,rs_trailing_30m
rs_trailing_30m_001048,CMCSA,2026-08-10 14:00:00+00:00,24.775,25.065,3.5884691848917947,1.8886679920483271,121,rs_trailing_30m
rs_trailing_30m_001049,CMCSA,2026-08-10 14:44:00+00:00,25.075,24.835,3.784510391895704,3.784510391895592,121,rs_trailing_30m
rs_trailing_30m_001050,CMCSA,2026-08-10 15:22:00+00:00,24.835,25.11,1.6800936445650323,9.870550161819752,121,rs_trailing_30m
rs_trailing_30m_001051,CMCSA,2026-08-10 16:31:00+00:00,25.11,25.01,4.049747720637172,1.3499159068789934,121,rs_trailing_30m
rs_trailing_30m_001052,CMCSA,2026-08-11 14:00:00+00:00,25.52,25.195,6.72346671772522,2.195417703746955,121,rs_trailing_30m
rs_trailing_30m_001053,CMCSA,2026-08-11 14:55:00+00:00,25.57,25.38,4.886370379164051,1.9907434878075427,121,rs_trailing_30m
rs_trailing_30m_001054,CMCSA,2026-08-12 14:00:00+00:00,25.185,25.4,2.4742160641742186,1.7814355662054346,121,rs_trailing_30m
rs_trailing_30m_001055,CMCSA,2026-08-12 16:13:00+00:00,25.07,25.225,6.4129520605589585,1.5391084945342084,121,rs_trailing_30m
rs_trailing_30m_001056,CMCSA,2026-08-12 19:18:00+00:00,25.48,25.35,5.019027049269346,3.1368919057930906,43,rs_trailing_30m
rs_trailing_30m_001057,CMCSA,2026-08-13 14:06:00+00:00,26.06,25.77,2.4260440140013033,3.96989020472942,121,rs_trailing_30m
rs_trailing_30m_001058,CMCSA,2026-08-13 19:03:00+00:00,26.26,26.03,13.45956486043866,0.9390394088678496,58,rs_trailing_30m
rs_trailing_30m_001059,CMCSA,2026-08-13 19:39:00+00:00,26.26,26.14,2.681211540000478,3.168704547272993,22,rs_trailing_30m
rs_trailing_30m_001060,CMCSA,2026-08-14 14:03:00+00:00,26.46,26.205,1.8555790093766837,3.401894850523981,121,rs_trailing_30m
rs_trailing_30m_001061,CMCSA,2026-08-14 15:05:00+00:00,26.46,26.34,1.4305070613380357,2.3841784355632796,121,rs_trailing_30m
rs_trailing_30m_001062,COST,2026-07-01 14:00:00+00:00,922.2,932.47,4.003648868239211,1.3224487841982353,121,rs_trailing_30m
rs_trailing_30m_001063,COST,2026-07-01 15:18:00+00:00,922.2,931.7599,1.9098786605678784,6.417714957294307,121,rs_trailing_30m
rs_trailing_30m_001064,COST,2026-07-01 18:54:00+00:00,927.93,920.55,1.8208955223876422,12.475071451252395,67,rs_trailing_30m
rs_trailing_30m_001065,COST,2026-07-01 19:30:00+00:00,920.55,925.315,0.6814602486062885,7.238437518731235,31,rs_trailing_30m
rs_trailing_30m_001066,COST,2026-07-02 14:02:00+00:00,924.84,947.26,1.2128183761458413,16.38678550294182,121,rs_trailing_30m
rs_trailing_30m_001067,COST,2026-07-02 14:27:00+00:00,947.26,932.77,10.548170744927974,0.5394603101323664,121,rs_trailing_30m
rs_trailing_30m_001068,COST,2026-07-02 16:04:00+00:00,950.5,943.61,6.415441684397105,0.8427509601834754,121,rs_trailing_30m
rs_trailing_30m_001069,COST,2026-07-02 16:28:00+00:00,950.5,945.331,4.527431703532453,1.729866284584957,121,rs_trailing_30m
rs_trailing_30m_001070,COST,2026-07-02 16:55:00+00:00,950.89,945.331,1.6257824466482542,5.518663893998143,121,rs_trailing_30m
rs_trailing_30m_001071,COST,2026-07-02 17:12:00+00:00,950.89,945.331,0.5758962289005338,6.869236646584169,121,rs_trailing_30m
rs_trailing_30m_001072,COST,2026-07-06 14:00:00+00:00,942.0,947.6187,1.072484700010388,2.266002714919542,121,rs_trailing_30m
rs_trailing_30m_001073,COST,2026-07-07 14:13:00+00:00,966.27,947.87,1.5923430331694222,8.724245632435156,121,rs_trailing_30m
rs_trailing_30m_001074,COST,2026-07-07 14:55:00+00:00,946.6238,961.095,9.117326446333927,1.073977138516239,121,rs_trailing_30m
rs_trailing_30m_001075,COST,2026-07-07 16:10:00+00:00,945.33,951.35,5.517950823193203,3.246709851113737,121,rs_trailing_30m
rs_trailing_30m_001076,COST,2026-07-08 14:01:00+00:00,966.505,954.23,6.545459496914562,0.5116784323455315,120,rs_trailing_30m
rs_trailing_30m_001077,COST,2026-07-08 15:19:00+00:00,954.9004,962.73,3.9941246684350653,3.9237400530504125,120,rs_trailing_30m
rs_trailing_30m_001078,COST,2026-07-08 16:26:00+00:00,952.97,959.5,10.071368411720336,1.507159005275104,120,rs_trailing_30m
rs_trailing_30m_001079,COST,2026-07-08 16:49:00+00:00,952.97,957.26,6.000350897713189,1.5264050529270656,120,rs_trailing_30m
rs_trailing_30m_001080,COST,2026-07-09 14:00:00+00:00,907.68,918.63,4.601363338531642,1.9720128593706645,121,rs_trailing_30m
rs_trailing_30m_001081,COST,2026-07-09 14:40:00+00:00,907.68,914.3999,4.56215679029664,0.6605412361283355,121,rs_trailing_30m
rs_trailing_30m_001082,COST,2026-07-09 19:15:00+00:00,915.9,912.29,0.8032239197203473,5.940121080723379,46,rs_trailing_30m
rs_trailing_30m_001083,COST,2026-07-13 14:24:00+00:00,916.995,925.82,0.7300227151009214,5.680375753322655,121,rs_trailing_30m
rs_trailing_30m_001084,COST,2026-07-13 14:58:00+00:00,925.82,920.52,3.543122245417926,2.456413825098137,121,rs_trailing_30m
rs_trailing_30m_001085,COST,2026-07-13 15:56:00+00:00,927.0,921.42,3.1484820222547163,7.798324435581269,121,rs_trailing_30m
rs_trailing_30m_001086,COST,2026-07-13 17:51:00+00:00,930.98,924.24,10.220737915898518,5.364731213774552,120,rs_trailing_30m
rs_trailing_30m_001087,COST,2026-07-14 14:10:00+00:00,929.42,922.27,2.0389744651966994,3.911502035275448,120,rs_trailing_30m
rs_trailing_30m_001088,COST,2026-07-14 14:35:00+00:00,921.83,927.65,1.1438366884103701,4.097997584462368,119,rs_trailing_30m
rs_trailing_30m_001089,COST,2026-07-14 15:26:00+00:00,920.2,925.3769,3.1860940590373543,4.782065522716641,120,rs_trailing_30m
rs_trailing_30m_001090,COST,2026-07-15 14:15:00+00:00,919.61,925.99,2.1573903274572133,2.3554458329287593,121,rs_trailing_30m
rs_trailing_30m_001091,COST,2026-07-15 14:42:00+00:00,927.5,919.61,2.026057737234195,5.158479587160235,121,rs_trailing_30m
rs_trailing_30m_001092,COST,2026-07-15 16:03:00+00:00,927.5,921.005,4.14846200137966,5.543718106160331,121,rs_trailing_30m
rs_trailing_30m_001093,COST,2026-07-15 17:06:00+00:00,916.98,924.16,11.083401617442696,0.9194375399084439,121,rs_trailing_30m
rs_trailing_30m_001094,COST,2026-07-15 19:28:00+00:00,910.5,916.54,10.98591866368156,2.838028988117784,33,rs_trailing_30m
rs_trailing_30m_001095,COST,2026-07-16 14:00:00+00:00,936.13,927.165,1.2272565626656395,4.953841799299342,121,rs_trailing_30m
rs_trailing_30m_001096,COST,2026-07-16 15:06:00+00:00,939.745,932.3801,7.8567596410654525,0.8446311981049862,121,rs_trailing_30m
rs_trailing_30m_001097,COST,2026-07-17 14:00:00+00:00,939.685,956.0,10.847122826250136,0.4622168364759644,121,rs_trailing_30m
rs_trailing_30m_001098,COST,2026-07-17 15:47:00+00:00,933.76,943.79,12.511327055845616,1.6681769407793403,121,rs_trailing_30m
rs_trailing_30m_001099,COST,2026-07-17 17:41:00+00:00,939.66,935.2901,2.809917355372156,6.218801652892863,121,rs_trailing_30m
rs_trailing_30m_001100,COST,2026-07-17 18:00:00+00:00,941.84,935.725,10.89930710657359,2.0172167222435697,121,rs_trailing_30m
rs_trailing_30m_001101,COST,2026-07-20 14:00:00+00:00,946.9784,937.48,2.6340438028408664,4.7064096817572345,121,rs_trailing_30m
rs_trailing_30m_001102,COST,2026-07-20 15:27:00+00:00,935.2,940.76,7.66656203601385,0.78261237830467,121,rs_trailing_30m
rs_trailing_30m_001103,COST,2026-07-21 14:51:00+00:00,926.6325,931.99,0.4230577022964165,6.0068192907624995,121,rs_trailing_30m
rs_trailing_30m_001104,COST,2026-07-22 14:00:00+00:00,920.965,930.0,4.564564564564029,3.3663663663660475,121,rs_trailing_30m
rs_trailing_30m_001105,COST,2026-07-22 15:10:00+00:00,920.965,925.846,0.3910058160168298,6.797315795954238,119,rs_trailing_30m
rs_trailing_30m_001106,COST,2026-07-23 14:39:00+00:00,917.32,924.18,0.9797014228851736,5.360630427107788,121,rs_trailing_30m
rs_trailing_30m_001107,COST,2026-07-23 16:17:00+00:00,917.95,922.475,1.511342671058632,5.631033920628475,121,rs_trailing_30m
rs_trailing_30m_001108,COST,2026-07-24 14:04:00+00:00,935.2725,928.22,4.445403194942232,0.3029809068873423,121,rs_trailing_30m
rs_trailing_30m_001109,COST,2026-07-24 14:38:00+00:00,935.2725,929.295,1.4418433935026762,3.837555617010092,121,rs_trailing_30m
rs_trailing_30m_001110,COST,2026-07-24 15:10:00+00:00,929.295,933.79,1.6728515427947812,3.3568927280162733,121,rs_trailing_30m
rs_trailing_30m_001111,COST,2026-07-24 18:33:00+00:00,936.66,925.0,9.042000028591072,24.850603029683032,88,rs_trailing_30m
rs_trailing_30m_001112,COST,2026-07-27 14:00:00+00:00,956.61,943.14,7.369878455205339,0.8821799647128941,121,rs_trailing_30m
rs_trailing_30m_001113,COST,2026-07-27 15:10:00+00:00,945.5,953.82,4.829862757998063,2.935249927324542,121,rs_trailing_30m
rs_trailing_30m_001114,COST,2026-07-27 15:40:00+00:00,953.82,945.5,0.9834001377948198,7.629114753207873,121,rs_trailing_30m
rs_trailing_30m_001115,COST,2026-07-27 17:01:00+00:00,954.345,947.94,10.116959920367538,1.3215446321395972,120,rs_trailing_30m
rs_trailing_30m_001116,COST,2026-07-27 19:09:00+00:00,949.06,952.47,3.1592886870974204,3.291713961406767,52,rs_trailing_30m
rs_trailing_30m_001117,COST,2026-07-28 14:00:00+00:00,986.6,972.3925,0.6127389931154165,7.678203144681444,121,rs_trailing_30m
rs_trailing_30m_001118,COST,2026-07-28 15:14:00+00:00,969.46,981.53,8.6972540499071,0.5926447449936579,121,rs_trailing_30m
rs_trailing_30m_001119,COST,2026-07-28 19:22:00+00:00,965.87,969.9899,4.012924585168616,3.676772158290209,39,rs_trailing_30m
rs_trailing_30m_001120,COST,2026-07-29 14:00:00+00:00,976.5,967.74,3.292401647540742,1.9899130836784298,120,rs_trailing_30m
rs_trailing_30m_001121,COST,2026-07-29 14:35:00+00:00,978.8,969.18,5.860631395623262,1.5236874027913907,120,rs_trailing_30m
rs_trailing_30m_001122,COST,2026-07-29 15:38:00+00:00,978.8,972.525,4.026663820774981,3.700343969855923,121,rs_trailing_30m
rs_trailing_30m_001123,COST,2026-07-29 16:04:00+00:00,978.8,972.0,2.314766103407029,7.224876019725037,121,rs_trailing_30m
rs_trailing_30m_001124,COST,2026-07-29 17:04:00+00:00,970.2108,977.23,6.855555671469273,4.3113700616545625,121,rs_trailing_30m
rs_trailing_30m_001125,COST,2026-07-29 18:06:00+00:00,969.72,975.3,3.638733787218018,4.631789444014926,115,rs_trailing_30m
rs_trailing_30m_001126,COST,2026-07-29 18:49:00+00:00,969.72,975.3,3.987472157905351,3.5041421993712025,72,rs_trailing_30m
rs_trailing_30m_001127,COST,2026-07-30 14:00:00+00:00,950.1,959.1434,1.072146526691977,4.912946003855072,121,rs_trailing_30m
rs_trailing_30m_001128,COST,2026-07-30 14:36:00+00:00,950.5001,957.2,0.5364645851441885,4.162527536711653,121,rs_trailing_30m
rs_trailing_30m_001129,COST,2026-07-30 16:12:00+00:00,949.68,954.91,3.020654854925804,2.9861987158962635,121,rs_trailing_30m
rs_trailing_30m_001130,COST,2026-07-31 14:00:00+00:00,955.56,945.5001,4.209999387042075,2.4701540567599745,121,rs_trailing_30m
rs_trailing_30m_001131,COST,2026-07-31 15:26:00+00:00,953.2275,949.68,1.9061758559603748,1.9196565904440008,121,rs_trailing_30m
rs_trailing_30m_001132,COST,2026-08-03 14:00:00+00:00,948.954,962.36,7.600972583452176,0.9147083837683052,121,rs_trailing_30m
rs_trailing_30m_001133,COST,2026-08-03 15:29:00+00:00,955.76,948.7501,0.0,7.862215741939149,121,rs_trailing_30m
rs_trailing_30m_001134,COST,2026-08-03 15:59:00+00:00,948.7501,953.5163,3.3479030153632583,3.6509896342373667,121,rs_trailing_30m
rs_trailing_30m_001135,COST,2026-08-05 14:00:00+00:00,935.22,945.88,4.585550180454535,1.7668819083882985,121,rs_trailing_30m
rs_trailing_30m_001136,COST,2026-08-05 14:39:00+00:00,945.88,935.22,0.286158378498327,9.882002670810403,121,rs_trailing_30m
rs_trailing_30m_001137,COST,2026-08-05 15:09:00+00:00,935.22,945.1699,4.701454192527662,7.673942386898561,121,rs_trailing_30m
rs_trailing_30m_001138,COST,2026-08-05 16:01:00+00:00,945.1699,938.99,9.477312847700682,1.0190841607592742,121,rs_trailing_30m
rs_trailing_30m_001139,COST,2026-08-05 16:43:00+00:00,939.39,942.49,1.578872042850402,4.179367172250952,121,rs_trailing_30m
rs_trailing_30m_001140,COST,2026-08-06 14:00:00+00:00,941.78,952.0,5.198505338576922,1.3931478326707076,121,rs_trailing_30m
rs_trailing_30m_001141,COST,2026-08-07 14:02:00+00:00,949.79,943.93,3.4229802913425025,1.1358070966727736,120,rs_trailing_30m
rs_trailing_30m_001142,COST,2026-08-10 14:11:00+00:00,940.56,947.79,1.273309176010045,4.391937188637739,119,rs_trailing_30m
rs_trailing_30m_001143,COST,2026-08-10 14:56:00+00:00,947.86,942.832,1.0852969619896156,5.185529428361318,119,rs_trailing_30m
rs_trailing_30m_001144,COST,2026-08-11 14:05:00+00:00,938.09,948.2999,9.222671624757679,1.3455163686893785,121,rs_trailing_30m
rs_trailing_30m_001145,COST,2026-08-11 15:08:00+00:00,938.09,942.98,2.0580139983836734,5.52291892221613,121,rs_trailing_30m
rs_trailing_30m_001146,COST,2026-08-12 14:00:00+00:00,948.8775,943.73,3.562846131726623,0.5700553810762888,120,rs_trailing_30m
rs_trailing_30m_001147,COST,2026-08-13 14:13:00+00:00,949.514,956.0,2.2404929645887592,4.061257845611769,118,rs_trailing_30m
rs_trailing_30m_001148,COST,2026-08-13 14:45:00+00:00,956.0,949.514,0.05310385503511967,8.557686238917354,116,rs_trailing_30m
rs_trailing_30m_001149,COST,2026-08-14 15:41:00+00:00,964.2,961.2001,1.3961077313805401,5.359027080504116,119,rs_trailing_30m
rs_trailing_30m_001150,CSCO,2026-07-01 14:01:00+00:00,117.12,114.99,0.4426468546035479,5.1034578530761685,121,rs_trailing_30m
rs_trailing_30m_001151,CSCO,2026-07-01 14:58:00+00:00,114.99,116.82,0.04909733345140437,8.935714688150991,121,rs_trailing_30m
rs_trailing_30m_001152,CSCO,2026-07-01 15:27:00+00:00,116.82,116.01,2.9876082966399693,1.7113484417646978,121,rs_trailing_30m
rs_trailing_30m_001153,CSCO,2026-07-02 14:05:00+00:00,112.285,115.63,9.395834988695194,0.9939395690520305,121,rs_trailing_30m
rs_trailing_30m_001154,CSCO,2026-07-02 15:40:00+00:00,111.9,112.94,5.585150657566716,0.6272094321331924,121,rs_trailing_30m
rs_trailing_30m_001155,CSCO,2026-07-06 14:00:00+00:00,115.48,114.295,3.58040201005012,0.8856783919597617,121,rs_trailing_30m
rs_trailing_30m_001156,CSCO,2026-07-06 14:38:00+00:00,115.48,114.475,1.2248354372916352,4.127162886526121,121,rs_trailing_30m
rs_trailing_30m_001157,CSCO,2026-07-07 14:00:00+00:00,113.72,111.82,0.6195939982347572,5.417475728155415,121,rs_trailing_30m
rs_trailing_30m_001158,CSCO,2026-07-07 14:32:00+00:00,111.82,113.15,2.2767217920617067,3.228805450560176,121,rs_trailing_30m
rs_trailing_30m_001159,CSCO,2026-07-08 14:00:00+00:00,113.03,111.93,0.9884998061765545,3.2756170047811857,121,rs_trailing_30m
rs_trailing_30m_001160,CSCO,2026-07-08 14:54:00+00:00,113.99,112.185,5.584111948701717,3.8800402272669023,121,rs_trailing_30m
rs_trailing_30m_001161,CSCO,2026-07-09 14:00:00+00:00,118.665,117.07,6.148865498126657,0.83151917768266,121,rs_trailing_30m
rs_trailing_30m_001162,CSCO,2026-07-09 16:01:00+00:00,117.345,118.78,5.996100359348824,8.109479994201314,121,rs_trailing_30m
rs_trailing_30m_001163,CSCO,2026-07-09 16:38:00+00:00,117.345,118.895,0.9452153851454808,15.333494025692708,121,rs_trailing_30m
rs_trailing_30m_001164,CSCO,2026-07-09 18:57:00+00:00,119.475,118.01,3.031131208225948,19.171904892030216,64,rs_trailing_30m
rs_trailing_30m_001165,CSCO,2026-07-09 19:29:00+00:00,118.01,118.835,7.328987020147361,2.5831675562813197,32,rs_trailing_30m
rs_trailing_30m_001166,CSCO,2026-07-10 14:00:00+00:00,120.45,118.55,7.207392197124466,1.245722108144971,121,rs_trailing_30m
rs_trailing_30m_001167,CSCO,2026-07-10 15:11:00+00:00,120.69,119.75,3.563798711207887,1.4361576895912134,121,rs_trailing_30m
rs_trailing_30m_001168,CSCO,2026-07-13 14:01:00+00:00,117.63,120.34,0.7522492680530014,7.741898717045176,121,rs_trailing_30m
rs_trailing_30m_001169,CSCO,2026-07-13 16:06:00+00:00,120.24,119.12,1.1272984876950567,9.394154064126228,121,rs_trailing_30m
rs_trailing_30m_001170,CSCO,2026-07-14 14:05:00+00:00,117.81,119.55,4.816516975157763,1.8880746542618232,121,rs_trailing_30m
rs_trailing_30m_001171,CSCO,2026-07-14 14:56:00+00:00,117.22,119.55,6.3817557788536385,5.372782533185065,121,rs_trailing_30m
rs_trailing_30m_001172,CSCO,2026-07-14 15:19:00+00:00,119.31,117.21,0.5668934240363472,11.337868480725978,121,rs_trailing_30m
rs_trailing_30m_001173,CSCO,2026-07-14 15:49:00+00:00,117.06,118.61,9.356359711413237,1.3861273646538383,121,rs_trailing_30m
rs_trailing_30m_001174,CSCO,2026-07-14 16:42:00+00:00,116.57,117.61,7.45562759060431,0.9724731639919015,121,rs_trailing_30m
rs_trailing_30m_001175,CSCO,2026-07-15 14:00:00+00:00,110.2162,115.29,16.0228697897452,2.6927333087421284,121,rs_trailing_30m
rs_trailing_30m_001176,CSCO,2026-07-15 14:24:00+00:00,110.2162,113.7225,11.73324635957292,1.0480018417972992,121,rs_trailing_30m
rs_trailing_30m_001177,CSCO,2026-07-15 16:16:00+00:00,112.57,110.81,8.47402137750488,1.025518510653449,121,rs_trailing_30m
rs_trailing_30m_001178,CSCO,2026-07-15 18:07:00+00:00,112.57,111.57,0.48773467233814494,9.266958774425309,114,rs_trailing_30m
rs_trailing_30m_001179,CSCO,2026-07-16 14:00:00+00:00,107.53,109.38,2.328497734203658,3.3395559608972962,121,rs_trailing_30m
rs_trailing_30m_001180,CSCO,2026-07-16 14:38:00+00:00,107.53,108.9,4.607559467608714,0.4830505893461128,121,rs_trailing_30m
rs_trailing_30m_001181,CSCO,2026-07-16 15:37:00+00:00,108.945,107.705,1.5725454296748875,6.38646001031258,121,rs_trailing_30m
rs_trailing_30m_001182,CSCO,2026-07-16 17:14:00+00:00,109.35,108.46,4.663204961777635,3.167459974037627,121,rs_trailing_30m
rs_trailing_30m_001183,CSCO,2026-07-16 19:17:00+00:00,109.82,109.16,4.58503766666156,1.5919879712169174,44,rs_trailing_30m
rs_trailing_30m_001184,CSCO,2026-07-17 14:00:00+00:00,112.58,111.39,1.786290614729047,1.9759851932843517,121,rs_trailing_30m
rs_trailing_30m_001185,CSCO,2026-07-17 14:36:00+00:00,112.57,111.46,0.456836593815934,3.952629659538058,121,rs_trailing_30m
rs_trailing_30m_001186,CSCO,2026-07-17 17:32:00+00:00,113.23,112.065,2.665601832318838,8.0427641492377,121,rs_trailing_30m
rs_trailing_30m_001187,CSCO,2026-07-20 14:08:00+00:00,112.84,111.36,0.5880303162296453,5.21386880390265,121,rs_trailing_30m
rs_trailing_30m_001188,CSCO,2026-07-20 15:05:00+00:00,111.36,112.12,1.2970797984867206,3.7582055699741868,121,rs_trailing_30m
rs_trailing_30m_001189,CSCO,2026-07-21 14:00:00+00:00,110.97,112.085,3.335175436045237,1.3132253279428072,121,rs_trailing_30m
rs_trailing_30m_001190,CSCO,2026-07-21 19:35:00+00:00,112.32,111.995,3.0513650843787805,2.1680751915321714,26,rs_trailing_30m
rs_trailing_30m_001191,CSCO,2026-07-22 14:00:00+00:00,113.57,112.73,1.1556271391180504,2.311254278236218,121,rs_trailing_30m
rs_trailing_30m_001192,CSCO,2026-07-23 14:00:00+00:00,113.35,112.14,0.45848775455619994,3.239980132197337,121,rs_trailing_30m
rs_trailing_30m_001193,CSCO,2026-07-23 14:21:00+00:00,113.35,112.14,0.1736851727710341,4.029496008288208,121,rs_trailing_30m
rs_trailing_30m_001194,CSCO,2026-07-24 14:10:00+00:00,114.05,112.22,2.8950779013712613,4.953799964568629,121,rs_trailing_30m
rs_trailing_30m_001195,CSCO,2026-07-24 14:39:00+00:00,112.22,114.57,0.6962959339252879,10.991528671249112,121,rs_trailing_30m
rs_trailing_30m_001196,CSCO,2026-07-24 15:54:00+00:00,114.57,113.4,7.611717176710365,1.2058165824491518,121,rs_trailing_30m
rs_trailing_30m_001197,CSCO,2026-07-24 16:32:00+00:00,114.57,113.38,0.7775763412836536,9.503710837912536,121,rs_trailing_30m
rs_trailing_30m_001198,CSCO,2026-07-27 14:01:00+00:00,112.735,114.14,3.854596070452738,1.1599478915714379,121,rs_trailing_30m
rs_trailing_30m_001199,CSCO,2026-07-28 14:01:00+00:00,117.04,113.145,9.36494000585378,0.33624119701869853,121,rs_trailing_30m
rs_trailing_30m_001200,CSCO,2026-07-28 14:31:00+00:00,117.04,113.73,8.196948187037679,0.8169715801034141,121,rs_trailing_30m
rs_trailing_30m_001201,CSCO,2026-07-28 14:51:00+00:00,114.09,117.04,0.751663517620978,10.619656364337816,121,rs_trailing_30m
rs_trailing_30m_001202,CSCO,2026-07-28 16:08:00+00:00,117.07,115.56,1.172464922156055,7.25811618477578,121,rs_trailing_30m
rs_trailing_30m_001203,CSCO,2026-07-28 17:25:00+00:00,114.405,116.35,17.04997565847832,2.867263173798181,121,rs_trailing_30m
rs_trailing_30m_001204,CSCO,2026-07-28 18:13:00+00:00,114.405,116.11,6.754084204955341,7.731090096238144,108,rs_trailing_30m
rs_trailing_30m_001205,CSCO,2026-07-29 14:10:00+00:00,117.12,114.47,1.3758786181393046,6.910663059290658,121,rs_trailing_30m
rs_trailing_30m_001206,CSCO,2026-07-29 14:41:00+00:00,114.22,116.19,7.432370569137148,1.031080310169291,121,rs_trailing_30m
rs_trailing_30m_001207,CSCO,2026-07-29 16:00:00+00:00,113.81,116.0284,7.557326099261949,6.895408571947341,121,rs_trailing_30m
rs_trailing_30m_001208,CSCO,2026-07-29 17:22:00+00:00,113.81,116.34,5.035308712663919,9.69224162611041,121,rs_trailing_30m
rs_trailing_30m_001209,CSCO,2026-07-29 18:47:00+00:00,116.34,112.246,2.990793368319855,19.683851168534535,74,rs_trailing_30m
rs_trailing_30m_001210,CSCO,2026-07-30 14:02:00+00:00,114.325,112.32,2.8078564653810267,2.738697439140138,121,rs_trailing_30m
rs_trailing_30m_001211,CSCO,2026-07-30 14:33:00+00:00,112.32,113.6901,3.1471778585434413,1.6438759014458546,121,rs_trailing_30m
rs_trailing_30m_001212,CSCO,2026-07-31 14:01:00+00:00,113.89,115.07,2.8192946807229324,0.8566917538108082,121,rs_trailing_30m
rs_trailing_30m_001213,CSCO,2026-07-31 15:00:00+00:00,113.94,115.67,0.7647572674184264,7.770920620542031,121,rs_trailing_30m
rs_trailing_30m_001214,CSCO,2026-08-03 14:11:00+00:00,115.92,115.0,1.4370212454035893,1.3166957839054807,121,rs_trailing_30m
rs_trailing_30m_001215,CSCO,2026-08-03 14:31:00+00:00,115.92,115.0,1.6424232474145022,2.0430142833692964,121,rs_trailing_30m
rs_trailing_30m_001216,CSCO,2026-08-03 15:50:00+00:00,114.84,115.705,2.9886879458174724,4.614885798688623,121,rs_trailing_30m
rs_trailing_30m_001217,CSCO,2026-08-03 16:56:00+00:00,114.84,116.11,1.114191163830048,15.533135636925957,121,rs_trailing_30m
rs_trailing_30m_001218,CSCO,2026-08-04 14:00:00+00:00,120.81,119.31,1.3876028288847941,3.040916837768815,121,rs_trailing_30m
rs_trailing_30m_001219,CSCO,2026-08-04 15:27:00+00:00,120.97,120.3,4.968661125991633,0.6737167628463049,121,rs_trailing_30m
rs_trailing_30m_001220,CSCO,2026-08-05 14:00:00+00:00,121.06,122.44,4.045688377364545,0.7672857267415499,121,rs_trailing_30m
rs_trailing_30m_001221,CSCO,2026-08-05 14:19:00+00:00,121.06,122.12,2.3591522596298167,1.45871246587798,121,rs_trailing_30m
rs_trailing_30m_001222,CSCO,2026-08-05 16:00:00+00:00,122.91,121.56,8.234000631375494,0.7304355398800834,121,rs_trailing_30m
rs_trailing_30m_001223,CSCO,2026-08-06 14:02:00+00:00,122.19,120.84,2.1996974044197732,2.6684853758534794,121,rs_trailing_30m
rs_trailing_30m_001224,CSCO,2026-08-06 14:28:00+00:00,122.19,120.46,0.4296816619339492,6.034225078464024,121,rs_trailing_30m
rs_trailing_30m_001225,CSCO,2026-08-06 14:58:00+00:00,120.46,121.625,5.52657428688683,1.2507510228217724,121,rs_trailing_30m
rs_trailing_30m_001226,CSCO,2026-08-06 16:24:00+00:00,119.99,122.12,6.366253135151868,15.504906829160134,121,rs_trailing_30m
rs_trailing_30m_001227,CSCO,2026-08-07 14:03:00+00:00,119.45,121.6,7.911497222459309,0.22712432217581977,121,rs_trailing_30m
rs_trailing_30m_001228,CSCO,2026-08-07 15:54:00+00:00,121.68,120.78,2.0330560984106913,6.283991576905331,121,rs_trailing_30m
rs_trailing_30m_001229,CSCO,2026-08-07 18:03:00+00:00,120.47,121.58,2.5194363459658793,13.931000971811159,118,rs_trailing_30m
rs_trailing_30m_001230,CSCO,2026-08-07 18:47:00+00:00,121.58,120.852,6.161235132848278,2.9925999216691888,74,rs_trailing_30m
rs_trailing_30m_001231,CSCO,2026-08-10 14:01:00+00:00,124.7103,123.05,0.5646952938110734,4.940669335164516,121,rs_trailing_30m
rs_trailing_30m_001232,CSCO,2026-08-10 19:45:00+00:00,122.27,123.4399,10.357622002343161,4.602108837831176,16,rs_trailing_30m
rs_trailing_30m_001233,CSCO,2026-08-11 14:00:00+00:00,120.72,122.585,2.65868011769665,4.527462519266039,121,rs_trailing_30m
rs_trailing_30m_001234,CSCO,2026-08-11 14:57:00+00:00,120.16,122.08,10.754045553973118,1.9914899174024048,121,rs_trailing_30m
rs_trailing_30m_001235,CSCO,2026-08-11 15:26:00+00:00,120.16,121.16,6.273007735071061,2.81830782300297,121,rs_trailing_30m
rs_trailing_30m_001236,CSCO,2026-08-11 16:13:00+00:00,120.16,121.09,1.3034652231204171,8.798390256062508,121,rs_trailing_30m
rs_trailing_30m_001237,CSCO,2026-08-12 14:00:00+00:00,124.205,122.845,2.1104470924897205,3.6879530000072336,121,rs_trailing_30m
rs_trailing_30m_001238,CSCO,2026-08-12 14:47:00+00:00,124.16,122.48,0.931565425178432,8.274492894231823,121,rs_trailing_30m
rs_trailing_30m_001239,CSCO,2026-08-12 15:15:00+00:00,122.3,123.34,6.770888102165394,0.6414525570472702,121,rs_trailing_30m
rs_trailing_30m_001240,CSCO,2026-08-12 17:45:00+00:00,124.45,122.99,16.48962497619504,0.46449647820274914,121,rs_trailing_30m
rs_trailing_30m_001241,CSCO,2026-08-12 18:45:00+00:00,124.65,123.17,4.2756080067796,10.440438156089527,76,rs_trailing_30m
rs_trailing_30m_001242,CSCO,2026-08-13 14:00:00+00:00,112.24,115.949,3.8489127402665986,3.6645700774432877,121,rs_trailing_30m
rs_trailing_30m_001243,CSCO,2026-08-13 15:15:00+00:00,112.095,113.785,6.486506306834998,0.3863436358302933,121,rs_trailing_30m
rs_trailing_30m_001244,CSCO,2026-08-13 17:15:00+00:00,113.34,111.74,0.4184052586453457,10.739068305230177,121,rs_trailing_30m
rs_trailing_30m_001245,CSCO,2026-08-13 17:50:00+00:00,111.74,113.11,5.803146725209386,4.38955970240199,121,rs_trailing_30m
rs_trailing_30m_001246,CSCO,2026-08-13 18:31:00+00:00,111.74,113.72,2.5818921093875664,14.469963716454032,90,rs_trailing_30m
rs_trailing_30m_001247,CSCO,2026-08-13 19:16:00+00:00,113.72,112.22,11.306718107862466,4.041768011407794,45,rs_trailing_30m
rs_trailing_30m_001248,CSCO,2026-08-14 14:00:00+00:00,110.055,111.8799,5.664149266991975,1.4891420806438045,121,rs_trailing_30m
rs_trailing_30m_001249,CSCO,2026-08-14 15:01:00+00:00,110.055,111.28,5.408194813225703,1.3867166187758293,121,rs_trailing_30m
rs_trailing_30m_001250,CSCO,2026-08-14 16:16:00+00:00,112.25,110.9,10.568775548878582,0.5779799128292407,121,rs_trailing_30m
rs_trailing_30m_001251,CSCO,2026-08-14 17:38:00+00:00,112.25,111.41,7.378660349779505,5.533995262334574,121,rs_trailing_30m
rs_trailing_30m_001252,CSCO,2026-08-14 18:31:00+00:00,111.41,112.06,1.07326342459017,5.902948835245401,90,rs_trailing_30m
rs_trailing_30m_001253,GILD,2026-07-01 14:00:00+00:00,125.5,126.94,1.1473111885141107,3.379067199048465,121,rs_trailing_30m
rs_trailing_30m_001254,GILD,2026-07-01 14:33:00+00:00,126.94,125.82,1.0503640606111941,3.7513002164684806,121,rs_trailing_30m
rs_trailing_30m_001255,GILD,2026-07-01 15:14:00+00:00,125.82,126.91,3.100750254160105,5.4557504471929015,121,rs_trailing_30m
rs_trailing_30m_001256,GILD,2026-07-01 16:58:00+00:00,126.91,125.56,1.50568667286959,14.130290314622785,121,rs_trailing_30m
rs_trailing_30m_001257,GILD,2026-07-01 19:13:00+00:00,125.125,126.345,0.25457504747201654,15.274502848324069,48,rs_trailing_30m
rs_trailing_30m_001258,GILD,2026-07-01 19:44:00+00:00,126.345,125.68,5.606801693858822,1.0512753175984224,17,rs_trailing_30m
rs_trailing_30m_001259,GILD,2026-07-02 14:00:00+00:00,131.58,127.72,12.645687645687545,0.8944938556588766,121,rs_trailing_30m
rs_trailing_30m_001260,GILD,2026-07-02 15:32:00+00:00,129.73,130.53,2.8209556706966348,1.7846862406447896,121,rs_trailing_30m
rs_trailing_30m_001261,GILD,2026-07-02 16:05:00+00:00,130.53,129.73,1.7146139368904745,4.249260626207178,121,rs_trailing_30m
rs_trailing_30m_001262,GILD,2026-07-06 14:00:00+00:00,127.88,129.25,2.159814450960989,1.2808201976628688,121,rs_trailing_30m
rs_trailing_30m_001263,GILD,2026-07-06 14:57:00+00:00,129.25,128.3,1.743395643441931,2.732890468098054,121,rs_trailing_30m
rs_trailing_30m_001264,GILD,2026-07-07 14:00:00+00:00,135.72,133.785,3.394875477482082,1.159082268741736,121,rs_trailing_30m
rs_trailing_30m_001265,GILD,2026-07-07 14:48:00+00:00,135.72,133.785,0.537609137592684,6.397548737352685,121,rs_trailing_30m
rs_trailing_30m_001266,GILD,2026-07-07 16:19:00+00:00,133.94,134.83,1.5773538068060253,3.5275366952207268,121,rs_trailing_30m
rs_trailing_30m_001267,GILD,2026-07-07 17:44:00+00:00,133.94,135.46,0.11934575050858763,18.02120832681335,121,rs_trailing_30m
rs_trailing_30m_001268,GILD,2026-07-07 18:44:00+00:00,136.6,134.78,17.051418574582478,4.059861565376718,77,rs_trailing_30m
rs_trailing_30m_001269,GILD,2026-07-08 14:01:00+00:00,137.0,134.5,2.450065247660095,3.1693504579823073,121,rs_trailing_30m
rs_trailing_30m_001270,GILD,2026-07-08 15:24:00+00:00,136.01,135.11,1.5177827879675412,4.05774582089257,121,rs_trailing_30m
rs_trailing_30m_001271,GILD,2026-07-08 16:17:00+00:00,135.05,135.88,3.418625504387899,4.688400691731952,121,rs_trailing_30m
rs_trailing_30m_001272,GILD,2026-07-08 18:00:00+00:00,136.07,134.0,4.384208634940991,17.223676780125892,121,rs_trailing_30m
rs_trailing_30m_001273,GILD,2026-07-08 19:01:00+00:00,134.0,136.07,11.718348207534422,7.3816366661632,60,rs_trailing_30m
rs_trailing_30m_001274,GILD,2026-07-08 19:43:00+00:00,136.07,135.31,2.487602766540639,2.5539388403149954,18,rs_trailing_30m
rs_trailing_30m_001275,GILD,2026-07-09 14:01:00+00:00,133.395,135.415,4.456363636363465,1.0527272727272292,121,rs_trailing_30m
rs_trailing_30m_001276,GILD,2026-07-09 14:50:00+00:00,133.395,134.54,5.264775473429634,0.6163639578649698,121,rs_trailing_30m
rs_trailing_30m_001277,GILD,2026-07-09 15:22:00+00:00,133.395,134.25,5.355010885596912,1.970644005899576,121,rs_trailing_30m
rs_trailing_30m_001278,GILD,2026-07-10 14:00:00+00:00,130.42,133.095,7.084098988476389,0.49588692919337946,121,rs_trailing_30m
rs_trailing_30m_001279,GILD,2026-07-10 15:48:00+00:00,129.265,130.73,11.226260618868716,1.280562047779482,121,rs_trailing_30m
rs_trailing_30m_001280,GILD,2026-07-10 17:32:00+00:00,130.47,129.645,3.3810907502901073,5.071636125434725,121,rs_trailing_30m
rs_trailing_30m_001281,GILD,2026-07-13 14:03:00+00:00,130.74,129.025,4.587077947652616,1.0929499803070535,121,rs_trailing_30m
rs_trailing_30m_001282,GILD,2026-07-13 14:37:00+00:00,130.74,129.89,3.5822032948559044,0.29168067540821124,121,rs_trailing_30m
rs_trailing_30m_001283,GILD,2026-07-13 19:20:00+00:00,131.67,131.125,3.3865123889672906,6.327431042544042,41,rs_trailing_30m
rs_trailing_30m_001284,GILD,2026-07-14 14:06:00+00:00,131.21,129.94,0.5566203481872355,3.6016610765052857,121,rs_trailing_30m
rs_trailing_30m_001285,GILD,2026-07-14 14:35:00+00:00,129.975,130.925,0.30266993046376633,4.1209675147761295,121,rs_trailing_30m
rs_trailing_30m_001286,GILD,2026-07-14 15:09:00+00:00,129.975,130.925,0.0,5.617117679051528,121,rs_trailing_30m
rs_trailing_30m_001287,GILD,2026-07-14 15:56:00+00:00,130.86,130.04,0.4323583612911965,7.446171777790249,121,rs_trailing_30m
rs_trailing_30m_001288,GILD,2026-07-15 14:05:00+00:00,132.5899,130.13,7.807485564304153,1.7480314960630001,121,rs_trailing_30m
rs_trailing_30m_001289,GILD,2026-07-15 14:31:00+00:00,132.95,131.155,6.980039708400573,1.3174247131749348,121,rs_trailing_30m
rs_trailing_30m_001290,GILD,2026-07-15 16:06:00+00:00,132.95,131.8,4.796365595469198,5.418116691178117,121,rs_trailing_30m
rs_trailing_30m_001291,GILD,2026-07-15 17:17:00+00:00,131.7301,132.32,5.260453916513804,1.2057718916783136,121,rs_trailing_30m
rs_trailing_30m_001292,GILD,2026-07-16 14:00:00+00:00,133.98,132.665,2.438121775475061,2.1420641313102986,121,rs_trailing_30m
rs_trailing_30m_001293,GILD,2026-07-16 15:24:00+00:00,132.73,134.68,2.234928389031162,10.971466637061681,121,rs_trailing_30m
rs_trailing_30m_001294,GILD,2026-07-16 16:29:00+00:00,135.46,133.285,18.54020875340655,1.1305005337442955,121,rs_trailing_30m
rs_trailing_30m_001295,GILD,2026-07-16 17:58:00+00:00,136.44,134.96,16.553595658064015,3.203921740270173,121,rs_trailing_30m
rs_trailing_30m_001296,GILD,2026-07-17 14:00:00+00:00,139.88,137.17,1.6713429893075031,6.137863046939861,121,rs_trailing_30m
rs_trailing_30m_001297,GILD,2026-07-17 14:56:00+00:00,138.9,135.4,1.5760693516791873,14.890326859894019,121,rs_trailing_30m
rs_trailing_30m_001298,GILD,2026-07-17 15:30:00+00:00,134.67,138.3306,23.48084544253977,0.6974900924704424,121,rs_trailing_30m
rs_trailing_30m_001299,GILD,2026-07-17 18:17:00+00:00,135.475,134.09,1.0416097481011228,10.499426260859243,104,rs_trailing_30m
rs_trailing_30m_001300,GILD,2026-07-17 18:47:00+00:00,134.09,134.91,3.357419063479247,3.7017697366567934,74,rs_trailing_30m
rs_trailing_30m_001301,GILD,2026-07-20 14:42:00+00:00,133.0699,133.91,0.6780098655289986,4.06467196653494,121,rs_trailing_30m
rs_trailing_30m_001302,GILD,2026-07-20 16:52:00+00:00,134.13,132.91,1.160368129279353,12.322004420443955,121,rs_trailing_30m
rs_trailing_30m_001303,GILD,2026-07-21 14:03:00+00:00,132.865,129.96,2.317698845480755,4.449050045093682,121,rs_trailing_30m
rs_trailing_30m_001304,GILD,2026-07-21 16:07:00+00:00,129.24,129.97,3.4943670040087715,3.591432754120318,121,rs_trailing_30m
rs_trailing_30m_001305,GILD,2026-07-22 14:03:00+00:00,132.86,131.16,1.9297297297298976,4.502702702702916,121,rs_trailing_30m
rs_trailing_30m_001306,GILD,2026-07-22 15:06:00+00:00,131.0,131.84,3.2466380442108984,2.813752971649623,121,rs_trailing_30m
rs_trailing_30m_001307,GILD,2026-07-22 19:16:00+00:00,130.23,130.79,5.521096765606397,3.5724743777452614,45,rs_trailing_30m
rs_trailing_30m_001308,GILD,2026-07-23 14:00:00+00:00,127.73,130.54,0.45687738918418785,7.3238829963165655,121,rs_trailing_30m
rs_trailing_30m_001309,GILD,2026-07-23 16:17:00+00:00,129.65,130.21,3.298057930477469,1.6270419123689046,121,rs_trailing_30m
rs_trailing_30m_001310,GILD,2026-07-24 14:00:00+00:00,129.44,130.76,1.3229336052697023,3.042747292120231,121,rs_trailing_30m
rs_trailing_30m_001311,GILD,2026-07-24 15:00:00+00:00,129.44,130.62,1.8187562857676276,4.587609138727184,120,rs_trailing_30m
rs_trailing_30m_001312,GILD,2026-07-24 18:42:00+00:00,130.34,129.04,6.941494204037267,17.1223523699588,79,rs_trailing_30m
rs_trailing_30m_001313,GILD,2026-07-27 14:00:00+00:00,133.0588,130.985,6.139534883720788,1.0586601874348196,121,rs_trailing_30m
rs_trailing_30m_001314,GILD,2026-07-27 15:05:00+00:00,131.21,132.63,6.052597414641884,1.9798215842286342,121,rs_trailing_30m
rs_trailing_30m_001315,GILD,2026-07-27 15:58:00+00:00,131.1,132.05,1.8671315642387307,5.844933592399033,121,rs_trailing_30m
rs_trailing_30m_001316,GILD,2026-07-27 17:01:00+00:00,132.05,131.1,2.241000184611572,9.645935467990148,121,rs_trailing_30m
rs_trailing_30m_001317,GILD,2026-07-27 17:34:00+00:00,131.05,131.735,2.447271893625983,5.535495949869099,121,rs_trailing_30m
rs_trailing_30m_001318,GILD,2026-07-28 14:00:00+00:00,136.26,133.19,7.05792918855488,2.724392531022276,121,rs_trailing_30m
rs_trailing_30m_001319,GILD,2026-07-28 18:29:00+00:00,135.19,133.96,7.403969727255922,10.452663144361471,92,rs_trailing_30m
rs_trailing_30m_001320,GILD,2026-07-29 14:02:00+00:00,134.5,132.6,1.9394528772569188,3.362648513805229,121,rs_trailing_30m
rs_trailing_30m_001321,GILD,2026-07-29 15:19:00+00:00,134.5,133.58,3.8059128431562312,1.5809176425416989,121,rs_trailing_30m
rs_trailing_30m_001322,GILD,2026-07-29 17:12:00+00:00,133.65,134.64,2.40567162536437,8.671607021661872,121,rs_trailing_30m
rs_trailing_30m_001323,GILD,2026-07-29 18:10:00+00:00,132.565,134.64,10.200360164040426,8.95416231594506,111,rs_trailing_30m
rs_trailing_30m_001324,GILD,2026-07-29 18:31:00+00:00,134.64,132.565,0.22219955705769306,18.220363678747503,90,rs_trailing_30m
rs_trailing_30m_001325,GILD,2026-07-29 18:50:00+00:00,132.565,134.34,12.52346123853738,2.033934765656267,71,rs_trailing_30m
rs_trailing_30m_001326,GILD,2026-07-30 14:00:00+00:00,128.28,130.205,3.7759519573873517,2.9543327814743248,121,rs_trailing_30m
rs_trailing_30m_001327,GILD,2026-07-30 14:56:00+00:00,130.21,128.88,4.509510756707362,2.2294210482597707,121,rs_trailing_30m
rs_trailing_30m_001328,GILD,2026-07-31 14:04:00+00:00,130.6,129.11,2.805978264758043,1.1382742017414107,121,rs_trailing_30m
rs_trailing_30m_001329,GILD,2026-07-31 15:18:00+00:00,130.505,129.795,0.16424517226901242,4.500317720169932,121,rs_trailing_30m
rs_trailing_30m_001330,GILD,2026-07-31 15:56:00+00:00,129.795,130.43,0.11593137875996333,4.791830322073799,121,rs_trailing_30m
rs_trailing_30m_001331,GILD,2026-08-03 14:00:00+00:00,129.04,130.785,3.153069863853673,2.9603822610625925,121,rs_trailing_30m
rs_trailing_30m_001332,GILD,2026-08-03 16:31:00+00:00,129.075,129.98,2.8122071404825046,5.532210768162128,121,rs_trailing_30m
rs_trailing_30m_001333,GILD,2026-08-04 14:01:00+00:00,131.56,130.25,0.3381922089195862,3.689369551849538,121,rs_trailing_30m
rs_trailing_30m_001334,GILD,2026-08-04 14:28:00+00:00,130.25,131.36,2.32481525502525,1.9055862746108179,121,rs_trailing_30m
rs_trailing_30m_001335,GILD,2026-08-04 15:27:00+00:00,130.25,131.73,3.338895934850227,8.71370402509695,121,rs_trailing_30m
rs_trailing_30m_001336,GILD,2026-08-04 16:34:00+00:00,132.2,131.11,6.084889191840079,4.969326173335916,121,rs_trailing_30m
rs_trailing_30m_001337,GILD,2026-08-04 18:52:00+00:00,135.87,132.3,36.52159680225573,0.99843214279547,69,rs_trailing_30m
rs_trailing_30m_001338,GILD,2026-08-05 14:00:00+00:00,129.6,133.62,4.572754276793689,0.9475076429392263,121,rs_trailing_30m
rs_trailing_30m_001339,GILD,2026-08-05 16:08:00+00:00,131.07,129.8348,1.1225528582614415,4.777776037587966,121,rs_trailing_30m
rs_trailing_30m_001340,GILD,2026-08-05 18:21:00+00:00,132.29,130.78,11.528736373603328,0.3541250080628016,100,rs_trailing_30m
rs_trailing_30m_001341,GILD,2026-08-05 19:08:00+00:00,130.79,132.17,0.7232707792138543,8.350489905467889,53,rs_trailing_30m
rs_trailing_30m_001342,GILD,2026-08-05 19:44:00+00:00,132.17,131.3,2.1425819755717526,3.8704706655493144,17,rs_trailing_30m
rs_trailing_30m_001343,GILD,2026-08-06 14:00:00+00:00,129.59,132.94,9.57999667104383,1.2622292911172137,121,rs_trailing_30m
rs_trailing_30m_001344,GILD,2026-08-06 16:50:00+00:00,129.02,130.115,3.1996791064349877,7.105169780465815,121,rs_trailing_30m
rs_trailing_30m_001345,GILD,2026-08-06 18:04:00+00:00,131.26,129.43,15.182190217603091,6.780978239482849,117,rs_trailing_30m
rs_trailing_30m_001346,GILD,2026-08-06 19:14:00+00:00,131.26,130.12,9.242802735572672,4.99610958679624,47,rs_trailing_30m
rs_trailing_30m_001347,GILD,2026-08-07 14:00:00+00:00,134.02,132.1,2.936836876172796,1.9032719669617244,121,rs_trailing_30m
rs_trailing_30m_001348,GILD,2026-08-07 14:27:00+00:00,132.1,134.02,0.5295426184146804,5.824968802561672,121,rs_trailing_30m
rs_trailing_30m_001349,GILD,2026-08-07 14:51:00+00:00,134.02,132.66,3.738575095707167,3.630210600179521,121,rs_trailing_30m
rs_trailing_30m_001350,GILD,2026-08-07 16:03:00+00:00,132.69,133.855,0.5390529332306987,8.432328026966742,121,rs_trailing_30m
rs_trailing_30m_001351,GILD,2026-08-07 16:29:00+00:00,133.855,133.325,4.2203994293863305,0.3915834522112533,121,rs_trailing_30m
rs_trailing_30m_001352,GILD,2026-08-07 19:05:00+00:00,133.0,134.09,1.7250201992990775,16.18233234580743,56,rs_trailing_30m
rs_trailing_30m_001353,GILD,2026-08-07 19:36:00+00:00,134.09,133.0,2.1296094261393645,12.378354789435411,25,rs_trailing_30m
rs_trailing_30m_001354,GILD,2026-08-10 14:03:00+00:00,132.14,134.07,1.1302503182012036,4.929147221043929,121,rs_trailing_30m
rs_trailing_30m_001355,GILD,2026-08-10 16:34:00+00:00,133.82,132.62,2.0820375696557147,14.365922164294949,121,rs_trailing_30m
rs_trailing_30m_001356,GILD,2026-08-11 14:00:00+00:00,135.49,134.0087,0.31937286782321805,3.623019041397752,121,rs_trailing_30m
rs_trailing_30m_001357,GILD,2026-08-11 14:43:00+00:00,135.49,134.26,2.700660280142129,3.0266020380902785,121,rs_trailing_30m
rs_trailing_30m_001358,GILD,2026-08-11 16:47:00+00:00,136.85,135.51,13.687679685854174,0.6416099852744382,121,rs_trailing_30m
rs_trailing_30m_001359,GILD,2026-08-12 14:00:00+00:00,137.12,135.61,3.5864662414204287,1.2981409783367825,121,rs_trailing_30m
rs_trailing_30m_001360,GILD,2026-08-12 14:57:00+00:00,137.12,136.32,3.802788138053083,1.442436879951131,121,rs_trailing_30m
rs_trailing_30m_001361,GILD,2026-08-12 17:26:00+00:00,135.45,136.08,7.838715934436951,1.479003006497871,121,rs_trailing_30m
rs_trailing_30m_001362,GILD,2026-08-13 14:04:00+00:00,136.745,137.63,0.3582339068392574,2.8121361686883177,121,rs_trailing_30m
rs_trailing_30m_001363,GILD,2026-08-13 15:04:00+00:00,137.63,136.77,1.3048620897925247,5.2962049526876775,121,rs_trailing_30m
rs_trailing_30m_001364,GILD,2026-08-13 19:29:00+00:00,138.3,137.155,14.406345386893447,1.155225809326467,32,rs_trailing_30m
rs_trailing_30m_001365,GILD,2026-08-14 14:01:00+00:00,138.1435,136.7275,3.8852267186739113,1.3617747440273749,121,rs_trailing_30m
rs_trailing_30m_001366,GILD,2026-08-14 14:17:00+00:00,138.1435,136.7275,2.0096518987342193,3.8156645569622385,121,rs_trailing_30m
rs_trailing_30m_001367,GOOGL,2026-07-01 14:04:00+00:00,357.58,362.97,0.7188310157907273,4.978961888785761,121,rs_trailing_30m
rs_trailing_30m_001368,GOOGL,2026-07-01 14:35:00+00:00,362.97,358.09,3.162942345264756,3.011121112692114,121,rs_trailing_30m
rs_trailing_30m_001369,GOOGL,2026-07-01 15:13:00+00:00,357.76,362.525,6.300891698438544,2.7017316727936147,121,rs_trailing_30m
rs_trailing_30m_001370,GOOGL,2026-07-01 15:39:00+00:00,357.76,360.22,4.494302838489397,0.3126471539819184,121,rs_trailing_30m
rs_trailing_30m_001371,GOOGL,2026-07-02 14:01:00+00:00,364.2,355.39,1.504693212345997,10.072902596185399,121,rs_trailing_30m
rs_trailing_30m_001372,GOOGL,2026-07-02 14:33:00+00:00,364.2,354.21,0.6553575090366858,11.595805506076402,121,rs_trailing_30m
rs_trailing_30m_001373,GOOGL,2026-07-02 15:02:00+00:00,353.48,361.47,11.697465635489925,2.335980374654978,121,rs_trailing_30m
rs_trailing_30m_001374,GOOGL,2026-07-02 17:38:00+00:00,359.64,355.24,12.159275440575502,1.0163173138283765,121,rs_trailing_30m
rs_trailing_30m_001375,GOOGL,2026-07-02 19:24:00+00:00,360.61,358.68,5.132870786651604,2.0197939196572015,37,rs_trailing_30m
rs_trailing_30m_001376,GOOGL,2026-07-06 14:00:00+00:00,357.3805,363.88,0.8808296282280854,10.647467127044655,121,rs_trailing_30m
rs_trailing_30m_001377,GOOGL,2026-07-07 14:00:00+00:00,372.29,367.25,1.1551949238260812,5.694431448036646,121,rs_trailing_30m
rs_trailing_30m_001378,GOOGL,2026-07-07 14:46:00+00:00,367.25,369.98,2.4899016591475505,1.4392495139581065,121,rs_trailing_30m
rs_trailing_30m_001379,GOOGL,2026-07-07 19:41:00+00:00,365.5,368.14,3.614803298116705,6.646573806214458,20,rs_trailing_30m
rs_trailing_30m_001380,GOOGL,2026-07-08 14:00:00+00:00,359.75,363.19,3.7175761602224853,1.7710341364150375,121,rs_trailing_30m
rs_trailing_30m_001381,GOOGL,2026-07-09 14:02:00+00:00,351.08,357.04,7.154696724687869,1.5035758599090572,121,rs_trailing_30m
rs_trailing_30m_001382,GOOGL,2026-07-09 15:03:00+00:00,352.23,355.71,0.6001489831198317,5.367046620472153,121,rs_trailing_30m
rs_trailing_30m_001383,GOOGL,2026-07-09 16:46:00+00:00,357.4,354.82,6.787902807839444,1.2088046096152023,121,rs_trailing_30m
rs_trailing_30m_001384,GOOGL,2026-07-10 14:06:00+00:00,352.75,356.7486,3.244333833395279,3.8060972895474237,121,rs_trailing_30m
rs_trailing_30m_001385,GOOGL,2026-07-13 14:15:00+00:00,354.11,356.61,2.0896921952583387,2.007743481718869,121,rs_trailing_30m
rs_trailing_30m_001386,GOOGL,2026-07-13 19:41:00+00:00,351.75,353.19,4.944026301170177,1.7408543313979532,20,rs_trailing_30m
rs_trailing_30m_001387,GOOGL,2026-07-14 14:23:00+00:00,358.68,355.22,5.040098736361161,0.4095080223293315,121,rs_trailing_30m
rs_trailing_30m_001388,GOOGL,2026-07-14 17:29:00+00:00,360.03,357.32,6.070574576013925,5.353909521901102,121,rs_trailing_30m
rs_trailing_30m_001389,GOOGL,2026-07-14 19:03:00+00:00,360.16,359.09,3.271738731127058,1.5238235186072275,58,rs_trailing_30m
rs_trailing_30m_001390,GOOGL,2026-07-15 14:00:00+00:00,372.43,363.5,13.544516275379223,1.5178777594567674,121,rs_trailing_30m
rs_trailing_30m_001391,GOOGL,2026-07-15 15:14:00+00:00,373.65,368.81,6.71214788732453,1.0691205616936523,121,rs_trailing_30m
rs_trailing_30m_001392,GOOGL,2026-07-15 16:10:00+00:00,373.65,369.8,2.1042448603109625,6.701562435555879,121,rs_trailing_30m
rs_trailing_30m_001393,GOOGL,2026-07-15 17:30:00+00:00,369.8,373.29,2.967909718364612,6.198466314460666,121,rs_trailing_30m
rs_trailing_30m_001394,GOOGL,2026-07-16 14:00:00+00:00,369.28,374.34,1.3964999542131697,6.041699801911361,121,rs_trailing_30m
rs_trailing_30m_001395,GOOGL,2026-07-16 14:30:00+00:00,374.34,369.99,1.2239678480087028,4.073803434417008,121,rs_trailing_30m
rs_trailing_30m_001396,GOOGL,2026-07-16 18:07:00+00:00,352.3001,370.47,40.450739864412185,16.437153870243833,114,rs_trailing_30m
rs_trailing_30m_001397,GOOGL,2026-07-17 14:00:00+00:00,344.69,348.52,3.570071909398168,1.5896923973924146,121,rs_trailing_30m
rs_trailing_30m_001398,GOOGL,2026-07-17 15:32:00+00:00,348.52,345.27,1.6750318239679352,5.535370067284809,121,rs_trailing_30m
rs_trailing_30m_001399,GOOGL,2026-07-17 16:13:00+00:00,343.13,347.96,7.748350532561254,4.170290573257502,121,rs_trailing_30m
rs_trailing_30m_001400,GOOGL,2026-07-17 17:29:00+00:00,342.8,345.875,9.048922296784982,0.838589629380181,121,rs_trailing_30m
rs_trailing_30m_001401,GOOGL,2026-07-17 18:44:00+00:00,347.415,344.135,8.846680540431008,1.940350007009138,77,rs_trailing_30m
rs_trailing_30m_001402,GOOGL,2026-07-20 14:00:00+00:00,359.68,356.0,1.400647172130158,3.37192837735046,121,rs_trailing_30m
rs_trailing_30m_001403,GOOGL,2026-07-20 14:45:00+00:00,354.5,357.9,4.436883253785281,1.084051844615371,121,rs_trailing_30m
rs_trailing_30m_001404,GOOGL,2026-07-20 16:08:00+00:00,352.075,355.99,11.11500972772174,0.4428290728177015,121,rs_trailing_30m
rs_trailing_30m_001405,GOOGL,2026-07-20 17:13:00+00:00,350.74,353.71,5.7795306007408636,3.6778831095622855,121,rs_trailing_30m
rs_trailing_30m_001406,GOOGL,2026-07-21 14:42:00+00:00,347.6925,350.47,0.33011564595883464,5.886129822860155,121,rs_trailing_30m
rs_trailing_30m_001407,GOOGL,2026-07-21 15:25:00+00:00,347.6925,350.045,0.5037169902830082,5.496253742075684,121,rs_trailing_30m
rs_trailing_30m_001408,GOOGL,2026-07-22 15:32:00+00:00,346.99,348.72,0.6709664516773801,4.605269736513692,121,rs_trailing_30m
rs_trailing_30m_001409,GOOGL,2026-07-23 14:09:00+00:00,314.9,320.84,3.8170458912682843,2.133939041575177,121,rs_trailing_30m
rs_trailing_30m_001410,GOOGL,2026-07-23 15:08:00+00:00,314.9,321.55,2.6321030270847348,8.58807974862908,121,rs_trailing_30m
rs_trailing_30m_001411,GOOGL,2026-07-23 15:39:00+00:00,321.55,317.87,6.281193195548668,1.5809806002401616,121,rs_trailing_30m
rs_trailing_30m_001412,GOOGL,2026-07-23 16:47:00+00:00,318.31,321.01,1.3477280727375582,4.819841073688791,121,rs_trailing_30m
rs_trailing_30m_001413,GOOGL,2026-07-24 14:00:00+00:00,323.2899,317.62,0.3526258282244656,8.955349886161878,121,rs_trailing_30m
rs_trailing_30m_001414,GOOGL,2026-07-24 14:25:00+00:00,317.62,322.12,4.109494175841965,1.7306207116644077,121,rs_trailing_30m
rs_trailing_30m_001415,GOOGL,2026-07-24 16:00:00+00:00,318.56,320.83,4.122842752388314,2.287330568105884,121,rs_trailing_30m
rs_trailing_30m_001416,GOOGL,2026-07-27 14:00:00+00:00,330.42,324.45,4.256076801036791,6.286984818128975,121,rs_trailing_30m
rs_trailing_30m_001417,GOOGL,2026-07-28 14:00:00+00:00,325.46,333.67,0.7947963676892689,14.205843123641518,121,rs_trailing_30m
rs_trailing_30m_001418,GOOGL,2026-07-28 14:16:00+00:00,333.67,326.66,10.300285102992879,0.4126226970041374,121,rs_trailing_30m
rs_trailing_30m_001419,GOOGL,2026-07-28 15:06:00+00:00,334.7274,328.88,11.173757866426072,2.5890242349641928,121,rs_trailing_30m
rs_trailing_30m_001420,GOOGL,2026-07-29 14:22:00+00:00,335.6,332.21,2.9639876316461646,2.3778082595183614,121,rs_trailing_30m
rs_trailing_30m_001421,GOOGL,2026-07-29 14:58:00+00:00,336.4,332.355,4.490580488766272,4.683357933991173,121,rs_trailing_30m
rs_trailing_30m_001422,GOOGL,2026-07-29 16:11:00+00:00,340.43,333.98,15.804490586696291,2.3018973856289273,121,rs_trailing_30m
rs_trailing_30m_001423,GOOGL,2026-07-29 18:04:00+00:00,342.5,335.2701,7.655824401690001,12.398829526490657,117,rs_trailing_30m
rs_trailing_30m_001424,GOOGL,2026-07-29 19:26:00+00:00,335.2701,337.31,3.1566682861232844,1.2240975053338703,35,rs_trailing_30m
rs_trailing_30m_001425,GOOGL,2026-07-30 14:00:00+00:00,331.1,335.25,2.648086003043676,3.525822374839113,121,rs_trailing_30m
rs_trailing_30m_001426,GOOGL,2026-07-30 14:21:00+00:00,334.773,331.1,1.6062356993987454,2.786693357854804,121,rs_trailing_30m
rs_trailing_30m_001427,GOOGL,2026-07-30 14:58:00+00:00,335.33,331.1,3.5080224447714223,3.55813705112535,121,rs_trailing_30m
rs_trailing_30m_001428,GOOGL,2026-07-30 17:26:00+00:00,332.02,334.94,2.820341269452301,6.8683605032542205,121,rs_trailing_30m
rs_trailing_30m_001429,GOOGL,2026-07-30 18:21:00+00:00,332.05,334.94,1.6209729990072208,5.698733199634883,100,rs_trailing_30m
rs_trailing_30m_001430,GOOGL,2026-07-30 18:49:00+00:00,334.94,333.26,1.1374788992264377,3.8913751815642095,72,rs_trailing_30m
rs_trailing_30m_001431,GOOGL,2026-07-31 14:00:00+00:00,353.71,343.455,10.339337287600028,2.2682612717743647,121,rs_trailing_30m
rs_trailing_30m_001432,GOOGL,2026-07-31 15:26:00+00:00,348.39,354.61,1.5113634748162035,7.478481426548175,121,rs_trailing_30m
rs_trailing_30m_001433,GOOGL,2026-07-31 16:06:00+00:00,354.9,352.08,4.730106561607236,0.40023978598220566,121,rs_trailing_30m
rs_trailing_30m_001434,GOOGL,2026-07-31 18:17:00+00:00,358.58,354.6,8.954715445956106,2.945039971374412,104,rs_trailing_30m
rs_trailing_30m_001435,GOOGL,2026-08-03 14:00:00+00:00,375.7699,366.67,4.268332858795519,4.660930384440737,121,rs_trailing_30m
rs_trailing_30m_001436,GOOGL,2026-08-03 15:10:00+00:00,376.6932,369.38,11.484771124245512,1.2541763042918648,121,rs_trailing_30m
rs_trailing_30m_001437,GOOGL,2026-08-04 14:00:00+00:00,378.09,374.71,3.2414852578948596,0.8773945058963968,121,rs_trailing_30m
rs_trailing_30m_001438,GOOGL,2026-08-04 14:43:00+00:00,374.71,377.6625,1.690966844435668,2.8893814199645496,121,rs_trailing_30m
rs_trailing_30m_001439,GOOGL,2026-08-05 14:00:00+00:00,371.8,382.35,9.379721978766547,4.899652750813118,121,rs_trailing_30m
rs_trailing_30m_001440,GOOGL,2026-08-05 14:29:00+00:00,382.35,356.77,1.5799583316003658,27.920285553317363,121,rs_trailing_30m
rs_trailing_30m_001441,GOOGL,2026-08-05 15:38:00+00:00,356.77,378.445,50.490998045327395,0.8889260219247777,121,rs_trailing_30m
rs_trailing_30m_001442,GOOGL,2026-08-05 17:31:00+00:00,360.8101,364.99,2.0608486968452646,4.273544617327352,121,rs_trailing_30m
rs_trailing_30m_001443,GOOGL,2026-08-05 18:04:00+00:00,364.99,361.04,0.6062122957667753,8.262449068229213,117,rs_trailing_30m
rs_trailing_30m_001444,GOOGL,2026-08-06 14:05:00+00:00,358.68,362.465,5.042982093013297,0.5463845898725168,121,rs_trailing_30m
rs_trailing_30m_001445,GOOGL,2026-08-06 14:29:00+00:00,358.68,362.14,2.6302379365762203,2.2364055182653018,121,rs_trailing_30m
rs_trailing_30m_001446,GOOGL,2026-08-07 14:00:00+00:00,353.78,357.49,4.310901985419244,2.52390415385654,121,rs_trailing_30m
rs_trailing_30m_001447,GOOGL,2026-08-07 14:40:00+00:00,353.78,357.49,1.7271668414854946,5.554411547049582,121,rs_trailing_30m
rs_trailing_30m_001448,GOOGL,2026-08-07 15:11:00+00:00,357.49,354.3,0.7451263317415026,6.682851787806754,121,rs_trailing_30m
rs_trailing_30m_001449,GOOGL,2026-08-10 14:04:00+00:00,353.32,357.18,0.9887700203620604,7.587976673115749,121,rs_trailing_30m
rs_trailing_30m_001450,GOOGL,2026-08-10 14:56:00+00:00,353.32,355.1199,1.845190000365458,2.6127395052153877,121,rs_trailing_30m
rs_trailing_30m_001451,GOOGL,2026-08-11 14:00:00+00:00,349.12,352.63,4.655524225235052,2.298046000541472,121,rs_trailing_30m
rs_trailing_30m_001452,GOOGL,2026-08-11 15:42:00+00:00,346.44,350.2399,13.172337755690377,0.9471449630253833,121,rs_trailing_30m
rs_trailing_30m_001453,GOOGL,2026-08-11 17:01:00+00:00,344.512,347.93,14.196134820219521,2.0974813031888986,121,rs_trailing_30m
rs_trailing_30m_001454,GOOGL,2026-08-12 15:07:00+00:00,340.88,343.17,1.6233095647897569,4.00737644455347,121,rs_trailing_30m
rs_trailing_30m_001455,GOOGL,2026-08-14 14:04:00+00:00,344.7901,348.51,6.022926179252253,2.3529694034613438,121,rs_trailing_30m
rs_trailing_30m_001456,HON,2026-07-01 14:38:00+00:00,222.5,225.02,5.508181608665823,0.2996082046555199,121,rs_trailing_30m
rs_trailing_30m_001457,HON,2026-07-01 16:21:00+00:00,220.6,223.35,12.34929596010447,1.4558113123699945,121,rs_trailing_30m
rs_trailing_30m_001458,HON,2026-07-01 17:24:00+00:00,220.6,222.79,6.527003435264248,6.01171369037479,121,rs_trailing_30m
rs_trailing_30m_001459,HON,2026-07-02 14:29:00+00:00,224.36,220.79,2.2687503771193476,6.347673927472029,121,rs_trailing_30m
rs_trailing_30m_001460,HON,2026-07-02 15:24:00+00:00,220.79,224.0,4.04852061889279,7.554828654898135,121,rs_trailing_30m
rs_trailing_30m_001461,HON,2026-07-02 16:00:00+00:00,226.49,221.83,17.56637083569631,0.544091132079035,121,rs_trailing_30m
rs_trailing_30m_001462,HON,2026-07-02 17:12:00+00:00,227.175,223.54,18.38644662159841,1.6539532193342485,121,rs_trailing_30m
rs_trailing_30m_001463,HON,2026-07-02 17:33:00+00:00,228.01,224.675,17.475247986711715,1.5084497447812302,121,rs_trailing_30m
rs_trailing_30m_001464,HON,2026-07-02 19:23:00+00:00,230.13,226.985,13.641437014196875,1.7633455386393821,38,rs_trailing_30m
rs_trailing_30m_001465,HON,2026-07-06 14:02:00+00:00,222.85,227.18,5.570798644578012,0.8274926368603955,121,rs_trailing_30m
rs_trailing_30m_001466,HON,2026-07-06 15:05:00+00:00,223.43,226.975,3.077535847052689,5.125369850542706,121,rs_trailing_30m
rs_trailing_30m_001467,HON,2026-07-06 15:23:00+00:00,223.43,228.02,0.41620976192215225,13.229524575384037,121,rs_trailing_30m
rs_trailing_30m_001468,HON,2026-07-06 15:51:00+00:00,228.02,224.71,8.26194819012868,2.698792695372682,120,rs_trailing_30m
rs_trailing_30m_001469,HON,2026-07-06 17:08:00+00:00,228.24,226.3525,4.5642399110508025,3.4871646049382568,120,rs_trailing_30m
rs_trailing_30m_001470,HON,2026-07-06 17:56:00+00:00,231.79,226.3525,18.07108957551879,8.998207825826539,121,rs_trailing_30m
rs_trailing_30m_001471,HON,2026-07-06 18:25:00+00:00,226.3525,231.86,2.1935605347391034,23.731406514779025,96,rs_trailing_30m
rs_trailing_30m_001472,HON,2026-07-07 14:01:00+00:00,222.05,230.135,10.790432180304581,0.7646200286705864,121,rs_trailing_30m
rs_trailing_30m_001473,HON,2026-07-07 16:31:00+00:00,222.635,224.9099,2.0507541729053758,7.5683399878004245,121,rs_trailing_30m
rs_trailing_30m_001474,HON,2026-07-07 17:20:00+00:00,225.785,223.42,8.2291423684006,2.9881035689294633,121,rs_trailing_30m
rs_trailing_30m_001475,HON,2026-07-07 18:36:00+00:00,225.785,223.9,3.1122448979589405,10.530968201232877,85,rs_trailing_30m
rs_trailing_30m_001476,HON,2026-07-08 14:00:00+00:00,218.7,221.17,3.0995881909402327,1.4848326663186286,121,rs_trailing_30m
rs_trailing_30m_001477,HON,2026-07-08 16:03:00+00:00,222.69,220.4,11.295007590848648,0.9635551499302597,121,rs_trailing_30m
rs_trailing_30m_001478,HON,2026-07-08 18:40:00+00:00,220.3,221.87,3.720455920525945,5.625329351835188,81,rs_trailing_30m
rs_trailing_30m_001479,HON,2026-07-09 14:00:00+00:00,218.1,221.25,1.5912668537403956,5.092053931969278,121,rs_trailing_30m
rs_trailing_30m_001480,HON,2026-07-09 14:34:00+00:00,221.5,219.16,5.632982861157615,1.5307018644450012,121,rs_trailing_30m
rs_trailing_30m_001481,HON,2026-07-10 14:00:00+00:00,222.22,227.49,1.7047073912215873,18.947724681738723,121,rs_trailing_30m
rs_trailing_30m_001482,HON,2026-07-10 17:11:00+00:00,228.775,226.93,1.6001165840862082,14.801078402796794,121,rs_trailing_30m
rs_trailing_30m_001483,HON,2026-07-10 17:37:00+00:00,226.93,228.06,1.1767580636863884,7.688152682750699,121,rs_trailing_30m
rs_trailing_30m_001484,HON,2026-07-13 14:00:00+00:00,220.61,223.966,8.5749979178821,0.648621637378317,119,rs_trailing_30m
rs_trailing_30m_001485,HON,2026-07-14 14:00:00+00:00,222.215,224.42,4.804225441203814,1.3726358403438899,119,rs_trailing_30m
rs_trailing_30m_001486,HON,2026-07-14 14:34:00+00:00,222.215,224.15,3.4237959957538195,3.699908576056503,120,rs_trailing_30m
rs_trailing_30m_001487,HON,2026-07-14 15:01:00+00:00,222.215,223.49,0.6487893537573965,5.056082549971058,121,rs_trailing_30m
rs_trailing_30m_001488,HON,2026-07-15 14:01:00+00:00,225.91,222.605,7.55453394004784,2.6781442041563346,118,rs_trailing_30m
rs_trailing_30m_001489,HON,2026-07-15 15:24:00+00:00,220.54,224.33,20.71072192241431,2.443742999694928,119,rs_trailing_30m
rs_trailing_30m_001490,HON,2026-07-15 16:13:00+00:00,220.54,222.76,11.812029115055086,2.3624058230110534,119,rs_trailing_30m
rs_trailing_30m_001491,HON,2026-07-15 16:52:00+00:00,222.76,221.4,2.8638742114740903,4.217705656898349,119,rs_trailing_30m
rs_trailing_30m_001492,HON,2026-07-15 18:30:00+00:00,221.24,223.01,2.034376603385734,11.815033350432874,90,rs_trailing_30m
rs_trailing_30m_001493,HON,2026-07-16 14:00:00+00:00,225.695,223.14,5.618616016251904,0.7334034180506229,121,rs_trailing_30m
rs_trailing_30m_001494,HON,2026-07-16 14:37:00+00:00,222.8,225.695,1.6864397680911105,7.793643976809595,121,rs_trailing_30m
rs_trailing_30m_001495,HON,2026-07-16 15:05:00+00:00,225.695,222.8,2.32206609554351,10.731101567754736,119,rs_trailing_30m
rs_trailing_30m_001496,HON,2026-07-16 16:20:00+00:00,222.8,225.91,5.164790366584672,14.665454127339043,115,rs_trailing_30m
rs_trailing_30m_001497,HON,2026-07-16 17:03:00+00:00,225.91,223.29,9.952944942381658,6.540866410584928,117,rs_trailing_30m
rs_trailing_30m_001498,HON,2026-07-17 14:00:00+00:00,229.86,227.24,3.0685609281803248,3.1637101042478437,121,rs_trailing_30m
rs_trailing_30m_001499,HON,2026-07-17 15:33:00+00:00,225.9,228.78,11.24566029444161,4.195341683146871,120,rs_trailing_30m
rs_trailing_30m_001500,HON,2026-07-17 16:20:00+00:00,225.02,227.175,11.592706926491477,1.0886552189852543,120,rs_trailing_30m
rs_trailing_30m_001501,HON,2026-07-20 14:07:00+00:00,227.77,224.515,5.9026306667181805,0.36590532681129184,121,rs_trailing_30m
rs_trailing_30m_001502,HON,2026-07-20 14:53:00+00:00,227.77,225.8,7.243567274470112,1.3527143705335878,121,rs_trailing_30m
rs_trailing_30m_001503,HON,2026-07-20 15:09:00+00:00,227.77,226.06,1.6847596762438515,6.317848785914178,120,rs_trailing_30m
rs_trailing_30m_001504,HON,2026-07-21 14:04:00+00:00,231.9,228.82,5.801918863790644,1.1785147692074966,120,rs_trailing_30m
rs_trailing_30m_001505,HON,2026-07-21 18:04:00+00:00,229.33,230.92,15.425854744075732,0.9255512846442867,117,rs_trailing_30m
rs_trailing_30m_001506,HON,2026-07-22 14:00:00+00:00,238.1084,233.6835,1.6210271312318834,6.934415322236759,121,rs_trailing_30m
rs_trailing_30m_001507,HON,2026-07-22 14:31:00+00:00,233.05,236.08,6.377926038750147,0.23053270262831316,121,rs_trailing_30m
rs_trailing_30m_001508,HON,2026-07-23 14:00:00+00:00,250.27,245.68,0.9383287785570654,2.5632395902046174,121,rs_trailing_30m
rs_trailing_30m_001509,HON,2026-07-23 15:10:00+00:00,244.48,249.16,2.4126655191044923,5.538936332591926,121,rs_trailing_30m
rs_trailing_30m_001510,HON,2026-07-23 17:18:00+00:00,246.24,242.605,0.23499499191004056,11.154428949327396,121,rs_trailing_30m
rs_trailing_30m_001511,HON,2026-07-23 17:47:00+00:00,242.605,246.0,5.687582050364841,4.610733182162462,121,rs_trailing_30m
rs_trailing_30m_001512,HON,2026-07-23 18:36:00+00:00,246.355,243.555,5.561348025892641,2.878638138063624,85,rs_trailing_30m
rs_trailing_30m_001513,HON,2026-07-23 19:22:00+00:00,246.355,244.16,4.176223640129343,5.130183354879811,39,rs_trailing_30m
rs_trailing_30m_001514,HON,2026-07-24 14:00:00+00:00,242.35,245.39,3.2517138037931645,1.766159274141455,121,rs_trailing_30m
rs_trailing_30m_001515,HON,2026-07-24 14:55:00+00:00,239.115,244.26,13.54313269837318,3.5771173589068894,121,rs_trailing_30m
rs_trailing_30m_001516,HON,2026-07-24 16:04:00+00:00,239.115,242.2499,9.038016048614134,0.7109006189014214,121,rs_trailing_30m
rs_trailing_30m_001517,HON,2026-07-24 17:05:00+00:00,241.8675,240.27,0.7416933208978667,4.834095291498875,121,rs_trailing_30m
rs_trailing_30m_001518,HON,2026-07-24 18:23:00+00:00,243.47,240.76,12.447219023378345,4.2517728347183095,98,rs_trailing_30m
rs_trailing_30m_001519,HON,2026-07-24 19:13:00+00:00,243.47,242.1,4.701982926404675,3.350162835063243,48,rs_trailing_30m
rs_trailing_30m_001520,HON,2026-07-27 14:00:00+00:00,242.61,247.6,4.402982472742856,4.047356965328996,118,rs_trailing_30m
rs_trailing_30m_001521,HON,2026-07-27 15:30:00+00:00,242.53,245.22,6.030241889779418,6.166262383533716,117,rs_trailing_30m
rs_trailing_30m_001522,HON,2026-07-27 16:32:00+00:00,245.22,243.18,4.007579643839547,8.37948470984634,118,rs_trailing_30m
rs_trailing_30m_001523,HON,2026-07-28 14:27:00+00:00,246.09,249.48,7.502073890618622,0.6492179328419514,119,rs_trailing_30m
rs_trailing_30m_001524,HON,2026-07-28 16:52:00+00:00,247.06,248.26,3.658234126984078,3.7822420634918994,117,rs_trailing_30m
rs_trailing_30m_001525,HON,2026-07-29 14:00:00+00:00,240.4,243.69,8.285361842107006,0.831307208238198,119,rs_trailing_30m
rs_trailing_30m_001526,HON,2026-07-29 15:20:00+00:00,240.32,242.41,6.744961117281831,4.311484949478159,121,rs_trailing_30m
rs_trailing_30m_001527,HON,2026-07-29 15:40:00+00:00,240.32,242.41,2.676413778766404,8.18514893506201,121,rs_trailing_30m
rs_trailing_30m_001528,HON,2026-07-30 14:00:00+00:00,237.36,239.85,2.7942942166611835,1.7832009145798535,120,rs_trailing_30m
rs_trailing_30m_001529,HON,2026-07-30 14:32:00+00:00,237.36,239.78,1.932912734555427,4.064072929065436,118,rs_trailing_30m
rs_trailing_30m_001530,HON,2026-07-31 14:07:00+00:00,243.5,239.17,9.51455052174412,1.7110635815671331,120,rs_trailing_30m
rs_trailing_30m_001531,HON,2026-07-31 14:26:00+00:00,243.5,240.36,8.486334362678933,0.4108575901797293,120,rs_trailing_30m
rs_trailing_30m_001532,HON,2026-07-31 15:29:00+00:00,244.82,242.1,16.166938084749773,1.493331630318382,119,rs_trailing_30m
rs_trailing_30m_001533,HON,2026-08-03 14:05:00+00:00,249.64,244.31,2.660276668773887,12.265275588662897,119,rs_trailing_30m
rs_trailing_30m_001534,HON,2026-08-03 14:43:00+00:00,243.56,248.29,16.520470606066464,1.401966542257956,116,rs_trailing_30m
rs_trailing_30m_001535,HON,2026-08-03 15:50:00+00:00,242.2,247.11,24.640431207547476,2.365041388224451,117,rs_trailing_30m
rs_trailing_30m_001536,HON,2026-08-03 16:56:00+00:00,242.2,245.43,3.939393939394597,11.118881118883081,120,rs_trailing_30m
rs_trailing_30m_001537,HON,2026-08-03 18:28:00+00:00,247.18,244.55,15.690800378145005,3.6832864737429665,92,rs_trailing_30m
rs_trailing_30m_001538,HON,2026-08-03 19:16:00+00:00,247.18,245.76,6.1702613632639824,3.2509979225799843,44,rs_trailing_30m
rs_trailing_30m_001539,HON,2026-08-04 14:00:00+00:00,246.62,248.77,0.23440650625083226,5.365304476407741,121,rs_trailing_30m
rs_trailing_30m_001540,HON,2026-08-04 14:38:00+00:00,248.84,247.15,2.232906560063692,3.8535645472066418,121,rs_trailing_30m
rs_trailing_30m_001541,HON,2026-08-05 14:02:00+00:00,250.6099,246.74,0.8351113457685568,8.961182673599886,119,rs_trailing_30m
rs_trailing_30m_001542,HON,2026-08-05 14:22:00+00:00,246.74,249.61,7.181745534653484,1.031360013822654,119,rs_trailing_30m
rs_trailing_30m_001543,HON,2026-08-05 14:42:00+00:00,246.74,248.79,5.897512613728054,2.3269097387497824,120,rs_trailing_30m
rs_trailing_30m_001544,HON,2026-08-05 15:55:00+00:00,249.06,247.79,4.280745931331271,3.714176616890352,119,rs_trailing_30m
rs_trailing_30m_001545,HON,2026-08-06 14:00:00+00:00,241.52,247.68,14.341538236800922,1.4060331604707115,120,rs_trailing_30m
rs_trailing_30m_001546,HON,2026-08-06 15:00:00+00:00,241.48,244.17,7.951790852041579,1.1893704265873946,121,rs_trailing_30m
rs_trailing_30m_001547,HON,2026-08-06 15:54:00+00:00,241.48,242.885,0.34403993119210935,5.698161360368371,120,rs_trailing_30m
rs_trailing_30m_001548,HON,2026-08-06 18:26:00+00:00,239.925,242.0,5.642699978707698,9.08510185251066,95,rs_trailing_30m
rs_trailing_30m_001549,HON,2026-08-07 14:03:00+00:00,246.02,241.41,13.041469799253946,0.4084576670907708,121,rs_trailing_30m
rs_trailing_30m_001550,HON,2026-08-10 14:01:00+00:00,241.88,244.91,5.709074007490195,2.528304203317112,120,rs_trailing_30m
rs_trailing_30m_001551,HON,2026-08-10 15:05:00+00:00,244.91,243.04,3.575838649928659,6.045482609591736,121,rs_trailing_30m
rs_trailing_30m_001552,HON,2026-08-11 14:16:00+00:00,232.66,243.79,24.914331340864557,4.091579519367905,121,rs_trailing_30m
rs_trailing_30m_001553,HON,2026-08-11 16:01:00+00:00,236.25,231.22,1.1117821750333705,9.853442021864579,120,rs_trailing_30m
rs_trailing_30m_001554,HON,2026-08-11 16:42:00+00:00,231.22,234.785,11.972095553942712,2.113884858534425,120,rs_trailing_30m
rs_trailing_30m_001555,HON,2026-08-11 17:22:00+00:00,230.92,233.25,8.9354431548786,1.8240310316160901,121,rs_trailing_30m
rs_trailing_30m_001556,HON,2026-08-11 18:23:00+00:00,233.04,229.7,2.08257244938468,14.093687971418083,98,rs_trailing_30m
rs_trailing_30m_001557,HON,2026-08-11 18:57:00+00:00,229.7,232.95,8.864302522396184,7.504437930892043,64,rs_trailing_30m
rs_trailing_30m_001558,HON,2026-08-11 19:19:00+00:00,232.95,229.7,1.4362772378952722,12.708877377740665,42,rs_trailing_30m
rs_trailing_30m_001559,HON,2026-08-12 14:00:00+00:00,231.8899,229.61,1.3703274338563673,3.3284385707293573,120,rs_trailing_30m
rs_trailing_30m_001560,HON,2026-08-12 15:30:00+00:00,233.93,231.2,16.605224519116568,0.6971659149248267,121,rs_trailing_30m
rs_trailing_30m_001561,HON,2026-08-12 17:32:00+00:00,235.4,233.525,8.383707793191409,4.937861793447405,120,rs_trailing_30m
rs_trailing_30m_001562,HON,2026-08-13 14:00:00+00:00,232.5,234.56,5.266375788566471,0.4585498707722539,115,rs_trailing_30m
rs_trailing_30m_001563,INTC,2026-07-01 14:01:00+00:00,127.95,134.17,8.522057622207232,1.6401705578753738,121,rs_trailing_30m
rs_trailing_30m_001564,INTC,2026-07-01 16:53:00+00:00,126.88,129.209,8.264656240934778,1.1019541654579705,121,rs_trailing_30m
rs_trailing_30m_001565,INTC,2026-07-01 17:46:00+00:00,126.73,129.47,6.03299233701924,6.585632856440941,121,rs_trailing_30m
rs_trailing_30m_001566,INTC,2026-07-01 18:39:00+00:00,126.6805,129.47,4.324746900787853,8.314206980561131,82,rs_trailing_30m
rs_trailing_30m_001567,INTC,2026-07-02 14:00:00+00:00,130.74,122.12,0.9157965702242445,13.978857081347408,121,rs_trailing_30m
rs_trailing_30m_001568,INTC,2026-07-02 17:04:00+00:00,121.2,118.5,2.0304590471494457,5.089332416881123,121,rs_trailing_30m
rs_trailing_30m_001569,INTC,2026-07-02 17:34:00+00:00,117.63,120.71,5.480161804759353,3.4504722474410667,121,rs_trailing_30m
rs_trailing_30m_001570,INTC,2026-07-02 18:46:00+00:00,117.63,120.71,5.157685316310995,4.770238422354013,75,rs_trailing_30m
rs_trailing_30m_001571,INTC,2026-07-02 19:03:00+00:00,117.63,120.54,6.081694100757305,2.7671708158446067,58,rs_trailing_30m
rs_trailing_30m_001572,INTC,2026-07-06 14:00:00+00:00,127.3,123.98,4.473184547840231,1.914330591441282,121,rs_trailing_30m
rs_trailing_30m_001573,INTC,2026-07-06 14:56:00+00:00,123.95,126.54,4.158016304876695,1.9958478263408217,121,rs_trailing_30m
rs_trailing_30m_001574,INTC,2026-07-06 16:00:00+00:00,122.41,124.97,7.0851244716381405,2.2643181301111777,121,rs_trailing_30m
rs_trailing_30m_001575,INTC,2026-07-06 16:59:00+00:00,122.0609,124.6503,10.922668298432042,3.0851358182337894,121,rs_trailing_30m
rs_trailing_30m_001576,INTC,2026-07-06 17:23:00+00:00,122.0609,123.86,7.860151259546931,2.5408476600256242,121,rs_trailing_30m
rs_trailing_30m_001577,INTC,2026-07-06 18:31:00+00:00,122.0,124.15,1.27810030992206,10.171548299796669,90,rs_trailing_30m
rs_trailing_30m_001578,INTC,2026-07-06 19:19:00+00:00,124.15,122.0,4.992039925588338,6.737889954209347,42,rs_trailing_30m
rs_trailing_30m_001579,INTC,2026-07-07 14:00:00+00:00,108.36,112.58,7.989901562561341,0.5248045143620184,121,rs_trailing_30m
rs_trailing_30m_001580,INTC,2026-07-07 15:08:00+00:00,112.34,108.7601,5.502595084029212,2.72234860754329,121,rs_trailing_30m
rs_trailing_30m_001581,INTC,2026-07-07 16:12:00+00:00,112.34,109.695,5.868928722626592,1.8931176153640181,121,rs_trailing_30m
rs_trailing_30m_001582,INTC,2026-07-07 17:36:00+00:00,108.3,111.26,9.607029960159057,0.5671413035514503,121,rs_trailing_30m
rs_trailing_30m_001583,INTC,2026-07-07 18:40:00+00:00,108.3,110.6,9.010994333317607,2.3142990910706387,81,rs_trailing_30m
rs_trailing_30m_001584,INTC,2026-07-08 14:01:00+00:00,104.41,109.71,8.919037146675693,0.7676220495089492,121,rs_trailing_30m
rs_trailing_30m_001585,INTC,2026-07-08 16:13:00+00:00,108.22,105.66,7.652166939709156,1.2928318573938016,121,rs_trailing_30m
rs_trailing_30m_001586,INTC,2026-07-08 18:18:00+00:00,110.49,107.21,11.315703727842255,3.50086642278556,103,rs_trailing_30m
rs_trailing_30m_001587,INTC,2026-07-08 19:44:00+00:00,110.49,107.8901,11.229883009681691,2.2247588506276657,17,rs_trailing_30m
rs_trailing_30m_001588,INTC,2026-07-09 14:02:00+00:00,115.9261,112.25,1.2670846987877575,6.888982647060031,121,rs_trailing_30m
rs_trailing_30m_001589,INTC,2026-07-09 15:18:00+00:00,111.8,113.71,2.8847796467517886,1.9697834592357724,121,rs_trailing_30m
rs_trailing_30m_001590,INTC,2026-07-09 16:05:00+00:00,113.71,111.8,0.8454385258611731,6.84402616173352,121,rs_trailing_30m
rs_trailing_30m_001591,INTC,2026-07-09 17:06:00+00:00,113.5,112.11,1.7445723947073415,5.387650042478486,121,rs_trailing_30m
rs_trailing_30m_001592,INTC,2026-07-09 17:50:00+00:00,111.84,113.15,5.478729470801914,2.116123023114035,121,rs_trailing_30m
rs_trailing_30m_001593,INTC,2026-07-09 18:48:00+00:00,113.15,111.51,0.38593346338377515,10.16291453577235,73,rs_trailing_30m
rs_trailing_30m_001594,INTC,2026-07-09 19:30:00+00:00,111.51,112.6,2.487188753902997,3.6742561137203076,31,rs_trailing_30m
rs_trailing_30m_001595,INTC,2026-07-10 14:08:00+00:00,109.74,107.9201,1.205224199810063,3.3172242975802955,121,rs_trailing_30m
rs_trailing_30m_001596,INTC,2026-07-10 14:51:00+00:00,109.85,107.9201,1.6815293647400769,3.7271098369464015,121,rs_trailing_30m
rs_trailing_30m_001597,INTC,2026-07-10 15:28:00+00:00,110.6585,108.2,3.4107519385594145,5.158827663840535,121,rs_trailing_30m
rs_trailing_30m_001598,INTC,2026-07-10 16:12:00+00:00,110.85,109.1,7.0373336883267115,0.8576172409455196,121,rs_trailing_30m
rs_trailing_30m_001599,INTC,2026-07-10 17:24:00+00:00,110.85,109.6701,3.7891671164262615,3.540075966641459,121,rs_trailing_30m
rs_trailing_30m_001600,INTC,2026-07-13 14:00:00+00:00,106.17,103.8,1.5308524625117745,4.890599459882787,121,rs_trailing_30m
rs_trailing_30m_001601,INTC,2026-07-13 15:24:00+00:00,105.5,102.6101,0.644521275659389,9.7032678050517,121,rs_trailing_30m
rs_trailing_30m_001602,INTC,2026-07-13 15:50:00+00:00,102.6101,104.75,8.18303044520719,1.3862721667928601,121,rs_trailing_30m
rs_trailing_30m_001603,INTC,2026-07-13 17:03:00+00:00,103.89,102.2,0.5697562190605899,7.45431053270907,121,rs_trailing_30m
rs_trailing_30m_001604,INTC,2026-07-13 17:31:00+00:00,101.79,103.34,6.168657661288924,1.6048540257012336,121,rs_trailing_30m
rs_trailing_30m_001605,INTC,2026-07-13 18:30:00+00:00,101.79,103.61,2.5788544959931436,7.6244393794580905,91,rs_trailing_30m
rs_trailing_30m_001606,INTC,2026-07-13 19:43:00+00:00,103.61,102.445,5.415299292793537,1.6732666354137669,18,rs_trailing_30m
rs_trailing_30m_001607,INTC,2026-07-14 14:00:00+00:00,103.5905,107.16,7.3207978213081635,2.0470415130383213,121,rs_trailing_30m
rs_trailing_30m_001608,INTC,2026-07-14 14:55:00+00:00,107.2,104.5,6.058788638542555,0.8696469736995625,121,rs_trailing_30m
rs_trailing_30m_001609,INTC,2026-07-14 16:54:00+00:00,106.265,109.19,0.3971627946168127,13.269909843668616,121,rs_trailing_30m
rs_trailing_30m_001610,INTC,2026-07-14 17:21:00+00:00,109.19,106.75,9.355686965278142,3.1287955041113884,121,rs_trailing_30m
rs_trailing_30m_001611,INTC,2026-07-14 17:42:00+00:00,109.19,107.0,11.707129833992836,1.1121773342293062,121,rs_trailing_30m
rs_trailing_30m_001612,INTC,2026-07-14 18:25:00+00:00,109.19,107.36,7.52383005220715,5.843751496859896,96,rs_trailing_30m
rs_trailing_30m_001613,INTC,2026-07-14 19:20:00+00:00,107.36,108.78,2.3182732072498102,4.761184758975373,41,rs_trailing_30m
rs_trailing_30m_001614,INTC,2026-07-15 14:00:00+00:00,100.63,106.68,14.300825504281061,1.6328751036195785,121,rs_trailing_30m
rs_trailing_30m_001615,INTC,2026-07-15 15:59:00+00:00,99.2,102.3697,5.783378337835368,5.818883888390415,121,rs_trailing_30m
rs_trailing_30m_001616,INTC,2026-07-15 18:16:00+00:00,101.06,103.5,1.8880886593886321,9.348341411119408,105,rs_trailing_30m
rs_trailing_30m_001617,INTC,2026-07-15 18:36:00+00:00,101.06,103.5,2.4707898426539505,9.122916342106972,85,rs_trailing_30m
rs_trailing_30m_001618,INTC,2026-07-15 19:06:00+00:00,103.5,101.06,6.281502357598654,5.242456854837978,55,rs_trailing_30m
rs_trailing_30m_001619,INTC,2026-07-15 19:28:00+00:00,103.5,101.68,7.662253594933492,0.8931461245627914,33,rs_trailing_30m
rs_trailing_30m_001620,INTC,2026-07-16 14:06:00+00:00,100.98,97.55,1.048190010692068,6.941347181916328,121,rs_trailing_30m
rs_trailing_30m_001621,INTC,2026-07-16 15:55:00+00:00,95.53,98.67,10.101864538034137,1.308155120033195,121,rs_trailing_30m
rs_trailing_30m_001622,INTC,2026-07-16 16:45:00+00:00,95.48,97.25,5.100507807456898,2.239247330103073,121,rs_trailing_30m
rs_trailing_30m_001623,INTC,2026-07-16 17:21:00+00:00,95.48,97.06,3.0528909952606478,4.2555450236966905,121,rs_trailing_30m
rs_trailing_30m_001624,INTC,2026-07-16 18:17:00+00:00,97.3,95.51,4.804812602790211,4.646412187313604,104,rs_trailing_30m
rs_trailing_30m_001625,INTC,2026-07-17 14:03:00+00:00,96.1212,92.58,4.938204033749336,2.6944475852603818,121,rs_trailing_30m
rs_trailing_30m_001626,INTC,2026-07-17 16:39:00+00:00,95.3,98.05,0.6847557650985537,8.282284015953596,121,rs_trailing_30m
rs_trailing_30m_001627,INTC,2026-07-17 19:16:00+00:00,94.69,96.2,1.316034985422702,6.0412875913573485,45,rs_trailing_30m
rs_trailing_30m_001628,INTC,2026-07-20 14:00:00+00:00,99.49,97.06,1.8225736541107598,4.4152488522120175,121,rs_trailing_30m
rs_trailing_30m_001629,INTC,2026-07-20 14:53:00+00:00,97.06,99.4,1.3093741375609422,4.943555417321999,121,rs_trailing_30m
rs_trailing_30m_001630,INTC,2026-07-20 16:05:00+00:00,99.4,98.06,1.0707624794296493,4.907661364052347,121,rs_trailing_30m
rs_trailing_30m_001631,INTC,2026-07-20 16:44:00+00:00,97.9,99.028,3.0851348414147486,2.666984333983426,121,rs_trailing_30m
rs_trailing_30m_001632,INTC,2026-07-20 17:21:00+00:00,99.028,97.29,0.8673523764409291,8.100276595922233,121,rs_trailing_30m
rs_trailing_30m_001633,INTC,2026-07-20 19:13:00+00:00,96.92,98.1734,2.8540322653204298,4.025283198819285,48,rs_trailing_30m
rs_trailing_30m_001634,INTC,2026-07-21 14:00:00+00:00,101.22,104.76,3.2707651294599898,4.883114136940271,121,rs_trailing_30m
rs_trailing_30m_001635,INTC,2026-07-21 15:44:00+00:00,103.57,105.655,0.2852907951447802,8.865960095266907,121,rs_trailing_30m
rs_trailing_30m_001636,INTC,2026-07-21 16:14:00+00:00,105.655,104.0001,7.119137466305743,1.8021563342314133,121,rs_trailing_30m
rs_trailing_30m_001637,INTC,2026-07-21 17:01:00+00:00,105.655,104.7,4.495027692561322,1.50211039963768,121,rs_trailing_30m
rs_trailing_30m_001638,INTC,2026-07-21 19:14:00+00:00,104.62,106.34,1.2498794716032369,11.395959888147026,47,rs_trailing_30m
rs_trailing_30m_001639,INTC,2026-07-21 19:35:00+00:00,106.34,105.29,5.085094404989488,1.8491252381778847,26,rs_trailing_30m
rs_trailing_30m_001640,INTC,2026-07-22 14:00:00+00:00,106.85,104.695,2.6929088539427655,3.5598856512254913,121,rs_trailing_30m
rs_trailing_30m_001641,INTC,2026-07-22 15:23:00+00:00,106.85,104.46,2.2647442437077463,7.1487144388342045,121,rs_trailing_30m
rs_trailing_30m_001642,INTC,2026-07-22 15:46:00+00:00,104.44,105.885,4.883343704334844,1.2794786998257761,121,rs_trailing_30m
rs_trailing_30m_001643,INTC,2026-07-22 16:39:00+00:00,103.48,105.3295,11.31322817122322,0.9941746301869048,121,rs_trailing_30m
rs_trailing_30m_001644,INTC,2026-07-22 18:14:00+00:00,102.52,104.74,11.576665455113552,6.002128874812587,107,rs_trailing_30m
rs_trailing_30m_001645,INTC,2026-07-22 18:56:00+00:00,104.74,102.52,1.7646662090068475,14.544904915036344,65,rs_trailing_30m
rs_trailing_30m_001646,INTC,2026-07-22 19:39:00+00:00,102.52,104.14,9.258178252037787,2.2789361851170513,22,rs_trailing_30m
rs_trailing_30m_001647,INTC,2026-07-23 14:00:00+00:00,104.18,100.1,4.313773581050319,5.859750240155066,121,rs_trailing_30m
rs_trailing_30m_001648,INTC,2026-07-23 16:03:00+00:00,102.87,99.42,4.700344460927526,8.699249317125664,121,rs_trailing_30m
rs_trailing_30m_001649,INTC,2026-07-23 18:40:00+00:00,105.5,99.38,32.72972156731548,3.6399372600964375,81,rs_trailing_30m
rs_trailing_30m_001650,INTC,2026-07-23 19:24:00+00:00,105.5,99.38,28.239447583618656,5.949557206044266,37,rs_trailing_30m
rs_trailing_30m_001651,INTC,2026-07-24 14:00:00+00:00,95.37,98.1499,2.2051322683200683,1.993530192435397,121,rs_trailing_30m
rs_trailing_30m_001652,INTC,2026-07-24 16:16:00+00:00,94.98,96.44,2.116358163444527,2.2355896092724077,121,rs_trailing_30m
rs_trailing_30m_001653,INTC,2026-07-24 18:10:00+00:00,91.58,95.4799,17.569152458531956,1.4108856780411263,111,rs_trailing_30m
rs_trailing_30m_001654,INTC,2026-07-27 14:00:00+00:00,86.94,91.23,9.273182056682126,0.13153449725790736,121,rs_trailing_30m
rs_trailing_30m_001655,INTC,2026-07-27 18:01:00+00:00,92.5,89.7701,12.137406078271542,3.4249934581868606,120,rs_trailing_30m
rs_trailing_30m_001656,INTC,2026-07-27 18:53:00+00:00,92.5,90.65,9.12128484400747,1.2949972309392708,68,rs_trailing_30m
rs_trailing_30m_001657,INTC,2026-07-28 14:00:00+00:00,83.1,88.2799,4.018870810245081,8.372408302843269,121,rs_trailing_30m
rs_trailing_30m_001658,INTC,2026-07-28 15:33:00+00:00,88.2799,86.0701,4.386267440794853,2.1193864894477987,121,rs_trailing_30m
rs_trailing_30m_001659,INTC,2026-07-28 16:55:00+00:00,87.47,85.98,0.655404749691461,5.644937682826387,121,rs_trailing_30m
rs_trailing_30m_001660,INTC,2026-07-28 17:45:00+00:00,85.98,88.0995,2.384716060713286,8.603122397290809,121,rs_trailing_30m
rs_trailing_30m_001661,INTC,2026-07-28 18:29:00+00:00,85.98,88.0995,0.08880276031575109,12.133109609115358,92,rs_trailing_30m
rs_trailing_30m_001662,INTC,2026-07-28 18:56:00+00:00,88.0995,86.22,7.761761117458689,3.252380083193374,65,rs_trailing_30m
rs_trailing_30m_001663,INTC,2026-07-29 14:00:00+00:00,82.26,85.88,6.241017862758373,2.5498322007378564,121,rs_trailing_30m
rs_trailing_30m_001664,INTC,2026-07-29 15:19:00+00:00,81.82,84.6,4.429746226767299,3.8909933072955813,121,rs_trailing_30m
rs_trailing_30m_001665,INTC,2026-07-29 18:00:00+00:00,87.23,81.7279,9.596343681966475,15.427373177060892,121,rs_trailing_30m
rs_trailing_30m_001666,INTC,2026-07-30 14:00:00+00:00,94.1,90.26,5.270044868217733,2.1157114434450683,121,rs_trailing_30m
rs_trailing_30m_001667,INTC,2026-07-30 17:11:00+00:00,92.7178,91.09,0.35470766289641664,8.433620094529005,121,rs_trailing_30m
rs_trailing_30m_001668,INTC,2026-07-30 17:31:00+00:00,91.09,92.45,6.711491442543936,1.0899003197293424,121,rs_trailing_30m
rs_trailing_30m_001669,INTC,2026-07-30 18:36:00+00:00,90.89,92.4,4.726658725294422,5.925960192906449,85,rs_trailing_30m
rs_trailing_30m_001670,INTC,2026-07-30 19:40:00+00:00,90.89,91.6659,4.127869207450387,0.9966327414467747,21,rs_trailing_30m
rs_trailing_30m_001671,INTC,2026-07-31 14:00:00+00:00,91.335,94.03,3.916111598768012,1.7428271458324007,121,rs_trailing_30m
rs_trailing_30m_001672,INTC,2026-07-31 15:00:00+00:00,91.335,93.6299,3.382547339868738,1.42402101323638,121,rs_trailing_30m
rs_trailing_30m_001673,INTC,2026-07-31 16:32:00+00:00,93.3299,91.692,3.25822426600622,3.9544335597697695,121,rs_trailing_30m
rs_trailing_30m_001674,INTC,2026-07-31 17:03:00+00:00,91.8101,93.3299,1.9864648248306915,5.960440257500781,121,rs_trailing_30m
rs_trailing_30m_001675,INTC,2026-07-31 17:35:00+00:00,93.3299,92.06,2.7101938168483377,5.113573239336541,121,rs_trailing_30m
rs_trailing_30m_001676,INTC,2026-07-31 19:38:00+00:00,90.11,92.13,12.906399067952137,0.6369391747820469,23,rs_trailing_30m
rs_trailing_30m_001677,INTC,2026-08-03 14:00:00+00:00,91.06,87.18,6.320951320701509,2.7962572757006643,121,rs_trailing_30m
rs_trailing_30m_001678,INTC,2026-08-03 17:50:00+00:00,91.68,90.23,6.314784689640625,5.576692972669508,121,rs_trailing_30m
rs_trailing_30m_001679,INTC,2026-08-03 18:36:00+00:00,90.23,91.28,4.2641042931013615,3.733947703605413,85,rs_trailing_30m
rs_trailing_30m_001680,INTC,2026-08-04 14:00:00+00:00,100.45,96.74,9.039567493054376,0.7095009369548766,121,rs_trailing_30m
rs_trailing_30m_001681,INTC,2026-08-04 15:26:00+00:00,100.6487,99.42,3.722722991259232,0.7454900978881824,121,rs_trailing_30m
rs_trailing_30m_001682,INTC,2026-08-04 18:05:00+00:00,100.02,101.39,0.9463233012717037,8.314126146887105,116,rs_trailing_30m
rs_trailing_30m_001683,INTC,2026-08-04 19:01:00+00:00,101.39,100.4,0.6938202558899568,6.0074680692906455,60,rs_trailing_30m
rs_trailing_30m_001684,INTC,2026-08-04 19:31:00+00:00,100.4,101.3,1.840180139413492,4.074684594415509,30,rs_trailing_30m
rs_trailing_30m_001685,INTC,2026-08-05 14:03:00+00:00,97.895,100.87,3.6231728018887415,2.8897813283946596,121,rs_trailing_30m
rs_trailing_30m_001686,INTC,2026-08-05 17:10:00+00:00,101.39,102.83,0.8106185558952844,6.055797446982339,121,rs_trailing_30m
rs_trailing_30m_001687,INTC,2026-08-06 14:00:00+00:00,103.3799,99.27,8.16383523666605,1.8223388873179314,121,rs_trailing_30m
rs_trailing_30m_001688,INTC,2026-08-06 16:48:00+00:00,101.4294,99.65,3.603571708422157,4.128486048681838,121,rs_trailing_30m
rs_trailing_30m_001689,INTC,2026-08-06 17:36:00+00:00,99.65,101.25,5.556079926755953,3.656073319678858,121,rs_trailing_30m
rs_trailing_30m_001690,INTC,2026-08-07 14:00:00+00:00,98.03,101.8,3.2981900639661497,5.349867065782361,121,rs_trailing_30m
rs_trailing_30m_001691,INTC,2026-08-07 19:08:00+00:00,101.79,100.69,1.0976603083573055,8.197384643089856,53,rs_trailing_30m
rs_trailing_30m_001692,INTC,2026-08-07 19:40:00+00:00,100.69,101.79,1.4642712755185812,7.013088740641793,21,rs_trailing_30m
rs_trailing_30m_001693,INTC,2026-08-10 14:02:00+00:00,97.01,98.6,0.5095871860145949,3.754852949581247,121,rs_trailing_30m
rs_trailing_30m_001694,INTC,2026-08-10 15:20:00+00:00,100.025,97.605,6.939512820688903,3.2384393163214606,121,rs_trailing_30m
rs_trailing_30m_001695,INTC,2026-08-10 16:33:00+00:00,100.025,97.57,9.057040920662217,7.232362346902404,121,rs_trailing_30m
rs_trailing_30m_001696,INTC,2026-08-11 14:00:00+00:00,98.35,96.7,1.3616635446055791,3.270800060753589,121,rs_trailing_30m
rs_trailing_30m_001697,INTC,2026-08-11 15:03:00+00:00,98.01,97.09,0.9752746374568259,2.01457096887533,121,rs_trailing_30m
rs_trailing_30m_001698,INTC,2026-08-11 16:00:00+00:00,96.65,97.91,3.551767944104023,3.2288799491854614,121,rs_trailing_30m
rs_trailing_30m_001699,INTC,2026-08-11 17:25:00+00:00,96.65,97.495,4.655736742454905,2.909835464034363,121,rs_trailing_30m
rs_trailing_30m_001700,INTC,2026-08-12 14:00:00+00:00,100.1232,102.0,3.692812984368934,0.3678100582040805,121,rs_trailing_30m
rs_trailing_30m_001701,INTC,2026-08-12 15:09:00+00:00,100.1232,102.42,2.220171359784053,6.047159345715365,121,rs_trailing_30m
rs_trailing_30m_001702,INTC,2026-08-12 16:25:00+00:00,102.53,100.79,10.7024288181047,2.675607204526175,121,rs_trailing_30m
rs_trailing_30m_001703,INTC,2026-08-12 18:58:00+00:00,102.89,100.65,0.5489984314335074,17.01895137443683,63,rs_trailing_30m
rs_trailing_30m_001704,INTC,2026-08-12 19:27:00+00:00,100.65,102.01,8.78369422453982,1.2128113364427895,34,rs_trailing_30m
rs_trailing_30m_001705,INTC,2026-08-13 14:00:00+00:00,107.57,104.42,4.923905748335532,3.7897476827077248,121,rs_trailing_30m
rs_trailing_30m_001706,INTC,2026-08-13 16:35:00+00:00,104.59,105.8,2.390066308217131,3.395051181166211,121,rs_trailing_30m
rs_trailing_30m_001707,INTC,2026-08-13 19:14:00+00:00,104.17,105.16,4.250690775126376,3.067889863786789,47,rs_trailing_30m
rs_trailing_30m_001708,INTC,2026-08-14 14:01:00+00:00,106.87,102.54,2.351407907779333,9.769539997797413,121,rs_trailing_30m
rs_trailing_30m_001709,INTC,2026-08-14 16:25:00+00:00,103.67,102.39,0.9214332796249615,6.226655192616899,121,rs_trailing_30m
rs_trailing_30m_001710,INTC,2026-08-14 19:28:00+00:00,103.24,102.05,0.6622725183200758,9.152226819176153,33,rs_trailing_30m
rs_trailing_30m_001711,INTU,2026-07-01 14:01:00+00:00,270.49,274.17,1.4271419727314048,2.016715377859846,121,rs_trailing_30m
rs_trailing_30m_001712,INTU,2026-07-01 15:18:00+00:00,270.03,273.38,4.4613099725093575,2.093684943239,121,rs_trailing_30m
rs_trailing_30m_001713,INTU,2026-07-01 16:03:00+00:00,272.86,269.16,0.12646890523541574,9.232230082183191,121,rs_trailing_30m
rs_trailing_30m_001714,INTU,2026-07-01 17:22:00+00:00,268.05,272.08,5.18164103844496,8.161498504643268,121,rs_trailing_30m
rs_trailing_30m_001715,INTU,2026-07-01 18:27:00+00:00,272.08,266.44,1.4322610941536238,18.762620333413572,94,rs_trailing_30m
rs_trailing_30m_001716,INTU,2026-07-01 18:57:00+00:00,266.44,270.05,9.469859124436862,1.365700761210327,64,rs_trailing_30m
rs_trailing_30m_001717,INTU,2026-07-02 14:01:00+00:00,270.25,273.735,0.8548467011922767,2.1543863833077923,121,rs_trailing_30m
rs_trailing_30m_001718,INTU,2026-07-02 14:38:00+00:00,275.25,271.37,3.1440070871341237,1.7548915507039005,121,rs_trailing_30m
rs_trailing_30m_001719,INTU,2026-07-02 16:03:00+00:00,277.175,273.41,6.159055733794042,3.0975986264048454,121,rs_trailing_30m
rs_trailing_30m_001720,INTU,2026-07-02 17:11:00+00:00,277.31,274.84,5.3844389687125425,2.6515515163145813,121,rs_trailing_30m
rs_trailing_30m_001721,INTU,2026-07-02 19:11:00+00:00,277.31,274.34,0.03852104448861134,11.402229168639467,50,rs_trailing_30m
rs_trailing_30m_001722,INTU,2026-07-02 19:39:00+00:00,274.34,276.2,4.78148987864201,2.305021017193714,22,rs_trailing_30m
rs_trailing_30m_001723,INTU,2026-07-06 14:00:00+00:00,263.66,272.0,8.13379894904402,0.38829693475335414,121,rs_trailing_30m
rs_trailing_30m_001724,INTU,2026-07-06 15:17:00+00:00,271.5,265.7721,10.35685855017709,0.5081689387531916,121,rs_trailing_30m
rs_trailing_30m_001725,INTU,2026-07-06 16:14:00+00:00,272.25,268.26,7.995112193705774,1.8204255456437985,121,rs_trailing_30m
rs_trailing_30m_001726,INTU,2026-07-06 17:27:00+00:00,272.25,269.52,0.16187069450493216,8.676269225462413,121,rs_trailing_30m
rs_trailing_30m_001727,INTU,2026-07-06 19:21:00+00:00,269.52,272.27,0.27843921884877193,12.483358311719458,40,rs_trailing_30m
rs_trailing_30m_001728,INTU,2026-07-07 14:00:00+00:00,274.775,283.45,1.311497045007413,7.2750968157012155,121,rs_trailing_30m
rs_trailing_30m_001729,INTU,2026-07-07 15:23:00+00:00,283.56,280.4501,0.528674927212489,4.609219310719213,121,rs_trailing_30m
rs_trailing_30m_001730,INTU,2026-07-07 16:15:00+00:00,280.4501,282.94,2.6455845984092026,3.133203972148983,121,rs_trailing_30m
rs_trailing_30m_001731,INTU,2026-07-08 14:00:00+00:00,269.06,273.9,3.9188960355773497,1.1867450982569443,121,rs_trailing_30m
rs_trailing_30m_001732,INTU,2026-07-08 14:37:00+00:00,269.06,272.68,2.359009989250262,2.4656319096684087,121,rs_trailing_30m
rs_trailing_30m_001733,INTU,2026-07-08 15:15:00+00:00,272.74,270.901,3.1756554307114926,1.025805243445693,121,rs_trailing_30m
rs_trailing_30m_001734,INTU,2026-07-08 18:39:00+00:00,274.97,271.86,0.4165850124411316,10.849322715313848,82,rs_trailing_30m
rs_trailing_30m_001735,INTU,2026-07-08 19:04:00+00:00,271.86,274.9,5.593984174393811,6.552952890004231,57,rs_trailing_30m
rs_trailing_30m_001736,INTU,2026-07-08 19:34:00+00:00,274.8,271.86,0.4383191538285384,12.44826396872755,27,rs_trailing_30m
rs_trailing_30m_001737,INTU,2026-07-09 14:00:00+00:00,272.625,268.35,5.15977363020493,0.7459913682223466,121,rs_trailing_30m
rs_trailing_30m_001738,INTU,2026-07-09 14:48:00+00:00,273.3,269.59,2.859098024878686,4.212404423321333,121,rs_trailing_30m
rs_trailing_30m_001739,INTU,2026-07-09 16:42:00+00:00,273.3,271.105,0.6400743505568574,6.050226599310068,121,rs_trailing_30m
rs_trailing_30m_001740,INTU,2026-07-10 14:00:00+00:00,274.25,277.7,1.3813120812483901,2.798974480424406,121,rs_trailing_30m
rs_trailing_30m_001741,INTU,2026-07-10 15:27:00+00:00,272.58,276.59,6.12644478861592,2.145287064027029,121,rs_trailing_30m
rs_trailing_30m_001742,INTU,2026-07-10 16:21:00+00:00,272.35,275.27,8.623209123542722,0.8074165846013909,120,rs_trailing_30m
rs_trailing_30m_001743,INTU,2026-07-13 14:00:00+00:00,292.5,283.79,6.67707654777982,1.344514427677387,121,rs_trailing_30m
rs_trailing_30m_001744,INTU,2026-07-13 14:43:00+00:00,294.8,285.33,12.54188770120357,0.5820544568514577,121,rs_trailing_30m
rs_trailing_30m_001745,INTU,2026-07-13 17:39:00+00:00,295.6505,287.89,0.25229766600095405,21.3825756710154,121,rs_trailing_30m
rs_trailing_30m_001746,INTU,2026-07-13 18:25:00+00:00,287.57,293.6616,17.806382119290053,2.206414433822026,96,rs_trailing_30m
rs_trailing_30m_001747,INTU,2026-07-13 19:16:00+00:00,287.57,290.13,5.326800840154134,1.8503623971060503,45,rs_trailing_30m
rs_trailing_30m_001748,INTU,2026-07-14 14:00:00+00:00,284.62,278.07,3.7471539844218498,2.8684413250022187,121,rs_trailing_30m
rs_trailing_30m_001749,INTU,2026-07-14 15:44:00+00:00,287.62,282.91,9.923818163637105,0.33769304398759126,121,rs_trailing_30m
rs_trailing_30m_001750,INTU,2026-07-14 17:55:00+00:00,281.27,284.83,10.717733762694639,2.3044956554599176,121,rs_trailing_30m
rs_trailing_30m_001751,INTU,2026-07-14 18:54:00+00:00,281.27,283.605,6.15134875884683,2.6068215776819468,67,rs_trailing_30m
rs_trailing_30m_001752,INTU,2026-07-14 19:45:00+00:00,281.27,282.98,1.9243711617730666,5.388239252964003,16,rs_trailing_30m
rs_trailing_30m_001753,INTU,2026-07-15 14:00:00+00:00,282.445,289.5,1.0399834265589385,4.8062979076030885,121,rs_trailing_30m
rs_trailing_30m_001754,INTU,2026-07-15 15:41:00+00:00,285.46,279.16,1.7780928595592755,12.051518270346062,121,rs_trailing_30m
rs_trailing_30m_001755,INTU,2026-07-15 16:42:00+00:00,278.73,282.22,9.970094271359558,0.8025462880972113,121,rs_trailing_30m
rs_trailing_30m_001756,INTU,2026-07-15 18:01:00+00:00,278.98,280.76,0.33346184609520346,5.914560112322036,120,rs_trailing_30m
rs_trailing_30m_001757,INTU,2026-07-16 14:00:00+00:00,277.565,289.21,3.7347162038000623,6.990504559024003,121,rs_trailing_30m
rs_trailing_30m_001758,INTU,2026-07-16 15:32:00+00:00,296.33,285.84,18.06089141800904,0.42288916490949596,121,rs_trailing_30m
rs_trailing_30m_001759,INTU,2026-07-16 18:04:00+00:00,298.45,292.69,4.020779801140334,11.680706066363951,117,rs_trailing_30m
rs_trailing_30m_001760,INTU,2026-07-16 18:39:00+00:00,292.69,295.78,6.4213624341525275,1.8461416998188631,82,rs_trailing_30m
rs_trailing_30m_001761,INTU,2026-07-16 19:38:00+00:00,295.7,294.0,2.5129122850540973,2.0805832897759085,23,rs_trailing_30m
rs_trailing_30m_001762,INTU,2026-07-17 14:02:00+00:00,290.075,297.54,5.616282969182594,0.9499742532055505,121,rs_trailing_30m
rs_trailing_30m_001763,INTU,2026-07-17 15:02:00+00:00,290.01,294.88,5.472420676727083,0.9805305813022023,121,rs_trailing_30m
rs_trailing_30m_001764,INTU,2026-07-17 15:19:00+00:00,290.01,292.215,2.5626497665923478,1.154878348760385,121,rs_trailing_30m
rs_trailing_30m_001765,INTU,2026-07-17 17:36:00+00:00,293.78,290.26,3.705791564959376,8.045907812209492,121,rs_trailing_30m
rs_trailing_30m_001766,INTU,2026-07-17 17:59:00+00:00,293.78,290.26,3.306502847216822,9.208432660529178,121,rs_trailing_30m
rs_trailing_30m_001767,INTU,2026-07-17 18:16:00+00:00,293.78,290.26,0.7557497803705998,11.336246705560558,105,rs_trailing_30m
rs_trailing_30m_001768,INTU,2026-07-17 18:40:00+00:00,290.26,292.1099,3.700690542090748,2.608901562806406,81,rs_trailing_30m
rs_trailing_30m_001769,INTU,2026-07-20 14:00:00+00:00,279.44,289.395,0.39793383209577443,9.383378016084816,121,rs_trailing_30m
rs_trailing_30m_001770,INTU,2026-07-20 16:03:00+00:00,295.33,289.57,10.72212004266713,1.7293742004302142,121,rs_trailing_30m
rs_trailing_30m_001771,INTU,2026-07-20 17:17:00+00:00,295.33,292.8,3.9913612453491467,2.608732840097528,121,rs_trailing_30m
rs_trailing_30m_001772,INTU,2026-07-20 19:39:00+00:00,295.41,293.38,2.234420542016783,4.245399029831561,22,rs_trailing_30m
rs_trailing_30m_001773,INTU,2026-07-21 14:00:00+00:00,295.38,288.82,7.4079358638797705,0.19708123581528664,121,rs_trailing_30m
rs_trailing_30m_001774,INTU,2026-07-21 16:09:00+00:00,287.775,290.65,5.258077586138769,1.7082694461878898,121,rs_trailing_30m
rs_trailing_30m_001775,INTU,2026-07-21 18:03:00+00:00,291.14,289.38,4.8884900956196455,2.465136031124656,118,rs_trailing_30m
rs_trailing_30m_001776,INTU,2026-07-22 14:00:00+00:00,296.44,287.49,1.550646777740617,5.512095543266345,121,rs_trailing_30m
rs_trailing_30m_001777,INTU,2026-07-22 15:35:00+00:00,285.16,288.955,6.735857125531279,0.6521711378765473,121,rs_trailing_30m
rs_trailing_30m_001778,INTU,2026-07-22 17:19:00+00:00,284.4,286.81,5.623664274971029,1.2213008273927064,121,rs_trailing_30m
rs_trailing_30m_001779,INTU,2026-07-22 19:13:00+00:00,286.81,284.0,1.6594534437986699,6.818845059972548,48,rs_trailing_30m
rs_trailing_30m_001780,INTU,2026-07-22 19:43:00+00:00,284.17,285.23,0.9492346938779069,2.349744897959998,18,rs_trailing_30m
rs_trailing_30m_001781,INTU,2026-07-23 14:00:00+00:00,278.94,285.095,4.4068826645379024,1.3155567447935044,121,rs_trailing_30m
rs_trailing_30m_001782,INTU,2026-07-23 14:21:00+00:00,278.94,283.75,3.4910348816115855,1.4332694528610277,121,rs_trailing_30m
rs_trailing_30m_001783,INTU,2026-07-23 16:21:00+00:00,281.855,279.935,0.21778247458033242,5.357448874672844,120,rs_trailing_30m
rs_trailing_30m_001784,INTU,2026-07-23 17:25:00+00:00,279.935,282.08,0.24336366018946157,7.787637126062983,121,rs_trailing_30m
rs_trailing_30m_001785,INTU,2026-07-24 14:01:00+00:00,296.24,288.1,5.330739388251142,2.0866070879397336,121,rs_trailing_30m
rs_trailing_30m_001786,INTU,2026-07-24 15:14:00+00:00,296.24,290.8,0.8407196192413977,9.322646444477085,121,rs_trailing_30m
rs_trailing_30m_001787,INTU,2026-07-24 16:26:00+00:00,293.8599,290.63,2.547222370314714,6.206127490180826,121,rs_trailing_30m
rs_trailing_30m_001788,INTU,2026-07-24 17:00:00+00:00,290.63,295.4,2.005460111727758,13.300211460978433,121,rs_trailing_30m
rs_trailing_30m_001789,INTU,2026-07-24 17:21:00+00:00,290.63,295.92,0.06765937387342037,17.828245015662613,121,rs_trailing_30m
rs_trailing_30m_001790,INTU,2026-07-24 18:24:00+00:00,296.7,292.92,15.745794608153627,0.8796533300644024,97,rs_trailing_30m
rs_trailing_30m_001791,INTU,2026-07-27 14:01:00+00:00,309.88,303.11,6.84543777255918,0.2515934250251565,121,rs_trailing_30m
rs_trailing_30m_001792,INTU,2026-07-27 15:58:00+00:00,305.755,310.12,0.9963475365854826,8.256965223404704,121,rs_trailing_30m
rs_trailing_30m_001793,INTU,2026-07-27 16:47:00+00:00,305.755,310.12,0.23113270628084176,11.638211563320562,121,rs_trailing_30m
rs_trailing_30m_001794,INTU,2026-07-27 17:16:00+00:00,310.12,304.57,10.536764829594095,8.44993802892787,121,rs_trailing_30m
rs_trailing_30m_001795,INTU,2026-07-27 18:26:00+00:00,303.55,308.65,14.307990248335248,2.1083765157838497,95,rs_trailing_30m
rs_trailing_30m_001796,INTU,2026-07-27 19:04:00+00:00,303.55,307.07,10.899365924689628,1.557052274955661,57,rs_trailing_30m
rs_trailing_30m_001797,INTU,2026-07-28 14:00:00+00:00,319.99,312.44,2.813021412680875,5.71642102335951,121,rs_trailing_30m
rs_trailing_30m_001798,INTU,2026-07-28 18:13:00+00:00,310.85,316.26,15.078352245937753,3.8923188355793696,108,rs_trailing_30m
rs_trailing_30m_001799,INTU,2026-07-28 19:16:00+00:00,310.85,313.99,9.579102595851165,1.2016795371140392,45,rs_trailing_30m
rs_trailing_30m_001800,INTU,2026-07-29 14:00:00+00:00,333.6,324.6258,5.8619444890099075,1.536967217498192,121,rs_trailing_30m
rs_trailing_30m_001801,INTU,2026-07-29 16:37:00+00:00,328.93,336.49,7.471672779085213,8.996503958490331,121,rs_trailing_30m
rs_trailing_30m_001802,INTU,2026-07-29 18:57:00+00:00,332.17,335.78,5.301426035864785,1.4373584674703606,64,rs_trailing_30m
rs_trailing_30m_001803,INTU,2026-07-29 19:28:00+00:00,335.36,332.81,3.3970355757037103,1.6835748161111237,33,rs_trailing_30m
rs_trailing_30m_001804,INTU,2026-07-30 14:00:00+00:00,303.8,310.65,4.549143584430164,0.5426266040251374,121,rs_trailing_30m
rs_trailing_30m_001805,INTU,2026-07-30 16:33:00+00:00,315.75,308.71,11.103029846244263,5.080268314741264,121,rs_trailing_30m
rs_trailing_30m_001806,INTU,2026-07-30 17:10:00+00:00,315.81,310.375,9.841385342475359,2.342653230725954,121,rs_trailing_30m
rs_trailing_30m_001807,INTU,2026-07-30 17:53:00+00:00,316.62,312.59,8.912362934165328,1.5437717455105124,121,rs_trailing_30m
rs_trailing_30m_001808,INTU,2026-07-31 14:00:00+00:00,316.45,310.58,0.35938977250215287,4.914655138967245,121,rs_trailing_30m
rs_trailing_30m_001809,INTU,2026-07-31 15:15:00+00:00,311.77,316.2,0.46959922400652465,6.464815983822904,121,rs_trailing_30m
rs_trailing_30m_001810,INTU,2026-07-31 17:21:00+00:00,317.0,314.4063,1.6399350203633587,7.410063835628593,121,rs_trailing_30m
rs_trailing_30m_001811,INTU,2026-07-31 18:16:00+00:00,317.0,315.22,2.1606276234681863,3.5795472567903532,105,rs_trailing_30m
rs_trailing_30m_001812,INTU,2026-08-03 14:02:00+00:00,328.405,317.77,0.3707965618514711,9.366046488248918,121,rs_trailing_30m
rs_trailing_30m_001813,INTU,2026-08-03 15:19:00+00:00,323.975,319.71,5.286843632143769,1.0028043709505614,121,rs_trailing_30m
rs_trailing_30m_001814,INTU,2026-08-03 16:20:00+00:00,323.975,320.68,5.55829247973247,2.4920695953085423,121,rs_trailing_30m
rs_trailing_30m_001815,INTU,2026-08-03 17:03:00+00:00,323.975,320.68,1.2293751832157924,9.292160475733697,121,rs_trailing_30m
rs_trailing_30m_001816,INTU,2026-08-03 17:41:00+00:00,320.68,322.39,3.845162987771622,1.872427194045356,121,rs_trailing_30m
rs_trailing_30m_001817,INTU,2026-08-04 14:00:00+00:00,321.7,315.44,3.367042125438245,3.1183990146366423,121,rs_trailing_30m
rs_trailing_30m_001818,INTU,2026-08-04 17:06:00+00:00,319.51,321.7151,1.1571340280628948,7.073821601877391,121,rs_trailing_30m
rs_trailing_30m_001819,INTU,2026-08-04 19:30:00+00:00,324.37,321.77,1.046596068980823,11.609914532645972,31,rs_trailing_30m
rs_trailing_30m_001820,INTU,2026-08-05 14:00:00+00:00,320.44,326.94,2.569620396986937,3.9294195175714814,121,rs_trailing_30m
rs_trailing_30m_001821,INTU,2026-08-05 15:50:00+00:00,320.44,325.34,0.8261224430832241,9.968544146537521,121,rs_trailing_30m
rs_trailing_30m_001822,INTU,2026-08-05 17:54:00+00:00,328.26,324.34,11.894669705087482,3.99190789080454,121,rs_trailing_30m
rs_trailing_30m_001823,INTU,2026-08-06 14:08:00+00:00,316.05,320.23,0.8612580965840425,3.4245262411795414,121,rs_trailing_30m
rs_trailing_30m_001824,INTU,2026-08-06 16:01:00+00:00,321.31,318.2,3.6999020202496533,5.151402043578325,121,rs_trailing_30m
rs_trailing_30m_001825,INTU,2026-08-06 17:30:00+00:00,322.07,318.65,5.4188743912339925,7.724778387504134,121,rs_trailing_30m
rs_trailing_30m_001826,INTU,2026-08-06 18:35:00+00:00,318.65,322.65,5.167993650633386,10.20150419511615,86,rs_trailing_30m
rs_trailing_30m_001827,INTU,2026-08-06 19:23:00+00:00,322.65,320.37,7.307721353005507,2.2404761741304893,38,rs_trailing_30m
rs_trailing_30m_001828,INTU,2026-08-07 14:04:00+00:00,336.3,328.53,7.25642151373583,0.4094377876547261,121,rs_trailing_30m
rs_trailing_30m_001829,INTU,2026-08-07 16:36:00+00:00,330.42,326.13,0.22686459318448018,13.6766940462658,121,rs_trailing_30m
rs_trailing_30m_001830,INTU,2026-08-07 17:00:00+00:00,324.64,328.78,13.858359062977017,1.4005788414710683,121,rs_trailing_30m
rs_trailing_30m_001831,INTU,2026-08-07 18:54:00+00:00,324.64,326.84,0.08149142670130943,8.882565510425357,67,rs_trailing_30m
rs_trailing_30m_001832,INTU,2026-08-10 14:01:00+00:00,325.58,332.05,0.13787099730187521,7.1084763019911845,121,rs_trailing_30m
rs_trailing_30m_001833,INTU,2026-08-10 16:19:00+00:00,334.3301,331.0,6.995518509054499,4.28518275819753,121,rs_trailing_30m
rs_trailing_30m_001834,INTU,2026-08-11 14:03:00+00:00,338.09,332.59,3.1299741637017386,2.524252302947262,121,rs_trailing_30m
rs_trailing_30m_001835,INTU,2026-08-11 14:37:00+00:00,338.09,332.97,1.6079496343338402,4.773989999611439,121,rs_trailing_30m
rs_trailing_30m_001836,INTU,2026-08-11 16:02:00+00:00,336.68,334.29,3.8349857075649996,2.7589825234280845,121,rs_trailing_30m
rs_trailing_30m_001837,INTU,2026-08-11 19:42:00+00:00,336.67,334.01,0.1726028366286675,11.305485799171956,19,rs_trailing_30m
rs_trailing_30m_001838,INTU,2026-08-12 14:00:00+00:00,328.6,331.9,0.8331767211676769,2.7845643049551243,121,rs_trailing_30m
rs_trailing_30m_001839,INTU,2026-08-12 14:33:00+00:00,332.91,329.47,1.9325010642616625,2.22237622390085,121,rs_trailing_30m
rs_trailing_30m_001840,INTU,2026-08-12 19:32:00+00:00,335.135,332.4,6.1793391057451625,6.156786773242463,29,rs_trailing_30m
rs_trailing_30m_001841,INTU,2026-08-13 14:00:00+00:00,347.5,336.8,4.157018032398389,7.248134005207501,121,rs_trailing_30m
rs_trailing_30m_001842,INTU,2026-08-13 14:39:00+00:00,336.8,343.51,7.085970921277961,1.0695805164193124,121,rs_trailing_30m
rs_trailing_30m_001843,INTU,2026-08-13 17:53:00+00:00,361.095,339.525,96.10163401749438,6.6704158465292664,121,rs_trailing_30m
rs_trailing_30m_001844,INTU,2026-08-13 18:34:00+00:00,361.095,342.04,68.00840452328246,1.870276964511912,87,rs_trailing_30m
rs_trailing_30m_001845,INTU,2026-08-14 14:00:00+00:00,345.56,353.0,3.6922490020025918,1.3760780413367428,121,rs_trailing_30m
rs_trailing_30m_001846,INTU,2026-08-14 14:50:00+00:00,345.45,349.185,0.14624547478140812,4.055499512207672,121,rs_trailing_30m
rs_trailing_30m_001847,INTU,2026-08-14 16:18:00+00:00,345.45,349.54,5.847357741770886,6.560265170728724,121,rs_trailing_30m
rs_trailing_30m_001848,INTU,2026-08-14 17:56:00+00:00,349.54,345.45,4.668665093436539,9.797122961226863,121,rs_trailing_30m
rs_trailing_30m_001849,INTU,2026-08-14 18:27:00+00:00,344.95,347.39,4.6615197787326865,2.211053188099665,94,rs_trailing_30m
rs_trailing_30m_001850,ISRG,2026-07-01 14:02:00+00:00,402.54,408.62,0.5923606762679373,5.955917345021785,121,rs_trailing_30m
rs_trailing_30m_001851,ISRG,2026-07-01 14:33:00+00:00,408.62,403.8,3.3137608871731907,2.808250410709092,121,rs_trailing_30m
rs_trailing_30m_001852,ISRG,2026-07-01 15:15:00+00:00,402.57,406.344,5.625750652522291,2.097633473566814,121,rs_trailing_30m
rs_trailing_30m_001853,ISRG,2026-07-01 18:39:00+00:00,404.06,400.605,1.1517290459383462,14.152978083742836,82,rs_trailing_30m
rs_trailing_30m_001854,ISRG,2026-07-01 19:30:00+00:00,400.605,402.45,1.0222438063447477,6.675877918985841,31,rs_trailing_30m
rs_trailing_30m_001855,ISRG,2026-07-02 14:01:00+00:00,408.2,421.475,1.5073732569100007,9.136445884302956,121,rs_trailing_30m
rs_trailing_30m_001856,ISRG,2026-07-02 14:31:00+00:00,423.34,412.2443,10.595631602825602,0.3713413053340984,121,rs_trailing_30m
rs_trailing_30m_001857,ISRG,2026-07-02 16:00:00+00:00,423.34,420.0,5.016915908217809,0.26904596353221405,121,rs_trailing_30m
rs_trailing_30m_001858,ISRG,2026-07-02 19:23:00+00:00,426.02,422.8911,6.985418060199944,3.227981270902699,38,rs_trailing_30m
rs_trailing_30m_001859,ISRG,2026-07-06 14:00:00+00:00,420.8,427.9,1.3985827724796052,4.55640234572452,121,rs_trailing_30m
rs_trailing_30m_001860,ISRG,2026-07-06 15:17:00+00:00,435.48,425.16,20.30253338706533,1.5682541447210139,121,rs_trailing_30m
rs_trailing_30m_001861,ISRG,2026-07-06 16:38:00+00:00,440.17,429.668,36.45762936860227,2.1973957327667604,121,rs_trailing_30m
rs_trailing_30m_001862,ISRG,2026-07-06 18:06:00+00:00,440.17,432.79,3.5604557727152333,12.55988999577463,115,rs_trailing_30m
rs_trailing_30m_001863,ISRG,2026-07-06 18:52:00+00:00,432.79,439.23,7.200449314129396,5.264844659793631,69,rs_trailing_30m
rs_trailing_30m_001864,ISRG,2026-07-06 19:08:00+00:00,432.79,437.81,9.622044432904124,0.31677512536315106,53,rs_trailing_30m
rs_trailing_30m_001865,ISRG,2026-07-06 19:45:00+00:00,432.79,434.68,3.0348258706469893,0.6897331524198315,16,rs_trailing_30m
rs_trailing_30m_001866,ISRG,2026-07-07 14:02:00+00:00,424.86,441.85,14.953892165821724,2.875344879603625,121,rs_trailing_30m
rs_trailing_30m_001867,ISRG,2026-07-07 14:34:00+00:00,441.85,424.86,2.1332575762809274,15.765036853848635,121,rs_trailing_30m
rs_trailing_30m_001868,ISRG,2026-07-07 16:25:00+00:00,429.075,424.88,0.4105361565494619,5.8520063042692,121,rs_trailing_30m
rs_trailing_30m_001869,ISRG,2026-07-07 17:07:00+00:00,424.88,427.365,3.0030123458600557,2.545304144446359,121,rs_trailing_30m
rs_trailing_30m_001870,ISRG,2026-07-08 14:00:00+00:00,416.02,420.2599,0.8486679602884492,2.280260113474088,121,rs_trailing_30m
rs_trailing_30m_001871,ISRG,2026-07-09 14:07:00+00:00,414.625,411.0601,2.1988274172198796,1.2316320399561,121,rs_trailing_30m
rs_trailing_30m_001872,ISRG,2026-07-09 14:50:00+00:00,411.1,414.625,0.6253422379800836,4.751075783678336,121,rs_trailing_30m
rs_trailing_30m_001873,ISRG,2026-07-09 15:57:00+00:00,410.16,412.7499,3.428812882567913,2.6955198654063683,121,rs_trailing_30m
rs_trailing_30m_001874,ISRG,2026-07-10 14:00:00+00:00,403.72,409.89,6.1497394259096065,0.5246479545411208,121,rs_trailing_30m
rs_trailing_30m_001875,ISRG,2026-07-10 17:01:00+00:00,406.6996,403.51,0.44787128572650386,10.574738690766138,121,rs_trailing_30m
rs_trailing_30m_001876,ISRG,2026-07-13 14:00:00+00:00,414.58,407.81,1.2149964965339397,6.472411243218212,121,rs_trailing_30m
rs_trailing_30m_001877,ISRG,2026-07-13 15:51:00+00:00,411.91,409.3469,1.9909255315735988,6.37455189461692,120,rs_trailing_30m
rs_trailing_30m_001878,ISRG,2026-07-14 14:01:00+00:00,379.28,392.6211,8.418323033369607,0.5592700458060261,121,rs_trailing_30m
rs_trailing_30m_001879,ISRG,2026-07-14 14:56:00+00:00,378.5,389.2,13.873771423929858,0.8533470518687092,121,rs_trailing_30m
rs_trailing_30m_001880,ISRG,2026-07-14 16:48:00+00:00,385.1,380.13,5.020638979035128,4.467032399597863,121,rs_trailing_30m
rs_trailing_30m_001881,ISRG,2026-07-14 17:10:00+00:00,385.1,379.8,1.4830612184954879,9.067575637915324,121,rs_trailing_30m
rs_trailing_30m_001882,ISRG,2026-07-14 17:52:00+00:00,379.8,382.64,3.623314441734696,2.0618861187771453,121,rs_trailing_30m
rs_trailing_30m_001883,ISRG,2026-07-15 14:01:00+00:00,393.96,384.945,7.4525774579008734,0.7407134912425858,121,rs_trailing_30m
rs_trailing_30m_001884,ISRG,2026-07-15 15:14:00+00:00,393.96,389.55,5.864015658327426,0.3524047871591028,121,rs_trailing_30m
rs_trailing_30m_001885,ISRG,2026-07-15 17:26:00+00:00,388.72,391.5,2.63541059988378,5.46010483401352,121,rs_trailing_30m
rs_trailing_30m_001886,ISRG,2026-07-15 18:58:00+00:00,391.165,387.91,0.0171243452043287,11.130824382823779,63,rs_trailing_30m
rs_trailing_30m_001887,ISRG,2026-07-16 14:00:00+00:00,404.82,399.58,0.9908037123886916,3.1296815677039995,121,rs_trailing_30m
rs_trailing_30m_001888,ISRG,2026-07-16 18:05:00+00:00,403.84,399.26,11.037012573424116,2.1440871883183994,116,rs_trailing_30m
rs_trailing_30m_001889,ISRG,2026-07-17 14:02:00+00:00,360.92,349.9,1.1088325107931938,4.407796955997263,121,rs_trailing_30m
rs_trailing_30m_001890,ISRG,2026-07-17 14:45:00+00:00,349.9,355.43,2.5138396713738986,1.2031478641067699,121,rs_trailing_30m
rs_trailing_30m_001891,ISRG,2026-07-17 15:27:00+00:00,349.5,352.965,1.6942342930908683,1.997917798456244,121,rs_trailing_30m
rs_trailing_30m_001892,ISRG,2026-07-17 16:35:00+00:00,348.2,352.33,3.3280334206258586,3.217098973271585,121,rs_trailing_30m
rs_trailing_30m_001893,ISRG,2026-07-17 17:26:00+00:00,348.2,351.39,3.0703195453237413,3.7312911141087195,121,rs_trailing_30m
rs_trailing_30m_001894,ISRG,2026-07-17 18:01:00+00:00,351.39,344.55,3.1756265234285785,11.209330708526076,120,rs_trailing_30m
rs_trailing_30m_001895,ISRG,2026-07-17 19:35:00+00:00,344.55,349.04,8.253426672157257,2.487989489577897,26,rs_trailing_30m
rs_trailing_30m_001896,ISRG,2026-07-20 14:00:00+00:00,342.1,351.95,3.2743475587352386,6.183811811805023,121,rs_trailing_30m
rs_trailing_30m_001897,ISRG,2026-07-20 16:32:00+00:00,354.48,351.15,4.483985765125074,3.4163701067618777,121,rs_trailing_30m
rs_trailing_30m_001898,ISRG,2026-07-20 18:20:00+00:00,350.76,354.59,4.21202485785226,5.746033911020606,101,rs_trailing_30m
rs_trailing_30m_001899,ISRG,2026-07-20 18:56:00+00:00,354.59,351.71,4.51436388508919,3.365253077975674,65,rs_trailing_30m
rs_trailing_30m_001900,ISRG,2026-07-20 19:36:00+00:00,354.59,352.76,0.383326852909959,4.000974027248532,25,rs_trailing_30m
rs_trailing_30m_001901,ISRG,2026-07-21 14:00:00+00:00,362.03,355.31,0.8298254349038612,4.2396535855998625,121,rs_trailing_30m
rs_trailing_30m_001902,ISRG,2026-07-21 15:35:00+00:00,355.05,358.828,3.3446788259999645,4.602614636030188,121,rs_trailing_30m
rs_trailing_30m_001903,ISRG,2026-07-21 18:38:00+00:00,349.51,355.76,20.783224873460814,1.270281995661493,83,rs_trailing_30m
rs_trailing_30m_001904,ISRG,2026-07-22 14:00:00+00:00,343.53,349.675,4.875123525088444,1.8720913536656796,121,rs_trailing_30m
rs_trailing_30m_001905,ISRG,2026-07-22 14:54:00+00:00,340.72,346.68,10.02658886163906,1.1746238122819939,121,rs_trailing_30m
rs_trailing_30m_001906,ISRG,2026-07-22 15:51:00+00:00,340.72,344.5,8.472289271044417,0.6517145593110668,121,rs_trailing_30m
rs_trailing_30m_001907,ISRG,2026-07-22 17:13:00+00:00,344.21,341.7,3.94975394975372,4.143211286068384,121,rs_trailing_30m
rs_trailing_30m_001908,ISRG,2026-07-23 14:00:00+00:00,328.57,332.23,1.4069907151702268,2.712678098848225,121,rs_trailing_30m
rs_trailing_30m_001909,ISRG,2026-07-23 14:51:00+00:00,334.03,329.425,4.6534663056588235,2.1494582459471627,121,rs_trailing_30m
rs_trailing_30m_001910,ISRG,2026-07-23 17:23:00+00:00,330.405,332.115,3.1996968206307055,2.0361707040377532,121,rs_trailing_30m
rs_trailing_30m_001911,ISRG,2026-07-24 14:00:00+00:00,334.07,341.83,0.3603860282974207,9.283047004763905,121,rs_trailing_30m
rs_trailing_30m_001912,ISRG,2026-07-24 15:00:00+00:00,336.99,341.83,0.35417035594112717,8.216752257834592,121,rs_trailing_30m
rs_trailing_30m_001913,ISRG,2026-07-24 15:21:00+00:00,341.83,338.39,2.779725943514933,4.690787529681603,121,rs_trailing_30m
rs_trailing_30m_001914,ISRG,2026-07-24 15:56:00+00:00,336.9,340.58,6.696264010466029,2.396817745443455,121,rs_trailing_30m
rs_trailing_30m_001915,ISRG,2026-07-24 17:30:00+00:00,336.9,339.01,0.6441091583170564,6.9062815308437555,121,rs_trailing_30m
rs_trailing_30m_001916,ISRG,2026-07-27 14:00:00+00:00,356.67,351.49,3.893321176202067,1.6168984119745984,121,rs_trailing_30m
rs_trailing_30m_001917,ISRG,2026-07-27 17:11:00+00:00,359.2599,355.63,1.9312464305709842,10.589259763980387,121,rs_trailing_30m
rs_trailing_30m_001918,ISRG,2026-07-27 19:01:00+00:00,355.315,357.7,3.6068641529298824,5.846290797331107,60,rs_trailing_30m
rs_trailing_30m_001919,ISRG,2026-07-28 14:03:00+00:00,363.55,371.82,4.147297061815874,2.360890168016635,121,rs_trailing_30m
rs_trailing_30m_001920,ISRG,2026-07-28 16:00:00+00:00,363.4,365.96,1.3239940909045254,3.930928192375141,121,rs_trailing_30m
rs_trailing_30m_001921,ISRG,2026-07-28 19:01:00+00:00,360.1,362.91,6.4428674337578276,1.9002005334586938,60,rs_trailing_30m
rs_trailing_30m_001922,ISRG,2026-07-29 14:01:00+00:00,358.5,354.7409,0.7187272117170558,1.8181436442130687,121,rs_trailing_30m
rs_trailing_30m_001923,ISRG,2026-07-29 14:40:00+00:00,358.5,354.7409,0.8388982703918,4.050252874150673,121,rs_trailing_30m
rs_trailing_30m_001924,ISRG,2026-07-29 15:12:00+00:00,353.7,356.92,6.251258120595721,0.9376887180893898,121,rs_trailing_30m
rs_trailing_30m_001925,ISRG,2026-07-29 16:20:00+00:00,357.21,353.7,3.2332830985206122,6.634401168767268,121,rs_trailing_30m
rs_trailing_30m_001926,ISRG,2026-07-29 16:47:00+00:00,353.7,357.21,3.24664328051359,7.113100278215897,121,rs_trailing_30m
rs_trailing_30m_001927,ISRG,2026-07-29 18:43:00+00:00,351.94,355.57,6.007548352662206,3.3719787527846274,78,rs_trailing_30m
rs_trailing_30m_001928,ISRG,2026-07-29 19:38:00+00:00,353.52,351.94,2.6826637907788986,1.5772445403071291,23,rs_trailing_30m
rs_trailing_30m_001929,ISRG,2026-07-30 14:00:00+00:00,354.5,348.37,0.7152137559755656,6.715735945940366,121,rs_trailing_30m
rs_trailing_30m_001930,ISRG,2026-07-30 15:00:00+00:00,351.3158,348.37,3.558518114625184,1.8847691748455453,121,rs_trailing_30m
rs_trailing_30m_001931,ISRG,2026-07-30 16:11:00+00:00,348.745,350.59,2.7749906465762932,3.604894391346599,121,rs_trailing_30m
rs_trailing_30m_001932,ISRG,2026-07-30 18:50:00+00:00,353.4,351.1506,6.9581554513619,4.5504290135600245,71,rs_trailing_30m
rs_trailing_30m_001933,ISRG,2026-07-31 14:00:00+00:00,352.708,348.88,1.1792164107090277,2.8314814304229268,121,rs_trailing_30m
rs_trailing_30m_001934,ISRG,2026-07-31 14:38:00+00:00,348.88,352.97,0.20519622189066092,5.789464831915707,121,rs_trailing_30m
rs_trailing_30m_001935,ISRG,2026-07-31 15:26:00+00:00,353.91,350.01,8.331478790575208,2.04959701876762,121,rs_trailing_30m
rs_trailing_30m_001936,ISRG,2026-08-03 14:00:00+00:00,375.6,369.93,1.5062144512325903,3.8481654475063847,121,rs_trailing_30m
rs_trailing_30m_001937,ISRG,2026-08-03 15:23:00+00:00,374.91,371.565,4.588022515068612,2.5500869327938944,121,rs_trailing_30m
rs_trailing_30m_001938,ISRG,2026-08-03 19:06:00+00:00,371.35,375.48,3.853802471085361,14.232793217076692,55,rs_trailing_30m
rs_trailing_30m_001939,ISRG,2026-08-04 14:00:00+00:00,365.385,369.77,3.058753702964866,1.3173099144905729,121,rs_trailing_30m
rs_trailing_30m_001940,ISRG,2026-08-04 19:34:00+00:00,368.84,366.565,5.784354979229421,2.4402747568625047,27,rs_trailing_30m
rs_trailing_30m_001941,ISRG,2026-08-05 14:01:00+00:00,373.4343,369.4801,0.8904731373948531,3.0468061647261266,121,rs_trailing_30m
rs_trailing_30m_001942,ISRG,2026-08-05 15:31:00+00:00,369.765,374.14,0.8937743019013776,7.5153925170626215,121,rs_trailing_30m
rs_trailing_30m_001943,ISRG,2026-08-05 16:06:00+00:00,374.875,371.665,7.9221125051287595,0.6257803155310595,121,rs_trailing_30m
rs_trailing_30m_001944,ISRG,2026-08-06 14:01:00+00:00,371.68,376.5495,4.822825776319954,0.4428132635433201,121,rs_trailing_30m
rs_trailing_30m_001945,ISRG,2026-08-07 14:00:00+00:00,379.9,375.9731,2.1307559400257965,1.8536562032539239,121,rs_trailing_30m
rs_trailing_30m_001946,ISRG,2026-08-07 15:05:00+00:00,376.11,378.25,2.249194526476082,2.1364786276550563,121,rs_trailing_30m
rs_trailing_30m_001947,ISRG,2026-08-10 14:00:00+00:00,388.17,381.7131,4.659076037167157,3.791257688783597,121,rs_trailing_30m
rs_trailing_30m_001948,ISRG,2026-08-10 14:40:00+00:00,390.1,384.71,8.71863997118185,0.832878208629206,121,rs_trailing_30m
rs_trailing_30m_001949,ISRG,2026-08-10 15:14:00+00:00,390.12,386.49,7.028599309414363,1.28208977631012,121,rs_trailing_30m
rs_trailing_30m_001950,ISRG,2026-08-10 15:34:00+00:00,390.12,387.1,5.1980805233374365,2.730304921348836,121,rs_trailing_30m
rs_trailing_30m_001951,ISRG,2026-08-10 16:17:00+00:00,390.39,389.0601,2.299964573105727,1.8057037299456944,121,rs_trailing_30m
rs_trailing_30m_001952,ISRG,2026-08-11 14:01:00+00:00,400.34,397.0,2.0514613833917807,1.7764051085236583,121,rs_trailing_30m
rs_trailing_30m_001953,ISRG,2026-08-11 14:37:00+00:00,401.285,397.0,2.5123221439056236,4.500902863674496,121,rs_trailing_30m
rs_trailing_30m_001954,ISRG,2026-08-11 16:10:00+00:00,401.285,399.52,2.9048051310280365,2.435800135914063,121,rs_trailing_30m
rs_trailing_30m_001955,ISRG,2026-08-12 14:00:00+00:00,397.455,402.825,0.7150500505404281,3.9045586734754427,121,rs_trailing_30m
rs_trailing_30m_001956,ISRG,2026-08-12 15:15:00+00:00,404.31,399.58,9.188220823899137,1.0982370452234314,121,rs_trailing_30m
rs_trailing_30m_001957,ISRG,2026-08-12 15:47:00+00:00,404.31,401.6025,4.886967141561571,2.215267713928428,121,rs_trailing_30m
rs_trailing_30m_001958,ISRG,2026-08-13 14:00:00+00:00,399.125,401.68,1.3453010708224082,1.7513153579624745,121,rs_trailing_30m
rs_trailing_30m_001959,ISRG,2026-08-13 15:40:00+00:00,401.68,398.5836,1.0025913974371792,9.34548861264409,121,rs_trailing_30m
rs_trailing_30m_001960,ISRG,2026-08-13 16:10:00+00:00,398.5836,401.72,0.7402711353327668,11.081451822192287,121,rs_trailing_30m
rs_trailing_30m_001961,ISRG,2026-08-14 14:15:00+00:00,401.764,399.3,2.167431729040511,1.8662176518928477,120,rs_trailing_30m
rs_trailing_30m_001962,KLAC,2026-07-01 14:00:00+00:00,270.14,286.0,7.726761655276178,0.372804759309435,121,rs_trailing_30m
rs_trailing_30m_001963,KLAC,2026-07-01 15:34:00+00:00,268.79,275.16,5.30546457328751,1.4000531512842571,121,rs_trailing_30m
rs_trailing_30m_001964,KLAC,2026-07-01 16:37:00+00:00,261.83,271.4,14.154567471157618,3.256642130253409,121,rs_trailing_30m
rs_trailing_30m_001965,KLAC,2026-07-01 17:42:00+00:00,259.8,267.925,14.169537374900608,1.170568044295596,121,rs_trailing_30m
rs_trailing_30m_001966,KLAC,2026-07-02 14:00:00+00:00,240.05,259.42,10.223616265533952,1.5324803247535543,121,rs_trailing_30m
rs_trailing_30m_001967,KLAC,2026-07-02 18:36:00+00:00,228.01,237.61,1.4777898908105969,12.998519243660322,85,rs_trailing_30m
rs_trailing_30m_001968,KLAC,2026-07-02 19:16:00+00:00,237.61,228.01,12.552152811289325,2.5576486919554977,45,rs_trailing_30m
rs_trailing_30m_001969,KLAC,2026-07-06 14:05:00+00:00,235.7,244.01,6.003601803193805,1.2531154309211816,121,rs_trailing_30m
rs_trailing_30m_001970,KLAC,2026-07-06 16:03:00+00:00,231.16,237.5,10.161658076915241,2.0515954221639237,121,rs_trailing_30m
rs_trailing_30m_001971,KLAC,2026-07-06 17:29:00+00:00,231.16,236.71,4.781399126816787,8.968220123873953,121,rs_trailing_30m
rs_trailing_30m_001972,KLAC,2026-07-06 18:03:00+00:00,236.71,231.5932,6.396443815744483,6.438585092648184,118,rs_trailing_30m
rs_trailing_30m_001973,KLAC,2026-07-06 18:49:00+00:00,231.5932,236.71,5.981247924884133,8.614731368347064,72,rs_trailing_30m
rs_trailing_30m_001974,KLAC,2026-07-06 19:18:00+00:00,236.71,231.5932,3.5125673331924387,10.808631495874634,43,rs_trailing_30m
rs_trailing_30m_001975,KLAC,2026-07-07 14:00:00+00:00,210.86,222.29,5.49890629567471,4.541429001379909,121,rs_trailing_30m
rs_trailing_30m_001976,KLAC,2026-07-07 15:45:00+00:00,222.29,214.925,9.389716528688995,1.4157931953413494,121,rs_trailing_30m
rs_trailing_30m_001977,KLAC,2026-07-07 16:56:00+00:00,213.77,220.84,6.558769451327584,4.028102699559636,121,rs_trailing_30m
rs_trailing_30m_001978,KLAC,2026-07-07 17:39:00+00:00,211.93,219.25,14.99048059215389,0.4102657846273553,121,rs_trailing_30m
rs_trailing_30m_001979,KLAC,2026-07-07 18:18:00+00:00,211.93,217.78,14.274920231949972,1.1325121217229888,103,rs_trailing_30m
rs_trailing_30m_001980,KLAC,2026-07-08 14:00:00+00:00,222.3,214.3,0.6086418881331463,7.244801829713845,121,rs_trailing_30m
rs_trailing_30m_001981,KLAC,2026-07-08 18:15:00+00:00,223.4,220.7,3.382644007643817,3.6428473928471705,106,rs_trailing_30m
rs_trailing_30m_001982,KLAC,2026-07-08 19:41:00+00:00,220.7,223.02,0.9824383356128027,5.262101222254778,20,rs_trailing_30m
rs_trailing_30m_001983,KLAC,2026-07-09 14:00:00+00:00,245.3,234.45,1.0225151434339796,9.063202407710087,121,rs_trailing_30m
rs_trailing_30m_001984,KLAC,2026-07-09 16:32:00+00:00,230.78,236.68,10.675827972562482,4.127317747324421,121,rs_trailing_30m
rs_trailing_30m_001985,KLAC,2026-07-09 17:32:00+00:00,229.24,234.99,13.779041714164252,1.1981775403621313,121,rs_trailing_30m
rs_trailing_30m_001986,KLAC,2026-07-09 19:15:00+00:00,228.0,231.09,4.1794802339115185,3.3290046049179085,46,rs_trailing_30m
rs_trailing_30m_001987,KLAC,2026-07-10 14:02:00+00:00,229.27,224.81,2.50769831965534,1.7449003516993118,121,rs_trailing_30m
rs_trailing_30m_001988,KLAC,2026-07-10 14:31:00+00:00,230.88,224.81,2.6675751812791497,3.6084641018078734,121,rs_trailing_30m
rs_trailing_30m_001989,KLAC,2026-07-10 15:27:00+00:00,231.255,226.5,3.9269788107934978,3.869590811470889,121,rs_trailing_30m
rs_trailing_30m_001990,KLAC,2026-07-10 15:48:00+00:00,226.89,231.76,0.13847996842743915,10.236865358362683,121,rs_trailing_30m
rs_trailing_30m_001991,KLAC,2026-07-10 16:12:00+00:00,231.76,228.32,7.051120340081072,0.8498092918013141,121,rs_trailing_30m
rs_trailing_30m_001992,KLAC,2026-07-10 18:39:00+00:00,229.56,232.1,2.2347481810927463,7.723603362724141,82,rs_trailing_30m
rs_trailing_30m_001993,KLAC,2026-07-10 19:39:00+00:00,232.1,230.69,1.8784836633511997,3.4188402672991702,22,rs_trailing_30m
rs_trailing_30m_001994,KLAC,2026-07-13 14:02:00+00:00,221.32,226.855,1.7513099748990761,4.4824525402561255,121,rs_trailing_30m
rs_trailing_30m_001995,KLAC,2026-07-13 17:06:00+00:00,222.39,219.75,3.339851388346652,2.95815408682139,121,rs_trailing_30m
rs_trailing_30m_001996,KLAC,2026-07-13 18:14:00+00:00,223.83,219.72,6.170265472110561,5.330773571143111,107,rs_trailing_30m
rs_trailing_30m_001997,KLAC,2026-07-14 14:00:00+00:00,226.29,232.85,5.292144302347758,0.8741907994997256,121,rs_trailing_30m
rs_trailing_30m_001998,KLAC,2026-07-14 15:10:00+00:00,232.85,229.625,1.3797493739004945,3.2075616888099097,121,rs_trailing_30m
rs_trailing_30m_001999,KLAC,2026-07-14 15:57:00+00:00,229.625,234.37,2.4871484457794413,7.910665981730299,121,rs_trailing_30m
rs_trailing_30m_002000,KLAC,2026-07-14 17:03:00+00:00,234.37,230.88,7.411168433179487,2.2399426980878308,121,rs_trailing_30m
rs_trailing_30m_002001,KLAC,2026-07-14 19:02:00+00:00,229.27,232.41,6.8156424580958,3.9930026522177506,59,rs_trailing_30m
rs_trailing_30m_002002,KLAC,2026-07-15 14:00:00+00:00,219.08,227.9,6.273114150109638,1.2240222731921233,121,rs_trailing_30m
rs_trailing_30m_002003,KLAC,2026-07-15 15:08:00+00:00,222.51,216.465,0.5854643596171009,6.492799748153634,121,rs_trailing_30m
rs_trailing_30m_002004,KLAC,2026-07-15 15:59:00+00:00,216.465,223.9599,4.9204525344159205,6.805556909206899,121,rs_trailing_30m
rs_trailing_30m_002005,KLAC,2026-07-15 17:46:00+00:00,224.53,221.17,3.928710587700554,2.040030402837468,121,rs_trailing_30m
rs_trailing_30m_002006,KLAC,2026-07-15 18:53:00+00:00,221.17,225.25,1.7257518074804552,6.96692396353221,68,rs_trailing_30m
rs_trailing_30m_002007,KLAC,2026-07-15 19:30:00+00:00,225.25,222.64,1.940402858912089,3.335067413755137,31,rs_trailing_30m
rs_trailing_30m_002008,KLAC,2026-07-16 14:00:00+00:00,228.79,220.29,7.4729508019043,1.8957928288016792,121,rs_trailing_30m
rs_trailing_30m_002009,KLAC,2026-07-16 16:02:00+00:00,217.61,221.07,5.8502804011899325,0.7217878417052466,121,rs_trailing_30m
rs_trailing_30m_002010,KLAC,2026-07-16 18:17:00+00:00,221.3,216.72,3.2392543672260956,8.129163258747454,104,rs_trailing_30m
rs_trailing_30m_002011,KLAC,2026-07-16 18:53:00+00:00,216.72,220.26,6.521108029323805,1.950349740880329,68,rs_trailing_30m
rs_trailing_30m_002012,KLAC,2026-07-16 19:26:00+00:00,216.72,220.26,2.2243342320162713,6.152413833236497,35,rs_trailing_30m
rs_trailing_30m_002013,KLAC,2026-07-17 14:00:00+00:00,216.78,208.28,5.1023100375223205,2.635359064875504,121,rs_trailing_30m
rs_trailing_30m_002014,KLAC,2026-07-17 17:01:00+00:00,216.79,211.85,1.870164329193727,6.528573658276323,121,rs_trailing_30m
rs_trailing_30m_002015,KLAC,2026-07-17 19:06:00+00:00,210.5,214.465,3.7367747469104686,4.4305323869300315,55,rs_trailing_30m
rs_trailing_30m_002016,KLAC,2026-07-20 14:00:00+00:00,208.96,217.33,9.516558492091004,0.3415596488498257,121,rs_trailing_30m
rs_trailing_30m_002017,KLAC,2026-07-20 16:10:00+00:00,212.43,208.6489,0.7287361132910389,7.31629780777391,121,rs_trailing_30m
rs_trailing_30m_002018,KLAC,2026-07-20 16:41:00+00:00,208.6489,211.11,3.5816638644417615,2.1943881221761514,121,rs_trailing_30m
rs_trailing_30m_002019,KLAC,2026-07-20 18:12:00+00:00,210.75,206.79,0.4733845889476344,12.916636641286786,109,rs_trailing_30m
rs_trailing_30m_002020,KLAC,2026-07-20 19:20:00+00:00,206.79,209.64,4.02164307888877,4.02164307888869,41,rs_trailing_30m
rs_trailing_30m_002021,KLAC,2026-07-21 14:00:00+00:00,214.23,217.96,2.6970731202800384,1.8550005171156885,121,rs_trailing_30m
rs_trailing_30m_002022,KLAC,2026-07-21 14:31:00+00:00,214.67,218.24,0.9384093562914515,3.097881489444032,121,rs_trailing_30m
rs_trailing_30m_002023,KLAC,2026-07-21 15:08:00+00:00,218.24,215.91,2.8133567819634746,1.7230593439706658,121,rs_trailing_30m
rs_trailing_30m_002024,KLAC,2026-07-21 15:44:00+00:00,215.92,218.54,0.25727747807812185,6.162408165393913,121,rs_trailing_30m
rs_trailing_30m_002025,KLAC,2026-07-21 16:22:00+00:00,218.54,217.1,1.5945280676147002,3.189056135229495,121,rs_trailing_30m
rs_trailing_30m_002026,KLAC,2026-07-21 19:29:00+00:00,216.12,219.55,0.49961095867922933,11.740857528963106,32,rs_trailing_30m
rs_trailing_30m_002027,KLAC,2026-07-22 14:00:00+00:00,218.37,214.78,2.5806088360033694,2.051584024622683,121,rs_trailing_30m
rs_trailing_30m_002028,KLAC,2026-07-22 15:11:00+00:00,218.37,215.15,0.8256499334514552,5.504332889676126,121,rs_trailing_30m
rs_trailing_30m_002029,KLAC,2026-07-22 17:12:00+00:00,216.97,215.66,0.25262086754893015,4.474998225152946,121,rs_trailing_30m
rs_trailing_30m_002030,KLAC,2026-07-23 14:01:00+00:00,213.34,218.18,1.387843432442171,4.328890365872901,121,rs_trailing_30m
rs_trailing_30m_002031,KLAC,2026-07-23 14:17:00+00:00,218.18,213.34,1.0169388107915143,3.9050450334394182,121,rs_trailing_30m
rs_trailing_30m_002032,KLAC,2026-07-23 15:47:00+00:00,213.41,217.74,0.23886123493614592,8.035291943251973,121,rs_trailing_30m
rs_trailing_30m_002033,KLAC,2026-07-23 16:23:00+00:00,217.74,213.57,3.8171281245685553,5.742886457684142,121,rs_trailing_30m
rs_trailing_30m_002034,KLAC,2026-07-23 17:08:00+00:00,213.57,216.14,4.192386831274074,2.4176954732500806,121,rs_trailing_30m
rs_trailing_30m_002035,KLAC,2026-07-23 17:31:00+00:00,213.57,217.439,4.098220284276216,6.265187741779123,121,rs_trailing_30m
rs_trailing_30m_002036,KLAC,2026-07-23 18:34:00+00:00,220.0,214.435,15.810336941611444,3.358404905897834,87,rs_trailing_30m
rs_trailing_30m_002037,KLAC,2026-07-23 19:19:00+00:00,220.0,214.865,14.041740798059196,4.05219621524911,42,rs_trailing_30m
rs_trailing_30m_002038,KLAC,2026-07-24 14:01:00+00:00,210.38,216.73,4.200619418468574,2.800412945645706,121,rs_trailing_30m
rs_trailing_30m_002039,KLAC,2026-07-24 18:04:00+00:00,207.44,213.31,16.306458156252408,0.9869310717876585,117,rs_trailing_30m
rs_trailing_30m_002040,KLAC,2026-07-24 19:44:00+00:00,212.87,208.76,7.588892444549164,1.4256589852476844,17,rs_trailing_30m
rs_trailing_30m_002041,KLAC,2026-07-27 14:00:00+00:00,195.56,206.87,8.72627235213099,0.5320897775689677,121,rs_trailing_30m
rs_trailing_30m_002042,KLAC,2026-07-27 16:55:00+00:00,197.66,201.32,1.6428175322311247,4.281036820444563,121,rs_trailing_30m
rs_trailing_30m_002043,KLAC,2026-07-27 17:55:00+00:00,205.69,199.14,14.74809690256056,1.3787870226100059,121,rs_trailing_30m
rs_trailing_30m_002044,KLAC,2026-07-27 18:59:00+00:00,205.69,201.011,10.63038214921486,2.02599395159335,62,rs_trailing_30m
rs_trailing_30m_002045,KLAC,2026-07-28 14:00:00+00:00,186.75,193.73,3.856239999865232,3.398896172387927,121,rs_trailing_30m
rs_trailing_30m_002046,KLAC,2026-07-28 19:00:00+00:00,200.0,190.8,21.104715697506563,4.01344528788288,61,rs_trailing_30m
rs_trailing_30m_002047,KLAC,2026-07-29 14:01:00+00:00,173.14,181.31,5.165199360535269,0.928617069150386,121,rs_trailing_30m
rs_trailing_30m_002048,KLAC,2026-07-29 17:44:00+00:00,172.54,181.12,3.144921453845058,15.790816141937693,121,rs_trailing_30m
rs_trailing_30m_002049,KLAC,2026-07-29 18:00:00+00:00,181.12,169.8,10.581328114570884,13.044043533741243,121,rs_trailing_30m
rs_trailing_30m_002050,KLAC,2026-07-30 14:02:00+00:00,186.75,182.59,2.500763573229074,1.6439282453498012,121,rs_trailing_30m
rs_trailing_30m_002051,KLAC,2026-07-30 14:29:00+00:00,186.75,182.59,0.43240877577150977,3.47807058772729,121,rs_trailing_30m
rs_trailing_30m_002052,KLAC,2026-07-30 16:20:00+00:00,179.96,183.72,7.650044789492686,0.40714524089736576,121,rs_trailing_30m
rs_trailing_30m_002053,KLAC,2026-07-30 17:55:00+00:00,178.855,181.72,9.632646276597422,1.1266252955085139,121,rs_trailing_30m
rs_trailing_30m_002054,KLAC,2026-07-30 19:22:00+00:00,181.1,178.855,0.24283991901504665,7.545383197968296,39,rs_trailing_30m
rs_trailing_30m_002055,KLAC,2026-07-31 14:00:00+00:00,180.1,187.74,3.0604675687060308,4.445783546836201,121,rs_trailing_30m
rs_trailing_30m_002056,KLAC,2026-07-31 15:54:00+00:00,188.59,184.435,3.9586713346412834,2.2248923478529115,121,rs_trailing_30m
rs_trailing_30m_002057,KLAC,2026-07-31 16:25:00+00:00,184.84,188.59,0.49298445202881463,6.617368221463953,121,rs_trailing_30m
rs_trailing_30m_002058,KLAC,2026-07-31 17:34:00+00:00,188.59,185.74,0.8545457885891247,7.130554203145125,121,rs_trailing_30m
rs_trailing_30m_002059,KLAC,2026-07-31 18:10:00+00:00,182.33,187.305,13.907301809507304,1.7109434506053587,111,rs_trailing_30m
rs_trailing_30m_002060,KLAC,2026-07-31 19:08:00+00:00,182.33,186.79,11.85666508947299,2.771474965589133,53,rs_trailing_30m
rs_trailing_30m_002061,KLAC,2026-07-31 19:24:00+00:00,182.33,186.79,12.76689002241164,2.138955396424945,37,rs_trailing_30m
rs_trailing_30m_002062,KLAC,2026-08-03 14:06:00+00:00,175.54,182.51,1.3128221972103158,6.644021902403471,121,rs_trailing_30m
rs_trailing_30m_002063,KLAC,2026-08-03 17:59:00+00:00,183.19,179.95,10.281855464968851,3.8638819900202424,121,rs_trailing_30m
rs_trailing_30m_002064,KLAC,2026-08-03 19:17:00+00:00,183.19,181.27,5.842042960215722,1.1248654146999402,44,rs_trailing_30m
rs_trailing_30m_002065,KLAC,2026-08-04 14:02:00+00:00,195.63,189.52,4.83385532554386,3.4508167751778602,121,rs_trailing_30m
rs_trailing_30m_002066,KLAC,2026-08-04 15:04:00+00:00,195.63,192.32,6.516176491294076,0.5904278534121614,121,rs_trailing_30m
rs_trailing_30m_002067,KLAC,2026-08-04 19:06:00+00:00,196.725,194.775,2.1140067998389327,6.564547431078844,55,rs_trailing_30m
rs_trailing_30m_002068,KLAC,2026-08-04 19:30:00+00:00,194.775,196.725,0.6432497890981905,7.449247557620874,31,rs_trailing_30m
rs_trailing_30m_002069,KLAC,2026-08-05 14:00:00+00:00,200.29,191.77,1.2700927598256297,9.551097553888711,121,rs_trailing_30m
rs_trailing_30m_002070,KLAC,2026-08-05 16:01:00+00:00,192.81,195.46,0.27737732747690863,5.167436878551676,121,rs_trailing_30m
rs_trailing_30m_002071,KLAC,2026-08-05 16:26:00+00:00,195.46,192.81,1.804549408520132,3.888374320739797,121,rs_trailing_30m
rs_trailing_30m_002072,KLAC,2026-08-05 17:09:00+00:00,192.81,194.11,2.0357762648499516,1.2723601655312018,121,rs_trailing_30m
rs_trailing_30m_002073,KLAC,2026-08-05 19:13:00+00:00,195.27,191.22,3.256765362370934,12.634680080523186,48,rs_trailing_30m
rs_trailing_30m_002074,KLAC,2026-08-06 14:00:00+00:00,198.32,193.18,7.242407479858599,0.38586597228753516,121,rs_trailing_30m
rs_trailing_30m_002075,KLAC,2026-08-06 16:20:00+00:00,193.5,197.58,4.064583312409344,4.268833730118343,121,rs_trailing_30m
rs_trailing_30m_002076,KLAC,2026-08-06 16:52:00+00:00,197.58,193.5,1.739166796549504,7.721900576679826,121,rs_trailing_30m
rs_trailing_30m_002077,KLAC,2026-08-06 17:40:00+00:00,193.5,197.58,5.252532132049864,6.854999562166738,121,rs_trailing_30m
rs_trailing_30m_002078,KLAC,2026-08-07 14:00:00+00:00,195.05,198.35,2.9005633074518187,0.912926299954949,121,rs_trailing_30m
rs_trailing_30m_002079,KLAC,2026-08-07 14:48:00+00:00,195.67,198.52,0.9725922337931836,2.536126584321403,121,rs_trailing_30m
rs_trailing_30m_002080,KLAC,2026-08-07 19:06:00+00:00,199.3,195.9,2.1841040633148587,13.127140916623953,55,rs_trailing_30m
rs_trailing_30m_002081,KLAC,2026-08-07 19:35:00+00:00,195.9,198.34,5.703123065107637,3.5125195036756116,26,rs_trailing_30m
rs_trailing_30m_002082,KLAC,2026-08-10 14:00:00+00:00,193.61,199.33,5.3971535422264445,2.9465540960263534,121,rs_trailing_30m
rs_trailing_30m_002083,KLAC,2026-08-10 14:40:00+00:00,193.61,196.86,4.501654213321473,0.4410404465754487,121,rs_trailing_30m
rs_trailing_30m_002084,KLAC,2026-08-10 16:02:00+00:00,195.225,192.75,0.07454988976399232,7.305889196869552,121,rs_trailing_30m
rs_trailing_30m_002085,KLAC,2026-08-10 19:26:00+00:00,194.99,192.47,0.6709971077706933,13.905836612763375,35,rs_trailing_30m
rs_trailing_30m_002086,KLAC,2026-08-11 14:00:00+00:00,203.15,198.82,4.626988023229853,0.687297955705231,121,rs_trailing_30m
rs_trailing_30m_002087,KLAC,2026-08-11 15:19:00+00:00,197.74,199.98,4.088865516651783,0.9713879404199869,121,rs_trailing_30m
rs_trailing_30m_002088,KLAC,2026-08-11 16:14:00+00:00,197.52,199.165,3.5888239586749084,2.0877293221137494,121,rs_trailing_30m
rs_trailing_30m_002089,KLAC,2026-08-11 18:42:00+00:00,200.63,198.604,6.9427056065136785,2.434575432684047,79,rs_trailing_30m
rs_trailing_30m_002090,KLAC,2026-08-11 19:36:00+00:00,200.63,199.79,1.8319193518639338,1.665381228967245,25,rs_trailing_30m
rs_trailing_30m_002091,KLAC,2026-08-12 14:01:00+00:00,208.92,205.22,0.3004732453612631,4.752940426623627,121,rs_trailing_30m
rs_trailing_30m_002092,KLAC,2026-08-12 16:17:00+00:00,209.43,207.91,3.281420155606868,2.8012123279571743,121,rs_trailing_30m
rs_trailing_30m_002093,KLAC,2026-08-13 14:12:00+00:00,214.8,209.04,8.510649879430073,0.7386601782146968,121,rs_trailing_30m
rs_trailing_30m_002094,KLAC,2026-08-13 16:18:00+00:00,214.34,212.2,4.334370779261414,0.7761269990413417,121,rs_trailing_30m
rs_trailing_30m_002095,KLAC,2026-08-13 17:22:00+00:00,214.34,209.95,0.1606997023103139,17.476092626250207,121,rs_trailing_30m
rs_trailing_30m_002096,KLAC,2026-08-13 17:56:00+00:00,208.55,213.23,20.132325141756322,1.984877126651977,121,rs_trailing_30m
rs_trailing_30m_002097,KLAC,2026-08-13 18:44:00+00:00,208.55,212.0,11.575911380862838,4.272062533413728,77,rs_trailing_30m
rs_trailing_30m_002098,KLAC,2026-08-14 14:00:00+00:00,201.41,206.13,5.620921052985643,1.6677458069297748,121,rs_trailing_30m
rs_trailing_30m_002099,KLAC,2026-08-14 14:54:00+00:00,204.9399,201.41,0.2312281175010071,5.819269524951769,121,rs_trailing_30m
rs_trailing_30m_002100,KLAC,2026-08-14 15:20:00+00:00,201.41,203.61,4.678043889239251,0.6406623414203975,121,rs_trailing_30m
rs_trailing_30m_002101,KLAC,2026-08-14 16:28:00+00:00,203.09,200.86,0.20653928196570803,7.469837364426115,121,rs_trailing_30m
rs_trailing_30m_002102,KLAC,2026-08-14 18:52:00+00:00,204.45,202.58,6.259480681701563,5.04991919731468,69,rs_trailing_30m
rs_trailing_30m_002103,KLAC,2026-08-14 19:09:00+00:00,204.45,202.58,3.5134507226235603,7.528822977050367,52,rs_trailing_30m
rs_trailing_30m_002104,LRCX,2026-07-01 14:00:00+00:00,391.87,409.99,6.645807393030692,0.7239618824721449,121,rs_trailing_30m
rs_trailing_30m_002105,LRCX,2026-07-01 16:42:00+00:00,382.05,391.615,11.658688892340829,0.7595025614721423,121,rs_trailing_30m
rs_trailing_30m_002106,LRCX,2026-07-01 18:04:00+00:00,381.0,392.595,4.415663701378018,11.005908773766063,117,rs_trailing_30m
rs_trailing_30m_002107,LRCX,2026-07-01 18:54:00+00:00,381.0,392.595,1.5066511414557127,16.319491700563372,67,rs_trailing_30m
rs_trailing_30m_002108,LRCX,2026-07-02 14:00:00+00:00,358.58,385.4,13.167032630342597,2.2404636674666576,121,rs_trailing_30m
rs_trailing_30m_002109,LRCX,2026-07-02 18:36:00+00:00,342.475,354.75,4.402207471442395,9.358194034021265,85,rs_trailing_30m
rs_trailing_30m_002110,LRCX,2026-07-02 19:07:00+00:00,342.475,354.75,1.786569506561304,12.00597180981625,54,rs_trailing_30m
rs_trailing_30m_002111,LRCX,2026-07-06 14:03:00+00:00,364.82,354.915,1.1738648947951047,5.010779670601442,121,rs_trailing_30m
rs_trailing_30m_002112,LRCX,2026-07-06 14:34:00+00:00,364.5,354.915,0.5568858867243347,5.722082733735319,121,rs_trailing_30m
rs_trailing_30m_002113,LRCX,2026-07-06 14:53:00+00:00,354.11,362.575,7.527122502136885,0.3985789868719579,121,rs_trailing_30m
rs_trailing_30m_002114,LRCX,2026-07-06 16:08:00+00:00,350.3,359.88,10.322669926927173,2.4128327002411885,121,rs_trailing_30m
rs_trailing_30m_002115,LRCX,2026-07-06 17:36:00+00:00,349.81,354.187,2.388825305773865,4.974476358572693,121,rs_trailing_30m
rs_trailing_30m_002116,LRCX,2026-07-06 18:39:00+00:00,348.27,354.187,4.943699766120469,6.572785082751471,82,rs_trailing_30m
rs_trailing_30m_002117,LRCX,2026-07-06 19:18:00+00:00,354.187,348.27,1.4175471575811143,10.280676735595561,43,rs_trailing_30m
rs_trailing_30m_002118,LRCX,2026-07-07 14:00:00+00:00,313.1,325.28,7.251469755945132,0.4859723489529518,121,rs_trailing_30m
rs_trailing_30m_002119,LRCX,2026-07-07 17:06:00+00:00,327.84,321.405,1.479063694861467,7.6726429170941834,121,rs_trailing_30m
rs_trailing_30m_002120,LRCX,2026-07-07 18:26:00+00:00,319.7,326.38,12.226010024864241,2.2288124470105766,95,rs_trailing_30m
rs_trailing_30m_002121,LRCX,2026-07-08 14:00:00+00:00,337.26,323.82,0.40040320715118954,7.513448416542828,121,rs_trailing_30m
rs_trailing_30m_002122,LRCX,2026-07-08 18:15:00+00:00,336.0097,330.46,1.2564942759693132,10.371263408451425,106,rs_trailing_30m
rs_trailing_30m_002123,LRCX,2026-07-08 19:30:00+00:00,330.46,334.48,4.607620463117984,3.947868803271992,31,rs_trailing_30m
rs_trailing_30m_002124,LRCX,2026-07-09 14:00:00+00:00,366.31,352.02,0.5032629023007705,7.314572594903431,121,rs_trailing_30m
rs_trailing_30m_002125,LRCX,2026-07-09 15:43:00+00:00,353.74,358.85,1.0048368066779896,5.413558295977595,121,rs_trailing_30m
rs_trailing_30m_002126,LRCX,2026-07-09 16:27:00+00:00,358.85,353.56,3.991495018977612,5.584472622923185,121,rs_trailing_30m
rs_trailing_30m_002127,LRCX,2026-07-09 17:41:00+00:00,350.31,357.22,13.173961764408498,1.1392576997523283,121,rs_trailing_30m
rs_trailing_30m_002128,LRCX,2026-07-09 18:22:00+00:00,350.06,355.01,9.323432920388873,1.2374350329119892,99,rs_trailing_30m
rs_trailing_30m_002129,LRCX,2026-07-09 19:00:00+00:00,350.06,353.78,2.996720378376093,4.691417419940503,61,rs_trailing_30m
rs_trailing_30m_002130,LRCX,2026-07-10 14:05:00+00:00,350.74,341.33,3.475121738354343,2.9242707387326177,121,rs_trailing_30m
rs_trailing_30m_002131,LRCX,2026-07-10 14:42:00+00:00,353.11,344.95,5.802431253753194,0.6969289426264965,121,rs_trailing_30m
rs_trailing_30m_002132,LRCX,2026-07-10 16:06:00+00:00,354.73,349.48,6.372824478231746,2.075995852757234,121,rs_trailing_30m
rs_trailing_30m_002133,LRCX,2026-07-10 17:04:00+00:00,350.2,354.73,0.4163150841316714,8.155990966396736,121,rs_trailing_30m
rs_trailing_30m_002134,LRCX,2026-07-10 17:26:00+00:00,354.73,349.74,4.153031866997975,6.9887041632814775,121,rs_trailing_30m
rs_trailing_30m_002135,LRCX,2026-07-10 18:56:00+00:00,349.675,352.65,3.671332922639066,3.68369431295083,65,rs_trailing_30m
rs_trailing_30m_002136,LRCX,2026-07-10 19:42:00+00:00,352.41,349.675,0.05136106831033671,6.9722650231146694,19,rs_trailing_30m
rs_trailing_30m_002137,LRCX,2026-07-13 14:01:00+00:00,330.76,337.98,1.6995432522008198,3.9551582597299983,121,rs_trailing_30m
rs_trailing_30m_002138,LRCX,2026-07-13 15:25:00+00:00,335.43,326.9,0.8941215734737284,10.83950461380401,121,rs_trailing_30m
rs_trailing_30m_002139,LRCX,2026-07-13 15:53:00+00:00,326.9,332.68,9.273941460643572,0.7453822108554733,121,rs_trailing_30m
rs_trailing_30m_002140,LRCX,2026-07-13 16:58:00+00:00,331.49,327.44,0.5354886647584145,7.209972379067856,121,rs_trailing_30m
rs_trailing_30m_002141,LRCX,2026-07-13 17:27:00+00:00,327.44,330.78,1.9084347799149262,4.40262676950672,121,rs_trailing_30m
rs_trailing_30m_002142,LRCX,2026-07-13 19:02:00+00:00,332.49,327.82,5.523398300551503,5.135390981917686,59,rs_trailing_30m
rs_trailing_30m_002143,LRCX,2026-07-13 19:30:00+00:00,332.49,329.17,2.9826517240707946,3.618950758539217,31,rs_trailing_30m
rs_trailing_30m_002144,LRCX,2026-07-14 14:02:00+00:00,338.875,348.17,4.186204240211855,2.818434537964421,121,rs_trailing_30m
rs_trailing_30m_002145,LRCX,2026-07-14 15:01:00+00:00,348.17,343.64,3.7923770601739397,0.5678940267773468,121,rs_trailing_30m
rs_trailing_30m_002146,LRCX,2026-07-14 16:15:00+00:00,343.69,349.19,0.3361593895718041,9.145259290658899,121,rs_trailing_30m
rs_trailing_30m_002147,LRCX,2026-07-14 17:03:00+00:00,349.19,345.77,5.026521945760318,2.969154823774821,121,rs_trailing_30m
rs_trailing_30m_002148,LRCX,2026-07-14 19:02:00+00:00,342.945,347.91,8.798117016568218,5.00366844544164,59,rs_trailing_30m
rs_trailing_30m_002149,LRCX,2026-07-15 14:00:00+00:00,327.945,343.3196,9.47788207535755,1.2643697311881255,121,rs_trailing_30m
rs_trailing_30m_002150,LRCX,2026-07-15 15:58:00+00:00,319.79,332.04,10.44077092839767,3.8496697277891037,121,rs_trailing_30m
rs_trailing_30m_002151,LRCX,2026-07-15 17:58:00+00:00,335.97,328.53,6.9432226957112695,4.561805557315929,121,rs_trailing_30m
rs_trailing_30m_002152,LRCX,2026-07-15 18:53:00+00:00,328.53,336.0,1.138682861267314,11.46274080342413,68,rs_trailing_30m
rs_trailing_30m_002153,LRCX,2026-07-15 19:28:00+00:00,336.0,330.91,7.073355180236318,1.1654040571555915,33,rs_trailing_30m
rs_trailing_30m_002154,LRCX,2026-07-16 14:02:00+00:00,336.68,322.375,5.471578060955979,4.149924601855995,121,rs_trailing_30m
rs_trailing_30m_002155,LRCX,2026-07-16 15:30:00+00:00,318.39,326.5,7.620451115445626,1.6313241160310306,121,rs_trailing_30m
rs_trailing_30m_002156,LRCX,2026-07-16 15:47:00+00:00,316.87,325.23,7.996350643032925,1.966315731893389,121,rs_trailing_30m
rs_trailing_30m_002157,LRCX,2026-07-16 17:25:00+00:00,315.16,319.84,6.011934763824074,2.55301339285679,121,rs_trailing_30m
rs_trailing_30m_002158,LRCX,2026-07-16 18:20:00+00:00,322.4,316.64,5.954506104659196,4.534165198960714,101,rs_trailing_30m
rs_trailing_30m_002159,LRCX,2026-07-16 18:57:00+00:00,316.64,322.4,0.47580236930161585,10.710408435503494,64,rs_trailing_30m
rs_trailing_30m_002160,LRCX,2026-07-17 14:01:00+00:00,320.58,308.4,6.86886912188618,0.8278029944499455,121,rs_trailing_30m
rs_trailing_30m_002161,LRCX,2026-07-17 15:02:00+00:00,322.0699,308.4,7.960608455156314,2.0230355710404035,121,rs_trailing_30m
rs_trailing_30m_002162,LRCX,2026-07-17 17:35:00+00:00,309.08,316.54,9.601773631939789,1.6518369406086906,121,rs_trailing_30m
rs_trailing_30m_002163,LRCX,2026-07-17 19:06:00+00:00,309.08,314.77,3.6660264744875626,5.305883478129351,55,rs_trailing_30m
rs_trailing_30m_002164,LRCX,2026-07-20 14:00:00+00:00,305.31,318.1,9.338180281839437,0.11829840420384355,121,rs_trailing_30m
rs_trailing_30m_002165,LRCX,2026-07-20 16:05:00+00:00,313.355,307.81,1.5727777387735544,6.616004009113208,121,rs_trailing_30m
rs_trailing_30m_002166,LRCX,2026-07-20 16:40:00+00:00,306.65,311.04,7.330141288256972,0.9634979528379923,121,rs_trailing_30m
rs_trailing_30m_002167,LRCX,2026-07-20 18:39:00+00:00,305.26,308.41,3.697289808640754,4.225474067017943,82,rs_trailing_30m
rs_trailing_30m_002168,LRCX,2026-07-20 19:25:00+00:00,305.26,308.25,1.6111707841026717,4.812030075186665,36,rs_trailing_30m
rs_trailing_30m_002169,LRCX,2026-07-21 14:00:00+00:00,313.29,323.37,4.757967244821938,4.482940236450717,121,rs_trailing_30m
rs_trailing_30m_002170,LRCX,2026-07-21 15:44:00+00:00,319.49,323.92,1.2225367637849625,6.2994602689478345,121,rs_trailing_30m
rs_trailing_30m_002171,LRCX,2026-07-21 16:22:00+00:00,323.92,320.78,1.8900861485116625,4.596111126162183,121,rs_trailing_30m
rs_trailing_30m_002172,LRCX,2026-07-21 16:44:00+00:00,323.92,319.81,3.4558903269483006,5.919495312495368,121,rs_trailing_30m
rs_trailing_30m_002173,LRCX,2026-07-21 17:03:00+00:00,323.92,319.81,2.406165609735014,7.1028157902753195,121,rs_trailing_30m
rs_trailing_30m_002174,LRCX,2026-07-21 18:59:00+00:00,324.38,320.66,7.897969346540402,4.657776794113605,62,rs_trailing_30m
rs_trailing_30m_002175,LRCX,2026-07-22 14:00:00+00:00,320.79,315.787,0.8735755727870469,4.064840913826961,121,rs_trailing_30m
rs_trailing_30m_002176,LRCX,2026-07-22 14:32:00+00:00,320.79,315.787,0.5023096811537126,4.377409415568296,121,rs_trailing_30m
rs_trailing_30m_002177,LRCX,2026-07-22 17:16:00+00:00,322.25,319.8,5.198219737968891,0.8376278250754889,121,rs_trailing_30m
rs_trailing_30m_002178,LRCX,2026-07-23 14:00:00+00:00,325.88,317.0,3.983008621708669,4.280803658845814,121,rs_trailing_30m
rs_trailing_30m_002179,LRCX,2026-07-23 15:57:00+00:00,323.08,317.335,4.337498865321063,4.499001482646875,121,rs_trailing_30m
rs_trailing_30m_002180,LRCX,2026-07-23 16:29:00+00:00,323.08,316.85,0.7388791225863862,10.19512784585362,121,rs_trailing_30m
rs_trailing_30m_002181,LRCX,2026-07-23 17:06:00+00:00,316.85,321.28,5.452719329083286,3.5943018798451987,121,rs_trailing_30m
rs_trailing_30m_002182,LRCX,2026-07-23 17:42:00+00:00,316.7,320.88,2.9620167113031246,6.562006252733008,121,rs_trailing_30m
rs_trailing_30m_002183,LRCX,2026-07-23 18:40:00+00:00,321.46,316.68,5.907230851636007,6.586823781470217,81,rs_trailing_30m
rs_trailing_30m_002184,LRCX,2026-07-23 19:10:00+00:00,316.68,321.46,0.47159514670811653,12.78855074308349,51,rs_trailing_30m
rs_trailing_30m_002185,LRCX,2026-07-23 19:29:00+00:00,321.46,316.68,2.551637443375384,10.087561498940245,32,rs_trailing_30m
rs_trailing_30m_002186,LRCX,2026-07-24 14:01:00+00:00,306.01,316.79,4.523350766126251,3.48350001529261,121,rs_trailing_30m
rs_trailing_30m_002187,LRCX,2026-07-24 15:35:00+00:00,318.12,309.94,4.844319644006417,3.515708771177643,121,rs_trailing_30m
rs_trailing_30m_002188,LRCX,2026-07-24 16:29:00+00:00,306.54,314.93,13.62960996113404,0.8270812618640473,121,rs_trailing_30m
rs_trailing_30m_002189,LRCX,2026-07-24 17:58:00+00:00,301.675,310.95,20.715450593082288,0.8425639091155785,121,rs_trailing_30m
rs_trailing_30m_002190,LRCX,2026-07-27 14:00:00+00:00,278.45,297.18,13.116985731454127,0.4715730489737631,121,rs_trailing_30m
rs_trailing_30m_002191,LRCX,2026-07-27 17:46:00+00:00,294.93,283.1,18.671987866785628,1.2999485223711202,121,rs_trailing_30m
rs_trailing_30m_002192,LRCX,2026-07-27 18:57:00+00:00,294.93,287.14,16.461279390109514,0.2793689713726051,64,rs_trailing_30m
rs_trailing_30m_002193,LRCX,2026-07-28 14:00:00+00:00,258.53,269.89,5.291890814902858,2.755750370812847,121,rs_trailing_30m
rs_trailing_30m_002194,LRCX,2026-07-28 16:30:00+00:00,265.75,271.4,1.3724674179371938,6.4610924480546155,121,rs_trailing_30m
rs_trailing_30m_002195,LRCX,2026-07-28 18:12:00+00:00,275.96,269.11,10.82412452907325,3.0089450649849576,109,rs_trailing_30m
rs_trailing_30m_002196,LRCX,2026-07-28 19:05:00+00:00,275.96,269.11,6.293351286439517,8.912806142876457,56,rs_trailing_30m
rs_trailing_30m_002197,LRCX,2026-07-29 14:01:00+00:00,253.9,265.79,6.123128738457495,1.4291534918598903,121,rs_trailing_30m
rs_trailing_30m_002198,LRCX,2026-07-29 17:04:00+00:00,269.14,255.09,23.54637814258751,1.0503960509704375,121,rs_trailing_30m
rs_trailing_30m_002199,LRCX,2026-07-30 14:03:00+00:00,312.17,297.415,2.1027145084104757,3.712759263210208,121,rs_trailing_30m
rs_trailing_30m_002200,LRCX,2026-07-30 19:05:00+00:00,302.66,297.04,9.000754234749305,2.2903704972352776,56,rs_trailing_30m
rs_trailing_30m_002201,LRCX,2026-07-31 14:00:00+00:00,294.33,304.19,3.960713224434553,1.7031928514065675,121,rs_trailing_30m
rs_trailing_30m_002202,LRCX,2026-07-31 17:35:00+00:00,305.47,298.385,1.5059106518332408,12.172777768984915,121,rs_trailing_30m
rs_trailing_30m_002203,LRCX,2026-07-31 18:03:00+00:00,292.93,302.55,18.345998945978987,0.744158962113804,118,rs_trailing_30m
rs_trailing_30m_002204,LRCX,2026-07-31 19:15:00+00:00,292.93,301.09,16.513522659242362,1.9961401016666562,46,rs_trailing_30m
rs_trailing_30m_002205,LRCX,2026-08-03 14:00:00+00:00,294.735,281.28,6.518319324647332,2.7380380909864317,121,rs_trailing_30m
rs_trailing_30m_002206,LRCX,2026-08-03 16:41:00+00:00,289.49,295.54,2.2569994261872055,9.31490441146749,121,rs_trailing_30m
rs_trailing_30m_002207,LRCX,2026-08-03 17:22:00+00:00,295.54,291.23,7.7975375754937595,1.6424744888802187,121,rs_trailing_30m
rs_trailing_30m_002208,LRCX,2026-08-03 17:55:00+00:00,295.93,291.23,5.808826269312575,6.061383933195643,121,rs_trailing_30m
rs_trailing_30m_002209,LRCX,2026-08-04 14:00:00+00:00,306.46,314.68,2.3013493772373423,4.527925670015637,121,rs_trailing_30m
rs_trailing_30m_002210,LRCX,2026-08-05 14:00:00+00:00,322.97,305.36,1.3251416461366008,11.426631243735004,121,rs_trailing_30m
rs_trailing_30m_002211,LRCX,2026-08-05 17:10:00+00:00,311.06,313.43,0.5368306017581413,3.8640290529174512,121,rs_trailing_30m
rs_trailing_30m_002212,LRCX,2026-08-05 19:26:00+00:00,314.08,306.42,0.6156304535229423,19.033241521416805,35,rs_trailing_30m
rs_trailing_30m_002213,LRCX,2026-08-05 19:44:00+00:00,306.42,311.85,10.080325134673917,2.6194812414929993,17,rs_trailing_30m
rs_trailing_30m_002214,LRCX,2026-08-06 14:00:00+00:00,314.16,305.59,6.3199997100338186,0.35847100698098416,121,rs_trailing_30m
rs_trailing_30m_002215,LRCX,2026-08-06 16:17:00+00:00,305.61,311.7374,3.82871887858319,3.83797787194965,121,rs_trailing_30m
rs_trailing_30m_002216,LRCX,2026-08-06 17:43:00+00:00,305.61,311.7374,4.540153796552804,8.279817803907115,121,rs_trailing_30m
rs_trailing_30m_002217,LRCX,2026-08-07 14:00:00+00:00,303.83,310.56,2.4774372955128996,2.186381725130992,121,rs_trailing_30m
rs_trailing_30m_002218,LRCX,2026-08-07 14:51:00+00:00,305.76,310.7,0.7210243328532395,3.420673579117627,121,rs_trailing_30m
rs_trailing_30m_002219,LRCX,2026-08-07 16:12:00+00:00,310.3699,306.86,0.4167297164981243,6.3895970956784645,121,rs_trailing_30m
rs_trailing_30m_002220,LRCX,2026-08-07 16:38:00+00:00,307.91,310.255,0.3018745917268614,4.417431525603727,121,rs_trailing_30m
rs_trailing_30m_002221,LRCX,2026-08-07 17:52:00+00:00,307.91,312.0,0.7592730893699348,11.662434652722121,121,rs_trailing_30m
rs_trailing_30m_002222,LRCX,2026-08-07 19:06:00+00:00,312.0,309.43,1.4830681981034595,6.541111315845379,55,rs_trailing_30m
rs_trailing_30m_002223,LRCX,2026-08-07 19:40:00+00:00,309.63,311.87,0.5176422667635407,5.279951120988469,21,rs_trailing_30m
rs_trailing_30m_002224,LRCX,2026-08-10 14:00:00+00:00,305.5,312.76,2.8076378938043876,3.6530439157106698,121,rs_trailing_30m
rs_trailing_30m_002225,LRCX,2026-08-10 14:40:00+00:00,305.5,310.37,3.427105406305382,1.396594977714076,121,rs_trailing_30m
rs_trailing_30m_002226,LRCX,2026-08-10 15:51:00+00:00,310.37,306.46,2.567680951022951,4.170327450654727,121,rs_trailing_30m
rs_trailing_30m_002227,LRCX,2026-08-10 19:28:00+00:00,309.37,305.83,1.040917567616934,12.119254537252989,33,rs_trailing_30m
rs_trailing_30m_002228,LRCX,2026-08-11 14:01:00+00:00,316.86,309.9,3.1463163216824808,3.375906045826105,121,rs_trailing_30m
rs_trailing_30m_002229,LRCX,2026-08-12 14:04:00+00:00,328.22,323.5,1.3947382569583262,3.2576748687259443,121,rs_trailing_30m
rs_trailing_30m_002230,LRCX,2026-08-12 14:52:00+00:00,329.4899,324.85,3.28306861685672,2.6444422105504066,121,rs_trailing_30m
rs_trailing_30m_002231,LRCX,2026-08-12 15:48:00+00:00,324.85,329.4899,0.9075656853436109,8.052038619818186,121,rs_trailing_30m
rs_trailing_30m_002232,LRCX,2026-08-12 16:17:00+00:00,329.4899,327.72,2.514714903720755,1.78598459197474,121,rs_trailing_30m
rs_trailing_30m_002233,LRCX,2026-08-12 18:52:00+00:00,323.92,327.465,13.032382257935522,2.735465900556213,69,rs_trailing_30m
rs_trailing_30m_002234,LRCX,2026-08-12 19:30:00+00:00,323.92,326.515,0.6259033887115236,6.435919627404382,31,rs_trailing_30m
rs_trailing_30m_002235,LRCX,2026-08-13 14:01:00+00:00,340.76,329.11,12.1587063008907,0.7536846202922316,121,rs_trailing_30m
rs_trailing_30m_002236,LRCX,2026-08-13 17:17:00+00:00,345.12,337.85,2.254883585322791,13.137608119181138,121,rs_trailing_30m
rs_trailing_30m_002237,LRCX,2026-08-13 18:43:00+00:00,336.01,341.45,13.63071191210356,1.0526688407366713,78,rs_trailing_30m
rs_trailing_30m_002238,LRCX,2026-08-14 14:03:00+00:00,337.95,327.08,0.6902816896467799,7.125720358749742,121,rs_trailing_30m
rs_trailing_30m_002239,LRCX,2026-08-14 15:24:00+00:00,326.93,331.33,3.7866411304573515,2.6711964563691457,121,rs_trailing_30m
rs_trailing_30m_002240,LRCX,2026-08-14 16:28:00+00:00,330.13,326.555,0.467975530517044,6.805991954692933,121,rs_trailing_30m
rs_trailing_30m_002241,LRCX,2026-08-14 18:51:00+00:00,333.0,329.38,12.365953512942202,2.2153988378235723,70,rs_trailing_30m
rs_trailing_30m_002242,MDLZ,2026-07-01 14:05:00+00:00,58.685,59.555,1.2618394332573328,4.67221627989891,121,rs_trailing_30m
rs_trailing_30m_002243,MDLZ,2026-07-01 15:15:00+00:00,58.635,59.295,9.402308221447361,0.854755292858841,121,rs_trailing_30m
rs_trailing_30m_002244,MDLZ,2026-07-01 16:10:00+00:00,58.61,58.875,4.246756775115482,1.2429532024728815,121,rs_trailing_30m
rs_trailing_30m_002245,MDLZ,2026-07-01 18:52:00+00:00,59.39,58.61,15.032264620708455,9.143336212595928,69,rs_trailing_30m
rs_trailing_30m_002246,MDLZ,2026-07-02 14:07:00+00:00,59.85,60.55,0.3551184866488896,5.859455029706774,121,rs_trailing_30m
rs_trailing_30m_002247,MDLZ,2026-07-02 14:35:00+00:00,60.55,59.9,5.576410635442383,2.135646626339638,121,rs_trailing_30m
rs_trailing_30m_002248,MDLZ,2026-07-02 19:20:00+00:00,61.06,60.8,5.821443908959772,1.746433172687973,41,rs_trailing_30m
rs_trailing_30m_002249,MDLZ,2026-07-06 14:00:00+00:00,58.875,59.6799,5.897389081614059,1.2406687707035091,121,rs_trailing_30m
rs_trailing_30m_002250,MDLZ,2026-07-07 14:00:00+00:00,61.12,60.26,1.0991396131046196,4.65411703491722,121,rs_trailing_30m
rs_trailing_30m_002251,MDLZ,2026-07-07 15:09:00+00:00,59.78,60.75,10.602152949091623,0.4560065784555441,121,rs_trailing_30m
rs_trailing_30m_002252,MDLZ,2026-07-07 15:46:00+00:00,59.78,60.49,10.604439689759909,2.265905916615362,121,rs_trailing_30m
rs_trailing_30m_002253,MDLZ,2026-07-07 16:45:00+00:00,59.73,60.085,5.306808954879886,3.0661562850417527,121,rs_trailing_30m
rs_trailing_30m_002254,MDLZ,2026-07-07 19:01:00+00:00,60.48,59.975,12.29270750242055,0.6402451824177048,60,rs_trailing_30m
rs_trailing_30m_002255,MDLZ,2026-07-07 19:44:00+00:00,60.48,60.16,0.806725864349494,6.569053466846605,17,rs_trailing_30m
rs_trailing_30m_002256,MDLZ,2026-07-08 14:00:00+00:00,59.16,60.22,0.09148174285792716,9.605583000077413,121,rs_trailing_30m
rs_trailing_30m_002257,MDLZ,2026-07-08 16:18:00+00:00,59.76,60.1,3.211794129263027,3.6132683954208162,121,rs_trailing_30m
rs_trailing_30m_002258,MDLZ,2026-07-08 18:53:00+00:00,59.43,59.889,10.115127682765541,3.1501397640613065,68,rs_trailing_30m
rs_trailing_30m_002259,MDLZ,2026-07-09 14:00:00+00:00,58.43,59.1,0.5721437511174823,5.816794803027511,121,rs_trailing_30m
rs_trailing_30m_002260,MDLZ,2026-07-09 18:47:00+00:00,58.245,58.56,4.7164948453644335,6.288659793818996,74,rs_trailing_30m
rs_trailing_30m_002261,MDLZ,2026-07-10 14:07:00+00:00,58.9,58.23,6.0257763038890175,0.8755401467189247,121,rs_trailing_30m
rs_trailing_30m_002262,MDLZ,2026-07-13 14:00:00+00:00,60.7,59.83,0.9130180969059986,5.9941622883827765,121,rs_trailing_30m
rs_trailing_30m_002263,MDLZ,2026-07-14 14:00:00+00:00,58.67,59.215,2.4057263397406814,2.115380057358213,121,rs_trailing_30m
rs_trailing_30m_002264,MDLZ,2026-07-14 14:34:00+00:00,58.67,59.08,1.2087258840271653,3.296525138255891,121,rs_trailing_30m
rs_trailing_30m_002265,MDLZ,2026-07-14 14:58:00+00:00,58.7301,59.08,2.299170255736664,2.8943718519603387,121,rs_trailing_30m
rs_trailing_30m_002266,MDLZ,2026-07-15 14:00:00+00:00,59.27,58.465,5.395817774457953,0.9918782673635946,121,rs_trailing_30m
rs_trailing_30m_002267,MDLZ,2026-07-15 16:13:00+00:00,58.97,58.53,5.104498326396356,5.851498081478783,121,rs_trailing_30m
rs_trailing_30m_002268,MDLZ,2026-07-16 14:00:00+00:00,60.5,59.64,1.3992561105206125,6.1405951115830515,121,rs_trailing_30m
rs_trailing_30m_002269,MDLZ,2026-07-16 15:06:00+00:00,60.57,59.96,10.175438596492269,0.5263157894737595,121,rs_trailing_30m
rs_trailing_30m_002270,MDLZ,2026-07-16 16:21:00+00:00,61.12,60.39,14.266182132197185,1.7558378008857738,121,rs_trailing_30m
rs_trailing_30m_002271,MDLZ,2026-07-16 17:40:00+00:00,61.42,60.68,18.42549955642956,0.6442482362387562,121,rs_trailing_30m
rs_trailing_30m_002272,MDLZ,2026-07-16 18:47:00+00:00,61.48,61.035,1.8802289740212388,10.072655217970881,74,rs_trailing_30m
rs_trailing_30m_002273,MDLZ,2026-07-17 14:05:00+00:00,61.261,62.55,8.830635370295413,1.3415621205989032,121,rs_trailing_30m
rs_trailing_30m_002274,MDLZ,2026-07-17 15:04:00+00:00,62.19,60.87,0.23234112247419622,15.102172960825808,121,rs_trailing_30m
rs_trailing_30m_002275,MDLZ,2026-07-17 15:45:00+00:00,60.65,61.78,18.07722478864004,1.9495046340690079,121,rs_trailing_30m
rs_trailing_30m_002276,MDLZ,2026-07-17 16:51:00+00:00,60.645,61.085,8.734819648362684,0.9951060358894674,121,rs_trailing_30m
rs_trailing_30m_002277,MDLZ,2026-07-20 14:00:00+00:00,59.77,60.465,3.423331212481641,2.9212426346510028,121,rs_trailing_30m
rs_trailing_30m_002278,MDLZ,2026-07-20 14:20:00+00:00,60.465,59.695,0.3561713536468932,7.479598426583961,121,rs_trailing_30m
rs_trailing_30m_002279,MDLZ,2026-07-20 15:22:00+00:00,59.69,59.98,3.3134166214024536,2.338882320989894,121,rs_trailing_30m
rs_trailing_30m_002280,MDLZ,2026-07-20 18:21:00+00:00,60.355,60.005,0.5005333552146782,8.258800361043791,100,rs_trailing_30m
rs_trailing_30m_002281,MDLZ,2026-07-21 14:00:00+00:00,59.28,59.82,0.35747663551402503,3.9322429906541063,121,rs_trailing_30m
rs_trailing_30m_002282,MDLZ,2026-07-22 14:01:00+00:00,60.09,60.88,0.23963730569944588,7.041650059784761,121,rs_trailing_30m
rs_trailing_30m_002283,MDLZ,2026-07-22 15:13:00+00:00,60.17,60.795,3.6456858859436205,8.3467018967658,121,rs_trailing_30m
rs_trailing_30m_002284,MDLZ,2026-07-23 14:15:00+00:00,60.4,59.945,0.6505594811537474,3.9033568869226265,121,rs_trailing_30m
rs_trailing_30m_002285,MDLZ,2026-07-23 14:55:00+00:00,60.4,59.75,1.2579264834769364,8.962726194773367,121,rs_trailing_30m
rs_trailing_30m_002286,MDLZ,2026-07-23 15:55:00+00:00,59.565,60.065,10.24517374517862,1.5308880308886976,121,rs_trailing_30m
rs_trailing_30m_002287,MDLZ,2026-07-24 14:10:00+00:00,59.9,60.59,0.8328611898017095,7.376770538243737,121,rs_trailing_30m
rs_trailing_30m_002288,MDLZ,2026-07-24 14:39:00+00:00,60.59,60.05,5.555418810151332,2.552489723583039,121,rs_trailing_30m
rs_trailing_30m_002289,MDLZ,2026-07-24 15:15:00+00:00,60.05,60.59,5.04415389896216,5.234499329111773,121,rs_trailing_30m
rs_trailing_30m_002290,MDLZ,2026-07-24 16:03:00+00:00,60.05,60.375,1.8841375523376425,4.9196924977703125,121,rs_trailing_30m
rs_trailing_30m_002291,MDLZ,2026-07-24 18:30:00+00:00,60.675,60.385,9.872071516653692,3.7607891492017727,91,rs_trailing_30m
rs_trailing_30m_002292,MDLZ,2026-07-27 14:00:00+00:00,60.07,61.18,1.7868315022899026,7.657849295528111,121,rs_trailing_30m
rs_trailing_30m_002293,MDLZ,2026-07-27 14:17:00+00:00,61.18,60.435,5.886721367893042,0.86036696915359,121,rs_trailing_30m
rs_trailing_30m_002294,MDLZ,2026-07-27 15:05:00+00:00,60.435,60.99,2.1544619731574133,5.092364663826647,121,rs_trailing_30m
rs_trailing_30m_002295,MDLZ,2026-07-27 16:04:00+00:00,60.42,60.87,3.076729083917035,5.576571464599728,121,rs_trailing_30m
rs_trailing_30m_002296,MDLZ,2026-07-27 17:08:00+00:00,60.81,60.42,2.948470073975662,7.050689307332946,121,rs_trailing_30m
rs_trailing_30m_002297,MDLZ,2026-07-27 19:10:00+00:00,60.515,60.82,1.6959100457196428,9.7985913752686,51,rs_trailing_30m
rs_trailing_30m_002298,MDLZ,2026-07-28 14:00:00+00:00,63.54,62.25,3.9988383911716676,5.553942209960658,121,rs_trailing_30m
rs_trailing_30m_002299,MDLZ,2026-07-28 18:08:00+00:00,62.6,62.28,3.0897250361816315,6.326579835990612,113,rs_trailing_30m
rs_trailing_30m_002300,MDLZ,2026-07-29 14:00:00+00:00,65.87,65.105,0.7427773413633794,1.727764685345211,121,rs_trailing_30m
rs_trailing_30m_002301,MDLZ,2026-07-29 15:09:00+00:00,64.92,65.79,3.326152810501469,3.8189161898350372,121,rs_trailing_30m
rs_trailing_30m_002302,MDLZ,2026-07-29 15:34:00+00:00,65.74,64.92,1.8642766777067696,5.245987860523998,121,rs_trailing_30m
rs_trailing_30m_002303,MDLZ,2026-07-29 16:06:00+00:00,65.74,64.91,0.845783216055943,7.929217650524635,121,rs_trailing_30m
rs_trailing_30m_002304,MDLZ,2026-07-29 16:30:00+00:00,64.75,65.74,5.38490861304436,6.73113576630545,121,rs_trailing_30m
rs_trailing_30m_002305,MDLZ,2026-07-29 17:20:00+00:00,64.55,65.38,7.3122168268349625,2.974461082102277,121,rs_trailing_30m
rs_trailing_30m_002306,MDLZ,2026-07-29 18:00:00+00:00,64.55,65.315,7.074778374903466,3.6424601534154486,121,rs_trailing_30m
rs_trailing_30m_002307,MDLZ,2026-07-29 18:53:00+00:00,64.55,65.09,5.642809741186426,0.9813582158584709,68,rs_trailing_30m
rs_trailing_30m_002308,MDLZ,2026-07-30 14:00:00+00:00,62.58,63.39,0.06051538939975096,4.841231151977582,121,rs_trailing_30m
rs_trailing_30m_002309,MDLZ,2026-07-30 14:40:00+00:00,62.61,63.0,1.620923964620463,1.3893633982461033,121,rs_trailing_30m
rs_trailing_30m_002310,MDLZ,2026-07-30 16:12:00+00:00,62.6101,63.15,0.9219778102029312,8.144977011811484,121,rs_trailing_30m
rs_trailing_30m_002311,MDLZ,2026-07-30 19:18:00+00:00,62.9,63.25,5.232880859865319,5.5406973810338025,43,rs_trailing_30m
rs_trailing_30m_002312,MDLZ,2026-07-31 14:00:00+00:00,63.16,62.136,1.9328859060404249,5.397762863535176,121,rs_trailing_30m
rs_trailing_30m_002313,MDLZ,2026-07-31 15:56:00+00:00,61.97,62.33,4.657293497365598,1.669595782074436,121,rs_trailing_30m
rs_trailing_30m_002314,MDLZ,2026-08-03 14:00:00+00:00,61.65,62.71,5.296571183218466,1.8554867202357503,121,rs_trailing_30m
rs_trailing_30m_002315,MDLZ,2026-08-03 15:22:00+00:00,62.16,61.531,0.410001344266696,8.186360173860043,121,rs_trailing_30m
rs_trailing_30m_002316,MDLZ,2026-08-04 14:00:00+00:00,61.03,61.61,1.3432269945299926,3.6830417591950892,121,rs_trailing_30m
rs_trailing_30m_002317,MDLZ,2026-08-05 14:00:00+00:00,61.46,62.24,2.152911951421675,4.305823902843409,121,rs_trailing_30m
rs_trailing_30m_002318,MDLZ,2026-08-05 14:21:00+00:00,62.48,61.645,5.655118828438378,1.9610492711519927,121,rs_trailing_30m
rs_trailing_30m_002319,MDLZ,2026-08-05 15:18:00+00:00,62.58,61.92,6.960099578178113,2.3200331927260374,121,rs_trailing_30m
rs_trailing_30m_002320,MDLZ,2026-08-05 16:01:00+00:00,62.73,62.08,11.816616444254558,2.4070885349407347,121,rs_trailing_30m
rs_trailing_30m_002321,MDLZ,2026-08-05 16:43:00+00:00,62.14,62.73,2.079744473155502,10.836563307494533,121,rs_trailing_30m
rs_trailing_30m_002322,MDLZ,2026-08-05 17:17:00+00:00,62.73,62.42,3.5860619232549324,3.151387750739113,121,rs_trailing_30m
rs_trailing_30m_002323,MDLZ,2026-08-06 14:00:00+00:00,62.4,63.065,3.5544976693445864,0.6664683130020874,121,rs_trailing_30m
rs_trailing_30m_002324,MDLZ,2026-08-06 15:03:00+00:00,63.02,62.68,1.6181361846271964,2.613912298243892,121,rs_trailing_30m
rs_trailing_30m_002325,MDLZ,2026-08-07 14:00:00+00:00,63.06,62.57,3.5056361172779518,1.0147894023699213,121,rs_trailing_30m
rs_trailing_30m_002326,MDLZ,2026-08-07 15:06:00+00:00,62.62,62.94,0.9571630315395406,4.147706470004487,121,rs_trailing_30m
rs_trailing_30m_002327,MDLZ,2026-08-10 14:01:00+00:00,61.445,61.865,1.9720117481552097,1.5524347804626348,121,rs_trailing_30m
rs_trailing_30m_002328,MDLZ,2026-08-11 14:00:00+00:00,61.56,61.06,1.8700194793695888,3.7967062156898006,121,rs_trailing_30m
rs_trailing_30m_002329,MDLZ,2026-08-11 15:49:00+00:00,61.72,61.435,7.004087631468516,0.9805722684054967,121,rs_trailing_30m
rs_trailing_30m_002330,MDLZ,2026-08-12 14:01:00+00:00,61.98,61.275,5.624642068233856,0.7199541847339181,121,rs_trailing_30m
rs_trailing_30m_002331,MDLZ,2026-08-12 17:15:00+00:00,62.26,61.925,1.5253813453349374,8.69467366840975,121,rs_trailing_30m
rs_trailing_30m_002332,MDLZ,2026-08-13 15:53:00+00:00,63.495,63.19,3.808859178725063,3.0246822889877607,121,rs_trailing_30m
rs_trailing_30m_002333,MDLZ,2026-08-14 15:26:00+00:00,63.77,63.57,3.584504813993959,1.9301179767659478,121,rs_trailing_30m
rs_trailing_30m_002334,META,2026-07-01 14:00:00+00:00,628.28,606.345,6.411766092210965,0.5958467624942123,121,rs_trailing_30m
rs_trailing_30m_002335,META,2026-07-01 17:49:00+00:00,622.87,612.62,1.4064653388040318,9.514951117817771,121,rs_trailing_30m
rs_trailing_30m_002336,META,2026-07-01 19:04:00+00:00,611.4,617.8699,5.837147167801472,1.268357716668643,57,rs_trailing_30m
rs_trailing_30m_002337,META,2026-07-02 14:00:00+00:00,585.88,594.2699,3.981169288181028,1.2541931273221187,121,rs_trailing_30m
rs_trailing_30m_002338,META,2026-07-02 14:48:00+00:00,591.63,584.2966,1.2061156114519085,4.220220722917067,121,rs_trailing_30m
rs_trailing_30m_002339,META,2026-07-02 18:55:00+00:00,580.42,587.69,3.5290076473876604,7.924512708196501,66,rs_trailing_30m
rs_trailing_30m_002340,META,2026-07-02 19:24:00+00:00,586.8,582.55,0.41298945423253347,4.7493787236753775,37,rs_trailing_30m
rs_trailing_30m_002341,META,2026-07-06 14:00:00+00:00,581.76,592.85,1.078834996772801,7.144037933955764,121,rs_trailing_30m
rs_trailing_30m_002342,META,2026-07-06 14:29:00+00:00,598.2,586.49,6.775031520145269,0.57085913734555,121,rs_trailing_30m
rs_trailing_30m_002343,META,2026-07-06 16:17:00+00:00,598.2,591.62,3.2790410148902422,8.076795762992335,121,rs_trailing_30m
rs_trailing_30m_002344,META,2026-07-06 16:47:00+00:00,591.7005,602.5,1.241930758988037,16.30186418109214,121,rs_trailing_30m
rs_trailing_30m_002345,META,2026-07-06 18:20:00+00:00,603.58,596.98,11.363952561123527,2.297629752795492,101,rs_trailing_30m
rs_trailing_30m_002346,META,2026-07-07 14:00:00+00:00,615.9899,604.01,2.4982606734588666,6.04090251007556,121,rs_trailing_30m
rs_trailing_30m_002347,META,2026-07-07 14:47:00+00:00,603.66,609.39,2.8095929572990377,1.155670009529362,121,rs_trailing_30m
rs_trailing_30m_002348,META,2026-07-07 16:36:00+00:00,625.37,604.64,29.5326566066988,6.7788482246693,121,rs_trailing_30m
rs_trailing_30m_002349,META,2026-07-07 17:06:00+00:00,604.64,625.37,1.4958861018169762,34.14746894492531,121,rs_trailing_30m
rs_trailing_30m_002350,META,2026-07-07 18:00:00+00:00,625.37,609.55,27.2183740882711,3.491665499816329,121,rs_trailing_30m
rs_trailing_30m_002351,META,2026-07-07 18:53:00+00:00,614.15,621.3,3.8883694484809395,1.6224019205256468,68,rs_trailing_30m
rs_trailing_30m_002352,META,2026-07-07 19:34:00+00:00,614.15,618.475,3.399931401132034,1.4133921045622033,27,rs_trailing_30m
rs_trailing_30m_002353,META,2026-07-08 14:00:00+00:00,600.24,606.89,1.6284614894253215,3.693046571841765,121,rs_trailing_30m
rs_trailing_30m_002354,META,2026-07-08 19:12:00+00:00,598.0105,604.7144,8.535566459164277,4.8768949208585015,49,rs_trailing_30m
rs_trailing_30m_002355,META,2026-07-09 14:00:00+00:00,608.66,590.15,9.953327580400225,1.9290389796260976,121,rs_trailing_30m
rs_trailing_30m_002356,META,2026-07-09 14:50:00+00:00,616.32,596.8,10.191443197462213,0.41852860064250014,121,rs_trailing_30m
rs_trailing_30m_002357,META,2026-07-09 15:56:00+00:00,616.32,605.89,10.338591994756266,1.1206550302498524,121,rs_trailing_30m
rs_trailing_30m_002358,META,2026-07-09 18:05:00+00:00,633.27,612.0,23.788169058958438,3.4074426520894017,116,rs_trailing_30m
rs_trailing_30m_002359,META,2026-07-09 19:18:00+00:00,633.27,618.4,21.675345301013156,0.3857350977592894,43,rs_trailing_30m
rs_trailing_30m_002360,META,2026-07-10 14:00:00+00:00,677.86,662.12,1.7534652629802243,4.57670520475112,121,rs_trailing_30m
rs_trailing_30m_002361,META,2026-07-10 15:16:00+00:00,675.47,663.1,0.41019783931522386,5.8735758725476765,121,rs_trailing_30m
rs_trailing_30m_002362,META,2026-07-10 15:59:00+00:00,662.0,671.9,5.871293425061893,1.556924454569068,121,rs_trailing_30m
rs_trailing_30m_002363,META,2026-07-10 17:08:00+00:00,662.0,670.72,2.5974145669777293,7.207544317890844,121,rs_trailing_30m
rs_trailing_30m_002364,META,2026-07-10 18:06:00+00:00,671.2,663.89,3.5564271422708034,4.8843138999368065,115,rs_trailing_30m
rs_trailing_30m_002365,META,2026-07-10 19:28:00+00:00,663.89,671.2,3.9109670644773025,7.344611376991092,33,rs_trailing_30m
rs_trailing_30m_002366,META,2026-07-13 14:08:00+00:00,654.2,664.605,4.782898835553027,0.62645577139583,121,rs_trailing_30m
rs_trailing_30m_002367,META,2026-07-13 15:24:00+00:00,657.66,664.49,1.8154328639392934,4.033343768468924,121,rs_trailing_30m
rs_trailing_30m_002368,META,2026-07-13 16:45:00+00:00,664.49,657.66,0.6193568521495553,8.286342727179466,121,rs_trailing_30m
rs_trailing_30m_002369,META,2026-07-13 18:30:00+00:00,663.59,654.81,0.5395808455118702,10.74022825828205,91,rs_trailing_30m
rs_trailing_30m_002370,META,2026-07-14 14:00:00+00:00,664.28,655.5,1.665254261671432,3.4713858512694906,121,rs_trailing_30m
rs_trailing_30m_002371,META,2026-07-14 14:26:00+00:00,655.19,664.28,1.1600681309226593,3.224555282834928,121,rs_trailing_30m
rs_trailing_30m_002372,META,2026-07-14 15:34:00+00:00,655.19,666.5,1.9543634327604265,8.29075843260282,121,rs_trailing_30m
rs_trailing_30m_002373,META,2026-07-14 16:33:00+00:00,666.5,659.26,7.570715120602373,1.8148974604183377,121,rs_trailing_30m
rs_trailing_30m_002374,META,2026-07-14 17:23:00+00:00,657.655,664.7,5.2531114414384685,2.6042495150231253,121,rs_trailing_30m
rs_trailing_30m_002375,META,2026-07-14 18:01:00+00:00,657.44,663.6,4.084745721739094,4.999020937435223,120,rs_trailing_30m
rs_trailing_30m_002376,META,2026-07-14 18:56:00+00:00,657.44,662.86,1.325350835550226,6.979159602233635,65,rs_trailing_30m
rs_trailing_30m_002377,META,2026-07-15 14:05:00+00:00,685.07,664.26,13.99331662489535,1.256796963168156,121,rs_trailing_30m
rs_trailing_30m_002378,META,2026-07-15 16:43:00+00:00,673.37,680.0,4.781714195156621,0.9408065835236287,121,rs_trailing_30m
rs_trailing_30m_002379,META,2026-07-16 14:00:00+00:00,670.0,681.9,0.3790802896300757,7.202525502971076,121,rs_trailing_30m
rs_trailing_30m_002380,META,2026-07-16 14:30:00+00:00,681.9,668.24,2.409109735401743,5.22625893874864,121,rs_trailing_30m
rs_trailing_30m_002381,META,2026-07-16 15:27:00+00:00,668.0,677.66,7.433693795359362,1.7256789167797846,121,rs_trailing_30m
rs_trailing_30m_002382,META,2026-07-16 16:15:00+00:00,666.72,674.31,4.123200324448763,4.569880359597231,121,rs_trailing_30m
rs_trailing_30m_002383,META,2026-07-16 18:10:00+00:00,674.31,660.16,1.9900008647046703,14.972958313350498,111,rs_trailing_30m
rs_trailing_30m_002384,META,2026-07-16 18:40:00+00:00,660.16,669.03,8.05348715440554,1.2965692670051019,81,rs_trailing_30m
rs_trailing_30m_002385,META,2026-07-16 19:23:00+00:00,660.16,664.6,4.220831997048384,1.7285311987913587,38,rs_trailing_30m
rs_trailing_30m_002386,META,2026-07-17 14:00:00+00:00,626.0,642.15,9.421629598291046,0.40778371000352764,121,rs_trailing_30m
rs_trailing_30m_002387,META,2026-07-17 14:54:00+00:00,626.0,649.85,2.9681958082951256,14.08998974058179,121,rs_trailing_30m
rs_trailing_30m_002388,META,2026-07-17 16:17:00+00:00,652.2,633.645,9.185643151067737,8.476492462202817,121,rs_trailing_30m
rs_trailing_30m_002389,META,2026-07-17 19:04:00+00:00,641.08,648.15,4.545943118385061,5.755280550519441,57,rs_trailing_30m
rs_trailing_30m_002390,META,2026-07-20 14:00:00+00:00,636.27,649.7699,0.5940409636551545,9.430326042904284,121,rs_trailing_30m
rs_trailing_30m_002391,META,2026-07-20 14:20:00+00:00,649.7699,641.21,3.9539100505697586,1.3303371104900505,121,rs_trailing_30m
rs_trailing_30m_002392,META,2026-07-20 14:54:00+00:00,653.3,644.27,7.063395026034064,1.0411103214992736,121,rs_trailing_30m
rs_trailing_30m_002393,META,2026-07-20 16:26:00+00:00,653.3,647.36,3.1806331471136287,5.816014897579507,121,rs_trailing_30m
rs_trailing_30m_002394,META,2026-07-21 14:02:00+00:00,649.88,644.73,0.9574668120792851,2.7223496671805503,121,rs_trailing_30m
rs_trailing_30m_002395,META,2026-07-22 14:00:00+00:00,627.8,636.48,4.465727760190862,2.5437689773238503,121,rs_trailing_30m
rs_trailing_30m_002396,META,2026-07-23 14:02:00+00:00,609.99,597.22,0.26009096077315186,8.96591339776301,121,rs_trailing_30m
rs_trailing_30m_002397,META,2026-07-23 14:59:00+00:00,597.22,606.3199,4.483046289619569,3.9982994340621945,121,rs_trailing_30m
rs_trailing_30m_002398,META,2026-07-23 16:07:00+00:00,607.88,601.05,6.8460865075971995,1.655508191837192,121,rs_trailing_30m
rs_trailing_30m_002399,META,2026-07-23 17:04:00+00:00,607.88,604.165,2.0309087407448585,2.612061088096504,121,rs_trailing_30m
rs_trailing_30m_002400,META,2026-07-24 14:41:00+00:00,609.98,601.69,4.582055494706817,2.9845746622858353,121,rs_trailing_30m
rs_trailing_30m_002401,META,2026-07-24 15:58:00+00:00,599.13,605.99,7.245447187371662,1.2219749089434422,121,rs_trailing_30m
rs_trailing_30m_002402,META,2026-07-27 14:00:00+00:00,609.5795,598.98,2.854662798921184,5.459116109490742,121,rs_trailing_30m
rs_trailing_30m_002403,META,2026-07-27 15:16:00+00:00,607.01,596.325,1.743028377736885,8.929898966743615,121,rs_trailing_30m
rs_trailing_30m_002404,META,2026-07-27 15:53:00+00:00,594.44,601.94,9.007025661255113,0.7478757769273839,121,rs_trailing_30m
rs_trailing_30m_002405,META,2026-07-27 18:00:00+00:00,593.13,598.04,3.067627744939743,7.846902854809598,121,rs_trailing_30m
rs_trailing_30m_002406,META,2026-07-28 14:01:00+00:00,587.0,596.075,5.785160540216501,1.5166936882208581,121,rs_trailing_30m
rs_trailing_30m_002407,META,2026-07-28 14:39:00+00:00,587.0,598.0,3.0491369540521647,6.588939624848305,121,rs_trailing_30m
rs_trailing_30m_002408,META,2026-07-28 15:33:00+00:00,598.0,592.24,4.3870608739469,1.7612288180078495,121,rs_trailing_30m
rs_trailing_30m_002409,META,2026-07-28 16:15:00+00:00,598.0,592.24,1.1956180975223825,7.759856859212159,121,rs_trailing_30m
rs_trailing_30m_002410,META,2026-07-28 17:00:00+00:00,591.69,595.3897,4.250967528635805,3.0640578507565674,121,rs_trailing_30m
rs_trailing_30m_002411,META,2026-07-29 14:41:00+00:00,592.97,585.25,2.770532185673503,4.65603325647912,121,rs_trailing_30m
rs_trailing_30m_002412,META,2026-07-29 15:55:00+00:00,585.25,595.4495,0.674678806671483,11.6135113516257,121,rs_trailing_30m
rs_trailing_30m_002413,META,2026-07-29 16:25:00+00:00,598.23,589.5,10.754807817418769,0.7937127540530762,121,rs_trailing_30m
rs_trailing_30m_002414,META,2026-07-29 19:25:00+00:00,582.22,590.34,8.141301735770725,1.0148437066749916,36,rs_trailing_30m
rs_trailing_30m_002415,META,2026-07-30 14:00:00+00:00,527.5,538.94,0.6093627806351203,3.8167389402954246,121,rs_trailing_30m
rs_trailing_30m_002416,META,2026-07-30 14:50:00+00:00,538.94,529.77,4.32991434849202,1.5480004665592748,121,rs_trailing_30m
rs_trailing_30m_002417,META,2026-07-30 16:24:00+00:00,529.77,534.94,2.4055016181229263,3.171628910463765,121,rs_trailing_30m
rs_trailing_30m_002418,META,2026-07-30 17:31:00+00:00,535.98,531.52,3.7866329786645174,3.6205525848635913,121,rs_trailing_30m
rs_trailing_30m_002419,META,2026-07-31 14:01:00+00:00,540.22,553.07,3.2455636506540877,4.653203946108283,121,rs_trailing_30m
rs_trailing_30m_002420,META,2026-07-31 15:00:00+00:00,553.07,540.22,1.0365650791154022,8.310705985187969,121,rs_trailing_30m
rs_trailing_30m_002421,META,2026-07-31 16:34:00+00:00,552.16,546.4008,1.3762922984819055,6.471571667277512,121,rs_trailing_30m
rs_trailing_30m_002422,META,2026-07-31 17:07:00+00:00,546.4008,552.5,2.3673936490274627,6.080539503411227,121,rs_trailing_30m
rs_trailing_30m_002423,META,2026-08-03 14:00:00+00:00,594.99,582.64,2.762819620399669,4.229152164833119,121,rs_trailing_30m
rs_trailing_30m_002424,META,2026-08-03 16:30:00+00:00,597.52,589.02,1.1947917143078461,9.11559363758713,121,rs_trailing_30m
rs_trailing_30m_002425,META,2026-08-03 17:00:00+00:00,589.02,594.41,4.859973546047832,2.1657090107973795,121,rs_trailing_30m
rs_trailing_30m_002426,META,2026-08-03 17:53:00+00:00,589.02,594.2,2.3962533490293794,6.019063497053431,121,rs_trailing_30m
rs_trailing_30m_002427,META,2026-08-03 18:43:00+00:00,594.2,589.5,2.330493056979804,7.152898603456876,78,rs_trailing_30m
rs_trailing_30m_002428,META,2026-08-04 14:09:00+00:00,581.05,584.97,1.574339421330236,1.1867945465523453,121,rs_trailing_30m
rs_trailing_30m_002429,META,2026-08-04 14:59:00+00:00,578.25,584.37,3.8584369335996436,3.362857877907992,121,rs_trailing_30m
rs_trailing_30m_002430,META,2026-08-04 16:40:00+00:00,578.25,589.8,3.92544460321511,19.325265738904523,121,rs_trailing_30m
rs_trailing_30m_002431,META,2026-08-04 17:07:00+00:00,589.8,585.1,6.424805368120922,2.5356056794066313,121,rs_trailing_30m
rs_trailing_30m_002432,META,2026-08-05 14:12:00+00:00,580.12,595.362,8.121214629637795,1.0411505357907056,121,rs_trailing_30m
rs_trailing_30m_002433,META,2026-08-05 15:29:00+00:00,580.12,587.4698,7.743439878498805,1.9978880721704786,121,rs_trailing_30m
rs_trailing_30m_002434,META,2026-08-05 19:22:00+00:00,590.18,585.76,3.9148540790102198,2.5417336184619197,39,rs_trailing_30m
rs_trailing_30m_002435,META,2026-08-06 14:23:00+00:00,587.35,594.0,2.155361231186531,2.035618940565093,121,rs_trailing_30m
rs_trailing_30m_002436,META,2026-08-06 14:58:00+00:00,593.89,587.35,0.5626268216196801,6.379975845159333,121,rs_trailing_30m
rs_trailing_30m_002437,META,2026-08-07 14:01:00+00:00,588.46,598.7399,0.7019966626390013,8.318572702689847,121,rs_trailing_30m
rs_trailing_30m_002438,META,2026-08-07 14:32:00+00:00,598.7399,592.62,3.745516150467111,1.2758828482499218,121,rs_trailing_30m
rs_trailing_30m_002439,META,2026-08-10 14:01:00+00:00,595.2,608.21,0.31996337826007204,9.140771965294686,121,rs_trailing_30m
rs_trailing_30m_002440,META,2026-08-10 15:12:00+00:00,592.33,601.635,7.913354206796718,0.9903653692907339,121,rs_trailing_30m
rs_trailing_30m_002441,META,2026-08-10 16:38:00+00:00,592.33,595.76,5.104587144917064,1.1935185770489236,121,rs_trailing_30m
rs_trailing_30m_002442,META,2026-08-11 14:00:00+00:00,612.43,602.67,6.788936478309858,1.9294872096250033,121,rs_trailing_30m
rs_trailing_30m_002443,META,2026-08-11 15:52:00+00:00,603.0,606.85,3.6690972418256944,1.4305505491595403,121,rs_trailing_30m
rs_trailing_30m_002444,META,2026-08-12 14:00:00+00:00,581.15,590.87,6.359130766298456,2.534502478078632,121,rs_trailing_30m
rs_trailing_30m_002445,META,2026-08-12 15:33:00+00:00,580.72,583.6,3.5018512313137737,1.3234353799410083,121,rs_trailing_30m
rs_trailing_30m_002446,META,2026-08-12 17:43:00+00:00,578.21,583.6783,0.4613334314456914,13.174934693825756,121,rs_trailing_30m
rs_trailing_30m_002447,META,2026-08-12 19:10:00+00:00,578.5525,582.24,1.4550045065257797,7.027729276579916,51,rs_trailing_30m
rs_trailing_30m_002448,META,2026-08-13 14:57:00+00:00,591.039,584.82,0.7153927327125139,8.572764688453855,121,rs_trailing_30m
rs_trailing_30m_002449,META,2026-08-13 19:03:00+00:00,595.85,592.72,6.624622188496485,1.702714136802267,58,rs_trailing_30m
rs_trailing_30m_002450,META,2026-08-14 14:01:00+00:00,591.9,599.9,6.3678202150145,2.1296879951799887,121,rs_trailing_30m
rs_trailing_30m_002451,META,2026-08-14 14:45:00+00:00,591.5,595.42,3.6586948017209737,1.11404517257057,121,rs_trailing_30m
rs_trailing_30m_002452,MSFT,2026-07-01 14:07:00+00:00,378.3,387.82,0.96159033739538,8.829147643357537,121,rs_trailing_30m
rs_trailing_30m_002453,MSFT,2026-07-01 15:41:00+00:00,383.79,388.15,1.231362829145056,5.564513038035499,121,rs_trailing_30m
rs_trailing_30m_002454,MSFT,2026-07-01 17:19:00+00:00,388.83,385.83,2.4501497941677073,5.438291268831912,121,rs_trailing_30m
rs_trailing_30m_002455,MSFT,2026-07-01 19:32:00+00:00,382.78,385.795,6.6594860147866015,2.304063241723135,29,rs_trailing_30m
rs_trailing_30m_002456,MSFT,2026-07-02 14:16:00+00:00,390.59,386.3105,2.1581266808934934,2.8070381655576266,121,rs_trailing_30m
rs_trailing_30m_002457,MSFT,2026-07-02 15:21:00+00:00,386.3105,391.78,0.12655865696449012,7.6076600499335925,121,rs_trailing_30m
rs_trailing_30m_002458,MSFT,2026-07-02 16:03:00+00:00,392.08,388.33,4.112502803777191,1.7180777308786017,121,rs_trailing_30m
rs_trailing_30m_002459,MSFT,2026-07-02 17:18:00+00:00,392.2,389.65,1.59982059507691,4.312559864989978,121,rs_trailing_30m
rs_trailing_30m_002460,MSFT,2026-07-06 14:00:00+00:00,382.57,387.01,3.3983640610553754,2.5362422048583912,121,rs_trailing_30m
rs_trailing_30m_002461,MSFT,2026-07-06 15:04:00+00:00,387.01,383.67,2.7572041183554563,3.0713159799402705,121,rs_trailing_30m
rs_trailing_30m_002462,MSFT,2026-07-06 16:17:00+00:00,383.67,386.15,0.4710510297709515,6.400752228065652,121,rs_trailing_30m
rs_trailing_30m_002463,MSFT,2026-07-07 14:12:00+00:00,395.57,391.47,3.6889832956239785,1.32754456907196,121,rs_trailing_30m
rs_trailing_30m_002464,MSFT,2026-07-09 14:00:00+00:00,380.6,375.15,3.357110416499652,5.524565199967939,121,rs_trailing_30m
rs_trailing_30m_002465,MSFT,2026-07-09 14:28:00+00:00,376.06,380.6,0.3629594369454147,6.362901149716461,121,rs_trailing_30m
rs_trailing_30m_002466,MSFT,2026-07-09 15:00:00+00:00,380.6,378.83,2.4976219935211725,1.363330782489677,121,rs_trailing_30m
rs_trailing_30m_002467,MSFT,2026-07-10 14:00:00+00:00,381.5,385.92,4.546069486639242,1.80865130113611,121,rs_trailing_30m
rs_trailing_30m_002468,MSFT,2026-07-10 14:47:00+00:00,381.5,385.28,2.0076290984820937,4.2127299115687995,121,rs_trailing_30m
rs_trailing_30m_002469,MSFT,2026-07-10 15:57:00+00:00,385.76,383.1226,3.32185245520154,4.166227600651851,121,rs_trailing_30m
rs_trailing_30m_002470,MSFT,2026-07-13 14:00:00+00:00,384.15,391.25,4.92106317617264,6.6483237611867665,121,rs_trailing_30m
rs_trailing_30m_002471,MSFT,2026-07-13 14:49:00+00:00,393.36,387.35,8.547084069680391,1.7367948610061006,121,rs_trailing_30m
rs_trailing_30m_002472,MSFT,2026-07-13 16:28:00+00:00,393.57,391.37,3.8012434360452034,2.8469285643517765,121,rs_trailing_30m
rs_trailing_30m_002473,MSFT,2026-07-13 19:30:00+00:00,389.59,391.64,1.4357383751304733,6.627997704369289,31,rs_trailing_30m
rs_trailing_30m_002474,MSFT,2026-07-14 14:00:00+00:00,387.7499,382.8,3.394223668396865,2.8517586120587453,121,rs_trailing_30m
rs_trailing_30m_002475,MSFT,2026-07-14 14:48:00+00:00,387.7499,384.14,1.5606492252665467,4.247978095374203,121,rs_trailing_30m
rs_trailing_30m_002476,MSFT,2026-07-14 15:27:00+00:00,384.14,388.19,3.6229384011746455,5.461886392805284,121,rs_trailing_30m
rs_trailing_30m_002477,MSFT,2026-07-14 16:33:00+00:00,388.19,386.2,4.397014467561928,1.808700986656598,121,rs_trailing_30m
rs_trailing_30m_002478,MSFT,2026-07-15 14:01:00+00:00,397.91,390.7888,8.677582774275193,0.8366285347577318,121,rs_trailing_30m
rs_trailing_30m_002479,MSFT,2026-07-15 15:07:00+00:00,394.16,398.96,0.24369252965397684,6.440445426571062,121,rs_trailing_30m
rs_trailing_30m_002480,MSFT,2026-07-15 16:04:00+00:00,398.96,394.16,2.7969244412197374,7.03841425317959,121,rs_trailing_30m
rs_trailing_30m_002481,MSFT,2026-07-15 16:46:00+00:00,394.16,397.16,2.423950543132411,4.278216857233829,121,rs_trailing_30m
rs_trailing_30m_002482,MSFT,2026-07-16 14:00:00+00:00,392.67,400.62,1.4475557664927694,9.208063070190258,121,rs_trailing_30m
rs_trailing_30m_002483,MSFT,2026-07-16 14:36:00+00:00,402.04,396.2601,6.941833493997817,1.1312255426133997,121,rs_trailing_30m
rs_trailing_30m_002484,MSFT,2026-07-16 16:46:00+00:00,404.85,401.33,6.318369956448895,2.5957231284009303,121,rs_trailing_30m
rs_trailing_30m_002485,MSFT,2026-07-16 18:36:00+00:00,405.99,399.0,3.041119420180702,14.82226272020852,85,rs_trailing_30m
rs_trailing_30m_002486,MSFT,2026-07-16 19:27:00+00:00,399.0,402.5699,6.934466990461694,1.207670132696284,34,rs_trailing_30m
rs_trailing_30m_002487,MSFT,2026-07-17 14:00:00+00:00,389.39,393.8,4.702425248535429,0.4306676589005251,121,rs_trailing_30m
rs_trailing_30m_002488,MSFT,2026-07-17 15:48:00+00:00,395.4633,391.13,6.867220339846619,2.7528378176736403,121,rs_trailing_30m
rs_trailing_30m_002489,MSFT,2026-07-20 14:14:00+00:00,400.1299,392.1201,9.993913701017494,0.6228385055648016,121,rs_trailing_30m
rs_trailing_30m_002490,MSFT,2026-07-20 16:24:00+00:00,403.18,400.2201,4.4822194244448035,3.607366718490748,121,rs_trailing_30m
rs_trailing_30m_002491,MSFT,2026-07-21 14:00:00+00:00,401.37,398.05,2.2735027480459493,3.0420107192163406,121,rs_trailing_30m
rs_trailing_30m_002492,MSFT,2026-07-21 15:00:00+00:00,397.4142,400.05,1.8752920504967379,3.242635871121948,121,rs_trailing_30m
rs_trailing_30m_002493,MSFT,2026-07-21 15:16:00+00:00,397.4142,400.05,1.9135207343232037,3.844737002323817,121,rs_trailing_30m
rs_trailing_30m_002494,MSFT,2026-07-21 16:13:00+00:00,397.4142,399.63,1.0182219308377924,6.014746131351245,121,rs_trailing_30m
rs_trailing_30m_002495,MSFT,2026-07-22 14:00:00+00:00,388.09,393.01,6.266992788234431,1.4801440253618903,121,rs_trailing_30m
rs_trailing_30m_002496,MSFT,2026-07-22 14:42:00+00:00,388.09,390.08,0.954089239124636,3.085565198870947,121,rs_trailing_30m
rs_trailing_30m_002497,MSFT,2026-07-23 14:04:00+00:00,377.39,387.84,13.715158355427235,0.47527776479198547,121,rs_trailing_30m
rs_trailing_30m_002498,MSFT,2026-07-24 14:00:00+00:00,380.8,386.03,0.9096670767623762,7.01959760901673,121,rs_trailing_30m
rs_trailing_30m_002499,MSFT,2026-07-24 14:41:00+00:00,386.03,382.7001,3.681498131061138,1.3633663243382694,121,rs_trailing_30m
rs_trailing_30m_002500,MSFT,2026-07-27 14:00:00+00:00,393.895,389.23,2.7095094016682224,3.471351898469876,121,rs_trailing_30m
rs_trailing_30m_002501,MSFT,2026-07-27 15:15:00+00:00,393.895,389.4,1.5604955585309,6.726871567646715,121,rs_trailing_30m
rs_trailing_30m_002502,MSFT,2026-07-27 15:57:00+00:00,389.4,393.7,2.654510563467612,6.70155125859018,121,rs_trailing_30m
rs_trailing_30m_002503,MSFT,2026-07-27 19:15:00+00:00,388.84,392.2399,13.206476729555021,0.317830569485181,46,rs_trailing_30m
rs_trailing_30m_002504,MSFT,2026-07-28 14:04:00+00:00,392.43,400.32,0.353827071761508,8.04224990928645,121,rs_trailing_30m
rs_trailing_30m_002505,MSFT,2026-07-28 15:23:00+00:00,400.32,396.12,1.2515699026348628,6.712965841405536,121,rs_trailing_30m
rs_trailing_30m_002506,MSFT,2026-07-28 15:48:00+00:00,396.12,399.56,3.078583637864199,4.651582576918869,121,rs_trailing_30m
rs_trailing_30m_002507,MSFT,2026-07-28 16:35:00+00:00,399.56,396.95,3.791243944795545,3.4845992139664586,121,rs_trailing_30m
rs_trailing_30m_002508,MSFT,2026-07-28 19:08:00+00:00,392.37,395.62,10.723397635341874,1.613254511511659,53,rs_trailing_30m
rs_trailing_30m_002509,MSFT,2026-07-29 14:01:00+00:00,395.82,390.81,3.49541711977678,3.5801545044987257,121,rs_trailing_30m
rs_trailing_30m_002510,MSFT,2026-07-29 18:30:00+00:00,401.25,389.36,5.218688249055763,22.237153910799638,91,rs_trailing_30m
rs_trailing_30m_002511,MSFT,2026-07-29 19:01:00+00:00,389.36,399.26,18.386122979752777,0.3116292030465881,60,rs_trailing_30m
rs_trailing_30m_002512,MSFT,2026-07-30 14:00:00+00:00,452.235,443.65,0.3226705941295107,3.6346537638732124,121,rs_trailing_30m
rs_trailing_30m_002513,MSFT,2026-07-30 17:36:00+00:00,458.69,454.67,1.6000907736030128,6.293350028806978,121,rs_trailing_30m
rs_trailing_30m_002514,MSFT,2026-07-30 19:03:00+00:00,450.37,457.33,10.17381654418826,3.522462594602816,58,rs_trailing_30m
rs_trailing_30m_002515,MSFT,2026-07-31 14:00:00+00:00,463.9,450.69,1.771757087666741,8.51611593566418,121,rs_trailing_30m
rs_trailing_30m_002516,MSFT,2026-07-31 17:02:00+00:00,460.0,463.8,2.9724348257118427,3.519089506302512,121,rs_trailing_30m
rs_trailing_30m_002517,MSFT,2026-07-31 17:59:00+00:00,460.0,466.84,0.7928630509274754,13.293327256459643,121,rs_trailing_30m
rs_trailing_30m_002518,MSFT,2026-07-31 18:31:00+00:00,466.84,461.11,7.588323104991714,5.294963233260797,90,rs_trailing_30m
rs_trailing_30m_002519,MSFT,2026-08-03 14:00:00+00:00,491.37,481.6001,2.0037284473955155,4.758353265284825,121,rs_trailing_30m
rs_trailing_30m_002520,MSFT,2026-08-03 18:29:00+00:00,491.65,486.91,2.6094206283033463,10.011654655531578,92,rs_trailing_30m
rs_trailing_30m_002521,MSFT,2026-08-03 19:08:00+00:00,486.91,490.46,3.820709531101315,5.044335459362565,53,rs_trailing_30m
rs_trailing_30m_002522,MSFT,2026-08-04 14:00:00+00:00,499.4399,490.52,6.867877191974273,0.5712875537653609,121,rs_trailing_30m
rs_trailing_30m_002523,MSFT,2026-08-04 15:53:00+00:00,494.2,497.8,3.8730941885386585,2.0475593480809384,121,rs_trailing_30m
rs_trailing_30m_002524,MSFT,2026-08-04 16:41:00+00:00,494.2,497.54,1.1354829886488453,6.604339831937092,121,rs_trailing_30m
rs_trailing_30m_002525,MSFT,2026-08-05 14:00:00+00:00,487.25,492.53,1.2723422006866936,4.469509781899303,121,rs_trailing_30m
rs_trailing_30m_002526,MSFT,2026-08-05 14:30:00+00:00,492.53,487.68,1.667447672602363,3.048074900063247,121,rs_trailing_30m
rs_trailing_30m_002527,MSFT,2026-08-05 15:53:00+00:00,487.4,489.74,1.3994302865772177,2.49898265460208,121,rs_trailing_30m
rs_trailing_30m_002528,MSFT,2026-08-06 14:00:00+00:00,498.97,493.74,2.946158086612684,2.3670856351060094,121,rs_trailing_30m
rs_trailing_30m_002529,MSFT,2026-08-06 14:41:00+00:00,498.97,494.02,2.454323862676392,2.597195106241738,121,rs_trailing_30m
rs_trailing_30m_002530,MSFT,2026-08-06 15:04:00+00:00,498.97,493.5,1.2337556981465532,6.182336245657286,121,rs_trailing_30m
rs_trailing_30m_002531,MSFT,2026-08-06 19:31:00+00:00,501.555,497.31,6.176004422110711,8.429643918758238,30,rs_trailing_30m
rs_trailing_30m_002532,MSFT,2026-08-07 17:02:00+00:00,498.73,500.89,5.209250864719283,1.8674672911257875,121,rs_trailing_30m
rs_trailing_30m_002533,MSFT,2026-08-10 14:02:00+00:00,513.73,507.36,5.475095312331461,0.5225585379783317,121,rs_trailing_30m
rs_trailing_30m_002534,MSFT,2026-08-10 14:58:00+00:00,506.5,511.155,3.572074438311765,2.541163249313603,121,rs_trailing_30m
rs_trailing_30m_002535,MSFT,2026-08-10 16:52:00+00:00,504.623,509.07,6.174719549492057,7.2723802725406514,121,rs_trailing_30m
rs_trailing_30m_002536,MSFT,2026-08-10 18:00:00+00:00,504.03,506.98,3.331120746064608,5.1402639098755065,121,rs_trailing_30m
rs_trailing_30m_002537,MSFT,2026-08-11 14:46:00+00:00,504.5,500.27,0.39947222127899695,5.8589259120924035,121,rs_trailing_30m
rs_trailing_30m_002538,MSFT,2026-08-12 14:00:00+00:00,491.9501,496.5,0.9964393357056832,4.816740986806537,121,rs_trailing_30m
rs_trailing_30m_002539,MSFT,2026-08-13 14:41:00+00:00,493.44,498.26,6.876036707801707,0.6735070123815012,121,rs_trailing_30m
rs_trailing_30m_002540,MSFT,2026-08-13 15:25:00+00:00,493.44,495.87,1.8209727163211482,3.4156707164128868,121,rs_trailing_30m
rs_trailing_30m_002541,MSFT,2026-08-13 18:58:00+00:00,498.55,495.6857,4.902687797229432,2.855747925203891,63,rs_trailing_30m
rs_trailing_30m_002542,MSFT,2026-08-14 14:02:00+00:00,500.01,497.28,2.2365021595079133,1.767203345709618,121,rs_trailing_30m
rs_trailing_30m_002543,MSFT,2026-08-14 14:21:00+00:00,500.01,496.8,1.2327004045566479,2.609016390226769,121,rs_trailing_30m
rs_trailing_30m_002544,MU,2026-07-01 14:00:00+00:00,1047.9901,1087.7499,5.300118941952458,1.5798143620492593,121,rs_trailing_30m
rs_trailing_30m_002545,MU,2026-07-01 16:53:00+00:00,1037.76,1058.0,4.738877044203084,2.644869789874699,121,rs_trailing_30m
rs_trailing_30m_002546,MU,2026-07-01 17:22:00+00:00,1062.4599,1037.76,1.9825585768045486,8.135212160444791,121,rs_trailing_30m
rs_trailing_30m_002547,MU,2026-07-01 17:47:00+00:00,1037.76,1066.6,1.9243714370943557,10.66040684993513,121,rs_trailing_30m
rs_trailing_30m_002548,MU,2026-07-01 18:28:00+00:00,1066.6,1032.2,9.208344340574083,6.3194519984332365,93,rs_trailing_30m
rs_trailing_30m_002549,MU,2026-07-01 19:02:00+00:00,1066.6,1032.2,7.217118152185784,6.998104546651384,59,rs_trailing_30m
rs_trailing_30m_002550,MU,2026-07-02 14:00:00+00:00,1064.64,977.0601,1.568107214892399,13.742335713708995,121,rs_trailing_30m
rs_trailing_30m_002551,MU,2026-07-02 18:20:00+00:00,981.01,950.28,5.1511456211818025,5.002524699918234,101,rs_trailing_30m
rs_trailing_30m_002552,MU,2026-07-06 14:00:00+00:00,991.81,1019.0,0.29954168485376165,6.1643776890931585,121,rs_trailing_30m
rs_trailing_30m_002553,MU,2026-07-06 16:27:00+00:00,982.5,1007.67,10.06009540134901,2.1077374315176325,121,rs_trailing_30m
rs_trailing_30m_002554,MU,2026-07-06 17:01:00+00:00,982.5,1003.85,7.625818722870026,3.4724246127315883,121,rs_trailing_30m
rs_trailing_30m_002555,MU,2026-07-06 18:10:00+00:00,1006.5,980.85,6.054400848819327,5.347609560300757,111,rs_trailing_30m
rs_trailing_30m_002556,MU,2026-07-06 18:28:00+00:00,1006.5,980.85,7.348225625184698,4.687738032692263,93,rs_trailing_30m
rs_trailing_30m_002557,MU,2026-07-06 18:47:00+00:00,1006.5,980.85,5.434919774548605,7.816571881076094,74,rs_trailing_30m
rs_trailing_30m_002558,MU,2026-07-07 14:00:00+00:00,927.85,891.66,1.4191073045549942,7.359951388068103,121,rs_trailing_30m
rs_trailing_30m_002559,MU,2026-07-07 17:05:00+00:00,939.99,913.01,3.1851931010515133,7.346241931591896,121,rs_trailing_30m
rs_trailing_30m_002560,MU,2026-07-07 18:29:00+00:00,907.1701,942.02,10.015836442756234,5.83584697155321,92,rs_trailing_30m
rs_trailing_30m_002561,MU,2026-07-08 14:00:00+00:00,959.0,913.51,0.33939423261347307,9.250073867750976,121,rs_trailing_30m
rs_trailing_30m_002562,MU,2026-07-08 16:17:00+00:00,947.5,926.55,5.471232633194786,1.5405078278891127,121,rs_trailing_30m
rs_trailing_30m_002563,MU,2026-07-08 17:47:00+00:00,931.28,950.6,1.493715915549439,7.412981867980507,121,rs_trailing_30m
rs_trailing_30m_002564,MU,2026-07-08 19:00:00+00:00,950.899,938.5297,3.6713373528029227,2.4912183695508356,61,rs_trailing_30m
rs_trailing_30m_002565,MU,2026-07-09 14:00:00+00:00,1033.51,1003.0,1.7111867679986767,6.034853037882561,121,rs_trailing_30m
rs_trailing_30m_002566,MU,2026-07-09 15:36:00+00:00,1009.26,1027.0,3.0186208355187536,3.2519100335799522,121,rs_trailing_30m
rs_trailing_30m_002567,MU,2026-07-09 16:35:00+00:00,1009.26,1027.0,0.7218285211431181,8.295944693701452,121,rs_trailing_30m
rs_trailing_30m_002568,MU,2026-07-09 17:05:00+00:00,1027.0,1003.34,4.900472618226057,7.53999756924473,121,rs_trailing_30m
rs_trailing_30m_002569,MU,2026-07-09 18:22:00+00:00,987.13,1019.84,19.349467354213417,0.8845824269989272,99,rs_trailing_30m
rs_trailing_30m_002570,MU,2026-07-10 14:00:00+00:00,984.48,954.13,2.6083542489736575,5.3879640799506605,121,rs_trailing_30m
rs_trailing_30m_002571,MU,2026-07-10 14:51:00+00:00,984.48,954.13,2.4358070808026806,5.462349425859852,121,rs_trailing_30m
rs_trailing_30m_002572,MU,2026-07-10 17:12:00+00:00,998.0,981.85,6.164475619528823,2.163109596313085,121,rs_trailing_30m
rs_trailing_30m_002573,MU,2026-07-10 18:12:00+00:00,977.0,995.0,7.871135762457765,2.102848308238424,109,rs_trailing_30m
rs_trailing_30m_002574,MU,2026-07-10 19:45:00+00:00,977.0,987.56,4.384670210854321,2.1184361692891285,16,rs_trailing_30m
rs_trailing_30m_002575,MU,2026-07-13 14:04:00+00:00,943.5,920.7,6.066411144251592,0.7995195625707532,121,rs_trailing_30m
rs_trailing_30m_002576,MU,2026-07-13 15:44:00+00:00,920.06,938.5,5.148504718171905,2.526388329773946,121,rs_trailing_30m
rs_trailing_30m_002577,MU,2026-07-13 16:36:00+00:00,920.06,935.6,0.6467499586242774,6.895834924693246,121,rs_trailing_30m
rs_trailing_30m_002578,MU,2026-07-13 18:30:00+00:00,922.0,942.09,0.17750863929433455,11.514781732586885,91,rs_trailing_30m
rs_trailing_30m_002579,MU,2026-07-13 19:00:00+00:00,942.09,927.14,6.795967908425347,1.319025720245531,61,rs_trailing_30m
rs_trailing_30m_002580,MU,2026-07-14 14:00:00+00:00,950.07,990.09,6.723247522143639,4.290439167835439,121,rs_trailing_30m
rs_trailing_30m_002581,MU,2026-07-14 15:12:00+00:00,992.0,971.59,5.41399308983395,0.8822803553803539,121,rs_trailing_30m
rs_trailing_30m_002582,MU,2026-07-14 16:10:00+00:00,978.08,992.0,1.1055172689984536,4.658078380611533,121,rs_trailing_30m
rs_trailing_30m_002583,MU,2026-07-14 16:42:00+00:00,992.0,978.4001,1.6092024261000024,4.572998724950202,121,rs_trailing_30m
rs_trailing_30m_002584,MU,2026-07-14 17:07:00+00:00,989.24,973.66,0.0,8.114250782072451,121,rs_trailing_30m
rs_trailing_30m_002585,MU,2026-07-14 18:42:00+00:00,973.66,985.328,4.179614367606857,3.901204263915293,79,rs_trailing_30m
rs_trailing_30m_002586,MU,2026-07-14 19:36:00+00:00,985.328,979.091,2.4426574761688595,1.3208935808630298,25,rs_trailing_30m
rs_trailing_30m_002587,MU,2026-07-15 14:00:00+00:00,896.5,958.72,18.380851542599196,1.4347350983177554,121,rs_trailing_30m
rs_trailing_30m_002588,MU,2026-07-15 18:36:00+00:00,895.1,914.89,5.876437173988155,2.3655679056167536,85,rs_trailing_30m
rs_trailing_30m_002589,MU,2026-07-16 14:01:00+00:00,847.46,879.9,4.809811025974076,2.4339004555231867,121,rs_trailing_30m
rs_trailing_30m_002590,MU,2026-07-16 15:51:00+00:00,840.51,856.57,3.8034291920963406,1.2636029792074448,121,rs_trailing_30m
rs_trailing_30m_002591,MU,2026-07-16 17:02:00+00:00,840.51,863.0,3.287262513797867,6.1246450527602345,121,rs_trailing_30m
rs_trailing_30m_002592,MU,2026-07-16 17:21:00+00:00,840.51,863.0,1.3647207682269529,8.332773727009867,121,rs_trailing_30m
rs_trailing_30m_002593,MU,2026-07-16 17:41:00+00:00,840.51,863.0,1.6199012054527995,8.160388220220558,121,rs_trailing_30m
rs_trailing_30m_002594,MU,2026-07-16 19:43:00+00:00,855.5,845.51,2.6900423514765404,1.4699457431442817,18,rs_trailing_30m
rs_trailing_30m_002595,MU,2026-07-17 14:00:00+00:00,887.4799,832.7551,8.599351414984193,3.7897238837457525,121,rs_trailing_30m
rs_trailing_30m_002596,MU,2026-07-17 17:36:00+00:00,856.52,893.3185,12.577470185352139,0.8613229800276468,121,rs_trailing_30m
rs_trailing_30m_002597,MU,2026-07-20 14:00:00+00:00,893.85,866.0,2.726088640749406,4.820786970072718,121,rs_trailing_30m
rs_trailing_30m_002598,MU,2026-07-20 16:48:00+00:00,871.47,894.0,9.617243444117566,0.6566538909212837,121,rs_trailing_30m
rs_trailing_30m_002599,MU,2026-07-20 17:25:00+00:00,891.8599,859.1501,0.1078536657462967,15.578548449982806,121,rs_trailing_30m
rs_trailing_30m_002600,MU,2026-07-20 18:06:00+00:00,858.9,884.97,14.41881907276927,0.8864990553697645,115,rs_trailing_30m
rs_trailing_30m_002601,MU,2026-07-20 19:02:00+00:00,858.9,871.39,5.185759420835548,1.4565138548880323,59,rs_trailing_30m
rs_trailing_30m_002602,MU,2026-07-21 14:00:00+00:00,958.5,916.5701,8.040218208818317,5.641825032818499,121,rs_trailing_30m
rs_trailing_30m_002603,MU,2026-07-21 16:03:00+00:00,982.88,957.0807,9.819354824722076,1.550992746853142,121,rs_trailing_30m
rs_trailing_30m_002604,MU,2026-07-21 17:33:00+00:00,960.85,979.68,7.289845969540476,2.2658658025755383,121,rs_trailing_30m
rs_trailing_30m_002605,MU,2026-07-21 18:08:00+00:00,978.62,960.85,0.18541331793287213,9.50515921049897,113,rs_trailing_30m
rs_trailing_30m_002606,MU,2026-07-21 18:36:00+00:00,960.85,975.9999,7.005043494308014,1.7874758457431505,85,rs_trailing_30m
rs_trailing_30m_002607,MU,2026-07-21 19:12:00+00:00,960.85,975.0,4.018267302795275,4.294376313367413,49,rs_trailing_30m
rs_trailing_30m_002608,MU,2026-07-22 14:00:00+00:00,978.9999,963.03,2.4066227009892733,2.2548679019930047,121,rs_trailing_30m
rs_trailing_30m_002609,MU,2026-07-22 16:12:00+00:00,982.62,969.28,2.302542553948679,4.94177765116344,121,rs_trailing_30m
rs_trailing_30m_002610,MU,2026-07-22 16:42:00+00:00,964.22,982.62,4.752724505897277,6.323922854268649,121,rs_trailing_30m
rs_trailing_30m_002611,MU,2026-07-22 17:16:00+00:00,982.62,964.22,4.684406849027779,7.798299309134619,121,rs_trailing_30m
rs_trailing_30m_002612,MU,2026-07-22 17:52:00+00:00,964.22,979.29,6.571329415133079,4.317063579485369,121,rs_trailing_30m
rs_trailing_30m_002613,MU,2026-07-22 18:30:00+00:00,957.83,979.29,5.301427251968036,8.453696533213225,91,rs_trailing_30m
rs_trailing_30m_002614,MU,2026-07-22 19:22:00+00:00,979.29,957.83,3.3643446724709283,10.723233214597531,39,rs_trailing_30m
rs_trailing_30m_002615,MU,2026-07-23 14:00:00+00:00,1000.36,978.11,3.506240434426261,1.4033788019478344,121,rs_trailing_30m
rs_trailing_30m_002616,MU,2026-07-23 14:55:00+00:00,978.82,1011.77,1.632771268315545,5.716930000946418,121,rs_trailing_30m
rs_trailing_30m_002617,MU,2026-07-23 16:28:00+00:00,1011.77,988.4801,3.658205049045972,4.244295555869561,121,rs_trailing_30m
rs_trailing_30m_002618,MU,2026-07-23 18:07:00+00:00,976.01,995.89,6.108060450200369,2.96051623015687,114,rs_trailing_30m
rs_trailing_30m_002619,MU,2026-07-23 18:54:00+00:00,976.01,994.56,3.0870186069484475,6.1938998804169305,67,rs_trailing_30m
rs_trailing_30m_002620,MU,2026-07-24 14:00:00+00:00,919.54,947.74,4.016287433070603,3.4694564937364833,121,rs_trailing_30m
rs_trailing_30m_002621,MU,2026-07-24 15:10:00+00:00,951.515,927.56,4.999559379901604,1.1795032156388225,121,rs_trailing_30m
rs_trailing_30m_002622,MU,2026-07-24 16:37:00+00:00,911.75,940.875,11.830584572769737,0.5594109569648645,121,rs_trailing_30m
rs_trailing_30m_002623,MU,2026-07-24 17:54:00+00:00,904.0,931.5,13.77954221862299,1.0924126876616236,121,rs_trailing_30m
rs_trailing_30m_002624,MU,2026-07-24 19:07:00+00:00,904.0,924.29,1.1350304363617367,8.113872195678228,54,rs_trailing_30m
rs_trailing_30m_002625,MU,2026-07-27 14:00:00+00:00,854.79,909.75,12.858358031030965,1.018821299071369,121,rs_trailing_30m
rs_trailing_30m_002626,MU,2026-07-27 17:48:00+00:00,899.1124,872.06,11.490967547440949,0.6721730881632815,121,rs_trailing_30m
rs_trailing_30m_002627,MU,2026-07-27 18:59:00+00:00,901.18,884.78,3.9266240579993372,3.707831727559579,62,rs_trailing_30m
rs_trailing_30m_002628,MU,2026-07-28 14:00:00+00:00,789.09,831.6,4.512112669672412,3.650011142573298,121,rs_trailing_30m
rs_trailing_30m_002629,MU,2026-07-28 18:44:00+00:00,831.0,817.88,6.640264807807407,0.7616276542515008,77,rs_trailing_30m
rs_trailing_30m_002630,MU,2026-07-29 14:00:00+00:00,767.75,811.9997,8.284135959697474,1.720518269992077,121,rs_trailing_30m
rs_trailing_30m_002631,MU,2026-07-29 17:06:00+00:00,795.33,761.2801,6.261746463250089,6.258032802693465,121,rs_trailing_30m
rs_trailing_30m_002632,MU,2026-07-30 14:00:00+00:00,868.0,822.5,7.076537300008867,4.2290261533058535,121,rs_trailing_30m
rs_trailing_30m_002633,MU,2026-07-30 15:56:00+00:00,876.6,850.5,5.605959819299615,2.0186129417071417,121,rs_trailing_30m
rs_trailing_30m_002634,MU,2026-07-30 18:35:00+00:00,862.46,882.5,3.0330783116660527,8.544614900864916,86,rs_trailing_30m
rs_trailing_30m_002635,MU,2026-07-31 14:00:00+00:00,818.0,866.92,7.826731308932583,1.2506441209626777,121,rs_trailing_30m
rs_trailing_30m_002636,MU,2026-07-31 17:11:00+00:00,854.32,832.33,6.68316619402623,2.903449892512352,121,rs_trailing_30m
rs_trailing_30m_002637,MU,2026-07-31 19:40:00+00:00,822.01,838.0899,5.810580008142787,2.5616014858478215,21,rs_trailing_30m
rs_trailing_30m_002638,MU,2026-08-03 14:00:00+00:00,829.0,783.8,7.748741358971201,2.6922516183875427,121,rs_trailing_30m
rs_trailing_30m_002639,MU,2026-08-03 17:12:00+00:00,836.61,821.51,6.612831376692394,1.6066669760170151,121,rs_trailing_30m
rs_trailing_30m_002640,MU,2026-08-03 17:29:00+00:00,836.61,820.8,7.365619630024873,2.0826924471104817,121,rs_trailing_30m
rs_trailing_30m_002641,MU,2026-08-03 19:35:00+00:00,836.62,826.0,3.0048651251518708,2.9711025956557493,26,rs_trailing_30m
rs_trailing_30m_002642,MU,2026-08-04 14:02:00+00:00,899.04,869.11,5.65953915055224,1.660685861376384,121,rs_trailing_30m
rs_trailing_30m_002643,MU,2026-08-04 15:06:00+00:00,899.71,882.72,4.8423023975409505,1.0679503132507422,121,rs_trailing_30m
rs_trailing_30m_002644,MU,2026-08-04 16:07:00+00:00,890.66,902.4299,1.815493879705365,4.544083922301808,121,rs_trailing_30m
rs_trailing_30m_002645,MU,2026-08-04 16:46:00+00:00,902.4299,889.18,2.124018811800646,6.404432612326632,121,rs_trailing_30m
rs_trailing_30m_002646,MU,2026-08-04 17:16:00+00:00,889.18,902.4299,3.0486085479340645,6.216014938137383,121,rs_trailing_30m
rs_trailing_30m_002647,MU,2026-08-04 17:46:00+00:00,901.56,889.18,0.31173307187213284,8.66327955551729,121,rs_trailing_30m
rs_trailing_30m_002648,MU,2026-08-04 18:05:00+00:00,888.55,900.42,2.506909784513332,5.313594589250863,116,rs_trailing_30m
rs_trailing_30m_002649,MU,2026-08-05 14:00:00+00:00,924.89,896.1,2.756233248316342,4.642481469404463,121,rs_trailing_30m
rs_trailing_30m_002650,MU,2026-08-05 14:37:00+00:00,896.1,928.98,1.4027835674181415,5.495532919780654,121,rs_trailing_30m
rs_trailing_30m_002651,MU,2026-08-05 16:22:00+00:00,928.98,915.7101,2.9052629842706614,2.6578754392463537,121,rs_trailing_30m
rs_trailing_30m_002652,MU,2026-08-05 17:09:00+00:00,915.7101,924.0,1.3077768223575148,2.550488268806463,121,rs_trailing_30m
rs_trailing_30m_002653,MU,2026-08-05 17:31:00+00:00,913.47,924.0,3.1878006668574272,2.5112725117518595,121,rs_trailing_30m
rs_trailing_30m_002654,MU,2026-08-05 19:32:00+00:00,891.74,917.4,15.14249155938393,1.5337459261865387,29,rs_trailing_30m
rs_trailing_30m_002655,MU,2026-08-06 14:00:00+00:00,913.33,871.45,9.669346537688483,0.6874880658509899,121,rs_trailing_30m
rs_trailing_30m_002656,MU,2026-08-06 17:50:00+00:00,886.0,900.0,1.403655238144425,5.929145737273364,121,rs_trailing_30m
rs_trailing_30m_002657,MU,2026-08-06 18:51:00+00:00,880.13,898.99,5.782359120479348,4.846811738413505,70,rs_trailing_30m
rs_trailing_30m_002658,MU,2026-08-06 19:38:00+00:00,880.13,892.7699,6.5319012469208655,1.088087545968368,23,rs_trailing_30m
rs_trailing_30m_002659,MU,2026-08-07 14:00:00+00:00,847.02,880.0,3.9906578948433893,4.146090010685792,121,rs_trailing_30m
rs_trailing_30m_002660,MU,2026-08-07 14:57:00+00:00,856.57,880.0,0.5115430922429269,5.603484791049024,121,rs_trailing_30m
rs_trailing_30m_002661,MU,2026-08-07 16:11:00+00:00,878.98,860.31,0.6482944492277575,8.807687868805475,121,rs_trailing_30m
rs_trailing_30m_002662,MU,2026-08-07 18:59:00+00:00,881.62,872.5,6.972578634798009,1.1852041938560267,62,rs_trailing_30m
rs_trailing_30m_002663,MU,2026-08-07 19:41:00+00:00,872.5,881.62,0.2899899666975483,6.669769234043698,20,rs_trailing_30m
rs_trailing_30m_002664,MU,2026-08-10 14:00:00+00:00,894.989,867.01,3.7973045214116374,3.9021507437942855,121,rs_trailing_30m
rs_trailing_30m_002665,MU,2026-08-10 15:12:00+00:00,867.01,884.8,0.6585497188316982,5.3224588057833255,121,rs_trailing_30m
rs_trailing_30m_002666,MU,2026-08-10 15:41:00+00:00,884.8,872.52,4.57415126413606,0.5791127288539226,121,rs_trailing_30m
rs_trailing_30m_002667,MU,2026-08-10 16:37:00+00:00,884.8,875.33,2.7307688983768887,2.2615827363005536,121,rs_trailing_30m
rs_trailing_30m_002668,MU,2026-08-10 17:13:00+00:00,882.88,877.5,0.6250609342385405,2.639820450424988,121,rs_trailing_30m
rs_trailing_30m_002669,MU,2026-08-10 19:44:00+00:00,860.0,875.37,12.278388230974,2.891935491700406,17,rs_trailing_30m
rs_trailing_30m_002670,MU,2026-08-11 14:00:00+00:00,844.62,868.35,5.2721623903995765,2.27358028295276,121,rs_trailing_30m
rs_trailing_30m_002671,MU,2026-08-11 16:00:00+00:00,846.0,857.35,5.004476302542577,1.9055974242041598,121,rs_trailing_30m
rs_trailing_30m_002672,MU,2026-08-11 16:57:00+00:00,846.0,859.88,4.053523154955713,8.311949678184034,121,rs_trailing_30m
rs_trailing_30m_002673,MU,2026-08-11 19:13:00+00:00,879.0,859.28,16.43500518156972,1.8704623236861162,48,rs_trailing_30m
rs_trailing_30m_002674,MU,2026-08-12 14:00:00+00:00,930.5,914.71,3.145103834456474,1.4853101092328038,121,rs_trailing_30m
rs_trailing_30m_002675,MU,2026-08-12 15:33:00+00:00,930.4499,920.4,2.7728570365427636,1.9305026710558724,121,rs_trailing_30m
rs_trailing_30m_002676,MU,2026-08-12 17:05:00+00:00,935.8,920.83,5.568269035413648,7.315345718858831,121,rs_trailing_30m
rs_trailing_30m_002677,MU,2026-08-12 17:46:00+00:00,935.8,915.01,3.19905074968687,16.38178452264177,121,rs_trailing_30m
rs_trailing_30m_002678,MU,2026-08-12 18:23:00+00:00,909.13,930.355,16.59806251192343,1.5848472592030307,98,rs_trailing_30m
rs_trailing_30m_002679,MU,2026-08-12 19:23:00+00:00,909.13,921.54,7.074453626433618,3.1224092295856827,38,rs_trailing_30m
rs_trailing_30m_002680,MU,2026-08-13 14:00:00+00:00,978.0,932.2401,14.085803528155562,1.2533116968044955,121,rs_trailing_30m
rs_trailing_30m_002681,MU,2026-08-13 16:20:00+00:00,975.36,962.8203,4.000318725301901,0.8369808619370943,121,rs_trailing_30m
rs_trailing_30m_002682,MU,2026-08-13 17:04:00+00:00,975.36,961.5,0.7960347365317919,7.5001089196304,121,rs_trailing_30m
rs_trailing_30m_002683,MU,2026-08-13 17:24:00+00:00,975.36,958.12,1.8703146131860795,10.74973389222575,121,rs_trailing_30m
rs_trailing_30m_002684,MU,2026-08-13 18:10:00+00:00,945.85,968.59,18.179141150460588,1.8933846937478793,111,rs_trailing_30m
rs_trailing_30m_002685,MU,2026-08-13 18:56:00+00:00,945.85,965.6528,13.17834788295459,2.495417129452175,65,rs_trailing_30m
rs_trailing_30m_002686,MU,2026-08-13 19:24:00+00:00,945.85,959.745,8.261969573540838,1.094189124450194,37,rs_trailing_30m
rs_trailing_30m_002687,MU,2026-08-14 14:01:00+00:00,983.69,956.3,2.6622826342649764,5.136139002048971,121,rs_trailing_30m
rs_trailing_30m_002688,MU,2026-08-14 14:32:00+00:00,956.3,972.5,3.1137463003777888,1.1810761829019303,121,rs_trailing_30m
rs_trailing_30m_002689,MU,2026-08-14 15:22:00+00:00,956.3,966.98,2.8946995906616215,1.8835680489467512,121,rs_trailing_30m
rs_trailing_30m_002690,MU,2026-08-14 16:38:00+00:00,966.482,959.5,0.31360261910970216,5.133097596373663,121,rs_trailing_30m
rs_trailing_30m_002691,MU,2026-08-14 19:43:00+00:00,973.9999,968.06,3.8250739131881626,2.620474040555616,18,rs_trailing_30m
rs_trailing_30m_002692,NFLX,2026-07-01 14:05:00+00:00,72.92,73.7899,1.6435238790814735,3.082761814845799,121,rs_trailing_30m
rs_trailing_30m_002693,NFLX,2026-07-01 14:45:00+00:00,73.7899,72.965,2.1675367663393392,3.4217132447681853,121,rs_trailing_30m
rs_trailing_30m_002694,NFLX,2026-07-01 15:11:00+00:00,74.08,72.965,2.985318107667208,6.260875475802034,121,rs_trailing_30m
rs_trailing_30m_002695,NFLX,2026-07-01 15:28:00+00:00,72.965,74.08,2.7444609266506577,7.988874510793994,121,rs_trailing_30m
rs_trailing_30m_002696,NFLX,2026-07-01 16:03:00+00:00,74.175,73.095,7.767629753227497,3.8034600860631915,121,rs_trailing_30m
rs_trailing_30m_002697,NFLX,2026-07-01 16:51:00+00:00,74.355,73.455,12.842105263153975,0.7554179566560656,121,rs_trailing_30m
rs_trailing_30m_002698,NFLX,2026-07-02 14:02:00+00:00,75.36,77.19,0.4303107518625595,8.834026611767337,121,rs_trailing_30m
rs_trailing_30m_002699,NFLX,2026-07-02 19:41:00+00:00,77.58,78.0,1.85452610777546,3.013604925135246,20,rs_trailing_30m
rs_trailing_30m_002700,NFLX,2026-07-06 14:00:00+00:00,75.75,76.72,1.7434048875260009,3.891725871888248,121,rs_trailing_30m
rs_trailing_30m_002701,NFLX,2026-07-06 15:15:00+00:00,76.655,76.19,0.9969068384383247,3.525646135940174,121,rs_trailing_30m
rs_trailing_30m_002702,NFLX,2026-07-07 14:03:00+00:00,77.87,76.595,2.6291617784809818,4.212024481852088,121,rs_trailing_30m
rs_trailing_30m_002703,NFLX,2026-07-07 14:38:00+00:00,77.87,76.42,0.8834632131710594,7.381192651977516,121,rs_trailing_30m
rs_trailing_30m_002704,NFLX,2026-07-07 15:08:00+00:00,76.42,77.26,5.7105334051730745,1.1914062500002336,121,rs_trailing_30m
rs_trailing_30m_002705,NFLX,2026-07-07 16:11:00+00:00,76.42,77.06,2.1793886993339826,4.794655138534669,121,rs_trailing_30m
rs_trailing_30m_002706,NFLX,2026-07-08 14:00:00+00:00,74.905,75.92,0.19672776156596175,6.4592281714154955,121,rs_trailing_30m
rs_trailing_30m_002707,NFLX,2026-07-08 15:22:00+00:00,76.26,75.54,7.052884886542655,1.2041510781900742,121,rs_trailing_30m
rs_trailing_30m_002708,NFLX,2026-07-08 19:02:00+00:00,75.58,76.055,3.5689907362256816,3.494636762554591,59,rs_trailing_30m
rs_trailing_30m_002709,NFLX,2026-07-09 14:00:00+00:00,75.48,74.3,1.5601924937618326,7.002724448744883,121,rs_trailing_30m
rs_trailing_30m_002710,NFLX,2026-07-09 14:33:00+00:00,74.3,74.9399,3.114899854618087,1.5750399500174863,121,rs_trailing_30m
rs_trailing_30m_002711,NFLX,2026-07-09 17:52:00+00:00,75.215,74.59,6.7303165823219455,4.486877721547964,121,rs_trailing_30m
rs_trailing_30m_002712,NFLX,2026-07-10 14:00:00+00:00,72.77,73.53,1.8005923081305597,1.8476352423339097,121,rs_trailing_30m
rs_trailing_30m_002713,NFLX,2026-07-10 14:32:00+00:00,73.385,72.85,1.6825500887445755,0.9266217880043202,121,rs_trailing_30m
rs_trailing_30m_002714,NFLX,2026-07-10 16:41:00+00:00,72.51,73.5199,5.27601590240003,13.419592728595983,121,rs_trailing_30m
rs_trailing_30m_002715,NFLX,2026-07-10 18:01:00+00:00,73.75,72.975,13.768900157693139,0.8487678179400155,120,rs_trailing_30m
rs_trailing_30m_002716,NFLX,2026-07-13 14:59:00+00:00,75.45,74.465,0.734241885223036,7.301627636384327,121,rs_trailing_30m
rs_trailing_30m_002717,NFLX,2026-07-13 15:25:00+00:00,74.34,75.08,2.655059847660988,4.90164894952819,121,rs_trailing_30m
rs_trailing_30m_002718,NFLX,2026-07-13 16:36:00+00:00,75.08,74.34,2.726373251450557,9.120462955674684,121,rs_trailing_30m
rs_trailing_30m_002719,NFLX,2026-07-13 17:03:00+00:00,74.07,74.595,5.763239875389975,2.4143302180687614,121,rs_trailing_30m
rs_trailing_30m_002720,NFLX,2026-07-13 19:05:00+00:00,73.71,74.29,6.723896051838762,5.093860645332202,56,rs_trailing_30m
rs_trailing_30m_002721,NFLX,2026-07-14 14:00:00+00:00,73.6899,73.1,2.8982972261828164,1.2727335952986956,121,rs_trailing_30m
rs_trailing_30m_002722,NFLX,2026-07-15 14:04:00+00:00,75.06,74.065,6.548023189011849,1.11701572047845,121,rs_trailing_30m
rs_trailing_30m_002723,NFLX,2026-07-15 17:26:00+00:00,73.28,74.05,9.353459190275967,3.86151984919639,121,rs_trailing_30m
rs_trailing_30m_002724,NFLX,2026-07-15 19:10:00+00:00,73.13,73.73,5.747370980486908,5.376572852713635,51,rs_trailing_30m
rs_trailing_30m_002725,NFLX,2026-07-16 14:00:00+00:00,72.9401,73.88,3.676334585000021,2.6073294929078497,121,rs_trailing_30m
rs_trailing_30m_002726,NFLX,2026-07-16 14:57:00+00:00,74.255,73.33,7.361179620887311,2.579099429215929,121,rs_trailing_30m
rs_trailing_30m_002727,NFLX,2026-07-16 16:30:00+00:00,74.3195,73.77,6.0275827954959444,1.867904084420816,121,rs_trailing_30m
rs_trailing_30m_002728,NFLX,2026-07-16 18:46:00+00:00,75.32,73.42,15.677943876214245,14.718069761344166,75,rs_trailing_30m
rs_trailing_30m_002729,NFLX,2026-07-16 19:07:00+00:00,73.42,75.32,3.8567965405783684,21.455512361317208,54,rs_trailing_30m
rs_trailing_30m_002730,NFLX,2026-07-17 14:00:00+00:00,69.04,66.7894,5.933294063488868,0.8623657936551814,121,rs_trailing_30m
rs_trailing_30m_002731,NFLX,2026-07-17 14:54:00+00:00,69.38,67.35,4.9426167762846465,2.8960645173542825,121,rs_trailing_30m
rs_trailing_30m_002732,NFLX,2026-07-17 15:29:00+00:00,67.945,69.38,0.4488764740474708,6.324391036553021,121,rs_trailing_30m
rs_trailing_30m_002733,NFLX,2026-07-17 16:50:00+00:00,69.46,68.355,1.4239515366834756,6.251494551293301,121,rs_trailing_30m
rs_trailing_30m_002734,NFLX,2026-07-17 18:00:00+00:00,69.49,68.47,3.538715192965229,4.904535092004508,121,rs_trailing_30m
rs_trailing_30m_002735,NFLX,2026-07-17 18:47:00+00:00,68.47,69.49,5.139840138525612,4.479677184953448,74,rs_trailing_30m
rs_trailing_30m_002736,NFLX,2026-07-17 19:10:00+00:00,68.47,69.49,2.979054128541247,6.819834007905078,51,rs_trailing_30m
rs_trailing_30m_002737,NFLX,2026-07-17 19:33:00+00:00,68.47,69.49,0.7898538872532358,7.690682586413154,28,rs_trailing_30m
rs_trailing_30m_002738,NFLX,2026-07-20 14:00:00+00:00,66.69,68.25,0.8062526434512733,7.578774848441664,121,rs_trailing_30m
rs_trailing_30m_002739,NFLX,2026-07-20 14:24:00+00:00,68.25,67.22,2.199585324078289,2.1572856063075907,121,rs_trailing_30m
rs_trailing_30m_002740,NFLX,2026-07-20 14:56:00+00:00,68.25,67.51,3.7318215717347254,1.5282697865198418,121,rs_trailing_30m
rs_trailing_30m_002741,NFLX,2026-07-20 17:59:00+00:00,67.075,67.8,4.456285855481246,5.046088395177124,121,rs_trailing_30m
rs_trailing_30m_002742,NFLX,2026-07-20 18:50:00+00:00,67.8,67.4132,4.510816433959634,1.4037049106354453,71,rs_trailing_30m
rs_trailing_30m_002743,NFLX,2026-07-21 14:00:00+00:00,68.1,67.27,1.1228589553816197,5.7806442517799015,121,rs_trailing_30m
rs_trailing_30m_002744,NFLX,2026-07-21 14:25:00+00:00,66.81,68.02,6.005771515871158,2.347083121144964,121,rs_trailing_30m
rs_trailing_30m_002745,NFLX,2026-07-21 15:23:00+00:00,66.725,67.67,10.062678535230999,0.5609738117619352,121,rs_trailing_30m
rs_trailing_30m_002746,NFLX,2026-07-21 16:10:00+00:00,66.725,67.46,3.9705737865986883,7.0421497347221695,121,rs_trailing_30m
rs_trailing_30m_002747,NFLX,2026-07-21 18:02:00+00:00,68.75,67.21,26.74556603148543,4.222984110234707,119,rs_trailing_30m
rs_trailing_30m_002748,NFLX,2026-07-21 19:29:00+00:00,68.75,67.95,10.534068110820275,1.858953196026939,32,rs_trailing_30m
rs_trailing_30m_002749,NFLX,2026-07-22 14:01:00+00:00,70.57,69.97,3.42457934750306,0.6849158695005731,121,rs_trailing_30m
rs_trailing_30m_002750,NFLX,2026-07-22 14:30:00+00:00,70.57,69.9,1.3638269132236855,2.44352321952578,121,rs_trailing_30m
rs_trailing_30m_002751,NFLX,2026-07-22 15:06:00+00:00,69.5825,70.4,5.491908977969748,2.3502492569477753,121,rs_trailing_30m
rs_trailing_30m_002752,NFLX,2026-07-22 16:19:00+00:00,69.095,70.18,13.16211284277047,3.1589070822650327,121,rs_trailing_30m
rs_trailing_30m_002753,NFLX,2026-07-22 17:05:00+00:00,68.44,69.72,18.56831210998745,1.2378874739991341,121,rs_trailing_30m
rs_trailing_30m_002754,NFLX,2026-07-22 18:42:00+00:00,68.35,68.88,7.516943930991209,1.5375567131570667,79,rs_trailing_30m
rs_trailing_30m_002755,NFLX,2026-07-23 14:00:00+00:00,69.0,68.23,2.5527394467447935,2.487284589135919,121,rs_trailing_30m
rs_trailing_30m_002756,NFLX,2026-07-23 14:18:00+00:00,68.26,69.0,1.5264654067902896,2.9918721973089366,121,rs_trailing_30m
rs_trailing_30m_002757,NFLX,2026-07-23 15:59:00+00:00,68.29,69.24,2.1542452333291506,13.106999894656155,121,rs_trailing_30m
rs_trailing_30m_002758,NFLX,2026-07-23 17:04:00+00:00,69.355,68.825,7.35467651736509,0.9388948745572834,121,rs_trailing_30m
rs_trailing_30m_002759,NFLX,2026-07-23 17:28:00+00:00,69.355,68.75,4.67963365414341,6.777988202419701,121,rs_trailing_30m
rs_trailing_30m_002760,NFLX,2026-07-23 19:24:00+00:00,68.46,69.01,6.855888964210659,5.1147108145696505,37,rs_trailing_30m
rs_trailing_30m_002761,NFLX,2026-07-24 14:00:00+00:00,70.16,68.96,6.630619012528342,0.8306927044953054,121,rs_trailing_30m
rs_trailing_30m_002762,NFLX,2026-07-24 14:39:00+00:00,70.23,69.46,4.7958875113404575,0.8853946174782642,121,rs_trailing_30m
rs_trailing_30m_002763,NFLX,2026-07-24 16:37:00+00:00,70.485,70.0,6.156518861679137,3.633355393778077,121,rs_trailing_30m
rs_trailing_30m_002764,NFLX,2026-07-24 18:31:00+00:00,70.68,70.06,6.838966049380338,7.752083333330145,90,rs_trailing_30m
rs_trailing_30m_002765,NFLX,2026-07-27 14:05:00+00:00,71.65,70.115,9.85015300879707,0.7232629831634452,121,rs_trailing_30m
rs_trailing_30m_002766,NFLX,2026-07-27 15:17:00+00:00,71.65,70.89,5.2391161383674545,2.382875180850112,121,rs_trailing_30m
rs_trailing_30m_002767,NFLX,2026-07-27 16:04:00+00:00,71.65,70.85,0.3357034362824658,10.40680652475415,121,rs_trailing_30m
rs_trailing_30m_002768,NFLX,2026-07-27 16:34:00+00:00,70.81,71.35,6.661245353160403,0.9921003717471999,121,rs_trailing_30m
rs_trailing_30m_002769,NFLX,2026-07-27 19:07:00+00:00,70.275,70.7158,9.976354679794184,0.6202167487680312,54,rs_trailing_30m
rs_trailing_30m_002770,NFLX,2026-07-28 14:00:00+00:00,73.755,72.63,2.110391246082551,4.577468336573613,121,rs_trailing_30m
rs_trailing_30m_002771,NFLX,2026-07-28 14:44:00+00:00,72.63,73.56,5.549532034744984,1.5204197355465843,121,rs_trailing_30m
rs_trailing_30m_002772,NFLX,2026-07-28 16:03:00+00:00,72.89,73.44,0.06462685934646277,7.044327668770871,121,rs_trailing_30m
rs_trailing_30m_002773,NFLX,2026-07-28 16:30:00+00:00,73.44,72.94,1.4595161590141685,6.639907586903088,121,rs_trailing_30m
rs_trailing_30m_002774,NFLX,2026-07-28 19:12:00+00:00,72.32,72.7799,8.820936056141834,1.0735724614668574,49,rs_trailing_30m
rs_trailing_30m_002775,NFLX,2026-07-29 14:08:00+00:00,72.84,71.815,3.5728403148754992,3.0256485549395675,121,rs_trailing_30m
rs_trailing_30m_002776,NFLX,2026-07-29 15:53:00+00:00,73.365,72.47,8.796138671365423,2.1379503715123978,121,rs_trailing_30m
rs_trailing_30m_002777,NFLX,2026-07-29 16:59:00+00:00,72.685,73.735,2.3133828483614796,10.30506905179231,121,rs_trailing_30m
rs_trailing_30m_002778,NFLX,2026-07-29 18:03:00+00:00,73.735,73.21,2.014944073627181,5.280543089505995,118,rs_trailing_30m
rs_trailing_30m_002779,NFLX,2026-07-29 18:51:00+00:00,73.21,73.68,4.356388732637925,1.8462853186794688,70,rs_trailing_30m
rs_trailing_30m_002780,NFLX,2026-07-29 19:23:00+00:00,73.68,73.26,5.019727200989494,0.75639724946405,38,rs_trailing_30m
rs_trailing_30m_002781,NFLX,2026-07-30 14:00:00+00:00,70.63,72.12,0.4266032589691385,8.65395182480162,121,rs_trailing_30m
rs_trailing_30m_002782,NFLX,2026-07-30 14:51:00+00:00,72.925,71.04,12.556411733639282,1.2446588890486978,121,rs_trailing_30m
rs_trailing_30m_002783,NFLX,2026-07-30 15:39:00+00:00,73.165,71.52,15.987119245552048,0.49909637564478737,121,rs_trailing_30m
rs_trailing_30m_002784,NFLX,2026-07-30 16:31:00+00:00,73.19,72.57,6.161616161615111,1.4031403140312875,121,rs_trailing_30m
rs_trailing_30m_002785,NFLX,2026-07-31 14:04:00+00:00,72.07,71.105,0.33370923569074157,6.106879013140865,121,rs_trailing_30m
rs_trailing_30m_002786,NFLX,2026-07-31 15:56:00+00:00,71.35,71.72,3.0314667148566166,2.066909123765964,121,rs_trailing_30m
rs_trailing_30m_002787,NFLX,2026-08-03 14:10:00+00:00,72.18,73.4899,8.61394349253003,0.41278017216203183,121,rs_trailing_30m
rs_trailing_30m_002788,NFLX,2026-08-03 16:07:00+00:00,72.69,73.05,0.9754990304547829,4.034196418385999,121,rs_trailing_30m
rs_trailing_30m_002789,NFLX,2026-08-03 19:40:00+00:00,73.36,73.01,2.338060559601251,5.10122303912992,21,rs_trailing_30m
rs_trailing_30m_002790,NFLX,2026-08-04 14:00:00+00:00,73.745,72.665,2.949864838502702,5.7785023548749255,121,rs_trailing_30m
rs_trailing_30m_002791,NFLX,2026-08-04 14:53:00+00:00,72.465,73.305,7.397526073247822,0.8877031287897723,121,rs_trailing_30m
rs_trailing_30m_002792,NFLX,2026-08-04 15:59:00+00:00,72.44,73.325,3.971717079410712,8.361509640864876,121,rs_trailing_30m
rs_trailing_30m_002793,NFLX,2026-08-04 17:35:00+00:00,73.49,72.94,8.950776026376966,1.199588539617491,121,rs_trailing_30m
rs_trailing_30m_002794,NFLX,2026-08-05 14:00:00+00:00,73.525,74.44,3.967980904663311,2.033180298257283,121,rs_trailing_30m
rs_trailing_30m_002795,NFLX,2026-08-05 14:36:00+00:00,74.44,73.38,1.3206866764478549,7.5452276809602985,121,rs_trailing_30m
rs_trailing_30m_002796,NFLX,2026-08-05 15:48:00+00:00,73.155,73.76,6.579854547071669,1.6280052487600642,121,rs_trailing_30m
rs_trailing_30m_002797,NFLX,2026-08-05 16:42:00+00:00,73.155,73.6399,3.1594758377792727,4.5006733309164035,121,rs_trailing_30m
rs_trailing_30m_002798,NFLX,2026-08-05 19:22:00+00:00,75.2,73.66,29.870916389793347,2.638773532667245,39,rs_trailing_30m
rs_trailing_30m_002799,NFLX,2026-08-06 14:00:00+00:00,73.1002,74.055,6.138595686093809,0.7992963132935712,121,rs_trailing_30m
rs_trailing_30m_002800,NFLX,2026-08-06 16:58:00+00:00,73.295,73.87,1.2225579674392224,9.592377898369715,121,rs_trailing_30m
rs_trailing_30m_002801,NFLX,2026-08-07 14:00:00+00:00,74.4135,73.7201,3.8957248200380152,2.2928103236375343,121,rs_trailing_30m
rs_trailing_30m_002802,NFLX,2026-08-10 14:17:00+00:00,75.98,74.155,14.12185512391298,0.357013191334892,121,rs_trailing_30m
rs_trailing_30m_002803,NFLX,2026-08-10 15:09:00+00:00,75.98,74.84,10.402019624654487,2.8474802324471726,121,rs_trailing_30m
rs_trailing_30m_002804,NFLX,2026-08-10 16:01:00+00:00,75.98,75.11,8.907175414175196,5.577390212614159,121,rs_trailing_30m
rs_trailing_30m_002805,NFLX,2026-08-11 14:00:00+00:00,76.77,75.095,1.2827929672760086,11.356490680884514,121,rs_trailing_30m
rs_trailing_30m_002806,NFLX,2026-08-11 15:08:00+00:00,74.834,75.805,10.160359445790608,0.9747523170341837,121,rs_trailing_30m
rs_trailing_30m_002807,NFLX,2026-08-11 15:44:00+00:00,74.66,75.35,8.040486613296228,2.139212034730124,121,rs_trailing_30m
rs_trailing_30m_002808,NFLX,2026-08-12 14:05:00+00:00,73.5702,74.0899,0.9944939580366405,3.5075836551308797,121,rs_trailing_30m
rs_trailing_30m_002809,NFLX,2026-08-13 14:01:00+00:00,77.6699,76.5,3.08850818391746,3.036675278305003,121,rs_trailing_30m
rs_trailing_30m_002810,NFLX,2026-08-13 14:49:00+00:00,76.5,77.42,4.072960769515675,3.1054375215846854,121,rs_trailing_30m
rs_trailing_30m_002811,NFLX,2026-08-13 15:15:00+00:00,76.5,77.42,2.491992940715083,6.678541081116439,121,rs_trailing_30m
rs_trailing_30m_002812,NFLX,2026-08-13 16:34:00+00:00,77.42,76.81,3.446424395490471,5.255226603057288,121,rs_trailing_30m
rs_trailing_30m_002813,NFLX,2026-08-13 19:02:00+00:00,78.4,77.44,18.23460692688169,1.8863386476085122,59,rs_trailing_30m
rs_trailing_30m_002814,NFLX,2026-08-13 19:32:00+00:00,78.4,77.89,5.181158541027068,2.3685296187551232,29,rs_trailing_30m
rs_trailing_30m_002815,NFLX,2026-08-14 14:03:00+00:00,78.4302,77.82,0.17816592197137013,3.421729627265527,121,rs_trailing_30m
rs_trailing_30m_002816,NFLX,2026-08-14 15:43:00+00:00,78.42,77.78,1.3260530421208645,8.65834633384707,121,rs_trailing_30m
rs_trailing_30m_002817,NVDA,2026-07-01 14:11:00+00:00,197.27,194.47,2.201959382874129,3.9635268891734574,121,rs_trailing_30m
rs_trailing_30m_002818,NVDA,2026-07-01 17:25:00+00:00,199.85,197.68,7.335221816008232,3.347618009990411,121,rs_trailing_30m
rs_trailing_30m_002819,NVDA,2026-07-01 19:06:00+00:00,199.85,197.1,0.40253777916032935,15.411446402139866,55,rs_trailing_30m
rs_trailing_30m_002820,NVDA,2026-07-02 14:02:00+00:00,200.055,194.015,0.22679952409282136,15.889307834972088,121,rs_trailing_30m
rs_trailing_30m_002821,NVDA,2026-07-02 14:23:00+00:00,199.0,193.6914,0.28128266260423507,10.77958506110648,121,rs_trailing_30m
rs_trailing_30m_002822,NVDA,2026-07-06 14:00:00+00:00,197.42,195.36,3.1001764369435,2.9907758378334095,121,rs_trailing_30m
rs_trailing_30m_002823,NVDA,2026-07-06 16:13:00+00:00,197.55,195.63,0.3638656679535773,9.616449795912974,121,rs_trailing_30m
rs_trailing_30m_002824,NVDA,2026-07-07 14:00:00+00:00,194.89,191.14,5.265089884518441,6.082086590736946,121,rs_trailing_30m
rs_trailing_30m_002825,NVDA,2026-07-07 14:35:00+00:00,191.14,198.12,0.39909386066071123,17.01137581066014,121,rs_trailing_30m
rs_trailing_30m_002826,NVDA,2026-07-07 15:05:00+00:00,198.32,192.544,19.130869405219176,0.22112738717066863,121,rs_trailing_30m
rs_trailing_30m_002827,NVDA,2026-07-07 15:53:00+00:00,198.41,194.01,17.608112017982204,0.45149005174319023,121,rs_trailing_30m
rs_trailing_30m_002828,NVDA,2026-07-08 14:15:00+00:00,196.05,199.45,2.13334214903633,5.083934773076612,121,rs_trailing_30m
rs_trailing_30m_002829,NVDA,2026-07-08 14:53:00+00:00,200.48,196.39,6.073659762443691,4.2553499790925695,121,rs_trailing_30m
rs_trailing_30m_002830,NVDA,2026-07-08 15:26:00+00:00,196.39,202.89,0.2159757695143038,12.546228792692975,121,rs_trailing_30m
rs_trailing_30m_002831,NVDA,2026-07-08 16:17:00+00:00,203.71,198.72,16.25131625131481,1.2636012636012008,121,rs_trailing_30m
rs_trailing_30m_002832,NVDA,2026-07-08 16:58:00+00:00,203.82,200.24,10.024592361216628,2.701663189547718,121,rs_trailing_30m
rs_trailing_30m_002833,NVDA,2026-07-08 18:06:00+00:00,202.0,205.16,0.8345684642572685,10.153916315129672,115,rs_trailing_30m
rs_trailing_30m_002834,NVDA,2026-07-08 18:58:00+00:00,205.16,203.44,5.353884233855675,1.271066041131264,63,rs_trailing_30m
rs_trailing_30m_002835,NVDA,2026-07-09 14:00:00+00:00,198.96,202.2,6.676039952330125,1.3355047143425642,121,rs_trailing_30m
rs_trailing_30m_002836,NVDA,2026-07-09 14:49:00+00:00,202.56,200.52,3.017215115466415,1.4430159247882828,121,rs_trailing_30m
rs_trailing_30m_002837,NVDA,2026-07-09 17:14:00+00:00,204.2,202.75,6.306865177831157,1.8219832735956039,121,rs_trailing_30m
rs_trailing_30m_002838,NVDA,2026-07-10 14:00:00+00:00,209.4794,205.72,4.806214203044193,3.561147876665121,121,rs_trailing_30m
rs_trailing_30m_002839,NVDA,2026-07-10 14:35:00+00:00,210.56,205.87,5.3501950916707175,2.5778981089408832,121,rs_trailing_30m
rs_trailing_30m_002840,NVDA,2026-07-10 15:05:00+00:00,205.88,210.56,0.6055258368720509,9.890255335576448,121,rs_trailing_30m
rs_trailing_30m_002841,NVDA,2026-07-10 15:24:00+00:00,210.56,207.66,5.824760967555348,1.5515738821872724,121,rs_trailing_30m
rs_trailing_30m_002842,NVDA,2026-07-10 16:23:00+00:00,210.8799,209.41,1.6538795300957976,3.2091681220102672,121,rs_trailing_30m
rs_trailing_30m_002843,NVDA,2026-07-13 14:02:00+00:00,206.27,209.58,5.144819684489393,2.3906257580788606,121,rs_trailing_30m
rs_trailing_30m_002844,NVDA,2026-07-13 14:23:00+00:00,209.23,205.76,0.7069859424375751,5.503751324039634,121,rs_trailing_30m
rs_trailing_30m_002845,NVDA,2026-07-13 16:01:00+00:00,203.47,206.64,11.955861715336408,1.0906379878017156,121,rs_trailing_30m
rs_trailing_30m_002846,NVDA,2026-07-14 14:00:00+00:00,204.06,209.3188,1.7966238618578696,11.700641230625463,121,rs_trailing_30m
rs_trailing_30m_002847,NVDA,2026-07-14 14:32:00+00:00,209.7248,205.57,7.707393096250782,1.3518682017866734,121,rs_trailing_30m
rs_trailing_30m_002848,NVDA,2026-07-14 16:43:00+00:00,212.55,209.8,8.562071116655465,1.5001919477900454,121,rs_trailing_30m
rs_trailing_30m_002849,NVDA,2026-07-14 17:00:00+00:00,212.55,210.51,5.621290869548896,2.0236647130376793,121,rs_trailing_30m
rs_trailing_30m_002850,NVDA,2026-07-15 14:02:00+00:00,208.1,211.97,7.633780066529654,1.8047914534287608,121,rs_trailing_30m
rs_trailing_30m_002851,NVDA,2026-07-15 14:25:00+00:00,206.52,210.82,6.049369408213662,2.0289810437486526,121,rs_trailing_30m
rs_trailing_30m_002852,NVDA,2026-07-15 15:17:00+00:00,206.04,209.74,6.599319272631669,2.6672770494697007,121,rs_trailing_30m
rs_trailing_30m_002853,NVDA,2026-07-15 16:04:00+00:00,206.04,211.0,6.17995754053854,11.04059830275988,121,rs_trailing_30m
rs_trailing_30m_002854,NVDA,2026-07-15 17:06:00+00:00,211.93,207.65,13.023912757849544,1.2689966276878872,121,rs_trailing_30m
rs_trailing_30m_002855,NVDA,2026-07-15 19:05:00+00:00,212.5693,210.41,5.15005710352153,5.153397268417838,56,rs_trailing_30m
rs_trailing_30m_002856,NVDA,2026-07-16 14:00:00+00:00,205.845,209.27,4.137069020279113,3.669796761790323,121,rs_trailing_30m
rs_trailing_30m_002857,NVDA,2026-07-16 14:45:00+00:00,205.845,208.17,4.694355190606047,0.9316117259707668,121,rs_trailing_30m
rs_trailing_30m_002858,NVDA,2026-07-16 15:38:00+00:00,208.17,206.4644,1.931903448679033,3.1374112006548542,121,rs_trailing_30m
rs_trailing_30m_002859,NVDA,2026-07-17 14:00:00+00:00,201.52,206.2,1.7437640791790479,8.029668125082157,121,rs_trailing_30m
rs_trailing_30m_002860,NVDA,2026-07-17 15:33:00+00:00,206.645,203.87,5.262871705266666,0.8734597998236203,121,rs_trailing_30m
rs_trailing_30m_002861,NVDA,2026-07-17 16:53:00+00:00,206.645,202.8,2.5625517664654516,11.413351130072822,121,rs_trailing_30m
rs_trailing_30m_002862,NVDA,2026-07-17 18:14:00+00:00,201.6301,203.9,9.232265662149745,1.220285500758057,107,rs_trailing_30m
rs_trailing_30m_002863,NVDA,2026-07-17 19:16:00+00:00,201.6301,203.82,0.3822438765977258,8.928944837099236,45,rs_trailing_30m
rs_trailing_30m_002864,NVDA,2026-07-20 14:19:00+00:00,204.58,206.535,1.197273570765443,3.058489758046365,121,rs_trailing_30m
rs_trailing_30m_002865,NVDA,2026-07-20 15:23:00+00:00,206.535,203.0426,0.8977370447109024,11.397387876655431,121,rs_trailing_30m
rs_trailing_30m_002866,NVDA,2026-07-20 16:42:00+00:00,203.0426,205.015,7.237931061625386,2.2327437598882733,121,rs_trailing_30m
rs_trailing_30m_002867,NVDA,2026-07-20 17:10:00+00:00,202.58,205.015,3.784170001007088,8.701539961665222,121,rs_trailing_30m
rs_trailing_30m_002868,NVDA,2026-07-21 14:00:00+00:00,204.01,206.82,4.629135163999551,3.400414101950271,121,rs_trailing_30m
rs_trailing_30m_002869,NVDA,2026-07-21 16:32:00+00:00,204.85,206.965,0.5519536720850465,9.599194297130484,121,rs_trailing_30m
rs_trailing_30m_002870,NVDA,2026-07-21 17:16:00+00:00,207.345,205.67,5.573653265534842,3.446510231828399,121,rs_trailing_30m
rs_trailing_30m_002871,NVDA,2026-07-22 14:00:00+00:00,213.61,206.45,19.513644456890997,3.5622625758834494,121,rs_trailing_30m
rs_trailing_30m_002872,NVDA,2026-07-22 14:23:00+00:00,206.45,214.26,0.47213237630447974,18.934993197053583,121,rs_trailing_30m
rs_trailing_30m_002873,NVDA,2026-07-22 14:39:00+00:00,214.32,207.12,18.54652599168128,1.697396683167545,121,rs_trailing_30m
rs_trailing_30m_002874,NVDA,2026-07-22 16:14:00+00:00,214.39,213.2,2.8673428717435225,0.8419059785389473,121,rs_trailing_30m
rs_trailing_30m_002875,NVDA,2026-07-22 19:35:00+00:00,211.72,213.63,4.6509913551327875,5.721957603652275,26,rs_trailing_30m
rs_trailing_30m_002876,NVDA,2026-07-23 15:09:00+00:00,205.96,210.39,2.144285012451449,9.300513307018498,121,rs_trailing_30m
rs_trailing_30m_002877,NVDA,2026-07-23 15:52:00+00:00,210.43,207.64,8.44171057148063,0.8308770247520239,121,rs_trailing_30m
rs_trailing_30m_002878,NVDA,2026-07-23 19:04:00+00:00,206.89,209.0,1.7909123392083568,9.159029810109619,57,rs_trailing_30m
rs_trailing_30m_002879,NVDA,2026-07-24 14:23:00+00:00,211.9099,207.1,6.987250968280946,2.296977444751045,121,rs_trailing_30m
rs_trailing_30m_002880,NVDA,2026-07-24 15:00:00+00:00,211.9099,208.59,4.721275579860591,2.8329018733078697,121,rs_trailing_30m
rs_trailing_30m_002881,NVDA,2026-07-24 16:04:00+00:00,211.9099,209.52,2.891754037970747,3.880419382260757,121,rs_trailing_30m
rs_trailing_30m_002882,NVDA,2026-07-24 18:24:00+00:00,204.81,208.64,18.641642963562475,1.1360558038736124,97,rs_trailing_30m
rs_trailing_30m_002883,NVDA,2026-07-27 14:00:00+00:00,195.92,202.929,13.39117477929664,2.0715507607511374,121,rs_trailing_30m
rs_trailing_30m_002884,NVDA,2026-07-27 15:08:00+00:00,195.58,198.6,6.126332367348736,0.4080759640043908,121,rs_trailing_30m
rs_trailing_30m_002885,NVDA,2026-07-27 16:01:00+00:00,198.54,195.44,2.067271032788102,6.365018706216084,121,rs_trailing_30m
rs_trailing_30m_002886,NVDA,2026-07-27 16:35:00+00:00,195.44,197.83,4.7163489788973525,2.7983670608124758,121,rs_trailing_30m
rs_trailing_30m_002887,NVDA,2026-07-27 17:17:00+00:00,195.44,197.83,0.6203340352220371,8.100832695251722,121,rs_trailing_30m
rs_trailing_30m_002888,NVDA,2026-07-28 14:22:00+00:00,192.75,198.7,0.2688771462203848,9.141822971493756,121,rs_trailing_30m
rs_trailing_30m_002889,NVDA,2026-07-28 15:47:00+00:00,198.7,196.6,0.5710419600950318,4.879813113539376,121,rs_trailing_30m
rs_trailing_30m_002890,NVDA,2026-07-28 16:30:00+00:00,196.6,198.245,0.4095769383565617,5.2050402582811275,121,rs_trailing_30m
rs_trailing_30m_002891,NVDA,2026-07-29 14:00:00+00:00,190.923,193.65,5.684356618863068,0.7825772566645349,121,rs_trailing_30m
rs_trailing_30m_002892,NVDA,2026-07-29 14:57:00+00:00,193.16,190.68,2.7399648249433337,3.6100143974279044,121,rs_trailing_30m
rs_trailing_30m_002893,NVDA,2026-07-29 18:07:00+00:00,196.3299,189.9,8.510095909683708,14.38586864518262,114,rs_trailing_30m
rs_trailing_30m_002894,NVDA,2026-07-29 18:42:00+00:00,196.3299,189.9,4.070517416302055,13.61515049036754,79,rs_trailing_30m
rs_trailing_30m_002895,NVDA,2026-07-29 19:25:00+00:00,189.9,193.755,7.378807999525189,1.9429369908629768,36,rs_trailing_30m
rs_trailing_30m_002896,NVDA,2026-07-30 14:00:00+00:00,197.25,192.73,3.064257946490159,7.271895723760226,121,rs_trailing_30m
rs_trailing_30m_002897,NVDA,2026-07-30 14:54:00+00:00,192.68,195.325,5.808354542147315,1.1751891480111671,121,rs_trailing_30m
rs_trailing_30m_002898,NVDA,2026-07-30 16:41:00+00:00,192.68,194.07,0.99179279094562,5.002085380421596,121,rs_trailing_30m
rs_trailing_30m_002899,NVDA,2026-07-31 14:04:00+00:00,194.95,198.93,2.5698373772111838,5.745571371813537,121,rs_trailing_30m
rs_trailing_30m_002900,NVDA,2026-07-31 15:16:00+00:00,195.23,199.03,3.9190030476103845,4.470975307837198,121,rs_trailing_30m
rs_trailing_30m_002901,NVDA,2026-07-31 16:28:00+00:00,199.97,197.5,8.122527310305205,0.7744316504282263,121,rs_trailing_30m
rs_trailing_30m_002902,NVDA,2026-07-31 17:37:00+00:00,201.12,198.26,6.4935064935083116,8.982683982686352,121,rs_trailing_30m
rs_trailing_30m_002903,NVDA,2026-07-31 19:19:00+00:00,202.0,199.88,7.920895522388419,3.3009024644222933,42,rs_trailing_30m
rs_trailing_30m_002904,NVDA,2026-08-03 14:00:00+00:00,207.4,201.51,11.200835814273661,2.0867619593561444,121,rs_trailing_30m
rs_trailing_30m_002905,NVDA,2026-08-03 17:27:00+00:00,208.74,207.57,0.8670699963573659,5.473379352006094,121,rs_trailing_30m
rs_trailing_30m_002906,NVDA,2026-08-04 14:01:00+00:00,209.05,211.0399,2.2563149306298103,2.2250116293665045,121,rs_trailing_30m
rs_trailing_30m_002907,NVDA,2026-08-04 14:57:00+00:00,209.05,210.95,0.08259501812128489,5.148422796226497,121,rs_trailing_30m
rs_trailing_30m_002908,NVDA,2026-08-04 15:18:00+00:00,209.62,211.42,1.4662443313231672,4.3987329939695945,121,rs_trailing_30m
rs_trailing_30m_002909,NVDA,2026-08-04 18:34:00+00:00,213.06,211.56,1.4544459064453226,6.625809129361719,87,rs_trailing_30m
rs_trailing_30m_002910,NVDA,2026-08-05 14:00:00+00:00,222.22,218.34,1.9573878650955316,4.915612059402862,121,rs_trailing_30m
rs_trailing_30m_002911,NVDA,2026-08-05 15:37:00+00:00,221.6,218.44,3.5677982509928317,4.207541385653668,121,rs_trailing_30m
rs_trailing_30m_002912,NVDA,2026-08-05 16:24:00+00:00,221.6,220.14,2.7210577491758676,1.7426999067756483,121,rs_trailing_30m
rs_trailing_30m_002913,NVDA,2026-08-05 19:44:00+00:00,218.84,220.53,7.2050865347569655,1.4307973260510378,17,rs_trailing_30m
rs_trailing_30m_002914,NVDA,2026-08-06 14:02:00+00:00,222.63,217.27,0.3164020761508966,10.98969877830735,121,rs_trailing_30m
rs_trailing_30m_002915,NVDA,2026-08-06 16:23:00+00:00,220.91,217.39,7.43598776512112,4.570744773056099,121,rs_trailing_30m
rs_trailing_30m_002916,NVDA,2026-08-06 18:20:00+00:00,220.68,217.0,0.9593165070482115,13.450008986573662,101,rs_trailing_30m
rs_trailing_30m_002917,NVDA,2026-08-07 14:01:00+00:00,224.76,220.93,6.260546530665454,3.5463627586796003,121,rs_trailing_30m
rs_trailing_30m_002918,NVDA,2026-08-07 14:52:00+00:00,224.76,221.96,3.160992588826553,3.5188408064295755,121,rs_trailing_30m
rs_trailing_30m_002919,NVDA,2026-08-10 14:00:00+00:00,218.76,222.43,8.85056077033876,1.5936701065561747,121,rs_trailing_30m
rs_trailing_30m_002920,NVDA,2026-08-10 15:18:00+00:00,216.77,220.64,7.919451351747845,5.4828036470557135,121,rs_trailing_30m
rs_trailing_30m_002921,NVDA,2026-08-10 16:33:00+00:00,216.77,219.045,4.059154897257556,3.9016876814156114,121,rs_trailing_30m
rs_trailing_30m_002922,NVDA,2026-08-11 14:00:00+00:00,218.42,220.56,3.280912310126006,2.1383161119716023,121,rs_trailing_30m
rs_trailing_30m_002923,NVDA,2026-08-11 17:09:00+00:00,216.2,217.84,7.895242428836316,2.220536933110296,121,rs_trailing_30m
rs_trailing_30m_002924,NVDA,2026-08-12 14:00:00+00:00,225.1,222.42,2.8528184828390315,3.599125427716757,121,rs_trailing_30m
rs_trailing_30m_002925,NVDA,2026-08-13 14:02:00+00:00,223.71,226.48,4.241931786049173,2.214549914789443,121,rs_trailing_30m
rs_trailing_30m_002926,NVDA,2026-08-13 15:07:00+00:00,223.71,225.595,3.0446085057715417,4.926345707255316,121,rs_trailing_30m
rs_trailing_30m_002927,NVDA,2026-08-14 14:00:00+00:00,224.5,226.94,2.9580599034189294,4.208010553632398,121,rs_trailing_30m
rs_trailing_30m_002928,NVDA,2026-08-14 14:47:00+00:00,226.94,224.62,0.7073970592993076,6.925910743372147,121,rs_trailing_30m
rs_trailing_30m_002929,PANW,2026-07-01 14:00:00+00:00,358.1,349.13,6.357185310591928,1.2358842281576599,121,rs_trailing_30m
rs_trailing_30m_002930,PANW,2026-07-01 15:20:00+00:00,353.58,358.1,1.5942129757283097,5.016651841053168,121,rs_trailing_30m
rs_trailing_30m_002931,PANW,2026-07-01 16:46:00+00:00,357.06,351.45,1.6754812094055997,10.611380992902381,121,rs_trailing_30m
rs_trailing_30m_002932,PANW,2026-07-01 18:19:00+00:00,351.15,353.41,4.668220483297334,0.9887115768914844,102,rs_trailing_30m
rs_trailing_30m_002933,PANW,2026-07-02 14:00:00+00:00,357.3795,347.71,1.4976966627984718,5.302950381545184,121,rs_trailing_30m
rs_trailing_30m_002934,PANW,2026-07-02 15:47:00+00:00,351.59,347.0,0.2805858431687971,5.573455157490042,121,rs_trailing_30m
rs_trailing_30m_002935,PANW,2026-07-02 16:32:00+00:00,352.86,347.21,5.844335813371198,2.3902021780371667,121,rs_trailing_30m
rs_trailing_30m_002936,PANW,2026-07-02 16:50:00+00:00,353.8799,348.74,4.654049863082853,3.0877381854816988,121,rs_trailing_30m
rs_trailing_30m_002937,PANW,2026-07-02 18:06:00+00:00,353.8799,346.9,4.177188488138182,13.821674360405153,115,rs_trailing_30m
rs_trailing_30m_002938,PANW,2026-07-02 19:14:00+00:00,346.9,351.18,9.310206258066263,0.7778147000409323,47,rs_trailing_30m
rs_trailing_30m_002939,PANW,2026-07-06 14:00:00+00:00,368.17,356.66,2.6360438725129827,2.453851274714721,121,rs_trailing_30m
rs_trailing_30m_002940,PANW,2026-07-06 14:59:00+00:00,356.23,363.58,6.052222889735996,0.22637107491601427,121,rs_trailing_30m
rs_trailing_30m_002941,PANW,2026-07-06 17:55:00+00:00,352.77,356.84,8.338061587661766,3.3037602517149383,121,rs_trailing_30m
rs_trailing_30m_002942,PANW,2026-07-07 14:00:00+00:00,343.7654,349.9699,0.9236042898666732,1.9785038922855311,121,rs_trailing_30m
rs_trailing_30m_002943,PANW,2026-07-07 14:58:00+00:00,345.0,349.875,0.7248911795337276,3.245720618474111,121,rs_trailing_30m
rs_trailing_30m_002944,PANW,2026-07-07 15:26:00+00:00,350.2689,345.5,1.6154878596280615,2.919269956476658,121,rs_trailing_30m
rs_trailing_30m_002945,PANW,2026-07-07 15:46:00+00:00,350.2689,345.5,0.7560193009527489,3.99415256243822,121,rs_trailing_30m
rs_trailing_30m_002946,PANW,2026-07-07 16:26:00+00:00,350.42,346.01,2.2493885886317053,3.7808872021680777,121,rs_trailing_30m
rs_trailing_30m_002947,PANW,2026-07-07 17:04:00+00:00,344.02,350.42,6.050359099926784,6.7292772827567955,121,rs_trailing_30m
rs_trailing_30m_002948,PANW,2026-07-07 17:42:00+00:00,340.2107,350.42,12.230420671942692,8.042018365945449,121,rs_trailing_30m
rs_trailing_30m_002949,PANW,2026-07-07 18:48:00+00:00,336.0,347.72,22.876879797643078,1.2669321094597639,73,rs_trailing_30m
rs_trailing_30m_002950,PANW,2026-07-08 14:00:00+00:00,314.95,326.86,7.46324934483498,1.0712969534832748,121,rs_trailing_30m
rs_trailing_30m_002951,PANW,2026-07-08 14:59:00+00:00,314.95,321.9,3.7128720348226865,2.690219935901244,121,rs_trailing_30m
rs_trailing_30m_002952,PANW,2026-07-08 15:53:00+00:00,321.9,318.14,3.7400367872472042,1.4683107386970597,121,rs_trailing_30m
rs_trailing_30m_002953,PANW,2026-07-08 17:04:00+00:00,317.38,321.75,6.499253593188994,4.000464781020286,121,rs_trailing_30m
rs_trailing_30m_002954,PANW,2026-07-08 18:03:00+00:00,317.38,321.37,3.7251908396939064,5.682094888393986,118,rs_trailing_30m
rs_trailing_30m_002955,PANW,2026-07-08 19:30:00+00:00,321.37,318.785,2.0398963035451945,4.182088291928706,31,rs_trailing_30m
rs_trailing_30m_002956,PANW,2026-07-09 14:00:00+00:00,332.27,326.58,3.394762679895373,0.8319768493397898,121,rs_trailing_30m
rs_trailing_30m_002957,PANW,2026-07-09 16:11:00+00:00,335.44,331.6,6.818626159245946,3.137086559957213,121,rs_trailing_30m
rs_trailing_30m_002958,PANW,2026-07-09 16:34:00+00:00,336.54,331.6,7.043429980885958,7.762759000210331,121,rs_trailing_30m
rs_trailing_30m_002959,PANW,2026-07-09 17:07:00+00:00,332.44,337.64,1.1251383029439832,13.141428815584915,121,rs_trailing_30m
rs_trailing_30m_002960,PANW,2026-07-09 18:02:00+00:00,338.42,334.38,8.937072088302479,2.747643522293581,119,rs_trailing_30m
rs_trailing_30m_002961,PANW,2026-07-09 18:37:00+00:00,338.42,334.38,4.423244694712263,9.537621372973067,84,rs_trailing_30m
rs_trailing_30m_002962,PANW,2026-07-09 19:39:00+00:00,334.38,338.42,3.0478533935766907,10.192283929057504,22,rs_trailing_30m
rs_trailing_30m_002963,PANW,2026-07-10 14:00:00+00:00,324.11,337.64,12.246863102380637,1.783624431506717,121,rs_trailing_30m
rs_trailing_30m_002964,PANW,2026-07-10 16:03:00+00:00,323.85,327.36,2.911171374511255,3.0995412869796546,121,rs_trailing_30m
rs_trailing_30m_002965,PANW,2026-07-10 17:37:00+00:00,327.36,324.14,0.6375591889411241,8.288269456233982,121,rs_trailing_30m
rs_trailing_30m_002966,PANW,2026-07-13 14:00:00+00:00,320.2,329.7499,1.1478786214471914,7.156762323218439,121,rs_trailing_30m
rs_trailing_30m_002967,PANW,2026-07-13 15:32:00+00:00,330.11,327.75,2.5418351595274133,2.002658004476194,121,rs_trailing_30m
rs_trailing_30m_002968,PANW,2026-07-13 19:39:00+00:00,325.37,331.08,0.3081188474446865,19.240310251551342,22,rs_trailing_30m
rs_trailing_30m_002969,PANW,2026-07-14 14:00:00+00:00,353.6799,343.45,3.735300568066794,3.0100526210921537,121,rs_trailing_30m
rs_trailing_30m_002970,PANW,2026-07-14 14:38:00+00:00,353.6799,347.07,3.1266485981698,2.1322217468879967,121,rs_trailing_30m
rs_trailing_30m_002971,PANW,2026-07-14 15:35:00+00:00,353.6799,349.65,1.3513251462126454,4.504901552058656,121,rs_trailing_30m
rs_trailing_30m_002972,PANW,2026-07-14 16:06:00+00:00,349.65,353.5,1.461726119986527,5.7997520244623955,121,rs_trailing_30m
rs_trailing_30m_002973,PANW,2026-07-14 16:47:00+00:00,353.5,349.99,1.6125633621187945,5.730583240160517,121,rs_trailing_30m
rs_trailing_30m_002974,PANW,2026-07-14 17:25:00+00:00,353.5,349.78,1.5734285340460814,6.909403562550274,121,rs_trailing_30m
rs_trailing_30m_002975,PANW,2026-07-14 18:30:00+00:00,349.78,353.61,2.050108791444239,9.582360351120778,91,rs_trailing_30m
rs_trailing_30m_002976,PANW,2026-07-14 19:35:00+00:00,353.61,350.505,2.507638594117049,4.735354740518825,26,rs_trailing_30m
rs_trailing_30m_002977,PANW,2026-07-15 14:00:00+00:00,361.2,353.1116,1.6625073732926672,4.209555787467415,121,rs_trailing_30m
rs_trailing_30m_002978,PANW,2026-07-15 15:54:00+00:00,359.19,354.17,2.4132539231859247,5.827926141027369,121,rs_trailing_30m
rs_trailing_30m_002979,PANW,2026-07-15 17:21:00+00:00,353.77,357.98,0.8757434590256442,6.648501362398694,121,rs_trailing_30m
rs_trailing_30m_002980,PANW,2026-07-15 18:19:00+00:00,357.98,353.77,1.3925123923817528,10.571726734000126,102,rs_trailing_30m
rs_trailing_30m_002981,PANW,2026-07-15 19:03:00+00:00,353.77,356.14,2.473878175797557,3.5395487746025296,58,rs_trailing_30m
rs_trailing_30m_002982,PANW,2026-07-16 14:00:00+00:00,351.53,360.44,0.28225125763872455,5.433336709544754,121,rs_trailing_30m
rs_trailing_30m_002983,PANW,2026-07-16 15:12:00+00:00,347.04,359.12,7.982880354993257,6.3459747249947025,121,rs_trailing_30m
rs_trailing_30m_002984,PANW,2026-07-16 16:16:00+00:00,356.66,347.04,0.3969415975272879,15.51380077002424,121,rs_trailing_30m
rs_trailing_30m_002985,PANW,2026-07-17 14:00:00+00:00,368.8,360.07,3.5921133018606968,0.8686475978894904,121,rs_trailing_30m
rs_trailing_30m_002986,PANW,2026-07-17 17:30:00+00:00,363.04,354.62,0.05196420433017608,21.824965818631714,121,rs_trailing_30m
rs_trailing_30m_002987,PANW,2026-07-17 17:58:00+00:00,354.62,359.91,10.443840006746488,3.164020494654769,121,rs_trailing_30m
rs_trailing_30m_002988,PANW,2026-07-20 14:00:00+00:00,364.73,356.09,2.1439290021448505,4.378446553676063,121,rs_trailing_30m
rs_trailing_30m_002989,PANW,2026-07-20 15:15:00+00:00,360.33,357.02,2.1497615040602907,1.6554313186346559,121,rs_trailing_30m
rs_trailing_30m_002990,PANW,2026-07-20 17:10:00+00:00,361.22,354.58,4.628635545402526,11.719311274529451,121,rs_trailing_30m
rs_trailing_30m_002991,PANW,2026-07-20 18:55:00+00:00,348.36,357.87,20.772132386721257,0.7232951429543701,66,rs_trailing_30m
rs_trailing_30m_002992,PANW,2026-07-21 14:00:00+00:00,334.03,344.25,5.724529016321025,0.8787087429115868,121,rs_trailing_30m
rs_trailing_30m_002993,PANW,2026-07-21 14:53:00+00:00,334.03,345.0,1.679145281240291,7.666478125764277,121,rs_trailing_30m
rs_trailing_30m_002994,PANW,2026-07-21 15:36:00+00:00,345.0,336.51,11.344390524461412,1.0665516373701223,121,rs_trailing_30m
rs_trailing_30m_002995,PANW,2026-07-21 18:05:00+00:00,343.3,338.0,11.001479812331327,2.5900919837889247,116,rs_trailing_30m
rs_trailing_30m_002996,PANW,2026-07-21 19:10:00+00:00,343.3,339.73,9.155015063393995,2.8609422073104795,51,rs_trailing_30m
rs_trailing_30m_002997,PANW,2026-07-22 14:00:00+00:00,332.74,339.47,1.853456298093124,2.2497545197249376,121,rs_trailing_30m
rs_trailing_30m_002998,PANW,2026-07-22 17:15:00+00:00,338.82,333.02,3.3694610046044766,10.589734585900038,121,rs_trailing_30m
rs_trailing_30m_002999,PANW,2026-07-22 17:58:00+00:00,333.02,335.96,4.0943465695271595,1.7490412530018824,121,rs_trailing_30m
rs_trailing_30m_003000,PANW,2026-07-23 14:00:00+00:00,321.87,326.31,2.037600816223375,0.8073512668054807,121,rs_trailing_30m
rs_trailing_30m_003001,PANW,2026-07-23 14:52:00+00:00,322.13,326.31,0.5601978456640521,4.170361739943463,121,rs_trailing_30m
rs_trailing_30m_003002,PANW,2026-07-23 15:16:00+00:00,326.31,323.29,4.076412572586841,0.6403559979925159,121,rs_trailing_30m
rs_trailing_30m_003003,PANW,2026-07-23 16:20:00+00:00,323.19,326.26,2.717474721382366,4.293153341343568,121,rs_trailing_30m
rs_trailing_30m_003004,PANW,2026-07-23 19:34:00+00:00,326.61,324.725,1.0025704170326513,5.193643471841106,27,rs_trailing_30m
rs_trailing_30m_003005,PANW,2026-07-24 14:00:00+00:00,323.78,327.62,1.1793103448277704,2.225615763547069,121,rs_trailing_30m
rs_trailing_30m_003006,PANW,2026-07-24 15:02:00+00:00,323.89,328.8599,0.23839641847592077,7.162018073613262,121,rs_trailing_30m
rs_trailing_30m_003007,PANW,2026-07-24 16:24:00+00:00,328.8599,325.76,4.4955515077499095,5.459273921833547,121,rs_trailing_30m
rs_trailing_30m_003008,PANW,2026-07-27 14:00:00+00:00,330.76,322.39,0.5745839044447578,7.073741922849343,121,rs_trailing_30m
rs_trailing_30m_003009,PANW,2026-07-27 15:23:00+00:00,327.27,317.6,2.1088606719710445,12.457341255143417,121,rs_trailing_30m
rs_trailing_30m_003010,PANW,2026-07-27 16:23:00+00:00,317.18,325.24,14.505277810002703,3.316755596799397,121,rs_trailing_30m
rs_trailing_30m_003011,PANW,2026-07-27 17:16:00+00:00,317.18,322.045,4.4038367472925595,3.358723316322807,121,rs_trailing_30m
rs_trailing_30m_003012,PANW,2026-07-27 18:22:00+00:00,316.7,320.49,3.5805421169367055,3.5616971584264228,99,rs_trailing_30m
rs_trailing_30m_003013,PANW,2026-07-27 19:31:00+00:00,316.7,318.865,5.152891094383132,1.3615668439172266,30,rs_trailing_30m
rs_trailing_30m_003014,PANW,2026-07-28 14:00:00+00:00,308.54,321.215,1.698191357172458,7.051636062405187,121,rs_trailing_30m
rs_trailing_30m_003015,PANW,2026-07-28 16:14:00+00:00,323.395,318.88,4.113040135814526,4.708991319388737,121,rs_trailing_30m
rs_trailing_30m_003016,PANW,2026-07-28 17:14:00+00:00,318.88,323.395,0.8173575579521104,12.850677161136836,121,rs_trailing_30m
rs_trailing_30m_003017,PANW,2026-07-28 18:04:00+00:00,323.395,318.29,2.474544049236015,12.475216153545292,117,rs_trailing_30m
rs_trailing_30m_003018,PANW,2026-07-28 18:33:00+00:00,322.88,318.29,1.0482021115896714,10.140746009797514,88,rs_trailing_30m
rs_trailing_30m_003019,PANW,2026-07-28 19:20:00+00:00,318.29,321.63,5.0677956106814905,4.944293197834092,41,rs_trailing_30m
rs_trailing_30m_003020,PANW,2026-07-29 14:00:00+00:00,312.46,316.6405,0.9299349066686534,2.0720673152064455,121,rs_trailing_30m
rs_trailing_30m_003021,PANW,2026-07-29 16:07:00+00:00,310.46,317.69,3.9150092685220312,11.898128726681339,120,rs_trailing_30m
rs_trailing_30m_003022,PANW,2026-07-29 16:50:00+00:00,319.98,313.05,14.253285083215365,0.5556003180863354,120,rs_trailing_30m
rs_trailing_30m_003023,PANW,2026-07-29 17:48:00+00:00,319.98,311.67,10.623527163875144,10.54709891089755,121,rs_trailing_30m
rs_trailing_30m_003024,PANW,2026-07-29 18:35:00+00:00,319.98,311.67,8.262934364310249,9.783053695457967,86,rs_trailing_30m
rs_trailing_30m_003025,PANW,2026-07-29 19:44:00+00:00,311.67,315.36,2.301132032165898,3.8492208569347928,17,rs_trailing_30m
rs_trailing_30m_003026,PANW,2026-07-30 14:01:00+00:00,313.17,323.245,2.050895439719313,4.61451473936852,121,rs_trailing_30m
rs_trailing_30m_003027,PANW,2026-07-30 14:53:00+00:00,323.245,316.02,6.87626871688977,0.9168358289186606,121,rs_trailing_30m
rs_trailing_30m_003028,PANW,2026-07-30 16:07:00+00:00,317.58,324.463,2.304389222577717,7.639881008771652,121,rs_trailing_30m
rs_trailing_30m_003029,PANW,2026-07-30 16:50:00+00:00,325.1199,319.15,8.793893599119691,2.99058313377783,121,rs_trailing_30m
rs_trailing_30m_003030,PANW,2026-07-30 17:28:00+00:00,325.1199,321.53,7.171835968250489,0.2910394607250618,121,rs_trailing_30m
rs_trailing_30m_003031,PANW,2026-07-31 14:01:00+00:00,319.48,327.82,5.276597057756763,0.8354612008114788,121,rs_trailing_30m
rs_trailing_30m_003032,PANW,2026-07-31 16:52:00+00:00,333.9799,328.705,14.567690301456816,1.8872893707320646,121,rs_trailing_30m
rs_trailing_30m_003033,PANW,2026-08-03 14:04:00+00:00,339.85,334.27,2.4470220142167753,1.6533932528491522,121,rs_trailing_30m
rs_trailing_30m_003034,PANW,2026-08-03 16:01:00+00:00,343.99,338.72,8.545153384810934,1.352200096057935,121,rs_trailing_30m
rs_trailing_30m_003035,PANW,2026-08-03 16:46:00+00:00,345.975,340.75,10.820031525737182,0.7294403275777466,121,rs_trailing_30m
rs_trailing_30m_003036,PANW,2026-08-03 18:11:00+00:00,347.7,344.11,7.925521497593387,2.5350013613626317,110,rs_trailing_30m
rs_trailing_30m_003037,PANW,2026-08-04 14:00:00+00:00,365.08,358.7201,1.5731776079156612,3.7769385722794593,121,rs_trailing_30m
rs_trailing_30m_003038,PANW,2026-08-04 17:46:00+00:00,359.165,367.01,0.1341425869726812,23.25138174195259,121,rs_trailing_30m
rs_trailing_30m_003039,PANW,2026-08-04 19:16:00+00:00,367.5,363.56,8.63572014007939,0.7894148604504295,45,rs_trailing_30m
rs_trailing_30m_003040,PANW,2026-08-05 14:00:00+00:00,362.84,373.97,4.002653722815173,3.785726685389874,121,rs_trailing_30m
rs_trailing_30m_003041,PANW,2026-08-05 15:44:00+00:00,363.0,366.15,0.7420073767305535,4.63114948924925,121,rs_trailing_30m
rs_trailing_30m_003042,PANW,2026-08-05 16:04:00+00:00,366.53,363.0,3.617844249613432,3.3229112944819432,121,rs_trailing_30m
rs_trailing_30m_003043,PANW,2026-08-05 17:16:00+00:00,366.84,364.22,4.058620629277825,2.9371596659246855,121,rs_trailing_30m
rs_trailing_30m_003044,PANW,2026-08-05 19:26:00+00:00,362.22,365.489,3.8362979302581195,5.522551274229813,35,rs_trailing_30m
rs_trailing_30m_003045,PANW,2026-08-06 14:00:00+00:00,349.0,361.09,0.4502872746218672,8.623001309008394,121,rs_trailing_30m
rs_trailing_30m_003046,PANW,2026-08-06 16:22:00+00:00,352.25,357.86,3.6267219518876397,8.100027414158209,121,rs_trailing_30m
rs_trailing_30m_003047,PANW,2026-08-06 17:02:00+00:00,357.86,354.75,3.867216709351578,2.9857997955393003,121,rs_trailing_30m
rs_trailing_30m_003048,PANW,2026-08-06 17:48:00+00:00,357.86,353.16,1.346173602365037,9.562474554730157,121,rs_trailing_30m
rs_trailing_30m_003049,PANW,2026-08-06 19:23:00+00:00,353.16,359.69,1.2226304398520451,15.074117411207743,38,rs_trailing_30m
rs_trailing_30m_003050,PANW,2026-08-07 14:00:00+00:00,370.5,359.15,0.11705958913954742,9.045880664198608,121,rs_trailing_30m
rs_trailing_30m_003051,PANW,2026-08-07 15:22:00+00:00,365.7197,362.08,4.529706208811455,1.4228416079958068,121,rs_trailing_30m
rs_trailing_30m_003052,PANW,2026-08-07 16:40:00+00:00,365.7197,361.715,4.456933558908907,9.600467262830525,121,rs_trailing_30m
rs_trailing_30m_003053,PANW,2026-08-07 17:57:00+00:00,361.34,364.73,3.5570307988188095,8.037521516561652,121,rs_trailing_30m
rs_trailing_30m_003054,PANW,2026-08-10 14:00:00+00:00,382.94,377.52,2.1558980807559416,0.8712955974039539,121,rs_trailing_30m
rs_trailing_30m_003055,PANW,2026-08-10 15:13:00+00:00,383.79,379.48,4.923507315194721,1.7811740524163757,121,rs_trailing_30m
rs_trailing_30m_003056,PANW,2026-08-10 16:37:00+00:00,383.895,379.7301,0.7838276032787634,8.817829999356393,121,rs_trailing_30m
rs_trailing_30m_003057,PANW,2026-08-10 17:57:00+00:00,379.7301,384.77,3.558411719352415,12.243896170650178,121,rs_trailing_30m
rs_trailing_30m_003058,PANW,2026-08-11 14:02:00+00:00,384.84,381.23,0.8747037264825015,1.5922341271127016,121,rs_trailing_30m
rs_trailing_30m_003059,PANW,2026-08-11 16:36:00+00:00,380.82,387.2,3.2243493637799507,15.476876946143364,121,rs_trailing_30m
rs_trailing_30m_003060,PANW,2026-08-11 16:57:00+00:00,387.2,380.82,7.497582445393171,10.08865873166893,121,rs_trailing_30m
rs_trailing_30m_003061,PANW,2026-08-11 18:12:00+00:00,380.82,386.24,9.151323082852848,10.768424350505546,109,rs_trailing_30m
rs_trailing_30m_003062,PANW,2026-08-12 14:01:00+00:00,386.565,382.21,2.644792610237015,0.9267025269977656,121,rs_trailing_30m
rs_trailing_30m_003063,PANW,2026-08-12 15:03:00+00:00,379.8255,385.67,4.154530579096639,4.411761172369248,121,rs_trailing_30m
rs_trailing_30m_003064,PANW,2026-08-12 16:47:00+00:00,378.46,386.08,13.058103975537973,9.868797474599972,121,rs_trailing_30m
rs_trailing_30m_003065,PANW,2026-08-12 17:40:00+00:00,387.79,381.32,13.013933152475435,1.8361810444409992,121,rs_trailing_30m
rs_trailing_30m_003066,PANW,2026-08-12 19:05:00+00:00,389.25,385.51,5.991562108593221,4.03458656529428,56,rs_trailing_30m
rs_trailing_30m_003067,PANW,2026-08-13 14:00:00+00:00,398.4633,389.55,0.7028150496558584,6.270803320707622,121,rs_trailing_30m
rs_trailing_30m_003068,PANW,2026-08-13 15:00:00+00:00,389.23,393.865,5.857396544512387,0.4343839847610486,121,rs_trailing_30m
rs_trailing_30m_003069,PANW,2026-08-13 16:24:00+00:00,389.23,393.57,0.3500464630682214,9.451254502843646,121,rs_trailing_30m
rs_trailing_30m_003070,PANW,2026-08-13 16:59:00+00:00,395.11,390.3758,7.568305045831045,5.182538280849812,121,rs_trailing_30m
rs_trailing_30m_003071,PANW,2026-08-13 18:11:00+00:00,396.5,392.555,11.777045697336433,2.584761188596164,110,rs_trailing_30m
rs_trailing_30m_003072,PANW,2026-08-13 19:20:00+00:00,396.5,393.2,0.9212458133882515,6.775238197197521,41,rs_trailing_30m
rs_trailing_30m_003073,PANW,2026-08-14 14:00:00+00:00,382.48,390.0,3.965491404149889,1.3124723762407684,121,rs_trailing_30m
rs_trailing_30m_003074,PANW,2026-08-14 16:03:00+00:00,387.4599,383.35,1.4363167537493462,8.570664473974693,121,rs_trailing_30m
rs_trailing_30m_003075,PANW,2026-08-14 16:34:00+00:00,383.35,385.8099,3.519166035407378,4.008483121548098,121,rs_trailing_30m
rs_trailing_30m_003076,PANW,2026-08-14 19:20:00+00:00,380.0,385.4347,8.65442527048054,10.434131960639911,41,rs_trailing_30m
rs_trailing_30m_003077,PEP,2026-07-01 14:00:00+00:00,140.335,139.04,3.502327587872134,0.08305915228155476,121,rs_trailing_30m
rs_trailing_30m_003078,PEP,2026-07-01 15:17:00+00:00,139.46,140.53,2.0563511999913295,5.0413771354625165,121,rs_trailing_30m
rs_trailing_30m_003079,PEP,2026-07-01 19:23:00+00:00,140.21,141.32,4.279617250989223,8.91586927289458,38,rs_trailing_30m
rs_trailing_30m_003080,PEP,2026-07-02 14:06:00+00:00,142.1599,144.65,1.2355491329479975,4.568338616446075,121,rs_trailing_30m
rs_trailing_30m_003081,PEP,2026-07-02 16:56:00+00:00,144.15,143.35,0.1258423875671837,6.585751616009429,121,rs_trailing_30m
rs_trailing_30m_003082,PEP,2026-07-02 19:20:00+00:00,144.74,144.09,2.1290574250111027,6.011456258854187,41,rs_trailing_30m
rs_trailing_30m_003083,PEP,2026-07-06 14:00:00+00:00,141.38,142.29,2.01385346912587,0.6811563204395953,121,rs_trailing_30m
rs_trailing_30m_003084,PEP,2026-07-06 17:01:00+00:00,143.41,142.54,8.92899245520558,1.4981530965109942,121,rs_trailing_30m
rs_trailing_30m_003085,PEP,2026-07-07 14:00:00+00:00,149.04,146.28,3.444924966804326,5.358772170584608,121,rs_trailing_30m
rs_trailing_30m_003086,PEP,2026-07-07 14:38:00+00:00,149.04,145.9,1.0874004161616138,11.328735244737956,121,rs_trailing_30m
rs_trailing_30m_003087,PEP,2026-07-07 15:05:00+00:00,145.665,147.59,9.474625291485875,0.20105305658321257,121,rs_trailing_30m
rs_trailing_30m_003088,PEP,2026-07-08 14:00:00+00:00,143.37,144.94,0.15630260183709854,4.751599095849448,121,rs_trailing_30m
rs_trailing_30m_003089,PEP,2026-07-08 14:44:00+00:00,144.94,143.77,1.4597885101481283,3.8775632300810225,121,rs_trailing_30m
rs_trailing_30m_003090,PEP,2026-07-08 15:27:00+00:00,144.92,143.475,2.063102622014717,8.042603441752668,121,rs_trailing_30m
rs_trailing_30m_003091,PEP,2026-07-08 16:20:00+00:00,143.43,144.27,6.009484906156809,1.9188444815796688,121,rs_trailing_30m
rs_trailing_30m_003092,PEP,2026-07-08 19:45:00+00:00,142.44,143.55,7.905832171276593,3.2023623984920326,16,rs_trailing_30m
rs_trailing_30m_003093,PEP,2026-07-09 14:00:00+00:00,134.87,138.04,1.2186522778833504,6.0702679502113615,121,rs_trailing_30m
rs_trailing_30m_003094,PEP,2026-07-09 15:18:00+00:00,138.56,137.02,5.694881745624821,1.1836420883062693,121,rs_trailing_30m
rs_trailing_30m_003095,PEP,2026-07-09 15:36:00+00:00,138.56,137.02,4.906988436399977,3.3789350198016397,121,rs_trailing_30m
rs_trailing_30m_003096,PEP,2026-07-09 16:35:00+00:00,138.74,137.11,4.4382323657807214,5.080608102932926,121,rs_trailing_30m
rs_trailing_30m_003097,PEP,2026-07-09 18:30:00+00:00,136.33,137.9886,9.280350612736306,4.841107668258732,91,rs_trailing_30m
rs_trailing_30m_003098,PEP,2026-07-09 19:14:00+00:00,137.9886,137.13,2.0237979546867866,3.8945703147072144,47,rs_trailing_30m
rs_trailing_30m_003099,PEP,2026-07-10 14:02:00+00:00,137.96,136.43,2.356777251184985,2.516018957346076,121,rs_trailing_30m
rs_trailing_30m_003100,PEP,2026-07-10 15:12:00+00:00,136.16,136.95,2.8082128717432027,2.1217608364279608,121,rs_trailing_30m
rs_trailing_30m_003101,PEP,2026-07-13 14:00:00+00:00,140.06,138.295,2.0771117747439574,5.640998293515325,121,rs_trailing_30m
rs_trailing_30m_003102,PEP,2026-07-13 15:24:00+00:00,138.19,138.87,1.9333856987336433,3.78271114969657,121,rs_trailing_30m
rs_trailing_30m_003103,PEP,2026-07-14 14:33:00+00:00,136.04,137.26,5.60351793414944,0.7263819544267001,121,rs_trailing_30m
rs_trailing_30m_003104,PEP,2026-07-14 15:23:00+00:00,135.72,136.62,5.7143410902804765,1.379323711447112,121,rs_trailing_30m
rs_trailing_30m_003105,PEP,2026-07-15 14:24:00+00:00,136.99,135.615,4.769889078143739,2.084832370902598,121,rs_trailing_30m
rs_trailing_30m_003106,PEP,2026-07-15 15:56:00+00:00,135.615,136.59,0.7952088094104298,8.326304004417231,121,rs_trailing_30m
rs_trailing_30m_003107,PEP,2026-07-15 16:24:00+00:00,136.59,135.8,0.29978867355805255,7.594646396803619,121,rs_trailing_30m
rs_trailing_30m_003108,PEP,2026-07-15 17:06:00+00:00,135.66,136.3021,1.6740386788497743,4.648903884028686,121,rs_trailing_30m
rs_trailing_30m_003109,PEP,2026-07-16 14:00:00+00:00,138.7,136.5,3.526216321452601,6.293626599048362,121,rs_trailing_30m
rs_trailing_30m_003110,PEP,2026-07-16 14:55:00+00:00,139.04,137.64,6.879360863424488,2.1216720419908235,121,rs_trailing_30m
rs_trailing_30m_003111,PEP,2026-07-16 16:22:00+00:00,139.41,138.455,5.701495474224089,3.8510101010109623,121,rs_trailing_30m
rs_trailing_30m_003112,PEP,2026-07-17 14:05:00+00:00,137.88,140.475,10.097831964996802,0.9586549333857463,121,rs_trailing_30m
rs_trailing_30m_003113,PEP,2026-07-17 15:53:00+00:00,136.18,138.39,19.14235453718774,0.9548442880781599,121,rs_trailing_30m
rs_trailing_30m_003114,PEP,2026-07-17 16:51:00+00:00,136.18,137.05,8.306758829916578,0.8411907675866289,121,rs_trailing_30m
rs_trailing_30m_003115,PEP,2026-07-17 18:17:00+00:00,137.28,136.4672,6.590561614512707,3.516624197328769,104,rs_trailing_30m
rs_trailing_30m_003116,PEP,2026-07-20 14:11:00+00:00,137.04,134.55,1.5988024548680084,10.556978041686117,121,rs_trailing_30m
rs_trailing_30m_003117,PEP,2026-07-20 14:50:00+00:00,134.5,136.23,10.860369912569928,1.1067892904529675,121,rs_trailing_30m
rs_trailing_30m_003118,PEP,2026-07-20 15:23:00+00:00,134.3,135.77,12.105722103617696,1.3756502390475247,121,rs_trailing_30m
rs_trailing_30m_003119,PEP,2026-07-20 15:56:00+00:00,133.95,135.18,9.533506985554794,2.31115320861941,121,rs_trailing_30m
rs_trailing_30m_003120,PEP,2026-07-20 18:44:00+00:00,135.51,134.63,9.387848857237824,2.9424600895821706,77,rs_trailing_30m
rs_trailing_30m_003121,PEP,2026-07-21 14:35:00+00:00,134.3,135.29,0.20114974114336778,6.436791716587388,121,rs_trailing_30m
rs_trailing_30m_003122,PEP,2026-07-22 14:00:00+00:00,134.72,135.95,0.7151651690985653,6.051397584680348,121,rs_trailing_30m
rs_trailing_30m_003123,PEP,2026-07-22 15:17:00+00:00,134.875,135.95,0.8506693791836709,9.90779629872634,121,rs_trailing_30m
rs_trailing_30m_003124,PEP,2026-07-23 14:51:00+00:00,135.215,134.6,2.9426119724871573,1.3155206465236193,121,rs_trailing_30m
rs_trailing_30m_003125,PEP,2026-07-23 16:17:00+00:00,134.5,135.14,2.9152709881224523,3.9745865908962776,121,rs_trailing_30m
rs_trailing_30m_003126,PEP,2026-07-24 14:17:00+00:00,136.45,135.12,4.100749992589627,2.470331320837172,121,rs_trailing_30m
rs_trailing_30m_003127,PEP,2026-07-24 14:38:00+00:00,136.45,135.565,4.7171494854569795,0.6350008922729922,121,rs_trailing_30m
rs_trailing_30m_003128,PEP,2026-07-24 18:30:00+00:00,137.13,136.545,7.5764919721245345,3.233868524687538,91,rs_trailing_30m
rs_trailing_30m_003129,PEP,2026-07-27 14:00:00+00:00,140.22,137.87,9.176788124157225,1.3945119208278294,121,rs_trailing_30m
rs_trailing_30m_003130,PEP,2026-07-27 15:12:00+00:00,139.295,140.075,2.345641803764269,2.5992247014684606,121,rs_trailing_30m
rs_trailing_30m_003131,PEP,2026-07-27 16:10:00+00:00,139.295,139.98,0.35501089143510095,6.593059412361218,121,rs_trailing_30m
rs_trailing_30m_003132,PEP,2026-07-27 17:01:00+00:00,140.305,139.52,8.768791835838654,1.7403708987160047,121,rs_trailing_30m
rs_trailing_30m_003133,PEP,2026-07-27 19:04:00+00:00,139.3001,139.91,6.467409925219913,3.6492182188980036,57,rs_trailing_30m
rs_trailing_30m_003134,PEP,2026-07-28 14:00:00+00:00,145.43,142.06,2.462239954403472,12.903961242521339,121,rs_trailing_30m
rs_trailing_30m_003135,PEP,2026-07-28 14:48:00+00:00,141.89,144.67,13.383600780100895,1.1218222876106543,121,rs_trailing_30m
rs_trailing_30m_003136,PEP,2026-07-29 14:00:00+00:00,145.22,143.96,1.3057920659769018,3.023939521209688,121,rs_trailing_30m
rs_trailing_30m_003137,PEP,2026-07-29 15:18:00+00:00,143.96,145.23,0.2502769458006612,7.696016083371798,121,rs_trailing_30m
rs_trailing_30m_003138,PEP,2026-07-29 15:39:00+00:00,145.23,144.0,1.7840470646464002,6.655867895027179,121,rs_trailing_30m
rs_trailing_30m_003139,PEP,2026-07-29 17:13:00+00:00,142.78,144.82,21.292247640138914,2.060540094207086,121,rs_trailing_30m
rs_trailing_30m_003140,PEP,2026-07-29 18:06:00+00:00,142.77,144.47,9.989672469754591,5.309825907347137,115,rs_trailing_30m
rs_trailing_30m_003141,PEP,2026-07-29 18:49:00+00:00,142.77,143.99,7.937591795716726,1.6503903733669214,72,rs_trailing_30m
rs_trailing_30m_003142,PEP,2026-07-30 14:00:00+00:00,139.42,141.05,1.5107628648151588,4.803451159924974,121,rs_trailing_30m
rs_trailing_30m_003143,PEP,2026-07-30 14:36:00+00:00,139.57,140.68,0.34057071960301205,3.8598014888340293,121,rs_trailing_30m
rs_trailing_30m_003144,PEP,2026-07-30 16:22:00+00:00,139.67,140.41,3.3933843981347187,3.045344972684839,121,rs_trailing_30m
rs_trailing_30m_003145,PEP,2026-07-31 14:01:00+00:00,140.05,138.85,2.8014385765663654,1.867625717710984,121,rs_trailing_30m
rs_trailing_30m_003146,PEP,2026-07-31 15:26:00+00:00,140.05,139.32,1.3468600381165479,3.827918003068274,121,rs_trailing_30m
rs_trailing_30m_003147,PEP,2026-08-03 14:00:00+00:00,139.0,141.05,5.451170282772974,1.9987624370167985,121,rs_trailing_30m
rs_trailing_30m_003148,PEP,2026-08-05 14:37:00+00:00,139.23,137.98,1.3313624143098755,6.233196757905365,121,rs_trailing_30m
rs_trailing_30m_003149,PEP,2026-08-05 15:09:00+00:00,137.98,139.015,1.8228761998112846,5.723831267407409,121,rs_trailing_30m
rs_trailing_30m_003150,PEP,2026-08-05 16:02:00+00:00,139.015,138.405,4.907184748195897,1.530197394598911,121,rs_trailing_30m
rs_trailing_30m_003151,PEP,2026-08-06 14:00:00+00:00,137.14,138.35,5.32436752466521,0.8113321942346725,121,rs_trailing_30m
rs_trailing_30m_003152,PEP,2026-08-06 15:03:00+00:00,138.275,137.38,1.1277669514815554,4.328186678658938,121,rs_trailing_30m
rs_trailing_30m_003153,PEP,2026-08-07 14:02:00+00:00,138.82,137.825,5.0947758951785636,1.404329253158214,121,rs_trailing_30m
rs_trailing_30m_003154,PEP,2026-08-10 14:11:00+00:00,137.45,138.5,0.8500317345180072,5.100190407107882,121,rs_trailing_30m
rs_trailing_30m_003155,PEP,2026-08-10 14:55:00+00:00,138.5,137.83,1.387057164945768,4.8084648384783115,121,rs_trailing_30m
rs_trailing_30m_003156,PEP,2026-08-11 14:05:00+00:00,136.93,137.75,2.796468998805769,1.6133474993111383,121,rs_trailing_30m
rs_trailing_30m_003157,PEP,2026-08-13 15:59:00+00:00,140.355,139.465,1.3651843923321574,9.200155687457457,121,rs_trailing_30m
rs_trailing_30m_003158,PEP,2026-08-14 15:24:00+00:00,141.27,140.625,3.280259989243725,5.918729980591357,121,rs_trailing_30m
rs_trailing_30m_003159,PYPL,2026-07-01 14:10:00+00:00,44.89,44.2,6.216486173903829,0.43370833771416645,121,rs_trailing_30m
rs_trailing_30m_003160,PYPL,2026-07-01 15:17:00+00:00,44.42,44.855,4.6672957739297285,2.100283098268367,121,rs_trailing_30m
rs_trailing_30m_003161,PYPL,2026-07-01 17:10:00+00:00,44.27,44.52,7.124132381051386,0.5461221205112984,121,rs_trailing_30m
rs_trailing_30m_003162,PYPL,2026-07-02 15:12:00+00:00,45.37,44.975,5.108297612627759,1.7316263093653983,121,rs_trailing_30m
rs_trailing_30m_003163,PYPL,2026-07-06 14:00:00+00:00,44.94,44.11,2.433951050840148,3.507752985034384,121,rs_trailing_30m
rs_trailing_30m_003164,PYPL,2026-07-06 14:54:00+00:00,45.085,44.39,9.1059641266061,0.782543792130207,121,rs_trailing_30m
rs_trailing_30m_003165,PYPL,2026-07-07 14:05:00+00:00,45.32,45.72,3.267810191561245,1.2395142105921935,121,rs_trailing_30m
rs_trailing_30m_003166,PYPL,2026-07-07 14:55:00+00:00,45.32,45.665,1.3795319827647663,3.6303473230652177,121,rs_trailing_30m
rs_trailing_30m_003167,PYPL,2026-07-07 15:13:00+00:00,45.36,45.675,0.732488325550472,4.394929953302601,121,rs_trailing_30m
rs_trailing_30m_003168,PYPL,2026-07-08 14:00:00+00:00,43.73,44.45,7.001636397778592,1.6900501649810304,121,rs_trailing_30m
rs_trailing_30m_003169,PYPL,2026-07-08 14:55:00+00:00,43.73,44.25,3.25654645917308,5.210474334676859,121,rs_trailing_30m
rs_trailing_30m_003170,PYPL,2026-07-08 19:40:00+00:00,44.61,44.485,2.1776142355024786,2.010105448156281,21,rs_trailing_30m
rs_trailing_30m_003171,PYPL,2026-07-09 14:00:00+00:00,45.01,44.445,6.410182572135851,0.4233139434428914,121,rs_trailing_30m
rs_trailing_30m_003172,PYPL,2026-07-09 15:05:00+00:00,45.05,44.78,2.266851935630362,3.055322174110646,121,rs_trailing_30m
rs_trailing_30m_003173,PYPL,2026-07-10 15:22:00+00:00,45.945,46.225,1.839301611004642,3.065502685007903,121,rs_trailing_30m
rs_trailing_30m_003174,PYPL,2026-07-13 14:00:00+00:00,46.285,47.16,3.850177861477447,5.91476599009562,121,rs_trailing_30m
rs_trailing_30m_003175,PYPL,2026-07-13 14:47:00+00:00,48.04,46.735,17.187746545545746,0.756260848004009,121,rs_trailing_30m
rs_trailing_30m_003176,PYPL,2026-07-13 16:18:00+00:00,48.43,47.275,29.10510114337137,1.877748460862675,121,rs_trailing_30m
rs_trailing_30m_003177,PYPL,2026-07-13 17:50:00+00:00,47.355,48.095,10.596454746025492,0.8508102350823314,121,rs_trailing_30m
rs_trailing_30m_003178,PYPL,2026-07-13 19:19:00+00:00,47.355,47.87,1.812855565934545,11.524581812012427,42,rs_trailing_30m
rs_trailing_30m_003179,PYPL,2026-07-14 14:01:00+00:00,47.145,46.56,1.0426363805623247,4.766337739713272,121,rs_trailing_30m
rs_trailing_30m_003180,PYPL,2026-07-14 14:39:00+00:00,46.56,47.22,3.94319793143734,4.451997664526116,121,rs_trailing_30m
rs_trailing_30m_003181,PYPL,2026-07-14 15:12:00+00:00,46.56,47.22,1.1044722071338617,11.044722071339534,121,rs_trailing_30m
rs_trailing_30m_003182,PYPL,2026-07-14 15:58:00+00:00,47.325,46.79,11.031628019136232,2.0837519591701845,121,rs_trailing_30m
rs_trailing_30m_003183,PYPL,2026-07-15 14:01:00+00:00,55.63,54.58,3.190322158868132,0.45080639201398326,121,rs_trailing_30m
rs_trailing_30m_003184,PYPL,2026-07-15 18:04:00+00:00,54.79,55.88,2.6471098767577557,11.779638951571854,117,rs_trailing_30m
rs_trailing_30m_003185,PYPL,2026-07-16 14:00:00+00:00,57.18,56.03,5.40834033636363,1.2436290613028425,121,rs_trailing_30m
rs_trailing_30m_003186,PYPL,2026-07-16 16:24:00+00:00,57.67,56.985,11.342866203478309,0.7034335630063883,121,rs_trailing_30m
rs_trailing_30m_003187,PYPL,2026-07-17 14:00:00+00:00,55.69,56.485,1.1588518452487546,5.927972900695428,121,rs_trailing_30m
rs_trailing_30m_003188,PYPL,2026-07-17 15:43:00+00:00,57.085,56.27,9.39739668222258,1.7024269351852557,121,rs_trailing_30m
rs_trailing_30m_003189,PYPL,2026-07-17 16:19:00+00:00,57.1,56.555,6.879514513574998,2.047474557611598,121,rs_trailing_30m
rs_trailing_30m_003190,PYPL,2026-07-17 17:38:00+00:00,57.17,56.611,2.1615145788346664,9.34597732181812,121,rs_trailing_30m
rs_trailing_30m_003191,PYPL,2026-07-17 19:06:00+00:00,57.17,56.42,0.5087063846822091,14.75248515578493,55,rs_trailing_30m
rs_trailing_30m_003192,PYPL,2026-07-17 19:32:00+00:00,56.42,56.715,4.665314401624616,1.3184584178505507,29,rs_trailing_30m
rs_trailing_30m_003193,PYPL,2026-07-20 14:00:00+00:00,55.395,57.055,0.13280020786116709,10.889617044617871,121,rs_trailing_30m
rs_trailing_30m_003194,PYPL,2026-07-20 14:50:00+00:00,57.16,56.13,8.819781404694703,1.4450489307126553,121,rs_trailing_30m
rs_trailing_30m_003195,PYPL,2026-07-20 17:42:00+00:00,56.57,57.09,1.1859500561658767,12.518361703972706,121,rs_trailing_30m
rs_trailing_30m_003196,PYPL,2026-07-20 18:23:00+00:00,57.09,56.735,3.6418660188590235,5.274426648002631,98,rs_trailing_30m
rs_trailing_30m_003197,PYPL,2026-07-21 14:00:00+00:00,55.6845,56.2,1.5455607878184712,2.529818169319204,121,rs_trailing_30m
rs_trailing_30m_003198,PYPL,2026-07-22 14:01:00+00:00,55.305,55.83,4.635572508622058,0.280943788401349,121,rs_trailing_30m
rs_trailing_30m_003199,PYPL,2026-07-23 14:00:00+00:00,54.955,55.845,0.14696782178221612,8.573122937295615,121,rs_trailing_30m
rs_trailing_30m_003200,PYPL,2026-07-23 14:46:00+00:00,55.87,55.4001,2.716412708862426,2.833336560243919,121,rs_trailing_30m
rs_trailing_30m_003201,PYPL,2026-07-24 14:00:00+00:00,55.22,56.31,2.297834732655918,7.335395492709381,121,rs_trailing_30m
rs_trailing_30m_003202,PYPL,2026-07-24 14:43:00+00:00,56.31,55.365,9.627191716227747,1.4675597128395952,121,rs_trailing_30m
rs_trailing_30m_003203,PYPL,2026-07-24 15:20:00+00:00,56.31,55.79,2.5285877644370056,6.53945111492315,121,rs_trailing_30m
rs_trailing_30m_003204,PYPL,2026-07-24 16:22:00+00:00,56.28,55.9002,1.4378072597476592,6.363324129568957,121,rs_trailing_30m
rs_trailing_30m_003205,PYPL,2026-07-27 14:02:00+00:00,56.585,55.83,4.718242905715725,1.1215495431619598,121,rs_trailing_30m
rs_trailing_30m_003206,PYPL,2026-07-27 15:17:00+00:00,56.58,56.13,1.5621443205097265,6.248577282039153,121,rs_trailing_30m
rs_trailing_30m_003207,PYPL,2026-07-27 16:08:00+00:00,56.105,56.41,2.981219018360317,3.5135795573531983,121,rs_trailing_30m
rs_trailing_30m_003208,PYPL,2026-07-27 19:10:00+00:00,55.9,56.31,12.156169305031288,1.883350174018901,51,rs_trailing_30m
rs_trailing_30m_003209,PYPL,2026-07-28 14:00:00+00:00,58.7499,57.69,3.6509225330513266,1.3107556215596596,121,rs_trailing_30m
rs_trailing_30m_003210,PYPL,2026-07-28 15:22:00+00:00,58.68,58.0,1.5635558662472508,3.2692531748806384,121,rs_trailing_30m
rs_trailing_30m_003211,PYPL,2026-07-28 16:23:00+00:00,58.8,58.34,4.884022135876848,1.7237725185447519,121,rs_trailing_30m
rs_trailing_30m_003212,PYPL,2026-07-28 19:13:00+00:00,58.13,58.63,1.3055109684321125,9.573747101836368,48,rs_trailing_30m
rs_trailing_30m_003213,PYPL,2026-07-28 19:43:00+00:00,58.63,58.25,1.3357524947601467,5.915475333937812,18,rs_trailing_30m
rs_trailing_30m_003214,PYPL,2026-07-29 14:04:00+00:00,58.72,58.26,0.28983944242978493,2.376683427924393,121,rs_trailing_30m
rs_trailing_30m_003215,PYPL,2026-07-29 16:17:00+00:00,59.355,58.435,16.95988086894873,2.7037491240353244,121,rs_trailing_30m
rs_trailing_30m_003216,PYPL,2026-07-29 17:14:00+00:00,58.0,59.47,11.255032056054871,22.16900253465368,121,rs_trailing_30m
rs_trailing_30m_003217,PYPL,2026-07-29 17:41:00+00:00,59.47,58.0,15.781668661435319,18.83861626963463,121,rs_trailing_30m
rs_trailing_30m_003218,PYPL,2026-07-29 18:57:00+00:00,58.0,59.385,17.557684140992208,2.3746048223472966,64,rs_trailing_30m
rs_trailing_30m_003219,PYPL,2026-07-30 14:07:00+00:00,56.655,57.65,7.714749917018573,0.2812669240579412,121,rs_trailing_30m
rs_trailing_30m_003220,PYPL,2026-07-30 16:12:00+00:00,56.66,57.385,0.9777730284244682,14.775236873969178,121,rs_trailing_30m
rs_trailing_30m_003221,PYPL,2026-07-30 16:43:00+00:00,57.6,56.82,14.843568945535301,3.534183082270262,121,rs_trailing_30m
rs_trailing_30m_003222,PYPL,2026-07-30 17:25:00+00:00,57.78,57.2,11.799286960478145,1.6195099749676014,121,rs_trailing_30m
rs_trailing_30m_003223,PYPL,2026-07-31 14:00:00+00:00,57.56,56.62,0.8805733966304763,6.644326538211853,121,rs_trailing_30m
rs_trailing_30m_003224,PYPL,2026-08-03 14:00:00+00:00,57.335,57.99,3.4839577412847196,2.768076013623453,121,rs_trailing_30m
rs_trailing_30m_003225,PYPL,2026-08-04 15:37:00+00:00,57.86,58.295,0.0,10.308857808854855,121,rs_trailing_30m
rs_trailing_30m_003226,PYPL,2026-08-04 16:53:00+00:00,57.925,58.42,0.5313280297308957,17.002496951388157,121,rs_trailing_30m
rs_trailing_30m_003227,PYPL,2026-08-05 14:00:00+00:00,58.25,58.91,3.8943096451087493,2.3745790518955987,121,rs_trailing_30m
rs_trailing_30m_003228,PYPL,2026-08-06 14:00:00+00:00,59.0,58.6512,1.4708934315660525,2.329459375324632,121,rs_trailing_30m
rs_trailing_30m_003229,PYPL,2026-08-06 16:42:00+00:00,58.4601,59.445,0.7812283448398778,14.638246541588652,121,rs_trailing_30m
rs_trailing_30m_003230,PYPL,2026-08-06 17:48:00+00:00,59.49,58.85,16.85626122598506,1.1237507483989775,121,rs_trailing_30m
rs_trailing_30m_003231,PYPL,2026-08-06 18:44:00+00:00,59.79,59.23,8.793611714016617,2.272506398004332,77,rs_trailing_30m
rs_trailing_30m_003232,PYPL,2026-08-07 14:03:00+00:00,59.99,59.0914,2.565499351491753,7.457795071336308,121,rs_trailing_30m
rs_trailing_30m_003233,PYPL,2026-08-07 14:42:00+00:00,59.01,59.82,12.08244945945437,0.545659007846385,121,rs_trailing_30m
rs_trailing_30m_003234,PYPL,2026-08-10 14:06:00+00:00,58.43,58.83,2.3113813255068094,2.825021620063868,121,rs_trailing_30m
rs_trailing_30m_003235,PYPL,2026-08-10 14:55:00+00:00,58.83,58.41,0.4069651077456477,8.13930215491469,121,rs_trailing_30m
rs_trailing_30m_003236,PYPL,2026-08-11 14:00:00+00:00,59.44,58.8302,0.7205146533238169,5.556197283774208,121,rs_trailing_30m
rs_trailing_30m_003237,PYPL,2026-08-11 15:30:00+00:00,58.8302,59.09,3.0804964401039614,3.0852429677466375,121,rs_trailing_30m
rs_trailing_30m_003238,PYPL,2026-08-12 14:06:00+00:00,58.24,58.58,0.0,4.245305671614168,121,rs_trailing_30m
rs_trailing_30m_003239,PYPL,2026-08-13 14:05:00+00:00,60.22,59.405,3.4476520546905274,4.467380127204675,121,rs_trailing_30m
rs_trailing_30m_003240,PYPL,2026-08-13 14:46:00+00:00,59.405,59.77,4.838598427369463,0.28049845955769476,121,rs_trailing_30m
rs_trailing_30m_003241,PYPL,2026-08-13 18:56:00+00:00,60.76,60.23,12.68949356797233,2.7712687102470355,65,rs_trailing_30m
rs_trailing_30m_003242,PYPL,2026-08-14 14:00:00+00:00,59.72,60.18,3.349220662115814,1.3912147365711516,121,rs_trailing_30m
rs_trailing_30m_003243,PYPL,2026-08-14 19:44:00+00:00,62.31,59.34,3.552542688749567,38.651664453595274,17,rs_trailing_30m
rs_trailing_30m_003244,QCOM,2026-07-01 14:06:00+00:00,188.36,183.24,2.680447250744809,3.5807370750973413,121,rs_trailing_30m
rs_trailing_30m_003245,QCOM,2026-07-01 16:24:00+00:00,190.99,182.89,11.181247342372167,9.216974160604153,121,rs_trailing_30m
rs_trailing_30m_003246,QCOM,2026-07-01 16:54:00+00:00,182.02,190.99,11.777654799240834,21.867429133622455,121,rs_trailing_30m
rs_trailing_30m_003247,QCOM,2026-07-01 17:55:00+00:00,190.99,181.99,5.981369504820276,19.653071230123487,121,rs_trailing_30m
rs_trailing_30m_003248,QCOM,2026-07-01 19:21:00+00:00,185.055,181.5,2.726009892532212,5.057897872891079,40,rs_trailing_30m
rs_trailing_30m_003249,QCOM,2026-07-02 14:01:00+00:00,184.45,174.18,1.1416144638094279,13.986618495317215,121,rs_trailing_30m
rs_trailing_30m_003250,QCOM,2026-07-02 16:56:00+00:00,172.12,175.81,0.4926936392966846,9.33454705802625,121,rs_trailing_30m
rs_trailing_30m_003251,QCOM,2026-07-02 17:26:00+00:00,175.81,172.52,7.809334948790159,1.688894988924977,121,rs_trailing_30m
rs_trailing_30m_003252,QCOM,2026-07-02 18:10:00+00:00,178.0,173.36,10.391050940118106,3.6247852116690744,111,rs_trailing_30m
rs_trailing_30m_003253,QCOM,2026-07-02 18:26:00+00:00,178.0,173.5,10.396573399124016,3.2432459291727707,95,rs_trailing_30m
rs_trailing_30m_003254,QCOM,2026-07-02 19:09:00+00:00,173.5,178.0,0.6281266893776547,11.149248736452925,52,rs_trailing_30m
rs_trailing_30m_003255,QCOM,2026-07-06 14:00:00+00:00,188.42,184.56,3.332113062398399,2.1410598826474745,121,rs_trailing_30m
rs_trailing_30m_003256,QCOM,2026-07-06 14:42:00+00:00,184.56,188.67,2.5033524461289813,4.742266253582404,121,rs_trailing_30m
rs_trailing_30m_003257,QCOM,2026-07-06 15:13:00+00:00,184.56,188.67,2.202495082048188,8.202395477972471,121,rs_trailing_30m
rs_trailing_30m_003258,QCOM,2026-07-06 15:42:00+00:00,188.67,185.43,3.380110735346918,5.311602584116597,121,rs_trailing_30m
rs_trailing_30m_003259,QCOM,2026-07-06 16:46:00+00:00,185.36,187.905,6.267034912882115,3.1150850008149504,121,rs_trailing_30m
rs_trailing_30m_003260,QCOM,2026-07-06 17:36:00+00:00,185.05,187.22,3.2801964155572363,6.085627560441773,121,rs_trailing_30m
rs_trailing_30m_003261,QCOM,2026-07-07 14:01:00+00:00,183.59,179.19,0.20720420583911742,5.870785832108104,121,rs_trailing_30m
rs_trailing_30m_003262,QCOM,2026-07-07 15:13:00+00:00,184.01,179.67,5.460266367689176,2.5187087285300334,121,rs_trailing_30m
rs_trailing_30m_003263,QCOM,2026-07-07 15:46:00+00:00,184.01,181.02,5.233330659588384,1.1275061990170214,121,rs_trailing_30m
rs_trailing_30m_003264,QCOM,2026-07-07 16:58:00+00:00,181.55,184.0,2.712119967330487,4.510373423930114,121,rs_trailing_30m
rs_trailing_30m_003265,QCOM,2026-07-07 19:01:00+00:00,179.79,184.64,5.924122254517258,14.896162480561555,60,rs_trailing_30m
rs_trailing_30m_003266,QCOM,2026-07-08 14:00:00+00:00,185.9,181.99,0.6673592590950261,5.400954003838715,121,rs_trailing_30m
rs_trailing_30m_003267,QCOM,2026-07-08 15:23:00+00:00,181.99,186.845,1.1970419945877813,8.998815696155614,121,rs_trailing_30m
rs_trailing_30m_003268,QCOM,2026-07-08 16:05:00+00:00,182.375,186.845,0.06597133599526539,11.729703539955501,121,rs_trailing_30m
rs_trailing_30m_003269,QCOM,2026-07-08 18:15:00+00:00,187.12,184.5,2.6392466248875674,8.165169245745682,106,rs_trailing_30m
rs_trailing_30m_003270,QCOM,2026-07-09 14:01:00+00:00,187.44,196.09,5.249140645309468,8.743175712757363,121,rs_trailing_30m
rs_trailing_30m_003271,QCOM,2026-07-09 14:41:00+00:00,196.09,191.889,5.55164902678071,0.9541049863035311,121,rs_trailing_30m
rs_trailing_30m_003272,QCOM,2026-07-09 15:55:00+00:00,191.78,195.0,6.7827747495124,1.13046245825209,121,rs_trailing_30m
rs_trailing_30m_003273,QCOM,2026-07-09 18:05:00+00:00,189.77,192.3,7.881341969948392,5.501070905199057,116,rs_trailing_30m
rs_trailing_30m_003274,QCOM,2026-07-09 19:05:00+00:00,189.77,191.57,2.4430564195205275,6.913329868004831,56,rs_trailing_30m
rs_trailing_30m_003275,QCOM,2026-07-10 14:09:00+00:00,189.11,185.9,1.679230732912434,3.8778111770347565,121,rs_trailing_30m
rs_trailing_30m_003276,QCOM,2026-07-10 14:49:00+00:00,189.465,186.34,3.3309098784145585,2.5665934473902055,121,rs_trailing_30m
rs_trailing_30m_003277,QCOM,2026-07-10 15:27:00+00:00,189.465,187.8,1.2358752636963921,3.0068717755910823,121,rs_trailing_30m
rs_trailing_30m_003278,QCOM,2026-07-10 17:42:00+00:00,190.19,188.22,0.43205840688661085,12.662634847984968,121,rs_trailing_30m
rs_trailing_30m_003279,QCOM,2026-07-10 18:12:00+00:00,188.22,189.63,5.868590035518807,3.923968485287712,109,rs_trailing_30m
rs_trailing_30m_003280,QCOM,2026-07-13 14:01:00+00:00,188.16,184.8536,2.20742471808871,3.4946292568241777,121,rs_trailing_30m
rs_trailing_30m_003281,QCOM,2026-07-13 16:37:00+00:00,184.04,185.61,0.26077848791224145,6.562925279124579,121,rs_trailing_30m
rs_trailing_30m_003282,QCOM,2026-07-13 17:07:00+00:00,185.84,182.995,1.5711044336786053,9.071257742072493,121,rs_trailing_30m
rs_trailing_30m_003283,QCOM,2026-07-13 19:06:00+00:00,181.81,187.06,6.449858456468979,15.187046908682579,55,rs_trailing_30m
rs_trailing_30m_003284,QCOM,2026-07-14 14:00:00+00:00,179.02,183.28,4.195365545237431,1.980685744662156,121,rs_trailing_30m
rs_trailing_30m_003285,QCOM,2026-07-14 15:33:00+00:00,177.85,181.9,10.227549796445544,0.7885339980292394,121,rs_trailing_30m
rs_trailing_30m_003286,QCOM,2026-07-14 18:19:00+00:00,180.84,177.45,2.5917898930216237,11.047092033931461,102,rs_trailing_30m
rs_trailing_30m_003287,QCOM,2026-07-15 14:13:00+00:00,174.8,178.72,6.053126729384085,1.603372505614977,121,rs_trailing_30m
rs_trailing_30m_003288,QCOM,2026-07-15 15:06:00+00:00,177.36,174.76,0.11632304753672369,4.924342345721156,121,rs_trailing_30m
rs_trailing_30m_003289,QCOM,2026-07-15 16:13:00+00:00,174.76,178.41,0.3685483485493523,10.273868361932815,121,rs_trailing_30m
rs_trailing_30m_003290,QCOM,2026-07-15 16:43:00+00:00,179.165,175.44,12.328980099500072,1.0020651459680814,121,rs_trailing_30m
rs_trailing_30m_003291,QCOM,2026-07-15 17:03:00+00:00,179.165,176.23,8.590098384229293,1.163069413725521,121,rs_trailing_30m
rs_trailing_30m_003292,QCOM,2026-07-15 18:34:00+00:00,179.25,175.68,1.4789566011092012,14.050087710537225,87,rs_trailing_30m
rs_trailing_30m_003293,QCOM,2026-07-15 19:30:00+00:00,179.25,175.68,0.8808715140591585,11.697973706705602,31,rs_trailing_30m
rs_trailing_30m_003294,QCOM,2026-07-16 14:01:00+00:00,170.2978,173.96,1.890051193980511,4.5059435228883205,121,rs_trailing_30m
rs_trailing_30m_003295,QCOM,2026-07-16 15:39:00+00:00,173.96,170.82,1.8991375074796009,7.418505888592019,121,rs_trailing_30m
rs_trailing_30m_003296,QCOM,2026-07-16 17:16:00+00:00,170.29,171.6132,2.522583486396182,1.8123288112654015,121,rs_trailing_30m
rs_trailing_30m_003297,QCOM,2026-07-16 19:35:00+00:00,168.99,171.3,2.604047825333857,7.162717033444174,26,rs_trailing_30m
rs_trailing_30m_003298,QCOM,2026-07-17 14:00:00+00:00,170.2999,165.68,3.4550741383965407,4.056854428584591,121,rs_trailing_30m
rs_trailing_30m_003299,QCOM,2026-07-17 16:47:00+00:00,171.82,169.325,6.776056874445816,0.6552670384079421,121,rs_trailing_30m
rs_trailing_30m_003300,QCOM,2026-07-17 19:34:00+00:00,172.39,170.42,3.535917949575572,2.739540033004577,27,rs_trailing_30m
rs_trailing_30m_003301,QCOM,2026-07-20 14:00:00+00:00,170.64,173.84,2.156660466098929,3.6919102894235873,121,rs_trailing_30m
rs_trailing_30m_003302,QCOM,2026-07-20 15:22:00+00:00,173.97,171.6801,4.096188747731545,2.241556261343106,121,rs_trailing_30m
rs_trailing_30m_003303,QCOM,2026-07-20 15:51:00+00:00,173.97,171.415,2.356306717350795,6.368858011390245,121,rs_trailing_30m
rs_trailing_30m_003304,QCOM,2026-07-20 16:28:00+00:00,171.415,172.97,4.590582116765,2.1120988142862878,121,rs_trailing_30m
rs_trailing_30m_003305,QCOM,2026-07-20 18:10:00+00:00,172.97,169.9,0.4268188391150172,14.13244600625221,111,rs_trailing_30m
rs_trailing_30m_003306,QCOM,2026-07-20 19:13:00+00:00,169.9,171.355,4.994830652162468,2.3460568214703135,48,rs_trailing_30m
rs_trailing_30m_003307,QCOM,2026-07-21 14:11:00+00:00,174.16,171.12,4.050127362495806,1.016698638321965,121,rs_trailing_30m
rs_trailing_30m_003308,QCOM,2026-07-21 15:08:00+00:00,174.94,172.32,4.317459069169805,3.5379178483475053,121,rs_trailing_30m
rs_trailing_30m_003309,QCOM,2026-07-21 16:13:00+00:00,174.94,172.66,4.136306588706198,4.136306588706301,121,rs_trailing_30m
rs_trailing_30m_003310,QCOM,2026-07-21 16:52:00+00:00,172.66,173.82,3.854281481896201,1.1134590947699676,121,rs_trailing_30m
rs_trailing_30m_003311,QCOM,2026-07-21 19:11:00+00:00,172.0,173.93,2.3097811387716343,10.427011997883628,50,rs_trailing_30m
rs_trailing_30m_003312,QCOM,2026-07-22 14:00:00+00:00,178.65,174.8005,5.070350334178589,2.1055002582554248,121,rs_trailing_30m
rs_trailing_30m_003313,QCOM,2026-07-22 15:13:00+00:00,178.65,175.63,1.8301752843934818,5.954513953449155,121,rs_trailing_30m
rs_trailing_30m_003314,QCOM,2026-07-22 16:21:00+00:00,175.63,177.16,2.629746310728665,3.560271928371066,121,rs_trailing_30m
rs_trailing_30m_003315,QCOM,2026-07-22 16:56:00+00:00,177.16,175.5,2.065193801815487,6.725118277707132,121,rs_trailing_30m
rs_trailing_30m_003316,QCOM,2026-07-23 14:14:00+00:00,168.31,173.08,7.483750466938973,2.138214419125421,121,rs_trailing_30m
rs_trailing_30m_003317,QCOM,2026-07-23 16:35:00+00:00,170.63,168.565,1.4769105935775193,6.7658471786860925,121,rs_trailing_30m
rs_trailing_30m_003318,QCOM,2026-07-23 17:06:00+00:00,168.565,169.87,1.6800169893079493,3.6029280011665743,121,rs_trailing_30m
rs_trailing_30m_003319,QCOM,2026-07-23 19:25:00+00:00,173.74,168.925,24.073817639542455,7.212398806988308,36,rs_trailing_30m
rs_trailing_30m_003320,QCOM,2026-07-24 14:00:00+00:00,166.45,169.1311,1.4056631706904446,4.304523991336872,121,rs_trailing_30m
rs_trailing_30m_003321,QCOM,2026-07-24 14:41:00+00:00,166.45,171.1,0.9117108278596338,9.958687504312524,121,rs_trailing_30m
rs_trailing_30m_003322,QCOM,2026-07-24 16:05:00+00:00,171.1,167.93,2.7429239186624117,7.670332155780377,121,rs_trailing_30m
rs_trailing_30m_003323,QCOM,2026-07-24 16:35:00+00:00,166.67,169.13,5.873939891523539,0.6792991711285565,121,rs_trailing_30m
rs_trailing_30m_003324,QCOM,2026-07-27 14:02:00+00:00,169.98,165.29,0.22435190343894848,8.193331513590394,121,rs_trailing_30m
rs_trailing_30m_003325,QCOM,2026-07-27 19:03:00+00:00,170.97,169.175,5.482769818380042,2.9830984173121347,58,rs_trailing_30m
rs_trailing_30m_003326,QCOM,2026-07-28 14:01:00+00:00,167.92,164.615,3.3866313210964223,2.7129962081808134,121,rs_trailing_30m
rs_trailing_30m_003327,QCOM,2026-07-28 15:18:00+00:00,164.185,167.92,5.051175847492196,2.4205634754318575,121,rs_trailing_30m
rs_trailing_30m_003328,QCOM,2026-07-28 15:43:00+00:00,167.92,164.08,0.729951102766518,8.935608326969646,121,rs_trailing_30m
rs_trailing_30m_003329,QCOM,2026-07-28 16:13:00+00:00,162.8012,166.56,10.99658925942938,0.520903971829908,121,rs_trailing_30m
rs_trailing_30m_003330,QCOM,2026-07-28 17:09:00+00:00,162.16,164.91,7.707163871994207,2.3855507222839485,121,rs_trailing_30m
rs_trailing_30m_003331,QCOM,2026-07-28 18:08:00+00:00,162.16,164.395,5.388077090009653,4.993261096345247,113,rs_trailing_30m
rs_trailing_30m_003332,QCOM,2026-07-28 19:19:00+00:00,164.395,162.73,3.885404709242122,3.2236050060196764,42,rs_trailing_30m
rs_trailing_30m_003333,QCOM,2026-07-29 14:19:00+00:00,157.84,161.08,4.355679735189445,0.9298642131303704,121,rs_trailing_30m
rs_trailing_30m_003334,QCOM,2026-07-29 15:34:00+00:00,158.445,161.03,3.0921133715264375,3.176994915058527,121,rs_trailing_30m
rs_trailing_30m_003335,QCOM,2026-07-29 16:58:00+00:00,158.79,163.98,0.19305130388759534,18.02397173568504,121,rs_trailing_30m
rs_trailing_30m_003336,QCOM,2026-07-29 17:14:00+00:00,164.56,159.99,13.442694637997633,2.5972830371065156,121,rs_trailing_30m
rs_trailing_30m_003337,QCOM,2026-07-29 18:00:00+00:00,164.56,153.13,8.383690003224185,30.4120900521817,121,rs_trailing_30m
rs_trailing_30m_003338,QCOM,2026-07-29 18:35:00+00:00,153.13,164.56,20.724203081928437,9.489781768383052,86,rs_trailing_30m
rs_trailing_30m_003339,QCOM,2026-07-29 19:31:00+00:00,153.13,162.46,18.543191484915972,1.2662772970601133,30,rs_trailing_30m
rs_trailing_30m_003340,QCOM,2026-07-30 14:00:00+00:00,148.1,152.89,1.7365152348939294,3.6823173222017886,121,rs_trailing_30m
rs_trailing_30m_003341,QCOM,2026-07-30 14:57:00+00:00,154.0,149.57,5.138942602578732,1.5176409440364438,121,rs_trailing_30m
rs_trailing_30m_003342,QCOM,2026-07-30 17:03:00+00:00,154.1595,150.47,0.3907090129344355,9.251571276172152,121,rs_trailing_30m
rs_trailing_30m_003343,QCOM,2026-07-30 18:19:00+00:00,150.47,152.4,2.7299049083612186,4.342197740145007,102,rs_trailing_30m
rs_trailing_30m_003344,QCOM,2026-07-31 14:00:00+00:00,146.15,150.07,4.785925414609595,1.227160362720381,121,rs_trailing_30m
rs_trailing_30m_003345,QCOM,2026-07-31 15:05:00+00:00,146.92,148.99,3.59222316972498,0.8207750269104954,121,rs_trailing_30m
rs_trailing_30m_003346,QCOM,2026-07-31 15:56:00+00:00,148.98,147.83,1.702611235440783,1.7938225516250275,121,rs_trailing_30m
rs_trailing_30m_003347,QCOM,2026-07-31 17:09:00+00:00,147.83,149.43,0.9269577550396398,7.312666734202563,121,rs_trailing_30m
rs_trailing_30m_003348,QCOM,2026-07-31 18:49:00+00:00,149.43,147.55,1.7164918283749264,11.19152672100449,72,rs_trailing_30m
rs_trailing_30m_003349,QCOM,2026-08-03 14:00:00+00:00,143.36,150.4999,2.1123053392087052,12.38928013330698,121,rs_trailing_30m
rs_trailing_30m_003350,QCOM,2026-08-03 17:33:00+00:00,151.38,149.41,9.562078443932942,3.703621932509347,121,rs_trailing_30m
rs_trailing_30m_003351,QCOM,2026-08-03 18:58:00+00:00,151.68,150.39,6.993816360022149,1.5578643076827392,63,rs_trailing_30m
rs_trailing_30m_003352,QCOM,2026-08-04 14:01:00+00:00,162.65,157.67,10.987852734549437,1.158541631278854,121,rs_trailing_30m
rs_trailing_30m_003353,QCOM,2026-08-04 14:48:00+00:00,163.09,159.605,8.172405719685257,1.044692640542316,121,rs_trailing_30m
rs_trailing_30m_003354,QCOM,2026-08-04 15:13:00+00:00,163.09,160.53,6.449842073382827,1.9959869331951505,121,rs_trailing_30m
rs_trailing_30m_003355,QCOM,2026-08-04 15:55:00+00:00,163.09,161.54,3.7192471236604105,3.7675490343572546,121,rs_trailing_30m
rs_trailing_30m_003356,QCOM,2026-08-05 14:00:00+00:00,161.78,157.1,0.7713336817148682,8.72824955624732,121,rs_trailing_30m
rs_trailing_30m_003357,QCOM,2026-08-05 16:29:00+00:00,158.81,157.55,2.103198192842096,3.988824158838382,121,rs_trailing_30m
rs_trailing_30m_003358,QCOM,2026-08-05 17:22:00+00:00,157.55,158.78,0.29264735513951684,6.906477581294992,121,rs_trailing_30m
rs_trailing_30m_003359,QCOM,2026-08-05 19:23:00+00:00,159.45,157.15,4.835117826902227,12.816899636391614,38,rs_trailing_30m
rs_trailing_30m_003360,QCOM,2026-08-06 14:00:00+00:00,161.74,159.26,5.133658310609612,0.8717532980280785,121,rs_trailing_30m
rs_trailing_30m_003361,QCOM,2026-08-06 15:09:00+00:00,161.42,158.89,1.092832541328315,5.819333282573674,121,rs_trailing_30m
rs_trailing_30m_003362,QCOM,2026-08-06 16:17:00+00:00,158.89,162.6,2.734922299705094,15.38393793584112,121,rs_trailing_30m
rs_trailing_30m_003363,QCOM,2026-08-06 16:52:00+00:00,162.6,159.63,13.094552994806914,3.4547331305448363,121,rs_trailing_30m
rs_trailing_30m_003364,QCOM,2026-08-06 18:18:00+00:00,161.51,160.26,1.595935116080281,5.403780305324544,103,rs_trailing_30m
rs_trailing_30m_003365,QCOM,2026-08-07 14:01:00+00:00,165.81,163.28,2.111780127633345,4.403834168601302,121,rs_trailing_30m
rs_trailing_30m_003366,QCOM,2026-08-07 14:53:00+00:00,163.28,167.04,0.2163461538461603,8.822115384615284,121,rs_trailing_30m
rs_trailing_30m_003367,QCOM,2026-08-07 16:45:00+00:00,167.77,166.39,5.720642859766431,2.0190504210940907,121,rs_trailing_30m
rs_trailing_30m_003368,QCOM,2026-08-07 17:30:00+00:00,167.77,166.32,0.4923971061579595,8.432300442953766,121,rs_trailing_30m
rs_trailing_30m_003369,QCOM,2026-08-07 18:29:00+00:00,166.32,167.99,1.5231998547186523,13.893428977886547,92,rs_trailing_30m
rs_trailing_30m_003370,QCOM,2026-08-10 14:00:00+00:00,163.11,166.64,8.455339279373321,0.7853256296631146,121,rs_trailing_30m
rs_trailing_30m_003371,QCOM,2026-08-10 15:02:00+00:00,163.11,165.44,7.751575789676777,0.7079893578393092,121,rs_trailing_30m
rs_trailing_30m_003372,QCOM,2026-08-11 14:01:00+00:00,164.605,162.69,2.363134688065585,2.750314947692181,121,rs_trailing_30m
rs_trailing_30m_003373,QCOM,2026-08-11 15:09:00+00:00,161.66,163.53,7.066739295548322,1.6847855274155679,121,rs_trailing_30m
rs_trailing_30m_003374,QCOM,2026-08-12 14:00:00+00:00,161.07,164.27,7.879763461774731,1.599651229082151,121,rs_trailing_30m
rs_trailing_30m_003375,QCOM,2026-08-12 15:26:00+00:00,163.545,161.68,4.933297389452454,3.355531107240207,121,rs_trailing_30m
rs_trailing_30m_003376,QCOM,2026-08-12 17:05:00+00:00,163.82,163.04,2.6699065759094163,4.511221455847152,121,rs_trailing_30m
rs_trailing_30m_003377,QCOM,2026-08-13 14:16:00+00:00,166.77,163.97,0.797136516270638,6.87818069678869,121,rs_trailing_30m
rs_trailing_30m_003378,QCOM,2026-08-13 14:45:00+00:00,163.97,166.77,4.624110380934394,4.690644343249936,121,rs_trailing_30m
rs_trailing_30m_003379,QCOM,2026-08-13 15:05:00+00:00,166.54,163.97,0.6239890546181636,9.398835135186275,121,rs_trailing_30m
rs_trailing_30m_003380,QCOM,2026-08-13 15:29:00+00:00,163.97,166.06,4.4402079722706365,4.397920277296548,121,rs_trailing_30m
rs_trailing_30m_003381,QCOM,2026-08-13 16:27:00+00:00,166.06,164.75,3.8210772420477577,3.229079359476912,121,rs_trailing_30m
rs_trailing_30m_003382,QCOM,2026-08-14 15:03:00+00:00,163.18,164.6899,5.253014024439993,1.0418477815139258,121,rs_trailing_30m
rs_trailing_30m_003383,QCOM,2026-08-14 19:23:00+00:00,165.99,165.195,7.77335670464271,0.7270815074495118,38,rs_trailing_30m
rs_trailing_30m_003384,REGN,2026-07-01 14:01:00+00:00,623.89,632.44,2.5262434224068375,2.941677508578596,121,rs_trailing_30m
rs_trailing_30m_003385,REGN,2026-07-01 15:38:00+00:00,624.12,629.49,6.894494215383461,2.502316428426126,121,rs_trailing_30m
rs_trailing_30m_003386,REGN,2026-07-01 17:35:00+00:00,624.38,627.48,2.553252047833731,5.361829300450893,120,rs_trailing_30m
rs_trailing_30m_003387,REGN,2026-07-02 14:00:00+00:00,648.2,637.14,8.44266383310946,0.2515505052695947,120,rs_trailing_30m
rs_trailing_30m_003388,REGN,2026-07-02 16:06:00+00:00,645.64,641.84,4.922620278211885,1.6989574411528552,118,rs_trailing_30m
rs_trailing_30m_003389,REGN,2026-07-02 19:22:00+00:00,654.935,645.98,31.564163660695712,0.684220318942422,38,rs_trailing_30m
rs_trailing_30m_003390,REGN,2026-07-06 14:00:00+00:00,637.715,644.77,2.3514094871504367,1.4578198887040166,112,rs_trailing_30m
rs_trailing_30m_003391,REGN,2026-07-06 14:46:00+00:00,637.715,646.51,1.0162032517029473,8.54262840469053,112,rs_trailing_30m
rs_trailing_30m_003392,REGN,2026-07-06 15:17:00+00:00,646.72,642.025,4.960252019764623,2.8546416825155823,117,rs_trailing_30m
rs_trailing_30m_003393,REGN,2026-07-06 16:27:00+00:00,649.9,643.965,9.928764675222217,7.453895604259657,118,rs_trailing_30m
rs_trailing_30m_003394,REGN,2026-07-07 14:14:00+00:00,670.92,661.43,6.992416605002913,0.5482690292559564,119,rs_trailing_30m
rs_trailing_30m_003395,REGN,2026-07-07 16:11:00+00:00,666.8,675.5999,1.4756505556213846,12.487335814713962,118,rs_trailing_30m
rs_trailing_30m_003396,REGN,2026-07-07 16:31:00+00:00,675.5999,671.37,4.458593282826697,1.4167934043063841,118,rs_trailing_30m
rs_trailing_30m_003397,REGN,2026-07-08 14:05:00+00:00,670.26,661.63,0.6057692307692307,5.139053254438068,120,rs_trailing_30m
rs_trailing_30m_003398,REGN,2026-07-08 14:39:00+00:00,669.69,661.63,1.9439987692038667,4.8097210927715395,118,rs_trailing_30m
rs_trailing_30m_003399,REGN,2026-07-08 15:09:00+00:00,661.83,665.01,0.9445296380452978,2.674270661935742,116,rs_trailing_30m
rs_trailing_30m_003400,REGN,2026-07-08 16:23:00+00:00,661.75,665.86,1.0995110612376013,8.618747996152178,110,rs_trailing_30m
rs_trailing_30m_003401,REGN,2026-07-09 14:05:00+00:00,662.3,668.2,1.6489078662184364,4.668336556306523,119,rs_trailing_30m
rs_trailing_30m_003402,REGN,2026-07-09 15:23:00+00:00,662.3,666.86,5.70277307380856,3.453792143292524,117,rs_trailing_30m
rs_trailing_30m_003403,REGN,2026-07-10 14:00:00+00:00,658.5001,663.33,2.333459352349158,0.8147781196224458,113,rs_trailing_30m
rs_trailing_30m_003404,REGN,2026-07-13 14:02:00+00:00,664.13,655.11,0.7935847019816457,8.479810830956305,118,rs_trailing_30m
rs_trailing_30m_003405,REGN,2026-07-14 14:06:00+00:00,659.85,655.4875,0.8979553314412665,2.631170914876335,109,rs_trailing_30m
rs_trailing_30m_003406,REGN,2026-07-14 15:58:00+00:00,661.215,657.3074,8.937551430926126,6.246959861024271,107,rs_trailing_30m
rs_trailing_30m_003407,REGN,2026-07-14 19:39:00+00:00,655.23,658.55,4.2810182707743625,9.931962388196249,22,rs_trailing_30m
rs_trailing_30m_003408,REGN,2026-07-15 14:02:00+00:00,666.71,657.935,5.3118858884061915,1.0820508291197781,119,rs_trailing_30m
rs_trailing_30m_003409,REGN,2026-07-15 16:02:00+00:00,669.1,661.78,6.916816966905462,11.852821660619469,106,rs_trailing_30m
rs_trailing_30m_003410,REGN,2026-07-15 16:46:00+00:00,661.78,665.37,6.439734971985486,2.503649379824098,104,rs_trailing_30m
rs_trailing_30m_003411,REGN,2026-07-16 14:00:00+00:00,680.29,671.9305,4.646563442480714,1.2342763905877208,114,rs_trailing_30m
rs_trailing_30m_003412,REGN,2026-07-16 14:59:00+00:00,680.29,675.96,1.9983756372894648,2.5083777530560676,110,rs_trailing_30m
rs_trailing_30m_003413,REGN,2026-07-17 14:00:00+00:00,689.105,678.795,0.5816911483205697,7.468289709645969,119,rs_trailing_30m
rs_trailing_30m_003414,REGN,2026-07-17 15:05:00+00:00,686.29,673.86,0.46577846088663305,18.210435309506416,110,rs_trailing_30m
rs_trailing_30m_003415,REGN,2026-07-17 15:30:00+00:00,673.86,683.205,18.88776569400989,0.1322957726413445,111,rs_trailing_30m
rs_trailing_30m_003416,REGN,2026-07-17 19:16:00+00:00,677.795,672.37,5.266130540491371,17.866467177860965,45,rs_trailing_30m
rs_trailing_30m_003417,REGN,2026-07-20 14:02:00+00:00,670.32,677.94,0.8546495851008477,6.545838867704263,110,rs_trailing_30m
rs_trailing_30m_003418,REGN,2026-07-20 14:57:00+00:00,680.34,673.52,8.5560812493318,5.030059407348599,112,rs_trailing_30m
rs_trailing_30m_003419,REGN,2026-07-20 17:06:00+00:00,681.74,671.98,0.4111579768194002,39.717860560744896,111,rs_trailing_30m
rs_trailing_30m_003420,REGN,2026-07-20 17:49:00+00:00,671.98,677.2122,16.56874418483763,2.155010312766712,115,rs_trailing_30m
rs_trailing_30m_003421,REGN,2026-07-21 14:00:00+00:00,678.67,668.5301,4.312144815440351,4.893058808577262,106,rs_trailing_30m
rs_trailing_30m_003422,REGN,2026-07-22 14:00:00+00:00,665.59,674.835,5.105990189462577,5.758193769474705,110,rs_trailing_30m
rs_trailing_30m_003423,REGN,2026-07-22 15:14:00+00:00,648.901,669.28,51.08721345920911,0.45525513256374345,119,rs_trailing_30m
rs_trailing_30m_003424,REGN,2026-07-22 16:05:00+00:00,648.901,664.7,39.26754138245383,1.230394925489814,120,rs_trailing_30m
rs_trailing_30m_003425,REGN,2026-07-22 17:36:00+00:00,656.1,651.09,4.607399287981324,2.43012218542922,116,rs_trailing_30m
rs_trailing_30m_003426,REGN,2026-07-22 18:42:00+00:00,656.1,650.0,1.5137920886604948,10.964764317865098,78,rs_trailing_30m
rs_trailing_30m_003427,REGN,2026-07-23 14:00:00+00:00,638.27,655.2,0.45151566746754257,8.089445505968971,120,rs_trailing_30m
rs_trailing_30m_003428,REGN,2026-07-23 15:56:00+00:00,649.705,652.62,2.4641871467998673,3.2822972795373513,118,rs_trailing_30m
rs_trailing_30m_003429,REGN,2026-07-24 14:04:00+00:00,667.5,659.375,5.136561783360482,1.9975518046401595,118,rs_trailing_30m
rs_trailing_30m_003430,REGN,2026-07-24 15:47:00+00:00,667.33,663.41,2.8894290067477573,4.102275750321001,106,rs_trailing_30m
rs_trailing_30m_003431,REGN,2026-07-24 17:51:00+00:00,658.23,662.6099,14.688437389027172,3.1820867554728296,121,rs_trailing_30m
rs_trailing_30m_003432,REGN,2026-07-27 14:00:00+00:00,678.12,669.6002,3.788597929177359,1.7337453791212267,115,rs_trailing_30m
rs_trailing_30m_003433,REGN,2026-07-27 16:42:00+00:00,671.62,674.39,3.9666601639459085,2.4966625737775034,104,rs_trailing_30m
rs_trailing_30m_003434,REGN,2026-07-27 19:09:00+00:00,666.85,672.48,24.35443037975058,4.151898734178154,52,rs_trailing_30m
rs_trailing_30m_003435,REGN,2026-07-28 14:00:00+00:00,693.95,682.49,4.013517026254378,3.9303353262282994,120,rs_trailing_30m
rs_trailing_30m_003436,REGN,2026-07-28 15:59:00+00:00,682.49,688.98,1.583529388158319,8.346041364641508,118,rs_trailing_30m
rs_trailing_30m_003437,REGN,2026-07-28 16:30:00+00:00,688.98,685.56,6.066705719593015,2.316378547481071,118,rs_trailing_30m
rs_trailing_30m_003438,REGN,2026-07-28 19:35:00+00:00,696.74,692.21,9.559686232442305,2.0192920116655224,26,rs_trailing_30m
rs_trailing_30m_003439,REGN,2026-07-29 14:02:00+00:00,702.6,694.41,4.714034299123566,2.1495996404003916,110,rs_trailing_30m
rs_trailing_30m_003440,REGN,2026-07-29 15:07:00+00:00,694.41,698.83,4.394022880922974,2.1673220966714943,109,rs_trailing_30m
rs_trailing_30m_003441,REGN,2026-07-29 16:16:00+00:00,698.83,694.51,3.992965759800584,4.944657080789133,116,rs_trailing_30m
rs_trailing_30m_003442,REGN,2026-07-29 16:51:00+00:00,694.65,698.83,0.0593803332335738,9.869011383429147,117,rs_trailing_30m
rs_trailing_30m_003443,REGN,2026-07-29 18:01:00+00:00,692.36,698.63,7.78454030947424,6.322126667520798,119,rs_trailing_30m
rs_trailing_30m_003444,REGN,2026-07-29 18:31:00+00:00,698.63,692.36,1.6413451098466147,12.360333582314002,89,rs_trailing_30m
rs_trailing_30m_003445,REGN,2026-07-29 18:50:00+00:00,692.36,698.63,8.150892831609674,6.70553102135352,71,rs_trailing_30m
rs_trailing_30m_003446,REGN,2026-07-30 14:00:00+00:00,720.94,699.05,3.7779414182145676,3.3821570791635085,118,rs_trailing_30m
rs_trailing_30m_003447,REGN,2026-07-30 15:22:00+00:00,699.05,722.0,2.593984530336028,15.283476421979657,117,rs_trailing_30m
rs_trailing_30m_003448,REGN,2026-07-30 16:00:00+00:00,722.0,704.045,14.538575444232753,1.796851470735919,118,rs_trailing_30m
rs_trailing_30m_003449,REGN,2026-07-30 18:14:00+00:00,740.06,721.02,21.298452012381055,1.887512899896643,107,rs_trailing_30m
rs_trailing_30m_003450,REGN,2026-07-30 19:27:00+00:00,740.06,733.19,2.4536308772600486,3.8127052293483668,34,rs_trailing_30m
rs_trailing_30m_003451,REGN,2026-07-31 14:00:00+00:00,745.01,733.94,0.20475625963578206,2.8582867054562,118,rs_trailing_30m
rs_trailing_30m_003452,REGN,2026-07-31 15:45:00+00:00,757.86,738.1901,19.04602365331537,3.8253671072675233,116,rs_trailing_30m
rs_trailing_30m_003453,REGN,2026-07-31 16:21:00+00:00,738.5,759.19,0.9056218709809081,25.48496476365864,116,rs_trailing_30m
rs_trailing_30m_003454,REGN,2026-07-31 16:58:00+00:00,759.19,743.55,26.339472066740456,2.4480431760143775,120,rs_trailing_30m
rs_trailing_30m_003455,REGN,2026-07-31 18:59:00+00:00,764.75,756.54,8.997952846706266,4.030828964838585,62,rs_trailing_30m
rs_trailing_30m_003456,REGN,2026-07-31 19:40:00+00:00,764.75,759.65,2.045489862516371,4.315484709943157,21,rs_trailing_30m
rs_trailing_30m_003457,REGN,2026-08-03 14:00:00+00:00,758.4,768.5,2.71521750689764,1.9093519399262944,121,rs_trailing_30m
rs_trailing_30m_003458,REGN,2026-08-03 15:10:00+00:00,767.229,759.85,1.2599537697474634,6.430037021787768,118,rs_trailing_30m
rs_trailing_30m_003459,REGN,2026-08-04 14:01:00+00:00,759.83,751.525,0.49736266537305424,4.794881967455712,119,rs_trailing_30m
rs_trailing_30m_003460,REGN,2026-08-04 14:27:00+00:00,751.525,759.36,1.326573135157601,4.115154882622517,118,rs_trailing_30m
rs_trailing_30m_003461,REGN,2026-08-04 15:53:00+00:00,754.78,762.74,0.0,13.40876230048842,114,rs_trailing_30m
rs_trailing_30m_003462,REGN,2026-08-04 17:11:00+00:00,757.525,763.54,3.3908685968825174,11.551310604764486,109,rs_trailing_30m
rs_trailing_30m_003463,REGN,2026-08-04 18:06:00+00:00,763.54,757.83,2.362133462048529,9.265264872690512,108,rs_trailing_30m
rs_trailing_30m_003464,REGN,2026-08-05 14:02:00+00:00,770.0,776.99,3.4551753914850947,0.7160985267326937,116,rs_trailing_30m
rs_trailing_30m_003465,REGN,2026-08-05 15:56:00+00:00,778.61,769.01,8.813408031192527,12.233536520909176,107,rs_trailing_30m
rs_trailing_30m_003466,REGN,2026-08-05 16:43:00+00:00,767.56,775.97,23.503567124867452,2.5049854435715746,96,rs_trailing_30m
rs_trailing_30m_003467,REGN,2026-08-05 17:09:00+00:00,766.48,772.505,13.024413829134085,5.056713664076051,98,rs_trailing_30m
rs_trailing_30m_003468,REGN,2026-08-05 17:34:00+00:00,763.53,772.505,17.965012495538943,9.270796144234781,100,rs_trailing_30m
rs_trailing_30m_003469,REGN,2026-08-05 19:26:00+00:00,763.31,770.09,9.442439611174649,13.922429207717586,35,rs_trailing_30m
rs_trailing_30m_003470,REGN,2026-08-06 14:00:00+00:00,762.785,777.36,8.925165929581905,5.520619014744217,102,rs_trailing_30m
rs_trailing_30m_003471,REGN,2026-08-07 14:00:00+00:00,782.13,774.77,1.6117320650019897,3.755846214823563,109,rs_trailing_30m
rs_trailing_30m_003472,REGN,2026-08-07 16:27:00+00:00,784.99,780.53,11.732431185606881,2.2586498539137043,100,rs_trailing_30m
rs_trailing_30m_003473,REGN,2026-08-07 19:42:00+00:00,785.99,783.23,0.9408127950542178,7.71466491944587,19,rs_trailing_30m
rs_trailing_30m_003474,REGN,2026-08-10 14:00:00+00:00,798.33,793.19,0.8209405357697297,2.1506329528613852,117,rs_trailing_30m
rs_trailing_30m_003475,REGN,2026-08-10 16:13:00+00:00,804.94,801.17,4.234196284503611,3.5716325627230145,106,rs_trailing_30m
rs_trailing_30m_003476,REGN,2026-08-11 14:11:00+00:00,802.63,807.81,2.319700752994646,2.9853985408297348,117,rs_trailing_30m
rs_trailing_30m_003477,REGN,2026-08-12 14:00:00+00:00,798.415,790.03,4.493965778730426,1.760291989676997,107,rs_trailing_30m
rs_trailing_30m_003478,REGN,2026-08-12 14:34:00+00:00,791.9,797.38,1.3128844111286184,4.9432952175539855,102,rs_trailing_30m
rs_trailing_30m_003479,REGN,2026-08-12 18:18:00+00:00,801.355,794.22,9.344678780890806,19.581257488807232,87,rs_trailing_30m
rs_trailing_30m_003480,REGN,2026-08-13 14:00:00+00:00,813.17,803.02,3.975127190503249,2.910118711136306,114,rs_trailing_30m
rs_trailing_30m_003481,REGN,2026-08-13 14:32:00+00:00,803.02,815.8,0.0,12.416586129136286,116,rs_trailing_30m
rs_trailing_30m_003482,REGN,2026-08-13 15:43:00+00:00,815.8,808.245,16.642299121888858,2.3218893948335517,118,rs_trailing_30m
rs_trailing_30m_003483,REGN,2026-08-14 14:17:00+00:00,803.17,796.44,3.2887725782731745,2.6771140664110873,84,rs_trailing_30m
rs_trailing_30m_003484,REGN,2026-08-14 15:49:00+00:00,804.62,801.17,4.209782397512867,3.051729162619009,72,rs_trailing_30m
rs_trailing_30m_003485,SBUX,2026-07-01 14:00:00+00:00,102.77,101.47,0.6298200514138865,5.218508997429309,121,rs_trailing_30m
rs_trailing_30m_003486,SBUX,2026-07-01 15:27:00+00:00,101.4,103.76,5.908856619804108,19.67811883476105,121,rs_trailing_30m
rs_trailing_30m_003487,SBUX,2026-07-01 16:28:00+00:00,103.76,102.2,13.861910098370359,0.9494458971485955,121,rs_trailing_30m
rs_trailing_30m_003488,SBUX,2026-07-02 14:00:00+00:00,103.18,105.47,1.0561376890615781,7.901474562608944,121,rs_trailing_30m
rs_trailing_30m_003489,SBUX,2026-07-02 15:55:00+00:00,105.75,103.86,4.538106070361026,11.95616406998976,121,rs_trailing_30m
rs_trailing_30m_003490,SBUX,2026-07-02 16:52:00+00:00,103.86,104.96,9.46276055132598,2.5016493411550194,121,rs_trailing_30m
rs_trailing_30m_003491,SBUX,2026-07-02 17:28:00+00:00,103.86,104.43,3.7992027902341956,2.8640144110996526,121,rs_trailing_30m
rs_trailing_30m_003492,SBUX,2026-07-06 14:00:00+00:00,100.09,101.87,6.7100193891166295,0.6855437765970832,121,rs_trailing_30m
rs_trailing_30m_003493,SBUX,2026-07-06 15:27:00+00:00,100.09,101.17,0.7300337756975112,8.030371532672277,121,rs_trailing_30m
rs_trailing_30m_003494,SBUX,2026-07-06 15:57:00+00:00,101.3,100.37,5.081518505296232,4.562996208837458,121,rs_trailing_30m
rs_trailing_30m_003495,SBUX,2026-07-06 16:39:00+00:00,101.65,100.51,6.146822754197867,6.0399214889074155,121,rs_trailing_30m
rs_trailing_30m_003496,SBUX,2026-07-06 17:06:00+00:00,100.54,101.88,0.2793654282992288,14.694621528544422,121,rs_trailing_30m
rs_trailing_30m_003497,SBUX,2026-07-06 17:48:00+00:00,102.18,100.98,14.026470334230929,1.7780032818037808,121,rs_trailing_30m
rs_trailing_30m_003498,SBUX,2026-07-07 14:00:00+00:00,105.75,103.19,3.8340455745036603,8.512063445281695,121,rs_trailing_30m
rs_trailing_30m_003499,SBUX,2026-07-07 17:33:00+00:00,104.0,103.17,0.4561543446833318,12.164115858221678,121,rs_trailing_30m
rs_trailing_30m_003500,SBUX,2026-07-07 19:00:00+00:00,103.99,103.4,6.611122400594758,5.578134525501864,61,rs_trailing_30m
rs_trailing_30m_003501,SBUX,2026-07-08 14:00:00+00:00,102.215,103.94,0.6099225360729036,5.235168434625976,121,rs_trailing_30m
rs_trailing_30m_003502,SBUX,2026-07-08 15:56:00+00:00,102.57,103.385,3.2282350962757493,5.13214495922078,121,rs_trailing_30m
rs_trailing_30m_003503,SBUX,2026-07-08 18:22:00+00:00,104.3,103.18,13.821326181449782,1.97447516877834,99,rs_trailing_30m
rs_trailing_30m_003504,SBUX,2026-07-09 14:00:00+00:00,107.25,105.0801,5.428680623381237,0.8371141025097023,121,rs_trailing_30m
rs_trailing_30m_003505,SBUX,2026-07-09 15:31:00+00:00,107.43,106.74,3.0822232429955334,2.4417612704250553,121,rs_trailing_30m
rs_trailing_30m_003506,SBUX,2026-07-10 14:00:00+00:00,107.53,106.22,3.274027879677142,2.5613143276385952,121,rs_trailing_30m
rs_trailing_30m_003507,SBUX,2026-07-10 14:38:00+00:00,107.53,106.045,2.865475328335668,5.999588968702728,121,rs_trailing_30m
rs_trailing_30m_003508,SBUX,2026-07-10 15:34:00+00:00,106.045,107.015,7.5869362890261645,2.4257551400287696,121,rs_trailing_30m
rs_trailing_30m_003509,SBUX,2026-07-10 16:31:00+00:00,106.045,106.97,3.3158180829865507,11.289571092073647,121,rs_trailing_30m
rs_trailing_30m_003510,SBUX,2026-07-13 14:00:00+00:00,108.11,107.22,3.072486115275289,0.9937036878399693,121,rs_trailing_30m
rs_trailing_30m_003511,SBUX,2026-07-13 15:56:00+00:00,108.24,107.7102,3.059911452313542,3.9885280582767613,121,rs_trailing_30m
rs_trailing_30m_003512,SBUX,2026-07-14 14:01:00+00:00,106.62,107.59,3.7451130841463605,1.0985665046829267,121,rs_trailing_30m
rs_trailing_30m_003513,SBUX,2026-07-14 18:16:00+00:00,106.15,107.0,11.104624767068584,6.462713874302065,105,rs_trailing_30m
rs_trailing_30m_003514,SBUX,2026-07-15 14:01:00+00:00,107.41,106.23,5.174207719764634,0.45304122891948123,121,rs_trailing_30m
rs_trailing_30m_003515,SBUX,2026-07-15 15:04:00+00:00,107.3,106.3,0.0,10.854671957580068,121,rs_trailing_30m
rs_trailing_30m_003516,SBUX,2026-07-15 16:27:00+00:00,106.98,105.555,2.7217133408579293,20.092648486921497,121,rs_trailing_30m
rs_trailing_30m_003517,SBUX,2026-07-15 17:06:00+00:00,105.04,106.5801,25.8141359789335,0.5145731741496808,121,rs_trailing_30m
rs_trailing_30m_003518,SBUX,2026-07-15 18:10:00+00:00,104.705,105.99,26.899816408077797,1.317542028150478,111,rs_trailing_30m
rs_trailing_30m_003519,SBUX,2026-07-15 19:06:00+00:00,104.705,105.52,5.336513110590548,6.579262739084371,55,rs_trailing_30m
rs_trailing_30m_003520,SBUX,2026-07-16 14:00:00+00:00,108.71,107.72,2.7906095278704246,0.8445265676450217,121,rs_trailing_30m
rs_trailing_30m_003521,SBUX,2026-07-16 14:46:00+00:00,108.6864,108.055,0.823166267634839,2.987296938997145,121,rs_trailing_30m
rs_trailing_30m_003522,SBUX,2026-07-16 15:06:00+00:00,108.68,108.055,0.7336404199791042,3.8516122048899057,121,rs_trailing_30m
rs_trailing_30m_003523,SBUX,2026-07-17 14:00:00+00:00,106.87,108.38,4.756511891279302,0.6437384514513085,121,rs_trailing_30m
rs_trailing_30m_003524,SBUX,2026-07-17 15:54:00+00:00,105.68,107.09,18.18864362786402,0.261707102559331,120,rs_trailing_30m
rs_trailing_30m_003525,SBUX,2026-07-20 14:00:00+00:00,106.29,104.5008,0.8824947161555236,6.636360265489286,121,rs_trailing_30m
rs_trailing_30m_003526,SBUX,2026-07-20 14:50:00+00:00,103.22,105.56,18.42521044106333,0.5264345840303611,121,rs_trailing_30m
rs_trailing_30m_003527,SBUX,2026-07-20 15:08:00+00:00,103.22,105.4,19.309193757916287,2.557841251048752,121,rs_trailing_30m
rs_trailing_30m_003528,SBUX,2026-07-20 16:34:00+00:00,103.22,104.96,9.396506745509004,16.97433476608051,121,rs_trailing_30m
rs_trailing_30m_003529,SBUX,2026-07-20 18:02:00+00:00,105.175,104.21,4.490954985275788,7.891249474127702,119,rs_trailing_30m
rs_trailing_30m_003530,SBUX,2026-07-21 14:00:00+00:00,103.9201,105.33,0.637010991234799,5.782730227792767,121,rs_trailing_30m
rs_trailing_30m_003531,SBUX,2026-07-21 14:57:00+00:00,105.33,104.36,2.1662854951208685,6.238902225948092,121,rs_trailing_30m
rs_trailing_30m_003532,SBUX,2026-07-21 15:26:00+00:00,104.36,105.26,1.9674095006990404,6.464345502297151,121,rs_trailing_30m
rs_trailing_30m_003533,SBUX,2026-07-22 14:10:00+00:00,103.9,105.19,6.366551297040358,0.2037296415052509,121,rs_trailing_30m
rs_trailing_30m_003534,SBUX,2026-07-22 15:11:00+00:00,103.9,104.395,0.46000414757834646,5.232547178704712,121,rs_trailing_30m
rs_trailing_30m_003535,SBUX,2026-07-22 18:51:00+00:00,102.91,104.26,12.263067202760318,15.560698719469203,70,rs_trailing_30m
rs_trailing_30m_003536,SBUX,2026-07-22 19:35:00+00:00,104.26,103.38,8.749282845669459,1.5165423599161523,26,rs_trailing_30m
rs_trailing_30m_003537,SBUX,2026-07-23 14:00:00+00:00,101.93,103.065,0.2778786096055479,4.978658422100403,121,rs_trailing_30m
rs_trailing_30m_003538,SBUX,2026-07-23 14:26:00+00:00,103.065,102.09,2.659948030058367,2.4755951962919616,121,rs_trailing_30m
rs_trailing_30m_003539,SBUX,2026-07-23 14:55:00+00:00,103.065,102.09,1.450999048525241,6.633138507544043,121,rs_trailing_30m
rs_trailing_30m_003540,SBUX,2026-07-23 15:35:00+00:00,102.09,103.16,0.6607145620250912,9.438779457502223,121,rs_trailing_30m
rs_trailing_30m_003541,SBUX,2026-07-23 16:55:00+00:00,103.44,102.85,6.657022486169629,2.477031622761002,121,rs_trailing_30m
rs_trailing_30m_003542,SBUX,2026-07-23 18:19:00+00:00,103.44,102.69,0.32613344739088423,11.903870829769708,102,rs_trailing_30m
rs_trailing_30m_003543,SBUX,2026-07-24 14:08:00+00:00,104.01,104.9502,0.6759578244075455,4.231652573337641,121,rs_trailing_30m
rs_trailing_30m_003544,SBUX,2026-07-24 15:15:00+00:00,104.02,104.9502,4.451696408901023,3.3614507600795798,121,rs_trailing_30m
rs_trailing_30m_003545,SBUX,2026-07-24 16:22:00+00:00,103.72,104.48,5.892790252943663,3.247047690397686,121,rs_trailing_30m
rs_trailing_30m_003546,SBUX,2026-07-27 14:00:00+00:00,105.63,104.22,1.9967865255691897,3.3154191367941017,121,rs_trailing_30m
rs_trailing_30m_003547,SBUX,2026-07-28 14:10:00+00:00,103.09,105.64,7.5253315337967095,4.468165598191826,121,rs_trailing_30m
rs_trailing_30m_003548,SBUX,2026-07-28 14:48:00+00:00,103.07,105.08,12.463110102156508,0.7913085779147286,121,rs_trailing_30m
rs_trailing_30m_003549,SBUX,2026-07-28 15:33:00+00:00,103.02,104.41,10.53240352700727,3.6812284172064147,121,rs_trailing_30m
rs_trailing_30m_003550,SBUX,2026-07-28 16:41:00+00:00,102.87,103.46,2.068465913469943,3.478783581744831,121,rs_trailing_30m
rs_trailing_30m_003551,SBUX,2026-07-29 16:05:00+00:00,104.22,103.41,3.6746987951815275,6.955679862307878,121,rs_trailing_30m
rs_trailing_30m_003552,SBUX,2026-07-29 17:12:00+00:00,103.41,104.86,5.349433351323023,18.51726929304107,121,rs_trailing_30m
rs_trailing_30m_003553,SBUX,2026-07-29 19:41:00+00:00,104.37,103.31,7.607038935846424,2.3478515234093833,20,rs_trailing_30m
rs_trailing_30m_003554,SBUX,2026-07-30 14:00:00+00:00,108.36,105.2,1.1978569846275242,3.987386948828574,121,rs_trailing_30m
rs_trailing_30m_003555,SBUX,2026-07-30 15:03:00+00:00,108.36,105.2,5.288311322540057,3.1944621694531263,121,rs_trailing_30m
rs_trailing_30m_003556,SBUX,2026-07-30 15:39:00+00:00,108.36,106.45,5.328711922676571,1.2376363175248812,121,rs_trailing_30m
rs_trailing_30m_003557,SBUX,2026-07-30 17:06:00+00:00,106.33,108.19,3.9391688999391508,8.272254689872039,121,rs_trailing_30m
rs_trailing_30m_003558,SBUX,2026-07-30 17:24:00+00:00,106.33,108.19,5.682670113563305,5.956759917521038,121,rs_trailing_30m
rs_trailing_30m_003559,SBUX,2026-07-30 18:38:00+00:00,108.19,105.535,1.746438074707951,16.437064232545755,83,rs_trailing_30m
rs_trailing_30m_003560,SBUX,2026-07-30 19:02:00+00:00,105.535,106.99,8.901798892478222,0.9477200341801963,59,rs_trailing_30m
rs_trailing_30m_003561,SBUX,2026-07-31 14:02:00+00:00,107.35,104.59,0.4950996530503593,7.542988831767803,121,rs_trailing_30m
rs_trailing_30m_003562,SBUX,2026-07-31 15:56:00+00:00,104.7701,105.94,3.4241145983304415,6.84998560322587,121,rs_trailing_30m
rs_trailing_30m_003563,SBUX,2026-07-31 16:28:00+00:00,104.7701,106.07,0.6396771765199863,13.242065089896387,121,rs_trailing_30m
rs_trailing_30m_003564,SBUX,2026-07-31 17:50:00+00:00,106.07,105.32,4.047540055813474,4.880857126128298,121,rs_trailing_30m
rs_trailing_30m_003565,SBUX,2026-08-03 14:00:00+00:00,104.48,106.19,5.562583307156004,0.5348637795342,121,rs_trailing_30m
rs_trailing_30m_003566,SBUX,2026-08-03 15:24:00+00:00,104.08,105.47,5.076406462915954,3.17646486276024,121,rs_trailing_30m
rs_trailing_30m_003567,SBUX,2026-08-03 16:21:00+00:00,104.08,104.805,6.113755950888155,1.8013745212438925,121,rs_trailing_30m
rs_trailing_30m_003568,SBUX,2026-08-03 19:39:00+00:00,103.3,103.9701,5.655129789861114,2.2396670271929056,22,rs_trailing_30m
rs_trailing_30m_003569,SBUX,2026-08-04 14:00:00+00:00,101.8,104.48,2.2829496701572087,9.153134658854706,121,rs_trailing_30m
rs_trailing_30m_003570,SBUX,2026-08-04 16:11:00+00:00,105.23,104.19,5.075290523212698,3.5776638114450767,121,rs_trailing_30m
rs_trailing_30m_003571,SBUX,2026-08-04 17:03:00+00:00,104.23,105.24,0.4395382686514683,8.439134758108615,121,rs_trailing_30m
rs_trailing_30m_003572,SBUX,2026-08-04 18:31:00+00:00,104.33,105.66,0.8415959971304139,14.082706351981674,90,rs_trailing_30m
rs_trailing_30m_003573,SBUX,2026-08-04 19:02:00+00:00,105.66,104.76,6.225256453116352,3.434624249995166,59,rs_trailing_30m
rs_trailing_30m_003574,SBUX,2026-08-05 14:02:00+00:00,105.96,104.79,2.2418914102410397,2.901271236782559,121,rs_trailing_30m
rs_trailing_30m_003575,SBUX,2026-08-05 14:42:00+00:00,106.42,104.79,4.8783054307445175,5.584375953615335,121,rs_trailing_30m
rs_trailing_30m_003576,SBUX,2026-08-05 15:34:00+00:00,106.42,105.54,7.514139977097114,1.7991602762061987,121,rs_trailing_30m
rs_trailing_30m_003577,SBUX,2026-08-05 18:46:00+00:00,105.17,106.12,5.933138097591476,15.745635720530863,75,rs_trailing_30m
rs_trailing_30m_003578,SBUX,2026-08-06 14:00:00+00:00,103.6905,105.28,4.1619550285589675,4.112500903766894,120,rs_trailing_30m
rs_trailing_30m_003579,SBUX,2026-08-06 18:51:00+00:00,105.7919,104.87,0.659458493431802,15.816280940029651,70,rs_trailing_30m
rs_trailing_30m_003580,SBUX,2026-08-07 14:00:00+00:00,106.72,104.8501,9.355754221653964,0.7274301121044018,121,rs_trailing_30m
rs_trailing_30m_003581,SBUX,2026-08-07 18:50:00+00:00,106.85,105.52,6.832245960853451,15.88497185898473,71,rs_trailing_30m
rs_trailing_30m_003582,SBUX,2026-08-10 14:06:00+00:00,104.525,105.7,0.8858813448258646,4.740662331771192,121,rs_trailing_30m
rs_trailing_30m_003583,SBUX,2026-08-10 14:58:00+00:00,105.7,104.85,0.7543793284060037,6.789413955653402,121,rs_trailing_30m
rs_trailing_30m_003584,SBUX,2026-08-10 18:51:00+00:00,104.28,104.81,2.37051084508471,10.193196633864995,70,rs_trailing_30m
rs_trailing_30m_003585,SBUX,2026-08-11 14:00:00+00:00,106.775,105.705,2.8144003484495017,2.921615599818984,121,rs_trailing_30m
rs_trailing_30m_003586,SBUX,2026-08-11 15:09:00+00:00,106.795,105.95,2.220472707571027,6.50650142218472,121,rs_trailing_30m
rs_trailing_30m_003587,SBUX,2026-08-12 15:08:00+00:00,108.45,106.9564,14.74617244157491,0.8743120681671817,121,rs_trailing_30m
rs_trailing_30m_003588,SBUX,2026-08-12 16:06:00+00:00,108.45,107.71,8.761931238992434,1.6958576591598777,121,rs_trailing_30m
rs_trailing_30m_003589,SBUX,2026-08-13 14:24:00+00:00,110.36,109.51,0.5103203171275094,3.8274023784565374,121,rs_trailing_30m
rs_trailing_30m_003590,SBUX,2026-08-13 15:10:00+00:00,110.28,109.57,0.5363344616873617,5.810290001612915,121,rs_trailing_30m
rs_trailing_30m_003591,SBUX,2026-08-13 18:02:00+00:00,108.45,109.82,17.294628979321494,6.759829601054439,119,rs_trailing_30m
rs_trailing_30m_003592,SBUX,2026-08-14 14:15:00+00:00,108.8182,107.68,0.9979170716806265,7.220818174244887,121,rs_trailing_30m
rs_trailing_30m_003593,SBUX,2026-08-14 14:45:00+00:00,107.68,108.15,1.3695170207392504,2.6534392276823735,121,rs_trailing_30m
rs_trailing_30m_003594,STX,2026-07-01 14:00:00+00:00,931.67,894.43,0.6074764767247285,6.858670055694115,121,rs_trailing_30m
rs_trailing_30m_003595,STX,2026-07-01 17:33:00+00:00,929.99,912.79,6.741888803013988,1.1005918486639845,121,rs_trailing_30m
rs_trailing_30m_003596,STX,2026-07-01 18:29:00+00:00,929.99,909.99,6.85579884323543,4.59916998422558,92,rs_trailing_30m
rs_trailing_30m_003597,STX,2026-07-01 19:03:00+00:00,929.99,909.99,3.6534103494679577,6.74036020378374,58,rs_trailing_30m
rs_trailing_30m_003598,STX,2026-07-02 14:00:00+00:00,917.0,845.0101,0.6046471050363899,14.379340718323206,121,rs_trailing_30m
rs_trailing_30m_003599,STX,2026-07-02 18:46:00+00:00,821.32,802.78,6.241757156654304,0.7378675528976256,75,rs_trailing_30m
rs_trailing_30m_003600,STX,2026-07-06 14:06:00+00:00,886.89,857.0002,2.58700013576111,3.3840358995958733,121,rs_trailing_30m
rs_trailing_30m_003601,STX,2026-07-06 18:02:00+00:00,869.94,854.4901,6.792840030882684,0.8425691501384018,119,rs_trailing_30m
rs_trailing_30m_003602,STX,2026-07-06 18:49:00+00:00,854.4901,869.94,1.4186811113808304,9.623931263410022,72,rs_trailing_30m
rs_trailing_30m_003603,STX,2026-07-06 19:23:00+00:00,869.94,859.77,4.841612629876969,2.243164412691204,38,rs_trailing_30m
rs_trailing_30m_003604,STX,2026-07-07 14:00:00+00:00,786.01,822.83,6.739527654411742,1.2678749992004106,121,rs_trailing_30m
rs_trailing_30m_003605,STX,2026-07-07 16:51:00+00:00,817.06,825.9999,0.9818426978134334,2.1418496631055013,121,rs_trailing_30m
rs_trailing_30m_003606,STX,2026-07-07 18:34:00+00:00,829.855,815.2,2.566655477685716,4.444404359310376,87,rs_trailing_30m
rs_trailing_30m_003607,STX,2026-07-07 19:30:00+00:00,829.855,821.96,1.3329821085830633,2.04547495313868,31,rs_trailing_30m
rs_trailing_30m_003608,STX,2026-07-08 14:00:00+00:00,855.99,818.35,0.6204928123037088,5.921621881004769,121,rs_trailing_30m
rs_trailing_30m_003609,STX,2026-07-08 16:06:00+00:00,818.31,841.5299,0.9046698017018768,7.052278050016556,121,rs_trailing_30m
rs_trailing_30m_003610,STX,2026-07-08 17:29:00+00:00,841.5299,826.8801,0.9850687792598058,4.096469515187399,121,rs_trailing_30m
rs_trailing_30m_003611,STX,2026-07-08 17:55:00+00:00,826.8801,858.35,1.8371283159918006,11.977836053868721,121,rs_trailing_30m
rs_trailing_30m_003612,STX,2026-07-08 18:30:00+00:00,826.8801,862.41,1.2552059460443754,14.845498679524036,91,rs_trailing_30m
rs_trailing_30m_003613,STX,2026-07-09 14:00:00+00:00,937.54,902.55,1.6944624661298744,7.731490107778658,121,rs_trailing_30m
rs_trailing_30m_003614,STX,2026-07-09 16:23:00+00:00,905.64,918.82,2.5114160857334498,4.069193061377327,121,rs_trailing_30m
rs_trailing_30m_003615,STX,2026-07-09 16:47:00+00:00,905.055,918.82,1.4237417986969931,6.056336773464923,121,rs_trailing_30m
rs_trailing_30m_003616,STX,2026-07-09 17:24:00+00:00,918.82,899.24,2.7225497005763057,8.488285869830472,121,rs_trailing_30m
rs_trailing_30m_003617,STX,2026-07-09 18:44:00+00:00,888.17,910.0,10.928452674424245,2.704011433157567,77,rs_trailing_30m
rs_trailing_30m_003618,STX,2026-07-10 14:00:00+00:00,920.65,892.31,4.6404805260189,1.742010039735803,121,rs_trailing_30m
rs_trailing_30m_003619,STX,2026-07-10 16:56:00+00:00,913.01,925.2,1.9853463686529746,3.174860930681692,121,rs_trailing_30m
rs_trailing_30m_003620,STX,2026-07-10 17:44:00+00:00,925.2,911.05,0.3978583695658708,6.773728801588932,121,rs_trailing_30m
rs_trailing_30m_003621,STX,2026-07-10 19:34:00+00:00,908.8201,915.12,2.3583755707881857,1.2967033385105835,27,rs_trailing_30m
rs_trailing_30m_003622,STX,2026-07-13 14:01:00+00:00,846.65,877.73,1.8560430463217068,4.882954369528565,121,rs_trailing_30m
rs_trailing_30m_003623,STX,2026-07-13 15:45:00+00:00,842.8501,868.17,7.767774021293096,0.8775062411141474,121,rs_trailing_30m
rs_trailing_30m_003624,STX,2026-07-13 17:49:00+00:00,844.81,859.8,0.9055032736162776,5.349563118783517,121,rs_trailing_30m
rs_trailing_30m_003625,STX,2026-07-13 18:45:00+00:00,850.62,864.4299,1.101782446916383,5.291287054625867,76,rs_trailing_30m
rs_trailing_30m_003626,STX,2026-07-13 19:42:00+00:00,864.4299,853.375,4.010785247625319,2.1304119758782494,19,rs_trailing_30m
rs_trailing_30m_003627,STX,2026-07-14 14:02:00+00:00,868.93,894.49,4.3431413141024,1.8002284694314847,121,rs_trailing_30m
rs_trailing_30m_003628,STX,2026-07-14 15:04:00+00:00,873.005,891.115,1.0322358099101585,3.4614638337131898,121,rs_trailing_30m
rs_trailing_30m_003629,STX,2026-07-14 16:44:00+00:00,886.26,875.35,1.1034077163401952,3.012208757256961,121,rs_trailing_30m
rs_trailing_30m_003630,STX,2026-07-14 17:13:00+00:00,875.0,886.26,1.1428027923009751,3.256499580796177,121,rs_trailing_30m
rs_trailing_30m_003631,STX,2026-07-14 17:43:00+00:00,886.26,875.0,0.8740507235994467,4.173031916261852,121,rs_trailing_30m
rs_trailing_30m_003632,STX,2026-07-14 18:24:00+00:00,874.53,884.9999,2.252225433406554,3.0289783885919297,97,rs_trailing_30m
rs_trailing_30m_003633,STX,2026-07-14 19:20:00+00:00,884.9999,874.53,0.9078394166014169,3.7514683813764567,41,rs_trailing_30m
rs_trailing_30m_003634,STX,2026-07-15 14:00:00+00:00,795.47,843.92,12.146595385136738,0.5998318708709434,121,rs_trailing_30m
rs_trailing_30m_003635,STX,2026-07-15 15:47:00+00:00,788.97,816.22,4.300440955044457,4.638309313831312,121,rs_trailing_30m
rs_trailing_30m_003636,STX,2026-07-15 19:28:00+00:00,828.5,819.43,4.109364097274213,0.9239826093128841,33,rs_trailing_30m
rs_trailing_30m_003637,STX,2026-07-16 14:00:00+00:00,756.155,795.907,3.7656604441670276,5.179217594466245,121,rs_trailing_30m
rs_trailing_30m_003638,STX,2026-07-16 15:06:00+00:00,750.76,780.94,7.415057339615803,0.6667928051875543,121,rs_trailing_30m
rs_trailing_30m_003639,STX,2026-07-16 17:21:00+00:00,739.555,755.87,5.638587123899879,2.758739137515051,121,rs_trailing_30m
rs_trailing_30m_003640,STX,2026-07-16 19:36:00+00:00,747.26,739.47,1.94989872096676,1.9549113140797805,25,rs_trailing_30m
rs_trailing_30m_003641,STX,2026-07-17 14:00:00+00:00,771.21,727.91,10.098782884960698,0.9324305085508828,121,rs_trailing_30m
rs_trailing_30m_003642,STX,2026-07-17 19:00:00+00:00,784.35,796.3752,2.429612013770162,3.669880760340275,61,rs_trailing_30m
rs_trailing_30m_003643,STX,2026-07-17 19:30:00+00:00,796.3752,786.535,1.9618839242556019,3.312508237773897,31,rs_trailing_30m
rs_trailing_30m_003644,STX,2026-07-20 14:01:00+00:00,824.0,802.9762,0.9637003177418171,3.930174740263142,121,rs_trailing_30m
rs_trailing_30m_003645,STX,2026-07-20 16:25:00+00:00,802.02,813.5899,2.2194707815662444,2.483652844009403,121,rs_trailing_30m
rs_trailing_30m_003646,STX,2026-07-20 17:52:00+00:00,813.5899,801.29,1.1470265934565929,5.095865745521828,121,rs_trailing_30m
rs_trailing_30m_003647,STX,2026-07-20 19:00:00+00:00,811.6,797.01,0.3705035868809257,8.075820370295375,61,rs_trailing_30m
rs_trailing_30m_003648,STX,2026-07-20 19:18:00+00:00,797.01,809.8494,4.049524475305841,2.760359551968775,43,rs_trailing_30m
rs_trailing_30m_003649,STX,2026-07-21 14:00:00+00:00,889.98,855.01,3.4206987177517747,5.298093859491623,121,rs_trailing_30m
rs_trailing_30m_003650,STX,2026-07-21 16:01:00+00:00,899.9499,888.44,4.0823769210114405,1.084007549752339,121,rs_trailing_30m
rs_trailing_30m_003651,STX,2026-07-21 17:03:00+00:00,899.95,888.42,0.8279156883235235,5.535996235923341,121,rs_trailing_30m
rs_trailing_30m_003652,STX,2026-07-21 17:34:00+00:00,887.36,899.95,3.2380247564600766,4.432103500140661,121,rs_trailing_30m
rs_trailing_30m_003653,STX,2026-07-21 18:37:00+00:00,887.36,896.65,3.994890438347569,2.3383061780771213,84,rs_trailing_30m
rs_trailing_30m_003654,STX,2026-07-21 19:45:00+00:00,896.65,890.19,1.3367459518633515,2.40151329014416,16,rs_trailing_30m
rs_trailing_30m_003655,STX,2026-07-22 14:00:00+00:00,921.38,901.39,4.121262304010179,0.8945083783133365,121,rs_trailing_30m
rs_trailing_30m_003656,STX,2026-07-22 15:50:00+00:00,920.175,912.27,2.512758109732899,0.9966681901679155,121,rs_trailing_30m
rs_trailing_30m_003657,STX,2026-07-22 17:52:00+00:00,902.0601,914.3,7.451773215937798,1.3015698090198886,121,rs_trailing_30m
rs_trailing_30m_003658,STX,2026-07-22 18:28:00+00:00,902.0601,914.97,2.7168461155865185,5.309472946087902,93,rs_trailing_30m
rs_trailing_30m_003659,STX,2026-07-22 19:14:00+00:00,914.97,906.06,3.7381334387638234,1.2591312183082826,47,rs_trailing_30m
rs_trailing_30m_003660,STX,2026-07-23 14:05:00+00:00,934.99,912.12,1.0174777262679986,4.247163812136831,121,rs_trailing_30m
rs_trailing_30m_003661,STX,2026-07-23 16:03:00+00:00,936.49,919.63,2.8037885863216983,2.783903560886773,121,rs_trailing_30m
rs_trailing_30m_003662,STX,2026-07-23 18:17:00+00:00,908.7,926.99,5.158165814659129,4.587996659526384,104,rs_trailing_30m
rs_trailing_30m_003663,STX,2026-07-23 18:39:00+00:00,924.9299,908.7,0.488900936277469,8.044073905845202,82,rs_trailing_30m
rs_trailing_30m_003664,STX,2026-07-23 19:04:00+00:00,908.7,919.84,4.998955200906657,0.8445244358299906,57,rs_trailing_30m
rs_trailing_30m_003665,STX,2026-07-24 14:00:00+00:00,892.67,862.55,1.0937248578631478,4.3334568091612935,121,rs_trailing_30m
rs_trailing_30m_003666,STX,2026-07-24 15:49:00+00:00,896.36,868.16,3.9123418839040083,3.4330669793512074,121,rs_trailing_30m
rs_trailing_30m_003667,STX,2026-07-24 17:46:00+00:00,876.06,835.5,0.9468421385721086,15.535525732881057,121,rs_trailing_30m
rs_trailing_30m_003668,STX,2026-07-24 18:17:00+00:00,835.5,869.55,15.076868781795316,1.3956928103795732,104,rs_trailing_30m
rs_trailing_30m_003669,STX,2026-07-27 14:00:00+00:00,781.167,839.235,10.96065175940387,0.5428026644875419,121,rs_trailing_30m
rs_trailing_30m_003670,STX,2026-07-27 17:59:00+00:00,823.73,799.51,8.19800153139929,3.5736972147168844,121,rs_trailing_30m
rs_trailing_30m_003671,STX,2026-07-27 18:39:00+00:00,799.51,823.73,0.8312061587628019,11.673025620886213,82,rs_trailing_30m
rs_trailing_30m_003672,STX,2026-07-28 14:00:00+00:00,698.99,749.48,2.7651147688766566,7.81144922207652,121,rs_trailing_30m
rs_trailing_30m_003673,STX,2026-07-28 18:53:00+00:00,741.58,754.3,1.997636019404331,4.245590065810243,68,rs_trailing_30m
rs_trailing_30m_003674,STX,2026-07-29 14:00:00+00:00,750.1001,792.98,3.834741295165644,3.156501153253496,121,rs_trailing_30m
rs_trailing_30m_003675,STX,2026-07-29 17:58:00+00:00,769.57,814.97,7.341866251964275,9.560807573551921,121,rs_trailing_30m
rs_trailing_30m_003676,STX,2026-07-30 14:00:00+00:00,890.51,841.0,0.7409414534785943,7.682482510178132,121,rs_trailing_30m
rs_trailing_30m_003677,STX,2026-07-30 17:49:00+00:00,836.845,854.11,2.399017170795029,4.175432266312343,121,rs_trailing_30m
rs_trailing_30m_003678,STX,2026-07-30 18:56:00+00:00,836.845,855.34,0.42058323411153486,10.308640096774804,65,rs_trailing_30m
rs_trailing_30m_003679,STX,2026-07-31 14:00:00+00:00,837.7284,872.0,3.6916312806130263,2.846231769297938,121,rs_trailing_30m
rs_trailing_30m_003680,STX,2026-07-31 15:15:00+00:00,876.05,848.25,2.512957829251974,4.043671294738376,121,rs_trailing_30m
rs_trailing_30m_003681,STX,2026-07-31 16:17:00+00:00,893.85,857.635,11.048399393786177,1.0251607765809598,121,rs_trailing_30m
rs_trailing_30m_003682,STX,2026-07-31 19:01:00+00:00,853.5,874.1499,12.048259769034987,0.9233439538323881,60,rs_trailing_30m
rs_trailing_30m_003683,STX,2026-08-03 14:05:00+00:00,782.08,832.714,1.9755896288721817,8.438986661426108,121,rs_trailing_30m
rs_trailing_30m_003684,STX,2026-08-03 16:00:00+00:00,834.24,809.66,7.730515057202338,1.2921327286862012,121,rs_trailing_30m
rs_trailing_30m_003685,STX,2026-08-03 17:08:00+00:00,821.0,839.63,0.7050493888833542,7.428120960897954,121,rs_trailing_30m
rs_trailing_30m_003686,STX,2026-08-03 17:30:00+00:00,839.63,821.0,4.8318863925654405,3.819535375189905,121,rs_trailing_30m
rs_trailing_30m_003687,STX,2026-08-03 17:55:00+00:00,839.63,821.0,4.04248945275064,6.059667288328367,121,rs_trailing_30m
rs_trailing_30m_003688,STX,2026-08-03 18:37:00+00:00,821.0,834.0385,5.493704721693731,2.01858358599415,84,rs_trailing_30m
rs_trailing_30m_003689,STX,2026-08-03 19:35:00+00:00,834.0385,824.61,3.519148046927143,1.4268588637761026,26,rs_trailing_30m
rs_trailing_30m_003690,STX,2026-08-04 14:00:00+00:00,833.9738,867.9999,3.862462204265776,2.869937710112835,121,rs_trailing_30m
rs_trailing_30m_003691,STX,2026-08-04 17:11:00+00:00,859.01,878.3129,0.31063777696157613,11.220535194022704,121,rs_trailing_30m
rs_trailing_30m_003692,STX,2026-08-04 18:11:00+00:00,843.57,877.71,11.165282715948036,4.605621376830882,110,rs_trailing_30m
rs_trailing_30m_003693,STX,2026-08-04 18:44:00+00:00,877.71,843.57,2.723476474818068,16.933920322283086,77,rs_trailing_30m
rs_trailing_30m_003694,STX,2026-08-04 19:13:00+00:00,843.57,869.01,15.246942119220455,0.8758531053604575,48,rs_trailing_30m
rs_trailing_30m_003695,STX,2026-08-05 14:00:00+00:00,884.9,849.2961,3.9433963883789978,3.3577107708621194,121,rs_trailing_30m
rs_trailing_30m_003696,STX,2026-08-05 16:19:00+00:00,866.22,879.99,3.691254931743834,1.3238985374335288,121,rs_trailing_30m
rs_trailing_30m_003697,STX,2026-08-05 17:46:00+00:00,877.9428,841.81,2.516560043522174,17.368490853210165,121,rs_trailing_30m
rs_trailing_30m_003698,STX,2026-08-05 18:58:00+00:00,836.56,875.54,20.396426914709544,2.7761968432437354,63,rs_trailing_30m
rs_trailing_30m_003699,STX,2026-08-05 19:18:00+00:00,836.56,868.87,18.40683886618107,0.548538465016108,43,rs_trailing_30m
rs_trailing_30m_003700,STX,2026-08-06 14:00:00+00:00,874.97,832.6048,8.146574103538663,1.2549851776173275,121,rs_trailing_30m
rs_trailing_30m_003701,STX,2026-08-06 16:11:00+00:00,853.41,874.23,2.2011995198121412,3.8249640571094607,121,rs_trailing_30m
rs_trailing_30m_003702,STX,2026-08-06 18:46:00+00:00,851.86,865.4899,4.311707052701052,1.1172200565470336,75,rs_trailing_30m
rs_trailing_30m_003703,STX,2026-08-06 19:14:00+00:00,851.86,862.655,2.290409189091604,2.1405885163283944,47,rs_trailing_30m
rs_trailing_30m_003704,STX,2026-08-07 14:00:00+00:00,761.8,813.99,2.9171217193241468,7.001092126377947,121,rs_trailing_30m
rs_trailing_30m_003705,STX,2026-08-07 18:12:00+00:00,825.52,805.0,10.846964387710969,1.049332204262759,109,rs_trailing_30m
rs_trailing_30m_003706,STX,2026-08-10 14:00:00+00:00,826.895,803.1,4.1992590730388955,1.2909260721787266,121,rs_trailing_30m
rs_trailing_30m_003707,STX,2026-08-10 15:15:00+00:00,819.3304,808.0001,1.8627367479189427,1.7664832842277538,121,rs_trailing_30m
rs_trailing_30m_003708,STX,2026-08-10 19:40:00+00:00,800.19,808.87,5.739565161208829,1.3876774137973362,21,rs_trailing_30m
rs_trailing_30m_003709,STX,2026-08-11 14:00:00+00:00,796.7862,823.8414,0.47576627030879315,6.543511511596808,121,rs_trailing_30m
rs_trailing_30m_003710,STX,2026-08-11 16:31:00+00:00,826.0,815.66,4.385794983219554,1.4733401640678954,121,rs_trailing_30m
rs_trailing_30m_003711,STX,2026-08-11 17:53:00+00:00,826.9,817.0,2.8173091706228837,4.670304464052637,121,rs_trailing_30m
rs_trailing_30m_003712,STX,2026-08-11 19:30:00+00:00,826.9,819.32,1.0289752002609303,3.785612465157437,31,rs_trailing_30m
rs_trailing_30m_003713,STX,2026-08-12 14:00:00+00:00,888.8699,876.086,0.6502675264095604,2.857456441212317,121,rs_trailing_30m
rs_trailing_30m_003714,STX,2026-08-12 14:42:00+00:00,888.8699,877.314,0.49770840556989593,2.3377621938804585,121,rs_trailing_30m
rs_trailing_30m_003715,STX,2026-08-12 15:44:00+00:00,875.01,885.0,1.9877711581373065,2.2016452700887847,121,rs_trailing_30m
rs_trailing_30m_003716,STX,2026-08-12 16:55:00+00:00,873.0668,884.0,3.7348579232361354,2.9229958311375763,121,rs_trailing_30m
rs_trailing_30m_003717,STX,2026-08-12 18:55:00+00:00,856.7,879.99,11.386988051048931,4.426481375327455,66,rs_trailing_30m
rs_trailing_30m_003718,STX,2026-08-13 14:00:00+00:00,934.7727,882.668,10.841262304243388,1.8862355718189119,121,rs_trailing_30m
rs_trailing_30m_003719,STX,2026-08-13 16:36:00+00:00,925.23,909.22,1.5569003351213098,5.817648293663361,121,rs_trailing_30m
rs_trailing_30m_003720,STX,2026-08-13 17:24:00+00:00,925.23,909.22,3.154330127964272,6.22372471859247,121,rs_trailing_30m
rs_trailing_30m_003721,STX,2026-08-13 17:53:00+00:00,909.22,924.99,2.9558477551829423,7.759949738894,121,rs_trailing_30m
rs_trailing_30m_003722,STX,2026-08-13 19:03:00+00:00,924.99,914.23,1.0476552663246015,6.272325685398106,58,rs_trailing_30m
rs_trailing_30m_003723,STX,2026-08-13 19:33:00+00:00,914.23,922.3,2.2298710135640776,2.660090692811522,28,rs_trailing_30m
rs_trailing_30m_003724,STX,2026-08-14 14:00:00+00:00,990.61,943.07,1.9331124223606218,9.159242986091309,121,rs_trailing_30m
rs_trailing_30m_003725,STX,2026-08-14 16:11:00+00:00,978.9799,951.63,10.567237857975012,0.9015734742854524,121,rs_trailing_30m
rs_trailing_30m_003726,STX,2026-08-14 17:31:00+00:00,979.99,961.59,6.176008301082251,6.109240643773239,121,rs_trailing_30m
rs_trailing_30m_003727,STX,2026-08-14 17:53:00+00:00,979.99,961.59,4.778944976080287,7.485014237291773,121,rs_trailing_30m
rs_trailing_30m_003728,STX,2026-08-14 18:42:00+00:00,961.59,975.7,6.147465566449054,3.0954152321567943,79,rs_trailing_30m
rs_trailing_30m_003729,TSLA,2026-07-01 14:01:00+00:00,432.8599,422.92,7.991931347497523,1.403685206334015,121,rs_trailing_30m
rs_trailing_30m_003730,TSLA,2026-07-01 15:23:00+00:00,432.8599,425.46,1.2354457191247843,7.4722167029646265,121,rs_trailing_30m
rs_trailing_30m_003731,TSLA,2026-07-01 15:53:00+00:00,425.01,429.41,5.454167850818917,0.41339658526989326,121,rs_trailing_30m
rs_trailing_30m_003732,TSLA,2026-07-02 14:00:00+00:00,394.25,414.32,9.338008078063568,0.7043673058245693,121,rs_trailing_30m
rs_trailing_30m_003733,TSLA,2026-07-02 15:34:00+00:00,400.8,390.08,2.252201329546823,8.245471722647455,121,rs_trailing_30m
rs_trailing_30m_003734,TSLA,2026-07-02 18:06:00+00:00,394.45,389.3011,1.8821268077213436,7.391445173404226,115,rs_trailing_30m
rs_trailing_30m_003735,TSLA,2026-07-02 18:48:00+00:00,389.3011,394.2,4.461554878048077,3.8209534368065095,73,rs_trailing_30m
rs_trailing_30m_003736,TSLA,2026-07-06 14:00:00+00:00,414.64,400.92,11.3671539917475,1.521883426994302,121,rs_trailing_30m
rs_trailing_30m_003737,TSLA,2026-07-06 14:58:00+00:00,418.92,407.09,11.979660016133465,0.7021635177241848,121,rs_trailing_30m
rs_trailing_30m_003738,TSLA,2026-07-06 17:01:00+00:00,419.55,414.0101,2.0424698779781387,6.594994913633348,121,rs_trailing_30m
rs_trailing_30m_003739,TSLA,2026-07-06 17:32:00+00:00,414.0101,418.27,2.390626277203441,4.933761581153035,121,rs_trailing_30m
rs_trailing_30m_003740,TSLA,2026-07-06 18:29:00+00:00,420.0,415.9005,4.910585935253421,3.5477951746504983,92,rs_trailing_30m
rs_trailing_30m_003741,TSLA,2026-07-07 14:01:00+00:00,404.4535,415.9397,9.887458716558527,1.4281720621127865,121,rs_trailing_30m
rs_trailing_30m_003742,TSLA,2026-07-07 15:17:00+00:00,404.4535,410.1,3.5162981182774082,3.4222925945842197,121,rs_trailing_30m
rs_trailing_30m_003743,TSLA,2026-07-07 16:53:00+00:00,410.05,403.61,0.386333333333235,12.70833333333025,121,rs_trailing_30m
rs_trailing_30m_003744,TSLA,2026-07-07 17:18:00+00:00,401.88,408.39,7.986545905282052,4.6024162843998235,121,rs_trailing_30m
rs_trailing_30m_003745,TSLA,2026-07-07 18:54:00+00:00,401.88,405.11,5.0017312294767065,2.4950631423143057,67,rs_trailing_30m
rs_trailing_30m_003746,TSLA,2026-07-08 14:00:00+00:00,390.96,397.59,4.167320551310054,2.731389874454158,121,rs_trailing_30m
rs_trailing_30m_003747,TSLA,2026-07-08 14:52:00+00:00,390.96,394.9299,2.304686889829478,2.423673050188105,121,rs_trailing_30m
rs_trailing_30m_003748,TSLA,2026-07-09 14:01:00+00:00,400.46,391.91,4.383432251763258,6.787460670017991,121,rs_trailing_30m
rs_trailing_30m_003749,TSLA,2026-07-09 14:31:00+00:00,393.0501,402.05,0.3297596213487458,8.401642603354357,121,rs_trailing_30m
rs_trailing_30m_003750,TSLA,2026-07-09 15:04:00+00:00,404.1,394.5,9.829512688178664,2.362130956073957,121,rs_trailing_30m
rs_trailing_30m_003751,TSLA,2026-07-09 15:47:00+00:00,405.47,397.38,13.991508467132304,1.060526572641659,121,rs_trailing_30m
rs_trailing_30m_003752,TSLA,2026-07-09 16:55:00+00:00,407.86,401.36,11.82536921665807,0.7137661680527803,121,rs_trailing_30m
rs_trailing_30m_003753,TSLA,2026-07-09 18:22:00+00:00,407.86,403.85,2.292610611153942,6.219767676556186,99,rs_trailing_30m
rs_trailing_30m_003754,TSLA,2026-07-10 14:03:00+00:00,402.8101,411.42,6.077711298054165,2.6730180628241795,121,rs_trailing_30m
rs_trailing_30m_003755,TSLA,2026-07-10 15:34:00+00:00,413.16,406.82,3.5226256958524114,5.03425051552854,121,rs_trailing_30m
rs_trailing_30m_003756,TSLA,2026-07-10 16:15:00+00:00,413.16,408.23,3.216765903717467,4.228612455590864,121,rs_trailing_30m
rs_trailing_30m_003757,TSLA,2026-07-10 17:13:00+00:00,407.8,411.19,1.9692569779568552,4.299082134976221,121,rs_trailing_30m
rs_trailing_30m_003758,TSLA,2026-07-10 17:56:00+00:00,407.175,411.19,2.769598437672719,6.535788781788363,121,rs_trailing_30m
rs_trailing_30m_003759,TSLA,2026-07-13 14:00:00+00:00,392.7401,399.3,3.53615744189337,5.103583033757931,121,rs_trailing_30m
rs_trailing_30m_003760,TSLA,2026-07-13 14:29:00+00:00,399.3,393.56,1.4326648051513522,3.9778858768466328,121,rs_trailing_30m
rs_trailing_30m_003761,TSLA,2026-07-13 15:26:00+00:00,392.79,398.16,5.1904976904107505,2.393984649046691,121,rs_trailing_30m
rs_trailing_30m_003762,TSLA,2026-07-13 15:50:00+00:00,392.5,396.0699,5.00598594268952,1.0010289201028404,121,rs_trailing_30m
rs_trailing_30m_003763,TSLA,2026-07-14 14:16:00+00:00,402.22,395.6406,4.491238403769584,2.89617508467084,121,rs_trailing_30m
rs_trailing_30m_003764,TSLA,2026-07-14 15:10:00+00:00,402.22,395.22,0.4879373074490559,9.862248002075088,121,rs_trailing_30m
rs_trailing_30m_003765,TSLA,2026-07-14 15:40:00+00:00,394.76,398.25,5.778693916933925,0.4458868763066287,121,rs_trailing_30m
rs_trailing_30m_003766,TSLA,2026-07-14 17:05:00+00:00,394.76,397.05,2.3764073395924012,3.670229113370311,121,rs_trailing_30m
rs_trailing_30m_003767,TSLA,2026-07-15 14:00:00+00:00,393.236,400.38,6.445430937889241,2.4164163716335727,121,rs_trailing_30m
rs_trailing_30m_003768,TSLA,2026-07-15 16:11:00+00:00,390.66,399.36,5.718949183239571,9.68455470028859,121,rs_trailing_30m
rs_trailing_30m_003769,TSLA,2026-07-15 17:08:00+00:00,399.36,393.935,8.332171344502079,1.0849181438153723,121,rs_trailing_30m
rs_trailing_30m_003770,TSLA,2026-07-15 18:26:00+00:00,393.65,397.78,7.147353253451361,2.4055816775369188,95,rs_trailing_30m
rs_trailing_30m_003771,TSLA,2026-07-16 14:03:00+00:00,395.31,388.64,6.762561077280977,1.6843082832928873,121,rs_trailing_30m
rs_trailing_30m_003772,TSLA,2026-07-16 16:01:00+00:00,386.86,392.32,7.046358374564824,2.038202835617861,121,rs_trailing_30m
rs_trailing_30m_003773,TSLA,2026-07-16 18:08:00+00:00,391.85,388.72,4.970074424080234,2.4735032338800083,113,rs_trailing_30m
rs_trailing_30m_003774,TSLA,2026-07-16 18:32:00+00:00,391.85,389.1616,2.5431637890810155,3.7293513765751367,89,rs_trailing_30m
rs_trailing_30m_003775,TSLA,2026-07-17 14:12:00+00:00,384.0,378.51,1.8377707071400138,3.767429949637002,121,rs_trailing_30m
rs_trailing_30m_003776,TSLA,2026-07-17 14:31:00+00:00,378.51,384.24,1.2662336221706179,4.272753060047499,121,rs_trailing_30m
rs_trailing_30m_003777,TSLA,2026-07-17 16:04:00+00:00,385.6899,381.74,5.731136475734519,0.7276543501103616,121,rs_trailing_30m
rs_trailing_30m_003778,TSLA,2026-07-20 14:00:00+00:00,371.64,376.9599,5.402999337384888,1.9108470175652175,121,rs_trailing_30m
rs_trailing_30m_003779,TSLA,2026-07-20 15:43:00+00:00,370.76,377.0,2.636473944209624,9.549894509025783,121,rs_trailing_30m
rs_trailing_30m_003780,TSLA,2026-07-20 16:09:00+00:00,377.0,370.76,2.3404351358673243,10.87613974903031,121,rs_trailing_30m
rs_trailing_30m_003781,TSLA,2026-07-20 16:44:00+00:00,370.76,374.6,5.3150704029015845,2.1067006324228714,121,rs_trailing_30m
rs_trailing_30m_003782,TSLA,2026-07-20 18:10:00+00:00,374.6,369.425,1.5234179890120596,11.95297191378612,111,rs_trailing_30m
rs_trailing_30m_003783,TSLA,2026-07-21 14:00:00+00:00,384.07,377.34,7.819822602711995,1.2382507391557929,121,rs_trailing_30m
rs_trailing_30m_003784,TSLA,2026-07-21 15:24:00+00:00,379.35,382.37,2.881314403169023,2.1339994282837806,121,rs_trailing_30m
rs_trailing_30m_003785,TSLA,2026-07-22 14:01:00+00:00,380.11,376.1601,1.32875778083437,4.167012228084448,121,rs_trailing_30m
rs_trailing_30m_003786,TSLA,2026-07-23 14:00:00+00:00,318.55,329.069,6.5782426328957495,1.8244937672779373,121,rs_trailing_30m
rs_trailing_30m_003787,TSLA,2026-07-23 15:07:00+00:00,318.55,326.36,4.018004171697759,4.846575653432136,121,rs_trailing_30m
rs_trailing_30m_003788,TSLA,2026-07-23 15:53:00+00:00,326.36,320.41,5.806758686340023,2.538703676878138,121,rs_trailing_30m
rs_trailing_30m_003789,TSLA,2026-07-23 17:40:00+00:00,316.78,322.1599,7.163867558627294,3.1093201689179084,121,rs_trailing_30m
rs_trailing_30m_003790,TSLA,2026-07-23 19:34:00+00:00,315.735,323.3995,6.607238831317426,8.808646107079147,27,rs_trailing_30m
rs_trailing_30m_003791,TSLA,2026-07-24 14:00:00+00:00,308.31,317.17,8.64969227467293,0.34264246127025927,121,rs_trailing_30m
rs_trailing_30m_003792,TSLA,2026-07-24 15:16:00+00:00,308.0,311.98,3.3589706312867076,1.4760033696251273,121,rs_trailing_30m
rs_trailing_30m_003793,TSLA,2026-07-24 17:23:00+00:00,306.51,310.01,4.988349688577597,2.983898672162863,121,rs_trailing_30m
rs_trailing_30m_003794,TSLA,2026-07-24 18:52:00+00:00,313.35,308.07,10.295317542226442,2.8945197962239653,69,rs_trailing_30m
rs_trailing_30m_003795,TSLA,2026-07-24 19:43:00+00:00,313.35,309.93,6.157172032347672,2.0205088805178675,18,rs_trailing_30m
rs_trailing_30m_003796,TSLA,2026-07-27 14:00:00+00:00,304.28,310.73,5.334613424577101,1.82631406522987,121,rs_trailing_30m
rs_trailing_30m_003797,TSLA,2026-07-27 14:42:00+00:00,304.28,310.73,0.9460891657649639,6.318524071358643,121,rs_trailing_30m
rs_trailing_30m_003798,TSLA,2026-07-27 18:15:00+00:00,305.44,310.0,2.8324001695027565,9.707157862470257,106,rs_trailing_30m
rs_trailing_30m_003799,TSLA,2026-07-28 14:11:00+00:00,300.69,311.16,2.3266207962630876,8.404533272844747,121,rs_trailing_30m
rs_trailing_30m_003800,TSLA,2026-07-28 14:48:00+00:00,311.16,303.4,8.287084948191744,0.5713459627481698,121,rs_trailing_30m
rs_trailing_30m_003801,TSLA,2026-07-28 15:47:00+00:00,311.16,305.91,6.32152919762842,3.6598326933636858,121,rs_trailing_30m
rs_trailing_30m_003802,TSLA,2026-07-28 16:23:00+00:00,305.76,308.06,0.8091661277753447,3.8435391069325138,121,rs_trailing_30m
rs_trailing_30m_003803,TSLA,2026-07-29 14:42:00+00:00,299.7,303.67,3.408837399361474,1.9402078478578884,121,rs_trailing_30m
rs_trailing_30m_003804,TSLA,2026-07-29 16:06:00+00:00,299.7,305.3,2.6634274134856866,10.084601232257649,121,rs_trailing_30m
rs_trailing_30m_003805,TSLA,2026-07-29 18:06:00+00:00,307.99,297.38,6.872787588245975,19.310435503778887,115,rs_trailing_30m
rs_trailing_30m_003806,TSLA,2026-07-29 18:33:00+00:00,297.38,307.99,9.687484555448378,11.637040575943235,88,rs_trailing_30m
rs_trailing_30m_003807,TSLA,2026-07-29 18:55:00+00:00,307.99,297.38,1.161987188582465,15.843094288465236,66,rs_trailing_30m
rs_trailing_30m_003808,TSLA,2026-07-29 19:25:00+00:00,297.38,302.58,7.025450553285125,1.1109287066441613,36,rs_trailing_30m
rs_trailing_30m_003809,TSLA,2026-07-30 14:00:00+00:00,309.12,303.51,2.2596788813941098,4.649034685896181,121,rs_trailing_30m
rs_trailing_30m_003810,TSLA,2026-07-30 14:29:00+00:00,309.12,303.51,0.0,5.321248139870884,121,rs_trailing_30m
rs_trailing_30m_003811,TSLA,2026-07-30 14:55:00+00:00,303.51,307.48,1.4705945101784565,3.6960074415105137,121,rs_trailing_30m
rs_trailing_30m_003812,TSLA,2026-07-30 16:47:00+00:00,304.63,308.48,0.5888283495644476,7.807427746077366,121,rs_trailing_30m
rs_trailing_30m_003813,TSLA,2026-07-30 17:36:00+00:00,310.75,306.8,7.282849957131387,2.602805482960932,121,rs_trailing_30m
rs_trailing_30m_003814,TSLA,2026-07-30 19:35:00+00:00,310.87,307.7,0.990134602128955,8.265915792293109,26,rs_trailing_30m
rs_trailing_30m_003815,TSLA,2026-07-31 14:00:00+00:00,301.97,310.16,4.144489579761195,6.110304878923015,121,rs_trailing_30m
rs_trailing_30m_003816,TSLA,2026-07-31 14:43:00+00:00,310.16,305.11,6.044715635910527,0.4570551758781641,121,rs_trailing_30m
rs_trailing_30m_003817,TSLA,2026-07-31 15:45:00+00:00,305.96,311.09,0.36866187278034324,6.508557790357565,121,rs_trailing_30m
rs_trailing_30m_003818,TSLA,2026-07-31 16:48:00+00:00,312.1533,309.57,5.106193238814079,0.904391375160483,121,rs_trailing_30m
rs_trailing_30m_003819,TSLA,2026-08-03 14:00:00+00:00,324.2,316.94,7.740797169115223,0.9653511574187177,121,rs_trailing_30m
rs_trailing_30m_003820,TSLA,2026-08-03 14:44:00+00:00,324.2,319.47,6.132316124156982,0.07878778746233041,121,rs_trailing_30m
rs_trailing_30m_003821,TSLA,2026-08-03 16:32:00+00:00,319.39,323.05,5.842861229333497,3.833551485309215,121,rs_trailing_30m
rs_trailing_30m_003822,TSLA,2026-08-03 17:33:00+00:00,324.65,321.02,8.028492180949112,3.429959740433944,121,rs_trailing_30m
rs_trailing_30m_003823,TSLA,2026-08-03 18:56:00+00:00,324.65,318.0,3.5761193693303244,19.290413136484492,65,rs_trailing_30m
rs_trailing_30m_003824,TSLA,2026-08-04 14:00:00+00:00,320.7901,325.45,0.473391052789977,4.9082995227066,121,rs_trailing_30m
rs_trailing_30m_003825,TSLA,2026-08-04 14:30:00+00:00,325.79,322.8,2.101561985439024,0.9786685716505042,121,rs_trailing_30m
rs_trailing_30m_003826,TSLA,2026-08-04 17:22:00+00:00,329.57,325.05,7.907657572500496,6.985097522375519,121,rs_trailing_30m
rs_trailing_30m_003827,TSLA,2026-08-04 17:53:00+00:00,325.05,329.57,1.9658882281475576,12.792149956916084,121,rs_trailing_30m
rs_trailing_30m_003828,TSLA,2026-08-04 18:31:00+00:00,329.57,326.6001,7.105512664231191,2.709678992280626,90,rs_trailing_30m
rs_trailing_30m_003829,TSLA,2026-08-05 14:00:00+00:00,327.14,321.0,2.451342146671011,5.491265125392376,121,rs_trailing_30m
rs_trailing_30m_003830,TSLA,2026-08-05 18:42:00+00:00,320.28,322.99,1.5053201804049612,8.835409069017034,79,rs_trailing_30m
rs_trailing_30m_003831,TSLA,2026-08-05 19:22:00+00:00,322.99,320.66,2.1941276777155694,7.273126931686371,39,rs_trailing_30m
rs_trailing_30m_003832,TSLA,2026-08-06 14:00:00+00:00,323.0,319.02,4.162195369072272,2.065216220306969,121,rs_trailing_30m
rs_trailing_30m_003833,TSLA,2026-08-06 15:14:00+00:00,323.0,318.11,1.2087319323201557,7.000572441353901,121,rs_trailing_30m
rs_trailing_30m_003834,TSLA,2026-08-06 16:00:00+00:00,317.26,319.9888,3.8064946080193702,1.2358172785647947,121,rs_trailing_30m
rs_trailing_30m_003835,TSLA,2026-08-07 14:00:00+00:00,333.73,322.8001,10.245967480881152,5.740813385540448,121,rs_trailing_30m
rs_trailing_30m_003836,TSLA,2026-08-07 15:25:00+00:00,333.73,326.52,1.6102316201407094,9.394289689067346,121,rs_trailing_30m
rs_trailing_30m_003837,TSLA,2026-08-07 16:24:00+00:00,326.52,329.8642,6.654553975103274,1.1814176458615584,121,rs_trailing_30m
rs_trailing_30m_003838,TSLA,2026-08-07 19:38:00+00:00,326.85,328.97,0.8711335843951535,5.96887826344875,23,rs_trailing_30m
rs_trailing_30m_003839,TSLA,2026-08-10 14:00:00+00:00,332.05,328.2,2.6742448962375365,2.53884009136472,121,rs_trailing_30m
rs_trailing_30m_003840,TSLA,2026-08-10 15:00:00+00:00,328.2,331.75,1.1741477513001266,5.14134394129882,121,rs_trailing_30m
rs_trailing_30m_003841,TSLA,2026-08-10 16:02:00+00:00,331.75,328.42,0.23727828095061723,8.079949882894907,121,rs_trailing_30m
rs_trailing_30m_003842,TSLA,2026-08-11 14:00:00+00:00,336.2,332.21,2.2918984423644777,3.970290686605276,121,rs_trailing_30m
rs_trailing_30m_003843,TSLA,2026-08-12 14:00:00+00:00,323.64,328.34,6.83622242565611,1.6302454005846025,121,rs_trailing_30m
rs_trailing_30m_003844,TSLA,2026-08-12 16:00:00+00:00,327.2,325.58,3.2267739894835255,2.1622712300664593,121,rs_trailing_30m
rs_trailing_30m_003845,TSLA,2026-08-13 14:00:00+00:00,335.41,331.98,3.533397119288511,1.8771172196220103,121,rs_trailing_30m
rs_trailing_30m_003846,TSLA,2026-08-13 14:55:00+00:00,336.37,332.44,3.8997509084435307,3.6686545583136416,121,rs_trailing_30m
rs_trailing_30m_003847,TSLA,2026-08-13 15:20:00+00:00,337.07,332.44,3.604218779301384,6.388315920198755,121,rs_trailing_30m
rs_trailing_30m_003848,TSLA,2026-08-13 16:57:00+00:00,340.33,335.19,10.648296538839755,4.812789396085883,121,rs_trailing_30m
rs_trailing_30m_003849,TSLA,2026-08-13 18:22:00+00:00,341.64,338.04,10.874315682937677,1.753921884344806,99,rs_trailing_30m
rs_trailing_30m_003850,TSLA,2026-08-13 19:08:00+00:00,341.64,338.43,0.9280053318656831,8.528810907146525,53,rs_trailing_30m
rs_trailing_30m_003851,TSLA,2026-08-14 14:00:00+00:00,351.26,335.3306,1.2993905286721879,12.926390562345654,121,rs_trailing_30m
rs_trailing_30m_003852,TSLA,2026-08-14 17:00:00+00:00,337.81,342.61,0.5859678381937516,11.382736941933276,121,rs_trailing_30m
rs_trailing_30m_003853,TSLA,2026-08-14 17:31:00+00:00,342.61,339.54,7.274146043270772,1.3983309869588663,121,rs_trailing_30m
rs_trailing_30m_003854,TXN,2026-07-01 14:00:00+00:00,300.64,296.25,0.4553036149540826,3.7175207475688383,121,rs_trailing_30m
rs_trailing_30m_003855,TXN,2026-07-02 14:00:00+00:00,304.86,292.27,0.8074274464414161,11.742586813678862,121,rs_trailing_30m
rs_trailing_30m_003856,TXN,2026-07-02 14:28:00+00:00,292.1701,301.12,9.199716004753297,0.5271015915492769,121,rs_trailing_30m
rs_trailing_30m_003857,TXN,2026-07-02 15:48:00+00:00,295.435,289.13,0.0686394950463345,10.114231475940825,121,rs_trailing_30m
rs_trailing_30m_003858,TXN,2026-07-02 17:12:00+00:00,289.01,292.93,4.047608214275036,5.019034185701082,121,rs_trailing_30m
rs_trailing_30m_003859,TXN,2026-07-02 17:36:00+00:00,288.62,292.93,3.0366080838804956,7.188220698561084,121,rs_trailing_30m
rs_trailing_30m_003860,TXN,2026-07-02 18:29:00+00:00,296.1,288.62,10.19810214308675,9.261541742190996,92,rs_trailing_30m
rs_trailing_30m_003861,TXN,2026-07-02 19:01:00+00:00,288.62,296.1,4.710040896145663,12.994032422029958,60,rs_trailing_30m
rs_trailing_30m_003862,TXN,2026-07-06 14:00:00+00:00,306.02,301.66,2.370761639458496,2.733693050931161,120,rs_trailing_30m
rs_trailing_30m_003863,TXN,2026-07-06 15:11:00+00:00,301.66,304.6,3.353778606160017,3.6392065726418728,120,rs_trailing_30m
rs_trailing_30m_003864,TXN,2026-07-06 18:10:00+00:00,305.49,303.01,2.677928600277445,6.177088637973372,111,rs_trailing_30m
rs_trailing_30m_003865,TXN,2026-07-06 19:24:00+00:00,305.49,303.01,0.21539167740680046,8.687464322074014,37,rs_trailing_30m
rs_trailing_30m_003866,TXN,2026-07-07 14:00:00+00:00,285.39,291.815,5.813326514616819,0.6153521181565225,121,rs_trailing_30m
rs_trailing_30m_003867,TXN,2026-07-07 15:04:00+00:00,295.13,286.46,12.551288858853455,3.4046751303341938,121,rs_trailing_30m
rs_trailing_30m_003868,TXN,2026-07-07 15:46:00+00:00,296.38,288.925,14.361698599975156,0.7180849299986773,121,rs_trailing_30m
rs_trailing_30m_003869,TXN,2026-07-07 17:09:00+00:00,296.38,291.68,2.9467274810705266,7.7894114034498,121,rs_trailing_30m
rs_trailing_30m_003870,TXN,2026-07-07 17:25:00+00:00,296.38,290.86,4.694374135346661,10.284206920788144,121,rs_trailing_30m
rs_trailing_30m_003871,TXN,2026-07-07 19:18:00+00:00,290.835,293.59,0.22429459808533947,7.499850623474574,43,rs_trailing_30m
rs_trailing_30m_003872,TXN,2026-07-08 14:00:00+00:00,303.78,298.5,4.3390586029398985,0.7977641377602473,121,rs_trailing_30m
rs_trailing_30m_003873,TXN,2026-07-08 15:23:00+00:00,299.33,307.43,1.4125326625327101,10.631166881167418,121,rs_trailing_30m
rs_trailing_30m_003874,TXN,2026-07-08 16:15:00+00:00,307.43,302.815,10.12009124672415,0.4945044586466869,121,rs_trailing_30m
rs_trailing_30m_003875,TXN,2026-07-08 17:56:00+00:00,300.4,305.9299,12.445956498550647,3.615862600944054,121,rs_trailing_30m
rs_trailing_30m_003876,TXN,2026-07-08 19:05:00+00:00,300.05,304.17,13.505383580081729,3.40713324360745,56,rs_trailing_30m
rs_trailing_30m_003877,TXN,2026-07-08 19:30:00+00:00,300.05,303.17,5.5577292849798505,5.080378303447884,31,rs_trailing_30m
rs_trailing_30m_003878,TXN,2026-07-09 14:00:00+00:00,305.4095,313.8999,5.536574997656745,4.978520933470598,121,rs_trailing_30m
rs_trailing_30m_003879,TXN,2026-07-09 14:45:00+00:00,315.3399,309.97,7.6731970146983945,1.2360335955263622,121,rs_trailing_30m
rs_trailing_30m_003880,TXN,2026-07-09 16:05:00+00:00,315.3399,310.28,2.7814559469636335,12.353385375804129,121,rs_trailing_30m
rs_trailing_30m_003881,TXN,2026-07-09 16:31:00+00:00,310.28,314.0,7.422598997533268,4.768159620931824,121,rs_trailing_30m
rs_trailing_30m_003882,TXN,2026-07-09 17:08:00+00:00,314.0,308.78,4.040070853829565,12.500454524202448,121,rs_trailing_30m
rs_trailing_30m_003883,TXN,2026-07-09 18:11:00+00:00,307.63,312.1775,18.03243990715241,1.5385673667797795,110,rs_trailing_30m
rs_trailing_30m_003884,TXN,2026-07-09 19:05:00+00:00,307.63,310.27,5.423506553245727,5.632908350668149,56,rs_trailing_30m
rs_trailing_30m_003885,TXN,2026-07-10 14:01:00+00:00,311.995,305.95,4.269304641318765,2.8698230369030715,121,rs_trailing_30m
rs_trailing_30m_003886,TXN,2026-07-10 14:42:00+00:00,312.925,308.45,5.527487249867513,1.333956701077597,121,rs_trailing_30m
rs_trailing_30m_003887,TXN,2026-07-10 15:27:00+00:00,312.925,310.0,2.536796445642581,3.7249162999308902,121,rs_trailing_30m
rs_trailing_30m_003888,TXN,2026-07-10 16:50:00+00:00,310.1494,312.74,4.2174378079565,5.278211753395937,121,rs_trailing_30m
rs_trailing_30m_003889,TXN,2026-07-13 14:00:00+00:00,300.7101,304.86,2.085569976544098,2.976075058639441,121,rs_trailing_30m
rs_trailing_30m_003890,TXN,2026-07-13 15:57:00+00:00,298.7991,303.26,10.930086845962059,3.73001249892266,121,rs_trailing_30m
rs_trailing_30m_003891,TXN,2026-07-13 16:33:00+00:00,297.91,301.24,7.822710983065677,4.07209612817113,121,rs_trailing_30m
rs_trailing_30m_003892,TXN,2026-07-13 18:03:00+00:00,296.81,301.0,7.950028083300479,5.987468849347714,118,rs_trailing_30m
rs_trailing_30m_003893,TXN,2026-07-13 19:40:00+00:00,301.0,298.225,5.902437360932592,1.3130972983572495,21,rs_trailing_30m
rs_trailing_30m_003894,TXN,2026-07-14 14:00:00+00:00,301.885,309.26,4.632391270468032,3.2942643257504645,121,rs_trailing_30m
rs_trailing_30m_003895,TXN,2026-07-14 15:07:00+00:00,309.26,305.3701,3.044445263414525,3.6462822112500612,121,rs_trailing_30m
rs_trailing_30m_003896,TXN,2026-07-14 16:15:00+00:00,305.3701,307.13,0.7139040421512268,4.999600840895526,121,rs_trailing_30m
rs_trailing_30m_003897,TXN,2026-07-14 19:04:00+00:00,304.64,307.49,2.8289247681218552,12.10151150807638,57,rs_trailing_30m
rs_trailing_30m_003898,TXN,2026-07-15 14:00:00+00:00,296.71,307.89,9.588597803470819,1.2015907665144652,121,rs_trailing_30m
rs_trailing_30m_003899,TXN,2026-07-15 15:33:00+00:00,301.5,295.51,0.0,10.298652175628641,121,rs_trailing_30m
rs_trailing_30m_003900,TXN,2026-07-15 15:59:00+00:00,295.51,301.08,7.321783894599812,5.482717296270164,121,rs_trailing_30m
rs_trailing_30m_003901,TXN,2026-07-15 16:46:00+00:00,301.34,296.55,7.633747001771405,3.6519468681314624,121,rs_trailing_30m
rs_trailing_30m_003902,TXN,2026-07-15 17:05:00+00:00,301.34,297.83,6.090269053503912,1.7978654032484265,121,rs_trailing_30m
rs_trailing_30m_003903,TXN,2026-07-15 18:56:00+00:00,298.04,301.91,1.1404905299059367,12.234352957173435,65,rs_trailing_30m
rs_trailing_30m_003904,TXN,2026-07-15 19:29:00+00:00,301.91,299.66,4.274283712279968,2.7971415470066727,32,rs_trailing_30m
rs_trailing_30m_003905,TXN,2026-07-16 14:00:00+00:00,289.13,293.48,1.948313598358996,2.964825040981042,121,rs_trailing_30m
rs_trailing_30m_003906,TXN,2026-07-16 14:38:00+00:00,288.5,292.1399,3.6694851073211545,1.6518530767977142,121,rs_trailing_30m
rs_trailing_30m_003907,TXN,2026-07-16 15:30:00+00:00,288.5,291.43,1.9636999110894446,4.8858723978299095,121,rs_trailing_30m
rs_trailing_30m_003908,TXN,2026-07-16 16:43:00+00:00,292.14,288.67,4.12399193990916,5.168379509107074,121,rs_trailing_30m
rs_trailing_30m_003909,TXN,2026-07-16 18:19:00+00:00,292.45,288.67,3.1926084455657096,8.755965736848552,102,rs_trailing_30m
rs_trailing_30m_003910,TXN,2026-07-17 14:01:00+00:00,287.17,281.6134,2.3432710179112006,2.5195239246213608,121,rs_trailing_30m
rs_trailing_30m_003911,TXN,2026-07-17 15:06:00+00:00,281.75,288.6,0.5621083671212662,7.994430110169364,121,rs_trailing_30m
rs_trailing_30m_003912,TXN,2026-07-17 15:46:00+00:00,289.25,283.5712,8.6227640734461,1.6428444423371507,121,rs_trailing_30m
rs_trailing_30m_003913,TXN,2026-07-17 16:51:00+00:00,289.25,283.59,1.6078586421598757,9.4902875951877,121,rs_trailing_30m
rs_trailing_30m_003914,TXN,2026-07-17 17:07:00+00:00,289.25,283.59,0.6935173911131143,11.96876787888758,121,rs_trailing_30m
rs_trailing_30m_003915,TXN,2026-07-17 17:36:00+00:00,282.97,286.45,7.7861850134248645,0.7078350012203539,121,rs_trailing_30m
rs_trailing_30m_003916,TXN,2026-07-17 18:21:00+00:00,282.97,286.28,1.801128473423487,7.514082850063655,100,rs_trailing_30m
rs_trailing_30m_003917,TXN,2026-07-17 19:25:00+00:00,282.97,286.28,0.18982333537822713,8.786108666078668,36,rs_trailing_30m
rs_trailing_30m_003918,TXN,2026-07-20 14:00:00+00:00,291.79,285.72,1.8968323525729018,5.703017403280017,121,rs_trailing_30m
rs_trailing_30m_003919,TXN,2026-07-20 14:52:00+00:00,285.72,290.43,1.2172364535138487,6.6906031272454225,121,rs_trailing_30m
rs_trailing_30m_003920,TXN,2026-07-20 19:23:00+00:00,283.49,285.78,4.023490612435151,4.058784389737182,38,rs_trailing_30m
rs_trailing_30m_003921,TXN,2026-07-21 14:00:00+00:00,290.07,295.22,2.4947427843271015,3.115704962085363,121,rs_trailing_30m
rs_trailing_30m_003922,TXN,2026-07-21 14:42:00+00:00,295.22,292.2443,4.132839191614815,1.1227546470553178,121,rs_trailing_30m
rs_trailing_30m_003923,TXN,2026-07-21 15:08:00+00:00,295.22,292.7601,1.253312824920767,4.403612345762739,121,rs_trailing_30m
rs_trailing_30m_003924,TXN,2026-07-21 19:30:00+00:00,291.1,293.87,2.7799044806589635,7.487209401241407,31,rs_trailing_30m
rs_trailing_30m_003925,TXN,2026-07-22 14:00:00+00:00,296.25,287.91,8.854735187529583,2.979958957341634,121,rs_trailing_30m
rs_trailing_30m_003926,TXN,2026-07-22 14:35:00+00:00,296.25,289.33,12.087725056833424,0.7415782243456741,121,rs_trailing_30m
rs_trailing_30m_003927,TXN,2026-07-22 15:13:00+00:00,296.25,291.3969,12.000178030978,1.17585454869144,121,rs_trailing_30m
rs_trailing_30m_003928,TXN,2026-07-22 16:40:00+00:00,293.35,295.32,0.9254563344993473,4.283540748254551,121,rs_trailing_30m
rs_trailing_30m_003929,TXN,2026-07-22 17:12:00+00:00,295.32,293.265,0.6071596774116298,5.479245869324957,121,rs_trailing_30m
rs_trailing_30m_003930,TXN,2026-07-23 14:00:00+00:00,287.99,282.31,3.1406392251294557,1.0666321896666036,121,rs_trailing_30m
rs_trailing_30m_003931,TXN,2026-07-23 14:59:00+00:00,287.99,281.62,4.027839944364817,3.1590901524430124,121,rs_trailing_30m
rs_trailing_30m_003932,TXN,2026-07-23 17:08:00+00:00,279.58,282.82,3.097678250555632,3.920837505948024,121,rs_trailing_30m
rs_trailing_30m_003933,TXN,2026-07-23 17:42:00+00:00,279.58,284.82,1.710608921695773,11.353945443099054,121,rs_trailing_30m
rs_trailing_30m_003934,TXN,2026-07-23 19:19:00+00:00,285.515,281.78,6.654160612439261,3.227863199672415,42,rs_trailing_30m
rs_trailing_30m_003935,TXN,2026-07-24 14:01:00+00:00,276.3,281.85,4.344608052568305,2.000806339998556,121,rs_trailing_30m
rs_trailing_30m_003936,TXN,2026-07-24 14:38:00+00:00,276.3,281.55,3.991643129257915,3.628766481143559,121,rs_trailing_30m
rs_trailing_30m_003937,TXN,2026-07-24 15:38:00+00:00,282.16,278.7,5.033339198281214,1.369364340708863,121,rs_trailing_30m
rs_trailing_30m_003938,TXN,2026-07-24 15:56:00+00:00,282.16,279.34,2.5302839626820965,3.5166658464395963,121,rs_trailing_30m
rs_trailing_30m_003939,TXN,2026-07-24 16:57:00+00:00,282.16,279.65,2.5335908458459397,5.415550432995734,121,rs_trailing_30m
rs_trailing_30m_003940,TXN,2026-07-24 19:15:00+00:00,278.23,280.47,0.8965226678160609,5.797513251878236,46,rs_trailing_30m
rs_trailing_30m_003941,TXN,2026-07-27 14:15:00+00:00,273.67,280.91,7.7196240100108104,1.151816915779386,121,rs_trailing_30m
rs_trailing_30m_003942,TXN,2026-07-27 19:03:00+00:00,280.73,277.7801,8.970350547153453,2.949305794759957,58,rs_trailing_30m
rs_trailing_30m_003943,TXN,2026-07-28 14:02:00+00:00,273.655,282.81,0.5169601574470777,7.50468431954912,121,rs_trailing_30m
rs_trailing_30m_003944,TXN,2026-07-28 15:52:00+00:00,277.35,280.85,3.9221354679371747,1.3985909420551492,121,rs_trailing_30m
rs_trailing_30m_003945,TXN,2026-07-28 16:45:00+00:00,280.85,277.13,1.7906596780981354,6.974148219960672,121,rs_trailing_30m
rs_trailing_30m_003946,TXN,2026-07-28 17:52:00+00:00,277.13,280.52,3.5512377937578896,5.853993550647516,121,rs_trailing_30m
rs_trailing_30m_003947,TXN,2026-07-28 19:19:00+00:00,280.52,276.8,3.5674566651328488,7.310362018715031,42,rs_trailing_30m
rs_trailing_30m_003948,TXN,2026-07-29 14:00:00+00:00,269.3701,275.29,4.863896699872185,1.2625702618873127,121,rs_trailing_30m
rs_trailing_30m_003949,TXN,2026-07-29 16:56:00+00:00,281.6199,271.6401,22.878644477541602,1.168401426782751,121,rs_trailing_30m
rs_trailing_30m_003950,TXN,2026-07-29 18:00:00+00:00,281.6199,271.0,11.748591815857708,12.52928610779343,121,rs_trailing_30m
rs_trailing_30m_003951,TXN,2026-07-29 18:43:00+00:00,281.6199,271.0,4.327943993309883,13.148892545931968,78,rs_trailing_30m
rs_trailing_30m_003952,TXN,2026-07-29 19:25:00+00:00,271.0,278.72,7.79269399660024,3.0566473295952323,36,rs_trailing_30m
rs_trailing_30m_003953,TXN,2026-07-29 19:44:00+00:00,271.0,275.41,4.688792885699267,1.1688775465766663,17,rs_trailing_30m
rs_trailing_30m_003954,TXN,2026-07-30 14:00:00+00:00,283.16,278.07,1.6285304423490365,4.356465912565304,121,rs_trailing_30m
rs_trailing_30m_003955,TXN,2026-07-30 15:22:00+00:00,282.24,279.2201,2.0343232716651443,2.4499488802338067,121,rs_trailing_30m
rs_trailing_30m_003956,TXN,2026-07-30 18:35:00+00:00,277.76,280.2,5.3572643440703835,3.848175796444812,86,rs_trailing_30m
rs_trailing_30m_003957,TXN,2026-07-31 14:00:00+00:00,273.5901,279.2,3.8656534437290517,1.4366593888525607,121,rs_trailing_30m
rs_trailing_30m_003958,TXN,2026-07-31 15:26:00+00:00,273.8435,277.68,0.30859650430225294,6.399224961736022,121,rs_trailing_30m
rs_trailing_30m_003959,TXN,2026-08-03 14:00:00+00:00,265.02,272.96,1.48666489932743,5.182329055847448,121,rs_trailing_30m
rs_trailing_30m_003960,TXN,2026-08-03 15:22:00+00:00,267.05,271.27,9.226286464182474,0.3165882610258396,121,rs_trailing_30m
rs_trailing_30m_003961,TXN,2026-08-03 16:12:00+00:00,267.05,269.815,2.333393102623685,4.387265156495685,121,rs_trailing_30m
rs_trailing_30m_003962,TXN,2026-08-03 16:33:00+00:00,267.05,269.815,2.740531954153323,6.280385728268255,121,rs_trailing_30m
rs_trailing_30m_003963,TXN,2026-08-03 18:10:00+00:00,269.815,267.79,0.06894784829959347,9.239011672153884,111,rs_trailing_30m
rs_trailing_30m_003964,TXN,2026-08-04 19:07:00+00:00,285.58,283.36,4.152602467735293,5.450290738902649,54,rs_trailing_30m
rs_trailing_30m_003965,TXN,2026-08-05 14:00:00+00:00,283.67,276.76,0.8819581648936214,8.146680234239481,121,rs_trailing_30m
rs_trailing_30m_003966,TXN,2026-08-05 15:54:00+00:00,280.9175,277.53,6.737597862088063,2.984506737427877,121,rs_trailing_30m
rs_trailing_30m_003967,TXN,2026-08-05 16:27:00+00:00,280.9175,278.61,3.561008800261665,3.8920776456373427,121,rs_trailing_30m
rs_trailing_30m_003968,TXN,2026-08-05 17:22:00+00:00,278.14,280.36,1.861020891993501,6.74620073347622,121,rs_trailing_30m
rs_trailing_30m_003969,TXN,2026-08-05 18:34:00+00:00,276.5,281.08,9.576623113538439,16.148264780893413,87,rs_trailing_30m
rs_trailing_30m_003970,TXN,2026-08-05 19:25:00+00:00,281.08,276.5,3.8346228239834383,18.681495809150793,36,rs_trailing_30m
rs_trailing_30m_003971,TXN,2026-08-06 14:00:00+00:00,283.275,278.13,6.839944482674625,0.5610049102508965,121,rs_trailing_30m
rs_trailing_30m_003972,TXN,2026-08-06 15:16:00+00:00,283.0558,278.71,0.3549338765831777,8.675930531234751,120,rs_trailing_30m
rs_trailing_30m_003973,TXN,2026-08-06 15:44:00+00:00,278.71,281.97,4.046932094376504,4.173004745291687,119,rs_trailing_30m
rs_trailing_30m_003974,TXN,2026-08-06 16:20:00+00:00,278.71,283.3,0.8366123113012534,12.404941167569467,119,rs_trailing_30m
rs_trailing_30m_003975,TXN,2026-08-06 16:50:00+00:00,283.3,280.35,9.449151547872116,1.1095594620607547,119,rs_trailing_30m
rs_trailing_30m_003976,TXN,2026-08-06 19:24:00+00:00,278.04,280.445,8.085608846378204,1.5649565509118664,37,rs_trailing_30m
rs_trailing_30m_003977,TXN,2026-08-07 14:01:00+00:00,280.97,285.705,2.2249755085577005,3.778021091454062,121,rs_trailing_30m
rs_trailing_30m_003978,TXN,2026-08-07 15:13:00+00:00,285.91,283.32,5.182474680099964,0.7046347152767456,121,rs_trailing_30m
rs_trailing_30m_003979,TXN,2026-08-10 14:00:00+00:00,280.82,285.5,3.3092122996535727,3.4833813680563144,121,rs_trailing_30m
rs_trailing_30m_003980,TXN,2026-08-10 14:46:00+00:00,280.82,284.17,8.07939979609621,0.823886163417706,121,rs_trailing_30m
rs_trailing_30m_003981,TXN,2026-08-11 14:01:00+00:00,285.89,282.09,2.2989938904504426,3.8968761689197033,121,rs_trailing_30m
rs_trailing_30m_003982,TXN,2026-08-11 14:25:00+00:00,285.79,282.09,0.690502025586161,6.6090908163243,121,rs_trailing_30m
rs_trailing_30m_003983,TXN,2026-08-12 14:00:00+00:00,276.545,284.08,10.386989328487036,1.0470449432660427,121,rs_trailing_30m
rs_trailing_30m_003984,TXN,2026-08-12 15:36:00+00:00,276.545,279.09,6.705623698216812,1.8486681874781619,121,rs_trailing_30m
rs_trailing_30m_003985,TXN,2026-08-13 14:01:00+00:00,276.27,279.66,1.8668694036152462,3.001351579658377,121,rs_trailing_30m
rs_trailing_30m_003986,TXN,2026-08-13 15:00:00+00:00,279.66,276.24,4.186684969114498,6.827517026555905,121,rs_trailing_30m
rs_trailing_30m_003987,TXN,2026-08-13 15:46:00+00:00,276.24,278.185,1.7161435527741267,3.303253755715869,120,rs_trailing_30m
rs_trailing_30m_003988,TXN,2026-08-13 18:50:00+00:00,272.78,275.74,12.799760191851226,2.2348787636565173,71,rs_trailing_30m
rs_trailing_30m_003989,TXN,2026-08-14 14:00:00+00:00,280.275,274.58,8.134153527744516,0.8695402216247993,121,rs_trailing_30m
rs_trailing_30m_003990,TXN,2026-08-14 15:12:00+00:00,275.23,277.64,3.9795445936283307,1.6455008436996692,121,rs_trailing_30m
rs_trailing_30m_003991,TXN,2026-08-14 18:27:00+00:00,280.15,277.89,12.114454355848874,3.18089024986001,94,rs_trailing_30m
rs_trailing_30m_003992,TXN,2026-08-14 19:28:00+00:00,280.15,278.63,2.9822774495840294,6.461601140766044,33,rs_trailing_30m
rs_trailing_30m_003993,VRTX,2026-07-01 14:03:00+00:00,496.31,501.8,1.1393828425860952,4.3236842367132695,121,rs_trailing_30m
rs_trailing_30m_003994,VRTX,2026-07-02 14:00:00+00:00,522.87,511.18,9.873502651043951,0.6480329907704043,121,rs_trailing_30m
rs_trailing_30m_003995,VRTX,2026-07-02 15:34:00+00:00,517.97,520.35,1.6761222233886222,2.806595937825966,121,rs_trailing_30m
rs_trailing_30m_003996,VRTX,2026-07-02 16:05:00+00:00,520.845,518.07,2.638323382204041,4.172232325345581,121,rs_trailing_30m
rs_trailing_30m_003997,VRTX,2026-07-02 19:19:00+00:00,529.14,523.72,16.24353758910879,2.1556209757751312,42,rs_trailing_30m
rs_trailing_30m_003998,VRTX,2026-07-06 14:00:00+00:00,512.8701,526.015,0.3472422566113589,9.164040800130133,121,rs_trailing_30m
rs_trailing_30m_003999,VRTX,2026-07-06 16:29:00+00:00,529.61,525.225,7.84908661923887,3.907786079433125,119,rs_trailing_30m
rs_trailing_30m_004000,VRTX,2026-07-06 19:11:00+00:00,524.978,529.95,7.167591643396322,14.274806461878311,50,rs_trailing_30m
rs_trailing_30m_004001,VRTX,2026-07-07 14:00:00+00:00,515.03,524.33,0.16867952690935298,3.7047022021205236,121,rs_trailing_30m
rs_trailing_30m_004002,VRTX,2026-07-07 14:35:00+00:00,529.69,517.78,6.941818123314033,0.8505526447039308,121,rs_trailing_30m
rs_trailing_30m_004003,VRTX,2026-07-07 15:43:00+00:00,529.69,520.51,10.56738341568907,2.9435608400247846,121,rs_trailing_30m
rs_trailing_30m_004004,VRTX,2026-07-07 17:00:00+00:00,522.64,526.8,2.0290624229150462,2.7130160486167836,121,rs_trailing_30m
rs_trailing_30m_004005,VRTX,2026-07-07 19:30:00+00:00,520.65,525.0,0.5674283836901578,9.936033186744124,31,rs_trailing_30m
rs_trailing_30m_004006,VRTX,2026-07-08 14:00:00+00:00,510.52,519.27,5.571374276475135,0.6072727348249304,121,rs_trailing_30m
rs_trailing_30m_004007,VRTX,2026-07-08 15:10:00+00:00,507.685,512.925,5.956857384688663,1.8174720538588878,121,rs_trailing_30m
rs_trailing_30m_004008,VRTX,2026-07-08 16:20:00+00:00,505.0,511.26,11.7796547105235,2.4285607977379713,121,rs_trailing_30m
rs_trailing_30m_004009,VRTX,2026-07-08 16:39:00+00:00,505.0,510.38,10.5864576068752,2.5671548469328225,121,rs_trailing_30m
rs_trailing_30m_004010,VRTX,2026-07-08 17:32:00+00:00,498.8861,508.6,21.97388088720274,1.067395632427191,121,rs_trailing_30m
rs_trailing_30m_004011,VRTX,2026-07-08 19:02:00+00:00,498.14,504.49,14.192148275592585,0.9540940017205931,59,rs_trailing_30m
rs_trailing_30m_004012,VRTX,2026-07-09 14:00:00+00:00,482.11,498.74,16.165861979971602,2.1536122773999455,121,rs_trailing_30m
rs_trailing_30m_004013,VRTX,2026-07-09 14:39:00+00:00,482.11,491.635,10.057874191606668,1.2261366063972405,121,rs_trailing_30m
rs_trailing_30m_004014,VRTX,2026-07-09 16:12:00+00:00,485.25,490.21,0.25188942245710655,5.842605872115285,121,rs_trailing_30m
rs_trailing_30m_004015,VRTX,2026-07-09 17:57:00+00:00,496.63,485.13,16.34048337764532,11.706614957119081,121,rs_trailing_30m
rs_trailing_30m_004016,VRTX,2026-07-09 18:36:00+00:00,485.13,496.68,4.264456206930944,25.053680215719208,85,rs_trailing_30m
rs_trailing_30m_004017,VRTX,2026-07-10 14:00:00+00:00,484.33,490.7,4.819319433605453,0.9349570035204229,119,rs_trailing_30m
rs_trailing_30m_004018,VRTX,2026-07-10 15:02:00+00:00,484.33,487.54,0.6647442453100317,4.806612235318147,116,rs_trailing_30m
rs_trailing_30m_004019,VRTX,2026-07-13 14:05:00+00:00,481.61,474.71,0.6474600223503713,5.922354910322481,119,rs_trailing_30m
rs_trailing_30m_004020,VRTX,2026-07-13 16:54:00+00:00,483.06,478.565,14.205101196300733,3.934651609770912,114,rs_trailing_30m
rs_trailing_30m_004021,VRTX,2026-07-14 14:01:00+00:00,480.8,476.52,2.696788273808067,1.847406140325206,117,rs_trailing_30m
rs_trailing_30m_004022,VRTX,2026-07-15 14:00:00+00:00,469.6,480.96,1.9449360269651084,13.29263174291332,121,rs_trailing_30m
rs_trailing_30m_004023,VRTX,2026-07-16 14:02:00+00:00,483.77,479.31,1.5498855575575399,2.7704204341341745,118,rs_trailing_30m
rs_trailing_30m_004024,VRTX,2026-07-16 15:17:00+00:00,482.73,479.18,2.4260024609033213,4.604453650285788,117,rs_trailing_30m
rs_trailing_30m_004025,VRTX,2026-07-16 17:36:00+00:00,486.79,481.98,5.793129913705425,8.405573212369797,120,rs_trailing_30m
rs_trailing_30m_004026,VRTX,2026-07-16 19:43:00+00:00,487.3,484.27,6.2099296226496765,3.1280786932951523,18,rs_trailing_30m
rs_trailing_30m_004027,VRTX,2026-07-17 14:00:00+00:00,494.44,485.56,0.0,7.594467593802309,118,rs_trailing_30m
rs_trailing_30m_004028,VRTX,2026-07-17 15:30:00+00:00,483.81,488.6,10.737954579687111,0.8857295867990695,119,rs_trailing_30m
rs_trailing_30m_004029,VRTX,2026-07-17 19:11:00+00:00,487.64,483.42,4.809754497513727,11.427976686092501,50,rs_trailing_30m
rs_trailing_30m_004030,VRTX,2026-07-20 14:16:00+00:00,488.59,484.41,1.0371880091162582,3.2132491262817657,120,rs_trailing_30m
rs_trailing_30m_004031,VRTX,2026-07-20 14:51:00+00:00,483.15,488.32,3.359368305463102,6.157307935218464,121,rs_trailing_30m
rs_trailing_30m_004032,VRTX,2026-07-20 16:42:00+00:00,479.37,486.68,12.589864691151364,8.64010321941771,116,rs_trailing_30m
rs_trailing_30m_004033,VRTX,2026-07-20 17:10:00+00:00,486.68,478.48,0.8526712448083424,21.701858456573422,117,rs_trailing_30m
rs_trailing_30m_004034,VRTX,2026-07-20 17:42:00+00:00,478.48,483.96,15.322543730585366,5.461500735654231,119,rs_trailing_30m
rs_trailing_30m_004035,VRTX,2026-07-21 14:00:00+00:00,484.99,479.11,2.7308087083353914,2.033925773864035,121,rs_trailing_30m
rs_trailing_30m_004036,VRTX,2026-07-21 14:39:00+00:00,479.11,482.26,1.5507804581388596,3.2383944861135516,121,rs_trailing_30m
rs_trailing_30m_004037,VRTX,2026-07-22 14:00:00+00:00,474.47,478.91,1.3964396884367865,3.857960495173037,120,rs_trailing_30m
rs_trailing_30m_004038,VRTX,2026-07-22 15:11:00+00:00,471.58,476.0,8.132636071571065,4.305513214361011,118,rs_trailing_30m
rs_trailing_30m_004039,VRTX,2026-07-22 16:23:00+00:00,471.58,475.52,2.6121169575362932,10.25255905832976,118,rs_trailing_30m
rs_trailing_30m_004040,VRTX,2026-07-22 18:01:00+00:00,475.85,472.07,2.6794678714853024,17.990712851401092,116,rs_trailing_30m
rs_trailing_30m_004041,VRTX,2026-07-23 14:07:00+00:00,468.54,477.68,0.5407628275626558,7.9080786150404885,119,rs_trailing_30m
rs_trailing_30m_004042,VRTX,2026-07-24 14:01:00+00:00,483.9999,477.61,5.131788077210573,1.845299229874217,119,rs_trailing_30m
rs_trailing_30m_004043,VRTX,2026-07-24 14:46:00+00:00,477.61,480.412,2.1768961214181006,1.758370286461509,115,rs_trailing_30m
rs_trailing_30m_004044,VRTX,2026-07-24 18:41:00+00:00,480.82,476.925,12.423787800813093,8.300260800543308,80,rs_trailing_30m
rs_trailing_30m_004045,VRTX,2026-07-27 14:00:00+00:00,487.2125,481.7,1.5806742448760511,4.791147893975526,120,rs_trailing_30m
rs_trailing_30m_004046,VRTX,2026-07-27 15:07:00+00:00,480.795,486.03,7.5052401251964875,3.8012151425455767,120,rs_trailing_30m
rs_trailing_30m_004047,VRTX,2026-07-27 16:04:00+00:00,479.8,483.245,6.939949658394143,5.447680690397407,120,rs_trailing_30m
rs_trailing_30m_004048,VRTX,2026-07-27 16:47:00+00:00,479.79,481.8,5.216435988264871,2.2462233259077604,120,rs_trailing_30m
rs_trailing_30m_004049,VRTX,2026-07-28 14:17:00+00:00,493.61,482.92,3.418948889440803,6.049590910590815,117,rs_trailing_30m
rs_trailing_30m_004050,VRTX,2026-07-28 17:21:00+00:00,488.06,485.82,2.635165833711796,7.7205735829803395,118,rs_trailing_30m
rs_trailing_30m_004051,VRTX,2026-07-29 14:03:00+00:00,491.91,488.39,0.9567707796174181,4.069845853596416,120,rs_trailing_30m
rs_trailing_30m_004052,VRTX,2026-07-29 15:10:00+00:00,487.56,491.48,3.8949469305355735,5.247682990242489,117,rs_trailing_30m
rs_trailing_30m_004053,VRTX,2026-07-29 15:39:00+00:00,491.48,487.56,1.4898716206935614,10.677413281636777,116,rs_trailing_30m
rs_trailing_30m_004054,VRTX,2026-07-29 16:30:00+00:00,487.56,491.22,5.177365206488927,9.626663430815766,116,rs_trailing_30m
rs_trailing_30m_004055,VRTX,2026-07-29 18:06:00+00:00,481.91,490.3299,24.234174425804476,3.9494340338408374,114,rs_trailing_30m
rs_trailing_30m_004056,VRTX,2026-07-29 18:46:00+00:00,481.91,488.6525,18.2581495652494,0.3238237847420213,75,rs_trailing_30m
rs_trailing_30m_004057,VRTX,2026-07-30 14:00:00+00:00,470.54,476.05,2.639798581842387,1.564042512363282,119,rs_trailing_30m
rs_trailing_30m_004058,VRTX,2026-07-30 17:08:00+00:00,473.91,479.49,0.39850944402042354,17.390952137051233,119,rs_trailing_30m
rs_trailing_30m_004059,VRTX,2026-07-31 14:05:00+00:00,474.974,469.87,1.8171844974080706,1.6128856485870249,119,rs_trailing_30m
rs_trailing_30m_004060,VRTX,2026-07-31 14:38:00+00:00,470.295,474.974,0.3754301112939875,5.029608321766379,119,rs_trailing_30m
rs_trailing_30m_004061,VRTX,2026-07-31 15:22:00+00:00,476.15,472.2701,8.460641142304258,1.026769715506776,118,rs_trailing_30m
rs_trailing_30m_004062,VRTX,2026-08-03 14:00:00+00:00,468.14,474.61,4.344591326776978,0.8706271159115888,121,rs_trailing_30m
rs_trailing_30m_004063,VRTX,2026-08-03 15:10:00+00:00,472.89,469.35,0.6916441594009811,5.586356672085003,121,rs_trailing_30m
rs_trailing_30m_004064,VRTX,2026-08-03 18:31:00+00:00,469.15,472.53,5.679993165898667,3.1266017426964745,90,rs_trailing_30m
rs_trailing_30m_004065,VRTX,2026-08-04 14:00:00+00:00,488.04,474.34,0.8400381094075557,4.7466231036427065,121,rs_trailing_30m
rs_trailing_30m_004066,VRTX,2026-08-04 16:08:00+00:00,481.22,476.83,4.163537568557154,2.3237490067634305,121,rs_trailing_30m
rs_trailing_30m_004067,VRTX,2026-08-04 17:06:00+00:00,473.905,479.689,6.217175283343426,2.8751488225625934,121,rs_trailing_30m
rs_trailing_30m_004068,VRTX,2026-08-04 18:25:00+00:00,473.905,479.265,6.580949081571105,5.7310533886631365,96,rs_trailing_30m
rs_trailing_30m_004069,VRTX,2026-08-04 19:32:00+00:00,479.265,476.41,1.5694775505861214,3.580934411394675,29,rs_trailing_30m
rs_trailing_30m_004070,VRTX,2026-08-05 14:09:00+00:00,489.3,479.02,1.2459782363668108,7.180769309587483,121,rs_trailing_30m
rs_trailing_30m_004071,VRTX,2026-08-05 14:49:00+00:00,479.02,486.37,8.787809242628018,1.8529376863049265,121,rs_trailing_30m
rs_trailing_30m_004072,VRTX,2026-08-05 16:02:00+00:00,484.28,481.28,5.844049631193857,1.2828401629450523,120,rs_trailing_30m
rs_trailing_30m_004073,VRTX,2026-08-05 19:44:00+00:00,486.37,484.465,3.0652574048339734,3.495771085288385,17,rs_trailing_30m
rs_trailing_30m_004074,VRTX,2026-08-06 14:00:00+00:00,480.86,488.725,5.798595101841365,2.7338558758915896,120,rs_trailing_30m
rs_trailing_30m_004075,VRTX,2026-08-06 16:59:00+00:00,481.94,484.38,4.010514963601157,4.212725802102064,116,rs_trailing_30m
rs_trailing_30m_004076,VRTX,2026-08-07 14:00:00+00:00,490.96,486.915,2.61936963928027,2.0896748900035456,121,rs_trailing_30m
rs_trailing_30m_004077,VRTX,2026-08-07 14:33:00+00:00,487.67,490.94,1.466418308873211,3.189103895025333,119,rs_trailing_30m
rs_trailing_30m_004078,VRTX,2026-08-07 14:56:00+00:00,491.47,488.45,1.3768958060579657,3.9541623148329985,118,rs_trailing_30m
rs_trailing_30m_004079,VRTX,2026-08-10 14:00:00+00:00,524.0101,532.28,1.0244076118881524,2.6431747551206053,121,rs_trailing_30m
rs_trailing_30m_004080,VRTX,2026-08-10 14:35:00+00:00,532.88,528.25,2.726994823893004,0.5187599407919936,121,rs_trailing_30m
rs_trailing_30m_004081,VRTX,2026-08-10 16:21:00+00:00,533.63,525.67,3.676892960258388,14.672992910372585,121,rs_trailing_30m
rs_trailing_30m_004082,VRTX,2026-08-10 17:38:00+00:00,519.82,530.5,20.701308243219163,2.534632065512308,121,rs_trailing_30m
rs_trailing_30m_004083,VRTX,2026-08-10 18:58:00+00:00,519.82,524.87,13.052394636864118,0.6512629340639382,63,rs_trailing_30m
rs_trailing_30m_004084,VRTX,2026-08-11 14:02:00+00:00,531.8,526.5572,3.049649231464872,1.2716213065687199,120,rs_trailing_30m
rs_trailing_30m_004085,VRTX,2026-08-12 14:00:00+00:00,531.2159,527.13,1.5534252935830752,2.3989630288847423,117,rs_trailing_30m
rs_trailing_30m_004086,VRTX,2026-08-12 16:42:00+00:00,524.02,527.79,16.297422590966015,1.4601737003463937,116,rs_trailing_30m
rs_trailing_30m_004087,VRTX,2026-08-13 14:04:00+00:00,518.87,527.93,7.309883519778367,0.6310690808440974,113,rs_trailing_30m
rs_trailing_30m_004088,VRTX,2026-08-13 14:31:00+00:00,518.87,526.255,6.297859652064685,2.0973918877363884,112,rs_trailing_30m
rs_trailing_30m_004089,VRTX,2026-08-13 17:26:00+00:00,517.265,523.01,34.056467757171625,1.1015569085874446,119,rs_trailing_30m
rs_trailing_30m_004090,VRTX,2026-08-13 18:42:00+00:00,515.74,519.18,10.37856854912576,4.497379704621048,79,rs_trailing_30m
rs_trailing_30m_004091,VRTX,2026-08-14 14:00:00+00:00,503.475,508.83,0.023891370156003094,5.093640117264477,115,rs_trailing_30m
rs_trailing_30m_004092,VRTX,2026-08-14 15:40:00+00:00,508.785,506.52,2.9265938308978474,5.307859618771339,107,rs_trailing_30m
rs_trailing_60m_000000,AAPL,2026-07-01 14:44:00+00:00,296.59,294.0,3.5344041454191113,1.6667928640328529,121,rs_trailing_60m
rs_trailing_60m_000001,AAPL,2026-07-02 14:00:00+00:00,307.82,302.6188,9.66969497517031,0.1343981854868842,121,rs_trailing_60m
rs_trailing_60m_000002,AAPL,2026-07-02 16:26:00+00:00,308.53,305.02,1.2011493098111619,7.403001868632875,121,rs_trailing_60m
rs_trailing_60m_000003,AAPL,2026-07-06 14:17:00+00:00,314.2,310.2,6.949119764061544,0.42395160364304757,121,rs_trailing_60m
rs_trailing_60m_000004,AAPL,2026-07-07 14:00:00+00:00,310.97,314.73,0.37718506634571364,7.288846552358601,121,rs_trailing_60m
rs_trailing_60m_000005,AAPL,2026-07-08 14:29:00+00:00,308.7,311.79,0.2850289701576886,5.586567815089422,121,rs_trailing_60m
rs_trailing_60m_000006,AAPL,2026-07-09 14:31:00+00:00,315.22,310.7012,6.4662441497039165,2.3881995059573917,121,rs_trailing_60m
rs_trailing_60m_000007,AAPL,2026-07-09 15:46:00+00:00,315.5,314.09,2.4262219999156707,2.7570704544495213,121,rs_trailing_60m
rs_trailing_60m_000008,AAPL,2026-07-10 14:35:00+00:00,312.17,314.514,0.3876692577483059,5.291685368265491,121,rs_trailing_60m
rs_trailing_60m_000009,AAPL,2026-07-13 14:00:00+00:00,321.8,316.09,0.9965015091528071,10.381270171035563,121,rs_trailing_60m
rs_trailing_60m_000010,AAPL,2026-07-15 14:00:00+00:00,327.11,320.75,11.564177589556383,1.5691895770261395,121,rs_trailing_60m
rs_trailing_60m_000011,AAPL,2026-07-15 15:37:00+00:00,328.53,325.215,5.751673371714406,3.0146701810366934,121,rs_trailing_60m
rs_trailing_60m_000012,AAPL,2026-07-16 14:33:00+00:00,332.28,329.35,2.2763705166536314,2.6532419103938656,121,rs_trailing_60m
rs_trailing_60m_000013,AAPL,2026-07-16 17:37:00+00:00,334.68,329.34,5.570035133974818,14.127969909353581,121,rs_trailing_60m
rs_trailing_60m_000014,AAPL,2026-07-16 19:05:00+00:00,334.68,330.35,1.4933191063108273,10.010099734333206,56,rs_trailing_60m
rs_trailing_60m_000015,AAPL,2026-07-17 14:00:00+00:00,329.0006,334.8699,2.146056674308309,6.3681047685182905,121,rs_trailing_60m
rs_trailing_60m_000016,AAPL,2026-07-17 16:06:00+00:00,329.16,333.5,2.9084131593774947,8.566598760348546,121,rs_trailing_60m
rs_trailing_60m_000017,AAPL,2026-07-17 18:04:00+00:00,334.67,331.84,8.529001310643846,0.6311784651142247,117,rs_trailing_60m
rs_trailing_60m_000018,AAPL,2026-07-20 14:00:00+00:00,324.42,329.01,8.780223585778904,0.32492897369084456,121,rs_trailing_60m
rs_trailing_60m_000019,AAPL,2026-07-20 15:21:00+00:00,323.68,326.545,2.573839662447431,5.147679324895015,121,rs_trailing_60m
rs_trailing_60m_000020,AAPL,2026-07-20 18:51:00+00:00,329.76,326.0,9.376921500308262,3.6813099223432673,70,rs_trailing_60m
rs_trailing_60m_000021,AAPL,2026-07-21 14:27:00+00:00,329.6,326.1,3.7184701051505744,0.9546521095808056,121,rs_trailing_60m
rs_trailing_60m_000022,AAPL,2026-07-22 14:00:00+00:00,324.07,326.1481,4.192049236953144,0.7020504929975359,121,rs_trailing_60m
rs_trailing_60m_000023,AAPL,2026-07-23 14:00:00+00:00,319.8,322.93,0.6743452994516715,5.030251422936715,121,rs_trailing_60m
rs_trailing_60m_000024,AAPL,2026-07-23 14:54:00+00:00,322.29,320.0,2.9112075576366268,2.786796978250419,121,rs_trailing_60m
rs_trailing_60m_000025,AAPL,2026-07-24 14:00:00+00:00,333.64,326.786,14.133349365719369,0.7012565382072387,121,rs_trailing_60m
rs_trailing_60m_000026,AAPL,2026-07-27 14:00:00+00:00,339.57,335.25,6.823136860863851,1.5034030371394314,121,rs_trailing_60m
rs_trailing_60m_000027,AAPL,2026-07-29 14:00:00+00:00,343.48,339.52,1.6721423848282064,6.553551831221113,121,rs_trailing_60m
rs_trailing_60m_000028,AAPL,2026-07-29 19:04:00+00:00,337.3501,342.87,16.418498118851847,1.8353373594559583,57,rs_trailing_60m
rs_trailing_60m_000029,AAPL,2026-07-30 14:00:00+00:00,329.59,333.0323,3.3789049241751385,2.3226658701817815,121,rs_trailing_60m
rs_trailing_60m_000030,AAPL,2026-07-30 15:34:00+00:00,332.85,330.63,1.8568346999984997,3.2322678111085477,121,rs_trailing_60m
rs_trailing_60m_000031,AAPL,2026-07-31 14:00:00+00:00,300.38,304.25,2.8794460518080673,1.1147674398931688,121,rs_trailing_60m
rs_trailing_60m_000032,AAPL,2026-07-31 16:18:00+00:00,300.0,302.095,3.6026573016333097,1.4628239379115466,121,rs_trailing_60m
rs_trailing_60m_000033,AAPL,2026-07-31 19:04:00+00:00,310.69,303.4,30.728694099448884,1.5497180021336903,57,rs_trailing_60m
rs_trailing_60m_000034,AAPL,2026-08-03 14:00:00+00:00,302.56,307.2155,2.9180184408064362,3.520291915200354,121,rs_trailing_60m
rs_trailing_60m_000035,AAPL,2026-08-03 15:42:00+00:00,302.56,307.54,2.0625502865406635,12.93234084772577,121,rs_trailing_60m
rs_trailing_60m_000036,AAPL,2026-08-03 16:31:00+00:00,307.54,305.38,2.8200431096741636,4.794073286446058,121,rs_trailing_60m
rs_trailing_60m_000037,AAPL,2026-08-04 14:20:00+00:00,307.14,305.225,0.5516118822625419,2.749440475652365,121,rs_trailing_60m
rs_trailing_60m_000038,AAPL,2026-08-04 17:05:00+00:00,310.42,308.47,3.677151284203415,4.859092768411282,121,rs_trailing_60m
rs_trailing_60m_000039,AAPL,2026-08-05 14:11:00+00:00,306.27,311.71,2.27475455025494,7.6249772524545545,121,rs_trailing_60m
rs_trailing_60m_000040,AAPL,2026-08-05 14:47:00+00:00,311.71,307.8,5.6737668514905115,5.0692977438255875,121,rs_trailing_60m
rs_trailing_60m_000041,AAPL,2026-08-06 14:31:00+00:00,309.23,313.64,7.001631260312179,1.3889105489205462,121,rs_trailing_60m
rs_trailing_60m_000042,AAPL,2026-08-06 15:46:00+00:00,309.23,311.77,2.0788440264032513,6.044638784465007,121,rs_trailing_60m
rs_trailing_60m_000043,AAPL,2026-08-07 14:42:00+00:00,314.38,311.54,0.4073397471058249,7.855837979898784,121,rs_trailing_60m
rs_trailing_60m_000044,AAPL,2026-08-10 14:00:00+00:00,305.95,307.46,1.5792795065696792,1.4784356555282923,121,rs_trailing_60m
rs_trailing_60m_000045,AAPL,2026-08-11 14:30:00+00:00,306.05,307.61,0.670315226993693,3.4304367499089783,121,rs_trailing_60m
rs_trailing_60m_000046,AAPL,2026-08-11 18:26:00+00:00,302.79,305.3,1.9858958819579036,13.351330775625156,95,rs_trailing_60m
rs_trailing_60m_000047,ADBE,2026-07-01 14:32:00+00:00,209.26,213.66,0.5315060903136135,5.464972877326935,121,rs_trailing_60m
rs_trailing_60m_000048,ADBE,2026-07-02 14:00:00+00:00,219.1,216.175,2.920448942896039,1.5755053507728234,121,rs_trailing_60m
rs_trailing_60m_000049,ADBE,2026-07-02 16:02:00+00:00,221.88,218.895,8.907122719293605,0.7787648279163167,121,rs_trailing_60m
rs_trailing_60m_000050,ADBE,2026-07-02 17:35:00+00:00,222.15,220.33,3.5696810198898343,3.771357913668733,121,rs_trailing_60m
rs_trailing_60m_000051,ADBE,2026-07-06 14:06:00+00:00,212.9,218.7,2.589252454367486,6.296939400858191,121,rs_trailing_60m
rs_trailing_60m_000052,ADBE,2026-07-07 14:00:00+00:00,230.74,220.77,14.202048396597627,1.1886497027586842,121,rs_trailing_60m
rs_trailing_60m_000053,ADBE,2026-07-07 16:49:00+00:00,224.75,228.6,10.148711254446916,1.873608231590182,121,rs_trailing_60m
rs_trailing_60m_000054,ADBE,2026-07-07 18:15:00+00:00,221.365,226.56,17.264423817823662,1.5185461787405754,106,rs_trailing_60m
rs_trailing_60m_000055,ADBE,2026-07-08 14:28:00+00:00,218.32,220.66,1.0414863809225634,2.296976812719548,121,rs_trailing_60m
rs_trailing_60m_000056,ADBE,2026-07-09 14:00:00+00:00,221.54,218.095,2.472392378309824,3.361437582839112,121,rs_trailing_60m
rs_trailing_60m_000057,ADBE,2026-07-10 14:27:00+00:00,223.19,225.06,2.1767104791823466,0.9664930699071885,121,rs_trailing_60m
rs_trailing_60m_000058,ADBE,2026-07-13 14:15:00+00:00,231.88,226.21,7.276409964000543,1.8918665906401209,121,rs_trailing_60m
rs_trailing_60m_000059,ADBE,2026-07-14 14:00:00+00:00,223.5,220.18,0.8162757074965676,3.7770045448569634,121,rs_trailing_60m
rs_trailing_60m_000060,ADBE,2026-07-14 16:15:00+00:00,224.2,221.15,3.1764767145164017,7.588249929122727,121,rs_trailing_60m
rs_trailing_60m_000061,ADBE,2026-07-14 17:37:00+00:00,220.25,222.67,10.767504885366622,1.1037305691150052,121,rs_trailing_60m
rs_trailing_60m_000062,ADBE,2026-07-15 14:00:00+00:00,231.525,225.51,6.57447398510146,3.2504852746216018,121,rs_trailing_60m
rs_trailing_60m_000063,ADBE,2026-07-15 15:19:00+00:00,223.845,227.39,7.102268396421054,1.1391527051542296,121,rs_trailing_60m
rs_trailing_60m_000064,ADBE,2026-07-15 17:06:00+00:00,223.11,225.0,6.286978606051704,1.8238675137010865,121,rs_trailing_60m
rs_trailing_60m_000065,ADBE,2026-07-16 14:00:00+00:00,222.042,227.89,3.9089972896305403,4.9582704178013115,121,rs_trailing_60m
rs_trailing_60m_000066,ADBE,2026-07-17 14:00:00+00:00,235.91,232.36,1.049357641792819,3.757377362548423,121,rs_trailing_60m
rs_trailing_60m_000067,ADBE,2026-07-17 16:26:00+00:00,240.15,234.5,13.89544938464472,2.6154421028932027,121,rs_trailing_60m
rs_trailing_60m_000068,ADBE,2026-07-17 19:10:00+00:00,236.93,237.98,2.5169808925280037,2.5653843712305604,51,rs_trailing_60m
rs_trailing_60m_000069,ADBE,2026-07-20 14:00:00+00:00,227.5,232.2399,1.0767336042509954,5.223241226991153,121,rs_trailing_60m
rs_trailing_60m_000070,ADBE,2026-07-20 15:11:00+00:00,235.34,229.84,13.058553940782302,1.3925620902645144,121,rs_trailing_60m
rs_trailing_60m_000071,ADBE,2026-07-21 14:00:00+00:00,231.5,227.36,4.69769246443233,1.6580091050937378,121,rs_trailing_60m
rs_trailing_60m_000072,ADBE,2026-07-22 14:00:00+00:00,220.88,225.97,7.132328294677632,1.5010964425183402,121,rs_trailing_60m
rs_trailing_60m_000073,ADBE,2026-07-22 15:56:00+00:00,220.15,222.21,3.463278025503622,4.552848640268938,121,rs_trailing_60m
rs_trailing_60m_000074,ADBE,2026-07-22 18:00:00+00:00,218.0,220.605,9.456537739669567,5.163213483973811,121,rs_trailing_60m
rs_trailing_60m_000075,ADBE,2026-07-23 14:00:00+00:00,212.575,217.76,7.888934448424624,0.9361195138367618,121,rs_trailing_60m
rs_trailing_60m_000076,ADBE,2026-07-23 16:29:00+00:00,212.43,213.74,2.7878057023471605,3.3500522305516522,121,rs_trailing_60m
rs_trailing_60m_000077,ADBE,2026-07-24 14:00:00+00:00,224.49,217.8,9.527910039509013,0.6382332083881436,121,rs_trailing_60m
rs_trailing_60m_000078,ADBE,2026-07-24 18:18:00+00:00,226.93,224.48,12.148729151860461,0.9633353512488794,103,rs_trailing_60m
rs_trailing_60m_000079,ADBE,2026-07-27 14:00:00+00:00,238.88,233.71,6.549208325302223,1.4553796278449385,121,rs_trailing_60m
rs_trailing_60m_000080,ADBE,2026-07-27 17:19:00+00:00,242.05,238.91,10.013001067686687,3.8988676723735236,121,rs_trailing_60m
rs_trailing_60m_000081,ADBE,2026-07-27 19:10:00+00:00,237.49,240.425,10.516572575234592,2.133485010139826,51,rs_trailing_60m
rs_trailing_60m_000082,ADBE,2026-07-28 14:00:00+00:00,253.33,247.01,8.086809423608322,1.741774337392563,121,rs_trailing_60m
rs_trailing_60m_000083,ADBE,2026-07-28 16:48:00+00:00,254.06,251.23,1.7331904792909116,8.485411721528685,121,rs_trailing_60m
rs_trailing_60m_000084,ADBE,2026-07-28 18:44:00+00:00,247.7,251.97,14.980229802715684,2.962429736581978,77,rs_trailing_60m
rs_trailing_60m_000085,ADBE,2026-07-29 14:00:00+00:00,264.13,257.65,4.7699535515123195,2.129443549782277,121,rs_trailing_60m
rs_trailing_60m_000086,ADBE,2026-07-29 17:16:00+00:00,261.15,266.28,3.785861846636657,9.93955954788331,121,rs_trailing_60m
rs_trailing_60m_000087,ADBE,2026-07-29 18:18:00+00:00,265.8399,261.15,2.99630561626568,11.344314558981461,103,rs_trailing_60m
rs_trailing_60m_000088,ADBE,2026-07-29 18:54:00+00:00,261.15,264.62,7.2423656030051236,0.9170527873934616,67,rs_trailing_60m
rs_trailing_60m_000089,ADBE,2026-07-30 14:00:00+00:00,242.42,247.34,3.9564154158119362,1.4208121658993247,121,rs_trailing_60m
rs_trailing_60m_000090,ADBE,2026-07-30 19:16:00+00:00,246.61,248.225,3.559272585819142,5.1501595749352145,45,rs_trailing_60m
rs_trailing_60m_000091,ADBE,2026-07-31 14:00:00+00:00,247.89,243.09,1.6800987486610461,4.464262389299329,121,rs_trailing_60m
rs_trailing_60m_000092,ADBE,2026-08-03 14:09:00+00:00,251.68,256.5,5.56830055228289,0.6301310093807567,121,rs_trailing_60m
rs_trailing_60m_000093,ADBE,2026-08-03 17:54:00+00:00,251.7,253.75,4.069963852576077,6.491334752209731,121,rs_trailing_60m
rs_trailing_60m_000094,ADBE,2026-08-04 14:00:00+00:00,253.9299,250.45,2.0969230259488905,2.611175843655302,121,rs_trailing_60m
rs_trailing_60m_000095,ADBE,2026-08-04 18:46:00+00:00,258.54,255.99,12.660407853245907,1.077481519425112,75,rs_trailing_60m
rs_trailing_60m_000096,ADBE,2026-08-04 19:31:00+00:00,258.54,257.0,5.167090198648266,3.3891666894360104,30,rs_trailing_60m
rs_trailing_60m_000097,ADBE,2026-08-05 14:00:00+00:00,255.555,261.0,3.5086831473561912,3.8393090593186887,121,rs_trailing_60m
rs_trailing_60m_000098,ADBE,2026-08-05 15:31:00+00:00,255.555,257.88,3.4060373407785973,2.0932937823534945,121,rs_trailing_60m
rs_trailing_60m_000099,ADBE,2026-08-06 14:00:00+00:00,257.24,250.84,4.824281780120997,3.588634675675808,121,rs_trailing_60m
rs_trailing_60m_000100,ADBE,2026-08-07 14:00:00+00:00,270.16,264.11,7.041735576125309,1.2144029164539434,121,rs_trailing_60m
rs_trailing_60m_000101,ADBE,2026-08-10 14:02:00+00:00,271.221,265.6032,6.210756754067319,2.1744365391312632,121,rs_trailing_60m
rs_trailing_60m_000102,ADBE,2026-08-10 16:10:00+00:00,273.13,270.88,4.448083307215953,4.331028483341953,121,rs_trailing_60m
rs_trailing_60m_000103,ADBE,2026-08-11 14:27:00+00:00,265.06,271.18,5.627674701044369,2.8345781663737197,121,rs_trailing_60m
rs_trailing_60m_000104,ADBE,2026-08-12 14:30:00+00:00,255.1,257.19,2.09041858002773,0.9226675111846228,121,rs_trailing_60m
rs_trailing_60m_000105,ADBE,2026-08-12 19:26:00+00:00,258.94,257.41,5.207021576896864,2.6808427920656426,35,rs_trailing_60m
rs_trailing_60m_000106,ADBE,2026-08-13 14:31:00+00:00,255.85,261.507,8.332231769110926,0.6118735663464755,121,rs_trailing_60m
rs_trailing_60m_000107,ADBE,2026-08-13 18:33:00+00:00,271.88,257.975,62.930128600703405,7.809033743094397,88,rs_trailing_60m
rs_trailing_60m_000108,ADBE,2026-08-14 14:00:00+00:00,261.67,266.14,1.882605680720876,3.3442560539514754,121,rs_trailing_60m
rs_trailing_60m_000109,ADBE,2026-08-14 15:38:00+00:00,266.14,263.925,3.2366761299933406,4.154290496744172,121,rs_trailing_60m
rs_trailing_60m_000110,ADI,2026-07-01 14:00:00+00:00,397.2825,391.95,0.5565036834769904,3.7915635577553215,121,rs_trailing_60m
rs_trailing_60m_000111,ADI,2026-07-01 17:22:00+00:00,390.07,394.85,7.004739499556752,5.535580653207773,121,rs_trailing_60m
rs_trailing_60m_000112,ADI,2026-07-02 14:00:00+00:00,379.71,394.01,9.571912938860715,0.7507382697145369,121,rs_trailing_60m
rs_trailing_60m_000113,ADI,2026-07-06 14:06:00+00:00,395.93,390.045,5.940523441762543,0.6869610046397859,121,rs_trailing_60m
rs_trailing_60m_000114,ADI,2026-07-07 14:30:00+00:00,371.09,381.185,2.6892414124599098,6.390321149005903,121,rs_trailing_60m
rs_trailing_60m_000115,ADI,2026-07-07 15:44:00+00:00,381.66,374.55,8.703630939707667,0.8168022881879685,121,rs_trailing_60m
rs_trailing_60m_000116,ADI,2026-07-07 19:15:00+00:00,374.58,379.38,1.5861954192756578,8.565455264088575,46,rs_trailing_60m
rs_trailing_60m_000117,ADI,2026-07-08 14:00:00+00:00,386.3,379.98,1.9434153859738008,2.622527082187693,121,rs_trailing_60m
rs_trailing_60m_000118,ADI,2026-07-08 15:25:00+00:00,379.98,388.8459,0.01373422253041836,12.162890130724206,121,rs_trailing_60m
rs_trailing_60m_000119,ADI,2026-07-08 16:25:00+00:00,389.78,384.23,9.526218122385426,1.1763143835333403,121,rs_trailing_60m
rs_trailing_60m_000120,ADI,2026-07-09 14:00:00+00:00,388.33,397.99,5.809432993471945,3.638230763588519,121,rs_trailing_60m
rs_trailing_60m_000121,ADI,2026-07-09 15:13:00+00:00,397.99,394.19,0.7481458025786075,4.42086156069168,121,rs_trailing_60m
rs_trailing_60m_000122,ADI,2026-07-10 14:00:00+00:00,395.73,390.74,2.5693948689761705,2.4983048923641316,121,rs_trailing_60m
rs_trailing_60m_000123,ADI,2026-07-13 14:25:00+00:00,390.59,384.55,1.4184049752917616,5.327395064678562,121,rs_trailing_60m
rs_trailing_60m_000124,ADI,2026-07-13 15:30:00+00:00,382.945,387.31,8.859148441099148,1.5360620280937494,121,rs_trailing_60m
rs_trailing_60m_000125,ADI,2026-07-14 14:00:00+00:00,392.97,399.26,4.854315683630994,1.3265842455266557,121,rs_trailing_60m
rs_trailing_60m_000126,ADI,2026-07-14 16:15:00+00:00,394.0,395.77,0.2779338730009568,3.8215907537629588,121,rs_trailing_60m
rs_trailing_60m_000127,ADI,2026-07-15 14:01:00+00:00,384.33,395.405,10.629437790276508,0.4501879534705231,121,rs_trailing_60m
rs_trailing_60m_000128,ADI,2026-07-15 17:17:00+00:00,391.0,387.2,5.264908542966956,1.3818198501475136,121,rs_trailing_60m
rs_trailing_60m_000129,ADI,2026-07-16 14:32:00+00:00,384.43,379.24,0.11989779204613336,5.065681713948936,121,rs_trailing_60m
rs_trailing_60m_000130,ADI,2026-07-16 15:08:00+00:00,379.0,383.26,3.0343645935529646,2.950076688176411,121,rs_trailing_60m
rs_trailing_60m_000131,ADI,2026-07-17 14:00:00+00:00,378.19,371.72,2.1479396929194947,2.2085398723435388,121,rs_trailing_60m
rs_trailing_60m_000132,ADI,2026-07-17 16:00:00+00:00,379.78,374.88,2.305610469408957,4.2818480146167,121,rs_trailing_60m
rs_trailing_60m_000133,ADI,2026-07-17 18:09:00+00:00,372.72,378.21,3.817671985790356,7.891277289064,112,rs_trailing_60m
rs_trailing_60m_000134,ADI,2026-07-20 14:00:00+00:00,376.19,381.61,3.3522808054397886,2.2382921070167368,121,rs_trailing_60m
rs_trailing_60m_000135,ADI,2026-07-20 15:56:00+00:00,381.61,375.71,0.0,11.54321086646321,121,rs_trailing_60m
rs_trailing_60m_000136,ADI,2026-07-20 16:56:00+00:00,374.7201,378.14,5.826700198656478,2.9908280147091824,121,rs_trailing_60m
rs_trailing_60m_000137,ADI,2026-07-21 14:00:00+00:00,377.69,385.57,1.8791019755223897,5.675654946475864,121,rs_trailing_60m
rs_trailing_60m_000138,ADI,2026-07-21 15:05:00+00:00,385.57,381.89,4.08240214395001,2.543061975007507,121,rs_trailing_60m
rs_trailing_60m_000139,ADI,2026-07-22 14:00:00+00:00,386.975,380.02,5.885827466766355,2.5983031096812836,121,rs_trailing_60m
rs_trailing_60m_000140,ADI,2026-07-23 14:00:00+00:00,381.76,374.85,1.8140153834827515,3.397978919995792,121,rs_trailing_60m
rs_trailing_60m_000141,ADI,2026-07-24 14:00:00+00:00,367.15,374.3227,4.616785881409346,1.3768467143525915,121,rs_trailing_60m
rs_trailing_60m_000142,ADI,2026-07-27 14:01:00+00:00,361.67,373.7,10.417571493934705,1.0379481653006006,121,rs_trailing_60m
rs_trailing_60m_000143,ADI,2026-07-27 15:47:00+00:00,362.85,369.64,0.2454705920011614,7.330644497490206,121,rs_trailing_60m
rs_trailing_60m_000144,ADI,2026-07-27 19:07:00+00:00,373.72,370.62,5.316410700061902,2.7822984744795303,54,rs_trailing_60m
rs_trailing_60m_000145,ADI,2026-07-28 14:00:00+00:00,373.283,365.1,4.3869242420675185,1.5535359718723183,121,rs_trailing_60m
rs_trailing_60m_000146,ADI,2026-07-28 15:39:00+00:00,373.283,367.765,1.9523548337612338,5.1212459362285045,121,rs_trailing_60m
rs_trailing_60m_000147,ADI,2026-07-28 19:24:00+00:00,371.75,365.48,0.2995469965502806,15.351783573201242,37,rs_trailing_60m
rs_trailing_60m_000148,ADI,2026-07-29 14:26:00+00:00,353.54,360.43,3.3866104984922973,2.9368979932724444,121,rs_trailing_60m
rs_trailing_60m_000149,ADI,2026-07-29 16:01:00+00:00,352.73,362.6,4.123129690611098,12.693105865724538,121,rs_trailing_60m
rs_trailing_60m_000150,ADI,2026-07-29 17:34:00+00:00,368.94,357.06,19.704406186171536,1.4417858185003611,121,rs_trailing_60m
rs_trailing_60m_000151,ADI,2026-07-30 14:17:00+00:00,361.21,367.3,3.154151851077531,2.365613888308148,121,rs_trailing_60m
rs_trailing_60m_000152,ADI,2026-07-31 14:04:00+00:00,362.86,371.035,2.792933958749233,2.4923056506894357,121,rs_trailing_60m
rs_trailing_60m_000153,ADI,2026-07-31 15:25:00+00:00,364.1914,369.1,1.2550539601677548,4.648125293262036,121,rs_trailing_60m
rs_trailing_60m_000154,ADI,2026-08-03 14:00:00+00:00,355.72,365.73,1.2750174038981161,5.895164738248135,121,rs_trailing_60m
rs_trailing_60m_000155,ADI,2026-08-03 15:51:00+00:00,359.15,362.63,4.013419919942478,1.3173821111261754,121,rs_trailing_60m
rs_trailing_60m_000156,ADI,2026-08-04 14:31:00+00:00,378.635,373.99,4.537725823592058,0.522955196956612,121,rs_trailing_60m
rs_trailing_60m_000157,ADI,2026-08-04 16:14:00+00:00,375.79,378.59,0.25758938562803674,6.954913411959334,121,rs_trailing_60m
rs_trailing_60m_000158,ADI,2026-08-04 19:06:00+00:00,382.48,379.92,6.603527248594168,1.8914625787430217,55,rs_trailing_60m
rs_trailing_60m_000159,ADI,2026-08-05 14:07:00+00:00,382.53,374.64,0.16058660994898258,7.518373102158592,121,rs_trailing_60m
rs_trailing_60m_000160,ADI,2026-08-05 14:47:00+00:00,374.64,379.005,2.4536529998606103,2.84842390330344,121,rs_trailing_60m
rs_trailing_60m_000161,ADI,2026-08-05 16:25:00+00:00,379.67,376.33,3.274885894556155,3.6699514945344744,121,rs_trailing_60m
rs_trailing_60m_000162,ADI,2026-08-05 19:42:00+00:00,381.08,375.79,1.1380825019032033,15.024216652641405,19,rs_trailing_60m
rs_trailing_60m_000163,ADI,2026-08-06 14:02:00+00:00,384.4,378.265,3.6098540352810438,2.846838240651753,121,rs_trailing_60m
rs_trailing_60m_000164,ADI,2026-08-06 16:06:00+00:00,376.76,381.6199,3.984429478069931,4.738060981602028,121,rs_trailing_60m
rs_trailing_60m_000165,ADI,2026-08-06 17:20:00+00:00,382.79,379.21,4.29384319419743,3.7543026881202533,121,rs_trailing_60m
rs_trailing_60m_000166,ADI,2026-08-07 14:26:00+00:00,391.07,386.32,1.4948974301510831,3.1920747105866782,121,rs_trailing_60m
rs_trailing_60m_000167,ADI,2026-08-10 14:27:00+00:00,384.91,389.38,4.445190609361254,0.40706873712099695,121,rs_trailing_60m
rs_trailing_60m_000168,ADI,2026-08-10 15:06:00+00:00,384.91,388.185,1.3956165343381792,5.746014949970575,121,rs_trailing_60m
rs_trailing_60m_000169,ADI,2026-08-11 14:06:00+00:00,394.16,387.7725,1.1054862658181794,5.991291144145277,121,rs_trailing_60m
rs_trailing_60m_000170,ADI,2026-08-11 15:07:00+00:00,386.3,390.225,8.530838779694633,1.0222403102630204,121,rs_trailing_60m
rs_trailing_60m_000171,ADI,2026-08-12 14:00:00+00:00,383.61,390.3467,6.080604385913302,0.8505644070786218,121,rs_trailing_60m
rs_trailing_60m_000172,ADI,2026-08-13 19:10:00+00:00,380.51,382.86,9.47804628999063,0.28029271613332607,51,rs_trailing_60m
rs_trailing_60m_000173,ADI,2026-08-14 14:11:00+00:00,388.6,382.33,2.0558933989124037,5.65370684700904,121,rs_trailing_60m
rs_trailing_60m_000174,AMAT,2026-07-01 14:01:00+00:00,659.15,690.51,5.543568434861961,1.3414337876042242,121,rs_trailing_60m
rs_trailing_60m_000175,AMAT,2026-07-01 19:06:00+00:00,657.98,647.0,7.17591847867897,2.192878774102899,55,rs_trailing_60m
rs_trailing_60m_000176,AMAT,2026-07-02 14:00:00+00:00,596.431,643.4,13.2615107933336,1.8867150986405803,121,rs_trailing_60m
rs_trailing_60m_000177,AMAT,2026-07-02 16:24:00+00:00,581.9,594.6299,6.127390005979962,1.1624288759942671,121,rs_trailing_60m
rs_trailing_60m_000178,AMAT,2026-07-06 14:00:00+00:00,592.3801,617.8799,7.808391621674009,2.743462106981838,121,rs_trailing_60m
rs_trailing_60m_000179,AMAT,2026-07-06 17:02:00+00:00,591.68,599.1699,2.8252215893827493,5.041182567612612,121,rs_trailing_60m
rs_trailing_60m_000180,AMAT,2026-07-06 19:34:00+00:00,601.23,592.2,0.6110156694430001,9.799307906161827,27,rs_trailing_60m
rs_trailing_60m_000181,AMAT,2026-07-07 14:00:00+00:00,527.63,543.97,4.34081986761386,2.2880583227422435,121,rs_trailing_60m
rs_trailing_60m_000182,AMAT,2026-07-07 18:42:00+00:00,542.8501,555.0,4.230572510164894,9.624526802822835,79,rs_trailing_60m
rs_trailing_60m_000183,AMAT,2026-07-08 14:00:00+00:00,574.95,555.32,0.2538598550717297,8.19235871282282,121,rs_trailing_60m
rs_trailing_60m_000184,AMAT,2026-07-08 16:12:00+00:00,575.68,565.55,4.509246088193992,2.6955903271696844,121,rs_trailing_60m
rs_trailing_60m_000185,AMAT,2026-07-08 18:45:00+00:00,578.14,568.0,2.4619570091772816,8.415709253593109,76,rs_trailing_60m
rs_trailing_60m_000186,AMAT,2026-07-09 14:03:00+00:00,627.96,604.8,0.7751903266637938,7.133799966522846,121,rs_trailing_60m
rs_trailing_60m_000187,AMAT,2026-07-09 17:39:00+00:00,587.32,603.85,15.199715037593865,1.5839382403906124,121,rs_trailing_60m
rs_trailing_60m_000188,AMAT,2026-07-10 14:00:00+00:00,601.45,583.0756,6.138284376336555,1.6670645817643632,121,rs_trailing_60m
rs_trailing_60m_000189,AMAT,2026-07-10 17:42:00+00:00,609.22,599.84,1.5889204357605309,9.875751631495616,121,rs_trailing_60m
rs_trailing_60m_000190,AMAT,2026-07-10 18:45:00+00:00,599.84,605.49,5.120743207319994,1.7678756310986536,76,rs_trailing_60m
rs_trailing_60m_000191,AMAT,2026-07-13 14:00:00+00:00,590.02,576.5,3.4635244367735427,2.7717419260997316,121,rs_trailing_60m
rs_trailing_60m_000192,AMAT,2026-07-13 15:51:00+00:00,569.14,582.41,9.016018612413424,3.0023206127724604,121,rs_trailing_60m
rs_trailing_60m_000193,AMAT,2026-07-14 14:00:00+00:00,584.0,600.32,6.614720062670829,0.5677304644608048,121,rs_trailing_60m
rs_trailing_60m_000194,AMAT,2026-07-14 17:07:00+00:00,601.93,594.59,3.4141078200986947,5.632661638213329,121,rs_trailing_60m
rs_trailing_60m_000195,AMAT,2026-07-14 19:05:00+00:00,592.12,598.97,4.640775973701333,5.764891921504808,56,rs_trailing_60m
rs_trailing_60m_000196,AMAT,2026-07-15 14:00:00+00:00,569.35,593.07,8.985788722607104,1.586776183158823,121,rs_trailing_60m
rs_trailing_60m_000197,AMAT,2026-07-15 19:42:00+00:00,582.215,577.775,2.0429836896886857,1.563715150159396,19,rs_trailing_60m
rs_trailing_60m_000198,AMAT,2026-07-16 14:00:00+00:00,591.088,568.21,6.227207727943206,2.805066309962394,121,rs_trailing_60m
rs_trailing_60m_000199,AMAT,2026-07-16 17:31:00+00:00,558.5,564.79,3.687146157252629,2.053484864806557,121,rs_trailing_60m
rs_trailing_60m_000200,AMAT,2026-07-16 19:41:00+00:00,564.22,557.27,0.2080423261593614,6.078454051264365,20,rs_trailing_60m
rs_trailing_60m_000201,AMAT,2026-07-17 14:01:00+00:00,527.87,548.3124,0.3036760674235386,8.318362322435789,121,rs_trailing_60m
rs_trailing_60m_000202,AMAT,2026-07-17 14:35:00+00:00,551.18,528.6,5.8839779641468715,2.04324294459036,121,rs_trailing_60m
rs_trailing_60m_000203,AMAT,2026-07-20 14:10:00+00:00,527.51,541.2,5.185380491418565,1.5753679778690957,121,rs_trailing_60m
rs_trailing_60m_000204,AMAT,2026-07-20 16:19:00+00:00,537.685,528.6106,0.6969236646943251,9.421738899949133,121,rs_trailing_60m
rs_trailing_60m_000205,AMAT,2026-07-20 17:15:00+00:00,525.75,532.26,3.596603159237641,3.392616711400225,121,rs_trailing_60m
rs_trailing_60m_000206,AMAT,2026-07-21 14:00:00+00:00,571.41,556.2101,4.802226006860362,3.0974877465678348,121,rs_trailing_60m
rs_trailing_60m_000207,AMAT,2026-07-21 16:13:00+00:00,563.84,572.5,0.42917545418164244,8.52663040898302,121,rs_trailing_60m
rs_trailing_60m_000208,AMAT,2026-07-21 18:05:00+00:00,561.81,569.329,7.516315677615302,3.4362381169561322,116,rs_trailing_60m
rs_trailing_60m_000209,AMAT,2026-07-21 19:10:00+00:00,561.81,568.68,2.666858802295061,7.568515483607895,51,rs_trailing_60m
rs_trailing_60m_000210,AMAT,2026-07-22 14:00:00+00:00,563.0,554.19,1.1586531956613613,3.2891614682936328,121,rs_trailing_60m
rs_trailing_60m_000211,AMAT,2026-07-23 14:00:00+00:00,576.49,560.2,5.1370282751622405,2.1460170340103133,121,rs_trailing_60m
rs_trailing_60m_000212,AMAT,2026-07-23 16:27:00+00:00,571.3,557.18,1.8313807820574959,10.571063650869512,121,rs_trailing_60m
rs_trailing_60m_000213,AMAT,2026-07-23 17:28:00+00:00,554.8,564.22,8.921922400355413,0.5159786677353029,121,rs_trailing_60m
rs_trailing_60m_000214,AMAT,2026-07-24 14:00:00+00:00,535.25,554.585,5.976669360855567,1.9874176199950655,121,rs_trailing_60m
rs_trailing_60m_000215,AMAT,2026-07-24 17:09:00+00:00,530.81,549.9,13.484884024554,3.694057318704996,121,rs_trailing_60m
rs_trailing_60m_000216,AMAT,2026-07-24 18:20:00+00:00,530.0101,541.45,14.56467722873394,0.6240164721196471,101,rs_trailing_60m
rs_trailing_60m_000217,AMAT,2026-07-27 14:00:00+00:00,493.64,527.72,11.000583166243985,0.6785406438991675,121,rs_trailing_60m
rs_trailing_60m_000218,AMAT,2026-07-27 18:59:00+00:00,521.0,511.331,10.117507505694759,1.0054237134710062,62,rs_trailing_60m
rs_trailing_60m_000219,AMAT,2026-07-28 14:00:00+00:00,467.01,482.77,4.882951547384724,2.376983960802355,121,rs_trailing_60m
rs_trailing_60m_000220,AMAT,2026-07-28 16:46:00+00:00,471.16,480.55,4.300801180144108,3.4654532586161233,121,rs_trailing_60m
rs_trailing_60m_000221,AMAT,2026-07-28 17:47:00+00:00,471.16,483.65,0.6700539644102548,11.914869367145396,121,rs_trailing_60m
rs_trailing_60m_000222,AMAT,2026-07-28 18:55:00+00:00,483.65,475.26,8.159601975193121,1.3950470927581033,66,rs_trailing_60m
rs_trailing_60m_000223,AMAT,2026-07-29 14:01:00+00:00,443.86,459.45,5.130604248633042,1.9104274622990798,121,rs_trailing_60m
rs_trailing_60m_000224,AMAT,2026-07-29 15:21:00+00:00,441.44,453.88,6.697284495818861,1.0456726722096414,121,rs_trailing_60m
rs_trailing_60m_000225,AMAT,2026-07-30 14:00:00+00:00,508.54,494.0,3.2362260528498727,3.0883340020476044,121,rs_trailing_60m
rs_trailing_60m_000226,AMAT,2026-07-30 18:01:00+00:00,494.53,503.04,3.843074059873709,6.522872136489252,120,rs_trailing_60m
rs_trailing_60m_000227,AMAT,2026-07-30 19:18:00+00:00,503.04,499.48,0.6087019077917284,4.4307836543908765,43,rs_trailing_60m
rs_trailing_60m_000228,AMAT,2026-07-31 14:00:00+00:00,502.91,520.075,3.12127523808428,2.734100659371151,121,rs_trailing_60m
rs_trailing_60m_000229,AMAT,2026-07-31 16:26:00+00:00,521.005,513.5801,4.39867608781948,1.1699053417543848,121,rs_trailing_60m
rs_trailing_60m_000230,AMAT,2026-07-31 18:12:00+00:00,507.58,517.34,7.969171217251975,3.7888198757758227,109,rs_trailing_60m
rs_trailing_60m_000231,AMAT,2026-08-03 14:00:00+00:00,517.36,498.42,6.373244942236167,1.8775588312397746,121,rs_trailing_60m
rs_trailing_60m_000232,AMAT,2026-08-03 17:58:00+00:00,519.5,513.46,2.3770356358014038,6.7098600858694954,121,rs_trailing_60m
rs_trailing_60m_000233,AMAT,2026-08-04 14:09:00+00:00,535.5547,547.2,3.073408949723109,2.4410925744300043,121,rs_trailing_60m
rs_trailing_60m_000234,AMAT,2026-08-05 14:00:00+00:00,552.145,530.57,1.0974621121898327,10.424554953745028,121,rs_trailing_60m
rs_trailing_60m_000235,AMAT,2026-08-06 14:08:00+00:00,539.5,528.5786,3.2437193216118607,1.4484603074016258,121,rs_trailing_60m
rs_trailing_60m_000236,AMAT,2026-08-07 14:00:00+00:00,528.0,540.31,3.7213693049140564,2.3947930640434567,121,rs_trailing_60m
rs_trailing_60m_000237,AMAT,2026-08-10 14:00:00+00:00,527.06,545.25,5.6820316175699155,3.2820755050316714,121,rs_trailing_60m
rs_trailing_60m_000238,AMAT,2026-08-10 16:35:00+00:00,532.51,527.59,0.4513257967294556,6.079623967707883,121,rs_trailing_60m
rs_trailing_60m_000239,AMAT,2026-08-11 14:00:00+00:00,526.765,536.27,0.733503458261352,5.028438996923721,121,rs_trailing_60m
rs_trailing_60m_000240,AMAT,2026-08-12 14:09:00+00:00,552.78,545.0,0.8534546184202179,3.4581537785339567,121,rs_trailing_60m
rs_trailing_60m_000241,AMAT,2026-08-12 16:22:00+00:00,552.9,550.44,0.47128437490052716,2.938596690555802,121,rs_trailing_60m
rs_trailing_60m_000242,AMAT,2026-08-13 14:28:00+00:00,560.1,551.05,1.3397362414546397,3.776134216420701,121,rs_trailing_60m
rs_trailing_60m_000243,AMAT,2026-08-13 17:14:00+00:00,563.755,549.0,5.601087479120257,16.70499774474437,121,rs_trailing_60m
rs_trailing_60m_000244,AMAT,2026-08-13 18:19:00+00:00,531.79,557.6,37.00679449668978,1.0619725802159272,102,rs_trailing_60m
rs_trailing_60m_000245,AMAT,2026-08-14 14:00:00+00:00,515.24,503.02,1.2648890726372148,3.520542651086225,121,rs_trailing_60m
rs_trailing_60m_000246,AMAT,2026-08-14 15:31:00+00:00,503.02,509.44,1.8568396220002292,3.4649953660539907,121,rs_trailing_60m
rs_trailing_60m_000247,AMAT,2026-08-14 16:47:00+00:00,509.44,503.665,1.0243435719205214,6.391457014566676,121,rs_trailing_60m
rs_trailing_60m_000248,AMAT,2026-08-14 17:48:00+00:00,503.76,507.5,0.18893394280881345,5.69950727473233,121,rs_trailing_60m
rs_trailing_60m_000249,AMD,2026-07-01 14:02:00+00:00,547.0601,561.4399,4.32339684260203,1.850406464009616,121,rs_trailing_60m
rs_trailing_60m_000250,AMD,2026-07-01 15:54:00+00:00,548.24,555.02,1.0082569847436125,3.373782987411454,121,rs_trailing_60m
rs_trailing_60m_000251,AMD,2026-07-01 18:22:00+00:00,538.62,552.8799,10.659629098225142,4.882829488460063,99,rs_trailing_60m
rs_trailing_60m_000252,AMD,2026-07-01 19:30:00+00:00,552.8799,538.62,0.4674129308376647,12.604290643298075,31,rs_trailing_60m
rs_trailing_60m_000253,AMD,2026-07-02 14:05:00+00:00,514.2,545.2499,12.919854990490624,0.7296926607252572,121,rs_trailing_60m
rs_trailing_60m_000254,AMD,2026-07-02 18:51:00+00:00,518.7,506.0,3.135607223738002,7.288782646022609,70,rs_trailing_60m
rs_trailing_60m_000255,AMD,2026-07-06 14:00:00+00:00,572.5,559.4701,5.684136178090123,0.5397063418171562,121,rs_trailing_60m
rs_trailing_60m_000256,AMD,2026-07-06 19:41:00+00:00,558.95,551.4,0.6095008398294869,7.324518713122829,20,rs_trailing_60m
rs_trailing_60m_000257,AMD,2026-07-07 14:00:00+00:00,503.11,517.0,5.8269215929432825,0.7773983520573006,121,rs_trailing_60m
rs_trailing_60m_000258,AMD,2026-07-07 19:01:00+00:00,508.11,518.76,7.1608826485632,2.8540090398409794,60,rs_trailing_60m
rs_trailing_60m_000259,AMD,2026-07-08 14:00:00+00:00,521.19,498.15,0.516712743588074,10.93046188359306,121,rs_trailing_60m
rs_trailing_60m_000260,AMD,2026-07-09 14:00:00+00:00,559.5,546.64,1.6355856151642045,5.5187106470845375,121,rs_trailing_60m
rs_trailing_60m_000261,AMD,2026-07-09 15:33:00+00:00,547.82,559.25,4.01870916551033,3.7403864023584514,121,rs_trailing_60m
rs_trailing_60m_000262,AMD,2026-07-09 16:35:00+00:00,544.76,553.0,5.162874271177557,4.015568877582573,121,rs_trailing_60m
rs_trailing_60m_000263,AMD,2026-07-10 14:00:00+00:00,553.5,540.292,1.67064870977691,4.955756142695495,121,rs_trailing_60m
rs_trailing_60m_000264,AMD,2026-07-10 17:42:00+00:00,560.25,552.0701,0.9100587944093953,10.369016860726587,121,rs_trailing_60m
rs_trailing_60m_000265,AMD,2026-07-10 18:44:00+00:00,552.0701,559.15,4.5636485005711815,6.315198307238042,77,rs_trailing_60m
rs_trailing_60m_000266,AMD,2026-07-13 14:00:00+00:00,531.09,551.87,2.676207163276459,9.056194704420722,121,rs_trailing_60m
rs_trailing_60m_000267,AMD,2026-07-13 16:03:00+00:00,533.5,544.4999,7.728214057942629,1.8882544732749063,121,rs_trailing_60m
rs_trailing_60m_000268,AMD,2026-07-14 14:01:00+00:00,547.84,567.44,2.91493803427835,6.405255354278872,121,rs_trailing_60m
rs_trailing_60m_000269,AMD,2026-07-14 18:51:00+00:00,546.66,553.4,6.765345119488041,2.9158493827092213,70,rs_trailing_60m
rs_trailing_60m_000270,AMD,2026-07-14 19:29:00+00:00,546.66,551.21,2.361855349017617,2.9091088642598604,32,rs_trailing_60m
rs_trailing_60m_000271,AMD,2026-07-15 14:00:00+00:00,513.6,547.6999,17.179953980886488,1.5307723583085124,121,rs_trailing_60m
rs_trailing_60m_000272,AMD,2026-07-16 14:20:00+00:00,499.12,514.4999,4.148658594917704,1.553392729834297,121,rs_trailing_60m
rs_trailing_60m_000273,AMD,2026-07-16 18:44:00+00:00,501.81,493.34,5.887966490586444,2.6223108383443656,77,rs_trailing_60m
rs_trailing_60m_000274,AMD,2026-07-17 14:06:00+00:00,501.82,481.69,5.723213423631782,2.1034364552885974,121,rs_trailing_60m
rs_trailing_60m_000275,AMD,2026-07-17 17:29:00+00:00,505.8795,491.81,0.8916138439979702,11.00460329979456,121,rs_trailing_60m
rs_trailing_60m_000276,AMD,2026-07-17 18:17:00+00:00,491.81,500.75,3.810976310022786,4.539545310468349,104,rs_trailing_60m
rs_trailing_60m_000277,AMD,2026-07-20 14:00:00+00:00,506.1,518.98,2.3553951846802046,2.902402038661411,121,rs_trailing_60m
rs_trailing_60m_000278,AMD,2026-07-20 17:55:00+00:00,517.0,502.36,3.9614472734775426,11.381300896816528,121,rs_trailing_60m
rs_trailing_60m_000279,AMD,2026-07-21 14:00:00+00:00,536.1499,522.6001,4.703895241608321,3.7214427991780394,121,rs_trailing_60m
rs_trailing_60m_000280,AMD,2026-07-21 16:39:00+00:00,544.65,538.78,5.998465284158748,0.7859260873272402,121,rs_trailing_60m
rs_trailing_60m_000281,AMD,2026-07-22 14:00:00+00:00,558.42,544.75,2.561981553732832,4.108930415701018,121,rs_trailing_60m
rs_trailing_60m_000282,AMD,2026-07-22 19:30:00+00:00,561.47,550.2501,4.287965439306079,11.642678081379614,31,rs_trailing_60m
rs_trailing_60m_000283,AMD,2026-07-23 14:00:00+00:00,554.71,536.001,1.773163428085869,7.66470700607025,121,rs_trailing_60m
rs_trailing_60m_000284,AMD,2026-07-23 16:27:00+00:00,550.51,525.0,4.820728718938713,15.658336996319674,121,rs_trailing_60m
rs_trailing_60m_000285,AMD,2026-07-23 19:29:00+00:00,546.0,536.125,4.098613710542108,4.4943695364384695,32,rs_trailing_60m
rs_trailing_60m_000286,AMD,2026-07-24 14:00:00+00:00,519.88,537.75,1.936550007393864,5.702776401464539,121,rs_trailing_60m
rs_trailing_60m_000287,AMD,2026-07-24 17:10:00+00:00,519.8,537.17,9.63877503002933,3.4823474050497945,121,rs_trailing_60m
rs_trailing_60m_000288,AMD,2026-07-24 18:19:00+00:00,518.0,530.37,11.512345890061487,1.3869039885672374,102,rs_trailing_60m
rs_trailing_60m_000289,AMD,2026-07-27 14:00:00+00:00,476.93,505.741,14.065129817058796,0.12858139692651083,121,rs_trailing_60m
rs_trailing_60m_000290,AMD,2026-07-27 18:53:00+00:00,496.28,486.05,10.033105622697763,0.8975302154489757,68,rs_trailing_60m
rs_trailing_60m_000291,AMD,2026-07-28 14:00:00+00:00,442.27,466.4799,5.207573149741466,6.753985218183174,121,rs_trailing_60m
rs_trailing_60m_000292,AMD,2026-07-28 17:54:00+00:00,454.55,465.8117,2.8902381224470557,9.979046498603815,121,rs_trailing_60m
rs_trailing_60m_000293,AMD,2026-07-28 18:30:00+00:00,452.59,465.8117,3.6161504019190525,12.813407265876945,91,rs_trailing_60m
rs_trailing_60m_000294,AMD,2026-07-28 19:13:00+00:00,465.8117,452.59,6.285413746072052,9.01437359977569,48,rs_trailing_60m
rs_trailing_60m_000295,AMD,2026-07-29 14:00:00+00:00,425.4501,445.11,9.22746064705814,2.1821050467574334,121,rs_trailing_60m
rs_trailing_60m_000296,AMD,2026-07-29 17:02:00+00:00,453.229,430.58,21.42983157153133,0.6081386093446731,121,rs_trailing_60m
rs_trailing_60m_000297,AMD,2026-07-30 14:00:00+00:00,498.2,480.25,7.381042482215772,1.3239320615275447,121,rs_trailing_60m
rs_trailing_60m_000298,AMD,2026-07-30 17:35:00+00:00,491.96,485.2001,4.514274155106921,3.7444651848408865,121,rs_trailing_60m
rs_trailing_60m_000299,AMD,2026-07-31 14:00:00+00:00,483.1601,496.3999,4.702068417496914,1.7027758127910193,121,rs_trailing_60m
rs_trailing_60m_000300,AMD,2026-07-31 18:25:00+00:00,475.76,488.835,12.669684982358902,2.52812521436972,96,rs_trailing_60m
rs_trailing_60m_000301,AMD,2026-07-31 19:37:00+00:00,475.76,486.53,12.543061653086923,3.462717257309519,24,rs_trailing_60m
rs_trailing_60m_000302,AMD,2026-08-03 14:00:00+00:00,486.85,465.49,7.3103284815607985,2.0764233288472753,121,rs_trailing_60m
rs_trailing_60m_000303,AMD,2026-08-03 17:37:00+00:00,490.9464,484.01,7.229816117813899,2.158901544148246,121,rs_trailing_60m
rs_trailing_60m_000304,AMD,2026-08-03 18:57:00+00:00,483.21,487.2,1.3911736074004193,3.7484399977176133,64,rs_trailing_60m
rs_trailing_60m_000305,AMD,2026-08-04 14:00:00+00:00,524.83,509.09,6.43514834679393,1.6528497191096247,121,rs_trailing_60m
rs_trailing_60m_000306,AMD,2026-08-04 15:55:00+00:00,530.13,521.041,9.29963579574453,1.5507351602916557,121,rs_trailing_60m
rs_trailing_60m_000307,AMD,2026-08-04 16:32:00+00:00,530.13,523.27,7.145260377080345,1.545605968091886,121,rs_trailing_60m
rs_trailing_60m_000308,AMD,2026-08-05 14:00:00+00:00,494.22,478.2,0.5920826939747849,5.07070223586164,121,rs_trailing_60m
rs_trailing_60m_000309,AMD,2026-08-05 19:41:00+00:00,480.4255,485.8495,4.884386448084242,3.7609966919787436,20,rs_trailing_60m
rs_trailing_60m_000310,AMD,2026-08-06 14:00:00+00:00,495.3599,479.82,7.663005158916524,0.9588396443334042,121,rs_trailing_60m
rs_trailing_60m_000311,AMD,2026-08-06 19:08:00+00:00,496.4,488.4,0.5757191245713082,7.953453091300499,53,rs_trailing_60m
rs_trailing_60m_000312,AMD,2026-08-07 14:00:00+00:00,476.34,488.55,6.552371659113153,0.7740439047853561,121,rs_trailing_60m
rs_trailing_60m_000313,AMD,2026-08-07 16:09:00+00:00,485.0,476.06,0.30063819834259686,8.810227880242726,121,rs_trailing_60m
rs_trailing_60m_000314,AMD,2026-08-07 17:30:00+00:00,482.32,477.16,1.597658564369454,6.40614550567574,121,rs_trailing_60m
rs_trailing_60m_000315,AMD,2026-08-10 14:02:00+00:00,474.88,483.36,0.4758269523321303,5.051587507635504,121,rs_trailing_60m
rs_trailing_60m_000316,AMD,2026-08-10 14:34:00+00:00,481.76,474.67,2.3633007947102262,1.8466998672232833,121,rs_trailing_60m
rs_trailing_60m_000317,AMD,2026-08-11 14:00:00+00:00,466.5101,471.7,1.0859885796072295,3.4414209547358072,121,rs_trailing_60m
rs_trailing_60m_000318,AMD,2026-08-11 18:03:00+00:00,475.99,469.2,11.922554098241358,3.294389948198335,118,rs_trailing_60m
rs_trailing_60m_000319,AMD,2026-08-12 14:00:00+00:00,491.6899,485.17,3.574663762157271,2.095315623048715,121,rs_trailing_60m
rs_trailing_60m_000320,AMD,2026-08-12 15:48:00+00:00,486.13,488.88,0.8386965830152235,2.822280565067128,121,rs_trailing_60m
rs_trailing_60m_000321,AMD,2026-08-12 18:56:00+00:00,481.0,485.92,11.57872941951481,1.4349424808879494,65,rs_trailing_60m
rs_trailing_60m_000322,AMD,2026-08-12 19:37:00+00:00,481.0,483.61,2.523644943801449,3.7794299876068913,24,rs_trailing_60m
rs_trailing_60m_000323,AMD,2026-08-13 14:00:00+00:00,497.99,489.0701,2.0189168585698685,4.934186032069945,121,rs_trailing_60m
rs_trailing_60m_000324,AMD,2026-08-13 15:19:00+00:00,497.5,490.55,3.134363598068873,4.0669015280728775,121,rs_trailing_60m
rs_trailing_60m_000325,AMD,2026-08-13 18:17:00+00:00,482.07,491.6999,21.572055408428586,2.3604726013440342,104,rs_trailing_60m
rs_trailing_60m_000326,AMD,2026-08-13 19:25:00+00:00,482.07,487.7499,10.244365477295167,1.8026265464086297,36,rs_trailing_60m
rs_trailing_60m_000327,AMD,2026-08-14 14:00:00+00:00,511.4717,496.35,8.199446987674195,0.9129445189742041,121,rs_trailing_60m
rs_trailing_60m_000328,AMD,2026-08-14 16:48:00+00:00,509.48,500.52,11.825661701222643,0.7232426574579277,121,rs_trailing_60m
rs_trailing_60m_000329,AMD,2026-08-14 18:05:00+00:00,514.67,507.02,11.567355921222099,1.4650848442196194,116,rs_trailing_60m
rs_trailing_60m_000330,AMZN,2026-07-01 14:40:00+00:00,243.57,240.902,3.5171798082998893,1.527893164035703,121,rs_trailing_60m
rs_trailing_60m_000331,AMZN,2026-07-01 17:09:00+00:00,244.9,243.15,5.435710058763989,1.9098440747007706,121,rs_trailing_60m
rs_trailing_60m_000332,AMZN,2026-07-01 19:30:00+00:00,241.5,242.47,1.9860622350302133,2.1128321649257638,31,rs_trailing_60m
rs_trailing_60m_000333,AMZN,2026-07-02 14:19:00+00:00,246.72,243.0,4.496369391174547,2.429715136845894,121,rs_trailing_60m
rs_trailing_60m_000334,AMZN,2026-07-06 14:00:00+00:00,241.4,245.69,0.5377159481035355,8.334597195605093,121,rs_trailing_60m
rs_trailing_60m_000335,AMZN,2026-07-06 15:12:00+00:00,246.04,244.27,4.053071325056516,1.5956973720695173,121,rs_trailing_60m
rs_trailing_60m_000336,AMZN,2026-07-07 14:00:00+00:00,248.0,242.7,0.866420470685974,7.9644035574593754,121,rs_trailing_60m
rs_trailing_60m_000337,AMZN,2026-07-07 14:53:00+00:00,242.7,245.99,5.10763522152447,1.8650286286064164,121,rs_trailing_60m
rs_trailing_60m_000338,AMZN,2026-07-07 16:46:00+00:00,246.75,244.9,3.151630593786264,3.873088199592631,121,rs_trailing_60m
rs_trailing_60m_000339,AMZN,2026-07-09 14:00:00+00:00,242.91,239.3,1.187573006537357,6.333722701532631,121,rs_trailing_60m
rs_trailing_60m_000340,AMZN,2026-07-09 17:09:00+00:00,245.165,242.98,7.739735063364069,2.603580602354954,121,rs_trailing_60m
rs_trailing_60m_000341,AMZN,2026-07-10 14:00:00+00:00,244.41,246.785,2.643737071682933,2.610552087519579,121,rs_trailing_60m
rs_trailing_60m_000342,AMZN,2026-07-13 14:00:00+00:00,249.35,245.3501,2.9063506831378776,5.708033975982637,121,rs_trailing_60m
rs_trailing_60m_000343,AMZN,2026-07-13 14:51:00+00:00,249.35,247.5411,3.262046325641603,1.5548643669731756,121,rs_trailing_60m
rs_trailing_60m_000344,AMZN,2026-07-15 14:00:00+00:00,256.2,252.13,8.083550430140523,0.7130192473205113,121,rs_trailing_60m
rs_trailing_60m_000345,AMZN,2026-07-16 14:33:00+00:00,257.12,254.51,1.5604698912785362,3.7985122353491607,121,rs_trailing_60m
rs_trailing_60m_000346,AMZN,2026-07-16 18:16:00+00:00,248.0,253.94,22.945306773323466,0.3530047195896055,105,rs_trailing_60m
rs_trailing_60m_000347,AMZN,2026-07-16 19:45:00+00:00,248.0,250.35,6.540598498878773,2.192586996783249,16,rs_trailing_60m
rs_trailing_60m_000348,AMZN,2026-07-17 14:00:00+00:00,250.24,247.01,3.4337312235894712,1.6306303527548511,121,rs_trailing_60m
rs_trailing_60m_000349,AMZN,2026-07-20 14:10:00+00:00,252.37,248.9501,5.82766299415787,1.650770279283268,121,rs_trailing_60m
rs_trailing_60m_000350,AMZN,2026-07-21 14:00:00+00:00,246.88,248.59,1.3810673762179795,3.665140344578316,121,rs_trailing_60m
rs_trailing_60m_000351,AMZN,2026-07-22 14:00:00+00:00,243.27,247.02,8.061414359815728,2.658551544194575,121,rs_trailing_60m
rs_trailing_60m_000352,AMZN,2026-07-22 15:04:00+00:00,243.27,244.555,3.0661675059629476,2.127643784786289,121,rs_trailing_60m
rs_trailing_60m_000353,AMZN,2026-07-22 19:24:00+00:00,245.175,244.23,3.323032428043515,2.386541471049446,37,rs_trailing_60m
rs_trailing_60m_000354,AMZN,2026-07-23 14:00:00+00:00,232.0516,236.1399,8.577381468319038,0.42937577648727165,121,rs_trailing_60m
rs_trailing_60m_000355,AMZN,2026-07-24 14:12:00+00:00,231.34,233.99,2.0225359386337876,4.938139694326573,121,rs_trailing_60m
rs_trailing_60m_000356,AMZN,2026-07-27 14:31:00+00:00,234.43,230.99,1.5695749877074807,6.957490643552137,121,rs_trailing_60m
rs_trailing_60m_000357,AMZN,2026-07-27 16:17:00+00:00,230.99,232.5129,1.163772457520271,6.3779682895338725,121,rs_trailing_60m
rs_trailing_60m_000358,AMZN,2026-07-28 14:00:00+00:00,228.1,231.3899,4.161079557586482,3.987453559380055,121,rs_trailing_60m
rs_trailing_60m_000359,AMZN,2026-07-30 14:11:00+00:00,239.4,236.3275,2.7035469703240658,2.3004578889053087,121,rs_trailing_60m
rs_trailing_60m_000360,AMZN,2026-07-31 14:00:00+00:00,272.04,266.32,1.3516617319467021,3.785550963558412,121,rs_trailing_60m
rs_trailing_60m_000361,AMZN,2026-07-31 16:30:00+00:00,271.75,269.68,1.2426760893470135,3.3101371937473574,121,rs_trailing_60m
rs_trailing_60m_000362,AMZN,2026-08-03 14:00:00+00:00,286.57,283.25,1.4835915375648288,1.8900549725141373,121,rs_trailing_60m
rs_trailing_60m_000363,AMZN,2026-08-04 14:13:00+00:00,281.07,276.62,0.6238761014206713,5.4777692861003775,121,rs_trailing_60m
rs_trailing_60m_000364,AMZN,2026-08-04 15:09:00+00:00,276.62,279.22,0.38999371321611115,5.243248811016441,121,rs_trailing_60m
rs_trailing_60m_000365,AMZN,2026-08-05 14:00:00+00:00,272.71,278.14,5.776815987763771,3.302232004582667,121,rs_trailing_60m
rs_trailing_60m_000366,AMZN,2026-08-05 15:44:00+00:00,271.18,274.375,10.104532507396454,0.6747601006608257,121,rs_trailing_60m
rs_trailing_60m_000367,AMZN,2026-08-06 15:25:00+00:00,274.48,271.71,1.0461327388097477,7.735042068774138,121,rs_trailing_60m
rs_trailing_60m_000368,AMZN,2026-08-07 14:00:00+00:00,278.31,274.9,2.341613748564185,4.352076319843788,121,rs_trailing_60m
rs_trailing_60m_000369,AMZN,2026-08-07 17:24:00+00:00,273.945,275.23,0.6057230684212543,6.162573826546271,121,rs_trailing_60m
rs_trailing_60m_000370,AMZN,2026-08-10 14:14:00+00:00,280.14,276.49,6.896811719086793,0.9661783713915949,121,rs_trailing_60m
rs_trailing_60m_000371,AMZN,2026-08-11 14:00:00+00:00,271.95,275.6,6.734161616501827,1.5838383497357467,121,rs_trailing_60m
rs_trailing_60m_000372,AMZN,2026-08-11 15:10:00+00:00,271.42,273.41,4.796102199633108,2.7190500659338723,121,rs_trailing_60m
rs_trailing_60m_000373,AMZN,2026-08-12 14:02:00+00:00,267.825,270.93,5.543040198408398,2.157693500051589,121,rs_trailing_60m
rs_trailing_60m_000374,AVGO,2026-07-01 14:12:00+00:00,373.75,368.5,0.16439497260086736,5.0663541556078995,121,rs_trailing_60m
rs_trailing_60m_000375,AVGO,2026-07-01 14:46:00+00:00,368.03,372.8,0.9661621505185503,5.178629126779479,121,rs_trailing_60m
rs_trailing_60m_000376,AVGO,2026-07-01 16:28:00+00:00,368.03,370.625,1.217296553072581,5.230722543116765,121,rs_trailing_60m
rs_trailing_60m_000377,AVGO,2026-07-02 14:28:00+00:00,370.8,360.05,1.6328020440443127,7.232158548620435,121,rs_trailing_60m
rs_trailing_60m_000378,AVGO,2026-07-02 15:02:00+00:00,358.1,368.05,9.550038217584804,0.6237176994354258,121,rs_trailing_60m
rs_trailing_60m_000379,AVGO,2026-07-02 16:25:00+00:00,357.83,361.43,4.5950910366249795,1.3985059676685296,121,rs_trailing_60m
rs_trailing_60m_000380,AVGO,2026-07-02 19:09:00+00:00,356.43,361.44,1.116607718746766,8.415177373979681,52,rs_trailing_60m
rs_trailing_60m_000381,AVGO,2026-07-06 14:00:00+00:00,381.12,372.98,0.7738007146028966,5.787384511300959,121,rs_trailing_60m
rs_trailing_60m_000382,AVGO,2026-07-07 14:00:00+00:00,368.6892,362.01,1.4810300055285333,5.344870914238307,121,rs_trailing_60m
rs_trailing_60m_000383,AVGO,2026-07-07 15:58:00+00:00,372.9599,367.415,9.101414602216868,0.5666698108623501,121,rs_trailing_60m
rs_trailing_60m_000384,AVGO,2026-07-07 18:57:00+00:00,366.65,371.0,3.7601491025628686,7.254429076661652,64,rs_trailing_60m
rs_trailing_60m_000385,AVGO,2026-07-08 14:00:00+00:00,390.34,383.08,3.301988175343337,1.7342374870500752,121,rs_trailing_60m
rs_trailing_60m_000386,AVGO,2026-07-08 15:53:00+00:00,383.08,395.09,1.0569351461350374,12.447097944377537,121,rs_trailing_60m
rs_trailing_60m_000387,AVGO,2026-07-09 14:00:00+00:00,387.93,401.95,5.428907287558754,6.997750699636941,121,rs_trailing_60m
rs_trailing_60m_000388,AVGO,2026-07-09 17:23:00+00:00,407.52,402.4,6.137547348485942,4.1318129208761585,121,rs_trailing_60m
rs_trailing_60m_000389,AVGO,2026-07-09 19:30:00+00:00,399.584,402.33,2.650029620300141,3.5909492281939897,31,rs_trailing_60m
rs_trailing_60m_000390,AVGO,2026-07-13 14:00:00+00:00,389.26,395.745,1.535324167006687,5.745536690791,121,rs_trailing_60m
rs_trailing_60m_000391,AVGO,2026-07-13 15:30:00+00:00,385.76,392.35,10.06820618604736,1.643970118639698,121,rs_trailing_60m
rs_trailing_60m_000392,AVGO,2026-07-14 14:01:00+00:00,388.61,397.33,1.1957341229045846,6.095735493688347,121,rs_trailing_60m
rs_trailing_60m_000393,AVGO,2026-07-14 19:19:00+00:00,388.88,391.49,5.599668223034908,1.8191815546914798,42,rs_trailing_60m
rs_trailing_60m_000394,AVGO,2026-07-15 14:00:00+00:00,398.5,386.9,0.9402051761357014,11.966753454839216,121,rs_trailing_60m
rs_trailing_60m_000395,AVGO,2026-07-15 17:20:00+00:00,395.89,391.21,5.9644355959532005,1.800114776525589,121,rs_trailing_60m
rs_trailing_60m_000396,AVGO,2026-07-16 14:00:00+00:00,379.51,386.18,1.6263971621712328,5.069941770965877,121,rs_trailing_60m
rs_trailing_60m_000397,AVGO,2026-07-16 15:06:00+00:00,376.955,382.77,4.362421864110621,3.2440198569697305,121,rs_trailing_60m
rs_trailing_60m_000398,AVGO,2026-07-16 17:00:00+00:00,374.615,378.8,5.297956245503138,2.6919345247422046,121,rs_trailing_60m
rs_trailing_60m_000399,AVGO,2026-07-17 14:08:00+00:00,374.24,367.44,3.704752372363128,2.1675823903569635,121,rs_trailing_60m
rs_trailing_60m_000400,AVGO,2026-07-17 16:04:00+00:00,377.35,370.57,7.4676507705155135,1.7212189616251332,121,rs_trailing_60m
rs_trailing_60m_000401,AVGO,2026-07-20 14:25:00+00:00,383.59,378.03,3.7850172585661093,1.964899669747486,121,rs_trailing_60m
rs_trailing_60m_000402,AVGO,2026-07-20 16:05:00+00:00,383.59,380.57,1.3640710899488393,4.9736130510444125,121,rs_trailing_60m
rs_trailing_60m_000403,AVGO,2026-07-21 14:00:00+00:00,380.58,386.766,2.377723439541085,5.050861003388763,121,rs_trailing_60m
rs_trailing_60m_000404,AVGO,2026-07-22 14:00:00+00:00,394.15,384.52,12.532743525193254,1.6996055488175394,121,rs_trailing_60m
rs_trailing_60m_000405,AVGO,2026-07-22 17:45:00+00:00,398.585,395.64,0.9104061974338448,5.398173217726046,121,rs_trailing_60m
rs_trailing_60m_000406,AVGO,2026-07-23 14:05:00+00:00,396.57,386.82,1.1939875643160462,8.671587649312245,121,rs_trailing_60m
rs_trailing_60m_000407,AVGO,2026-07-23 16:39:00+00:00,393.5467,389.09,0.7362773275912595,7.9745460487724955,121,rs_trailing_60m
rs_trailing_60m_000408,AVGO,2026-07-24 14:00:00+00:00,380.44,386.17,1.9932248017211462,3.9864496034422334,121,rs_trailing_60m
rs_trailing_60m_000409,AVGO,2026-07-24 18:33:00+00:00,378.75,382.41,3.848212071505215,5.865205984846021,88,rs_trailing_60m
rs_trailing_60m_000410,AVGO,2026-07-27 14:00:00+00:00,373.5,384.16,9.515030416056453,1.6556991252609705,121,rs_trailing_60m
rs_trailing_60m_000411,AVGO,2026-07-27 15:41:00+00:00,383.97,377.36,6.583412847820233,0.34870326911988797,121,rs_trailing_60m
rs_trailing_60m_000412,AVGO,2026-07-27 16:30:00+00:00,383.97,378.26,0.7388764770801645,7.074058123156144,121,rs_trailing_60m
rs_trailing_60m_000413,AVGO,2026-07-27 17:31:00+00:00,378.74,384.645,0.09915694553003707,9.643301679346644,121,rs_trailing_60m
rs_trailing_60m_000414,AVGO,2026-07-27 19:27:00+00:00,384.645,381.82,1.0563947806104204,4.853140378249881,34,rs_trailing_60m
rs_trailing_60m_000415,AVGO,2026-07-28 14:02:00+00:00,385.63,373.17,5.8149710138046755,4.2083445427355155,121,rs_trailing_60m
rs_trailing_60m_000416,AVGO,2026-07-28 17:51:00+00:00,378.83,385.35,1.1872323861429284,13.147499387286045,121,rs_trailing_60m
rs_trailing_60m_000417,AVGO,2026-07-28 19:01:00+00:00,385.8,380.2718,7.698823449687898,6.583269098823706,60,rs_trailing_60m
rs_trailing_60m_000418,AVGO,2026-07-29 14:44:00+00:00,369.5101,378.28,3.9509221862509913,4.108154075832657,121,rs_trailing_60m
rs_trailing_60m_000419,AVGO,2026-07-29 16:54:00+00:00,384.46,374.3014,15.226568600290927,0.3819702274503021,121,rs_trailing_60m
rs_trailing_60m_000420,AVGO,2026-07-29 18:01:00+00:00,386.12,369.96,8.895056211486446,16.865536687728895,120,rs_trailing_60m
rs_trailing_60m_000421,AVGO,2026-07-29 18:42:00+00:00,386.12,369.96,5.498414914570358,13.40677338744184,79,rs_trailing_60m
rs_trailing_60m_000422,AVGO,2026-07-30 14:00:00+00:00,388.29,381.885,1.7102484521733152,4.540331482873846,121,rs_trailing_60m
rs_trailing_60m_000423,AVGO,2026-07-30 15:41:00+00:00,381.885,387.91,1.064864460460144,5.9854744123664805,121,rs_trailing_60m
rs_trailing_60m_000424,AVGO,2026-07-31 14:00:00+00:00,379.71,389.17,5.532986777378715,2.2560094895859626,121,rs_trailing_60m
rs_trailing_60m_000425,AVGO,2026-07-31 17:12:00+00:00,390.6318,386.82,2.1518483435053586,4.8182532164654415,121,rs_trailing_60m
rs_trailing_60m_000426,AVGO,2026-08-03 14:00:00+00:00,376.56,389.37,2.8347781557480367,8.879256739455863,121,rs_trailing_60m
rs_trailing_60m_000427,AVGO,2026-08-04 14:00:00+00:00,416.68,407.52,6.114527423311624,1.8300216827216438,121,rs_trailing_60m
rs_trailing_60m_000428,AVGO,2026-08-04 15:20:00+00:00,418.41,411.5501,7.649283971385501,1.5163619876201735,121,rs_trailing_60m
rs_trailing_60m_000429,AVGO,2026-08-04 17:38:00+00:00,422.065,419.18,4.673806725558413,3.6660821928210274,121,rs_trailing_60m
rs_trailing_60m_000430,AVGO,2026-08-05 14:00:00+00:00,424.25,418.0,1.8339481626982603,3.128032796983175,121,rs_trailing_60m
rs_trailing_60m_000431,AVGO,2026-08-05 15:39:00+00:00,422.59,418.0,0.6237644011179979,5.340982684573305,121,rs_trailing_60m
rs_trailing_60m_000432,AVGO,2026-08-06 14:10:00+00:00,427.58,421.75,2.7545182732073443,2.7356839602281124,121,rs_trailing_60m
rs_trailing_60m_000433,AVGO,2026-08-07 14:04:00+00:00,421.61,427.87,1.490083919002196,4.987642006660129,121,rs_trailing_60m
rs_trailing_60m_000434,AVGO,2026-08-10 15:06:00+00:00,420.16,427.48,7.85824766099758,1.5254999537662495,121,rs_trailing_60m
rs_trailing_60m_000435,AVGO,2026-08-10 16:41:00+00:00,420.16,424.76,1.1444652908067072,8.604683482732495,121,rs_trailing_60m
rs_trailing_60m_000436,AVGO,2026-08-11 14:02:00+00:00,418.86,422.9499,1.7967057528968995,3.3600288848385187,121,rs_trailing_60m
rs_trailing_60m_000437,AVGO,2026-08-11 18:35:00+00:00,413.23,416.53,1.8474484636722344,8.22954315635864,86,rs_trailing_60m
rs_trailing_60m_000438,AVGO,2026-08-12 14:40:00+00:00,422.87,418.49,0.9692745590349391,4.304542296335239,121,rs_trailing_60m
rs_trailing_60m_000439,AVGO,2026-08-12 15:25:00+00:00,418.5,420.32,0.4124008541404062,2.4199370875032735,121,rs_trailing_60m
rs_trailing_60m_000440,AVGO,2026-08-13 14:00:00+00:00,424.5,420.83,0.9850833471096476,3.8352578314135823,121,rs_trailing_60m
rs_trailing_60m_000441,AVGO,2026-08-14 14:00:00+00:00,392.8,401.8,6.315236613612312,0.7452763705505112,121,rs_trailing_60m
rs_trailing_60m_000442,AVGO,2026-08-14 17:18:00+00:00,388.5,392.43,10.329104823525475,1.0098286838642925,121,rs_trailing_60m
rs_trailing_60m_000443,AVGO,2026-08-14 19:32:00+00:00,394.33,391.9,3.3391639191581564,2.878589585481154,29,rs_trailing_60m
rs_trailing_60m_000444,BKNG,2026-07-01 14:00:00+00:00,185.45,180.75,6.598218629913769,0.4021487652543553,121,rs_trailing_60m
rs_trailing_60m_000445,BKNG,2026-07-02 14:03:00+00:00,181.71,184.84,0.6265841230029552,5.316471346692018,121,rs_trailing_60m
rs_trailing_60m_000446,BKNG,2026-07-02 19:09:00+00:00,184.89,183.52,7.373765282863812,2.2472427528727694,52,rs_trailing_60m
rs_trailing_60m_000447,BKNG,2026-07-06 14:03:00+00:00,181.33,183.85,2.6988302407387676,1.660818609685437,121,rs_trailing_60m
rs_trailing_60m_000448,BKNG,2026-07-07 14:00:00+00:00,185.51,181.77,0.07659027394698337,7.084600340097349,121,rs_trailing_60m
rs_trailing_60m_000449,BKNG,2026-07-08 14:00:00+00:00,172.9,175.9,4.273076923077082,0.8038461538461723,121,rs_trailing_60m
rs_trailing_60m_000450,BKNG,2026-07-09 14:00:00+00:00,170.31,174.555,3.668185535693388,5.656034583479406,121,rs_trailing_60m
rs_trailing_60m_000451,BKNG,2026-07-10 14:00:00+00:00,180.04,177.2,2.6463238741920394,3.5906552151901185,121,rs_trailing_60m
rs_trailing_60m_000452,BKNG,2026-07-10 16:50:00+00:00,178.12,178.84,2.1622525414656177,3.712546816478995,121,rs_trailing_60m
rs_trailing_60m_000453,BKNG,2026-07-13 14:00:00+00:00,174.57,177.5,3.3863575087622757,2.93340523052023,121,rs_trailing_60m
rs_trailing_60m_000454,BKNG,2026-07-13 15:44:00+00:00,177.065,175.95,2.9713332175861025,3.589135173717979,121,rs_trailing_60m
rs_trailing_60m_000455,BKNG,2026-07-14 14:17:00+00:00,176.58,174.51,2.1826728364489743,1.2144194729114628,121,rs_trailing_60m
rs_trailing_60m_000456,BKNG,2026-07-14 16:45:00+00:00,176.875,174.83,3.776034533761107,9.891205504365349,121,rs_trailing_60m
rs_trailing_60m_000457,BKNG,2026-07-14 17:57:00+00:00,174.615,175.77,3.8226332735481185,3.789679538431541,121,rs_trailing_60m
rs_trailing_60m_000458,BKNG,2026-07-15 14:10:00+00:00,181.3,177.31,8.913366930645775,0.4703623710103019,121,rs_trailing_60m
rs_trailing_60m_000459,BKNG,2026-07-15 19:03:00+00:00,183.14,181.66,7.344736021671452,2.360808006965964,58,rs_trailing_60m
rs_trailing_60m_000460,BKNG,2026-07-16 14:00:00+00:00,179.99,182.32,0.91571849978928,3.109987357774877,121,rs_trailing_60m
rs_trailing_60m_000461,BKNG,2026-07-16 17:30:00+00:00,184.34,182.77,7.402060777237051,2.616245619540668,121,rs_trailing_60m
rs_trailing_60m_000462,BKNG,2026-07-17 14:00:00+00:00,178.76,182.16,6.481381996440492,0.7962596111875014,121,rs_trailing_60m
rs_trailing_60m_000463,BKNG,2026-07-17 15:32:00+00:00,179.36,181.58,1.7651280151858937,6.07204037223947,121,rs_trailing_60m
rs_trailing_60m_000464,BKNG,2026-07-17 16:39:00+00:00,182.095,180.96,5.643474137368585,0.7940566625442426,121,rs_trailing_60m
rs_trailing_60m_000465,BKNG,2026-07-20 14:00:00+00:00,177.36,179.63,2.524728817074272,1.5689386220390453,121,rs_trailing_60m
rs_trailing_60m_000466,BKNG,2026-07-20 19:20:00+00:00,179.945,179.2,3.2851143893341685,2.91086085130908,41,rs_trailing_60m
rs_trailing_60m_000467,BKNG,2026-07-21 14:34:00+00:00,177.12,179.06,4.699971508027622,0.04895803654197976,121,rs_trailing_60m
rs_trailing_60m_000468,BKNG,2026-07-22 14:21:00+00:00,177.86,180.24,0.5223804158557527,4.35317013213135,121,rs_trailing_60m
rs_trailing_60m_000469,BKNG,2026-07-23 14:00:00+00:00,171.02,174.67,5.670996774727882,0.6881854765030456,121,rs_trailing_60m
rs_trailing_60m_000470,BKNG,2026-07-24 14:00:00+00:00,180.3,174.59,11.096148013345736,0.6806187443129925,121,rs_trailing_60m
rs_trailing_60m_000471,BKNG,2026-07-24 16:28:00+00:00,177.715,178.92,4.718912166059344,2.3448010763026264,121,rs_trailing_60m
rs_trailing_60m_000472,BKNG,2026-07-27 14:00:00+00:00,185.12,182.38,3.955315623496759,1.3702690489264222,121,rs_trailing_60m
rs_trailing_60m_000473,BKNG,2026-07-27 16:44:00+00:00,186.98,185.72,5.323652839158492,1.8123073495007291,121,rs_trailing_60m
rs_trailing_60m_000474,BKNG,2026-07-28 14:00:00+00:00,197.13,193.17,5.727726993725728,1.4500574667660293,121,rs_trailing_60m
rs_trailing_60m_000475,BKNG,2026-07-28 17:02:00+00:00,198.45,197.04,5.657539626174531,1.5290647638310324,121,rs_trailing_60m
rs_trailing_60m_000476,BKNG,2026-07-29 14:00:00+00:00,201.76,198.5,3.1863304624536974,2.1133824495866764,121,rs_trailing_60m
rs_trailing_60m_000477,BKNG,2026-07-29 15:43:00+00:00,202.4,200.595,6.850118666111765,0.5316510009519356,121,rs_trailing_60m
rs_trailing_60m_000478,BKNG,2026-07-29 18:27:00+00:00,204.61,200.81,2.823034900507195,13.579920178891836,94,rs_trailing_60m
rs_trailing_60m_000479,BKNG,2026-07-30 14:00:00+00:00,190.15,195.1,6.502464986726667,0.7797073400373644,121,rs_trailing_60m
rs_trailing_60m_000480,BKNG,2026-07-30 17:10:00+00:00,193.5099,192.01,3.0141542215558688,4.050902688760989,121,rs_trailing_60m
rs_trailing_60m_000481,BKNG,2026-07-31 14:06:00+00:00,194.15,192.25,0.24010302602573977,2.801201970300191,121,rs_trailing_60m
rs_trailing_60m_000482,BKNG,2026-07-31 19:35:00+00:00,192.51,193.55,7.771972781367708,1.2591464282663511,26,rs_trailing_60m
rs_trailing_60m_000483,BKNG,2026-08-03 14:00:00+00:00,191.0664,194.5,4.482655731693786,1.3839575936392599,121,rs_trailing_60m
rs_trailing_60m_000484,BKNG,2026-08-03 16:37:00+00:00,192.04,193.5,3.143127836044839,4.258431261738155,121,rs_trailing_60m
rs_trailing_60m_000485,BKNG,2026-08-03 17:59:00+00:00,191.93,192.87,1.2621396888609628,6.152930983197334,121,rs_trailing_60m
rs_trailing_60m_000486,BKNG,2026-08-04 14:30:00+00:00,191.54,194.43,2.3443432042521275,3.141609719058487,121,rs_trailing_60m
rs_trailing_60m_000487,BKNG,2026-08-04 16:27:00+00:00,190.37,193.72,8.574880111285669,6.3864992495513775,121,rs_trailing_60m
rs_trailing_60m_000488,BKNG,2026-08-04 18:08:00+00:00,200.0,192.985,40.359851477333365,1.8975154052776029,113,rs_trailing_60m
rs_trailing_60m_000489,BKNG,2026-08-04 18:48:00+00:00,200.0,193.33,34.16700006831179,5.535768303750729,73,rs_trailing_60m
rs_trailing_60m_000490,BKNG,2026-08-05 14:00:00+00:00,204.35,208.52,1.0718803302026139,2.4201048080355996,121,rs_trailing_60m
rs_trailing_60m_000491,BKNG,2026-08-05 17:22:00+00:00,207.96,206.05,5.465044494301364,3.3065815427705747,121,rs_trailing_60m
rs_trailing_60m_000492,BKNG,2026-08-06 14:00:00+00:00,210.7302,205.82,1.1257106336356277,5.300079128370551,121,rs_trailing_60m
rs_trailing_60m_000493,BKNG,2026-08-06 16:18:00+00:00,208.91,206.91,0.9829756578449729,6.726637344860834,121,rs_trailing_60m
rs_trailing_60m_000494,BKNG,2026-08-07 14:00:00+00:00,215.69,212.62,3.8452727689236554,1.1781261249468231,121,rs_trailing_60m
rs_trailing_60m_000495,BKNG,2026-08-07 16:45:00+00:00,211.38,213.595,6.120457419319069,3.1650310627300304,121,rs_trailing_60m
rs_trailing_60m_000496,BKNG,2026-08-07 17:21:00+00:00,211.38,213.35,3.4427639991786028,6.042893453103651,121,rs_trailing_60m
rs_trailing_60m_000497,BKNG,2026-08-07 19:33:00+00:00,214.82,211.5277,2.928407430599919,18.030713838453327,28,rs_trailing_60m
rs_trailing_60m_000498,BKNG,2026-08-10 14:00:00+00:00,209.21,211.63,1.6006056345645034,1.8578458258337667,121,rs_trailing_60m
rs_trailing_60m_000499,BKNG,2026-08-11 14:19:00+00:00,214.36,212.17,1.9965169797240465,2.0898121656924262,121,rs_trailing_60m
rs_trailing_60m_000500,BKNG,2026-08-12 14:00:00+00:00,208.0,211.35,0.7490451731857346,6.9718819965751715,121,rs_trailing_60m
rs_trailing_60m_000501,BKNG,2026-08-12 15:43:00+00:00,212.18,210.29,5.96093011417224,4.519216784232823,121,rs_trailing_60m
rs_trailing_60m_000502,BKNG,2026-08-12 19:32:00+00:00,212.87,212.005,1.8471974078672413,6.141931381157979,29,rs_trailing_60m
rs_trailing_60m_000503,BKNG,2026-08-13 14:00:00+00:00,210.94,213.7399,1.6507742413376856,2.6288579793302267,121,rs_trailing_60m
rs_trailing_60m_000504,BKNG,2026-08-14 14:16:00+00:00,214.93,212.8575,1.9613845067105158,3.599449132355985,121,rs_trailing_60m
rs_trailing_60m_000505,BKNG,2026-08-14 15:06:00+00:00,214.93,213.785,4.030857652174899,1.335807477755598,121,rs_trailing_60m
rs_trailing_60m_000506,BKNG,2026-08-14 15:41:00+00:00,214.93,213.68,0.3361918828950551,8.06860518947941,121,rs_trailing_60m
rs_trailing_60m_000507,CMCSA,2026-07-01 14:00:00+00:00,23.94,24.49,0.6461408875293857,5.8152679877644715,121,rs_trailing_60m
rs_trailing_60m_000508,CMCSA,2026-07-01 15:32:00+00:00,23.98,24.2384,5.112610676523849,1.66225393277744,121,rs_trailing_60m
rs_trailing_60m_000509,CMCSA,2026-07-01 18:25:00+00:00,23.5841,23.86,8.181176470591033,2.5214626391104447,96,rs_trailing_60m
rs_trailing_60m_000510,CMCSA,2026-07-02 14:00:00+00:00,23.081,23.51,6.036488482574109,0.9853487165156508,121,rs_trailing_60m
rs_trailing_60m_000511,CMCSA,2026-07-02 15:40:00+00:00,23.081,23.41,0.622260377739712,9.51257448742735,121,rs_trailing_60m
rs_trailing_60m_000512,CMCSA,2026-07-02 16:32:00+00:00,23.41,23.24,3.3617589047457663,2.6540201879573164,121,rs_trailing_60m
rs_trailing_60m_000513,CMCSA,2026-07-02 19:23:00+00:00,23.82,23.475,12.02746804460482,2.2810715257009093,38,rs_trailing_60m
rs_trailing_60m_000514,CMCSA,2026-07-06 14:00:00+00:00,23.22,23.66,3.9249215865325318,3.5868900623335582,121,rs_trailing_60m
rs_trailing_60m_000515,CMCSA,2026-07-06 15:55:00+00:00,23.67,23.52,1.2060698927389817,3.3166922050319587,121,rs_trailing_60m
rs_trailing_60m_000516,CMCSA,2026-07-07 14:00:00+00:00,24.235,23.695,3.2960223091520553,6.324799566210753,121,rs_trailing_60m
rs_trailing_60m_000517,CMCSA,2026-07-07 15:38:00+00:00,23.425,23.845,12.335069005610796,0.6167534502805289,121,rs_trailing_60m
rs_trailing_60m_000518,CMCSA,2026-07-08 14:35:00+00:00,23.765,23.4,6.5266125471279475,1.035970245575875,121,rs_trailing_60m
rs_trailing_60m_000519,CMCSA,2026-07-08 16:27:00+00:00,23.445,23.65,3.95205701328358,6.175089083255725,121,rs_trailing_60m
rs_trailing_60m_000520,CMCSA,2026-07-08 18:51:00+00:00,23.17,23.38,7.962729564280946,3.5694994598499648,70,rs_trailing_60m
rs_trailing_60m_000521,CMCSA,2026-07-09 14:00:00+00:00,22.845,23.1564,0.5417261244120509,6.206014481263936,121,rs_trailing_60m
rs_trailing_60m_000522,CMCSA,2026-07-09 15:46:00+00:00,23.17,23.06,0.9720805711375333,3.3050739418673647,121,rs_trailing_60m
rs_trailing_60m_000523,CMCSA,2026-07-10 14:06:00+00:00,23.73,23.38,1.1175457818124332,4.470183127249733,121,rs_trailing_60m
rs_trailing_60m_000524,CMCSA,2026-07-10 15:08:00+00:00,23.36,23.5,0.7994408282731639,2.931283037001475,121,rs_trailing_60m
rs_trailing_60m_000525,CMCSA,2026-07-13 14:00:00+00:00,24.2294,24.01,2.4492367337047085,1.2721104918826502,121,rs_trailing_60m
rs_trailing_60m_000526,CMCSA,2026-07-14 14:00:00+00:00,23.53,23.85,3.638181818182542,2.180000000000466,121,rs_trailing_60m
rs_trailing_60m_000527,CMCSA,2026-07-14 15:16:00+00:00,23.5101,23.655,3.164447518591173,1.9303129863406168,121,rs_trailing_60m
rs_trailing_60m_000528,CMCSA,2026-07-15 14:00:00+00:00,23.81,23.52,4.1043048912214015,1.5635447204653519,121,rs_trailing_60m
rs_trailing_60m_000529,CMCSA,2026-07-15 17:24:00+00:00,23.365,23.56,4.983253002208926,4.734090352098356,121,rs_trailing_60m
rs_trailing_60m_000530,CMCSA,2026-07-16 14:35:00+00:00,23.66,24.135,0.24998975451842162,11.624523585104784,121,rs_trailing_60m
rs_trailing_60m_000531,CMCSA,2026-07-16 16:57:00+00:00,24.27,24.025,8.170059696929725,3.2680238787718894,121,rs_trailing_60m
rs_trailing_60m_000532,CMCSA,2026-07-16 18:30:00+00:00,24.28,24.02,4.3810036807647394,9.857258281720421,91,rs_trailing_60m
rs_trailing_60m_000533,CMCSA,2026-07-17 14:03:00+00:00,23.905,24.36,4.739092125444587,3.1305681558594265,121,rs_trailing_60m
rs_trailing_60m_000534,CMCSA,2026-07-17 16:56:00+00:00,23.66,23.84,5.447206743823978,2.3967709672825377,121,rs_trailing_60m
rs_trailing_60m_000535,CMCSA,2026-07-17 18:17:00+00:00,23.95,23.76,7.935604520697601,1.4879258476306791,104,rs_trailing_60m
rs_trailing_60m_000536,CMCSA,2026-07-20 14:00:00+00:00,23.395,23.965,0.458289465535618,12.60296030222978,121,rs_trailing_60m
rs_trailing_60m_000537,CMCSA,2026-07-21 16:51:00+00:00,23.58,23.84,1.5076618882859374,14.17202174988657,121,rs_trailing_60m
rs_trailing_60m_000538,CMCSA,2026-07-22 14:00:00+00:00,23.75,24.04,2.5356008605674227,1.920909742854118,121,rs_trailing_60m
rs_trailing_60m_000539,CMCSA,2026-07-23 14:00:00+00:00,23.495,22.51,0.30269397638990675,7.15114519221104,121,rs_trailing_60m
rs_trailing_60m_000540,CMCSA,2026-07-23 18:40:00+00:00,21.91,22.465,20.858339148652497,2.7669225401274353,81,rs_trailing_60m
rs_trailing_60m_000541,CMCSA,2026-07-24 14:00:00+00:00,22.485,22.125,2.7769024736099044,1.4770757838350592,121,rs_trailing_60m
rs_trailing_60m_000542,CMCSA,2026-07-24 16:53:00+00:00,22.47,22.14,8.0415089237488,5.567198485672157,121,rs_trailing_60m
rs_trailing_60m_000543,CMCSA,2026-07-24 18:17:00+00:00,22.47,22.15,3.605380285380151,9.171161146753406,104,rs_trailing_60m
rs_trailing_60m_000544,CMCSA,2026-07-27 14:00:00+00:00,23.24,22.61,11.532966795101766,1.5585090263650896,121,rs_trailing_60m
rs_trailing_60m_000545,CMCSA,2026-07-27 16:51:00+00:00,23.29,23.1,2.8418355462399916,3.9075238760800515,121,rs_trailing_60m
rs_trailing_60m_000546,CMCSA,2026-07-27 19:14:00+00:00,22.78,23.06,12.276269589800572,2.3507750278340613,47,rs_trailing_60m
rs_trailing_60m_000547,CMCSA,2026-07-28 14:00:00+00:00,24.2,23.57,8.96090920444856,1.7921818408897243,121,rs_trailing_60m
rs_trailing_60m_000548,CMCSA,2026-07-28 15:59:00+00:00,24.23,24.05,5.004358303854271,0.62554478798177,121,rs_trailing_60m
rs_trailing_60m_000549,CMCSA,2026-07-28 19:11:00+00:00,23.94,24.26,1.9374647092050497,11.840062111809214,50,rs_trailing_60m
rs_trailing_60m_000550,CMCSA,2026-07-29 14:00:00+00:00,24.72,24.275,6.394021175006053,0.9964708324685186,121,rs_trailing_60m
rs_trailing_60m_000551,CMCSA,2026-07-29 17:08:00+00:00,24.375,24.875,10.90613571719709,13.880536367341879,121,rs_trailing_60m
rs_trailing_60m_000552,CMCSA,2026-07-29 18:17:00+00:00,24.875,24.33,3.115611104436415,16.86095421224399,104,rs_trailing_60m
rs_trailing_60m_000553,CMCSA,2026-07-30 14:00:00+00:00,23.355,23.745,4.887293038101175,1.4661879114303467,121,rs_trailing_60m
rs_trailing_60m_000554,CMCSA,2026-07-30 16:30:00+00:00,23.46,23.78,0.9236826165966119,10.899454875840702,121,rs_trailing_60m
rs_trailing_60m_000555,CMCSA,2026-07-30 18:19:00+00:00,23.78,23.6,2.4066280904805724,7.219884271441337,102,rs_trailing_60m
rs_trailing_60m_000556,CMCSA,2026-07-31 14:09:00+00:00,24.08,23.6,5.58203378198062,3.202806268349487,121,rs_trailing_60m
rs_trailing_60m_000557,CMCSA,2026-08-03 14:00:00+00:00,24.87,24.39,1.0923088947944968,6.973972174457019,121,rs_trailing_60m
rs_trailing_60m_000558,CMCSA,2026-08-03 16:07:00+00:00,24.745,24.51,3.0578861273836733,4.506358503512571,121,rs_trailing_60m
rs_trailing_60m_000559,CMCSA,2026-08-03 16:47:00+00:00,24.51,24.73,2.1694148076318234,6.50824442289547,121,rs_trailing_60m
rs_trailing_60m_000560,CMCSA,2026-08-04 14:18:00+00:00,24.77,24.4,0.6543702585124261,6.263258188618926,121,rs_trailing_60m
rs_trailing_60m_000561,CMCSA,2026-08-05 14:00:00+00:00,24.335,24.655,2.4042777409159974,3.0912142383205508,121,rs_trailing_60m
rs_trailing_60m_000562,CMCSA,2026-08-05 15:49:00+00:00,24.655,24.47,1.4588938714512019,5.288490284010234,121,rs_trailing_60m
rs_trailing_60m_000563,CMCSA,2026-08-06 14:07:00+00:00,24.76,25.1,0.9369268798343925,5.4341759030398356,121,rs_trailing_60m
rs_trailing_60m_000564,CMCSA,2026-08-06 16:29:00+00:00,25.2,25.075,3.3805716095345284,2.6561634074913907,121,rs_trailing_60m
rs_trailing_60m_000565,CMCSA,2026-08-07 14:00:00+00:00,25.4,25.15,4.784331314946671,2.691186364657496,121,rs_trailing_60m
rs_trailing_60m_000566,CMCSA,2026-08-10 14:00:00+00:00,24.775,25.065,3.5884691848917947,1.8886679920483271,121,rs_trailing_60m
rs_trailing_60m_000567,CMCSA,2026-08-11 14:28:00+00:00,25.57,25.28,6.931877430662682,0.6282747125947703,121,rs_trailing_60m
rs_trailing_60m_000568,CMCSA,2026-08-11 15:25:00+00:00,25.57,25.425,5.601714185766591,2.1339863564824566,121,rs_trailing_60m
rs_trailing_60m_000569,CMCSA,2026-08-12 14:26:00+00:00,25.14,25.36,3.5850752978212483,1.1950250992737494,121,rs_trailing_60m
rs_trailing_60m_000570,CMCSA,2026-08-13 14:00:00+00:00,26.06,25.77,2.8877758647689094,3.3155945114014136,121,rs_trailing_60m
rs_trailing_60m_000571,CMCSA,2026-08-13 19:30:00+00:00,26.26,26.14,3.2333034330937758,2.7358721356946654,31,rs_trailing_60m
rs_trailing_60m_000572,CMCSA,2026-08-14 14:00:00+00:00,26.46,26.205,1.477781782606909,3.905566139746863,121,rs_trailing_60m
rs_trailing_60m_000573,CMCSA,2026-08-14 15:39:00+00:00,26.46,26.26,1.007798043881145,7.054586307167299,121,rs_trailing_60m
rs_trailing_60m_000574,COST,2026-07-01 14:02:00+00:00,922.2,932.47,3.9007663306546174,1.3087096401936475,121,rs_trailing_60m
rs_trailing_60m_000575,COST,2026-07-01 16:42:00+00:00,931.19,922.28,0.6317714609053967,13.097701018767806,121,rs_trailing_60m
rs_trailing_60m_000576,COST,2026-07-02 14:41:00+00:00,948.87,935.89,10.668773081546123,0.1331516141222335,121,rs_trailing_60m
rs_trailing_60m_000577,COST,2026-07-02 16:31:00+00:00,950.5,945.331,2.5486248169609147,3.7246331253585048,121,rs_trailing_60m
rs_trailing_60m_000578,COST,2026-07-06 14:30:00+00:00,941.4,946.448,0.8029255562677126,2.1341528553550613,121,rs_trailing_60m
rs_trailing_60m_000579,COST,2026-07-07 14:16:00+00:00,966.27,947.87,0.32159548136403665,10.059732338107766,121,rs_trailing_60m
rs_trailing_60m_000580,COST,2026-07-08 14:30:00+00:00,966.505,957.0,2.9147469016283662,3.088431711584538,120,rs_trailing_60m
rs_trailing_60m_000581,COST,2026-07-08 16:49:00+00:00,952.97,957.26,6.000350897713189,1.5264050529270656,120,rs_trailing_60m
rs_trailing_60m_000582,COST,2026-07-09 14:00:00+00:00,907.68,918.63,4.601363338531642,1.9720128593706645,121,rs_trailing_60m
rs_trailing_60m_000583,COST,2026-07-09 15:06:00+00:00,907.68,914.25,2.3924005028633237,3.6998751962885783,121,rs_trailing_60m
rs_trailing_60m_000584,COST,2026-07-13 16:37:00+00:00,927.475,921.42,4.938377839201658,8.034237265512237,120,rs_trailing_60m
rs_trailing_60m_000585,COST,2026-07-14 14:28:00+00:00,928.7499,922.0,0.5429630479823232,5.515800842868453,120,rs_trailing_60m
rs_trailing_60m_000586,COST,2026-07-14 15:23:00+00:00,920.2,925.3769,4.811032465327296,3.3017473293805444,120,rs_trailing_60m
rs_trailing_60m_000587,COST,2026-07-15 16:33:00+00:00,927.5,919.2,2.314618926271893,11.309476590397727,121,rs_trailing_60m
rs_trailing_60m_000588,COST,2026-07-15 17:34:00+00:00,912.38,923.76,17.8093802976057,5.130149729191351,121,rs_trailing_60m
rs_trailing_60m_000589,COST,2026-07-15 19:40:00+00:00,910.5,916.54,0.4234219008414706,10.696005408211855,21,rs_trailing_60m
rs_trailing_60m_000590,COST,2026-07-16 14:00:00+00:00,936.13,927.165,1.2272565626656395,4.953841799299342,121,rs_trailing_60m
rs_trailing_60m_000591,COST,2026-07-16 16:39:00+00:00,942.99,936.77,7.267230359405234,3.7308652210085382,121,rs_trailing_60m
rs_trailing_60m_000592,COST,2026-07-17 14:01:00+00:00,939.11,955.94,10.53362360726972,0.8964786048740532,121,rs_trailing_60m
rs_trailing_60m_000593,COST,2026-07-17 16:00:00+00:00,933.76,941.06,9.407421963419026,1.669058735445161,121,rs_trailing_60m
rs_trailing_60m_000594,COST,2026-07-17 18:17:00+00:00,941.84,936.251,6.591491709122252,4.471525456728853,104,rs_trailing_60m
rs_trailing_60m_000595,COST,2026-07-20 14:01:00+00:00,946.9784,937.43,1.5720543740316482,5.615555272110837,121,rs_trailing_60m
rs_trailing_60m_000596,COST,2026-07-20 15:57:00+00:00,934.22,938.77,7.6196793618245255,0.3503300856010063,121,rs_trailing_60m
rs_trailing_60m_000597,COST,2026-07-22 14:00:00+00:00,920.965,930.0,4.564564564564029,3.3663663663660475,121,rs_trailing_60m
rs_trailing_60m_000598,COST,2026-07-22 15:15:00+00:00,920.965,925.88,1.4225746268656454,6.218905472636948,119,rs_trailing_60m
rs_trailing_60m_000599,COST,2026-07-23 15:25:00+00:00,922.12,917.32,1.9275018397051231,4.281900060015982,121,rs_trailing_60m
rs_trailing_60m_000600,COST,2026-07-24 14:17:00+00:00,935.2725,929.295,1.987079874540704,2.281660448933544,121,rs_trailing_60m
rs_trailing_60m_000601,COST,2026-07-24 15:40:00+00:00,930.83,933.79,1.8323442136498909,2.5593471810087935,121,rs_trailing_60m
rs_trailing_60m_000602,COST,2026-07-27 14:00:00+00:00,956.61,943.14,7.369878455205339,0.8821799647128941,121,rs_trailing_60m
rs_trailing_60m_000603,COST,2026-07-27 16:37:00+00:00,945.5,953.61,2.5894166460405628,10.576833510315952,120,rs_trailing_60m
rs_trailing_60m_000604,COST,2026-07-28 14:00:00+00:00,986.6,972.3925,0.6127389931154165,7.678203144681444,121,rs_trailing_60m
rs_trailing_60m_000605,COST,2026-07-28 15:18:00+00:00,969.29,981.46,8.55636605297094,1.1937252264912643,121,rs_trailing_60m
rs_trailing_60m_000606,COST,2026-07-29 14:12:00+00:00,978.56,969.18,4.429012132194989,1.5399726091828039,120,rs_trailing_60m
rs_trailing_60m_000607,COST,2026-07-29 16:02:00+00:00,978.8,972.0,3.589042945156665,5.907257454479819,121,rs_trailing_60m
rs_trailing_60m_000608,COST,2026-07-29 17:10:00+00:00,970.2108,977.23,5.323698228978303,6.618044903082251,121,rs_trailing_60m
rs_trailing_60m_000609,COST,2026-07-29 18:42:00+00:00,969.72,975.3,4.3989377532563,3.393466266797672,79,rs_trailing_60m
rs_trailing_60m_000610,COST,2026-07-29 19:38:00+00:00,975.3,971.48,4.538586748129437,1.37861508731577,23,rs_trailing_60m
rs_trailing_60m_000611,COST,2026-07-30 14:00:00+00:00,950.1,959.1434,1.072146526691977,4.912946003855072,121,rs_trailing_60m
rs_trailing_60m_000612,COST,2026-07-30 15:37:00+00:00,957.2,949.68,1.831057529144177,5.194224419408951,121,rs_trailing_60m
rs_trailing_60m_000613,COST,2026-07-31 14:06:00+00:00,955.56,945.5001,1.962984578913458,4.84647354709054,121,rs_trailing_60m
rs_trailing_60m_000614,COST,2026-08-03 14:11:00+00:00,948.954,960.18,6.085787635225501,1.2912830907264343,121,rs_trailing_60m
rs_trailing_60m_000615,COST,2026-08-04 14:00:00+00:00,940.77,945.76,1.5790633193277397,1.9863330442221723,121,rs_trailing_60m
rs_trailing_60m_000616,COST,2026-08-05 14:00:00+00:00,935.22,945.88,4.585550180454535,1.7668819083882985,121,rs_trailing_60m
rs_trailing_60m_000617,COST,2026-08-05 16:09:00+00:00,945.1699,939.5,4.031988395297642,5.634792865008377,121,rs_trailing_60m
rs_trailing_60m_000618,COST,2026-08-06 14:10:00+00:00,941.78,949.4,2.909278205924488,1.9736953467504537,121,rs_trailing_60m
rs_trailing_60m_000619,COST,2026-08-07 14:14:00+00:00,949.79,944.15,1.1950453338486144,3.097983763544024,120,rs_trailing_60m
rs_trailing_60m_000620,COST,2026-08-11 14:37:00+00:00,938.09,945.88,8.756004266136335,0.7704305429700944,121,rs_trailing_60m
rs_trailing_60m_000621,COST,2026-08-12 14:04:00+00:00,948.8775,943.82,2.8226610459893777,1.2824743213983931,120,rs_trailing_60m
rs_trailing_60m_000622,CSCO,2026-07-01 14:06:00+00:00,114.99,116.85,3.9872161516135405,0.6770744408400238,121,rs_trailing_60m
rs_trailing_60m_000623,CSCO,2026-07-01 15:58:00+00:00,116.82,116.01,1.9921395511212414,3.572112298562297,121,rs_trailing_60m
rs_trailing_60m_000624,CSCO,2026-07-02 14:00:00+00:00,112.285,115.73,10.0346168473826,0.39351438617189616,121,rs_trailing_60m
rs_trailing_60m_000625,CSCO,2026-07-06 14:00:00+00:00,115.48,114.295,3.58040201005012,0.8856783919597617,121,rs_trailing_60m
rs_trailing_60m_000626,CSCO,2026-07-07 14:39:00+00:00,111.82,113.15,0.9330070357907735,5.27148975221784,121,rs_trailing_60m
rs_trailing_60m_000627,CSCO,2026-07-08 14:00:00+00:00,113.03,111.93,0.9884998061765545,3.2756170047811857,121,rs_trailing_60m
rs_trailing_60m_000628,CSCO,2026-07-09 14:00:00+00:00,118.665,117.07,6.148865498126657,0.83151917768266,121,rs_trailing_60m
rs_trailing_60m_000629,CSCO,2026-07-09 16:33:00+00:00,117.345,118.895,3.1977243821125385,13.053006084360625,121,rs_trailing_60m
rs_trailing_60m_000630,CSCO,2026-07-09 17:52:00+00:00,119.475,118.27,12.059308072486777,5.240056483878381,121,rs_trailing_60m
rs_trailing_60m_000631,CSCO,2026-07-10 14:03:00+00:00,120.64,118.55,4.66858789625299,4.365994236310695,121,rs_trailing_60m
rs_trailing_60m_000632,CSCO,2026-07-10 15:52:00+00:00,120.69,119.7,3.154999936924709,4.463170642478881,121,rs_trailing_60m
rs_trailing_60m_000633,CSCO,2026-07-13 14:00:00+00:00,117.63,120.34,1.599795739714201,6.901079661512179,121,rs_trailing_60m
rs_trailing_60m_000634,CSCO,2026-07-14 14:07:00+00:00,117.7,119.55,5.793322657684977,1.4852151465372296,121,rs_trailing_60m
rs_trailing_60m_000635,CSCO,2026-07-14 16:15:00+00:00,116.955,118.12,6.5277777777776835,1.5625000000000404,121,rs_trailing_60m
rs_trailing_60m_000636,CSCO,2026-07-15 14:00:00+00:00,110.2162,115.29,16.0228697897452,2.6927333087421284,121,rs_trailing_60m
rs_trailing_60m_000637,CSCO,2026-07-15 16:46:00+00:00,112.57,111.12,7.07179802223584,1.6923961078855252,121,rs_trailing_60m
rs_trailing_60m_000638,CSCO,2026-07-16 14:00:00+00:00,107.53,109.38,2.328497734203658,3.3395559608972962,121,rs_trailing_60m
rs_trailing_60m_000639,CSCO,2026-07-16 17:46:00+00:00,109.61,108.46,7.310600656298584,2.6979597660149626,121,rs_trailing_60m
rs_trailing_60m_000640,CSCO,2026-07-16 19:33:00+00:00,109.82,109.272,2.5987858131854153,2.4874092783347344,28,rs_trailing_60m
rs_trailing_60m_000641,CSCO,2026-07-17 14:00:00+00:00,112.58,111.39,1.786290614729047,1.9759851932843517,121,rs_trailing_60m
rs_trailing_60m_000642,CSCO,2026-07-17 17:33:00+00:00,113.23,112.065,0.44942826830128574,10.022250383119324,121,rs_trailing_60m
rs_trailing_60m_000643,CSCO,2026-07-20 14:25:00+00:00,112.74,111.36,0.3780480120975056,5.418688173398257,121,rs_trailing_60m
rs_trailing_60m_000644,CSCO,2026-07-20 15:06:00+00:00,111.36,112.12,0.6651691274290245,4.390116241031883,121,rs_trailing_60m
rs_trailing_60m_000645,CSCO,2026-07-21 14:27:00+00:00,110.97,112.085,4.254413954477778,1.0163322224585227,121,rs_trailing_60m
rs_trailing_60m_000646,CSCO,2026-07-21 15:41:00+00:00,110.93,111.36,0.9823973716842834,3.241911326558303,121,rs_trailing_60m
rs_trailing_60m_000647,CSCO,2026-07-22 14:00:00+00:00,113.57,112.73,1.1556271391180504,2.311254278236218,121,rs_trailing_60m
rs_trailing_60m_000648,CSCO,2026-07-23 14:00:00+00:00,113.35,112.14,0.45848775455619994,3.239980132197337,121,rs_trailing_60m
rs_trailing_60m_000649,CSCO,2026-07-24 16:24:00+00:00,114.57,113.38,3.5825479041067005,6.69030030285004,121,rs_trailing_60m
rs_trailing_60m_000650,CSCO,2026-07-27 14:00:00+00:00,112.735,114.14,4.711093215219683,0.3033658509800313,121,rs_trailing_60m
rs_trailing_60m_000651,CSCO,2026-07-28 14:31:00+00:00,117.04,113.73,8.196948187037679,0.8169715801034141,121,rs_trailing_60m
rs_trailing_60m_000652,CSCO,2026-07-28 18:14:00+00:00,114.405,116.11,2.3607430535512495,11.28355154409232,107,rs_trailing_60m
rs_trailing_60m_000653,CSCO,2026-07-29 14:00:00+00:00,117.12,114.94,1.6926178817709092,5.140543196489371,121,rs_trailing_60m
rs_trailing_60m_000654,CSCO,2026-07-29 15:11:00+00:00,114.22,116.0284,7.251657045115171,2.1828009407742632,121,rs_trailing_60m
rs_trailing_60m_000655,CSCO,2026-07-29 16:15:00+00:00,113.81,116.0284,3.878183069511596,11.389538885065976,121,rs_trailing_60m
rs_trailing_60m_000656,CSCO,2026-07-29 17:28:00+00:00,113.81,116.34,3.1758580794450775,11.7036251446219,121,rs_trailing_60m
rs_trailing_60m_000657,CSCO,2026-07-29 18:54:00+00:00,116.34,112.246,0.1545033940090015,20.930059775085315,67,rs_trailing_60m
rs_trailing_60m_000658,CSCO,2026-07-30 14:01:00+00:00,112.32,114.325,2.7925032209577956,2.7237223534465436,121,rs_trailing_60m
rs_trailing_60m_000659,CSCO,2026-07-31 14:03:00+00:00,115.07,113.89,0.34435589794541765,3.349643734559968,121,rs_trailing_60m
rs_trailing_60m_000660,CSCO,2026-08-03 14:00:00+00:00,114.615,115.92,0.5998394077139237,3.218650480416228,121,rs_trailing_60m
rs_trailing_60m_000661,CSCO,2026-08-04 14:00:00+00:00,120.81,119.31,1.3876028288847941,3.040916837768815,121,rs_trailing_60m
rs_trailing_60m_000662,CSCO,2026-08-05 14:00:00+00:00,121.06,122.44,4.045688377364545,0.7672857267415499,121,rs_trailing_60m
rs_trailing_60m_000663,CSCO,2026-08-05 16:08:00+00:00,122.91,121.79,6.155128542598915,1.3380714223040333,121,rs_trailing_60m
rs_trailing_60m_000664,CSCO,2026-08-06 14:31:00+00:00,122.19,120.46,1.1017435672496447,5.705457758971363,121,rs_trailing_60m
rs_trailing_60m_000665,CSCO,2026-08-07 14:29:00+00:00,119.45,121.515,4.64747431901638,2.969219703816067,121,rs_trailing_60m
rs_trailing_60m_000666,CSCO,2026-08-07 15:42:00+00:00,121.68,120.71,7.035995577335927,1.0408277481266004,121,rs_trailing_60m
rs_trailing_60m_000667,CSCO,2026-08-10 14:00:00+00:00,124.7103,123.05,2.071999933754904,3.5648040806859083,121,rs_trailing_60m
rs_trailing_60m_000668,CSCO,2026-08-10 15:01:00+00:00,123.05,124.11,0.8883341134862952,5.837624174338499,121,rs_trailing_60m
rs_trailing_60m_000669,CSCO,2026-08-11 14:00:00+00:00,120.72,122.585,2.65868011769665,4.527462519266039,121,rs_trailing_60m
rs_trailing_60m_000670,CSCO,2026-08-11 15:25:00+00:00,120.16,121.16,7.825558539770023,1.3271415067445813,121,rs_trailing_60m
rs_trailing_60m_000671,CSCO,2026-08-12 14:00:00+00:00,124.205,122.845,2.1104470924897205,3.6879530000072336,121,rs_trailing_60m
rs_trailing_60m_000672,CSCO,2026-08-12 17:52:00+00:00,124.45,123.17,8.518485363884974,5.460567540951899,121,rs_trailing_60m
rs_trailing_60m_000673,CSCO,2026-08-13 14:00:00+00:00,112.24,115.949,3.8489127402665986,3.6645700774432877,121,rs_trailing_60m
rs_trailing_60m_000674,CSCO,2026-08-13 15:14:00+00:00,112.095,114.1,6.795882205149396,1.2906126443013397,121,rs_trailing_60m
rs_trailing_60m_000675,CSCO,2026-08-13 18:33:00+00:00,111.74,113.72,2.5405351064903336,14.805187344719192,88,rs_trailing_60m
rs_trailing_60m_000676,CSCO,2026-08-14 14:00:00+00:00,110.055,111.8799,5.664149266991975,1.4891420806438045,121,rs_trailing_60m
rs_trailing_60m_000677,CSCO,2026-08-14 16:35:00+00:00,112.25,111.1101,9.775790228787313,0.8369938491123645,121,rs_trailing_60m
rs_trailing_60m_000678,CSCO,2026-08-14 17:50:00+00:00,112.25,111.41,2.469302388341375,9.054108757251319,121,rs_trailing_60m
rs_trailing_60m_000679,GILD,2026-07-01 14:00:00+00:00,125.5,126.94,1.1473111885141107,3.379067199048465,121,rs_trailing_60m
rs_trailing_60m_000680,GILD,2026-07-01 15:42:00+00:00,125.835,126.91,0.9151392603223689,7.639423390516513,121,rs_trailing_60m
rs_trailing_60m_000681,GILD,2026-07-01 18:04:00+00:00,125.125,126.345,11.611675126906379,9.852330410708532,117,rs_trailing_60m
rs_trailing_60m_000682,GILD,2026-07-02 14:00:00+00:00,131.58,127.72,12.645687645687545,0.8944938556588766,121,rs_trailing_60m
rs_trailing_60m_000683,GILD,2026-07-02 16:35:00+00:00,130.505,129.73,1.8125020076455798,5.780411808166947,121,rs_trailing_60m
rs_trailing_60m_000684,GILD,2026-07-06 14:00:00+00:00,127.88,129.25,2.159814450960989,1.2808201976628688,121,rs_trailing_60m
rs_trailing_60m_000685,GILD,2026-07-07 14:00:00+00:00,135.72,133.785,3.394875477482082,1.159082268741736,121,rs_trailing_60m
rs_trailing_60m_000686,GILD,2026-07-07 15:45:00+00:00,133.94,134.95,2.602007118482384,3.0496642571459276,121,rs_trailing_60m
rs_trailing_60m_000687,GILD,2026-07-07 18:43:00+00:00,136.6,134.78,17.795711146474734,3.235583844813618,78,rs_trailing_60m
rs_trailing_60m_000688,GILD,2026-07-08 14:01:00+00:00,134.5,137.0,3.1693504579823073,2.450065247660095,121,rs_trailing_60m
rs_trailing_60m_000689,GILD,2026-07-08 15:21:00+00:00,136.01,135.11,1.8300059032449416,3.4829144610143934,121,rs_trailing_60m
rs_trailing_60m_000690,GILD,2026-07-08 16:47:00+00:00,135.05,136.03,3.1573498964806204,7.156659765356552,121,rs_trailing_60m
rs_trailing_60m_000691,GILD,2026-07-09 14:08:00+00:00,133.395,135.415,1.9524188299948315,3.8903752982860924,121,rs_trailing_60m
rs_trailing_60m_000692,GILD,2026-07-10 14:00:00+00:00,130.42,133.095,7.084098988476389,0.49588692919337946,121,rs_trailing_60m
rs_trailing_60m_000693,GILD,2026-07-10 15:32:00+00:00,129.265,131.42,14.630270333665454,0.7869583064562207,121,rs_trailing_60m
rs_trailing_60m_000694,GILD,2026-07-13 14:07:00+00:00,129.025,130.74,0.324810700823886,5.538877214049506,121,rs_trailing_60m
rs_trailing_60m_000695,GILD,2026-07-13 17:23:00+00:00,131.54,130.65,4.71293636284544,7.102594236964414,121,rs_trailing_60m
rs_trailing_60m_000696,GILD,2026-07-14 14:00:00+00:00,129.94,131.21,0.7135259705725665,3.226378301719638,121,rs_trailing_60m
rs_trailing_60m_000697,GILD,2026-07-14 15:06:00+00:00,129.975,130.925,1.4720942322012625,4.012178397568343,121,rs_trailing_60m
rs_trailing_60m_000698,GILD,2026-07-15 14:00:00+00:00,132.5899,130.13,7.682610722610784,1.4918414918415257,121,rs_trailing_60m
rs_trailing_60m_000699,GILD,2026-07-15 16:11:00+00:00,132.95,131.75,3.039545804581532,8.01334803026083,121,rs_trailing_60m
rs_trailing_60m_000700,GILD,2026-07-15 17:24:00+00:00,131.7,132.32,3.5108545117726244,3.291426104786426,121,rs_trailing_60m
rs_trailing_60m_000701,GILD,2026-07-16 14:19:00+00:00,133.98,132.665,1.0536964869659449,3.724272066000445,121,rs_trailing_60m
rs_trailing_60m_000702,GILD,2026-07-16 16:40:00+00:00,135.62,133.58,17.054610564004676,1.2085944494175722,121,rs_trailing_60m
rs_trailing_60m_000703,GILD,2026-07-17 14:00:00+00:00,139.88,137.17,1.6713429893075031,6.137863046939861,121,rs_trailing_60m
rs_trailing_60m_000704,GILD,2026-07-17 14:39:00+00:00,135.79,138.9,7.815994645952099,3.0356764919546135,121,rs_trailing_60m
rs_trailing_60m_000705,GILD,2026-07-17 15:56:00+00:00,134.47,137.36,19.400892888697793,1.365248018093742,121,rs_trailing_60m
rs_trailing_60m_000706,GILD,2026-07-21 14:26:00+00:00,132.77,129.29,0.741339579520416,8.993987728898139,121,rs_trailing_60m
rs_trailing_60m_000707,GILD,2026-07-22 14:02:00+00:00,132.86,131.16,2.4827201783725377,3.960981047937919,121,rs_trailing_60m
rs_trailing_60m_000708,GILD,2026-07-22 19:23:00+00:00,130.23,130.79,1.0812864016211026,7.569004811345085,38,rs_trailing_60m
rs_trailing_60m_000709,GILD,2026-07-23 14:00:00+00:00,127.73,130.54,0.45687738918418785,7.3238829963165655,121,rs_trailing_60m
rs_trailing_60m_000710,GILD,2026-07-23 16:28:00+00:00,129.65,130.25,1.2306976022347074,4.449445177310241,121,rs_trailing_60m
rs_trailing_60m_000711,GILD,2026-07-24 14:00:00+00:00,129.44,130.76,1.3229336052697023,3.042747292120231,121,rs_trailing_60m
rs_trailing_60m_000712,GILD,2026-07-24 15:34:00+00:00,129.72,130.62,3.00369907763243,3.589786702536415,120,rs_trailing_60m
rs_trailing_60m_000713,GILD,2026-07-27 14:00:00+00:00,133.0588,130.985,6.139534883720788,1.0586601874348196,121,rs_trailing_60m
rs_trailing_60m_000714,GILD,2026-07-28 14:00:00+00:00,136.26,133.19,7.05792918855488,2.724392531022276,121,rs_trailing_60m
rs_trailing_60m_000715,GILD,2026-07-28 15:14:00+00:00,133.12,134.3999,5.089575265262773,1.0558467932370366,121,rs_trailing_60m
rs_trailing_60m_000716,GILD,2026-07-28 18:30:00+00:00,135.19,133.96,5.827527553181237,11.655055106362473,91,rs_trailing_60m
rs_trailing_60m_000717,GILD,2026-07-29 14:20:00+00:00,132.6,134.5,0.4938638226996935,5.761744598162872,121,rs_trailing_60m
rs_trailing_60m_000718,GILD,2026-07-29 18:50:00+00:00,132.565,134.34,12.52346123853738,2.033934765656267,71,rs_trailing_60m
rs_trailing_60m_000719,GILD,2026-07-30 14:00:00+00:00,128.28,130.205,3.7759519573873517,2.9543327814743248,121,rs_trailing_60m
rs_trailing_60m_000720,GILD,2026-07-30 15:27:00+00:00,130.21,129.13,5.728972056996788,0.9240277511285425,121,rs_trailing_60m
rs_trailing_60m_000721,GILD,2026-07-31 14:34:00+00:00,130.6,129.475,3.7833037300179715,0.21314387211369706,121,rs_trailing_60m
rs_trailing_60m_000722,GILD,2026-08-03 14:00:00+00:00,129.04,130.785,3.153069863853673,2.9603822610625925,121,rs_trailing_60m
rs_trailing_60m_000723,GILD,2026-08-04 15:21:00+00:00,130.25,131.73,2.782537940896823,8.347613822690256,121,rs_trailing_60m
rs_trailing_60m_000724,GILD,2026-08-04 19:01:00+00:00,135.87,132.64,29.63285896676581,1.0447482328027689,60,rs_trailing_60m
rs_trailing_60m_000725,GILD,2026-08-05 14:00:00+00:00,129.6,133.62,4.572754276793689,0.9475076429392263,121,rs_trailing_60m
rs_trailing_60m_000726,GILD,2026-08-05 18:29:00+00:00,132.29,130.79,7.212335446122878,3.940760604582616,92,rs_trailing_60m
rs_trailing_60m_000727,GILD,2026-08-06 14:14:00+00:00,129.59,132.25,7.678962486846606,1.3992776087142589,121,rs_trailing_60m
rs_trailing_60m_000728,GILD,2026-08-06 17:20:00+00:00,129.02,131.21,1.6646819489926132,20.43018755581948,121,rs_trailing_60m
rs_trailing_60m_000729,GILD,2026-08-06 19:16:00+00:00,131.26,130.12,3.5320047068488942,9.456657763498402,45,rs_trailing_60m
rs_trailing_60m_000730,GILD,2026-08-07 14:00:00+00:00,134.02,132.1,2.936836876172796,1.9032719669617244,121,rs_trailing_60m
rs_trailing_60m_000731,GILD,2026-08-07 17:03:00+00:00,133.84,133.09,0.8553514552992226,8.309128422907627,121,rs_trailing_60m
rs_trailing_60m_000732,GILD,2026-08-10 14:40:00+00:00,133.12,134.07,0.3106206312222453,4.599356068629702,121,rs_trailing_60m
rs_trailing_60m_000733,GILD,2026-08-11 14:27:00+00:00,135.49,134.26,3.156030272127183,0.8051097632977358,121,rs_trailing_60m
rs_trailing_60m_000734,GILD,2026-08-11 17:03:00+00:00,136.85,135.89,7.786477965868019,2.247104379411598,121,rs_trailing_60m
rs_trailing_60m_000735,GILD,2026-08-12 14:02:00+00:00,137.12,135.64,2.335890416259786,2.5319183926172273,121,rs_trailing_60m
rs_trailing_60m_000736,GILD,2026-08-12 15:25:00+00:00,137.12,135.9927,1.516719531207935,7.725431428417311,121,rs_trailing_60m
rs_trailing_60m_000737,GILD,2026-08-13 14:35:00+00:00,136.77,137.63,0.9221621258438939,3.48372358652183,121,rs_trailing_60m
rs_trailing_60m_000738,GILD,2026-08-14 14:02:00+00:00,136.7275,138.1435,1.0007194244605047,4.296546762589982,121,rs_trailing_60m
rs_trailing_60m_000739,GOOGL,2026-07-01 14:07:00+00:00,357.6175,362.97,0.4605552768706357,5.110342168214364,121,rs_trailing_60m
rs_trailing_60m_000740,GOOGL,2026-07-01 14:51:00+00:00,362.525,357.76,1.1946793004857679,6.550418477493826,121,rs_trailing_60m
rs_trailing_60m_000741,GOOGL,2026-07-01 15:42:00+00:00,357.76,360.07,3.98910293831409,0.505935006810547,121,rs_trailing_60m
rs_trailing_60m_000742,GOOGL,2026-07-02 14:00:00+00:00,364.2,355.39,1.6542785609836954,10.005076736829393,121,rs_trailing_60m
rs_trailing_60m_000743,GOOGL,2026-07-02 15:27:00+00:00,353.42,358.16,6.97070434240554,1.1475115256540125,121,rs_trailing_60m
rs_trailing_60m_000744,GOOGL,2026-07-02 17:49:00+00:00,359.64,355.6676,7.860673552207949,3.7907218279378436,121,rs_trailing_60m
rs_trailing_60m_000745,GOOGL,2026-07-06 14:00:00+00:00,357.3805,363.88,0.8808296282280854,10.647467127044655,121,rs_trailing_60m
rs_trailing_60m_000746,GOOGL,2026-07-06 14:49:00+00:00,365.1,360.86,6.6167579486450565,1.7454041086589518,121,rs_trailing_60m
rs_trailing_60m_000747,GOOGL,2026-07-07 14:00:00+00:00,372.29,367.25,1.1551949238260812,5.694431448036646,121,rs_trailing_60m
rs_trailing_60m_000748,GOOGL,2026-07-08 14:30:00+00:00,359.75,362.41,3.3903365532573764,0.33623172428999826,121,rs_trailing_60m
rs_trailing_60m_000749,GOOGL,2026-07-09 14:10:00+00:00,351.08,354.85,1.8174420616257936,3.0942113952409604,121,rs_trailing_60m
rs_trailing_60m_000750,GOOGL,2026-07-10 14:06:00+00:00,352.75,356.7486,3.244333833395279,3.8060972895474237,121,rs_trailing_60m
rs_trailing_60m_000751,GOOGL,2026-07-14 14:00:00+00:00,358.68,353.31,8.55664119183652,1.6656420562529364,121,rs_trailing_60m
rs_trailing_60m_000752,GOOGL,2026-07-14 17:31:00+00:00,360.03,357.32,4.700335374547068,6.522491819305408,121,rs_trailing_60m
rs_trailing_60m_000753,GOOGL,2026-07-15 14:00:00+00:00,372.43,363.5,13.544516275379223,1.5178777594567674,121,rs_trailing_60m
rs_trailing_60m_000754,GOOGL,2026-07-15 17:25:00+00:00,369.8,373.29,2.2474577936432842,6.467684095040362,121,rs_trailing_60m
rs_trailing_60m_000755,GOOGL,2026-07-16 14:06:00+00:00,369.28,374.34,0.8991786065793761,6.100581007715095,121,rs_trailing_60m
rs_trailing_60m_000756,GOOGL,2026-07-16 18:07:00+00:00,352.3001,370.47,40.450739864412185,16.437153870243833,114,rs_trailing_60m
rs_trailing_60m_000757,GOOGL,2026-07-17 14:30:00+00:00,344.89,348.52,0.1334707160077561,4.271062912247643,121,rs_trailing_60m
rs_trailing_60m_000758,GOOGL,2026-07-17 15:30:00+00:00,348.52,345.4801,1.9249183895538935,4.801011969532116,121,rs_trailing_60m
rs_trailing_60m_000759,GOOGL,2026-07-17 18:00:00+00:00,342.8,347.415,3.0299544591848058,11.689245360960536,121,rs_trailing_60m
rs_trailing_60m_000760,GOOGL,2026-07-20 14:00:00+00:00,359.68,356.0,1.400647172130158,3.37192837735046,121,rs_trailing_60m
rs_trailing_60m_000761,GOOGL,2026-07-20 15:21:00+00:00,352.075,357.9,10.065019554897006,3.335835052480124,121,rs_trailing_60m
rs_trailing_60m_000762,GOOGL,2026-07-23 14:00:00+00:00,314.9,321.98,6.71787268054619,0.4290151599146798,121,rs_trailing_60m
rs_trailing_60m_000763,GOOGL,2026-07-23 15:51:00+00:00,321.55,318.7,4.450410589887693,1.8442148102016926,121,rs_trailing_60m
rs_trailing_60m_000764,GOOGL,2026-07-24 14:00:00+00:00,323.2899,317.62,0.3526258282244656,8.955349886161878,121,rs_trailing_60m
rs_trailing_60m_000765,GOOGL,2026-07-24 16:30:00+00:00,318.56,321.14,1.6121911975693723,7.529464384252827,121,rs_trailing_60m
rs_trailing_60m_000766,GOOGL,2026-07-27 14:00:00+00:00,330.42,324.45,4.256076801036791,6.286984818128975,121,rs_trailing_60m
rs_trailing_60m_000767,GOOGL,2026-07-27 15:41:00+00:00,329.13,325.86,3.331561680992517,3.9799864376956733,121,rs_trailing_60m
rs_trailing_60m_000768,GOOGL,2026-07-28 14:46:00+00:00,334.17,327.9497,11.094783418722251,0.8464010120972114,121,rs_trailing_60m
rs_trailing_60m_000769,GOOGL,2026-07-29 14:52:00+00:00,335.94,332.355,3.9545183048530004,4.010059292280788,121,rs_trailing_60m
rs_trailing_60m_000770,GOOGL,2026-07-29 16:57:00+00:00,342.5,335.9,20.22769978998169,0.9632237995229722,121,rs_trailing_60m
rs_trailing_60m_000771,GOOGL,2026-07-29 18:38:00+00:00,342.5,335.2701,4.717065959796161,11.145220171706425,83,rs_trailing_60m
rs_trailing_60m_000772,GOOGL,2026-07-30 14:00:00+00:00,331.1,335.25,2.648086003043676,3.525822374839113,121,rs_trailing_60m
rs_trailing_60m_000773,GOOGL,2026-07-30 17:33:00+00:00,332.02,334.94,2.1248571273061434,7.569803516027534,121,rs_trailing_60m
rs_trailing_60m_000774,GOOGL,2026-07-31 14:00:00+00:00,353.71,343.455,10.339337287600028,2.2682612717743647,121,rs_trailing_60m
rs_trailing_60m_000775,GOOGL,2026-07-31 16:27:00+00:00,356.3199,352.71,5.547427579772655,2.44716654383362,121,rs_trailing_60m
rs_trailing_60m_000776,GOOGL,2026-08-03 14:00:00+00:00,375.7699,366.67,4.268332858795519,4.660930384440737,121,rs_trailing_60m
rs_trailing_60m_000777,GOOGL,2026-08-04 14:00:00+00:00,378.09,374.71,3.2414852578948596,0.8773945058963968,121,rs_trailing_60m
rs_trailing_60m_000778,GOOGL,2026-08-05 14:00:00+00:00,371.8,382.35,9.379721978766547,4.899652750813118,121,rs_trailing_60m
rs_trailing_60m_000779,GOOGL,2026-08-05 15:41:00+00:00,356.77,377.72,49.22518386292754,0.5824762157168533,121,rs_trailing_60m
rs_trailing_60m_000780,GOOGL,2026-08-05 19:06:00+00:00,361.08,363.2,0.42063992434400194,5.949050358577504,55,rs_trailing_60m
rs_trailing_60m_000781,GOOGL,2026-08-06 14:34:00+00:00,358.68,362.14,3.0372371417976263,2.5525716404469216,121,rs_trailing_60m
rs_trailing_60m_000782,GOOGL,2026-08-07 14:02:00+00:00,353.78,357.49,2.7350838958978527,3.771592124481141,121,rs_trailing_60m
rs_trailing_60m_000783,GOOGL,2026-08-10 14:01:00+00:00,353.32,357.18,0.24974225557090765,8.51394053082534,121,rs_trailing_60m
rs_trailing_60m_000784,GOOGL,2026-08-11 14:00:00+00:00,349.12,352.63,4.655524225235052,2.298046000541472,121,rs_trailing_60m
rs_trailing_60m_000785,GOOGL,2026-08-12 14:26:00+00:00,340.88,344.165,3.4629884981993175,2.0193812447331676,121,rs_trailing_60m
rs_trailing_60m_000786,GOOGL,2026-08-14 14:34:00+00:00,344.7,346.77,2.174343103557613,2.2815426744486667,121,rs_trailing_60m
rs_trailing_60m_000787,HON,2026-07-01 14:28:00+00:00,222.65,225.8899,5.8960372463752035,0.29604413921021194,121,rs_trailing_60m
rs_trailing_60m_000788,HON,2026-07-01 17:13:00+00:00,220.6,222.27,5.711660939693757,3.2868992200125113,121,rs_trailing_60m
rs_trailing_60m_000789,HON,2026-07-02 14:30:00+00:00,224.36,220.79,1.9807167473455358,6.695551704216892,121,rs_trailing_60m
rs_trailing_60m_000790,HON,2026-07-02 16:28:00+00:00,226.5,222.4,16.57343452953357,1.7842803350044172,121,rs_trailing_60m
rs_trailing_60m_000791,HON,2026-07-02 19:40:00+00:00,230.13,228.55,5.581431294403296,1.098866747530756,21,rs_trailing_60m
rs_trailing_60m_000792,HON,2026-07-06 14:00:00+00:00,228.31,222.85,1.3029361892642057,6.781190621397851,121,rs_trailing_60m
rs_trailing_60m_000793,HON,2026-07-06 16:23:00+00:00,228.24,224.99,9.290051531164508,3.724029277578755,120,rs_trailing_60m
rs_trailing_60m_000794,HON,2026-07-06 17:09:00+00:00,228.24,226.3525,4.734825656478548,3.390443392165131,120,rs_trailing_60m
rs_trailing_60m_000795,HON,2026-07-07 14:07:00+00:00,222.05,228.865,9.219398587378679,0.6518035136403103,121,rs_trailing_60m
rs_trailing_60m_000796,HON,2026-07-07 18:41:00+00:00,225.785,223.9,1.8020788115562765,12.062894901845771,80,rs_trailing_60m
rs_trailing_60m_000797,HON,2026-07-08 14:00:00+00:00,218.7,221.17,3.0995881909402327,1.4848326663186286,121,rs_trailing_60m
rs_trailing_60m_000798,HON,2026-07-08 16:37:00+00:00,222.69,221.365,6.643761978217684,0.912447997008424,121,rs_trailing_60m
rs_trailing_60m_000799,HON,2026-07-09 14:00:00+00:00,218.1,221.25,1.5912668537403956,5.092053931969278,121,rs_trailing_60m
rs_trailing_60m_000800,HON,2026-07-10 14:54:00+00:00,227.855,224.22,17.75981620718215,0.7644110275688479,121,rs_trailing_60m
rs_trailing_60m_000801,HON,2026-07-13 14:04:00+00:00,220.61,223.425,6.4938293593374015,1.2356123516710213,119,rs_trailing_60m
rs_trailing_60m_000802,HON,2026-07-14 14:34:00+00:00,222.215,224.15,3.4237959957538195,3.699908576056503,120,rs_trailing_60m
rs_trailing_60m_000803,HON,2026-07-15 14:30:00+00:00,225.91,220.54,5.991513693224812,14.50175288806016,120,rs_trailing_60m
rs_trailing_60m_000804,HON,2026-07-15 15:55:00+00:00,220.54,223.65,16.824742268041547,2.412371134020755,119,rs_trailing_60m
rs_trailing_60m_000805,HON,2026-07-16 14:07:00+00:00,225.695,223.215,3.725337487019612,2.7128764278295763,121,rs_trailing_60m
rs_trailing_60m_000806,HON,2026-07-16 15:36:00+00:00,225.91,222.8,2.6641432522924857,13.581906776393279,117,rs_trailing_60m
rs_trailing_60m_000807,HON,2026-07-16 16:48:00+00:00,223.01,225.91,0.8584305028974126,16.92334419997572,116,rs_trailing_60m
rs_trailing_60m_000808,HON,2026-07-16 19:43:00+00:00,226.4,225.06,6.682066058629668,3.0505084180699225,18,rs_trailing_60m
rs_trailing_60m_000809,HON,2026-07-17 14:02:00+00:00,229.86,227.24,2.6498651732007366,3.690451496923253,121,rs_trailing_60m
rs_trailing_60m_000810,HON,2026-07-17 16:27:00+00:00,224.9,226.895,10.666836604639942,1.7415243436146879,120,rs_trailing_60m
rs_trailing_60m_000811,HON,2026-07-20 14:00:00+00:00,224.23,227.77,2.0678554388687918,4.242668917679128,121,rs_trailing_60m
rs_trailing_60m_000812,HON,2026-07-21 14:00:00+00:00,231.9,228.36,7.358608804637156,0.40576531411555117,120,rs_trailing_60m
rs_trailing_60m_000813,HON,2026-07-22 14:00:00+00:00,238.1084,233.6835,1.6210271312318834,6.934415322236759,121,rs_trailing_60m
rs_trailing_60m_000814,HON,2026-07-23 14:00:00+00:00,250.27,245.68,0.9383287785570654,2.5632395902046174,121,rs_trailing_60m
rs_trailing_60m_000815,HON,2026-07-23 15:45:00+00:00,249.14,244.28,0.26976367613387503,9.815247600871315,121,rs_trailing_60m
rs_trailing_60m_000816,HON,2026-07-23 16:32:00+00:00,242.605,246.24,8.370512566981082,2.32432510647284,121,rs_trailing_60m
rs_trailing_60m_000817,HON,2026-07-24 14:00:00+00:00,242.35,245.39,3.2517138037931645,1.766159274141455,121,rs_trailing_60m
rs_trailing_60m_000818,HON,2026-07-24 18:50:00+00:00,243.47,241.445,11.126283265222423,1.1855875610482414,71,rs_trailing_60m
rs_trailing_60m_000819,HON,2026-07-27 14:27:00+00:00,247.3,242.53,0.3411785115364794,10.508298155323176,117,rs_trailing_60m
rs_trailing_60m_000820,HON,2026-07-28 14:00:00+00:00,251.26,246.09,1.266183267979521,8.360533637100355,120,rs_trailing_60m
rs_trailing_60m_000821,HON,2026-07-29 14:00:00+00:00,240.4,243.69,8.285361842107006,0.831307208238198,119,rs_trailing_60m
rs_trailing_60m_000822,HON,2026-07-29 15:55:00+00:00,240.32,243.02,0.4096751617363175,13.416861546862323,121,rs_trailing_60m
rs_trailing_60m_000823,HON,2026-07-30 14:00:00+00:00,237.36,239.85,2.7942942166611835,1.7832009145798535,120,rs_trailing_60m
rs_trailing_60m_000824,HON,2026-07-31 14:16:00+00:00,243.5,239.5301,9.039994728865462,1.6409204717663273,120,rs_trailing_60m
rs_trailing_60m_000825,HON,2026-07-31 15:43:00+00:00,245.16,242.63,13.605029001794009,1.7613653618393472,120,rs_trailing_60m
rs_trailing_60m_000826,HON,2026-08-03 14:02:00+00:00,249.64,244.69,2.863522473538388,10.635940615999916,119,rs_trailing_60m
rs_trailing_60m_000827,HON,2026-08-03 15:08:00+00:00,242.375,248.29,20.91475927951769,4.885199247770587,116,rs_trailing_60m
rs_trailing_60m_000828,HON,2026-08-03 15:54:00+00:00,242.2,245.88,16.903642627582876,1.3384115863481043,116,rs_trailing_60m
rs_trailing_60m_000829,HON,2026-08-04 14:00:00+00:00,246.62,248.77,0.23440650625083226,5.365304476407741,121,rs_trailing_60m
rs_trailing_60m_000830,HON,2026-08-05 14:49:00+00:00,246.74,248.79,4.3958801411382185,4.942518086150114,120,rs_trailing_60m
rs_trailing_60m_000831,HON,2026-08-05 16:11:00+00:00,249.06,247.79,1.8650304161272133,6.302516578637079,119,rs_trailing_60m
rs_trailing_60m_000832,HON,2026-08-06 14:02:00+00:00,241.51,247.13,12.76912918882034,1.3852112532250374,120,rs_trailing_60m
rs_trailing_60m_000833,HON,2026-08-06 18:26:00+00:00,239.925,242.0,5.642699978707698,9.08510185251066,95,rs_trailing_60m
rs_trailing_60m_000834,HON,2026-08-07 14:11:00+00:00,246.02,241.7349,11.894722707128762,0.4766550288706071,121,rs_trailing_60m
rs_trailing_60m_000835,HON,2026-08-10 14:00:00+00:00,244.91,241.88,1.389802555383818,7.032400930242122,120,rs_trailing_60m
rs_trailing_60m_000836,HON,2026-08-10 15:09:00+00:00,244.91,243.04,2.881668223932511,6.916003737438355,121,rs_trailing_60m
rs_trailing_60m_000837,HON,2026-08-11 14:00:00+00:00,244.07,232.66,0.4994003909779201,29.490907298801737,121,rs_trailing_60m
rs_trailing_60m_000838,HON,2026-08-11 17:22:00+00:00,230.92,233.25,8.9354431548786,1.8240310316160901,121,rs_trailing_60m
rs_trailing_60m_000839,HON,2026-08-12 16:08:00+00:00,234.77,231.59,13.687202953764718,5.361070741190188,121,rs_trailing_60m
rs_trailing_60m_000840,HON,2026-08-12 17:27:00+00:00,235.4,233.525,11.007088874568192,2.394399203234059,120,rs_trailing_60m
rs_trailing_60m_000841,HON,2026-08-13 14:00:00+00:00,232.5,234.56,5.266375788566471,0.4585498707722539,115,rs_trailing_60m
rs_trailing_60m_000842,INTC,2026-07-01 14:01:00+00:00,127.95,134.17,8.522057622207232,1.6401705578753738,121,rs_trailing_60m
rs_trailing_60m_000843,INTC,2026-07-01 17:32:00+00:00,126.73,129.47,7.098113812300908,4.547893280935279,121,rs_trailing_60m
rs_trailing_60m_000844,INTC,2026-07-01 19:30:00+00:00,129.47,126.6805,1.2079432870657416,9.35493382663336,31,rs_trailing_60m
rs_trailing_60m_000845,INTC,2026-07-02 14:16:00+00:00,121.65,129.12,9.963311027412754,1.1450372374787963,121,rs_trailing_60m
rs_trailing_60m_000846,INTC,2026-07-02 18:52:00+00:00,120.71,117.63,0.5190552318085317,9.16997576195119,69,rs_trailing_60m
rs_trailing_60m_000847,INTC,2026-07-06 14:06:00+00:00,127.3,123.98,2.16278463283059,3.771467417580634,121,rs_trailing_60m
rs_trailing_60m_000848,INTC,2026-07-06 17:27:00+00:00,122.0609,124.15,8.097683155916325,3.992704123260984,121,rs_trailing_60m
rs_trailing_60m_000849,INTC,2026-07-06 19:34:00+00:00,123.55,122.0,0.48948018808875504,7.097462727287366,27,rs_trailing_60m
rs_trailing_60m_000850,INTC,2026-07-07 14:00:00+00:00,108.36,112.58,7.989901562561341,0.5248045143620184,121,rs_trailing_60m
rs_trailing_60m_000851,INTC,2026-07-07 16:18:00+00:00,112.34,110.14,4.827403107305125,2.0243948514505576,121,rs_trailing_60m
rs_trailing_60m_000852,INTC,2026-07-07 18:06:00+00:00,108.3,111.18,10.172560788454442,1.8098421034673589,115,rs_trailing_60m
rs_trailing_60m_000853,INTC,2026-07-07 18:41:00+00:00,108.3,110.6,8.38718211846298,2.8609338421578894,80,rs_trailing_60m
rs_trailing_60m_000854,INTC,2026-07-08 14:12:00+00:00,104.41,109.0999,5.402351504046911,2.540121323172422,121,rs_trailing_60m
rs_trailing_60m_000855,INTC,2026-07-08 19:45:00+00:00,110.49,108.2822,10.1489018384919,1.110769256494226,16,rs_trailing_60m
rs_trailing_60m_000856,INTC,2026-07-09 14:10:00+00:00,112.25,115.395,4.40502881665962,2.1920262444806298,121,rs_trailing_60m
rs_trailing_60m_000857,INTC,2026-07-10 14:21:00+00:00,107.9201,109.74,1.535331608920543,2.514748105638818,121,rs_trailing_60m
rs_trailing_60m_000858,INTC,2026-07-10 16:04:00+00:00,110.85,109.09,6.1488047990647186,1.3925864527498728,121,rs_trailing_60m
rs_trailing_60m_000859,INTC,2026-07-10 16:42:00+00:00,110.85,109.21,5.820908238899368,2.7025645394890687,121,rs_trailing_60m
rs_trailing_60m_000860,INTC,2026-07-10 17:26:00+00:00,110.85,109.6701,1.5970323659484336,5.653211914861992,121,rs_trailing_60m
rs_trailing_60m_000861,INTC,2026-07-10 18:43:00+00:00,109.55,110.36,2.2154228855726252,3.5013421265771343,78,rs_trailing_60m
rs_trailing_60m_000862,INTC,2026-07-13 14:01:00+00:00,103.8,106.17,3.6567542969165574,2.6691637203770404,121,rs_trailing_60m
rs_trailing_60m_000863,INTC,2026-07-13 15:59:00+00:00,102.5,104.29,7.766198321276673,0.5580501787743923,121,rs_trailing_60m
rs_trailing_60m_000864,INTC,2026-07-13 19:06:00+00:00,101.79,103.61,3.0450400378770324,8.381708145496544,55,rs_trailing_60m
rs_trailing_60m_000865,INTC,2026-07-14 14:00:00+00:00,103.5905,107.16,7.3207978213081635,2.0470415130383213,121,rs_trailing_60m
rs_trailing_60m_000866,INTC,2026-07-14 18:14:00+00:00,109.19,107.36,11.701508897909076,0.7846492846994059,107,rs_trailing_60m
rs_trailing_60m_000867,INTC,2026-07-15 14:00:00+00:00,100.63,106.68,14.300825504281061,1.6328751036195785,121,rs_trailing_60m
rs_trailing_60m_000868,INTC,2026-07-15 19:30:00+00:00,103.5,102.04,5.1930678017638545,1.576467011249685,31,rs_trailing_60m
rs_trailing_60m_000869,INTC,2026-07-16 14:28:00+00:00,97.22,100.3999,5.756669844706799,0.51238304542442,121,rs_trailing_60m
rs_trailing_60m_000870,INTC,2026-07-16 18:43:00+00:00,97.3,95.51,2.9136657778225947,6.156702469659832,78,rs_trailing_60m
rs_trailing_60m_000871,INTC,2026-07-17 14:02:00+00:00,96.1212,92.58,4.828561017171362,2.8885939559780973,121,rs_trailing_60m
rs_trailing_60m_000872,INTC,2026-07-20 14:00:00+00:00,99.49,97.06,1.8225736541107598,4.4152488522120175,121,rs_trailing_60m
rs_trailing_60m_000873,INTC,2026-07-20 19:13:00+00:00,96.92,98.1734,2.8540322653204298,4.025283198819285,48,rs_trailing_60m
rs_trailing_60m_000874,INTC,2026-07-21 14:05:00+00:00,101.22,104.76,0.8609603864128748,7.605150079980422,121,rs_trailing_60m
rs_trailing_60m_000875,INTC,2026-07-21 17:01:00+00:00,105.655,104.7,4.495027692561322,1.50211039963768,121,rs_trailing_60m
rs_trailing_60m_000876,INTC,2026-07-22 14:00:00+00:00,106.85,104.695,2.6929088539427655,3.5598856512254913,121,rs_trailing_60m
rs_trailing_60m_000877,INTC,2026-07-22 16:18:00+00:00,103.77,105.6163,9.52223687633906,0.5823127786898165,121,rs_trailing_60m
rs_trailing_60m_000878,INTC,2026-07-22 18:23:00+00:00,102.52,104.74,8.99374810165329,8.144553001926269,98,rs_trailing_60m
rs_trailing_60m_000879,INTC,2026-07-22 19:23:00+00:00,104.67,102.52,0.4344523052087961,15.133421964772515,38,rs_trailing_60m
rs_trailing_60m_000880,INTC,2026-07-23 14:05:00+00:00,104.18,100.1,2.6948308351519716,7.035177843980757,121,rs_trailing_60m
rs_trailing_60m_000881,INTC,2026-07-23 17:27:00+00:00,99.235,101.02,7.2401585276840645,0.18724547916425072,121,rs_trailing_60m
rs_trailing_60m_000882,INTC,2026-07-23 19:25:00+00:00,105.5,99.38,25.952065475045206,7.697646539208357,36,rs_trailing_60m
rs_trailing_60m_000883,INTC,2026-07-24 14:00:00+00:00,95.37,98.1499,2.2051322683200683,1.993530192435397,121,rs_trailing_60m
rs_trailing_60m_000884,INTC,2026-07-24 18:19:00+00:00,91.58,95.15,15.910038635213489,1.8401529106824084,102,rs_trailing_60m
rs_trailing_60m_000885,INTC,2026-07-27 14:00:00+00:00,86.94,91.23,9.273182056682126,0.13153449725790736,121,rs_trailing_60m
rs_trailing_60m_000886,INTC,2026-07-27 18:53:00+00:00,92.5,90.65,9.12128484400747,1.2949972309392708,68,rs_trailing_60m
rs_trailing_60m_000887,INTC,2026-07-28 14:00:00+00:00,83.1,88.2799,4.018870810245081,8.372408302843269,121,rs_trailing_60m
rs_trailing_60m_000888,INTC,2026-07-28 17:30:00+00:00,88.0995,85.98,4.219934826059415,5.835323030975791,121,rs_trailing_60m
rs_trailing_60m_000889,INTC,2026-07-28 19:19:00+00:00,88.0995,86.22,4.804901775337476,5.521928283835422,42,rs_trailing_60m
rs_trailing_60m_000890,INTC,2026-07-29 14:00:00+00:00,82.26,85.88,6.241017862758373,2.5498322007378564,121,rs_trailing_60m
rs_trailing_60m_000891,INTC,2026-07-29 16:56:00+00:00,86.56,83.07,15.173234671987824,0.5170139221566631,121,rs_trailing_60m
rs_trailing_60m_000892,INTC,2026-07-30 14:00:00+00:00,94.1,90.26,5.270044868217733,2.1157114434450683,121,rs_trailing_60m
rs_trailing_60m_000893,INTC,2026-07-30 17:14:00+00:00,91.09,92.7,7.119642312047086,1.6977608590266289,121,rs_trailing_60m
rs_trailing_60m_000894,INTC,2026-07-30 18:19:00+00:00,90.89,92.4,5.8892070044626195,4.332290210179379,102,rs_trailing_60m
rs_trailing_60m_000895,INTC,2026-07-31 14:00:00+00:00,91.335,94.03,3.916111598768012,1.7428271458324007,121,rs_trailing_60m
rs_trailing_60m_000896,INTC,2026-07-31 17:43:00+00:00,93.09,91.75,0.30372795125361746,7.75558798300088,121,rs_trailing_60m
rs_trailing_60m_000897,INTC,2026-07-31 19:38:00+00:00,90.11,92.13,12.906399067952137,0.6369391747820469,23,rs_trailing_60m
rs_trailing_60m_000898,INTC,2026-08-03 14:07:00+00:00,87.18,91.06,0.6727989676974092,7.858116047550849,121,rs_trailing_60m
rs_trailing_60m_000899,INTC,2026-08-03 17:55:00+00:00,91.68,90.23,3.4856205547429937,8.406496632026926,121,rs_trailing_60m
rs_trailing_60m_000900,INTC,2026-08-03 18:55:00+00:00,90.23,91.28,2.0407187918189056,5.611976677501938,66,rs_trailing_60m
rs_trailing_60m_000901,INTC,2026-08-04 14:00:00+00:00,100.45,96.74,9.039567493054376,0.7095009369548766,121,rs_trailing_60m
rs_trailing_60m_000902,INTC,2026-08-04 15:56:00+00:00,100.99,99.5603,4.657653639730452,1.9348098873684993,121,rs_trailing_60m
rs_trailing_60m_000903,INTC,2026-08-04 19:02:00+00:00,101.39,100.4,0.41208327234669884,6.38729072137354,59,rs_trailing_60m
rs_trailing_60m_000904,INTC,2026-08-05 14:00:00+00:00,101.17,97.895,1.5273191273122793,5.93719384380798,121,rs_trailing_60m
rs_trailing_60m_000905,INTC,2026-08-06 14:00:00+00:00,103.3799,99.27,8.16383523666605,1.8223388873179314,121,rs_trailing_60m
rs_trailing_60m_000906,INTC,2026-08-06 15:54:00+00:00,99.5901,101.4294,2.490680849991271,3.1657079478713497,121,rs_trailing_60m
rs_trailing_60m_000907,INTC,2026-08-06 18:06:00+00:00,99.54,101.25,5.459265353319374,6.137434962427435,115,rs_trailing_60m
rs_trailing_60m_000908,INTC,2026-08-07 14:00:00+00:00,98.03,101.8,3.2981900639661497,5.349867065782361,121,rs_trailing_60m
rs_trailing_60m_000909,INTC,2026-08-10 14:10:00+00:00,98.6,97.01,0.7210049235383456,3.232091036551286,121,rs_trailing_60m
rs_trailing_60m_000910,INTC,2026-08-10 16:34:00+00:00,100.025,97.57,7.007073858779922,8.99512737220124,121,rs_trailing_60m
rs_trailing_60m_000911,INTC,2026-08-10 18:50:00+00:00,99.2,97.41,4.720411706975031,9.018672773488724,71,rs_trailing_60m
rs_trailing_60m_000912,INTC,2026-08-11 14:12:00+00:00,98.01,96.7,0.3966466466465768,2.8816316316310546,121,rs_trailing_60m
rs_trailing_60m_000913,INTC,2026-08-11 15:19:00+00:00,98.01,97.09,2.0335123847377616,1.4963581699013706,121,rs_trailing_60m
rs_trailing_60m_000914,INTC,2026-08-11 17:39:00+00:00,96.715,97.75,0.785670097991311,7.025747302786638,121,rs_trailing_60m
rs_trailing_60m_000915,INTC,2026-08-12 14:00:00+00:00,102.0,100.1232,0.3678100582040805,3.692812984368934,121,rs_trailing_60m
rs_trailing_60m_000916,INTC,2026-08-12 15:38:00+00:00,100.1232,102.42,1.803805192410137,10.497203613788354,121,rs_trailing_60m
rs_trailing_60m_000917,INTC,2026-08-12 16:39:00+00:00,102.53,101.06,8.36595765902434,2.814003939853691,121,rs_trailing_60m
rs_trailing_60m_000918,INTC,2026-08-12 19:41:00+00:00,100.65,101.5,3.442120058685274,1.8775200320101413,20,rs_trailing_60m
rs_trailing_60m_000919,INTC,2026-08-13 14:00:00+00:00,107.57,104.42,4.923905748335532,3.7897476827077248,121,rs_trailing_60m
rs_trailing_60m_000920,INTC,2026-08-13 16:09:00+00:00,104.59,105.82,4.005199663083941,0.9709574940809396,121,rs_trailing_60m
rs_trailing_60m_000921,INTC,2026-08-13 17:46:00+00:00,106.0,104.17,2.2762936810082732,9.594944381816424,121,rs_trailing_60m
rs_trailing_60m_000922,INTC,2026-08-13 19:17:00+00:00,104.17,105.16,3.288949317832145,3.7894416053284012,44,rs_trailing_60m
rs_trailing_60m_000923,INTC,2026-08-14 14:05:00+00:00,106.87,102.54,1.0408033929704092,10.664855546151175,121,rs_trailing_60m
rs_trailing_60m_000924,INTU,2026-07-01 14:00:00+00:00,274.17,270.49,2.991515133889529,0.48677102494567354,121,rs_trailing_60m
rs_trailing_60m_000925,INTU,2026-07-01 18:25:00+00:00,272.08,266.44,2.1131229622731222,17.917151839778935,96,rs_trailing_60m
rs_trailing_60m_000926,INTU,2026-07-01 19:05:00+00:00,266.44,270.05,8.333915055297155,2.6461701087987364,56,rs_trailing_60m
rs_trailing_60m_000927,INTU,2026-07-02 14:00:00+00:00,273.735,270.25,1.771168144829958,1.232491701755155,121,rs_trailing_60m
rs_trailing_60m_000928,INTU,2026-07-06 14:04:00+00:00,263.66,270.465,5.299440791523574,1.453872801419839,121,rs_trailing_60m
rs_trailing_60m_000929,INTU,2026-07-06 19:24:00+00:00,269.53,272.27,0.7986260858853224,12.07334729838283,37,rs_trailing_60m
rs_trailing_60m_000930,INTU,2026-07-07 14:02:00+00:00,274.775,283.56,0.41125810420381176,8.089688826220659,121,rs_trailing_60m
rs_trailing_60m_000931,INTU,2026-07-08 14:00:00+00:00,269.06,273.9,3.9188960355773497,1.1867450982569443,121,rs_trailing_60m
rs_trailing_60m_000932,INTU,2026-07-08 15:50:00+00:00,273.3,271.15,5.969804424459544,0.8392563249241616,121,rs_trailing_60m
rs_trailing_60m_000933,INTU,2026-07-08 18:35:00+00:00,274.97,271.86,0.9226041030171599,10.554590938516359,86,rs_trailing_60m
rs_trailing_60m_000934,INTU,2026-07-09 14:00:00+00:00,272.625,268.35,5.15977363020493,0.7459913682223466,121,rs_trailing_60m
rs_trailing_60m_000935,INTU,2026-07-10 14:01:00+00:00,274.25,277.7,0.9012675422401067,3.190012748191992,121,rs_trailing_60m
rs_trailing_60m_000936,INTU,2026-07-10 16:36:00+00:00,272.35,274.3388,4.453889115923966,2.1564800435906695,120,rs_trailing_60m
rs_trailing_60m_000937,INTU,2026-07-13 14:00:00+00:00,292.5,283.79,6.67707654777982,1.344514427677387,121,rs_trailing_60m
rs_trailing_60m_000938,INTU,2026-07-13 18:26:00+00:00,287.57,293.225,17.03066978406877,1.9463622610365727,95,rs_trailing_60m
rs_trailing_60m_000939,INTU,2026-07-14 14:00:00+00:00,284.62,278.07,3.7471539844218498,2.8684413250022187,121,rs_trailing_60m
rs_trailing_60m_000940,INTU,2026-07-14 16:08:00+00:00,287.62,283.96,7.912286927473566,1.1943074607507698,121,rs_trailing_60m
rs_trailing_60m_000941,INTU,2026-07-14 17:48:00+00:00,281.27,285.12,12.70818726222066,0.7887840369655,121,rs_trailing_60m
rs_trailing_60m_000942,INTU,2026-07-14 19:41:00+00:00,281.27,282.98,1.2657124468321568,6.031550817102251,20,rs_trailing_60m
rs_trailing_60m_000943,INTU,2026-07-15 14:21:00+00:00,289.5,282.81,0.03653137772965685,6.073341547552324,121,rs_trailing_60m
rs_trailing_60m_000944,INTU,2026-07-15 16:45:00+00:00,278.73,281.8699,7.983149701960286,1.4758283166000743,121,rs_trailing_60m
rs_trailing_60m_000945,INTU,2026-07-16 14:09:00+00:00,277.565,291.45,1.5811604912899824,11.862237599188994,121,rs_trailing_60m
rs_trailing_60m_000946,INTU,2026-07-16 19:04:00+00:00,292.69,295.7,3.274536108223977,4.122352211291426,57,rs_trailing_60m
rs_trailing_60m_000947,INTU,2026-07-17 14:00:00+00:00,297.54,290.075,0.7636190150620128,5.826457224750577,121,rs_trailing_60m
rs_trailing_60m_000948,INTU,2026-07-17 18:08:00+00:00,293.78,290.26,3.621910164175463,8.755879911453569,113,rs_trailing_60m
rs_trailing_60m_000949,INTU,2026-07-20 14:00:00+00:00,279.44,289.395,0.39793383209577443,9.383378016084816,121,rs_trailing_60m
rs_trailing_60m_000950,INTU,2026-07-20 17:50:00+00:00,295.41,292.72,1.7817032935388013,4.968693691840249,121,rs_trailing_60m
rs_trailing_60m_000951,INTU,2026-07-21 14:00:00+00:00,295.38,288.82,7.4079358638797705,0.19708123581528664,121,rs_trailing_60m
rs_trailing_60m_000952,INTU,2026-07-21 16:38:00+00:00,287.775,290.7,3.4326950131588356,6.411062745163962,121,rs_trailing_60m
rs_trailing_60m_000953,INTU,2026-07-21 18:15:00+00:00,291.14,289.38,2.6550598476607288,4.8818842360212455,106,rs_trailing_60m
rs_trailing_60m_000954,INTU,2026-07-22 14:05:00+00:00,296.44,287.46,0.5406016312230324,6.394545009323995,121,rs_trailing_60m
rs_trailing_60m_000955,INTU,2026-07-22 17:30:00+00:00,284.4,286.81,2.9509061857132655,4.232612912841258,121,rs_trailing_60m
rs_trailing_60m_000956,INTU,2026-07-23 14:00:00+00:00,278.94,285.095,4.4068826645379024,1.3155567447935044,121,rs_trailing_60m
rs_trailing_60m_000957,INTU,2026-07-24 14:00:00+00:00,296.24,288.1,6.305049860650779,1.2759111239426322,121,rs_trailing_60m
rs_trailing_60m_000958,INTU,2026-07-24 18:21:00+00:00,296.7,292.61,16.645167691999166,1.0376208431376588,100,rs_trailing_60m
rs_trailing_60m_000959,INTU,2026-07-27 14:13:00+00:00,309.88,304.03,5.6968384229738405,0.6090281379338789,121,rs_trailing_60m
rs_trailing_60m_000960,INTU,2026-07-27 17:25:00+00:00,310.12,304.52,6.700202735467903,13.25784796592598,121,rs_trailing_60m
rs_trailing_60m_000961,INTU,2026-07-27 18:57:00+00:00,303.55,307.81,14.048741385913988,1.4960997320065292,64,rs_trailing_60m
rs_trailing_60m_000962,INTU,2026-07-28 14:00:00+00:00,319.99,312.44,2.813021412680875,5.71642102335951,121,rs_trailing_60m
rs_trailing_60m_000963,INTU,2026-07-28 15:17:00+00:00,312.395,318.93,5.920640831623398,4.607627966923251,121,rs_trailing_60m
rs_trailing_60m_000964,INTU,2026-07-28 19:20:00+00:00,310.85,313.59,6.577295160724508,2.5476611635211373,41,rs_trailing_60m
rs_trailing_60m_000965,INTU,2026-07-29 14:00:00+00:00,333.6,324.6258,5.8619444890099075,1.536967217498192,121,rs_trailing_60m
rs_trailing_60m_000966,INTU,2026-07-29 18:11:00+00:00,336.94,332.17,4.743242822928938,5.312431961680372,110,rs_trailing_60m
rs_trailing_60m_000967,INTU,2026-07-30 14:00:00+00:00,303.8,310.65,4.549143584430164,0.5426266040251374,121,rs_trailing_60m
rs_trailing_60m_000968,INTU,2026-07-30 17:57:00+00:00,316.62,313.4,7.127773033010783,1.2182012092782772,121,rs_trailing_60m
rs_trailing_60m_000969,INTU,2026-07-31 14:00:00+00:00,316.45,310.58,0.35938977250215287,4.914655138967245,121,rs_trailing_60m
rs_trailing_60m_000970,INTU,2026-08-03 14:12:00+00:00,317.77,324.32,5.421686746987857,0.3809355067328127,121,rs_trailing_60m
rs_trailing_60m_000971,INTU,2026-08-03 16:04:00+00:00,323.975,320.68,4.764120203967468,1.9876114399347151,121,rs_trailing_60m
rs_trailing_60m_000972,INTU,2026-08-03 16:52:00+00:00,323.975,320.68,3.8886964387097414,5.781684516420991,121,rs_trailing_60m
rs_trailing_60m_000973,INTU,2026-08-03 17:55:00+00:00,318.6,322.39,8.45972895161751,5.0686983591968335,121,rs_trailing_60m
rs_trailing_60m_000974,INTU,2026-08-04 14:00:00+00:00,321.7,315.44,3.367042125438245,3.1183990146366423,121,rs_trailing_60m
rs_trailing_60m_000975,INTU,2026-08-04 15:05:00+00:00,321.2,318.6601,2.7814736585336073,1.5131554875512292,121,rs_trailing_60m
rs_trailing_60m_000976,INTU,2026-08-04 19:30:00+00:00,324.37,321.77,1.046596068980823,11.609914532645972,31,rs_trailing_60m
rs_trailing_60m_000977,INTU,2026-08-05 14:00:00+00:00,320.44,326.94,2.569620396986937,3.9294195175714814,121,rs_trailing_60m
rs_trailing_60m_000978,INTU,2026-08-05 15:31:00+00:00,320.44,324.29,3.071446238648469,3.843798216788266,121,rs_trailing_60m
rs_trailing_60m_000979,INTU,2026-08-05 16:51:00+00:00,326.19,322.5,7.137888301771416,3.2317210815105906,121,rs_trailing_60m
rs_trailing_60m_000980,INTU,2026-08-05 18:01:00+00:00,328.43,324.34,12.47401105214639,4.58910105597367,120,rs_trailing_60m
rs_trailing_60m_000981,INTU,2026-08-06 14:50:00+00:00,317.75,320.23,1.0583953555424823,2.6380142793615224,121,rs_trailing_60m
rs_trailing_60m_000982,INTU,2026-08-06 17:41:00+00:00,322.07,318.65,3.245165725215638,9.225021668309871,121,rs_trailing_60m
rs_trailing_60m_000983,INTU,2026-08-06 19:03:00+00:00,318.66,322.65,1.5247191306870702,14.484831741527168,58,rs_trailing_60m
rs_trailing_60m_000984,INTU,2026-08-06 19:44:00+00:00,322.65,321.105,3.351855281841864,2.466814842254341,17,rs_trailing_60m
rs_trailing_60m_000985,INTU,2026-08-07 14:08:00+00:00,336.3,328.935,5.661733024082735,1.5965200172348215,121,rs_trailing_60m
rs_trailing_60m_000986,INTU,2026-08-07 18:53:00+00:00,324.64,326.84,0.7637270548015014,8.197337054869402,68,rs_trailing_60m
rs_trailing_60m_000987,INTU,2026-08-10 14:03:00+00:00,332.05,325.6601,5.317015128336279,1.8206308734612242,121,rs_trailing_60m
rs_trailing_60m_000988,INTU,2026-08-10 16:27:00+00:00,334.3301,331.0,7.167975781847873,4.590103204966404,121,rs_trailing_60m
rs_trailing_60m_000989,INTU,2026-08-11 14:21:00+00:00,338.09,332.97,2.847992541976408,2.7069491018022815,121,rs_trailing_60m
rs_trailing_60m_000990,INTU,2026-08-12 14:12:00+00:00,332.5,329.47,1.6708617157561803,1.464137973847666,121,rs_trailing_60m
rs_trailing_60m_000991,INTU,2026-08-12 16:14:00+00:00,332.91,331.08,1.172427851713818,5.32921750778942,121,rs_trailing_60m
rs_trailing_60m_000992,INTU,2026-08-13 14:00:00+00:00,347.5,336.8,4.157018032398389,7.248134005207501,121,rs_trailing_60m
rs_trailing_60m_000993,INTU,2026-08-13 18:35:00+00:00,361.095,342.31,61.30085884818078,3.960497539638714,86,rs_trailing_60m
rs_trailing_60m_000994,INTU,2026-08-14 14:00:00+00:00,345.56,353.0,3.6922490020025918,1.3760780413367428,121,rs_trailing_60m
rs_trailing_60m_000995,INTU,2026-08-14 15:47:00+00:00,349.12,345.45,0.5797583548168617,8.28571315425735,121,rs_trailing_60m
rs_trailing_60m_000996,INTU,2026-08-14 16:37:00+00:00,345.45,349.54,0.957420206115422,12.31664299053507,121,rs_trailing_60m
rs_trailing_60m_000997,INTU,2026-08-14 18:01:00+00:00,349.54,344.95,0.9539267919156512,14.144431742196627,120,rs_trailing_60m
rs_trailing_60m_000998,ISRG,2026-07-01 14:45:00+00:00,408.62,403.8,2.9819307944309634,4.543151105651254,121,rs_trailing_60m
rs_trailing_60m_000999,ISRG,2026-07-02 14:00:00+00:00,421.475,408.2,8.165049313237832,2.657819347094872,121,rs_trailing_60m
rs_trailing_60m_001000,ISRG,2026-07-06 14:06:00+00:00,420.8,428.41,0.36778656703348844,6.296155754692097,121,rs_trailing_60m
rs_trailing_60m_001001,ISRG,2026-07-06 15:19:00+00:00,435.5,425.16,19.492340358325794,2.6439363363571076,121,rs_trailing_60m
rs_trailing_60m_001002,ISRG,2026-07-06 16:01:00+00:00,437.97,427.52,26.71798155509731,1.6274912622394881,121,rs_trailing_60m
rs_trailing_60m_001003,ISRG,2026-07-06 19:25:00+00:00,432.79,436.93,5.76223515197579,2.5066222238230895,36,rs_trailing_60m
rs_trailing_60m_001004,ISRG,2026-07-07 14:45:00+00:00,441.06,424.86,0.25384683979507094,19.328623658683725,121,rs_trailing_60m
rs_trailing_60m_001005,ISRG,2026-07-08 14:00:00+00:00,416.02,420.2599,0.8486679602884492,2.280260113474088,121,rs_trailing_60m
rs_trailing_60m_001006,ISRG,2026-07-09 14:00:00+00:00,411.0601,414.625,0.88441912831626,2.658524742382262,121,rs_trailing_60m
rs_trailing_60m_001007,ISRG,2026-07-10 14:00:00+00:00,403.72,409.89,6.1497394259096065,0.5246479545411208,121,rs_trailing_60m
rs_trailing_60m_001008,ISRG,2026-07-13 14:00:00+00:00,414.58,407.81,1.2149964965339397,6.472411243218212,121,rs_trailing_60m
rs_trailing_60m_001009,ISRG,2026-07-13 15:04:00+00:00,408.57,411.91,1.5133235684937296,5.410650018861036,121,rs_trailing_60m
rs_trailing_60m_001010,ISRG,2026-07-13 16:26:00+00:00,411.91,409.3469,3.0892294925927355,6.450534498327881,120,rs_trailing_60m
rs_trailing_60m_001011,ISRG,2026-07-14 14:00:00+00:00,379.28,392.6211,8.437305275575394,0.446904149205907,121,rs_trailing_60m
rs_trailing_60m_001012,ISRG,2026-07-14 17:08:00+00:00,385.1,379.8,1.492496200299791,8.984629444188894,121,rs_trailing_60m
rs_trailing_60m_001013,ISRG,2026-07-14 18:11:00+00:00,378.58,382.33,5.373513692310197,2.591180515659369,110,rs_trailing_60m
rs_trailing_60m_001014,ISRG,2026-07-15 14:02:00+00:00,393.96,385.33,6.41679897180025,1.1951563720672829,121,rs_trailing_60m
rs_trailing_60m_001015,ISRG,2026-07-16 14:00:00+00:00,404.82,399.58,0.9908037123886916,3.1296815677039995,121,rs_trailing_60m
rs_trailing_60m_001016,ISRG,2026-07-16 15:50:00+00:00,397.405,400.25,5.017040305740198,0.680955570439723,121,rs_trailing_60m
rs_trailing_60m_001017,ISRG,2026-07-16 18:32:00+00:00,403.84,399.655,10.523754755374481,2.7618903882883417,89,rs_trailing_60m
rs_trailing_60m_001018,ISRG,2026-07-17 14:00:00+00:00,349.9,360.92,4.3488450731511445,1.178752701488497,121,rs_trailing_60m
rs_trailing_60m_001019,ISRG,2026-07-17 17:31:00+00:00,348.2,351.39,1.127687107811983,5.659712654301267,121,rs_trailing_60m
rs_trailing_60m_001020,ISRG,2026-07-17 18:34:00+00:00,351.39,344.55,2.6491088284489206,12.326018763774927,87,rs_trailing_60m
rs_trailing_60m_001021,ISRG,2026-07-20 14:20:00+00:00,351.97,344.38,3.0820855463515286,2.855231534056562,121,rs_trailing_60m
rs_trailing_60m_001022,ISRG,2026-07-20 16:57:00+00:00,354.48,350.76,3.052498726834361,6.996435134956747,121,rs_trailing_60m
rs_trailing_60m_001023,ISRG,2026-07-20 19:36:00+00:00,354.59,352.76,0.383326852909959,4.000974027248532,25,rs_trailing_60m
rs_trailing_60m_001024,ISRG,2026-07-21 14:00:00+00:00,362.03,355.31,0.8298254349038612,4.2396535855998625,121,rs_trailing_60m
rs_trailing_60m_001025,ISRG,2026-07-21 18:55:00+00:00,349.51,354.36,16.064775577767165,0.7633370684901118,66,rs_trailing_60m
rs_trailing_60m_001026,ISRG,2026-07-22 14:00:00+00:00,343.53,349.675,4.875123525088444,1.8720913536656796,121,rs_trailing_60m
rs_trailing_60m_001027,ISRG,2026-07-23 14:00:00+00:00,328.57,332.23,1.4069907151702268,2.712678098848225,121,rs_trailing_60m
rs_trailing_60m_001028,ISRG,2026-07-23 17:05:00+00:00,334.19,330.405,0.45300459557212885,9.633009488194686,121,rs_trailing_60m
rs_trailing_60m_001029,ISRG,2026-07-24 14:14:00+00:00,341.83,336.35,5.396075455282903,1.1971226483849642,121,rs_trailing_60m
rs_trailing_60m_001030,ISRG,2026-07-27 14:00:00+00:00,356.67,351.49,3.893321176202067,1.6168984119745984,121,rs_trailing_60m
rs_trailing_60m_001031,ISRG,2026-07-27 19:10:00+00:00,355.315,357.7,1.674214354330015,7.400788452663375,51,rs_trailing_60m
rs_trailing_60m_001032,ISRG,2026-07-28 14:00:00+00:00,371.82,363.55,2.0702646064377714,4.318201175368307,121,rs_trailing_60m
rs_trailing_60m_001033,ISRG,2026-07-28 19:03:00+00:00,360.1,362.7599,5.9455878873920645,1.7314360066244865,58,rs_trailing_60m
rs_trailing_60m_001034,ISRG,2026-07-29 14:00:00+00:00,354.7409,358.5,1.9577397469428717,0.5377129276808984,121,rs_trailing_60m
rs_trailing_60m_001035,ISRG,2026-07-29 17:08:00+00:00,353.18,357.21,4.011574378534777,7.963718025535928,121,rs_trailing_60m
rs_trailing_60m_001036,ISRG,2026-07-29 18:42:00+00:00,351.94,355.57,5.593454703438951,3.656768792453272,79,rs_trailing_60m
rs_trailing_60m_001037,ISRG,2026-07-29 19:45:00+00:00,353.52,351.94,2.8915235638460457,1.3730215970581572,16,rs_trailing_60m
rs_trailing_60m_001038,ISRG,2026-07-30 14:00:00+00:00,354.5,348.37,0.7152137559755656,6.715735945940366,121,rs_trailing_60m
rs_trailing_60m_001039,ISRG,2026-07-31 14:48:00+00:00,348.95,353.78,1.1379584480142744,7.317948173383631,121,rs_trailing_60m
rs_trailing_60m_001040,ISRG,2026-07-31 15:49:00+00:00,354.47,351.41,7.760441670666962,2.1963514162263067,121,rs_trailing_60m
rs_trailing_60m_001041,ISRG,2026-08-03 14:00:00+00:00,375.6,369.93,1.5062144512325903,3.8481654475063847,121,rs_trailing_60m
rs_trailing_60m_001042,ISRG,2026-08-04 14:00:00+00:00,365.385,369.77,3.058753702964866,1.3173099144905729,121,rs_trailing_60m
rs_trailing_60m_001043,ISRG,2026-08-04 15:30:00+00:00,365.385,367.58,2.4644360987825533,2.614847691665991,121,rs_trailing_60m
rs_trailing_60m_001044,ISRG,2026-08-05 14:31:00+00:00,373.87,369.4801,0.9917761603175838,4.070779846866257,121,rs_trailing_60m
rs_trailing_60m_001045,ISRG,2026-08-05 16:24:00+00:00,374.9,372.615,5.608575533206369,0.5527682616861659,121,rs_trailing_60m
rs_trailing_60m_001046,ISRG,2026-08-06 14:02:00+00:00,371.68,376.53,4.298508825551184,0.8682242113566871,121,rs_trailing_60m
rs_trailing_60m_001047,ISRG,2026-08-06 15:54:00+00:00,375.5,373.0,4.216945165266786,3.650489844559454,121,rs_trailing_60m
rs_trailing_60m_001048,ISRG,2026-08-07 14:00:00+00:00,379.9,375.9731,2.1307559400257965,1.8536562032539239,121,rs_trailing_60m
rs_trailing_60m_001049,ISRG,2026-08-07 15:44:00+00:00,376.11,378.005,2.121404624894685,3.238677727339167,121,rs_trailing_60m
rs_trailing_60m_001050,ISRG,2026-08-10 14:00:00+00:00,388.17,381.7131,4.659076037167157,3.791257688783597,121,rs_trailing_60m
rs_trailing_60m_001051,ISRG,2026-08-10 15:10:00+00:00,390.12,385.3518,8.746469693679595,1.7850749511191615,121,rs_trailing_60m
rs_trailing_60m_001052,ISRG,2026-08-11 14:00:00+00:00,400.34,397.0,2.0589828934126375,1.7195901087841667,121,rs_trailing_60m
rs_trailing_60m_001053,ISRG,2026-08-11 16:40:00+00:00,400.87,399.52,0.11427429577699585,5.0280690141828375,121,rs_trailing_60m
rs_trailing_60m_001054,ISRG,2026-08-12 14:00:00+00:00,397.455,402.825,0.7150500505404281,3.9045586734754427,121,rs_trailing_60m
rs_trailing_60m_001055,ISRG,2026-08-12 15:45:00+00:00,404.31,401.6025,5.476728311803825,1.2941584024467558,121,rs_trailing_60m
rs_trailing_60m_001056,ISRG,2026-08-13 14:00:00+00:00,399.125,401.68,1.3453010708224082,1.7513153579624745,121,rs_trailing_60m
rs_trailing_60m_001057,KLAC,2026-07-01 14:00:00+00:00,270.14,286.0,7.726761655276178,0.372804759309435,121,rs_trailing_60m
rs_trailing_60m_001058,KLAC,2026-07-01 17:44:00+00:00,259.8,267.925,13.965542504071665,1.1637952086726386,121,rs_trailing_60m
rs_trailing_60m_001059,KLAC,2026-07-02 14:00:00+00:00,240.05,259.42,10.223616265533952,1.5324803247535543,121,rs_trailing_60m
rs_trailing_60m_001060,KLAC,2026-07-06 14:00:00+00:00,235.7,244.3,6.6403820926683865,0.9637838190424162,121,rs_trailing_60m
rs_trailing_60m_001061,KLAC,2026-07-06 18:42:00+00:00,236.71,231.5932,7.337202258144443,6.364621287283824,79,rs_trailing_60m
rs_trailing_60m_001062,KLAC,2026-07-07 14:00:00+00:00,210.86,222.29,5.49890629567471,4.541429001379909,121,rs_trailing_60m
rs_trailing_60m_001063,KLAC,2026-07-07 15:35:00+00:00,222.29,213.36,11.474675242833033,1.2385815708764842,121,rs_trailing_60m
rs_trailing_60m_001064,KLAC,2026-07-07 18:09:00+00:00,211.93,218.539,15.676776768485363,0.23840259601841615,112,rs_trailing_60m
rs_trailing_60m_001065,KLAC,2026-07-08 14:00:00+00:00,222.3,214.3,0.6086418881331463,7.244801829713845,121,rs_trailing_60m
rs_trailing_60m_001066,KLAC,2026-07-08 18:45:00+00:00,223.4,220.7,1.988249138581121,4.983533555144839,76,rs_trailing_60m
rs_trailing_60m_001067,KLAC,2026-07-09 14:00:00+00:00,245.3,234.45,1.0225151434339796,9.063202407710087,121,rs_trailing_60m
rs_trailing_60m_001068,KLAC,2026-07-09 17:43:00+00:00,228.81,233.77,12.007820416118022,1.497573974799332,121,rs_trailing_60m
rs_trailing_60m_001069,KLAC,2026-07-10 14:00:00+00:00,229.27,224.81,2.8331477652287536,1.494194369332957,121,rs_trailing_60m
rs_trailing_60m_001070,KLAC,2026-07-10 16:19:00+00:00,231.76,229.64,2.4800154455652876,2.321475645392179,121,rs_trailing_60m
rs_trailing_60m_001071,KLAC,2026-07-13 14:18:00+00:00,226.855,220.47,3.580189856143136,2.941782249840864,121,rs_trailing_60m
rs_trailing_60m_001072,KLAC,2026-07-14 14:00:00+00:00,226.29,232.85,5.292144302347758,0.8741907994997256,121,rs_trailing_60m
rs_trailing_60m_001073,KLAC,2026-07-14 17:14:00+00:00,234.37,230.49,5.722796887621566,5.722796887621566,121,rs_trailing_60m
rs_trailing_60m_001074,KLAC,2026-07-14 19:02:00+00:00,229.27,232.41,6.8156424580958,3.9930026522177506,59,rs_trailing_60m
rs_trailing_60m_001075,KLAC,2026-07-15 14:00:00+00:00,219.08,227.9,6.273114150109638,1.2240222731921233,121,rs_trailing_60m
rs_trailing_60m_001076,KLAC,2026-07-15 19:23:00+00:00,221.17,225.25,0.5387873927279713,8.254222856592547,38,rs_trailing_60m
rs_trailing_60m_001077,KLAC,2026-07-16 14:00:00+00:00,228.79,220.29,7.4729508019043,1.8957928288016792,121,rs_trailing_60m
rs_trailing_60m_001078,KLAC,2026-07-16 18:19:00+00:00,221.3,216.72,2.521509014942617,8.800560875681992,102,rs_trailing_60m
rs_trailing_60m_001079,KLAC,2026-07-16 19:25:00+00:00,216.72,220.26,3.2175616188660014,5.157562006711576,36,rs_trailing_60m
rs_trailing_60m_001080,KLAC,2026-07-17 14:01:00+00:00,216.78,208.28,5.014274559374693,2.6791069847922655,121,rs_trailing_60m
rs_trailing_60m_001081,KLAC,2026-07-17 18:05:00+00:00,210.5,214.465,6.734795864208146,2.634841188979705,116,rs_trailing_60m
rs_trailing_60m_001082,KLAC,2026-07-20 14:01:00+00:00,208.96,217.33,8.58606281170116,1.2855506132904246,121,rs_trailing_60m
rs_trailing_60m_001083,KLAC,2026-07-21 14:00:00+00:00,214.23,217.96,2.6970731202800384,1.8550005171156885,121,rs_trailing_60m
rs_trailing_60m_001084,KLAC,2026-07-21 15:15:00+00:00,218.24,215.91,1.2977549358916314,3.4640860099783297,121,rs_trailing_60m
rs_trailing_60m_001085,KLAC,2026-07-22 14:00:00+00:00,218.37,214.78,2.5806088360033694,2.051584024622683,121,rs_trailing_60m
rs_trailing_60m_001086,KLAC,2026-07-22 16:05:00+00:00,215.15,217.08,2.941759321939594,2.5169422368946157,121,rs_trailing_60m
rs_trailing_60m_001087,KLAC,2026-07-23 14:00:00+00:00,218.18,213.34,3.4255003918226956,2.402064422385341,121,rs_trailing_60m
rs_trailing_60m_001088,KLAC,2026-07-23 16:38:00+00:00,217.74,213.57,0.6455928751154962,9.513359159720276,121,rs_trailing_60m
rs_trailing_60m_001089,KLAC,2026-07-23 17:37:00+00:00,213.57,217.439,1.9589739472502394,8.567790222070855,121,rs_trailing_60m
rs_trailing_60m_001090,KLAC,2026-07-23 19:16:00+00:00,220.0,214.865,13.784240667895032,4.226465650079711,45,rs_trailing_60m
rs_trailing_60m_001091,KLAC,2026-07-24 14:00:00+00:00,210.38,216.73,4.510818006549507,2.6144790933483213,121,rs_trailing_60m
rs_trailing_60m_001092,KLAC,2026-07-24 17:03:00+00:00,209.5101,214.85,11.7399071704491,1.7711448564223835,121,rs_trailing_60m
rs_trailing_60m_001093,KLAC,2026-07-24 18:25:00+00:00,207.44,212.87,13.185314208364009,4.19241786722254,96,rs_trailing_60m
rs_trailing_60m_001094,KLAC,2026-07-27 14:00:00+00:00,195.56,206.87,8.72627235213099,0.5320897775689677,121,rs_trailing_60m
rs_trailing_60m_001095,KLAC,2026-07-27 19:02:00+00:00,205.69,201.011,8.046997986047083,4.503636539524356,59,rs_trailing_60m
rs_trailing_60m_001096,KLAC,2026-07-28 14:00:00+00:00,186.75,193.73,3.856239999865232,3.398896172387927,121,rs_trailing_60m
rs_trailing_60m_001097,KLAC,2026-07-28 17:05:00+00:00,190.36,193.35,3.8517980231275533,2.5822109652251624,121,rs_trailing_60m
rs_trailing_60m_001098,KLAC,2026-07-28 19:07:00+00:00,200.0,190.8,18.92718604589344,5.754615743223394,54,rs_trailing_60m
rs_trailing_60m_001099,KLAC,2026-07-29 14:00:00+00:00,181.71,173.14,0.5255768205606335,5.908985111160124,121,rs_trailing_60m
rs_trailing_60m_001100,KLAC,2026-07-30 14:14:00+00:00,182.59,186.75,0.9373453764286553,2.9620113895145477,121,rs_trailing_60m
rs_trailing_60m_001101,KLAC,2026-07-30 18:08:00+00:00,178.855,181.72,7.485238036658143,3.264239143805816,113,rs_trailing_60m
rs_trailing_60m_001102,KLAC,2026-07-31 14:00:00+00:00,180.1,187.74,3.0604675687060308,4.445783546836201,121,rs_trailing_60m
rs_trailing_60m_001103,KLAC,2026-07-31 16:26:00+00:00,188.59,185.08,5.965248776431696,0.7780759273606608,121,rs_trailing_60m
rs_trailing_60m_001104,KLAC,2026-07-31 17:44:00+00:00,188.16,185.41,1.7978584512253024,6.374225417980756,121,rs_trailing_60m
rs_trailing_60m_001105,KLAC,2026-07-31 19:02:00+00:00,182.33,186.79,12.766586666983457,2.7059613044149917,59,rs_trailing_60m
rs_trailing_60m_001106,KLAC,2026-07-31 19:37:00+00:00,182.33,186.79,11.30403793964796,3.6119411168105424,24,rs_trailing_60m
rs_trailing_60m_001107,KLAC,2026-08-03 14:25:00+00:00,182.51,177.95,2.752850919062821,2.0752260774473705,121,rs_trailing_60m
rs_trailing_60m_001108,KLAC,2026-08-03 17:59:00+00:00,183.19,179.95,10.281855464968851,3.8638819900202424,121,rs_trailing_60m
rs_trailing_60m_001109,KLAC,2026-08-03 19:39:00+00:00,183.19,181.45,5.62596818315449,0.9878988789959792,22,rs_trailing_60m
rs_trailing_60m_001110,KLAC,2026-08-04 14:13:00+00:00,189.52,195.63,2.5041527799824115,5.3826376765601225,121,rs_trailing_60m
rs_trailing_60m_001111,KLAC,2026-08-04 19:06:00+00:00,196.725,194.775,2.1140067998389327,6.564547431078844,55,rs_trailing_60m
rs_trailing_60m_001112,KLAC,2026-08-05 14:00:00+00:00,200.29,191.77,1.2700927598256297,9.551097553888711,121,rs_trailing_60m
rs_trailing_60m_001113,KLAC,2026-08-05 16:57:00+00:00,195.03,192.81,0.21793411165045704,5.1577739757272765,121,rs_trailing_60m
rs_trailing_60m_001114,KLAC,2026-08-06 14:00:00+00:00,198.32,193.18,7.242407479858599,0.38586597228753516,121,rs_trailing_60m
rs_trailing_60m_001115,KLAC,2026-08-06 17:26:00+00:00,197.58,193.5,2.7565231236048757,8.897999512983608,121,rs_trailing_60m
rs_trailing_60m_001116,KLAC,2026-08-06 18:01:00+00:00,192.29,197.58,9.574298775630881,8.134806302371677,120,rs_trailing_60m
rs_trailing_60m_001117,KLAC,2026-08-07 14:00:00+00:00,195.05,198.35,2.9005633074518187,0.912926299954949,121,rs_trailing_60m
rs_trailing_60m_001118,KLAC,2026-08-07 15:59:00+00:00,198.965,196.76,2.296462410054694,3.1778074431026755,121,rs_trailing_60m
rs_trailing_60m_001119,KLAC,2026-08-10 14:00:00+00:00,193.61,199.33,5.3971535422264445,2.9465540960263534,121,rs_trailing_60m
rs_trailing_60m_001120,KLAC,2026-08-10 19:27:00+00:00,194.99,192.47,0.5730443686645815,13.86767372167965,34,rs_trailing_60m
rs_trailing_60m_001121,KLAC,2026-08-11 14:00:00+00:00,203.15,198.82,4.626988023229853,0.687297955705231,121,rs_trailing_60m
rs_trailing_60m_001122,KLAC,2026-08-11 18:44:00+00:00,200.63,198.604,6.76540266481041,2.558886994309168,77,rs_trailing_60m
rs_trailing_60m_001123,KLAC,2026-08-12 14:17:00+00:00,205.22,208.67,2.406270450951449,1.8314187046291832,121,rs_trailing_60m
rs_trailing_60m_001124,KLAC,2026-08-13 14:25:00+00:00,214.8,210.2,6.20227085765146,0.6069047855936169,121,rs_trailing_60m
rs_trailing_60m_001125,KLAC,2026-08-13 16:45:00+00:00,214.34,210.925,2.425749796463522,7.377724233031057,121,rs_trailing_60m
rs_trailing_60m_001126,KLAC,2026-08-13 18:23:00+00:00,208.55,212.64,17.51003522880484,1.6386396604496325,98,rs_trailing_60m
rs_trailing_60m_001127,KLAC,2026-08-14 14:00:00+00:00,201.41,206.13,5.620921052985643,1.6677458069297748,121,rs_trailing_60m
rs_trailing_60m_001128,KLAC,2026-08-14 15:41:00+00:00,201.07,203.09,2.5739882826914444,2.8991236447155564,121,rs_trailing_60m
rs_trailing_60m_001129,KLAC,2026-08-14 18:42:00+00:00,204.45,202.58,8.90964474809526,2.051562935416663,79,rs_trailing_60m
rs_trailing_60m_001130,LRCX,2026-07-01 14:01:00+00:00,391.87,408.53,5.276173792375715,1.5304744483691612,121,rs_trailing_60m
rs_trailing_60m_001131,LRCX,2026-07-01 16:03:00+00:00,384.33,395.81,8.709775711695473,2.0128221617913162,121,rs_trailing_60m
rs_trailing_60m_001132,LRCX,2026-07-02 14:00:00+00:00,358.58,385.4,13.167032630342597,2.2404636674666576,121,rs_trailing_60m
rs_trailing_60m_001133,LRCX,2026-07-02 19:06:00+00:00,342.475,354.75,2.8422364403991978,10.920466638851503,55,rs_trailing_60m
rs_trailing_60m_001134,LRCX,2026-07-06 14:00:00+00:00,354.915,364.82,3.240679315377382,3.330237495024448,121,rs_trailing_60m
rs_trailing_60m_001135,LRCX,2026-07-07 14:03:00+00:00,313.1,325.79,6.1159033006085455,1.8564452237594846,121,rs_trailing_60m
rs_trailing_60m_001136,LRCX,2026-07-07 17:08:00+00:00,327.84,320.63,0.4919121483800186,9.939518998149937,121,rs_trailing_60m
rs_trailing_60m_001137,LRCX,2026-07-07 18:36:00+00:00,319.7,326.38,8.691338187983282,5.298574847131876,85,rs_trailing_60m
rs_trailing_60m_001138,LRCX,2026-07-08 14:00:00+00:00,337.26,323.82,0.40040320715118954,7.513448416542828,121,rs_trailing_60m
rs_trailing_60m_001139,LRCX,2026-07-08 19:41:00+00:00,330.46,333.72,3.2594011493101123,3.4233961756904594,20,rs_trailing_60m
rs_trailing_60m_001140,LRCX,2026-07-09 14:00:00+00:00,366.31,352.02,0.5032629023007705,7.314572594903431,121,rs_trailing_60m
rs_trailing_60m_001141,LRCX,2026-07-09 16:56:00+00:00,358.85,352.93,2.0720051937095074,7.820148634322934,121,rs_trailing_60m
rs_trailing_60m_001142,LRCX,2026-07-09 18:20:00+00:00,350.06,355.56,10.396606738730497,1.3933596660153722,101,rs_trailing_60m
rs_trailing_60m_001143,LRCX,2026-07-10 14:01:00+00:00,350.23,341.33,2.20649158566286,3.949550769321323,121,rs_trailing_60m
rs_trailing_60m_001144,LRCX,2026-07-10 18:05:00+00:00,354.4213,349.675,1.9610171004476142,10.345707035285576,116,rs_trailing_60m
rs_trailing_60m_001145,LRCX,2026-07-10 19:09:00+00:00,349.675,352.65,2.6364487040162627,4.9785366303997565,52,rs_trailing_60m
rs_trailing_60m_001146,LRCX,2026-07-13 14:01:00+00:00,330.76,337.98,1.6995432522008198,3.9551582597299983,121,rs_trailing_60m
rs_trailing_60m_001147,LRCX,2026-07-13 16:03:00+00:00,326.9,332.18,8.601505937760516,1.325477964179446,121,rs_trailing_60m
rs_trailing_60m_001148,LRCX,2026-07-13 19:30:00+00:00,332.49,329.17,2.9826517240707946,3.618950758539217,31,rs_trailing_60m
rs_trailing_60m_001149,LRCX,2026-07-14 14:02:00+00:00,338.875,348.17,4.186204240211855,2.818434537964421,121,rs_trailing_60m
rs_trailing_60m_001150,LRCX,2026-07-14 17:37:00+00:00,349.19,342.945,3.083405749094261,13.304567785453386,121,rs_trailing_60m
rs_trailing_60m_001151,LRCX,2026-07-14 19:09:00+00:00,342.945,347.91,6.2104287617431595,7.284003974385788,52,rs_trailing_60m
rs_trailing_60m_001152,LRCX,2026-07-15 14:00:00+00:00,327.945,343.3196,9.47788207535755,1.2643697311881255,121,rs_trailing_60m
rs_trailing_60m_001153,LRCX,2026-07-15 19:40:00+00:00,336.0,333.6,2.749686712980356,0.8126604455366314,21,rs_trailing_60m
rs_trailing_60m_001154,LRCX,2026-07-16 14:00:00+00:00,336.68,322.86,6.762983296783287,2.6778681336757693,121,rs_trailing_60m
rs_trailing_60m_001155,LRCX,2026-07-16 17:40:00+00:00,315.16,319.84,4.447360746572993,4.224992709244333,121,rs_trailing_60m
rs_trailing_60m_001156,LRCX,2026-07-17 14:00:00+00:00,320.47,307.14,7.330132535458607,1.2372209671861347,121,rs_trailing_60m
rs_trailing_60m_001157,LRCX,2026-07-20 14:00:00+00:00,305.31,318.1,9.338180281839437,0.11829840420384355,121,rs_trailing_60m
rs_trailing_60m_001158,LRCX,2026-07-20 17:07:00+00:00,306.27,309.825,5.416320841880842,1.3755735471442667,121,rs_trailing_60m
rs_trailing_60m_001159,LRCX,2026-07-21 14:00:00+00:00,313.29,323.37,4.757967244821938,4.482940236450717,121,rs_trailing_60m
rs_trailing_60m_001160,LRCX,2026-07-21 17:04:00+00:00,323.92,319.81,1.497039900927993,7.968858549554698,121,rs_trailing_60m
rs_trailing_60m_001161,LRCX,2026-07-22 14:00:00+00:00,320.79,315.787,0.8735755727870469,4.064840913826961,121,rs_trailing_60m
rs_trailing_60m_001162,LRCX,2026-07-22 17:45:00+00:00,322.25,319.06,2.382478132746331,6.719444314512324,121,rs_trailing_60m
rs_trailing_60m_001163,LRCX,2026-07-23 14:00:00+00:00,325.88,317.0,3.983008621708669,4.280803658845814,121,rs_trailing_60m
rs_trailing_60m_001164,LRCX,2026-07-23 16:27:00+00:00,323.08,316.85,1.893616839490804,8.929532619250393,121,rs_trailing_60m
rs_trailing_60m_001165,LRCX,2026-07-23 17:37:00+00:00,316.7,320.88,4.5286749591252615,4.715324127281452,121,rs_trailing_60m
rs_trailing_60m_001166,LRCX,2026-07-24 14:00:00+00:00,306.01,316.79,4.858670944129511,3.261712432260623,121,rs_trailing_60m
rs_trailing_60m_001167,LRCX,2026-07-24 18:21:00+00:00,301.675,308.35,16.711795133791842,0.6232837345936586,100,rs_trailing_60m
rs_trailing_60m_001168,LRCX,2026-07-27 14:00:00+00:00,278.45,297.18,13.116985731454127,0.4715730489737631,121,rs_trailing_60m
rs_trailing_60m_001169,LRCX,2026-07-28 14:00:00+00:00,258.53,269.89,5.291890814902858,2.755750370812847,121,rs_trailing_60m
rs_trailing_60m_001170,LRCX,2026-07-28 17:30:00+00:00,274.86,267.8,9.014946357673285,2.45271513515073,121,rs_trailing_60m
rs_trailing_60m_001171,LRCX,2026-07-28 18:46:00+00:00,275.96,269.11,10.694631240910015,3.6416161172570805,75,rs_trailing_60m
rs_trailing_60m_001172,LRCX,2026-07-29 14:00:00+00:00,265.79,253.9,1.0178983459864372,6.681091052091636,121,rs_trailing_60m
rs_trailing_60m_001173,LRCX,2026-07-30 14:00:00+00:00,312.17,297.44,3.4096239115612574,2.526990771334389,121,rs_trailing_60m
rs_trailing_60m_001174,LRCX,2026-07-30 17:55:00+00:00,294.75,302.66,1.4266157093148462,12.335006559807791,121,rs_trailing_60m
rs_trailing_60m_001175,LRCX,2026-07-30 19:07:00+00:00,302.66,297.04,6.962023293063372,3.997800490414397,54,rs_trailing_60m
rs_trailing_60m_001176,LRCX,2026-07-31 14:00:00+00:00,294.33,304.19,3.960713224434553,1.7031928514065675,121,rs_trailing_60m
rs_trailing_60m_001177,LRCX,2026-07-31 16:26:00+00:00,305.47,300.315,4.977043750843834,1.3579341591808671,121,rs_trailing_60m
rs_trailing_60m_001178,LRCX,2026-07-31 18:33:00+00:00,292.93,302.3097,16.77157386251809,1.4358718965399437,88,rs_trailing_60m
rs_trailing_60m_001179,LRCX,2026-07-31 19:31:00+00:00,292.93,301.0,13.59991450534489,4.540797900958079,30,rs_trailing_60m
rs_trailing_60m_001180,LRCX,2026-08-03 14:06:00+00:00,281.28,294.735,0.9508896335179425,7.782366352136445,121,rs_trailing_60m
rs_trailing_60m_001181,LRCX,2026-08-03 17:52:00+00:00,295.54,291.23,6.155524835819083,4.629154856205254,121,rs_trailing_60m
rs_trailing_60m_001182,LRCX,2026-08-03 19:05:00+00:00,292.2,295.93,0.5585015938504171,7.944400222729286,56,rs_trailing_60m
rs_trailing_60m_001183,LRCX,2026-08-03 19:39:00+00:00,295.93,293.9,3.8284859653344285,0.8960286301847745,22,rs_trailing_60m
rs_trailing_60m_001184,LRCX,2026-08-04 14:10:00+00:00,306.46,314.68,2.5170800795402886,4.114457822325484,121,rs_trailing_60m
rs_trailing_60m_001185,LRCX,2026-08-05 14:00:00+00:00,322.97,305.36,1.3251416461366008,11.426631243735004,121,rs_trailing_60m
rs_trailing_60m_001186,LRCX,2026-08-06 14:05:00+00:00,314.16,306.55,5.522197295984203,0.430199506061101,121,rs_trailing_60m
rs_trailing_60m_001187,LRCX,2026-08-06 18:02:00+00:00,305.01,311.7374,5.684732630411072,10.118354269517493,119,rs_trailing_60m
rs_trailing_60m_001188,LRCX,2026-08-07 14:00:00+00:00,303.83,310.56,2.4774372955128996,2.186381725130992,121,rs_trailing_60m
rs_trailing_60m_001189,LRCX,2026-08-07 19:05:00+00:00,312.0,309.43,3.701571989622259,4.464127592634405,56,rs_trailing_60m
rs_trailing_60m_001190,LRCX,2026-08-10 14:00:00+00:00,305.5,312.76,2.8076378938043876,3.6530439157106698,121,rs_trailing_60m
rs_trailing_60m_001191,LRCX,2026-08-11 14:13:00+00:00,316.86,309.9,0.6520191932410215,5.739605574304473,121,rs_trailing_60m
rs_trailing_60m_001192,LRCX,2026-08-12 14:31:00+00:00,323.5,329.4899,1.062481162353062,4.471567458845814,121,rs_trailing_60m
rs_trailing_60m_001193,LRCX,2026-08-12 16:23:00+00:00,329.4899,327.72,0.46312168977250806,4.093182249796433,121,rs_trailing_60m
rs_trailing_60m_001194,LRCX,2026-08-12 19:24:00+00:00,323.92,326.515,3.7117956236568896,3.8725426782247303,37,rs_trailing_60m
rs_trailing_60m_001195,LRCX,2026-08-13 14:18:00+00:00,340.76,330.51,9.022169413969433,1.6936169699456003,121,rs_trailing_60m
rs_trailing_60m_001196,LRCX,2026-08-13 18:40:00+00:00,336.01,342.08,14.548990961338545,1.7448051890903498,81,rs_trailing_60m
rs_trailing_60m_001197,LRCX,2026-08-14 14:00:00+00:00,337.95,327.08,1.1127897122222141,6.8978223221192065,121,rs_trailing_60m
rs_trailing_60m_001198,LRCX,2026-08-14 19:03:00+00:00,333.0,329.86,9.678683385583746,2.6253918495306245,58,rs_trailing_60m
rs_trailing_60m_001199,MDLZ,2026-07-01 14:00:00+00:00,59.555,58.685,4.77072325387791,0.9939006778912234,121,rs_trailing_60m
rs_trailing_60m_001200,MDLZ,2026-07-01 15:45:00+00:00,58.61,59.27,10.043083551318079,2.346514848438787,121,rs_trailing_60m
rs_trailing_60m_001201,MDLZ,2026-07-02 14:58:00+00:00,60.55,60.02,3.0139049008304934,4.592616991741845,121,rs_trailing_60m
rs_trailing_60m_001202,MDLZ,2026-07-02 16:34:00+00:00,60.62,60.23,4.4745579491954475,4.710060999153226,121,rs_trailing_60m
rs_trailing_60m_001203,MDLZ,2026-07-02 19:29:00+00:00,61.06,60.81,1.4316804642834386,5.075958009732226,32,rs_trailing_60m
rs_trailing_60m_001204,MDLZ,2026-07-06 14:00:00+00:00,58.875,59.6799,5.897389081614059,1.2406687707035091,121,rs_trailing_60m
rs_trailing_60m_001205,MDLZ,2026-07-07 14:00:00+00:00,61.12,60.26,1.0991396131046196,4.65411703491722,121,rs_trailing_60m
rs_trailing_60m_001206,MDLZ,2026-07-07 15:41:00+00:00,59.78,60.6,13.696374577137698,1.2783282938661904,121,rs_trailing_60m
rs_trailing_60m_001207,MDLZ,2026-07-07 19:15:00+00:00,60.48,60.125,6.592896287448374,2.3300094771119997,46,rs_trailing_60m
rs_trailing_60m_001208,MDLZ,2026-07-08 14:00:00+00:00,59.16,60.22,0.09148174285792716,9.605583000077413,121,rs_trailing_60m
rs_trailing_60m_001209,MDLZ,2026-07-08 16:27:00+00:00,59.76,60.15,2.5153286241901136,6.014916275237093,121,rs_trailing_60m
rs_trailing_60m_001210,MDLZ,2026-07-09 14:00:00+00:00,58.43,59.1,0.5721437511174823,5.816794803027511,121,rs_trailing_60m
rs_trailing_60m_001211,MDLZ,2026-07-10 14:27:00+00:00,58.9,58.51,2.731429250044588,1.9001246956832614,121,rs_trailing_60m
rs_trailing_60m_001212,MDLZ,2026-07-13 14:00:00+00:00,60.7,59.83,0.9130180969059986,5.9941622883827765,121,rs_trailing_60m
rs_trailing_60m_001213,MDLZ,2026-07-14 14:00:00+00:00,58.67,59.215,2.4057263397406814,2.115380057358213,121,rs_trailing_60m
rs_trailing_60m_001214,MDLZ,2026-07-14 15:17:00+00:00,58.72,59.08,2.67927732716512,3.7509882580312186,121,rs_trailing_60m
rs_trailing_60m_001215,MDLZ,2026-07-15 14:27:00+00:00,59.27,58.465,4.12212004029486,3.5948721281641247,121,rs_trailing_60m
rs_trailing_60m_001216,MDLZ,2026-07-15 15:38:00+00:00,58.465,58.97,2.381398544614879,7.239451575629145,121,rs_trailing_60m
rs_trailing_60m_001217,MDLZ,2026-07-15 16:36:00+00:00,58.97,58.41,1.695096404600967,12.908811081192551,121,rs_trailing_60m
rs_trailing_60m_001218,MDLZ,2026-07-16 14:00:00+00:00,60.5,59.64,1.3992561105206125,6.1405951115830515,121,rs_trailing_60m
rs_trailing_60m_001219,MDLZ,2026-07-16 17:51:00+00:00,61.465,60.92,11.612970711304456,2.297071129708452,121,rs_trailing_60m
rs_trailing_60m_001220,MDLZ,2026-07-17 14:10:00+00:00,61.205,62.19,5.576579792931013,2.159942877543689,121,rs_trailing_60m
rs_trailing_60m_001221,MDLZ,2026-07-17 15:56:00+00:00,60.645,61.51,14.6429285857236,2.9489231179581488,121,rs_trailing_60m
rs_trailing_60m_001222,MDLZ,2026-07-20 14:29:00+00:00,59.695,60.235,4.901285583103891,0.915624779261179,121,rs_trailing_60m
rs_trailing_60m_001223,MDLZ,2026-07-20 15:20:00+00:00,59.69,60.035,5.510825118079365,1.1601737090692315,121,rs_trailing_60m
rs_trailing_60m_001224,MDLZ,2026-07-20 15:58:00+00:00,59.69,60.15,2.805301224969093,8.92595844308356,121,rs_trailing_60m
rs_trailing_60m_001225,MDLZ,2026-07-20 18:52:00+00:00,60.355,60.005,2.776693978412166,6.478952616295179,69,rs_trailing_60m
rs_trailing_60m_001226,MDLZ,2026-07-21 14:00:00+00:00,59.28,59.82,0.35747663551402503,3.9322429906541063,121,rs_trailing_60m
rs_trailing_60m_001227,MDLZ,2026-07-22 14:17:00+00:00,60.88,60.17,0.2444965216910428,6.699204694333003,121,rs_trailing_60m
rs_trailing_60m_001228,MDLZ,2026-07-22 14:55:00+00:00,60.665,60.17,1.2455652262693189,6.461369611272216,121,rs_trailing_60m
rs_trailing_60m_001229,MDLZ,2026-07-23 14:16:00+00:00,59.945,60.4,3.0173348847297623,1.5589563571104033,121,rs_trailing_60m
rs_trailing_60m_001230,MDLZ,2026-07-23 16:14:00+00:00,59.565,60.005,11.529670329677352,0.26813186813216877,121,rs_trailing_60m
rs_trailing_60m_001231,MDLZ,2026-07-24 16:04:00+00:00,60.05,60.375,1.2712740134548604,5.6033358762755014,121,rs_trailing_60m
rs_trailing_60m_001232,MDLZ,2026-07-24 18:33:00+00:00,60.675,60.385,10.293235338240855,2.9736013199365434,88,rs_trailing_60m
rs_trailing_60m_001233,MDLZ,2026-07-27 14:13:00+00:00,61.18,60.37,6.289548643637126,0.9883576440001106,121,rs_trailing_60m
rs_trailing_60m_001234,MDLZ,2026-07-27 16:39:00+00:00,60.42,60.81,2.469726526556703,6.286576613053485,121,rs_trailing_60m
rs_trailing_60m_001235,MDLZ,2026-07-28 14:00:00+00:00,63.54,62.25,3.9988383911716676,5.553942209960658,121,rs_trailing_60m
rs_trailing_60m_001236,MDLZ,2026-07-28 15:18:00+00:00,62.12,63.15,11.601651019746702,1.1107963742310158,121,rs_trailing_60m
rs_trailing_60m_001237,MDLZ,2026-07-29 14:00:00+00:00,65.87,65.105,0.7427773413633794,1.727764685345211,121,rs_trailing_60m
rs_trailing_60m_001238,MDLZ,2026-07-29 16:04:00+00:00,65.74,64.91,0.9417132663211503,7.742975745308259,121,rs_trailing_60m
rs_trailing_60m_001239,MDLZ,2026-07-29 17:14:00+00:00,64.55,65.38,7.7684515195366854,2.000964785335237,121,rs_trailing_60m
rs_trailing_60m_001240,MDLZ,2026-07-29 17:53:00+00:00,64.55,65.315,6.430182388704822,5.00956069817684,121,rs_trailing_60m
rs_trailing_60m_001241,MDLZ,2026-07-29 19:38:00+00:00,65.09,64.78,0.9481514377707644,3.250804929499351,23,rs_trailing_60m
rs_trailing_60m_001242,MDLZ,2026-07-30 14:00:00+00:00,62.58,63.39,0.06051538939975096,4.841231151977582,121,rs_trailing_60m
rs_trailing_60m_001243,MDLZ,2026-07-31 14:28:00+00:00,62.86,62.12,0.15989340439705385,5.756162558295132,121,rs_trailing_60m
rs_trailing_60m_001244,MDLZ,2026-07-31 16:25:00+00:00,61.97,62.475,4.035655837599258,6.690692572862111,121,rs_trailing_60m
rs_trailing_60m_001245,MDLZ,2026-08-03 14:00:00+00:00,61.65,62.71,5.296571183218466,1.8554867202357503,121,rs_trailing_60m
rs_trailing_60m_001246,MDLZ,2026-08-04 14:14:00+00:00,61.03,61.61,0.29985007496261806,5.497251374314428,121,rs_trailing_60m
rs_trailing_60m_001247,MDLZ,2026-08-05 14:00:00+00:00,61.46,62.24,2.152911951421675,4.305823902843409,121,rs_trailing_60m
rs_trailing_60m_001248,MDLZ,2026-08-05 15:51:00+00:00,62.73,62.04,11.876216825495511,2.500256173788474,121,rs_trailing_60m
rs_trailing_60m_001249,MDLZ,2026-08-06 14:11:00+00:00,62.4,62.995,1.3005657350334072,3.020130034619766,121,rs_trailing_60m
rs_trailing_60m_001250,MDLZ,2026-08-07 14:11:00+00:00,63.06,62.62,1.6487730061353731,2.747955010225693,121,rs_trailing_60m
rs_trailing_60m_001251,MDLZ,2026-08-10 14:00:00+00:00,61.445,61.865,2.1081243580430606,1.3640804669690185,121,rs_trailing_60m
rs_trailing_60m_001252,MDLZ,2026-08-11 15:57:00+00:00,61.72,61.44,5.748480422180906,2.2993921688725667,121,rs_trailing_60m
rs_trailing_60m_001253,MDLZ,2026-08-12 14:31:00+00:00,61.985,61.33,6.494862411876889,1.7655936653645965,121,rs_trailing_60m
rs_trailing_60m_001254,META,2026-07-01 14:00:00+00:00,628.28,606.345,6.411766092210965,0.5958467624942123,121,rs_trailing_60m
rs_trailing_60m_001255,META,2026-07-01 17:57:00+00:00,621.99,611.4,1.1867726269641568,10.782677010703464,121,rs_trailing_60m
rs_trailing_60m_001256,META,2026-07-01 19:28:00+00:00,611.4,616.99,3.9078141089493195,1.848360033086623,33,rs_trailing_60m
rs_trailing_60m_001257,META,2026-07-02 14:00:00+00:00,585.88,594.2699,3.981169288181028,1.2541931273221187,121,rs_trailing_60m
rs_trailing_60m_001258,META,2026-07-06 14:00:00+00:00,581.76,592.85,1.078834996772801,7.144037933955764,121,rs_trailing_60m
rs_trailing_60m_001259,META,2026-07-06 16:17:00+00:00,598.2,591.62,3.2790410148902422,8.076795762992335,121,rs_trailing_60m
rs_trailing_60m_001260,META,2026-07-06 18:22:00+00:00,603.58,599.0,4.885508699573717,3.92379438863382,99,rs_trailing_60m
rs_trailing_60m_001261,META,2026-07-07 14:00:00+00:00,615.9899,604.01,2.4982606734588666,6.04090251007556,121,rs_trailing_60m
rs_trailing_60m_001262,META,2026-07-07 18:01:00+00:00,625.37,611.08,20.86547540575219,5.017132541140041,120,rs_trailing_60m
rs_trailing_60m_001263,META,2026-07-08 14:00:00+00:00,600.24,606.89,1.6284614894253215,3.693046571841765,121,rs_trailing_60m
rs_trailing_60m_001264,META,2026-07-08 19:15:00+00:00,598.0105,604.7144,4.411500378900196,8.393980197028798,46,rs_trailing_60m
rs_trailing_60m_001265,META,2026-07-09 14:00:00+00:00,608.66,590.15,9.953327580400225,1.9290389796260976,121,rs_trailing_60m
rs_trailing_60m_001266,META,2026-07-09 18:43:00+00:00,633.27,614.3201,18.547866949231135,2.3362818268375403,78,rs_trailing_60m
rs_trailing_60m_001267,META,2026-07-10 14:00:00+00:00,677.86,662.12,1.7534652629802243,4.57670520475112,121,rs_trailing_60m
rs_trailing_60m_001268,META,2026-07-10 16:21:00+00:00,662.0,670.72,3.744255345938508,3.6973188116873734,121,rs_trailing_60m
rs_trailing_60m_001269,META,2026-07-10 18:18:00+00:00,671.2,663.89,1.2006451341675286,7.320438293758655,103,rs_trailing_60m
rs_trailing_60m_001270,META,2026-07-10 19:38:00+00:00,663.89,671.2,1.1113368976462112,9.303884540551422,23,rs_trailing_60m
rs_trailing_60m_001271,META,2026-07-13 14:15:00+00:00,654.2,664.56,1.7588666152658117,3.233423284502338,121,rs_trailing_60m
rs_trailing_60m_001272,META,2026-07-13 15:34:00+00:00,664.49,657.66,0.748129675810433,5.125118238885269,121,rs_trailing_60m
rs_trailing_60m_001273,META,2026-07-14 14:00:00+00:00,664.28,655.5,1.665254261671432,3.4713858512694906,121,rs_trailing_60m
rs_trailing_60m_001274,META,2026-07-14 15:36:00+00:00,655.19,666.5,1.6914111436104406,9.025597278929801,121,rs_trailing_60m
rs_trailing_60m_001275,META,2026-07-14 16:34:00+00:00,666.5,659.7,5.314902083987115,3.3729186302226006,121,rs_trailing_60m
rs_trailing_60m_001276,META,2026-07-15 14:28:00+00:00,686.08,668.385,8.044277285000678,1.1928081503066967,121,rs_trailing_60m
rs_trailing_60m_001277,META,2026-07-16 14:00:00+00:00,670.0,681.9,0.3790802896300757,7.202525502971076,121,rs_trailing_60m
rs_trailing_60m_001278,META,2026-07-16 15:58:00+00:00,667.52,674.93,7.412438926077148,0.21090214848650485,121,rs_trailing_60m
rs_trailing_60m_001279,META,2026-07-16 19:10:00+00:00,660.16,666.03,5.972906513266857,0.3844753965929008,51,rs_trailing_60m
rs_trailing_60m_001280,META,2026-07-17 14:00:00+00:00,626.0,642.15,9.421629598291046,0.40778371000352764,121,rs_trailing_60m
rs_trailing_60m_001281,META,2026-07-17 16:17:00+00:00,652.2,633.645,9.185643151067737,8.476492462202817,121,rs_trailing_60m
rs_trailing_60m_001282,META,2026-07-20 14:00:00+00:00,636.27,649.7699,0.5940409636551545,9.430326042904284,121,rs_trailing_60m
rs_trailing_60m_001283,META,2026-07-20 16:56:00+00:00,652.0,645.8101,0.2729831690213302,8.175709420602361,121,rs_trailing_60m
rs_trailing_60m_001284,META,2026-07-21 14:28:00+00:00,645.5,649.6599,0.9374344979926056,1.619702399187389,121,rs_trailing_60m
rs_trailing_60m_001285,META,2026-07-22 14:00:00+00:00,627.8,636.48,4.465727760190862,2.5437689773238503,121,rs_trailing_60m
rs_trailing_60m_001286,META,2026-07-23 14:09:00+00:00,597.22,607.995,6.205912871835372,1.1992600178685255,121,rs_trailing_60m
rs_trailing_60m_001287,META,2026-07-23 17:37:00+00:00,608.135,604.73,3.1684755825280693,1.6371633299476402,121,rs_trailing_60m
rs_trailing_60m_001288,META,2026-07-24 16:11:00+00:00,599.13,604.91,6.0551084495400085,1.6284320199092712,121,rs_trailing_60m
rs_trailing_60m_001289,META,2026-07-27 14:07:00+00:00,609.5795,598.98,0.8183075214429236,7.142821963214213,121,rs_trailing_60m
rs_trailing_60m_001290,META,2026-07-27 16:08:00+00:00,593.505,600.37,8.351273958571122,1.3741706089591588,121,rs_trailing_60m
rs_trailing_60m_001291,META,2026-07-28 14:06:00+00:00,587.0,596.72,4.8035047363049665,2.733229087243706,121,rs_trailing_60m
rs_trailing_60m_001292,META,2026-07-28 16:03:00+00:00,598.0,592.24,1.9972044175239492,5.377088816410879,121,rs_trailing_60m
rs_trailing_60m_001293,META,2026-07-29 15:28:00+00:00,595.4495,585.25,4.525774381883169,7.403579748629374,121,rs_trailing_60m
rs_trailing_60m_001294,META,2026-07-29 16:51:00+00:00,598.23,592.04,7.7700395698564,0.9116472419507943,121,rs_trailing_60m
rs_trailing_60m_001295,META,2026-07-30 14:20:00+00:00,528.66,538.94,0.09647872024772212,3.922164894608687,121,rs_trailing_60m
rs_trailing_60m_001296,META,2026-07-31 14:09:00+00:00,553.07,540.22,3.400181097991297,4.024173550978537,121,rs_trailing_60m
rs_trailing_60m_001297,META,2026-08-03 14:00:00+00:00,594.99,582.64,2.762819620399669,4.229152164833119,121,rs_trailing_60m
rs_trailing_60m_001298,META,2026-08-03 15:28:00+00:00,597.52,590.8,3.038037151581299,3.1673153282444266,121,rs_trailing_60m
rs_trailing_60m_001299,META,2026-08-03 17:33:00+00:00,589.02,594.2,4.330701281661829,3.072939853324558,121,rs_trailing_60m
rs_trailing_60m_001300,META,2026-08-04 14:25:00+00:00,581.05,584.75,0.7267969340952581,1.7403119247601637,121,rs_trailing_60m
rs_trailing_60m_001301,META,2026-08-04 16:43:00+00:00,578.25,589.8,0.4793069692674185,22.58734092672613,121,rs_trailing_60m
rs_trailing_60m_001302,META,2026-08-04 17:28:00+00:00,591.0,587.08,4.474515064234299,1.6583867021287029,121,rs_trailing_60m
rs_trailing_60m_001303,META,2026-08-05 14:04:00+00:00,580.38,596.3999,9.088861060789602,1.0329773339092858,121,rs_trailing_60m
rs_trailing_60m_001304,META,2026-08-05 15:42:00+00:00,580.12,585.68,7.2709713024292375,0.4001103752759434,121,rs_trailing_60m
rs_trailing_60m_001305,META,2026-08-05 19:26:00+00:00,590.18,586.38,2.201502083180727,3.0932497624439863,35,rs_trailing_60m
rs_trailing_60m_001306,META,2026-08-07 14:22:00+00:00,598.7399,592.181,3.987209960524051,0.9147959646256001,121,rs_trailing_60m
rs_trailing_60m_001307,META,2026-08-10 14:00:00+00:00,595.2,608.21,0.7993367053984355,8.65463651026929,121,rs_trailing_60m
rs_trailing_60m_001308,META,2026-08-10 15:42:00+00:00,592.33,600.36,9.245626752434939,1.1670496601951248,121,rs_trailing_60m
rs_trailing_60m_001309,META,2026-08-10 16:44:00+00:00,592.33,594.85,1.027830042966499,3.28905613749342,121,rs_trailing_60m
rs_trailing_60m_001310,META,2026-08-11 14:00:00+00:00,612.43,602.67,6.788936478309858,1.9294872096250033,121,rs_trailing_60m
rs_trailing_60m_001311,META,2026-08-11 16:25:00+00:00,602.8,605.77,2.4290787227598276,2.742508235373692,121,rs_trailing_60m
rs_trailing_60m_001312,META,2026-08-12 14:00:00+00:00,581.15,590.87,6.359130766298456,2.534502478078632,121,rs_trailing_60m
rs_trailing_60m_001313,META,2026-08-13 14:00:00+00:00,591.039,584.82,1.740861179637006,5.730785249736882,121,rs_trailing_60m
rs_trailing_60m_001314,META,2026-08-13 19:26:00+00:00,595.85,593.64,1.2236578629693606,3.6054204891057213,35,rs_trailing_60m
rs_trailing_60m_001315,MSFT,2026-07-01 14:33:00+00:00,387.82,382.47,5.22303079131081,0.4680516391398696,121,rs_trailing_60m
rs_trailing_60m_001316,MSFT,2026-07-02 14:16:00+00:00,390.59,386.3105,2.1581266808934934,2.8070381655576266,121,rs_trailing_60m
rs_trailing_60m_001317,MSFT,2026-07-02 16:19:00+00:00,392.08,388.75,3.2558042308881685,2.4057247972359854,121,rs_trailing_60m
rs_trailing_60m_001318,MSFT,2026-07-06 14:02:00+00:00,382.57,387.01,1.7261442979053752,4.014740108611464,121,rs_trailing_60m
rs_trailing_60m_001319,MSFT,2026-07-06 15:34:00+00:00,386.95,383.67,0.814314973301098,6.503364786774279,121,rs_trailing_60m
rs_trailing_60m_001320,MSFT,2026-07-07 14:19:00+00:00,395.57,391.47,0.521343267473709,4.132493868694938,121,rs_trailing_60m
rs_trailing_60m_001321,MSFT,2026-07-10 14:00:00+00:00,381.5,385.92,4.546069486639242,1.80865130113611,121,rs_trailing_60m
rs_trailing_60m_001322,MSFT,2026-07-13 14:30:00+00:00,385.41,392.445,0.08398875630974967,9.006178945830356,121,rs_trailing_60m
rs_trailing_60m_001323,MSFT,2026-07-13 15:06:00+00:00,393.36,389.59,6.332858652212121,0.7098779610150285,121,rs_trailing_60m
rs_trailing_60m_001324,MSFT,2026-07-13 17:09:00+00:00,393.65,391.37,0.9949261850286064,5.135970306498873,121,rs_trailing_60m
rs_trailing_60m_001325,MSFT,2026-07-14 14:00:00+00:00,387.7499,382.8,3.394223668396865,2.8517586120587453,121,rs_trailing_60m
rs_trailing_60m_001326,MSFT,2026-07-15 14:02:00+00:00,397.91,390.8609,7.964649629583507,1.2634259298999166,121,rs_trailing_60m
rs_trailing_60m_001327,MSFT,2026-07-15 15:55:00+00:00,398.96,394.16,2.3342152694695835,6.812097623146094,121,rs_trailing_60m
rs_trailing_60m_001328,MSFT,2026-07-16 14:00:00+00:00,392.67,400.62,1.4475557664927694,9.208063070190258,121,rs_trailing_60m
rs_trailing_60m_001329,MSFT,2026-07-16 15:59:00+00:00,404.48,399.509,9.910025552261187,2.253613218180852,121,rs_trailing_60m
rs_trailing_60m_001330,MSFT,2026-07-16 18:09:00+00:00,405.99,399.0,4.800664093662966,13.586537010284642,112,rs_trailing_60m
rs_trailing_60m_001331,MSFT,2026-07-16 19:36:00+00:00,399.0,402.11,2.2944937935823364,4.566925146841661,25,rs_trailing_60m
rs_trailing_60m_001332,MSFT,2026-07-17 14:09:00+00:00,389.39,393.55,2.4221366099992037,1.9875300410277712,121,rs_trailing_60m
rs_trailing_60m_001333,MSFT,2026-07-20 14:12:00+00:00,400.1299,391.2501,11.382716626695961,0.6790319743297154,121,rs_trailing_60m
rs_trailing_60m_001334,MSFT,2026-07-20 16:27:00+00:00,403.18,400.2201,5.65068893948208,2.603505499630145,121,rs_trailing_60m
rs_trailing_60m_001335,MSFT,2026-07-22 14:00:00+00:00,388.09,393.01,6.266992788234431,1.4801440253618903,121,rs_trailing_60m
rs_trailing_60m_001336,MSFT,2026-07-23 14:12:00+00:00,377.39,385.41,9.319685103275134,0.6064602524043669,121,rs_trailing_60m
rs_trailing_60m_001337,MSFT,2026-07-24 14:00:00+00:00,380.8,386.03,0.9096670767623762,7.01959760901673,121,rs_trailing_60m
rs_trailing_60m_001338,MSFT,2026-07-27 14:00:00+00:00,393.895,389.23,2.7095094016682224,3.471351898469876,121,rs_trailing_60m
rs_trailing_60m_001339,MSFT,2026-07-27 15:23:00+00:00,393.895,389.4,0.37707623739726864,8.097712198106834,121,rs_trailing_60m
rs_trailing_60m_001340,MSFT,2026-07-27 16:23:00+00:00,389.4,394.2,0.6855859128373697,11.976254724404567,121,rs_trailing_60m
rs_trailing_60m_001341,MSFT,2026-07-27 19:37:00+00:00,388.84,390.91,6.300723033791876,1.4626678471304129,24,rs_trailing_60m
rs_trailing_60m_001342,MSFT,2026-07-28 14:18:00+00:00,400.32,394.72,3.6823025604614763,1.780186006050912,121,rs_trailing_60m
rs_trailing_60m_001343,MSFT,2026-07-28 19:14:00+00:00,392.37,394.56,6.940059026475509,0.9928859435026605,47,rs_trailing_60m
rs_trailing_60m_001344,MSFT,2026-07-29 14:31:00+00:00,396.0,392.67,3.075730424907824,0.6691259973747916,121,rs_trailing_60m
rs_trailing_60m_001345,MSFT,2026-07-30 14:00:00+00:00,452.235,443.65,0.3226705941295107,3.6346537638732124,121,rs_trailing_60m
rs_trailing_60m_001346,MSFT,2026-07-30 16:00:00+00:00,457.91,449.65,8.483437526303476,1.155241148698827,121,rs_trailing_60m
rs_trailing_60m_001347,MSFT,2026-07-30 19:12:00+00:00,450.37,457.33,10.556380688550512,3.6138043822906285,49,rs_trailing_60m
rs_trailing_60m_001348,MSFT,2026-07-31 14:00:00+00:00,463.9,450.69,1.771757087666741,8.51611593566418,121,rs_trailing_60m
rs_trailing_60m_001349,MSFT,2026-08-03 14:00:00+00:00,491.37,481.6001,2.0037284473955155,4.758353265284825,121,rs_trailing_60m
rs_trailing_60m_001350,MSFT,2026-08-03 16:12:00+00:00,489.965,486.28,4.34485271846181,0.9743440481600598,121,rs_trailing_60m
rs_trailing_60m_001351,MSFT,2026-08-04 14:00:00+00:00,499.4399,490.52,6.867877191974273,0.5712875537653609,121,rs_trailing_60m
rs_trailing_60m_001352,MSFT,2026-08-04 16:54:00+00:00,494.2,497.54,0.7305923095973665,7.541198585504653,121,rs_trailing_60m
rs_trailing_60m_001353,MSFT,2026-08-05 14:00:00+00:00,487.25,492.53,1.2723422006866936,4.469509781899303,121,rs_trailing_60m
rs_trailing_60m_001354,MSFT,2026-08-06 14:00:00+00:00,498.97,493.74,2.946158086612684,2.3670856351060094,121,rs_trailing_60m
rs_trailing_60m_001355,MSFT,2026-08-07 14:00:00+00:00,504.85,501.07,2.930529662147782,1.6280720345265682,121,rs_trailing_60m
rs_trailing_60m_001356,MSFT,2026-08-07 17:33:00+00:00,498.73,501.93,0.26002320790013767,8.985246406329516,121,rs_trailing_60m
rs_trailing_60m_001357,MSFT,2026-08-10 14:00:00+00:00,513.73,507.13,5.481562886239927,0.44930843329835296,121,rs_trailing_60m
rs_trailing_60m_001358,MSFT,2026-08-12 14:00:00+00:00,491.9501,496.5,0.9964393357056832,4.816740986806537,121,rs_trailing_60m
rs_trailing_60m_001359,MSFT,2026-08-13 15:13:00+00:00,493.44,496.06,4.156843197084195,1.2078822727747212,121,rs_trailing_60m
rs_trailing_60m_001360,MSFT,2026-08-14 14:25:00+00:00,499.8954,496.8,0.14718026667696987,3.485848421296251,121,rs_trailing_60m
rs_trailing_60m_001361,MU,2026-07-01 14:01:00+00:00,1047.9901,1087.7499,4.318676207081353,2.489797316245894,121,rs_trailing_60m
rs_trailing_60m_001362,MU,2026-07-01 17:57:00+00:00,1036.36,1066.6,1.909745420913362,10.995439278174532,121,rs_trailing_60m
rs_trailing_60m_001363,MU,2026-07-01 19:05:00+00:00,1066.6,1032.2,5.86979829123734,8.103977571639216,56,rs_trailing_60m
rs_trailing_60m_001364,MU,2026-07-02 14:01:00+00:00,1064.64,977.0601,1.525762444791544,13.763267571066455,121,rs_trailing_60m
rs_trailing_60m_001365,MU,2026-07-06 14:00:00+00:00,991.81,1019.0,0.29954168485376165,6.1643776890931585,121,rs_trailing_60m
rs_trailing_60m_001366,MU,2026-07-06 16:57:00+00:00,982.5,1003.85,9.386609438412258,1.682383188492007,121,rs_trailing_60m
rs_trailing_60m_001367,MU,2026-07-06 18:57:00+00:00,1006.5,980.85,4.640083227258077,8.76270894616001,64,rs_trailing_60m
rs_trailing_60m_001368,MU,2026-07-07 14:00:00+00:00,891.66,927.85,7.359951388068103,1.4191073045549942,121,rs_trailing_60m
rs_trailing_60m_001369,MU,2026-07-07 16:20:00+00:00,939.99,918.95,4.264511061528268,2.7215917410438535,121,rs_trailing_60m
rs_trailing_60m_001370,MU,2026-07-07 18:36:00+00:00,907.1701,942.02,7.978054743743394,7.3584747761934715,85,rs_trailing_60m
rs_trailing_60m_001371,MU,2026-07-08 14:00:00+00:00,959.0,913.51,0.33939423261347307,9.250073867750976,121,rs_trailing_60m
rs_trailing_60m_001372,MU,2026-07-08 17:47:00+00:00,931.28,950.6,1.493715915549439,7.412981867980507,121,rs_trailing_60m
rs_trailing_60m_001373,MU,2026-07-08 18:56:00+00:00,950.899,938.5297,4.780371988062184,1.3578239438742918,65,rs_trailing_60m
rs_trailing_60m_001374,MU,2026-07-09 14:00:00+00:00,1033.51,1003.0,1.7111867679986767,6.034853037882561,121,rs_trailing_60m
rs_trailing_60m_001375,MU,2026-07-09 14:48:00+00:00,1023.9899,1009.26,1.0618497404276082,2.5421366397941636,121,rs_trailing_60m
rs_trailing_60m_001376,MU,2026-07-09 16:36:00+00:00,1009.26,1027.0,0.339224175138204,8.642621894939573,121,rs_trailing_60m
rs_trailing_60m_001377,MU,2026-07-09 17:29:00+00:00,1025.74,999.26,0.597184979096052,14.4632514461079,121,rs_trailing_60m
rs_trailing_60m_001378,MU,2026-07-09 18:36:00+00:00,987.13,1016.79,17.07384411567865,1.564735805963933,85,rs_trailing_60m
rs_trailing_60m_001379,MU,2026-07-10 14:02:00+00:00,984.48,954.13,1.0727018942156523,6.762798103244104,121,rs_trailing_60m
rs_trailing_60m_001380,MU,2026-07-10 15:20:00+00:00,988.0599,954.13,1.9411837397491412,8.0497406840289,121,rs_trailing_60m
rs_trailing_60m_001381,MU,2026-07-10 16:36:00+00:00,998.0,977.8,5.927540012673878,1.4114920594077773,121,rs_trailing_60m
rs_trailing_60m_001382,MU,2026-07-10 18:41:00+00:00,977.0,995.0,6.781194114358355,4.04946196891144,80,rs_trailing_60m
rs_trailing_60m_001383,MU,2026-07-13 14:20:00+00:00,943.5,927.5,3.3250008059005114,0.7610216898297695,121,rs_trailing_60m
rs_trailing_60m_001384,MU,2026-07-13 16:00:00+00:00,920.06,938.5,4.925559794301035,3.5016219950003107,121,rs_trailing_60m
rs_trailing_60m_001385,MU,2026-07-13 18:30:00+00:00,922.0,942.09,0.17750863929433455,11.514781732586885,91,rs_trailing_60m
rs_trailing_60m_001386,MU,2026-07-13 19:30:00+00:00,942.09,927.53,5.980492669347407,2.312457165481031,31,rs_trailing_60m
rs_trailing_60m_001387,MU,2026-07-14 14:00:00+00:00,950.07,990.09,6.723247522143639,4.290439167835439,121,rs_trailing_60m
rs_trailing_60m_001388,MU,2026-07-14 19:01:00+00:00,973.66,985.328,1.3106903109268901,6.57236873437957,60,rs_trailing_60m
rs_trailing_60m_001389,MU,2026-07-15 14:00:00+00:00,896.5,958.72,18.380851542599196,1.4347350983177554,121,rs_trailing_60m
rs_trailing_60m_001390,MU,2026-07-16 14:00:00+00:00,879.9,847.46,2.003776157302078,5.186765716910261,121,rs_trailing_60m
rs_trailing_60m_001391,MU,2026-07-16 17:55:00+00:00,840.51,863.0,0.47156976951279045,9.926081324940984,121,rs_trailing_60m
rs_trailing_60m_001392,MU,2026-07-16 19:19:00+00:00,841.77,855.5,1.3360214285810628,4.360740749809578,42,rs_trailing_60m
rs_trailing_60m_001393,MU,2026-07-17 14:00:00+00:00,887.4799,832.7551,8.599351414984193,3.7897238837457525,121,rs_trailing_60m
rs_trailing_60m_001394,MU,2026-07-20 14:18:00+00:00,866.0,899.87,1.7907954082208195,5.886956550822134,121,rs_trailing_60m
rs_trailing_60m_001395,MU,2026-07-20 18:06:00+00:00,858.9,884.97,14.41881907276927,0.8864990553697645,115,rs_trailing_60m
rs_trailing_60m_001396,MU,2026-07-21 14:00:00+00:00,958.5,916.5701,8.040218208818317,5.641825032818499,121,rs_trailing_60m
rs_trailing_60m_001397,MU,2026-07-21 14:36:00+00:00,931.7011,975.44,0.8109307778005086,11.135992391433605,121,rs_trailing_60m
rs_trailing_60m_001398,MU,2026-07-21 18:01:00+00:00,960.85,979.68,6.716492240936073,3.684128556500284,120,rs_trailing_60m
rs_trailing_60m_001399,MU,2026-07-21 19:07:00+00:00,960.85,975.0,4.350440598120343,4.106358839098474,54,rs_trailing_60m
rs_trailing_60m_001400,MU,2026-07-22 14:00:00+00:00,978.9999,963.03,2.4066227009892733,2.2548679019930047,121,rs_trailing_60m
rs_trailing_60m_001401,MU,2026-07-22 17:22:00+00:00,982.62,964.22,0.5889986636488056,11.796801806223206,121,rs_trailing_60m
rs_trailing_60m_001402,MU,2026-07-22 18:22:00+00:00,957.83,979.29,7.7934115485756825,5.870527326623126,99,rs_trailing_60m
rs_trailing_60m_001403,MU,2026-07-22 19:33:00+00:00,979.29,957.83,3.7108517351516235,10.30937330646004,28,rs_trailing_60m
rs_trailing_60m_001404,MU,2026-07-23 14:00:00+00:00,1000.36,978.11,3.506240434426261,1.4033788019478344,121,rs_trailing_60m
rs_trailing_60m_001405,MU,2026-07-23 16:02:00+00:00,1011.77,987.78,4.51773797172973,2.8201948471651987,121,rs_trailing_60m
rs_trailing_60m_001406,MU,2026-07-23 18:46:00+00:00,976.01,994.56,6.562964690790912,2.86351575939658,75,rs_trailing_60m
rs_trailing_60m_001407,MU,2026-07-24 14:00:00+00:00,919.54,947.74,4.016287433070603,3.4694564937364833,121,rs_trailing_60m
rs_trailing_60m_001408,MU,2026-07-24 16:54:00+00:00,909.36,939.4,11.23116362066583,2.8206545869477164,121,rs_trailing_60m
rs_trailing_60m_001409,MU,2026-07-24 18:17:00+00:00,904.0,924.58,10.598529106224047,0.7913711557114973,104,rs_trailing_60m
rs_trailing_60m_001410,MU,2026-07-27 14:00:00+00:00,854.79,909.75,12.858358031030965,1.018821299071369,121,rs_trailing_60m
rs_trailing_60m_001411,MU,2026-07-28 14:00:00+00:00,789.09,831.6,4.512112669672412,3.650011142573298,121,rs_trailing_60m
rs_trailing_60m_001412,MU,2026-07-28 17:41:00+00:00,810.9001,831.0,3.091986826264402,8.0659560468987,121,rs_trailing_60m
rs_trailing_60m_001413,MU,2026-07-28 18:44:00+00:00,831.0,817.88,6.640264807807407,0.7616276542515008,77,rs_trailing_60m
rs_trailing_60m_001414,MU,2026-07-29 14:00:00+00:00,767.75,811.9997,8.284135959697474,1.720518269992077,121,rs_trailing_60m
rs_trailing_60m_001415,MU,2026-07-29 18:13:00+00:00,736.0,795.33,13.127642145003815,6.70337016468625,108,rs_trailing_60m
rs_trailing_60m_001416,MU,2026-07-29 19:36:00+00:00,736.0,759.44,4.965148995166831,0.5769030261051113,25,rs_trailing_60m
rs_trailing_60m_001417,MU,2026-07-30 14:00:00+00:00,868.0,822.5,7.076537300008867,4.2290261533058535,121,rs_trailing_60m
rs_trailing_60m_001418,MU,2026-07-30 17:18:00+00:00,882.5,862.46,4.7257092357659065,4.980671246026137,121,rs_trailing_60m
rs_trailing_60m_001419,MU,2026-07-30 18:41:00+00:00,862.46,882.5,1.925983376979087,9.664619288084479,80,rs_trailing_60m
rs_trailing_60m_001420,MU,2026-07-31 14:00:00+00:00,818.0,866.92,7.826731308932583,1.2506441209626777,121,rs_trailing_60m
rs_trailing_60m_001421,MU,2026-08-03 14:23:00+00:00,829.0,803.5501,3.5505330865337568,1.238743174456173,121,rs_trailing_60m
rs_trailing_60m_001422,MU,2026-08-03 17:41:00+00:00,836.61,820.8,4.841761860236437,4.959551201266478,121,rs_trailing_60m
rs_trailing_60m_001423,MU,2026-08-03 18:53:00+00:00,820.8,836.62,2.4337776319259716,6.991525216805645,68,rs_trailing_60m
rs_trailing_60m_001424,MU,2026-08-04 14:25:00+00:00,899.04,875.56,3.7203241547697496,1.0898746973224278,121,rs_trailing_60m
rs_trailing_60m_001425,MU,2026-08-04 19:11:00+00:00,900.42,888.55,0.2915850069308948,7.9491626889502,50,rs_trailing_60m
rs_trailing_60m_001426,MU,2026-08-05 14:00:00+00:00,924.89,896.1,2.756233248316342,4.642481469404463,121,rs_trailing_60m
rs_trailing_60m_001427,MU,2026-08-05 15:29:00+00:00,928.98,911.04,3.025732245515034,2.1390285998265384,121,rs_trailing_60m
rs_trailing_60m_001428,MU,2026-08-05 19:45:00+00:00,891.74,912.8502,10.867652647911022,1.4600378909353344,16,rs_trailing_60m
rs_trailing_60m_001429,MU,2026-08-06 14:00:00+00:00,913.33,871.45,9.669346537688483,0.6874880658509899,121,rs_trailing_60m
rs_trailing_60m_001430,MU,2026-08-06 18:06:00+00:00,880.13,900.0,5.0395131761776994,6.590582852933886,115,rs_trailing_60m
rs_trailing_60m_001431,MU,2026-08-06 19:03:00+00:00,898.99,880.13,1.4028640388565399,9.330610919696815,58,rs_trailing_60m
rs_trailing_60m_001432,MU,2026-08-07 14:00:00+00:00,847.02,880.0,3.9906578948433893,4.146090010685792,121,rs_trailing_60m
rs_trailing_60m_001433,MU,2026-08-07 17:29:00+00:00,879.2,867.4,3.6382172850870726,3.5953065504693345,121,rs_trailing_60m
rs_trailing_60m_001434,MU,2026-08-10 14:00:00+00:00,894.989,867.01,3.7973045214116374,3.9021507437942855,121,rs_trailing_60m
rs_trailing_60m_001435,MU,2026-08-10 15:54:00+00:00,884.8,874.18,2.2613743477717603,2.3576696722571153,121,rs_trailing_60m
rs_trailing_60m_001436,MU,2026-08-10 19:44:00+00:00,860.0,875.37,12.278388230974,2.891935491700406,17,rs_trailing_60m
rs_trailing_60m_001437,MU,2026-08-11 14:00:00+00:00,844.62,868.35,5.2721623903995765,2.27358028295276,121,rs_trailing_60m
rs_trailing_60m_001438,MU,2026-08-11 18:53:00+00:00,879.0,856.6501,18.44386498220176,2.6792986337711984,68,rs_trailing_60m
rs_trailing_60m_001439,MU,2026-08-12 14:00:00+00:00,930.5,914.71,3.145103834456474,1.4853101092328038,121,rs_trailing_60m
rs_trailing_60m_001440,MU,2026-08-12 17:35:00+00:00,935.8,915.35,5.663950348800274,13.386672123727127,121,rs_trailing_60m
rs_trailing_60m_001441,MU,2026-08-12 18:43:00+00:00,909.13,926.934,12.604379930968223,1.9950853146864638,78,rs_trailing_60m
rs_trailing_60m_001442,MU,2026-08-13 14:00:00+00:00,978.0,932.2401,14.085803528155562,1.2533116968044955,121,rs_trailing_60m
rs_trailing_60m_001443,MU,2026-08-13 16:45:00+00:00,975.36,963.0001,3.0281039071270612,3.1024548941341625,121,rs_trailing_60m
rs_trailing_60m_001444,MU,2026-08-13 18:34:00+00:00,945.85,968.3,17.8761645102859,1.202508808274492,87,rs_trailing_60m
rs_trailing_60m_001445,MU,2026-08-14 14:00:00+00:00,956.3,983.69,4.033001801229041,3.9054760525735626,121,rs_trailing_60m
rs_trailing_60m_001446,NFLX,2026-07-01 14:22:00+00:00,73.7899,72.965,1.5454714414848099,2.705476848214372,121,rs_trailing_60m
rs_trailing_60m_001447,NFLX,2026-07-01 17:07:00+00:00,74.355,73.68,5.3098349901583,5.078972599281842,121,rs_trailing_60m
rs_trailing_60m_001448,NFLX,2026-07-02 14:00:00+00:00,77.18,75.36,8.565089520664955,0.8255507971725028,121,rs_trailing_60m
rs_trailing_60m_001449,NFLX,2026-07-02 16:24:00+00:00,78.44,77.1899,13.525738815770874,0.0010820591052975905,121,rs_trailing_60m
rs_trailing_60m_001450,NFLX,2026-07-06 14:00:00+00:00,75.75,76.72,1.7434048875260009,3.891725871888248,121,rs_trailing_60m
rs_trailing_60m_001451,NFLX,2026-07-06 15:12:00+00:00,76.72,76.19,0.6451245505280571,4.615121784547065,121,rs_trailing_60m
rs_trailing_60m_001452,NFLX,2026-07-07 14:36:00+00:00,77.87,76.42,3.449426640586335,4.75003012802055,121,rs_trailing_60m
rs_trailing_60m_001453,NFLX,2026-07-07 15:37:00+00:00,76.42,77.26,2.5854030685773495,6.1015512418425795,121,rs_trailing_60m
rs_trailing_60m_001454,NFLX,2026-07-08 14:00:00+00:00,74.905,75.92,0.19672776156596175,6.4592281714154955,121,rs_trailing_60m
rs_trailing_60m_001455,NFLX,2026-07-08 15:22:00+00:00,76.26,75.54,7.052884886542655,1.2041510781900742,121,rs_trailing_60m
rs_trailing_60m_001456,NFLX,2026-07-09 14:00:00+00:00,75.48,74.3,1.5601924937618326,7.002724448744883,121,rs_trailing_60m
rs_trailing_60m_001457,NFLX,2026-07-09 16:15:00+00:00,74.33,74.9,0.7060653188178568,8.1586314152389,121,rs_trailing_60m
rs_trailing_60m_001458,NFLX,2026-07-10 14:00:00+00:00,72.77,73.53,1.8005923081305597,1.8476352423339097,121,rs_trailing_60m
rs_trailing_60m_001459,NFLX,2026-07-10 18:25:00+00:00,73.75,73.25,6.835499775884109,2.278499925294703,96,rs_trailing_60m
rs_trailing_60m_001460,NFLX,2026-07-13 14:00:00+00:00,75.45,74.57,2.251397237161573,3.4092586734160206,121,rs_trailing_60m
rs_trailing_60m_001461,NFLX,2026-07-14 14:27:00+00:00,73.69,73.2436,2.2477806934287714,0.7928535536821439,121,rs_trailing_60m
rs_trailing_60m_001462,NFLX,2026-07-15 14:20:00+00:00,75.06,74.065,2.58523186298281,3.845532396186868,121,rs_trailing_60m
rs_trailing_60m_001463,NFLX,2026-07-15 17:25:00+00:00,73.28,74.05,10.228790677845351,3.1206480034103,121,rs_trailing_60m
rs_trailing_60m_001464,NFLX,2026-07-15 19:31:00+00:00,73.13,73.73,1.2503660322109797,9.467057101025011,30,rs_trailing_60m
rs_trailing_60m_001465,NFLX,2026-07-16 14:00:00+00:00,72.9401,73.88,3.676334585000021,2.6073294929078497,121,rs_trailing_60m
rs_trailing_60m_001466,NFLX,2026-07-16 15:13:00+00:00,74.255,73.51,6.134969325153805,3.006134969325246,121,rs_trailing_60m
rs_trailing_60m_001467,NFLX,2026-07-16 16:35:00+00:00,74.35,73.77,1.4633310486631892,6.619830934429477,121,rs_trailing_60m
rs_trailing_60m_001468,NFLX,2026-07-16 18:46:00+00:00,75.32,73.42,15.677943876214245,14.718069761344166,75,rs_trailing_60m
rs_trailing_60m_001469,NFLX,2026-07-17 14:00:00+00:00,69.04,66.7894,5.933294063488868,0.8623657936551814,121,rs_trailing_60m
rs_trailing_60m_001470,NFLX,2026-07-17 17:08:00+00:00,68.355,69.46,0.7200745066220327,6.982561793643353,121,rs_trailing_60m
rs_trailing_60m_001471,NFLX,2026-07-17 18:08:00+00:00,69.49,68.47,3.280221220020501,5.301019211938774,113,rs_trailing_60m
rs_trailing_60m_001472,NFLX,2026-07-17 19:16:00+00:00,68.47,69.49,1.3646939506024245,7.915224913493675,45,rs_trailing_60m
rs_trailing_60m_001473,NFLX,2026-07-20 14:00:00+00:00,66.69,68.25,0.8062526434512733,7.578774848441664,121,rs_trailing_60m
rs_trailing_60m_001474,NFLX,2026-07-20 18:04:00+00:00,67.075,67.8,0.5068128946492627,8.679170820870379,117,rs_trailing_60m
rs_trailing_60m_001475,NFLX,2026-07-20 19:05:00+00:00,67.8,67.4132,4.508371471614322,2.1986980869258814,56,rs_trailing_60m
rs_trailing_60m_001476,NFLX,2026-07-21 15:51:00+00:00,66.725,67.5399,10.024205547289982,1.0146121560702779,121,rs_trailing_60m
rs_trailing_60m_001477,NFLX,2026-07-21 18:02:00+00:00,68.75,67.21,26.74556603148543,4.222984110234707,119,rs_trailing_60m
rs_trailing_60m_001478,NFLX,2026-07-21 19:42:00+00:00,68.75,68.115,6.728321737650782,2.661753654455365,19,rs_trailing_60m
rs_trailing_60m_001479,NFLX,2026-07-22 14:00:00+00:00,70.57,69.9503,3.5374904626478108,0.7609072622597741,121,rs_trailing_60m
rs_trailing_60m_001480,NFLX,2026-07-22 17:38:00+00:00,68.35,69.415,17.424723318521014,0.5050644440151157,121,rs_trailing_60m
rs_trailing_60m_001481,NFLX,2026-07-22 18:50:00+00:00,68.35,68.72,4.335939635846287,1.834435999781076,71,rs_trailing_60m
rs_trailing_60m_001482,NFLX,2026-07-23 14:05:00+00:00,68.23,69.0,0.6073143211130418,4.588597092854691,121,rs_trailing_60m
rs_trailing_60m_001483,NFLX,2026-07-23 15:05:00+00:00,68.94,68.29,2.3780467134484478,4.342520085427395,121,rs_trailing_60m
rs_trailing_60m_001484,NFLX,2026-07-23 16:37:00+00:00,68.49,69.355,0.36503339157916526,12.265121957057213,121,rs_trailing_60m
rs_trailing_60m_001485,NFLX,2026-07-23 17:28:00+00:00,69.355,68.75,4.67963365414341,6.777988202419701,121,rs_trailing_60m
rs_trailing_60m_001486,NFLX,2026-07-24 14:30:00+00:00,70.175,69.12,5.224682167097863,0.7342796559164331,121,rs_trailing_60m
rs_trailing_60m_001487,NFLX,2026-07-24 17:07:00+00:00,70.68,70.02,10.2733902351294,2.892507930279352,121,rs_trailing_60m
rs_trailing_60m_001488,NFLX,2026-07-24 18:37:00+00:00,70.68,70.06,4.679664695753449,9.473467554817198,84,rs_trailing_60m
rs_trailing_60m_001489,NFLX,2026-07-27 14:30:00+00:00,71.65,70.395,7.264253579935517,0.23915238123248173,121,rs_trailing_60m
rs_trailing_60m_001490,NFLX,2026-07-27 19:11:00+00:00,70.275,70.6659,4.157150224706696,4.626795844687367,50,rs_trailing_60m
rs_trailing_60m_001491,NFLX,2026-07-28 14:00:00+00:00,73.755,72.63,2.110391246082551,4.577468336573613,121,rs_trailing_60m
rs_trailing_60m_001492,NFLX,2026-07-28 19:22:00+00:00,72.32,72.665,3.131309674547051,4.070702576911167,39,rs_trailing_60m
rs_trailing_60m_001493,NFLX,2026-07-29 14:44:00+00:00,73.365,71.9,8.959598487742989,2.812430018573999,121,rs_trailing_60m
rs_trailing_60m_001494,NFLX,2026-07-29 15:49:00+00:00,73.365,72.47,9.241889101189626,1.295041784880074,121,rs_trailing_60m
rs_trailing_60m_001495,NFLX,2026-07-29 19:43:00+00:00,73.68,73.26,3.767207886993339,1.9863459767782106,18,rs_trailing_60m
rs_trailing_60m_001496,NFLX,2026-07-30 14:00:00+00:00,70.63,72.12,0.4266032589691385,8.65395182480162,121,rs_trailing_60m
rs_trailing_60m_001497,NFLX,2026-07-31 14:38:00+00:00,71.105,71.82,0.8352383673857409,4.357765395056192,121,rs_trailing_60m
rs_trailing_60m_001498,NFLX,2026-08-03 14:30:00+00:00,72.18,73.27,3.136158192090255,4.376836158191848,121,rs_trailing_60m
rs_trailing_60m_001499,NFLX,2026-08-04 14:00:00+00:00,73.745,72.665,2.949864838502702,5.7785023548749255,121,rs_trailing_60m
rs_trailing_60m_001500,NFLX,2026-08-04 15:13:00+00:00,72.465,73.2,5.56977991979804,2.871020577215488,121,rs_trailing_60m
rs_trailing_60m_001501,NFLX,2026-08-05 14:00:00+00:00,73.525,74.44,3.967980904663311,2.033180298257283,121,rs_trailing_60m
rs_trailing_60m_001502,NFLX,2026-08-05 16:29:00+00:00,73.155,73.6399,4.07605394241348,3.111140809136482,121,rs_trailing_60m
rs_trailing_60m_001503,NFLX,2026-08-06 14:00:00+00:00,73.1002,74.055,6.138595686093809,0.7992963132935712,121,rs_trailing_60m
rs_trailing_60m_001504,NFLX,2026-08-07 14:00:00+00:00,74.4135,73.7201,3.8957248200380152,2.2928103236375343,121,rs_trailing_60m
rs_trailing_60m_001505,NFLX,2026-08-10 14:28:00+00:00,75.98,74.6201,9.316755363577842,0.5815693387109019,121,rs_trailing_60m
rs_trailing_60m_001506,NFLX,2026-08-10 16:11:00+00:00,75.98,75.35,3.6055561028468803,5.859028667125967,121,rs_trailing_60m
rs_trailing_60m_001507,NFLX,2026-08-11 14:56:00+00:00,74.89,76.155,12.274685877599449,0.7747112441447168,121,rs_trailing_60m
rs_trailing_60m_001508,NFLX,2026-08-11 15:37:00+00:00,74.67,75.3602,9.576992982859558,0.10946738755324512,121,rs_trailing_60m
rs_trailing_60m_001509,NFLX,2026-08-12 14:07:00+00:00,73.5702,74.0899,0.29954918810093745,4.173890842245001,121,rs_trailing_60m
rs_trailing_60m_001510,NFLX,2026-08-13 14:11:00+00:00,77.6699,76.5,2.8001919305713523,3.154988108649549,121,rs_trailing_60m
rs_trailing_60m_001511,NFLX,2026-08-13 15:19:00+00:00,76.5,77.42,2.6454567532875264,7.089824098810588,121,rs_trailing_60m
rs_trailing_60m_001512,NFLX,2026-08-13 19:28:00+00:00,78.4,77.77,8.758364508142998,1.3659834553985728,33,rs_trailing_60m
rs_trailing_60m_001513,NFLX,2026-08-14 14:00:00+00:00,78.6415,77.82,0.3039749681306679,4.535471472167308,121,rs_trailing_60m
rs_trailing_60m_001514,NVDA,2026-07-01 17:39:00+00:00,199.85,197.68,5.85991650115342,4.870901057920693,121,rs_trailing_60m
rs_trailing_60m_001515,NVDA,2026-07-02 14:54:00+00:00,193.18,196.48,4.8181121797599,2.035237041450287,121,rs_trailing_60m
rs_trailing_60m_001516,NVDA,2026-07-06 14:29:00+00:00,197.55,195.36,2.2735378916619076,2.82794569721061,121,rs_trailing_60m
rs_trailing_60m_001517,NVDA,2026-07-06 15:08:00+00:00,195.36,197.55,1.1702848372575172,6.838852017723779,121,rs_trailing_60m
rs_trailing_60m_001518,NVDA,2026-07-07 15:35:00+00:00,198.41,192.8001,20.508726496228952,1.7020659306426422,121,rs_trailing_60m
rs_trailing_60m_001519,NVDA,2026-07-08 14:00:00+00:00,199.45,196.05,4.2373736979676275,3.853758826512827,121,rs_trailing_60m
rs_trailing_60m_001520,NVDA,2026-07-08 16:17:00+00:00,203.71,198.72,16.25131625131481,1.2636012636012008,121,rs_trailing_60m
rs_trailing_60m_001521,NVDA,2026-07-08 18:59:00+00:00,205.16,203.44,3.698776767870367,2.7929538859429934,62,rs_trailing_60m
rs_trailing_60m_001522,NVDA,2026-07-09 14:00:00+00:00,198.96,202.2,6.676039952330125,1.3355047143425642,121,rs_trailing_60m
rs_trailing_60m_001523,NVDA,2026-07-09 15:26:00+00:00,203.33,201.1703,3.4212063241183097,2.927087599928676,121,rs_trailing_60m
rs_trailing_60m_001524,NVDA,2026-07-10 14:00:00+00:00,209.4794,205.72,4.806214203044193,3.561147876665121,121,rs_trailing_60m
rs_trailing_60m_001525,NVDA,2026-07-10 15:21:00+00:00,210.56,207.66,5.778590794760669,1.4446476986902026,121,rs_trailing_60m
rs_trailing_60m_001526,NVDA,2026-07-13 14:35:00+00:00,204.6301,208.34,7.03978102071133,0.3170876014680819,121,rs_trailing_60m
rs_trailing_60m_001527,NVDA,2026-07-13 15:08:00+00:00,204.32,208.049,8.42701577573841,2.118065374506037,121,rs_trailing_60m
rs_trailing_60m_001528,NVDA,2026-07-13 16:35:00+00:00,203.35,205.305,5.883267998258621,2.361741992132485,121,rs_trailing_60m
rs_trailing_60m_001529,NVDA,2026-07-14 14:00:00+00:00,204.06,209.3188,1.7966238618578696,11.700641230625463,121,rs_trailing_60m
rs_trailing_60m_001530,NVDA,2026-07-14 16:57:00+00:00,212.55,210.51,6.33349872282566,1.289119209070689,121,rs_trailing_60m
rs_trailing_60m_001531,NVDA,2026-07-15 14:27:00+00:00,206.52,210.82,6.281817485249871,1.757413225040146,121,rs_trailing_60m
rs_trailing_60m_001532,NVDA,2026-07-15 16:06:00+00:00,206.04,211.0,4.0779790265651155,13.063356542725467,121,rs_trailing_60m
rs_trailing_60m_001533,NVDA,2026-07-15 17:24:00+00:00,212.01,208.68,10.982341929868529,1.127326489489831,121,rs_trailing_60m
rs_trailing_60m_001534,NVDA,2026-07-15 19:06:00+00:00,212.5693,210.41,3.2000880390461166,6.9720746323982565,55,rs_trailing_60m
rs_trailing_60m_001535,NVDA,2026-07-16 14:00:00+00:00,205.845,209.27,4.137069020279113,3.669796761790323,121,rs_trailing_60m
rs_trailing_60m_001536,NVDA,2026-07-16 16:01:00+00:00,208.17,205.875,0.4640284053525597,7.148160231418332,121,rs_trailing_60m
rs_trailing_60m_001537,NVDA,2026-07-17 14:07:00+00:00,206.2,202.37,3.084650273936223,4.16333165807342,121,rs_trailing_60m
rs_trailing_60m_001538,NVDA,2026-07-17 18:08:00+00:00,201.6301,204.1,10.364086382151616,0.7178898745158768,113,rs_trailing_60m
rs_trailing_60m_001539,NVDA,2026-07-20 16:57:00+00:00,203.0426,205.015,3.868595672462652,6.340687314378824,121,rs_trailing_60m
rs_trailing_60m_001540,NVDA,2026-07-21 14:08:00+00:00,204.01,206.82,0.8365297107258721,6.286647523030532,121,rs_trailing_60m
rs_trailing_60m_001541,NVDA,2026-07-21 16:34:00+00:00,204.85,206.965,0.681450036306619,9.613313012181619,121,rs_trailing_60m
rs_trailing_60m_001542,NVDA,2026-07-21 17:31:00+00:00,207.345,205.7112,3.735342656129423,4.921115261011247,121,rs_trailing_60m
rs_trailing_60m_001543,NVDA,2026-07-22 14:57:00+00:00,214.32,208.585,14.908437725871542,1.837530575805668,121,rs_trailing_60m
rs_trailing_60m_001544,NVDA,2026-07-23 14:36:00+00:00,205.96,209.86,4.066022986426607,3.618730901173952,121,rs_trailing_60m
rs_trailing_60m_001545,NVDA,2026-07-23 16:03:00+00:00,210.43,208.6,5.188542875491802,1.099975213222657,121,rs_trailing_60m
rs_trailing_60m_001546,NVDA,2026-07-24 14:55:00+00:00,211.9099,207.9795,8.147199044273638,0.7479789116732269,121,rs_trailing_60m
rs_trailing_60m_001547,NVDA,2026-07-24 16:09:00+00:00,211.9099,209.39,1.2791443399008475,5.927016675337847,121,rs_trailing_60m
rs_trailing_60m_001548,NVDA,2026-07-24 18:31:00+00:00,204.81,207.84,13.371551265796407,1.7468487996400182,90,rs_trailing_60m
rs_trailing_60m_001549,NVDA,2026-07-27 14:00:00+00:00,195.92,202.929,13.39117477929664,2.0715507607511374,121,rs_trailing_60m
rs_trailing_60m_001550,NVDA,2026-07-27 17:04:00+00:00,195.44,197.65,1.2680780075713058,6.3040711324787795,121,rs_trailing_60m
rs_trailing_60m_001551,NVDA,2026-07-28 14:19:00+00:00,192.74,198.7,0.8570888162338167,8.966467615984854,121,rs_trailing_60m
rs_trailing_60m_001552,NVDA,2026-07-29 14:00:00+00:00,190.923,193.65,5.684356618863068,0.7825772566645349,121,rs_trailing_60m
rs_trailing_60m_001553,NVDA,2026-07-29 15:25:00+00:00,193.12,190.68,0.7713182441566472,6.467206816390595,121,rs_trailing_60m
rs_trailing_60m_001554,NVDA,2026-07-29 18:42:00+00:00,196.3299,189.9,4.070517416302055,13.61515049036754,79,rs_trailing_60m
rs_trailing_60m_001555,NVDA,2026-07-30 14:22:00+00:00,197.25,192.73,1.6015288116068198,7.1729078289543216,121,rs_trailing_60m
rs_trailing_60m_001556,NVDA,2026-07-30 15:21:00+00:00,192.68,194.37,3.7364615912891552,1.0473415066492513,121,rs_trailing_60m
rs_trailing_60m_001557,NVDA,2026-07-31 15:35:00+00:00,195.62,199.54,0.6049911772120922,9.276531383918341,121,rs_trailing_60m
rs_trailing_60m_001558,NVDA,2026-07-31 16:57:00+00:00,199.97,198.13,6.39750488398563,1.296226479761803,121,rs_trailing_60m
rs_trailing_60m_001559,NVDA,2026-07-31 19:44:00+00:00,202.0,200.17,3.958666134185849,4.002167959836328,17,rs_trailing_60m
rs_trailing_60m_001560,NVDA,2026-08-03 14:00:00+00:00,207.4,201.51,11.200835814273661,2.0867619593561444,121,rs_trailing_60m
rs_trailing_60m_001561,NVDA,2026-08-04 14:16:00+00:00,209.05,211.0399,1.4112250226392173,2.6004845095747715,121,rs_trailing_60m
rs_trailing_60m_001562,NVDA,2026-08-05 14:00:00+00:00,222.22,218.34,1.9573878650955316,4.915612059402862,121,rs_trailing_60m
rs_trailing_60m_001563,NVDA,2026-08-05 15:18:00+00:00,218.44,221.6,0.516922487417749,6.5851429918872855,121,rs_trailing_60m
rs_trailing_60m_001564,NVDA,2026-08-05 16:24:00+00:00,221.6,220.14,2.7210577491758676,1.7426999067756483,121,rs_trailing_60m
rs_trailing_60m_001565,NVDA,2026-08-06 14:28:00+00:00,217.27,219.9699,4.084153415485852,0.6687801217857963,121,rs_trailing_60m
rs_trailing_60m_001566,NVDA,2026-08-07 14:02:00+00:00,224.76,220.93,5.364369516745597,4.3728509804751114,121,rs_trailing_60m
rs_trailing_60m_001567,NVDA,2026-08-07 15:24:00+00:00,224.76,221.67,1.4993087203645192,8.15249116698229,121,rs_trailing_60m
rs_trailing_60m_001568,NVDA,2026-08-10 14:19:00+00:00,218.76,221.6224,6.319718069593837,0.9451658671151526,121,rs_trailing_60m
rs_trailing_60m_001569,NVDA,2026-08-10 16:37:00+00:00,216.77,219.045,0.337723741978921,7.345491388041892,121,rs_trailing_60m
rs_trailing_60m_001570,NVDA,2026-08-11 14:26:00+00:00,218.25,220.56,2.2915887593960482,2.542721774124392,121,rs_trailing_60m
rs_trailing_60m_001571,NVDA,2026-08-12 14:00:00+00:00,225.1,222.42,2.8528184828390315,3.599125427716757,121,rs_trailing_60m
rs_trailing_60m_001572,PANW,2026-07-01 14:00:00+00:00,358.1,349.13,6.357185310591928,1.2358842281576599,121,rs_trailing_60m
rs_trailing_60m_001573,PANW,2026-07-01 17:16:00+00:00,357.06,351.16,0.8841520469981524,12.322169667658352,121,rs_trailing_60m
rs_trailing_60m_001574,PANW,2026-07-01 18:14:00+00:00,351.15,353.41,4.316910647843561,1.3888137010228216,107,rs_trailing_60m
rs_trailing_60m_001575,PANW,2026-07-02 14:00:00+00:00,357.3795,347.71,1.4976966627984718,5.302950381545184,121,rs_trailing_60m
rs_trailing_60m_001576,PANW,2026-07-02 16:56:00+00:00,353.8799,348.74,5.2103515970988195,2.398014030881586,121,rs_trailing_60m
rs_trailing_60m_001577,PANW,2026-07-02 18:44:00+00:00,353.755,346.9,0.30585149054967686,16.467044251194647,77,rs_trailing_60m
rs_trailing_60m_001578,PANW,2026-07-02 19:43:00+00:00,346.9,350.42,7.896370750450867,0.48831252001289654,18,rs_trailing_60m
rs_trailing_60m_001579,PANW,2026-07-06 14:00:00+00:00,368.17,356.66,2.6360438725129827,2.453851274714721,121,rs_trailing_60m
rs_trailing_60m_001580,PANW,2026-07-06 18:08:00+00:00,352.77,357.92,5.035516647473058,10.972452941716044,113,rs_trailing_60m
rs_trailing_60m_001581,PANW,2026-07-07 14:00:00+00:00,343.7654,349.9699,0.9236042898666732,1.9785038922855311,121,rs_trailing_60m
rs_trailing_60m_001582,PANW,2026-07-07 18:59:00+00:00,336.0,345.945,18.169318339950802,1.9301111251004128,62,rs_trailing_60m
rs_trailing_60m_001583,PANW,2026-07-08 14:00:00+00:00,314.95,326.86,7.46324934483498,1.0712969534832748,121,rs_trailing_60m
rs_trailing_60m_001584,PANW,2026-07-08 18:33:00+00:00,317.38,321.37,1.292982778893061,8.440981915037199,88,rs_trailing_60m
rs_trailing_60m_001585,PANW,2026-07-09 14:00:00+00:00,332.27,326.58,3.394762679895373,0.8319768493397898,121,rs_trailing_60m
rs_trailing_60m_001586,PANW,2026-07-09 16:11:00+00:00,335.44,331.6,6.818626159245946,3.137086559957213,121,rs_trailing_60m
rs_trailing_60m_001587,PANW,2026-07-09 18:32:00+00:00,338.42,334.38,7.866526960587443,6.321316307614923,89,rs_trailing_60m
rs_trailing_60m_001588,PANW,2026-07-10 14:00:00+00:00,324.11,337.64,12.246863102380637,1.783624431506717,121,rs_trailing_60m
rs_trailing_60m_001589,PANW,2026-07-13 14:00:00+00:00,320.2,329.7499,1.1478786214471914,7.156762323218439,121,rs_trailing_60m
rs_trailing_60m_001590,PANW,2026-07-13 15:52:00+00:00,330.11,327.91,2.6228073513183467,2.483543244168694,121,rs_trailing_60m
rs_trailing_60m_001591,PANW,2026-07-14 14:00:00+00:00,353.6799,343.45,3.735300568066794,3.0100526210921537,121,rs_trailing_60m
rs_trailing_60m_001592,PANW,2026-07-15 14:14:00+00:00,361.2,353.1116,0.9555454471512059,5.379564220666811,121,rs_trailing_60m
rs_trailing_60m_001593,PANW,2026-07-15 15:54:00+00:00,359.19,354.17,2.4132539231859247,5.827926141027369,121,rs_trailing_60m
rs_trailing_60m_001594,PANW,2026-07-15 17:03:00+00:00,354.17,357.98,2.735650566437181,4.330673947546485,121,rs_trailing_60m
rs_trailing_60m_001595,PANW,2026-07-16 14:00:00+00:00,351.53,360.44,0.28225125763872455,5.433336709544754,121,rs_trailing_60m
rs_trailing_60m_001596,PANW,2026-07-16 14:39:00+00:00,359.12,347.371,1.7221509813025333,7.495868098115948,121,rs_trailing_60m
rs_trailing_60m_001597,PANW,2026-07-16 15:59:00+00:00,357.72,347.04,0.3144720408111082,14.951716122198986,121,rs_trailing_60m
rs_trailing_60m_001598,PANW,2026-07-17 14:00:00+00:00,368.8,360.07,3.5921133018606968,0.8686475978894904,121,rs_trailing_60m
rs_trailing_60m_001599,PANW,2026-07-17 18:31:00+00:00,354.62,359.91,8.051524669022557,4.777561324691171,90,rs_trailing_60m
rs_trailing_60m_001600,PANW,2026-07-20 14:00:00+00:00,364.73,356.09,2.1439290021448505,4.378446553676063,121,rs_trailing_60m
rs_trailing_60m_001601,PANW,2026-07-20 17:35:00+00:00,361.22,353.52,0.5566337567994322,20.351073205906896,121,rs_trailing_60m
rs_trailing_60m_001602,PANW,2026-07-20 19:05:00+00:00,348.36,356.045,15.940766550517832,1.2167671946824214,56,rs_trailing_60m
rs_trailing_60m_001603,PANW,2026-07-21 14:00:00+00:00,334.03,344.25,5.724529016321025,0.8787087429115868,121,rs_trailing_60m
rs_trailing_60m_001604,PANW,2026-07-21 18:48:00+00:00,343.3,338.6938,13.22502868031009,0.43351999844413763,73,rs_trailing_60m
rs_trailing_60m_001605,PANW,2026-07-21 19:34:00+00:00,343.3,340.8,4.6018831528468445,2.6795775320374764,27,rs_trailing_60m
rs_trailing_60m_001606,PANW,2026-07-22 14:00:00+00:00,332.74,339.47,1.853456298093124,2.2497545197249376,121,rs_trailing_60m
rs_trailing_60m_001607,PANW,2026-07-22 17:17:00+00:00,338.82,333.02,1.4935756426300524,12.256803289519763,121,rs_trailing_60m
rs_trailing_60m_001608,PANW,2026-07-23 14:00:00+00:00,321.87,326.31,2.037600816223375,0.8073512668054807,121,rs_trailing_60m
rs_trailing_60m_001609,PANW,2026-07-23 15:46:00+00:00,326.31,323.51,3.6523750919989024,1.4995897732892074,121,rs_trailing_60m
rs_trailing_60m_001610,PANW,2026-07-24 14:16:00+00:00,323.78,327.5,1.2735125644209426,2.0863929246895947,121,rs_trailing_60m
rs_trailing_60m_001611,PANW,2026-07-27 14:03:00+00:00,330.76,322.39,0.6568633335332287,6.979172918790873,121,rs_trailing_60m
rs_trailing_60m_001612,PANW,2026-07-28 14:00:00+00:00,308.54,321.215,1.698191357172458,7.051636062405187,121,rs_trailing_60m
rs_trailing_60m_001613,PANW,2026-07-28 18:04:00+00:00,323.395,318.29,2.474544049236015,12.475216153545292,117,rs_trailing_60m
rs_trailing_60m_001614,PANW,2026-07-29 14:00:00+00:00,312.46,316.6405,0.9299349066686534,2.0720673152064455,121,rs_trailing_60m
rs_trailing_60m_001615,PANW,2026-07-29 16:10:00+00:00,310.46,317.69,2.4334144351684346,13.416663372279864,120,rs_trailing_60m
rs_trailing_60m_001616,PANW,2026-07-29 18:41:00+00:00,319.98,311.67,3.0726027081576035,13.615847294972593,80,rs_trailing_60m
rs_trailing_60m_001617,PANW,2026-07-30 14:00:00+00:00,313.17,323.245,3.031741984830058,3.711039581872588,121,rs_trailing_60m
rs_trailing_60m_001618,PANW,2026-07-30 16:32:00+00:00,317.58,325.1199,1.373826270746105,11.906318214892547,121,rs_trailing_60m
rs_trailing_60m_001619,PANW,2026-07-30 17:30:00+00:00,325.1199,321.725,5.855174432654831,1.1939165568908499,121,rs_trailing_60m
rs_trailing_60m_001620,PANW,2026-07-31 14:08:00+00:00,319.48,327.91,3.7671850755960348,2.3166023166021987,121,rs_trailing_60m
rs_trailing_60m_001621,PANW,2026-07-31 17:00:00+00:00,333.9799,329.7471,11.289743827372508,2.786437406979675,121,rs_trailing_60m
rs_trailing_60m_001622,PANW,2026-08-03 14:00:00+00:00,334.27,339.85,1.105495515974833,2.9001310938560314,121,rs_trailing_60m
rs_trailing_60m_001623,PANW,2026-08-03 15:25:00+00:00,343.69,336.57,8.583252862464441,2.31028731235672,121,rs_trailing_60m
rs_trailing_60m_001624,PANW,2026-08-03 16:37:00+00:00,345.975,339.38,13.38649918316783,2.336379198487034,121,rs_trailing_60m
rs_trailing_60m_001625,PANW,2026-08-04 14:00:00+00:00,365.08,358.7201,1.5731776079156612,3.7769385722794593,121,rs_trailing_60m
rs_trailing_60m_001626,PANW,2026-08-04 19:14:00+00:00,367.5,362.54,9.661242135880036,2.2953826941925928,47,rs_trailing_60m
rs_trailing_60m_001627,PANW,2026-08-05 14:00:00+00:00,362.84,373.97,4.002653722815173,3.785726685389874,121,rs_trailing_60m
rs_trailing_60m_001628,PANW,2026-08-06 14:00:00+00:00,349.0,361.09,0.4502872746218672,8.623001309008394,121,rs_trailing_60m
rs_trailing_60m_001629,PANW,2026-08-06 15:54:00+00:00,352.25,357.31,6.072771007832733,2.232153667743953,121,rs_trailing_60m
rs_trailing_60m_001630,PANW,2026-08-06 16:36:00+00:00,352.25,357.86,0.6124497991965842,12.112896028555552,121,rs_trailing_60m
rs_trailing_60m_001631,PANW,2026-08-06 17:28:00+00:00,357.86,353.16,1.7230080896640614,9.074509272230697,121,rs_trailing_60m
rs_trailing_60m_001632,PANW,2026-08-07 14:38:00+00:00,359.15,365.015,4.121885787011568,2.4295668256775644,121,rs_trailing_60m
rs_trailing_60m_001633,PANW,2026-08-07 17:11:00+00:00,365.395,361.34,1.6471731884956464,11.075278772171298,121,rs_trailing_60m
rs_trailing_60m_001634,PANW,2026-08-07 18:18:00+00:00,361.34,364.73,1.2542975111448198,10.084551989604496,103,rs_trailing_60m
rs_trailing_60m_001635,PANW,2026-08-10 14:00:00+00:00,382.94,377.52,2.1558980807559416,0.8712955974039539,121,rs_trailing_60m
rs_trailing_60m_001636,PANW,2026-08-10 15:42:00+00:00,383.895,381.221,4.333723117741549,0.32979477707952704,121,rs_trailing_60m
rs_trailing_60m_001637,PANW,2026-08-10 18:07:00+00:00,379.7301,385.1699,0.7343080722932626,14.93650029043942,114,rs_trailing_60m
rs_trailing_60m_001638,PANW,2026-08-11 14:34:00+00:00,384.85,381.87,2.035556066969793,0.5790806052586076,121,rs_trailing_60m
rs_trailing_60m_001639,PANW,2026-08-11 17:12:00+00:00,387.2,380.82,5.383285250956314,12.050907592242558,121,rs_trailing_60m
rs_trailing_60m_001640,PANW,2026-08-11 18:19:00+00:00,380.82,386.24,4.228191127728543,13.332572023450501,102,rs_trailing_60m
rs_trailing_60m_001641,PANW,2026-08-12 14:00:00+00:00,386.565,381.58,3.051435802145507,1.0212301881343695,121,rs_trailing_60m
rs_trailing_60m_001642,PANW,2026-08-12 16:54:00+00:00,378.46,386.08,6.84773370783022,14.27766339891704,121,rs_trailing_60m
rs_trailing_60m_001643,PANW,2026-08-13 14:09:00+00:00,389.55,397.74,4.89488117001844,1.2631951406499269,121,rs_trailing_60m
rs_trailing_60m_001644,PANW,2026-08-13 18:43:00+00:00,396.5,393.07,5.05510415972278,4.90984254593761,78,rs_trailing_60m
rs_trailing_60m_001645,PANW,2026-08-14 14:00:00+00:00,382.48,390.0,3.965491404149889,1.3124723762407684,121,rs_trailing_60m
rs_trailing_60m_001646,PANW,2026-08-14 17:04:00+00:00,383.48,385.8099,0.8617571935533673,7.169475147486626,121,rs_trailing_60m
rs_trailing_60m_001647,PANW,2026-08-14 19:21:00+00:00,380.0,385.4347,6.295413736974401,12.248588992746143,40,rs_trailing_60m
rs_trailing_60m_001648,PEP,2026-07-01 14:00:00+00:00,140.335,139.04,3.502327587872134,0.08305915228155476,121,rs_trailing_60m
rs_trailing_60m_001649,PEP,2026-07-02 14:00:00+00:00,144.65,142.1599,2.91688610832998,2.847667937981455,121,rs_trailing_60m
rs_trailing_60m_001650,PEP,2026-07-02 16:37:00+00:00,144.15,143.35,2.6823190800435337,3.820272629152758,121,rs_trailing_60m
rs_trailing_60m_001651,PEP,2026-07-06 14:00:00+00:00,141.38,142.29,2.01385346912587,0.6811563204395953,121,rs_trailing_60m
rs_trailing_60m_001652,PEP,2026-07-06 17:31:00+00:00,143.6,142.79,9.703522685357813,1.6875691626709934,121,rs_trailing_60m
rs_trailing_60m_001653,PEP,2026-07-07 14:00:00+00:00,149.04,146.28,3.444924966804326,5.358772170584608,121,rs_trailing_60m
rs_trailing_60m_001654,PEP,2026-07-07 15:26:00+00:00,145.41,147.39,9.459957566167594,1.398428509781276,121,rs_trailing_60m
rs_trailing_60m_001655,PEP,2026-07-08 14:00:00+00:00,143.37,144.94,0.15630260183709854,4.751599095849448,121,rs_trailing_60m
rs_trailing_60m_001656,PEP,2026-07-08 16:23:00+00:00,143.43,144.27,4.071148085489512,3.8817923605829296,121,rs_trailing_60m
rs_trailing_60m_001657,PEP,2026-07-09 14:00:00+00:00,134.87,138.04,1.2186522778833504,6.0702679502113615,121,rs_trailing_60m
rs_trailing_60m_001658,PEP,2026-07-09 18:45:00+00:00,136.33,137.9886,3.894652833200574,9.562995477521357,76,rs_trailing_60m
rs_trailing_60m_001659,PEP,2026-07-10 14:27:00+00:00,137.68,136.43,0.5786892924693168,3.9423208049473173,121,rs_trailing_60m
rs_trailing_60m_001660,PEP,2026-07-10 15:54:00+00:00,136.16,137.3,3.2655731854215944,7.075408568413197,121,rs_trailing_60m
rs_trailing_60m_001661,PEP,2026-07-13 14:00:00+00:00,140.06,138.295,2.0771117747439574,5.640998293515325,121,rs_trailing_60m
rs_trailing_60m_001662,PEP,2026-07-13 15:05:00+00:00,138.19,138.87,2.600526315789294,1.7657894736841202,121,rs_trailing_60m
rs_trailing_60m_001663,PEP,2026-07-14 14:34:00+00:00,136.04,137.255,4.47965290497947,1.7764140830090849,121,rs_trailing_60m
rs_trailing_60m_001664,PEP,2026-07-15 14:30:00+00:00,136.99,135.615,5.215585684621793,1.6143479500019096,121,rs_trailing_60m
rs_trailing_60m_001665,PEP,2026-07-16 14:35:00+00:00,136.5,139.01,1.4048156030621008,10.754105651027405,121,rs_trailing_60m
rs_trailing_60m_001666,PEP,2026-07-17 14:05:00+00:00,137.88,140.475,10.097831964996802,0.9586549333857463,121,rs_trailing_60m
rs_trailing_60m_001667,PEP,2026-07-17 15:58:00+00:00,136.18,138.31,19.12324575287726,0.4625182773330717,121,rs_trailing_60m
rs_trailing_60m_001668,PEP,2026-07-20 15:20:00+00:00,134.33,135.82,14.011741987728096,0.14249229140049566,121,rs_trailing_60m
rs_trailing_60m_001669,PEP,2026-07-20 15:53:00+00:00,133.95,135.29,12.601489310591196,0.4884298182397945,121,rs_trailing_60m
rs_trailing_60m_001670,PEP,2026-07-20 18:45:00+00:00,135.51,134.63,8.323504243850731,4.091213950367173,76,rs_trailing_60m
rs_trailing_60m_001671,PEP,2026-07-22 14:00:00+00:00,134.72,135.95,0.7151651690985653,6.051397584680348,121,rs_trailing_60m
rs_trailing_60m_001672,PEP,2026-07-23 14:00:00+00:00,133.73,135.215,1.73580202955329,4.873598006053278,121,rs_trailing_60m
rs_trailing_60m_001673,PEP,2026-07-23 15:00:00+00:00,135.215,134.6,0.7061647758430737,3.86532298356221,121,rs_trailing_60m
rs_trailing_60m_001674,PEP,2026-07-24 14:45:00+00:00,136.45,135.58,4.006612004510928,1.8029754020298132,121,rs_trailing_60m
rs_trailing_60m_001675,PEP,2026-07-24 18:31:00+00:00,137.13,136.545,6.72455451524836,4.053156146176971,90,rs_trailing_60m
rs_trailing_60m_001676,PEP,2026-07-27 14:00:00+00:00,140.22,137.87,9.176788124157225,1.3945119208278294,121,rs_trailing_60m
rs_trailing_60m_001677,PEP,2026-07-27 15:52:00+00:00,139.855,139.295,1.7493425102123754,3.029349225002309,121,rs_trailing_60m
rs_trailing_60m_001678,PEP,2026-07-27 19:30:00+00:00,139.3001,139.91,0.4808594779861124,9.327708937514808,31,rs_trailing_60m
rs_trailing_60m_001679,PEP,2026-07-28 14:00:00+00:00,145.43,142.06,2.462239954403472,12.903961242521339,121,rs_trailing_60m
rs_trailing_60m_001680,PEP,2026-07-29 14:00:00+00:00,145.22,143.96,1.3057920659769018,3.023939521209688,121,rs_trailing_60m
rs_trailing_60m_001681,PEP,2026-07-29 16:04:00+00:00,145.23,143.945,0.830791022008848,9.844873610805427,121,rs_trailing_60m
rs_trailing_60m_001682,PEP,2026-07-29 17:14:00+00:00,142.775,144.82,20.39438539613728,2.5844124744415273,121,rs_trailing_60m
rs_trailing_60m_001683,PEP,2026-07-29 18:00:00+00:00,142.77,144.82,15.77239789196392,4.822134387351944,121,rs_trailing_60m
rs_trailing_60m_001684,PEP,2026-07-29 18:42:00+00:00,142.77,144.0,9.471162211721639,0.5715356507072863,79,rs_trailing_60m
rs_trailing_60m_001685,PEP,2026-07-30 14:00:00+00:00,139.42,141.05,1.5107628648151588,4.803451159924974,121,rs_trailing_60m
rs_trailing_60m_001686,PEP,2026-07-30 15:30:00+00:00,140.68,139.67,2.6830249773063417,3.082624442011666,121,rs_trailing_60m
rs_trailing_60m_001687,PEP,2026-07-30 16:59:00+00:00,139.67,140.425,0.6871912065275962,6.724656806732281,121,rs_trailing_60m
rs_trailing_60m_001688,PEP,2026-07-31 14:10:00+00:00,140.05,138.85,1.4519820080490344,3.387958018780966,121,rs_trailing_60m
rs_trailing_60m_001689,PEP,2026-08-03 14:00:00+00:00,139.0,141.05,5.451170282772974,1.9987624370167985,121,rs_trailing_60m
rs_trailing_60m_001690,PEP,2026-08-04 14:05:00+00:00,138.03,138.68,2.5721233787827185,0.46765879614227623,121,rs_trailing_60m
rs_trailing_60m_001691,PEP,2026-08-05 14:07:00+00:00,137.98,139.23,2.3239914114591174,3.454781742159087,121,rs_trailing_60m
rs_trailing_60m_001692,PEP,2026-08-05 16:12:00+00:00,139.015,138.43,1.0369694366901732,5.34857919977022,121,rs_trailing_60m
rs_trailing_60m_001693,PEP,2026-08-06 14:00:00+00:00,137.14,138.35,5.32436752466521,0.8113321942346725,121,rs_trailing_60m
rs_trailing_60m_001694,PEP,2026-08-07 14:13:00+00:00,138.82,138.075,2.458971702742788,2.0091598058996594,121,rs_trailing_60m
rs_trailing_60m_001695,PEP,2026-08-10 14:00:00+00:00,137.45,138.5,2.0837095586700762,3.7506772056062005,121,rs_trailing_60m
rs_trailing_60m_001696,PEP,2026-08-11 14:46:00+00:00,136.93,137.93,1.90108401084023,6.364498644987225,121,rs_trailing_60m
rs_trailing_60m_001697,PYPL,2026-07-01 14:01:00+00:00,44.89,43.89,8.752011789571423,1.1372670687013935,121,rs_trailing_60m
rs_trailing_60m_001698,PYPL,2026-07-02 14:00:00+00:00,45.37,44.805,3.2869785082173837,2.5165929203539057,121,rs_trailing_60m
rs_trailing_60m_001699,PYPL,2026-07-02 15:23:00+00:00,45.37,45.01,3.891114078030826,2.6242397270441473,121,rs_trailing_60m
rs_trailing_60m_001700,PYPL,2026-07-06 14:06:00+00:00,44.11,44.94,0.5702996868943022,4.998509020426464,121,rs_trailing_60m
rs_trailing_60m_001701,PYPL,2026-07-07 14:04:00+00:00,45.72,45.32,1.0840623811334744,3.4804108025864564,121,rs_trailing_60m
rs_trailing_60m_001702,PYPL,2026-07-08 14:00:00+00:00,43.73,44.45,7.001636397778592,1.6900501649810304,121,rs_trailing_60m
rs_trailing_60m_001703,PYPL,2026-07-09 14:00:00+00:00,45.01,44.445,6.410182572135851,0.4233139434428914,121,rs_trailing_60m
rs_trailing_60m_001704,PYPL,2026-07-10 14:00:00+00:00,46.375,45.765,0.5973605001157958,5.475804584394559,121,rs_trailing_60m
rs_trailing_60m_001705,PYPL,2026-07-13 14:27:00+00:00,46.285,47.72,1.2158256652161488,13.323422914659767,121,rs_trailing_60m
rs_trailing_60m_001706,PYPL,2026-07-13 16:19:00+00:00,48.43,47.34,27.6529700759376,2.0433229120149763,121,rs_trailing_60m
rs_trailing_60m_001707,PYPL,2026-07-13 18:16:00+00:00,47.355,47.87,5.64879188511593,3.3023706405292446,105,rs_trailing_60m
rs_trailing_60m_001708,PYPL,2026-07-14 15:09:00+00:00,46.56,47.22,2.9386760371800245,8.470301518930961,121,rs_trailing_60m
rs_trailing_60m_001709,PYPL,2026-07-14 16:10:00+00:00,47.325,46.855,10.199304440883731,2.5838237916907074,121,rs_trailing_60m
rs_trailing_60m_001710,PYPL,2026-07-15 14:00:00+00:00,54.45,55.63,0.9378630161948043,3.160945721249215,121,rs_trailing_60m
rs_trailing_60m_001711,PYPL,2026-07-15 18:51:00+00:00,55.88,55.355,4.501291354076942,1.1253228385192737,70,rs_trailing_60m
rs_trailing_60m_001712,PYPL,2026-07-16 14:00:00+00:00,57.18,56.03,5.40834033636363,1.2436290613028425,121,rs_trailing_60m
rs_trailing_60m_001713,PYPL,2026-07-16 16:43:00+00:00,57.67,57.08,5.407028278958803,4.883767477769226,121,rs_trailing_60m
rs_trailing_60m_001714,PYPL,2026-07-16 19:29:00+00:00,56.61,56.9411,2.2675846909758444,4.261087406259699,32,rs_trailing_60m
rs_trailing_60m_001715,PYPL,2026-07-17 14:00:00+00:00,55.69,56.485,1.1588518452487546,5.927972900695428,121,rs_trailing_60m
rs_trailing_60m_001716,PYPL,2026-07-17 15:42:00+00:00,57.085,56.27,9.854168049748095,1.147403129080167,121,rs_trailing_60m
rs_trailing_60m_001717,PYPL,2026-07-20 14:00:00+00:00,55.395,57.055,0.13280020786116709,10.889617044617871,121,rs_trailing_60m
rs_trailing_60m_001718,PYPL,2026-07-21 14:30:00+00:00,55.0,56.12,8.032879545891959,0.18339907639021713,121,rs_trailing_60m
rs_trailing_60m_001719,PYPL,2026-07-22 14:27:00+00:00,55.305,55.75,1.532079262800506,3.1698191644147418,121,rs_trailing_60m
rs_trailing_60m_001720,PYPL,2026-07-23 14:27:00+00:00,54.955,55.87,0.29952279419237254,8.835922428674635,121,rs_trailing_60m
rs_trailing_60m_001721,PYPL,2026-07-24 14:00:00+00:00,55.22,56.31,2.297834732655918,7.335395492709381,121,rs_trailing_60m
rs_trailing_60m_001722,PYPL,2026-07-24 15:20:00+00:00,56.31,55.79,2.5285877644370056,6.53945111492315,121,rs_trailing_60m
rs_trailing_60m_001723,PYPL,2026-07-27 14:31:00+00:00,56.585,56.0201,4.16237035239898,1.062791896645854,121,rs_trailing_60m
rs_trailing_60m_001724,PYPL,2026-07-27 19:30:00+00:00,55.9,56.31,4.6654495213618725,7.675416954498585,31,rs_trailing_60m
rs_trailing_60m_001725,PYPL,2026-07-28 14:00:00+00:00,58.7499,57.69,3.6509225330513266,1.3107556215596596,121,rs_trailing_60m
rs_trailing_60m_001726,PYPL,2026-07-28 15:23:00+00:00,58.0,58.68,2.9649800890138898,1.8933005387679134,121,rs_trailing_60m
rs_trailing_60m_001727,PYPL,2026-07-28 16:04:00+00:00,58.045,58.8,0.17805713396125256,8.784151942088066,121,rs_trailing_60m
rs_trailing_60m_001728,PYPL,2026-07-28 16:59:00+00:00,58.8,58.36,4.06455177793712,4.659364233245019,121,rs_trailing_60m
rs_trailing_60m_001729,PYPL,2026-07-29 14:00:00+00:00,58.84,58.285,0.33923367981561203,2.798677858478719,121,rs_trailing_60m
rs_trailing_60m_001730,PYPL,2026-07-29 18:14:00+00:00,59.47,58.0,7.263634198617492,19.430221481301864,107,rs_trailing_60m
rs_trailing_60m_001731,PYPL,2026-07-30 14:14:00+00:00,56.655,57.465,5.787445694724486,0.678528115933221,121,rs_trailing_60m
rs_trailing_60m_001732,PYPL,2026-07-30 17:16:00+00:00,57.735,57.2,10.597795628616552,1.5953670838777796,121,rs_trailing_60m
rs_trailing_60m_001733,PYPL,2026-07-31 14:18:00+00:00,56.62,56.995,1.1520892565994723,1.7281338848990992,121,rs_trailing_60m
rs_trailing_60m_001734,PYPL,2026-08-03 14:27:00+00:00,57.335,57.7298,3.2138139831705037,0.36030928600052375,121,rs_trailing_60m
rs_trailing_60m_001735,PYPL,2026-08-04 14:29:00+00:00,58.295,57.86,4.047812853907448,0.6476500566252164,121,rs_trailing_60m
rs_trailing_60m_001736,PYPL,2026-08-06 14:00:00+00:00,59.0,58.6512,1.4708934315660525,2.329459375324632,121,rs_trailing_60m
rs_trailing_60m_001737,PYPL,2026-08-06 18:03:00+00:00,59.79,58.85,18.508768015695626,7.076881888354159,118,rs_trailing_60m
rs_trailing_60m_001738,PYPL,2026-08-07 15:07:00+00:00,59.01,59.53,8.044387262786909,2.1582502412354816,121,rs_trailing_60m
rs_trailing_60m_001739,PYPL,2026-08-10 14:34:00+00:00,58.41,58.83,2.0510035174843066,4.57531553900335,121,rs_trailing_60m
rs_trailing_60m_001740,PYPL,2026-08-11 14:00:00+00:00,59.44,58.8302,0.7205146533238169,5.556197283774208,121,rs_trailing_60m
rs_trailing_60m_001741,PYPL,2026-08-12 14:00:00+00:00,58.58,58.24,3.780135757198319,0.7294998829681016,121,rs_trailing_60m
rs_trailing_60m_001742,PYPL,2026-08-13 14:38:00+00:00,59.805,59.405,0.4360524488379007,4.547404109310004,121,rs_trailing_60m
rs_trailing_60m_001743,PYPL,2026-08-13 19:16:00+00:00,60.76,60.2693,6.84294871794724,5.149318910255171,45,rs_trailing_60m
rs_trailing_60m_001744,PYPL,2026-08-14 14:06:00+00:00,59.72,60.13,2.9908278184147283,1.3885986299782884,120,rs_trailing_60m
rs_trailing_60m_001745,PYPL,2026-08-14 19:44:00+00:00,62.31,59.34,3.552542688749567,38.651664453595274,17,rs_trailing_60m
rs_trailing_60m_001746,QCOM,2026-07-01 14:00:00+00:00,188.36,183.24,3.4191599315699523,3.3010315654120244,121,rs_trailing_60m
rs_trailing_60m_001747,QCOM,2026-07-01 16:08:00+00:00,182.89,190.99,4.522848301105924,11.000486969638938,121,rs_trailing_60m
rs_trailing_60m_001748,QCOM,2026-07-01 17:10:00+00:00,181.99,190.99,4.088801722907109,29.98454596798597,121,rs_trailing_60m
rs_trailing_60m_001749,QCOM,2026-07-02 14:09:00+00:00,174.1,182.79,10.419796750622755,1.5416343937513266,121,rs_trailing_60m
rs_trailing_60m_001750,QCOM,2026-07-02 18:10:00+00:00,178.0,173.36,10.391050940118106,3.6247852116690744,111,rs_trailing_60m
rs_trailing_60m_001751,QCOM,2026-07-06 14:00:00+00:00,188.42,184.56,3.332113062398399,2.1410598826474745,121,rs_trailing_60m
rs_trailing_60m_001752,QCOM,2026-07-06 15:12:00+00:00,184.56,188.67,2.7841861545858655,7.618545750275885,121,rs_trailing_60m
rs_trailing_60m_001753,QCOM,2026-07-06 16:09:00+00:00,188.67,185.4,1.3101065361353474,8.105384393892592,121,rs_trailing_60m
rs_trailing_60m_001754,QCOM,2026-07-06 17:32:00+00:00,185.05,187.22,4.431947804732309,5.1853789315367464,121,rs_trailing_60m
rs_trailing_60m_001755,QCOM,2026-07-07 14:00:00+00:00,183.59,179.19,0.5340299420503292,5.6494746501114586,121,rs_trailing_60m
rs_trailing_60m_001756,QCOM,2026-07-07 18:52:00+00:00,179.79,184.64,9.88955314621951,13.170222218763318,69,rs_trailing_60m
rs_trailing_60m_001757,QCOM,2026-07-08 14:00:00+00:00,185.9,181.99,0.6673592590950261,5.400954003838715,121,rs_trailing_60m
rs_trailing_60m_001758,QCOM,2026-07-08 15:12:00+00:00,186.845,181.99,5.715351850583775,3.936137970141153,121,rs_trailing_60m
rs_trailing_60m_001759,QCOM,2026-07-08 16:02:00+00:00,182.24,186.845,0.15639087463518217,11.846608753614568,121,rs_trailing_60m
rs_trailing_60m_001760,QCOM,2026-07-09 14:00:00+00:00,187.44,196.09,4.830719963070398,9.144439796313831,121,rs_trailing_60m
rs_trailing_60m_001761,QCOM,2026-07-10 14:15:00+00:00,185.9,189.11,1.5157138564128372,3.8127731429139557,121,rs_trailing_60m
rs_trailing_60m_001762,QCOM,2026-07-10 15:18:00+00:00,189.465,187.8,2.7283471504969907,1.162614738648626,121,rs_trailing_60m
rs_trailing_60m_001763,QCOM,2026-07-10 16:04:00+00:00,190.19,188.2901,5.117153601386599,2.170762536000499,121,rs_trailing_60m
rs_trailing_60m_001764,QCOM,2026-07-10 18:42:00+00:00,188.22,189.63,1.9957191021197247,7.54314169106307,79,rs_trailing_60m
rs_trailing_60m_001765,QCOM,2026-07-13 14:00:00+00:00,188.16,184.8536,1.8742939670827432,3.917449558863439,121,rs_trailing_60m
rs_trailing_60m_001766,QCOM,2026-07-13 16:37:00+00:00,184.04,185.61,0.26077848791224145,6.562925279124579,121,rs_trailing_60m
rs_trailing_60m_001767,QCOM,2026-07-13 19:06:00+00:00,181.81,187.06,6.449858456468979,15.187046908682579,55,rs_trailing_60m
rs_trailing_60m_001768,QCOM,2026-07-14 14:00:00+00:00,179.02,183.28,4.195365545237431,1.980685744662156,121,rs_trailing_60m
rs_trailing_60m_001769,QCOM,2026-07-14 18:28:00+00:00,180.84,177.45,2.593784442056398,11.474902371657567,93,rs_trailing_60m
rs_trailing_60m_001770,QCOM,2026-07-14 19:27:00+00:00,177.45,179.33,3.320373250389105,3.929686808532455,34,rs_trailing_60m
rs_trailing_60m_001771,QCOM,2026-07-15 14:01:00+00:00,174.8,179.53,8.650887520335575,1.2090397016372936,121,rs_trailing_60m
rs_trailing_60m_001772,QCOM,2026-07-15 17:12:00+00:00,179.165,176.43,8.098652312109232,1.1884814713786984,121,rs_trailing_60m
rs_trailing_60m_001773,QCOM,2026-07-16 14:00:00+00:00,170.2978,173.96,2.4550894215078323,4.049778527736806,121,rs_trailing_60m
rs_trailing_60m_001774,QCOM,2026-07-16 15:04:00+00:00,173.96,170.82,3.5328953172166133,3.81365520997549,121,rs_trailing_60m
rs_trailing_60m_001775,QCOM,2026-07-16 16:48:00+00:00,170.29,172.4,5.160717127247881,1.6663130536255402,121,rs_trailing_60m
rs_trailing_60m_001776,QCOM,2026-07-17 14:00:00+00:00,170.2999,165.68,3.4550741383965407,4.056854428584591,121,rs_trailing_60m
rs_trailing_60m_001777,QCOM,2026-07-17 19:37:00+00:00,172.39,170.42,2.507376119026901,3.5533980582528613,24,rs_trailing_60m
rs_trailing_60m_001778,QCOM,2026-07-20 14:00:00+00:00,170.64,173.84,2.156660466098929,3.6919102894235873,121,rs_trailing_60m
rs_trailing_60m_001779,QCOM,2026-07-20 15:51:00+00:00,173.97,171.415,2.356306717350795,6.368858011390245,121,rs_trailing_60m
rs_trailing_60m_001780,QCOM,2026-07-20 19:23:00+00:00,169.9,171.355,2.540907590498295,4.434602870209197,38,rs_trailing_60m
rs_trailing_60m_001781,QCOM,2026-07-21 14:00:00+00:00,171.12,174.16,2.7264695685887745,2.4864030656941405,121,rs_trailing_60m
rs_trailing_60m_001782,QCOM,2026-07-21 15:10:00+00:00,174.94,172.32,4.053928587134547,3.755845602786517,121,rs_trailing_60m
rs_trailing_60m_001783,QCOM,2026-07-21 16:00:00+00:00,174.94,172.66,2.865720966147685,4.644444324446213,121,rs_trailing_60m
rs_trailing_60m_001784,QCOM,2026-07-21 17:23:00+00:00,172.29,173.82,3.46138862069407,4.442976438502654,121,rs_trailing_60m
rs_trailing_60m_001785,QCOM,2026-07-22 14:00:00+00:00,178.65,174.8005,5.070350334178589,2.1055002582554248,121,rs_trailing_60m
rs_trailing_60m_001786,QCOM,2026-07-22 16:11:00+00:00,175.63,177.16,3.9768414907080736,2.0774545100714135,121,rs_trailing_60m
rs_trailing_60m_001787,QCOM,2026-07-23 14:28:00+00:00,173.07,168.31,1.0260883108790557,8.01869013316607,121,rs_trailing_60m
rs_trailing_60m_001788,QCOM,2026-07-24 14:00:00+00:00,166.45,169.1311,1.4056631706904446,4.304523991336872,121,rs_trailing_60m
rs_trailing_60m_001789,QCOM,2026-07-24 16:05:00+00:00,171.1,167.93,2.7429239186624117,7.670332155780377,121,rs_trailing_60m
rs_trailing_60m_001790,QCOM,2026-07-24 17:14:00+00:00,165.95,169.13,8.810619513295725,3.3182852712412614,121,rs_trailing_60m
rs_trailing_60m_001791,QCOM,2026-07-27 14:30:00+00:00,165.29,169.16,2.600070955111582,3.4252431743984406,121,rs_trailing_60m
rs_trailing_60m_001792,QCOM,2026-07-27 19:06:00+00:00,170.97,169.175,3.9525911224982,4.155867237369479,55,rs_trailing_60m
rs_trailing_60m_001793,QCOM,2026-07-28 14:05:00+00:00,167.92,164.615,1.4139255404819129,4.216223750232282,121,rs_trailing_60m
rs_trailing_60m_001794,QCOM,2026-07-28 16:30:00+00:00,162.16,165.895,8.185313438916042,3.41701889290621,121,rs_trailing_60m
rs_trailing_60m_001795,QCOM,2026-07-28 19:30:00+00:00,164.395,162.73,1.6463006197605772,4.958736806507518,31,rs_trailing_60m
rs_trailing_60m_001796,QCOM,2026-07-29 14:23:00+00:00,157.84,161.08,3.3066004979595394,1.9067258345898046,121,rs_trailing_60m
rs_trailing_60m_001797,QCOM,2026-07-29 15:40:00+00:00,161.03,158.445,3.8838121436470687,2.551863748229655,121,rs_trailing_60m
rs_trailing_60m_001798,QCOM,2026-07-29 17:50:00+00:00,164.56,157.88,12.988731972880613,10.461194940320159,121,rs_trailing_60m
rs_trailing_60m_001799,QCOM,2026-07-29 19:43:00+00:00,153.13,159.95,12.566239473699994,1.369004950793306,18,rs_trailing_60m
rs_trailing_60m_001800,QCOM,2026-07-30 14:00:00+00:00,148.1,152.89,1.7365152348939294,3.6823173222017886,121,rs_trailing_60m
rs_trailing_60m_001801,QCOM,2026-07-31 14:00:00+00:00,146.15,150.07,4.785925414609595,1.227160362720381,121,rs_trailing_60m
rs_trailing_60m_001802,QCOM,2026-08-03 14:00:00+00:00,143.36,150.4999,2.1123053392087052,12.38928013330698,121,rs_trailing_60m
rs_trailing_60m_001803,QCOM,2026-08-03 16:04:00+00:00,148.51,150.49,2.7686291852377094,4.2594295157503765,121,rs_trailing_60m
rs_trailing_60m_001804,QCOM,2026-08-04 14:00:00+00:00,162.6263,157.6301,12.008637616373147,0.4485505278295742,121,rs_trailing_60m
rs_trailing_60m_001805,QCOM,2026-08-04 19:36:00+00:00,163.48,162.425,0.8970038600580208,6.989155076286819,25,rs_trailing_60m
rs_trailing_60m_001806,QCOM,2026-08-05 14:28:00+00:00,157.1,159.6,4.291909628933238,0.4557780136919847,121,rs_trailing_60m
rs_trailing_60m_001807,QCOM,2026-08-05 19:28:00+00:00,159.45,157.15,0.11078554823701102,16.876331848120003,33,rs_trailing_60m
rs_trailing_60m_001808,QCOM,2026-08-06 14:00:00+00:00,161.74,159.26,5.133658310609612,0.8717532980280785,121,rs_trailing_60m
rs_trailing_60m_001809,QCOM,2026-08-06 15:48:00+00:00,160.94,158.89,0.5402669703295243,7.370785095210754,121,rs_trailing_60m
rs_trailing_60m_001810,QCOM,2026-08-06 16:28:00+00:00,159.0,162.6,0.8681588821323956,18.073489455302575,121,rs_trailing_60m
rs_trailing_60m_001811,QCOM,2026-08-07 14:01:00+00:00,165.81,163.28,2.111780127633345,4.403834168601302,121,rs_trailing_60m
rs_trailing_60m_001812,QCOM,2026-08-07 15:53:00+00:00,167.77,165.12,11.602273248088771,0.7455275982707458,121,rs_trailing_60m
rs_trailing_60m_001813,QCOM,2026-08-10 14:07:00+00:00,163.11,166.5999,6.534399038864068,2.0065744464286923,121,rs_trailing_60m
rs_trailing_60m_001814,QCOM,2026-08-10 15:20:00+00:00,163.11,164.78,2.7607549570039907,3.469597445964591,121,rs_trailing_60m
rs_trailing_60m_001815,QCOM,2026-08-11 14:31:00+00:00,164.605,162.36,1.4492649282209316,5.123663887650005,121,rs_trailing_60m
rs_trailing_60m_001816,QCOM,2026-08-12 14:00:00+00:00,161.07,164.27,7.879763461774731,1.599651229082151,121,rs_trailing_60m
rs_trailing_60m_001817,QCOM,2026-08-13 14:00:00+00:00,166.77,163.97,2.469383946133068,5.570470762207059,121,rs_trailing_60m
rs_trailing_60m_001818,QCOM,2026-08-14 15:06:00+00:00,163.18,164.6899,4.887525257895967,1.642582154631303,121,rs_trailing_60m
rs_trailing_60m_001819,REGN,2026-07-01 15:06:00+00:00,632.44,627.02,1.2091179385532,6.072458980288767,121,rs_trailing_60m
rs_trailing_60m_001820,REGN,2026-07-01 16:08:00+00:00,624.12,629.49,6.783768581759775,3.7447971072719124,121,rs_trailing_60m
rs_trailing_60m_001821,REGN,2026-07-02 14:30:00+00:00,648.2,639.52,7.2102881561389776,2.0002050293335927,119,rs_trailing_60m
rs_trailing_60m_001822,REGN,2026-07-02 16:33:00+00:00,645.64,642.47,1.9867828429513246,5.170150807225551,117,rs_trailing_60m
rs_trailing_60m_001823,REGN,2026-07-02 19:32:00+00:00,654.935,647.1,15.627123910127809,7.19459385983539,29,rs_trailing_60m
rs_trailing_60m_001824,REGN,2026-07-06 14:00:00+00:00,637.715,644.77,2.3514094871504367,1.4578198887040166,112,rs_trailing_60m
rs_trailing_60m_001825,REGN,2026-07-07 14:02:00+00:00,670.92,661.005,6.471147089191005,0.7299105302622844,119,rs_trailing_60m
rs_trailing_60m_001826,REGN,2026-07-08 14:00:00+00:00,661.63,670.26,3.1759819505692866,2.3112501281920554,120,rs_trailing_60m
rs_trailing_60m_001827,REGN,2026-07-09 15:57:00+00:00,662.51,667.4,0.0,13.157186675993449,118,rs_trailing_60m
rs_trailing_60m_001828,REGN,2026-07-13 14:51:00+00:00,655.8,659.36,1.8060922575417928,3.4212967155060072,116,rs_trailing_60m
rs_trailing_60m_001829,REGN,2026-07-14 15:10:00+00:00,655.4875,660.69,0.0,12.980680297867154,103,rs_trailing_60m
rs_trailing_60m_001830,REGN,2026-07-14 16:09:00+00:00,661.215,657.3074,4.233124942736368,10.08839802370121,105,rs_trailing_60m
rs_trailing_60m_001831,REGN,2026-07-15 14:30:00+00:00,669.1,661.01,6.534661266446606,0.9427658404208447,118,rs_trailing_60m
rs_trailing_60m_001832,REGN,2026-07-15 16:08:00+00:00,669.1,661.78,4.836132010240984,14.940675986944893,106,rs_trailing_60m
rs_trailing_60m_001833,REGN,2026-07-15 17:18:00+00:00,661.78,664.21,2.5744171131066773,3.499207726553085,106,rs_trailing_60m
rs_trailing_60m_001834,REGN,2026-07-16 14:00:00+00:00,680.29,671.9305,4.646563442480714,1.2342763905877208,114,rs_trailing_60m
rs_trailing_60m_001835,REGN,2026-07-16 15:31:00+00:00,679.66,675.96,1.0705449081747829,4.670058222617917,114,rs_trailing_60m
rs_trailing_60m_001836,REGN,2026-07-17 14:00:00+00:00,689.105,678.795,0.5816911483205697,7.468289709645969,119,rs_trailing_60m
rs_trailing_60m_001837,REGN,2026-07-17 14:42:00+00:00,676.68,686.4875,8.351082391732843,3.450537285056675,112,rs_trailing_60m
rs_trailing_60m_001838,REGN,2026-07-17 15:56:00+00:00,673.43,679.93,11.266236965404032,1.764108279280336,111,rs_trailing_60m
rs_trailing_60m_001839,REGN,2026-07-20 14:02:00+00:00,670.32,677.94,0.8546495851008477,6.545838867704263,110,rs_trailing_60m
rs_trailing_60m_001840,REGN,2026-07-20 14:49:00+00:00,680.34,673.52,10.887703889584118,1.947929736511505,113,rs_trailing_60m
rs_trailing_60m_001841,REGN,2026-07-20 17:05:00+00:00,681.74,671.98,1.73960177790641,39.17247858924548,111,rs_trailing_60m
rs_trailing_60m_001842,REGN,2026-07-20 18:07:00+00:00,671.78,676.33,13.418862285935404,1.1877940300947571,110,rs_trailing_60m
rs_trailing_60m_001843,REGN,2026-07-21 14:31:00+00:00,676.45,668.53,0.6489691808678849,10.286851909501046,110,rs_trailing_60m
rs_trailing_60m_001844,REGN,2026-07-22 15:16:00+00:00,648.901,669.28,51.068178094230525,1.5491636006137561,119,rs_trailing_60m
rs_trailing_60m_001845,REGN,2026-07-23 14:00:00+00:00,638.27,655.2,0.45151566746754257,8.089445505968971,120,rs_trailing_60m
rs_trailing_60m_001846,REGN,2026-07-23 16:26:00+00:00,648.8475,652.3,6.202669734795297,1.9012913851215796,118,rs_trailing_60m
rs_trailing_60m_001847,REGN,2026-07-24 14:31:00+00:00,667.06,659.375,0.5637207040245551,7.93077657132594,113,rs_trailing_60m
rs_trailing_60m_001848,REGN,2026-07-24 15:15:00+00:00,661.57,667.33,1.2442010937186494,6.7186859060808946,111,rs_trailing_60m
rs_trailing_60m_001849,REGN,2026-07-27 14:00:00+00:00,678.12,669.6002,3.788597929177359,1.7337453791212267,115,rs_trailing_60m
rs_trailing_60m_001850,REGN,2026-07-28 14:00:00+00:00,693.95,682.49,4.013517026254378,3.9303353262282994,120,rs_trailing_60m
rs_trailing_60m_001851,REGN,2026-07-28 15:09:00+00:00,682.49,688.93,4.402432042318701,3.5170267153717596,119,rs_trailing_60m
rs_trailing_60m_001852,REGN,2026-07-29 14:24:00+00:00,702.6,694.41,2.36307004433509,5.4250762989664825,109,rs_trailing_60m
rs_trailing_60m_001853,REGN,2026-07-29 15:42:00+00:00,694.41,698.83,1.4926585744462073,6.911864863836159,113,rs_trailing_60m
rs_trailing_60m_001854,REGN,2026-07-29 17:19:00+00:00,692.36,698.63,6.632248108947913,7.024302184353845,117,rs_trailing_60m
rs_trailing_60m_001855,REGN,2026-07-29 18:51:00+00:00,692.36,698.63,6.185533819214577,8.449672613417732,70,rs_trailing_60m
rs_trailing_60m_001856,REGN,2026-07-29 19:43:00+00:00,697.46,694.59,2.0615612363658182,2.1051153469930584,18,rs_trailing_60m
rs_trailing_60m_001857,REGN,2026-07-30 14:00:00+00:00,720.94,699.05,3.7779414182145676,3.3821570791635085,118,rs_trailing_60m
rs_trailing_60m_001858,REGN,2026-07-30 18:05:00+00:00,740.06,718.95,23.468494326249687,0.6043878519393459,116,rs_trailing_60m
rs_trailing_60m_001859,REGN,2026-07-31 14:28:00+00:00,743.9,733.94,2.122853715228333,1.3777461198170577,117,rs_trailing_60m
rs_trailing_60m_001860,REGN,2026-07-31 17:16:00+00:00,759.71,747.28,21.219434698254254,2.309340796777046,120,rs_trailing_60m
rs_trailing_60m_001861,REGN,2026-07-31 19:35:00+00:00,764.75,759.52,3.1848242255483576,3.271234185156179,26,rs_trailing_60m
rs_trailing_60m_001862,REGN,2026-08-03 14:00:00+00:00,758.4,768.5,2.71521750689764,1.9093519399262944,121,rs_trailing_60m
rs_trailing_60m_001863,REGN,2026-08-04 17:41:00+00:00,757.525,763.54,0.0,14.069940351871944,112,rs_trailing_60m
rs_trailing_60m_001864,REGN,2026-08-05 14:00:00+00:00,776.99,770.0,0.8179137993212288,3.3400625332281506,116,rs_trailing_60m
rs_trailing_60m_001865,REGN,2026-08-05 16:07:00+00:00,778.61,769.01,4.440391986755641,19.779927941002583,104,rs_trailing_60m
rs_trailing_60m_001866,REGN,2026-08-05 17:08:00+00:00,766.48,772.505,14.995989939389547,2.7546661283552694,98,rs_trailing_60m
rs_trailing_60m_001867,REGN,2026-08-06 14:15:00+00:00,762.785,770.22,5.3670130938754195,1.6152690326274395,103,rs_trailing_60m
rs_trailing_60m_001868,REGN,2026-08-07 14:33:00+00:00,781.52,774.77,4.653056684423942,2.452855673010877,102,rs_trailing_60m
rs_trailing_60m_001869,REGN,2026-08-07 16:44:00+00:00,784.99,780.53,7.358720245577011,7.099382087142813,103,rs_trailing_60m
rs_trailing_60m_001870,REGN,2026-08-10 14:23:00+00:00,803.97,793.19,8.991608701893508,0.1526876949377715,117,rs_trailing_60m
rs_trailing_60m_001871,REGN,2026-08-10 16:13:00+00:00,804.94,801.17,4.234196284503611,3.5716325627230145,106,rs_trailing_60m
rs_trailing_60m_001872,REGN,2026-08-11 14:46:00+00:00,803.79,809.41,2.684814199088658,5.515542213345043,113,rs_trailing_60m
rs_trailing_60m_001873,REGN,2026-08-12 14:31:00+00:00,797.38,791.52,3.9743078658477313,1.8920508479728226,102,rs_trailing_60m
rs_trailing_60m_001874,REGN,2026-08-13 15:32:00+00:00,815.8,807.17,20.600191296031905,0.03586800573885052,118,rs_trailing_60m
rs_trailing_60m_001875,REGN,2026-08-13 18:07:00+00:00,804.64,809.65,5.99192311304615,5.379112794666468,112,rs_trailing_60m
rs_trailing_60m_001876,REGN,2026-08-14 15:49:00+00:00,804.62,801.17,4.209782397512867,3.051729162619009,72,rs_trailing_60m
rs_trailing_60m_001877,SBUX,2026-07-01 14:26:00+00:00,101.4,102.53,2.89375607693936,2.7431071655042443,121,rs_trailing_60m
rs_trailing_60m_001878,SBUX,2026-07-01 15:43:00+00:00,101.4,103.76,1.7050715396309464,23.44473366992604,121,rs_trailing_60m
rs_trailing_60m_001879,SBUX,2026-07-02 14:45:00+00:00,105.75,103.99,10.422982372978682,1.4121459989197485,121,rs_trailing_60m
rs_trailing_60m_001880,SBUX,2026-07-06 14:00:00+00:00,100.09,101.87,6.7100193891166295,0.6855437765970832,121,rs_trailing_60m
rs_trailing_60m_001881,SBUX,2026-07-06 16:38:00+00:00,101.65,100.51,6.692383918460632,5.612967157418511,121,rs_trailing_60m
rs_trailing_60m_001882,SBUX,2026-07-07 14:00:00+00:00,105.75,103.19,3.8340455745036603,8.512063445281695,121,rs_trailing_60m
rs_trailing_60m_001883,SBUX,2026-07-07 19:20:00+00:00,103.99,103.45,2.172736080241549,7.213483786401805,41,rs_trailing_60m
rs_trailing_60m_001884,SBUX,2026-07-08 14:00:00+00:00,102.215,103.94,0.6099225360729036,5.235168434625976,121,rs_trailing_60m
rs_trailing_60m_001885,SBUX,2026-07-08 16:23:00+00:00,102.57,103.385,5.673857114587471,4.164852562835354,121,rs_trailing_60m
rs_trailing_60m_001886,SBUX,2026-07-08 18:33:00+00:00,104.3,103.58,7.548377461543933,1.8220221458899277,88,rs_trailing_60m
rs_trailing_60m_001887,SBUX,2026-07-09 14:00:00+00:00,107.25,105.0801,5.428680623381237,0.8371141025097023,121,rs_trailing_60m
rs_trailing_60m_001888,SBUX,2026-07-09 16:06:00+00:00,107.45,106.855,4.031805800352799,0.8145062222934409,121,rs_trailing_60m
rs_trailing_60m_001889,SBUX,2026-07-10 14:30:00+00:00,107.53,106.22,4.117310737364719,2.7222493259725558,121,rs_trailing_60m
rs_trailing_60m_001890,SBUX,2026-07-10 15:04:00+00:00,107.44,106.045,1.183080938598301,9.812241575356945,121,rs_trailing_60m
rs_trailing_60m_001891,SBUX,2026-07-10 16:19:00+00:00,106.045,106.97,6.552173598205409,7.067513094693642,121,rs_trailing_60m
rs_trailing_60m_001892,SBUX,2026-07-13 14:00:00+00:00,108.11,107.22,3.072486115275289,0.9937036878399693,121,rs_trailing_60m
rs_trailing_60m_001893,SBUX,2026-07-13 16:26:00+00:00,108.24,107.7102,2.394863859957626,5.068658922427812,121,rs_trailing_60m
rs_trailing_60m_001894,SBUX,2026-07-14 14:31:00+00:00,106.62,107.5,2.3716537359334673,2.3183581463619762,120,rs_trailing_60m
rs_trailing_60m_001895,SBUX,2026-07-15 14:30:00+00:00,107.41,106.3,2.2985813363750855,4.597162672750348,121,rs_trailing_60m
rs_trailing_60m_001896,SBUX,2026-07-15 17:36:00+00:00,104.77,106.46,30.522064142763682,0.5516035688448828,121,rs_trailing_60m
rs_trailing_60m_001897,SBUX,2026-07-15 18:10:00+00:00,104.705,105.99,26.899816408077797,1.317542028150478,111,rs_trailing_60m
rs_trailing_60m_001898,SBUX,2026-07-15 19:36:00+00:00,104.705,105.3,0.8468060568525471,6.904726309721025,25,rs_trailing_60m
rs_trailing_60m_001899,SBUX,2026-07-16 14:00:00+00:00,108.71,107.72,2.7906095278704246,0.8445265676450217,121,rs_trailing_60m
rs_trailing_60m_001900,SBUX,2026-07-17 14:00:00+00:00,106.87,108.38,4.756511891279302,0.6437384514513085,121,rs_trailing_60m
rs_trailing_60m_001901,SBUX,2026-07-17 15:57:00+00:00,105.68,107.09,16.070707714537015,2.2032421866704284,120,rs_trailing_60m
rs_trailing_60m_001902,SBUX,2026-07-20 14:12:00+00:00,106.29,104.5008,0.1352888122034368,7.933335947609264,121,rs_trailing_60m
rs_trailing_60m_001903,SBUX,2026-07-20 15:12:00+00:00,103.22,105.3199,21.151104461853556,1.394684502332443,121,rs_trailing_60m
rs_trailing_60m_001904,SBUX,2026-07-20 17:37:00+00:00,104.96,104.21,7.030746804977008,0.7237533475712469,121,rs_trailing_60m
rs_trailing_60m_001905,SBUX,2026-07-21 14:27:00+00:00,104.3505,105.33,0.2091035018219554,4.97613396740806,121,rs_trailing_60m
rs_trailing_60m_001906,SBUX,2026-07-22 14:29:00+00:00,103.9,104.6,3.867843864385471,0.23441477965968008,121,rs_trailing_60m
rs_trailing_60m_001907,SBUX,2026-07-22 19:02:00+00:00,102.91,104.26,6.083439525737105,16.72945869577722,59,rs_trailing_60m
rs_trailing_60m_001908,SBUX,2026-07-23 14:00:00+00:00,101.93,103.065,0.2778786096055479,4.978658422100403,121,rs_trailing_60m
rs_trailing_60m_001909,SBUX,2026-07-24 14:00:00+00:00,104.9502,104.01,2.9150072850899584,1.6512870325400746,121,rs_trailing_60m
rs_trailing_60m_001910,SBUX,2026-07-27 14:00:00+00:00,105.63,104.22,1.9967865255691897,3.3154191367941017,121,rs_trailing_60m
rs_trailing_60m_001911,SBUX,2026-07-27 15:30:00+00:00,103.93,104.59,4.723172674178685,1.214530116217442,121,rs_trailing_60m
rs_trailing_60m_001912,SBUX,2026-07-28 14:50:00+00:00,103.07,104.81,11.018541677994634,0.5240606818553044,121,rs_trailing_60m
rs_trailing_60m_001913,SBUX,2026-07-29 14:00:00+00:00,104.355,103.5301,0.9898957218586046,2.808080933774649,121,rs_trailing_60m
rs_trailing_60m_001914,SBUX,2026-07-29 17:14:00+00:00,103.41,104.86,6.032240585208104,17.931454890275592,121,rs_trailing_60m
rs_trailing_60m_001915,SBUX,2026-07-30 14:00:00+00:00,105.2,108.36,3.987386948828574,1.1978569846275242,121,rs_trailing_60m
rs_trailing_60m_001916,SBUX,2026-07-30 15:40:00+00:00,108.36,106.57,3.7703594398200204,2.3097697469167935,121,rs_trailing_60m
rs_trailing_60m_001917,SBUX,2026-07-30 17:35:00+00:00,105.92,108.19,4.509386799978711,10.219113971174895,121,rs_trailing_60m
rs_trailing_60m_001918,SBUX,2026-07-30 18:39:00+00:00,108.19,105.535,1.1513650948739553,16.830248592716174,82,rs_trailing_60m
rs_trailing_60m_001919,SBUX,2026-07-31 14:00:00+00:00,107.54,104.59,0.4686035613871172,8.171274601687282,121,rs_trailing_60m
rs_trailing_60m_001920,SBUX,2026-07-31 16:21:00+00:00,104.7701,106.07,1.3562283914694186,12.215452024781564,121,rs_trailing_60m
rs_trailing_60m_001921,SBUX,2026-07-31 18:20:00+00:00,106.07,105.18,0.2808126687943442,8.049963172108036,101,rs_trailing_60m
rs_trailing_60m_001922,SBUX,2026-08-03 14:02:00+00:00,104.48,106.13,5.352404744993285,0.5747548719455774,121,rs_trailing_60m
rs_trailing_60m_001923,SBUX,2026-08-03 16:32:00+00:00,104.08,104.805,4.339261285908222,3.7273141814853505,121,rs_trailing_60m
rs_trailing_60m_001924,SBUX,2026-08-04 14:00:00+00:00,101.8,104.48,2.2829496701572087,9.153134658854706,121,rs_trailing_60m
rs_trailing_60m_001925,SBUX,2026-08-04 19:31:00+00:00,105.66,104.76,2.451813282177523,7.5783319630941195,30,rs_trailing_60m
rs_trailing_60m_001926,SBUX,2026-08-05 14:38:00+00:00,106.41,104.79,5.417844166329518,4.555914412595269,121,rs_trailing_60m
rs_trailing_60m_001927,SBUX,2026-08-05 15:49:00+00:00,106.42,105.67,6.802754072923649,2.070403413498458,121,rs_trailing_60m
rs_trailing_60m_001928,SBUX,2026-08-05 18:58:00+00:00,105.17,106.12,1.5225114188349274,19.140143551069734,63,rs_trailing_60m
rs_trailing_60m_001929,SBUX,2026-08-06 14:00:00+00:00,103.6905,105.28,4.1619550285589675,4.112500903766894,120,rs_trailing_60m
rs_trailing_60m_001930,SBUX,2026-08-07 14:13:00+00:00,106.79,105.5301,5.05348620330242,1.7197981238684812,121,rs_trailing_60m
rs_trailing_60m_001931,SBUX,2026-08-10 14:06:00+00:00,104.525,105.7,0.8858813448258646,4.740662331771192,121,rs_trailing_60m
rs_trailing_60m_001932,SBUX,2026-08-11 14:00:00+00:00,106.775,105.705,2.8144003484495017,2.921615599818984,121,rs_trailing_60m
rs_trailing_60m_001933,SBUX,2026-08-11 15:27:00+00:00,106.795,105.9344,1.0750372052948414,9.204707448890836,121,rs_trailing_60m
rs_trailing_60m_001934,SBUX,2026-08-12 15:10:00+00:00,108.45,107.01,12.882461268136817,1.9581341127567728,121,rs_trailing_60m
rs_trailing_60m_001935,SBUX,2026-08-14 14:25:00+00:00,108.555,107.68,0.9354768313088465,5.429548265076874,121,rs_trailing_60m
rs_trailing_60m_001936,STX,2026-07-01 14:00:00+00:00,931.67,894.43,0.6074764767247285,6.858670055694115,121,rs_trailing_60m
rs_trailing_60m_001937,STX,2026-07-01 17:02:00+00:00,909.12,921.9,1.4164888283532806,4.5188315737303775,121,rs_trailing_60m
rs_trailing_60m_001938,STX,2026-07-01 19:03:00+00:00,929.99,909.99,3.6534103494679577,6.74036020378374,58,rs_trailing_60m
rs_trailing_60m_001939,STX,2026-07-02 14:00:00+00:00,845.0101,917.0,14.379340718323206,0.6046471050363899,121,rs_trailing_60m
rs_trailing_60m_001940,STX,2026-07-06 14:01:00+00:00,886.89,857.9,3.2390056653432846,2.5022828848433094,121,rs_trailing_60m
rs_trailing_60m_001941,STX,2026-07-06 19:41:00+00:00,869.94,863.01,2.9586834000294417,1.4697563326279528,20,rs_trailing_60m
rs_trailing_60m_001942,STX,2026-07-07 14:02:00+00:00,822.83,786.01,0.07702368841738179,7.911743093351227,121,rs_trailing_60m
rs_trailing_60m_001943,STX,2026-07-07 19:31:00+00:00,829.855,824.0,0.8781202321759024,1.6237746385733751,30,rs_trailing_60m
rs_trailing_60m_001944,STX,2026-07-08 14:00:00+00:00,855.99,818.35,0.6204928123037088,5.921621881004769,121,rs_trailing_60m
rs_trailing_60m_001945,STX,2026-07-08 18:30:00+00:00,826.8801,862.41,1.2552059460443754,14.845498679524036,91,rs_trailing_60m
rs_trailing_60m_001946,STX,2026-07-08 19:42:00+00:00,862.41,832.581,10.692901685057103,2.2940105447298884,19,rs_trailing_60m
rs_trailing_60m_001947,STX,2026-07-09 14:00:00+00:00,937.54,902.55,1.6944624661298744,7.731490107778658,121,rs_trailing_60m
rs_trailing_60m_001948,STX,2026-07-09 16:52:00+00:00,905.055,918.82,1.630060138757159,5.975966237511353,121,rs_trailing_60m
rs_trailing_60m_001949,STX,2026-07-09 18:44:00+00:00,888.17,910.0,10.928452674424245,2.704011433157567,77,rs_trailing_60m
rs_trailing_60m_001950,STX,2026-07-10 14:00:00+00:00,920.65,892.31,4.6404805260189,1.742010039735803,121,rs_trailing_60m
rs_trailing_60m_001951,STX,2026-07-10 18:27:00+00:00,908.8201,919.55,3.5225890900723638,2.5493202863943436,94,rs_trailing_60m
rs_trailing_60m_001952,STX,2026-07-13 14:00:00+00:00,846.65,877.73,2.749705435615921,4.054501963981415,121,rs_trailing_60m
rs_trailing_60m_001953,STX,2026-07-13 18:16:00+00:00,864.4299,850.091,3.134151290695131,3.017922241064163,105,rs_trailing_60m
rs_trailing_60m_001954,STX,2026-07-14 14:00:00+00:00,868.93,896.11,6.359389626978206,0.1582653527075942,121,rs_trailing_60m
rs_trailing_60m_001955,STX,2026-07-14 16:36:00+00:00,876.71,886.26,1.193816364658854,2.3249942163571857,121,rs_trailing_60m
rs_trailing_60m_001956,STX,2026-07-14 18:43:00+00:00,874.53,884.9999,0.5616520708007751,4.470387135152199,78,rs_trailing_60m
rs_trailing_60m_001957,STX,2026-07-15 14:00:00+00:00,795.47,843.92,12.146595385136738,0.5998318708709434,121,rs_trailing_60m
rs_trailing_60m_001958,STX,2026-07-15 17:17:00+00:00,824.99,801.52,8.168510639356501,0.7422467255376392,121,rs_trailing_60m
rs_trailing_60m_001959,STX,2026-07-15 19:39:00+00:00,828.5,823.49,2.4482273916842057,0.3649880285767599,22,rs_trailing_60m
rs_trailing_60m_001960,STX,2026-07-16 14:03:00+00:00,795.907,756.155,3.9544414455965065,4.894496399282471,121,rs_trailing_60m
rs_trailing_60m_001961,STX,2026-07-16 19:22:00+00:00,739.47,747.4,2.0600278610322533,1.79280726585115,39,rs_trailing_60m
rs_trailing_60m_001962,STX,2026-07-17 14:00:00+00:00,771.21,727.91,10.098782884960698,0.9324305085508828,121,rs_trailing_60m
rs_trailing_60m_001963,STX,2026-07-17 19:35:00+00:00,796.3752,786.535,1.1611023833097365,4.4253828857323905,26,rs_trailing_60m
rs_trailing_60m_001964,STX,2026-07-20 14:03:00+00:00,824.0,802.9762,0.4726902335671948,4.4714614741293515,121,rs_trailing_60m
rs_trailing_60m_001965,STX,2026-07-20 16:55:00+00:00,802.02,813.5899,0.7419030315770712,4.556704304869536,121,rs_trailing_60m
rs_trailing_60m_001966,STX,2026-07-20 17:55:00+00:00,813.5899,797.01,1.2435949172976717,7.259303911232899,121,rs_trailing_60m
rs_trailing_60m_001967,STX,2026-07-21 14:00:00+00:00,889.98,855.01,3.4206987177517747,5.298093859491623,121,rs_trailing_60m
rs_trailing_60m_001968,STX,2026-07-21 18:56:00+00:00,887.36,896.65,2.07635260427994,4.6683992030421,65,rs_trailing_60m
rs_trailing_60m_001969,STX,2026-07-22 14:00:00+00:00,921.38,901.39,4.121262304010179,0.8945083783133365,121,rs_trailing_60m
rs_trailing_60m_001970,STX,2026-07-22 18:22:00+00:00,902.0601,914.97,3.4115600079219166,4.669854063211769,99,rs_trailing_60m
rs_trailing_60m_001971,STX,2026-07-23 14:00:00+00:00,934.99,912.12,2.7329098271003915,3.0866104471813514,121,rs_trailing_60m
rs_trailing_60m_001972,STX,2026-07-23 17:35:00+00:00,911.35,926.99,5.831095859299137,1.5894362187674775,121,rs_trailing_60m
rs_trailing_60m_001973,STX,2026-07-23 19:33:00+00:00,908.7,918.13,3.151766640669603,1.7245515581022788,28,rs_trailing_60m
rs_trailing_60m_001974,STX,2026-07-24 14:01:00+00:00,862.55,892.67,3.9632928500521665,1.354027814157399,121,rs_trailing_60m
rs_trailing_60m_001975,STX,2026-07-24 18:24:00+00:00,835.5,866.63,14.595816221109438,1.0612395667312589,97,rs_trailing_60m
rs_trailing_60m_001976,STX,2026-07-27 14:00:00+00:00,781.167,839.235,10.96065175940387,0.5428026644875419,121,rs_trailing_60m
rs_trailing_60m_001977,STX,2026-07-27 17:25:00+00:00,799.51,822.08,1.0565002074554233,7.678008833668679,121,rs_trailing_60m
rs_trailing_60m_001978,STX,2026-07-27 19:07:00+00:00,823.73,811.68,3.193778923037314,2.7179009575463886,54,rs_trailing_60m
rs_trailing_60m_001979,STX,2026-07-28 14:00:00+00:00,698.99,749.48,2.7651147688766566,7.81144922207652,121,rs_trailing_60m
rs_trailing_60m_001980,STX,2026-07-28 19:07:00+00:00,741.58,754.3,1.713505664047119,4.6595329460930754,54,rs_trailing_60m
rs_trailing_60m_001981,STX,2026-07-29 14:00:00+00:00,750.1001,792.98,3.834741295165644,3.156501153253496,121,rs_trailing_60m
rs_trailing_60m_001982,STX,2026-07-29 16:30:00+00:00,808.99,761.83,13.030166303068851,1.8380321690513037,121,rs_trailing_60m
rs_trailing_60m_001983,STX,2026-07-30 14:00:00+00:00,890.51,841.0,0.7409414534785943,7.682482510178132,121,rs_trailing_60m
rs_trailing_60m_001984,STX,2026-07-31 14:00:00+00:00,837.7284,872.0,3.6916312806130263,2.846231769297938,121,rs_trailing_60m
rs_trailing_60m_001985,STX,2026-07-31 18:35:00+00:00,853.5,880.17,11.920762906169749,0.8756446892235442,86,rs_trailing_60m
rs_trailing_60m_001986,STX,2026-08-03 14:00:00+00:00,782.08,832.714,5.482409884911503,5.593974366648986,121,rs_trailing_60m
rs_trailing_60m_001987,STX,2026-08-03 17:55:00+00:00,839.63,821.0,4.04248945275064,6.059667288328367,121,rs_trailing_60m
rs_trailing_60m_001988,STX,2026-08-03 18:58:00+00:00,821.0,834.0385,2.1421459013587487,5.03789762945517,63,rs_trailing_60m
rs_trailing_60m_001989,STX,2026-08-04 14:00:00+00:00,833.9738,867.9999,3.862462204265776,2.869937710112835,121,rs_trailing_60m
rs_trailing_60m_001990,STX,2026-08-04 17:37:00+00:00,878.3129,856.76,2.2002042424487867,8.557930474099699,121,rs_trailing_60m
rs_trailing_60m_001991,STX,2026-08-04 19:25:00+00:00,843.57,866.06,11.937456278596297,1.8512698304214903,36,rs_trailing_60m
rs_trailing_60m_001992,STX,2026-08-05 14:00:00+00:00,884.9,849.2961,3.9433963883789978,3.3577107708621194,121,rs_trailing_60m
rs_trailing_60m_001993,STX,2026-08-05 19:21:00+00:00,836.56,867.5999,17.257292551160184,0.7664165692556393,40,rs_trailing_60m
rs_trailing_60m_001994,STX,2026-08-06 14:00:00+00:00,874.97,832.6048,8.146574103538663,1.2549851776173275,121,rs_trailing_60m
rs_trailing_60m_001995,STX,2026-08-06 18:27:00+00:00,851.86,866.5321,4.172286486597217,1.3726595786204672,94,rs_trailing_60m
rs_trailing_60m_001996,STX,2026-08-07 14:00:00+00:00,761.8,813.99,2.9171217193241468,7.001092126377947,121,rs_trailing_60m
rs_trailing_60m_001997,STX,2026-08-10 14:00:00+00:00,826.895,803.1,4.1992590730388955,1.2909260721787266,121,rs_trailing_60m
rs_trailing_60m_001998,STX,2026-08-10 19:45:00+00:00,800.19,807.7799,4.339626440446408,1.874964261505333,16,rs_trailing_60m
rs_trailing_60m_001999,STX,2026-08-11 14:00:00+00:00,796.7862,823.8414,0.47576627030879315,6.543511511596808,121,rs_trailing_60m
rs_trailing_60m_002000,STX,2026-08-11 18:00:00+00:00,826.9,817.0,1.87064862782011,5.611945883460244,121,rs_trailing_60m
rs_trailing_60m_002001,STX,2026-08-12 14:00:00+00:00,888.8699,876.086,0.6502675264095604,2.857456441212317,121,rs_trailing_60m
rs_trailing_60m_002002,STX,2026-08-12 18:55:00+00:00,856.7,879.99,11.386988051048931,4.426481375327455,66,rs_trailing_60m
rs_trailing_60m_002003,STX,2026-08-13 14:00:00+00:00,934.7727,882.668,10.841262304243388,1.8862355718189119,121,rs_trailing_60m
rs_trailing_60m_002004,STX,2026-08-13 18:00:00+00:00,909.22,924.99,2.2329955157065395,9.200231524128824,121,rs_trailing_60m
rs_trailing_60m_002005,STX,2026-08-13 19:02:00+00:00,924.99,914.23,1.9379116242985535,5.4959311840622105,59,rs_trailing_60m
rs_trailing_60m_002006,STX,2026-08-14 14:00:00+00:00,990.61,943.07,1.9331124223606218,9.159242986091309,121,rs_trailing_60m
rs_trailing_60m_002007,STX,2026-08-14 19:07:00+00:00,961.59,975.7,2.9972004054645187,6.196386055645088,54,rs_trailing_60m
rs_trailing_60m_002008,TSLA,2026-07-01 14:00:00+00:00,432.8599,422.9,9.21644189872324,0.3755956008424828,121,rs_trailing_60m
rs_trailing_60m_002009,TSLA,2026-07-01 16:23:00+00:00,424.35,428.75,5.558158908673678,1.7969987449095224,121,rs_trailing_60m
rs_trailing_60m_002010,TSLA,2026-07-02 14:00:00+00:00,394.25,414.32,9.338008078063568,0.7043673058245693,121,rs_trailing_60m
rs_trailing_60m_002011,TSLA,2026-07-02 16:30:00+00:00,389.88,394.45,3.231389538250504,2.747335234949746,121,rs_trailing_60m
rs_trailing_60m_002012,TSLA,2026-07-02 18:18:00+00:00,394.365,389.3011,1.1835232937548688,7.565737446749143,103,rs_trailing_60m
rs_trailing_60m_002013,TSLA,2026-07-02 19:21:00+00:00,389.3011,394.2,1.48165468578315,8.408627560003707,40,rs_trailing_60m
rs_trailing_60m_002014,TSLA,2026-07-06 14:00:00+00:00,414.64,400.92,11.3671539917475,1.521883426994302,121,rs_trailing_60m
rs_trailing_60m_002015,TSLA,2026-07-06 17:57:00+00:00,414.16,419.99,0.3427940525065256,11.41302551286712,121,rs_trailing_60m
rs_trailing_60m_002016,TSLA,2026-07-07 14:10:00+00:00,404.4535,411.77,4.685670719085626,1.473084300440115,121,rs_trailing_60m
rs_trailing_60m_002017,TSLA,2026-07-07 18:57:00+00:00,401.88,405.11,3.7808615405803763,3.7575228890953336,64,rs_trailing_60m
rs_trailing_60m_002018,TSLA,2026-07-08 14:00:00+00:00,390.96,397.59,4.167320551310054,2.731389874454158,121,rs_trailing_60m
rs_trailing_60m_002019,TSLA,2026-07-08 15:25:00+00:00,391.33,395.07,0.3468290429074495,5.11481567487698,121,rs_trailing_60m
rs_trailing_60m_002020,TSLA,2026-07-08 18:35:00+00:00,390.51,396.07,1.2749095748308574,13.191411315086363,86,rs_trailing_60m
rs_trailing_60m_002021,TSLA,2026-07-09 15:48:00+00:00,405.47,397.9,11.524932078919122,2.171101804506038,121,rs_trailing_60m
rs_trailing_60m_002022,TSLA,2026-07-09 18:27:00+00:00,407.86,403.85,0.5958610680844854,7.937720656981688,94,rs_trailing_60m
rs_trailing_60m_002023,TSLA,2026-07-10 14:32:00+00:00,402.8101,412.09,1.2564336194214798,6.362214018365413,121,rs_trailing_60m
rs_trailing_60m_002024,TSLA,2026-07-10 15:12:00+00:00,406.1,413.16,0.5618541956864505,6.72717671490969,121,rs_trailing_60m
rs_trailing_60m_002025,TSLA,2026-07-10 16:19:00+00:00,413.16,408.23,2.2555993801943433,5.309097860865466,121,rs_trailing_60m
rs_trailing_60m_002026,TSLA,2026-07-10 17:46:00+00:00,407.8,411.19,1.7113439661102017,5.540476090281645,121,rs_trailing_60m
rs_trailing_60m_002027,TSLA,2026-07-13 14:00:00+00:00,392.7401,399.3,3.53615744189337,5.103583033757931,121,rs_trailing_60m
rs_trailing_60m_002028,TSLA,2026-07-13 16:20:00+00:00,392.5,395.1,3.537438489974653,1.316039121600158,121,rs_trailing_60m
rs_trailing_60m_002029,TSLA,2026-07-14 16:10:00+00:00,394.76,398.17,2.4725362406727283,4.1663209094801745,121,rs_trailing_60m
rs_trailing_60m_002030,TSLA,2026-07-15 14:23:00+00:00,392.16,398.78,2.654016136295837,3.5107511697667992,121,rs_trailing_60m
rs_trailing_60m_002031,TSLA,2026-07-15 16:19:00+00:00,390.66,399.36,3.9793113088857144,11.476049578304647,121,rs_trailing_60m
rs_trailing_60m_002032,TSLA,2026-07-15 17:26:00+00:00,399.36,394.551,6.077447989431734,3.215835543010411,121,rs_trailing_60m
rs_trailing_60m_002033,TSLA,2026-07-15 18:58:00+00:00,393.65,396.13,2.4761234668640477,3.8221187873131215,63,rs_trailing_60m
rs_trailing_60m_002034,TSLA,2026-07-16 14:00:00+00:00,386.89,395.31,2.434603119996576,8.706352461726715,121,rs_trailing_60m
rs_trailing_60m_002035,TSLA,2026-07-16 16:02:00+00:00,386.86,391.0949,5.743518925364872,1.306692175222859,121,rs_trailing_60m
rs_trailing_60m_002036,TSLA,2026-07-16 18:24:00+00:00,391.85,389.1616,2.3970438840327595,3.7054303374004127,97,rs_trailing_60m
rs_trailing_60m_002037,TSLA,2026-07-17 14:29:00+00:00,378.51,384.24,2.28199608730597,3.0769537406707763,121,rs_trailing_60m
rs_trailing_60m_002038,TSLA,2026-07-17 16:10:00+00:00,385.6899,381.74,3.2862635049075464,3.015213371656457,121,rs_trailing_60m
rs_trailing_60m_002039,TSLA,2026-07-20 14:00:00+00:00,371.64,376.9599,5.402999337384888,1.9108470175652175,121,rs_trailing_60m
rs_trailing_60m_002040,TSLA,2026-07-21 14:00:00+00:00,384.07,377.34,7.819822602711995,1.2382507391557929,121,rs_trailing_60m
rs_trailing_60m_002041,TSLA,2026-07-23 14:00:00+00:00,318.55,329.069,6.5782426328957495,1.8244937672779373,121,rs_trailing_60m
rs_trailing_60m_002042,TSLA,2026-07-23 19:39:00+00:00,315.735,323.3995,2.1959030225639564,13.035317535302088,22,rs_trailing_60m
rs_trailing_60m_002043,TSLA,2026-07-24 14:00:00+00:00,308.31,317.17,8.64969227467293,0.34264246127025927,121,rs_trailing_60m
rs_trailing_60m_002044,TSLA,2026-07-24 19:28:00+00:00,313.35,308.8,9.446940655433304,1.7176255737151083,33,rs_trailing_60m
rs_trailing_60m_002045,TSLA,2026-07-27 14:00:00+00:00,304.28,310.73,5.334613424577101,1.82631406522987,121,rs_trailing_60m
rs_trailing_60m_002046,TSLA,2026-07-27 15:39:00+00:00,310.452,306.69,2.87388275118562,2.4467604131649696,121,rs_trailing_60m
rs_trailing_60m_002047,TSLA,2026-07-28 14:03:00+00:00,300.69,311.16,3.20069043338888,8.67219843732211,121,rs_trailing_60m
rs_trailing_60m_002048,TSLA,2026-07-28 17:00:00+00:00,305.76,307.85,4.544929337844002,0.5346975691581829,121,rs_trailing_60m
rs_trailing_60m_002049,TSLA,2026-07-29 15:20:00+00:00,299.7,304.16,4.421426734318048,3.5300100540119965,121,rs_trailing_60m
rs_trailing_60m_002050,TSLA,2026-07-30 14:25:00+00:00,309.12,303.51,1.5047165910779896,3.937173607444169,121,rs_trailing_60m
rs_trailing_60m_002051,TSLA,2026-07-30 15:29:00+00:00,304.36,307.48,0.2024401865104249,4.309083970008062,121,rs_trailing_60m
rs_trailing_60m_002052,TSLA,2026-07-30 19:38:00+00:00,310.87,307.7,1.0920466216275506,8.017921248265592,23,rs_trailing_60m
rs_trailing_60m_002053,TSLA,2026-07-31 14:00:00+00:00,301.97,310.16,4.144489579761195,6.110304878923015,121,rs_trailing_60m
rs_trailing_60m_002054,TSLA,2026-08-03 14:00:00+00:00,324.2,316.94,7.740797169115223,0.9653511574187177,121,rs_trailing_60m
rs_trailing_60m_002055,TSLA,2026-08-03 16:50:00+00:00,319.39,323.583,2.4501772333422673,9.1584025851937,121,rs_trailing_60m
rs_trailing_60m_002056,TSLA,2026-08-04 14:00:00+00:00,320.7901,325.45,0.473391052789977,4.9082995227066,121,rs_trailing_60m
rs_trailing_60m_002057,TSLA,2026-08-04 18:50:00+00:00,329.57,326.6001,2.457316496994566,6.5525406195784335,71,rs_trailing_60m
rs_trailing_60m_002058,TSLA,2026-08-05 14:31:00+00:00,324.85,321.0,1.0992408489347496,3.049854512240398,121,rs_trailing_60m
rs_trailing_60m_002059,TSLA,2026-08-06 14:25:00+00:00,323.0,318.295,2.2622253123944587,3.935020739900191,121,rs_trailing_60m
rs_trailing_60m_002060,TSLA,2026-08-06 16:15:00+00:00,317.26,319.45,2.916108668104083,1.4580543340519279,121,rs_trailing_60m
rs_trailing_60m_002061,TSLA,2026-08-07 14:00:00+00:00,333.73,322.8001,10.245967480881152,5.740813385540448,121,rs_trailing_60m
rs_trailing_60m_002062,TSLA,2026-08-07 16:25:00+00:00,326.52,329.68,5.632739700836034,1.7529272927912787,121,rs_trailing_60m
rs_trailing_60m_002063,TSLA,2026-08-10 14:28:00+00:00,332.05,328.2,0.23334276905182272,4.258505535196046,121,rs_trailing_60m
rs_trailing_60m_002064,TSLA,2026-08-11 14:00:00+00:00,336.2,332.21,2.2918984423644777,3.970290686605276,121,rs_trailing_60m
rs_trailing_60m_002065,TSLA,2026-08-12 14:00:00+00:00,323.64,328.34,6.83622242565611,1.6302454005846025,121,rs_trailing_60m
rs_trailing_60m_002066,TSLA,2026-08-12 16:30:00+00:00,327.2,325.58,0.630864076944261,5.046912615553889,121,rs_trailing_60m
rs_trailing_60m_002067,TSLA,2026-08-13 14:00:00+00:00,335.41,331.98,3.533397119288511,1.8771172196220103,121,rs_trailing_60m
rs_trailing_60m_002068,TSLA,2026-08-13 15:19:00+00:00,337.07,332.44,4.575412537198127,5.346910669934143,121,rs_trailing_60m
rs_trailing_60m_002069,TSLA,2026-08-13 16:57:00+00:00,340.33,335.19,10.648296538839755,4.812789396085883,121,rs_trailing_60m
rs_trailing_60m_002070,TSLA,2026-08-13 18:49:00+00:00,341.64,338.43,6.9400622349225225,3.693636941259563,72,rs_trailing_60m
rs_trailing_60m_002071,TSLA,2026-08-14 14:00:00+00:00,351.26,335.3306,1.2993905286721879,12.926390562345654,121,rs_trailing_60m
rs_trailing_60m_002072,TSLA,2026-08-14 17:59:00+00:00,345.16,340.59,10.819186465787062,2.7642426959290995,121,rs_trailing_60m
rs_trailing_60m_002073,TXN,2026-07-01 14:00:00+00:00,300.64,296.25,0.4553036149540826,3.7175207475688383,121,rs_trailing_60m
rs_trailing_60m_002074,TXN,2026-07-02 14:35:00+00:00,292.03,299.3,7.6775161454649785,0.5975827985721828,121,rs_trailing_60m
rs_trailing_60m_002075,TXN,2026-07-02 16:35:00+00:00,289.01,294.38,7.742802005807758,4.344072055584022,121,rs_trailing_60m
rs_trailing_60m_002076,TXN,2026-07-02 17:42:00+00:00,288.62,292.93,3.068758833179008,7.224120988612322,121,rs_trailing_60m
rs_trailing_60m_002077,TXN,2026-07-06 14:00:00+00:00,306.02,301.66,2.370761639458496,2.733693050931161,120,rs_trailing_60m
rs_trailing_60m_002078,TXN,2026-07-06 15:13:00+00:00,301.66,304.6,2.1942703425516714,4.817854447776803,120,rs_trailing_60m
rs_trailing_60m_002079,TXN,2026-07-07 14:01:00+00:00,285.39,292.1,5.334504084077337,1.3937896009149886,121,rs_trailing_60m
rs_trailing_60m_002080,TXN,2026-07-07 15:34:00+00:00,295.4,287.75,12.868449958001879,2.2071460877430664,121,rs_trailing_60m
rs_trailing_60m_002081,TXN,2026-07-07 17:40:00+00:00,296.38,290.835,1.460980439602794,15.24239386472151,121,rs_trailing_60m
rs_trailing_60m_002082,TXN,2026-07-07 18:42:00+00:00,290.835,293.75,7.967722473604551,2.760180995474992,79,rs_trailing_60m
rs_trailing_60m_002083,TXN,2026-07-08 14:00:00+00:00,303.78,298.5,4.3390586029398985,0.7977641377602473,121,rs_trailing_60m
rs_trailing_60m_002084,TXN,2026-07-08 16:17:00+00:00,307.43,303.03,8.240328973075213,1.7479485700463473,121,rs_trailing_60m
rs_trailing_60m_002085,TXN,2026-07-08 19:19:00+00:00,300.05,303.325,10.146936512337161,2.160921664664362,42,rs_trailing_60m
rs_trailing_60m_002086,TXN,2026-07-09 14:00:00+00:00,305.4095,313.8999,5.536574997656745,4.978520933470598,121,rs_trailing_60m
rs_trailing_60m_002087,TXN,2026-07-09 15:13:00+00:00,315.3399,310.28,3.708164783293339,5.1218709769710715,121,rs_trailing_60m
rs_trailing_60m_002088,TXN,2026-07-09 17:01:00+00:00,309.6301,314.0,7.113691271211925,5.975752278440361,121,rs_trailing_60m
rs_trailing_60m_002089,TXN,2026-07-09 19:05:00+00:00,307.63,310.27,5.423506553245727,5.632908350668149,56,rs_trailing_60m
rs_trailing_60m_002090,TXN,2026-07-10 14:01:00+00:00,311.995,305.95,4.269304641318765,2.8698230369030715,121,rs_trailing_60m
rs_trailing_60m_002091,TXN,2026-07-13 14:00:00+00:00,300.7101,304.86,2.085569976544098,2.976075058639441,121,rs_trailing_60m
rs_trailing_60m_002092,TXN,2026-07-13 16:28:00+00:00,297.92,301.54,11.23062715336102,1.8416784077860886,121,rs_trailing_60m
rs_trailing_60m_002093,TXN,2026-07-13 18:30:00+00:00,296.81,301.0,4.051467939481193,10.334676693083292,91,rs_trailing_60m
rs_trailing_60m_002094,TXN,2026-07-14 14:00:00+00:00,301.885,309.26,4.632391270468032,3.2942643257504645,121,rs_trailing_60m
rs_trailing_60m_002095,TXN,2026-07-15 14:15:00+00:00,296.37,306.54,10.347323227489063,0.8119850676926824,121,rs_trailing_60m
rs_trailing_60m_002096,TXN,2026-07-15 16:20:00+00:00,295.51,301.34,0.990175541659254,12.754404000896024,121,rs_trailing_60m
rs_trailing_60m_002097,TXN,2026-07-15 17:18:00+00:00,301.34,298.04,4.491260280644365,3.051314236468301,121,rs_trailing_60m
rs_trailing_60m_002098,TXN,2026-07-16 14:00:00+00:00,289.13,293.48,1.948313598358996,2.964825040981042,121,rs_trailing_60m
rs_trailing_60m_002099,TXN,2026-07-17 14:28:00+00:00,281.75,287.68,2.603659598523469,2.5601201403541705,121,rs_trailing_60m
rs_trailing_60m_002100,TXN,2026-07-17 15:58:00+00:00,289.25,283.5712,5.525272466492426,5.74112512155678,121,rs_trailing_60m
rs_trailing_60m_002101,TXN,2026-07-17 18:08:00+00:00,282.97,286.28,6.331257511198162,2.860173349357023,113,rs_trailing_60m
rs_trailing_60m_002102,TXN,2026-07-20 14:49:00+00:00,285.72,290.43,2.3724999869486028,5.1271476228018855,121,rs_trailing_60m
rs_trailing_60m_002103,TXN,2026-07-20 15:52:00+00:00,290.43,286.85,2.5408456451146835,6.741019058467313,120,rs_trailing_60m
rs_trailing_60m_002104,TXN,2026-07-20 19:35:00+00:00,283.49,285.74,3.1289492855990337,3.673114378746901,26,rs_trailing_60m
rs_trailing_60m_002105,TXN,2026-07-21 14:02:00+00:00,290.07,295.22,1.5717055060291205,4.128494040484917,121,rs_trailing_60m
rs_trailing_60m_002106,TXN,2026-07-21 15:07:00+00:00,295.22,292.7601,1.6049287977285873,3.8783550210664264,121,rs_trailing_60m
rs_trailing_60m_002107,TXN,2026-07-22 14:00:00+00:00,296.25,287.91,8.854735187529583,2.979958957341634,121,rs_trailing_60m
rs_trailing_60m_002108,TXN,2026-07-23 14:00:00+00:00,287.99,282.31,3.1406392251294557,1.0666321896666036,121,rs_trailing_60m
rs_trailing_60m_002109,TXN,2026-07-23 16:14:00+00:00,279.58,283.59,4.470925152897864,1.4656344044266938,121,rs_trailing_60m
rs_trailing_60m_002110,TXN,2026-07-23 19:17:00+00:00,285.515,281.78,7.128918240983603,2.8622673612956535,44,rs_trailing_60m
rs_trailing_60m_002111,TXN,2026-07-24 14:26:00+00:00,276.3,281.55,4.361282475309169,2.1993860047404237,121,rs_trailing_60m
rs_trailing_60m_002112,TXN,2026-07-24 16:07:00+00:00,282.16,279.34,4.4521963729759175,1.8411338384487848,121,rs_trailing_60m
rs_trailing_60m_002113,TXN,2026-07-27 14:27:00+00:00,273.67,279.52,5.551137107247951,1.5161429966477036,121,rs_trailing_60m
rs_trailing_60m_002114,TXN,2026-07-27 19:22:00+00:00,280.73,278.0007,4.250471445082641,4.956521979571514,39,rs_trailing_60m
rs_trailing_60m_002115,TXN,2026-07-28 14:10:00+00:00,282.81,275.2,5.7921749603942905,0.8662013913580658,121,rs_trailing_60m
rs_trailing_60m_002116,TXN,2026-07-28 17:30:00+00:00,280.83,277.13,0.12783918249992493,9.33226032249234,121,rs_trailing_60m
rs_trailing_60m_002117,TXN,2026-07-28 18:26:00+00:00,276.8,280.52,3.6805210118092693,6.771034838519242,95,rs_trailing_60m
rs_trailing_60m_002118,TXN,2026-07-29 14:00:00+00:00,269.3701,275.29,4.863896699872185,1.2625702618873127,121,rs_trailing_60m
rs_trailing_60m_002119,TXN,2026-07-29 17:04:00+00:00,281.6199,272.82,20.39824129637445,1.047950842595632,121,rs_trailing_60m
rs_trailing_60m_002120,TXN,2026-07-29 18:41:00+00:00,281.6199,271.0,5.7766670380485055,12.267283159713827,80,rs_trailing_60m
rs_trailing_60m_002121,TXN,2026-07-30 14:28:00+00:00,282.24,278.07,1.2754896506744842,3.604135893648877,121,rs_trailing_60m
rs_trailing_60m_002122,TXN,2026-07-30 18:41:00+00:00,277.76,280.2,2.7700756049294895,6.18222171431288,80,rs_trailing_60m
rs_trailing_60m_002123,TXN,2026-07-31 14:00:00+00:00,273.5901,279.2,3.8656534437290517,1.4366593888525607,121,rs_trailing_60m
rs_trailing_60m_002124,TXN,2026-08-03 14:00:00+00:00,265.02,272.96,1.48666489932743,5.182329055847448,121,rs_trailing_60m
rs_trailing_60m_002125,TXN,2026-08-03 15:49:00+00:00,267.05,269.9299,5.903779424177572,0.6862571508956374,121,rs_trailing_60m
rs_trailing_60m_002126,TXN,2026-08-04 14:05:00+00:00,282.2,278.54,2.772524531668033,1.798394290811718,121,rs_trailing_60m
rs_trailing_60m_002127,TXN,2026-08-04 19:26:00+00:00,285.53,283.36,1.0033402500131248,7.370691836635013,35,rs_trailing_60m
rs_trailing_60m_002128,TXN,2026-08-05 14:45:00+00:00,276.76,280.06,3.4396720727154135,2.4416325075751892,121,rs_trailing_60m
rs_trailing_60m_002129,TXN,2026-08-05 16:24:00+00:00,280.9175,278.61,5.5142977204563985,1.7879932350403676,121,rs_trailing_60m
rs_trailing_60m_002130,TXN,2026-08-06 14:03:00+00:00,283.275,278.48,6.831512447278809,0.16039837122740097,121,rs_trailing_60m
rs_trailing_60m_002131,TXN,2026-08-06 16:20:00+00:00,278.71,283.3,0.8366123113012534,12.404941167569467,119,rs_trailing_60m
rs_trailing_60m_002132,TXN,2026-08-06 17:20:00+00:00,283.3,280.575,6.579093104137393,5.493653501097881,120,rs_trailing_60m
rs_trailing_60m_002133,TXN,2026-08-07 14:00:00+00:00,280.97,285.705,2.903410323675144,3.0738278861517925,121,rs_trailing_60m
rs_trailing_60m_002134,TXN,2026-08-07 14:42:00+00:00,281.28,285.91,1.7213743904639982,6.248589037384404,121,rs_trailing_60m
rs_trailing_60m_002135,TXN,2026-08-07 15:43:00+00:00,286.14,283.68,5.747553421274384,1.6357266916943554,121,rs_trailing_60m
rs_trailing_60m_002136,TXN,2026-08-10 14:00:00+00:00,280.82,285.5,3.3092122996535727,3.4833813680563144,121,rs_trailing_60m
rs_trailing_60m_002137,TXN,2026-08-10 15:06:00+00:00,280.82,282.61,3.2290101735227745,2.2756833603874824,121,rs_trailing_60m
rs_trailing_60m_002138,TXN,2026-08-11 14:08:00+00:00,285.89,282.09,0.45826479396016706,6.113079421318058,121,rs_trailing_60m
rs_trailing_60m_002139,TXN,2026-08-11 15:24:00+00:00,280.73,283.3292,5.877754345136931,3.730710493781389,120,rs_trailing_60m
rs_trailing_60m_002140,TXN,2026-08-12 14:00:00+00:00,276.545,284.08,10.386989328487036,1.0470449432660427,121,rs_trailing_60m
rs_trailing_60m_002141,TXN,2026-08-13 14:30:00+00:00,276.24,279.66,1.4312347808441246,5.183390827921914,121,rs_trailing_60m
rs_trailing_60m_002142,TXN,2026-08-13 15:24:00+00:00,279.285,276.24,0.26236796711238536,8.14721582085591,120,rs_trailing_60m
rs_trailing_60m_002143,TXN,2026-08-13 16:13:00+00:00,276.24,278.185,0.5494420653873564,5.557214032774558,120,rs_trailing_60m
rs_trailing_60m_002144,TXN,2026-08-13 18:50:00+00:00,272.78,275.74,12.799760191851226,2.2348787636565173,71,rs_trailing_60m
rs_trailing_60m_002145,TXN,2026-08-14 14:04:00+00:00,280.275,275.23,6.119241215815363,1.9412214300823871,121,rs_trailing_60m
rs_trailing_60m_002146,VRTX,2026-07-01 14:28:00+00:00,498.07,501.82,0.7573615928852521,3.612032212221742,121,rs_trailing_60m
rs_trailing_60m_002147,VRTX,2026-07-02 14:00:00+00:00,522.87,511.18,9.873502651043951,0.6480329907704043,121,rs_trailing_60m
rs_trailing_60m_002148,VRTX,2026-07-02 19:20:00+00:00,529.14,523.72,15.313137500476921,2.769042293114301,41,rs_trailing_60m
rs_trailing_60m_002149,VRTX,2026-07-06 14:00:00+00:00,512.8701,526.015,0.3472422566113589,9.164040800130133,121,rs_trailing_60m
rs_trailing_60m_002150,VRTX,2026-07-06 19:28:00+00:00,524.978,529.95,1.0189507257851214,16.63339425192606,33,rs_trailing_60m
rs_trailing_60m_002151,VRTX,2026-07-07 14:00:00+00:00,515.03,524.33,0.16867952690935298,3.7047022021205236,121,rs_trailing_60m
rs_trailing_60m_002152,VRTX,2026-07-07 16:17:00+00:00,529.69,522.64,6.679060726115542,3.590814545228984,121,rs_trailing_60m
rs_trailing_60m_002153,VRTX,2026-07-07 17:41:00+00:00,520.56,525.89,5.591849090504819,2.3454493522089086,121,rs_trailing_60m
rs_trailing_60m_002154,VRTX,2026-07-08 14:00:00+00:00,510.52,519.27,5.571374276475135,0.6072727348249304,121,rs_trailing_60m
rs_trailing_60m_002155,VRTX,2026-07-08 16:23:00+00:00,505.0,511.26,11.71077544017542,2.7202194920092753,121,rs_trailing_60m
rs_trailing_60m_002156,VRTX,2026-07-08 19:09:00+00:00,498.14,502.8,9.9226116683574,0.7562267553251162,52,rs_trailing_60m
rs_trailing_60m_002157,VRTX,2026-07-09 14:00:00+00:00,482.11,498.74,16.165861979971602,2.1536122773999455,121,rs_trailing_60m
rs_trailing_60m_002158,VRTX,2026-07-09 19:10:00+00:00,496.68,489.57,7.367512477921287,5.978478278262229,51,rs_trailing_60m
rs_trailing_60m_002159,VRTX,2026-07-10 14:00:00+00:00,484.33,490.7,4.819319433605453,0.9349570035204229,119,rs_trailing_60m
rs_trailing_60m_002160,VRTX,2026-07-13 14:00:00+00:00,474.71,483.15,7.03534228430327,0.5870311277017911,119,rs_trailing_60m
rs_trailing_60m_002161,VRTX,2026-07-13 17:24:00+00:00,483.06,480.5301,7.835499541240876,0.7089100662528022,114,rs_trailing_60m
rs_trailing_60m_002162,VRTX,2026-07-14 14:21:00+00:00,475.65,479.985,4.059439452336541,1.1469717979235408,117,rs_trailing_60m
rs_trailing_60m_002163,VRTX,2026-07-14 15:10:00+00:00,475.6,478.75,4.741396341223095,2.0474211473463226,115,rs_trailing_60m
rs_trailing_60m_002164,VRTX,2026-07-15 14:57:00+00:00,480.96,475.14,8.307715633071902,0.9726883946591158,121,rs_trailing_60m
rs_trailing_60m_002165,VRTX,2026-07-15 17:59:00+00:00,475.47,478.59,9.40272846443009,3.134242821476621,121,rs_trailing_60m
rs_trailing_60m_002166,VRTX,2026-07-16 14:20:00+00:00,483.77,479.31,1.7473512098071826,3.0045917144245635,119,rs_trailing_60m
rs_trailing_60m_002167,VRTX,2026-07-16 17:32:00+00:00,486.79,481.98,7.0664084399365095,7.397176494571703,120,rs_trailing_60m
rs_trailing_60m_002168,VRTX,2026-07-17 14:00:00+00:00,494.44,485.56,0.0,7.594467593802309,118,rs_trailing_60m
rs_trailing_60m_002169,VRTX,2026-07-17 15:56:00+00:00,482.91,487.6,8.544785983801871,4.530269893532806,118,rs_trailing_60m
rs_trailing_60m_002170,VRTX,2026-07-17 19:12:00+00:00,487.64,483.42,1.8713608167719442,13.922924476783153,49,rs_trailing_60m
rs_trailing_60m_002171,VRTX,2026-07-20 18:02:00+00:00,478.48,483.16,15.310374396939672,5.27884780290456,117,rs_trailing_60m
rs_trailing_60m_002172,VRTX,2026-07-21 14:30:00+00:00,483.03,479.11,0.5496971056763598,3.847879739734901,121,rs_trailing_60m
rs_trailing_60m_002173,VRTX,2026-07-21 15:24:00+00:00,479.09,482.0,4.481145541121025,2.2754003265796223,121,rs_trailing_60m
rs_trailing_60m_002174,VRTX,2026-07-22 14:00:00+00:00,474.47,478.91,1.3964396884367865,3.857960495173037,120,rs_trailing_60m
rs_trailing_60m_002175,VRTX,2026-07-22 18:00:00+00:00,475.85,472.07,5.117820991908221,15.796085331781498,117,rs_trailing_60m
rs_trailing_60m_002176,VRTX,2026-07-23 14:31:00+00:00,477.68,471.06,8.963953152323851,0.9262751590734715,119,rs_trailing_60m
rs_trailing_60m_002177,VRTX,2026-07-24 14:00:00+00:00,483.9999,477.61,5.3067689183523505,1.557686376568516,119,rs_trailing_60m
rs_trailing_60m_002178,VRTX,2026-07-24 19:07:00+00:00,480.82,476.925,4.7821849309263555,11.998545074441068,54,rs_trailing_60m
rs_trailing_60m_002179,VRTX,2026-07-27 14:00:00+00:00,487.2125,481.7,1.5806742448760511,4.791147893975526,120,rs_trailing_60m
rs_trailing_60m_002180,VRTX,2026-07-28 14:27:00+00:00,493.61,482.92,1.5437706448055077,7.995482645929001,117,rs_trailing_60m
rs_trailing_60m_002181,VRTX,2026-07-28 17:20:00+00:00,488.06,485.82,5.18298484986358,5.5669096535573805,118,rs_trailing_60m
rs_trailing_60m_002182,VRTX,2026-07-29 14:33:00+00:00,491.71,488.39,0.4822148001546577,5.235474973108258,120,rs_trailing_60m
rs_trailing_60m_002183,VRTX,2026-07-29 17:08:00+00:00,486.625,491.22,7.350676352063398,9.751276983496666,119,rs_trailing_60m
rs_trailing_60m_002184,VRTX,2026-07-29 18:42:00+00:00,481.91,489.225,18.993645405193295,1.5290305385274263,79,rs_trailing_60m
rs_trailing_60m_002185,VRTX,2026-07-30 14:28:00+00:00,471.25,476.0236,0.6571001416699142,4.0955259738988365,119,rs_trailing_60m
rs_trailing_60m_002186,VRTX,2026-07-30 15:25:00+00:00,476.64,472.83,6.046059984242983,2.3304813030173,120,rs_trailing_60m
rs_trailing_60m_002187,VRTX,2026-07-31 14:00:00+00:00,469.87,474.974,1.8266614846482272,1.479466252105158,119,rs_trailing_60m
rs_trailing_60m_002188,VRTX,2026-08-03 14:00:00+00:00,468.14,474.61,4.344591326776978,0.8706271159115888,121,rs_trailing_60m
rs_trailing_60m_002189,VRTX,2026-08-04 14:00:00+00:00,488.04,474.34,0.8400381094075557,4.7466231036427065,121,rs_trailing_60m
rs_trailing_60m_002190,VRTX,2026-08-04 16:42:00+00:00,481.22,474.69,0.953308710532724,9.421867755764742,121,rs_trailing_60m
rs_trailing_60m_002191,VRTX,2026-08-04 18:31:00+00:00,473.905,479.265,2.1381473115259557,8.934770166521266,90,rs_trailing_60m
rs_trailing_60m_002192,VRTX,2026-08-05 14:00:00+00:00,489.3,479.02,1.2496873109164308,6.442998650892446,121,rs_trailing_60m
rs_trailing_60m_002193,VRTX,2026-08-05 15:19:00+00:00,479.02,484.28,5.442101812037462,4.672900142491367,121,rs_trailing_60m
rs_trailing_60m_002194,VRTX,2026-08-06 14:11:00+00:00,480.86,486.98,5.632874711210751,1.3314067499225624,120,rs_trailing_60m
rs_trailing_60m_002195,VRTX,2026-08-06 16:01:00+00:00,486.6,482.87,3.522872199630369,7.247876410714752,118,rs_trailing_60m
rs_trailing_60m_002196,VRTX,2026-08-07 14:00:00+00:00,486.915,490.96,2.0896748900035456,2.61936963928027,121,rs_trailing_60m
rs_trailing_60m_002197,VRTX,2026-08-10 14:00:00+00:00,524.0101,532.28,1.0244076118881524,2.6431747551206053,121,rs_trailing_60m
rs_trailing_60m_002198,VRTX,2026-08-10 16:52:00+00:00,533.63,525.12,2.3806534155504657,15.23618185952331,121,rs_trailing_60m
rs_trailing_60m_002199,VRTX,2026-08-10 17:54:00+00:00,519.82,528.325,15.76581981063393,1.524740794065178,121,rs_trailing_60m
rs_trailing_60m_002200,VRTX,2026-08-10 19:17:00+00:00,519.82,524.04,3.433277514149042,6.805896414973949,44,rs_trailing_60m
rs_trailing_60m_002201,VRTX,2026-08-11 14:32:00+00:00,531.8,527.99,3.6781364331034343,0.6271476867502995,119,rs_trailing_60m
rs_trailing_60m_002202,VRTX,2026-08-11 15:11:00+00:00,531.8,527.99,1.190600939905551,6.555624437553616,116,rs_trailing_60m
rs_trailing_60m_002203,VRTX,2026-08-12 14:30:00+00:00,530.67,527.13,2.2098942786214892,2.560243371573667,115,rs_trailing_60m
rs_trailing_60m_002204,VRTX,2026-08-12 17:13:00+00:00,524.02,527.19,8.846130934648642,5.316614046581955,116,rs_trailing_60m
rs_trailing_60m_002205,VRTX,2026-08-13 14:10:00+00:00,518.87,527.89,7.212210411555865,1.4414826928316862,113,rs_trailing_60m
rs_trailing_60m_002206,VRTX,2026-08-13 18:40:00+00:00,515.74,519.18,12.09205958114165,3.061559711800606,81,rs_trailing_60m
rs_trailing_60m_002207,VRTX,2026-08-14 14:03:00+00:00,504.13,508.83,1.1585533996345863,3.3230934960710927,115,rs_trailing_60m
rs_trailing_90m_000000,AAPL,2026-07-01 14:01:00+00:00,296.59,291.6344,6.489849947568649,0.6175755552315755,121,rs_trailing_90m
rs_trailing_90m_000001,AAPL,2026-07-01 15:15:00+00:00,296.59,293.92,3.4388888674373304,2.8500380339720257,121,rs_trailing_90m
rs_trailing_90m_000002,AAPL,2026-07-02 14:00:00+00:00,307.82,302.6188,9.66969497517031,0.1343981854868842,121,rs_trailing_90m
rs_trailing_90m_000003,AAPL,2026-07-06 14:27:00+00:00,314.2,311.11,4.835492520826101,0.5586128543914547,121,rs_trailing_90m
rs_trailing_90m_000004,AAPL,2026-07-07 15:08:00+00:00,314.73,312.6301,3.2928159874433307,1.6111445033595757,121,rs_trailing_90m
rs_trailing_90m_000005,AAPL,2026-07-08 15:14:00+00:00,314.08,309.3,11.076111543082028,1.8055948257579595,121,rs_trailing_90m
rs_trailing_90m_000006,AAPL,2026-07-09 15:27:00+00:00,315.5,314.09,2.986837178490474,1.9677986117113264,121,rs_trailing_90m
rs_trailing_90m_000007,AAPL,2026-07-13 14:00:00+00:00,321.8,316.09,0.9965015091528071,10.381270171035563,121,rs_trailing_90m
rs_trailing_90m_000008,AAPL,2026-07-13 15:11:00+00:00,315.91,318.485,6.402774838127967,0.3820585808760583,121,rs_trailing_90m
rs_trailing_90m_000009,AAPL,2026-07-15 14:00:00+00:00,327.11,320.75,11.564177589556383,1.5691895770261395,121,rs_trailing_90m
rs_trailing_90m_000010,AAPL,2026-07-16 19:44:00+00:00,333.72,330.35,4.5893656706676165,6.151024822491621,17,rs_trailing_90m
rs_trailing_90m_000011,AAPL,2026-07-17 14:02:00+00:00,329.0006,334.8699,0.7210308197086528,7.586676659906979,121,rs_trailing_90m
rs_trailing_90m_000012,AAPL,2026-07-17 15:30:00+00:00,334.8699,329.16,0.08441349886397283,13.72626378375743,121,rs_trailing_90m
rs_trailing_90m_000013,AAPL,2026-07-17 16:58:00+00:00,329.16,334.67,3.36886417178364,9.611864210404105,121,rs_trailing_90m
rs_trailing_90m_000014,AAPL,2026-07-17 18:33:00+00:00,334.67,332.16,9.089998372089372,0.49651251612251235,88,rs_trailing_90m
rs_trailing_90m_000015,AAPL,2026-07-20 14:03:00+00:00,324.42,328.76,7.618891170431913,0.9363449691991954,121,rs_trailing_90m
rs_trailing_90m_000016,AAPL,2026-07-20 19:04:00+00:00,329.76,326.0,8.03354820821985,5.214759363230556,57,rs_trailing_90m
rs_trailing_90m_000017,AAPL,2026-07-21 14:58:00+00:00,329.6,326.1,6.811587329645162,2.3932604131184574,121,rs_trailing_90m
rs_trailing_90m_000018,AAPL,2026-07-22 14:04:00+00:00,324.07,326.06,3.2554032209783577,1.2123570616057886,121,rs_trailing_90m
rs_trailing_90m_000019,AAPL,2026-07-23 15:16:00+00:00,322.29,320.0,1.0613384997366908,5.507486268903887,121,rs_trailing_90m
rs_trailing_90m_000020,AAPL,2026-07-24 14:00:00+00:00,333.64,326.786,14.133349365719369,0.7012565382072387,121,rs_trailing_90m
rs_trailing_90m_000021,AAPL,2026-07-27 14:01:00+00:00,339.57,335.56,5.51326106939898,2.032191793498565,121,rs_trailing_90m
rs_trailing_90m_000022,AAPL,2026-07-28 15:00:00+00:00,336.6,340.5799,0.4649390243901809,8.141622943845586,121,rs_trailing_90m
rs_trailing_90m_000023,AAPL,2026-07-29 14:00:00+00:00,343.48,339.52,1.6721423848282064,6.553551831221113,121,rs_trailing_90m
rs_trailing_90m_000024,AAPL,2026-07-30 14:00:00+00:00,329.59,333.0323,3.3789049241751385,2.3226658701817815,121,rs_trailing_90m
rs_trailing_90m_000025,AAPL,2026-07-31 14:00:00+00:00,300.38,304.25,2.8794460518080673,1.1147674398931688,121,rs_trailing_90m
rs_trailing_90m_000026,AAPL,2026-07-31 15:53:00+00:00,300.0,302.34,2.0115653228747106,3.5920809337049473,121,rs_trailing_90m
rs_trailing_90m_000027,AAPL,2026-07-31 19:15:00+00:00,310.69,304.53,23.669554245549552,1.8207349419655854,46,rs_trailing_90m
rs_trailing_90m_000028,AAPL,2026-08-03 14:00:00+00:00,302.56,307.2155,2.9180184408064362,3.520291915200354,121,rs_trailing_90m
rs_trailing_90m_000029,AAPL,2026-08-03 17:15:00+00:00,307.54,304.9,2.7783699970914038,7.62573892818661,121,rs_trailing_90m
rs_trailing_90m_000030,AAPL,2026-08-05 15:00:00+00:00,311.71,307.8,1.4174913078361469,9.039850227332861,121,rs_trailing_90m
rs_trailing_90m_000031,AAPL,2026-08-06 15:16:00+00:00,309.23,312.06,7.336740328904846,0.7422383212121394,121,rs_trailing_90m
rs_trailing_90m_000032,AAPL,2026-08-10 14:09:00+00:00,305.95,307.46,0.8871436881908729,2.0250018969571792,121,rs_trailing_90m
rs_trailing_90m_000033,AAPL,2026-08-12 15:32:00+00:00,300.57,302.51,0.20115490026543834,8.47085635561927,121,rs_trailing_90m
rs_trailing_90m_000034,ADBE,2026-07-01 14:55:00+00:00,213.66,210.72,5.48115819346296,0.7406970531706573,121,rs_trailing_90m
rs_trailing_90m_000035,ADBE,2026-07-02 14:00:00+00:00,219.1,216.175,2.920448942896039,1.5755053507728234,121,rs_trailing_90m
rs_trailing_90m_000036,ADBE,2026-07-06 14:06:00+00:00,212.9,218.7,2.589252454367486,6.296939400858191,121,rs_trailing_90m
rs_trailing_90m_000037,ADBE,2026-07-07 14:00:00+00:00,230.74,220.77,14.202048396597627,1.1886497027586842,121,rs_trailing_90m
rs_trailing_90m_000038,ADBE,2026-07-08 15:15:00+00:00,221.09,219.41,3.3526449417611026,2.0120978929456617,121,rs_trailing_90m
rs_trailing_90m_000039,ADBE,2026-07-09 14:00:00+00:00,221.54,218.095,2.472392378309824,3.361437582839112,121,rs_trailing_90m
rs_trailing_90m_000040,ADBE,2026-07-10 15:07:00+00:00,223.98,225.03,1.0489231866126172,1.6373435108099903,121,rs_trailing_90m
rs_trailing_90m_000041,ADBE,2026-07-13 14:42:00+00:00,231.96,227.35,7.788213251681979,1.0520051681372582,121,rs_trailing_90m
rs_trailing_90m_000042,ADBE,2026-07-14 14:00:00+00:00,223.5,220.18,0.8162757074965676,3.7770045448569634,121,rs_trailing_90m
rs_trailing_90m_000043,ADBE,2026-07-14 16:54:00+00:00,224.04,220.51,0.47934979063522376,11.607112787525528,121,rs_trailing_90m
rs_trailing_90m_000044,ADBE,2026-07-14 17:53:00+00:00,219.69,221.905,8.999086344625741,2.326468344775481,121,rs_trailing_90m
rs_trailing_90m_000045,ADBE,2026-07-15 14:00:00+00:00,231.525,225.51,6.57447398510146,3.2504852746216018,121,rs_trailing_90m
rs_trailing_90m_000046,ADBE,2026-07-15 17:24:00+00:00,223.11,225.0,1.948840280292333,6.236288896935614,121,rs_trailing_90m
rs_trailing_90m_000047,ADBE,2026-07-16 14:06:00+00:00,222.042,228.17,3.0176269952345023,6.674206456965242,121,rs_trailing_90m
rs_trailing_90m_000048,ADBE,2026-07-17 14:00:00+00:00,235.91,232.36,1.049357641792819,3.757377362548423,121,rs_trailing_90m
rs_trailing_90m_000049,ADBE,2026-07-17 16:47:00+00:00,240.15,236.35,6.3711929844469335,1.3638016931564068,121,rs_trailing_90m
rs_trailing_90m_000050,ADBE,2026-07-20 14:00:00+00:00,227.5,232.2399,1.0767336042509954,5.223241226991153,121,rs_trailing_90m
rs_trailing_90m_000051,ADBE,2026-07-21 14:00:00+00:00,231.5,227.36,4.69769246443233,1.6580091050937378,121,rs_trailing_90m
rs_trailing_90m_000052,ADBE,2026-07-22 14:00:00+00:00,220.88,225.97,7.132328294677632,1.5010964425183402,121,rs_trailing_90m
rs_trailing_90m_000053,ADBE,2026-07-23 14:05:00+00:00,212.575,217.59,7.743196724795268,0.7819693728662743,121,rs_trailing_90m
rs_trailing_90m_000054,ADBE,2026-07-24 14:00:00+00:00,224.49,217.8,9.527910039509013,0.6382332083881436,121,rs_trailing_90m
rs_trailing_90m_000055,ADBE,2026-07-24 18:24:00+00:00,226.93,224.62,11.538566977052593,1.3378048669047036,97,rs_trailing_90m
rs_trailing_90m_000056,ADBE,2026-07-27 14:00:00+00:00,238.88,233.71,6.549208325302223,1.4553796278449385,121,rs_trailing_90m
rs_trailing_90m_000057,ADBE,2026-07-27 17:21:00+00:00,242.05,238.91,8.434746725935113,5.431800247591606,121,rs_trailing_90m
rs_trailing_90m_000058,ADBE,2026-07-27 19:13:00+00:00,237.49,239.82,8.226021702222004,1.7048749641911325,48,rs_trailing_90m
rs_trailing_90m_000059,ADBE,2026-07-28 14:00:00+00:00,253.33,247.01,8.086809423608322,1.741774337392563,121,rs_trailing_90m
rs_trailing_90m_000060,ADBE,2026-07-28 19:11:00+00:00,247.7,250.39,10.00039033529984,0.6746295067463655,50,rs_trailing_90m
rs_trailing_90m_000061,ADBE,2026-07-29 14:00:00+00:00,264.13,257.65,4.7699535515123195,2.129443549782277,121,rs_trailing_90m
rs_trailing_90m_000062,ADBE,2026-07-29 19:02:00+00:00,261.15,264.4,1.9049362508618044,5.211204916150646,59,rs_trailing_90m
rs_trailing_90m_000063,ADBE,2026-07-30 14:00:00+00:00,242.42,247.34,3.9564154158119362,1.4208121658993247,121,rs_trailing_90m
rs_trailing_90m_000064,ADBE,2026-07-31 14:00:00+00:00,247.89,243.09,1.6800987486610461,4.464262389299329,121,rs_trailing_90m
rs_trailing_90m_000065,ADBE,2026-08-03 14:12:00+00:00,251.68,256.0,4.86580412382528,0.6804422653370472,121,rs_trailing_90m
rs_trailing_90m_000066,ADBE,2026-08-03 17:57:00+00:00,251.21,253.75,4.008984651224251,8.880662202079126,121,rs_trailing_90m
rs_trailing_90m_000067,ADBE,2026-08-04 14:00:00+00:00,253.9299,250.45,2.0969230259488905,2.611175843655302,121,rs_trailing_90m
rs_trailing_90m_000068,ADBE,2026-08-04 19:16:00+00:00,258.54,256.76,8.902870794265391,1.9505707602805558,45,rs_trailing_90m
rs_trailing_90m_000069,ADBE,2026-08-05 14:00:00+00:00,255.555,261.0,3.5086831473561912,3.8393090593186887,121,rs_trailing_90m
rs_trailing_90m_000070,ADBE,2026-08-05 16:00:00+00:00,255.61,258.455,0.4420659475431978,9.232377289075485,121,rs_trailing_90m
rs_trailing_90m_000071,ADBE,2026-08-06 14:21:00+00:00,257.8799,252.07,5.819537083787397,1.9000292312189726,121,rs_trailing_90m
rs_trailing_90m_000072,ADBE,2026-08-07 14:00:00+00:00,270.16,264.11,7.041735576125309,1.2144029164539434,121,rs_trailing_90m
rs_trailing_90m_000073,ADBE,2026-08-10 14:02:00+00:00,271.221,265.6032,6.210756754067319,2.1744365391312632,121,rs_trailing_90m
rs_trailing_90m_000074,ADBE,2026-08-10 16:57:00+00:00,273.13,271.1701,5.541666373232923,2.87780023521596,121,rs_trailing_90m
rs_trailing_90m_000075,ADBE,2026-08-11 14:57:00+00:00,265.06,269.24,7.203911748782792,1.4242690850028932,121,rs_trailing_90m
rs_trailing_90m_000076,ADBE,2026-08-12 14:00:00+00:00,255.1,258.29,2.3381096764238394,2.3825041639508755,121,rs_trailing_90m
rs_trailing_90m_000077,ADBE,2026-08-12 15:01:00+00:00,255.1,257.37,4.2214193174594605,1.349872456164391,121,rs_trailing_90m
rs_trailing_90m_000078,ADBE,2026-08-12 19:30:00+00:00,258.94,257.41,2.925119881962559,4.725193655478112,31,rs_trailing_90m
rs_trailing_90m_000079,ADBE,2026-08-13 14:39:00+00:00,255.85,260.81,8.104110511133918,0.8284201855825363,121,rs_trailing_90m
rs_trailing_90m_000080,ADBE,2026-08-13 18:34:00+00:00,271.88,259.16,53.13969529062024,5.997393431749618,87,rs_trailing_90m
rs_trailing_90m_000081,ADBE,2026-08-14 14:00:00+00:00,261.67,266.14,1.882605680720876,3.3442560539514754,121,rs_trailing_90m
rs_trailing_90m_000082,ADI,2026-07-01 14:11:00+00:00,396.92,391.95,0.29458362214082934,3.8885038122586986,121,rs_trailing_90m
rs_trailing_90m_000083,ADI,2026-07-01 15:12:00+00:00,392.1,396.88,0.8704041639066247,6.763599328706136,121,rs_trailing_90m
rs_trailing_90m_000084,ADI,2026-07-02 14:00:00+00:00,394.01,379.71,0.7507382697145369,9.571912938860715,121,rs_trailing_90m
rs_trailing_90m_000085,ADI,2026-07-06 14:20:00+00:00,395.93,390.34,2.372986307389593,3.656556173659484,121,rs_trailing_90m
rs_trailing_90m_000086,ADI,2026-07-06 16:00:00+00:00,389.79,392.52,1.2796107628821582,3.9343256291603135,121,rs_trailing_90m
rs_trailing_90m_000087,ADI,2026-07-07 16:02:00+00:00,381.66,377.61,5.035859862752519,0.758240263425758,121,rs_trailing_90m
rs_trailing_90m_000088,ADI,2026-07-07 19:12:00+00:00,374.58,379.38,2.2716693045338006,8.632343357228468,49,rs_trailing_90m
rs_trailing_90m_000089,ADI,2026-07-08 14:00:00+00:00,386.3,379.98,1.9434153859738008,2.622527082187693,121,rs_trailing_90m
rs_trailing_90m_000090,ADI,2026-07-08 16:52:00+00:00,389.78,385.81,4.433376921475948,3.088528449804612,121,rs_trailing_90m
rs_trailing_90m_000091,ADI,2026-07-09 14:00:00+00:00,388.33,397.99,5.809432993471945,3.638230763588519,121,rs_trailing_90m
rs_trailing_90m_000092,ADI,2026-07-09 15:50:00+00:00,397.89,394.19,2.9601446640890092,4.175057457819478,121,rs_trailing_90m
rs_trailing_90m_000093,ADI,2026-07-10 14:00:00+00:00,395.73,390.74,2.5693948689761705,2.4983048923641316,121,rs_trailing_90m
rs_trailing_90m_000094,ADI,2026-07-13 16:00:00+00:00,382.945,386.67,5.553643092029793,4.738556170562843,121,rs_trailing_90m
rs_trailing_90m_000095,ADI,2026-07-14 14:00:00+00:00,392.97,399.26,4.854315683630994,1.3265842455266557,121,rs_trailing_90m
rs_trailing_90m_000096,ADI,2026-07-15 14:10:00+00:00,384.33,394.08,9.668652660185243,0.5226298735235266,121,rs_trailing_90m
rs_trailing_90m_000097,ADI,2026-07-15 17:43:00+00:00,391.72,387.3501,4.063568956711946,3.541308980733611,121,rs_trailing_90m
rs_trailing_90m_000098,ADI,2026-07-17 14:02:00+00:00,378.19,371.72,2.010415542670225,2.3988687153217567,121,rs_trailing_90m
rs_trailing_90m_000099,ADI,2026-07-17 16:35:00+00:00,379.78,372.72,4.524167066327952,6.76227091539476,121,rs_trailing_90m
rs_trailing_90m_000100,ADI,2026-07-20 14:00:00+00:00,376.19,381.61,3.3522808054397886,2.2382921070167368,121,rs_trailing_90m
rs_trailing_90m_000101,ADI,2026-07-21 14:00:00+00:00,377.69,385.57,1.8791019755223897,5.675654946475864,121,rs_trailing_90m
rs_trailing_90m_000102,ADI,2026-07-22 14:00:00+00:00,386.975,380.02,5.885827466766355,2.5983031096812836,121,rs_trailing_90m
rs_trailing_90m_000103,ADI,2026-07-23 14:05:00+00:00,381.76,374.85,1.5945059645454902,3.5661667356930735,121,rs_trailing_90m
rs_trailing_90m_000104,ADI,2026-07-24 14:00:00+00:00,367.15,374.3227,4.616785881409346,1.3768467143525915,121,rs_trailing_90m
rs_trailing_90m_000105,ADI,2026-07-27 14:02:00+00:00,361.67,372.67,10.171054049777661,0.4237939187407336,121,rs_trailing_90m
rs_trailing_90m_000106,ADI,2026-07-27 19:11:00+00:00,373.72,370.62,5.2358059728278326,2.4748821581775164,50,rs_trailing_90m
rs_trailing_90m_000107,ADI,2026-07-28 14:11:00+00:00,373.283,365.55,3.6336131485220933,1.6650348766563674,121,rs_trailing_90m
rs_trailing_90m_000108,ADI,2026-07-28 15:46:00+00:00,373.283,367.765,0.237358890330921,7.333429299530439,121,rs_trailing_90m
rs_trailing_90m_000109,ADI,2026-07-29 14:40:00+00:00,352.73,360.43,3.446549706787297,4.731703834741859,121,rs_trailing_90m
rs_trailing_90m_000110,ADI,2026-07-29 16:31:00+00:00,352.73,363.33,2.576940944196079,16.196649439638044,121,rs_trailing_90m
rs_trailing_90m_000111,ADI,2026-07-29 18:00:00+00:00,368.94,353.23,13.086095125181476,15.037373331261842,121,rs_trailing_90m
rs_trailing_90m_000112,ADI,2026-07-30 14:04:00+00:00,368.42,361.21,0.3684207104451936,5.881728283224896,121,rs_trailing_90m
rs_trailing_90m_000113,ADI,2026-07-31 14:07:00+00:00,362.86,371.035,1.8356329771674549,3.581608129053942,121,rs_trailing_90m
rs_trailing_90m_000114,ADI,2026-08-03 14:00:00+00:00,355.72,365.73,1.2750174038981161,5.895164738248135,121,rs_trailing_90m
rs_trailing_90m_000115,ADI,2026-08-03 15:15:00+00:00,363.06,359.15,1.3354073049889688,4.1608480239657295,121,rs_trailing_90m
rs_trailing_90m_000116,ADI,2026-08-03 16:23:00+00:00,359.15,363.85,4.988212018794059,4.465254307146316,121,rs_trailing_90m
rs_trailing_90m_000117,ADI,2026-08-04 15:01:00+00:00,378.635,375.37,3.89120337256163,1.9233407974217365,121,rs_trailing_90m
rs_trailing_90m_000118,ADI,2026-08-04 19:36:00+00:00,382.48,380.06,3.2679539786732987,3.6389880548543587,25,rs_trailing_90m
rs_trailing_90m_000119,ADI,2026-08-05 15:20:00+00:00,374.64,379.67,2.6042234135514053,4.2182993834087705,121,rs_trailing_90m
rs_trailing_90m_000120,ADI,2026-08-05 16:55:00+00:00,379.555,376.33,0.7973221795368527,6.655906890046233,121,rs_trailing_90m
rs_trailing_90m_000121,ADI,2026-08-06 14:10:00+00:00,384.4,378.265,2.5765220625033036,3.9017414020285646,121,rs_trailing_90m
rs_trailing_90m_000122,ADI,2026-08-07 14:00:00+00:00,390.88,385.5,1.9526559475597758,3.490498973617192,121,rs_trailing_90m
rs_trailing_90m_000123,ADI,2026-08-10 14:00:00+00:00,384.91,390.1,1.7449309755161087,2.39504240182268,121,rs_trailing_90m
rs_trailing_90m_000124,ADI,2026-08-10 14:57:00+00:00,384.91,388.185,2.315555435047986,4.455376752257777,121,rs_trailing_90m
rs_trailing_90m_000125,ADI,2026-08-11 14:06:00+00:00,394.16,387.7725,1.1054862658181794,5.991291144145277,121,rs_trailing_90m
rs_trailing_90m_000126,ADI,2026-08-11 15:37:00+00:00,385.86,389.058,7.763392606145547,2.207422475964174,121,rs_trailing_90m
rs_trailing_90m_000127,ADI,2026-08-12 14:12:00+00:00,383.61,389.62,5.107657706609615,1.4236237437571537,121,rs_trailing_90m
rs_trailing_90m_000128,ADI,2026-08-13 19:14:00+00:00,380.51,382.6,7.0434971608645665,1.615861113375002,47,rs_trailing_90m
rs_trailing_90m_000129,ADI,2026-08-14 14:11:00+00:00,388.6,382.33,2.0558933989124037,5.65370684700904,121,rs_trailing_90m
rs_trailing_90m_000130,AMAT,2026-07-01 14:00:00+00:00,659.15,691.28,6.986318469607164,0.20939919118712313,121,rs_trailing_90m
rs_trailing_90m_000131,AMAT,2026-07-02 14:00:00+00:00,596.431,643.4,13.2615107933336,1.8867150986405803,121,rs_trailing_90m
rs_trailing_90m_000132,AMAT,2026-07-06 14:00:00+00:00,592.3801,617.8799,7.808391621674009,2.743462106981838,121,rs_trailing_90m
rs_trailing_90m_000133,AMAT,2026-07-07 14:00:00+00:00,527.63,543.97,4.34081986761386,2.2880583227422435,121,rs_trailing_90m
rs_trailing_90m_000134,AMAT,2026-07-07 18:42:00+00:00,542.8501,555.0,4.230572510164894,9.624526802822835,79,rs_trailing_90m
rs_trailing_90m_000135,AMAT,2026-07-08 14:00:00+00:00,574.95,555.32,0.2538598550717297,8.19235871282282,121,rs_trailing_90m
rs_trailing_90m_000136,AMAT,2026-07-09 14:00:00+00:00,627.96,604.8,1.5452030667048433,6.260010242975421,121,rs_trailing_90m
rs_trailing_90m_000137,AMAT,2026-07-09 17:39:00+00:00,587.32,603.85,15.199715037593865,1.5839382403906124,121,rs_trailing_90m
rs_trailing_90m_000138,AMAT,2026-07-10 14:01:00+00:00,601.45,583.0756,5.556497570308597,2.102715404626,121,rs_trailing_90m
rs_trailing_90m_000139,AMAT,2026-07-10 19:12:00+00:00,599.84,605.08,1.2924036156172716,5.617999390336187,49,rs_trailing_90m
rs_trailing_90m_000140,AMAT,2026-07-13 14:00:00+00:00,590.02,576.5,3.4635244367735427,2.7717419260997316,121,rs_trailing_90m
rs_trailing_90m_000141,AMAT,2026-07-14 14:00:00+00:00,584.0,600.32,6.614720062670829,0.5677304644608048,121,rs_trailing_90m
rs_trailing_90m_000142,AMAT,2026-07-14 17:40:00+00:00,601.93,592.12,2.965414437163749,10.348414225800527,121,rs_trailing_90m
rs_trailing_90m_000143,AMAT,2026-07-14 19:29:00+00:00,592.12,598.97,1.8620879571579552,7.930850627511485,32,rs_trailing_90m
rs_trailing_90m_000144,AMAT,2026-07-15 14:00:00+00:00,569.35,593.07,8.985788722607104,1.586776183158823,121,rs_trailing_90m
rs_trailing_90m_000145,AMAT,2026-07-16 14:00:00+00:00,591.088,568.21,6.227207727943206,2.805066309962394,121,rs_trailing_90m
rs_trailing_90m_000146,AMAT,2026-07-17 15:07:00+00:00,551.18,528.9,9.169399454453192,0.41737763823650254,121,rs_trailing_90m
rs_trailing_90m_000147,AMAT,2026-07-20 14:20:00+00:00,527.51,541.0,3.607491166819657,2.4604709080428515,121,rs_trailing_90m
rs_trailing_90m_000148,AMAT,2026-07-21 14:00:00+00:00,571.41,556.2101,4.802226006860362,3.0974877465678348,121,rs_trailing_90m
rs_trailing_90m_000149,AMAT,2026-07-21 17:09:00+00:00,571.615,563.56,0.9524860911370473,8.821113226199625,121,rs_trailing_90m
rs_trailing_90m_000150,AMAT,2026-07-22 14:00:00+00:00,563.0,554.19,1.1586531956613613,3.2891614682936328,121,rs_trailing_90m
rs_trailing_90m_000151,AMAT,2026-07-23 14:00:00+00:00,576.49,560.2,5.1370282751622405,2.1460170340103133,121,rs_trailing_90m
rs_trailing_90m_000152,AMAT,2026-07-23 17:50:00+00:00,554.8,561.85,5.229878898295664,2.4515057335760573,121,rs_trailing_90m
rs_trailing_90m_000153,AMAT,2026-07-24 14:00:00+00:00,535.25,554.585,5.976669360855567,1.9874176199950655,121,rs_trailing_90m
rs_trailing_90m_000154,AMAT,2026-07-24 17:39:00+00:00,530.0101,548.29,18.6349869925276,1.193166764170837,121,rs_trailing_90m
rs_trailing_90m_000155,AMAT,2026-07-27 14:00:00+00:00,493.64,527.72,11.000583166243985,0.6785406438991675,121,rs_trailing_90m
rs_trailing_90m_000156,AMAT,2026-07-27 18:53:00+00:00,521.0,509.35,12.716808291502007,0.8625516164721225,68,rs_trailing_90m
rs_trailing_90m_000157,AMAT,2026-07-28 14:00:00+00:00,467.01,482.77,4.882951547384724,2.376983960802355,121,rs_trailing_90m
rs_trailing_90m_000158,AMAT,2026-07-28 19:10:00+00:00,483.65,476.27,3.256266129318142,4.701099444975904,51,rs_trailing_90m
rs_trailing_90m_000159,AMAT,2026-07-29 14:14:00+00:00,441.44,458.0,4.994369135367923,1.6621099697984947,121,rs_trailing_90m
rs_trailing_90m_000160,AMAT,2026-07-30 14:00:00+00:00,508.54,494.0,3.2362260528498727,3.0883340020476044,121,rs_trailing_90m
rs_trailing_90m_000161,AMAT,2026-07-30 18:49:00+00:00,494.53,503.04,3.9783058802964137,8.607338372983135,72,rs_trailing_90m
rs_trailing_90m_000162,AMAT,2026-07-31 14:07:00+00:00,502.91,520.075,1.326012990117379,4.245838411440748,121,rs_trailing_90m
rs_trailing_90m_000163,AMAT,2026-07-31 16:56:00+00:00,521.005,513.5801,2.937898658424116,3.952058305863178,121,rs_trailing_90m
rs_trailing_90m_000164,AMAT,2026-07-31 19:07:00+00:00,507.58,516.1,9.822644189241405,1.9314188012552844,54,rs_trailing_90m
rs_trailing_90m_000165,AMAT,2026-08-03 14:00:00+00:00,517.36,498.42,6.373244942236167,1.8775588312397746,121,rs_trailing_90m
rs_trailing_90m_000166,AMAT,2026-08-03 18:03:00+00:00,519.5,513.46,1.314744131142494,7.919040231765053,118,rs_trailing_90m
rs_trailing_90m_000167,AMAT,2026-08-04 14:00:00+00:00,535.5547,547.2,2.6478790267970065,2.9480677693409656,121,rs_trailing_90m
rs_trailing_90m_000168,AMAT,2026-08-04 15:50:00+00:00,549.5,543.58,3.427622342914885,2.9734894142006483,121,rs_trailing_90m
rs_trailing_90m_000169,AMAT,2026-08-05 14:00:00+00:00,552.145,530.57,1.0974621121898327,10.424554953745028,121,rs_trailing_90m
rs_trailing_90m_000170,AMAT,2026-08-06 14:15:00+00:00,539.5,528.5786,1.9131119569498602,2.673904711904659,121,rs_trailing_90m
rs_trailing_90m_000171,AMAT,2026-08-06 16:45:00+00:00,525.55,536.0,5.597315556404768,3.91357022642925,121,rs_trailing_90m
rs_trailing_90m_000172,AMAT,2026-08-07 14:00:00+00:00,528.0,540.31,3.7213693049140564,2.3947930640434567,121,rs_trailing_90m
rs_trailing_90m_000173,AMAT,2026-08-10 14:00:00+00:00,527.06,545.25,5.6820316175699155,3.2820755050316714,121,rs_trailing_90m
rs_trailing_90m_000174,AMAT,2026-08-11 14:58:00+00:00,523.715,532.07,5.790847441725498,0.8505431383179958,121,rs_trailing_90m
rs_trailing_90m_000175,AMAT,2026-08-11 16:03:00+00:00,523.11,528.7,6.469966522835684,2.029942493063662,121,rs_trailing_90m
rs_trailing_90m_000176,AMAT,2026-08-12 14:00:00+00:00,552.24,545.0,1.2821877621241287,3.1330509526339516,121,rs_trailing_90m
rs_trailing_90m_000177,AMAT,2026-08-12 16:05:00+00:00,552.9,550.44,1.3731612069723291,1.564209722724967,121,rs_trailing_90m
rs_trailing_90m_000178,AMAT,2026-08-13 14:34:00+00:00,560.1,551.05,0.4510698168940769,5.0653921329591345,121,rs_trailing_90m
rs_trailing_90m_000179,AMAT,2026-08-13 17:16:00+00:00,563.755,547.27,4.793347536603833,20.987511889469832,121,rs_trailing_90m
rs_trailing_90m_000180,AMAT,2026-08-13 18:43:00+00:00,531.79,555.2298,33.396257808439884,1.5892887291363793,78,rs_trailing_90m
rs_trailing_90m_000181,AMAT,2026-08-14 14:00:00+00:00,515.24,503.02,1.2648890726372148,3.520542651086225,121,rs_trailing_90m
rs_trailing_90m_000182,AMD,2026-07-01 14:00:00+00:00,547.0601,561.4399,5.360591132307565,0.8534233590914767,121,rs_trailing_90m
rs_trailing_90m_000183,AMD,2026-07-01 18:45:00+00:00,538.62,552.8799,6.744229924864724,8.594214143010692,76,rs_trailing_90m
rs_trailing_90m_000184,AMD,2026-07-02 14:00:00+00:00,514.2,547.65,13.8663890714615,1.5980884765371062,121,rs_trailing_90m
rs_trailing_90m_000185,AMD,2026-07-02 16:56:00+00:00,507.95,517.41,2.011949960241361,4.450884207460941,121,rs_trailing_90m
rs_trailing_90m_000186,AMD,2026-07-06 14:00:00+00:00,572.5,559.4701,5.684136178090123,0.5397063418171562,121,rs_trailing_90m
rs_trailing_90m_000187,AMD,2026-07-07 14:00:00+00:00,503.11,517.0,5.8269215929432825,0.7773983520573006,121,rs_trailing_90m
rs_trailing_90m_000188,AMD,2026-07-07 19:07:00+00:00,508.11,516.7,3.9986917370676935,3.294039053040873,54,rs_trailing_90m
rs_trailing_90m_000189,AMD,2026-07-08 14:00:00+00:00,521.19,498.15,0.516712743588074,10.93046188359306,121,rs_trailing_90m
rs_trailing_90m_000190,AMD,2026-07-09 14:00:00+00:00,559.5,546.64,1.6355856151642045,5.5187106470845375,121,rs_trailing_90m
rs_trailing_90m_000191,AMD,2026-07-09 16:16:00+00:00,545.57,555.37,10.130782214775444,0.6842140493639276,121,rs_trailing_90m
rs_trailing_90m_000192,AMD,2026-07-09 17:25:00+00:00,543.5,551.0999,8.615856029884252,1.2902928720094855,121,rs_trailing_90m
rs_trailing_90m_000193,AMD,2026-07-09 19:30:00+00:00,541.27,548.15,0.8812850489495335,7.0966638152252814,31,rs_trailing_90m
rs_trailing_90m_000194,AMD,2026-07-10 14:06:00+00:00,553.5,540.292,0.9784664882168126,5.234795711959811,121,rs_trailing_90m
rs_trailing_90m_000195,AMD,2026-07-10 16:23:00+00:00,560.25,551.5101,4.201114319506624,3.6612666314690525,121,rs_trailing_90m
rs_trailing_90m_000196,AMD,2026-07-10 19:08:00+00:00,552.0701,559.15,3.113283937222578,7.535413558860514,53,rs_trailing_90m
rs_trailing_90m_000197,AMD,2026-07-13 14:00:00+00:00,531.09,551.87,2.676207163276459,9.056194704420722,121,rs_trailing_90m
rs_trailing_90m_000198,AMD,2026-07-13 14:58:00+00:00,551.87,533.5,3.8390239829129547,6.010538945314882,121,rs_trailing_90m
rs_trailing_90m_000199,AMD,2026-07-13 16:32:00+00:00,533.5,540.6699,4.9847560069648305,1.5134625556419077,121,rs_trailing_90m
rs_trailing_90m_000200,AMD,2026-07-14 14:05:00+00:00,547.84,567.44,2.1781993061570883,6.624420570271527,121,rs_trailing_90m
rs_trailing_90m_000201,AMD,2026-07-14 19:29:00+00:00,546.66,551.21,2.361855349017617,2.9091088642598604,32,rs_trailing_90m
rs_trailing_90m_000202,AMD,2026-07-15 14:00:00+00:00,513.6,547.6999,17.179953980886488,1.5307723583085124,121,rs_trailing_90m
rs_trailing_90m_000203,AMD,2026-07-16 14:09:00+00:00,518.31,503.0,0.5699076143394446,5.707276252953325,121,rs_trailing_90m
rs_trailing_90m_000204,AMD,2026-07-16 19:34:00+00:00,501.81,495.415,3.8302912676771603,1.7366888815945436,27,rs_trailing_90m
rs_trailing_90m_000205,AMD,2026-07-17 14:08:00+00:00,501.82,481.69,5.007438582200982,2.5838749639386394,121,rs_trailing_90m
rs_trailing_90m_000206,AMD,2026-07-17 18:21:00+00:00,491.81,500.75,3.020025327881263,5.21138516945371,100,rs_trailing_90m
rs_trailing_90m_000207,AMD,2026-07-20 14:30:00+00:00,506.1,518.98,4.707566991270317,1.1338070788223311,121,rs_trailing_90m
rs_trailing_90m_000208,AMD,2026-07-20 17:43:00+00:00,506.1,517.0,3.088344172812713,8.977229835667194,121,rs_trailing_90m
rs_trailing_90m_000209,AMD,2026-07-20 19:39:00+00:00,502.36,509.2,5.357621441819347,1.0322880023034275,22,rs_trailing_90m
rs_trailing_90m_000210,AMD,2026-07-21 14:26:00+00:00,538.08,526.14,4.102064363595961,1.6264325371450457,121,rs_trailing_90m
rs_trailing_90m_000211,AMD,2026-07-22 14:00:00+00:00,558.42,544.75,2.561981553732832,4.108930415701018,121,rs_trailing_90m
rs_trailing_90m_000212,AMD,2026-07-23 14:04:00+00:00,554.71,536.001,1.2072036414012683,7.791032584485777,121,rs_trailing_90m
rs_trailing_90m_000213,AMD,2026-07-24 14:00:00+00:00,519.88,537.75,1.936550007393864,5.702776401464539,121,rs_trailing_90m
rs_trailing_90m_000214,AMD,2026-07-24 18:26:00+00:00,518.0,527.7999,9.203428872233868,1.0803304323593714,95,rs_trailing_90m
rs_trailing_90m_000215,AMD,2026-07-27 14:00:00+00:00,476.93,505.741,14.065129817058796,0.12858139692651083,121,rs_trailing_90m
rs_trailing_90m_000216,AMD,2026-07-27 18:53:00+00:00,496.28,486.05,10.033105622697763,0.8975302154489757,68,rs_trailing_90m
rs_trailing_90m_000217,AMD,2026-07-28 14:00:00+00:00,442.27,466.4799,5.207573149741466,6.753985218183174,121,rs_trailing_90m
rs_trailing_90m_000218,AMD,2026-07-28 18:23:00+00:00,452.59,465.8117,3.537696768851101,12.563633822790248,98,rs_trailing_90m
rs_trailing_90m_000219,AMD,2026-07-28 19:22:00+00:00,465.8117,452.59,3.0870440726632196,11.992562317232949,39,rs_trailing_90m
rs_trailing_90m_000220,AMD,2026-07-29 14:00:00+00:00,425.4501,445.11,9.22746064705814,2.1821050467574334,121,rs_trailing_90m
rs_trailing_90m_000221,AMD,2026-07-30 14:00:00+00:00,498.2,480.25,7.381042482215772,1.3239320615275447,121,rs_trailing_90m
rs_trailing_90m_000222,AMD,2026-07-31 14:00:00+00:00,483.1601,496.3999,4.702068417496914,1.7027758127910193,121,rs_trailing_90m
rs_trailing_90m_000223,AMD,2026-07-31 19:06:00+00:00,475.76,487.06,14.408272125966771,1.522596271628556,55,rs_trailing_90m
rs_trailing_90m_000224,AMD,2026-08-03 14:18:00+00:00,486.85,470.435,5.410452070191583,1.0136036789725873,121,rs_trailing_90m
rs_trailing_90m_000225,AMD,2026-08-03 17:56:00+00:00,490.9464,483.21,3.737460964732377,7.529535492250857,121,rs_trailing_90m
rs_trailing_90m_000226,AMD,2026-08-03 19:30:00+00:00,483.21,487.2,1.8707162035804759,3.348974462353846,31,rs_trailing_90m
rs_trailing_90m_000227,AMD,2026-08-04 14:02:00+00:00,524.86,511.45,6.2615784081972885,0.4855301859309122,121,rs_trailing_90m
rs_trailing_90m_000228,AMD,2026-08-05 14:00:00+00:00,494.22,478.2,0.5920826939747849,5.07070223586164,121,rs_trailing_90m
rs_trailing_90m_000229,AMD,2026-08-06 14:00:00+00:00,495.3599,479.82,7.663005158916524,0.9588396443334042,121,rs_trailing_90m
rs_trailing_90m_000230,AMD,2026-08-06 17:03:00+00:00,496.72,481.0,1.1751712684241853,14.750425576082563,121,rs_trailing_90m
rs_trailing_90m_000231,AMD,2026-08-07 14:00:00+00:00,476.34,488.55,6.552371659113153,0.7740439047853561,121,rs_trailing_90m
rs_trailing_90m_000232,AMD,2026-08-10 15:04:00+00:00,479.5,474.48,1.7222981472666166,2.3368270636622106,121,rs_trailing_90m
rs_trailing_90m_000233,AMD,2026-08-11 14:00:00+00:00,466.5101,471.7,1.0859885796072295,3.4414209547358072,121,rs_trailing_90m
rs_trailing_90m_000234,AMD,2026-08-11 18:03:00+00:00,475.99,469.2,11.922554098241358,3.294389948198335,118,rs_trailing_90m
rs_trailing_90m_000235,AMD,2026-08-12 14:00:00+00:00,491.6899,485.17,3.574663762157271,2.095315623048715,121,rs_trailing_90m
rs_trailing_90m_000236,AMD,2026-08-12 19:20:00+00:00,481.0,484.975,8.19971451839943,2.4171796870201114,41,rs_trailing_90m
rs_trailing_90m_000237,AMD,2026-08-13 14:00:00+00:00,497.99,489.0701,2.0189168585698685,4.934186032069945,121,rs_trailing_90m
rs_trailing_90m_000238,AMD,2026-08-13 18:47:00+00:00,482.07,491.35,20.14562914798996,2.243764683548593,74,rs_trailing_90m
rs_trailing_90m_000239,AMD,2026-08-14 14:00:00+00:00,511.4717,496.35,8.199446987674195,0.9129445189742041,121,rs_trailing_90m
rs_trailing_90m_000240,AMD,2026-08-14 17:09:00+00:00,509.48,501.28,9.095351840857136,3.3765352987797708,121,rs_trailing_90m
rs_trailing_90m_000241,AMZN,2026-07-01 14:00:00+00:00,237.68,243.57,0.3771776599526196,10.730704425652632,121,rs_trailing_90m
rs_trailing_90m_000242,AMZN,2026-07-01 15:00:00+00:00,243.57,241.35,2.2025267452331385,2.838307661382914,121,rs_trailing_90m
rs_trailing_90m_000243,AMZN,2026-07-01 17:15:00+00:00,244.9,242.9104,2.6373377854341755,5.435350303642407,121,rs_trailing_90m
rs_trailing_90m_000244,AMZN,2026-07-02 14:21:00+00:00,246.72,243.0,4.195335957122383,2.6798401488226347,121,rs_trailing_90m
rs_trailing_90m_000245,AMZN,2026-07-06 14:00:00+00:00,241.4,245.69,0.5377159481035355,8.334597195605093,121,rs_trailing_90m
rs_trailing_90m_000246,AMZN,2026-07-06 15:12:00+00:00,246.04,244.27,4.053071325056516,1.5956973720695173,121,rs_trailing_90m
rs_trailing_90m_000247,AMZN,2026-07-07 14:13:00+00:00,247.53,242.7,0.36570843064212544,7.663253933000963,121,rs_trailing_90m
rs_trailing_90m_000248,AMZN,2026-07-07 15:21:00+00:00,242.7,246.2899,2.5456895805871396,8.599153133253752,121,rs_trailing_90m
rs_trailing_90m_000249,AMZN,2026-07-08 14:59:00+00:00,240.52,242.27,1.7337943117006653,3.2402057628505445,121,rs_trailing_90m
rs_trailing_90m_000250,AMZN,2026-07-09 14:02:00+00:00,242.62,239.3,0.1776329763544565,6.760502100077768,121,rs_trailing_90m
rs_trailing_90m_000251,AMZN,2026-07-09 17:35:00+00:00,245.98,243.41,7.836234640800249,6.296483272783489,121,rs_trailing_90m
rs_trailing_90m_000252,AMZN,2026-07-10 14:00:00+00:00,244.41,246.785,2.643737071682933,2.610552087519579,121,rs_trailing_90m
rs_trailing_90m_000253,AMZN,2026-07-13 14:00:00+00:00,249.35,245.3501,2.9063506831378776,5.708033975982637,121,rs_trailing_90m
rs_trailing_90m_000254,AMZN,2026-07-15 14:00:00+00:00,256.2,252.13,8.083550430140523,0.7130192473205113,121,rs_trailing_90m
rs_trailing_90m_000255,AMZN,2026-07-15 18:05:00+00:00,253.676,255.5,3.808452919206221,4.9404364065268975,116,rs_trailing_90m
rs_trailing_90m_000256,AMZN,2026-07-16 18:23:00+00:00,248.0,253.49,17.875186187194778,2.484725050917179,98,rs_trailing_90m
rs_trailing_90m_000257,AMZN,2026-07-17 14:34:00+00:00,250.24,247.29,2.632243491195037,2.361401717181407,121,rs_trailing_90m
rs_trailing_90m_000258,AMZN,2026-07-20 14:36:00+00:00,252.61,249.56,5.880084827453158,1.7515146294540866,121,rs_trailing_90m
rs_trailing_90m_000259,AMZN,2026-07-21 14:21:00+00:00,246.96,248.59,0.40925231207496604,3.514755150761751,121,rs_trailing_90m
rs_trailing_90m_000260,AMZN,2026-07-22 14:00:00+00:00,243.27,247.02,8.061414359815728,2.658551544194575,121,rs_trailing_90m
rs_trailing_90m_000261,AMZN,2026-07-23 14:02:00+00:00,232.0516,235.949,6.856225444952244,1.5509772511077415,121,rs_trailing_90m
rs_trailing_90m_000262,AMZN,2026-07-28 14:00:00+00:00,228.1,231.3899,4.161079557586482,3.987453559380055,121,rs_trailing_90m
rs_trailing_90m_000263,AMZN,2026-07-30 14:00:00+00:00,238.71,235.87,2.6661457548101195,2.3566429308685803,121,rs_trailing_90m
rs_trailing_90m_000264,AMZN,2026-07-31 14:00:00+00:00,272.04,266.32,1.3516617319467021,3.785550963558412,121,rs_trailing_90m
rs_trailing_90m_000265,AMZN,2026-07-31 17:05:00+00:00,271.88,269.68,1.7121348055552998,5.014109073411888,121,rs_trailing_90m
rs_trailing_90m_000266,AMZN,2026-08-03 14:00:00+00:00,286.57,283.25,1.4835915375648288,1.8900549725141373,121,rs_trailing_90m
rs_trailing_90m_000267,AMZN,2026-08-03 18:18:00+00:00,282.4165,285.9,1.8775376555342191,13.935814431150865,103,rs_trailing_90m
rs_trailing_90m_000268,AMZN,2026-08-04 15:01:00+00:00,276.62,279.22,1.3718586049134924,3.9517718022134134,121,rs_trailing_90m
rs_trailing_90m_000269,AMZN,2026-08-05 14:00:00+00:00,272.71,278.14,5.776815987763771,3.302232004582667,121,rs_trailing_90m
rs_trailing_90m_000270,AMZN,2026-08-05 16:02:00+00:00,271.18,273.27,4.351103868613685,3.042235225209371,121,rs_trailing_90m
rs_trailing_90m_000271,AMZN,2026-08-07 14:00:00+00:00,278.31,274.9,2.341613748564185,4.352076319843788,121,rs_trailing_90m
rs_trailing_90m_000272,AMZN,2026-08-07 14:57:00+00:00,278.31,275.09,5.169739748389808,4.261740132525462,121,rs_trailing_90m
rs_trailing_90m_000273,AMZN,2026-08-07 17:24:00+00:00,273.945,275.23,0.6057230684212543,6.162573826546271,121,rs_trailing_90m
rs_trailing_90m_000274,AMZN,2026-08-10 14:26:00+00:00,280.14,277.035,5.326877271176414,0.601421627390889,121,rs_trailing_90m
rs_trailing_90m_000275,AMZN,2026-08-11 14:26:00+00:00,271.42,274.96,5.830029638369976,1.6206219572363918,121,rs_trailing_90m
rs_trailing_90m_000276,AMZN,2026-08-12 14:03:00+00:00,267.8,270.93,3.108498555345169,4.375809504831969,121,rs_trailing_90m
rs_trailing_90m_000277,AVGO,2026-07-02 15:18:00+00:00,357.83,366.8,6.360053155131671,3.1324055472861905,121,rs_trailing_90m
rs_trailing_90m_000278,AVGO,2026-07-06 14:01:00+00:00,381.12,372.98,0.581503116708487,5.992712674967758,121,rs_trailing_90m
rs_trailing_90m_000279,AVGO,2026-07-07 15:00:00+00:00,362.77,371.93,0.8942810784469484,10.17546848719355,121,rs_trailing_90m
rs_trailing_90m_000280,AVGO,2026-07-07 16:01:00+00:00,372.9599,368.42,6.369204266915985,1.5422435022081569,121,rs_trailing_90m
rs_trailing_90m_000281,AVGO,2026-07-07 19:26:00+00:00,366.65,371.0,0.4321961392440154,8.435979359393105,35,rs_trailing_90m
rs_trailing_90m_000282,AVGO,2026-07-08 14:00:00+00:00,390.34,383.08,3.301988175343337,1.7342374870500752,121,rs_trailing_90m
rs_trailing_90m_000283,AVGO,2026-07-08 16:28:00+00:00,395.09,388.54,2.7274574893306442,6.295192285980439,121,rs_trailing_90m
rs_trailing_90m_000284,AVGO,2026-07-09 14:00:00+00:00,387.93,401.95,5.428907287558754,6.997750699636941,121,rs_trailing_90m
rs_trailing_90m_000285,AVGO,2026-07-09 17:46:00+00:00,407.52,400.6601,1.649225134551676,13.435467532796341,121,rs_trailing_90m
rs_trailing_90m_000286,AVGO,2026-07-09 19:30:00+00:00,399.584,402.33,2.650029620300141,3.5909492281939897,31,rs_trailing_90m
rs_trailing_90m_000287,AVGO,2026-07-13 15:24:00+00:00,392.35,385.8,1.6786030519431543,9.807867894805359,121,rs_trailing_90m
rs_trailing_90m_000288,AVGO,2026-07-14 14:04:00+00:00,388.61,397.33,0.34199107297251846,6.843941833824138,121,rs_trailing_90m
rs_trailing_90m_000289,AVGO,2026-07-14 15:01:00+00:00,397.33,392.22,1.9751782186722726,3.379283689770845,121,rs_trailing_90m
rs_trailing_90m_000290,AVGO,2026-07-15 14:42:00+00:00,386.74,392.34,1.3123103283595283,3.8997023232812373,121,rs_trailing_90m
rs_trailing_90m_000291,AVGO,2026-07-15 16:53:00+00:00,395.89,388.9554,8.785136628560787,2.6447711508796856,121,rs_trailing_90m
rs_trailing_90m_000292,AVGO,2026-07-16 14:00:00+00:00,379.51,386.18,1.6263971621712328,5.069941770965877,121,rs_trailing_90m
rs_trailing_90m_000293,AVGO,2026-07-16 17:26:00+00:00,374.615,378.22,5.576071512553605,1.7071668217782476,121,rs_trailing_90m
rs_trailing_90m_000294,AVGO,2026-07-17 14:09:00+00:00,374.24,367.44,3.1393150026809074,2.6537221800138533,121,rs_trailing_90m
rs_trailing_90m_000295,AVGO,2026-07-17 16:33:00+00:00,377.35,371.97,6.135621499225677,1.6865689429150579,121,rs_trailing_90m
rs_trailing_90m_000296,AVGO,2026-07-20 15:30:00+00:00,383.59,380.29,3.678001583450618,1.993683101309639,121,rs_trailing_90m
rs_trailing_90m_000297,AVGO,2026-07-21 14:00:00+00:00,380.58,386.766,2.377723439541085,5.050861003388763,121,rs_trailing_90m
rs_trailing_90m_000298,AVGO,2026-07-22 14:00:00+00:00,394.15,384.52,12.532743525193254,1.6996055488175394,121,rs_trailing_90m
rs_trailing_90m_000299,AVGO,2026-07-23 14:10:00+00:00,396.57,386.82,1.497716475045512,8.109346440542591,121,rs_trailing_90m
rs_trailing_90m_000300,AVGO,2026-07-24 14:00:00+00:00,380.44,386.17,1.9932248017211462,3.9864496034422334,121,rs_trailing_90m
rs_trailing_90m_000301,AVGO,2026-07-27 14:00:00+00:00,373.5,384.16,9.515030416056453,1.6556991252609705,121,rs_trailing_90m
rs_trailing_90m_000302,AVGO,2026-07-27 16:03:00+00:00,383.97,378.26,3.1594650966992837,3.805996564363575,121,rs_trailing_90m
rs_trailing_90m_000303,AVGO,2026-07-28 14:04:00+00:00,385.63,373.17,5.592573923867113,4.180703929061941,121,rs_trailing_90m
rs_trailing_90m_000304,AVGO,2026-07-28 14:53:00+00:00,385.63,377.05,4.442833373577458,2.463000127988598,121,rs_trailing_90m
rs_trailing_90m_000305,AVGO,2026-07-28 19:22:00+00:00,385.8,380.2718,3.4352392155052627,9.52768872385028,39,rs_trailing_90m
rs_trailing_90m_000306,AVGO,2026-07-29 15:31:00+00:00,369.5101,378.1999,3.8289100931132105,5.871799235769668,121,rs_trailing_90m
rs_trailing_90m_000307,AVGO,2026-07-29 17:13:00+00:00,386.12,375.57,14.24798934069996,2.9703712027575917,121,rs_trailing_90m
rs_trailing_90m_000308,AVGO,2026-07-30 14:00:00+00:00,388.29,381.885,1.7102484521733152,4.540331482873846,121,rs_trailing_90m
rs_trailing_90m_000309,AVGO,2026-07-31 14:02:00+00:00,379.71,389.17,4.2467911123027235,3.362042963906309,121,rs_trailing_90m
rs_trailing_90m_000310,AVGO,2026-08-03 14:00:00+00:00,376.56,389.37,2.8347781557480367,8.879256739455863,121,rs_trailing_90m
rs_trailing_90m_000311,AVGO,2026-08-04 14:00:00+00:00,416.68,407.52,6.114527423311624,1.8300216827216438,121,rs_trailing_90m
rs_trailing_90m_000312,AVGO,2026-08-04 15:45:00+00:00,421.76,415.19,9.601633913012524,1.0632409489473416,121,rs_trailing_90m
rs_trailing_90m_000313,AVGO,2026-08-04 17:59:00+00:00,421.97,417.74,1.3606172757919766,9.29755138457815,121,rs_trailing_90m
rs_trailing_90m_000314,AVGO,2026-08-05 14:00:00+00:00,424.25,418.0,1.8339481626982603,3.128032796983175,121,rs_trailing_90m
rs_trailing_90m_000315,AVGO,2026-08-06 14:11:00+00:00,427.58,421.75,1.5776484427256199,3.8011178853974497,121,rs_trailing_90m
rs_trailing_90m_000316,AVGO,2026-08-07 14:56:00+00:00,421.93,426.25,2.9139078349438283,1.4645554161717609,121,rs_trailing_90m
rs_trailing_90m_000317,AVGO,2026-08-10 15:02:00+00:00,420.16,427.48,7.378330720594356,1.917604025490087,121,rs_trailing_90m
rs_trailing_90m_000318,AVGO,2026-08-13 14:00:00+00:00,424.5,420.83,0.9850833471096476,3.8352578314135823,121,rs_trailing_90m
rs_trailing_90m_000319,AVGO,2026-08-14 14:00:00+00:00,392.8,401.8,6.315236613612312,0.7452763705505112,121,rs_trailing_90m
rs_trailing_90m_000320,AVGO,2026-08-14 17:54:00+00:00,388.5,394.33,5.613258521344091,11.168945160418039,121,rs_trailing_90m
rs_trailing_90m_000321,AVGO,2026-08-14 19:37:00+00:00,394.33,391.9,2.025519439235048,3.976934508742051,24,rs_trailing_90m
rs_trailing_90m_000322,BKNG,2026-07-01 14:01:00+00:00,185.45,180.75,5.8353096905850625,1.1790011906808586,121,rs_trailing_90m
rs_trailing_90m_000323,BKNG,2026-07-02 15:01:00+00:00,182.78,184.84,3.791033676830329,2.883777754170158,121,rs_trailing_90m
rs_trailing_90m_000324,BKNG,2026-07-06 14:10:00+00:00,181.33,183.85,0.7063363539261921,3.635048065327481,121,rs_trailing_90m
rs_trailing_90m_000325,BKNG,2026-07-07 14:00:00+00:00,185.51,181.77,0.07659027394698337,7.084600340097349,121,rs_trailing_90m
rs_trailing_90m_000326,BKNG,2026-07-08 14:00:00+00:00,172.9,175.9,4.273076923077082,0.8038461538461723,121,rs_trailing_90m
rs_trailing_90m_000327,BKNG,2026-07-09 14:00:00+00:00,170.31,174.555,3.668185535693388,5.656034583479406,121,rs_trailing_90m
rs_trailing_90m_000328,BKNG,2026-07-10 14:00:00+00:00,180.04,177.2,2.6463238741920394,3.5906552151901185,121,rs_trailing_90m
rs_trailing_90m_000329,BKNG,2026-07-13 14:00:00+00:00,174.57,177.5,3.3863575087622757,2.93340523052023,121,rs_trailing_90m
rs_trailing_90m_000330,BKNG,2026-07-14 14:57:00+00:00,176.63,174.74,4.606607714317307,1.1402494342369676,121,rs_trailing_90m
rs_trailing_90m_000331,BKNG,2026-07-15 14:10:00+00:00,181.3,177.31,8.913366930645775,0.4703623710103019,121,rs_trailing_90m
rs_trailing_90m_000332,BKNG,2026-07-15 19:25:00+00:00,183.14,181.66,4.369882002118791,6.146256799728313,36,rs_trailing_90m
rs_trailing_90m_000333,BKNG,2026-07-16 14:00:00+00:00,179.99,182.32,0.91571849978928,3.109987357774877,121,rs_trailing_90m
rs_trailing_90m_000334,BKNG,2026-07-16 17:30:00+00:00,184.34,182.77,7.402060777237051,2.616245619540668,121,rs_trailing_90m
rs_trailing_90m_000335,BKNG,2026-07-17 14:00:00+00:00,178.76,182.16,6.481381996440492,0.7962596111875014,121,rs_trailing_90m
rs_trailing_90m_000336,BKNG,2026-07-17 17:39:00+00:00,182.095,180.93,0.20829634081382248,9.498313141108031,121,rs_trailing_90m
rs_trailing_90m_000337,BKNG,2026-07-20 14:00:00+00:00,177.36,179.63,2.524728817074272,1.5689386220390453,121,rs_trailing_90m
rs_trailing_90m_000338,BKNG,2026-07-21 15:04:00+00:00,177.1,178.18,3.1263239896676445,1.3755825554538157,121,rs_trailing_90m
rs_trailing_90m_000339,BKNG,2026-07-22 15:03:00+00:00,180.37,178.4,5.045012076411224,3.75027446388094,121,rs_trailing_90m
rs_trailing_90m_000340,BKNG,2026-07-23 14:00:00+00:00,171.02,174.67,5.670996774727882,0.6881854765030456,121,rs_trailing_90m
rs_trailing_90m_000341,BKNG,2026-07-24 14:00:00+00:00,180.3,174.59,11.096148013345736,0.6806187443129925,121,rs_trailing_90m
rs_trailing_90m_000342,BKNG,2026-07-24 17:06:00+00:00,177.715,178.57,0.1739556954806872,5.775329089957391,121,rs_trailing_90m
rs_trailing_90m_000343,BKNG,2026-07-27 14:00:00+00:00,185.12,182.38,3.955315623496759,1.3702690489264222,121,rs_trailing_90m
rs_trailing_90m_000344,BKNG,2026-07-27 16:37:00+00:00,186.98,185.72,4.568984170842599,1.827593668337155,121,rs_trailing_90m
rs_trailing_90m_000345,BKNG,2026-07-28 14:00:00+00:00,197.13,193.17,5.727726993725728,1.4500574667660293,121,rs_trailing_90m
rs_trailing_90m_000346,BKNG,2026-07-28 17:31:00+00:00,198.45,197.04,6.698312839577809,3.1398341435522834,121,rs_trailing_90m
rs_trailing_90m_000347,BKNG,2026-07-29 14:00:00+00:00,201.76,198.5,3.1863304624536974,2.1133824495866764,121,rs_trailing_90m
rs_trailing_90m_000348,BKNG,2026-07-29 16:00:00+00:00,203.5,200.665,9.363187195012822,3.8430992218337177,121,rs_trailing_90m
rs_trailing_90m_000349,BKNG,2026-07-30 14:00:00+00:00,190.15,195.1,6.502464986726667,0.7797073400373644,121,rs_trailing_90m
rs_trailing_90m_000350,BKNG,2026-07-31 14:58:00+00:00,194.245,192.37,3.86085957211435,1.0805136003869398,121,rs_trailing_90m
rs_trailing_90m_000351,BKNG,2026-07-31 19:45:00+00:00,192.51,193.475,4.844870841264654,2.5762408441646176,16,rs_trailing_90m
rs_trailing_90m_000352,BKNG,2026-08-03 14:00:00+00:00,191.0664,194.5,4.482655731693786,1.3839575936392599,121,rs_trailing_90m
rs_trailing_90m_000353,BKNG,2026-08-04 15:00:00+00:00,190.37,194.43,9.314462156976965,2.6528531459744715,121,rs_trailing_90m
rs_trailing_90m_000354,BKNG,2026-08-04 16:28:00+00:00,190.37,193.72,7.040877934438773,7.4741627304042115,121,rs_trailing_90m
rs_trailing_90m_000355,BKNG,2026-08-05 14:00:00+00:00,204.35,208.52,1.0718803302026139,2.4201048080355996,121,rs_trailing_90m
rs_trailing_90m_000356,BKNG,2026-08-05 17:52:00+00:00,208.34,205.92,3.5715201504333223,9.046113081754514,121,rs_trailing_90m
rs_trailing_90m_000357,BKNG,2026-08-06 14:01:00+00:00,210.7302,205.82,0.6298080362465717,5.810182425181877,121,rs_trailing_90m
rs_trailing_90m_000358,BKNG,2026-08-06 15:11:00+00:00,205.82,208.91,4.478835903157539,4.507919253177933,121,rs_trailing_90m
rs_trailing_90m_000359,BKNG,2026-08-07 14:00:00+00:00,215.69,212.62,3.8452727689236554,1.1781261249468231,121,rs_trailing_90m
rs_trailing_90m_000360,BKNG,2026-08-07 16:46:00+00:00,211.38,213.595,5.6101844936794425,3.7330926894031644,121,rs_trailing_90m
rs_trailing_90m_000361,BKNG,2026-08-10 14:00:00+00:00,209.21,211.63,1.6006056345645034,1.8578458258337667,121,rs_trailing_90m
rs_trailing_90m_000362,BKNG,2026-08-11 14:42:00+00:00,214.36,212.17,1.5482894568296264,4.789568319725072,121,rs_trailing_90m
rs_trailing_90m_000363,BKNG,2026-08-12 14:00:00+00:00,208.0,211.35,0.7490451731857346,6.9718819965751715,121,rs_trailing_90m
rs_trailing_90m_000364,BKNG,2026-08-12 15:28:00+00:00,211.93,210.29,3.7766157707586236,4.593181342814515,121,rs_trailing_90m
rs_trailing_90m_000365,BKNG,2026-08-12 16:17:00+00:00,212.18,211.43,2.3679910444254304,1.7622258935258364,121,rs_trailing_90m
rs_trailing_90m_000366,BKNG,2026-08-13 14:28:00+00:00,210.94,212.58,2.5263046450001405,0.5888379247744676,121,rs_trailing_90m
rs_trailing_90m_000367,BKNG,2026-08-14 14:16:00+00:00,214.93,212.8575,1.9613845067105158,3.599449132355985,121,rs_trailing_90m
rs_trailing_90m_000368,BKNG,2026-08-14 15:24:00+00:00,214.93,214.09,3.8054026220927506,1.268467540697641,121,rs_trailing_90m
rs_trailing_90m_000369,CMCSA,2026-07-01 14:00:00+00:00,23.94,24.49,0.6461408875293857,5.8152679877644715,121,rs_trailing_90m
rs_trailing_90m_000370,CMCSA,2026-07-01 16:02:00+00:00,23.98,24.21,4.760975609756604,2.0829268292685206,121,rs_trailing_90m
rs_trailing_90m_000371,CMCSA,2026-07-01 18:21:00+00:00,23.5841,23.885,10.58394779772036,1.3931484502452474,100,rs_trailing_90m
rs_trailing_90m_000372,CMCSA,2026-07-02 14:00:00+00:00,23.081,23.51,6.036488482574109,0.9853487165156508,121,rs_trailing_90m
rs_trailing_90m_000373,CMCSA,2026-07-02 17:00:00+00:00,23.47,23.24,3.4822981746915755,5.11135611907525,121,rs_trailing_90m
rs_trailing_90m_000374,CMCSA,2026-07-02 19:39:00+00:00,23.82,23.595,6.429014259145424,2.079975201488194,22,rs_trailing_90m
rs_trailing_90m_000375,CMCSA,2026-07-06 14:00:00+00:00,23.22,23.66,3.9249215865325318,3.5868900623335582,121,rs_trailing_90m
rs_trailing_90m_000376,CMCSA,2026-07-07 14:00:00+00:00,24.235,23.695,3.2960223091520553,6.324799566210753,121,rs_trailing_90m
rs_trailing_90m_000377,CMCSA,2026-07-08 15:00:00+00:00,23.695,23.485,2.9026257732403478,2.638750702945822,121,rs_trailing_90m
rs_trailing_90m_000378,CMCSA,2026-07-08 17:21:00+00:00,23.31,23.6,11.077481840197379,1.5204386839486508,121,rs_trailing_90m
rs_trailing_90m_000379,CMCSA,2026-07-08 18:44:00+00:00,23.17,23.39,10.659557308007116,1.366609911283103,77,rs_trailing_90m
rs_trailing_90m_000380,CMCSA,2026-07-09 14:00:00+00:00,22.845,23.1564,0.5417261244120509,6.206014481263936,121,rs_trailing_90m
rs_trailing_90m_000381,CMCSA,2026-07-10 14:15:00+00:00,23.73,23.38,1.0457987738910677,4.585425393214593,121,rs_trailing_90m
rs_trailing_90m_000382,CMCSA,2026-07-10 16:02:00+00:00,23.36,23.49,4.291638895063002,1.581130119233763,121,rs_trailing_90m
rs_trailing_90m_000383,CMCSA,2026-07-13 14:00:00+00:00,24.2294,24.01,2.4492367337047085,1.2721104918826502,121,rs_trailing_90m
rs_trailing_90m_000384,CMCSA,2026-07-14 14:03:00+00:00,23.53,23.85,2.502155172414193,3.4288793103454682,121,rs_trailing_90m
rs_trailing_90m_000385,CMCSA,2026-07-15 14:00:00+00:00,23.81,23.52,4.1043048912214015,1.5635447204653519,121,rs_trailing_90m
rs_trailing_90m_000386,CMCSA,2026-07-15 17:54:00+00:00,23.325,23.56,10.068083350533705,4.7194140705626255,121,rs_trailing_90m
rs_trailing_90m_000387,CMCSA,2026-07-16 15:00:00+00:00,24.1599,23.88,7.1068261288246966,1.5456342167952972,121,rs_trailing_90m
rs_trailing_90m_000388,CMCSA,2026-07-16 18:53:00+00:00,24.28,24.02,1.413476689221697,13.286680878682787,68,rs_trailing_90m
rs_trailing_90m_000389,CMCSA,2026-07-17 14:10:00+00:00,23.905,24.36,2.8805974572504325,4.400912781910367,121,rs_trailing_90m
rs_trailing_90m_000390,CMCSA,2026-07-20 14:00:00+00:00,23.395,23.965,0.458289465535618,12.60296030222978,121,rs_trailing_90m
rs_trailing_90m_000391,CMCSA,2026-07-20 15:03:00+00:00,23.965,23.74,7.42651747927888,0.5304655342342236,121,rs_trailing_90m
rs_trailing_90m_000392,CMCSA,2026-07-22 14:00:00+00:00,23.75,24.04,2.5356008605674227,1.920909742854118,121,rs_trailing_90m
rs_trailing_90m_000393,CMCSA,2026-07-23 14:05:00+00:00,22.455,23.275,5.6988953511068585,0.7026035364378304,121,rs_trailing_90m
rs_trailing_90m_000394,CMCSA,2026-07-23 18:49:00+00:00,21.91,22.36,14.13855266547255,3.5346381663681377,72,rs_trailing_90m
rs_trailing_90m_000395,CMCSA,2026-07-24 14:00:00+00:00,22.485,22.125,2.7769024736099044,1.4770757838350592,121,rs_trailing_90m
rs_trailing_90m_000396,CMCSA,2026-07-24 18:40:00+00:00,22.47,22.15,3.5695708712639864,9.122236671007997,81,rs_trailing_90m
rs_trailing_90m_000397,CMCSA,2026-07-27 14:00:00+00:00,23.24,22.61,11.532966795101766,1.5585090263650896,121,rs_trailing_90m
rs_trailing_90m_000398,CMCSA,2026-07-27 17:17:00+00:00,23.29,22.945,2.4992550655561274,13.17789034565961,121,rs_trailing_90m
rs_trailing_90m_000399,CMCSA,2026-07-27 19:14:00+00:00,22.78,23.06,12.276269589800572,2.3507750278340613,47,rs_trailing_90m
rs_trailing_90m_000400,CMCSA,2026-07-28 14:00:00+00:00,24.2,23.57,8.96090920444856,1.7921818408897243,121,rs_trailing_90m
rs_trailing_90m_000401,CMCSA,2026-07-28 19:22:00+00:00,23.94,24.26,0.6381643185942154,12.976007811418434,39,rs_trailing_90m
rs_trailing_90m_000402,CMCSA,2026-07-29 14:12:00+00:00,24.73,24.295,6.598595390700467,0.6682121914633249,121,rs_trailing_90m
rs_trailing_90m_000403,CMCSA,2026-07-29 19:06:00+00:00,24.33,24.725,2.7642625453170266,8.729250143106198,55,rs_trailing_90m
rs_trailing_90m_000404,CMCSA,2026-07-30 14:00:00+00:00,23.355,23.745,4.887293038101175,1.4661879114303467,121,rs_trailing_90m
rs_trailing_90m_000405,CMCSA,2026-07-30 18:27:00+00:00,23.78,23.6,0.7931692094319343,8.7248613037509,94,rs_trailing_90m
rs_trailing_90m_000406,CMCSA,2026-07-31 14:16:00+00:00,24.08,23.6,5.792447119750221,2.762551703265453,121,rs_trailing_90m
rs_trailing_90m_000407,CMCSA,2026-08-03 14:00:00+00:00,24.87,24.39,1.0923088947944968,6.973972174457019,121,rs_trailing_90m
rs_trailing_90m_000408,CMCSA,2026-08-04 15:04:00+00:00,24.4,24.79,2.380952380953957,9.226190476196331,121,rs_trailing_90m
rs_trailing_90m_000409,CMCSA,2026-08-05 14:00:00+00:00,24.335,24.655,2.4042777409159974,3.0912142383205508,121,rs_trailing_90m
rs_trailing_90m_000410,CMCSA,2026-08-05 15:47:00+00:00,24.655,24.47,2.024132730016705,4.784313725494149,121,rs_trailing_90m
rs_trailing_90m_000411,CMCSA,2026-08-06 15:19:00+00:00,25.18,24.92,7.6347334508605735,2.0060178712556787,121,rs_trailing_90m
rs_trailing_90m_000412,CMCSA,2026-08-07 14:11:00+00:00,25.4,25.22,3.915972142940889,1.118849183697496,121,rs_trailing_90m
rs_trailing_90m_000413,CMCSA,2026-08-10 14:00:00+00:00,24.775,25.065,3.5884691848917947,1.8886679920483271,121,rs_trailing_90m
rs_trailing_90m_000414,CMCSA,2026-08-10 16:54:00+00:00,25.11,25.01,1.7754923838184156,4.142815562242619,121,rs_trailing_90m
rs_trailing_90m_000415,CMCSA,2026-08-11 14:57:00+00:00,25.57,25.38,5.660320881229656,1.2781369731808858,121,rs_trailing_90m
rs_trailing_90m_000416,CMCSA,2026-08-12 14:00:00+00:00,25.185,25.4,2.4742160641742186,1.7814355662054346,121,rs_trailing_90m
rs_trailing_90m_000417,CMCSA,2026-08-12 19:31:00+00:00,25.48,25.35,1.0057155418782333,7.710485821066058,30,rs_trailing_90m
rs_trailing_90m_000418,CMCSA,2026-08-13 14:00:00+00:00,26.06,25.77,2.8877758647689094,3.3155945114014136,121,rs_trailing_90m
rs_trailing_90m_000419,CMCSA,2026-08-14 14:01:00+00:00,26.46,26.205,1.5142234166629394,3.9165356726344793,121,rs_trailing_90m
rs_trailing_90m_000420,CMCSA,2026-08-14 14:50:00+00:00,26.46,26.34,2.2479363207560423,1.3487617924536892,121,rs_trailing_90m
rs_trailing_90m_000421,COST,2026-07-01 14:09:00+00:00,922.2,930.19,2.9296025837822386,1.2354373885345042,121,rs_trailing_90m
rs_trailing_90m_000422,COST,2026-07-02 14:34:00+00:00,948.87,933.39,10.742680096645723,1.7655326070832351,121,rs_trailing_90m
rs_trailing_90m_000423,COST,2026-07-06 15:01:00+00:00,941.4,946.448,2.972560737136929,1.8446099213116036,121,rs_trailing_90m
rs_trailing_90m_000424,COST,2026-07-07 14:12:00+00:00,966.27,947.87,1.086248086984347,9.350809250097814,121,rs_trailing_90m
rs_trailing_90m_000425,COST,2026-07-07 15:42:00+00:00,946.6238,953.1,5.778963885173162,1.4794291005835392,121,rs_trailing_90m
rs_trailing_90m_000426,COST,2026-07-08 14:47:00+00:00,966.505,956.78,1.0059722747160182,7.391521606497378,120,rs_trailing_90m
rs_trailing_90m_000427,COST,2026-07-08 16:54:00+00:00,952.97,957.09,4.1647501568056375,2.726322391804476,120,rs_trailing_90m
rs_trailing_90m_000428,COST,2026-07-09 14:00:00+00:00,907.68,918.63,4.601363338531642,1.9720128593706645,121,rs_trailing_90m
rs_trailing_90m_000429,COST,2026-07-13 15:56:00+00:00,927.0,921.42,3.1484820222547163,7.798324435581269,121,rs_trailing_90m
rs_trailing_90m_000430,COST,2026-07-15 16:40:00+00:00,927.26,918.5764,1.2344748224276731,12.778186050818183,121,rs_trailing_90m
rs_trailing_90m_000431,COST,2026-07-15 18:06:00+00:00,910.5,923.76,27.65766003020019,7.844815478072105,115,rs_trailing_90m
rs_trailing_90m_000432,COST,2026-07-15 19:45:00+00:00,911.55,916.54,0.9189594022246336,7.815530916061339,16,rs_trailing_90m
rs_trailing_90m_000433,COST,2026-07-16 14:00:00+00:00,936.13,927.165,1.2272565626656395,4.953841799299342,121,rs_trailing_90m
rs_trailing_90m_000434,COST,2026-07-16 14:53:00+00:00,939.745,930.89,7.204240567446596,2.1771638773681343,121,rs_trailing_90m
rs_trailing_90m_000435,COST,2026-07-16 16:13:00+00:00,942.69,936.01,12.040280476883348,0.37161359496561885,121,rs_trailing_90m
rs_trailing_90m_000436,COST,2026-07-17 14:10:00+00:00,937.9001,951.28,6.364980452353894,1.7885492084805212,121,rs_trailing_90m
rs_trailing_90m_000437,COST,2026-07-17 16:28:00+00:00,933.76,939.035,4.766048340857003,3.8957621666435327,121,rs_trailing_90m
rs_trailing_90m_000438,COST,2026-07-20 14:21:00+00:00,946.9784,937.2,0.3856893875318992,7.497724297756912,121,rs_trailing_90m
rs_trailing_90m_000439,COST,2026-07-22 14:00:00+00:00,920.965,930.0,4.564564564564029,3.3663663663660475,121,rs_trailing_90m
rs_trailing_90m_000440,COST,2026-07-24 14:18:00+00:00,935.2725,929.295,1.1902286757235883,3.0636379366158932,121,rs_trailing_90m
rs_trailing_90m_000441,COST,2026-07-27 14:00:00+00:00,956.61,943.14,7.369878455205339,0.8821799647128941,121,rs_trailing_90m
rs_trailing_90m_000442,COST,2026-07-28 14:00:00+00:00,986.6,972.3925,0.6127389931154165,7.678203144681444,121,rs_trailing_90m
rs_trailing_90m_000443,COST,2026-07-29 14:25:00+00:00,978.8,969.18,3.876431033376279,2.631643406602856,120,rs_trailing_90m
rs_trailing_90m_000444,COST,2026-07-29 18:02:00+00:00,969.72,975.3,3.9188638809962546,4.332932517478841,119,rs_trailing_90m
rs_trailing_90m_000445,COST,2026-07-29 19:41:00+00:00,975.3,971.67,3.8482001702545188,1.761826583971921,20,rs_trailing_90m
rs_trailing_90m_000446,COST,2026-07-30 14:00:00+00:00,950.1,959.1434,1.072146526691977,4.912946003855072,121,rs_trailing_90m
rs_trailing_90m_000447,COST,2026-07-31 14:08:00+00:00,955.56,945.5001,1.9852337032622647,4.854236341754269,121,rs_trailing_90m
rs_trailing_90m_000448,COST,2026-07-31 15:01:00+00:00,953.2275,945.54,5.30121602371384,1.459978199811784,121,rs_trailing_90m
rs_trailing_90m_000449,COST,2026-08-03 14:22:00+00:00,948.954,956.31,4.6093729915937764,0.3433801089267869,121,rs_trailing_90m
rs_trailing_90m_000450,COST,2026-08-04 14:01:00+00:00,940.77,945.76,1.2782520018868913,2.335616264070983,121,rs_trailing_90m
rs_trailing_90m_000451,COST,2026-08-05 14:00:00+00:00,935.22,945.88,4.585550180454535,1.7668819083882985,121,rs_trailing_90m
rs_trailing_90m_000452,COST,2026-08-06 14:57:00+00:00,944.18,949.0,1.9610783036576607,2.139744873622062,121,rs_trailing_90m
rs_trailing_90m_000453,COST,2026-08-11 15:05:00+00:00,938.09,942.98,5.600077419219685,2.2017398400350885,121,rs_trailing_90m
rs_trailing_90m_000454,COST,2026-08-12 14:54:00+00:00,949.97,945.3,4.471530200523848,1.5118640792602898,120,rs_trailing_90m
rs_trailing_90m_000455,CSCO,2026-07-01 14:18:00+00:00,114.99,116.82,2.615870753372284,2.134594145577082,121,rs_trailing_90m
rs_trailing_90m_000456,CSCO,2026-07-02 14:00:00+00:00,112.285,115.73,10.0346168473826,0.39351438617189616,121,rs_trailing_90m
rs_trailing_90m_000457,CSCO,2026-07-06 14:00:00+00:00,115.48,114.295,3.58040201005012,0.8856783919597617,121,rs_trailing_90m
rs_trailing_90m_000458,CSCO,2026-07-08 14:54:00+00:00,113.99,112.185,5.584111948701717,3.8800402272669023,121,rs_trailing_90m
rs_trailing_90m_000459,CSCO,2026-07-09 14:00:00+00:00,118.665,117.07,6.148865498126657,0.83151917768266,121,rs_trailing_90m
rs_trailing_90m_000460,CSCO,2026-07-09 18:09:00+00:00,119.475,118.01,9.466823010069195,11.079689152525365,112,rs_trailing_90m
rs_trailing_90m_000461,CSCO,2026-07-09 19:04:00+00:00,119.475,118.01,1.1272082193795228,20.890925665836996,57,rs_trailing_90m
rs_trailing_90m_000462,CSCO,2026-07-10 14:36:00+00:00,120.69,118.925,5.678771448998819,2.339653836987516,121,rs_trailing_90m
rs_trailing_90m_000463,CSCO,2026-07-13 14:00:00+00:00,117.63,120.34,1.599795739714201,6.901079661512179,121,rs_trailing_90m
rs_trailing_90m_000464,CSCO,2026-07-14 14:01:00+00:00,117.87,119.55,5.2496334365145385,1.0952472637332187,121,rs_trailing_90m
rs_trailing_90m_000465,CSCO,2026-07-14 16:42:00+00:00,116.57,117.61,7.45562759060431,0.9724731639919015,121,rs_trailing_90m
rs_trailing_90m_000466,CSCO,2026-07-15 14:00:00+00:00,110.2162,115.29,16.0228697897452,2.6927333087421284,121,rs_trailing_90m
rs_trailing_90m_000467,CSCO,2026-07-15 17:16:00+00:00,112.57,111.51,7.020666406711385,1.1125646218285594,121,rs_trailing_90m
rs_trailing_90m_000468,CSCO,2026-07-16 14:00:00+00:00,107.53,109.38,2.328497734203658,3.3395559608972962,121,rs_trailing_90m
rs_trailing_90m_000469,CSCO,2026-07-16 18:15:00+00:00,109.82,108.78,7.793323000878532,1.0646616121418853,106,rs_trailing_90m
rs_trailing_90m_000470,CSCO,2026-07-16 19:33:00+00:00,109.82,109.272,2.5987858131854153,2.4874092783347344,28,rs_trailing_90m
rs_trailing_90m_000471,CSCO,2026-07-17 14:00:00+00:00,112.58,111.39,1.786290614729047,1.9759851932843517,121,rs_trailing_90m
rs_trailing_90m_000472,CSCO,2026-07-17 18:02:00+00:00,113.12,111.78,0.6495383258037281,11.784481053866358,119,rs_trailing_90m
rs_trailing_90m_000473,CSCO,2026-07-21 14:57:00+00:00,110.97,111.545,3.1526487417702915,1.1634775118438019,121,rs_trailing_90m
rs_trailing_90m_000474,CSCO,2026-07-22 14:00:00+00:00,113.57,112.73,1.1556271391180504,2.311254278236218,121,rs_trailing_90m
rs_trailing_90m_000475,CSCO,2026-07-23 14:00:00+00:00,113.35,112.14,0.45848775455619994,3.239980132197337,121,rs_trailing_90m
rs_trailing_90m_000476,CSCO,2026-07-24 16:32:00+00:00,114.57,113.38,0.7775763412836536,9.503710837912536,121,rs_trailing_90m
rs_trailing_90m_000477,CSCO,2026-07-27 14:01:00+00:00,112.735,114.14,3.854596070452738,1.1599478915714379,121,rs_trailing_90m
rs_trailing_90m_000478,CSCO,2026-07-28 15:00:00+00:00,117.07,114.685,8.626320715964829,1.1707149543095017,121,rs_trailing_90m
rs_trailing_90m_000479,CSCO,2026-07-28 18:13:00+00:00,114.405,116.11,6.754084204955341,7.731090096238144,108,rs_trailing_90m
rs_trailing_90m_000480,CSCO,2026-07-28 19:44:00+00:00,116.11,115.26,0.3184935083017453,8.705489226913969,17,rs_trailing_90m
rs_trailing_90m_000481,CSCO,2026-07-29 14:11:00+00:00,117.12,114.47,0.21787213753098553,8.030144497569756,121,rs_trailing_90m
rs_trailing_90m_000482,CSCO,2026-07-29 16:01:00+00:00,113.81,116.0284,6.53587768265647,7.96331336854866,121,rs_trailing_90m
rs_trailing_90m_000483,CSCO,2026-07-29 17:18:00+00:00,113.81,116.34,5.763869398447766,8.674338104594794,121,rs_trailing_90m
rs_trailing_90m_000484,CSCO,2026-07-30 14:24:00+00:00,112.32,113.6901,3.328681295840104,0.671868040502484,121,rs_trailing_90m
rs_trailing_90m_000485,CSCO,2026-07-31 14:04:00+00:00,115.232,113.89,0.8910791241150342,3.349446353056561,121,rs_trailing_90m
rs_trailing_90m_000486,CSCO,2026-07-31 15:01:00+00:00,113.94,115.705,1.0711893755003803,7.7225280559328375,121,rs_trailing_90m
rs_trailing_90m_000487,CSCO,2026-08-03 14:00:00+00:00,114.615,115.92,0.5998394077139237,3.218650480416228,121,rs_trailing_90m
rs_trailing_90m_000488,CSCO,2026-08-04 14:00:00+00:00,120.81,119.31,1.3876028288847941,3.040916837768815,121,rs_trailing_90m
rs_trailing_90m_000489,CSCO,2026-08-04 15:09:00+00:00,119.72,120.94,0.13442341171025485,8.065404702616915,121,rs_trailing_90m
rs_trailing_90m_000490,CSCO,2026-08-05 14:00:00+00:00,121.06,122.44,4.045688377364545,0.7672857267415499,121,rs_trailing_90m
rs_trailing_90m_000491,CSCO,2026-08-05 16:38:00+00:00,123.21,122.37,6.004943029489154,1.1498827077744442,121,rs_trailing_90m
rs_trailing_90m_000492,CSCO,2026-08-07 14:30:00+00:00,119.45,121.515,3.761603667451131,3.816651525999251,121,rs_trailing_90m
rs_trailing_90m_000493,CSCO,2026-08-07 16:08:00+00:00,121.68,120.51,2.1208609271520915,9.69536423840913,121,rs_trailing_90m
rs_trailing_90m_000494,CSCO,2026-08-10 14:00:00+00:00,124.7103,123.05,2.071999933754904,3.5648040806859083,121,rs_trailing_90m
rs_trailing_90m_000495,CSCO,2026-08-10 15:32:00+00:00,123.05,124.34,0.8754682319847854,10.418071960618038,121,rs_trailing_90m
rs_trailing_90m_000496,CSCO,2026-08-11 14:00:00+00:00,120.72,122.585,2.65868011769665,4.527462519266039,121,rs_trailing_90m
rs_trailing_90m_000497,CSCO,2026-08-11 16:14:00+00:00,120.16,121.09,0.21513719404679302,9.788742329124037,121,rs_trailing_90m
rs_trailing_90m_000498,CSCO,2026-08-12 14:36:00+00:00,124.205,122.64,2.6670710667500344,4.853588788139792,121,rs_trailing_90m
rs_trailing_90m_000499,CSCO,2026-08-12 18:43:00+00:00,124.65,123.17,7.919005951475174,7.301940552658765,78,rs_trailing_90m
rs_trailing_90m_000500,CSCO,2026-08-13 14:00:00+00:00,112.24,115.949,3.8489127402665986,3.6645700774432877,121,rs_trailing_90m
rs_trailing_90m_000501,CSCO,2026-08-13 18:45:00+00:00,111.74,113.72,3.000046839139538,15.857390435451167,76,rs_trailing_90m
rs_trailing_90m_000502,CSCO,2026-08-14 14:00:00+00:00,110.055,111.8799,5.664149266991975,1.4891420806438045,121,rs_trailing_90m
rs_trailing_90m_000503,CSCO,2026-08-14 17:20:00+00:00,112.25,111.205,15.47773225848326,1.3704242103866757,121,rs_trailing_90m
rs_trailing_90m_000504,GILD,2026-07-01 14:24:00+00:00,125.82,126.94,1.7914733298350654,2.104546338932467,121,rs_trailing_90m
rs_trailing_90m_000505,GILD,2026-07-02 14:13:00+00:00,131.58,128.36,12.108189150064938,0.09971048459360939,121,rs_trailing_90m
rs_trailing_90m_000506,GILD,2026-07-06 14:00:00+00:00,127.88,129.25,2.159814450960989,1.2808201976628688,121,rs_trailing_90m
rs_trailing_90m_000507,GILD,2026-07-07 14:00:00+00:00,135.72,133.785,3.394875477482082,1.159082268741736,121,rs_trailing_90m
rs_trailing_90m_000508,GILD,2026-07-07 16:15:00+00:00,133.94,134.83,2.676367890897843,2.2860642401420956,121,rs_trailing_90m
rs_trailing_90m_000509,GILD,2026-07-07 19:18:00+00:00,136.6,135.0129,18.940897032515675,0.968433174985306,43,rs_trailing_90m
rs_trailing_90m_000510,GILD,2026-07-08 14:10:00+00:00,134.5,136.24,1.5242310337160567,2.434219710561558,121,rs_trailing_90m
rs_trailing_90m_000511,GILD,2026-07-08 17:28:00+00:00,134.0,136.03,12.35863626551012,8.205324077920684,121,rs_trailing_90m
rs_trailing_90m_000512,GILD,2026-07-09 15:01:00+00:00,133.395,134.46,5.35933432502815,0.6805503904797957,121,rs_trailing_90m
rs_trailing_90m_000513,GILD,2026-07-10 14:00:00+00:00,130.42,133.095,7.084098988476389,0.49588692919337946,121,rs_trailing_90m
rs_trailing_90m_000514,GILD,2026-07-13 15:02:00+00:00,130.73,129.98,0.9480102754440022,3.234387998573962,121,rs_trailing_90m
rs_trailing_90m_000515,GILD,2026-07-13 17:25:00+00:00,131.54,130.65,2.471320738624523,9.10486587914294,121,rs_trailing_90m
rs_trailing_90m_000516,GILD,2026-07-14 14:33:00+00:00,129.94,130.925,0.7038164643178878,3.768823647637751,121,rs_trailing_90m
rs_trailing_90m_000517,GILD,2026-07-15 14:20:00+00:00,132.83,130.69,8.314377081066478,0.8571522763985457,121,rs_trailing_90m
rs_trailing_90m_000518,GILD,2026-07-15 17:54:00+00:00,131.22,132.32,10.583941605842677,2.798053527981258,121,rs_trailing_90m
rs_trailing_90m_000519,GILD,2026-07-16 14:01:00+00:00,133.98,132.665,2.025642120545663,2.6069133377458065,121,rs_trailing_90m
rs_trailing_90m_000520,GILD,2026-07-16 16:49:00+00:00,135.62,133.8705,13.350227495245766,2.015708690894016,121,rs_trailing_90m
rs_trailing_90m_000521,GILD,2026-07-17 14:00:00+00:00,139.88,137.17,1.6713429893075031,6.137863046939861,121,rs_trailing_90m
rs_trailing_90m_000522,GILD,2026-07-17 15:13:00+00:00,135.12,138.76,19.770682796878127,0.4869626304648507,121,rs_trailing_90m
rs_trailing_90m_000523,GILD,2026-07-21 14:24:00+00:00,132.865,129.29,0.0,9.839354520961171,121,rs_trailing_90m
rs_trailing_90m_000524,GILD,2026-07-21 15:26:00+00:00,129.24,130.725,9.258205274141808,0.8509379847556902,121,rs_trailing_90m
rs_trailing_90m_000525,GILD,2026-07-22 14:00:00+00:00,132.86,131.16,3.5601659751040473,3.0906935388264745,121,rs_trailing_90m
rs_trailing_90m_000526,GILD,2026-07-22 15:45:00+00:00,131.0,131.905,4.820999176041357,4.461988599102141,121,rs_trailing_90m
rs_trailing_90m_000527,GILD,2026-07-22 19:25:00+00:00,130.23,130.79,1.2202745617767297,7.321647370659077,36,rs_trailing_90m
rs_trailing_90m_000528,GILD,2026-07-23 14:00:00+00:00,127.73,130.54,0.45687738918418785,7.3238829963165655,121,rs_trailing_90m
rs_trailing_90m_000529,GILD,2026-07-24 14:00:00+00:00,129.44,130.76,1.3229336052697023,3.042747292120231,121,rs_trailing_90m
rs_trailing_90m_000530,GILD,2026-07-24 16:04:00+00:00,129.72,130.575,1.4395571999231875,6.248271694107489,120,rs_trailing_90m
rs_trailing_90m_000531,GILD,2026-07-27 14:00:00+00:00,133.0588,130.985,6.139534883720788,1.0586601874348196,121,rs_trailing_90m
rs_trailing_90m_000532,GILD,2026-07-28 14:00:00+00:00,136.26,133.19,7.05792918855488,2.724392531022276,121,rs_trailing_90m
rs_trailing_90m_000533,GILD,2026-07-28 18:31:00+00:00,135.19,133.96,4.760483852454896,12.461266554955147,90,rs_trailing_90m
rs_trailing_90m_000534,GILD,2026-07-29 14:00:00+00:00,132.6,134.5,3.1871704745169636,1.9885764499122387,121,rs_trailing_90m
rs_trailing_90m_000535,GILD,2026-07-29 15:45:00+00:00,134.36,133.58,0.42046821736519,5.5425355925404105,121,rs_trailing_90m
rs_trailing_90m_000536,GILD,2026-07-30 14:00:00+00:00,128.28,130.205,3.7759519573873517,2.9543327814743248,121,rs_trailing_90m
rs_trailing_90m_000537,GILD,2026-07-31 15:05:00+00:00,130.6,129.795,3.6692357348253903,1.1335850237673855,121,rs_trailing_90m
rs_trailing_90m_000538,GILD,2026-08-03 14:00:00+00:00,129.04,130.785,3.153069863853673,2.9603822610625925,121,rs_trailing_90m
rs_trailing_90m_000539,GILD,2026-08-04 15:26:00+00:00,130.25,131.73,3.212428411558986,8.673556711209011,121,rs_trailing_90m
rs_trailing_90m_000540,GILD,2026-08-04 19:06:00+00:00,135.87,132.8,27.59835308483213,1.7189285658370803,55,rs_trailing_90m
rs_trailing_90m_000541,GILD,2026-08-05 14:00:00+00:00,129.6,133.62,4.572754276793689,0.9475076429392263,121,rs_trailing_90m
rs_trailing_90m_000542,GILD,2026-08-05 18:38:00+00:00,132.29,130.79,3.248943649468781,7.580868515427429,83,rs_trailing_90m
rs_trailing_90m_000543,GILD,2026-08-05 19:45:00+00:00,132.17,131.3,1.1716455009717968,4.824422651060615,16,rs_trailing_90m
rs_trailing_90m_000544,GILD,2026-08-06 14:20:00+00:00,129.59,131.485,5.18708889426106,1.3225359101262386,121,rs_trailing_90m
rs_trailing_90m_000545,GILD,2026-08-06 19:16:00+00:00,131.26,130.12,3.5320047068488942,9.456657763498402,45,rs_trailing_90m
rs_trailing_90m_000546,GILD,2026-08-07 14:00:00+00:00,134.02,132.1,2.936836876172796,1.9032719669617244,121,rs_trailing_90m
rs_trailing_90m_000547,GILD,2026-08-10 14:59:00+00:00,134.07,133.12,0.4393984729102449,5.982579208085791,121,rs_trailing_90m
rs_trailing_90m_000548,GILD,2026-08-11 14:57:00+00:00,135.72,134.26,2.1456487754038394,5.58928261247175,121,rs_trailing_90m
rs_trailing_90m_000549,GILD,2026-08-11 16:56:00+00:00,136.85,135.58,13.19543572120653,0.45686844655897857,121,rs_trailing_90m
rs_trailing_90m_000550,GILD,2026-08-12 14:57:00+00:00,137.12,136.32,3.802788138053083,1.442436879951131,121,rs_trailing_90m
rs_trailing_90m_000551,GILD,2026-08-14 15:01:00+00:00,138.0967,137.3,5.051977774513722,0.8958731091200182,120,rs_trailing_90m
rs_trailing_90m_000552,GOOGL,2026-07-01 16:12:00+00:00,357.76,360.52,3.2512877314689543,3.7593014395107933,121,rs_trailing_90m
rs_trailing_90m_000553,GOOGL,2026-07-02 14:31:00+00:00,364.2,354.21,1.1676325770960077,10.796110443611209,121,rs_trailing_90m
rs_trailing_90m_000554,GOOGL,2026-07-02 18:17:00+00:00,360.61,357.59,7.6130366566834144,1.7711962833918151,104,rs_trailing_90m
rs_trailing_90m_000555,GOOGL,2026-07-06 15:19:00+00:00,365.1,362.55,5.5945471142416725,1.1031501352026276,121,rs_trailing_90m
rs_trailing_90m_000556,GOOGL,2026-07-07 14:00:00+00:00,372.29,367.25,1.1551949238260812,5.694431448036646,121,rs_trailing_90m
rs_trailing_90m_000557,GOOGL,2026-07-08 15:00:00+00:00,359.75,362.13,3.3862282809534525,2.370359796667499,121,rs_trailing_90m
rs_trailing_90m_000558,GOOGL,2026-07-09 14:10:00+00:00,351.08,354.85,1.8174420616257936,3.0942113952409604,121,rs_trailing_90m
rs_trailing_90m_000559,GOOGL,2026-07-10 14:45:00+00:00,352.75,356.03,2.3673088003985123,3.8644511236040358,121,rs_trailing_90m
rs_trailing_90m_000560,GOOGL,2026-07-14 14:15:00+00:00,358.68,353.97,6.754882622735105,0.8930734236788409,121,rs_trailing_90m
rs_trailing_90m_000561,GOOGL,2026-07-15 14:00:00+00:00,372.43,363.5,13.544516275379223,1.5178777594567674,121,rs_trailing_90m
rs_trailing_90m_000562,GOOGL,2026-07-16 18:07:00+00:00,352.3001,370.47,40.450739864412185,16.437153870243833,114,rs_trailing_90m
rs_trailing_90m_000563,GOOGL,2026-07-17 15:50:00+00:00,348.17,343.91,0.31097185567453306,9.8793366456605,121,rs_trailing_90m
rs_trailing_90m_000564,GOOGL,2026-07-20 14:00:00+00:00,359.68,356.0,1.400647172130158,3.37192837735046,121,rs_trailing_90m
rs_trailing_90m_000565,GOOGL,2026-07-20 17:11:00+00:00,350.74,353.71,6.130731657419925,3.1355650461613616,121,rs_trailing_90m
rs_trailing_90m_000566,GOOGL,2026-07-21 14:41:00+00:00,347.6925,350.47,0.794285298027489,5.376700478955106,121,rs_trailing_90m
rs_trailing_90m_000567,GOOGL,2026-07-23 14:06:00+00:00,314.9,321.12,5.1146061228315,1.178737118318258,121,rs_trailing_90m
rs_trailing_90m_000568,GOOGL,2026-07-24 14:00:00+00:00,323.2899,317.62,0.3526258282244656,8.955349886161878,121,rs_trailing_90m
rs_trailing_90m_000569,GOOGL,2026-07-24 15:19:00+00:00,318.56,322.12,2.769151658557818,5.954901354243844,121,rs_trailing_90m
rs_trailing_90m_000570,GOOGL,2026-07-27 14:00:00+00:00,330.42,324.45,4.256076801036791,6.286984818128975,121,rs_trailing_90m
rs_trailing_90m_000571,GOOGL,2026-07-28 15:12:00+00:00,334.7274,329.28,11.594158483955505,1.3949043092124096,121,rs_trailing_90m
rs_trailing_90m_000572,GOOGL,2026-07-29 17:23:00+00:00,342.5,335.9,14.253336283328936,7.472303317126411,121,rs_trailing_90m
rs_trailing_90m_000573,GOOGL,2026-07-30 14:27:00+00:00,331.1,334.88,1.843687296594776,2.652530755746132,121,rs_trailing_90m
rs_trailing_90m_000574,GOOGL,2026-07-31 14:00:00+00:00,353.71,343.455,10.339337287600028,2.2682612717743647,121,rs_trailing_90m
rs_trailing_90m_000575,GOOGL,2026-08-03 14:00:00+00:00,375.7699,366.67,4.268332858795519,4.660930384440737,121,rs_trailing_90m
rs_trailing_90m_000576,GOOGL,2026-08-04 14:00:00+00:00,378.09,374.71,3.2414852578948596,0.8773945058963968,121,rs_trailing_90m
rs_trailing_90m_000577,GOOGL,2026-08-05 14:00:00+00:00,371.8,382.35,9.379721978766547,4.899652750813118,121,rs_trailing_90m
rs_trailing_90m_000578,GOOGL,2026-08-05 16:00:00+00:00,356.77,376.02,33.92830385237991,7.96520796021226,121,rs_trailing_90m
rs_trailing_90m_000579,GOOGL,2026-08-06 15:05:00+00:00,357.88,360.4,4.485500252768557,0.9488558227010433,121,rs_trailing_90m
rs_trailing_90m_000580,GOOGL,2026-08-07 14:36:00+00:00,353.78,357.49,1.9589130316793124,4.865093867409841,121,rs_trailing_90m
rs_trailing_90m_000581,GOOGL,2026-08-10 14:07:00+00:00,353.32,357.18,0.3244301198797132,8.024238298356371,121,rs_trailing_90m
rs_trailing_90m_000582,GOOGL,2026-08-11 14:00:00+00:00,349.12,352.63,4.655524225235052,2.298046000541472,121,rs_trailing_90m
rs_trailing_90m_000583,HON,2026-07-01 14:58:00+00:00,222.5,224.55,3.684082878787038,2.262665075160528,121,rs_trailing_90m
rs_trailing_90m_000584,HON,2026-07-01 17:24:00+00:00,220.6,222.79,6.527003435264248,6.01171369037479,121,rs_trailing_90m
rs_trailing_90m_000585,HON,2026-07-02 15:00:00+00:00,223.58,220.79,0.7949233689339661,8.84784271509041,121,rs_trailing_90m
rs_trailing_90m_000586,HON,2026-07-02 16:54:00+00:00,227.175,222.7601,20.242587601078828,3.5574123989218904,121,rs_trailing_90m
rs_trailing_90m_000587,HON,2026-07-02 19:39:00+00:00,230.13,228.55,6.101016836139631,0.5931544146246295,22,rs_trailing_90m
rs_trailing_90m_000588,HON,2026-07-06 14:58:00+00:00,223.43,226.6125,4.209233047781135,2.3253445983474466,121,rs_trailing_90m
rs_trailing_90m_000589,HON,2026-07-06 16:53:00+00:00,228.24,225.95,7.747743954640351,2.0546503305124335,120,rs_trailing_90m
rs_trailing_90m_000590,HON,2026-07-07 14:29:00+00:00,222.05,226.405,7.464103272125088,0.0517741267430663,121,rs_trailing_90m
rs_trailing_90m_000591,HON,2026-07-08 14:00:00+00:00,218.7,221.17,3.0995881909402327,1.4848326663186286,121,rs_trailing_90m
rs_trailing_90m_000592,HON,2026-07-09 14:00:00+00:00,218.1,221.25,1.5912668537403956,5.092053931969278,121,rs_trailing_90m
rs_trailing_90m_000593,HON,2026-07-10 15:02:00+00:00,227.87,225.62,8.590871952180084,1.2460043289421325,121,rs_trailing_90m
rs_trailing_90m_000594,HON,2026-07-13 14:05:00+00:00,220.61,223.1199,5.958378184428236,0.8859849300324205,119,rs_trailing_90m
rs_trailing_90m_000595,HON,2026-07-14 15:00:00+00:00,222.215,223.49,1.851010399892943,3.8344587879257492,121,rs_trailing_90m
rs_trailing_90m_000596,HON,2026-07-15 14:58:00+00:00,225.61,220.54,0.8224956379399492,26.08107135790218,120,rs_trailing_90m
rs_trailing_90m_000597,HON,2026-07-15 16:19:00+00:00,220.54,222.76,6.04049254803507,7.436787307882304,119,rs_trailing_90m
rs_trailing_90m_000598,HON,2026-07-16 14:55:00+00:00,225.695,222.8,4.926641743669356,7.529801791634507,119,rs_trailing_90m
rs_trailing_90m_000599,HON,2026-07-17 14:32:00+00:00,229.44,226.37,0.26979774275296936,9.474661907265109,121,rs_trailing_90m
rs_trailing_90m_000600,HON,2026-07-17 16:26:00+00:00,224.9,226.895,11.633940015381057,0.8443988720842366,120,rs_trailing_90m
rs_trailing_90m_000601,HON,2026-07-20 14:19:00+00:00,224.925,227.77,1.5452523438221744,4.663253401374936,121,rs_trailing_90m
rs_trailing_90m_000602,HON,2026-07-21 14:03:00+00:00,231.9,228.525,6.2011173184355615,1.3407821229049708,120,rs_trailing_90m
rs_trailing_90m_000603,HON,2026-07-21 16:35:00+00:00,232.84,230.16,1.0114902167340287,14.934355552953912,121,rs_trailing_90m
rs_trailing_90m_000604,HON,2026-07-21 19:01:00+00:00,229.33,230.16,3.764038010612158,4.046340861408364,60,rs_trailing_90m
rs_trailing_90m_000605,HON,2026-07-22 14:00:00+00:00,238.1084,233.6835,1.6210271312318834,6.934415322236759,121,rs_trailing_90m
rs_trailing_90m_000606,HON,2026-07-23 14:00:00+00:00,250.27,245.68,0.9383287785570654,2.5632395902046174,121,rs_trailing_90m
rs_trailing_90m_000607,HON,2026-07-23 19:34:00+00:00,246.355,244.16,2.005730659025499,6.97912402783395,27,rs_trailing_90m
rs_trailing_90m_000608,HON,2026-07-24 14:00:00+00:00,242.35,245.39,3.2517138037931645,1.766159274141455,121,rs_trailing_90m
rs_trailing_90m_000609,HON,2026-07-24 19:07:00+00:00,243.47,241.79,9.504902316044005,1.1052211995400756,54,rs_trailing_90m
rs_trailing_90m_000610,HON,2026-07-27 15:07:00+00:00,246.015,242.53,0.0,12.763152272768826,118,rs_trailing_90m
rs_trailing_90m_000611,HON,2026-07-28 14:00:00+00:00,251.26,246.09,1.266183267979521,8.360533637100355,120,rs_trailing_90m
rs_trailing_90m_000612,HON,2026-07-29 14:00:00+00:00,240.4,243.69,8.285361842107006,0.831307208238198,119,rs_trailing_90m
rs_trailing_90m_000613,HON,2026-07-30 14:00:00+00:00,237.36,239.85,2.7942942166611835,1.7832009145798535,120,rs_trailing_90m
rs_trailing_90m_000614,HON,2026-07-31 14:00:00+00:00,243.5,239.17,8.088801736816048,1.9182015547306919,120,rs_trailing_90m
rs_trailing_90m_000615,HON,2026-08-03 14:09:00+00:00,249.64,244.31,1.910511203056936,13.755680662010441,118,rs_trailing_90m
rs_trailing_90m_000616,HON,2026-08-03 15:42:00+00:00,242.2,247.25,23.623960545737535,3.64483962705671,117,rs_trailing_90m
rs_trailing_90m_000617,HON,2026-08-04 14:00:00+00:00,246.62,248.77,0.23440650625083226,5.365304476407741,121,rs_trailing_90m
rs_trailing_90m_000618,HON,2026-08-04 14:55:00+00:00,247.15,249.19,2.7651909600068696,5.847006839098447,121,rs_trailing_90m
rs_trailing_90m_000619,HON,2026-08-06 14:05:00+00:00,241.48,246.475,11.34554272222759,1.404122264054808,120,rs_trailing_90m
rs_trailing_90m_000620,HON,2026-08-07 14:00:00+00:00,246.02,240.87,13.056393575242545,1.2653160972811763,121,rs_trailing_90m
rs_trailing_90m_000621,HON,2026-08-10 14:00:00+00:00,244.91,241.88,1.389802555383818,7.032400930242122,120,rs_trailing_90m
rs_trailing_90m_000622,HON,2026-08-11 14:00:00+00:00,244.07,232.66,0.4994003909779201,29.490907298801737,121,rs_trailing_90m
rs_trailing_90m_000623,HON,2026-08-11 17:31:00+00:00,230.92,233.04,6.558677994584307,3.3376902250019915,121,rs_trailing_90m
rs_trailing_90m_000624,HON,2026-08-12 15:18:00+00:00,233.32,230.96,12.352941176472692,1.0815939278939155,121,rs_trailing_90m
rs_trailing_90m_000625,HON,2026-08-12 16:08:00+00:00,234.77,231.59,13.687202953764718,5.361070741190188,121,rs_trailing_90m
rs_trailing_90m_000626,HON,2026-08-12 17:56:00+00:00,235.67,233.525,8.942175997261794,5.058530217429242,120,rs_trailing_90m
rs_trailing_90m_000627,HON,2026-08-13 14:06:00+00:00,232.5,234.3795,2.2197803935206806,3.129036593174357,115,rs_trailing_90m
rs_trailing_90m_000628,INTC,2026-07-01 14:00:00+00:00,127.95,134.17,10.313398295094611,0.016774074104316684,121,rs_trailing_90m
rs_trailing_90m_000629,INTC,2026-07-01 17:03:00+00:00,126.73,129.0899,7.252882316006155,2.3628912668831834,121,rs_trailing_90m
rs_trailing_90m_000630,INTC,2026-07-01 17:52:00+00:00,126.71,129.47,5.8277830203033325,6.9846123405673985,121,rs_trailing_90m
rs_trailing_90m_000631,INTC,2026-07-02 14:05:00+00:00,122.12,129.95,11.997781148571587,1.1509782491995093,121,rs_trailing_90m
rs_trailing_90m_000632,INTC,2026-07-02 19:23:00+00:00,117.63,120.54,0.3068194392749371,8.621626243625004,38,rs_trailing_90m
rs_trailing_90m_000633,INTC,2026-07-06 14:01:00+00:00,127.3,123.98,3.1950733450487885,3.0816387884198333,121,rs_trailing_90m
rs_trailing_90m_000634,INTC,2026-07-06 17:38:00+00:00,122.0609,124.15,5.245320318190052,6.808357689433868,121,rs_trailing_90m
rs_trailing_90m_000635,INTC,2026-07-07 14:00:00+00:00,108.36,112.58,7.989901562561341,0.5248045143620184,121,rs_trailing_90m
rs_trailing_90m_000636,INTC,2026-07-07 18:36:00+00:00,108.3,110.72,10.859338499457804,1.0318828438398475,85,rs_trailing_90m
rs_trailing_90m_000637,INTC,2026-07-08 14:13:00+00:00,104.41,109.0999,5.390106172942317,2.5095997459583694,121,rs_trailing_90m
rs_trailing_90m_000638,INTC,2026-07-09 14:08:00+00:00,112.25,115.395,5.360243812286265,1.3294255486821114,121,rs_trailing_90m
rs_trailing_90m_000639,INTC,2026-07-10 14:00:00+00:00,107.9201,109.74,2.849680458459868,1.9086766993996462,121,rs_trailing_90m
rs_trailing_90m_000640,INTC,2026-07-10 15:10:00+00:00,109.95,108.2,3.2143657047299294,2.194942866553233,121,rs_trailing_90m
rs_trailing_90m_000641,INTC,2026-07-10 16:35:00+00:00,110.85,109.21,5.499754828298866,2.412173170306519,121,rs_trailing_90m
rs_trailing_90m_000642,INTC,2026-07-13 14:02:00+00:00,103.8,106.17,2.55113479580608,3.6820502207510626,121,rs_trailing_90m
rs_trailing_90m_000643,INTC,2026-07-13 18:30:00+00:00,101.79,103.61,2.5788544959931436,7.6244393794580905,91,rs_trailing_90m
rs_trailing_90m_000644,INTC,2026-07-14 14:01:00+00:00,103.5905,107.16,6.347107473194929,2.9210455746959796,121,rs_trailing_90m
rs_trailing_90m_000645,INTC,2026-07-14 18:21:00+00:00,109.19,107.36,9.800585955956985,3.3869672053674806,100,rs_trailing_90m
rs_trailing_90m_000646,INTC,2026-07-15 14:00:00+00:00,100.63,106.68,14.300825504281061,1.6328751036195785,121,rs_trailing_90m
rs_trailing_90m_000647,INTC,2026-07-15 17:31:00+00:00,102.53,101.06,3.178432986405356,2.7735370645703004,121,rs_trailing_90m
rs_trailing_90m_000648,INTC,2026-07-15 19:42:00+00:00,103.5,102.8,1.9633661048692994,1.1601708801500694,19,rs_trailing_90m
rs_trailing_90m_000649,INTC,2026-07-16 14:40:00+00:00,97.2,99.63,4.752273569144368,0.8505718886309949,121,rs_trailing_90m
rs_trailing_90m_000650,INTC,2026-07-17 14:03:00+00:00,96.1212,92.58,4.938204033749336,2.6944475852603818,121,rs_trailing_90m
rs_trailing_90m_000651,INTC,2026-07-20 14:00:00+00:00,99.49,97.06,1.8225736541107598,4.4152488522120175,121,rs_trailing_90m
rs_trailing_90m_000652,INTC,2026-07-20 16:19:00+00:00,99.26,98.06,0.3927428907565432,5.505773616224668,121,rs_trailing_90m
rs_trailing_90m_000653,INTC,2026-07-21 15:12:00+00:00,105.655,103.57,5.084150428937951,2.4876021741589245,121,rs_trailing_90m
rs_trailing_90m_000654,INTC,2026-07-21 17:03:00+00:00,105.655,104.7,2.6846690071735937,3.209259502828163,121,rs_trailing_90m
rs_trailing_90m_000655,INTC,2026-07-22 14:00:00+00:00,106.85,104.695,2.6929088539427655,3.5598856512254913,121,rs_trailing_90m
rs_trailing_90m_000656,INTC,2026-07-22 16:40:00+00:00,103.48,105.2,9.861340161440234,1.522220293376712,121,rs_trailing_90m
rs_trailing_90m_000657,INTC,2026-07-23 14:06:00+00:00,104.18,100.1,2.1222558535996736,7.498637349385483,121,rs_trailing_90m
rs_trailing_90m_000658,INTC,2026-07-23 17:32:00+00:00,99.235,100.84,5.200963950505867,1.6978353392147778,121,rs_trailing_90m
rs_trailing_90m_000659,INTC,2026-07-24 14:00:00+00:00,95.37,98.1499,2.2051322683200683,1.993530192435397,121,rs_trailing_90m
rs_trailing_90m_000660,INTC,2026-07-27 14:00:00+00:00,86.94,91.23,9.273182056682126,0.13153449725790736,121,rs_trailing_90m
rs_trailing_90m_000661,INTC,2026-07-27 18:53:00+00:00,92.5,90.65,9.12128484400747,1.2949972309392708,68,rs_trailing_90m
rs_trailing_90m_000662,INTC,2026-07-28 14:00:00+00:00,83.1,88.2799,4.018870810245081,8.372408302843269,121,rs_trailing_90m
rs_trailing_90m_000663,INTC,2026-07-28 18:26:00+00:00,85.98,88.0995,0.9204594752627928,11.272752136109288,95,rs_trailing_90m
rs_trailing_90m_000664,INTC,2026-07-28 19:22:00+00:00,88.0995,86.22,2.827719061669191,7.211377984812049,39,rs_trailing_90m
rs_trailing_90m_000665,INTC,2026-07-29 14:00:00+00:00,82.26,85.88,6.241017862758373,2.5498322007378564,121,rs_trailing_90m
rs_trailing_90m_000666,INTC,2026-07-30 14:00:00+00:00,94.1,90.26,5.270044868217733,2.1157114434450683,121,rs_trailing_90m
rs_trailing_90m_000667,INTC,2026-07-30 17:42:00+00:00,91.09,92.45,5.27005566076833,2.7051036789946585,121,rs_trailing_90m
rs_trailing_90m_000668,INTC,2026-07-30 18:36:00+00:00,90.89,92.4,4.726658725294422,5.925960192906449,85,rs_trailing_90m
rs_trailing_90m_000669,INTC,2026-07-31 14:00:00+00:00,91.335,94.03,3.916111598768012,1.7428271458324007,121,rs_trailing_90m
rs_trailing_90m_000670,INTC,2026-07-31 17:37:00+00:00,93.3299,92.06,0.3013434180434921,7.367514429120349,121,rs_trailing_90m
rs_trailing_90m_000671,INTC,2026-08-03 14:14:00+00:00,87.18,91.06,0.46141278037761563,7.495394276801014,121,rs_trailing_90m
rs_trailing_90m_000672,INTC,2026-08-03 18:07:00+00:00,91.68,90.23,1.7037798426673827,10.418304415760963,114,rs_trailing_90m
rs_trailing_90m_000673,INTC,2026-08-03 19:40:00+00:00,90.23,91.28,2.192745964988454,5.4818649124711865,21,rs_trailing_90m
rs_trailing_90m_000674,INTC,2026-08-04 14:00:00+00:00,100.45,96.74,9.039567493054376,0.7095009369548766,121,rs_trailing_90m
rs_trailing_90m_000675,INTC,2026-08-05 14:00:00+00:00,101.17,97.895,1.5273191273122793,5.93719384380798,121,rs_trailing_90m
rs_trailing_90m_000676,INTC,2026-08-06 14:11:00+00:00,103.3799,100.0305,5.717034536580923,1.9122078542809224,121,rs_trailing_90m
rs_trailing_90m_000677,INTC,2026-08-07 14:00:00+00:00,98.03,101.8,3.2981900639661497,5.349867065782361,121,rs_trailing_90m
rs_trailing_90m_000678,INTC,2026-08-10 14:22:00+00:00,98.505,97.01,2.0354746997804116,1.4824844634238816,121,rs_trailing_90m
rs_trailing_90m_000679,INTC,2026-08-10 19:32:00+00:00,99.2,97.41,2.96226468991876,12.633187648182847,29,rs_trailing_90m
rs_trailing_90m_000680,INTC,2026-08-11 14:00:00+00:00,98.35,96.7,1.3616635446055791,3.270800060753589,121,rs_trailing_90m
rs_trailing_90m_000681,INTC,2026-08-11 15:15:00+00:00,98.01,97.09,1.532000887777568,1.7457684535139268,121,rs_trailing_90m
rs_trailing_90m_000682,INTC,2026-08-12 14:00:00+00:00,102.0,100.1232,0.3678100582040805,3.692812984368934,121,rs_trailing_90m
rs_trailing_90m_000683,INTC,2026-08-12 16:58:00+00:00,102.88,101.645,8.460579223291033,1.1254898966764206,121,rs_trailing_90m
rs_trailing_90m_000684,INTC,2026-08-12 19:41:00+00:00,100.65,101.5,3.442120058685274,1.8775200320101413,20,rs_trailing_90m
rs_trailing_90m_000685,INTC,2026-08-13 14:00:00+00:00,107.57,104.42,4.923905748335532,3.7897476827077248,121,rs_trailing_90m
rs_trailing_90m_000686,INTC,2026-08-13 16:37:00+00:00,104.59,105.8,2.602913657257476,3.4550311884466476,121,rs_trailing_90m
rs_trailing_90m_000687,INTC,2026-08-13 19:17:00+00:00,104.17,105.16,3.288949317832145,3.7894416053284012,44,rs_trailing_90m
rs_trailing_90m_000688,INTC,2026-08-14 14:06:00+00:00,106.87,102.54,0.29371082396614095,11.2678152467011,121,rs_trailing_90m
rs_trailing_90m_000689,INTU,2026-07-01 14:00:00+00:00,274.17,270.49,2.991515133889529,0.48677102494567354,121,rs_trailing_90m
rs_trailing_90m_000690,INTU,2026-07-01 16:16:00+00:00,269.16,272.11,6.871126548819312,1.2045002715061723,121,rs_trailing_90m
rs_trailing_90m_000691,INTU,2026-07-01 19:32:00+00:00,266.44,270.05,5.0551089748892855,5.679563612963956,29,rs_trailing_90m
rs_trailing_90m_000692,INTU,2026-07-02 14:00:00+00:00,273.735,270.25,1.771168144829958,1.232491701755155,121,rs_trailing_90m
rs_trailing_90m_000693,INTU,2026-07-06 14:04:00+00:00,263.66,270.465,5.299440791523574,1.453872801419839,121,rs_trailing_90m
rs_trailing_90m_000694,INTU,2026-07-07 14:38:00+00:00,283.56,279.91,2.3133125223009765,1.8460917665652248,121,rs_trailing_90m
rs_trailing_90m_000695,INTU,2026-07-07 16:53:00+00:00,280.9601,282.94,0.35455213878841174,5.265766352703582,121,rs_trailing_90m
rs_trailing_90m_000696,INTU,2026-07-08 14:00:00+00:00,269.06,273.9,3.9188960355773497,1.1867450982569443,121,rs_trailing_90m
rs_trailing_90m_000697,INTU,2026-07-09 14:00:00+00:00,272.625,268.35,5.15977363020493,0.7459913682223466,121,rs_trailing_90m
rs_trailing_90m_000698,INTU,2026-07-10 16:27:00+00:00,272.35,274.59,6.53322770791094,0.5881494530236342,120,rs_trailing_90m
rs_trailing_90m_000699,INTU,2026-07-13 14:00:00+00:00,292.5,283.79,6.67707654777982,1.344514427677387,121,rs_trailing_90m
rs_trailing_90m_000700,INTU,2026-07-13 18:34:00+00:00,287.57,291.86,10.750950520626844,2.9349775902008473,87,rs_trailing_90m
rs_trailing_90m_000701,INTU,2026-07-14 14:00:00+00:00,284.62,278.07,3.7471539844218498,2.8684413250022187,121,rs_trailing_90m
rs_trailing_90m_000702,INTU,2026-07-14 18:04:00+00:00,281.27,284.76,11.372925308057129,1.5559050910046208,117,rs_trailing_90m
rs_trailing_90m_000703,INTU,2026-07-15 14:20:00+00:00,289.5,282.81,1.7975683850343174,4.401262798408772,121,rs_trailing_90m
rs_trailing_90m_000704,INTU,2026-07-15 17:08:00+00:00,278.73,280.69,4.544179251763923,1.2393216141175099,121,rs_trailing_90m
rs_trailing_90m_000705,INTU,2026-07-16 14:08:00+00:00,277.565,291.27,1.9288844417384081,11.288796195274019,121,rs_trailing_90m
rs_trailing_90m_000706,INTU,2026-07-17 14:00:00+00:00,297.54,290.075,0.7636190150620128,5.826457224750577,121,rs_trailing_90m
rs_trailing_90m_000707,INTU,2026-07-17 18:17:00+00:00,293.78,290.26,0.3917418691920855,11.5989657791271,104,rs_trailing_90m
rs_trailing_90m_000708,INTU,2026-07-20 14:00:00+00:00,279.44,289.395,0.39793383209577443,9.383378016084816,121,rs_trailing_90m
rs_trailing_90m_000709,INTU,2026-07-21 14:00:00+00:00,295.38,288.82,7.4079358638797705,0.19708123581528664,121,rs_trailing_90m
rs_trailing_90m_000710,INTU,2026-07-21 15:57:00+00:00,287.775,290.83,6.060943060498566,0.7339857651245555,121,rs_trailing_90m
rs_trailing_90m_000711,INTU,2026-07-22 14:42:00+00:00,286.7398,290.4,2.1189874174139764,2.050412510130642,121,rs_trailing_90m
rs_trailing_90m_000712,INTU,2026-07-23 14:06:00+00:00,278.94,284.09,4.682030834882902,0.3419214100690143,121,rs_trailing_90m
rs_trailing_90m_000713,INTU,2026-07-24 14:00:00+00:00,296.24,288.1,6.305049860650779,1.2759111239426322,121,rs_trailing_90m
rs_trailing_90m_000714,INTU,2026-07-24 16:54:00+00:00,290.63,294.95,3.959297664917751,9.669519795197564,121,rs_trailing_90m
rs_trailing_90m_000715,INTU,2026-07-24 18:30:00+00:00,296.7,293.4,13.354657246537403,1.5844508597587839,91,rs_trailing_90m
rs_trailing_90m_000716,INTU,2026-07-27 14:04:00+00:00,309.88,303.46,6.386798283885705,0.46993164630596773,121,rs_trailing_90m
rs_trailing_90m_000717,INTU,2026-07-27 17:42:00+00:00,310.12,304.39,2.6505670169343833,18.740628767621253,121,rs_trailing_90m
rs_trailing_90m_000718,INTU,2026-07-27 19:07:00+00:00,303.55,306.49,8.8119707215544,1.3877119246543745,54,rs_trailing_90m
rs_trailing_90m_000719,INTU,2026-07-28 14:00:00+00:00,319.99,312.44,2.813021412680875,5.71642102335951,121,rs_trailing_90m
rs_trailing_90m_000720,INTU,2026-07-28 17:21:00+00:00,317.66,312.8,2.766696560183219,12.513013988100512,121,rs_trailing_90m
rs_trailing_90m_000721,INTU,2026-07-28 19:13:00+00:00,310.85,314.51,10.227943715949005,2.208692164573635,48,rs_trailing_90m
rs_trailing_90m_000722,INTU,2026-07-29 14:00:00+00:00,333.6,324.6258,5.8619444890099075,1.536967217498192,121,rs_trailing_90m
rs_trailing_90m_000723,INTU,2026-07-29 18:31:00+00:00,336.94,332.17,2.075507363428635,7.9246644785455675,90,rs_trailing_90m
rs_trailing_90m_000724,INTU,2026-07-29 19:39:00+00:00,334.8,332.81,1.2843203059697559,2.558984068285503,22,rs_trailing_90m
rs_trailing_90m_000725,INTU,2026-07-30 14:00:00+00:00,303.8,310.65,4.549143584430164,0.5426266040251374,121,rs_trailing_90m
rs_trailing_90m_000726,INTU,2026-07-30 17:47:00+00:00,316.62,312.3296,10.1634059072706,0.7378632688677869,121,rs_trailing_90m
rs_trailing_90m_000727,INTU,2026-07-31 14:00:00+00:00,316.45,310.58,0.35938977250215287,4.914655138967245,121,rs_trailing_90m
rs_trailing_90m_000728,INTU,2026-08-03 14:16:00+00:00,317.77,323.0,4.124732744852841,0.484744232835279,121,rs_trailing_90m
rs_trailing_90m_000729,INTU,2026-08-04 14:00:00+00:00,321.7,315.44,3.367042125438245,3.1183990146366423,121,rs_trailing_90m
rs_trailing_90m_000730,INTU,2026-08-05 14:00:00+00:00,320.44,326.94,2.569620396986937,3.9294195175714814,121,rs_trailing_90m
rs_trailing_90m_000731,INTU,2026-08-06 15:38:00+00:00,320.93,318.2,4.3418870936553615,2.5097613258123213,121,rs_trailing_90m
rs_trailing_90m_000732,INTU,2026-08-07 14:06:00+00:00,336.3,328.86,6.785683624118573,0.4888821054840472,121,rs_trailing_90m
rs_trailing_90m_000733,INTU,2026-08-07 18:54:00+00:00,324.64,326.84,0.08149142670130943,8.882565510425357,67,rs_trailing_90m
rs_trailing_90m_000734,INTU,2026-08-10 14:24:00+00:00,332.39,327.21,4.464533066587552,1.1215252147949664,121,rs_trailing_90m
rs_trailing_90m_000735,INTU,2026-08-10 17:18:00+00:00,334.3301,332.52,3.89829150767971,2.8535001467564567,121,rs_trailing_90m
rs_trailing_90m_000736,INTU,2026-08-11 14:41:00+00:00,338.09,332.97,0.796508049021572,5.67670022239182,121,rs_trailing_90m
rs_trailing_90m_000737,INTU,2026-08-12 14:00:00+00:00,328.6,331.9,0.8331767211676769,2.7845643049551243,121,rs_trailing_90m
rs_trailing_90m_000738,INTU,2026-08-13 14:00:00+00:00,347.5,336.8,4.157018032398389,7.248134005207501,121,rs_trailing_90m
rs_trailing_90m_000739,INTU,2026-08-13 18:34:00+00:00,361.095,342.04,68.00840452328246,1.870276964511912,87,rs_trailing_90m
rs_trailing_90m_000740,INTU,2026-08-14 14:00:00+00:00,345.56,353.0,3.6922490020025918,1.3760780413367428,121,rs_trailing_90m
rs_trailing_90m_000741,ISRG,2026-07-01 14:45:00+00:00,408.62,403.8,2.9819307944309634,4.543151105651254,121,rs_trailing_90m
rs_trailing_90m_000742,ISRG,2026-07-01 16:28:00+00:00,401.36,404.5699,7.500583890128559,1.466315264032959,121,rs_trailing_90m
rs_trailing_90m_000743,ISRG,2026-07-02 14:00:00+00:00,421.475,408.2,8.165049313237832,2.657819347094872,121,rs_trailing_90m
rs_trailing_90m_000744,ISRG,2026-07-06 14:57:00+00:00,423.49,431.85,1.1679363818012185,13.514692417986357,121,rs_trailing_90m
rs_trailing_90m_000745,ISRG,2026-07-06 16:15:00+00:00,438.67,427.96,31.691758230639948,1.357777373075117,121,rs_trailing_90m
rs_trailing_90m_000746,ISRG,2026-07-07 14:38:00+00:00,441.85,424.86,0.011190114542799562,19.000814493582887,121,rs_trailing_90m
rs_trailing_90m_000747,ISRG,2026-07-08 14:00:00+00:00,416.02,420.2599,0.8486679602884492,2.280260113474088,121,rs_trailing_90m
rs_trailing_90m_000748,ISRG,2026-07-09 14:00:00+00:00,411.0601,414.625,0.88441912831626,2.658524742382262,121,rs_trailing_90m
rs_trailing_90m_000749,ISRG,2026-07-09 17:09:00+00:00,410.16,413.412,0.3861015498313778,11.572015022093236,121,rs_trailing_90m
rs_trailing_90m_000750,ISRG,2026-07-10 14:05:00+00:00,403.72,409.01,5.0985610669162025,0.9353065044454762,121,rs_trailing_90m
rs_trailing_90m_000751,ISRG,2026-07-13 14:04:00+00:00,413.79,407.81,0.47306880065822926,5.676825607898283,121,rs_trailing_90m
rs_trailing_90m_000752,ISRG,2026-07-13 15:26:00+00:00,408.57,411.91,0.0,10.366126668837426,120,rs_trailing_90m
rs_trailing_90m_000753,ISRG,2026-07-14 14:00:00+00:00,379.28,392.6211,8.437305275575394,0.446904149205907,121,rs_trailing_90m
rs_trailing_90m_000754,ISRG,2026-07-14 18:57:00+00:00,378.58,381.87,3.9734940543794295,4.1964924707805125,64,rs_trailing_90m
rs_trailing_90m_000755,ISRG,2026-07-15 14:02:00+00:00,393.96,385.33,6.41679897180025,1.1951563720672829,121,rs_trailing_90m
rs_trailing_90m_000756,ISRG,2026-07-16 14:00:00+00:00,404.82,399.58,0.9908037123886916,3.1296815677039995,121,rs_trailing_90m
rs_trailing_90m_000757,ISRG,2026-07-16 18:54:00+00:00,403.84,399.655,9.832981109288712,3.929903821271134,67,rs_trailing_90m
rs_trailing_90m_000758,ISRG,2026-07-17 14:03:00+00:00,349.9,360.92,4.3442123152902585,1.1838731020883417,121,rs_trailing_90m
rs_trailing_90m_000759,ISRG,2026-07-17 17:33:00+00:00,348.2,351.39,0.6977929222373216,6.04753865939044,121,rs_trailing_90m
rs_trailing_90m_000760,ISRG,2026-07-20 15:09:00+00:00,347.35,353.44,1.642880037037599,6.625830232019514,121,rs_trailing_90m
rs_trailing_90m_000761,ISRG,2026-07-21 14:00:00+00:00,362.03,355.31,0.8298254349038612,4.2396535855998625,121,rs_trailing_90m
rs_trailing_90m_000762,ISRG,2026-07-21 19:26:00+00:00,349.51,354.11,14.410242290753413,1.0412995594716945,35,rs_trailing_90m
rs_trailing_90m_000763,ISRG,2026-07-22 14:00:00+00:00,343.53,349.675,4.875123525088444,1.8720913536656796,121,rs_trailing_90m
rs_trailing_90m_000764,ISRG,2026-07-22 18:14:00+00:00,344.21,340.61,1.4554420010340832,13.098978009308357,107,rs_trailing_90m
rs_trailing_90m_000765,ISRG,2026-07-23 14:00:00+00:00,328.57,332.23,1.4069907151702268,2.712678098848225,121,rs_trailing_90m
rs_trailing_90m_000766,ISRG,2026-07-24 14:15:00+00:00,341.83,336.35,3.9434331830832057,2.4500620368268073,121,rs_trailing_90m
rs_trailing_90m_000767,ISRG,2026-07-27 14:00:00+00:00,356.67,351.49,3.893321176202067,1.6168984119745984,121,rs_trailing_90m
rs_trailing_90m_000768,ISRG,2026-07-27 17:16:00+00:00,359.2546,355.39,1.6306777435763111,11.373691236665126,121,rs_trailing_90m
rs_trailing_90m_000769,ISRG,2026-07-27 19:10:00+00:00,355.315,357.7,1.674214354330015,7.400788452663375,51,rs_trailing_90m
rs_trailing_90m_000770,ISRG,2026-07-28 14:00:00+00:00,371.82,363.55,2.0702646064377714,4.318201175368307,121,rs_trailing_90m
rs_trailing_90m_000771,ISRG,2026-07-28 19:09:00+00:00,360.1,362.27,4.0650481752643115,2.0607535888491633,52,rs_trailing_90m
rs_trailing_90m_000772,ISRG,2026-07-29 14:00:00+00:00,354.7409,358.5,1.9577397469428717,0.5377129276808984,121,rs_trailing_90m
rs_trailing_90m_000773,ISRG,2026-07-29 19:12:00+00:00,351.94,353.89,4.004970411071265,1.2364338181830126,49,rs_trailing_90m
rs_trailing_90m_000774,ISRG,2026-07-30 15:04:00+00:00,348.37,351.3158,0.505377200669179,5.220546482912858,121,rs_trailing_90m
rs_trailing_90m_000775,ISRG,2026-08-03 14:00:00+00:00,375.6,369.93,1.5062144512325903,3.8481654475063847,121,rs_trailing_90m
rs_trailing_90m_000776,ISRG,2026-08-04 14:00:00+00:00,365.385,369.77,3.058753702964866,1.3173099144905729,121,rs_trailing_90m
rs_trailing_90m_000777,ISRG,2026-08-05 15:01:00+00:00,374.14,369.4801,2.029381380119235,6.265982034984031,121,rs_trailing_90m
rs_trailing_90m_000778,ISRG,2026-08-06 14:08:00+00:00,371.68,375.55,3.0597229160499255,1.1392585325717959,121,rs_trailing_90m
rs_trailing_90m_000779,ISRG,2026-08-07 14:11:00+00:00,379.9,376.11,2.0401858331479947,2.0401858331479947,121,rs_trailing_90m
rs_trailing_90m_000780,ISRG,2026-08-10 14:00:00+00:00,388.17,381.7131,4.659076037167157,3.791257688783597,121,rs_trailing_90m
rs_trailing_90m_000781,ISRG,2026-08-11 14:02:00+00:00,400.5,397.0,1.3818977110176467,2.6153270729177622,121,rs_trailing_90m
rs_trailing_90m_000782,ISRG,2026-08-12 14:00:00+00:00,397.455,402.825,0.7150500505404281,3.9045586734754427,121,rs_trailing_90m
rs_trailing_90m_000783,ISRG,2026-08-12 16:15:00+00:00,404.31,401.59,5.316347547064071,3.894726615630527,121,rs_trailing_90m
rs_trailing_90m_000784,ISRG,2026-08-13 14:00:00+00:00,399.125,401.68,1.3453010708224082,1.7513153579624745,121,rs_trailing_90m
rs_trailing_90m_000785,KLAC,2026-07-01 14:00:00+00:00,270.14,286.0,7.726761655276178,0.372804759309435,121,rs_trailing_90m
rs_trailing_90m_000786,KLAC,2026-07-02 14:00:00+00:00,240.05,259.42,10.223616265533952,1.5324803247535543,121,rs_trailing_90m
rs_trailing_90m_000787,KLAC,2026-07-06 14:00:00+00:00,235.7,244.3,6.6403820926683865,0.9637838190424162,121,rs_trailing_90m
rs_trailing_90m_000788,KLAC,2026-07-06 19:24:00+00:00,236.71,231.5932,0.5790568195368673,13.201956827933842,37,rs_trailing_90m
rs_trailing_90m_000789,KLAC,2026-07-07 14:00:00+00:00,210.86,222.29,5.49890629567471,4.541429001379909,121,rs_trailing_90m
rs_trailing_90m_000790,KLAC,2026-07-07 18:32:00+00:00,211.93,217.0,12.138847952249208,1.9283427032715696,89,rs_trailing_90m
rs_trailing_90m_000791,KLAC,2026-07-08 14:00:00+00:00,222.3,214.3,0.6086418881331463,7.244801829713845,121,rs_trailing_90m
rs_trailing_90m_000792,KLAC,2026-07-09 14:00:00+00:00,245.3,234.45,1.0225151434339796,9.063202407710087,121,rs_trailing_90m
rs_trailing_90m_000793,KLAC,2026-07-10 14:24:00+00:00,230.88,224.81,4.088545251075184,1.451068515448565,121,rs_trailing_90m
rs_trailing_90m_000794,KLAC,2026-07-13 14:23:00+00:00,226.855,220.47,2.026291680744671,4.300296280895811,121,rs_trailing_90m
rs_trailing_90m_000795,KLAC,2026-07-14 14:00:00+00:00,226.29,232.85,5.292144302347758,0.8741907994997256,121,rs_trailing_90m
rs_trailing_90m_000796,KLAC,2026-07-14 17:37:00+00:00,234.37,229.37,3.2923860976633432,12.536393218025928,121,rs_trailing_90m
rs_trailing_90m_000797,KLAC,2026-07-14 19:25:00+00:00,229.27,232.41,7.068221203642334,2.752227725312056,36,rs_trailing_90m
rs_trailing_90m_000798,KLAC,2026-07-15 14:00:00+00:00,219.08,227.9,6.273114150109638,1.2240222731921233,121,rs_trailing_90m
rs_trailing_90m_000799,KLAC,2026-07-15 17:36:00+00:00,224.53,220.96,5.12233278407255,0.9288677583295085,121,rs_trailing_90m
rs_trailing_90m_000800,KLAC,2026-07-16 14:00:00+00:00,228.79,220.29,7.4729508019043,1.8957928288016792,121,rs_trailing_90m
rs_trailing_90m_000801,KLAC,2026-07-16 18:19:00+00:00,221.3,216.72,2.521509014942617,8.800560875681992,102,rs_trailing_90m
rs_trailing_90m_000802,KLAC,2026-07-17 14:10:00+00:00,216.78,208.28,2.0902317303475595,4.904638233413981,121,rs_trailing_90m
rs_trailing_90m_000803,KLAC,2026-07-17 18:17:00+00:00,210.5,214.465,3.5559959212709193,5.750620466741843,104,rs_trailing_90m
rs_trailing_90m_000804,KLAC,2026-07-20 14:01:00+00:00,208.96,217.33,8.58606281170116,1.2855506132904246,121,rs_trailing_90m
rs_trailing_90m_000805,KLAC,2026-07-20 17:43:00+00:00,207.89,210.845,2.7573992559976443,6.147644242879832,121,rs_trailing_90m
rs_trailing_90m_000806,KLAC,2026-07-21 14:03:00+00:00,214.23,217.96,1.4602817452545007,2.8455292506342347,121,rs_trailing_90m
rs_trailing_90m_000807,KLAC,2026-07-22 14:00:00+00:00,218.37,214.78,2.5806088360033694,2.051584024622683,121,rs_trailing_90m
rs_trailing_90m_000808,KLAC,2026-07-22 16:41:00+00:00,215.15,217.08,2.305866395390585,4.238724991526769,121,rs_trailing_90m
rs_trailing_90m_000809,KLAC,2026-07-23 14:00:00+00:00,218.18,213.34,3.4255003918226956,2.402064422385341,121,rs_trailing_90m
rs_trailing_90m_000810,KLAC,2026-07-23 15:47:00+00:00,213.41,217.74,0.23886123493614592,8.035291943251973,121,rs_trailing_90m
rs_trailing_90m_000811,KLAC,2026-07-23 18:07:00+00:00,213.6,220.0,0.40920372979124137,19.736210659932134,114,rs_trailing_90m
rs_trailing_90m_000812,KLAC,2026-07-23 19:23:00+00:00,220.0,214.865,11.063409706585846,6.914631066616142,38,rs_trailing_90m
rs_trailing_90m_000813,KLAC,2026-07-24 14:00:00+00:00,210.38,216.73,4.510818006549507,2.6144790933483213,121,rs_trailing_90m
rs_trailing_90m_000814,KLAC,2026-07-24 17:39:00+00:00,207.44,214.3299,18.77209195972758,1.2492449432642325,121,rs_trailing_90m
rs_trailing_90m_000815,KLAC,2026-07-27 14:00:00+00:00,195.56,206.87,8.72627235213099,0.5320897775689677,121,rs_trailing_90m
rs_trailing_90m_000816,KLAC,2026-07-27 18:54:00+00:00,205.69,200.58,13.17352337759668,0.8507900514697118,67,rs_trailing_90m
rs_trailing_90m_000817,KLAC,2026-07-28 14:00:00+00:00,186.75,193.73,3.856239999865232,3.398896172387927,121,rs_trailing_90m
rs_trailing_90m_000818,KLAC,2026-07-28 18:21:00+00:00,190.36,200.0,0.9312977099241316,24.006785411378605,100,rs_trailing_90m
rs_trailing_90m_000819,KLAC,2026-07-28 19:13:00+00:00,200.0,190.8,16.335552979600422,7.406482946517019,48,rs_trailing_90m
rs_trailing_90m_000820,KLAC,2026-07-29 14:00:00+00:00,181.71,173.14,0.5255768205606335,5.908985111160124,121,rs_trailing_90m
rs_trailing_90m_000821,KLAC,2026-07-29 18:04:00+00:00,181.12,169.8,10.319160805156745,11.20047743852886,117,rs_trailing_90m
rs_trailing_90m_000822,KLAC,2026-07-30 14:00:00+00:00,186.75,182.59,2.8183024417837848,1.3539887175829504,121,rs_trailing_90m
rs_trailing_90m_000823,KLAC,2026-07-31 14:00:00+00:00,180.1,187.74,3.0604675687060308,4.445783546836201,121,rs_trailing_90m
rs_trailing_90m_000824,KLAC,2026-07-31 19:04:00+00:00,182.33,186.79,12.650196140150557,2.639742825993416,57,rs_trailing_90m
rs_trailing_90m_000825,KLAC,2026-08-03 14:04:00+00:00,175.54,182.51,0.6496581729006561,7.157440904888094,121,rs_trailing_90m
rs_trailing_90m_000826,KLAC,2026-08-03 16:25:00+00:00,178.67,181.51,4.350985801761718,3.420586322139708,121,rs_trailing_90m
rs_trailing_90m_000827,KLAC,2026-08-04 14:38:00+00:00,190.24,195.63,0.5294463023003201,7.863834784166414,121,rs_trailing_90m
rs_trailing_90m_000828,KLAC,2026-08-05 14:00:00+00:00,200.29,191.77,1.2700927598256297,9.551097553888711,121,rs_trailing_90m
rs_trailing_90m_000829,KLAC,2026-08-06 14:04:00+00:00,198.32,193.36,5.929220216329874,1.1743866128962492,121,rs_trailing_90m
rs_trailing_90m_000830,KLAC,2026-08-07 14:04:00+00:00,195.05,198.35,0.6363709691032005,3.0158450274891337,121,rs_trailing_90m
rs_trailing_90m_000831,KLAC,2026-08-10 14:00:00+00:00,193.61,199.33,5.3971535422264445,2.9465540960263534,121,rs_trailing_90m
rs_trailing_90m_000832,KLAC,2026-08-11 14:01:00+00:00,203.15,198.75,3.101951138125669,2.155795696402995,121,rs_trailing_90m
rs_trailing_90m_000833,KLAC,2026-08-11 19:30:00+00:00,200.63,199.79,0.8056275762345875,2.7560943397499615,31,rs_trailing_90m
rs_trailing_90m_000834,KLAC,2026-08-12 14:30:00+00:00,205.22,208.69,1.5956160673843414,3.05714675095488,121,rs_trailing_90m
rs_trailing_90m_000835,KLAC,2026-08-12 16:08:00+00:00,209.43,207.91,3.810514779786392,1.8035033119799653,121,rs_trailing_90m
rs_trailing_90m_000836,KLAC,2026-08-13 14:32:00+00:00,214.8,210.8,4.046902723136314,2.2273650646718943,121,rs_trailing_90m
rs_trailing_90m_000837,KLAC,2026-08-13 17:18:00+00:00,214.34,209.95,0.9391624518463751,16.605191435836012,121,rs_trailing_90m
rs_trailing_90m_000838,KLAC,2026-08-13 18:41:00+00:00,208.55,212.0,13.806497985138664,2.2855351394317966,80,rs_trailing_90m
rs_trailing_90m_000839,KLAC,2026-08-14 14:00:00+00:00,201.41,206.13,5.620921052985643,1.6677458069297748,121,rs_trailing_90m
rs_trailing_90m_000840,KLAC,2026-08-14 19:09:00+00:00,204.45,202.58,3.5134507226235603,7.528822977050367,52,rs_trailing_90m
rs_trailing_90m_000841,LRCX,2026-07-01 14:00:00+00:00,391.87,409.99,6.645807393030692,0.7239618824721449,121,rs_trailing_90m
rs_trailing_90m_000842,LRCX,2026-07-02 14:00:00+00:00,358.58,385.4,13.167032630342597,2.2404636674666576,121,rs_trailing_90m
rs_trailing_90m_000843,LRCX,2026-07-06 14:00:00+00:00,354.915,364.82,3.240679315377382,3.330237495024448,121,rs_trailing_90m
rs_trailing_90m_000844,LRCX,2026-07-07 14:00:00+00:00,313.1,325.28,7.251469755945132,0.4859723489529518,121,rs_trailing_90m
rs_trailing_90m_000845,LRCX,2026-07-07 18:52:00+00:00,319.7,326.38,6.235223904217413,7.2006779280961535,69,rs_trailing_90m
rs_trailing_90m_000846,LRCX,2026-07-08 14:00:00+00:00,337.26,323.82,0.40040320715118954,7.513448416542828,121,rs_trailing_90m
rs_trailing_90m_000847,LRCX,2026-07-09 14:00:00+00:00,366.31,352.02,0.5032629023007705,7.314572594903431,121,rs_trailing_90m
rs_trailing_90m_000848,LRCX,2026-07-09 18:25:00+00:00,350.06,354.62,8.163987060222167,1.4805157881231616,96,rs_trailing_90m
rs_trailing_90m_000849,LRCX,2026-07-10 14:34:00+00:00,352.72,344.3,5.651625849239315,0.32660149380024595,121,rs_trailing_90m
rs_trailing_90m_000850,LRCX,2026-07-10 19:10:00+00:00,349.675,352.65,1.8968704915751557,5.780938640990721,51,rs_trailing_90m
rs_trailing_90m_000851,LRCX,2026-07-13 14:04:00+00:00,330.76,337.98,0.47975394830635504,5.198645243122856,121,rs_trailing_90m
rs_trailing_90m_000852,LRCX,2026-07-14 14:02:00+00:00,338.875,348.17,4.186204240211855,2.818434537964421,121,rs_trailing_90m
rs_trailing_90m_000853,LRCX,2026-07-14 17:45:00+00:00,349.19,342.945,2.2054770964599224,14.591113717433176,121,rs_trailing_90m
rs_trailing_90m_000854,LRCX,2026-07-14 19:27:00+00:00,342.945,347.91,4.504566645431744,7.783990164770913,34,rs_trailing_90m
rs_trailing_90m_000855,LRCX,2026-07-15 14:00:00+00:00,327.945,343.3196,9.47788207535755,1.2643697311881255,121,rs_trailing_90m
rs_trailing_90m_000856,LRCX,2026-07-16 14:00:00+00:00,336.68,322.86,6.762983296783287,2.6778681336757693,121,rs_trailing_90m
rs_trailing_90m_000857,LRCX,2026-07-16 15:33:00+00:00,318.205,326.5,8.539098421862295,1.2240747565454126,121,rs_trailing_90m
rs_trailing_90m_000858,LRCX,2026-07-16 19:24:00+00:00,322.4,316.72,7.752824344022498,2.7695274538382852,37,rs_trailing_90m
rs_trailing_90m_000859,LRCX,2026-07-17 14:02:00+00:00,320.58,308.4,5.439631155378885,2.1150675301986515,121,rs_trailing_90m
rs_trailing_90m_000860,LRCX,2026-07-20 14:00:00+00:00,305.31,318.1,9.338180281839437,0.11829840420384355,121,rs_trailing_90m
rs_trailing_90m_000861,LRCX,2026-07-20 17:42:00+00:00,305.86,309.825,5.104914193766146,3.5822037368273216,121,rs_trailing_90m
rs_trailing_90m_000862,LRCX,2026-07-21 14:00:00+00:00,313.29,323.37,4.757967244821938,4.482940236450717,121,rs_trailing_90m
rs_trailing_90m_000863,LRCX,2026-07-22 14:00:00+00:00,320.79,315.787,0.8735755727870469,4.064840913826961,121,rs_trailing_90m
rs_trailing_90m_000864,LRCX,2026-07-23 14:00:00+00:00,325.88,317.0,3.983008621708669,4.280803658845814,121,rs_trailing_90m
rs_trailing_90m_000865,LRCX,2026-07-23 15:47:00+00:00,317.78,323.08,0.2778316286609984,7.27348956058473,121,rs_trailing_90m
rs_trailing_90m_000866,LRCX,2026-07-23 17:57:00+00:00,316.68,320.88,1.841269961805175,7.886193987354019,121,rs_trailing_90m
rs_trailing_90m_000867,LRCX,2026-07-24 14:00:00+00:00,306.01,316.79,4.858670944129511,3.261712432260623,121,rs_trailing_90m
rs_trailing_90m_000868,LRCX,2026-07-27 14:00:00+00:00,278.45,297.18,13.116985731454127,0.4715730489737631,121,rs_trailing_90m
rs_trailing_90m_000869,LRCX,2026-07-27 18:48:00+00:00,294.93,284.58,20.932474972348817,1.448838660276243,73,rs_trailing_90m
rs_trailing_90m_000870,LRCX,2026-07-28 14:00:00+00:00,258.53,269.89,5.291890814902858,2.755750370812847,121,rs_trailing_90m
rs_trailing_90m_000871,LRCX,2026-07-28 18:00:00+00:00,275.96,269.11,10.820827634661786,2.2866293586951056,121,rs_trailing_90m
rs_trailing_90m_000872,LRCX,2026-07-28 19:05:00+00:00,275.96,269.11,6.293351286439517,8.912806142876457,56,rs_trailing_90m
rs_trailing_90m_000873,LRCX,2026-07-29 14:00:00+00:00,265.79,253.9,1.0178983459864372,6.681091052091636,121,rs_trailing_90m
rs_trailing_90m_000874,LRCX,2026-07-30 14:00:00+00:00,312.17,297.44,3.4096239115612574,2.526990771334389,121,rs_trailing_90m
rs_trailing_90m_000875,LRCX,2026-07-31 14:00:00+00:00,294.33,304.19,3.960713224434553,1.7031928514065675,121,rs_trailing_90m
rs_trailing_90m_000876,LRCX,2026-07-31 16:56:00+00:00,305.47,300.315,5.150468797256947,2.775103337029481,121,rs_trailing_90m
rs_trailing_90m_000877,LRCX,2026-07-31 19:03:00+00:00,292.93,301.09,17.467954078357216,1.0315274634201521,58,rs_trailing_90m
rs_trailing_90m_000878,LRCX,2026-08-03 14:04:00+00:00,281.28,294.735,0.6403556087185723,8.196551791597548,121,rs_trailing_90m
rs_trailing_90m_000879,LRCX,2026-08-03 18:04:00+00:00,295.93,291.23,2.5819035484282367,9.92835075838861,117,rs_trailing_90m
rs_trailing_90m_000880,LRCX,2026-08-04 14:16:00+00:00,306.46,314.68,1.8515045558291985,4.54318764959773,121,rs_trailing_90m
rs_trailing_90m_000881,LRCX,2026-08-04 15:46:00+00:00,316.51,312.58,4.930012445647519,2.4368882811185713,121,rs_trailing_90m
rs_trailing_90m_000882,LRCX,2026-08-05 14:00:00+00:00,322.97,305.36,1.3251416461366008,11.426631243735004,121,rs_trailing_90m
rs_trailing_90m_000883,LRCX,2026-08-06 14:10:00+00:00,314.16,306.85,3.243044153127194,2.6394999558950443,121,rs_trailing_90m
rs_trailing_90m_000884,LRCX,2026-08-06 16:46:00+00:00,305.61,311.7374,4.44202501500283,4.423793902563375,121,rs_trailing_90m
rs_trailing_90m_000885,LRCX,2026-08-07 14:00:00+00:00,303.83,310.56,2.4774372955128996,2.186381725130992,121,rs_trailing_90m
rs_trailing_90m_000886,LRCX,2026-08-10 14:00:00+00:00,305.5,312.76,2.8076378938043876,3.6530439157106698,121,rs_trailing_90m
rs_trailing_90m_000887,LRCX,2026-08-11 14:16:00+00:00,316.86,309.79,0.5251148059908624,5.87585360496626,121,rs_trailing_90m
rs_trailing_90m_000888,LRCX,2026-08-12 14:00:00+00:00,328.22,323.5,1.509734249665229,3.420351303413428,121,rs_trailing_90m
rs_trailing_90m_000889,LRCX,2026-08-12 16:24:00+00:00,329.4899,327.72,0.6247867036940836,3.890566448075007,121,rs_trailing_90m
rs_trailing_90m_000890,LRCX,2026-08-12 17:20:00+00:00,329.16,325.79,0.5515182531559267,11.540976952669034,121,rs_trailing_90m
rs_trailing_90m_000891,LRCX,2026-08-12 19:30:00+00:00,323.92,326.515,0.6259033887115236,6.435919627404382,31,rs_trailing_90m
rs_trailing_90m_000892,LRCX,2026-08-13 14:13:00+00:00,340.76,330.51,9.933995313302795,1.0739454392759777,121,rs_trailing_90m
rs_trailing_90m_000893,LRCX,2026-08-13 18:49:00+00:00,336.01,341.32,11.749904110800601,1.90261029365264,72,rs_trailing_90m
rs_trailing_90m_000894,LRCX,2026-08-14 15:11:00+00:00,326.93,332.72,6.9611831189935085,0.4752099177172735,121,rs_trailing_90m
rs_trailing_90m_000895,LRCX,2026-08-14 19:09:00+00:00,333.0,330.09,8.01093989084386,2.682562440511993,52,rs_trailing_90m
rs_trailing_90m_000896,MDLZ,2026-07-01 14:00:00+00:00,59.555,58.685,4.77072325387791,0.9939006778912234,121,rs_trailing_90m
rs_trailing_90m_000897,MDLZ,2026-07-01 16:10:00+00:00,58.61,58.875,4.246756775115482,1.2429532024728815,121,rs_trailing_90m
rs_trailing_90m_000898,MDLZ,2026-07-02 14:47:00+00:00,60.55,60.02,5.103726428249656,1.8321069229613267,121,rs_trailing_90m
rs_trailing_90m_000899,MDLZ,2026-07-02 17:04:00+00:00,60.77,60.23,9.50355804455563,4.3664996420931175,121,rs_trailing_90m
rs_trailing_90m_000900,MDLZ,2026-07-06 14:00:00+00:00,58.875,59.6799,5.897389081614059,1.2406687707035091,121,rs_trailing_90m
rs_trailing_90m_000901,MDLZ,2026-07-07 14:00:00+00:00,61.12,60.26,1.0991396131046196,4.65411703491722,121,rs_trailing_90m
rs_trailing_90m_000902,MDLZ,2026-07-07 16:07:00+00:00,59.78,60.32,10.357613140208224,1.056899300021183,121,rs_trailing_90m
rs_trailing_90m_000903,MDLZ,2026-07-07 19:21:00+00:00,60.48,60.16,2.0640923566888203,5.706608280257905,40,rs_trailing_90m
rs_trailing_90m_000904,MDLZ,2026-07-08 14:00:00+00:00,59.16,60.22,0.09148174285792716,9.605583000077413,121,rs_trailing_90m
rs_trailing_90m_000905,MDLZ,2026-07-08 16:53:00+00:00,59.76,60.16,0.30987537252791064,7.953467894882698,121,rs_trailing_90m
rs_trailing_90m_000906,MDLZ,2026-07-09 14:00:00+00:00,58.43,59.1,0.5721437511174823,5.816794803027511,121,rs_trailing_90m
rs_trailing_90m_000907,MDLZ,2026-07-09 15:24:00+00:00,59.1,58.705,1.1085778482690345,6.853026698390499,121,rs_trailing_90m
rs_trailing_90m_000908,MDLZ,2026-07-10 14:00:00+00:00,58.04,58.9,1.4543676861498815,7.479605243056492,121,rs_trailing_90m
rs_trailing_90m_000909,MDLZ,2026-07-13 14:00:00+00:00,60.7,59.83,0.9130180969059986,5.9941622883827765,121,rs_trailing_90m
rs_trailing_90m_000910,MDLZ,2026-07-14 14:00:00+00:00,58.67,59.215,2.4057263397406814,2.115380057358213,121,rs_trailing_90m
rs_trailing_90m_000911,MDLZ,2026-07-15 14:57:00+00:00,59.04,58.465,0.4420716977486065,8.030969175765968,121,rs_trailing_90m
rs_trailing_90m_000912,MDLZ,2026-07-15 18:06:00+00:00,58.245,58.74,11.370495295589203,6.497425883193721,115,rs_trailing_90m
rs_trailing_90m_000913,MDLZ,2026-07-16 14:00:00+00:00,60.5,59.64,1.3992561105206125,6.1405951115830515,121,rs_trailing_90m
rs_trailing_90m_000914,MDLZ,2026-07-16 18:14:00+00:00,61.48,60.9801,10.02121111296512,2.661329229746983,107,rs_trailing_90m
rs_trailing_90m_000915,MDLZ,2026-07-17 14:00:00+00:00,62.71,61.345,1.0583352547844003,9.64261009914693,121,rs_trailing_90m
rs_trailing_90m_000916,MDLZ,2026-07-17 14:50:00+00:00,61.06,62.19,7.038461538461456,5.292486583184221,121,rs_trailing_90m
rs_trailing_90m_000917,MDLZ,2026-07-21 14:23:00+00:00,59.41,59.82,2.1987421383647003,1.7207547169810375,121,rs_trailing_90m
rs_trailing_90m_000918,MDLZ,2026-07-23 14:06:00+00:00,59.945,60.4,1.7433575434402886,2.544359657993866,121,rs_trailing_90m
rs_trailing_90m_000919,MDLZ,2026-07-23 15:11:00+00:00,60.4,59.75,0.6234668847097952,10.955203831330362,121,rs_trailing_90m
rs_trailing_90m_000920,MDLZ,2026-07-23 16:38:00+00:00,59.565,59.9099,8.173030912054047,1.8943918078297068,121,rs_trailing_90m
rs_trailing_90m_000921,MDLZ,2026-07-24 19:02:00+00:00,60.675,60.385,2.714126807565912,10.404152762337015,59,rs_trailing_90m
rs_trailing_90m_000922,MDLZ,2026-07-27 14:20:00+00:00,61.18,60.435,5.7869203081258025,0.9494166130518604,121,rs_trailing_90m
rs_trailing_90m_000923,MDLZ,2026-07-28 14:00:00+00:00,63.54,62.25,3.9988383911716676,5.553942209960658,121,rs_trailing_90m
rs_trailing_90m_000924,MDLZ,2026-07-29 14:00:00+00:00,65.87,65.105,0.7427773413633794,1.727764685345211,121,rs_trailing_90m
rs_trailing_90m_000925,MDLZ,2026-07-29 17:33:00+00:00,64.55,65.38,7.332852490547443,3.7330885406423686,121,rs_trailing_90m
rs_trailing_90m_000926,MDLZ,2026-07-30 14:00:00+00:00,62.58,63.39,0.06051538939975096,4.841231151977582,121,rs_trailing_90m
rs_trailing_90m_000927,MDLZ,2026-07-31 15:18:00+00:00,62.0,62.51,3.0925221799756177,3.47908745247249,121,rs_trailing_90m
rs_trailing_90m_000928,MDLZ,2026-07-31 17:11:00+00:00,61.97,62.475,4.046683046680563,11.090909090902585,121,rs_trailing_90m
rs_trailing_90m_000929,MDLZ,2026-08-03 14:00:00+00:00,61.65,62.71,5.296571183218466,1.8554867202357503,121,rs_trailing_90m
rs_trailing_90m_000930,MDLZ,2026-08-05 14:15:00+00:00,61.46,62.48,1.9628843495028512,7.57112534808235,121,rs_trailing_90m
rs_trailing_90m_000931,MDLZ,2026-08-05 15:16:00+00:00,62.54,61.92,7.54500893307297,1.1177791011959735,121,rs_trailing_90m
rs_trailing_90m_000932,MDLZ,2026-08-06 15:00:00+00:00,62.68,63.02,1.0642446633828875,3.1927339901486627,121,rs_trailing_90m
rs_trailing_90m_000933,MDLZ,2026-08-07 14:12:00+00:00,63.06,62.62,1.0778907068960157,3.2336721206881167,121,rs_trailing_90m
rs_trailing_90m_000934,MDLZ,2026-08-10 14:00:00+00:00,61.445,61.865,2.1081243580430606,1.3640804669690185,121,rs_trailing_90m
rs_trailing_90m_000935,MDLZ,2026-08-11 16:32:00+00:00,61.695,61.35,1.4126910606752472,10.77176933764898,121,rs_trailing_90m
rs_trailing_90m_000936,META,2026-07-01 14:00:00+00:00,628.28,606.345,6.411766092210965,0.5958467624942123,121,rs_trailing_90m
rs_trailing_90m_000937,META,2026-07-02 14:00:00+00:00,585.88,594.2699,3.981169288181028,1.2541931273221187,121,rs_trailing_90m
rs_trailing_90m_000938,META,2026-07-06 14:00:00+00:00,581.76,592.85,1.078834996772801,7.144037933955764,121,rs_trailing_90m
rs_trailing_90m_000939,META,2026-07-06 14:57:00+00:00,588.1401,598.2,1.1342725640068296,9.432139665506739,121,rs_trailing_90m
rs_trailing_90m_000940,META,2026-07-06 16:16:00+00:00,598.2,591.62,5.012289700860509,6.419553013753862,121,rs_trailing_90m
rs_trailing_90m_000941,META,2026-07-06 18:21:00+00:00,603.58,598.0308,7.138954535315522,3.804550024732307,100,rs_trailing_90m
rs_trailing_90m_000942,META,2026-07-06 19:31:00+00:00,603.58,599.65,2.6724619969679404,4.237258824139636,30,rs_trailing_90m
rs_trailing_90m_000943,META,2026-07-07 14:00:00+00:00,615.9899,604.01,2.4982606734588666,6.04090251007556,121,rs_trailing_90m
rs_trailing_90m_000944,META,2026-07-07 15:47:00+00:00,603.66,609.39,2.988873130533084,4.237389754679825,121,rs_trailing_90m
rs_trailing_90m_000945,META,2026-07-07 18:01:00+00:00,625.37,611.08,20.86547540575219,5.017132541140041,120,rs_trailing_90m
rs_trailing_90m_000946,META,2026-07-08 14:00:00+00:00,600.24,606.89,1.6284614894253215,3.693046571841765,121,rs_trailing_90m
rs_trailing_90m_000947,META,2026-07-08 19:16:00+00:00,598.0105,604.7144,0.46813311606705216,11.625576312841876,45,rs_trailing_90m
rs_trailing_90m_000948,META,2026-07-09 14:00:00+00:00,608.66,590.15,9.953327580400225,1.9290389796260976,121,rs_trailing_90m
rs_trailing_90m_000949,META,2026-07-09 19:04:00+00:00,633.27,616.7801,17.473112314340252,1.127912524409893,57,rs_trailing_90m
rs_trailing_90m_000950,META,2026-07-10 14:00:00+00:00,677.86,662.12,1.7534652629802243,4.57670520475112,121,rs_trailing_90m
rs_trailing_90m_000951,META,2026-07-10 16:46:00+00:00,662.0,670.72,5.774613508222881,2.767308424212036,121,rs_trailing_90m
rs_trailing_90m_000952,META,2026-07-13 14:16:00+00:00,654.2,664.56,0.8345612629344894,4.0018512693703485,121,rs_trailing_90m
rs_trailing_90m_000953,META,2026-07-14 14:00:00+00:00,664.28,655.5,1.665254261671432,3.4713858512694906,121,rs_trailing_90m
rs_trailing_90m_000954,META,2026-07-15 14:32:00+00:00,686.08,669.11,6.616110258828829,2.48976087599072,121,rs_trailing_90m
rs_trailing_90m_000955,META,2026-07-15 17:28:00+00:00,673.37,678.42,1.3301265361379615,3.682663767963893,121,rs_trailing_90m
rs_trailing_90m_000956,META,2026-07-16 14:00:00+00:00,670.0,681.9,0.3790802896300757,7.202525502971076,121,rs_trailing_90m
rs_trailing_90m_000957,META,2026-07-16 16:19:00+00:00,666.72,674.31,3.2078154858013557,5.365184351252422,121,rs_trailing_90m
rs_trailing_90m_000958,META,2026-07-16 19:40:00+00:00,660.16,664.6,4.055405450857001,2.0174445328883994,21,rs_trailing_90m
rs_trailing_90m_000959,META,2026-07-17 14:00:00+00:00,626.0,642.15,9.421629598291046,0.40778371000352764,121,rs_trailing_90m
rs_trailing_90m_000960,META,2026-07-20 14:00:00+00:00,636.27,649.7699,0.5940409636551545,9.430326042904284,121,rs_trailing_90m
rs_trailing_90m_000961,META,2026-07-20 15:01:00+00:00,653.3,644.27,6.995657298248076,1.7537589625802745,121,rs_trailing_90m
rs_trailing_90m_000962,META,2026-07-21 14:58:00+00:00,645.5,650.78,2.267740239014724,3.573073644886713,121,rs_trailing_90m
rs_trailing_90m_000963,META,2026-07-22 14:00:00+00:00,627.8,636.48,4.465727760190862,2.5437689773238503,121,rs_trailing_90m
rs_trailing_90m_000964,META,2026-07-23 14:36:00+00:00,597.22,607.995,4.873722792311439,2.7259303367541428,121,rs_trailing_90m
rs_trailing_90m_000965,META,2026-07-23 17:04:00+00:00,607.88,604.165,2.0309087407448585,2.612061088096504,121,rs_trailing_90m
rs_trailing_90m_000966,META,2026-07-23 18:07:00+00:00,608.135,603.04,3.074968383629532,6.086998817886384,114,rs_trailing_90m
rs_trailing_90m_000967,META,2026-07-24 16:30:00+00:00,599.13,604.91,5.429636605218912,3.6669719681621746,121,rs_trailing_90m
rs_trailing_90m_000968,META,2026-07-27 14:25:00+00:00,608.595,597.3905,0.06755039385940907,7.1407199680227,121,rs_trailing_90m
rs_trailing_90m_000969,META,2026-07-27 16:39:00+00:00,593.505,599.365,7.663750716988737,0.7739344312600521,121,rs_trailing_90m
rs_trailing_90m_000970,META,2026-07-28 14:37:00+00:00,587.0,598.0,3.844959415538637,5.670125752273407,121,rs_trailing_90m
rs_trailing_90m_000971,META,2026-07-29 15:19:00+00:00,594.8,585.25,3.1828530425298265,7.138453088594233,121,rs_trailing_90m
rs_trailing_90m_000972,META,2026-07-30 14:58:00+00:00,538.94,529.77,2.3153239875885014,4.079712448009814,121,rs_trailing_90m
rs_trailing_90m_000973,META,2026-07-31 14:09:00+00:00,553.07,540.22,3.400181097991297,4.024173550978537,121,rs_trailing_90m
rs_trailing_90m_000974,META,2026-07-31 15:51:00+00:00,545.44,552.16,0.7733073525431414,5.530981630945737,121,rs_trailing_90m
rs_trailing_90m_000975,META,2026-08-03 14:00:00+00:00,594.99,582.64,2.762819620399669,4.229152164833119,121,rs_trailing_90m
rs_trailing_90m_000976,META,2026-08-03 16:02:00+00:00,597.52,589.86,5.948108903152195,3.04745164929522,121,rs_trailing_90m
rs_trailing_90m_000977,META,2026-08-03 17:55:00+00:00,589.02,594.2,1.9214913950606662,6.733574193125917,121,rs_trailing_90m
rs_trailing_90m_000978,META,2026-08-04 15:09:00+00:00,578.25,587.5799,5.093366690554283,6.831502038731037,121,rs_trailing_90m
rs_trailing_90m_000979,META,2026-08-04 18:11:00+00:00,592.787,586.5465,9.123977388431115,2.014164413701799,110,rs_trailing_90m
rs_trailing_90m_000980,META,2026-08-05 14:01:00+00:00,581.3322,596.3999,7.627973810502152,1.880457912764578,121,rs_trailing_90m
rs_trailing_90m_000981,META,2026-08-06 14:58:00+00:00,593.89,587.35,0.5626268216196801,6.379975845159333,121,rs_trailing_90m
rs_trailing_90m_000982,META,2026-08-07 14:37:00+00:00,598.7399,592.62,2.666312969321657,2.9684011924076095,121,rs_trailing_90m
rs_trailing_90m_000983,META,2026-08-10 14:00:00+00:00,595.2,608.21,0.7993367053984355,8.65463651026929,121,rs_trailing_90m
rs_trailing_90m_000984,META,2026-08-10 16:14:00+00:00,592.33,599.7,13.797846685768196,0.15524470749628191,121,rs_trailing_90m
rs_trailing_90m_000985,META,2026-08-11 14:00:00+00:00,612.43,602.67,6.788936478309858,1.9294872096250033,121,rs_trailing_90m
rs_trailing_90m_000986,META,2026-08-12 14:00:00+00:00,581.15,590.87,6.359130766298456,2.534502478078632,121,rs_trailing_90m
rs_trailing_90m_000987,META,2026-08-13 14:00:00+00:00,591.039,584.82,1.740861179637006,5.730785249736882,121,rs_trailing_90m
rs_trailing_90m_000988,META,2026-08-14 15:01:00+00:00,590.8,595.09,2.795155935849088,3.3228129237389634,121,rs_trailing_90m
rs_trailing_90m_000989,MSFT,2026-07-01 14:34:00+00:00,387.82,382.81,4.30847869010702,1.0744335885553689,121,rs_trailing_90m
rs_trailing_90m_000990,MSFT,2026-07-01 17:20:00+00:00,388.83,385.52,2.3054953078358738,6.366310906865021,121,rs_trailing_90m
rs_trailing_90m_000991,MSFT,2026-07-02 14:04:00+00:00,390.59,385.95,4.643202685358617,0.9455030111560745,121,rs_trailing_90m
rs_trailing_90m_000992,MSFT,2026-07-02 16:41:00+00:00,392.08,388.75,3.3281322217559843,3.7308998154716737,121,rs_trailing_90m
rs_trailing_90m_000993,MSFT,2026-07-06 14:13:00+00:00,382.57,387.01,1.6080884693106785,3.5845753879543465,121,rs_trailing_90m
rs_trailing_90m_000994,MSFT,2026-07-07 15:12:00+00:00,394.85,391.89,3.288872397279286,1.2076921735967945,121,rs_trailing_90m
rs_trailing_90m_000995,MSFT,2026-07-09 15:01:00+00:00,380.6,378.95,1.8476450098446073,1.7816576880643804,121,rs_trailing_90m
rs_trailing_90m_000996,MSFT,2026-07-10 14:30:00+00:00,381.5,385.0699,3.451642753060709,1.1806953913571,121,rs_trailing_90m
rs_trailing_90m_000997,MSFT,2026-07-13 15:20:00+00:00,393.57,390.26,6.151367321954526,1.3619263443442373,121,rs_trailing_90m
rs_trailing_90m_000998,MSFT,2026-07-14 14:00:00+00:00,387.7499,382.8,3.394223668396865,2.8517586120587453,121,rs_trailing_90m
rs_trailing_90m_000999,MSFT,2026-07-15 14:03:00+00:00,397.91,391.8,7.264134448906418,0.6828416447046874,121,rs_trailing_90m
rs_trailing_90m_001000,MSFT,2026-07-16 14:00:00+00:00,392.67,400.62,1.4475557664927694,9.208063070190258,121,rs_trailing_90m
rs_trailing_90m_001001,MSFT,2026-07-17 14:55:00+00:00,389.39,394.75,3.3234398231865656,5.435785948697167,121,rs_trailing_90m
rs_trailing_90m_001002,MSFT,2026-07-20 14:17:00+00:00,400.1299,393.18,5.999780753804647,2.527566689060626,121,rs_trailing_90m
rs_trailing_90m_001003,MSFT,2026-07-22 14:00:00+00:00,388.09,393.01,6.266992788234431,1.4801440253618903,121,rs_trailing_90m
rs_trailing_90m_001004,MSFT,2026-07-23 14:34:00+00:00,377.39,383.09,6.716121340575199,0.8345476222016471,121,rs_trailing_90m
rs_trailing_90m_001005,MSFT,2026-07-24 14:12:00+00:00,380.8,386.03,0.23354007372646982,6.745971843926951,121,rs_trailing_90m
rs_trailing_90m_001006,MSFT,2026-07-27 14:00:00+00:00,393.895,389.23,2.7095094016682224,3.471351898469876,121,rs_trailing_90m
rs_trailing_90m_001007,MSFT,2026-07-27 19:45:00+00:00,388.84,390.1,4.048120773707269,0.7866016669290526,16,rs_trailing_90m
rs_trailing_90m_001008,MSFT,2026-07-28 14:57:00+00:00,400.32,395.9,5.8046941581836595,1.2438630338965502,121,rs_trailing_90m
rs_trailing_90m_001009,MSFT,2026-07-28 19:10:00+00:00,392.37,395.48,9.345050332025183,2.097117594194586,51,rs_trailing_90m
rs_trailing_90m_001010,MSFT,2026-07-29 14:58:00+00:00,396.0,392.805,2.5618158545774468,2.5188803933275663,121,rs_trailing_90m
rs_trailing_90m_001011,MSFT,2026-07-30 14:00:00+00:00,452.235,443.65,0.3226705941295107,3.6346537638732124,121,rs_trailing_90m
rs_trailing_90m_001012,MSFT,2026-07-30 16:11:00+00:00,457.91,452.94,2.4160290070475905,3.7734886037908657,121,rs_trailing_90m
rs_trailing_90m_001013,MSFT,2026-07-31 14:00:00+00:00,463.9,450.69,1.771757087666741,8.51611593566418,121,rs_trailing_90m
rs_trailing_90m_001014,MSFT,2026-08-03 14:00:00+00:00,491.37,481.6001,2.0037284473955155,4.758353265284825,121,rs_trailing_90m
rs_trailing_90m_001015,MSFT,2026-08-03 16:33:00+00:00,491.1696,487.3475,4.426123168988526,2.081449289924724,121,rs_trailing_90m
rs_trailing_90m_001016,MSFT,2026-08-04 14:00:00+00:00,499.4399,490.52,6.867877191974273,0.5712875537653609,121,rs_trailing_90m
rs_trailing_90m_001017,MSFT,2026-08-04 16:51:00+00:00,494.2,497.54,1.2698048309777878,6.657574861481377,121,rs_trailing_90m
rs_trailing_90m_001018,MSFT,2026-08-05 14:00:00+00:00,487.25,492.53,1.2723422006866936,4.469509781899303,121,rs_trailing_90m
rs_trailing_90m_001019,MSFT,2026-08-06 14:00:00+00:00,498.97,493.74,2.946158086612684,2.3670856351060094,121,rs_trailing_90m
rs_trailing_90m_001020,MSFT,2026-08-07 14:05:00+00:00,504.85,501.07,3.498300275804019,0.851559935557562,121,rs_trailing_90m
rs_trailing_90m_001021,MSFT,2026-08-10 14:00:00+00:00,513.73,507.13,5.481562886239927,0.44930843329835296,121,rs_trailing_90m
rs_trailing_90m_001022,MSFT,2026-08-12 14:00:00+00:00,491.9501,496.5,0.9964393357056832,4.816740986806537,121,rs_trailing_90m
rs_trailing_90m_001023,MU,2026-07-01 14:00:00+00:00,1047.9901,1087.7499,5.300118941952458,1.5798143620492593,121,rs_trailing_90m
rs_trailing_90m_001024,MU,2026-07-02 14:00:00+00:00,977.0601,1064.64,13.742335713708995,1.568107214892399,121,rs_trailing_90m
rs_trailing_90m_001025,MU,2026-07-02 19:36:00+00:00,954.01,977.0,0.3402291566873148,6.232769425027821,25,rs_trailing_90m
rs_trailing_90m_001026,MU,2026-07-06 14:00:00+00:00,991.81,1019.0,0.29954168485376165,6.1643776890931585,121,rs_trailing_90m
rs_trailing_90m_001027,MU,2026-07-06 17:19:00+00:00,982.5,1006.5,7.605555988764835,4.5390443924964,121,rs_trailing_90m
rs_trailing_90m_001028,MU,2026-07-07 14:00:00+00:00,891.66,927.85,7.359951388068103,1.4191073045549942,121,rs_trailing_90m
rs_trailing_90m_001029,MU,2026-07-08 14:00:00+00:00,959.0,913.51,0.33939423261347307,9.250073867750976,121,rs_trailing_90m
rs_trailing_90m_001030,MU,2026-07-08 19:11:00+00:00,950.899,938.5297,1.3413634348465255,5.091533096886947,50,rs_trailing_90m
rs_trailing_90m_001031,MU,2026-07-09 14:00:00+00:00,1033.51,1003.0,1.7111867679986767,6.034853037882561,121,rs_trailing_90m
rs_trailing_90m_001032,MU,2026-07-09 15:25:00+00:00,1009.26,1027.0,2.415261906470486,3.1300221372721415,121,rs_trailing_90m
rs_trailing_90m_001033,MU,2026-07-09 16:36:00+00:00,1009.26,1027.0,0.339224175138204,8.642621894939573,121,rs_trailing_90m
rs_trailing_90m_001034,MU,2026-07-09 18:51:00+00:00,987.13,1015.4995,16.52401519719386,1.0463764496124506,70,rs_trailing_90m
rs_trailing_90m_001035,MU,2026-07-10 14:27:00+00:00,984.48,954.13,0.3427672990286044,6.390557960206128,121,rs_trailing_90m
rs_trailing_90m_001036,MU,2026-07-13 14:24:00+00:00,943.5,928.23,2.0285472297129377,1.694519620974122,121,rs_trailing_90m
rs_trailing_90m_001037,MU,2026-07-13 16:32:00+00:00,920.06,935.6,3.5721324121451277,4.052996390703073,121,rs_trailing_90m
rs_trailing_90m_001038,MU,2026-07-14 14:01:00+00:00,950.07,990.09,5.479570902868287,5.381866815447186,121,rs_trailing_90m
rs_trailing_90m_001039,MU,2026-07-15 14:00:00+00:00,896.5,958.72,18.380851542599196,1.4347350983177554,121,rs_trailing_90m
rs_trailing_90m_001040,MU,2026-07-16 14:00:00+00:00,879.9,847.46,2.003776157302078,5.186765716910261,121,rs_trailing_90m
rs_trailing_90m_001041,MU,2026-07-16 18:02:00+00:00,841.77,863.0,0.8098803122077749,9.015124846747126,119,rs_trailing_90m
rs_trailing_90m_001042,MU,2026-07-17 14:00:00+00:00,887.4799,832.7551,8.599351414984193,3.7897238837457525,121,rs_trailing_90m
rs_trailing_90m_001043,MU,2026-07-20 14:11:00+00:00,866.0,897.75,2.549886907644136,5.080547523807439,121,rs_trailing_90m
rs_trailing_90m_001044,MU,2026-07-21 14:00:00+00:00,958.5,916.5701,8.040218208818317,5.641825032818499,121,rs_trailing_90m
rs_trailing_90m_001045,MU,2026-07-21 18:31:00+00:00,960.85,975.9999,4.909072204477606,3.7338043778135197,90,rs_trailing_90m
rs_trailing_90m_001046,MU,2026-07-21 19:18:00+00:00,960.85,975.0,1.4679711589721793,6.53657292559664,43,rs_trailing_90m
rs_trailing_90m_001047,MU,2026-07-22 14:00:00+00:00,978.9999,963.03,2.4066227009892733,2.2548679019930047,121,rs_trailing_90m
rs_trailing_90m_001048,MU,2026-07-22 18:52:00+00:00,957.83,979.29,6.05074076429019,7.8220046205032725,69,rs_trailing_90m
rs_trailing_90m_001049,MU,2026-07-23 14:00:00+00:00,1000.36,978.11,3.506240434426261,1.4033788019478344,121,rs_trailing_90m
rs_trailing_90m_001050,MU,2026-07-23 16:29:00+00:00,1011.77,988.4801,2.4572579511913544,5.371646557352,121,rs_trailing_90m
rs_trailing_90m_001051,MU,2026-07-23 18:04:00+00:00,976.01,995.89,7.013877113789584,1.811178393940625,117,rs_trailing_90m
rs_trailing_90m_001052,MU,2026-07-24 14:00:00+00:00,919.54,947.74,4.016287433070603,3.4694564937364833,121,rs_trailing_90m
rs_trailing_90m_001053,MU,2026-07-24 17:37:00+00:00,904.0,936.52,16.039565800585926,0.726961998676491,121,rs_trailing_90m
rs_trailing_90m_001054,MU,2026-07-27 14:00:00+00:00,854.79,909.75,12.858358031030965,1.018821299071369,121,rs_trailing_90m
rs_trailing_90m_001055,MU,2026-07-27 17:40:00+00:00,869.63,899.1124,0.13058026070974268,12.818694809419961,121,rs_trailing_90m
rs_trailing_90m_001056,MU,2026-07-28 14:00:00+00:00,789.09,831.6,4.512112669672412,3.650011142573298,121,rs_trailing_90m
rs_trailing_90m_001057,MU,2026-07-29 14:12:00+00:00,762.5829,808.5,7.468832965394564,1.5567808355354638,121,rs_trailing_90m
rs_trailing_90m_001058,MU,2026-07-29 18:18:00+00:00,736.0,795.33,9.198841768392231,9.428027928492147,103,rs_trailing_90m
rs_trailing_90m_001059,MU,2026-07-30 14:00:00+00:00,868.0,822.5,7.076537300008867,4.2290261533058535,121,rs_trailing_90m
rs_trailing_90m_001060,MU,2026-07-31 14:00:00+00:00,818.0,866.92,7.826731308932583,1.2506441209626777,121,rs_trailing_90m
rs_trailing_90m_001061,MU,2026-07-31 18:52:00+00:00,822.01,842.47,7.316153968690905,3.147915251820491,69,rs_trailing_90m
rs_trailing_90m_001062,MU,2026-08-03 14:18:00+00:00,829.0,797.14,4.924299939966417,1.168232596268437,121,rs_trailing_90m
rs_trailing_90m_001063,MU,2026-08-03 19:24:00+00:00,823.08,836.62,0.028890947566225133,7.794777653374635,37,rs_trailing_90m
rs_trailing_90m_001064,MU,2026-08-04 14:08:00+00:00,899.04,869.11,4.313910752352065,2.644609798329554,121,rs_trailing_90m
rs_trailing_90m_001065,MU,2026-08-05 14:00:00+00:00,924.89,896.1,2.756233248316342,4.642481469404463,121,rs_trailing_90m
rs_trailing_90m_001066,MU,2026-08-06 14:00:00+00:00,913.33,871.45,9.669346537688483,0.6874880658509899,121,rs_trailing_90m
rs_trailing_90m_001067,MU,2026-08-07 14:00:00+00:00,847.02,880.0,3.9906578948433893,4.146090010685792,121,rs_trailing_90m
rs_trailing_90m_001068,MU,2026-08-07 18:00:00+00:00,881.62,867.4,8.014010920935856,3.4796083726303073,121,rs_trailing_90m
rs_trailing_90m_001069,MU,2026-08-10 14:00:00+00:00,894.989,867.01,3.7973045214116374,3.9021507437942855,121,rs_trailing_90m
rs_trailing_90m_001070,MU,2026-08-11 14:00:00+00:00,844.62,868.35,5.2721623903995765,2.27358028295276,121,rs_trailing_90m
rs_trailing_90m_001071,MU,2026-08-11 18:32:00+00:00,879.0,854.14,21.904440892113385,3.3996669414339897,89,rs_trailing_90m
rs_trailing_90m_001072,MU,2026-08-12 14:00:00+00:00,930.5,914.71,3.145103834456474,1.4853101092328038,121,rs_trailing_90m
rs_trailing_90m_001073,MU,2026-08-12 17:53:00+00:00,935.8,915.01,0.5858833407432336,19.060108036759534,121,rs_trailing_90m
rs_trailing_90m_001074,MU,2026-08-12 19:11:00+00:00,909.13,922.52,10.15233778572815,0.7490096842718094,50,rs_trailing_90m
rs_trailing_90m_001075,MU,2026-08-13 14:00:00+00:00,978.0,932.2401,14.085803528155562,1.2533116968044955,121,rs_trailing_90m
rs_trailing_90m_001076,MU,2026-08-13 18:56:00+00:00,945.85,965.6528,13.17834788295459,2.495417129452175,65,rs_trailing_90m
rs_trailing_90m_001077,MU,2026-08-14 14:28:00+00:00,956.3,972.5,2.5567607216058015,1.456759015798646,121,rs_trailing_90m
rs_trailing_90m_001078,NFLX,2026-07-01 14:01:00+00:00,73.7899,72.92,3.310657616676738,1.4409362799527103,121,rs_trailing_90m
rs_trailing_90m_001079,NFLX,2026-07-01 17:02:00+00:00,74.355,73.66,9.331934154294254,1.3882216097297673,121,rs_trailing_90m
rs_trailing_90m_001080,NFLX,2026-07-02 14:00:00+00:00,77.18,75.36,8.565089520664955,0.8255507971725028,121,rs_trailing_90m
rs_trailing_90m_001081,NFLX,2026-07-06 14:00:00+00:00,75.75,76.72,1.7434048875260009,3.891725871888248,121,rs_trailing_90m
rs_trailing_90m_001082,NFLX,2026-07-07 14:13:00+00:00,77.87,76.57,2.3510773664560722,4.221827098904999,121,rs_trailing_90m
rs_trailing_90m_001083,NFLX,2026-07-07 16:08:00+00:00,76.42,77.06,3.7249232206044587,3.286696959356811,121,rs_trailing_90m
rs_trailing_90m_001084,NFLX,2026-07-08 14:00:00+00:00,74.905,75.92,0.19672776156596175,6.4592281714154955,121,rs_trailing_90m
rs_trailing_90m_001085,NFLX,2026-07-09 14:03:00+00:00,75.48,74.3,0.6777284412245701,7.740372197143924,121,rs_trailing_90m
rs_trailing_90m_001086,NFLX,2026-07-09 15:33:00+00:00,74.3,74.72,3.9842038626179246,1.1646134367652154,121,rs_trailing_90m
rs_trailing_90m_001087,NFLX,2026-07-10 14:00:00+00:00,72.77,73.53,1.8005923081305597,1.8476352423339097,121,rs_trailing_90m
rs_trailing_90m_001088,NFLX,2026-07-10 18:55:00+00:00,73.75,73.25,1.988538878593712,8.477455219268055,66,rs_trailing_90m
rs_trailing_90m_001089,NFLX,2026-07-13 14:00:00+00:00,75.45,74.57,2.251397237161573,3.4092586734160206,121,rs_trailing_90m
rs_trailing_90m_001090,NFLX,2026-07-14 14:58:00+00:00,74.005,73.38,4.3389653733834255,2.8907156673116416,121,rs_trailing_90m
rs_trailing_90m_001091,NFLX,2026-07-15 14:22:00+00:00,75.06,74.065,0.7205945375297136,5.519540926717739,121,rs_trailing_90m
rs_trailing_90m_001092,NFLX,2026-07-15 17:49:00+00:00,73.13,74.035,9.90903183885443,5.686922620559876,121,rs_trailing_90m
rs_trailing_90m_001093,NFLX,2026-07-16 14:02:00+00:00,72.9401,73.88,3.7459258365067862,2.4428519693162265,121,rs_trailing_90m
rs_trailing_90m_001094,NFLX,2026-07-16 15:46:00+00:00,74.255,73.51,5.380125873821164,4.516648881726254,121,rs_trailing_90m
rs_trailing_90m_001095,NFLX,2026-07-16 16:34:00+00:00,74.35,73.77,2.446767058607594,5.662518049920539,121,rs_trailing_90m
rs_trailing_90m_001096,NFLX,2026-07-17 14:00:00+00:00,69.04,66.7894,5.933294063488868,0.8623657936551814,121,rs_trailing_90m
rs_trailing_90m_001097,NFLX,2026-07-17 18:37:00+00:00,69.49,68.47,2.0300914818195688,7.601040199371389,84,rs_trailing_90m
rs_trailing_90m_001098,NFLX,2026-07-20 14:00:00+00:00,66.69,68.25,0.8062526434512733,7.578774848441664,121,rs_trailing_90m
rs_trailing_90m_001099,NFLX,2026-07-20 19:38:00+00:00,67.8,67.55,1.4817413834978799,2.6342069039960747,23,rs_trailing_90m
rs_trailing_90m_001100,NFLX,2026-07-21 15:28:00+00:00,66.725,67.5723,8.331292504192847,1.4054028596727406,121,rs_trailing_90m
rs_trailing_90m_001101,NFLX,2026-07-21 18:23:00+00:00,68.75,67.53,19.52581548096529,1.0988554166776607,98,rs_trailing_90m
rs_trailing_90m_001102,NFLX,2026-07-22 14:00:00+00:00,70.57,69.9503,3.5374904626478108,0.7609072622597741,121,rs_trailing_90m
rs_trailing_90m_001103,NFLX,2026-07-22 17:18:00+00:00,68.35,69.6,19.078202224051452,0.5495778418450484,121,rs_trailing_90m
rs_trailing_90m_001104,NFLX,2026-07-23 15:00:00+00:00,68.92,68.29,1.9310691905585233,4.3077697327841165,121,rs_trailing_90m
rs_trailing_90m_001105,NFLX,2026-07-23 17:32:00+00:00,69.355,68.69,3.547626532535923,9.204652624958033,121,rs_trailing_90m
rs_trailing_90m_001106,NFLX,2026-07-23 19:37:00+00:00,68.46,69.01,1.77392315850656,9.704403161240933,24,rs_trailing_90m
rs_trailing_90m_001107,NFLX,2026-07-24 14:40:00+00:00,70.23,69.5,4.238327593970072,1.1801998028743772,121,rs_trailing_90m
rs_trailing_90m_001108,NFLX,2026-07-24 18:43:00+00:00,70.67,70.06,0.7306139210181184,12.00294298815603,78,rs_trailing_90m
rs_trailing_90m_001109,NFLX,2026-07-27 14:39:00+00:00,71.65,70.395,7.149408887077882,2.603317366490373,121,rs_trailing_90m
rs_trailing_90m_001110,NFLX,2026-07-27 19:11:00+00:00,70.275,70.6659,4.157150224706696,4.626795844687367,50,rs_trailing_90m
rs_trailing_90m_001111,NFLX,2026-07-28 14:00:00+00:00,73.755,72.63,2.110391246082551,4.577468336573613,121,rs_trailing_90m
rs_trailing_90m_001112,NFLX,2026-07-28 19:22:00+00:00,72.32,72.665,3.131309674547051,4.070702576911167,39,rs_trailing_90m
rs_trailing_90m_001113,NFLX,2026-07-29 15:51:00+00:00,73.365,72.47,9.256540971573378,1.5730069624895375,121,rs_trailing_90m
rs_trailing_90m_001114,NFLX,2026-07-30 14:00:00+00:00,70.63,72.12,0.4266032589691385,8.65395182480162,121,rs_trailing_90m
rs_trailing_90m_001115,NFLX,2026-07-31 14:19:00+00:00,71.105,71.82,0.6930607294464548,3.436426116838942,121,rs_trailing_90m
rs_trailing_90m_001116,NFLX,2026-07-31 16:56:00+00:00,71.2,71.83,3.709002467896347,10.036124324895761,121,rs_trailing_90m
rs_trailing_90m_001117,NFLX,2026-08-03 14:32:00+00:00,72.18,73.27,1.7862724014335718,6.157574671445352,121,rs_trailing_90m
rs_trailing_90m_001118,NFLX,2026-08-04 14:30:00+00:00,73.745,72.5601,0.4907651108532089,7.816486029859725,121,rs_trailing_90m
rs_trailing_90m_001119,NFLX,2026-08-05 14:06:00+00:00,73.51,74.44,3.1966095486186004,2.575908665391635,121,rs_trailing_90m
rs_trailing_90m_001120,NFLX,2026-08-05 16:48:00+00:00,73.155,73.6399,1.6082680798333164,6.190223839278816,121,rs_trailing_90m
rs_trailing_90m_001121,NFLX,2026-08-06 14:01:00+00:00,73.1002,74.055,4.673428897375733,2.193591587718733,121,rs_trailing_90m
rs_trailing_90m_001122,NFLX,2026-08-07 14:12:00+00:00,74.4135,73.875,2.574054567875483,1.6455143356280868,121,rs_trailing_90m
rs_trailing_90m_001123,NFLX,2026-08-10 14:55:00+00:00,75.98,74.8399,12.158346405831354,0.6765894620282719,121,rs_trailing_90m
rs_trailing_90m_001124,NFLX,2026-08-11 15:24:00+00:00,74.715,75.76,14.147528000902145,0.27604932684701466,121,rs_trailing_90m
rs_trailing_90m_001125,NFLX,2026-08-12 14:00:00+00:00,73.5702,74.0899,1.317202589408753,3.252558329921912,121,rs_trailing_90m
rs_trailing_90m_001126,NFLX,2026-08-13 14:00:00+00:00,77.6699,76.5,3.0777275080855078,2.979865714843954,121,rs_trailing_90m
rs_trailing_90m_001127,NFLX,2026-08-13 19:32:00+00:00,78.4,77.89,5.181158541027068,2.3685296187551232,29,rs_trailing_90m
rs_trailing_90m_001128,NVDA,2026-07-01 14:00:00+00:00,194.47,197.2,2.5338635520953567,3.6407749351136123,121,rs_trailing_90m
rs_trailing_90m_001129,NVDA,2026-07-01 17:40:00+00:00,199.85,197.68,5.4643103238603015,5.266507235213812,121,rs_trailing_90m
rs_trailing_90m_001130,NVDA,2026-07-02 15:06:00+00:00,192.88,196.0,4.786934113886714,2.0484134537684597,121,rs_trailing_90m
rs_trailing_90m_001131,NVDA,2026-07-07 15:51:00+00:00,198.41,193.81,17.62478828335431,1.0129188668594444,121,rs_trailing_90m
rs_trailing_90m_001132,NVDA,2026-07-08 14:00:00+00:00,199.45,196.05,4.2373736979676275,3.853758826512827,121,rs_trailing_90m
rs_trailing_90m_001133,NVDA,2026-07-08 16:17:00+00:00,203.71,198.72,16.25131625131481,1.2636012636012008,121,rs_trailing_90m
rs_trailing_90m_001134,NVDA,2026-07-08 19:34:00+00:00,205.16,203.44,2.0962610949655063,4.771489539969026,27,rs_trailing_90m
rs_trailing_90m_001135,NVDA,2026-07-09 14:00:00+00:00,198.96,202.2,6.676039952330125,1.3355047143425642,121,rs_trailing_90m
rs_trailing_90m_001136,NVDA,2026-07-10 14:00:00+00:00,209.4794,205.72,4.806214203044193,3.561147876665121,121,rs_trailing_90m
rs_trailing_90m_001137,NVDA,2026-07-13 15:02:00+00:00,204.32,208.049,8.52270501543057,1.377970063242524,121,rs_trailing_90m
rs_trailing_90m_001138,NVDA,2026-07-13 16:50:00+00:00,203.35,205.1699,4.518283649973267,2.694720222470877,121,rs_trailing_90m
rs_trailing_90m_001139,NVDA,2026-07-14 14:00:00+00:00,204.06,209.3188,1.7966238618578696,11.700641230625463,121,rs_trailing_90m
rs_trailing_90m_001140,NVDA,2026-07-14 15:06:00+00:00,211.35,207.64,9.049013530555724,0.6258683709894688,121,rs_trailing_90m
rs_trailing_90m_001141,NVDA,2026-07-15 15:02:00+00:00,206.04,210.21,8.685446009389752,1.1032863849765284,121,rs_trailing_90m
rs_trailing_90m_001142,NVDA,2026-07-15 18:01:00+00:00,212.5693,209.84,11.660511507755132,1.3330107468139707,120,rs_trailing_90m
rs_trailing_90m_001143,NVDA,2026-07-16 14:43:00+00:00,205.845,208.17,4.30024269039615,1.1631803998611896,121,rs_trailing_90m
rs_trailing_90m_001144,NVDA,2026-07-17 14:10:00+00:00,206.2,202.37,1.4440684423095698,5.509391620609243,121,rs_trailing_90m
rs_trailing_90m_001145,NVDA,2026-07-17 15:07:00+00:00,206.44,202.645,6.601612193342448,0.3769722840209179,121,rs_trailing_90m
rs_trailing_90m_001146,NVDA,2026-07-17 16:34:00+00:00,206.645,202.99,5.1455718462179405,7.106587826698425,121,rs_trailing_90m
rs_trailing_90m_001147,NVDA,2026-07-17 18:37:00+00:00,201.6301,203.82,7.044096496506267,2.420206170957448,84,rs_trailing_90m
rs_trailing_90m_001148,NVDA,2026-07-20 17:01:00+00:00,203.0426,205.015,3.6229104922436264,6.478628460118877,121,rs_trailing_90m
rs_trailing_90m_001149,NVDA,2026-07-22 14:53:00+00:00,214.32,207.86,19.1392046288882,0.15079644804724995,121,rs_trailing_90m
rs_trailing_90m_001150,NVDA,2026-07-23 15:06:00+00:00,205.96,210.39,2.478812531336318,8.447694447588942,121,rs_trailing_90m
rs_trailing_90m_001151,NVDA,2026-07-23 16:31:00+00:00,210.43,208.18,3.06712637647497,5.505587098144439,121,rs_trailing_90m
rs_trailing_90m_001152,NVDA,2026-07-24 15:23:00+00:00,211.9099,208.98,5.237982627505179,1.5679800760858875,121,rs_trailing_90m
rs_trailing_90m_001153,NVDA,2026-07-24 18:35:00+00:00,204.81,207.4,9.990821768230736,2.509771651922755,86,rs_trailing_90m
rs_trailing_90m_001154,NVDA,2026-07-27 14:00:00+00:00,195.92,202.929,13.39117477929664,2.0715507607511374,121,rs_trailing_90m
rs_trailing_90m_001155,NVDA,2026-07-28 14:58:00+00:00,198.7,195.86,3.7482443820214586,1.4956049012006314,121,rs_trailing_90m
rs_trailing_90m_001156,NVDA,2026-07-29 14:00:00+00:00,190.923,193.65,5.684356618863068,0.7825772566645349,121,rs_trailing_90m
rs_trailing_90m_001157,NVDA,2026-07-29 18:59:00+00:00,196.3299,189.9,0.9453192985804598,14.640087260245878,62,rs_trailing_90m
rs_trailing_90m_001158,NVDA,2026-07-30 15:00:00+00:00,195.325,192.68,2.3741531387600463,4.927748084519474,121,rs_trailing_90m
rs_trailing_90m_001159,NVDA,2026-07-31 16:16:00+00:00,196.15,199.97,0.5858312080503163,11.846808873905902,121,rs_trailing_90m
rs_trailing_90m_001160,NVDA,2026-07-31 17:17:00+00:00,200.22,198.26,5.987613446031322,3.3264519144619507,121,rs_trailing_90m
rs_trailing_90m_001161,NVDA,2026-08-03 14:00:00+00:00,207.4,201.51,11.200835814273661,2.0867619593561444,121,rs_trailing_90m
rs_trailing_90m_001162,NVDA,2026-08-04 14:57:00+00:00,209.05,210.95,0.08259501812128489,5.148422796226497,121,rs_trailing_90m
rs_trailing_90m_001163,NVDA,2026-08-05 14:00:00+00:00,222.22,218.34,1.9573878650955316,4.915612059402862,121,rs_trailing_90m
rs_trailing_90m_001164,NVDA,2026-08-05 16:23:00+00:00,221.6,220.14,4.04161482515568,0.4627803234911251,121,rs_trailing_90m
rs_trailing_90m_001165,NVDA,2026-08-06 14:58:00+00:00,217.27,219.71,4.44796227940611,1.1753682707239521,121,rs_trailing_90m
rs_trailing_90m_001166,NVDA,2026-08-07 14:02:00+00:00,224.76,220.93,5.364369516745597,4.3728509804751114,121,rs_trailing_90m
rs_trailing_90m_001167,NVDA,2026-08-10 14:19:00+00:00,218.76,221.6224,6.319718069593837,0.9451658671151526,121,rs_trailing_90m
rs_trailing_90m_001168,NVDA,2026-08-10 16:37:00+00:00,216.77,219.045,0.337723741978921,7.345491388041892,121,rs_trailing_90m
rs_trailing_90m_001169,NVDA,2026-08-12 14:00:00+00:00,225.1,222.42,2.8528184828390315,3.599125427716757,121,rs_trailing_90m
rs_trailing_90m_001170,NVDA,2026-08-13 15:03:00+00:00,223.71,225.595,4.147375918672355,3.2981513258014346,121,rs_trailing_90m
rs_trailing_90m_001171,PANW,2026-07-01 14:00:00+00:00,358.1,349.13,6.357185310591928,1.2358842281576599,121,rs_trailing_90m
rs_trailing_90m_001172,PANW,2026-07-01 18:35:00+00:00,351.15,353.41,2.1121191845367213,4.338406973643052,86,rs_trailing_90m
rs_trailing_90m_001173,PANW,2026-07-02 14:00:00+00:00,357.3795,347.71,1.4976966627984718,5.302950381545184,121,rs_trailing_90m
rs_trailing_90m_001174,PANW,2026-07-02 17:31:00+00:00,353.8799,348.74,7.37183254622844,3.9054322843793776,121,rs_trailing_90m
rs_trailing_90m_001175,PANW,2026-07-06 14:00:00+00:00,368.17,356.66,2.6360438725129827,2.453851274714721,121,rs_trailing_90m
rs_trailing_90m_001176,PANW,2026-07-06 18:13:00+00:00,352.77,357.92,2.630088881731884,13.689137312145979,108,rs_trailing_90m
rs_trailing_90m_001177,PANW,2026-07-07 14:00:00+00:00,343.7654,349.9699,0.9236042898666732,1.9785038922855311,121,rs_trailing_90m
rs_trailing_90m_001178,PANW,2026-07-07 19:16:00+00:00,336.0,342.4,10.85702219004552,1.5399344587128843,45,rs_trailing_90m
rs_trailing_90m_001179,PANW,2026-07-08 14:00:00+00:00,314.95,326.86,7.46324934483498,1.0712969534832748,121,rs_trailing_90m
rs_trailing_90m_001180,PANW,2026-07-08 16:33:00+00:00,321.9,317.67,0.7444070268121232,6.965783285174824,121,rs_trailing_90m
rs_trailing_90m_001181,PANW,2026-07-08 18:08:00+00:00,317.38,321.37,3.9862272428489547,5.314969657132072,113,rs_trailing_90m
rs_trailing_90m_001182,PANW,2026-07-08 19:03:00+00:00,317.5,321.37,0.36401124339987095,9.3513233218255,58,rs_trailing_90m
rs_trailing_90m_001183,PANW,2026-07-09 14:00:00+00:00,332.27,326.58,3.394762679895373,0.8319768493397898,121,rs_trailing_90m
rs_trailing_90m_001184,PANW,2026-07-09 16:38:00+00:00,337.14,331.6,7.240532191763305,9.199036801010664,121,rs_trailing_90m
rs_trailing_90m_001185,PANW,2026-07-09 18:36:00+00:00,338.42,334.38,4.98734404049909,8.813251797594008,85,rs_trailing_90m
rs_trailing_90m_001186,PANW,2026-07-10 14:00:00+00:00,324.11,337.64,12.246863102380637,1.783624431506717,121,rs_trailing_90m
rs_trailing_90m_001187,PANW,2026-07-13 14:00:00+00:00,320.2,329.7499,1.1478786214471914,7.156762323218439,121,rs_trailing_90m
rs_trailing_90m_001188,PANW,2026-07-14 14:00:00+00:00,353.6799,343.45,3.735300568066794,3.0100526210921537,121,rs_trailing_90m
rs_trailing_90m_001189,PANW,2026-07-15 14:18:00+00:00,361.2,353.1116,0.30459681479171286,5.932620594730812,121,rs_trailing_90m
rs_trailing_90m_001190,PANW,2026-07-15 16:02:00+00:00,359.19,354.17,0.5711579028535683,7.86182054516147,121,rs_trailing_90m
rs_trailing_90m_001191,PANW,2026-07-15 17:32:00+00:00,353.77,357.98,3.145806850021897,5.289764384750306,121,rs_trailing_90m
rs_trailing_90m_001192,PANW,2026-07-16 14:00:00+00:00,351.53,360.44,0.28225125763872455,5.433336709544754,121,rs_trailing_90m
rs_trailing_90m_001193,PANW,2026-07-16 15:30:00+00:00,359.12,347.04,3.0318091451290345,14.162676523020622,121,rs_trailing_90m
rs_trailing_90m_001194,PANW,2026-07-16 16:37:00+00:00,347.04,354.23,3.695669734710029,6.724669634923529,121,rs_trailing_90m
rs_trailing_90m_001195,PANW,2026-07-17 14:00:00+00:00,368.8,360.07,3.5921133018606968,0.8686475978894904,121,rs_trailing_90m
rs_trailing_90m_001196,PANW,2026-07-17 19:00:00+00:00,354.62,359.91,8.228962139933783,6.678986394398286,61,rs_trailing_90m
rs_trailing_90m_001197,PANW,2026-07-20 14:00:00+00:00,364.73,356.09,2.1439290021448505,4.378446553676063,121,rs_trailing_90m
rs_trailing_90m_001198,PANW,2026-07-20 14:55:00+00:00,360.33,357.02,0.5580960352139067,2.8628259584123095,121,rs_trailing_90m
rs_trailing_90m_001199,PANW,2026-07-20 17:26:00+00:00,361.22,353.56,1.018131346849984,19.505253171228514,121,rs_trailing_90m
rs_trailing_90m_001200,PANW,2026-07-20 18:59:00+00:00,348.36,357.0,16.566679011266437,2.5689083013820464,62,rs_trailing_90m
rs_trailing_90m_001201,PANW,2026-07-21 14:00:00+00:00,334.03,344.25,5.724529016321025,0.8787087429115868,121,rs_trailing_90m
rs_trailing_90m_001202,PANW,2026-07-21 19:10:00+00:00,343.3,339.73,9.155015063393995,2.8609422073104795,51,rs_trailing_90m
rs_trailing_90m_001203,PANW,2026-07-22 14:00:00+00:00,332.74,339.47,1.853456298093124,2.2497545197249376,121,rs_trailing_90m
rs_trailing_90m_001204,PANW,2026-07-22 16:00:00+00:00,333.47,338.82,0.4662908783085297,8.7731765252129,121,rs_trailing_90m
rs_trailing_90m_001205,PANW,2026-07-22 17:30:00+00:00,338.4599,333.02,2.7642433208604498,8.786845357238075,121,rs_trailing_90m
rs_trailing_90m_001206,PANW,2026-07-22 18:45:00+00:00,333.07,339.2,0.5678779547679594,14.24527890790177,76,rs_trailing_90m
rs_trailing_90m_001207,PANW,2026-07-23 14:00:00+00:00,321.87,326.31,2.037600816223375,0.8073512668054807,121,rs_trailing_90m
rs_trailing_90m_001208,PANW,2026-07-24 14:46:00+00:00,323.78,328.8599,0.3059918125926318,6.452303008229935,121,rs_trailing_90m
rs_trailing_90m_001209,PANW,2026-07-27 14:23:00+00:00,322.39,327.27,0.004766565944583574,4.647401795973212,121,rs_trailing_90m
rs_trailing_90m_001210,PANW,2026-07-27 16:50:00+00:00,317.18,323.18,6.939486723057909,4.530739265467575,121,rs_trailing_90m
rs_trailing_90m_001211,PANW,2026-07-28 14:00:00+00:00,308.54,321.215,1.698191357172458,7.051636062405187,121,rs_trailing_90m
rs_trailing_90m_001212,PANW,2026-07-29 14:00:00+00:00,312.46,316.6405,0.9299349066686534,2.0720673152064455,121,rs_trailing_90m
rs_trailing_90m_001213,PANW,2026-07-29 17:51:00+00:00,319.98,311.67,11.254095026016001,10.097852386356852,121,rs_trailing_90m
rs_trailing_90m_001214,PANW,2026-07-30 14:00:00+00:00,313.17,323.245,3.031741984830058,3.711039581872588,121,rs_trailing_90m
rs_trailing_90m_001215,PANW,2026-07-30 17:37:00+00:00,325.1199,322.1901,3.3289916176442396,2.6275734497640606,121,rs_trailing_90m
rs_trailing_90m_001216,PANW,2026-07-31 14:04:00+00:00,319.48,327.82,4.686627931937144,1.4301916224221278,121,rs_trailing_90m
rs_trailing_90m_001217,PANW,2026-07-31 16:53:00+00:00,333.9799,329.3672,14.146366872570056,0.5837503926286426,121,rs_trailing_90m
rs_trailing_90m_001218,PANW,2026-08-03 14:00:00+00:00,334.27,339.85,1.105495515974833,2.9001310938560314,121,rs_trailing_90m
rs_trailing_90m_001219,PANW,2026-08-03 15:55:00+00:00,343.96,338.13,9.09541008190746,1.082371257347925,121,rs_trailing_90m
rs_trailing_90m_001220,PANW,2026-08-04 14:00:00+00:00,365.08,358.7201,1.5731776079156612,3.7769385722794593,121,rs_trailing_90m
rs_trailing_90m_001221,PANW,2026-08-04 19:14:00+00:00,367.5,362.54,9.661242135880036,2.2953826941925928,47,rs_trailing_90m
rs_trailing_90m_001222,PANW,2026-08-05 14:00:00+00:00,362.84,373.97,4.002653722815173,3.785726685389874,121,rs_trailing_90m
rs_trailing_90m_001223,PANW,2026-08-06 14:00:00+00:00,349.0,361.09,0.4502872746218672,8.623001309008394,121,rs_trailing_90m
rs_trailing_90m_001224,PANW,2026-08-06 18:06:00+00:00,359.69,353.16,7.581159456676118,9.087181032244871,115,rs_trailing_90m
rs_trailing_90m_001225,PANW,2026-08-07 14:32:00+00:00,359.15,365.015,4.8371185600670685,0.7917902404871549,121,rs_trailing_90m
rs_trailing_90m_001226,PANW,2026-08-10 14:00:00+00:00,382.94,377.52,2.1558980807559416,0.8712955974039539,121,rs_trailing_90m
rs_trailing_90m_001227,PANW,2026-08-10 16:15:00+00:00,383.895,379.8401,3.3720517580258154,5.06827705284996,121,rs_trailing_90m
rs_trailing_90m_001228,PANW,2026-08-11 15:04:00+00:00,386.5,381.74,5.53228476404695,1.7724795845975156,121,rs_trailing_90m
rs_trailing_90m_001229,PANW,2026-08-11 17:42:00+00:00,386.59,380.82,0.029466321443733644,16.97260115160599,121,rs_trailing_90m
rs_trailing_90m_001230,PANW,2026-08-11 18:56:00+00:00,381.8,386.24,0.22050583798234963,10.657782169149916,65,rs_trailing_90m
rs_trailing_90m_001231,PANW,2026-08-12 14:06:00+00:00,386.565,382.21,1.41122331586349,1.928927521411297,121,rs_trailing_90m
rs_trailing_90m_001232,PANW,2026-08-12 17:04:00+00:00,378.46,386.24,4.209028839642339,16.004702254442496,121,rs_trailing_90m
rs_trailing_90m_001233,PANW,2026-08-12 18:24:00+00:00,389.25,383.95,10.753386528113417,2.8812901702122145,97,rs_trailing_90m
rs_trailing_90m_001234,PANW,2026-08-13 14:20:00+00:00,389.55,397.09,4.247048790340942,1.264611774060183,121,rs_trailing_90m
rs_trailing_90m_001235,PANW,2026-08-13 19:11:00+00:00,396.5,393.2,1.5305557970275014,6.423513699336033,50,rs_trailing_90m
rs_trailing_90m_001236,PANW,2026-08-14 14:00:00+00:00,382.48,390.0,3.965491404149889,1.3124723762407684,121,rs_trailing_90m
rs_trailing_90m_001237,PANW,2026-08-14 19:25:00+00:00,380.0,385.4347,3.9576056096788492,13.24911375585853,36,rs_trailing_90m
rs_trailing_90m_001238,PEP,2026-07-01 14:00:00+00:00,140.335,139.04,3.502327587872134,0.08305915228155476,121,rs_trailing_90m
rs_trailing_90m_001239,PEP,2026-07-02 14:00:00+00:00,144.65,142.1599,2.91688610832998,2.847667937981455,121,rs_trailing_90m
rs_trailing_90m_001240,PEP,2026-07-02 17:08:00+00:00,144.165,143.35,2.5493819013684433,4.740955816579979,121,rs_trailing_90m
rs_trailing_90m_001241,PEP,2026-07-06 14:00:00+00:00,141.38,142.29,2.01385346912587,0.6811563204395953,121,rs_trailing_90m
rs_trailing_90m_001242,PEP,2026-07-06 17:42:00+00:00,143.6,142.79,9.334353481256294,2.4794376434589878,121,rs_trailing_90m
rs_trailing_90m_001243,PEP,2026-07-07 14:00:00+00:00,149.04,146.28,3.444924966804326,5.358772170584608,121,rs_trailing_90m
rs_trailing_90m_001244,PEP,2026-07-08 14:00:00+00:00,143.37,144.94,0.15630260183709854,4.751599095849448,121,rs_trailing_90m
rs_trailing_90m_001245,PEP,2026-07-08 16:56:00+00:00,143.43,144.28,4.057692006698828,4.057692006699099,121,rs_trailing_90m
rs_trailing_90m_001246,PEP,2026-07-09 14:00:00+00:00,134.87,138.04,1.2186522778833504,6.0702679502113615,121,rs_trailing_90m
rs_trailing_90m_001247,PEP,2026-07-09 18:42:00+00:00,136.33,137.9886,4.559662951889555,9.190622451754358,79,rs_trailing_90m
rs_trailing_90m_001248,PEP,2026-07-10 14:58:00+00:00,137.43,136.16,0.291408698310857,7.110372238783287,121,rs_trailing_90m
rs_trailing_90m_001249,PEP,2026-07-13 14:01:00+00:00,140.06,138.295,1.1762265325173813,6.512809874494162,121,rs_trailing_90m
rs_trailing_90m_001250,PEP,2026-07-13 15:24:00+00:00,138.19,138.87,1.9333856987336433,3.78271114969657,121,rs_trailing_90m
rs_trailing_90m_001251,PEP,2026-07-14 14:33:00+00:00,136.04,137.26,5.60351793414944,0.7263819544267001,121,rs_trailing_90m
rs_trailing_90m_001252,PEP,2026-07-15 14:57:00+00:00,136.99,135.615,0.41620232436484844,9.121767608995901,121,rs_trailing_90m
rs_trailing_90m_001253,PEP,2026-07-16 15:45:00+00:00,139.04,138.185,5.2442647923873675,2.6221323961936838,121,rs_trailing_90m
rs_trailing_90m_001254,PEP,2026-07-17 14:07:00+00:00,137.75,140.1,8.529006072328974,1.3444738636183309,121,rs_trailing_90m
rs_trailing_90m_001255,PEP,2026-07-20 15:50:00+00:00,133.95,135.48,14.720314033363543,0.294406280667282,121,rs_trailing_90m
rs_trailing_90m_001256,PEP,2026-07-22 14:00:00+00:00,134.72,135.95,0.7151651690985653,6.051397584680348,121,rs_trailing_90m
rs_trailing_90m_001257,PEP,2026-07-23 14:07:00+00:00,133.73,135.215,0.898233923526359,6.122173320877175,121,rs_trailing_90m
rs_trailing_90m_001258,PEP,2026-07-23 15:30:00+00:00,135.215,134.55,2.36604183415867,3.3554775102612,121,rs_trailing_90m
rs_trailing_90m_001259,PEP,2026-07-24 19:07:00+00:00,137.13,136.545,2.9704403674546342,6.422573767469492,54,rs_trailing_90m
rs_trailing_90m_001260,PEP,2026-07-27 14:00:00+00:00,140.22,137.87,9.176788124157225,1.3945119208278294,121,rs_trailing_90m
rs_trailing_90m_001261,PEP,2026-07-28 14:00:00+00:00,145.43,142.06,2.462239954403472,12.903961242521339,121,rs_trailing_90m
rs_trailing_90m_001262,PEP,2026-07-29 14:00:00+00:00,145.22,143.96,1.3057920659769018,3.023939521209688,121,rs_trailing_90m
rs_trailing_90m_001263,PEP,2026-07-29 17:33:00+00:00,142.77,144.82,13.344051446946251,8.628081457664281,121,rs_trailing_90m
rs_trailing_90m_001264,PEP,2026-07-30 14:00:00+00:00,139.42,141.05,1.5107628648151588,4.803451159924974,121,rs_trailing_90m
rs_trailing_90m_001265,PEP,2026-08-03 14:24:00+00:00,138.8,140.3295,5.809610756079112,0.5373889949373568,121,rs_trailing_90m
rs_trailing_90m_001266,PEP,2026-08-04 14:11:00+00:00,138.03,138.63,0.931383319163497,1.9344115090319516,121,rs_trailing_90m
rs_trailing_90m_001267,PEP,2026-08-06 14:00:00+00:00,137.14,138.35,5.32436752466521,0.8113321942346725,121,rs_trailing_90m
rs_trailing_90m_001268,PEP,2026-08-10 14:06:00+00:00,137.45,138.5,1.1618328681902372,4.647331472760792,121,rs_trailing_90m
rs_trailing_90m_001269,PYPL,2026-07-01 14:00:00+00:00,44.89,43.86,9.731504620212467,0.4445865054919572,121,rs_trailing_90m
rs_trailing_90m_001270,PYPL,2026-07-02 14:00:00+00:00,45.37,44.805,3.2869785082173837,2.5165929203539057,121,rs_trailing_90m
rs_trailing_90m_001271,PYPL,2026-07-06 15:38:00+00:00,45.135,44.735,6.8562670299742265,1.4543596730248494,121,rs_trailing_90m
rs_trailing_90m_001272,PYPL,2026-07-07 14:14:00+00:00,45.72,45.32,2.5955681115917937,1.7303787410611446,121,rs_trailing_90m
rs_trailing_90m_001273,PYPL,2026-07-08 14:00:00+00:00,43.73,44.45,7.001636397778592,1.6900501649810304,121,rs_trailing_90m
rs_trailing_90m_001274,PYPL,2026-07-09 14:11:00+00:00,45.025,44.48,4.570452563232689,1.899408857447405,121,rs_trailing_90m
rs_trailing_90m_001275,PYPL,2026-07-10 14:00:00+00:00,46.375,45.765,0.5973605001157958,5.475804584394559,121,rs_trailing_90m
rs_trailing_90m_001276,PYPL,2026-07-13 15:18:00+00:00,48.33,46.925,22.0047309284502,3.3367829686584765,121,rs_trailing_90m
rs_trailing_90m_001277,PYPL,2026-07-13 18:48:00+00:00,47.355,47.87,9.284264751799233,2.9757258819869294,73,rs_trailing_90m
rs_trailing_90m_001278,PYPL,2026-07-14 15:10:00+00:00,46.56,47.22,1.9399791835321079,9.69989591766054,121,rs_trailing_90m
rs_trailing_90m_001279,PYPL,2026-07-14 16:40:00+00:00,47.325,47.0,5.13374579201453,3.884996815578531,121,rs_trailing_90m
rs_trailing_90m_001280,PYPL,2026-07-15 14:00:00+00:00,54.45,55.63,0.9378630161948043,3.160945721249215,121,rs_trailing_90m
rs_trailing_90m_001281,PYPL,2026-07-15 19:02:00+00:00,55.88,55.355,2.118675051184551,3.7355586428779386,59,rs_trailing_90m
rs_trailing_90m_001282,PYPL,2026-07-16 14:00:00+00:00,57.18,56.03,5.40834033636363,1.2436290613028425,121,rs_trailing_90m
rs_trailing_90m_001283,PYPL,2026-07-16 16:49:00+00:00,57.67,57.02,4.125214150462127,7.792071173095028,121,rs_trailing_90m
rs_trailing_90m_001284,PYPL,2026-07-17 14:00:00+00:00,55.69,56.485,1.1588518452487546,5.927972900695428,121,rs_trailing_90m
rs_trailing_90m_001285,PYPL,2026-07-17 15:50:00+00:00,57.085,56.27,10.614183596691024,1.0757618510159181,121,rs_trailing_90m
rs_trailing_90m_001286,PYPL,2026-07-20 15:04:00+00:00,57.16,56.625,4.524503311258111,1.2388520971302344,121,rs_trailing_90m
rs_trailing_90m_001287,PYPL,2026-07-21 14:26:00+00:00,55.0,56.12,5.394285714285784,2.9968253968254297,121,rs_trailing_90m
rs_trailing_90m_001288,PYPL,2026-07-22 15:04:00+00:00,55.38,55.775,2.61497948435372,4.762998346501314,121,rs_trailing_90m
rs_trailing_90m_001289,PYPL,2026-07-23 15:05:00+00:00,55.87,55.515,3.3074075459003938,0.7413154844259267,121,rs_trailing_90m
rs_trailing_90m_001290,PYPL,2026-07-24 14:12:00+00:00,55.22,56.31,0.8048254458103072,8.94250495344752,121,rs_trailing_90m
rs_trailing_90m_001291,PYPL,2026-07-24 16:29:00+00:00,56.28,55.9002,0.46424902013010205,8.351839872139228,121,rs_trailing_90m
rs_trailing_90m_001292,PYPL,2026-07-24 19:34:00+00:00,56.3481,56.06,0.882737666082536,8.167679472649152,27,rs_trailing_90m
rs_trailing_90m_001293,PYPL,2026-07-27 14:34:00+00:00,56.585,56.0201,3.38611054177794,2.4994705199154343,121,rs_trailing_90m
rs_trailing_90m_001294,PYPL,2026-07-28 14:00:00+00:00,58.7499,57.69,3.6509225330513266,1.3107556215596596,121,rs_trailing_90m
rs_trailing_90m_001295,PYPL,2026-07-28 17:28:00+00:00,58.8,58.13,3.2245716368930943,11.675173168061491,121,rs_trailing_90m
rs_trailing_90m_001296,PYPL,2026-07-29 14:00:00+00:00,58.84,58.285,0.33923367981561203,2.798677858478719,121,rs_trailing_90m
rs_trailing_90m_001297,PYPL,2026-07-30 14:18:00+00:00,56.655,57.37,3.3342427592944586,2.2099050846486277,121,rs_trailing_90m
rs_trailing_90m_001298,PYPL,2026-07-30 18:26:00+00:00,57.83,57.4701,10.089373803020386,2.6515582380569516,95,rs_trailing_90m
rs_trailing_90m_001299,PYPL,2026-07-31 14:34:00+00:00,56.62,57.04,0.45177137598894535,3.350713151372863,121,rs_trailing_90m
rs_trailing_90m_001300,PYPL,2026-08-03 14:34:00+00:00,57.335,57.7298,0.44215714699916076,3.4370348893399614,121,rs_trailing_90m
rs_trailing_90m_001301,PYPL,2026-08-06 14:00:00+00:00,59.0,58.6512,1.4708934315660525,2.329459375324632,121,rs_trailing_90m
rs_trailing_90m_001302,PYPL,2026-08-06 18:30:00+00:00,59.79,59.23,9.884945713820091,1.186193485658456,91,rs_trailing_90m
rs_trailing_90m_001303,PYPL,2026-08-07 15:26:00+00:00,59.01,59.43,6.492626852963574,3.42338506792634,121,rs_trailing_90m
rs_trailing_90m_001304,PYPL,2026-08-11 14:01:00+00:00,59.44,58.8302,0.517120894479374,5.789685534591429,121,rs_trailing_90m
rs_trailing_90m_001305,PYPL,2026-08-12 14:11:00+00:00,58.58,58.24,1.9777058612014053,2.224919093851625,121,rs_trailing_90m
rs_trailing_90m_001306,PYPL,2026-08-13 19:34:00+00:00,60.76,60.2693,1.4544053994569142,9.525236593058903,27,rs_trailing_90m
rs_trailing_90m_001307,PYPL,2026-08-14 14:40:00+00:00,59.72,60.0,2.3729877541320263,1.688360480323721,120,rs_trailing_90m
rs_trailing_90m_001308,PYPL,2026-08-14 19:44:00+00:00,62.31,59.34,3.552542688749567,38.651664453595274,17,rs_trailing_90m
rs_trailing_90m_001309,QCOM,2026-07-01 14:00:00+00:00,188.36,183.24,3.4191599315699523,3.3010315654120244,121,rs_trailing_90m
rs_trailing_90m_001310,QCOM,2026-07-01 16:44:00+00:00,182.87,190.99,8.21262928502011,20.044383339710294,121,rs_trailing_90m
rs_trailing_90m_001311,QCOM,2026-07-01 19:25:00+00:00,181.5,185.055,4.319685334057889,3.637040760540956,36,rs_trailing_90m
rs_trailing_90m_001312,QCOM,2026-07-02 14:08:00+00:00,174.1,182.79,10.696216763168135,1.3128431427660974,121,rs_trailing_90m
rs_trailing_90m_001313,QCOM,2026-07-02 18:26:00+00:00,178.0,173.5,10.396573399124016,3.2432459291727707,95,rs_trailing_90m
rs_trailing_90m_001314,QCOM,2026-07-06 14:00:00+00:00,188.42,184.56,3.332113062398399,2.1410598826474745,121,rs_trailing_90m
rs_trailing_90m_001315,QCOM,2026-07-06 16:11:00+00:00,188.67,185.4,0.028703608799742313,9.264444982805259,121,rs_trailing_90m
rs_trailing_90m_001316,QCOM,2026-07-07 14:00:00+00:00,183.59,179.19,0.5340299420503292,5.6494746501114586,121,rs_trailing_90m
rs_trailing_90m_001317,QCOM,2026-07-07 14:54:00+00:00,184.01,179.67,6.117708238091752,1.4466375605744284,121,rs_trailing_90m
rs_trailing_90m_001318,QCOM,2026-07-07 19:09:00+00:00,179.79,184.64,4.653800991130576,14.97309884102869,52,rs_trailing_90m
rs_trailing_90m_001319,QCOM,2026-07-08 14:00:00+00:00,185.9,181.99,0.6673592590950261,5.400954003838715,121,rs_trailing_90m
rs_trailing_90m_001320,QCOM,2026-07-08 16:48:00+00:00,186.845,184.85,2.2295021682875302,3.227990869422464,121,rs_trailing_90m
rs_trailing_90m_001321,QCOM,2026-07-09 14:00:00+00:00,187.44,196.09,4.830719963070398,9.144439796313831,121,rs_trailing_90m
rs_trailing_90m_001322,QCOM,2026-07-10 14:00:00+00:00,185.9,189.11,3.0200527149653347,2.682517411528085,121,rs_trailing_90m
rs_trailing_90m_001323,QCOM,2026-07-10 16:35:00+00:00,190.19,188.2901,5.360638314746546,3.831308196252495,121,rs_trailing_90m
rs_trailing_90m_001324,QCOM,2026-07-13 14:00:00+00:00,188.16,184.8536,1.8742939670827432,3.917449558863439,121,rs_trailing_90m
rs_trailing_90m_001325,QCOM,2026-07-13 16:37:00+00:00,184.04,185.61,0.26077848791224145,6.562925279124579,121,rs_trailing_90m
rs_trailing_90m_001326,QCOM,2026-07-13 19:12:00+00:00,181.81,187.06,3.3490345322404984,16.631001029421668,49,rs_trailing_90m
rs_trailing_90m_001327,QCOM,2026-07-14 14:00:00+00:00,179.02,183.28,4.195365545237431,1.980685744662156,121,rs_trailing_90m
rs_trailing_90m_001328,QCOM,2026-07-14 18:22:00+00:00,180.84,177.45,2.120594097432286,11.572384931701816,99,rs_trailing_90m
rs_trailing_90m_001329,QCOM,2026-07-15 14:04:00+00:00,174.8,179.53,7.237974913572727,2.585450910994441,121,rs_trailing_90m
rs_trailing_90m_001330,QCOM,2026-07-15 17:32:00+00:00,179.25,177.33,5.131341819507861,1.54809973537693,121,rs_trailing_90m
rs_trailing_90m_001331,QCOM,2026-07-16 14:00:00+00:00,170.2978,173.96,2.4550894215078323,4.049778527736806,121,rs_trailing_90m
rs_trailing_90m_001332,QCOM,2026-07-16 17:16:00+00:00,170.29,171.6132,2.522583486396182,1.8123288112654015,121,rs_trailing_90m
rs_trailing_90m_001333,QCOM,2026-07-17 14:00:00+00:00,170.2999,165.68,3.4550741383965407,4.056854428584591,121,rs_trailing_90m
rs_trailing_90m_001334,QCOM,2026-07-17 16:31:00+00:00,171.82,168.36,8.059389103277795,1.1437416879238536,121,rs_trailing_90m
rs_trailing_90m_001335,QCOM,2026-07-20 14:00:00+00:00,170.64,173.84,2.156660466098929,3.6919102894235873,121,rs_trailing_90m
rs_trailing_90m_001336,QCOM,2026-07-20 15:51:00+00:00,173.97,171.415,2.356306717350795,6.368858011390245,121,rs_trailing_90m
rs_trailing_90m_001337,QCOM,2026-07-21 14:00:00+00:00,171.12,174.16,2.7264695685887745,2.4864030656941405,121,rs_trailing_90m
rs_trailing_90m_001338,QCOM,2026-07-21 16:22:00+00:00,174.94,172.66,1.484342340880507,7.193351344267381,121,rs_trailing_90m
rs_trailing_90m_001339,QCOM,2026-07-22 14:00:00+00:00,178.65,174.8005,5.070350334178589,2.1055002582554248,121,rs_trailing_90m
rs_trailing_90m_001340,QCOM,2026-07-22 16:36:00+00:00,175.5,177.16,3.474358602275796,3.8726927095431014,121,rs_trailing_90m
rs_trailing_90m_001341,QCOM,2026-07-23 15:09:00+00:00,168.31,170.63,5.225377178069399,1.0396745289698546,121,rs_trailing_90m
rs_trailing_90m_001342,QCOM,2026-07-24 14:00:00+00:00,166.45,169.1311,1.4056631706904446,4.304523991336872,121,rs_trailing_90m
rs_trailing_90m_001343,QCOM,2026-07-24 16:10:00+00:00,171.1,167.93,2.515075712554449,6.393069548672069,121,rs_trailing_90m
rs_trailing_90m_001344,QCOM,2026-07-24 17:44:00+00:00,165.94,168.5,12.34894899715824,1.577619034879196,121,rs_trailing_90m
rs_trailing_90m_001345,QCOM,2026-07-27 14:40:00+00:00,165.29,169.16,1.2255819687848004,5.960785029998848,121,rs_trailing_90m
rs_trailing_90m_001346,QCOM,2026-07-27 16:43:00+00:00,169.2,167.2965,1.1582535056155034,4.353585364232528,121,rs_trailing_90m
rs_trailing_90m_001347,QCOM,2026-07-28 14:06:00+00:00,167.92,164.615,1.7444020552227317,3.7463110805022057,121,rs_trailing_90m
rs_trailing_90m_001348,QCOM,2026-07-28 15:09:00+00:00,167.92,164.22,2.7372379751707356,4.152408629000488,121,rs_trailing_90m
rs_trailing_90m_001349,QCOM,2026-07-28 16:16:00+00:00,162.695,166.2,8.66014634170721,2.1215866628335665,121,rs_trailing_90m
rs_trailing_90m_001350,QCOM,2026-07-29 14:22:00+00:00,157.84,161.08,4.007518408029351,1.2070838578401615,121,rs_trailing_90m
rs_trailing_90m_001351,QCOM,2026-07-29 18:05:00+00:00,164.56,153.13,6.84806512300011,28.893206272384084,116,rs_trailing_90m
rs_trailing_90m_001352,QCOM,2026-07-30 14:08:00+00:00,148.1,152.89,1.6483479382356838,3.122399266688127,121,rs_trailing_90m
rs_trailing_90m_001353,QCOM,2026-07-31 14:00:00+00:00,146.15,150.07,4.785925414609595,1.227160362720381,121,rs_trailing_90m
rs_trailing_90m_001354,QCOM,2026-08-03 14:00:00+00:00,143.36,150.4999,2.1123053392087052,12.38928013330698,121,rs_trailing_90m
rs_trailing_90m_001355,QCOM,2026-08-04 14:01:00+00:00,162.65,157.67,10.987852734549437,1.158541631278854,121,rs_trailing_90m
rs_trailing_90m_001356,QCOM,2026-08-05 14:30:00+00:00,157.1,159.4799,3.574488998664105,0.9991273281749342,121,rs_trailing_90m
rs_trailing_90m_001357,QCOM,2026-08-06 14:00:00+00:00,161.74,159.26,5.133658310609612,0.8717532980280785,121,rs_trailing_90m
rs_trailing_90m_001358,QCOM,2026-08-07 14:00:00+00:00,165.81,163.28,3.214838666535455,3.291994794532309,121,rs_trailing_90m
rs_trailing_90m_001359,QCOM,2026-08-07 16:14:00+00:00,167.77,165.12,9.97075970287577,4.708414304135719,121,rs_trailing_90m
rs_trailing_90m_001360,QCOM,2026-08-10 14:08:00+00:00,163.11,166.5999,6.269528374422412,2.2940830047935643,121,rs_trailing_90m
rs_trailing_90m_001361,QCOM,2026-08-12 14:00:00+00:00,161.07,164.27,7.879763461774731,1.599651229082151,121,rs_trailing_90m
rs_trailing_90m_001362,QCOM,2026-08-13 14:00:00+00:00,166.77,163.97,2.469383946133068,5.570470762207059,121,rs_trailing_90m
rs_trailing_90m_001363,QCOM,2026-08-14 15:16:00+00:00,163.18,164.6899,5.563662896752424,1.7411845882965975,121,rs_trailing_90m
rs_trailing_90m_001364,REGN,2026-07-02 15:00:00+00:00,648.2,639.52,3.584236311874912,11.021947344028623,118,rs_trailing_90m
rs_trailing_90m_001365,REGN,2026-07-02 17:03:00+00:00,645.285,642.47,0.7640702290723466,6.287922213022615,118,rs_trailing_90m
rs_trailing_90m_001366,REGN,2026-07-02 19:36:00+00:00,654.935,650.32,9.031291325716564,3.4662827277113117,25,rs_trailing_90m
rs_trailing_90m_001367,REGN,2026-07-06 14:00:00+00:00,637.715,644.77,2.3514094871504367,1.4578198887040166,112,rs_trailing_90m
rs_trailing_90m_001368,REGN,2026-07-07 14:03:00+00:00,670.92,661.43,6.073862821759748,0.9129199877554113,119,rs_trailing_90m
rs_trailing_90m_001369,REGN,2026-07-08 14:00:00+00:00,661.63,670.26,3.1759819505692866,2.3112501281920554,120,rs_trailing_90m
rs_trailing_90m_001370,REGN,2026-07-10 15:00:00+00:00,658.54,663.29,2.4749322767155038,4.606952250030317,110,rs_trailing_90m
rs_trailing_90m_001371,REGN,2026-07-13 15:24:00+00:00,655.8,661.38,2.4431931210600464,10.922510423561407,115,rs_trailing_90m
rs_trailing_90m_001372,REGN,2026-07-15 15:00:00+00:00,669.1,662.35,7.790849547202318,2.131458838385412,113,rs_trailing_90m
rs_trailing_90m_001373,REGN,2026-07-15 17:46:00+00:00,661.86,665.17,3.390863810667715,7.505989794487866,107,rs_trailing_90m
rs_trailing_90m_001374,REGN,2026-07-16 14:00:00+00:00,680.29,671.9305,4.646563442480714,1.2342763905877208,114,rs_trailing_90m
rs_trailing_90m_001375,REGN,2026-07-17 14:00:00+00:00,689.105,678.795,0.5816911483205697,7.468289709645969,119,rs_trailing_90m
rs_trailing_90m_001376,REGN,2026-07-17 15:01:00+00:00,686.29,675.39,0.4211485618812062,14.880582519804907,110,rs_trailing_90m
rs_trailing_90m_001377,REGN,2026-07-17 16:26:00+00:00,672.31,678.66,12.674908356706085,1.7749422833447597,110,rs_trailing_90m
rs_trailing_90m_001378,REGN,2026-07-20 14:02:00+00:00,670.32,677.94,0.8546495851008477,6.545838867704263,110,rs_trailing_90m
rs_trailing_90m_001379,REGN,2026-07-20 17:05:00+00:00,681.74,671.98,1.73960177790641,39.17247858924548,111,rs_trailing_90m
rs_trailing_90m_001380,REGN,2026-07-21 15:41:00+00:00,668.53,673.51,5.0384365578671275,8.237443896195607,109,rs_trailing_90m
rs_trailing_90m_001381,REGN,2026-07-22 15:11:00+00:00,648.901,669.57,47.211659569363896,2.3750974629640975,119,rs_trailing_90m
rs_trailing_90m_001382,REGN,2026-07-23 14:00:00+00:00,638.27,655.2,0.45151566746754257,8.089445505968971,120,rs_trailing_90m
rs_trailing_90m_001383,REGN,2026-07-23 14:58:00+00:00,655.2,650.21,2.914164810043516,3.406107444005759,118,rs_trailing_90m
rs_trailing_90m_001384,REGN,2026-07-27 14:27:00+00:00,678.12,671.36,3.300691073597546,2.1347953228748735,116,rs_trailing_90m
rs_trailing_90m_001385,REGN,2026-07-28 14:00:00+00:00,693.95,682.49,4.013517026254378,3.9303353262282994,120,rs_trailing_90m
rs_trailing_90m_001386,REGN,2026-07-29 15:02:00+00:00,698.38,694.41,0.5288995727755598,4.996709121748156,109,rs_trailing_90m
rs_trailing_90m_001387,REGN,2026-07-29 18:58:00+00:00,692.36,698.63,4.150152466240244,9.058708428849041,63,rs_trailing_90m
rs_trailing_90m_001388,REGN,2026-07-30 14:00:00+00:00,699.05,720.94,3.3821570791635085,3.7779414182145676,118,rs_trailing_90m
rs_trailing_90m_001389,REGN,2026-07-30 16:39:00+00:00,729.98,712.49,14.656304607346183,6.903973252132375,119,rs_trailing_90m
rs_trailing_90m_001390,REGN,2026-07-31 14:58:00+00:00,744.88,733.94,3.571769838314919,3.6376696508299697,114,rs_trailing_90m
rs_trailing_90m_001391,REGN,2026-07-31 17:31:00+00:00,761.8,752.53,13.713699327092531,1.4745913254937824,120,rs_trailing_90m
rs_trailing_90m_001392,REGN,2026-08-03 14:00:00+00:00,758.4,768.5,2.71521750689764,1.9093519399262944,121,rs_trailing_90m
rs_trailing_90m_001393,REGN,2026-08-05 14:00:00+00:00,776.99,770.0,0.8179137993212288,3.3400625332281506,116,rs_trailing_90m
rs_trailing_90m_001394,REGN,2026-08-05 17:38:00+00:00,763.31,772.505,19.405050155656053,7.629712902110275,101,rs_trailing_90m
rs_trailing_90m_001395,REGN,2026-08-06 14:18:00+00:00,762.785,766.97,3.065739965248796,0.8578446691751991,103,rs_trailing_90m
rs_trailing_90m_001396,REGN,2026-08-10 14:53:00+00:00,804.21,793.19,13.90132153923494,1.4871830677332325,113,rs_trailing_90m
rs_trailing_90m_001397,REGN,2026-08-10 16:13:00+00:00,804.94,801.17,4.234196284503611,3.5716325627230145,106,rs_trailing_90m
rs_trailing_90m_001398,REGN,2026-08-13 15:54:00+00:00,815.8,810.01,6.350651031961577,6.596626952213902,117,rs_trailing_90m
rs_trailing_90m_001399,SBUX,2026-07-01 15:02:00+00:00,101.4,103.33,7.6161739650670475,7.695509110536537,121,rs_trailing_90m
rs_trailing_90m_001400,SBUX,2026-07-01 16:52:00+00:00,103.76,102.95,6.413565024565629,3.031867102521765,121,rs_trailing_90m
rs_trailing_90m_001401,SBUX,2026-07-02 14:54:00+00:00,105.75,104.2,9.740154435338559,2.054563826204195,121,rs_trailing_90m
rs_trailing_90m_001402,SBUX,2026-07-02 17:34:00+00:00,103.86,104.43,1.2065589334810338,5.670826987361338,121,rs_trailing_90m
rs_trailing_90m_001403,SBUX,2026-07-06 14:00:00+00:00,100.09,101.87,6.7100193891166295,0.6855437765970832,121,rs_trailing_90m
rs_trailing_90m_001404,SBUX,2026-07-07 14:00:00+00:00,105.75,103.19,3.8340455745036603,8.512063445281695,121,rs_trailing_90m
rs_trailing_90m_001405,SBUX,2026-07-08 14:00:00+00:00,102.215,103.94,0.6099225360729036,5.235168434625976,121,rs_trailing_90m
rs_trailing_90m_001406,SBUX,2026-07-08 15:03:00+00:00,103.57,102.78,1.849422296701427,3.463463573822784,121,rs_trailing_90m
rs_trailing_90m_001407,SBUX,2026-07-08 19:09:00+00:00,104.3,103.8101,6.316809192945124,0.3382549438801239,52,rs_trailing_90m
rs_trailing_90m_001408,SBUX,2026-07-09 14:00:00+00:00,107.25,105.0801,5.428680623381237,0.8371141025097023,121,rs_trailing_90m
rs_trailing_90m_001409,SBUX,2026-07-09 16:36:00+00:00,107.45,106.925,2.4773104495539506,3.1774199244278565,121,rs_trailing_90m
rs_trailing_90m_001410,SBUX,2026-07-10 14:58:00+00:00,107.485,106.045,0.10735026690913747,10.198275356367652,121,rs_trailing_90m
rs_trailing_90m_001411,SBUX,2026-07-10 16:26:00+00:00,106.045,106.97,7.862287065828419,7.132796513328847,121,rs_trailing_90m
rs_trailing_90m_001412,SBUX,2026-07-13 14:01:00+00:00,108.11,107.22,1.818407240566984,2.2275488696945005,121,rs_trailing_90m
rs_trailing_90m_001413,SBUX,2026-07-14 15:05:00+00:00,107.06,107.5,2.2498042993917604,1.7906605648219176,120,rs_trailing_90m
rs_trailing_90m_001414,SBUX,2026-07-15 14:57:00+00:00,107.4,106.3,0.2052213699368883,11.08195397658628,121,rs_trailing_90m
rs_trailing_90m_001415,SBUX,2026-07-15 18:02:00+00:00,104.705,106.27,36.581892574913404,1.712864535280054,119,rs_trailing_90m
rs_trailing_90m_001416,SBUX,2026-07-16 14:00:00+00:00,108.71,107.72,2.7906095278704246,0.8445265676450217,121,rs_trailing_90m
rs_trailing_90m_001417,SBUX,2026-07-17 14:08:00+00:00,106.7,108.15,5.03093368314632,0.6239917746538531,121,rs_trailing_90m
rs_trailing_90m_001418,SBUX,2026-07-17 16:26:00+00:00,105.3,106.61,16.68173394205545,1.3786556976904456,120,rs_trailing_90m
rs_trailing_90m_001419,SBUX,2026-07-20 15:20:00+00:00,103.22,105.12,21.273133079145794,0.28364177438867505,121,rs_trailing_90m
rs_trailing_90m_001420,SBUX,2026-07-20 18:04:00+00:00,105.175,104.21,3.7589189189192433,8.96864864864962,117,rs_trailing_90m
rs_trailing_90m_001421,SBUX,2026-07-22 14:59:00+00:00,103.9,104.43,4.170286008429799,1.0303059550238787,121,rs_trailing_90m
rs_trailing_90m_001422,SBUX,2026-07-23 14:00:00+00:00,101.93,103.065,0.2778786096055479,4.978658422100403,121,rs_trailing_90m
rs_trailing_90m_001423,SBUX,2026-07-24 14:00:00+00:00,104.9502,104.01,2.9150072850899584,1.6512870325400746,121,rs_trailing_90m
rs_trailing_90m_001424,SBUX,2026-07-27 14:00:00+00:00,105.63,104.22,1.9967865255691897,3.3154191367941017,121,rs_trailing_90m
rs_trailing_90m_001425,SBUX,2026-07-27 16:04:00+00:00,103.93,104.38,2.989011447278255,2.7346274943182727,121,rs_trailing_90m
rs_trailing_90m_001426,SBUX,2026-07-28 14:57:00+00:00,103.0205,104.66,10.594363781997334,0.6881691316659113,121,rs_trailing_90m
rs_trailing_90m_001427,SBUX,2026-07-29 14:03:00+00:00,104.355,103.5301,0.30004731515352895,3.5077839197719256,121,rs_trailing_90m
rs_trailing_90m_001428,SBUX,2026-07-29 18:07:00+00:00,103.31,104.86,4.557453802859983,18.989390845250107,114,rs_trailing_90m
rs_trailing_90m_001429,SBUX,2026-07-30 14:00:00+00:00,105.2,108.36,3.987386948828574,1.1978569846275242,121,rs_trailing_90m
rs_trailing_90m_001430,SBUX,2026-07-30 19:33:00+00:00,105.535,106.37,4.277122200523923,1.0138363734575953,28,rs_trailing_90m
rs_trailing_90m_001431,SBUX,2026-07-31 14:00:00+00:00,107.54,104.59,0.4686035613871172,8.171274601687282,121,rs_trailing_90m
rs_trailing_90m_001432,SBUX,2026-08-03 14:06:00+00:00,104.48,105.98,3.598099626980379,1.6932233538731403,121,rs_trailing_90m
rs_trailing_90m_001433,SBUX,2026-08-03 16:24:00+00:00,104.08,104.805,4.9615906009927055,3.0320831450511414,121,rs_trailing_90m
rs_trailing_90m_001434,SBUX,2026-08-04 14:00:00+00:00,101.8,104.48,2.2829496701572087,9.153134658854706,121,rs_trailing_90m
rs_trailing_90m_001435,SBUX,2026-08-04 15:29:00+00:00,105.17,103.8,6.941773569288551,3.2295951899898694,121,rs_trailing_90m
rs_trailing_90m_001436,SBUX,2026-08-05 15:13:00+00:00,106.42,104.79,12.364995407465441,3.3810534317287737,121,rs_trailing_90m
rs_trailing_90m_001437,SBUX,2026-08-06 14:00:00+00:00,103.6905,105.28,4.1619550285589675,4.112500903766894,120,rs_trailing_90m
rs_trailing_90m_001438,SBUX,2026-08-07 14:11:00+00:00,106.72,105.48,6.16692338410621,0.48262878658216485,121,rs_trailing_90m
rs_trailing_90m_001439,SBUX,2026-08-10 14:07:00+00:00,104.525,105.7,0.31159349033877937,5.3210580657854925,121,rs_trailing_90m
rs_trailing_90m_001440,SBUX,2026-08-11 14:00:00+00:00,106.775,105.705,2.8144003484495017,2.921615599818984,121,rs_trailing_90m
rs_trailing_90m_001441,SBUX,2026-08-12 15:13:00+00:00,108.45,107.1333,11.157485159377625,2.1980245763972617,121,rs_trailing_90m
rs_trailing_90m_001442,STX,2026-07-01 14:00:00+00:00,894.43,931.67,6.858670055694115,0.6074764767247285,121,rs_trailing_90m
rs_trailing_90m_001443,STX,2026-07-01 19:06:00+00:00,929.99,909.99,2.8303471878755477,7.6816200837142485,55,rs_trailing_90m
rs_trailing_90m_001444,STX,2026-07-02 14:00:00+00:00,845.0101,917.0,14.379340718323206,0.6046471050363899,121,rs_trailing_90m
rs_trailing_90m_001445,STX,2026-07-02 19:34:00+00:00,821.32,808.695,3.7134955559806837,0.6075073374991351,27,rs_trailing_90m
rs_trailing_90m_001446,STX,2026-07-06 14:01:00+00:00,886.89,857.9,3.2390056653432846,2.5022828848433094,121,rs_trailing_90m
rs_trailing_90m_001447,STX,2026-07-07 14:10:00+00:00,786.01,822.12,4.327160375801674,2.704962089103741,121,rs_trailing_90m
rs_trailing_90m_001448,STX,2026-07-07 19:33:00+00:00,829.855,824.0,1.113813090859952,1.3705204889438725,28,rs_trailing_90m
rs_trailing_90m_001449,STX,2026-07-08 14:00:00+00:00,855.99,818.35,0.6204928123037088,5.921621881004769,121,rs_trailing_90m
rs_trailing_90m_001450,STX,2026-07-08 18:54:00+00:00,827.43,862.41,0.06442639386057303,17.271229431085,67,rs_trailing_90m
rs_trailing_90m_001451,STX,2026-07-09 14:00:00+00:00,937.54,902.55,1.6944624661298744,7.731490107778658,121,rs_trailing_90m
rs_trailing_90m_001452,STX,2026-07-09 18:58:00+00:00,888.17,906.2907,9.786834119351587,1.2764400557285065,63,rs_trailing_90m
rs_trailing_90m_001453,STX,2026-07-10 14:00:00+00:00,920.65,892.31,4.6404805260189,1.742010039735803,121,rs_trailing_90m
rs_trailing_90m_001454,STX,2026-07-10 19:15:00+00:00,908.8201,916.66,4.330574252589496,0.8371252683889578,46,rs_trailing_90m
rs_trailing_90m_001455,STX,2026-07-13 14:01:00+00:00,846.65,877.73,1.8560430463217068,4.882954369528565,121,rs_trailing_90m
rs_trailing_90m_001456,STX,2026-07-14 14:00:00+00:00,868.93,896.11,6.359389626978206,0.1582653527075942,121,rs_trailing_90m
rs_trailing_90m_001457,STX,2026-07-14 17:06:00+00:00,875.0,886.26,1.1446873888649092,3.2486523066217576,121,rs_trailing_90m
rs_trailing_90m_001458,STX,2026-07-15 14:00:00+00:00,795.47,843.92,12.146595385136738,0.5998318708709434,121,rs_trailing_90m
rs_trailing_90m_001459,STX,2026-07-16 14:08:00+00:00,795.907,755.73,1.8191660962004712,7.032551991124929,121,rs_trailing_90m
rs_trailing_90m_001460,STX,2026-07-17 14:00:00+00:00,771.21,727.91,10.098782884960698,0.9324305085508828,121,rs_trailing_90m
rs_trailing_90m_001461,STX,2026-07-17 18:43:00+00:00,784.35,796.3752,0.7432242987225007,4.64076415730035,78,rs_trailing_90m
rs_trailing_90m_001462,STX,2026-07-20 14:26:00+00:00,823.999,802.9762,0.3248103934925853,4.083468457582974,121,rs_trailing_90m
rs_trailing_90m_001463,STX,2026-07-20 18:26:00+00:00,811.6,797.01,0.1861522657623487,7.4644436707800015,95,rs_trailing_90m
rs_trailing_90m_001464,STX,2026-07-21 14:00:00+00:00,889.98,855.01,3.4206987177517747,5.298093859491623,121,rs_trailing_90m
rs_trailing_90m_001465,STX,2026-07-22 14:00:00+00:00,921.38,901.39,4.121262304010179,0.8945083783133365,121,rs_trailing_90m
rs_trailing_90m_001466,STX,2026-07-22 16:52:00+00:00,919.19,902.0601,2.3168167948332328,6.682466655011009,121,rs_trailing_90m
rs_trailing_90m_001467,STX,2026-07-22 18:30:00+00:00,902.0601,914.97,1.6920380402021482,6.353945935342497,91,rs_trailing_90m
rs_trailing_90m_001468,STX,2026-07-23 14:00:00+00:00,934.99,912.12,2.7329098271003915,3.0866104471813514,121,rs_trailing_90m
rs_trailing_90m_001469,STX,2026-07-23 16:23:00+00:00,936.49,916.82,1.4540069550357733,5.538735540209552,121,rs_trailing_90m
rs_trailing_90m_001470,STX,2026-07-23 17:58:00+00:00,908.7,926.99,6.556332616793633,2.4870552837459896,121,rs_trailing_90m
rs_trailing_90m_001471,STX,2026-07-24 14:00:00+00:00,862.55,892.67,4.3334568091612935,1.0937248578631478,121,rs_trailing_90m
rs_trailing_90m_001472,STX,2026-07-24 17:21:00+00:00,835.5,877.91,13.96511223482956,1.6288953975854192,121,rs_trailing_90m
rs_trailing_90m_001473,STX,2026-07-27 14:00:00+00:00,781.167,839.235,10.96065175940387,0.5428026644875419,121,rs_trailing_90m
rs_trailing_90m_001474,STX,2026-07-27 18:25:00+00:00,823.73,799.51,7.146730234514535,5.3510175113296485,96,rs_trailing_90m
rs_trailing_90m_001475,STX,2026-07-28 14:00:00+00:00,698.99,749.48,2.7651147688766566,7.81144922207652,121,rs_trailing_90m
rs_trailing_90m_001476,STX,2026-07-28 19:22:00+00:00,754.3,741.58,0.820079983681871,5.174987483233803,39,rs_trailing_90m
rs_trailing_90m_001477,STX,2026-07-29 14:05:00+00:00,792.98,750.1001,0.8107104019108586,5.6388593500181825,121,rs_trailing_90m
rs_trailing_90m_001478,STX,2026-07-30 14:00:00+00:00,890.51,841.0,0.7409414534785943,7.682482510178132,121,rs_trailing_90m
rs_trailing_90m_001479,STX,2026-07-30 18:47:00+00:00,836.845,855.34,1.697016906580485,8.26689664491358,74,rs_trailing_90m
rs_trailing_90m_001480,STX,2026-07-31 14:00:00+00:00,837.7284,872.0,3.6916312806130263,2.846231769297938,121,rs_trailing_90m
rs_trailing_90m_001481,STX,2026-07-31 16:54:00+00:00,893.85,868.72,10.10460246642511,0.650529256627106,121,rs_trailing_90m
rs_trailing_90m_001482,STX,2026-08-03 14:00:00+00:00,782.08,832.714,5.482409884911503,5.593974366648986,121,rs_trailing_90m
rs_trailing_90m_001483,STX,2026-08-03 16:40:00+00:00,839.63,821.0,5.076258749792511,2.4803293851363395,121,rs_trailing_90m
rs_trailing_90m_001484,STX,2026-08-03 19:29:00+00:00,821.6101,834.0385,1.4721689865881908,5.304639425913376,32,rs_trailing_90m
rs_trailing_90m_001485,STX,2026-08-04 14:00:00+00:00,833.9738,867.9999,3.862462204265776,2.869937710112835,121,rs_trailing_90m
rs_trailing_90m_001486,STX,2026-08-04 18:35:00+00:00,877.71,843.57,3.235801960606329,16.12796297104998,86,rs_trailing_90m
rs_trailing_90m_001487,STX,2026-08-05 14:00:00+00:00,884.9,849.2961,3.9433963883789978,3.3577107708621194,121,rs_trailing_90m
rs_trailing_90m_001488,STX,2026-08-05 19:21:00+00:00,836.56,867.5999,17.257292551160184,0.7664165692556393,40,rs_trailing_90m
rs_trailing_90m_001489,STX,2026-08-06 14:00:00+00:00,874.97,832.6048,8.146574103538663,1.2549851776173275,121,rs_trailing_90m
rs_trailing_90m_001490,STX,2026-08-06 17:31:00+00:00,874.23,856.42,0.4712849893641179,6.408703257008653,121,rs_trailing_90m
rs_trailing_90m_001491,STX,2026-08-07 14:00:00+00:00,761.8,813.99,2.9171217193241468,7.001092126377947,121,rs_trailing_90m
rs_trailing_90m_001492,STX,2026-08-07 17:53:00+00:00,825.52,804.47,11.387282919627285,0.36283009302732766,121,rs_trailing_90m
rs_trailing_90m_001493,STX,2026-08-10 14:01:00+00:00,826.895,803.1,3.584470623683982,1.870756654253994,121,rs_trailing_90m
rs_trailing_90m_001494,STX,2026-08-11 14:00:00+00:00,796.7862,823.8414,0.47576627030879315,6.543511511596808,121,rs_trailing_90m
rs_trailing_90m_001495,STX,2026-08-11 15:16:00+00:00,823.8414,811.5625,2.29516019891604,2.1274948600071144,121,rs_trailing_90m
rs_trailing_90m_001496,STX,2026-08-12 14:00:00+00:00,888.8699,876.086,0.6502675264095604,2.857456441212317,121,rs_trailing_90m
rs_trailing_90m_001497,STX,2026-08-12 19:04:00+00:00,856.7,879.99,6.074197008643036,8.30263717136685,57,rs_trailing_90m
rs_trailing_90m_001498,STX,2026-08-13 14:00:00+00:00,934.7727,882.668,10.841262304243388,1.8862355718189119,121,rs_trailing_90m
rs_trailing_90m_001499,STX,2026-08-13 18:08:00+00:00,909.22,924.99,1.1271371987388557,10.528570095760816,113,rs_trailing_90m
rs_trailing_90m_001500,STX,2026-08-14 14:00:00+00:00,990.61,943.07,1.9331124223606218,9.159242986091309,121,rs_trailing_90m
rs_trailing_90m_001501,STX,2026-08-14 16:53:00+00:00,979.99,963.07,9.20530218330474,0.7168964433247178,121,rs_trailing_90m
rs_trailing_90m_001502,STX,2026-08-14 19:25:00+00:00,961.59,975.7,0.05742179287773227,8.945039290517157,36,rs_trailing_90m
rs_trailing_90m_001503,TSLA,2026-07-01 14:01:00+00:00,432.8599,422.92,7.991931347497523,1.403685206334015,121,rs_trailing_90m
rs_trailing_90m_001504,TSLA,2026-07-01 16:53:00+00:00,423.68,427.6788,4.548628293687382,3.7191238975841063,121,rs_trailing_90m
rs_trailing_90m_001505,TSLA,2026-07-02 14:00:00+00:00,394.25,414.32,9.338008078063568,0.7043673058245693,121,rs_trailing_90m
rs_trailing_90m_001506,TSLA,2026-07-02 16:37:00+00:00,389.88,394.45,0.5156382079458549,5.526583869778852,121,rs_trailing_90m
rs_trailing_90m_001507,TSLA,2026-07-06 14:00:00+00:00,414.64,400.92,11.3671539917475,1.521883426994302,121,rs_trailing_90m
rs_trailing_90m_001508,TSLA,2026-07-07 14:08:00+00:00,404.4535,413.46,6.385202512267609,1.4748844728671224,121,rs_trailing_90m
rs_trailing_90m_001509,TSLA,2026-07-08 14:00:00+00:00,390.96,397.59,4.167320551310054,2.731389874454158,121,rs_trailing_90m
rs_trailing_90m_001510,TSLA,2026-07-09 15:48:00+00:00,405.47,397.9,11.524932078919122,2.171101804506038,121,rs_trailing_90m
rs_trailing_90m_001511,TSLA,2026-07-10 15:03:00+00:00,405.8,413.16,1.095172088073106,6.1665095049160605,121,rs_trailing_90m
rs_trailing_90m_001512,TSLA,2026-07-10 16:43:00+00:00,413.16,407.8,1.9776295845607064,6.74744620212578,121,rs_trailing_90m
rs_trailing_90m_001513,TSLA,2026-07-13 14:00:00+00:00,392.7401,399.3,3.53615744189337,5.103583033757931,121,rs_trailing_90m
rs_trailing_90m_001514,TSLA,2026-07-13 16:50:00+00:00,392.17,395.1,1.7165679128868445,4.531312813521135,121,rs_trailing_90m
rs_trailing_90m_001515,TSLA,2026-07-14 15:17:00+00:00,400.86,394.76,0.2502517435572654,9.001479381892041,121,rs_trailing_90m
rs_trailing_90m_001516,TSLA,2026-07-15 15:01:00+00:00,390.66,397.87,5.630220614487823,2.997598860635923,121,rs_trailing_90m
rs_trailing_90m_001517,TSLA,2026-07-15 16:39:00+00:00,390.66,399.36,1.0241091415087429,15.029493617278382,121,rs_trailing_90m
rs_trailing_90m_001518,TSLA,2026-07-15 17:46:00+00:00,399.36,394.21,1.6541388193511024,8.734659863159026,121,rs_trailing_90m
rs_trailing_90m_001519,TSLA,2026-07-16 14:00:00+00:00,386.89,395.31,2.434603119996576,8.706352461726715,121,rs_trailing_90m
rs_trailing_90m_001520,TSLA,2026-07-16 15:00:00+00:00,394.59,387.8,0.4082814955103061,6.814833029021526,121,rs_trailing_90m
rs_trailing_90m_001521,TSLA,2026-07-16 18:47:00+00:00,391.85,389.35,2.1964267343370993,3.6142260020041257,74,rs_trailing_90m
rs_trailing_90m_001522,TSLA,2026-07-17 14:31:00+00:00,378.51,384.24,1.2662336221706179,4.272753060047499,121,rs_trailing_90m
rs_trailing_90m_001523,TSLA,2026-07-17 16:16:00+00:00,385.6899,381.5,3.0549505586566865,3.6469382029095656,121,rs_trailing_90m
rs_trailing_90m_001524,TSLA,2026-07-20 14:00:00+00:00,371.64,376.9599,5.402999337384888,1.9108470175652175,121,rs_trailing_90m
rs_trailing_90m_001525,TSLA,2026-07-21 14:00:00+00:00,384.07,377.34,7.819822602711995,1.2382507391557929,121,rs_trailing_90m
rs_trailing_90m_001526,TSLA,2026-07-23 14:00:00+00:00,318.55,329.069,6.5782426328957495,1.8244937672779373,121,rs_trailing_90m
rs_trailing_90m_001527,TSLA,2026-07-23 17:32:00+00:00,319.45,322.69,3.214108019742218,2.893639771439549,121,rs_trailing_90m
rs_trailing_90m_001528,TSLA,2026-07-23 19:39:00+00:00,315.735,323.3995,2.1959030225639564,13.035317535302088,22,rs_trailing_90m
rs_trailing_90m_001529,TSLA,2026-07-24 14:00:00+00:00,308.31,317.17,8.64969227467293,0.34264246127025927,121,rs_trailing_90m
rs_trailing_90m_001530,TSLA,2026-07-24 19:39:00+00:00,313.35,309.93,7.40316972744379,0.6473359857064702,22,rs_trailing_90m
rs_trailing_90m_001531,TSLA,2026-07-27 14:00:00+00:00,304.28,310.73,5.334613424577101,1.82631406522987,121,rs_trailing_90m
rs_trailing_90m_001532,TSLA,2026-07-27 16:11:00+00:00,310.452,306.69,1.2041933584123474,5.691050803455802,121,rs_trailing_90m
rs_trailing_90m_001533,TSLA,2026-07-28 14:08:00+00:00,300.69,311.16,1.5594560492508127,9.510038754583627,121,rs_trailing_90m
rs_trailing_90m_001534,TSLA,2026-07-28 15:43:00+00:00,311.16,305.91,7.547178446660021,2.224137668004601,121,rs_trailing_90m
rs_trailing_90m_001535,TSLA,2026-07-29 19:43:00+00:00,297.38,299.18,2.031569607480332,0.6974044921200663,18,rs_trailing_90m
rs_trailing_90m_001536,TSLA,2026-07-31 14:00:00+00:00,301.97,310.16,4.144489579761195,6.110304878923015,121,rs_trailing_90m
rs_trailing_90m_001537,TSLA,2026-08-03 14:00:00+00:00,324.2,316.94,7.740797169115223,0.9653511574187177,121,rs_trailing_90m
rs_trailing_90m_001538,TSLA,2026-08-04 14:00:00+00:00,320.7901,325.45,0.473391052789977,4.9082995227066,121,rs_trailing_90m
rs_trailing_90m_001539,TSLA,2026-08-04 15:06:00+00:00,322.86,325.95,3.1482649629443515,3.2099956484923418,121,rs_trailing_90m
rs_trailing_90m_001540,TSLA,2026-08-05 15:01:00+00:00,324.41,321.0,0.9144218993755577,4.370626705489707,121,rs_trailing_90m
rs_trailing_90m_001541,TSLA,2026-08-06 14:58:00+00:00,323.0,318.11,2.2584290000393,5.922102711214005,121,rs_trailing_90m
rs_trailing_90m_001542,TSLA,2026-08-06 16:46:00+00:00,317.26,319.45,2.2596072029469454,2.8838703715813763,121,rs_trailing_90m
rs_trailing_90m_001543,TSLA,2026-08-07 14:00:00+00:00,333.73,322.8001,10.245967480881152,5.740813385540448,121,rs_trailing_90m
rs_trailing_90m_001544,TSLA,2026-08-07 16:55:00+00:00,326.52,328.1897,3.5150917486542403,0.44706898362684755,121,rs_trailing_90m
rs_trailing_90m_001545,TSLA,2026-08-11 14:08:00+00:00,336.2,332.21,1.5951663294662433,3.9879158236656878,121,rs_trailing_90m
rs_trailing_90m_001546,TSLA,2026-08-12 14:00:00+00:00,323.64,328.34,6.83622242565611,1.6302454005846025,121,rs_trailing_90m
rs_trailing_90m_001547,TSLA,2026-08-13 14:00:00+00:00,335.41,331.98,3.533397119288511,1.8771172196220103,121,rs_trailing_90m
rs_trailing_90m_001548,TSLA,2026-08-13 16:58:00+00:00,340.33,335.19,10.681705903361095,4.654598103140617,121,rs_trailing_90m
rs_trailing_90m_001549,TSLA,2026-08-13 19:06:00+00:00,341.64,338.43,3.630298665708725,6.162355718261826,55,rs_trailing_90m
rs_trailing_90m_001550,TSLA,2026-08-14 14:00:00+00:00,351.26,335.3306,1.2993905286721879,12.926390562345654,121,rs_trailing_90m
rs_trailing_90m_001551,TSLA,2026-08-14 18:30:00+00:00,345.16,340.59,10.370109159049022,4.3021505489554,91,rs_trailing_90m
rs_trailing_90m_001552,TXN,2026-07-01 14:00:00+00:00,300.64,296.25,0.4553036149540826,3.7175207475688383,121,rs_trailing_90m
rs_trailing_90m_001553,TXN,2026-07-02 14:00:00+00:00,304.86,292.27,0.8074274464414161,11.742586813678862,121,rs_trailing_90m
rs_trailing_90m_001554,TXN,2026-07-06 14:03:00+00:00,306.02,301.66,1.9275679948264988,3.3415206932259194,120,rs_trailing_90m
rs_trailing_90m_001555,TXN,2026-07-07 14:00:00+00:00,285.39,291.815,5.813326514616819,0.6153521181565225,121,rs_trailing_90m
rs_trailing_90m_001556,TXN,2026-07-07 15:57:00+00:00,296.38,290.0,12.877670317854422,0.5361315805800521,121,rs_trailing_90m
rs_trailing_90m_001557,TXN,2026-07-07 19:26:00+00:00,290.835,293.59,0.1582216919345917,7.1067909960617905,35,rs_trailing_90m
rs_trailing_90m_001558,TXN,2026-07-08 14:00:00+00:00,303.78,298.5,4.3390586029398985,0.7977641377602473,121,rs_trailing_90m
rs_trailing_90m_001559,TXN,2026-07-08 16:42:00+00:00,307.43,304.5,4.9496990961614875,1.7644760666871349,121,rs_trailing_90m
rs_trailing_90m_001560,TXN,2026-07-08 19:05:00+00:00,300.05,304.17,13.505383580081729,3.40713324360745,56,rs_trailing_90m
rs_trailing_90m_001561,TXN,2026-07-09 14:00:00+00:00,305.4095,313.8999,5.536574997656745,4.978520933470598,121,rs_trailing_90m
rs_trailing_90m_001562,TXN,2026-07-09 15:46:00+00:00,315.3399,310.28,7.497016321261649,5.275855790241121,121,rs_trailing_90m
rs_trailing_90m_001563,TXN,2026-07-09 19:01:00+00:00,307.63,310.28,8.280863338648969,2.6907320052934494,60,rs_trailing_90m
rs_trailing_90m_001564,TXN,2026-07-10 14:01:00+00:00,311.995,305.95,4.269304641318765,2.8698230369030715,121,rs_trailing_90m
rs_trailing_90m_001565,TXN,2026-07-13 14:00:00+00:00,300.7101,304.86,2.085569976544098,2.976075058639441,121,rs_trailing_90m
rs_trailing_90m_001566,TXN,2026-07-13 16:49:00+00:00,297.605,301.24,6.102360200382853,5.186229788620658,121,rs_trailing_90m
rs_trailing_90m_001567,TXN,2026-07-14 14:00:00+00:00,301.885,309.26,4.632391270468032,3.2942643257504645,121,rs_trailing_90m
rs_trailing_90m_001568,TXN,2026-07-15 14:20:00+00:00,295.91,305.712,9.802753408423648,1.159778127157458,121,rs_trailing_90m
rs_trailing_90m_001569,TXN,2026-07-15 16:39:00+00:00,295.79,301.34,0.26076866704651425,13.522718019702772,121,rs_trailing_90m
rs_trailing_90m_001570,TXN,2026-07-15 17:46:00+00:00,301.64,298.04,3.095645352386805,5.784293507049395,121,rs_trailing_90m
rs_trailing_90m_001571,TXN,2026-07-16 14:20:00+00:00,288.84,292.44,2.3988556544760256,1.6746728153889405,121,rs_trailing_90m
rs_trailing_90m_001572,TXN,2026-07-17 14:58:00+00:00,281.75,288.6,1.3430710277046798,6.486747304020425,121,rs_trailing_90m
rs_trailing_90m_001573,TXN,2026-07-17 16:28:00+00:00,289.25,283.5712,5.543981319649143,6.564926802667554,121,rs_trailing_90m
rs_trailing_90m_001574,TXN,2026-07-17 18:21:00+00:00,282.97,286.28,1.801128473423487,7.514082850063655,100,rs_trailing_90m
rs_trailing_90m_001575,TXN,2026-07-20 14:51:00+00:00,285.72,290.43,2.1849382535148285,5.611318696526726,121,rs_trailing_90m
rs_trailing_90m_001576,TXN,2026-07-21 15:01:00+00:00,292.7601,295.22,1.1595726744082262,4.223391699580852,121,rs_trailing_90m
rs_trailing_90m_001577,TXN,2026-07-22 14:00:00+00:00,296.25,287.91,8.854735187529583,2.979958957341634,121,rs_trailing_90m
rs_trailing_90m_001578,TXN,2026-07-23 14:04:00+00:00,287.99,282.31,2.7876161400632986,1.2619131887242856,121,rs_trailing_90m
rs_trailing_90m_001579,TXN,2026-07-23 16:46:00+00:00,279.58,282.82,5.502571906654398,1.302135336689216,121,rs_trailing_90m
rs_trailing_90m_001580,TXN,2026-07-23 19:22:00+00:00,285.515,281.78,4.998212263872335,4.699617764991628,39,rs_trailing_90m
rs_trailing_90m_001581,TXN,2026-07-24 14:03:00+00:00,276.3,281.85,4.178297431575898,2.3173750460841376,121,rs_trailing_90m
rs_trailing_90m_001582,TXN,2026-07-24 16:57:00+00:00,282.16,279.65,2.5335908458459397,5.415550432995734,121,rs_trailing_90m
rs_trailing_90m_001583,TXN,2026-07-27 14:28:00+00:00,273.67,279.52,4.673725732386857,2.3189329720794287,121,rs_trailing_90m
rs_trailing_90m_001584,TXN,2026-07-27 16:45:00+00:00,279.76,275.81,1.6266007790397659,6.506403116159415,121,rs_trailing_90m
rs_trailing_90m_001585,TXN,2026-07-28 14:03:00+00:00,282.81,274.195,6.703808007836288,0.8308698770312303,121,rs_trailing_90m
rs_trailing_90m_001586,TXN,2026-07-28 18:56:00+00:00,276.8,280.52,3.2132985049499196,9.109866895476854,65,rs_trailing_90m
rs_trailing_90m_001587,TXN,2026-07-29 14:00:00+00:00,269.3701,275.29,4.863896699872185,1.2625702618873127,121,rs_trailing_90m
rs_trailing_90m_001588,TXN,2026-07-29 17:13:00+00:00,281.6199,273.4,15.415104869996748,4.154405164271948,121,rs_trailing_90m
rs_trailing_90m_001589,TXN,2026-07-30 15:01:00+00:00,282.24,278.8725,4.1729592054124165,0.6894768237316691,121,rs_trailing_90m
rs_trailing_90m_001590,TXN,2026-07-30 18:49:00+00:00,277.76,280.2,2.9839652368360743,6.471716812358974,72,rs_trailing_90m
rs_trailing_90m_001591,TXN,2026-07-31 14:05:00+00:00,273.5901,277.2,3.169555294999708,0.3511000049847532,121,rs_trailing_90m
rs_trailing_90m_001592,TXN,2026-08-03 14:00:00+00:00,265.02,272.96,1.48666489932743,5.182329055847448,121,rs_trailing_90m
rs_trailing_90m_001593,TXN,2026-08-03 15:16:00+00:00,271.64,267.05,1.1551733812139378,8.663800359105142,121,rs_trailing_90m
rs_trailing_90m_001594,TXN,2026-08-05 15:16:00+00:00,276.76,280.9175,1.959546716601134,6.228207528895581,121,rs_trailing_90m
rs_trailing_90m_001595,TXN,2026-08-05 16:54:00+00:00,280.9175,278.14,1.2555342533583016,8.499001099655873,121,rs_trailing_90m
rs_trailing_90m_001596,TXN,2026-08-06 14:04:00+00:00,283.275,278.51,6.115974405550455,0.8559437864227946,121,rs_trailing_90m
rs_trailing_90m_001597,TXN,2026-08-07 14:27:00+00:00,281.28,285.91,2.9988216338406297,3.4591058846161387,121,rs_trailing_90m
rs_trailing_90m_001598,TXN,2026-08-07 15:34:00+00:00,286.14,283.68,1.849942378843699,5.151378008780333,121,rs_trailing_90m
rs_trailing_90m_001599,TXN,2026-08-10 14:00:00+00:00,280.82,285.5,3.3092122996535727,3.4833813680563144,121,rs_trailing_90m
rs_trailing_90m_001600,TXN,2026-08-12 14:01:00+00:00,276.545,283.39,8.884911168931833,0.9960339084586469,121,rs_trailing_90m
rs_trailing_90m_001601,TXN,2026-08-13 18:56:00+00:00,272.78,275.74,12.486823073718657,2.268065668080508,65,rs_trailing_90m
rs_trailing_90m_001602,TXN,2026-08-14 14:04:00+00:00,280.275,275.23,6.119241215815363,1.9412214300823871,121,rs_trailing_90m
rs_trailing_90m_001603,TXN,2026-08-14 19:31:00+00:00,280.15,278.63,2.4968698834648815,6.433111817398602,30,rs_trailing_90m
rs_trailing_90m_001604,VRTX,2026-07-02 14:00:00+00:00,522.87,511.18,9.873502651043951,0.6480329907704043,121,rs_trailing_90m
rs_trailing_90m_001605,VRTX,2026-07-02 19:24:00+00:00,529.14,523.72,11.852682891108822,5.439791205744147,37,rs_trailing_90m
rs_trailing_90m_001606,VRTX,2026-07-06 14:00:00+00:00,512.8701,526.015,0.3472422566113589,9.164040800130133,121,rs_trailing_90m
rs_trailing_90m_001607,VRTX,2026-07-07 14:00:00+00:00,515.03,524.33,0.16867952690935298,3.7047022021205236,121,rs_trailing_90m
rs_trailing_90m_001608,VRTX,2026-07-08 14:00:00+00:00,510.52,519.27,5.571374276475135,0.6072727348249304,121,rs_trailing_90m
rs_trailing_90m_001609,VRTX,2026-07-08 16:17:00+00:00,505.0,511.26,13.003008511888883,1.0071176988553954,121,rs_trailing_90m
rs_trailing_90m_001610,VRTX,2026-07-08 19:13:00+00:00,498.14,502.045,5.179542453532945,3.0760139877104824,48,rs_trailing_90m
rs_trailing_90m_001611,VRTX,2026-07-09 14:03:00+00:00,482.11,498.74,13.650996233855613,4.351863985733486,121,rs_trailing_90m
rs_trailing_90m_001612,VRTX,2026-07-09 19:05:00+00:00,496.68,489.57,10.98935026073026,3.7252034782136696,56,rs_trailing_90m
rs_trailing_90m_001613,VRTX,2026-07-10 14:00:00+00:00,484.33,490.7,4.819319433605453,0.9349570035204229,119,rs_trailing_90m
rs_trailing_90m_001614,VRTX,2026-07-13 14:01:00+00:00,474.71,482.85,6.119403773425108,1.1897593543343432,119,rs_trailing_90m
rs_trailing_90m_001615,VRTX,2026-07-13 17:59:00+00:00,483.06,479.6101,6.738257030899839,9.517905857842354,118,rs_trailing_90m
rs_trailing_90m_001616,VRTX,2026-07-14 14:45:00+00:00,475.6,478.82,5.386164840926817,0.03366353025576211,116,rs_trailing_90m
rs_trailing_90m_001617,VRTX,2026-07-15 15:04:00+00:00,480.96,475.53,7.309427862651683,1.9856993725236933,121,rs_trailing_90m
rs_trailing_90m_001618,VRTX,2026-07-16 17:38:00+00:00,486.79,481.98,6.047742273136823,7.937661733491812,120,rs_trailing_90m
rs_trailing_90m_001619,VRTX,2026-07-17 14:00:00+00:00,494.44,485.56,0.0,7.594467593802309,118,rs_trailing_90m
rs_trailing_90m_001620,VRTX,2026-07-17 15:00:00+00:00,491.14,484.06,0.8989986154309892,10.887872120220527,119,rs_trailing_90m
rs_trailing_90m_001621,VRTX,2026-07-17 19:14:00+00:00,487.64,483.42,2.3629890612601394,13.465286872895085,47,rs_trailing_90m
rs_trailing_90m_001622,VRTX,2026-07-20 18:39:00+00:00,478.48,483.16,5.958687449977458,11.580090704673474,82,rs_trailing_90m
rs_trailing_90m_001623,VRTX,2026-07-21 15:01:00+00:00,482.26,479.09,3.7842560992062215,2.579718348795816,121,rs_trailing_90m
rs_trailing_90m_001624,VRTX,2026-07-21 15:53:00+00:00,479.09,480.83,2.0141339273395733,3.21660194366161,120,rs_trailing_90m
rs_trailing_90m_001625,VRTX,2026-07-22 14:00:00+00:00,474.47,478.91,1.3964396884367865,3.857960495173037,120,rs_trailing_90m
rs_trailing_90m_001626,VRTX,2026-07-22 16:21:00+00:00,471.58,475.46,4.145630222840757,8.519759749302258,118,rs_trailing_90m
rs_trailing_90m_001627,VRTX,2026-07-22 18:32:00+00:00,475.76,472.07,0.5170068027209019,19.564625850339315,86,rs_trailing_90m
rs_trailing_90m_001628,VRTX,2026-07-23 14:43:00+00:00,477.68,474.01,5.366664781066891,1.298533102694761,118,rs_trailing_90m
rs_trailing_90m_001629,VRTX,2026-07-24 14:00:00+00:00,483.9999,477.61,5.3067689183523505,1.557686376568516,119,rs_trailing_90m
rs_trailing_90m_001630,VRTX,2026-07-24 19:24:00+00:00,480.62,476.925,1.0596999966591365,14.00026726355486,37,rs_trailing_90m
rs_trailing_90m_001631,VRTX,2026-07-27 14:00:00+00:00,487.2125,481.7,1.5806742448760511,4.791147893975526,120,rs_trailing_90m
rs_trailing_90m_001632,VRTX,2026-07-28 14:57:00+00:00,489.825,482.92,0.3050526365333494,7.955294246850207,117,rs_trailing_90m
rs_trailing_90m_001633,VRTX,2026-07-29 18:49:00+00:00,481.91,488.415,16.801033909781015,0.35606586778983645,72,rs_trailing_90m
rs_trailing_90m_001634,VRTX,2026-07-30 15:03:00+00:00,472.63,476.64,1.577956603855755,6.045665060555914,119,rs_trailing_90m
rs_trailing_90m_001635,VRTX,2026-07-31 14:03:00+00:00,469.87,474.974,1.1214879718775028,2.225924079855144,119,rs_trailing_90m
rs_trailing_90m_001636,VRTX,2026-08-03 14:00:00+00:00,468.14,474.61,4.344591326776978,0.8706271159115888,121,rs_trailing_90m
rs_trailing_90m_001637,VRTX,2026-08-04 14:00:00+00:00,488.04,474.34,0.8400381094075557,4.7466231036427065,121,rs_trailing_90m
rs_trailing_90m_001638,VRTX,2026-08-04 18:26:00+00:00,473.905,479.265,4.417850738033316,7.451663024301812,95,rs_trailing_90m
rs_trailing_90m_001639,VRTX,2026-08-05 14:00:00+00:00,489.3,479.02,1.2496873109164308,6.442998650892446,121,rs_trailing_90m
rs_trailing_90m_001640,VRTX,2026-08-05 15:31:00+00:00,479.47,484.28,0.6245788799195876,9.066467611737545,120,rs_trailing_90m
rs_trailing_90m_001641,VRTX,2026-08-06 14:15:00+00:00,480.86,486.08,2.879964291167843,2.7610914686431363,119,rs_trailing_90m
rs_trailing_90m_001642,VRTX,2026-08-06 16:02:00+00:00,486.6,482.87,2.9277765329755865,8.21569945477828,118,rs_trailing_90m
rs_trailing_90m_001643,VRTX,2026-08-07 14:25:00+00:00,486.915,490.94,1.5176716118928844,3.6811609309744022,121,rs_trailing_90m
rs_trailing_90m_001644,VRTX,2026-08-10 14:00:00+00:00,524.0101,532.28,1.0244076118881524,2.6431747551206053,121,rs_trailing_90m
rs_trailing_90m_001645,VRTX,2026-08-10 18:11:00+00:00,519.82,528.105,12.34350714921227,3.6542960156253406,110,rs_trailing_90m
rs_trailing_90m_001646,VRTX,2026-08-11 14:58:00+00:00,531.8,527.99,1.9820664229693672,5.279157684255099,119,rs_trailing_90m
rs_trailing_90m_001647,VRTX,2026-08-12 15:00:00+00:00,530.67,526.49,4.987481748430021,4.987481748430292,116,rs_trailing_90m
rs_trailing_90m_001648,VRTX,2026-08-12 17:24:00+00:00,524.02,527.19,2.6477710595649895,12.07755220152356,116,rs_trailing_90m
rs_trailing_90m_001649,VRTX,2026-08-13 14:40:00+00:00,518.87,526.255,7.703259108096713,3.1120580997539053,112,rs_trailing_90m
rs_trailing_90m_001650,VRTX,2026-08-13 18:26:00+00:00,515.74,520.13,18.046456669358545,1.3237009781923472,95,rs_trailing_90m
rs_trailing_90m_001651,VRTX,2026-08-14 14:33:00+00:00,504.13,508.785,3.7678141030999948,2.5412415263713726,115,rs_trailing_90m
